task,regime,null_model,draw,event,event_family,event_stat,retained_rows,retention_fraction,event_draw_valid
A1,PRE_ELECTION,NULL_A_CIRCULAR_SHIFT,0,colombia_first_round,COL_2026,-0.02944427874136461,41671,0.9803557144873665,True
A1,PRE_ELECTION,NULL_A_CIRCULAR_SHIFT,1,colombia_first_round,COL_2026,-0.029260060031208446,41637,0.9795558274126006,True
A1,PRE_ELECTION,NULL_A_CIRCULAR_SHIFT,2,colombia_first_round,COL_2026,-0.026776290341874325,41660,0.9800969274925893,True
A1,PRE_ELECTION,NULL_A_CIRCULAR_SHIFT,3,colombia_first_round,COL_2026,-0.0299744369044547,41644,0.9797205100456406,True
A1,PRE_ELECTION,NULL_A_CIRCULAR_SHIFT,4,colombia_first_round,COL_2026,-0.027527099261941666,41652,0.9799087187691149,True
A1,PRE_ELECTION,NULL_A_CIRCULAR_SHIFT,5,colombia_first_round,COL_2026,-0.030176382181183615,41644,0.9797205100456406,True
A1,PRE_ELECTION,NULL_A_CIRCULAR_SHIFT,6,colombia_first_round,COL_2026,-0.029308773641769367,41642,0.979673457864772,True
A1,PRE_ELECTION,NULL_A_CIRCULAR_SHIFT,7,colombia_first_round,COL_2026,-0.03194929259343998,41638,0.9795793535030348,True
A1,PRE_ELECTION,NULL_A_CIRCULAR_SHIFT,8,colombia_first_round,COL_2026,-0.02921696305725133,41673,0.9804027666682351,True
A1,PRE_ELECTION,NULL_A_CIRCULAR_SHIFT,9,colombia_first_round,COL_2026,-0.032099291972184356,41729,0.9817202277325554,True
A1,PRE_ELECTION,NULL_A_CIRCULAR_SHIFT,10,colombia_first_round,COL_2026,-0.026720654870333104,41646,0.9797675622265092,True
A1,PRE_ELECTION,NULL_A_CIRCULAR_SHIFT,11,colombia_first_round,COL_2026,-0.030761622286446588,41652,0.9799087187691149,True
A1,PRE_ELECTION,NULL_A_CIRCULAR_SHIFT,12,colombia_first_round,COL_2026,-0.027542457441177493,41641,0.9796499317743378,True
A1,PRE_ELECTION,NULL_A_CIRCULAR_SHIFT,13,colombia_first_round,COL_2026,-0.030143889226693952,41648,0.9798146144073778,True
A1,PRE_ELECTION,NULL_A_CIRCULAR_SHIFT,14,colombia_first_round,COL_2026,-0.03146280114055391,41634,0.9794852491412978,True
A1,PRE_ELECTION,NULL_A_CIRCULAR_SHIFT,15,colombia_first_round,COL_2026,-0.029727233589660146,41649,0.979838140497812,True
A1,PRE_ELECTION,NULL_A_CIRCULAR_SHIFT,16,colombia_first_round,COL_2026,-0.028773218657686856,41679,0.9805439232108408,True
A1,PRE_ELECTION,NULL_A_CIRCULAR_SHIFT,17,colombia_first_round,COL_2026,-0.03031700844335121,41684,0.9806615536630123,True
A1,PRE_ELECTION,NULL_A_CIRCULAR_SHIFT,18,colombia_first_round,COL_2026,-0.026735325512368725,41655,0.9799792970404179,True
A1,PRE_ELECTION,NULL_A_CIRCULAR_SHIFT,19,colombia_first_round,COL_2026,-0.030893089310779363,41646,0.9797675622265092,True
A1,PRE_ELECTION,NULL_A_CIRCULAR_SHIFT,20,colombia_first_round,COL_2026,-0.029594606740342703,41637,0.9795558274126006,True
A1,PRE_ELECTION,NULL_A_CIRCULAR_SHIFT,21,colombia_first_round,COL_2026,-0.0296651914092336,41671,0.9803557144873665,True
A1,PRE_ELECTION,NULL_A_CIRCULAR_SHIFT,22,colombia_first_round,COL_2026,-0.03077029928224298,41634,0.9794852491412978,True
A1,PRE_ELECTION,NULL_A_CIRCULAR_SHIFT,23,colombia_first_round,COL_2026,-0.02932849390230609,41648,0.9798146144073778,True
A1,PRE_ELECTION,NULL_A_CIRCULAR_SHIFT,24,colombia_first_round,COL_2026,-0.029394551716319463,41661,0.9801204535830236,True
A1,PRE_ELECTION,NULL_A_CIRCULAR_SHIFT,25,colombia_first_round,COL_2026,-0.028185908956384148,41658,0.9800498753117207,True
A1,PRE_ELECTION,NULL_A_CIRCULAR_SHIFT,26,colombia_first_round,COL_2026,-0.029206990798689363,41636,0.9795323013221663,True
A1,PRE_ELECTION,NULL_A_CIRCULAR_SHIFT,27,colombia_first_round,COL_2026,-0.030323587841785304,41637,0.9795558274126006,True
A1,PRE_ELECTION,NULL_A_CIRCULAR_SHIFT,28,colombia_first_round,COL_2026,-0.02882544303905248,41731,0.9817672799134239,True
A1,PRE_ELECTION,NULL_A_CIRCULAR_SHIFT,29,colombia_first_round,COL_2026,-0.029955560855354252,41653,0.9799322448595492,True
A1,PRE_ELECTION,NULL_A_CIRCULAR_SHIFT,30,colombia_first_round,COL_2026,-0.030736540161981536,41637,0.9795558274126006,True
A1,PRE_ELECTION,NULL_A_CIRCULAR_SHIFT,31,colombia_first_round,COL_2026,-0.03210591235191604,41638,0.9795793535030348,True
A1,PRE_ELECTION,NULL_A_CIRCULAR_SHIFT,32,colombia_first_round,COL_2026,-0.03195785213727705,41647,0.9797910883169435,True
A1,PRE_ELECTION,NULL_A_CIRCULAR_SHIFT,33,colombia_first_round,COL_2026,-0.031152077902602077,41650,0.9798616665882464,True
A1,PRE_ELECTION,NULL_A_CIRCULAR_SHIFT,34,colombia_first_round,COL_2026,-0.026594613626054614,41641,0.9796499317743378,True
A1,PRE_ELECTION,NULL_A_CIRCULAR_SHIFT,35,colombia_first_round,COL_2026,-0.028789121480215646,41657,0.9800263492212864,True
A1,PRE_ELECTION,NULL_A_CIRCULAR_SHIFT,36,colombia_first_round,COL_2026,-0.026200620191974628,41637,0.9795558274126006,True
A1,PRE_ELECTION,NULL_A_CIRCULAR_SHIFT,37,colombia_first_round,COL_2026,-0.030549655890941062,41645,0.9797440361360749,True
A1,PRE_ELECTION,NULL_A_CIRCULAR_SHIFT,38,colombia_first_round,COL_2026,-0.029729109686225507,41645,0.9797440361360749,True
A1,PRE_ELECTION,NULL_A_CIRCULAR_SHIFT,39,colombia_first_round,COL_2026,-0.0300783581613739,41641,0.9796499317743378,True
A1,PRE_ELECTION,NULL_A_CIRCULAR_SHIFT,40,colombia_first_round,COL_2026,-0.031160795999548085,41667,0.9802616101256293,True
A1,PRE_ELECTION,NULL_A_CIRCULAR_SHIFT,41,colombia_first_round,COL_2026,-0.03074310404541392,41676,0.980473344939538,True
A1,PRE_ELECTION,NULL_A_CIRCULAR_SHIFT,42,colombia_first_round,COL_2026,-0.02944448331177707,41652,0.9799087187691149,True
A1,PRE_ELECTION,NULL_A_CIRCULAR_SHIFT,43,colombia_first_round,COL_2026,-0.028947071891062118,41663,0.9801675057638921,True
A1,PRE_ELECTION,NULL_A_CIRCULAR_SHIFT,44,colombia_first_round,COL_2026,-0.029378206033588972,41717,0.9814379146473439,True
A1,PRE_ELECTION,NULL_A_CIRCULAR_SHIFT,45,colombia_first_round,COL_2026,-0.027770056487092725,41657,0.9800263492212864,True
A1,PRE_ELECTION,NULL_A_CIRCULAR_SHIFT,46,colombia_first_round,COL_2026,-0.030271495984201275,41648,0.9798146144073778,True
A1,PRE_ELECTION,NULL_A_CIRCULAR_SHIFT,47,colombia_first_round,COL_2026,-0.0304418385683304,41666,0.9802380840351951,True
A1,PRE_ELECTION,NULL_A_CIRCULAR_SHIFT,48,colombia_first_round,COL_2026,-0.030844739332599815,41629,0.9793676186891263,True
A1,PRE_ELECTION,NULL_A_CIRCULAR_SHIFT,49,colombia_first_round,COL_2026,-0.026583156538568704,41679,0.9805439232108408,True
A1,PRE_ELECTION,NULL_A_CIRCULAR_SHIFT,50,colombia_first_round,COL_2026,-0.02662854488948731,41656,0.9800028231308521,True
A1,PRE_ELECTION,NULL_A_CIRCULAR_SHIFT,51,colombia_first_round,COL_2026,-0.02932885878123634,41642,0.979673457864772,True
A1,PRE_ELECTION,NULL_A_CIRCULAR_SHIFT,52,colombia_first_round,COL_2026,-0.02709772505079475,41657,0.9800263492212864,True
A1,PRE_ELECTION,NULL_A_CIRCULAR_SHIFT,53,colombia_first_round,COL_2026,-0.03091200524538275,41642,0.979673457864772,True
A1,PRE_ELECTION,NULL_A_CIRCULAR_SHIFT,54,colombia_first_round,COL_2026,-0.030253968019733343,41667,0.9802616101256293,True
A1,PRE_ELECTION,NULL_A_CIRCULAR_SHIFT,55,colombia_first_round,COL_2026,-0.029778787093189974,41658,0.9800498753117207,True
A1,PRE_ELECTION,NULL_A_CIRCULAR_SHIFT,56,colombia_first_round,COL_2026,-0.025246997570481444,41644,0.9797205100456406,True
A1,PRE_ELECTION,NULL_A_CIRCULAR_SHIFT,57,colombia_first_round,COL_2026,-0.027519929655062295,41675,0.9804498188491036,True
A1,PRE_ELECTION,NULL_A_CIRCULAR_SHIFT,58,colombia_first_round,COL_2026,-0.025698224397015367,41666,0.9802380840351951,True
A1,PRE_ELECTION,NULL_A_CIRCULAR_SHIFT,59,colombia_first_round,COL_2026,-0.03073815431134519,41647,0.9797910883169435,True
A1,PRE_ELECTION,NULL_A_CIRCULAR_SHIFT,60,colombia_first_round,COL_2026,-0.0295888897266368,41635,0.979508775231732,True
A1,PRE_ELECTION,NULL_A_CIRCULAR_SHIFT,61,colombia_first_round,COL_2026,-0.030706808859436385,41683,0.980638027572578,True
A1,PRE_ELECTION,NULL_A_CIRCULAR_SHIFT,62,colombia_first_round,COL_2026,-0.029012257391254945,41647,0.9797910883169435,True
A1,PRE_ELECTION,NULL_A_CIRCULAR_SHIFT,63,colombia_first_round,COL_2026,-0.028860145553529434,41652,0.9799087187691149,True
A1,PRE_ELECTION,NULL_A_CIRCULAR_SHIFT,64,colombia_first_round,COL_2026,-0.030971762753965754,41662,0.9801439796734579,True
A1,PRE_ELECTION,NULL_A_CIRCULAR_SHIFT,65,colombia_first_round,COL_2026,-0.03225807842561201,41649,0.979838140497812,True
A1,PRE_ELECTION,NULL_A_CIRCULAR_SHIFT,66,colombia_first_round,COL_2026,-0.030749719480857293,41655,0.9799792970404179,True
A1,PRE_ELECTION,NULL_A_CIRCULAR_SHIFT,67,colombia_first_round,COL_2026,-0.028056530241006752,41642,0.979673457864772,True
A1,PRE_ELECTION,NULL_A_CIRCULAR_SHIFT,68,colombia_first_round,COL_2026,-0.03172982426217003,41642,0.979673457864772,True
A1,PRE_ELECTION,NULL_A_CIRCULAR_SHIFT,69,colombia_first_round,COL_2026,-0.028264858798777368,41646,0.9797675622265092,True
A1,PRE_ELECTION,NULL_A_CIRCULAR_SHIFT,70,colombia_first_round,COL_2026,-0.02693881899656231,41695,0.9809203406577894,True
A1,PRE_ELECTION,NULL_A_CIRCULAR_SHIFT,71,colombia_first_round,COL_2026,-0.031096613425242666,41649,0.979838140497812,True
A1,PRE_ELECTION,NULL_A_CIRCULAR_SHIFT,72,colombia_first_round,COL_2026,-0.03187105665973058,41640,0.9796264056839035,True
A1,PRE_ELECTION,NULL_A_CIRCULAR_SHIFT,73,colombia_first_round,COL_2026,-0.0295143458020683,41635,0.979508775231732,True
A1,PRE_ELECTION,NULL_A_CIRCULAR_SHIFT,74,colombia_first_round,COL_2026,-0.030573817643135968,41643,0.9796969839552063,True
A1,PRE_ELECTION,NULL_A_CIRCULAR_SHIFT,75,colombia_first_round,COL_2026,-0.02964073296187479,41642,0.979673457864772,True
A1,PRE_ELECTION,NULL_A_CIRCULAR_SHIFT,76,colombia_first_round,COL_2026,-0.029913419560335025,41661,0.9801204535830236,True
A1,PRE_ELECTION,NULL_A_CIRCULAR_SHIFT,77,colombia_first_round,COL_2026,-0.025778711039618957,41676,0.980473344939538,True
A1,PRE_ELECTION,NULL_A_CIRCULAR_SHIFT,78,colombia_first_round,COL_2026,-0.03070400342624996,41695,0.9809203406577894,True
A1,PRE_ELECTION,NULL_A_CIRCULAR_SHIFT,79,colombia_first_round,COL_2026,-0.029949591372626195,41644,0.9797205100456406,True
A1,PRE_ELECTION,NULL_A_CIRCULAR_SHIFT,80,colombia_first_round,COL_2026,-0.031187846886030674,41644,0.9797205100456406,True
A1,PRE_ELECTION,NULL_A_CIRCULAR_SHIFT,81,colombia_first_round,COL_2026,-0.030135104717064442,41651,0.9798851926786807,True
A1,PRE_ELECTION,NULL_A_CIRCULAR_SHIFT,82,colombia_first_round,COL_2026,-0.0280271976038225,41656,0.9800028231308521,True
A1,PRE_ELECTION,NULL_A_CIRCULAR_SHIFT,83,colombia_first_round,COL_2026,-0.026422896392585354,41652,0.9799087187691149,True
A1,PRE_ELECTION,NULL_A_CIRCULAR_SHIFT,84,colombia_first_round,COL_2026,-0.02734656315809303,41650,0.9798616665882464,True
A1,PRE_ELECTION,NULL_A_CIRCULAR_SHIFT,85,colombia_first_round,COL_2026,-0.03020955038178304,41642,0.979673457864772,True
A1,PRE_ELECTION,NULL_A_CIRCULAR_SHIFT,86,colombia_first_round,COL_2026,-0.03014788633512128,41650,0.9798616665882464,True
A1,PRE_ELECTION,NULL_A_CIRCULAR_SHIFT,87,colombia_first_round,COL_2026,-0.02749577328390582,41664,0.9801910318543264,True
A1,PRE_ELECTION,NULL_A_CIRCULAR_SHIFT,88,colombia_first_round,COL_2026,-0.028735416070750947,41720,0.9815084929186467,True
A1,PRE_ELECTION,NULL_A_CIRCULAR_SHIFT,89,colombia_first_round,COL_2026,-0.02994062605908702,41668,0.9802851362160636,True
A1,PRE_ELECTION,NULL_A_CIRCULAR_SHIFT,90,colombia_first_round,COL_2026,-0.030976017981737426,41674,0.9804262927586693,True
A1,PRE_ELECTION,NULL_A_CIRCULAR_SHIFT,91,colombia_first_round,COL_2026,-0.029962860813263808,41651,0.9798851926786807,True
A1,PRE_ELECTION,NULL_A_CIRCULAR_SHIFT,92,colombia_first_round,COL_2026,-0.029488629221836718,41676,0.980473344939538,True
A1,PRE_ELECTION,NULL_A_CIRCULAR_SHIFT,93,colombia_first_round,COL_2026,-0.02882085801842348,41677,0.9804968710299723,True
A1,PRE_ELECTION,NULL_A_CIRCULAR_SHIFT,94,colombia_first_round,COL_2026,-0.02823821417891163,41724,0.9816025972803839,True
A1,PRE_ELECTION,NULL_A_CIRCULAR_SHIFT,95,colombia_first_round,COL_2026,-0.02794548254317021,41663,0.9801675057638921,True
A1,PRE_ELECTION,NULL_A_CIRCULAR_SHIFT,96,colombia_first_round,COL_2026,-0.032550626797204864,41769,0.9826612713499271,True
A1,PRE_ELECTION,NULL_A_CIRCULAR_SHIFT,97,colombia_first_round,COL_2026,-0.03193421974799041,41643,0.9796969839552063,True
A1,PRE_ELECTION,NULL_A_CIRCULAR_SHIFT,98,colombia_first_round,COL_2026,-0.030716498589148277,41641,0.9796499317743378,True
A1,PRE_ELECTION,NULL_A_CIRCULAR_SHIFT,99,colombia_first_round,COL_2026,-0.029252535507262617,41667,0.9802616101256293,True
A1,PRE_ELECTION,NULL_A_CIRCULAR_SHIFT,100,colombia_first_round,COL_2026,-0.028674176794048423,41676,0.980473344939538,True
A1,PRE_ELECTION,NULL_A_CIRCULAR_SHIFT,101,colombia_first_round,COL_2026,-0.030556358915434137,41676,0.980473344939538,True
A1,PRE_ELECTION,NULL_A_CIRCULAR_SHIFT,102,colombia_first_round,COL_2026,-0.0321337493342815,41665,0.9802145579447608,True
A1,PRE_ELECTION,NULL_A_CIRCULAR_SHIFT,103,colombia_first_round,COL_2026,-0.030014102108932943,41652,0.9799087187691149,True
A1,PRE_ELECTION,NULL_A_CIRCULAR_SHIFT,104,colombia_first_round,COL_2026,-0.027972376328046934,41634,0.9794852491412978,True
A1,PRE_ELECTION,NULL_A_CIRCULAR_SHIFT,105,colombia_first_round,COL_2026,-0.02654619947108652,41687,0.9807321319343152,True
A1,PRE_ELECTION,NULL_A_CIRCULAR_SHIFT,106,colombia_first_round,COL_2026,-0.028546960531479176,41638,0.9795793535030348,True
A1,PRE_ELECTION,NULL_A_CIRCULAR_SHIFT,107,colombia_first_round,COL_2026,-0.031205523595704474,41656,0.9800028231308521,True
A1,PRE_ELECTION,NULL_A_CIRCULAR_SHIFT,108,colombia_first_round,COL_2026,-0.029711343016273817,41659,0.980073401402155,True
A1,PRE_ELECTION,NULL_A_CIRCULAR_SHIFT,109,colombia_first_round,COL_2026,-0.029831930979662358,41644,0.9797205100456406,True
A1,PRE_ELECTION,NULL_A_CIRCULAR_SHIFT,110,colombia_first_round,COL_2026,-0.028206695600567485,41648,0.9798146144073778,True
A1,PRE_ELECTION,NULL_A_CIRCULAR_SHIFT,111,colombia_first_round,COL_2026,-0.03025902233268195,41643,0.9796969839552063,True
A1,PRE_ELECTION,NULL_A_CIRCULAR_SHIFT,112,colombia_first_round,COL_2026,-0.027212190634939556,41663,0.9801675057638921,True
A1,PRE_ELECTION,NULL_A_CIRCULAR_SHIFT,113,colombia_first_round,COL_2026,-0.03075272167225393,41635,0.979508775231732,True
A1,PRE_ELECTION,NULL_A_CIRCULAR_SHIFT,114,colombia_first_round,COL_2026,-0.029422135201054005,41644,0.9797205100456406,True
A1,PRE_ELECTION,NULL_A_CIRCULAR_SHIFT,115,colombia_first_round,COL_2026,-0.03080607690351923,41666,0.9802380840351951,True
A1,PRE_ELECTION,NULL_A_CIRCULAR_SHIFT,116,colombia_first_round,COL_2026,-0.029488543708409514,41639,0.9796028795934691,True
A1,PRE_ELECTION,NULL_A_CIRCULAR_SHIFT,117,colombia_first_round,COL_2026,-0.03063674984121245,41640,0.9796264056839035,True
A1,PRE_ELECTION,NULL_A_CIRCULAR_SHIFT,118,colombia_first_round,COL_2026,-0.030698550937118874,41640,0.9796264056839035,True
A1,PRE_ELECTION,NULL_A_CIRCULAR_SHIFT,119,colombia_first_round,COL_2026,-0.0314461282279087,41636,0.9795323013221663,True
A1,PRE_ELECTION,NULL_A_CIRCULAR_SHIFT,120,colombia_first_round,COL_2026,-0.031132453744941224,41658,0.9800498753117207,True
A1,PRE_ELECTION,NULL_A_CIRCULAR_SHIFT,121,colombia_first_round,COL_2026,-0.029396206470923992,41660,0.9800969274925893,True
A1,PRE_ELECTION,NULL_A_CIRCULAR_SHIFT,122,colombia_first_round,COL_2026,-0.029496823970940316,41666,0.9802380840351951,True
A1,PRE_ELECTION,NULL_A_CIRCULAR_SHIFT,123,colombia_first_round,COL_2026,-0.029979375585300703,41695,0.9809203406577894,True
A1,PRE_ELECTION,NULL_A_CIRCULAR_SHIFT,124,colombia_first_round,COL_2026,-0.028830959501473685,41682,0.9806145014821437,True
A1,PRE_ELECTION,NULL_A_CIRCULAR_SHIFT,125,colombia_first_round,COL_2026,-0.027310056117196068,41656,0.9800028231308521,True
A1,PRE_ELECTION,NULL_A_CIRCULAR_SHIFT,126,colombia_first_round,COL_2026,-0.030815476504103833,41671,0.9803557144873665,True
A1,PRE_ELECTION,NULL_A_CIRCULAR_SHIFT,127,colombia_first_round,COL_2026,-0.03021767212665118,41679,0.9805439232108408,True
A1,PRE_ELECTION,NULL_A_CIRCULAR_SHIFT,128,colombia_first_round,COL_2026,-0.02785803560277964,41644,0.9797205100456406,True
A1,PRE_ELECTION,NULL_A_CIRCULAR_SHIFT,129,colombia_first_round,COL_2026,-0.026260805411895228,41645,0.9797440361360749,True
A1,PRE_ELECTION,NULL_A_CIRCULAR_SHIFT,130,colombia_first_round,COL_2026,-0.029976527777588375,41676,0.980473344939538,True
A1,PRE_ELECTION,NULL_A_CIRCULAR_SHIFT,131,colombia_first_round,COL_2026,-0.030385753663400194,41647,0.9797910883169435,True
A1,PRE_ELECTION,NULL_A_CIRCULAR_SHIFT,132,colombia_first_round,COL_2026,-0.031349333975378514,41640,0.9796264056839035,True
A1,PRE_ELECTION,NULL_A_CIRCULAR_SHIFT,133,colombia_first_round,COL_2026,-0.029914664373646243,41677,0.9804968710299723,True
A1,PRE_ELECTION,NULL_A_CIRCULAR_SHIFT,134,colombia_first_round,COL_2026,-0.03079722424412083,41639,0.9796028795934691,True
A1,PRE_ELECTION,NULL_A_CIRCULAR_SHIFT,135,colombia_first_round,COL_2026,-0.02870938649411033,41641,0.9796499317743378,True
A1,PRE_ELECTION,NULL_A_CIRCULAR_SHIFT,136,colombia_first_round,COL_2026,-0.02962679615111795,41691,0.9808262362960524,True
A1,PRE_ELECTION,NULL_A_CIRCULAR_SHIFT,137,colombia_first_round,COL_2026,-0.031699132875498935,41637,0.9795558274126006,True
A1,PRE_ELECTION,NULL_A_CIRCULAR_SHIFT,138,colombia_first_round,COL_2026,-0.028623786431720883,41655,0.9799792970404179,True
A1,PRE_ELECTION,NULL_A_CIRCULAR_SHIFT,139,colombia_first_round,COL_2026,-0.030522141858603732,41637,0.9795558274126006,True
A1,PRE_ELECTION,NULL_A_CIRCULAR_SHIFT,140,colombia_first_round,COL_2026,-0.029948364885071466,41646,0.9797675622265092,True
A1,PRE_ELECTION,NULL_A_CIRCULAR_SHIFT,141,colombia_first_round,COL_2026,-0.030052040441474085,41701,0.9810614972003953,True
A1,PRE_ELECTION,NULL_A_CIRCULAR_SHIFT,142,colombia_first_round,COL_2026,-0.030804837319831316,41679,0.9805439232108408,True
A1,PRE_ELECTION,NULL_A_CIRCULAR_SHIFT,143,colombia_first_round,COL_2026,-0.027126651821359243,41660,0.9800969274925893,True
A1,PRE_ELECTION,NULL_A_CIRCULAR_SHIFT,144,colombia_first_round,COL_2026,-0.0302873845523448,41651,0.9798851926786807,True
A1,PRE_ELECTION,NULL_A_CIRCULAR_SHIFT,145,colombia_first_round,COL_2026,-0.030297094583746548,41675,0.9804498188491036,True
A1,PRE_ELECTION,NULL_A_CIRCULAR_SHIFT,146,colombia_first_round,COL_2026,-0.030269086509042763,41668,0.9802851362160636,True
A1,PRE_ELECTION,NULL_A_CIRCULAR_SHIFT,147,colombia_first_round,COL_2026,-0.02898386885513493,41652,0.9799087187691149,True
A1,PRE_ELECTION,NULL_A_CIRCULAR_SHIFT,148,colombia_first_round,COL_2026,-0.026393137484344062,41638,0.9795793535030348,True
A1,PRE_ELECTION,NULL_A_CIRCULAR_SHIFT,149,colombia_first_round,COL_2026,-0.030160676732776826,41672,0.9803792405778008,True
A1,PRE_ELECTION,NULL_A_CIRCULAR_SHIFT,150,colombia_first_round,COL_2026,-0.03061792084523816,41643,0.9796969839552063,True
A1,PRE_ELECTION,NULL_A_CIRCULAR_SHIFT,151,colombia_first_round,COL_2026,-0.02582637953237897,41650,0.9798616665882464,True
A1,PRE_ELECTION,NULL_A_CIRCULAR_SHIFT,152,colombia_first_round,COL_2026,-0.029984864609291187,41675,0.9804498188491036,True
A1,PRE_ELECTION,NULL_A_CIRCULAR_SHIFT,153,colombia_first_round,COL_2026,-0.03064833742260926,41663,0.9801675057638921,True
A1,PRE_ELECTION,NULL_A_CIRCULAR_SHIFT,154,colombia_first_round,COL_2026,-0.029371792636078448,41665,0.9802145579447608,True
A1,PRE_ELECTION,NULL_A_CIRCULAR_SHIFT,155,colombia_first_round,COL_2026,-0.031041940102491162,41658,0.9800498753117207,True
A1,PRE_ELECTION,NULL_A_CIRCULAR_SHIFT,156,colombia_first_round,COL_2026,-0.03078663756791612,41643,0.9796969839552063,True
A1,PRE_ELECTION,NULL_A_CIRCULAR_SHIFT,157,colombia_first_round,COL_2026,-0.030707973500398028,41638,0.9795793535030348,True
A1,PRE_ELECTION,NULL_A_CIRCULAR_SHIFT,158,colombia_first_round,COL_2026,-0.030122109516989768,41671,0.9803557144873665,True
A1,PRE_ELECTION,NULL_A_CIRCULAR_SHIFT,159,colombia_first_round,COL_2026,-0.028473667333681892,41643,0.9796969839552063,True
A1,PRE_ELECTION,NULL_A_CIRCULAR_SHIFT,160,colombia_first_round,COL_2026,-0.031130826421517252,41639,0.9796028795934691,True
A1,PRE_ELECTION,NULL_A_CIRCULAR_SHIFT,161,colombia_first_round,COL_2026,-0.030464031219244625,41655,0.9799792970404179,True
A1,PRE_ELECTION,NULL_A_CIRCULAR_SHIFT,162,colombia_first_round,COL_2026,-0.030301773986223763,41648,0.9798146144073778,True
A1,PRE_ELECTION,NULL_A_CIRCULAR_SHIFT,163,colombia_first_round,COL_2026,-0.029526130790173025,41645,0.9797440361360749,True
A1,PRE_ELECTION,NULL_A_CIRCULAR_SHIFT,164,colombia_first_round,COL_2026,-0.028578781821847143,41708,0.9812261798334353,True
A1,PRE_ELECTION,NULL_A_CIRCULAR_SHIFT,165,colombia_first_round,COL_2026,-0.027202421720226484,41629,0.9793676186891263,True
A1,PRE_ELECTION,NULL_A_CIRCULAR_SHIFT,166,colombia_first_round,COL_2026,-0.03195544989962469,41677,0.9804968710299723,True
A1,PRE_ELECTION,NULL_A_CIRCULAR_SHIFT,167,colombia_first_round,COL_2026,-0.030153362793368693,41676,0.980473344939538,True
A1,PRE_ELECTION,NULL_A_CIRCULAR_SHIFT,168,colombia_first_round,COL_2026,-0.03185532153906485,41677,0.9804968710299723,True
A1,PRE_ELECTION,NULL_A_CIRCULAR_SHIFT,169,colombia_first_round,COL_2026,-0.0315726899183374,41639,0.9796028795934691,True
A1,PRE_ELECTION,NULL_A_CIRCULAR_SHIFT,170,colombia_first_round,COL_2026,-0.03034923196745762,41642,0.979673457864772,True
A1,PRE_ELECTION,NULL_A_CIRCULAR_SHIFT,171,colombia_first_round,COL_2026,-0.031199899126695924,41651,0.9798851926786807,True
A1,PRE_ELECTION,NULL_A_CIRCULAR_SHIFT,172,colombia_first_round,COL_2026,-0.030474449420878746,41648,0.9798146144073778,True
A1,PRE_ELECTION,NULL_A_CIRCULAR_SHIFT,173,colombia_first_round,COL_2026,-0.02975140042364045,41681,0.9805909753917094,True
A1,PRE_ELECTION,NULL_A_CIRCULAR_SHIFT,174,colombia_first_round,COL_2026,-0.02879901628656176,41650,0.9798616665882464,True
A1,PRE_ELECTION,NULL_A_CIRCULAR_SHIFT,175,colombia_first_round,COL_2026,-0.03010312953388999,41673,0.9804027666682351,True
A1,PRE_ELECTION,NULL_A_CIRCULAR_SHIFT,176,colombia_first_round,COL_2026,-0.028303245878426603,41683,0.980638027572578,True
A1,PRE_ELECTION,NULL_A_CIRCULAR_SHIFT,177,colombia_first_round,COL_2026,-0.03039160475989838,41649,0.979838140497812,True
A1,PRE_ELECTION,NULL_A_CIRCULAR_SHIFT,178,colombia_first_round,COL_2026,-0.02954514009137897,41635,0.979508775231732,True
A1,PRE_ELECTION,NULL_A_CIRCULAR_SHIFT,179,colombia_first_round,COL_2026,-0.024907222585422443,41634,0.9794852491412978,True
A1,PRE_ELECTION,NULL_A_CIRCULAR_SHIFT,180,colombia_first_round,COL_2026,-0.029680642174079102,41680,0.9805674493012752,True
A1,PRE_ELECTION,NULL_A_CIRCULAR_SHIFT,181,colombia_first_round,COL_2026,-0.02877514297448887,41631,0.9794146708699948,True
A1,PRE_ELECTION,NULL_A_CIRCULAR_SHIFT,182,colombia_first_round,COL_2026,-0.02860962318229951,41645,0.9797440361360749,True
A1,PRE_ELECTION,NULL_A_CIRCULAR_SHIFT,183,colombia_first_round,COL_2026,-0.027603227016896475,41639,0.9796028795934691,True
A1,PRE_ELECTION,NULL_A_CIRCULAR_SHIFT,184,colombia_first_round,COL_2026,-0.028628716233767032,41653,0.9799322448595492,True
A1,PRE_ELECTION,NULL_A_CIRCULAR_SHIFT,185,colombia_first_round,COL_2026,-0.03191009441537151,41678,0.9805203971204065,True
A1,PRE_ELECTION,NULL_A_CIRCULAR_SHIFT,186,colombia_first_round,COL_2026,-0.026614585463051354,41637,0.9795558274126006,True
A1,PRE_ELECTION,NULL_A_CIRCULAR_SHIFT,187,colombia_first_round,COL_2026,-0.03111015214795425,41659,0.980073401402155,True
A1,PRE_ELECTION,NULL_A_CIRCULAR_SHIFT,188,colombia_first_round,COL_2026,-0.028955768271685865,41635,0.979508775231732,True
A1,PRE_ELECTION,NULL_A_CIRCULAR_SHIFT,189,colombia_first_round,COL_2026,-0.02757335080043743,41639,0.9796028795934691,True
A1,PRE_ELECTION,NULL_A_CIRCULAR_SHIFT,190,colombia_first_round,COL_2026,-0.029665896926205942,41646,0.9797675622265092,True
A1,PRE_ELECTION,NULL_A_CIRCULAR_SHIFT,191,colombia_first_round,COL_2026,-0.026443956572778426,41632,0.9794381969604291,True
A1,PRE_ELECTION,NULL_A_CIRCULAR_SHIFT,192,colombia_first_round,COL_2026,-0.030764578124256967,41675,0.9804498188491036,True
A1,PRE_ELECTION,NULL_A_CIRCULAR_SHIFT,193,colombia_first_round,COL_2026,-0.026989961626329374,41651,0.9798851926786807,True
A1,PRE_ELECTION,NULL_A_CIRCULAR_SHIFT,194,colombia_first_round,COL_2026,-0.03101436348116188,41655,0.9799792970404179,True
A1,PRE_ELECTION,NULL_A_CIRCULAR_SHIFT,195,colombia_first_round,COL_2026,-0.030299528094813833,41656,0.9800028231308521,True
A1,PRE_ELECTION,NULL_A_CIRCULAR_SHIFT,196,colombia_first_round,COL_2026,-0.028116574435141095,41639,0.9796028795934691,True
A1,PRE_ELECTION,NULL_A_CIRCULAR_SHIFT,197,colombia_first_round,COL_2026,-0.029766709719900586,41647,0.9797910883169435,True
A1,PRE_ELECTION,NULL_A_CIRCULAR_SHIFT,198,colombia_first_round,COL_2026,-0.03218497055829168,41650,0.9798616665882464,True
A1,PRE_ELECTION,NULL_A_CIRCULAR_SHIFT,199,colombia_first_round,COL_2026,-0.03005603814689004,41679,0.9805439232108408,True
A1,PRE_ELECTION,NULL_A_CIRCULAR_SHIFT,200,colombia_first_round,COL_2026,-0.027243885930414036,41651,0.9798851926786807,True
A1,PRE_ELECTION,NULL_A_CIRCULAR_SHIFT,201,colombia_first_round,COL_2026,-0.028946391797523546,41667,0.9802616101256293,True
A1,PRE_ELECTION,NULL_A_CIRCULAR_SHIFT,202,colombia_first_round,COL_2026,-0.03235381444136459,41677,0.9804968710299723,True
A1,PRE_ELECTION,NULL_A_CIRCULAR_SHIFT,203,colombia_first_round,COL_2026,-0.03060854058020593,41646,0.9797675622265092,True
A1,PRE_ELECTION,NULL_A_CIRCULAR_SHIFT,204,colombia_first_round,COL_2026,-0.028958839940558243,41667,0.9802616101256293,True
A1,PRE_ELECTION,NULL_A_CIRCULAR_SHIFT,205,colombia_first_round,COL_2026,-0.03103555160825174,41650,0.9798616665882464,True
A1,PRE_ELECTION,NULL_A_CIRCULAR_SHIFT,206,colombia_first_round,COL_2026,-0.02990574835689439,41647,0.9797910883169435,True
A1,PRE_ELECTION,NULL_A_CIRCULAR_SHIFT,207,colombia_first_round,COL_2026,-0.02967459618992752,41674,0.9804262927586693,True
A1,PRE_ELECTION,NULL_A_CIRCULAR_SHIFT,208,colombia_first_round,COL_2026,-0.02991990999487269,41650,0.9798616665882464,True
A1,PRE_ELECTION,NULL_A_CIRCULAR_SHIFT,209,colombia_first_round,COL_2026,-0.03118538105168464,41686,0.9807086058438809,True
A1,PRE_ELECTION,NULL_A_CIRCULAR_SHIFT,210,colombia_first_round,COL_2026,-0.031210138448610675,41641,0.9796499317743378,True
A1,PRE_ELECTION,NULL_A_CIRCULAR_SHIFT,211,colombia_first_round,COL_2026,-0.030826060605980837,41656,0.9800028231308521,True
A1,PRE_ELECTION,NULL_A_CIRCULAR_SHIFT,212,colombia_first_round,COL_2026,-0.030928478967962577,41646,0.9797675622265092,True
A1,PRE_ELECTION,NULL_A_CIRCULAR_SHIFT,213,colombia_first_round,COL_2026,-0.02941093723736739,41678,0.9805203971204065,True
A1,PRE_ELECTION,NULL_A_CIRCULAR_SHIFT,214,colombia_first_round,COL_2026,-0.0313757054971839,41632,0.9794381969604291,True
A1,PRE_ELECTION,NULL_A_CIRCULAR_SHIFT,215,colombia_first_round,COL_2026,-0.03216363135909082,41646,0.9797675622265092,True
A1,PRE_ELECTION,NULL_A_CIRCULAR_SHIFT,216,colombia_first_round,COL_2026,-0.030627881172905037,41642,0.979673457864772,True
A1,PRE_ELECTION,NULL_A_CIRCULAR_SHIFT,217,colombia_first_round,COL_2026,-0.027827585907934372,41675,0.9804498188491036,True
A1,PRE_ELECTION,NULL_A_CIRCULAR_SHIFT,218,colombia_first_round,COL_2026,-0.0311471626729974,41649,0.979838140497812,True
A1,PRE_ELECTION,NULL_A_CIRCULAR_SHIFT,219,colombia_first_round,COL_2026,-0.03133121585191726,41650,0.9798616665882464,True
A1,PRE_ELECTION,NULL_A_CIRCULAR_SHIFT,220,colombia_first_round,COL_2026,-0.02817919833212636,41643,0.9796969839552063,True
A1,PRE_ELECTION,NULL_A_CIRCULAR_SHIFT,221,colombia_first_round,COL_2026,-0.02805135733970324,41640,0.9796264056839035,True
A1,PRE_ELECTION,NULL_A_CIRCULAR_SHIFT,222,colombia_first_round,COL_2026,-0.026501066016556652,41650,0.9798616665882464,True
A1,PRE_ELECTION,NULL_A_CIRCULAR_SHIFT,223,colombia_first_round,COL_2026,-0.03066967182868523,41638,0.9795793535030348,True
A1,PRE_ELECTION,NULL_A_CIRCULAR_SHIFT,224,colombia_first_round,COL_2026,-0.0313435821476662,41654,0.9799557709499835,True
A1,PRE_ELECTION,NULL_A_CIRCULAR_SHIFT,225,colombia_first_round,COL_2026,-0.030325951711459204,41643,0.9796969839552063,True
A1,PRE_ELECTION,NULL_A_CIRCULAR_SHIFT,226,colombia_first_round,COL_2026,-0.02978436661837257,41638,0.9795793535030348,True
A1,PRE_ELECTION,NULL_A_CIRCULAR_SHIFT,227,colombia_first_round,COL_2026,-0.03216664393096789,41641,0.9796499317743378,True
A1,PRE_ELECTION,NULL_A_CIRCULAR_SHIFT,228,colombia_first_round,COL_2026,-0.02802389154175523,41663,0.9801675057638921,True
A1,PRE_ELECTION,NULL_A_CIRCULAR_SHIFT,229,colombia_first_round,COL_2026,-0.030827979564811304,41640,0.9796264056839035,True
A1,PRE_ELECTION,NULL_A_CIRCULAR_SHIFT,230,colombia_first_round,COL_2026,-0.030447401225528737,41637,0.9795558274126006,True
A1,PRE_ELECTION,NULL_A_CIRCULAR_SHIFT,231,colombia_first_round,COL_2026,-0.03105199545821227,41646,0.9797675622265092,True
A1,PRE_ELECTION,NULL_A_CIRCULAR_SHIFT,232,colombia_first_round,COL_2026,-0.0315276334272127,41714,0.981367336376041,True
A1,PRE_ELECTION,NULL_A_CIRCULAR_SHIFT,233,colombia_first_round,COL_2026,-0.027688230269969513,41673,0.9804027666682351,True
A1,PRE_ELECTION,NULL_A_CIRCULAR_SHIFT,234,colombia_first_round,COL_2026,-0.02934190179344731,41675,0.9804498188491036,True
A1,PRE_ELECTION,NULL_A_CIRCULAR_SHIFT,235,colombia_first_round,COL_2026,-0.028322517920262438,41657,0.9800263492212864,True
A1,PRE_ELECTION,NULL_A_CIRCULAR_SHIFT,236,colombia_first_round,COL_2026,-0.03102425228712936,41661,0.9801204535830236,True
A1,PRE_ELECTION,NULL_A_CIRCULAR_SHIFT,237,colombia_first_round,COL_2026,-0.02970601123198748,41664,0.9801910318543264,True
A1,PRE_ELECTION,NULL_A_CIRCULAR_SHIFT,238,colombia_first_round,COL_2026,-0.028907226993838003,41680,0.9805674493012752,True
A1,PRE_ELECTION,NULL_A_CIRCULAR_SHIFT,239,colombia_first_round,COL_2026,-0.028531525545511232,41639,0.9796028795934691,True
A1,PRE_ELECTION,NULL_A_CIRCULAR_SHIFT,240,colombia_first_round,COL_2026,-0.03028703355797367,41736,0.9818849103655954,True
A1,PRE_ELECTION,NULL_A_CIRCULAR_SHIFT,241,colombia_first_round,COL_2026,-0.030136217188769344,41628,0.9793440925986919,True
A1,PRE_ELECTION,NULL_A_CIRCULAR_SHIFT,242,colombia_first_round,COL_2026,-0.026390664970651557,41634,0.9794852491412978,True
A1,PRE_ELECTION,NULL_A_CIRCULAR_SHIFT,243,colombia_first_round,COL_2026,-0.029904034292704745,41649,0.979838140497812,True
A1,PRE_ELECTION,NULL_A_CIRCULAR_SHIFT,244,colombia_first_round,COL_2026,-0.03106960591221165,41684,0.9806615536630123,True
A1,PRE_ELECTION,NULL_A_CIRCULAR_SHIFT,245,colombia_first_round,COL_2026,-0.028839923731822186,41642,0.979673457864772,True
A1,PRE_ELECTION,NULL_A_CIRCULAR_SHIFT,246,colombia_first_round,COL_2026,-0.031132396043215115,41640,0.9796264056839035,True
A1,PRE_ELECTION,NULL_A_CIRCULAR_SHIFT,247,colombia_first_round,COL_2026,-0.028528049972449943,41733,0.9818143320942926,True
A1,PRE_ELECTION,NULL_A_CIRCULAR_SHIFT,248,colombia_first_round,COL_2026,-0.03026994242250663,41635,0.979508775231732,True
A1,PRE_ELECTION,NULL_A_CIRCULAR_SHIFT,249,colombia_first_round,COL_2026,-0.028919240034200783,41658,0.9800498753117207,True
A1,PRE_ELECTION,NULL_B_BLOCK_TIME_PERMUTATION,0,colombia_first_round,COL_2026,-0.030105204263720788,41657,0.9800263492212864,True
A1,PRE_ELECTION,NULL_B_BLOCK_TIME_PERMUTATION,1,colombia_first_round,COL_2026,-0.029570347577936,41634,0.9794852491412978,True
A1,PRE_ELECTION,NULL_B_BLOCK_TIME_PERMUTATION,2,colombia_first_round,COL_2026,-0.028837651411292884,41649,0.979838140497812,True
A1,PRE_ELECTION,NULL_B_BLOCK_TIME_PERMUTATION,3,colombia_first_round,COL_2026,-0.02913836278887923,41651,0.9798851926786807,True
A1,PRE_ELECTION,NULL_B_BLOCK_TIME_PERMUTATION,4,colombia_first_round,COL_2026,-0.02894998093392123,41640,0.9796264056839035,True
A1,PRE_ELECTION,NULL_B_BLOCK_TIME_PERMUTATION,5,colombia_first_round,COL_2026,-0.029751622151147572,41648,0.9798146144073778,True
A1,PRE_ELECTION,NULL_B_BLOCK_TIME_PERMUTATION,6,colombia_first_round,COL_2026,-0.029246323583485428,41646,0.9797675622265092,True
A1,PRE_ELECTION,NULL_B_BLOCK_TIME_PERMUTATION,7,colombia_first_round,COL_2026,-0.028558541425004146,41650,0.9798616665882464,True
A1,PRE_ELECTION,NULL_B_BLOCK_TIME_PERMUTATION,8,colombia_first_round,COL_2026,-0.02925006055443628,41663,0.9801675057638921,True
A1,PRE_ELECTION,NULL_B_BLOCK_TIME_PERMUTATION,9,colombia_first_round,COL_2026,-0.0286540636443547,41664,0.9801910318543264,True
A1,PRE_ELECTION,NULL_B_BLOCK_TIME_PERMUTATION,10,colombia_first_round,COL_2026,-0.02842357972431905,41645,0.9797440361360749,True
A1,PRE_ELECTION,NULL_B_BLOCK_TIME_PERMUTATION,11,colombia_first_round,COL_2026,-0.0289515960024188,41656,0.9800028231308521,True
A1,PRE_ELECTION,NULL_B_BLOCK_TIME_PERMUTATION,12,colombia_first_round,COL_2026,-0.02869523300488469,41656,0.9800028231308521,True
A1,PRE_ELECTION,NULL_B_BLOCK_TIME_PERMUTATION,13,colombia_first_round,COL_2026,-0.029109370770260407,41679,0.9805439232108408,True
A1,PRE_ELECTION,NULL_B_BLOCK_TIME_PERMUTATION,14,colombia_first_round,COL_2026,-0.029146169533683635,41671,0.9803557144873665,True
A1,PRE_ELECTION,NULL_B_BLOCK_TIME_PERMUTATION,15,colombia_first_round,COL_2026,-0.028691165467986668,41633,0.9794617230508634,True
A1,PRE_ELECTION,NULL_B_BLOCK_TIME_PERMUTATION,16,colombia_first_round,COL_2026,-0.029335256285623366,41641,0.9796499317743378,True
A1,PRE_ELECTION,NULL_B_BLOCK_TIME_PERMUTATION,17,colombia_first_round,COL_2026,-0.02884358243052078,41663,0.9801675057638921,True
A1,PRE_ELECTION,NULL_B_BLOCK_TIME_PERMUTATION,18,colombia_first_round,COL_2026,-0.030432204641990618,41655,0.9799792970404179,True
A1,PRE_ELECTION,NULL_B_BLOCK_TIME_PERMUTATION,19,colombia_first_round,COL_2026,-0.029322719241086297,41671,0.9803557144873665,True
A1,PRE_ELECTION,NULL_B_BLOCK_TIME_PERMUTATION,20,colombia_first_round,COL_2026,-0.02933879601852496,41668,0.9802851362160636,True
A1,PRE_ELECTION,NULL_B_BLOCK_TIME_PERMUTATION,21,colombia_first_round,COL_2026,-0.029117022722465496,41672,0.9803792405778008,True
A1,PRE_ELECTION,NULL_B_BLOCK_TIME_PERMUTATION,22,colombia_first_round,COL_2026,-0.030184692922555573,41657,0.9800263492212864,True
A1,PRE_ELECTION,NULL_B_BLOCK_TIME_PERMUTATION,23,colombia_first_round,COL_2026,-0.030262001421462067,41662,0.9801439796734579,True
A1,PRE_ELECTION,NULL_B_BLOCK_TIME_PERMUTATION,24,colombia_first_round,COL_2026,-0.028440926879885958,41669,0.9803086623064979,True
A1,PRE_ELECTION,NULL_B_BLOCK_TIME_PERMUTATION,25,colombia_first_round,COL_2026,-0.02858395792504932,41665,0.9802145579447608,True
A1,PRE_ELECTION,NULL_B_BLOCK_TIME_PERMUTATION,26,colombia_first_round,COL_2026,-0.030209835312109606,41680,0.9805674493012752,True
A1,PRE_ELECTION,NULL_B_BLOCK_TIME_PERMUTATION,27,colombia_first_round,COL_2026,-0.02925436038043672,41653,0.9799322448595492,True
A1,PRE_ELECTION,NULL_B_BLOCK_TIME_PERMUTATION,28,colombia_first_round,COL_2026,-0.029445600681795674,41687,0.9807321319343152,True
A1,PRE_ELECTION,NULL_B_BLOCK_TIME_PERMUTATION,29,colombia_first_round,COL_2026,-0.02918016520792362,41660,0.9800969274925893,True
A1,PRE_ELECTION,NULL_B_BLOCK_TIME_PERMUTATION,30,colombia_first_round,COL_2026,-0.0282360686965933,41655,0.9799792970404179,True
A1,PRE_ELECTION,NULL_B_BLOCK_TIME_PERMUTATION,31,colombia_first_round,COL_2026,-0.02849717525967656,41650,0.9798616665882464,True
A1,PRE_ELECTION,NULL_B_BLOCK_TIME_PERMUTATION,32,colombia_first_round,COL_2026,-0.029352785633789513,41650,0.9798616665882464,True
A1,PRE_ELECTION,NULL_B_BLOCK_TIME_PERMUTATION,33,colombia_first_round,COL_2026,-0.02978695519724646,41642,0.979673457864772,True
A1,PRE_ELECTION,NULL_B_BLOCK_TIME_PERMUTATION,34,colombia_first_round,COL_2026,-0.028826223619831642,41648,0.9798146144073778,True
A1,PRE_ELECTION,NULL_B_BLOCK_TIME_PERMUTATION,35,colombia_first_round,COL_2026,-0.029377800459948766,41664,0.9801910318543264,True
A1,PRE_ELECTION,NULL_B_BLOCK_TIME_PERMUTATION,36,colombia_first_round,COL_2026,-0.029578428382338512,41655,0.9799792970404179,True
A1,PRE_ELECTION,NULL_B_BLOCK_TIME_PERMUTATION,37,colombia_first_round,COL_2026,-0.029801048836456803,41645,0.9797440361360749,True
A1,PRE_ELECTION,NULL_B_BLOCK_TIME_PERMUTATION,38,colombia_first_round,COL_2026,-0.02959048427987419,41649,0.979838140497812,True
A1,PRE_ELECTION,NULL_B_BLOCK_TIME_PERMUTATION,39,colombia_first_round,COL_2026,-0.029483894843839693,41656,0.9800028231308521,True
A1,PRE_ELECTION,NULL_B_BLOCK_TIME_PERMUTATION,40,colombia_first_round,COL_2026,-0.029610423611964132,41659,0.980073401402155,True
A1,PRE_ELECTION,NULL_B_BLOCK_TIME_PERMUTATION,41,colombia_first_round,COL_2026,-0.030178962443975305,41659,0.980073401402155,True
A1,PRE_ELECTION,NULL_B_BLOCK_TIME_PERMUTATION,42,colombia_first_round,COL_2026,-0.030275765815886636,41653,0.9799322448595492,True
A1,PRE_ELECTION,NULL_B_BLOCK_TIME_PERMUTATION,43,colombia_first_round,COL_2026,-0.029420152485667716,41648,0.9798146144073778,True
A1,PRE_ELECTION,NULL_B_BLOCK_TIME_PERMUTATION,44,colombia_first_round,COL_2026,-0.03007337177988399,41655,0.9799792970404179,True
A1,PRE_ELECTION,NULL_B_BLOCK_TIME_PERMUTATION,45,colombia_first_round,COL_2026,-0.02928983777328033,41658,0.9800498753117207,True
A1,PRE_ELECTION,NULL_B_BLOCK_TIME_PERMUTATION,46,colombia_first_round,COL_2026,-0.03034724491847768,41669,0.9803086623064979,True
A1,PRE_ELECTION,NULL_B_BLOCK_TIME_PERMUTATION,47,colombia_first_round,COL_2026,-0.03044922232267984,41647,0.9797910883169435,True
A1,PRE_ELECTION,NULL_B_BLOCK_TIME_PERMUTATION,48,colombia_first_round,COL_2026,-0.029226843707753053,41660,0.9800969274925893,True
A1,PRE_ELECTION,NULL_B_BLOCK_TIME_PERMUTATION,49,colombia_first_round,COL_2026,-0.029748029395405107,41668,0.9802851362160636,True
A1,PRE_ELECTION,NULL_B_BLOCK_TIME_PERMUTATION,50,colombia_first_round,COL_2026,-0.02955101890420074,41663,0.9801675057638921,True
A1,PRE_ELECTION,NULL_B_BLOCK_TIME_PERMUTATION,51,colombia_first_round,COL_2026,-0.029657006727472224,41657,0.9800263492212864,True
A1,PRE_ELECTION,NULL_B_BLOCK_TIME_PERMUTATION,52,colombia_first_round,COL_2026,-0.029848088479856223,41673,0.9804027666682351,True
A1,PRE_ELECTION,NULL_B_BLOCK_TIME_PERMUTATION,53,colombia_first_round,COL_2026,-0.029252020269377763,41643,0.9796969839552063,True
A1,PRE_ELECTION,NULL_B_BLOCK_TIME_PERMUTATION,54,colombia_first_round,COL_2026,-0.02884109161464145,41655,0.9799792970404179,True
A1,PRE_ELECTION,NULL_B_BLOCK_TIME_PERMUTATION,55,colombia_first_round,COL_2026,-0.02973069219011774,41653,0.9799322448595492,True
A1,PRE_ELECTION,NULL_B_BLOCK_TIME_PERMUTATION,56,colombia_first_round,COL_2026,-0.029320519720808704,41678,0.9805203971204065,True
A1,PRE_ELECTION,NULL_B_BLOCK_TIME_PERMUTATION,57,colombia_first_round,COL_2026,-0.030059728678439365,41647,0.9797910883169435,True
A1,PRE_ELECTION,NULL_B_BLOCK_TIME_PERMUTATION,58,colombia_first_round,COL_2026,-0.029541865405048485,41670,0.9803321883969321,True
A1,PRE_ELECTION,NULL_B_BLOCK_TIME_PERMUTATION,59,colombia_first_round,COL_2026,-0.02928901901837384,41660,0.9800969274925893,True
A1,PRE_ELECTION,NULL_B_BLOCK_TIME_PERMUTATION,60,colombia_first_round,COL_2026,-0.02874823635868513,41665,0.9802145579447608,True
A1,PRE_ELECTION,NULL_B_BLOCK_TIME_PERMUTATION,61,colombia_first_round,COL_2026,-0.02863758580075587,41639,0.9796028795934691,True
A1,PRE_ELECTION,NULL_B_BLOCK_TIME_PERMUTATION,62,colombia_first_round,COL_2026,-0.029510496425741554,41675,0.9804498188491036,True
A1,PRE_ELECTION,NULL_B_BLOCK_TIME_PERMUTATION,63,colombia_first_round,COL_2026,-0.029438479217014046,41654,0.9799557709499835,True
A1,PRE_ELECTION,NULL_B_BLOCK_TIME_PERMUTATION,64,colombia_first_round,COL_2026,-0.029519446369917154,41645,0.9797440361360749,True
A1,PRE_ELECTION,NULL_B_BLOCK_TIME_PERMUTATION,65,colombia_first_round,COL_2026,-0.028614166411720352,41662,0.9801439796734579,True
A1,PRE_ELECTION,NULL_B_BLOCK_TIME_PERMUTATION,66,colombia_first_round,COL_2026,-0.029997949034496135,41671,0.9803557144873665,True
A1,PRE_ELECTION,NULL_B_BLOCK_TIME_PERMUTATION,67,colombia_first_round,COL_2026,-0.03008868711400423,41662,0.9801439796734579,True
A1,PRE_ELECTION,NULL_B_BLOCK_TIME_PERMUTATION,68,colombia_first_round,COL_2026,-0.0300141064033032,41711,0.9812967581047382,True
A1,PRE_ELECTION,NULL_B_BLOCK_TIME_PERMUTATION,69,colombia_first_round,COL_2026,-0.029668935481457687,41658,0.9800498753117207,True
A1,PRE_ELECTION,NULL_B_BLOCK_TIME_PERMUTATION,70,colombia_first_round,COL_2026,-0.029317281935782535,41652,0.9799087187691149,True
A1,PRE_ELECTION,NULL_B_BLOCK_TIME_PERMUTATION,71,colombia_first_round,COL_2026,-0.03030823066531586,41661,0.9801204535830236,True
A1,PRE_ELECTION,NULL_B_BLOCK_TIME_PERMUTATION,72,colombia_first_round,COL_2026,-0.02902794057339046,41655,0.9799792970404179,True
A1,PRE_ELECTION,NULL_B_BLOCK_TIME_PERMUTATION,73,colombia_first_round,COL_2026,-0.02863863583196825,41648,0.9798146144073778,True
A1,PRE_ELECTION,NULL_B_BLOCK_TIME_PERMUTATION,74,colombia_first_round,COL_2026,-0.029281893523240787,41668,0.9802851362160636,True
A1,PRE_ELECTION,NULL_B_BLOCK_TIME_PERMUTATION,75,colombia_first_round,COL_2026,-0.029390264793464505,41675,0.9804498188491036,True
A1,PRE_ELECTION,NULL_B_BLOCK_TIME_PERMUTATION,76,colombia_first_round,COL_2026,-0.02920435211831639,41643,0.9796969839552063,True
A1,PRE_ELECTION,NULL_B_BLOCK_TIME_PERMUTATION,77,colombia_first_round,COL_2026,-0.028647246620492867,41651,0.9798851926786807,True
A1,PRE_ELECTION,NULL_B_BLOCK_TIME_PERMUTATION,78,colombia_first_round,COL_2026,-0.02977012199794434,41655,0.9799792970404179,True
A1,PRE_ELECTION,NULL_B_BLOCK_TIME_PERMUTATION,79,colombia_first_round,COL_2026,-0.02999772557866881,41678,0.9805203971204065,True
A1,PRE_ELECTION,NULL_B_BLOCK_TIME_PERMUTATION,80,colombia_first_round,COL_2026,-0.028534511544831626,41640,0.9796264056839035,True
A1,PRE_ELECTION,NULL_B_BLOCK_TIME_PERMUTATION,81,colombia_first_round,COL_2026,-0.02938193960190193,41653,0.9799322448595492,True
A1,PRE_ELECTION,NULL_B_BLOCK_TIME_PERMUTATION,82,colombia_first_round,COL_2026,-0.029268226322020263,41648,0.9798146144073778,True
A1,PRE_ELECTION,NULL_B_BLOCK_TIME_PERMUTATION,83,colombia_first_round,COL_2026,-0.029236374843119486,41654,0.9799557709499835,True
A1,PRE_ELECTION,NULL_B_BLOCK_TIME_PERMUTATION,84,colombia_first_round,COL_2026,-0.029507144909047014,41644,0.9797205100456406,True
A1,PRE_ELECTION,NULL_B_BLOCK_TIME_PERMUTATION,85,colombia_first_round,COL_2026,-0.029310013556097123,41649,0.979838140497812,True
A1,PRE_ELECTION,NULL_B_BLOCK_TIME_PERMUTATION,86,colombia_first_round,COL_2026,-0.029061615919897383,41636,0.9795323013221663,True
A1,PRE_ELECTION,NULL_B_BLOCK_TIME_PERMUTATION,87,colombia_first_round,COL_2026,-0.02907928469230886,41651,0.9798851926786807,True
A1,PRE_ELECTION,NULL_B_BLOCK_TIME_PERMUTATION,88,colombia_first_round,COL_2026,-0.0295619531013039,41661,0.9801204535830236,True
A1,PRE_ELECTION,NULL_B_BLOCK_TIME_PERMUTATION,89,colombia_first_round,COL_2026,-0.029885681264868152,41663,0.9801675057638921,True
A1,PRE_ELECTION,NULL_B_BLOCK_TIME_PERMUTATION,90,colombia_first_round,COL_2026,-0.02940572368177592,41650,0.9798616665882464,True
A1,PRE_ELECTION,NULL_B_BLOCK_TIME_PERMUTATION,91,colombia_first_round,COL_2026,-0.029147860255526768,41649,0.979838140497812,True
A1,PRE_ELECTION,NULL_B_BLOCK_TIME_PERMUTATION,92,colombia_first_round,COL_2026,-0.029472819229878922,41657,0.9800263492212864,True
A1,PRE_ELECTION,NULL_B_BLOCK_TIME_PERMUTATION,93,colombia_first_round,COL_2026,-0.029417894866362954,41648,0.9798146144073778,True
A1,PRE_ELECTION,NULL_B_BLOCK_TIME_PERMUTATION,94,colombia_first_round,COL_2026,-0.029838075751835457,41664,0.9801910318543264,True
A1,PRE_ELECTION,NULL_B_BLOCK_TIME_PERMUTATION,95,colombia_first_round,COL_2026,-0.029899372067393595,41647,0.9797910883169435,True
A1,PRE_ELECTION,NULL_B_BLOCK_TIME_PERMUTATION,96,colombia_first_round,COL_2026,-0.030344066281062898,41651,0.9798851926786807,True
A1,PRE_ELECTION,NULL_B_BLOCK_TIME_PERMUTATION,97,colombia_first_round,COL_2026,-0.029672528314646295,41695,0.9809203406577894,True
A1,PRE_ELECTION,NULL_B_BLOCK_TIME_PERMUTATION,98,colombia_first_round,COL_2026,-0.02942126016871131,41668,0.9802851362160636,True
A1,PRE_ELECTION,NULL_B_BLOCK_TIME_PERMUTATION,99,colombia_first_round,COL_2026,-0.02943307002588354,41655,0.9799792970404179,True
A1,PRE_ELECTION,NULL_B_BLOCK_TIME_PERMUTATION,100,colombia_first_round,COL_2026,-0.029003689275513334,41661,0.9801204535830236,True
A1,PRE_ELECTION,NULL_B_BLOCK_TIME_PERMUTATION,101,colombia_first_round,COL_2026,-0.02912288547576784,41653,0.9799322448595492,True
A1,PRE_ELECTION,NULL_B_BLOCK_TIME_PERMUTATION,102,colombia_first_round,COL_2026,-0.028969688206093275,41653,0.9799322448595492,True
A1,PRE_ELECTION,NULL_B_BLOCK_TIME_PERMUTATION,103,colombia_first_round,COL_2026,-0.02959246740738708,41667,0.9802616101256293,True
A1,PRE_ELECTION,NULL_B_BLOCK_TIME_PERMUTATION,104,colombia_first_round,COL_2026,-0.029536284605209347,41651,0.9798851926786807,True
A1,PRE_ELECTION,NULL_B_BLOCK_TIME_PERMUTATION,105,colombia_first_round,COL_2026,-0.02857101847271488,41646,0.9797675622265092,True
A1,PRE_ELECTION,NULL_B_BLOCK_TIME_PERMUTATION,106,colombia_first_round,COL_2026,-0.02952881769109636,41657,0.9800263492212864,True
A1,PRE_ELECTION,NULL_B_BLOCK_TIME_PERMUTATION,107,colombia_first_round,COL_2026,-0.02941394414595724,41662,0.9801439796734579,True
A1,PRE_ELECTION,NULL_B_BLOCK_TIME_PERMUTATION,108,colombia_first_round,COL_2026,-0.029434741083595378,41655,0.9799792970404179,True
A1,PRE_ELECTION,NULL_B_BLOCK_TIME_PERMUTATION,109,colombia_first_round,COL_2026,-0.030633164489460726,41650,0.9798616665882464,True
A1,PRE_ELECTION,NULL_B_BLOCK_TIME_PERMUTATION,110,colombia_first_round,COL_2026,-0.029494749281901683,41655,0.9799792970404179,True
A1,PRE_ELECTION,NULL_B_BLOCK_TIME_PERMUTATION,111,colombia_first_round,COL_2026,-0.02877305430837272,41673,0.9804027666682351,True
A1,PRE_ELECTION,NULL_B_BLOCK_TIME_PERMUTATION,112,colombia_first_round,COL_2026,-0.029486945350729918,41647,0.9797910883169435,True
A1,PRE_ELECTION,NULL_B_BLOCK_TIME_PERMUTATION,113,colombia_first_round,COL_2026,-0.029041863184317406,41682,0.9806145014821437,True
A1,PRE_ELECTION,NULL_B_BLOCK_TIME_PERMUTATION,114,colombia_first_round,COL_2026,-0.029555063808649456,41657,0.9800263492212864,True
A1,PRE_ELECTION,NULL_B_BLOCK_TIME_PERMUTATION,115,colombia_first_round,COL_2026,-0.029139230491729243,41651,0.9798851926786807,True
A1,PRE_ELECTION,NULL_B_BLOCK_TIME_PERMUTATION,116,colombia_first_round,COL_2026,-0.029757562766349954,41677,0.9804968710299723,True
A1,PRE_ELECTION,NULL_B_BLOCK_TIME_PERMUTATION,117,colombia_first_round,COL_2026,-0.029476942925883338,41665,0.9802145579447608,True
A1,PRE_ELECTION,NULL_B_BLOCK_TIME_PERMUTATION,118,colombia_first_round,COL_2026,-0.0297238019920489,41674,0.9804262927586693,True
A1,PRE_ELECTION,NULL_B_BLOCK_TIME_PERMUTATION,119,colombia_first_round,COL_2026,-0.029001672930985368,41665,0.9802145579447608,True
A1,PRE_ELECTION,NULL_B_BLOCK_TIME_PERMUTATION,120,colombia_first_round,COL_2026,-0.02859965266208196,41646,0.9797675622265092,True
A1,PRE_ELECTION,NULL_B_BLOCK_TIME_PERMUTATION,121,colombia_first_round,COL_2026,-0.029445881129663076,41653,0.9799322448595492,True
A1,PRE_ELECTION,NULL_B_BLOCK_TIME_PERMUTATION,122,colombia_first_round,COL_2026,-0.028913900895665035,41666,0.9802380840351951,True
A1,PRE_ELECTION,NULL_B_BLOCK_TIME_PERMUTATION,123,colombia_first_round,COL_2026,-0.02924452874557897,41660,0.9800969274925893,True
A1,PRE_ELECTION,NULL_B_BLOCK_TIME_PERMUTATION,124,colombia_first_round,COL_2026,-0.029394893786690312,41659,0.980073401402155,True
A1,PRE_ELECTION,NULL_B_BLOCK_TIME_PERMUTATION,125,colombia_first_round,COL_2026,-0.02951196136410855,41649,0.979838140497812,True
A1,PRE_ELECTION,NULL_B_BLOCK_TIME_PERMUTATION,126,colombia_first_round,COL_2026,-0.028785971315135616,41672,0.9803792405778008,True
A1,PRE_ELECTION,NULL_B_BLOCK_TIME_PERMUTATION,127,colombia_first_round,COL_2026,-0.028349014052635457,41647,0.9797910883169435,True
A1,PRE_ELECTION,NULL_B_BLOCK_TIME_PERMUTATION,128,colombia_first_round,COL_2026,-0.028920503706290446,41642,0.979673457864772,True
A1,PRE_ELECTION,NULL_B_BLOCK_TIME_PERMUTATION,129,colombia_first_round,COL_2026,-0.029508817389478786,41652,0.9799087187691149,True
A1,PRE_ELECTION,NULL_B_BLOCK_TIME_PERMUTATION,130,colombia_first_round,COL_2026,-0.029177957073937083,41680,0.9805674493012752,True
A1,PRE_ELECTION,NULL_B_BLOCK_TIME_PERMUTATION,131,colombia_first_round,COL_2026,-0.029468888687845706,41666,0.9802380840351951,True
A1,PRE_ELECTION,NULL_B_BLOCK_TIME_PERMUTATION,132,colombia_first_round,COL_2026,-0.028979652121631744,41652,0.9799087187691149,True
A1,PRE_ELECTION,NULL_B_BLOCK_TIME_PERMUTATION,133,colombia_first_round,COL_2026,-0.0285185134391229,41660,0.9800969274925893,True
A1,PRE_ELECTION,NULL_B_BLOCK_TIME_PERMUTATION,134,colombia_first_round,COL_2026,-0.0292018091903182,41652,0.9799087187691149,True
A1,PRE_ELECTION,NULL_B_BLOCK_TIME_PERMUTATION,135,colombia_first_round,COL_2026,-0.030492260489007827,41643,0.9796969839552063,True
A1,PRE_ELECTION,NULL_B_BLOCK_TIME_PERMUTATION,136,colombia_first_round,COL_2026,-0.02904506855202228,41640,0.9796264056839035,True
A1,PRE_ELECTION,NULL_B_BLOCK_TIME_PERMUTATION,137,colombia_first_round,COL_2026,-0.029927625751082695,41653,0.9799322448595492,True
A1,PRE_ELECTION,NULL_B_BLOCK_TIME_PERMUTATION,138,colombia_first_round,COL_2026,-0.029206529958202696,41666,0.9802380840351951,True
A1,PRE_ELECTION,NULL_B_BLOCK_TIME_PERMUTATION,139,colombia_first_round,COL_2026,-0.028842327567035447,41652,0.9799087187691149,True
A1,PRE_ELECTION,NULL_B_BLOCK_TIME_PERMUTATION,140,colombia_first_round,COL_2026,-0.029839242910962276,41666,0.9802380840351951,True
A1,PRE_ELECTION,NULL_B_BLOCK_TIME_PERMUTATION,141,colombia_first_round,COL_2026,-0.029848664069938715,41648,0.9798146144073778,True
A1,PRE_ELECTION,NULL_B_BLOCK_TIME_PERMUTATION,142,colombia_first_round,COL_2026,-0.03046963819759305,41647,0.9797910883169435,True
A1,PRE_ELECTION,NULL_B_BLOCK_TIME_PERMUTATION,143,colombia_first_round,COL_2026,-0.02973894647870057,41666,0.9802380840351951,True
A1,PRE_ELECTION,NULL_B_BLOCK_TIME_PERMUTATION,144,colombia_first_round,COL_2026,-0.029994516094600132,41668,0.9802851362160636,True
A1,PRE_ELECTION,NULL_B_BLOCK_TIME_PERMUTATION,145,colombia_first_round,COL_2026,-0.02907946279507968,41659,0.980073401402155,True
A1,PRE_ELECTION,NULL_B_BLOCK_TIME_PERMUTATION,146,colombia_first_round,COL_2026,-0.029972610364079,41658,0.9800498753117207,True
A1,PRE_ELECTION,NULL_B_BLOCK_TIME_PERMUTATION,147,colombia_first_round,COL_2026,-0.03036027513263584,41648,0.9798146144073778,True
A1,PRE_ELECTION,NULL_B_BLOCK_TIME_PERMUTATION,148,colombia_first_round,COL_2026,-0.029140395370201414,41669,0.9803086623064979,True
A1,PRE_ELECTION,NULL_B_BLOCK_TIME_PERMUTATION,149,colombia_first_round,COL_2026,-0.02906274399273683,41671,0.9803557144873665,True
A1,PRE_ELECTION,NULL_B_BLOCK_TIME_PERMUTATION,150,colombia_first_round,COL_2026,-0.029565486747123105,41639,0.9796028795934691,True
A1,PRE_ELECTION,NULL_B_BLOCK_TIME_PERMUTATION,151,colombia_first_round,COL_2026,-0.029296852306224835,41673,0.9804027666682351,True
A1,PRE_ELECTION,NULL_B_BLOCK_TIME_PERMUTATION,152,colombia_first_round,COL_2026,-0.03015314375647921,41648,0.9798146144073778,True
A1,PRE_ELECTION,NULL_B_BLOCK_TIME_PERMUTATION,153,colombia_first_round,COL_2026,-0.02899273264254495,41642,0.979673457864772,True
A1,PRE_ELECTION,NULL_B_BLOCK_TIME_PERMUTATION,154,colombia_first_round,COL_2026,-0.02924409411321185,41658,0.9800498753117207,True
A1,PRE_ELECTION,NULL_B_BLOCK_TIME_PERMUTATION,155,colombia_first_round,COL_2026,-0.028908050937036023,41647,0.9797910883169435,True
A1,PRE_ELECTION,NULL_B_BLOCK_TIME_PERMUTATION,156,colombia_first_round,COL_2026,-0.029430108416276787,41674,0.9804262927586693,True
A1,PRE_ELECTION,NULL_B_BLOCK_TIME_PERMUTATION,157,colombia_first_round,COL_2026,-0.02925704994723335,41640,0.9796264056839035,True
A1,PRE_ELECTION,NULL_B_BLOCK_TIME_PERMUTATION,158,colombia_first_round,COL_2026,-0.029154964137514405,41670,0.9803321883969321,True
A1,PRE_ELECTION,NULL_B_BLOCK_TIME_PERMUTATION,159,colombia_first_round,COL_2026,-0.02963170565677374,41660,0.9800969274925893,True
A1,PRE_ELECTION,NULL_B_BLOCK_TIME_PERMUTATION,160,colombia_first_round,COL_2026,-0.029657972906787535,41654,0.9799557709499835,True
A1,PRE_ELECTION,NULL_B_BLOCK_TIME_PERMUTATION,161,colombia_first_round,COL_2026,-0.029271413086481318,41668,0.9802851362160636,True
A1,PRE_ELECTION,NULL_B_BLOCK_TIME_PERMUTATION,162,colombia_first_round,COL_2026,-0.02967101585816818,41645,0.9797440361360749,True
A1,PRE_ELECTION,NULL_B_BLOCK_TIME_PERMUTATION,163,colombia_first_round,COL_2026,-0.02907759383823876,41646,0.9797675622265092,True
A1,PRE_ELECTION,NULL_B_BLOCK_TIME_PERMUTATION,164,colombia_first_round,COL_2026,-0.028962631269757125,41666,0.9802380840351951,True
A1,PRE_ELECTION,NULL_B_BLOCK_TIME_PERMUTATION,165,colombia_first_round,COL_2026,-0.03043477549053891,41654,0.9799557709499835,True
A1,PRE_ELECTION,NULL_B_BLOCK_TIME_PERMUTATION,166,colombia_first_round,COL_2026,-0.029431102737541032,41659,0.980073401402155,True
A1,PRE_ELECTION,NULL_B_BLOCK_TIME_PERMUTATION,167,colombia_first_round,COL_2026,-0.0297877862496895,41664,0.9801910318543264,True
A1,PRE_ELECTION,NULL_B_BLOCK_TIME_PERMUTATION,168,colombia_first_round,COL_2026,-0.029776279632225598,41671,0.9803557144873665,True
A1,PRE_ELECTION,NULL_B_BLOCK_TIME_PERMUTATION,169,colombia_first_round,COL_2026,-0.02891610340690101,41672,0.9803792405778008,True
A1,PRE_ELECTION,NULL_B_BLOCK_TIME_PERMUTATION,170,colombia_first_round,COL_2026,-0.029704231722226342,41660,0.9800969274925893,True
A1,PRE_ELECTION,NULL_B_BLOCK_TIME_PERMUTATION,171,colombia_first_round,COL_2026,-0.030072358995707746,41663,0.9801675057638921,True
A1,PRE_ELECTION,NULL_B_BLOCK_TIME_PERMUTATION,172,colombia_first_round,COL_2026,-0.030139273490812774,41643,0.9796969839552063,True
A1,PRE_ELECTION,NULL_B_BLOCK_TIME_PERMUTATION,173,colombia_first_round,COL_2026,-0.029487016183995185,41677,0.9804968710299723,True
A1,PRE_ELECTION,NULL_B_BLOCK_TIME_PERMUTATION,174,colombia_first_round,COL_2026,-0.030093157298895917,41668,0.9802851362160636,True
A1,PRE_ELECTION,NULL_B_BLOCK_TIME_PERMUTATION,175,colombia_first_round,COL_2026,-0.029328668184037884,41657,0.9800263492212864,True
A1,PRE_ELECTION,NULL_B_BLOCK_TIME_PERMUTATION,176,colombia_first_round,COL_2026,-0.030051909859256477,41645,0.9797440361360749,True
A1,PRE_ELECTION,NULL_B_BLOCK_TIME_PERMUTATION,177,colombia_first_round,COL_2026,-0.029801239785683442,41656,0.9800028231308521,True
A1,PRE_ELECTION,NULL_B_BLOCK_TIME_PERMUTATION,178,colombia_first_round,COL_2026,-0.028823704485530944,41652,0.9799087187691149,True
A1,PRE_ELECTION,NULL_B_BLOCK_TIME_PERMUTATION,179,colombia_first_round,COL_2026,-0.029581275304223623,41651,0.9798851926786807,True
A1,PRE_ELECTION,NULL_B_BLOCK_TIME_PERMUTATION,180,colombia_first_round,COL_2026,-0.02948227307365649,41660,0.9800969274925893,True
A1,PRE_ELECTION,NULL_B_BLOCK_TIME_PERMUTATION,181,colombia_first_round,COL_2026,-0.02985484848410629,41683,0.980638027572578,True
A1,PRE_ELECTION,NULL_B_BLOCK_TIME_PERMUTATION,182,colombia_first_round,COL_2026,-0.02844020530655957,41665,0.9802145579447608,True
A1,PRE_ELECTION,NULL_B_BLOCK_TIME_PERMUTATION,183,colombia_first_round,COL_2026,-0.02858219715741528,41651,0.9798851926786807,True
A1,PRE_ELECTION,NULL_B_BLOCK_TIME_PERMUTATION,184,colombia_first_round,COL_2026,-0.02981856543561272,41650,0.9798616665882464,True
A1,PRE_ELECTION,NULL_B_BLOCK_TIME_PERMUTATION,185,colombia_first_round,COL_2026,-0.029659476999629314,41648,0.9798146144073778,True
A1,PRE_ELECTION,NULL_B_BLOCK_TIME_PERMUTATION,186,colombia_first_round,COL_2026,-0.030062005192909132,41643,0.9796969839552063,True
A1,PRE_ELECTION,NULL_B_BLOCK_TIME_PERMUTATION,187,colombia_first_round,COL_2026,-0.028974757810685505,41650,0.9798616665882464,True
A1,PRE_ELECTION,NULL_B_BLOCK_TIME_PERMUTATION,188,colombia_first_round,COL_2026,-0.029743395470884493,41646,0.9797675622265092,True
A1,PRE_ELECTION,NULL_B_BLOCK_TIME_PERMUTATION,189,colombia_first_round,COL_2026,-0.02935605545339429,41668,0.9802851362160636,True
A1,PRE_ELECTION,NULL_B_BLOCK_TIME_PERMUTATION,190,colombia_first_round,COL_2026,-0.029204231053085682,41656,0.9800028231308521,True
A1,PRE_ELECTION,NULL_B_BLOCK_TIME_PERMUTATION,191,colombia_first_round,COL_2026,-0.029876677992776518,41659,0.980073401402155,True
A1,PRE_ELECTION,NULL_B_BLOCK_TIME_PERMUTATION,192,colombia_first_round,COL_2026,-0.028726325379154247,41653,0.9799322448595492,True
A1,PRE_ELECTION,NULL_B_BLOCK_TIME_PERMUTATION,193,colombia_first_round,COL_2026,-0.02929167325997455,41646,0.9797675622265092,True
A1,PRE_ELECTION,NULL_B_BLOCK_TIME_PERMUTATION,194,colombia_first_round,COL_2026,-0.029896020645238386,41657,0.9800263492212864,True
A1,PRE_ELECTION,NULL_B_BLOCK_TIME_PERMUTATION,195,colombia_first_round,COL_2026,-0.028704618157631256,41669,0.9803086623064979,True
A1,PRE_ELECTION,NULL_B_BLOCK_TIME_PERMUTATION,196,colombia_first_round,COL_2026,-0.030348993576339064,41650,0.9798616665882464,True
A1,PRE_ELECTION,NULL_B_BLOCK_TIME_PERMUTATION,197,colombia_first_round,COL_2026,-0.02974839520693051,41678,0.9805203971204065,True
A1,PRE_ELECTION,NULL_B_BLOCK_TIME_PERMUTATION,198,colombia_first_round,COL_2026,-0.029182019513059963,41646,0.9797675622265092,True
A1,PRE_ELECTION,NULL_B_BLOCK_TIME_PERMUTATION,199,colombia_first_round,COL_2026,-0.0290233658027587,41675,0.9804498188491036,True
A1,PRE_ELECTION,NULL_B_BLOCK_TIME_PERMUTATION,200,colombia_first_round,COL_2026,-0.030181581057046547,41658,0.9800498753117207,True
A1,PRE_ELECTION,NULL_B_BLOCK_TIME_PERMUTATION,201,colombia_first_round,COL_2026,-0.030836529201191953,41651,0.9798851926786807,True
A1,PRE_ELECTION,NULL_B_BLOCK_TIME_PERMUTATION,202,colombia_first_round,COL_2026,-0.02990421234846893,41655,0.9799792970404179,True
A1,PRE_ELECTION,NULL_B_BLOCK_TIME_PERMUTATION,203,colombia_first_round,COL_2026,-0.029038783991764783,41632,0.9794381969604291,True
A1,PRE_ELECTION,NULL_B_BLOCK_TIME_PERMUTATION,204,colombia_first_round,COL_2026,-0.029824094412280937,41660,0.9800969274925893,True
A1,PRE_ELECTION,NULL_B_BLOCK_TIME_PERMUTATION,205,colombia_first_round,COL_2026,-0.030110947199632504,41663,0.9801675057638921,True
A1,PRE_ELECTION,NULL_B_BLOCK_TIME_PERMUTATION,206,colombia_first_round,COL_2026,-0.030041787526201843,41641,0.9796499317743378,True
A1,PRE_ELECTION,NULL_B_BLOCK_TIME_PERMUTATION,207,colombia_first_round,COL_2026,-0.02921310133496785,41648,0.9798146144073778,True
A1,PRE_ELECTION,NULL_B_BLOCK_TIME_PERMUTATION,208,colombia_first_round,COL_2026,-0.030707195249736235,41646,0.9797675622265092,True
A1,PRE_ELECTION,NULL_B_BLOCK_TIME_PERMUTATION,209,colombia_first_round,COL_2026,-0.029024019255790803,41660,0.9800969274925893,True
A1,PRE_ELECTION,NULL_B_BLOCK_TIME_PERMUTATION,210,colombia_first_round,COL_2026,-0.029714786586792875,41666,0.9802380840351951,True
A1,PRE_ELECTION,NULL_B_BLOCK_TIME_PERMUTATION,211,colombia_first_round,COL_2026,-0.029342464015571074,41655,0.9799792970404179,True
A1,PRE_ELECTION,NULL_B_BLOCK_TIME_PERMUTATION,212,colombia_first_round,COL_2026,-0.029390931366923657,41674,0.9804262927586693,True
A1,PRE_ELECTION,NULL_B_BLOCK_TIME_PERMUTATION,213,colombia_first_round,COL_2026,-0.02931165575956349,41646,0.9797675622265092,True
A1,PRE_ELECTION,NULL_B_BLOCK_TIME_PERMUTATION,214,colombia_first_round,COL_2026,-0.029445827746807134,41648,0.9798146144073778,True
A1,PRE_ELECTION,NULL_B_BLOCK_TIME_PERMUTATION,215,colombia_first_round,COL_2026,-0.029871782017573206,41645,0.9797440361360749,True
A1,PRE_ELECTION,NULL_B_BLOCK_TIME_PERMUTATION,216,colombia_first_round,COL_2026,-0.02879404404689792,41663,0.9801675057638921,True
A1,PRE_ELECTION,NULL_B_BLOCK_TIME_PERMUTATION,217,colombia_first_round,COL_2026,-0.030570238104028268,41649,0.979838140497812,True
A1,PRE_ELECTION,NULL_B_BLOCK_TIME_PERMUTATION,218,colombia_first_round,COL_2026,-0.029753238667931513,41681,0.9805909753917094,True
A1,PRE_ELECTION,NULL_B_BLOCK_TIME_PERMUTATION,219,colombia_first_round,COL_2026,-0.029014423431540887,41664,0.9801910318543264,True
A1,PRE_ELECTION,NULL_B_BLOCK_TIME_PERMUTATION,220,colombia_first_round,COL_2026,-0.02957747898484589,41667,0.9802616101256293,True
A1,PRE_ELECTION,NULL_B_BLOCK_TIME_PERMUTATION,221,colombia_first_round,COL_2026,-0.029140902956029818,41657,0.9800263492212864,True
A1,PRE_ELECTION,NULL_B_BLOCK_TIME_PERMUTATION,222,colombia_first_round,COL_2026,-0.029429217730408217,41651,0.9798851926786807,True
A1,PRE_ELECTION,NULL_B_BLOCK_TIME_PERMUTATION,223,colombia_first_round,COL_2026,-0.029552711576058304,41651,0.9798851926786807,True
A1,PRE_ELECTION,NULL_B_BLOCK_TIME_PERMUTATION,224,colombia_first_round,COL_2026,-0.02938240441908747,41650,0.9798616665882464,True
A1,PRE_ELECTION,NULL_B_BLOCK_TIME_PERMUTATION,225,colombia_first_round,COL_2026,-0.029256345890891437,41676,0.980473344939538,True
A1,PRE_ELECTION,NULL_B_BLOCK_TIME_PERMUTATION,226,colombia_first_round,COL_2026,-0.029183115540289,41672,0.9803792405778008,True
A1,PRE_ELECTION,NULL_B_BLOCK_TIME_PERMUTATION,227,colombia_first_round,COL_2026,-0.029817930081975242,41658,0.9800498753117207,True
A1,PRE_ELECTION,NULL_B_BLOCK_TIME_PERMUTATION,228,colombia_first_round,COL_2026,-0.029382806086669832,41659,0.980073401402155,True
A1,PRE_ELECTION,NULL_B_BLOCK_TIME_PERMUTATION,229,colombia_first_round,COL_2026,-0.029544612804977794,41649,0.979838140497812,True
A1,PRE_ELECTION,NULL_B_BLOCK_TIME_PERMUTATION,230,colombia_first_round,COL_2026,-0.029656577691685355,41659,0.980073401402155,True
A1,PRE_ELECTION,NULL_B_BLOCK_TIME_PERMUTATION,231,colombia_first_round,COL_2026,-0.029448300327701692,41679,0.9805439232108408,True
A1,PRE_ELECTION,NULL_B_BLOCK_TIME_PERMUTATION,232,colombia_first_round,COL_2026,-0.029384821723887247,41649,0.979838140497812,True
A1,PRE_ELECTION,NULL_B_BLOCK_TIME_PERMUTATION,233,colombia_first_round,COL_2026,-0.0294991497163181,41661,0.9801204535830236,True
A1,PRE_ELECTION,NULL_B_BLOCK_TIME_PERMUTATION,234,colombia_first_round,COL_2026,-0.029460948726202436,41684,0.9806615536630123,True
A1,PRE_ELECTION,NULL_B_BLOCK_TIME_PERMUTATION,235,colombia_first_round,COL_2026,-0.029158821341573906,41645,0.9797440361360749,True
A1,PRE_ELECTION,NULL_B_BLOCK_TIME_PERMUTATION,236,colombia_first_round,COL_2026,-0.029640248172177936,41669,0.9803086623064979,True
A1,PRE_ELECTION,NULL_B_BLOCK_TIME_PERMUTATION,237,colombia_first_round,COL_2026,-0.029349503709433306,41662,0.9801439796734579,True
A1,PRE_ELECTION,NULL_B_BLOCK_TIME_PERMUTATION,238,colombia_first_round,COL_2026,-0.028797565561989907,41649,0.979838140497812,True
A1,PRE_ELECTION,NULL_B_BLOCK_TIME_PERMUTATION,239,colombia_first_round,COL_2026,-0.02971002375956543,41675,0.9804498188491036,True
A1,PRE_ELECTION,NULL_B_BLOCK_TIME_PERMUTATION,240,colombia_first_round,COL_2026,-0.02932169093615057,41656,0.9800028231308521,True
A1,PRE_ELECTION,NULL_B_BLOCK_TIME_PERMUTATION,241,colombia_first_round,COL_2026,-0.029392517828333162,41668,0.9802851362160636,True
A1,PRE_ELECTION,NULL_B_BLOCK_TIME_PERMUTATION,242,colombia_first_round,COL_2026,-0.02999006892192678,41677,0.9804968710299723,True
A1,PRE_ELECTION,NULL_B_BLOCK_TIME_PERMUTATION,243,colombia_first_round,COL_2026,-0.029423772514542895,41684,0.9806615536630123,True
A1,PRE_ELECTION,NULL_B_BLOCK_TIME_PERMUTATION,244,colombia_first_round,COL_2026,-0.029304348057734048,41659,0.980073401402155,True
A1,PRE_ELECTION,NULL_B_BLOCK_TIME_PERMUTATION,245,colombia_first_round,COL_2026,-0.029937472596106837,41662,0.9801439796734579,True
A1,PRE_ELECTION,NULL_B_BLOCK_TIME_PERMUTATION,246,colombia_first_round,COL_2026,-0.029015933700156916,41675,0.9804498188491036,True
A1,PRE_ELECTION,NULL_B_BLOCK_TIME_PERMUTATION,247,colombia_first_round,COL_2026,-0.03020316549789356,41653,0.9799322448595492,True
A1,PRE_ELECTION,NULL_B_BLOCK_TIME_PERMUTATION,248,colombia_first_round,COL_2026,-0.028270676368187697,41642,0.979673457864772,True
A1,PRE_ELECTION,NULL_B_BLOCK_TIME_PERMUTATION,249,colombia_first_round,COL_2026,-0.028656121657919545,41660,0.9800969274925893,True
A2,PRE_ELECTION,NULL_A_CIRCULAR_SHIFT,0,colombia_first_round,COL_2026,-1.0939780771687148e-08,40278,0.9803339337000438,True
A2,PRE_ELECTION,NULL_A_CIRCULAR_SHIFT,1,colombia_first_round,COL_2026,-1.1297505846279661e-08,40242,0.9794577228252933,True
A2,PRE_ELECTION,NULL_A_CIRCULAR_SHIFT,2,colombia_first_round,COL_2026,-1.0848051202699326e-08,40261,0.9799201674536339,True
A2,PRE_ELECTION,NULL_A_CIRCULAR_SHIFT,3,colombia_first_round,COL_2026,-1.0296981831608194e-08,40232,0.9792143309156404,True
A2,PRE_ELECTION,NULL_A_CIRCULAR_SHIFT,4,colombia_first_round,COL_2026,-1.0109701530754175e-08,40251,0.9796767755439809,True
A2,PRE_ELECTION,NULL_A_CIRCULAR_SHIFT,5,colombia_first_round,COL_2026,-9.873913671703645e-09,40247,0.9795794187801198,True
A2,PRE_ELECTION,NULL_A_CIRCULAR_SHIFT,6,colombia_first_round,COL_2026,-1.1161660680809126e-08,40237,0.9793360268704668,True
A2,PRE_ELECTION,NULL_A_CIRCULAR_SHIFT,7,colombia_first_round,COL_2026,-1.0125323188011073e-08,40238,0.9793603660614321,True
A2,PRE_ELECTION,NULL_A_CIRCULAR_SHIFT,8,colombia_first_round,COL_2026,-1.0174464625648373e-08,40286,0.9805286472277661,True
A2,PRE_ELECTION,NULL_A_CIRCULAR_SHIFT,9,colombia_first_round,COL_2026,-1.0699081163697458e-08,40360,0.9823297473591978,True
A2,PRE_ELECTION,NULL_A_CIRCULAR_SHIFT,10,colombia_first_round,COL_2026,-9.883922295623446e-09,40252,0.9797011147349463,True
A2,PRE_ELECTION,NULL_A_CIRCULAR_SHIFT,11,colombia_first_round,COL_2026,-9.49744748111461e-09,40247,0.9795794187801198,True
A2,PRE_ELECTION,NULL_A_CIRCULAR_SHIFT,12,colombia_first_round,COL_2026,-1.080357754155707e-08,40235,0.9792873484885363,True
A2,PRE_ELECTION,NULL_A_CIRCULAR_SHIFT,13,colombia_first_round,COL_2026,-1.0007163325409254e-08,40239,0.9793847052523974,True
A2,PRE_ELECTION,NULL_A_CIRCULAR_SHIFT,14,colombia_first_round,COL_2026,-1.1330459790026133e-08,40228,0.9791169741517792,True
A2,PRE_ELECTION,NULL_A_CIRCULAR_SHIFT,15,colombia_first_round,COL_2026,-1.1035411441401271e-08,40256,0.9797984714988074,True
A2,PRE_ELECTION,NULL_A_CIRCULAR_SHIFT,16,colombia_first_round,COL_2026,-1.0299092802108308e-08,40298,0.9808207175193496,True
A2,PRE_ELECTION,NULL_A_CIRCULAR_SHIFT,17,colombia_first_round,COL_2026,-1.1194533254063122e-08,40286,0.9805286472277661,True
A2,PRE_ELECTION,NULL_A_CIRCULAR_SHIFT,18,colombia_first_round,COL_2026,-9.84070182935824e-09,40264,0.9799931850265298,True
A2,PRE_ELECTION,NULL_A_CIRCULAR_SHIFT,19,colombia_first_round,COL_2026,-1.0220136394629936e-08,40239,0.9793847052523974,True
A2,PRE_ELECTION,NULL_A_CIRCULAR_SHIFT,20,colombia_first_round,COL_2026,-1.1208294302909083e-08,40234,0.9792630092975709,True
A2,PRE_ELECTION,NULL_A_CIRCULAR_SHIFT,21,colombia_first_round,COL_2026,-1.1292542341292436e-08,40286,0.9805286472277661,True
A2,PRE_ELECTION,NULL_A_CIRCULAR_SHIFT,22,colombia_first_round,COL_2026,-1.085012248339427e-08,40245,0.9795307403981892,True
A2,PRE_ELECTION,NULL_A_CIRCULAR_SHIFT,23,colombia_first_round,COL_2026,-1.062432521713221e-08,40249,0.9796280971620503,True
A2,PRE_ELECTION,NULL_A_CIRCULAR_SHIFT,24,colombia_first_round,COL_2026,-1.0390562163502336e-08,40261,0.9799201674536339,True
A2,PRE_ELECTION,NULL_A_CIRCULAR_SHIFT,25,colombia_first_round,COL_2026,-1.0625912931862157e-08,40248,0.979603757971085,True
A2,PRE_ELECTION,NULL_A_CIRCULAR_SHIFT,26,colombia_first_round,COL_2026,-1.0388808989539333e-08,40236,0.9793116876795015,True
A2,PRE_ELECTION,NULL_A_CIRCULAR_SHIFT,27,colombia_first_round,COL_2026,-1.0639708124223906e-08,40239,0.9793847052523974,True
A2,PRE_ELECTION,NULL_A_CIRCULAR_SHIFT,28,colombia_first_round,COL_2026,-1.071656982779499e-08,40322,0.9814048581025167,True
A2,PRE_ELECTION,NULL_A_CIRCULAR_SHIFT,29,colombia_first_round,COL_2026,-1.0699154068266976e-08,40253,0.9797254539259115,True
A2,PRE_ELECTION,NULL_A_CIRCULAR_SHIFT,30,colombia_first_round,COL_2026,-1.0760454655155274e-08,40224,0.979019617387918,True
A2,PRE_ELECTION,NULL_A_CIRCULAR_SHIFT,31,colombia_first_round,COL_2026,-1.073252175284493e-08,40243,0.9794820620162585,True
A2,PRE_ELECTION,NULL_A_CIRCULAR_SHIFT,32,colombia_first_round,COL_2026,-1.003708678166334e-08,40246,0.9795550795891544,True
A2,PRE_ELECTION,NULL_A_CIRCULAR_SHIFT,33,colombia_first_round,COL_2026,-1.0053464158943206e-08,40274,0.9802365769361826,True
A2,PRE_ELECTION,NULL_A_CIRCULAR_SHIFT,34,colombia_first_round,COL_2026,-1.0554397881690024e-08,40254,0.9797497931168768,True
A2,PRE_ELECTION,NULL_A_CIRCULAR_SHIFT,35,colombia_first_round,COL_2026,-1.0617856116685859e-08,40261,0.9799201674536339,True
A2,PRE_ELECTION,NULL_A_CIRCULAR_SHIFT,36,colombia_first_round,COL_2026,-1.0097683712965375e-08,40234,0.9792630092975709,True
A2,PRE_ELECTION,NULL_A_CIRCULAR_SHIFT,37,colombia_first_round,COL_2026,-1.1015721305003392e-08,40236,0.9793116876795015,True
A2,PRE_ELECTION,NULL_A_CIRCULAR_SHIFT,38,colombia_first_round,COL_2026,-1.0079406869245537e-08,40243,0.9794820620162585,True
A2,PRE_ELECTION,NULL_A_CIRCULAR_SHIFT,39,colombia_first_round,COL_2026,-1.004028703392478e-08,40232,0.9792143309156404,True
A2,PRE_ELECTION,NULL_A_CIRCULAR_SHIFT,40,colombia_first_round,COL_2026,-1.1089143837480995e-08,40271,0.9801635593632868,True
A2,PRE_ELECTION,NULL_A_CIRCULAR_SHIFT,41,colombia_first_round,COL_2026,-1.0671480198366251e-08,40283,0.9804556296548703,True
A2,PRE_ELECTION,NULL_A_CIRCULAR_SHIFT,42,colombia_first_round,COL_2026,-1.0308743731867822e-08,40260,0.9798958282626685,True
A2,PRE_ELECTION,NULL_A_CIRCULAR_SHIFT,43,colombia_first_round,COL_2026,-1.0805546252346406e-08,40272,0.980187898554252,True
A2,PRE_ELECTION,NULL_A_CIRCULAR_SHIFT,44,colombia_first_round,COL_2026,-1.0865765009068708e-08,40349,0.9820620162585796,True
A2,PRE_ELECTION,NULL_A_CIRCULAR_SHIFT,45,colombia_first_round,COL_2026,-1.0330154980318791e-08,40264,0.9799931850265298,True
A2,PRE_ELECTION,NULL_A_CIRCULAR_SHIFT,46,colombia_first_round,COL_2026,-1.1183375208216756e-08,40243,0.9794820620162585,True
A2,PRE_ELECTION,NULL_A_CIRCULAR_SHIFT,47,colombia_first_round,COL_2026,-1.0225047549934613e-08,40262,0.9799445066445991,True
A2,PRE_ELECTION,NULL_A_CIRCULAR_SHIFT,48,colombia_first_round,COL_2026,-1.074885071197648e-08,40229,0.9791413133427445,True
A2,PRE_ELECTION,NULL_A_CIRCULAR_SHIFT,49,colombia_first_round,COL_2026,-1.0925905145994661e-08,40290,0.9806260039916274,True
A2,PRE_ELECTION,NULL_A_CIRCULAR_SHIFT,50,colombia_first_round,COL_2026,-1.0642240830596394e-08,40250,0.9796524363530156,True
A2,PRE_ELECTION,NULL_A_CIRCULAR_SHIFT,51,colombia_first_round,COL_2026,-1.0055024957881005e-08,40246,0.9795550795891544,True
A2,PRE_ELECTION,NULL_A_CIRCULAR_SHIFT,52,colombia_first_round,COL_2026,-1.0904536150517047e-08,40250,0.9796524363530156,True
A2,PRE_ELECTION,NULL_A_CIRCULAR_SHIFT,53,colombia_first_round,COL_2026,-9.89103158024079e-09,40250,0.9796524363530156,True
A2,PRE_ELECTION,NULL_A_CIRCULAR_SHIFT,54,colombia_first_round,COL_2026,-1.0486551827007352e-08,40267,0.9800662025994256,True
A2,PRE_ELECTION,NULL_A_CIRCULAR_SHIFT,55,colombia_first_round,COL_2026,-1.0890667389994904e-08,40247,0.9795794187801198,True
A2,PRE_ELECTION,NULL_A_CIRCULAR_SHIFT,56,colombia_first_round,COL_2026,-1.0457751792894587e-08,40245,0.9795307403981892,True
A2,PRE_ELECTION,NULL_A_CIRCULAR_SHIFT,57,colombia_first_round,COL_2026,-1.0178385547213713e-08,40265,0.980017524217495,True
A2,PRE_ELECTION,NULL_A_CIRCULAR_SHIFT,58,colombia_first_round,COL_2026,-1.0863881006704056e-08,40275,0.9802609161271479,True
A2,PRE_ELECTION,NULL_A_CIRCULAR_SHIFT,59,colombia_first_round,COL_2026,-1.2714674699994786e-08,40262,0.9799445066445991,True
A2,PRE_ELECTION,NULL_A_CIRCULAR_SHIFT,60,colombia_first_round,COL_2026,-1.0212784924395508e-08,40236,0.9793116876795015,True
A2,PRE_ELECTION,NULL_A_CIRCULAR_SHIFT,61,colombia_first_round,COL_2026,-1.0368230054073799e-08,40316,0.981258822956725,True
A2,PRE_ELECTION,NULL_A_CIRCULAR_SHIFT,62,colombia_first_round,COL_2026,-1.0018251005654391e-08,40248,0.979603757971085,True
A2,PRE_ELECTION,NULL_A_CIRCULAR_SHIFT,63,colombia_first_round,COL_2026,-1.1108481821253943e-08,40248,0.979603757971085,True
A2,PRE_ELECTION,NULL_A_CIRCULAR_SHIFT,64,colombia_first_round,COL_2026,-1.1391745003503965e-08,40276,0.9802852553181133,True
A2,PRE_ELECTION,NULL_A_CIRCULAR_SHIFT,65,colombia_first_round,COL_2026,-1.08853529540979e-08,40254,0.9797497931168768,True
A2,PRE_ELECTION,NULL_A_CIRCULAR_SHIFT,66,colombia_first_round,COL_2026,-1.0691211271636467e-08,40249,0.9796280971620503,True
A2,PRE_ELECTION,NULL_A_CIRCULAR_SHIFT,67,colombia_first_round,COL_2026,-1.0797388975383061e-08,40252,0.9797011147349463,True
A2,PRE_ELECTION,NULL_A_CIRCULAR_SHIFT,68,colombia_first_round,COL_2026,-1.1444521642304333e-08,40250,0.9796524363530156,True
A2,PRE_ELECTION,NULL_A_CIRCULAR_SHIFT,69,colombia_first_round,COL_2026,-1.1510798282128864e-08,40254,0.9797497931168768,True
A2,PRE_ELECTION,NULL_A_CIRCULAR_SHIFT,70,colombia_first_round,COL_2026,-1.0723557867613198e-08,40290,0.9806260039916274,True
A2,PRE_ELECTION,NULL_A_CIRCULAR_SHIFT,71,colombia_first_round,COL_2026,-1.0962969544965886e-08,40250,0.9796524363530156,True
A2,PRE_ELECTION,NULL_A_CIRCULAR_SHIFT,72,colombia_first_round,COL_2026,-1.1759727626556298e-08,40224,0.979019617387918,True
A2,PRE_ELECTION,NULL_A_CIRCULAR_SHIFT,73,colombia_first_round,COL_2026,-1.107045243829951e-08,40249,0.9796280971620503,True
A2,PRE_ELECTION,NULL_A_CIRCULAR_SHIFT,74,colombia_first_round,COL_2026,-1.0634296309495497e-08,40239,0.9793847052523974,True
A2,PRE_ELECTION,NULL_A_CIRCULAR_SHIFT,75,colombia_first_round,COL_2026,-1.0525201302265479e-08,40247,0.9795794187801198,True
A2,PRE_ELECTION,NULL_A_CIRCULAR_SHIFT,76,colombia_first_round,COL_2026,-1.2064971682391902e-08,40265,0.980017524217495,True
A2,PRE_ELECTION,NULL_A_CIRCULAR_SHIFT,77,colombia_first_round,COL_2026,-1.0586131107541882e-08,40283,0.9804556296548703,True
A2,PRE_ELECTION,NULL_A_CIRCULAR_SHIFT,78,colombia_first_round,COL_2026,-1.1002190200099623e-08,40320,0.9813561797205861,True
A2,PRE_ELECTION,NULL_A_CIRCULAR_SHIFT,79,colombia_first_round,COL_2026,-1.0849564599981999e-08,40256,0.9797984714988074,True
A2,PRE_ELECTION,NULL_A_CIRCULAR_SHIFT,80,colombia_first_round,COL_2026,-9.82404992591894e-09,40234,0.9792630092975709,True
A2,PRE_ELECTION,NULL_A_CIRCULAR_SHIFT,81,colombia_first_round,COL_2026,-1.0937998361419503e-08,40243,0.9794820620162585,True
A2,PRE_ELECTION,NULL_A_CIRCULAR_SHIFT,82,colombia_first_round,COL_2026,-1.106145172285732e-08,40282,0.980431290463905,True
A2,PRE_ELECTION,NULL_A_CIRCULAR_SHIFT,83,colombia_first_round,COL_2026,-9.566257286913697e-09,40245,0.9795307403981892,True
A2,PRE_ELECTION,NULL_A_CIRCULAR_SHIFT,84,colombia_first_round,COL_2026,-1.0404837821307808e-08,40260,0.9798958282626685,True
A2,PRE_ELECTION,NULL_A_CIRCULAR_SHIFT,85,colombia_first_round,COL_2026,-1.0993786848199443e-08,40232,0.9792143309156404,True
A2,PRE_ELECTION,NULL_A_CIRCULAR_SHIFT,86,colombia_first_round,COL_2026,-1.113455638105772e-08,40260,0.9798958282626685,True
A2,PRE_ELECTION,NULL_A_CIRCULAR_SHIFT,87,colombia_first_round,COL_2026,-1.1479368785449943e-08,40269,0.9801148809813561,True
A2,PRE_ELECTION,NULL_A_CIRCULAR_SHIFT,88,colombia_first_round,COL_2026,-9.852564921202686e-09,40308,0.9810641094290026,True
A2,PRE_ELECTION,NULL_A_CIRCULAR_SHIFT,89,colombia_first_round,COL_2026,-1.1290024664937635e-08,40281,0.9804069512729396,True
A2,PRE_ELECTION,NULL_A_CIRCULAR_SHIFT,90,colombia_first_round,COL_2026,-1.0984916638817317e-08,40273,0.9802122377452174,True
A2,PRE_ELECTION,NULL_A_CIRCULAR_SHIFT,91,colombia_first_round,COL_2026,-1.0635720999696773e-08,40241,0.979433383634328,True
A2,PRE_ELECTION,NULL_A_CIRCULAR_SHIFT,92,colombia_first_round,COL_2026,-1.0986578499515653e-08,40272,0.980187898554252,True
A2,PRE_ELECTION,NULL_A_CIRCULAR_SHIFT,93,colombia_first_round,COL_2026,-1.0629053047956104e-08,40267,0.9800662025994256,True
A2,PRE_ELECTION,NULL_A_CIRCULAR_SHIFT,94,colombia_first_round,COL_2026,-1.0679676335868578e-08,40331,0.9816239108212043,True
A2,PRE_ELECTION,NULL_A_CIRCULAR_SHIFT,95,colombia_first_round,COL_2026,-1.0836174944279684e-08,40258,0.979847149880738,True
A2,PRE_ELECTION,NULL_A_CIRCULAR_SHIFT,96,colombia_first_round,COL_2026,-1.1076264420858295e-08,40407,0.9834736893345665,True
A2,PRE_ELECTION,NULL_A_CIRCULAR_SHIFT,97,colombia_first_round,COL_2026,-1.076994715918691e-08,40257,0.9798228106897727,True
A2,PRE_ELECTION,NULL_A_CIRCULAR_SHIFT,98,colombia_first_round,COL_2026,-1.1478205471877942e-08,40248,0.979603757971085,True
A2,PRE_ELECTION,NULL_A_CIRCULAR_SHIFT,99,colombia_first_round,COL_2026,-1.0359353409924616e-08,40272,0.980187898554252,True
A2,PRE_ELECTION,NULL_A_CIRCULAR_SHIFT,100,colombia_first_round,COL_2026,-9.701561635143821e-09,40274,0.9802365769361826,True
A2,PRE_ELECTION,NULL_A_CIRCULAR_SHIFT,101,colombia_first_round,COL_2026,-1.1160189437558881e-08,40273,0.9802122377452174,True
A2,PRE_ELECTION,NULL_A_CIRCULAR_SHIFT,102,colombia_first_round,COL_2026,-1.0875921637466587e-08,40258,0.979847149880738,True
A2,PRE_ELECTION,NULL_A_CIRCULAR_SHIFT,103,colombia_first_round,COL_2026,-9.75074831147802e-09,40277,0.9803095945090785,True
A2,PRE_ELECTION,NULL_A_CIRCULAR_SHIFT,104,colombia_first_round,COL_2026,-1.0421869758938032e-08,40222,0.9789709390059874,True
A2,PRE_ELECTION,NULL_A_CIRCULAR_SHIFT,105,colombia_first_round,COL_2026,-1.0080845963610412e-08,40285,0.9805043080368009,True
A2,PRE_ELECTION,NULL_A_CIRCULAR_SHIFT,106,colombia_first_round,COL_2026,-1.0583099480463926e-08,40226,0.9790682957698487,True
A2,PRE_ELECTION,NULL_A_CIRCULAR_SHIFT,107,colombia_first_round,COL_2026,-1.0548997595719944e-08,40261,0.9799201674536339,True
A2,PRE_ELECTION,NULL_A_CIRCULAR_SHIFT,108,colombia_first_round,COL_2026,-1.0875927810030928e-08,40247,0.9795794187801198,True
A2,PRE_ELECTION,NULL_A_CIRCULAR_SHIFT,109,colombia_first_round,COL_2026,-1.0489150864787456e-08,40242,0.9794577228252933,True
A2,PRE_ELECTION,NULL_A_CIRCULAR_SHIFT,110,colombia_first_round,COL_2026,-1.044581326890167e-08,40244,0.9795064012072239,True
A2,PRE_ELECTION,NULL_A_CIRCULAR_SHIFT,111,colombia_first_round,COL_2026,-1.0487120019816632e-08,40241,0.979433383634328,True
A2,PRE_ELECTION,NULL_A_CIRCULAR_SHIFT,112,colombia_first_round,COL_2026,-9.789142845030313e-09,40264,0.9799931850265298,True
A2,PRE_ELECTION,NULL_A_CIRCULAR_SHIFT,113,colombia_first_round,COL_2026,-1.0268868172940155e-08,40222,0.9789709390059874,True
A2,PRE_ELECTION,NULL_A_CIRCULAR_SHIFT,114,colombia_first_round,COL_2026,-9.917446620117015e-09,40236,0.9793116876795015,True
A2,PRE_ELECTION,NULL_A_CIRCULAR_SHIFT,115,colombia_first_round,COL_2026,-1.103075275281102e-08,40263,0.9799688458355644,True
A2,PRE_ELECTION,NULL_A_CIRCULAR_SHIFT,116,colombia_first_round,COL_2026,-1.0362056899918174e-08,40245,0.9795307403981892,True
A2,PRE_ELECTION,NULL_A_CIRCULAR_SHIFT,117,colombia_first_round,COL_2026,-1.1271006324687325e-08,40237,0.9793360268704668,True
A2,PRE_ELECTION,NULL_A_CIRCULAR_SHIFT,118,colombia_first_round,COL_2026,-1.0575407877565123e-08,40235,0.9792873484885363,True
A2,PRE_ELECTION,NULL_A_CIRCULAR_SHIFT,119,colombia_first_round,COL_2026,-9.863840457345173e-09,40238,0.9793603660614321,True
A2,PRE_ELECTION,NULL_A_CIRCULAR_SHIFT,120,colombia_first_round,COL_2026,-1.1470412397171375e-08,40268,0.9800905417903909,True
A2,PRE_ELECTION,NULL_A_CIRCULAR_SHIFT,121,colombia_first_round,COL_2026,-1.0382875242357827e-08,40267,0.9800662025994256,True
A2,PRE_ELECTION,NULL_A_CIRCULAR_SHIFT,122,colombia_first_round,COL_2026,-9.523946346186166e-09,40267,0.9800662025994256,True
A2,PRE_ELECTION,NULL_A_CIRCULAR_SHIFT,123,colombia_first_round,COL_2026,-1.039615437624535e-08,40290,0.9806260039916274,True
A2,PRE_ELECTION,NULL_A_CIRCULAR_SHIFT,124,colombia_first_round,COL_2026,-1.0257536831212657e-08,40293,0.9806990215645232,True
A2,PRE_ELECTION,NULL_A_CIRCULAR_SHIFT,125,colombia_first_round,COL_2026,-1.059767830050547e-08,40257,0.9798228106897727,True
A2,PRE_ELECTION,NULL_A_CIRCULAR_SHIFT,126,colombia_first_round,COL_2026,-1.1138852849299256e-08,40262,0.9799445066445991,True
A2,PRE_ELECTION,NULL_A_CIRCULAR_SHIFT,127,colombia_first_round,COL_2026,-1.0721228821424817e-08,40296,0.9807720391374191,True
A2,PRE_ELECTION,NULL_A_CIRCULAR_SHIFT,128,colombia_first_round,COL_2026,-1.1373492950109917e-08,40261,0.9799201674536339,True
A2,PRE_ELECTION,NULL_A_CIRCULAR_SHIFT,129,colombia_first_round,COL_2026,-1.040964424790168e-08,40260,0.9798958282626685,True
A2,PRE_ELECTION,NULL_A_CIRCULAR_SHIFT,130,colombia_first_round,COL_2026,-9.937728334920677e-09,40282,0.980431290463905,True
A2,PRE_ELECTION,NULL_A_CIRCULAR_SHIFT,131,colombia_first_round,COL_2026,-1.0686852098693535e-08,40256,0.9797984714988074,True
A2,PRE_ELECTION,NULL_A_CIRCULAR_SHIFT,132,colombia_first_round,COL_2026,-1.0803080067748211e-08,40241,0.979433383634328,True
A2,PRE_ELECTION,NULL_A_CIRCULAR_SHIFT,133,colombia_first_round,COL_2026,-1.0256876786472241e-08,40306,0.981015431047072,True
A2,PRE_ELECTION,NULL_A_CIRCULAR_SHIFT,134,colombia_first_round,COL_2026,-9.826404388988594e-09,40243,0.9794820620162585,True
A2,PRE_ELECTION,NULL_A_CIRCULAR_SHIFT,135,colombia_first_round,COL_2026,-1.0995472938137333e-08,40248,0.979603757971085,True
A2,PRE_ELECTION,NULL_A_CIRCULAR_SHIFT,136,colombia_first_round,COL_2026,-1.125869087370257e-08,40309,0.9810884486199679,True
A2,PRE_ELECTION,NULL_A_CIRCULAR_SHIFT,137,colombia_first_round,COL_2026,-1.1529011360977069e-08,40246,0.9795550795891544,True
A2,PRE_ELECTION,NULL_A_CIRCULAR_SHIFT,138,colombia_first_round,COL_2026,-1.0592623056936856e-08,40285,0.9805043080368009,True
A2,PRE_ELECTION,NULL_A_CIRCULAR_SHIFT,139,colombia_first_round,COL_2026,-1.0361387777863069e-08,40241,0.979433383634328,True
A2,PRE_ELECTION,NULL_A_CIRCULAR_SHIFT,140,colombia_first_round,COL_2026,-1.0016022585249106e-08,40252,0.9797011147349463,True
A2,PRE_ELECTION,NULL_A_CIRCULAR_SHIFT,141,colombia_first_round,COL_2026,-1.077104773837404e-08,40309,0.9810884486199679,True
A2,PRE_ELECTION,NULL_A_CIRCULAR_SHIFT,142,colombia_first_round,COL_2026,-1.1427377762859026e-08,40281,0.9804069512729396,True
A2,PRE_ELECTION,NULL_A_CIRCULAR_SHIFT,143,colombia_first_round,COL_2026,-9.739502007274129e-09,40263,0.9799688458355644,True
A2,PRE_ELECTION,NULL_A_CIRCULAR_SHIFT,144,colombia_first_round,COL_2026,-1.0893263246477535e-08,40254,0.9797497931168768,True
A2,PRE_ELECTION,NULL_A_CIRCULAR_SHIFT,145,colombia_first_round,COL_2026,-1.1231707307131905e-08,40265,0.980017524217495,True
A2,PRE_ELECTION,NULL_A_CIRCULAR_SHIFT,146,colombia_first_round,COL_2026,-1.0514688108423721e-08,40292,0.9806746823735579,True
A2,PRE_ELECTION,NULL_A_CIRCULAR_SHIFT,147,colombia_first_round,COL_2026,-9.48856924353157e-09,40247,0.9795794187801198,True
A2,PRE_ELECTION,NULL_A_CIRCULAR_SHIFT,148,colombia_first_round,COL_2026,-1.1419571250364916e-08,40238,0.9793603660614321,True
A2,PRE_ELECTION,NULL_A_CIRCULAR_SHIFT,149,colombia_first_round,COL_2026,-1.0541449568656776e-08,40262,0.9799445066445991,True
A2,PRE_ELECTION,NULL_A_CIRCULAR_SHIFT,150,colombia_first_round,COL_2026,-1.1602096136126704e-08,40245,0.9795307403981892,True
A2,PRE_ELECTION,NULL_A_CIRCULAR_SHIFT,151,colombia_first_round,COL_2026,-1.0741711754034285e-08,40238,0.9793603660614321,True
A2,PRE_ELECTION,NULL_A_CIRCULAR_SHIFT,152,colombia_first_round,COL_2026,-1.055207201840249e-08,40299,0.980845056710315,True
A2,PRE_ELECTION,NULL_A_CIRCULAR_SHIFT,153,colombia_first_round,COL_2026,-1.1168316295536348e-08,40272,0.980187898554252,True
A2,PRE_ELECTION,NULL_A_CIRCULAR_SHIFT,154,colombia_first_round,COL_2026,-1.0858566398601071e-08,40291,0.9806503431825926,True
A2,PRE_ELECTION,NULL_A_CIRCULAR_SHIFT,155,colombia_first_round,COL_2026,-1.0537572347218263e-08,40263,0.9799688458355644,True
A2,PRE_ELECTION,NULL_A_CIRCULAR_SHIFT,156,colombia_first_round,COL_2026,-1.0939341331904483e-08,40249,0.9796280971620503,True
A2,PRE_ELECTION,NULL_A_CIRCULAR_SHIFT,157,colombia_first_round,COL_2026,-1.1165057168326532e-08,40244,0.9795064012072239,True
A2,PRE_ELECTION,NULL_A_CIRCULAR_SHIFT,158,colombia_first_round,COL_2026,-1.0818174718163358e-08,40281,0.9804069512729396,True
A2,PRE_ELECTION,NULL_A_CIRCULAR_SHIFT,159,colombia_first_round,COL_2026,-9.635954539030004e-09,40250,0.9796524363530156,True
A2,PRE_ELECTION,NULL_A_CIRCULAR_SHIFT,160,colombia_first_round,COL_2026,-1.1253510337803784e-08,40242,0.9794577228252933,True
A2,PRE_ELECTION,NULL_A_CIRCULAR_SHIFT,161,colombia_first_round,COL_2026,-1.0796455240595954e-08,40249,0.9796280971620503,True
A2,PRE_ELECTION,NULL_A_CIRCULAR_SHIFT,162,colombia_first_round,COL_2026,-1.0500847412187109e-08,40241,0.979433383634328,True
A2,PRE_ELECTION,NULL_A_CIRCULAR_SHIFT,163,colombia_first_round,COL_2026,-1.0363972320533277e-08,40232,0.9792143309156404,True
A2,PRE_ELECTION,NULL_A_CIRCULAR_SHIFT,164,colombia_first_round,COL_2026,-1.1544058537563538e-08,40322,0.9814048581025167,True
A2,PRE_ELECTION,NULL_A_CIRCULAR_SHIFT,165,colombia_first_round,COL_2026,-9.814070960465831e-09,40235,0.9792873484885363,True
A2,PRE_ELECTION,NULL_A_CIRCULAR_SHIFT,166,colombia_first_round,COL_2026,-1.093224080015555e-08,40275,0.9802609161271479,True
A2,PRE_ELECTION,NULL_A_CIRCULAR_SHIFT,167,colombia_first_round,COL_2026,-1.1479404095698386e-08,40283,0.9804556296548703,True
A2,PRE_ELECTION,NULL_A_CIRCULAR_SHIFT,168,colombia_first_round,COL_2026,-1.059843711557683e-08,40280,0.9803826120819744,True
A2,PRE_ELECTION,NULL_A_CIRCULAR_SHIFT,169,colombia_first_round,COL_2026,-1.177295131082315e-08,40248,0.979603757971085,True
A2,PRE_ELECTION,NULL_A_CIRCULAR_SHIFT,170,colombia_first_round,COL_2026,-9.713094768243313e-09,40235,0.9792873484885363,True
A2,PRE_ELECTION,NULL_A_CIRCULAR_SHIFT,171,colombia_first_round,COL_2026,-1.1100732706422072e-08,40256,0.9797984714988074,True
A2,PRE_ELECTION,NULL_A_CIRCULAR_SHIFT,172,colombia_first_round,COL_2026,-1.0689931337238486e-08,40249,0.9796280971620503,True
A2,PRE_ELECTION,NULL_A_CIRCULAR_SHIFT,173,colombia_first_round,COL_2026,-1.1314874665962554e-08,40283,0.9804556296548703,True
A2,PRE_ELECTION,NULL_A_CIRCULAR_SHIFT,174,colombia_first_round,COL_2026,-1.1341792189599296e-08,40240,0.9794090444433627,True
A2,PRE_ELECTION,NULL_A_CIRCULAR_SHIFT,175,colombia_first_round,COL_2026,-9.84338388682573e-09,40282,0.980431290463905,True
A2,PRE_ELECTION,NULL_A_CIRCULAR_SHIFT,176,colombia_first_round,COL_2026,-1.1058680482139462e-08,40278,0.9803339337000438,True
A2,PRE_ELECTION,NULL_A_CIRCULAR_SHIFT,177,colombia_first_round,COL_2026,-1.0928491835698692e-08,40266,0.9800418634084603,True
A2,PRE_ELECTION,NULL_A_CIRCULAR_SHIFT,178,colombia_first_round,COL_2026,-1.0136738391448583e-08,40247,0.9795794187801198,True
A2,PRE_ELECTION,NULL_A_CIRCULAR_SHIFT,179,colombia_first_round,COL_2026,-1.1195409941624397e-08,40239,0.9793847052523974,True
A2,PRE_ELECTION,NULL_A_CIRCULAR_SHIFT,180,colombia_first_round,COL_2026,-1.0735384909068163e-08,40292,0.9806746823735579,True
A2,PRE_ELECTION,NULL_A_CIRCULAR_SHIFT,181,colombia_first_round,COL_2026,-1.0550098425387995e-08,40245,0.9795307403981892,True
A2,PRE_ELECTION,NULL_A_CIRCULAR_SHIFT,182,colombia_first_round,COL_2026,-9.546023889301138e-09,40238,0.9793603660614321,True
A2,PRE_ELECTION,NULL_A_CIRCULAR_SHIFT,183,colombia_first_round,COL_2026,-1.0618949313488533e-08,40240,0.9794090444433627,True
A2,PRE_ELECTION,NULL_A_CIRCULAR_SHIFT,184,colombia_first_round,COL_2026,-1.0861655758611827e-08,40250,0.9796524363530156,True
A2,PRE_ELECTION,NULL_A_CIRCULAR_SHIFT,185,colombia_first_round,COL_2026,-1.0653427232516743e-08,40280,0.9803826120819744,True
A2,PRE_ELECTION,NULL_A_CIRCULAR_SHIFT,186,colombia_first_round,COL_2026,-1.0392472150857668e-08,40235,0.9792873484885363,True
A2,PRE_ELECTION,NULL_A_CIRCULAR_SHIFT,187,colombia_first_round,COL_2026,-1.1308826095406083e-08,40251,0.9796767755439809,True
A2,PRE_ELECTION,NULL_A_CIRCULAR_SHIFT,188,colombia_first_round,COL_2026,-1.0874027366580865e-08,40230,0.9791656525337098,True
A2,PRE_ELECTION,NULL_A_CIRCULAR_SHIFT,189,colombia_first_round,COL_2026,-1.0985446425744824e-08,40229,0.9791413133427445,True
A2,PRE_ELECTION,NULL_A_CIRCULAR_SHIFT,190,colombia_first_round,COL_2026,-1.0835538787031729e-08,40247,0.9795794187801198,True
A2,PRE_ELECTION,NULL_A_CIRCULAR_SHIFT,191,colombia_first_round,COL_2026,-9.9350617890804e-09,40224,0.979019617387918,True
A2,PRE_ELECTION,NULL_A_CIRCULAR_SHIFT,192,colombia_first_round,COL_2026,-1.0320486702126473e-08,40283,0.9804556296548703,True
A2,PRE_ELECTION,NULL_A_CIRCULAR_SHIFT,193,colombia_first_round,COL_2026,-1.0585554716362357e-08,40251,0.9796767755439809,True
A2,PRE_ELECTION,NULL_A_CIRCULAR_SHIFT,194,colombia_first_round,COL_2026,-1.1067298208717585e-08,40266,0.9800418634084603,True
A2,PRE_ELECTION,NULL_A_CIRCULAR_SHIFT,195,colombia_first_round,COL_2026,-1.1188795938857029e-08,40255,0.979774132307842,True
A2,PRE_ELECTION,NULL_A_CIRCULAR_SHIFT,196,colombia_first_round,COL_2026,-1.0955670680739635e-08,40258,0.979847149880738,True
A2,PRE_ELECTION,NULL_A_CIRCULAR_SHIFT,197,colombia_first_round,COL_2026,-1.0750669056555733e-08,40262,0.9799445066445991,True
A2,PRE_ELECTION,NULL_A_CIRCULAR_SHIFT,198,colombia_first_round,COL_2026,-1.042504126316127e-08,40255,0.979774132307842,True
A2,PRE_ELECTION,NULL_A_CIRCULAR_SHIFT,199,colombia_first_round,COL_2026,-1.0672446784783083e-08,40284,0.9804799688458355,True
A2,PRE_ELECTION,NULL_A_CIRCULAR_SHIFT,200,colombia_first_round,COL_2026,-1.113938316848031e-08,40254,0.9797497931168768,True
A2,PRE_ELECTION,NULL_A_CIRCULAR_SHIFT,201,colombia_first_round,COL_2026,-1.065884993524618e-08,40264,0.9799931850265298,True
A2,PRE_ELECTION,NULL_A_CIRCULAR_SHIFT,202,colombia_first_round,COL_2026,-1.030652455821343e-08,40317,0.9812831621476902,True
A2,PRE_ELECTION,NULL_A_CIRCULAR_SHIFT,203,colombia_first_round,COL_2026,-1.078429370252433e-08,40245,0.9795307403981892,True
A2,PRE_ELECTION,NULL_A_CIRCULAR_SHIFT,204,colombia_first_round,COL_2026,-9.519477425678895e-09,40253,0.9797254539259115,True
A2,PRE_ELECTION,NULL_A_CIRCULAR_SHIFT,205,colombia_first_round,COL_2026,-9.698438068919452e-09,40251,0.9796767755439809,True
A2,PRE_ELECTION,NULL_A_CIRCULAR_SHIFT,206,colombia_first_round,COL_2026,-1.1056811120438396e-08,40247,0.9795794187801198,True
A2,PRE_ELECTION,NULL_A_CIRCULAR_SHIFT,207,colombia_first_round,COL_2026,-9.982991292584236e-09,40288,0.9805773256096967,True
A2,PRE_ELECTION,NULL_A_CIRCULAR_SHIFT,208,colombia_first_round,COL_2026,-1.0571191635421168e-08,40250,0.9796524363530156,True
A2,PRE_ELECTION,NULL_A_CIRCULAR_SHIFT,209,colombia_first_round,COL_2026,-1.1017443883505255e-08,40290,0.9806260039916274,True
A2,PRE_ELECTION,NULL_A_CIRCULAR_SHIFT,210,colombia_first_round,COL_2026,-1.0369660123595681e-08,40247,0.9795794187801198,True
A2,PRE_ELECTION,NULL_A_CIRCULAR_SHIFT,211,colombia_first_round,COL_2026,-1.0485575715674423e-08,40252,0.9797011147349463,True
A2,PRE_ELECTION,NULL_A_CIRCULAR_SHIFT,212,colombia_first_round,COL_2026,-1.1172266880994475e-08,40258,0.979847149880738,True
A2,PRE_ELECTION,NULL_A_CIRCULAR_SHIFT,213,colombia_first_round,COL_2026,-1.0168350009814722e-08,40295,0.9807476999464538,True
A2,PRE_ELECTION,NULL_A_CIRCULAR_SHIFT,214,colombia_first_round,COL_2026,-1.072021169867535e-08,40232,0.9792143309156404,True
A2,PRE_ELECTION,NULL_A_CIRCULAR_SHIFT,215,colombia_first_round,COL_2026,-1.1048757638811039e-08,40232,0.9792143309156404,True
A2,PRE_ELECTION,NULL_A_CIRCULAR_SHIFT,216,colombia_first_round,COL_2026,-1.0872419255131855e-08,40237,0.9793360268704668,True
A2,PRE_ELECTION,NULL_A_CIRCULAR_SHIFT,217,colombia_first_round,COL_2026,-1.050723278624855e-08,40297,0.9807963783283844,True
A2,PRE_ELECTION,NULL_A_CIRCULAR_SHIFT,218,colombia_first_round,COL_2026,-1.0726659034319692e-08,40245,0.9795307403981892,True
A2,PRE_ELECTION,NULL_A_CIRCULAR_SHIFT,219,colombia_first_round,COL_2026,-1.103531705639413e-08,40258,0.979847149880738,True
A2,PRE_ELECTION,NULL_A_CIRCULAR_SHIFT,220,colombia_first_round,COL_2026,-1.0239889882309928e-08,40244,0.9795064012072239,True
A2,PRE_ELECTION,NULL_A_CIRCULAR_SHIFT,221,colombia_first_round,COL_2026,-1.1156236339733214e-08,40238,0.9793603660614321,True
A2,PRE_ELECTION,NULL_A_CIRCULAR_SHIFT,222,colombia_first_round,COL_2026,-1.0921928554988706e-08,40243,0.9794820620162585,True
A2,PRE_ELECTION,NULL_A_CIRCULAR_SHIFT,223,colombia_first_round,COL_2026,-1.0389874758660743e-08,40234,0.9792630092975709,True
A2,PRE_ELECTION,NULL_A_CIRCULAR_SHIFT,224,colombia_first_round,COL_2026,-1.0748515215312594e-08,40241,0.979433383634328,True
A2,PRE_ELECTION,NULL_A_CIRCULAR_SHIFT,225,colombia_first_round,COL_2026,-1.1096039375846214e-08,40248,0.979603757971085,True
A2,PRE_ELECTION,NULL_A_CIRCULAR_SHIFT,226,colombia_first_round,COL_2026,-1.1148606845869714e-08,40246,0.9795550795891544,True
A2,PRE_ELECTION,NULL_A_CIRCULAR_SHIFT,227,colombia_first_round,COL_2026,-1.1890843034704048e-08,40244,0.9795064012072239,True
A2,PRE_ELECTION,NULL_A_CIRCULAR_SHIFT,228,colombia_first_round,COL_2026,-1.0712724247386761e-08,40257,0.9798228106897727,True
A2,PRE_ELECTION,NULL_A_CIRCULAR_SHIFT,229,colombia_first_round,COL_2026,-1.1286609874023174e-08,40242,0.9794577228252933,True
A2,PRE_ELECTION,NULL_A_CIRCULAR_SHIFT,230,colombia_first_round,COL_2026,-1.0440317633004905e-08,40246,0.9795550795891544,True
A2,PRE_ELECTION,NULL_A_CIRCULAR_SHIFT,231,colombia_first_round,COL_2026,-1.0615849696121624e-08,40271,0.9801635593632868,True
A2,PRE_ELECTION,NULL_A_CIRCULAR_SHIFT,232,colombia_first_round,COL_2026,-1.0734695225485197e-08,40345,0.9819646594947185,True
A2,PRE_ELECTION,NULL_A_CIRCULAR_SHIFT,233,colombia_first_round,COL_2026,-1.1792825675966827e-08,40267,0.9800662025994256,True
A2,PRE_ELECTION,NULL_A_CIRCULAR_SHIFT,234,colombia_first_round,COL_2026,-1.0872608330488986e-08,40280,0.9803826120819744,True
A2,PRE_ELECTION,NULL_A_CIRCULAR_SHIFT,235,colombia_first_round,COL_2026,-1.0450387798769563e-08,40262,0.9799445066445991,True
A2,PRE_ELECTION,NULL_A_CIRCULAR_SHIFT,236,colombia_first_round,COL_2026,-1.0593475399036019e-08,40265,0.980017524217495,True
A2,PRE_ELECTION,NULL_A_CIRCULAR_SHIFT,237,colombia_first_round,COL_2026,-1.0900715532169032e-08,40274,0.9802365769361826,True
A2,PRE_ELECTION,NULL_A_CIRCULAR_SHIFT,238,colombia_first_round,COL_2026,-1.1326123363795504e-08,40274,0.9802365769361826,True
A2,PRE_ELECTION,NULL_A_CIRCULAR_SHIFT,239,colombia_first_round,COL_2026,-1.002541220957686e-08,40229,0.9791413133427445,True
A2,PRE_ELECTION,NULL_A_CIRCULAR_SHIFT,240,colombia_first_round,COL_2026,-1.091276831090726e-08,40340,0.981842963539892,True
A2,PRE_ELECTION,NULL_A_CIRCULAR_SHIFT,241,colombia_first_round,COL_2026,-1.0406866209956089e-08,40236,0.9793116876795015,True
A2,PRE_ELECTION,NULL_A_CIRCULAR_SHIFT,242,colombia_first_round,COL_2026,-1.0785339321121598e-08,40228,0.9791169741517792,True
A2,PRE_ELECTION,NULL_A_CIRCULAR_SHIFT,243,colombia_first_round,COL_2026,-1.0738469044753359e-08,40249,0.9796280971620503,True
A2,PRE_ELECTION,NULL_A_CIRCULAR_SHIFT,244,colombia_first_round,COL_2026,-1.0907769677088217e-08,40306,0.981015431047072,True
A2,PRE_ELECTION,NULL_A_CIRCULAR_SHIFT,245,colombia_first_round,COL_2026,-1.0661945312667262e-08,40245,0.9795307403981892,True
A2,PRE_ELECTION,NULL_A_CIRCULAR_SHIFT,246,colombia_first_round,COL_2026,-9.737629909700265e-09,40247,0.9795794187801198,True
A2,PRE_ELECTION,NULL_A_CIRCULAR_SHIFT,247,colombia_first_round,COL_2026,-1.0965611449038533e-08,40336,0.9817456067760307,True
A2,PRE_ELECTION,NULL_A_CIRCULAR_SHIFT,248,colombia_first_round,COL_2026,-1.106549025151882e-08,40236,0.9793116876795015,True
A2,PRE_ELECTION,NULL_A_CIRCULAR_SHIFT,249,colombia_first_round,COL_2026,-1.1039036343730301e-08,40250,0.9796524363530156,True
A2,PRE_ELECTION,NULL_B_BLOCK_TIME_PERMUTATION,0,colombia_first_round,COL_2026,-1.1083561457268747e-08,40265,0.980017524217495,True
A2,PRE_ELECTION,NULL_B_BLOCK_TIME_PERMUTATION,1,colombia_first_round,COL_2026,-9.936708526756422e-09,40248,0.979603757971085,True
A2,PRE_ELECTION,NULL_B_BLOCK_TIME_PERMUTATION,2,colombia_first_round,COL_2026,-1.0829978219498122e-08,40258,0.979847149880738,True
A2,PRE_ELECTION,NULL_B_BLOCK_TIME_PERMUTATION,3,colombia_first_round,COL_2026,-1.065789692623366e-08,40271,0.9801635593632868,True
A2,PRE_ELECTION,NULL_B_BLOCK_TIME_PERMUTATION,4,colombia_first_round,COL_2026,-1.0137148390061135e-08,40236,0.9793116876795015,True
A2,PRE_ELECTION,NULL_B_BLOCK_TIME_PERMUTATION,5,colombia_first_round,COL_2026,-1.0659664411374956e-08,40251,0.9796767755439809,True
A2,PRE_ELECTION,NULL_B_BLOCK_TIME_PERMUTATION,6,colombia_first_round,COL_2026,-1.0596708576348855e-08,40253,0.9797254539259115,True
A2,PRE_ELECTION,NULL_B_BLOCK_TIME_PERMUTATION,7,colombia_first_round,COL_2026,-1.0882475856583467e-08,40273,0.9802122377452174,True
A2,PRE_ELECTION,NULL_B_BLOCK_TIME_PERMUTATION,8,colombia_first_round,COL_2026,-1.1018831403491839e-08,40278,0.9803339337000438,True
A2,PRE_ELECTION,NULL_B_BLOCK_TIME_PERMUTATION,9,colombia_first_round,COL_2026,-1.1883819495739778e-08,40258,0.979847149880738,True
A2,PRE_ELECTION,NULL_B_BLOCK_TIME_PERMUTATION,10,colombia_first_round,COL_2026,-1.0578173206264478e-08,40250,0.9796524363530156,True
A2,PRE_ELECTION,NULL_B_BLOCK_TIME_PERMUTATION,11,colombia_first_round,COL_2026,-1.130424337492174e-08,40266,0.9800418634084603,True
A2,PRE_ELECTION,NULL_B_BLOCK_TIME_PERMUTATION,12,colombia_first_round,COL_2026,-1.0351327225383866e-08,40251,0.9796767755439809,True
A2,PRE_ELECTION,NULL_B_BLOCK_TIME_PERMUTATION,13,colombia_first_round,COL_2026,-1.111033391488163e-08,40290,0.9806260039916274,True
A2,PRE_ELECTION,NULL_B_BLOCK_TIME_PERMUTATION,14,colombia_first_round,COL_2026,-1.0501927782158193e-08,40266,0.9800418634084603,True
A2,PRE_ELECTION,NULL_B_BLOCK_TIME_PERMUTATION,15,colombia_first_round,COL_2026,-1.0959474692207997e-08,40237,0.9793360268704668,True
A2,PRE_ELECTION,NULL_B_BLOCK_TIME_PERMUTATION,16,colombia_first_round,COL_2026,-1.050474907783038e-08,40238,0.9793603660614321,True
A2,PRE_ELECTION,NULL_B_BLOCK_TIME_PERMUTATION,17,colombia_first_round,COL_2026,-1.0826288807491828e-08,40271,0.9801635593632868,True
A2,PRE_ELECTION,NULL_B_BLOCK_TIME_PERMUTATION,18,colombia_first_round,COL_2026,-1.056610233300059e-08,40261,0.9799201674536339,True
A2,PRE_ELECTION,NULL_B_BLOCK_TIME_PERMUTATION,19,colombia_first_round,COL_2026,-1.0959328988470687e-08,40281,0.9804069512729396,True
A2,PRE_ELECTION,NULL_B_BLOCK_TIME_PERMUTATION,20,colombia_first_round,COL_2026,-1.0609824046379754e-08,40279,0.9803582728910091,True
A2,PRE_ELECTION,NULL_B_BLOCK_TIME_PERMUTATION,21,colombia_first_round,COL_2026,-1.0644378463363245e-08,40266,0.9800418634084603,True
A2,PRE_ELECTION,NULL_B_BLOCK_TIME_PERMUTATION,22,colombia_first_round,COL_2026,-1.1117978132114854e-08,40266,0.9800418634084603,True
A2,PRE_ELECTION,NULL_B_BLOCK_TIME_PERMUTATION,23,colombia_first_round,COL_2026,-1.0569566758619294e-08,40269,0.9801148809813561,True
A2,PRE_ELECTION,NULL_B_BLOCK_TIME_PERMUTATION,24,colombia_first_round,COL_2026,-1.023717074065362e-08,40275,0.9802609161271479,True
A2,PRE_ELECTION,NULL_B_BLOCK_TIME_PERMUTATION,25,colombia_first_round,COL_2026,-1.1065320857248333e-08,40262,0.9799445066445991,True
A2,PRE_ELECTION,NULL_B_BLOCK_TIME_PERMUTATION,26,colombia_first_round,COL_2026,-1.0421210378951256e-08,40291,0.9806503431825926,True
A2,PRE_ELECTION,NULL_B_BLOCK_TIME_PERMUTATION,27,colombia_first_round,COL_2026,-1.095277760114556e-08,40260,0.9798958282626685,True
A2,PRE_ELECTION,NULL_B_BLOCK_TIME_PERMUTATION,28,colombia_first_round,COL_2026,-1.033346758009796e-08,40293,0.9806990215645232,True
A2,PRE_ELECTION,NULL_B_BLOCK_TIME_PERMUTATION,29,colombia_first_round,COL_2026,-1.0773012745924587e-08,40259,0.9798714890717033,True
A2,PRE_ELECTION,NULL_B_BLOCK_TIME_PERMUTATION,30,colombia_first_round,COL_2026,-1.055594770003306e-08,40258,0.979847149880738,True
A2,PRE_ELECTION,NULL_B_BLOCK_TIME_PERMUTATION,31,colombia_first_round,COL_2026,-1.017652354923727e-08,40247,0.9795794187801198,True
A2,PRE_ELECTION,NULL_B_BLOCK_TIME_PERMUTATION,32,colombia_first_round,COL_2026,-1.1011853970932601e-08,40252,0.9797011147349463,True
A2,PRE_ELECTION,NULL_B_BLOCK_TIME_PERMUTATION,33,colombia_first_round,COL_2026,-1.0062312963462496e-08,40246,0.9795550795891544,True
A2,PRE_ELECTION,NULL_B_BLOCK_TIME_PERMUTATION,34,colombia_first_round,COL_2026,-1.0680661835763155e-08,40242,0.9794577228252933,True
A2,PRE_ELECTION,NULL_B_BLOCK_TIME_PERMUTATION,35,colombia_first_round,COL_2026,-1.0986433095135929e-08,40265,0.980017524217495,True
A2,PRE_ELECTION,NULL_B_BLOCK_TIME_PERMUTATION,36,colombia_first_round,COL_2026,-1.1298517832954532e-08,40263,0.9799688458355644,True
A2,PRE_ELECTION,NULL_B_BLOCK_TIME_PERMUTATION,37,colombia_first_round,COL_2026,-1.145840881271319e-08,40244,0.9795064012072239,True
A2,PRE_ELECTION,NULL_B_BLOCK_TIME_PERMUTATION,38,colombia_first_round,COL_2026,-1.0875802082390796e-08,40255,0.979774132307842,True
A2,PRE_ELECTION,NULL_B_BLOCK_TIME_PERMUTATION,39,colombia_first_round,COL_2026,-1.0894559414732027e-08,40257,0.9798228106897727,True
A2,PRE_ELECTION,NULL_B_BLOCK_TIME_PERMUTATION,40,colombia_first_round,COL_2026,-1.0413252431414256e-08,40261,0.9799201674536339,True
A2,PRE_ELECTION,NULL_B_BLOCK_TIME_PERMUTATION,41,colombia_first_round,COL_2026,-1.0761930073206152e-08,40265,0.980017524217495,True
A2,PRE_ELECTION,NULL_B_BLOCK_TIME_PERMUTATION,42,colombia_first_round,COL_2026,-1.0843025296384931e-08,40268,0.9800905417903909,True
A2,PRE_ELECTION,NULL_B_BLOCK_TIME_PERMUTATION,43,colombia_first_round,COL_2026,-1.091907314266038e-08,40254,0.9797497931168768,True
A2,PRE_ELECTION,NULL_B_BLOCK_TIME_PERMUTATION,44,colombia_first_round,COL_2026,-1.0856215329269796e-08,40258,0.979847149880738,True
A2,PRE_ELECTION,NULL_B_BLOCK_TIME_PERMUTATION,45,colombia_first_round,COL_2026,-1.1391711284963115e-08,40263,0.9799688458355644,True
A2,PRE_ELECTION,NULL_B_BLOCK_TIME_PERMUTATION,46,colombia_first_round,COL_2026,-1.0903071942300413e-08,40279,0.9803582728910091,True
A2,PRE_ELECTION,NULL_B_BLOCK_TIME_PERMUTATION,47,colombia_first_round,COL_2026,-1.0658002785839413e-08,40251,0.9796767755439809,True
A2,PRE_ELECTION,NULL_B_BLOCK_TIME_PERMUTATION,48,colombia_first_round,COL_2026,-1.0982530714039128e-08,40261,0.9799201674536339,True
A2,PRE_ELECTION,NULL_B_BLOCK_TIME_PERMUTATION,49,colombia_first_round,COL_2026,-1.057215401042413e-08,40273,0.9802122377452174,True
A2,PRE_ELECTION,NULL_B_BLOCK_TIME_PERMUTATION,50,colombia_first_round,COL_2026,-1.0531259834430511e-08,40260,0.9798958282626685,True
A2,PRE_ELECTION,NULL_B_BLOCK_TIME_PERMUTATION,51,colombia_first_round,COL_2026,-1.0278191134291837e-08,40257,0.9798228106897727,True
A2,PRE_ELECTION,NULL_B_BLOCK_TIME_PERMUTATION,52,colombia_first_round,COL_2026,-1.0178300361205946e-08,40271,0.9801635593632868,True
A2,PRE_ELECTION,NULL_B_BLOCK_TIME_PERMUTATION,53,colombia_first_round,COL_2026,-1.0625462728997365e-08,40245,0.9795307403981892,True
A2,PRE_ELECTION,NULL_B_BLOCK_TIME_PERMUTATION,54,colombia_first_round,COL_2026,-1.0634336485309096e-08,40266,0.9800418634084603,True
A2,PRE_ELECTION,NULL_B_BLOCK_TIME_PERMUTATION,55,colombia_first_round,COL_2026,-1.1377301648934015e-08,40253,0.9797254539259115,True
A2,PRE_ELECTION,NULL_B_BLOCK_TIME_PERMUTATION,56,colombia_first_round,COL_2026,-1.101051249448043e-08,40292,0.9806746823735579,True
A2,PRE_ELECTION,NULL_B_BLOCK_TIME_PERMUTATION,57,colombia_first_round,COL_2026,-1.0299678208649399e-08,40269,0.9801148809813561,True
A2,PRE_ELECTION,NULL_B_BLOCK_TIME_PERMUTATION,58,colombia_first_round,COL_2026,-1.0527284479034504e-08,40274,0.9802365769361826,True
A2,PRE_ELECTION,NULL_B_BLOCK_TIME_PERMUTATION,59,colombia_first_round,COL_2026,-1.0760389422915797e-08,40264,0.9799931850265298,True
A2,PRE_ELECTION,NULL_B_BLOCK_TIME_PERMUTATION,60,colombia_first_round,COL_2026,-1.0816615401884455e-08,40264,0.9799931850265298,True
A2,PRE_ELECTION,NULL_B_BLOCK_TIME_PERMUTATION,61,colombia_first_round,COL_2026,-1.014080252676827e-08,40244,0.9795064012072239,True
A2,PRE_ELECTION,NULL_B_BLOCK_TIME_PERMUTATION,62,colombia_first_round,COL_2026,-1.0371314948460792e-08,40274,0.9802365769361826,True
A2,PRE_ELECTION,NULL_B_BLOCK_TIME_PERMUTATION,63,colombia_first_round,COL_2026,-1.1073877785782191e-08,40254,0.9797497931168768,True
A2,PRE_ELECTION,NULL_B_BLOCK_TIME_PERMUTATION,64,colombia_first_round,COL_2026,-1.0883609561541154e-08,40244,0.9795064012072239,True
A2,PRE_ELECTION,NULL_B_BLOCK_TIME_PERMUTATION,65,colombia_first_round,COL_2026,-1.0146875537806525e-08,40258,0.979847149880738,True
A2,PRE_ELECTION,NULL_B_BLOCK_TIME_PERMUTATION,66,colombia_first_round,COL_2026,-1.080299293829968e-08,40267,0.9800662025994256,True
A2,PRE_ELECTION,NULL_B_BLOCK_TIME_PERMUTATION,67,colombia_first_round,COL_2026,-1.0630455744721639e-08,40264,0.9799931850265298,True
A2,PRE_ELECTION,NULL_B_BLOCK_TIME_PERMUTATION,68,colombia_first_round,COL_2026,-1.1300461455466541e-08,40307,0.9810397702380372,True
A2,PRE_ELECTION,NULL_B_BLOCK_TIME_PERMUTATION,69,colombia_first_round,COL_2026,-1.0429657068100266e-08,40265,0.980017524217495,True
A2,PRE_ELECTION,NULL_B_BLOCK_TIME_PERMUTATION,70,colombia_first_round,COL_2026,-1.047068916601284e-08,40247,0.9795794187801198,True
A2,PRE_ELECTION,NULL_B_BLOCK_TIME_PERMUTATION,71,colombia_first_round,COL_2026,-1.0445575334918338e-08,40261,0.9799201674536339,True
A2,PRE_ELECTION,NULL_B_BLOCK_TIME_PERMUTATION,72,colombia_first_round,COL_2026,-1.0446501097972004e-08,40269,0.9801148809813561,True
A2,PRE_ELECTION,NULL_B_BLOCK_TIME_PERMUTATION,73,colombia_first_round,COL_2026,-9.840761210787431e-09,40253,0.9797254539259115,True
A2,PRE_ELECTION,NULL_B_BLOCK_TIME_PERMUTATION,74,colombia_first_round,COL_2026,-1.1028404483305938e-08,40266,0.9800418634084603,True
A2,PRE_ELECTION,NULL_B_BLOCK_TIME_PERMUTATION,75,colombia_first_round,COL_2026,-1.0639510881278255e-08,40279,0.9803582728910091,True
A2,PRE_ELECTION,NULL_B_BLOCK_TIME_PERMUTATION,76,colombia_first_round,COL_2026,-1.0643909515450738e-08,40240,0.9794090444433627,True
A2,PRE_ELECTION,NULL_B_BLOCK_TIME_PERMUTATION,77,colombia_first_round,COL_2026,-1.2637195299406927e-08,40246,0.9795550795891544,True
A2,PRE_ELECTION,NULL_B_BLOCK_TIME_PERMUTATION,78,colombia_first_round,COL_2026,-1.1346478943129874e-08,40260,0.9798958282626685,True
A2,PRE_ELECTION,NULL_B_BLOCK_TIME_PERMUTATION,79,colombia_first_round,COL_2026,-9.991660250627778e-09,40277,0.9803095945090785,True
A2,PRE_ELECTION,NULL_B_BLOCK_TIME_PERMUTATION,80,colombia_first_round,COL_2026,-1.0262374269921277e-08,40244,0.9795064012072239,True
A2,PRE_ELECTION,NULL_B_BLOCK_TIME_PERMUTATION,81,colombia_first_round,COL_2026,-1.074144106902907e-08,40241,0.979433383634328,True
A2,PRE_ELECTION,NULL_B_BLOCK_TIME_PERMUTATION,82,colombia_first_round,COL_2026,-1.0914260417385937e-08,40255,0.979774132307842,True
A2,PRE_ELECTION,NULL_B_BLOCK_TIME_PERMUTATION,83,colombia_first_round,COL_2026,-1.0946771231098057e-08,40263,0.9799688458355644,True
A2,PRE_ELECTION,NULL_B_BLOCK_TIME_PERMUTATION,84,colombia_first_round,COL_2026,-1.0304106594187117e-08,40248,0.979603757971085,True
A2,PRE_ELECTION,NULL_B_BLOCK_TIME_PERMUTATION,85,colombia_first_round,COL_2026,-1.1023837789430276e-08,40251,0.9796767755439809,True
A2,PRE_ELECTION,NULL_B_BLOCK_TIME_PERMUTATION,86,colombia_first_round,COL_2026,-1.0523442539058707e-08,40242,0.9794577228252933,True
A2,PRE_ELECTION,NULL_B_BLOCK_TIME_PERMUTATION,87,colombia_first_round,COL_2026,-1.0207713925417777e-08,40252,0.9797011147349463,True
A2,PRE_ELECTION,NULL_B_BLOCK_TIME_PERMUTATION,88,colombia_first_round,COL_2026,-1.089466121141618e-08,40268,0.9800905417903909,True
A2,PRE_ELECTION,NULL_B_BLOCK_TIME_PERMUTATION,89,colombia_first_round,COL_2026,-1.1064476304178065e-08,40260,0.9798958282626685,True
A2,PRE_ELECTION,NULL_B_BLOCK_TIME_PERMUTATION,90,colombia_first_round,COL_2026,-1.0800050943283017e-08,40254,0.9797497931168768,True
A2,PRE_ELECTION,NULL_B_BLOCK_TIME_PERMUTATION,91,colombia_first_round,COL_2026,-1.0939036939403109e-08,40247,0.9795794187801198,True
A2,PRE_ELECTION,NULL_B_BLOCK_TIME_PERMUTATION,92,colombia_first_round,COL_2026,-1.1249674964548563e-08,40256,0.9797984714988074,True
A2,PRE_ELECTION,NULL_B_BLOCK_TIME_PERMUTATION,93,colombia_first_round,COL_2026,-1.0874071050217602e-08,40250,0.9796524363530156,True
A2,PRE_ELECTION,NULL_B_BLOCK_TIME_PERMUTATION,94,colombia_first_round,COL_2026,-1.0585412922441517e-08,40260,0.9798958282626685,True
A2,PRE_ELECTION,NULL_B_BLOCK_TIME_PERMUTATION,95,colombia_first_round,COL_2026,-1.1414865669595175e-08,40247,0.9795794187801198,True
A2,PRE_ELECTION,NULL_B_BLOCK_TIME_PERMUTATION,96,colombia_first_round,COL_2026,-1.0426111226476163e-08,40253,0.9797254539259115,True
A2,PRE_ELECTION,NULL_B_BLOCK_TIME_PERMUTATION,97,colombia_first_round,COL_2026,-1.0873832360173232e-08,40292,0.9806746823735579,True
A2,PRE_ELECTION,NULL_B_BLOCK_TIME_PERMUTATION,98,colombia_first_round,COL_2026,-1.040338910852595e-08,40284,0.9804799688458355,True
A2,PRE_ELECTION,NULL_B_BLOCK_TIME_PERMUTATION,99,colombia_first_round,COL_2026,-1.0911365900727987e-08,40262,0.9799445066445991,True
A2,PRE_ELECTION,NULL_B_BLOCK_TIME_PERMUTATION,100,colombia_first_round,COL_2026,-1.0790711470673462e-08,40255,0.979774132307842,True
A2,PRE_ELECTION,NULL_B_BLOCK_TIME_PERMUTATION,101,colombia_first_round,COL_2026,-1.0027229090561664e-08,40248,0.979603757971085,True
A2,PRE_ELECTION,NULL_B_BLOCK_TIME_PERMUTATION,102,colombia_first_round,COL_2026,-1.0529204365288645e-08,40257,0.9798228106897727,True
A2,PRE_ELECTION,NULL_B_BLOCK_TIME_PERMUTATION,103,colombia_first_round,COL_2026,-1.066281004211643e-08,40264,0.9799931850265298,True
A2,PRE_ELECTION,NULL_B_BLOCK_TIME_PERMUTATION,104,colombia_first_round,COL_2026,-1.1058296151946516e-08,40265,0.980017524217495,True
A2,PRE_ELECTION,NULL_B_BLOCK_TIME_PERMUTATION,105,colombia_first_round,COL_2026,-1.0696907006990245e-08,40254,0.9797497931168768,True
A2,PRE_ELECTION,NULL_B_BLOCK_TIME_PERMUTATION,106,colombia_first_round,COL_2026,-1.0264714962545311e-08,40255,0.979774132307842,True
A2,PRE_ELECTION,NULL_B_BLOCK_TIME_PERMUTATION,107,colombia_first_round,COL_2026,-1.0174115373627546e-08,40260,0.9798958282626685,True
A2,PRE_ELECTION,NULL_B_BLOCK_TIME_PERMUTATION,108,colombia_first_round,COL_2026,-1.1170275951592891e-08,40257,0.9798228106897727,True
A2,PRE_ELECTION,NULL_B_BLOCK_TIME_PERMUTATION,109,colombia_first_round,COL_2026,-1.0102569511568144e-08,40248,0.979603757971085,True
A2,PRE_ELECTION,NULL_B_BLOCK_TIME_PERMUTATION,110,colombia_first_round,COL_2026,-1.1390873741589576e-08,40254,0.9797497931168768,True
A2,PRE_ELECTION,NULL_B_BLOCK_TIME_PERMUTATION,111,colombia_first_round,COL_2026,-1.116262514921185e-08,40272,0.980187898554252,True
A2,PRE_ELECTION,NULL_B_BLOCK_TIME_PERMUTATION,112,colombia_first_round,COL_2026,-1.0373017046416259e-08,40248,0.979603757971085,True
A2,PRE_ELECTION,NULL_B_BLOCK_TIME_PERMUTATION,113,colombia_first_round,COL_2026,-1.0600017258121107e-08,40289,0.980601664800662,True
A2,PRE_ELECTION,NULL_B_BLOCK_TIME_PERMUTATION,114,colombia_first_round,COL_2026,-1.058775349648251e-08,40255,0.979774132307842,True
A2,PRE_ELECTION,NULL_B_BLOCK_TIME_PERMUTATION,115,colombia_first_round,COL_2026,-1.0443793441360256e-08,40253,0.9797254539259115,True
A2,PRE_ELECTION,NULL_B_BLOCK_TIME_PERMUTATION,116,colombia_first_round,COL_2026,-1.051443174550421e-08,40291,0.9806503431825926,True
A2,PRE_ELECTION,NULL_B_BLOCK_TIME_PERMUTATION,117,colombia_first_round,COL_2026,-1.0760284148578371e-08,40261,0.9799201674536339,True
A2,PRE_ELECTION,NULL_B_BLOCK_TIME_PERMUTATION,118,colombia_first_round,COL_2026,-1.1349678771275567e-08,40282,0.980431290463905,True
A2,PRE_ELECTION,NULL_B_BLOCK_TIME_PERMUTATION,119,colombia_first_round,COL_2026,-1.0404445041946484e-08,40276,0.9802852553181133,True
A2,PRE_ELECTION,NULL_B_BLOCK_TIME_PERMUTATION,120,colombia_first_round,COL_2026,-1.0763768016968548e-08,40249,0.9796280971620503,True
A2,PRE_ELECTION,NULL_B_BLOCK_TIME_PERMUTATION,121,colombia_first_round,COL_2026,-1.1098536574394272e-08,40255,0.979774132307842,True
A2,PRE_ELECTION,NULL_B_BLOCK_TIME_PERMUTATION,122,colombia_first_round,COL_2026,-1.1116720552427958e-08,40268,0.9800905417903909,True
A2,PRE_ELECTION,NULL_B_BLOCK_TIME_PERMUTATION,123,colombia_first_round,COL_2026,-1.035468327041964e-08,40277,0.9803095945090785,True
A2,PRE_ELECTION,NULL_B_BLOCK_TIME_PERMUTATION,124,colombia_first_round,COL_2026,-1.060011130833747e-08,40267,0.9800662025994256,True
A2,PRE_ELECTION,NULL_B_BLOCK_TIME_PERMUTATION,125,colombia_first_round,COL_2026,-1.0066188052326823e-08,40240,0.9794090444433627,True
A2,PRE_ELECTION,NULL_B_BLOCK_TIME_PERMUTATION,126,colombia_first_round,COL_2026,-9.97639702239113e-09,40268,0.9800905417903909,True
A2,PRE_ELECTION,NULL_B_BLOCK_TIME_PERMUTATION,127,colombia_first_round,COL_2026,-1.0615516300379574e-08,40255,0.979774132307842,True
A2,PRE_ELECTION,NULL_B_BLOCK_TIME_PERMUTATION,128,colombia_first_round,COL_2026,-1.0713505772590989e-08,40259,0.9798714890717033,True
A2,PRE_ELECTION,NULL_B_BLOCK_TIME_PERMUTATION,129,colombia_first_round,COL_2026,-1.0279685904830413e-08,40249,0.9796280971620503,True
A2,PRE_ELECTION,NULL_B_BLOCK_TIME_PERMUTATION,130,colombia_first_round,COL_2026,-1.0512045741843017e-08,40279,0.9803582728910091,True
A2,PRE_ELECTION,NULL_B_BLOCK_TIME_PERMUTATION,131,colombia_first_round,COL_2026,-1.0777089106678137e-08,40266,0.9800418634084603,True
A2,PRE_ELECTION,NULL_B_BLOCK_TIME_PERMUTATION,132,colombia_first_round,COL_2026,-1.1148562736338325e-08,40253,0.9797254539259115,True
A2,PRE_ELECTION,NULL_B_BLOCK_TIME_PERMUTATION,133,colombia_first_round,COL_2026,-1.105820161604317e-08,40261,0.9799201674536339,True
A2,PRE_ELECTION,NULL_B_BLOCK_TIME_PERMUTATION,134,colombia_first_round,COL_2026,-1.1658337617874732e-08,40258,0.979847149880738,True
A2,PRE_ELECTION,NULL_B_BLOCK_TIME_PERMUTATION,135,colombia_first_round,COL_2026,-1.0757746896417105e-08,40238,0.9793603660614321,True
A2,PRE_ELECTION,NULL_B_BLOCK_TIME_PERMUTATION,136,colombia_first_round,COL_2026,-1.0424366128266875e-08,40239,0.9793847052523974,True
A2,PRE_ELECTION,NULL_B_BLOCK_TIME_PERMUTATION,137,colombia_first_round,COL_2026,-1.1135121582012685e-08,40258,0.979847149880738,True
A2,PRE_ELECTION,NULL_B_BLOCK_TIME_PERMUTATION,138,colombia_first_round,COL_2026,-9.746801515120328e-09,40270,0.9801392201723215,True
A2,PRE_ELECTION,NULL_B_BLOCK_TIME_PERMUTATION,139,colombia_first_round,COL_2026,-1.0776332080639861e-08,40250,0.9796524363530156,True
A2,PRE_ELECTION,NULL_B_BLOCK_TIME_PERMUTATION,140,colombia_first_round,COL_2026,-1.1298194056269865e-08,40276,0.9802852553181133,True
A2,PRE_ELECTION,NULL_B_BLOCK_TIME_PERMUTATION,141,colombia_first_round,COL_2026,-1.0664758826683812e-08,40262,0.9799445066445991,True
A2,PRE_ELECTION,NULL_B_BLOCK_TIME_PERMUTATION,142,colombia_first_round,COL_2026,-1.1151762622591017e-08,40254,0.9797497931168768,True
A2,PRE_ELECTION,NULL_B_BLOCK_TIME_PERMUTATION,143,colombia_first_round,COL_2026,-1.0178231044846799e-08,40270,0.9801392201723215,True
A2,PRE_ELECTION,NULL_B_BLOCK_TIME_PERMUTATION,144,colombia_first_round,COL_2026,-1.0943831093755977e-08,40266,0.9800418634084603,True
A2,PRE_ELECTION,NULL_B_BLOCK_TIME_PERMUTATION,145,colombia_first_round,COL_2026,-1.0706879865285694e-08,40272,0.980187898554252,True
A2,PRE_ELECTION,NULL_B_BLOCK_TIME_PERMUTATION,146,colombia_first_round,COL_2026,-1.151399373464111e-08,40272,0.980187898554252,True
A2,PRE_ELECTION,NULL_B_BLOCK_TIME_PERMUTATION,147,colombia_first_round,COL_2026,-1.126503559661985e-08,40253,0.9797254539259115,True
A2,PRE_ELECTION,NULL_B_BLOCK_TIME_PERMUTATION,148,colombia_first_round,COL_2026,-1.0772859043727622e-08,40277,0.9803095945090785,True
A2,PRE_ELECTION,NULL_B_BLOCK_TIME_PERMUTATION,149,colombia_first_round,COL_2026,-1.0523360199733477e-08,40275,0.9802609161271479,True
A2,PRE_ELECTION,NULL_B_BLOCK_TIME_PERMUTATION,150,colombia_first_round,COL_2026,-1.0660177191357173e-08,40253,0.9797254539259115,True
A2,PRE_ELECTION,NULL_B_BLOCK_TIME_PERMUTATION,151,colombia_first_round,COL_2026,-1.1124590502991407e-08,40268,0.9800905417903909,True
A2,PRE_ELECTION,NULL_B_BLOCK_TIME_PERMUTATION,152,colombia_first_round,COL_2026,-1.0433940967728669e-08,40259,0.9798714890717033,True
A2,PRE_ELECTION,NULL_B_BLOCK_TIME_PERMUTATION,153,colombia_first_round,COL_2026,-9.831916669776542e-09,40247,0.9795794187801198,True
A2,PRE_ELECTION,NULL_B_BLOCK_TIME_PERMUTATION,154,colombia_first_round,COL_2026,-9.53255110040362e-09,40257,0.9798228106897727,True
A2,PRE_ELECTION,NULL_B_BLOCK_TIME_PERMUTATION,155,colombia_first_round,COL_2026,-1.0623837526983149e-08,40246,0.9795550795891544,True
A2,PRE_ELECTION,NULL_B_BLOCK_TIME_PERMUTATION,156,colombia_first_round,COL_2026,-1.0335581892841857e-08,40282,0.980431290463905,True
A2,PRE_ELECTION,NULL_B_BLOCK_TIME_PERMUTATION,157,colombia_first_round,COL_2026,-1.010319464520578e-08,40259,0.9798714890717033,True
A2,PRE_ELECTION,NULL_B_BLOCK_TIME_PERMUTATION,158,colombia_first_round,COL_2026,-1.0701278529212713e-08,40285,0.9805043080368009,True
A2,PRE_ELECTION,NULL_B_BLOCK_TIME_PERMUTATION,159,colombia_first_round,COL_2026,-1.020370325922777e-08,40259,0.9798714890717033,True
A2,PRE_ELECTION,NULL_B_BLOCK_TIME_PERMUTATION,160,colombia_first_round,COL_2026,-1.0456490599855293e-08,40263,0.9799688458355644,True
A2,PRE_ELECTION,NULL_B_BLOCK_TIME_PERMUTATION,161,colombia_first_round,COL_2026,-1.127315927941836e-08,40269,0.9801148809813561,True
A2,PRE_ELECTION,NULL_B_BLOCK_TIME_PERMUTATION,162,colombia_first_round,COL_2026,-9.710892426638624e-09,40245,0.9795307403981892,True
A2,PRE_ELECTION,NULL_B_BLOCK_TIME_PERMUTATION,163,colombia_first_round,COL_2026,-1.0080891279452547e-08,40254,0.9797497931168768,True
A2,PRE_ELECTION,NULL_B_BLOCK_TIME_PERMUTATION,164,colombia_first_round,COL_2026,-1.046375958932134e-08,40275,0.9802609161271479,True
A2,PRE_ELECTION,NULL_B_BLOCK_TIME_PERMUTATION,165,colombia_first_round,COL_2026,-1.0484845324791412e-08,40249,0.9796280971620503,True
A2,PRE_ELECTION,NULL_B_BLOCK_TIME_PERMUTATION,166,colombia_first_round,COL_2026,-1.0741537606197112e-08,40255,0.979774132307842,True
A2,PRE_ELECTION,NULL_B_BLOCK_TIME_PERMUTATION,167,colombia_first_round,COL_2026,-1.0859072812407234e-08,40276,0.9802852553181133,True
A2,PRE_ELECTION,NULL_B_BLOCK_TIME_PERMUTATION,168,colombia_first_round,COL_2026,-1.1283842579393103e-08,40267,0.9800662025994256,True
A2,PRE_ELECTION,NULL_B_BLOCK_TIME_PERMUTATION,169,colombia_first_round,COL_2026,-1.0478300171600047e-08,40294,0.9807233607554885,True
A2,PRE_ELECTION,NULL_B_BLOCK_TIME_PERMUTATION,170,colombia_first_round,COL_2026,-1.0343477996368026e-08,40259,0.9798714890717033,True
A2,PRE_ELECTION,NULL_B_BLOCK_TIME_PERMUTATION,171,colombia_first_round,COL_2026,-1.1034567202651526e-08,40266,0.9800418634084603,True
A2,PRE_ELECTION,NULL_B_BLOCK_TIME_PERMUTATION,172,colombia_first_round,COL_2026,-1.1187421517975407e-08,40242,0.9794577228252933,True
A2,PRE_ELECTION,NULL_B_BLOCK_TIME_PERMUTATION,173,colombia_first_round,COL_2026,-1.0864880037921025e-08,40280,0.9803826120819744,True
A2,PRE_ELECTION,NULL_B_BLOCK_TIME_PERMUTATION,174,colombia_first_round,COL_2026,-1.000721752413069e-08,40263,0.9799688458355644,True
A2,PRE_ELECTION,NULL_B_BLOCK_TIME_PERMUTATION,175,colombia_first_round,COL_2026,-9.683013411843515e-09,40265,0.980017524217495,True
A2,PRE_ELECTION,NULL_B_BLOCK_TIME_PERMUTATION,176,colombia_first_round,COL_2026,-1.0881251355411933e-08,40274,0.9802365769361826,True
A2,PRE_ELECTION,NULL_B_BLOCK_TIME_PERMUTATION,177,colombia_first_round,COL_2026,-1.0397355092770949e-08,40253,0.9797254539259115,True
A2,PRE_ELECTION,NULL_B_BLOCK_TIME_PERMUTATION,178,colombia_first_round,COL_2026,-1.063882487838333e-08,40246,0.9795550795891544,True
A2,PRE_ELECTION,NULL_B_BLOCK_TIME_PERMUTATION,179,colombia_first_round,COL_2026,-1.0126904055157167e-08,40259,0.9798714890717033,True
A2,PRE_ELECTION,NULL_B_BLOCK_TIME_PERMUTATION,180,colombia_first_round,COL_2026,-1.1284194344210014e-08,40267,0.9800662025994256,True
A2,PRE_ELECTION,NULL_B_BLOCK_TIME_PERMUTATION,181,colombia_first_round,COL_2026,-1.0739595012886227e-08,40289,0.980601664800662,True
A2,PRE_ELECTION,NULL_B_BLOCK_TIME_PERMUTATION,182,colombia_first_round,COL_2026,-1.0253239081052564e-08,40254,0.9797497931168768,True
A2,PRE_ELECTION,NULL_B_BLOCK_TIME_PERMUTATION,183,colombia_first_round,COL_2026,-9.971385088674765e-09,40259,0.9798714890717033,True
A2,PRE_ELECTION,NULL_B_BLOCK_TIME_PERMUTATION,184,colombia_first_round,COL_2026,-1.0506783956745235e-08,40252,0.9797011147349463,True
A2,PRE_ELECTION,NULL_B_BLOCK_TIME_PERMUTATION,185,colombia_first_round,COL_2026,-1.118194974596288e-08,40245,0.9795307403981892,True
A2,PRE_ELECTION,NULL_B_BLOCK_TIME_PERMUTATION,186,colombia_first_round,COL_2026,-9.984424064396063e-09,40248,0.979603757971085,True
A2,PRE_ELECTION,NULL_B_BLOCK_TIME_PERMUTATION,187,colombia_first_round,COL_2026,-9.88080651409835e-09,40258,0.979847149880738,True
A2,PRE_ELECTION,NULL_B_BLOCK_TIME_PERMUTATION,188,colombia_first_round,COL_2026,-1.1267940697436618e-08,40246,0.9795550795891544,True
A2,PRE_ELECTION,NULL_B_BLOCK_TIME_PERMUTATION,189,colombia_first_round,COL_2026,-1.017555642829286e-08,40276,0.9802852553181133,True
A2,PRE_ELECTION,NULL_B_BLOCK_TIME_PERMUTATION,190,colombia_first_round,COL_2026,-1.0843178421230043e-08,40264,0.9799931850265298,True
A2,PRE_ELECTION,NULL_B_BLOCK_TIME_PERMUTATION,191,colombia_first_round,COL_2026,-1.0454444792126336e-08,40262,0.9799445066445991,True
A2,PRE_ELECTION,NULL_B_BLOCK_TIME_PERMUTATION,192,colombia_first_round,COL_2026,-1.0378922307459692e-08,40252,0.9797011147349463,True
A2,PRE_ELECTION,NULL_B_BLOCK_TIME_PERMUTATION,193,colombia_first_round,COL_2026,-1.1157397846651395e-08,40251,0.9796767755439809,True
A2,PRE_ELECTION,NULL_B_BLOCK_TIME_PERMUTATION,194,colombia_first_round,COL_2026,-1.0435504205502663e-08,40274,0.9802365769361826,True
A2,PRE_ELECTION,NULL_B_BLOCK_TIME_PERMUTATION,195,colombia_first_round,COL_2026,-1.1312869374625326e-08,40271,0.9801635593632868,True
A2,PRE_ELECTION,NULL_B_BLOCK_TIME_PERMUTATION,196,colombia_first_round,COL_2026,-1.106735108529073e-08,40256,0.9797984714988074,True
A2,PRE_ELECTION,NULL_B_BLOCK_TIME_PERMUTATION,197,colombia_first_round,COL_2026,-1.0453357405116642e-08,40283,0.9804556296548703,True
A2,PRE_ELECTION,NULL_B_BLOCK_TIME_PERMUTATION,198,colombia_first_round,COL_2026,-1.0624520948481908e-08,40245,0.9795307403981892,True
A2,PRE_ELECTION,NULL_B_BLOCK_TIME_PERMUTATION,199,colombia_first_round,COL_2026,-1.098684981984587e-08,40266,0.9800418634084603,True
A2,PRE_ELECTION,NULL_B_BLOCK_TIME_PERMUTATION,200,colombia_first_round,COL_2026,-1.0754743918609093e-08,40256,0.9797984714988074,True
A2,PRE_ELECTION,NULL_B_BLOCK_TIME_PERMUTATION,201,colombia_first_round,COL_2026,-1.0736578235863188e-08,40246,0.9795550795891544,True
A2,PRE_ELECTION,NULL_B_BLOCK_TIME_PERMUTATION,202,colombia_first_round,COL_2026,-1.037594307515726e-08,40256,0.9797984714988074,True
A2,PRE_ELECTION,NULL_B_BLOCK_TIME_PERMUTATION,203,colombia_first_round,COL_2026,-1.0901395426654853e-08,40238,0.9793603660614321,True
A2,PRE_ELECTION,NULL_B_BLOCK_TIME_PERMUTATION,204,colombia_first_round,COL_2026,-1.1028800413735243e-08,40257,0.9798228106897727,True
A2,PRE_ELECTION,NULL_B_BLOCK_TIME_PERMUTATION,205,colombia_first_round,COL_2026,-1.0998536320183534e-08,40268,0.9800905417903909,True
A2,PRE_ELECTION,NULL_B_BLOCK_TIME_PERMUTATION,206,colombia_first_round,COL_2026,-9.953151756177177e-09,40258,0.979847149880738,True
A2,PRE_ELECTION,NULL_B_BLOCK_TIME_PERMUTATION,207,colombia_first_round,COL_2026,-1.0369641429338542e-08,40243,0.9794820620162585,True
A2,PRE_ELECTION,NULL_B_BLOCK_TIME_PERMUTATION,208,colombia_first_round,COL_2026,-1.0787345050662202e-08,40242,0.9794577228252933,True
A2,PRE_ELECTION,NULL_B_BLOCK_TIME_PERMUTATION,209,colombia_first_round,COL_2026,-1.0435169490089994e-08,40259,0.9798714890717033,True
A2,PRE_ELECTION,NULL_B_BLOCK_TIME_PERMUTATION,210,colombia_first_round,COL_2026,-9.996965691613311e-09,40264,0.9799931850265298,True
A2,PRE_ELECTION,NULL_B_BLOCK_TIME_PERMUTATION,211,colombia_first_round,COL_2026,-1.0724988727045092e-08,40260,0.9798958282626685,True
A2,PRE_ELECTION,NULL_B_BLOCK_TIME_PERMUTATION,212,colombia_first_round,COL_2026,-1.0065564965366215e-08,40272,0.980187898554252,True
A2,PRE_ELECTION,NULL_B_BLOCK_TIME_PERMUTATION,213,colombia_first_round,COL_2026,-1.0604638636361388e-08,40241,0.979433383634328,True
A2,PRE_ELECTION,NULL_B_BLOCK_TIME_PERMUTATION,214,colombia_first_round,COL_2026,-1.1291465439407855e-08,40253,0.9797254539259115,True
A2,PRE_ELECTION,NULL_B_BLOCK_TIME_PERMUTATION,215,colombia_first_round,COL_2026,-1.0106161406779653e-08,40258,0.979847149880738,True
A2,PRE_ELECTION,NULL_B_BLOCK_TIME_PERMUTATION,216,colombia_first_round,COL_2026,-1.0653228130929093e-08,40261,0.9799201674536339,True
A2,PRE_ELECTION,NULL_B_BLOCK_TIME_PERMUTATION,217,colombia_first_round,COL_2026,-1.1255013156485489e-08,40249,0.9796280971620503,True
A2,PRE_ELECTION,NULL_B_BLOCK_TIME_PERMUTATION,218,colombia_first_round,COL_2026,-1.1201878632077589e-08,40280,0.9803826120819744,True
A2,PRE_ELECTION,NULL_B_BLOCK_TIME_PERMUTATION,219,colombia_first_round,COL_2026,-1.101897424774087e-08,40267,0.9800662025994256,True
A2,PRE_ELECTION,NULL_B_BLOCK_TIME_PERMUTATION,220,colombia_first_round,COL_2026,-1.1546566325528134e-08,40265,0.980017524217495,True
A2,PRE_ELECTION,NULL_B_BLOCK_TIME_PERMUTATION,221,colombia_first_round,COL_2026,-1.0531915830658133e-08,40255,0.979774132307842,True
A2,PRE_ELECTION,NULL_B_BLOCK_TIME_PERMUTATION,222,colombia_first_round,COL_2026,-1.0163933776321923e-08,40245,0.9795307403981892,True
A2,PRE_ELECTION,NULL_B_BLOCK_TIME_PERMUTATION,223,colombia_first_round,COL_2026,-1.134450300266688e-08,40255,0.979774132307842,True
A2,PRE_ELECTION,NULL_B_BLOCK_TIME_PERMUTATION,224,colombia_first_round,COL_2026,-1.0611831166453125e-08,40246,0.9795550795891544,True
A2,PRE_ELECTION,NULL_B_BLOCK_TIME_PERMUTATION,225,colombia_first_round,COL_2026,-1.0704283235991956e-08,40276,0.9802852553181133,True
A2,PRE_ELECTION,NULL_B_BLOCK_TIME_PERMUTATION,226,colombia_first_round,COL_2026,-9.880736377040454e-09,40281,0.9804069512729396,True
A2,PRE_ELECTION,NULL_B_BLOCK_TIME_PERMUTATION,227,colombia_first_round,COL_2026,-1.0730406855764775e-08,40264,0.9799931850265298,True
A2,PRE_ELECTION,NULL_B_BLOCK_TIME_PERMUTATION,228,colombia_first_round,COL_2026,-1.1057060422866275e-08,40261,0.9799201674536339,True
A2,PRE_ELECTION,NULL_B_BLOCK_TIME_PERMUTATION,229,colombia_first_round,COL_2026,-1.0566335191267474e-08,40254,0.9797497931168768,True
A2,PRE_ELECTION,NULL_B_BLOCK_TIME_PERMUTATION,230,colombia_first_round,COL_2026,-1.101096379352854e-08,40269,0.9801148809813561,True
A2,PRE_ELECTION,NULL_B_BLOCK_TIME_PERMUTATION,231,colombia_first_round,COL_2026,-1.1661915991552471e-08,40282,0.980431290463905,True
A2,PRE_ELECTION,NULL_B_BLOCK_TIME_PERMUTATION,232,colombia_first_round,COL_2026,-1.021564033486559e-08,40245,0.9795307403981892,True
A2,PRE_ELECTION,NULL_B_BLOCK_TIME_PERMUTATION,233,colombia_first_round,COL_2026,-1.050140687014855e-08,40270,0.9801392201723215,True
A2,PRE_ELECTION,NULL_B_BLOCK_TIME_PERMUTATION,234,colombia_first_round,COL_2026,-1.0232700270682334e-08,40284,0.9804799688458355,True
A2,PRE_ELECTION,NULL_B_BLOCK_TIME_PERMUTATION,235,colombia_first_round,COL_2026,-1.0954922187538016e-08,40248,0.979603757971085,True
A2,PRE_ELECTION,NULL_B_BLOCK_TIME_PERMUTATION,236,colombia_first_round,COL_2026,-1.0633402964451158e-08,40280,0.9803826120819744,True
A2,PRE_ELECTION,NULL_B_BLOCK_TIME_PERMUTATION,237,colombia_first_round,COL_2026,-1.1037933342951535e-08,40275,0.9802609161271479,True
A2,PRE_ELECTION,NULL_B_BLOCK_TIME_PERMUTATION,238,colombia_first_round,COL_2026,-1.1063735496010366e-08,40245,0.9795307403981892,True
A2,PRE_ELECTION,NULL_B_BLOCK_TIME_PERMUTATION,239,colombia_first_round,COL_2026,-1.0593361399170993e-08,40274,0.9802365769361826,True
A2,PRE_ELECTION,NULL_B_BLOCK_TIME_PERMUTATION,240,colombia_first_round,COL_2026,-1.0380313952978017e-08,40266,0.9800418634084603,True
A2,PRE_ELECTION,NULL_B_BLOCK_TIME_PERMUTATION,241,colombia_first_round,COL_2026,-1.1334203871337918e-08,40278,0.9803339337000438,True
A2,PRE_ELECTION,NULL_B_BLOCK_TIME_PERMUTATION,242,colombia_first_round,COL_2026,-1.0347188671624587e-08,40279,0.9803582728910091,True
A2,PRE_ELECTION,NULL_B_BLOCK_TIME_PERMUTATION,243,colombia_first_round,COL_2026,-1.0819580563217982e-08,40291,0.9806503431825926,True
A2,PRE_ELECTION,NULL_B_BLOCK_TIME_PERMUTATION,244,colombia_first_round,COL_2026,-1.0578260206801037e-08,40256,0.9797984714988074,True
A2,PRE_ELECTION,NULL_B_BLOCK_TIME_PERMUTATION,245,colombia_first_round,COL_2026,-1.1083150356051918e-08,40261,0.9799201674536339,True
A2,PRE_ELECTION,NULL_B_BLOCK_TIME_PERMUTATION,246,colombia_first_round,COL_2026,-1.0826939887809266e-08,40281,0.9804069512729396,True
A2,PRE_ELECTION,NULL_B_BLOCK_TIME_PERMUTATION,247,colombia_first_round,COL_2026,-1.0431189034403176e-08,40254,0.9797497931168768,True
A2,PRE_ELECTION,NULL_B_BLOCK_TIME_PERMUTATION,248,colombia_first_round,COL_2026,-1.0565891651073389e-08,40248,0.979603757971085,True
A2,PRE_ELECTION,NULL_B_BLOCK_TIME_PERMUTATION,249,colombia_first_round,COL_2026,-1.018977627501622e-08,40256,0.9797984714988074,True
A3,PRE_ELECTION,NULL_A_CIRCULAR_SHIFT,0,colombia_first_round,COL_2026,1.1388450194310227e-08,41556,0.9803718033405681,True
A3,PRE_ELECTION,NULL_A_CIRCULAR_SHIFT,1,colombia_first_round,COL_2026,1.025824107901766e-08,41519,0.979498914787204,True
A3,PRE_ELECTION,NULL_A_CIRCULAR_SHIFT,2,colombia_first_round,COL_2026,1.2035196684259545e-08,41545,0.9801122959328111,True
A3,PRE_ELECTION,NULL_A_CIRCULAR_SHIFT,3,colombia_first_round,COL_2026,1.2243542615583702e-08,41530,0.9797584221949608,True
A3,PRE_ELECTION,NULL_A_CIRCULAR_SHIFT,4,colombia_first_round,COL_2026,1.2859266726758927e-08,41534,0.9798527885250543,True
A3,PRE_ELECTION,NULL_A_CIRCULAR_SHIFT,5,colombia_first_round,COL_2026,1.5300846574310424e-08,41527,0.9796876474473908,True
A3,PRE_ELECTION,NULL_A_CIRCULAR_SHIFT,6,colombia_first_round,COL_2026,7.73768518552073e-09,41524,0.9796168726998207,True
A3,PRE_ELECTION,NULL_A_CIRCULAR_SHIFT,7,colombia_first_round,COL_2026,8.41756488770399e-09,41520,0.9795225063697273,True
A3,PRE_ELECTION,NULL_A_CIRCULAR_SHIFT,8,colombia_first_round,COL_2026,1.3427372603852871e-08,41557,0.9803953949230915,True
A3,PRE_ELECTION,NULL_A_CIRCULAR_SHIFT,9,colombia_first_round,COL_2026,1.3339859098489016e-08,41612,0.981692931961876,True
A3,PRE_ELECTION,NULL_A_CIRCULAR_SHIFT,10,colombia_first_round,COL_2026,1.622673774797024e-08,41529,0.9797348306124375,True
A3,PRE_ELECTION,NULL_A_CIRCULAR_SHIFT,11,colombia_first_round,COL_2026,1.207838022757457e-08,41538,0.9799471548551477,True
A3,PRE_ELECTION,NULL_A_CIRCULAR_SHIFT,12,colombia_first_round,COL_2026,1.0475058339511779e-08,41526,0.9796640558648674,True
A3,PRE_ELECTION,NULL_A_CIRCULAR_SHIFT,13,colombia_first_round,COL_2026,1.2684582560427962e-08,41531,0.9797820137774842,True
A3,PRE_ELECTION,NULL_A_CIRCULAR_SHIFT,14,colombia_first_round,COL_2026,1.020721663922781e-08,41517,0.9794517316221573,True
A3,PRE_ELECTION,NULL_A_CIRCULAR_SHIFT,15,colombia_first_round,COL_2026,1.2054659930780886e-08,41534,0.9798527885250543,True
A3,PRE_ELECTION,NULL_A_CIRCULAR_SHIFT,16,colombia_first_round,COL_2026,1.3756143030204204e-08,41567,0.980631310748325,True
A3,PRE_ELECTION,NULL_A_CIRCULAR_SHIFT,17,colombia_first_round,COL_2026,1.0237007494652969e-08,41568,0.9806549023308484,True
A3,PRE_ELECTION,NULL_A_CIRCULAR_SHIFT,18,colombia_first_round,COL_2026,1.3343424477369126e-08,41538,0.9799471548551477,True
A3,PRE_ELECTION,NULL_A_CIRCULAR_SHIFT,19,colombia_first_round,COL_2026,1.3571738216976828e-08,41528,0.9797112390299141,True
A3,PRE_ELECTION,NULL_A_CIRCULAR_SHIFT,20,colombia_first_round,COL_2026,1.057780645326612e-08,41520,0.9795225063697273,True
A3,PRE_ELECTION,NULL_A_CIRCULAR_SHIFT,21,colombia_first_round,COL_2026,9.811373889726984e-09,41554,0.9803246201755214,True
A3,PRE_ELECTION,NULL_A_CIRCULAR_SHIFT,22,colombia_first_round,COL_2026,1.0048999988608205e-08,41517,0.9794517316221573,True
A3,PRE_ELECTION,NULL_A_CIRCULAR_SHIFT,23,colombia_first_round,COL_2026,1.2726222435109573e-08,41533,0.9798291969425309,True
A3,PRE_ELECTION,NULL_A_CIRCULAR_SHIFT,24,colombia_first_round,COL_2026,1.3770111520716101e-08,41546,0.9801358875153345,True
A3,PRE_ELECTION,NULL_A_CIRCULAR_SHIFT,25,colombia_first_round,COL_2026,1.4372978176583791e-08,41540,0.9799943380201944,True
A3,PRE_ELECTION,NULL_A_CIRCULAR_SHIFT,26,colombia_first_round,COL_2026,1.1730373083573255e-08,41519,0.979498914787204,True
A3,PRE_ELECTION,NULL_A_CIRCULAR_SHIFT,27,colombia_first_round,COL_2026,1.1194463427794421e-08,41519,0.979498914787204,True
A3,PRE_ELECTION,NULL_A_CIRCULAR_SHIFT,28,colombia_first_round,COL_2026,1.3634553018399722e-08,41615,0.981763706709446,True
A3,PRE_ELECTION,NULL_A_CIRCULAR_SHIFT,29,colombia_first_round,COL_2026,1.2662227988153105e-08,41538,0.9799471548551477,True
A3,PRE_ELECTION,NULL_A_CIRCULAR_SHIFT,30,colombia_first_round,COL_2026,1.0466879994684769e-08,41521,0.9795460979522507,True
A3,PRE_ELECTION,NULL_A_CIRCULAR_SHIFT,31,colombia_first_round,COL_2026,1.2015912918141734e-08,41521,0.9795460979522507,True
A3,PRE_ELECTION,NULL_A_CIRCULAR_SHIFT,32,colombia_first_round,COL_2026,1.1232045304865687e-08,41531,0.9797820137774842,True
A3,PRE_ELECTION,NULL_A_CIRCULAR_SHIFT,33,colombia_first_round,COL_2026,1.4329188097659121e-08,41532,0.9798056053600076,True
A3,PRE_ELECTION,NULL_A_CIRCULAR_SHIFT,34,colombia_first_round,COL_2026,1.1730024987628738e-08,41525,0.9796404642823441,True
A3,PRE_ELECTION,NULL_A_CIRCULAR_SHIFT,35,colombia_first_round,COL_2026,1.252272974621261e-08,41540,0.9799943380201944,True
A3,PRE_ELECTION,NULL_A_CIRCULAR_SHIFT,36,colombia_first_round,COL_2026,1.5642398492394096e-08,41519,0.979498914787204,True
A3,PRE_ELECTION,NULL_A_CIRCULAR_SHIFT,37,colombia_first_round,COL_2026,1.070261932809837e-08,41529,0.9797348306124375,True
A3,PRE_ELECTION,NULL_A_CIRCULAR_SHIFT,38,colombia_first_round,COL_2026,1.3260143799690149e-08,41528,0.9797112390299141,True
A3,PRE_ELECTION,NULL_A_CIRCULAR_SHIFT,39,colombia_first_round,COL_2026,1.3381900556036699e-08,41526,0.9796640558648674,True
A3,PRE_ELECTION,NULL_A_CIRCULAR_SHIFT,40,colombia_first_round,COL_2026,9.894521094283474e-09,41549,0.9802066622629046,True
A3,PRE_ELECTION,NULL_A_CIRCULAR_SHIFT,41,colombia_first_round,COL_2026,9.95874050772653e-09,41560,0.9804661696706615,True
A3,PRE_ELECTION,NULL_A_CIRCULAR_SHIFT,42,colombia_first_round,COL_2026,1.3606104697073681e-08,41536,0.979899971690101,True
A3,PRE_ELECTION,NULL_A_CIRCULAR_SHIFT,43,colombia_first_round,COL_2026,1.0428453747517653e-08,41552,0.9802774370104747,True
A3,PRE_ELECTION,NULL_A_CIRCULAR_SHIFT,44,colombia_first_round,COL_2026,1.4475437727319628e-08,41602,0.9814570161366425,True
A3,PRE_ELECTION,NULL_A_CIRCULAR_SHIFT,45,colombia_first_round,COL_2026,1.4545995998855603e-08,41542,0.9800415211852411,True
A3,PRE_ELECTION,NULL_A_CIRCULAR_SHIFT,46,colombia_first_round,COL_2026,1.4151610479928447e-08,41530,0.9797584221949608,True
A3,PRE_ELECTION,NULL_A_CIRCULAR_SHIFT,47,colombia_first_round,COL_2026,1.288508875539091e-08,41553,0.9803010285929981,True
A3,PRE_ELECTION,NULL_A_CIRCULAR_SHIFT,48,colombia_first_round,COL_2026,1.0555337865866408e-08,41513,0.9793573652920637,True
A3,PRE_ELECTION,NULL_A_CIRCULAR_SHIFT,49,colombia_first_round,COL_2026,1.2341785399133649e-08,41561,0.9804897612531849,True
A3,PRE_ELECTION,NULL_A_CIRCULAR_SHIFT,50,colombia_first_round,COL_2026,1.1128927917454801e-08,41541,0.9800179296027177,True
A3,PRE_ELECTION,NULL_A_CIRCULAR_SHIFT,51,colombia_first_round,COL_2026,1.5983361964568127e-08,41524,0.9796168726998207,True
A3,PRE_ELECTION,NULL_A_CIRCULAR_SHIFT,52,colombia_first_round,COL_2026,8.888052520563356e-09,41539,0.979970746437671,True
A3,PRE_ELECTION,NULL_A_CIRCULAR_SHIFT,53,colombia_first_round,COL_2026,1.1896153416377677e-08,41524,0.9796168726998207,True
A3,PRE_ELECTION,NULL_A_CIRCULAR_SHIFT,54,colombia_first_round,COL_2026,1.619037810409571e-08,41549,0.9802066622629046,True
A3,PRE_ELECTION,NULL_A_CIRCULAR_SHIFT,55,colombia_first_round,COL_2026,1.274021838870633e-08,41543,0.9800651127677644,True
A3,PRE_ELECTION,NULL_A_CIRCULAR_SHIFT,56,colombia_first_round,COL_2026,1.2520440357950282e-08,41526,0.9796640558648674,True
A3,PRE_ELECTION,NULL_A_CIRCULAR_SHIFT,57,colombia_first_round,COL_2026,1.2650086106401253e-08,41559,0.9804425780881382,True
A3,PRE_ELECTION,NULL_A_CIRCULAR_SHIFT,58,colombia_first_round,COL_2026,1.1662126251105507e-08,41548,0.9801830706803812,True
A3,PRE_ELECTION,NULL_A_CIRCULAR_SHIFT,59,colombia_first_round,COL_2026,1.0262881670045642e-08,41530,0.9797584221949608,True
A3,PRE_ELECTION,NULL_A_CIRCULAR_SHIFT,60,colombia_first_round,COL_2026,1.1302477193381792e-08,41517,0.9794517316221573,True
A3,PRE_ELECTION,NULL_A_CIRCULAR_SHIFT,61,colombia_first_round,COL_2026,1.1906721277508098e-08,41565,0.9805841275832783,True
A3,PRE_ELECTION,NULL_A_CIRCULAR_SHIFT,62,colombia_first_round,COL_2026,1.2972498425134305e-08,41532,0.9798056053600076,True
A3,PRE_ELECTION,NULL_A_CIRCULAR_SHIFT,63,colombia_first_round,COL_2026,1.238750030892837e-08,41536,0.979899971690101,True
A3,PRE_ELECTION,NULL_A_CIRCULAR_SHIFT,64,colombia_first_round,COL_2026,8.947235921901797e-09,41545,0.9801122959328111,True
A3,PRE_ELECTION,NULL_A_CIRCULAR_SHIFT,65,colombia_first_round,COL_2026,9.051750415647683e-09,41533,0.9798291969425309,True
A3,PRE_ELECTION,NULL_A_CIRCULAR_SHIFT,66,colombia_first_round,COL_2026,1.349733473022322e-08,41539,0.979970746437671,True
A3,PRE_ELECTION,NULL_A_CIRCULAR_SHIFT,67,colombia_first_round,COL_2026,1.409107763801987e-08,41526,0.9796640558648674,True
A3,PRE_ELECTION,NULL_A_CIRCULAR_SHIFT,68,colombia_first_round,COL_2026,8.368011741922555e-09,41527,0.9796876474473908,True
A3,PRE_ELECTION,NULL_A_CIRCULAR_SHIFT,69,colombia_first_round,COL_2026,1.0122650400175422e-08,41530,0.9797584221949608,True
A3,PRE_ELECTION,NULL_A_CIRCULAR_SHIFT,70,colombia_first_round,COL_2026,1.134921708031755e-08,41578,0.9808908181560819,True
A3,PRE_ELECTION,NULL_A_CIRCULAR_SHIFT,71,colombia_first_round,COL_2026,1.2029999541995539e-08,41536,0.979899971690101,True
A3,PRE_ELECTION,NULL_A_CIRCULAR_SHIFT,72,colombia_first_round,COL_2026,1.0759825290246381e-08,41522,0.979569689534774,True
A3,PRE_ELECTION,NULL_A_CIRCULAR_SHIFT,73,colombia_first_round,COL_2026,1.3138040223634078e-08,41517,0.9794517316221573,True
A3,PRE_ELECTION,NULL_A_CIRCULAR_SHIFT,74,colombia_first_round,COL_2026,1.13550035071181e-08,41529,0.9797348306124375,True
A3,PRE_ELECTION,NULL_A_CIRCULAR_SHIFT,75,colombia_first_round,COL_2026,1.7808980144660765e-08,41525,0.9796404642823441,True
A3,PRE_ELECTION,NULL_A_CIRCULAR_SHIFT,76,colombia_first_round,COL_2026,1.0597247626252163e-08,41545,0.9801122959328111,True
A3,PRE_ELECTION,NULL_A_CIRCULAR_SHIFT,77,colombia_first_round,COL_2026,1.3843373893819768e-08,41558,0.9804189865056148,True
A3,PRE_ELECTION,NULL_A_CIRCULAR_SHIFT,78,colombia_first_round,COL_2026,1.1763429485682675e-08,41580,0.9809380013211286,True
A3,PRE_ELECTION,NULL_A_CIRCULAR_SHIFT,79,colombia_first_round,COL_2026,1.530911122321223e-08,41527,0.9796876474473908,True
A3,PRE_ELECTION,NULL_A_CIRCULAR_SHIFT,80,colombia_first_round,COL_2026,1.2474753253799814e-08,41526,0.9796640558648674,True
A3,PRE_ELECTION,NULL_A_CIRCULAR_SHIFT,81,colombia_first_round,COL_2026,1.063242592516055e-08,41536,0.979899971690101,True
A3,PRE_ELECTION,NULL_A_CIRCULAR_SHIFT,82,colombia_first_round,COL_2026,1.3890622158268113e-08,41539,0.979970746437671,True
A3,PRE_ELECTION,NULL_A_CIRCULAR_SHIFT,83,colombia_first_round,COL_2026,1.3877260370340454e-08,41534,0.9798527885250543,True
A3,PRE_ELECTION,NULL_A_CIRCULAR_SHIFT,84,colombia_first_round,COL_2026,1.3616268083837654e-08,41533,0.9798291969425309,True
A3,PRE_ELECTION,NULL_A_CIRCULAR_SHIFT,85,colombia_first_round,COL_2026,1.4152547777216995e-08,41526,0.9796640558648674,True
A3,PRE_ELECTION,NULL_A_CIRCULAR_SHIFT,86,colombia_first_round,COL_2026,1.1519888498018179e-08,41532,0.9798056053600076,True
A3,PRE_ELECTION,NULL_A_CIRCULAR_SHIFT,87,colombia_first_round,COL_2026,9.483858038878366e-09,41549,0.9802066622629046,True
A3,PRE_ELECTION,NULL_A_CIRCULAR_SHIFT,88,colombia_first_round,COL_2026,1.4268591164015477e-08,41603,0.9814806077191658,True
A3,PRE_ELECTION,NULL_A_CIRCULAR_SHIFT,89,colombia_first_round,COL_2026,1.1552323306687764e-08,41552,0.9802774370104747,True
A3,PRE_ELECTION,NULL_A_CIRCULAR_SHIFT,90,colombia_first_round,COL_2026,1.2469454337282714e-08,41556,0.9803718033405681,True
A3,PRE_ELECTION,NULL_A_CIRCULAR_SHIFT,91,colombia_first_round,COL_2026,8.763941356646866e-09,41535,0.9798763801075776,True
A3,PRE_ELECTION,NULL_A_CIRCULAR_SHIFT,92,colombia_first_round,COL_2026,1.0168668869333573e-08,41561,0.9804897612531849,True
A3,PRE_ELECTION,NULL_A_CIRCULAR_SHIFT,93,colombia_first_round,COL_2026,1.3648236846053433e-08,41565,0.9805841275832783,True
A3,PRE_ELECTION,NULL_A_CIRCULAR_SHIFT,94,colombia_first_round,COL_2026,1.1596071899143724e-08,41612,0.981692931961876,True
A3,PRE_ELECTION,NULL_A_CIRCULAR_SHIFT,95,colombia_first_round,COL_2026,1.3682437223769606e-08,41551,0.9802538454279514,True
A3,PRE_ELECTION,NULL_A_CIRCULAR_SHIFT,96,colombia_first_round,COL_2026,1.012210698721184e-08,41655,0.9827073700103803,True
A3,PRE_ELECTION,NULL_A_CIRCULAR_SHIFT,97,colombia_first_round,COL_2026,1.1071085438020526e-08,41529,0.9797348306124375,True
A3,PRE_ELECTION,NULL_A_CIRCULAR_SHIFT,98,colombia_first_round,COL_2026,8.539225945939042e-09,41523,0.9795932811172974,True
A3,PRE_ELECTION,NULL_A_CIRCULAR_SHIFT,99,colombia_first_round,COL_2026,1.408954961320024e-08,41550,0.980230253845428,True
A3,PRE_ELECTION,NULL_A_CIRCULAR_SHIFT,100,colombia_first_round,COL_2026,1.8324074246849766e-08,41559,0.9804425780881382,True
A3,PRE_ELECTION,NULL_A_CIRCULAR_SHIFT,101,colombia_first_round,COL_2026,1.3336090721972123e-08,41558,0.9804189865056148,True
A3,PRE_ELECTION,NULL_A_CIRCULAR_SHIFT,102,colombia_first_round,COL_2026,1.1447886926783044e-08,41549,0.9802066622629046,True
A3,PRE_ELECTION,NULL_A_CIRCULAR_SHIFT,103,colombia_first_round,COL_2026,1.3235250539275117e-08,41538,0.9799471548551477,True
A3,PRE_ELECTION,NULL_A_CIRCULAR_SHIFT,104,colombia_first_round,COL_2026,1.1917472233316757e-08,41517,0.9794517316221573,True
A3,PRE_ELECTION,NULL_A_CIRCULAR_SHIFT,105,colombia_first_round,COL_2026,1.8333852787762164e-08,41573,0.9807728602434651,True
A3,PRE_ELECTION,NULL_A_CIRCULAR_SHIFT,106,colombia_first_round,COL_2026,1.6740262358112878e-08,41521,0.9795460979522507,True
A3,PRE_ELECTION,NULL_A_CIRCULAR_SHIFT,107,colombia_first_round,COL_2026,1.2567990839284113e-08,41541,0.9800179296027177,True
A3,PRE_ELECTION,NULL_A_CIRCULAR_SHIFT,108,colombia_first_round,COL_2026,1.224614343337311e-08,41542,0.9800415211852411,True
A3,PRE_ELECTION,NULL_A_CIRCULAR_SHIFT,109,colombia_first_round,COL_2026,1.4779015267899699e-08,41528,0.9797112390299141,True
A3,PRE_ELECTION,NULL_A_CIRCULAR_SHIFT,110,colombia_first_round,COL_2026,1.473950923292165e-08,41533,0.9798291969425309,True
A3,PRE_ELECTION,NULL_A_CIRCULAR_SHIFT,111,colombia_first_round,COL_2026,1.2485738102331778e-08,41526,0.9796640558648674,True
A3,PRE_ELECTION,NULL_A_CIRCULAR_SHIFT,112,colombia_first_round,COL_2026,1.2363907818661338e-08,41548,0.9801830706803812,True
A3,PRE_ELECTION,NULL_A_CIRCULAR_SHIFT,113,colombia_first_round,COL_2026,1.3743907839376996e-08,41517,0.9794517316221573,True
A3,PRE_ELECTION,NULL_A_CIRCULAR_SHIFT,114,colombia_first_round,COL_2026,1.1555783971550364e-08,41528,0.9797112390299141,True
A3,PRE_ELECTION,NULL_A_CIRCULAR_SHIFT,115,colombia_first_round,COL_2026,9.953543785126091e-09,41550,0.980230253845428,True
A3,PRE_ELECTION,NULL_A_CIRCULAR_SHIFT,116,colombia_first_round,COL_2026,1.0190144672387458e-08,41522,0.979569689534774,True
A3,PRE_ELECTION,NULL_A_CIRCULAR_SHIFT,117,colombia_first_round,COL_2026,1.2868596976076994e-08,41522,0.979569689534774,True
A3,PRE_ELECTION,NULL_A_CIRCULAR_SHIFT,118,colombia_first_round,COL_2026,1.0816914126848538e-08,41522,0.979569689534774,True
A3,PRE_ELECTION,NULL_A_CIRCULAR_SHIFT,119,colombia_first_round,COL_2026,1.5167280145030503e-08,41518,0.9794753232046806,True
A3,PRE_ELECTION,NULL_A_CIRCULAR_SHIFT,120,colombia_first_round,COL_2026,1.3590287089610496e-08,41543,0.9800651127677644,True
A3,PRE_ELECTION,NULL_A_CIRCULAR_SHIFT,121,colombia_first_round,COL_2026,1.580990185554553e-08,41544,0.9800887043502878,True
A3,PRE_ELECTION,NULL_A_CIRCULAR_SHIFT,122,colombia_first_round,COL_2026,1.6215320996930088e-08,41550,0.980230253845428,True
A3,PRE_ELECTION,NULL_A_CIRCULAR_SHIFT,123,colombia_first_round,COL_2026,1.013087703168897e-08,41583,0.9810087760686987,True
A3,PRE_ELECTION,NULL_A_CIRCULAR_SHIFT,124,colombia_first_round,COL_2026,1.2401725872025729e-08,41569,0.9806784939133717,True
A3,PRE_ELECTION,NULL_A_CIRCULAR_SHIFT,125,colombia_first_round,COL_2026,1.2962583916886065e-08,41540,0.9799943380201944,True
A3,PRE_ELECTION,NULL_A_CIRCULAR_SHIFT,126,colombia_first_round,COL_2026,1.0565953535467984e-08,41555,0.9803482117580448,True
A3,PRE_ELECTION,NULL_A_CIRCULAR_SHIFT,127,colombia_first_round,COL_2026,1.1954007886542297e-08,41566,0.9806077191658017,True
A3,PRE_ELECTION,NULL_A_CIRCULAR_SHIFT,128,colombia_first_round,COL_2026,1.4641187401339831e-08,41526,0.9796640558648674,True
A3,PRE_ELECTION,NULL_A_CIRCULAR_SHIFT,129,colombia_first_round,COL_2026,1.508311841771878e-08,41527,0.9796876474473908,True
A3,PRE_ELECTION,NULL_A_CIRCULAR_SHIFT,130,colombia_first_round,COL_2026,1.0510277736758969e-08,41560,0.9804661696706615,True
A3,PRE_ELECTION,NULL_A_CIRCULAR_SHIFT,131,colombia_first_round,COL_2026,1.1806521654767148e-08,41529,0.9797348306124375,True
A3,PRE_ELECTION,NULL_A_CIRCULAR_SHIFT,132,colombia_first_round,COL_2026,1.4891811475219771e-08,41522,0.979569689534774,True
A3,PRE_ELECTION,NULL_A_CIRCULAR_SHIFT,133,colombia_first_round,COL_2026,1.3855548927976552e-08,41564,0.9805605360007549,True
A3,PRE_ELECTION,NULL_A_CIRCULAR_SHIFT,134,colombia_first_round,COL_2026,1.5533020007732075e-08,41526,0.9796640558648674,True
A3,PRE_ELECTION,NULL_A_CIRCULAR_SHIFT,135,colombia_first_round,COL_2026,1.2451814664689349e-08,41524,0.9796168726998207,True
A3,PRE_ELECTION,NULL_A_CIRCULAR_SHIFT,136,colombia_first_round,COL_2026,9.90348532556015e-09,41575,0.9808200434085118,True
A3,PRE_ELECTION,NULL_A_CIRCULAR_SHIFT,137,colombia_first_round,COL_2026,1.0925284732559839e-08,41519,0.979498914787204,True
A3,PRE_ELECTION,NULL_A_CIRCULAR_SHIFT,138,colombia_first_round,COL_2026,1.1980199556094551e-08,41539,0.979970746437671,True
A3,PRE_ELECTION,NULL_A_CIRCULAR_SHIFT,139,colombia_first_round,COL_2026,1.198389796010505e-08,41519,0.979498914787204,True
A3,PRE_ELECTION,NULL_A_CIRCULAR_SHIFT,140,colombia_first_round,COL_2026,1.1274835881740061e-08,41532,0.9798056053600076,True
A3,PRE_ELECTION,NULL_A_CIRCULAR_SHIFT,141,colombia_first_round,COL_2026,1.3443734068852814e-08,41584,0.981032367651222,True
A3,PRE_ELECTION,NULL_A_CIRCULAR_SHIFT,142,colombia_first_round,COL_2026,1.0901690032219012e-08,41564,0.9805605360007549,True
A3,PRE_ELECTION,NULL_A_CIRCULAR_SHIFT,143,colombia_first_round,COL_2026,1.3868234788363868e-08,41545,0.9801122959328111,True
A3,PRE_ELECTION,NULL_A_CIRCULAR_SHIFT,144,colombia_first_round,COL_2026,1.0565645106667978e-08,41534,0.9798527885250543,True
A3,PRE_ELECTION,NULL_A_CIRCULAR_SHIFT,145,colombia_first_round,COL_2026,1.2707758457169726e-08,41560,0.9804661696706615,True
A3,PRE_ELECTION,NULL_A_CIRCULAR_SHIFT,146,colombia_first_round,COL_2026,1.3372650837391592e-08,41553,0.9803010285929981,True
A3,PRE_ELECTION,NULL_A_CIRCULAR_SHIFT,147,colombia_first_round,COL_2026,1.4741947077480572e-08,41534,0.9798527885250543,True
A3,PRE_ELECTION,NULL_A_CIRCULAR_SHIFT,148,colombia_first_round,COL_2026,9.939097914496582e-09,41521,0.9795460979522507,True
A3,PRE_ELECTION,NULL_A_CIRCULAR_SHIFT,149,colombia_first_round,COL_2026,1.1516713346008108e-08,41560,0.9804661696706615,True
A3,PRE_ELECTION,NULL_A_CIRCULAR_SHIFT,150,colombia_first_round,COL_2026,1.3274330841963928e-08,41527,0.9796876474473908,True
A3,PRE_ELECTION,NULL_A_CIRCULAR_SHIFT,151,colombia_first_round,COL_2026,1.649656406007363e-08,41533,0.9798291969425309,True
A3,PRE_ELECTION,NULL_A_CIRCULAR_SHIFT,152,colombia_first_round,COL_2026,1.3650600170657815e-08,41558,0.9804189865056148,True
A3,PRE_ELECTION,NULL_A_CIRCULAR_SHIFT,153,colombia_first_round,COL_2026,1.0879259887388028e-08,41547,0.9801594790978578,True
A3,PRE_ELECTION,NULL_A_CIRCULAR_SHIFT,154,colombia_first_round,COL_2026,1.2826383502970042e-08,41548,0.9801830706803812,True
A3,PRE_ELECTION,NULL_A_CIRCULAR_SHIFT,155,colombia_first_round,COL_2026,1.1955029028334499e-08,41542,0.9800415211852411,True
A3,PRE_ELECTION,NULL_A_CIRCULAR_SHIFT,156,colombia_first_round,COL_2026,1.0284143454053948e-08,41525,0.9796404642823441,True
A3,PRE_ELECTION,NULL_A_CIRCULAR_SHIFT,157,colombia_first_round,COL_2026,1.2176915625961284e-08,41522,0.979569689534774,True
A3,PRE_ELECTION,NULL_A_CIRCULAR_SHIFT,158,colombia_first_round,COL_2026,1.3900632142680496e-08,41553,0.9803010285929981,True
A3,PRE_ELECTION,NULL_A_CIRCULAR_SHIFT,159,colombia_first_round,COL_2026,1.3492393104247403e-08,41527,0.9796876474473908,True
A3,PRE_ELECTION,NULL_A_CIRCULAR_SHIFT,160,colombia_first_round,COL_2026,1.1743685654431709e-08,41522,0.979569689534774,True
A3,PRE_ELECTION,NULL_A_CIRCULAR_SHIFT,161,colombia_first_round,COL_2026,1.2044497189972691e-08,41540,0.9799943380201944,True
A3,PRE_ELECTION,NULL_A_CIRCULAR_SHIFT,162,colombia_first_round,COL_2026,1.095985004710696e-08,41534,0.9798527885250543,True
A3,PRE_ELECTION,NULL_A_CIRCULAR_SHIFT,163,colombia_first_round,COL_2026,1.3194827628096827e-08,41531,0.9797820137774842,True
A3,PRE_ELECTION,NULL_A_CIRCULAR_SHIFT,164,colombia_first_round,COL_2026,1.1932540263190108e-08,41590,0.9811739171463622,True
A3,PRE_ELECTION,NULL_A_CIRCULAR_SHIFT,165,colombia_first_round,COL_2026,1.4168044838027538e-08,41512,0.9793337737095404,True
A3,PRE_ELECTION,NULL_A_CIRCULAR_SHIFT,166,colombia_first_round,COL_2026,1.3276172254497974e-08,41562,0.9805133528357082,True
A3,PRE_ELECTION,NULL_A_CIRCULAR_SHIFT,167,colombia_first_round,COL_2026,1.1655989505002397e-08,41560,0.9804661696706615,True
A3,PRE_ELECTION,NULL_A_CIRCULAR_SHIFT,168,colombia_first_round,COL_2026,1.1897563465192334e-08,41562,0.9805133528357082,True
A3,PRE_ELECTION,NULL_A_CIRCULAR_SHIFT,169,colombia_first_round,COL_2026,8.2904597567431e-09,41521,0.9795460979522507,True
A3,PRE_ELECTION,NULL_A_CIRCULAR_SHIFT,170,colombia_first_round,COL_2026,1.4143751160311003e-08,41527,0.9796876474473908,True
A3,PRE_ELECTION,NULL_A_CIRCULAR_SHIFT,171,colombia_first_round,COL_2026,1.1933344080457903e-08,41534,0.9798527885250543,True
A3,PRE_ELECTION,NULL_A_CIRCULAR_SHIFT,172,colombia_first_round,COL_2026,1.1411981756884172e-08,41532,0.9798056053600076,True
A3,PRE_ELECTION,NULL_A_CIRCULAR_SHIFT,173,colombia_first_round,COL_2026,1.1544518176423469e-08,41564,0.9805605360007549,True
A3,PRE_ELECTION,NULL_A_CIRCULAR_SHIFT,174,colombia_first_round,COL_2026,1.2118526746644249e-08,41533,0.9798291969425309,True
A3,PRE_ELECTION,NULL_A_CIRCULAR_SHIFT,175,colombia_first_round,COL_2026,1.2415524490419433e-08,41557,0.9803953949230915,True
A3,PRE_ELECTION,NULL_A_CIRCULAR_SHIFT,176,colombia_first_round,COL_2026,1.2898476291802624e-08,41567,0.980631310748325,True
A3,PRE_ELECTION,NULL_A_CIRCULAR_SHIFT,177,colombia_first_round,COL_2026,1.2966613279506917e-08,41534,0.9798527885250543,True
A3,PRE_ELECTION,NULL_A_CIRCULAR_SHIFT,178,colombia_first_round,COL_2026,1.4005417661609373e-08,41517,0.9794517316221573,True
A3,PRE_ELECTION,NULL_A_CIRCULAR_SHIFT,179,colombia_first_round,COL_2026,1.7166885374866296e-08,41517,0.9794517316221573,True
A3,PRE_ELECTION,NULL_A_CIRCULAR_SHIFT,180,colombia_first_round,COL_2026,1.4694063304213995e-08,41566,0.9806077191658017,True
A3,PRE_ELECTION,NULL_A_CIRCULAR_SHIFT,181,colombia_first_round,COL_2026,1.2906240784547638e-08,41513,0.9793573652920637,True
A3,PRE_ELECTION,NULL_A_CIRCULAR_SHIFT,182,colombia_first_round,COL_2026,1.8222510751436785e-08,41529,0.9797348306124375,True
A3,PRE_ELECTION,NULL_A_CIRCULAR_SHIFT,183,colombia_first_round,COL_2026,1.4344332230741656e-08,41522,0.979569689534774,True
A3,PRE_ELECTION,NULL_A_CIRCULAR_SHIFT,184,colombia_first_round,COL_2026,1.3009447692209394e-08,41535,0.9798763801075776,True
A3,PRE_ELECTION,NULL_A_CIRCULAR_SHIFT,185,colombia_first_round,COL_2026,1.2198583049913326e-08,41564,0.9805605360007549,True
A3,PRE_ELECTION,NULL_A_CIRCULAR_SHIFT,186,colombia_first_round,COL_2026,1.4239085239395898e-08,41519,0.979498914787204,True
A3,PRE_ELECTION,NULL_A_CIRCULAR_SHIFT,187,colombia_first_round,COL_2026,9.085259663845687e-09,41542,0.9800415211852411,True
A3,PRE_ELECTION,NULL_A_CIRCULAR_SHIFT,188,colombia_first_round,COL_2026,1.1023657273008916e-08,41518,0.9794753232046806,True
A3,PRE_ELECTION,NULL_A_CIRCULAR_SHIFT,189,colombia_first_round,COL_2026,1.1629634639619911e-08,41524,0.9796168726998207,True
A3,PRE_ELECTION,NULL_A_CIRCULAR_SHIFT,190,colombia_first_round,COL_2026,1.4525775949847557e-08,41528,0.9797112390299141,True
A3,PRE_ELECTION,NULL_A_CIRCULAR_SHIFT,191,colombia_first_round,COL_2026,1.497367481471584e-08,41515,0.9794045484571106,True
A3,PRE_ELECTION,NULL_A_CIRCULAR_SHIFT,192,colombia_first_round,COL_2026,1.4312890959553502e-08,41557,0.9803953949230915,True
A3,PRE_ELECTION,NULL_A_CIRCULAR_SHIFT,193,colombia_first_round,COL_2026,1.243046354675411e-08,41534,0.9798527885250543,True
A3,PRE_ELECTION,NULL_A_CIRCULAR_SHIFT,194,colombia_first_round,COL_2026,1.1653962399657489e-08,41540,0.9799943380201944,True
A3,PRE_ELECTION,NULL_A_CIRCULAR_SHIFT,195,colombia_first_round,COL_2026,1.126195109704798e-08,41541,0.9800179296027177,True
A3,PRE_ELECTION,NULL_A_CIRCULAR_SHIFT,196,colombia_first_round,COL_2026,1.1614503663416651e-08,41521,0.9795460979522507,True
A3,PRE_ELECTION,NULL_A_CIRCULAR_SHIFT,197,colombia_first_round,COL_2026,1.280414152259175e-08,41529,0.9797348306124375,True
A3,PRE_ELECTION,NULL_A_CIRCULAR_SHIFT,198,colombia_first_round,COL_2026,1.0273627217611031e-08,41532,0.9798056053600076,True
A3,PRE_ELECTION,NULL_A_CIRCULAR_SHIFT,199,colombia_first_round,COL_2026,1.3054676525250614e-08,41562,0.9805133528357082,True
A3,PRE_ELECTION,NULL_A_CIRCULAR_SHIFT,200,colombia_first_round,COL_2026,1.1029091912078238e-08,41535,0.9798763801075776,True
A3,PRE_ELECTION,NULL_A_CIRCULAR_SHIFT,201,colombia_first_round,COL_2026,1.3688987565470115e-08,41550,0.980230253845428,True
A3,PRE_ELECTION,NULL_A_CIRCULAR_SHIFT,202,colombia_first_round,COL_2026,1.053577564989595e-08,41561,0.9804897612531849,True
A3,PRE_ELECTION,NULL_A_CIRCULAR_SHIFT,203,colombia_first_round,COL_2026,9.674705933821056e-09,41531,0.9797820137774842,True
A3,PRE_ELECTION,NULL_A_CIRCULAR_SHIFT,204,colombia_first_round,COL_2026,1.216051853119017e-08,41549,0.9802066622629046,True
A3,PRE_ELECTION,NULL_A_CIRCULAR_SHIFT,205,colombia_first_round,COL_2026,1.3569767076278495e-08,41538,0.9799471548551477,True
A3,PRE_ELECTION,NULL_A_CIRCULAR_SHIFT,206,colombia_first_round,COL_2026,1.2260414780049845e-08,41533,0.9798291969425309,True
A3,PRE_ELECTION,NULL_A_CIRCULAR_SHIFT,207,colombia_first_round,COL_2026,1.4831313598869805e-08,41557,0.9803953949230915,True
A3,PRE_ELECTION,NULL_A_CIRCULAR_SHIFT,208,colombia_first_round,COL_2026,9.557449821550735e-09,41536,0.979899971690101,True
A3,PRE_ELECTION,NULL_A_CIRCULAR_SHIFT,209,colombia_first_round,COL_2026,1.0061928229598211e-08,41575,0.9808200434085118,True
A3,PRE_ELECTION,NULL_A_CIRCULAR_SHIFT,210,colombia_first_round,COL_2026,1.2004286383295152e-08,41524,0.9796168726998207,True
A3,PRE_ELECTION,NULL_A_CIRCULAR_SHIFT,211,colombia_first_round,COL_2026,1.1005074188153623e-08,41539,0.979970746437671,True
A3,PRE_ELECTION,NULL_A_CIRCULAR_SHIFT,212,colombia_first_round,COL_2026,1.2992245568190657e-08,41531,0.9797820137774842,True
A3,PRE_ELECTION,NULL_A_CIRCULAR_SHIFT,213,colombia_first_round,COL_2026,1.4271698261470883e-08,41562,0.9805133528357082,True
A3,PRE_ELECTION,NULL_A_CIRCULAR_SHIFT,214,colombia_first_round,COL_2026,9.500349896618666e-09,41515,0.9794045484571106,True
A3,PRE_ELECTION,NULL_A_CIRCULAR_SHIFT,215,colombia_first_round,COL_2026,1.0367111295874855e-08,41530,0.9797584221949608,True
A3,PRE_ELECTION,NULL_A_CIRCULAR_SHIFT,216,colombia_first_round,COL_2026,1.3516946020793194e-08,41525,0.9796404642823441,True
A3,PRE_ELECTION,NULL_A_CIRCULAR_SHIFT,217,colombia_first_round,COL_2026,1.3725979304336647e-08,41557,0.9803953949230915,True
A3,PRE_ELECTION,NULL_A_CIRCULAR_SHIFT,218,colombia_first_round,COL_2026,1.1290148447766496e-08,41531,0.9797820137774842,True
A3,PRE_ELECTION,NULL_A_CIRCULAR_SHIFT,219,colombia_first_round,COL_2026,1.1200569788314658e-08,41533,0.9798291969425309,True
A3,PRE_ELECTION,NULL_A_CIRCULAR_SHIFT,220,colombia_first_round,COL_2026,1.2287246803550981e-08,41525,0.9796404642823441,True
A3,PRE_ELECTION,NULL_A_CIRCULAR_SHIFT,221,colombia_first_round,COL_2026,1.0705289388071626e-08,41525,0.9796404642823441,True
A3,PRE_ELECTION,NULL_A_CIRCULAR_SHIFT,222,colombia_first_round,COL_2026,1.289223017302442e-08,41535,0.9798763801075776,True
A3,PRE_ELECTION,NULL_A_CIRCULAR_SHIFT,223,colombia_first_round,COL_2026,1.3729717151656794e-08,41523,0.9795932811172974,True
A3,PRE_ELECTION,NULL_A_CIRCULAR_SHIFT,224,colombia_first_round,COL_2026,1.2364356003593734e-08,41537,0.9799235632726243,True
A3,PRE_ELECTION,NULL_A_CIRCULAR_SHIFT,225,colombia_first_round,COL_2026,9.607808103768373e-09,41526,0.9796640558648674,True
A3,PRE_ELECTION,NULL_A_CIRCULAR_SHIFT,226,colombia_first_round,COL_2026,1.1934689935052428e-08,41520,0.9795225063697273,True
A3,PRE_ELECTION,NULL_A_CIRCULAR_SHIFT,227,colombia_first_round,COL_2026,1.1207120481759894e-08,41526,0.9796640558648674,True
A3,PRE_ELECTION,NULL_A_CIRCULAR_SHIFT,228,colombia_first_round,COL_2026,1.3828029788833543e-08,41546,0.9801358875153345,True
A3,PRE_ELECTION,NULL_A_CIRCULAR_SHIFT,229,colombia_first_round,COL_2026,1.5266376640191882e-08,41523,0.9795932811172974,True
A3,PRE_ELECTION,NULL_A_CIRCULAR_SHIFT,230,colombia_first_round,COL_2026,1.2436690623885743e-08,41521,0.9795460979522507,True
A3,PRE_ELECTION,NULL_A_CIRCULAR_SHIFT,231,colombia_first_round,COL_2026,1.3057789704709455e-08,41528,0.9797112390299141,True
A3,PRE_ELECTION,NULL_A_CIRCULAR_SHIFT,232,colombia_first_round,COL_2026,1.0157174509572876e-08,41598,0.981362649806549,True
A3,PRE_ELECTION,NULL_A_CIRCULAR_SHIFT,233,colombia_first_round,COL_2026,1.2251335248272981e-08,41558,0.9804189865056148,True
A3,PRE_ELECTION,NULL_A_CIRCULAR_SHIFT,234,colombia_first_round,COL_2026,1.2642465651205801e-08,41559,0.9804425780881382,True
A3,PRE_ELECTION,NULL_A_CIRCULAR_SHIFT,235,colombia_first_round,COL_2026,1.3602924009118283e-08,41539,0.979970746437671,True
A3,PRE_ELECTION,NULL_A_CIRCULAR_SHIFT,236,colombia_first_round,COL_2026,1.2595093804961234e-08,41545,0.9801122959328111,True
A3,PRE_ELECTION,NULL_A_CIRCULAR_SHIFT,237,colombia_first_round,COL_2026,1.3180992452575974e-08,41546,0.9801358875153345,True
A3,PRE_ELECTION,NULL_A_CIRCULAR_SHIFT,238,colombia_first_round,COL_2026,1.253525697512068e-08,41569,0.9806784939133717,True
A3,PRE_ELECTION,NULL_A_CIRCULAR_SHIFT,239,colombia_first_round,COL_2026,1.3735045594762754e-08,41521,0.9795460979522507,True
A3,PRE_ELECTION,NULL_A_CIRCULAR_SHIFT,240,colombia_first_round,COL_2026,1.2054703190713457e-08,41621,0.9819052562045862,True
A3,PRE_ELECTION,NULL_A_CIRCULAR_SHIFT,241,colombia_first_round,COL_2026,1.1599404265141206e-08,41510,0.9792865905444937,True
A3,PRE_ELECTION,NULL_A_CIRCULAR_SHIFT,242,colombia_first_round,COL_2026,1.550707325084023e-08,41518,0.9794753232046806,True
A3,PRE_ELECTION,NULL_A_CIRCULAR_SHIFT,243,colombia_first_round,COL_2026,1.3479183406616715e-08,41531,0.9797820137774842,True
A3,PRE_ELECTION,NULL_A_CIRCULAR_SHIFT,244,colombia_first_round,COL_2026,1.4643788079364586e-08,41569,0.9806784939133717,True
A3,PRE_ELECTION,NULL_A_CIRCULAR_SHIFT,245,colombia_first_round,COL_2026,1.4562744149000096e-08,41525,0.9796404642823441,True
A3,PRE_ELECTION,NULL_A_CIRCULAR_SHIFT,246,colombia_first_round,COL_2026,1.4155544774843628e-08,41524,0.9796168726998207,True
A3,PRE_ELECTION,NULL_A_CIRCULAR_SHIFT,247,colombia_first_round,COL_2026,1.4072401364449226e-08,41619,0.9818580730395395,True
A3,PRE_ELECTION,NULL_A_CIRCULAR_SHIFT,248,colombia_first_round,COL_2026,1.147950565273677e-08,41518,0.9794753232046806,True
A3,PRE_ELECTION,NULL_A_CIRCULAR_SHIFT,249,colombia_first_round,COL_2026,9.671445996359966e-09,41544,0.9800887043502878,True
A3,PRE_ELECTION,NULL_B_BLOCK_TIME_PERMUTATION,0,colombia_first_round,COL_2026,1.2077446598544206e-08,41541,0.9800179296027177,True
A3,PRE_ELECTION,NULL_B_BLOCK_TIME_PERMUTATION,1,colombia_first_round,COL_2026,1.318848891920075e-08,41517,0.9794517316221573,True
A3,PRE_ELECTION,NULL_B_BLOCK_TIME_PERMUTATION,2,colombia_first_round,COL_2026,1.4942197084984257e-08,41534,0.9798527885250543,True
A3,PRE_ELECTION,NULL_B_BLOCK_TIME_PERMUTATION,3,colombia_first_round,COL_2026,1.2479752132810971e-08,41534,0.9798527885250543,True
A3,PRE_ELECTION,NULL_B_BLOCK_TIME_PERMUTATION,4,colombia_first_round,COL_2026,1.4331585090240492e-08,41523,0.9795932811172974,True
A3,PRE_ELECTION,NULL_B_BLOCK_TIME_PERMUTATION,5,colombia_first_round,COL_2026,1.4278045619828194e-08,41532,0.9798056053600076,True
A3,PRE_ELECTION,NULL_B_BLOCK_TIME_PERMUTATION,6,colombia_first_round,COL_2026,1.1822684658286782e-08,41529,0.9797348306124375,True
A3,PRE_ELECTION,NULL_B_BLOCK_TIME_PERMUTATION,7,colombia_first_round,COL_2026,1.0965697999685001e-08,41533,0.9798291969425309,True
A3,PRE_ELECTION,NULL_B_BLOCK_TIME_PERMUTATION,8,colombia_first_round,COL_2026,1.2813863756713405e-08,41548,0.9801830706803812,True
A3,PRE_ELECTION,NULL_B_BLOCK_TIME_PERMUTATION,9,colombia_first_round,COL_2026,1.2001895669449836e-08,41547,0.9801594790978578,True
A3,PRE_ELECTION,NULL_B_BLOCK_TIME_PERMUTATION,10,colombia_first_round,COL_2026,1.2843666745395049e-08,41529,0.9797348306124375,True
A3,PRE_ELECTION,NULL_B_BLOCK_TIME_PERMUTATION,11,colombia_first_round,COL_2026,1.1719259736250721e-08,41540,0.9799943380201944,True
A3,PRE_ELECTION,NULL_B_BLOCK_TIME_PERMUTATION,12,colombia_first_round,COL_2026,1.268956957929189e-08,41539,0.979970746437671,True
A3,PRE_ELECTION,NULL_B_BLOCK_TIME_PERMUTATION,13,colombia_first_round,COL_2026,1.1863186975523292e-08,41564,0.9805605360007549,True
A3,PRE_ELECTION,NULL_B_BLOCK_TIME_PERMUTATION,14,colombia_first_round,COL_2026,1.1446908532689141e-08,41555,0.9803482117580448,True
A3,PRE_ELECTION,NULL_B_BLOCK_TIME_PERMUTATION,15,colombia_first_round,COL_2026,1.2941602259639868e-08,41519,0.979498914787204,True
A3,PRE_ELECTION,NULL_B_BLOCK_TIME_PERMUTATION,16,colombia_first_round,COL_2026,1.2302880989601949e-08,41523,0.9795932811172974,True
A3,PRE_ELECTION,NULL_B_BLOCK_TIME_PERMUTATION,17,colombia_first_round,COL_2026,1.3451527798568716e-08,41547,0.9801594790978578,True
A3,PRE_ELECTION,NULL_B_BLOCK_TIME_PERMUTATION,18,colombia_first_round,COL_2026,1.1621326973509538e-08,41537,0.9799235632726243,True
A3,PRE_ELECTION,NULL_B_BLOCK_TIME_PERMUTATION,19,colombia_first_round,COL_2026,1.0912390614503721e-08,41557,0.9803953949230915,True
A3,PRE_ELECTION,NULL_B_BLOCK_TIME_PERMUTATION,20,colombia_first_round,COL_2026,1.249081986319774e-08,41553,0.9803010285929981,True
A3,PRE_ELECTION,NULL_B_BLOCK_TIME_PERMUTATION,21,colombia_first_round,COL_2026,1.006330597374849e-08,41555,0.9803482117580448,True
A3,PRE_ELECTION,NULL_B_BLOCK_TIME_PERMUTATION,22,colombia_first_round,COL_2026,1.1603782895165203e-08,41541,0.9800179296027177,True
A3,PRE_ELECTION,NULL_B_BLOCK_TIME_PERMUTATION,23,colombia_first_round,COL_2026,1.3850379810531877e-08,41545,0.9801122959328111,True
A3,PRE_ELECTION,NULL_B_BLOCK_TIME_PERMUTATION,24,colombia_first_round,COL_2026,1.3869658828131804e-08,41551,0.9802538454279514,True
A3,PRE_ELECTION,NULL_B_BLOCK_TIME_PERMUTATION,25,colombia_first_round,COL_2026,1.1686145079183344e-08,41550,0.980230253845428,True
A3,PRE_ELECTION,NULL_B_BLOCK_TIME_PERMUTATION,26,colombia_first_round,COL_2026,1.527289570272554e-08,41562,0.9805133528357082,True
A3,PRE_ELECTION,NULL_B_BLOCK_TIME_PERMUTATION,27,colombia_first_round,COL_2026,1.3494410573244703e-08,41537,0.9799235632726243,True
A3,PRE_ELECTION,NULL_B_BLOCK_TIME_PERMUTATION,28,colombia_first_round,COL_2026,1.0881660486776033e-08,41571,0.9807256770784184,True
A3,PRE_ELECTION,NULL_B_BLOCK_TIME_PERMUTATION,29,colombia_first_round,COL_2026,1.2408085404840956e-08,41546,0.9801358875153345,True
A3,PRE_ELECTION,NULL_B_BLOCK_TIME_PERMUTATION,30,colombia_first_round,COL_2026,1.4271788943483901e-08,41538,0.9799471548551477,True
A3,PRE_ELECTION,NULL_B_BLOCK_TIME_PERMUTATION,31,colombia_first_round,COL_2026,1.1378524878485616e-08,41533,0.9798291969425309,True
A3,PRE_ELECTION,NULL_B_BLOCK_TIME_PERMUTATION,32,colombia_first_round,COL_2026,1.2954777762816548e-08,41534,0.9798527885250543,True
A3,PRE_ELECTION,NULL_B_BLOCK_TIME_PERMUTATION,33,colombia_first_round,COL_2026,1.3429789570871119e-08,41524,0.9796168726998207,True
A3,PRE_ELECTION,NULL_B_BLOCK_TIME_PERMUTATION,34,colombia_first_round,COL_2026,1.4613648845321856e-08,41534,0.9798527885250543,True
A3,PRE_ELECTION,NULL_B_BLOCK_TIME_PERMUTATION,35,colombia_first_round,COL_2026,1.1819305142348434e-08,41549,0.9802066622629046,True
A3,PRE_ELECTION,NULL_B_BLOCK_TIME_PERMUTATION,36,colombia_first_round,COL_2026,1.3167891337884244e-08,41539,0.979970746437671,True
A3,PRE_ELECTION,NULL_B_BLOCK_TIME_PERMUTATION,37,colombia_first_round,COL_2026,1.3479572372751314e-08,41527,0.9796876474473908,True
A3,PRE_ELECTION,NULL_B_BLOCK_TIME_PERMUTATION,38,colombia_first_round,COL_2026,1.2258871718381395e-08,41531,0.9797820137774842,True
A3,PRE_ELECTION,NULL_B_BLOCK_TIME_PERMUTATION,39,colombia_first_round,COL_2026,1.1706236395702315e-08,41539,0.979970746437671,True
A3,PRE_ELECTION,NULL_B_BLOCK_TIME_PERMUTATION,40,colombia_first_round,COL_2026,1.1044001658437706e-08,41543,0.9800651127677644,True
A3,PRE_ELECTION,NULL_B_BLOCK_TIME_PERMUTATION,41,colombia_first_round,COL_2026,1.4058438532836088e-08,41542,0.9800415211852411,True
A3,PRE_ELECTION,NULL_B_BLOCK_TIME_PERMUTATION,42,colombia_first_round,COL_2026,1.1719162027211831e-08,41537,0.9799235632726243,True
A3,PRE_ELECTION,NULL_B_BLOCK_TIME_PERMUTATION,43,colombia_first_round,COL_2026,1.3932407553210151e-08,41530,0.9797584221949608,True
A3,PRE_ELECTION,NULL_B_BLOCK_TIME_PERMUTATION,44,colombia_first_round,COL_2026,1.247710034225002e-08,41538,0.9799471548551477,True
A3,PRE_ELECTION,NULL_B_BLOCK_TIME_PERMUTATION,45,colombia_first_round,COL_2026,1.3833994743299456e-08,41541,0.9800179296027177,True
A3,PRE_ELECTION,NULL_B_BLOCK_TIME_PERMUTATION,46,colombia_first_round,COL_2026,9.65463265167156e-09,41554,0.9803246201755214,True
A3,PRE_ELECTION,NULL_B_BLOCK_TIME_PERMUTATION,47,colombia_first_round,COL_2026,1.3457064726932213e-08,41529,0.9797348306124375,True
A3,PRE_ELECTION,NULL_B_BLOCK_TIME_PERMUTATION,48,colombia_first_round,COL_2026,1.1273501652088727e-08,41545,0.9801122959328111,True
A3,PRE_ELECTION,NULL_B_BLOCK_TIME_PERMUTATION,49,colombia_first_round,COL_2026,9.313049449944308e-09,41553,0.9803010285929981,True
A3,PRE_ELECTION,NULL_B_BLOCK_TIME_PERMUTATION,50,colombia_first_round,COL_2026,1.2240925952463794e-08,41547,0.9801594790978578,True
A3,PRE_ELECTION,NULL_B_BLOCK_TIME_PERMUTATION,51,colombia_first_round,COL_2026,1.1178899786559023e-08,41540,0.9799943380201944,True
A3,PRE_ELECTION,NULL_B_BLOCK_TIME_PERMUTATION,52,colombia_first_round,COL_2026,1.2940210667981832e-08,41556,0.9803718033405681,True
A3,PRE_ELECTION,NULL_B_BLOCK_TIME_PERMUTATION,53,colombia_first_round,COL_2026,1.278891706642641e-08,41527,0.9796876474473908,True
A3,PRE_ELECTION,NULL_B_BLOCK_TIME_PERMUTATION,54,colombia_first_round,COL_2026,1.2842793978426617e-08,41539,0.979970746437671,True
A3,PRE_ELECTION,NULL_B_BLOCK_TIME_PERMUTATION,55,colombia_first_round,COL_2026,1.3333281064368717e-08,41537,0.9799235632726243,True
A3,PRE_ELECTION,NULL_B_BLOCK_TIME_PERMUTATION,56,colombia_first_round,COL_2026,1.3890785592482675e-08,41563,0.9805369444182316,True
A3,PRE_ELECTION,NULL_B_BLOCK_TIME_PERMUTATION,57,colombia_first_round,COL_2026,1.241601868209721e-08,41532,0.9798056053600076,True
A3,PRE_ELECTION,NULL_B_BLOCK_TIME_PERMUTATION,58,colombia_first_round,COL_2026,1.259861666340158e-08,41553,0.9803010285929981,True
A3,PRE_ELECTION,NULL_B_BLOCK_TIME_PERMUTATION,59,colombia_first_round,COL_2026,1.0850383094741614e-08,41543,0.9800651127677644,True
A3,PRE_ELECTION,NULL_B_BLOCK_TIME_PERMUTATION,60,colombia_first_round,COL_2026,1.3104490977738236e-08,41549,0.9802066622629046,True
A3,PRE_ELECTION,NULL_B_BLOCK_TIME_PERMUTATION,61,colombia_first_round,COL_2026,1.3204269782611809e-08,41522,0.979569689534774,True
A3,PRE_ELECTION,NULL_B_BLOCK_TIME_PERMUTATION,62,colombia_first_round,COL_2026,1.07217765182795e-08,41558,0.9804189865056148,True
A3,PRE_ELECTION,NULL_B_BLOCK_TIME_PERMUTATION,63,colombia_first_round,COL_2026,1.3442050507940009e-08,41537,0.9799235632726243,True
A3,PRE_ELECTION,NULL_B_BLOCK_TIME_PERMUTATION,64,colombia_first_round,COL_2026,1.1907688432712887e-08,41530,0.9797584221949608,True
A3,PRE_ELECTION,NULL_B_BLOCK_TIME_PERMUTATION,65,colombia_first_round,COL_2026,1.239344180822466e-08,41545,0.9801122959328111,True
A3,PRE_ELECTION,NULL_B_BLOCK_TIME_PERMUTATION,66,colombia_first_round,COL_2026,1.1836567415556731e-08,41553,0.9803010285929981,True
A3,PRE_ELECTION,NULL_B_BLOCK_TIME_PERMUTATION,67,colombia_first_round,COL_2026,9.789151211259335e-09,41544,0.9800887043502878,True
A3,PRE_ELECTION,NULL_B_BLOCK_TIME_PERMUTATION,68,colombia_first_round,COL_2026,1.0362767142451425e-08,41597,0.9813390582240257,True
A3,PRE_ELECTION,NULL_B_BLOCK_TIME_PERMUTATION,69,colombia_first_round,COL_2026,1.1811108080884493e-08,41541,0.9800179296027177,True
A3,PRE_ELECTION,NULL_B_BLOCK_TIME_PERMUTATION,70,colombia_first_round,COL_2026,1.2765322795871767e-08,41534,0.9798527885250543,True
A3,PRE_ELECTION,NULL_B_BLOCK_TIME_PERMUTATION,71,colombia_first_round,COL_2026,1.2437149028551535e-08,41546,0.9801358875153345,True
A3,PRE_ELECTION,NULL_B_BLOCK_TIME_PERMUTATION,72,colombia_first_round,COL_2026,1.4333534046435772e-08,41538,0.9799471548551477,True
A3,PRE_ELECTION,NULL_B_BLOCK_TIME_PERMUTATION,73,colombia_first_round,COL_2026,1.1812437198252249e-08,41532,0.9798056053600076,True
A3,PRE_ELECTION,NULL_B_BLOCK_TIME_PERMUTATION,74,colombia_first_round,COL_2026,1.3513251905278134e-08,41553,0.9803010285929981,True
A3,PRE_ELECTION,NULL_B_BLOCK_TIME_PERMUTATION,75,colombia_first_round,COL_2026,1.3253564804144078e-08,41560,0.9804661696706615,True
A3,PRE_ELECTION,NULL_B_BLOCK_TIME_PERMUTATION,76,colombia_first_round,COL_2026,1.1991969300256895e-08,41528,0.9797112390299141,True
A3,PRE_ELECTION,NULL_B_BLOCK_TIME_PERMUTATION,77,colombia_first_round,COL_2026,1.080468740535088e-08,41533,0.9798291969425309,True
A3,PRE_ELECTION,NULL_B_BLOCK_TIME_PERMUTATION,78,colombia_first_round,COL_2026,1.063789341079449e-08,41539,0.979970746437671,True
A3,PRE_ELECTION,NULL_B_BLOCK_TIME_PERMUTATION,79,colombia_first_round,COL_2026,1.420754076941075e-08,41563,0.9805369444182316,True
A3,PRE_ELECTION,NULL_B_BLOCK_TIME_PERMUTATION,80,colombia_first_round,COL_2026,1.1792922142368067e-08,41523,0.9795932811172974,True
A3,PRE_ELECTION,NULL_B_BLOCK_TIME_PERMUTATION,81,colombia_first_round,COL_2026,1.3380844981424593e-08,41536,0.979899971690101,True
A3,PRE_ELECTION,NULL_B_BLOCK_TIME_PERMUTATION,82,colombia_first_round,COL_2026,1.3578289465039738e-08,41534,0.9798527885250543,True
A3,PRE_ELECTION,NULL_B_BLOCK_TIME_PERMUTATION,83,colombia_first_round,COL_2026,1.0792432721046948e-08,41536,0.979899971690101,True
A3,PRE_ELECTION,NULL_B_BLOCK_TIME_PERMUTATION,84,colombia_first_round,COL_2026,1.0415050982597148e-08,41528,0.9797112390299141,True
A3,PRE_ELECTION,NULL_B_BLOCK_TIME_PERMUTATION,85,colombia_first_round,COL_2026,1.154622902819545e-08,41536,0.979899971690101,True
A3,PRE_ELECTION,NULL_B_BLOCK_TIME_PERMUTATION,86,colombia_first_round,COL_2026,1.540141972384693e-08,41519,0.979498914787204,True
A3,PRE_ELECTION,NULL_B_BLOCK_TIME_PERMUTATION,87,colombia_first_round,COL_2026,9.268512912136416e-09,41534,0.9798527885250543,True
A3,PRE_ELECTION,NULL_B_BLOCK_TIME_PERMUTATION,88,colombia_first_round,COL_2026,1.1277155856972509e-08,41544,0.9800887043502878,True
A3,PRE_ELECTION,NULL_B_BLOCK_TIME_PERMUTATION,89,colombia_first_round,COL_2026,1.1165855310145308e-08,41546,0.9801358875153345,True
A3,PRE_ELECTION,NULL_B_BLOCK_TIME_PERMUTATION,90,colombia_first_round,COL_2026,1.2178791143848122e-08,41534,0.9798527885250543,True
A3,PRE_ELECTION,NULL_B_BLOCK_TIME_PERMUTATION,91,colombia_first_round,COL_2026,1.3061688206402953e-08,41534,0.9798527885250543,True
A3,PRE_ELECTION,NULL_B_BLOCK_TIME_PERMUTATION,92,colombia_first_round,COL_2026,1.0980472904572074e-08,41541,0.9800179296027177,True
A3,PRE_ELECTION,NULL_B_BLOCK_TIME_PERMUTATION,93,colombia_first_round,COL_2026,1.3039226502197079e-08,41531,0.9797820137774842,True
A3,PRE_ELECTION,NULL_B_BLOCK_TIME_PERMUTATION,94,colombia_first_round,COL_2026,1.2570164107568101e-08,41547,0.9801594790978578,True
A3,PRE_ELECTION,NULL_B_BLOCK_TIME_PERMUTATION,95,colombia_first_round,COL_2026,1.4250078782632295e-08,41529,0.9797348306124375,True
A3,PRE_ELECTION,NULL_B_BLOCK_TIME_PERMUTATION,96,colombia_first_round,COL_2026,1.3898273359740083e-08,41534,0.9798527885250543,True
A3,PRE_ELECTION,NULL_B_BLOCK_TIME_PERMUTATION,97,colombia_first_round,COL_2026,1.3070751749621753e-08,41579,0.9809144097386052,True
A3,PRE_ELECTION,NULL_B_BLOCK_TIME_PERMUTATION,98,colombia_first_round,COL_2026,1.2555026729293983e-08,41553,0.9803010285929981,True
A3,PRE_ELECTION,NULL_B_BLOCK_TIME_PERMUTATION,99,colombia_first_round,COL_2026,1.4771714003195202e-08,41539,0.979970746437671,True
A3,PRE_ELECTION,NULL_B_BLOCK_TIME_PERMUTATION,100,colombia_first_round,COL_2026,1.5173033389543293e-08,41543,0.9800651127677644,True
A3,PRE_ELECTION,NULL_B_BLOCK_TIME_PERMUTATION,101,colombia_first_round,COL_2026,1.2293348615381779e-08,41538,0.9799471548551477,True
A3,PRE_ELECTION,NULL_B_BLOCK_TIME_PERMUTATION,102,colombia_first_round,COL_2026,1.0993864548738146e-08,41536,0.979899971690101,True
A3,PRE_ELECTION,NULL_B_BLOCK_TIME_PERMUTATION,103,colombia_first_round,COL_2026,1.0679036898515647e-08,41551,0.9802538454279514,True
A3,PRE_ELECTION,NULL_B_BLOCK_TIME_PERMUTATION,104,colombia_first_round,COL_2026,1.4315586808949416e-08,41533,0.9798291969425309,True
A3,PRE_ELECTION,NULL_B_BLOCK_TIME_PERMUTATION,105,colombia_first_round,COL_2026,1.105403901676681e-08,41530,0.9797584221949608,True
A3,PRE_ELECTION,NULL_B_BLOCK_TIME_PERMUTATION,106,colombia_first_round,COL_2026,1.1396675424728164e-08,41540,0.9799943380201944,True
A3,PRE_ELECTION,NULL_B_BLOCK_TIME_PERMUTATION,107,colombia_first_round,COL_2026,1.3442099641857967e-08,41545,0.9801122959328111,True
A3,PRE_ELECTION,NULL_B_BLOCK_TIME_PERMUTATION,108,colombia_first_round,COL_2026,1.1249237946830873e-08,41538,0.9799471548551477,True
A3,PRE_ELECTION,NULL_B_BLOCK_TIME_PERMUTATION,109,colombia_first_round,COL_2026,1.0843447818489606e-08,41534,0.9798527885250543,True
A3,PRE_ELECTION,NULL_B_BLOCK_TIME_PERMUTATION,110,colombia_first_round,COL_2026,1.0116539615571848e-08,41538,0.9799471548551477,True
A3,PRE_ELECTION,NULL_B_BLOCK_TIME_PERMUTATION,111,colombia_first_round,COL_2026,1.0264084118906446e-08,41558,0.9804189865056148,True
A3,PRE_ELECTION,NULL_B_BLOCK_TIME_PERMUTATION,112,colombia_first_round,COL_2026,1.2973913270768046e-08,41531,0.9797820137774842,True
A3,PRE_ELECTION,NULL_B_BLOCK_TIME_PERMUTATION,113,colombia_first_round,COL_2026,9.900705273394964e-09,41567,0.980631310748325,True
A3,PRE_ELECTION,NULL_B_BLOCK_TIME_PERMUTATION,114,colombia_first_round,COL_2026,1.3382616347252512e-08,41540,0.9799943380201944,True
A3,PRE_ELECTION,NULL_B_BLOCK_TIME_PERMUTATION,115,colombia_first_round,COL_2026,1.1673128102725506e-08,41533,0.9798291969425309,True
A3,PRE_ELECTION,NULL_B_BLOCK_TIME_PERMUTATION,116,colombia_first_round,COL_2026,1.2809375635667692e-08,41562,0.9805133528357082,True
A3,PRE_ELECTION,NULL_B_BLOCK_TIME_PERMUTATION,117,colombia_first_round,COL_2026,1.3498095763523878e-08,41547,0.9801594790978578,True
A3,PRE_ELECTION,NULL_B_BLOCK_TIME_PERMUTATION,118,colombia_first_round,COL_2026,1.101155816962683e-08,41559,0.9804425780881382,True
A3,PRE_ELECTION,NULL_B_BLOCK_TIME_PERMUTATION,119,colombia_first_round,COL_2026,1.3033808763528065e-08,41550,0.980230253845428,True
A3,PRE_ELECTION,NULL_B_BLOCK_TIME_PERMUTATION,120,colombia_first_round,COL_2026,1.2209704551358728e-08,41528,0.9797112390299141,True
A3,PRE_ELECTION,NULL_B_BLOCK_TIME_PERMUTATION,121,colombia_first_round,COL_2026,1.1096861938476357e-08,41538,0.9799471548551477,True
A3,PRE_ELECTION,NULL_B_BLOCK_TIME_PERMUTATION,122,colombia_first_round,COL_2026,1.273655393151313e-08,41549,0.9802066622629046,True
A3,PRE_ELECTION,NULL_B_BLOCK_TIME_PERMUTATION,123,colombia_first_round,COL_2026,1.525015760233407e-08,41543,0.9800651127677644,True
A3,PRE_ELECTION,NULL_B_BLOCK_TIME_PERMUTATION,124,colombia_first_round,COL_2026,1.240994359453197e-08,41543,0.9800651127677644,True
A3,PRE_ELECTION,NULL_B_BLOCK_TIME_PERMUTATION,125,colombia_first_round,COL_2026,1.3499739876854019e-08,41532,0.9798056053600076,True
A3,PRE_ELECTION,NULL_B_BLOCK_TIME_PERMUTATION,126,colombia_first_round,COL_2026,1.2936943654176481e-08,41556,0.9803718033405681,True
A3,PRE_ELECTION,NULL_B_BLOCK_TIME_PERMUTATION,127,colombia_first_round,COL_2026,1.4019555415183874e-08,41531,0.9797820137774842,True
A3,PRE_ELECTION,NULL_B_BLOCK_TIME_PERMUTATION,128,colombia_first_round,COL_2026,1.6479596651709565e-08,41526,0.9796640558648674,True
A3,PRE_ELECTION,NULL_B_BLOCK_TIME_PERMUTATION,129,colombia_first_round,COL_2026,1.3619943814328078e-08,41537,0.9799235632726243,True
A3,PRE_ELECTION,NULL_B_BLOCK_TIME_PERMUTATION,130,colombia_first_round,COL_2026,1.4886911303869201e-08,41563,0.9805369444182316,True
A3,PRE_ELECTION,NULL_B_BLOCK_TIME_PERMUTATION,131,colombia_first_round,COL_2026,1.2506374277331221e-08,41550,0.980230253845428,True
A3,PRE_ELECTION,NULL_B_BLOCK_TIME_PERMUTATION,132,colombia_first_round,COL_2026,9.828163156159154e-09,41539,0.979970746437671,True
A3,PRE_ELECTION,NULL_B_BLOCK_TIME_PERMUTATION,133,colombia_first_round,COL_2026,1.129417531123356e-08,41544,0.9800887043502878,True
A3,PRE_ELECTION,NULL_B_BLOCK_TIME_PERMUTATION,134,colombia_first_round,COL_2026,1.0870337164490758e-08,41537,0.9799235632726243,True
A3,PRE_ELECTION,NULL_B_BLOCK_TIME_PERMUTATION,135,colombia_first_round,COL_2026,1.1483409334123704e-08,41528,0.9797112390299141,True
A3,PRE_ELECTION,NULL_B_BLOCK_TIME_PERMUTATION,136,colombia_first_round,COL_2026,1.4495008588749751e-08,41525,0.9796404642823441,True
A3,PRE_ELECTION,NULL_B_BLOCK_TIME_PERMUTATION,137,colombia_first_round,COL_2026,8.82631250738354e-09,41537,0.9799235632726243,True
A3,PRE_ELECTION,NULL_B_BLOCK_TIME_PERMUTATION,138,colombia_first_round,COL_2026,1.3558971193495303e-08,41549,0.9802066622629046,True
A3,PRE_ELECTION,NULL_B_BLOCK_TIME_PERMUTATION,139,colombia_first_round,COL_2026,1.0190376295089702e-08,41535,0.9798763801075776,True
A3,PRE_ELECTION,NULL_B_BLOCK_TIME_PERMUTATION,140,colombia_first_round,COL_2026,1.2108954233730142e-08,41550,0.980230253845428,True
A3,PRE_ELECTION,NULL_B_BLOCK_TIME_PERMUTATION,141,colombia_first_round,COL_2026,1.1081253072430043e-08,41535,0.9798763801075776,True
A3,PRE_ELECTION,NULL_B_BLOCK_TIME_PERMUTATION,142,colombia_first_round,COL_2026,1.0153516177694956e-08,41532,0.9798056053600076,True
A3,PRE_ELECTION,NULL_B_BLOCK_TIME_PERMUTATION,143,colombia_first_round,COL_2026,1.3490422892493021e-08,41551,0.9802538454279514,True
A3,PRE_ELECTION,NULL_B_BLOCK_TIME_PERMUTATION,144,colombia_first_round,COL_2026,1.362024505665949e-08,41554,0.9803246201755214,True
A3,PRE_ELECTION,NULL_B_BLOCK_TIME_PERMUTATION,145,colombia_first_round,COL_2026,1.333211402649364e-08,41542,0.9800415211852411,True
A3,PRE_ELECTION,NULL_B_BLOCK_TIME_PERMUTATION,146,colombia_first_round,COL_2026,1.1363991565799884e-08,41545,0.9801122959328111,True
A3,PRE_ELECTION,NULL_B_BLOCK_TIME_PERMUTATION,147,colombia_first_round,COL_2026,1.2395229335449859e-08,41531,0.9797820137774842,True
A3,PRE_ELECTION,NULL_B_BLOCK_TIME_PERMUTATION,148,colombia_first_round,COL_2026,1.4586376314572932e-08,41555,0.9803482117580448,True
A3,PRE_ELECTION,NULL_B_BLOCK_TIME_PERMUTATION,149,colombia_first_round,COL_2026,1.1857032409417336e-08,41555,0.9803482117580448,True
A3,PRE_ELECTION,NULL_B_BLOCK_TIME_PERMUTATION,150,colombia_first_round,COL_2026,1.0446599019420276e-08,41522,0.979569689534774,True
A3,PRE_ELECTION,NULL_B_BLOCK_TIME_PERMUTATION,151,colombia_first_round,COL_2026,9.036785994207224e-09,41557,0.9803953949230915,True
A3,PRE_ELECTION,NULL_B_BLOCK_TIME_PERMUTATION,152,colombia_first_round,COL_2026,1.4248944848880602e-08,41532,0.9798056053600076,True
A3,PRE_ELECTION,NULL_B_BLOCK_TIME_PERMUTATION,153,colombia_first_round,COL_2026,1.1267110400363986e-08,41525,0.9796404642823441,True
A3,PRE_ELECTION,NULL_B_BLOCK_TIME_PERMUTATION,154,colombia_first_round,COL_2026,1.251648135286979e-08,41542,0.9800415211852411,True
A3,PRE_ELECTION,NULL_B_BLOCK_TIME_PERMUTATION,155,colombia_first_round,COL_2026,1.3442176461366952e-08,41529,0.9797348306124375,True
A3,PRE_ELECTION,NULL_B_BLOCK_TIME_PERMUTATION,156,colombia_first_round,COL_2026,1.2909765678641011e-08,41559,0.9804425780881382,True
A3,PRE_ELECTION,NULL_B_BLOCK_TIME_PERMUTATION,157,colombia_first_round,COL_2026,1.3330686717755154e-08,41524,0.9796168726998207,True
A3,PRE_ELECTION,NULL_B_BLOCK_TIME_PERMUTATION,158,colombia_first_round,COL_2026,1.211612111931643e-08,41558,0.9804189865056148,True
A3,PRE_ELECTION,NULL_B_BLOCK_TIME_PERMUTATION,159,colombia_first_round,COL_2026,1.3052032533288445e-08,41543,0.9800651127677644,True
A3,PRE_ELECTION,NULL_B_BLOCK_TIME_PERMUTATION,160,colombia_first_round,COL_2026,1.3603101975727813e-08,41537,0.9799235632726243,True
A3,PRE_ELECTION,NULL_B_BLOCK_TIME_PERMUTATION,161,colombia_first_round,COL_2026,1.1530122524938072e-08,41552,0.9802774370104747,True
A3,PRE_ELECTION,NULL_B_BLOCK_TIME_PERMUTATION,162,colombia_first_round,COL_2026,1.1101840085298953e-08,41530,0.9797584221949608,True
A3,PRE_ELECTION,NULL_B_BLOCK_TIME_PERMUTATION,163,colombia_first_round,COL_2026,1.5647549817665525e-08,41529,0.9797348306124375,True
A3,PRE_ELECTION,NULL_B_BLOCK_TIME_PERMUTATION,164,colombia_first_round,COL_2026,1.4550514582245748e-08,41549,0.9802066622629046,True
A3,PRE_ELECTION,NULL_B_BLOCK_TIME_PERMUTATION,165,colombia_first_round,COL_2026,1.1927421144422795e-08,41539,0.979970746437671,True
A3,PRE_ELECTION,NULL_B_BLOCK_TIME_PERMUTATION,166,colombia_first_round,COL_2026,1.319171867586306e-08,41544,0.9800887043502878,True
A3,PRE_ELECTION,NULL_B_BLOCK_TIME_PERMUTATION,167,colombia_first_round,COL_2026,1.1431425453817734e-08,41548,0.9801830706803812,True
A3,PRE_ELECTION,NULL_B_BLOCK_TIME_PERMUTATION,168,colombia_first_round,COL_2026,8.992867462533414e-09,41554,0.9803246201755214,True
A3,PRE_ELECTION,NULL_B_BLOCK_TIME_PERMUTATION,169,colombia_first_round,COL_2026,1.2497837046475852e-08,41556,0.9803718033405681,True
A3,PRE_ELECTION,NULL_B_BLOCK_TIME_PERMUTATION,170,colombia_first_round,COL_2026,1.2836123219558247e-08,41543,0.9800651127677644,True
A3,PRE_ELECTION,NULL_B_BLOCK_TIME_PERMUTATION,171,colombia_first_round,COL_2026,9.865701572501029e-09,41546,0.9801358875153345,True
A3,PRE_ELECTION,NULL_B_BLOCK_TIME_PERMUTATION,172,colombia_first_round,COL_2026,1.2076335469761964e-08,41527,0.9796876474473908,True
A3,PRE_ELECTION,NULL_B_BLOCK_TIME_PERMUTATION,173,colombia_first_round,COL_2026,1.653633750416509e-08,41562,0.9805133528357082,True
A3,PRE_ELECTION,NULL_B_BLOCK_TIME_PERMUTATION,174,colombia_first_round,COL_2026,1.1651416049651902e-08,41551,0.9802538454279514,True
A3,PRE_ELECTION,NULL_B_BLOCK_TIME_PERMUTATION,175,colombia_first_round,COL_2026,1.0017189167363617e-08,41540,0.9799943380201944,True
A3,PRE_ELECTION,NULL_B_BLOCK_TIME_PERMUTATION,176,colombia_first_round,COL_2026,1.1178549070691996e-08,41530,0.9797584221949608,True
A3,PRE_ELECTION,NULL_B_BLOCK_TIME_PERMUTATION,177,colombia_first_round,COL_2026,1.2033050148271255e-08,41540,0.9799943380201944,True
A3,PRE_ELECTION,NULL_B_BLOCK_TIME_PERMUTATION,178,colombia_first_round,COL_2026,9.979996764921952e-09,41535,0.9798763801075776,True
A3,PRE_ELECTION,NULL_B_BLOCK_TIME_PERMUTATION,179,colombia_first_round,COL_2026,1.4275615628521594e-08,41535,0.9798763801075776,True
A3,PRE_ELECTION,NULL_B_BLOCK_TIME_PERMUTATION,180,colombia_first_round,COL_2026,1.0765440882405497e-08,41543,0.9800651127677644,True
A3,PRE_ELECTION,NULL_B_BLOCK_TIME_PERMUTATION,181,colombia_first_round,COL_2026,1.1345269516748645e-08,41567,0.980631310748325,True
A3,PRE_ELECTION,NULL_B_BLOCK_TIME_PERMUTATION,182,colombia_first_round,COL_2026,1.2968417929037727e-08,41550,0.980230253845428,True
A3,PRE_ELECTION,NULL_B_BLOCK_TIME_PERMUTATION,183,colombia_first_round,COL_2026,1.476520786660918e-08,41533,0.9798291969425309,True
A3,PRE_ELECTION,NULL_B_BLOCK_TIME_PERMUTATION,184,colombia_first_round,COL_2026,1.4052102673364563e-08,41534,0.9798527885250543,True
A3,PRE_ELECTION,NULL_B_BLOCK_TIME_PERMUTATION,185,colombia_first_round,COL_2026,1.3381382121542017e-08,41531,0.9797820137774842,True
A3,PRE_ELECTION,NULL_B_BLOCK_TIME_PERMUTATION,186,colombia_first_round,COL_2026,1.1158571044330005e-08,41525,0.9796404642823441,True
A3,PRE_ELECTION,NULL_B_BLOCK_TIME_PERMUTATION,187,colombia_first_round,COL_2026,1.4261905478217746e-08,41533,0.9798291969425309,True
A3,PRE_ELECTION,NULL_B_BLOCK_TIME_PERMUTATION,188,colombia_first_round,COL_2026,1.1968079108784976e-08,41528,0.9797112390299141,True
A3,PRE_ELECTION,NULL_B_BLOCK_TIME_PERMUTATION,189,colombia_first_round,COL_2026,1.3531710844698144e-08,41551,0.9802538454279514,True
A3,PRE_ELECTION,NULL_B_BLOCK_TIME_PERMUTATION,190,colombia_first_round,COL_2026,1.196262217092794e-08,41539,0.979970746437671,True
A3,PRE_ELECTION,NULL_B_BLOCK_TIME_PERMUTATION,191,colombia_first_round,COL_2026,1.1374812810764757e-08,41542,0.9800415211852411,True
A3,PRE_ELECTION,NULL_B_BLOCK_TIME_PERMUTATION,192,colombia_first_round,COL_2026,1.3093508572544848e-08,41538,0.9799471548551477,True
A3,PRE_ELECTION,NULL_B_BLOCK_TIME_PERMUTATION,193,colombia_first_round,COL_2026,1.2232374675096719e-08,41530,0.9797584221949608,True
A3,PRE_ELECTION,NULL_B_BLOCK_TIME_PERMUTATION,194,colombia_first_round,COL_2026,1.107755762197846e-08,41542,0.9800415211852411,True
A3,PRE_ELECTION,NULL_B_BLOCK_TIME_PERMUTATION,195,colombia_first_round,COL_2026,1.2360261641620617e-08,41555,0.9803482117580448,True
A3,PRE_ELECTION,NULL_B_BLOCK_TIME_PERMUTATION,196,colombia_first_round,COL_2026,1.0939284641776753e-08,41537,0.9799235632726243,True
A3,PRE_ELECTION,NULL_B_BLOCK_TIME_PERMUTATION,197,colombia_first_round,COL_2026,1.1058502097362991e-08,41561,0.9804897612531849,True
A3,PRE_ELECTION,NULL_B_BLOCK_TIME_PERMUTATION,198,colombia_first_round,COL_2026,1.2006777747521367e-08,41528,0.9797112390299141,True
A3,PRE_ELECTION,NULL_B_BLOCK_TIME_PERMUTATION,199,colombia_first_round,COL_2026,1.2439983832250702e-08,41561,0.9804897612531849,True
A3,PRE_ELECTION,NULL_B_BLOCK_TIME_PERMUTATION,200,colombia_first_round,COL_2026,7.553332697292577e-09,41542,0.9800415211852411,True
A3,PRE_ELECTION,NULL_B_BLOCK_TIME_PERMUTATION,201,colombia_first_round,COL_2026,1.168664712398044e-08,41533,0.9798291969425309,True
A3,PRE_ELECTION,NULL_B_BLOCK_TIME_PERMUTATION,202,colombia_first_round,COL_2026,1.1716296493362796e-08,41540,0.9799943380201944,True
A3,PRE_ELECTION,NULL_B_BLOCK_TIME_PERMUTATION,203,colombia_first_round,COL_2026,1.3109808035333529e-08,41515,0.9794045484571106,True
A3,PRE_ELECTION,NULL_B_BLOCK_TIME_PERMUTATION,204,colombia_first_round,COL_2026,1.136123244640157e-08,41544,0.9800887043502878,True
A3,PRE_ELECTION,NULL_B_BLOCK_TIME_PERMUTATION,205,colombia_first_round,COL_2026,1.1575656960484886e-08,41546,0.9801358875153345,True
A3,PRE_ELECTION,NULL_B_BLOCK_TIME_PERMUTATION,206,colombia_first_round,COL_2026,1.1894699962844295e-08,41525,0.9796404642823441,True
A3,PRE_ELECTION,NULL_B_BLOCK_TIME_PERMUTATION,207,colombia_first_round,COL_2026,1.1482832847776075e-08,41532,0.9798056053600076,True
A3,PRE_ELECTION,NULL_B_BLOCK_TIME_PERMUTATION,208,colombia_first_round,COL_2026,1.1721392407931637e-08,41528,0.9797112390299141,True
A3,PRE_ELECTION,NULL_B_BLOCK_TIME_PERMUTATION,209,colombia_first_round,COL_2026,1.471303605571224e-08,41544,0.9800887043502878,True
A3,PRE_ELECTION,NULL_B_BLOCK_TIME_PERMUTATION,210,colombia_first_round,COL_2026,1.1255298133074514e-08,41548,0.9801830706803812,True
A3,PRE_ELECTION,NULL_B_BLOCK_TIME_PERMUTATION,211,colombia_first_round,COL_2026,1.2820124073676845e-08,41539,0.979970746437671,True
A3,PRE_ELECTION,NULL_B_BLOCK_TIME_PERMUTATION,212,colombia_first_round,COL_2026,1.2207273168128788e-08,41562,0.9805133528357082,True
A3,PRE_ELECTION,NULL_B_BLOCK_TIME_PERMUTATION,213,colombia_first_round,COL_2026,1.241510683610857e-08,41529,0.9797348306124375,True
A3,PRE_ELECTION,NULL_B_BLOCK_TIME_PERMUTATION,214,colombia_first_round,COL_2026,1.1349240931583548e-08,41532,0.9798056053600076,True
A3,PRE_ELECTION,NULL_B_BLOCK_TIME_PERMUTATION,215,colombia_first_round,COL_2026,1.1492639824338258e-08,41531,0.9797820137774842,True
A3,PRE_ELECTION,NULL_B_BLOCK_TIME_PERMUTATION,216,colombia_first_round,COL_2026,1.2220834063439021e-08,41547,0.9801594790978578,True
A3,PRE_ELECTION,NULL_B_BLOCK_TIME_PERMUTATION,217,colombia_first_round,COL_2026,1.2358001037150112e-08,41535,0.9798763801075776,True
A3,PRE_ELECTION,NULL_B_BLOCK_TIME_PERMUTATION,218,colombia_first_round,COL_2026,1.1264675840980421e-08,41564,0.9805605360007549,True
A3,PRE_ELECTION,NULL_B_BLOCK_TIME_PERMUTATION,219,colombia_first_round,COL_2026,1.2331700693842729e-08,41548,0.9801830706803812,True
A3,PRE_ELECTION,NULL_B_BLOCK_TIME_PERMUTATION,220,colombia_first_round,COL_2026,1.1963288905695642e-08,41552,0.9802774370104747,True
A3,PRE_ELECTION,NULL_B_BLOCK_TIME_PERMUTATION,221,colombia_first_round,COL_2026,1.4018097556571095e-08,41540,0.9799943380201944,True
A3,PRE_ELECTION,NULL_B_BLOCK_TIME_PERMUTATION,222,colombia_first_round,COL_2026,1.3864275158918493e-08,41535,0.9798763801075776,True
A3,PRE_ELECTION,NULL_B_BLOCK_TIME_PERMUTATION,223,colombia_first_round,COL_2026,1.1329673019069752e-08,41534,0.9798527885250543,True
A3,PRE_ELECTION,NULL_B_BLOCK_TIME_PERMUTATION,224,colombia_first_round,COL_2026,1.1444285351359227e-08,41533,0.9798291969425309,True
A3,PRE_ELECTION,NULL_B_BLOCK_TIME_PERMUTATION,225,colombia_first_round,COL_2026,1.1008120373905031e-08,41560,0.9804661696706615,True
A3,PRE_ELECTION,NULL_B_BLOCK_TIME_PERMUTATION,226,colombia_first_round,COL_2026,1.22888505403198e-08,41556,0.9803718033405681,True
A3,PRE_ELECTION,NULL_B_BLOCK_TIME_PERMUTATION,227,colombia_first_round,COL_2026,1.3547221405360225e-08,41542,0.9800415211852411,True
A3,PRE_ELECTION,NULL_B_BLOCK_TIME_PERMUTATION,228,colombia_first_round,COL_2026,1.2014490418789927e-08,41541,0.9800179296027177,True
A3,PRE_ELECTION,NULL_B_BLOCK_TIME_PERMUTATION,229,colombia_first_round,COL_2026,1.1502787039549262e-08,41532,0.9798056053600076,True
A3,PRE_ELECTION,NULL_B_BLOCK_TIME_PERMUTATION,230,colombia_first_round,COL_2026,1.071161837841853e-08,41543,0.9800651127677644,True
A3,PRE_ELECTION,NULL_B_BLOCK_TIME_PERMUTATION,231,colombia_first_round,COL_2026,8.179464118633342e-09,41567,0.980631310748325,True
A3,PRE_ELECTION,NULL_B_BLOCK_TIME_PERMUTATION,232,colombia_first_round,COL_2026,1.389292104727238e-08,41531,0.9797820137774842,True
A3,PRE_ELECTION,NULL_B_BLOCK_TIME_PERMUTATION,233,colombia_first_round,COL_2026,1.0943361882773951e-08,41548,0.9801830706803812,True
A3,PRE_ELECTION,NULL_B_BLOCK_TIME_PERMUTATION,234,colombia_first_round,COL_2026,1.3064947256085184e-08,41569,0.9806784939133717,True
A3,PRE_ELECTION,NULL_B_BLOCK_TIME_PERMUTATION,235,colombia_first_round,COL_2026,1.1769258125044637e-08,41528,0.9797112390299141,True
A3,PRE_ELECTION,NULL_B_BLOCK_TIME_PERMUTATION,236,colombia_first_round,COL_2026,1.2062970355854485e-08,41553,0.9803010285929981,True
A3,PRE_ELECTION,NULL_B_BLOCK_TIME_PERMUTATION,237,colombia_first_round,COL_2026,1.1844885710498268e-08,41548,0.9801830706803812,True
A3,PRE_ELECTION,NULL_B_BLOCK_TIME_PERMUTATION,238,colombia_first_round,COL_2026,1.1119383636997023e-08,41532,0.9798056053600076,True
A3,PRE_ELECTION,NULL_B_BLOCK_TIME_PERMUTATION,239,colombia_first_round,COL_2026,1.091559807035001e-08,41560,0.9804661696706615,True
A3,PRE_ELECTION,NULL_B_BLOCK_TIME_PERMUTATION,240,colombia_first_round,COL_2026,1.2703670300381247e-08,41542,0.9800415211852411,True
A3,PRE_ELECTION,NULL_B_BLOCK_TIME_PERMUTATION,241,colombia_first_round,COL_2026,1.2000783012966435e-08,41550,0.980230253845428,True
A3,PRE_ELECTION,NULL_B_BLOCK_TIME_PERMUTATION,242,colombia_first_round,COL_2026,1.4277735562242789e-08,41562,0.9805133528357082,True
A3,PRE_ELECTION,NULL_B_BLOCK_TIME_PERMUTATION,243,colombia_first_round,COL_2026,1.2862326179766252e-08,41568,0.9806549023308484,True
A3,PRE_ELECTION,NULL_B_BLOCK_TIME_PERMUTATION,244,colombia_first_round,COL_2026,1.2315328643832862e-08,41545,0.9801122959328111,True
A3,PRE_ELECTION,NULL_B_BLOCK_TIME_PERMUTATION,245,colombia_first_round,COL_2026,1.1471176598066208e-08,41545,0.9801122959328111,True
A3,PRE_ELECTION,NULL_B_BLOCK_TIME_PERMUTATION,246,colombia_first_round,COL_2026,9.860452084881983e-09,41560,0.9804661696706615,True
A3,PRE_ELECTION,NULL_B_BLOCK_TIME_PERMUTATION,247,colombia_first_round,COL_2026,1.2352843367776006e-08,41535,0.9798763801075776,True
A3,PRE_ELECTION,NULL_B_BLOCK_TIME_PERMUTATION,248,colombia_first_round,COL_2026,1.2151418636170143e-08,41525,0.9796404642823441,True
A3,PRE_ELECTION,NULL_B_BLOCK_TIME_PERMUTATION,249,colombia_first_round,COL_2026,1.3795033789466218e-08,41544,0.9800887043502878,True
A1,ACTIVE_RESULTS,NULL_A_CIRCULAR_SHIFT,0,colombia_first_round,COL_2026,-0.0003851487115788712,2603,0.9690990320178704,True
A1,ACTIVE_RESULTS,NULL_A_CIRCULAR_SHIFT,0,colombia_runoff,COL_2026,-0.014255415926055701,2584,0.9773071104387292,True
A1,ACTIVE_RESULTS,NULL_A_CIRCULAR_SHIFT,1,colombia_first_round,COL_2026,-0.0015942856852056181,2606,0.9702159344750558,True
A1,ACTIVE_RESULTS,NULL_A_CIRCULAR_SHIFT,1,colombia_runoff,COL_2026,-0.018287230187756014,2578,0.9750378214826021,True
A1,ACTIVE_RESULTS,NULL_A_CIRCULAR_SHIFT,2,colombia_first_round,COL_2026,-0.0007048491868917821,2603,0.9690990320178704,True
A1,ACTIVE_RESULTS,NULL_A_CIRCULAR_SHIFT,2,colombia_runoff,COL_2026,-0.014972253864694507,2579,0.9754160363086233,True
A1,ACTIVE_RESULTS,NULL_A_CIRCULAR_SHIFT,3,colombia_first_round,COL_2026,-0.0013579208052300687,2593,0.9653760238272524,True
A1,ACTIVE_RESULTS,NULL_A_CIRCULAR_SHIFT,3,colombia_runoff,COL_2026,-0.013164018085968366,2582,0.9765506807866868,True
A1,ACTIVE_RESULTS,NULL_A_CIRCULAR_SHIFT,4,colombia_first_round,COL_2026,-0.0006398609224964784,2592,0.9650037230081906,True
A1,ACTIVE_RESULTS,NULL_A_CIRCULAR_SHIFT,4,colombia_runoff,COL_2026,-0.014933634542666212,2581,0.9761724659606656,True
A1,ACTIVE_RESULTS,NULL_A_CIRCULAR_SHIFT,5,colombia_first_round,COL_2026,-0.0011812619408450907,2589,0.9638868205510052,True
A1,ACTIVE_RESULTS,NULL_A_CIRCULAR_SHIFT,5,colombia_runoff,COL_2026,-0.01350259560626326,2581,0.9761724659606656,True
A1,ACTIVE_RESULTS,NULL_A_CIRCULAR_SHIFT,6,colombia_first_round,COL_2026,-0.000710235101501572,2590,0.964259121370067,True
A1,ACTIVE_RESULTS,NULL_A_CIRCULAR_SHIFT,6,colombia_runoff,COL_2026,-0.009945225895474192,2587,0.9784417549167927,True
A1,ACTIVE_RESULTS,NULL_A_CIRCULAR_SHIFT,7,colombia_first_round,COL_2026,-0.0009941774644594559,2608,0.9709605361131795,True
A1,ACTIVE_RESULTS,NULL_A_CIRCULAR_SHIFT,7,colombia_runoff,COL_2026,-0.010752961130657076,2589,0.9791981845688351,True
A1,ACTIVE_RESULTS,NULL_A_CIRCULAR_SHIFT,8,colombia_first_round,COL_2026,-0.0014561238050911124,2613,0.9728220402084885,True
A1,ACTIVE_RESULTS,NULL_A_CIRCULAR_SHIFT,8,colombia_runoff,COL_2026,-0.01232002715905584,2578,0.9750378214826021,True
A1,ACTIVE_RESULTS,NULL_A_CIRCULAR_SHIFT,9,colombia_first_round,COL_2026,-0.0011813451896955426,2589,0.9638868205510052,True
A1,ACTIVE_RESULTS,NULL_A_CIRCULAR_SHIFT,9,colombia_runoff,COL_2026,-0.01588874347329255,2583,0.976928895612708,True
A1,ACTIVE_RESULTS,NULL_A_CIRCULAR_SHIFT,10,colombia_first_round,COL_2026,-0.0012333960481727471,2590,0.964259121370067,True
A1,ACTIVE_RESULTS,NULL_A_CIRCULAR_SHIFT,10,colombia_runoff,COL_2026,-0.01707690652545261,2584,0.9773071104387292,True
A1,ACTIVE_RESULTS,NULL_A_CIRCULAR_SHIFT,11,colombia_first_round,COL_2026,-0.0007365301030025593,2596,0.9664929262844378,True
A1,ACTIVE_RESULTS,NULL_A_CIRCULAR_SHIFT,11,colombia_runoff,COL_2026,-0.016596672521166436,2578,0.9750378214826021,True
A1,ACTIVE_RESULTS,NULL_A_CIRCULAR_SHIFT,12,colombia_first_round,COL_2026,-0.0005254037721582198,2603,0.9690990320178704,True
A1,ACTIVE_RESULTS,NULL_A_CIRCULAR_SHIFT,12,colombia_runoff,COL_2026,-0.015459041877585445,2582,0.9765506807866868,True
A1,ACTIVE_RESULTS,NULL_A_CIRCULAR_SHIFT,13,colombia_first_round,COL_2026,-0.00029000414063444133,2591,0.9646314221891288,True
A1,ACTIVE_RESULTS,NULL_A_CIRCULAR_SHIFT,13,colombia_runoff,COL_2026,-0.016380626771061307,2582,0.9765506807866868,True
A1,ACTIVE_RESULTS,NULL_A_CIRCULAR_SHIFT,14,colombia_first_round,COL_2026,-0.0014206594125514972,2589,0.9638868205510052,True
A1,ACTIVE_RESULTS,NULL_A_CIRCULAR_SHIFT,14,colombia_runoff,COL_2026,-0.013934575429621284,2581,0.9761724659606656,True
A1,ACTIVE_RESULTS,NULL_A_CIRCULAR_SHIFT,15,colombia_first_round,COL_2026,-0.0011461571739571374,2596,0.9664929262844378,True
A1,ACTIVE_RESULTS,NULL_A_CIRCULAR_SHIFT,15,colombia_runoff,COL_2026,-0.014927195466189418,2581,0.9761724659606656,True
A1,ACTIVE_RESULTS,NULL_A_CIRCULAR_SHIFT,16,colombia_first_round,COL_2026,-0.0016164332394589167,2592,0.9650037230081906,True
A1,ACTIVE_RESULTS,NULL_A_CIRCULAR_SHIFT,16,colombia_runoff,COL_2026,-0.011238354909143874,2583,0.976928895612708,True
A1,ACTIVE_RESULTS,NULL_A_CIRCULAR_SHIFT,17,colombia_first_round,COL_2026,-0.00021871445106515707,2597,0.9668652271034996,True
A1,ACTIVE_RESULTS,NULL_A_CIRCULAR_SHIFT,17,colombia_runoff,COL_2026,-0.013911873347798968,2580,0.9757942511346445,True
A1,ACTIVE_RESULTS,NULL_A_CIRCULAR_SHIFT,18,colombia_first_round,COL_2026,-0.001413260932959262,2591,0.9646314221891288,True
A1,ACTIVE_RESULTS,NULL_A_CIRCULAR_SHIFT,18,colombia_runoff,COL_2026,-0.01680465668857272,2587,0.9784417549167927,True
A1,ACTIVE_RESULTS,NULL_A_CIRCULAR_SHIFT,19,colombia_first_round,COL_2026,-0.00013299773302083927,2591,0.9646314221891288,True
A1,ACTIVE_RESULTS,NULL_A_CIRCULAR_SHIFT,19,colombia_runoff,COL_2026,-0.012585090920176222,2579,0.9754160363086233,True
A1,ACTIVE_RESULTS,NULL_A_CIRCULAR_SHIFT,20,colombia_first_round,COL_2026,-0.0010779590847335573,2590,0.964259121370067,True
A1,ACTIVE_RESULTS,NULL_A_CIRCULAR_SHIFT,20,colombia_runoff,COL_2026,-0.013126196136454426,2579,0.9754160363086233,True
A1,ACTIVE_RESULTS,NULL_A_CIRCULAR_SHIFT,21,colombia_first_round,COL_2026,-0.00023457552034661963,2598,0.9672375279225615,True
A1,ACTIVE_RESULTS,NULL_A_CIRCULAR_SHIFT,21,colombia_runoff,COL_2026,-0.008775125431195695,2584,0.9773071104387292,True
A1,ACTIVE_RESULTS,NULL_A_CIRCULAR_SHIFT,22,colombia_first_round,COL_2026,-0.00044868373690313786,2593,0.9653760238272524,True
A1,ACTIVE_RESULTS,NULL_A_CIRCULAR_SHIFT,22,colombia_runoff,COL_2026,-0.01230182917174202,2578,0.9750378214826021,True
A1,ACTIVE_RESULTS,NULL_A_CIRCULAR_SHIFT,23,colombia_first_round,COL_2026,-0.0009677966016934992,2593,0.9653760238272524,True
A1,ACTIVE_RESULTS,NULL_A_CIRCULAR_SHIFT,23,colombia_runoff,COL_2026,-0.010289411162895263,2581,0.9761724659606656,True
A1,ACTIVE_RESULTS,NULL_A_CIRCULAR_SHIFT,24,colombia_first_round,COL_2026,-0.0014675723222404816,2592,0.9650037230081906,True
A1,ACTIVE_RESULTS,NULL_A_CIRCULAR_SHIFT,24,colombia_runoff,COL_2026,-0.01567062961784013,2579,0.9754160363086233,True
A1,ACTIVE_RESULTS,NULL_A_CIRCULAR_SHIFT,25,colombia_first_round,COL_2026,-0.0016737614525493705,2589,0.9638868205510052,True
A1,ACTIVE_RESULTS,NULL_A_CIRCULAR_SHIFT,25,colombia_runoff,COL_2026,-0.013502569372947262,2582,0.9765506807866868,True
A1,ACTIVE_RESULTS,NULL_A_CIRCULAR_SHIFT,26,colombia_first_round,COL_2026,-0.0005631233251380472,2589,0.9638868205510052,True
A1,ACTIVE_RESULTS,NULL_A_CIRCULAR_SHIFT,26,colombia_runoff,COL_2026,-0.014894257234441854,2582,0.9765506807866868,True
A1,ACTIVE_RESULTS,NULL_A_CIRCULAR_SHIFT,27,colombia_first_round,COL_2026,-0.0006832909540587669,2603,0.9690990320178704,True
A1,ACTIVE_RESULTS,NULL_A_CIRCULAR_SHIFT,27,colombia_runoff,COL_2026,-0.013666620819444301,2583,0.976928895612708,True
A1,ACTIVE_RESULTS,NULL_A_CIRCULAR_SHIFT,28,colombia_first_round,COL_2026,-0.0016417891796575283,2591,0.9646314221891288,True
A1,ACTIVE_RESULTS,NULL_A_CIRCULAR_SHIFT,28,colombia_runoff,COL_2026,-0.01692286153389815,2580,0.9757942511346445,True
A1,ACTIVE_RESULTS,NULL_A_CIRCULAR_SHIFT,29,colombia_first_round,COL_2026,-0.0006648392400694115,2591,0.9646314221891288,True
A1,ACTIVE_RESULTS,NULL_A_CIRCULAR_SHIFT,29,colombia_runoff,COL_2026,-0.012374443472274415,2582,0.9765506807866868,True
A1,ACTIVE_RESULTS,NULL_A_CIRCULAR_SHIFT,30,colombia_first_round,COL_2026,-0.0012869495835701548,2592,0.9650037230081906,True
A1,ACTIVE_RESULTS,NULL_A_CIRCULAR_SHIFT,30,colombia_runoff,COL_2026,-0.014814808696624443,2585,0.9776853252647504,True
A1,ACTIVE_RESULTS,NULL_A_CIRCULAR_SHIFT,31,colombia_first_round,COL_2026,-0.0012493797461860922,2590,0.964259121370067,True
A1,ACTIVE_RESULTS,NULL_A_CIRCULAR_SHIFT,31,colombia_runoff,COL_2026,-0.010386460761144068,2584,0.9773071104387292,True
A1,ACTIVE_RESULTS,NULL_A_CIRCULAR_SHIFT,32,colombia_first_round,COL_2026,-0.0006616645609464264,2591,0.9646314221891288,True
A1,ACTIVE_RESULTS,NULL_A_CIRCULAR_SHIFT,32,colombia_runoff,COL_2026,-0.014411160182656776,2582,0.9765506807866868,True
A1,ACTIVE_RESULTS,NULL_A_CIRCULAR_SHIFT,33,colombia_first_round,COL_2026,-0.0003334371115364241,2592,0.9650037230081906,True
A1,ACTIVE_RESULTS,NULL_A_CIRCULAR_SHIFT,33,colombia_runoff,COL_2026,-0.01534867604067971,2578,0.9750378214826021,True
A1,ACTIVE_RESULTS,NULL_A_CIRCULAR_SHIFT,34,colombia_first_round,COL_2026,-9.559654115939083e-05,2589,0.9638868205510052,True
A1,ACTIVE_RESULTS,NULL_A_CIRCULAR_SHIFT,34,colombia_runoff,COL_2026,-0.014729762221443055,2584,0.9773071104387292,True
A1,ACTIVE_RESULTS,NULL_A_CIRCULAR_SHIFT,35,colombia_first_round,COL_2026,-0.0006342800473026081,2593,0.9653760238272524,True
A1,ACTIVE_RESULTS,NULL_A_CIRCULAR_SHIFT,35,colombia_runoff,COL_2026,-0.008993185736219994,2578,0.9750378214826021,True
A1,ACTIVE_RESULTS,NULL_A_CIRCULAR_SHIFT,36,colombia_first_round,COL_2026,-0.0008295081726529237,2594,0.9657483246463142,True
A1,ACTIVE_RESULTS,NULL_A_CIRCULAR_SHIFT,36,colombia_runoff,COL_2026,-0.0105836717652251,2583,0.976928895612708,True
A1,ACTIVE_RESULTS,NULL_A_CIRCULAR_SHIFT,37,colombia_first_round,COL_2026,-0.0006538082036370571,2590,0.964259121370067,True
A1,ACTIVE_RESULTS,NULL_A_CIRCULAR_SHIFT,37,colombia_runoff,COL_2026,-0.009815577050371753,2577,0.9746596066565809,True
A1,ACTIVE_RESULTS,NULL_A_CIRCULAR_SHIFT,38,colombia_first_round,COL_2026,-0.0006952517225202614,2606,0.9702159344750558,True
A1,ACTIVE_RESULTS,NULL_A_CIRCULAR_SHIFT,38,colombia_runoff,COL_2026,-0.013973990811486932,2580,0.9757942511346445,True
A1,ACTIVE_RESULTS,NULL_A_CIRCULAR_SHIFT,39,colombia_first_round,COL_2026,-0.0011623428868855856,2613,0.9728220402084885,True
A1,ACTIVE_RESULTS,NULL_A_CIRCULAR_SHIFT,39,colombia_runoff,COL_2026,-0.010974365678140684,2579,0.9754160363086233,True
A1,ACTIVE_RESULTS,NULL_A_CIRCULAR_SHIFT,40,colombia_first_round,COL_2026,-0.0011031256503493507,2593,0.9653760238272524,True
A1,ACTIVE_RESULTS,NULL_A_CIRCULAR_SHIFT,40,colombia_runoff,COL_2026,-0.015463290047251013,2577,0.9746596066565809,True
A1,ACTIVE_RESULTS,NULL_A_CIRCULAR_SHIFT,41,colombia_first_round,COL_2026,-0.001577236090395151,2589,0.9638868205510052,True
A1,ACTIVE_RESULTS,NULL_A_CIRCULAR_SHIFT,41,colombia_runoff,COL_2026,-0.014755332316298317,2581,0.9761724659606656,True
A1,ACTIVE_RESULTS,NULL_A_CIRCULAR_SHIFT,42,colombia_first_round,COL_2026,-0.0010869627539879694,2591,0.9646314221891288,True
A1,ACTIVE_RESULTS,NULL_A_CIRCULAR_SHIFT,42,colombia_runoff,COL_2026,-0.011654222221075164,2584,0.9773071104387292,True
A1,ACTIVE_RESULTS,NULL_A_CIRCULAR_SHIFT,43,colombia_first_round,COL_2026,-0.0005284756545811362,2600,0.9679821295606851,True
A1,ACTIVE_RESULTS,NULL_A_CIRCULAR_SHIFT,43,colombia_runoff,COL_2026,-0.010290527760544763,2580,0.9757942511346445,True
A1,ACTIVE_RESULTS,NULL_A_CIRCULAR_SHIFT,44,colombia_first_round,COL_2026,-0.000909377119085978,2599,0.9676098287416233,True
A1,ACTIVE_RESULTS,NULL_A_CIRCULAR_SHIFT,44,colombia_runoff,COL_2026,-0.01278101892524695,2580,0.9757942511346445,True
A1,ACTIVE_RESULTS,NULL_A_CIRCULAR_SHIFT,45,colombia_first_round,COL_2026,-0.0013610715404066352,2589,0.9638868205510052,True
A1,ACTIVE_RESULTS,NULL_A_CIRCULAR_SHIFT,45,colombia_runoff,COL_2026,-0.00993465572435642,2583,0.976928895612708,True
A1,ACTIVE_RESULTS,NULL_A_CIRCULAR_SHIFT,46,colombia_first_round,COL_2026,-0.0005657327744616379,2592,0.9650037230081906,True
A1,ACTIVE_RESULTS,NULL_A_CIRCULAR_SHIFT,46,colombia_runoff,COL_2026,-0.00934993334896976,2584,0.9773071104387292,True
A1,ACTIVE_RESULTS,NULL_A_CIRCULAR_SHIFT,47,colombia_first_round,COL_2026,-0.0011858945152809998,2597,0.9668652271034996,True
A1,ACTIVE_RESULTS,NULL_A_CIRCULAR_SHIFT,47,colombia_runoff,COL_2026,-0.015648607963000466,2585,0.9776853252647504,True
A1,ACTIVE_RESULTS,NULL_A_CIRCULAR_SHIFT,48,colombia_first_round,COL_2026,-0.00011483246664163542,2614,0.9731943410275503,True
A1,ACTIVE_RESULTS,NULL_A_CIRCULAR_SHIFT,48,colombia_runoff,COL_2026,-0.00942604895479343,2582,0.9765506807866868,True
A1,ACTIVE_RESULTS,NULL_A_CIRCULAR_SHIFT,49,colombia_first_round,COL_2026,-0.0016162992899164872,2595,0.966120625465376,True
A1,ACTIVE_RESULTS,NULL_A_CIRCULAR_SHIFT,49,colombia_runoff,COL_2026,-0.016046011845432494,2579,0.9754160363086233,True
A1,ACTIVE_RESULTS,NULL_A_CIRCULAR_SHIFT,50,colombia_first_round,COL_2026,-0.0014069117921559921,2604,0.9694713328369322,True
A1,ACTIVE_RESULTS,NULL_A_CIRCULAR_SHIFT,50,colombia_runoff,COL_2026,-0.016264712873839935,2576,0.9742813918305597,True
A1,ACTIVE_RESULTS,NULL_A_CIRCULAR_SHIFT,51,colombia_first_round,COL_2026,-0.000843022733862926,2594,0.9657483246463142,True
A1,ACTIVE_RESULTS,NULL_A_CIRCULAR_SHIFT,51,colombia_runoff,COL_2026,-0.012407955115024343,2580,0.9757942511346445,True
A1,ACTIVE_RESULTS,NULL_A_CIRCULAR_SHIFT,52,colombia_first_round,COL_2026,-0.0008542891514806689,2590,0.964259121370067,True
A1,ACTIVE_RESULTS,NULL_A_CIRCULAR_SHIFT,52,colombia_runoff,COL_2026,-0.01182424140028206,2582,0.9765506807866868,True
A1,ACTIVE_RESULTS,NULL_A_CIRCULAR_SHIFT,53,colombia_first_round,COL_2026,-0.0014890030540215557,2607,0.9705882352941176,True
A1,ACTIVE_RESULTS,NULL_A_CIRCULAR_SHIFT,53,colombia_runoff,COL_2026,-0.01362738757924518,2581,0.9761724659606656,True
A1,ACTIVE_RESULTS,NULL_A_CIRCULAR_SHIFT,54,colombia_first_round,COL_2026,-0.0008992552828728614,2605,0.969843633655994,True
A1,ACTIVE_RESULTS,NULL_A_CIRCULAR_SHIFT,54,colombia_runoff,COL_2026,-0.013518357929082738,2581,0.9761724659606656,True
A1,ACTIVE_RESULTS,NULL_A_CIRCULAR_SHIFT,55,colombia_first_round,COL_2026,-0.0010184777009872473,2602,0.9687267311988086,True
A1,ACTIVE_RESULTS,NULL_A_CIRCULAR_SHIFT,55,colombia_runoff,COL_2026,-0.008887103248815406,2578,0.9750378214826021,True
A1,ACTIVE_RESULTS,NULL_A_CIRCULAR_SHIFT,56,colombia_first_round,COL_2026,-0.0008564355262368934,2602,0.9687267311988086,True
A1,ACTIVE_RESULTS,NULL_A_CIRCULAR_SHIFT,56,colombia_runoff,COL_2026,-0.011400868701161733,2585,0.9776853252647504,True
A1,ACTIVE_RESULTS,NULL_A_CIRCULAR_SHIFT,57,colombia_first_round,COL_2026,-0.0003539649099445738,2590,0.964259121370067,True
A1,ACTIVE_RESULTS,NULL_A_CIRCULAR_SHIFT,57,colombia_runoff,COL_2026,-0.013964178384418983,2581,0.9761724659606656,True
A1,ACTIVE_RESULTS,NULL_A_CIRCULAR_SHIFT,58,colombia_first_round,COL_2026,-0.0006899534385760816,2589,0.9638868205510052,True
A1,ACTIVE_RESULTS,NULL_A_CIRCULAR_SHIFT,58,colombia_runoff,COL_2026,-0.013876391369307095,2586,0.9780635400907716,True
A1,ACTIVE_RESULTS,NULL_A_CIRCULAR_SHIFT,59,colombia_first_round,COL_2026,-0.001299719134258985,2592,0.9650037230081906,True
A1,ACTIVE_RESULTS,NULL_A_CIRCULAR_SHIFT,59,colombia_runoff,COL_2026,-0.012933520858025209,2582,0.9765506807866868,True
A1,ACTIVE_RESULTS,NULL_A_CIRCULAR_SHIFT,60,colombia_first_round,COL_2026,-0.000994990422033472,2591,0.9646314221891288,True
A1,ACTIVE_RESULTS,NULL_A_CIRCULAR_SHIFT,60,colombia_runoff,COL_2026,-0.015096500785750745,2579,0.9754160363086233,True
A1,ACTIVE_RESULTS,NULL_A_CIRCULAR_SHIFT,61,colombia_first_round,COL_2026,-0.0012060334459143875,2593,0.9653760238272524,True
A1,ACTIVE_RESULTS,NULL_A_CIRCULAR_SHIFT,61,colombia_runoff,COL_2026,-0.014942060936359091,2588,0.9788199697428139,True
A1,ACTIVE_RESULTS,NULL_A_CIRCULAR_SHIFT,62,colombia_first_round,COL_2026,-0.001117678652227907,2590,0.964259121370067,True
A1,ACTIVE_RESULTS,NULL_A_CIRCULAR_SHIFT,62,colombia_runoff,COL_2026,-0.014871272947319523,2584,0.9773071104387292,True
A1,ACTIVE_RESULTS,NULL_A_CIRCULAR_SHIFT,63,colombia_first_round,COL_2026,-0.001740759695151863,2596,0.9664929262844378,True
A1,ACTIVE_RESULTS,NULL_A_CIRCULAR_SHIFT,63,colombia_runoff,COL_2026,-0.0157336212573772,2587,0.9784417549167927,True
A1,ACTIVE_RESULTS,NULL_A_CIRCULAR_SHIFT,64,colombia_first_round,COL_2026,-0.0013930521480015094,2607,0.9705882352941176,True
A1,ACTIVE_RESULTS,NULL_A_CIRCULAR_SHIFT,64,colombia_runoff,COL_2026,-0.014255860676436187,2584,0.9773071104387292,True
A1,ACTIVE_RESULTS,NULL_A_CIRCULAR_SHIFT,65,colombia_first_round,COL_2026,-0.0008193870449505326,2605,0.969843633655994,True
A1,ACTIVE_RESULTS,NULL_A_CIRCULAR_SHIFT,65,colombia_runoff,COL_2026,-0.014801532730145079,2585,0.9776853252647504,True
A1,ACTIVE_RESULTS,NULL_A_CIRCULAR_SHIFT,66,colombia_first_round,COL_2026,-0.001975204371618043,2608,0.9709605361131795,True
A1,ACTIVE_RESULTS,NULL_A_CIRCULAR_SHIFT,66,colombia_runoff,COL_2026,-0.019120797985417385,2580,0.9757942511346445,True
A1,ACTIVE_RESULTS,NULL_A_CIRCULAR_SHIFT,67,colombia_first_round,COL_2026,-0.001033611376655199,2602,0.9687267311988086,True
A1,ACTIVE_RESULTS,NULL_A_CIRCULAR_SHIFT,67,colombia_runoff,COL_2026,-0.012167792004569208,2576,0.9742813918305597,True
A1,ACTIVE_RESULTS,NULL_A_CIRCULAR_SHIFT,68,colombia_first_round,COL_2026,-0.0013957672336775899,2593,0.9653760238272524,True
A1,ACTIVE_RESULTS,NULL_A_CIRCULAR_SHIFT,68,colombia_runoff,COL_2026,-0.015705156077448892,2580,0.9757942511346445,True
A1,ACTIVE_RESULTS,NULL_A_CIRCULAR_SHIFT,69,colombia_first_round,COL_2026,-0.001346085264861011,2592,0.9650037230081906,True
A1,ACTIVE_RESULTS,NULL_A_CIRCULAR_SHIFT,69,colombia_runoff,COL_2026,-0.01003858413483323,2582,0.9765506807866868,True
A1,ACTIVE_RESULTS,NULL_A_CIRCULAR_SHIFT,70,colombia_first_round,COL_2026,-0.001542409304680568,2589,0.9638868205510052,True
A1,ACTIVE_RESULTS,NULL_A_CIRCULAR_SHIFT,70,colombia_runoff,COL_2026,-0.015775091285587822,2576,0.9742813918305597,True
A1,ACTIVE_RESULTS,NULL_A_CIRCULAR_SHIFT,71,colombia_first_round,COL_2026,-0.001066103458326288,2590,0.964259121370067,True
A1,ACTIVE_RESULTS,NULL_A_CIRCULAR_SHIFT,71,colombia_runoff,COL_2026,-0.016735716876124025,2577,0.9746596066565809,True
A1,ACTIVE_RESULTS,NULL_A_CIRCULAR_SHIFT,72,colombia_first_round,COL_2026,-0.0007678442624998368,2599,0.9676098287416233,True
A1,ACTIVE_RESULTS,NULL_A_CIRCULAR_SHIFT,72,colombia_runoff,COL_2026,-0.015161235258280857,2582,0.9765506807866868,True
A1,ACTIVE_RESULTS,NULL_A_CIRCULAR_SHIFT,73,colombia_first_round,COL_2026,-0.0010488844834905136,2609,0.9713328369322413,True
A1,ACTIVE_RESULTS,NULL_A_CIRCULAR_SHIFT,73,colombia_runoff,COL_2026,-0.015210794438794636,2578,0.9750378214826021,True
A1,ACTIVE_RESULTS,NULL_A_CIRCULAR_SHIFT,74,colombia_first_round,COL_2026,-0.0004540441294479849,2589,0.9638868205510052,True
A1,ACTIVE_RESULTS,NULL_A_CIRCULAR_SHIFT,74,colombia_runoff,COL_2026,-0.010347083324648662,2580,0.9757942511346445,True
A1,ACTIVE_RESULTS,NULL_A_CIRCULAR_SHIFT,75,colombia_first_round,COL_2026,-0.0017861126272801396,2604,0.9694713328369322,True
A1,ACTIVE_RESULTS,NULL_A_CIRCULAR_SHIFT,75,colombia_runoff,COL_2026,-0.01733529518070556,2584,0.9773071104387292,True
A1,ACTIVE_RESULTS,NULL_A_CIRCULAR_SHIFT,76,colombia_first_round,COL_2026,-0.0008715475740246826,2593,0.9653760238272524,True
A1,ACTIVE_RESULTS,NULL_A_CIRCULAR_SHIFT,76,colombia_runoff,COL_2026,-0.015600511113219815,2576,0.9742813918305597,True
A1,ACTIVE_RESULTS,NULL_A_CIRCULAR_SHIFT,77,colombia_first_round,COL_2026,-0.0002046939734168694,2590,0.964259121370067,True
A1,ACTIVE_RESULTS,NULL_A_CIRCULAR_SHIFT,77,colombia_runoff,COL_2026,-0.014036020892113945,2583,0.976928895612708,True
A1,ACTIVE_RESULTS,NULL_A_CIRCULAR_SHIFT,78,colombia_first_round,COL_2026,-0.0013492940709903603,2589,0.9638868205510052,True
A1,ACTIVE_RESULTS,NULL_A_CIRCULAR_SHIFT,78,colombia_runoff,COL_2026,-0.013634395392857544,2586,0.9780635400907716,True
A1,ACTIVE_RESULTS,NULL_A_CIRCULAR_SHIFT,79,colombia_first_round,COL_2026,-0.0015860117579752223,2597,0.9668652271034996,True
A1,ACTIVE_RESULTS,NULL_A_CIRCULAR_SHIFT,79,colombia_runoff,COL_2026,-0.010934180097573859,2588,0.9788199697428139,True
A1,ACTIVE_RESULTS,NULL_A_CIRCULAR_SHIFT,80,colombia_first_round,COL_2026,-0.0010939675495722694,2594,0.9657483246463142,True
A1,ACTIVE_RESULTS,NULL_A_CIRCULAR_SHIFT,80,colombia_runoff,COL_2026,-0.017520436449715522,2579,0.9754160363086233,True
A1,ACTIVE_RESULTS,NULL_A_CIRCULAR_SHIFT,81,colombia_first_round,COL_2026,-0.0008352474586299989,2597,0.9668652271034996,True
A1,ACTIVE_RESULTS,NULL_A_CIRCULAR_SHIFT,81,colombia_runoff,COL_2026,-0.016542958196388576,2578,0.9750378214826021,True
A1,ACTIVE_RESULTS,NULL_A_CIRCULAR_SHIFT,82,colombia_first_round,COL_2026,-0.0013205848238102477,2589,0.9638868205510052,True
A1,ACTIVE_RESULTS,NULL_A_CIRCULAR_SHIFT,82,colombia_runoff,COL_2026,-0.016001015655679334,2590,0.9795763993948563,True
A1,ACTIVE_RESULTS,NULL_A_CIRCULAR_SHIFT,83,colombia_first_round,COL_2026,-0.0010275348659046896,2593,0.9653760238272524,True
A1,ACTIVE_RESULTS,NULL_A_CIRCULAR_SHIFT,83,colombia_runoff,COL_2026,-0.016856714394149257,2579,0.9754160363086233,True
A1,ACTIVE_RESULTS,NULL_A_CIRCULAR_SHIFT,84,colombia_first_round,COL_2026,-0.001073408822573948,2594,0.9657483246463142,True
A1,ACTIVE_RESULTS,NULL_A_CIRCULAR_SHIFT,84,colombia_runoff,COL_2026,-0.010749971768466073,2582,0.9765506807866868,True
A1,ACTIVE_RESULTS,NULL_A_CIRCULAR_SHIFT,85,colombia_first_round,COL_2026,-0.0012374277945094363,2598,0.9672375279225615,True
A1,ACTIVE_RESULTS,NULL_A_CIRCULAR_SHIFT,85,colombia_runoff,COL_2026,-0.014232877352149755,2580,0.9757942511346445,True
A1,ACTIVE_RESULTS,NULL_A_CIRCULAR_SHIFT,86,colombia_first_round,COL_2026,-0.0008615072703739183,2603,0.9690990320178704,True
A1,ACTIVE_RESULTS,NULL_A_CIRCULAR_SHIFT,86,colombia_runoff,COL_2026,-0.01268331591943162,2576,0.9742813918305597,True
A1,ACTIVE_RESULTS,NULL_A_CIRCULAR_SHIFT,87,colombia_first_round,COL_2026,-0.0008136400450569063,2596,0.9664929262844378,True
A1,ACTIVE_RESULTS,NULL_A_CIRCULAR_SHIFT,87,colombia_runoff,COL_2026,-0.014015906852089092,2581,0.9761724659606656,True
A1,ACTIVE_RESULTS,NULL_A_CIRCULAR_SHIFT,88,colombia_first_round,COL_2026,-0.0007747531870274111,2590,0.964259121370067,True
A1,ACTIVE_RESULTS,NULL_A_CIRCULAR_SHIFT,88,colombia_runoff,COL_2026,-0.01059833482715508,2581,0.9761724659606656,True
A1,ACTIVE_RESULTS,NULL_A_CIRCULAR_SHIFT,89,colombia_first_round,COL_2026,-0.0019160223043698822,2592,0.9650037230081906,True
A1,ACTIVE_RESULTS,NULL_A_CIRCULAR_SHIFT,89,colombia_runoff,COL_2026,-0.014908027792089593,2577,0.9746596066565809,True
A1,ACTIVE_RESULTS,NULL_A_CIRCULAR_SHIFT,90,colombia_first_round,COL_2026,-0.0017341050215041332,2589,0.9638868205510052,True
A1,ACTIVE_RESULTS,NULL_A_CIRCULAR_SHIFT,90,colombia_runoff,COL_2026,-0.015008971728253587,2582,0.9765506807866868,True
A1,ACTIVE_RESULTS,NULL_A_CIRCULAR_SHIFT,91,colombia_first_round,COL_2026,-0.0008326200376099072,2593,0.9653760238272524,True
A1,ACTIVE_RESULTS,NULL_A_CIRCULAR_SHIFT,91,colombia_runoff,COL_2026,-0.016739166028069085,2582,0.9765506807866868,True
A1,ACTIVE_RESULTS,NULL_A_CIRCULAR_SHIFT,92,colombia_first_round,COL_2026,-0.000792035970429739,2602,0.9687267311988086,True
A1,ACTIVE_RESULTS,NULL_A_CIRCULAR_SHIFT,92,colombia_runoff,COL_2026,-0.01345154832598481,2579,0.9754160363086233,True
A1,ACTIVE_RESULTS,NULL_A_CIRCULAR_SHIFT,93,colombia_first_round,COL_2026,-0.0007007952748018473,2590,0.964259121370067,True
A1,ACTIVE_RESULTS,NULL_A_CIRCULAR_SHIFT,93,colombia_runoff,COL_2026,-0.015080574931358726,2585,0.9776853252647504,True
A1,ACTIVE_RESULTS,NULL_A_CIRCULAR_SHIFT,94,colombia_first_round,COL_2026,-0.00042826360720197773,2603,0.9690990320178704,True
A1,ACTIVE_RESULTS,NULL_A_CIRCULAR_SHIFT,94,colombia_runoff,COL_2026,-0.011382053772011956,2584,0.9773071104387292,True
A1,ACTIVE_RESULTS,NULL_A_CIRCULAR_SHIFT,95,colombia_first_round,COL_2026,-0.001208788705130759,2590,0.964259121370067,True
A1,ACTIVE_RESULTS,NULL_A_CIRCULAR_SHIFT,95,colombia_runoff,COL_2026,-0.011338248123340142,2581,0.9761724659606656,True
A1,ACTIVE_RESULTS,NULL_A_CIRCULAR_SHIFT,96,colombia_first_round,COL_2026,-0.001715222975485538,2589,0.9638868205510052,True
A1,ACTIVE_RESULTS,NULL_A_CIRCULAR_SHIFT,96,colombia_runoff,COL_2026,-0.013680197062235524,2582,0.9765506807866868,True
A1,ACTIVE_RESULTS,NULL_A_CIRCULAR_SHIFT,97,colombia_first_round,COL_2026,-0.0017740008714608381,2589,0.9638868205510052,True
A1,ACTIVE_RESULTS,NULL_A_CIRCULAR_SHIFT,97,colombia_runoff,COL_2026,-0.017246830316741714,2584,0.9773071104387292,True
A1,ACTIVE_RESULTS,NULL_A_CIRCULAR_SHIFT,98,colombia_first_round,COL_2026,-0.0011363983730626115,2593,0.9653760238272524,True
A1,ACTIVE_RESULTS,NULL_A_CIRCULAR_SHIFT,98,colombia_runoff,COL_2026,-0.01792233201034006,2586,0.9780635400907716,True
A1,ACTIVE_RESULTS,NULL_A_CIRCULAR_SHIFT,99,colombia_first_round,COL_2026,-0.0007106421852263806,2592,0.9650037230081906,True
A1,ACTIVE_RESULTS,NULL_A_CIRCULAR_SHIFT,99,colombia_runoff,COL_2026,-0.011489426199616638,2582,0.9765506807866868,True
A1,ACTIVE_RESULTS,NULL_A_CIRCULAR_SHIFT,100,colombia_first_round,COL_2026,-0.0006362554828635282,2593,0.9653760238272524,True
A1,ACTIVE_RESULTS,NULL_A_CIRCULAR_SHIFT,100,colombia_runoff,COL_2026,-0.015723667148258798,2578,0.9750378214826021,True
A1,ACTIVE_RESULTS,NULL_A_CIRCULAR_SHIFT,101,colombia_first_round,COL_2026,-0.0007165748885338439,2597,0.9668652271034996,True
A1,ACTIVE_RESULTS,NULL_A_CIRCULAR_SHIFT,101,colombia_runoff,COL_2026,-0.01467247658219898,2584,0.9773071104387292,True
A1,ACTIVE_RESULTS,NULL_A_CIRCULAR_SHIFT,102,colombia_first_round,COL_2026,-0.002002164968813478,2590,0.964259121370067,True
A1,ACTIVE_RESULTS,NULL_A_CIRCULAR_SHIFT,102,colombia_runoff,COL_2026,-0.015866903753870697,2584,0.9773071104387292,True
A1,ACTIVE_RESULTS,NULL_A_CIRCULAR_SHIFT,103,colombia_first_round,COL_2026,-0.00033207180445082824,2589,0.9638868205510052,True
A1,ACTIVE_RESULTS,NULL_A_CIRCULAR_SHIFT,103,colombia_runoff,COL_2026,-0.012026043259900676,2578,0.9750378214826021,True
A1,ACTIVE_RESULTS,NULL_A_CIRCULAR_SHIFT,104,colombia_first_round,COL_2026,-0.0004849890051504477,2589,0.9638868205510052,True
A1,ACTIVE_RESULTS,NULL_A_CIRCULAR_SHIFT,104,colombia_runoff,COL_2026,-0.01722772411895375,2581,0.9761724659606656,True
A1,ACTIVE_RESULTS,NULL_A_CIRCULAR_SHIFT,105,colombia_first_round,COL_2026,-0.0002737267247123125,2591,0.9646314221891288,True
A1,ACTIVE_RESULTS,NULL_A_CIRCULAR_SHIFT,105,colombia_runoff,COL_2026,-0.01237898965476393,2580,0.9757942511346445,True
A1,ACTIVE_RESULTS,NULL_A_CIRCULAR_SHIFT,106,colombia_first_round,COL_2026,-0.0010263246157543495,2593,0.9653760238272524,True
A1,ACTIVE_RESULTS,NULL_A_CIRCULAR_SHIFT,106,colombia_runoff,COL_2026,-0.01359637126021289,2580,0.9757942511346445,True
A1,ACTIVE_RESULTS,NULL_A_CIRCULAR_SHIFT,107,colombia_first_round,COL_2026,-0.0011431122002414818,2592,0.9650037230081906,True
A1,ACTIVE_RESULTS,NULL_A_CIRCULAR_SHIFT,107,colombia_runoff,COL_2026,-0.015745071944035197,2581,0.9761724659606656,True
A1,ACTIVE_RESULTS,NULL_A_CIRCULAR_SHIFT,108,colombia_first_round,COL_2026,-0.0006708823337218576,2589,0.9638868205510052,True
A1,ACTIVE_RESULTS,NULL_A_CIRCULAR_SHIFT,108,colombia_runoff,COL_2026,-0.01574682202059349,2586,0.9780635400907716,True
A1,ACTIVE_RESULTS,NULL_A_CIRCULAR_SHIFT,109,colombia_first_round,COL_2026,-0.0007797696590127536,2608,0.9709605361131795,True
A1,ACTIVE_RESULTS,NULL_A_CIRCULAR_SHIFT,109,colombia_runoff,COL_2026,-0.008993559828805352,2580,0.9757942511346445,True
A1,ACTIVE_RESULTS,NULL_A_CIRCULAR_SHIFT,110,colombia_first_round,COL_2026,-0.0011585246404592752,2606,0.9702159344750558,True
A1,ACTIVE_RESULTS,NULL_A_CIRCULAR_SHIFT,110,colombia_runoff,COL_2026,-0.014419388602814342,2588,0.9788199697428139,True
A1,ACTIVE_RESULTS,NULL_A_CIRCULAR_SHIFT,111,colombia_first_round,COL_2026,0.00035814205214306947,2589,0.9638868205510052,True
A1,ACTIVE_RESULTS,NULL_A_CIRCULAR_SHIFT,111,colombia_runoff,COL_2026,-0.012768391935156172,2584,0.9773071104387292,True
A1,ACTIVE_RESULTS,NULL_A_CIRCULAR_SHIFT,112,colombia_first_round,COL_2026,-0.00021861527080867943,2589,0.9638868205510052,True
A1,ACTIVE_RESULTS,NULL_A_CIRCULAR_SHIFT,112,colombia_runoff,COL_2026,-0.013468137828140679,2580,0.9757942511346445,True
A1,ACTIVE_RESULTS,NULL_A_CIRCULAR_SHIFT,113,colombia_first_round,COL_2026,-0.0012947717063201353,2594,0.9657483246463142,True
A1,ACTIVE_RESULTS,NULL_A_CIRCULAR_SHIFT,113,colombia_runoff,COL_2026,-0.015657912455774012,2578,0.9750378214826021,True
A1,ACTIVE_RESULTS,NULL_A_CIRCULAR_SHIFT,114,colombia_first_round,COL_2026,-0.0007823115755747391,2605,0.969843633655994,True
A1,ACTIVE_RESULTS,NULL_A_CIRCULAR_SHIFT,114,colombia_runoff,COL_2026,-0.01292628550474657,2583,0.976928895612708,True
A1,ACTIVE_RESULTS,NULL_A_CIRCULAR_SHIFT,115,colombia_first_round,COL_2026,-0.0015477957913395287,2593,0.9653760238272524,True
A1,ACTIVE_RESULTS,NULL_A_CIRCULAR_SHIFT,115,colombia_runoff,COL_2026,-0.016554046461964907,2580,0.9757942511346445,True
A1,ACTIVE_RESULTS,NULL_A_CIRCULAR_SHIFT,116,colombia_first_round,COL_2026,-0.00012662506736394754,2595,0.966120625465376,True
A1,ACTIVE_RESULTS,NULL_A_CIRCULAR_SHIFT,116,colombia_runoff,COL_2026,-0.010121002186458904,2587,0.9784417549167927,True
A1,ACTIVE_RESULTS,NULL_A_CIRCULAR_SHIFT,117,colombia_first_round,COL_2026,-0.0001316242969975407,2595,0.966120625465376,True
A1,ACTIVE_RESULTS,NULL_A_CIRCULAR_SHIFT,117,colombia_runoff,COL_2026,-0.014561477591486833,2579,0.9754160363086233,True
A1,ACTIVE_RESULTS,NULL_A_CIRCULAR_SHIFT,118,colombia_first_round,COL_2026,-0.000837709039566771,2593,0.9653760238272524,True
A1,ACTIVE_RESULTS,NULL_A_CIRCULAR_SHIFT,118,colombia_runoff,COL_2026,-0.016053266697478936,2578,0.9750378214826021,True
A1,ACTIVE_RESULTS,NULL_A_CIRCULAR_SHIFT,119,colombia_first_round,COL_2026,-0.001029157229632654,2589,0.9638868205510052,True
A1,ACTIVE_RESULTS,NULL_A_CIRCULAR_SHIFT,119,colombia_runoff,COL_2026,-0.009684401314110518,2584,0.9773071104387292,True
A1,ACTIVE_RESULTS,NULL_A_CIRCULAR_SHIFT,120,colombia_first_round,COL_2026,-0.0007507550986598255,2604,0.9694713328369322,True
A1,ACTIVE_RESULTS,NULL_A_CIRCULAR_SHIFT,120,colombia_runoff,COL_2026,-0.015510658310746623,2578,0.9750378214826021,True
A1,ACTIVE_RESULTS,NULL_A_CIRCULAR_SHIFT,121,colombia_first_round,COL_2026,-0.0019288476356083886,2603,0.9690990320178704,True
A1,ACTIVE_RESULTS,NULL_A_CIRCULAR_SHIFT,121,colombia_runoff,COL_2026,-0.015095821742159659,2584,0.9773071104387292,True
A1,ACTIVE_RESULTS,NULL_A_CIRCULAR_SHIFT,122,colombia_first_round,COL_2026,-0.0021220142307554375,2591,0.9646314221891288,True
A1,ACTIVE_RESULTS,NULL_A_CIRCULAR_SHIFT,122,colombia_runoff,COL_2026,-0.013709029291572916,2579,0.9754160363086233,True
A1,ACTIVE_RESULTS,NULL_A_CIRCULAR_SHIFT,123,colombia_first_round,COL_2026,-0.0008431265340033152,2590,0.964259121370067,True
A1,ACTIVE_RESULTS,NULL_A_CIRCULAR_SHIFT,123,colombia_runoff,COL_2026,-0.013923155845563433,2579,0.9754160363086233,True
A1,ACTIVE_RESULTS,NULL_A_CIRCULAR_SHIFT,124,colombia_first_round,COL_2026,-0.0013193788335331591,2589,0.9638868205510052,True
A1,ACTIVE_RESULTS,NULL_A_CIRCULAR_SHIFT,124,colombia_runoff,COL_2026,-0.011471275046240062,2580,0.9757942511346445,True
A1,ACTIVE_RESULTS,NULL_A_CIRCULAR_SHIFT,125,colombia_first_round,COL_2026,-0.0011410417793840523,2593,0.9653760238272524,True
A1,ACTIVE_RESULTS,NULL_A_CIRCULAR_SHIFT,125,colombia_runoff,COL_2026,-0.010823448959239496,2579,0.9754160363086233,True
A1,ACTIVE_RESULTS,NULL_A_CIRCULAR_SHIFT,126,colombia_first_round,COL_2026,-0.0025207512556745383,2593,0.9653760238272524,True
A1,ACTIVE_RESULTS,NULL_A_CIRCULAR_SHIFT,126,colombia_runoff,COL_2026,-0.013752087526330557,2578,0.9750378214826021,True
A1,ACTIVE_RESULTS,NULL_A_CIRCULAR_SHIFT,127,colombia_first_round,COL_2026,-0.0009547252928942828,2593,0.9653760238272524,True
A1,ACTIVE_RESULTS,NULL_A_CIRCULAR_SHIFT,127,colombia_runoff,COL_2026,-0.014661249993111372,2577,0.9746596066565809,True
A1,ACTIVE_RESULTS,NULL_A_CIRCULAR_SHIFT,128,colombia_first_round,COL_2026,-0.0006020742202295172,2594,0.9657483246463142,True
A1,ACTIVE_RESULTS,NULL_A_CIRCULAR_SHIFT,128,colombia_runoff,COL_2026,-0.011265541333872538,2582,0.9765506807866868,True
A1,ACTIVE_RESULTS,NULL_A_CIRCULAR_SHIFT,129,colombia_first_round,COL_2026,-0.0017218494969463958,2591,0.9646314221891288,True
A1,ACTIVE_RESULTS,NULL_A_CIRCULAR_SHIFT,129,colombia_runoff,COL_2026,-0.013230270889032222,2576,0.9742813918305597,True
A1,ACTIVE_RESULTS,NULL_A_CIRCULAR_SHIFT,130,colombia_first_round,COL_2026,-0.0011283640038892932,2592,0.9650037230081906,True
A1,ACTIVE_RESULTS,NULL_A_CIRCULAR_SHIFT,130,colombia_runoff,COL_2026,-0.013153623828799681,2586,0.9780635400907716,True
A1,ACTIVE_RESULTS,NULL_A_CIRCULAR_SHIFT,131,colombia_first_round,COL_2026,-0.0017983107897199201,2601,0.9683544303797469,True
A1,ACTIVE_RESULTS,NULL_A_CIRCULAR_SHIFT,131,colombia_runoff,COL_2026,-0.0116570946703907,2586,0.9780635400907716,True
A1,ACTIVE_RESULTS,NULL_A_CIRCULAR_SHIFT,132,colombia_first_round,COL_2026,-0.0011005941768981965,2607,0.9705882352941176,True
A1,ACTIVE_RESULTS,NULL_A_CIRCULAR_SHIFT,132,colombia_runoff,COL_2026,-0.01794794794620613,2582,0.9765506807866868,True
A1,ACTIVE_RESULTS,NULL_A_CIRCULAR_SHIFT,133,colombia_first_round,COL_2026,-0.000978694266969446,2602,0.9687267311988086,True
A1,ACTIVE_RESULTS,NULL_A_CIRCULAR_SHIFT,133,colombia_runoff,COL_2026,-0.010885040450640763,2580,0.9757942511346445,True
A1,ACTIVE_RESULTS,NULL_A_CIRCULAR_SHIFT,134,colombia_first_round,COL_2026,-0.0018413268499126382,2589,0.9638868205510052,True
A1,ACTIVE_RESULTS,NULL_A_CIRCULAR_SHIFT,134,colombia_runoff,COL_2026,-0.015328650219895169,2576,0.9742813918305597,True
A1,ACTIVE_RESULTS,NULL_A_CIRCULAR_SHIFT,135,colombia_first_round,COL_2026,-0.0005590937380364066,2606,0.9702159344750558,True
A1,ACTIVE_RESULTS,NULL_A_CIRCULAR_SHIFT,135,colombia_runoff,COL_2026,-0.013758947667128232,2582,0.9765506807866868,True
A1,ACTIVE_RESULTS,NULL_A_CIRCULAR_SHIFT,136,colombia_first_round,COL_2026,-0.0013616853494371767,2595,0.966120625465376,True
A1,ACTIVE_RESULTS,NULL_A_CIRCULAR_SHIFT,136,colombia_runoff,COL_2026,-0.010107958030929854,2585,0.9776853252647504,True
A1,ACTIVE_RESULTS,NULL_A_CIRCULAR_SHIFT,137,colombia_first_round,COL_2026,-0.0009978225142646742,2593,0.9653760238272524,True
A1,ACTIVE_RESULTS,NULL_A_CIRCULAR_SHIFT,137,colombia_runoff,COL_2026,-0.01179735584633921,2578,0.9750378214826021,True
A1,ACTIVE_RESULTS,NULL_A_CIRCULAR_SHIFT,138,colombia_first_round,COL_2026,-0.0013321481801314963,2589,0.9638868205510052,True
A1,ACTIVE_RESULTS,NULL_A_CIRCULAR_SHIFT,138,colombia_runoff,COL_2026,-0.011890668741458041,2581,0.9761724659606656,True
A1,ACTIVE_RESULTS,NULL_A_CIRCULAR_SHIFT,139,colombia_first_round,COL_2026,-0.0006447844426133801,2592,0.9650037230081906,True
A1,ACTIVE_RESULTS,NULL_A_CIRCULAR_SHIFT,139,colombia_runoff,COL_2026,-0.012956101777356715,2579,0.9754160363086233,True
A1,ACTIVE_RESULTS,NULL_A_CIRCULAR_SHIFT,140,colombia_first_round,COL_2026,-0.001035778453494729,2591,0.9646314221891288,True
A1,ACTIVE_RESULTS,NULL_A_CIRCULAR_SHIFT,140,colombia_runoff,COL_2026,-0.010399458090858646,2579,0.9754160363086233,True
A1,ACTIVE_RESULTS,NULL_A_CIRCULAR_SHIFT,141,colombia_first_round,COL_2026,-0.0010642652285815443,2589,0.9638868205510052,True
A1,ACTIVE_RESULTS,NULL_A_CIRCULAR_SHIFT,141,colombia_runoff,COL_2026,-0.013840629960580709,2579,0.9754160363086233,True
A1,ACTIVE_RESULTS,NULL_A_CIRCULAR_SHIFT,142,colombia_first_round,COL_2026,-0.0013394969964715575,2610,0.9717051377513031,True
A1,ACTIVE_RESULTS,NULL_A_CIRCULAR_SHIFT,142,colombia_runoff,COL_2026,-0.013134559463443182,2580,0.9757942511346445,True
A1,ACTIVE_RESULTS,NULL_A_CIRCULAR_SHIFT,143,colombia_first_round,COL_2026,-0.0011997236953459993,2590,0.964259121370067,True
A1,ACTIVE_RESULTS,NULL_A_CIRCULAR_SHIFT,143,colombia_runoff,COL_2026,-0.016324143826249422,2579,0.9754160363086233,True
A1,ACTIVE_RESULTS,NULL_A_CIRCULAR_SHIFT,144,colombia_first_round,COL_2026,-0.0008549292083197057,2591,0.9646314221891288,True
A1,ACTIVE_RESULTS,NULL_A_CIRCULAR_SHIFT,144,colombia_runoff,COL_2026,-0.016827184009244944,2578,0.9750378214826021,True
A1,ACTIVE_RESULTS,NULL_A_CIRCULAR_SHIFT,145,colombia_first_round,COL_2026,-0.00023517592612796198,2593,0.9653760238272524,True
A1,ACTIVE_RESULTS,NULL_A_CIRCULAR_SHIFT,145,colombia_runoff,COL_2026,-0.013895091124663063,2581,0.9761724659606656,True
A1,ACTIVE_RESULTS,NULL_A_CIRCULAR_SHIFT,146,colombia_first_round,COL_2026,0.0003373244052611213,2608,0.9709605361131795,True
A1,ACTIVE_RESULTS,NULL_A_CIRCULAR_SHIFT,146,colombia_runoff,COL_2026,-0.015061727459338793,2580,0.9757942511346445,True
A1,ACTIVE_RESULTS,NULL_A_CIRCULAR_SHIFT,147,colombia_first_round,COL_2026,-0.000515366423560827,2590,0.964259121370067,True
A1,ACTIVE_RESULTS,NULL_A_CIRCULAR_SHIFT,147,colombia_runoff,COL_2026,-0.014138550785557192,2579,0.9754160363086233,True
A1,ACTIVE_RESULTS,NULL_A_CIRCULAR_SHIFT,148,colombia_first_round,COL_2026,-0.0012428057066293707,2604,0.9694713328369322,True
A1,ACTIVE_RESULTS,NULL_A_CIRCULAR_SHIFT,148,colombia_runoff,COL_2026,-0.01042574239261049,2579,0.9754160363086233,True
A1,ACTIVE_RESULTS,NULL_A_CIRCULAR_SHIFT,149,colombia_first_round,COL_2026,-0.0010259743848220833,2594,0.9657483246463142,True
A1,ACTIVE_RESULTS,NULL_A_CIRCULAR_SHIFT,149,colombia_runoff,COL_2026,-0.013050563510973022,2583,0.976928895612708,True
A1,ACTIVE_RESULTS,NULL_A_CIRCULAR_SHIFT,150,colombia_first_round,COL_2026,-0.0013681183834473947,2590,0.964259121370067,True
A1,ACTIVE_RESULTS,NULL_A_CIRCULAR_SHIFT,150,colombia_runoff,COL_2026,-0.015265105738411602,2587,0.9784417549167927,True
A1,ACTIVE_RESULTS,NULL_A_CIRCULAR_SHIFT,151,colombia_first_round,COL_2026,-0.001316900960480667,2604,0.9694713328369322,True
A1,ACTIVE_RESULTS,NULL_A_CIRCULAR_SHIFT,151,colombia_runoff,COL_2026,-0.01563939947438553,2578,0.9750378214826021,True
A1,ACTIVE_RESULTS,NULL_A_CIRCULAR_SHIFT,152,colombia_first_round,COL_2026,-0.001062274472242018,2589,0.9638868205510052,True
A1,ACTIVE_RESULTS,NULL_A_CIRCULAR_SHIFT,152,colombia_runoff,COL_2026,-0.01587002590329251,2576,0.9742813918305597,True
A1,ACTIVE_RESULTS,NULL_A_CIRCULAR_SHIFT,153,colombia_first_round,COL_2026,-0.001952896951009606,2593,0.9653760238272524,True
A1,ACTIVE_RESULTS,NULL_A_CIRCULAR_SHIFT,153,colombia_runoff,COL_2026,-0.010539827856112866,2591,0.9799546142208775,True
A1,ACTIVE_RESULTS,NULL_A_CIRCULAR_SHIFT,154,colombia_first_round,COL_2026,-0.0007464410390513986,2594,0.9657483246463142,True
A1,ACTIVE_RESULTS,NULL_A_CIRCULAR_SHIFT,154,colombia_runoff,COL_2026,-0.013118313408585776,2584,0.9773071104387292,True
A1,ACTIVE_RESULTS,NULL_A_CIRCULAR_SHIFT,155,colombia_first_round,COL_2026,-0.0009844760046512735,2589,0.9638868205510052,True
A1,ACTIVE_RESULTS,NULL_A_CIRCULAR_SHIFT,155,colombia_runoff,COL_2026,-0.01224884943955297,2596,0.9818456883509834,True
A1,ACTIVE_RESULTS,NULL_A_CIRCULAR_SHIFT,156,colombia_first_round,COL_2026,-0.0015921844077813573,2596,0.9664929262844378,True
A1,ACTIVE_RESULTS,NULL_A_CIRCULAR_SHIFT,156,colombia_runoff,COL_2026,-0.009463393683118434,2578,0.9750378214826021,True
A1,ACTIVE_RESULTS,NULL_A_CIRCULAR_SHIFT,157,colombia_first_round,COL_2026,-5.483865002236827e-05,2590,0.964259121370067,True
A1,ACTIVE_RESULTS,NULL_A_CIRCULAR_SHIFT,157,colombia_runoff,COL_2026,-0.011770960142668246,2583,0.976928895612708,True
A1,ACTIVE_RESULTS,NULL_A_CIRCULAR_SHIFT,158,colombia_first_round,COL_2026,-0.0018669864484624802,2604,0.9694713328369322,True
A1,ACTIVE_RESULTS,NULL_A_CIRCULAR_SHIFT,158,colombia_runoff,COL_2026,-0.01151020559208464,2581,0.9761724659606656,True
A1,ACTIVE_RESULTS,NULL_A_CIRCULAR_SHIFT,159,colombia_first_round,COL_2026,-0.0014757478603281864,2593,0.9653760238272524,True
A1,ACTIVE_RESULTS,NULL_A_CIRCULAR_SHIFT,159,colombia_runoff,COL_2026,-0.015378442029734016,2578,0.9750378214826021,True
A1,ACTIVE_RESULTS,NULL_A_CIRCULAR_SHIFT,160,colombia_first_round,COL_2026,-0.0012878398465710856,2591,0.9646314221891288,True
A1,ACTIVE_RESULTS,NULL_A_CIRCULAR_SHIFT,160,colombia_runoff,COL_2026,-0.014424215982510617,2578,0.9750378214826021,True
A1,ACTIVE_RESULTS,NULL_A_CIRCULAR_SHIFT,161,colombia_first_round,COL_2026,-0.0008123450571837336,2604,0.9694713328369322,True
A1,ACTIVE_RESULTS,NULL_A_CIRCULAR_SHIFT,161,colombia_runoff,COL_2026,-0.013224604358645711,2579,0.9754160363086233,True
A1,ACTIVE_RESULTS,NULL_A_CIRCULAR_SHIFT,162,colombia_first_round,COL_2026,-0.0011878960426550712,2589,0.9638868205510052,True
A1,ACTIVE_RESULTS,NULL_A_CIRCULAR_SHIFT,162,colombia_runoff,COL_2026,-0.016362553557106606,2584,0.9773071104387292,True
A1,ACTIVE_RESULTS,NULL_A_CIRCULAR_SHIFT,163,colombia_first_round,COL_2026,-0.0011847121055505317,2591,0.9646314221891288,True
A1,ACTIVE_RESULTS,NULL_A_CIRCULAR_SHIFT,163,colombia_runoff,COL_2026,-0.008237667457129014,2584,0.9773071104387292,True
A1,ACTIVE_RESULTS,NULL_A_CIRCULAR_SHIFT,164,colombia_first_round,COL_2026,-0.002189535164853591,2590,0.964259121370067,True
A1,ACTIVE_RESULTS,NULL_A_CIRCULAR_SHIFT,164,colombia_runoff,COL_2026,-0.013122054696536253,2582,0.9765506807866868,True
A1,ACTIVE_RESULTS,NULL_A_CIRCULAR_SHIFT,165,colombia_first_round,COL_2026,-0.00187616315794569,2593,0.9653760238272524,True
A1,ACTIVE_RESULTS,NULL_A_CIRCULAR_SHIFT,165,colombia_runoff,COL_2026,-0.014740870419659905,2577,0.9746596066565809,True
A1,ACTIVE_RESULTS,NULL_A_CIRCULAR_SHIFT,166,colombia_first_round,COL_2026,-0.0010229960822882678,2599,0.9676098287416233,True
A1,ACTIVE_RESULTS,NULL_A_CIRCULAR_SHIFT,166,colombia_runoff,COL_2026,-0.01581164538988862,2580,0.9757942511346445,True
A1,ACTIVE_RESULTS,NULL_A_CIRCULAR_SHIFT,167,colombia_first_round,COL_2026,-0.0010781631695239685,2607,0.9705882352941176,True
A1,ACTIVE_RESULTS,NULL_A_CIRCULAR_SHIFT,167,colombia_runoff,COL_2026,-0.012104168243128308,2587,0.9784417549167927,True
A1,ACTIVE_RESULTS,NULL_A_CIRCULAR_SHIFT,168,colombia_first_round,COL_2026,-0.0018492387970024098,2592,0.9650037230081906,True
A1,ACTIVE_RESULTS,NULL_A_CIRCULAR_SHIFT,168,colombia_runoff,COL_2026,-0.010479016743149982,2581,0.9761724659606656,True
A1,ACTIVE_RESULTS,NULL_A_CIRCULAR_SHIFT,169,colombia_first_round,COL_2026,-0.0013257670342265771,2591,0.9646314221891288,True
A1,ACTIVE_RESULTS,NULL_A_CIRCULAR_SHIFT,169,colombia_runoff,COL_2026,-0.011604154668925906,2580,0.9757942511346445,True
A1,ACTIVE_RESULTS,NULL_A_CIRCULAR_SHIFT,170,colombia_first_round,COL_2026,-0.0007750758238802237,2591,0.9646314221891288,True
A1,ACTIVE_RESULTS,NULL_A_CIRCULAR_SHIFT,170,colombia_runoff,COL_2026,-0.01381607111513544,2578,0.9750378214826021,True
A1,ACTIVE_RESULTS,NULL_A_CIRCULAR_SHIFT,171,colombia_first_round,COL_2026,-0.001900198451590954,2589,0.9638868205510052,True
A1,ACTIVE_RESULTS,NULL_A_CIRCULAR_SHIFT,171,colombia_runoff,COL_2026,-0.010591371897216758,2580,0.9757942511346445,True
A1,ACTIVE_RESULTS,NULL_A_CIRCULAR_SHIFT,172,colombia_first_round,COL_2026,-0.0009236426723209051,2594,0.9657483246463142,True
A1,ACTIVE_RESULTS,NULL_A_CIRCULAR_SHIFT,172,colombia_runoff,COL_2026,-0.011753845779229631,2588,0.9788199697428139,True
A1,ACTIVE_RESULTS,NULL_A_CIRCULAR_SHIFT,173,colombia_first_round,COL_2026,-0.0010995850298854133,2604,0.9694713328369322,True
A1,ACTIVE_RESULTS,NULL_A_CIRCULAR_SHIFT,173,colombia_runoff,COL_2026,-0.01360032032704213,2580,0.9757942511346445,True
A1,ACTIVE_RESULTS,NULL_A_CIRCULAR_SHIFT,174,colombia_first_round,COL_2026,-0.0018209067042186727,2589,0.9638868205510052,True
A1,ACTIVE_RESULTS,NULL_A_CIRCULAR_SHIFT,174,colombia_runoff,COL_2026,-0.014826256846803318,2587,0.9784417549167927,True
A1,ACTIVE_RESULTS,NULL_A_CIRCULAR_SHIFT,175,colombia_first_round,COL_2026,-0.0005513646747516078,2604,0.9694713328369322,True
A1,ACTIVE_RESULTS,NULL_A_CIRCULAR_SHIFT,175,colombia_runoff,COL_2026,-0.011764312333458597,2578,0.9750378214826021,True
A1,ACTIVE_RESULTS,NULL_A_CIRCULAR_SHIFT,176,colombia_first_round,COL_2026,-0.0006799679672069361,2589,0.9638868205510052,True
A1,ACTIVE_RESULTS,NULL_A_CIRCULAR_SHIFT,176,colombia_runoff,COL_2026,-0.014760670485750105,2581,0.9761724659606656,True
A1,ACTIVE_RESULTS,NULL_A_CIRCULAR_SHIFT,177,colombia_first_round,COL_2026,-0.0013006299215549584,2593,0.9653760238272524,True
A1,ACTIVE_RESULTS,NULL_A_CIRCULAR_SHIFT,177,colombia_runoff,COL_2026,-0.014551680325200812,2577,0.9746596066565809,True
A1,ACTIVE_RESULTS,NULL_A_CIRCULAR_SHIFT,178,colombia_first_round,COL_2026,-0.00013761444832487363,2592,0.9650037230081906,True
A1,ACTIVE_RESULTS,NULL_A_CIRCULAR_SHIFT,178,colombia_runoff,COL_2026,-0.010023759264991279,2585,0.9776853252647504,True
A1,ACTIVE_RESULTS,NULL_A_CIRCULAR_SHIFT,179,colombia_first_round,COL_2026,-0.0022513085305716322,2589,0.9638868205510052,True
A1,ACTIVE_RESULTS,NULL_A_CIRCULAR_SHIFT,179,colombia_runoff,COL_2026,-0.013601679361019286,2577,0.9746596066565809,True
A1,ACTIVE_RESULTS,NULL_A_CIRCULAR_SHIFT,180,colombia_first_round,COL_2026,-0.0012836975598288826,2590,0.964259121370067,True
A1,ACTIVE_RESULTS,NULL_A_CIRCULAR_SHIFT,180,colombia_runoff,COL_2026,-0.010024391850313773,2581,0.9761724659606656,True
A1,ACTIVE_RESULTS,NULL_A_CIRCULAR_SHIFT,181,colombia_first_round,COL_2026,-0.0007976511201646016,2589,0.9638868205510052,True
A1,ACTIVE_RESULTS,NULL_A_CIRCULAR_SHIFT,181,colombia_runoff,COL_2026,-0.01585874622778299,2576,0.9742813918305597,True
A1,ACTIVE_RESULTS,NULL_A_CIRCULAR_SHIFT,182,colombia_first_round,COL_2026,-0.0007448585938452197,2591,0.9646314221891288,True
A1,ACTIVE_RESULTS,NULL_A_CIRCULAR_SHIFT,182,colombia_runoff,COL_2026,-0.010560056522804718,2579,0.9754160363086233,True
A1,ACTIVE_RESULTS,NULL_A_CIRCULAR_SHIFT,183,colombia_first_round,COL_2026,-0.0005891721639446605,2590,0.964259121370067,True
A1,ACTIVE_RESULTS,NULL_A_CIRCULAR_SHIFT,183,colombia_runoff,COL_2026,-0.013502667770154828,2580,0.9757942511346445,True
A1,ACTIVE_RESULTS,NULL_A_CIRCULAR_SHIFT,184,colombia_first_round,COL_2026,-0.001467450772016776,2590,0.964259121370067,True
A1,ACTIVE_RESULTS,NULL_A_CIRCULAR_SHIFT,184,colombia_runoff,COL_2026,-0.01351234596982569,2581,0.9761724659606656,True
A1,ACTIVE_RESULTS,NULL_A_CIRCULAR_SHIFT,185,colombia_first_round,COL_2026,-0.001355167614811852,2597,0.9668652271034996,True
A1,ACTIVE_RESULTS,NULL_A_CIRCULAR_SHIFT,185,colombia_runoff,COL_2026,-0.015119532420126137,2580,0.9757942511346445,True
A1,ACTIVE_RESULTS,NULL_A_CIRCULAR_SHIFT,186,colombia_first_round,COL_2026,-0.001297918458634516,2595,0.966120625465376,True
A1,ACTIVE_RESULTS,NULL_A_CIRCULAR_SHIFT,186,colombia_runoff,COL_2026,-0.014187937529363467,2581,0.9761724659606656,True
A1,ACTIVE_RESULTS,NULL_A_CIRCULAR_SHIFT,187,colombia_first_round,COL_2026,-0.0016719098830624574,2589,0.9638868205510052,True
A1,ACTIVE_RESULTS,NULL_A_CIRCULAR_SHIFT,187,colombia_runoff,COL_2026,-0.012121145708677384,2586,0.9780635400907716,True
A1,ACTIVE_RESULTS,NULL_A_CIRCULAR_SHIFT,188,colombia_first_round,COL_2026,-0.0016366814318241,2596,0.9664929262844378,True
A1,ACTIVE_RESULTS,NULL_A_CIRCULAR_SHIFT,188,colombia_runoff,COL_2026,-0.015420185106127115,2576,0.9742813918305597,True
A1,ACTIVE_RESULTS,NULL_A_CIRCULAR_SHIFT,189,colombia_first_round,COL_2026,-0.0008459455002657721,2592,0.9650037230081906,True
A1,ACTIVE_RESULTS,NULL_A_CIRCULAR_SHIFT,189,colombia_runoff,COL_2026,-0.013199898013196544,2587,0.9784417549167927,True
A1,ACTIVE_RESULTS,NULL_A_CIRCULAR_SHIFT,190,colombia_first_round,COL_2026,-0.0009819985849922341,2591,0.9646314221891288,True
A1,ACTIVE_RESULTS,NULL_A_CIRCULAR_SHIFT,190,colombia_runoff,COL_2026,-0.01378895166851872,2584,0.9773071104387292,True
A1,ACTIVE_RESULTS,NULL_A_CIRCULAR_SHIFT,191,colombia_first_round,COL_2026,-0.0016020211310406277,2591,0.9646314221891288,True
A1,ACTIVE_RESULTS,NULL_A_CIRCULAR_SHIFT,191,colombia_runoff,COL_2026,-0.012728927859157845,2585,0.9776853252647504,True
A1,ACTIVE_RESULTS,NULL_A_CIRCULAR_SHIFT,192,colombia_first_round,COL_2026,-0.000919937653320182,2593,0.9653760238272524,True
A1,ACTIVE_RESULTS,NULL_A_CIRCULAR_SHIFT,192,colombia_runoff,COL_2026,-0.016147995911563434,2576,0.9742813918305597,True
A1,ACTIVE_RESULTS,NULL_A_CIRCULAR_SHIFT,193,colombia_first_round,COL_2026,-0.0007765359934194456,2589,0.9638868205510052,True
A1,ACTIVE_RESULTS,NULL_A_CIRCULAR_SHIFT,193,colombia_runoff,COL_2026,-0.014851927866184148,2576,0.9742813918305597,True
A1,ACTIVE_RESULTS,NULL_A_CIRCULAR_SHIFT,194,colombia_first_round,COL_2026,-0.0008243605810362677,2592,0.9650037230081906,True
A1,ACTIVE_RESULTS,NULL_A_CIRCULAR_SHIFT,194,colombia_runoff,COL_2026,-0.013219995488377396,2581,0.9761724659606656,True
A1,ACTIVE_RESULTS,NULL_A_CIRCULAR_SHIFT,195,colombia_first_round,COL_2026,-0.001369866510314992,2592,0.9650037230081906,True
A1,ACTIVE_RESULTS,NULL_A_CIRCULAR_SHIFT,195,colombia_runoff,COL_2026,-0.010436894535352565,2588,0.9788199697428139,True
A1,ACTIVE_RESULTS,NULL_A_CIRCULAR_SHIFT,196,colombia_first_round,COL_2026,-0.0005043953883769379,2599,0.9676098287416233,True
A1,ACTIVE_RESULTS,NULL_A_CIRCULAR_SHIFT,196,colombia_runoff,COL_2026,-0.013014526011114939,2589,0.9791981845688351,True
A1,ACTIVE_RESULTS,NULL_A_CIRCULAR_SHIFT,197,colombia_first_round,COL_2026,-0.0010768483334414392,2610,0.9717051377513031,True
A1,ACTIVE_RESULTS,NULL_A_CIRCULAR_SHIFT,197,colombia_runoff,COL_2026,-0.016729420578738725,2585,0.9776853252647504,True
A1,ACTIVE_RESULTS,NULL_A_CIRCULAR_SHIFT,198,colombia_first_round,COL_2026,-0.0016844403622834206,2613,0.9728220402084885,True
A1,ACTIVE_RESULTS,NULL_A_CIRCULAR_SHIFT,198,colombia_runoff,COL_2026,-0.014743774560490428,2576,0.9742813918305597,True
A1,ACTIVE_RESULTS,NULL_A_CIRCULAR_SHIFT,199,colombia_first_round,COL_2026,-0.0024086997188207024,2589,0.9638868205510052,True
A1,ACTIVE_RESULTS,NULL_A_CIRCULAR_SHIFT,199,colombia_runoff,COL_2026,-0.013950514471388717,2580,0.9757942511346445,True
A1,ACTIVE_RESULTS,NULL_A_CIRCULAR_SHIFT,200,colombia_first_round,COL_2026,-0.0007433101545580266,2608,0.9709605361131795,True
A1,ACTIVE_RESULTS,NULL_A_CIRCULAR_SHIFT,200,colombia_runoff,COL_2026,-0.01244487500030694,2578,0.9750378214826021,True
A1,ACTIVE_RESULTS,NULL_A_CIRCULAR_SHIFT,201,colombia_first_round,COL_2026,-0.0016128522298827221,2596,0.9664929262844378,True
A1,ACTIVE_RESULTS,NULL_A_CIRCULAR_SHIFT,201,colombia_runoff,COL_2026,-0.009598412238116735,2587,0.9784417549167927,True
A1,ACTIVE_RESULTS,NULL_A_CIRCULAR_SHIFT,202,colombia_first_round,COL_2026,-0.0007707921322205356,2593,0.9653760238272524,True
A1,ACTIVE_RESULTS,NULL_A_CIRCULAR_SHIFT,202,colombia_runoff,COL_2026,-0.013339562475513933,2577,0.9746596066565809,True
A1,ACTIVE_RESULTS,NULL_A_CIRCULAR_SHIFT,203,colombia_first_round,COL_2026,-0.0006973890429195182,2595,0.966120625465376,True
A1,ACTIVE_RESULTS,NULL_A_CIRCULAR_SHIFT,203,colombia_runoff,COL_2026,-0.01510549992594982,2579,0.9754160363086233,True
A1,ACTIVE_RESULTS,NULL_A_CIRCULAR_SHIFT,204,colombia_first_round,COL_2026,-0.0009302997413297043,2599,0.9676098287416233,True
A1,ACTIVE_RESULTS,NULL_A_CIRCULAR_SHIFT,204,colombia_runoff,COL_2026,-0.015622532158139859,2585,0.9776853252647504,True
A1,ACTIVE_RESULTS,NULL_A_CIRCULAR_SHIFT,205,colombia_first_round,COL_2026,-0.0011757183977815604,2604,0.9694713328369322,True
A1,ACTIVE_RESULTS,NULL_A_CIRCULAR_SHIFT,205,colombia_runoff,COL_2026,-0.013322438082469584,2581,0.9761724659606656,True
A1,ACTIVE_RESULTS,NULL_A_CIRCULAR_SHIFT,206,colombia_first_round,COL_2026,-0.0011162975935827474,2592,0.9650037230081906,True
A1,ACTIVE_RESULTS,NULL_A_CIRCULAR_SHIFT,206,colombia_runoff,COL_2026,-0.016431673770775406,2584,0.9773071104387292,True
A1,ACTIVE_RESULTS,NULL_A_CIRCULAR_SHIFT,207,colombia_first_round,COL_2026,-0.0016501244500907704,2593,0.9653760238272524,True
A1,ACTIVE_RESULTS,NULL_A_CIRCULAR_SHIFT,207,colombia_runoff,COL_2026,-0.014771412535674568,2580,0.9757942511346445,True
A1,ACTIVE_RESULTS,NULL_A_CIRCULAR_SHIFT,208,colombia_first_round,COL_2026,-0.001200669549777671,2589,0.9638868205510052,True
A1,ACTIVE_RESULTS,NULL_A_CIRCULAR_SHIFT,208,colombia_runoff,COL_2026,-0.012690625429946829,2583,0.976928895612708,True
A1,ACTIVE_RESULTS,NULL_A_CIRCULAR_SHIFT,209,colombia_first_round,COL_2026,-0.0005576554825065769,2606,0.9702159344750558,True
A1,ACTIVE_RESULTS,NULL_A_CIRCULAR_SHIFT,209,colombia_runoff,COL_2026,-0.01571943168499143,2579,0.9754160363086233,True
A1,ACTIVE_RESULTS,NULL_A_CIRCULAR_SHIFT,210,colombia_first_round,COL_2026,-0.00032241025979845117,2599,0.9676098287416233,True
A1,ACTIVE_RESULTS,NULL_A_CIRCULAR_SHIFT,210,colombia_runoff,COL_2026,-0.015850144449111002,2579,0.9754160363086233,True
A1,ACTIVE_RESULTS,NULL_A_CIRCULAR_SHIFT,211,colombia_first_round,COL_2026,-0.0013407035607423301,2590,0.964259121370067,True
A1,ACTIVE_RESULTS,NULL_A_CIRCULAR_SHIFT,211,colombia_runoff,COL_2026,-0.010481072603783158,2582,0.9765506807866868,True
A1,ACTIVE_RESULTS,NULL_A_CIRCULAR_SHIFT,212,colombia_first_round,COL_2026,-0.0003825769727470067,2594,0.9657483246463142,True
A1,ACTIVE_RESULTS,NULL_A_CIRCULAR_SHIFT,212,colombia_runoff,COL_2026,-0.01644692889955815,2584,0.9773071104387292,True
A1,ACTIVE_RESULTS,NULL_A_CIRCULAR_SHIFT,213,colombia_first_round,COL_2026,-0.0014712383648502,2593,0.9653760238272524,True
A1,ACTIVE_RESULTS,NULL_A_CIRCULAR_SHIFT,213,colombia_runoff,COL_2026,-0.012434509718384895,2578,0.9750378214826021,True
A1,ACTIVE_RESULTS,NULL_A_CIRCULAR_SHIFT,214,colombia_first_round,COL_2026,-0.001377958318821659,2607,0.9705882352941176,True
A1,ACTIVE_RESULTS,NULL_A_CIRCULAR_SHIFT,214,colombia_runoff,COL_2026,-0.013965655079800353,2589,0.9791981845688351,True
A1,ACTIVE_RESULTS,NULL_A_CIRCULAR_SHIFT,215,colombia_first_round,COL_2026,-0.0014353205702050782,2592,0.9650037230081906,True
A1,ACTIVE_RESULTS,NULL_A_CIRCULAR_SHIFT,215,colombia_runoff,COL_2026,-0.015539307506414468,2580,0.9757942511346445,True
A1,ACTIVE_RESULTS,NULL_A_CIRCULAR_SHIFT,216,colombia_first_round,COL_2026,-0.0008553969299939141,2596,0.9664929262844378,True
A1,ACTIVE_RESULTS,NULL_A_CIRCULAR_SHIFT,216,colombia_runoff,COL_2026,-0.012566477171350184,2585,0.9776853252647504,True
A1,ACTIVE_RESULTS,NULL_A_CIRCULAR_SHIFT,217,colombia_first_round,COL_2026,-0.0008153563032737343,2602,0.9687267311988086,True
A1,ACTIVE_RESULTS,NULL_A_CIRCULAR_SHIFT,217,colombia_runoff,COL_2026,-0.012092218210456182,2578,0.9750378214826021,True
A1,ACTIVE_RESULTS,NULL_A_CIRCULAR_SHIFT,218,colombia_first_round,COL_2026,-0.0019394670003928154,2591,0.9646314221891288,True
A1,ACTIVE_RESULTS,NULL_A_CIRCULAR_SHIFT,218,colombia_runoff,COL_2026,-0.01671014133838237,2581,0.9761724659606656,True
A1,ACTIVE_RESULTS,NULL_A_CIRCULAR_SHIFT,219,colombia_first_round,COL_2026,-0.0021603373194611993,2610,0.9717051377513031,True
A1,ACTIVE_RESULTS,NULL_A_CIRCULAR_SHIFT,219,colombia_runoff,COL_2026,-0.012595475222821775,2585,0.9776853252647504,True
A1,ACTIVE_RESULTS,NULL_A_CIRCULAR_SHIFT,220,colombia_first_round,COL_2026,-0.0005201652839256816,2591,0.9646314221891288,True
A1,ACTIVE_RESULTS,NULL_A_CIRCULAR_SHIFT,220,colombia_runoff,COL_2026,-0.010648140540330543,2584,0.9773071104387292,True
A1,ACTIVE_RESULTS,NULL_A_CIRCULAR_SHIFT,221,colombia_first_round,COL_2026,-0.0015532912734710245,2600,0.9679821295606851,True
A1,ACTIVE_RESULTS,NULL_A_CIRCULAR_SHIFT,221,colombia_runoff,COL_2026,-0.013716236895588403,2581,0.9761724659606656,True
A1,ACTIVE_RESULTS,NULL_A_CIRCULAR_SHIFT,222,colombia_first_round,COL_2026,-0.0005401627003137275,2596,0.9664929262844378,True
A1,ACTIVE_RESULTS,NULL_A_CIRCULAR_SHIFT,222,colombia_runoff,COL_2026,-0.011401453562533914,2589,0.9791981845688351,True
A1,ACTIVE_RESULTS,NULL_A_CIRCULAR_SHIFT,223,colombia_first_round,COL_2026,-0.0009404266118504844,2593,0.9653760238272524,True
A1,ACTIVE_RESULTS,NULL_A_CIRCULAR_SHIFT,223,colombia_runoff,COL_2026,-0.009504087008493435,2583,0.976928895612708,True
A1,ACTIVE_RESULTS,NULL_A_CIRCULAR_SHIFT,224,colombia_first_round,COL_2026,-0.0011973344528722737,2597,0.9668652271034996,True
A1,ACTIVE_RESULTS,NULL_A_CIRCULAR_SHIFT,224,colombia_runoff,COL_2026,-0.010417534287786794,2583,0.976928895612708,True
A1,ACTIVE_RESULTS,NULL_A_CIRCULAR_SHIFT,225,colombia_first_round,COL_2026,-0.0006263810749212975,2589,0.9638868205510052,True
A1,ACTIVE_RESULTS,NULL_A_CIRCULAR_SHIFT,225,colombia_runoff,COL_2026,-0.01611391327627771,2579,0.9754160363086233,True
A1,ACTIVE_RESULTS,NULL_A_CIRCULAR_SHIFT,226,colombia_first_round,COL_2026,-0.0006152149921144561,2598,0.9672375279225615,True
A1,ACTIVE_RESULTS,NULL_A_CIRCULAR_SHIFT,226,colombia_runoff,COL_2026,-0.01475927550574797,2580,0.9757942511346445,True
A1,ACTIVE_RESULTS,NULL_A_CIRCULAR_SHIFT,227,colombia_first_round,COL_2026,-0.0013729110952801753,2607,0.9705882352941176,True
A1,ACTIVE_RESULTS,NULL_A_CIRCULAR_SHIFT,227,colombia_runoff,COL_2026,-0.010484345526045035,2582,0.9765506807866868,True
A1,ACTIVE_RESULTS,NULL_A_CIRCULAR_SHIFT,228,colombia_first_round,COL_2026,-0.0010773624312249586,2590,0.964259121370067,True
A1,ACTIVE_RESULTS,NULL_A_CIRCULAR_SHIFT,228,colombia_runoff,COL_2026,-0.011057392292110849,2583,0.976928895612708,True
A1,ACTIVE_RESULTS,NULL_A_CIRCULAR_SHIFT,229,colombia_first_round,COL_2026,-0.0015953467781588562,2591,0.9646314221891288,True
A1,ACTIVE_RESULTS,NULL_A_CIRCULAR_SHIFT,229,colombia_runoff,COL_2026,-0.013973289939805313,2579,0.9754160363086233,True
A1,ACTIVE_RESULTS,NULL_A_CIRCULAR_SHIFT,230,colombia_first_round,COL_2026,-0.0002395200360999399,2593,0.9653760238272524,True
A1,ACTIVE_RESULTS,NULL_A_CIRCULAR_SHIFT,230,colombia_runoff,COL_2026,-0.01641545897547199,2580,0.9757942511346445,True
A1,ACTIVE_RESULTS,NULL_A_CIRCULAR_SHIFT,231,colombia_first_round,COL_2026,-0.0015329531125497136,2598,0.9672375279225615,True
A1,ACTIVE_RESULTS,NULL_A_CIRCULAR_SHIFT,231,colombia_runoff,COL_2026,-0.011277024708105605,2580,0.9757942511346445,True
A1,ACTIVE_RESULTS,NULL_A_CIRCULAR_SHIFT,232,colombia_first_round,COL_2026,-0.0013134290550810158,2598,0.9672375279225615,True
A1,ACTIVE_RESULTS,NULL_A_CIRCULAR_SHIFT,232,colombia_runoff,COL_2026,-0.011273308595643192,2586,0.9780635400907716,True
A1,ACTIVE_RESULTS,NULL_A_CIRCULAR_SHIFT,233,colombia_first_round,COL_2026,-0.0010136768720765902,2592,0.9650037230081906,True
A1,ACTIVE_RESULTS,NULL_A_CIRCULAR_SHIFT,233,colombia_runoff,COL_2026,-0.016066758865156544,2579,0.9754160363086233,True
A1,ACTIVE_RESULTS,NULL_A_CIRCULAR_SHIFT,234,colombia_first_round,COL_2026,-0.0008115462709328554,2590,0.964259121370067,True
A1,ACTIVE_RESULTS,NULL_A_CIRCULAR_SHIFT,234,colombia_runoff,COL_2026,-0.013505576849218378,2580,0.9757942511346445,True
A1,ACTIVE_RESULTS,NULL_A_CIRCULAR_SHIFT,235,colombia_first_round,COL_2026,-0.00026259736315224324,2596,0.9664929262844378,True
A1,ACTIVE_RESULTS,NULL_A_CIRCULAR_SHIFT,235,colombia_runoff,COL_2026,-0.01716754380200773,2579,0.9754160363086233,True
A1,ACTIVE_RESULTS,NULL_A_CIRCULAR_SHIFT,236,colombia_first_round,COL_2026,-0.0012035833664881513,2591,0.9646314221891288,True
A1,ACTIVE_RESULTS,NULL_A_CIRCULAR_SHIFT,236,colombia_runoff,COL_2026,-0.011642215081048233,2579,0.9754160363086233,True
A1,ACTIVE_RESULTS,NULL_A_CIRCULAR_SHIFT,237,colombia_first_round,COL_2026,-0.00012355696360973176,2596,0.9664929262844378,True
A1,ACTIVE_RESULTS,NULL_A_CIRCULAR_SHIFT,237,colombia_runoff,COL_2026,-0.014119135452564019,2578,0.9750378214826021,True
A1,ACTIVE_RESULTS,NULL_A_CIRCULAR_SHIFT,238,colombia_first_round,COL_2026,-0.0021457356366793388,2600,0.9679821295606851,True
A1,ACTIVE_RESULTS,NULL_A_CIRCULAR_SHIFT,238,colombia_runoff,COL_2026,-0.011378674964043295,2579,0.9754160363086233,True
A1,ACTIVE_RESULTS,NULL_A_CIRCULAR_SHIFT,239,colombia_first_round,COL_2026,-0.0008849507530611255,2596,0.9664929262844378,True
A1,ACTIVE_RESULTS,NULL_A_CIRCULAR_SHIFT,239,colombia_runoff,COL_2026,-0.015116599425751349,2580,0.9757942511346445,True
A1,ACTIVE_RESULTS,NULL_A_CIRCULAR_SHIFT,240,colombia_first_round,COL_2026,-0.000998981674197261,2595,0.966120625465376,True
A1,ACTIVE_RESULTS,NULL_A_CIRCULAR_SHIFT,240,colombia_runoff,COL_2026,-0.014219235892684184,2578,0.9750378214826021,True
A1,ACTIVE_RESULTS,NULL_A_CIRCULAR_SHIFT,241,colombia_first_round,COL_2026,-0.00114208240707109,2610,0.9717051377513031,True
A1,ACTIVE_RESULTS,NULL_A_CIRCULAR_SHIFT,241,colombia_runoff,COL_2026,-0.015520180066850294,2590,0.9795763993948563,True
A1,ACTIVE_RESULTS,NULL_A_CIRCULAR_SHIFT,242,colombia_first_round,COL_2026,-0.0010528382636778022,2593,0.9653760238272524,True
A1,ACTIVE_RESULTS,NULL_A_CIRCULAR_SHIFT,242,colombia_runoff,COL_2026,-0.01243350171977382,2581,0.9761724659606656,True
A1,ACTIVE_RESULTS,NULL_A_CIRCULAR_SHIFT,243,colombia_first_round,COL_2026,-0.0016410721449130724,2592,0.9650037230081906,True
A1,ACTIVE_RESULTS,NULL_A_CIRCULAR_SHIFT,243,colombia_runoff,COL_2026,-0.011176022868283092,2582,0.9765506807866868,True
A1,ACTIVE_RESULTS,NULL_A_CIRCULAR_SHIFT,244,colombia_first_round,COL_2026,-0.0011600878037652902,2595,0.966120625465376,True
A1,ACTIVE_RESULTS,NULL_A_CIRCULAR_SHIFT,244,colombia_runoff,COL_2026,-0.009321760716116099,2586,0.9780635400907716,True
A1,ACTIVE_RESULTS,NULL_A_CIRCULAR_SHIFT,245,colombia_first_round,COL_2026,-0.0006629876734599348,2589,0.9638868205510052,True
A1,ACTIVE_RESULTS,NULL_A_CIRCULAR_SHIFT,245,colombia_runoff,COL_2026,-0.01461846823845512,2580,0.9757942511346445,True
A1,ACTIVE_RESULTS,NULL_A_CIRCULAR_SHIFT,246,colombia_first_round,COL_2026,-0.0014862904431136971,2598,0.9672375279225615,True
A1,ACTIVE_RESULTS,NULL_A_CIRCULAR_SHIFT,246,colombia_runoff,COL_2026,-0.016084930034695664,2577,0.9746596066565809,True
A1,ACTIVE_RESULTS,NULL_A_CIRCULAR_SHIFT,247,colombia_first_round,COL_2026,-0.0009102040247811543,2591,0.9646314221891288,True
A1,ACTIVE_RESULTS,NULL_A_CIRCULAR_SHIFT,247,colombia_runoff,COL_2026,-0.013348387916437514,2583,0.976928895612708,True
A1,ACTIVE_RESULTS,NULL_A_CIRCULAR_SHIFT,248,colombia_first_round,COL_2026,-0.0015680538908306699,2591,0.9646314221891288,True
A1,ACTIVE_RESULTS,NULL_A_CIRCULAR_SHIFT,248,colombia_runoff,COL_2026,-0.014811854253780465,2578,0.9750378214826021,True
A1,ACTIVE_RESULTS,NULL_A_CIRCULAR_SHIFT,249,colombia_first_round,COL_2026,-0.0014810719503834755,2589,0.9638868205510052,True
A1,ACTIVE_RESULTS,NULL_A_CIRCULAR_SHIFT,249,colombia_runoff,COL_2026,-0.011306549147960128,2581,0.9761724659606656,True
A1,ACTIVE_RESULTS,NULL_B_BLOCK_TIME_PERMUTATION,0,colombia_first_round,COL_2026,-0.0013268022917606154,2598,0.9672375279225615,True
A1,ACTIVE_RESULTS,NULL_B_BLOCK_TIME_PERMUTATION,0,colombia_runoff,COL_2026,-0.011581772122157385,2589,0.9791981845688351,True
A1,ACTIVE_RESULTS,NULL_B_BLOCK_TIME_PERMUTATION,1,colombia_first_round,COL_2026,-0.0011623231726535965,2595,0.966120625465376,True
A1,ACTIVE_RESULTS,NULL_B_BLOCK_TIME_PERMUTATION,1,colombia_runoff,COL_2026,-0.014450925273011915,2577,0.9746596066565809,True
A1,ACTIVE_RESULTS,NULL_B_BLOCK_TIME_PERMUTATION,2,colombia_first_round,COL_2026,-0.0008527144338941139,2591,0.9646314221891288,True
A1,ACTIVE_RESULTS,NULL_B_BLOCK_TIME_PERMUTATION,2,colombia_runoff,COL_2026,-0.015628751532270925,2579,0.9754160363086233,True
A1,ACTIVE_RESULTS,NULL_B_BLOCK_TIME_PERMUTATION,3,colombia_first_round,COL_2026,-0.0009238296842101627,2594,0.9657483246463142,True
A1,ACTIVE_RESULTS,NULL_B_BLOCK_TIME_PERMUTATION,3,colombia_runoff,COL_2026,-0.013523874558798511,2580,0.9757942511346445,True
A1,ACTIVE_RESULTS,NULL_B_BLOCK_TIME_PERMUTATION,4,colombia_first_round,COL_2026,-0.0008511251706507597,2593,0.9653760238272524,True
A1,ACTIVE_RESULTS,NULL_B_BLOCK_TIME_PERMUTATION,4,colombia_runoff,COL_2026,-0.01161933585500823,2586,0.9780635400907716,True
A1,ACTIVE_RESULTS,NULL_B_BLOCK_TIME_PERMUTATION,5,colombia_first_round,COL_2026,-0.0015701885552943547,2597,0.9668652271034996,True
A1,ACTIVE_RESULTS,NULL_B_BLOCK_TIME_PERMUTATION,5,colombia_runoff,COL_2026,-0.013080348074647311,2580,0.9757942511346445,True
A1,ACTIVE_RESULTS,NULL_B_BLOCK_TIME_PERMUTATION,6,colombia_first_round,COL_2026,-0.0010959266051729598,2594,0.9657483246463142,True
A1,ACTIVE_RESULTS,NULL_B_BLOCK_TIME_PERMUTATION,6,colombia_runoff,COL_2026,-0.01445621573770148,2583,0.976928895612708,True
A1,ACTIVE_RESULTS,NULL_B_BLOCK_TIME_PERMUTATION,7,colombia_first_round,COL_2026,-0.0018794099896955294,2598,0.9672375279225615,True
A1,ACTIVE_RESULTS,NULL_B_BLOCK_TIME_PERMUTATION,7,colombia_runoff,COL_2026,-0.012966463783332336,2587,0.9784417549167927,True
A1,ACTIVE_RESULTS,NULL_B_BLOCK_TIME_PERMUTATION,8,colombia_first_round,COL_2026,-0.0009391742920820833,2595,0.966120625465376,True
A1,ACTIVE_RESULTS,NULL_B_BLOCK_TIME_PERMUTATION,8,colombia_runoff,COL_2026,-0.011989739368383871,2584,0.9773071104387292,True
A1,ACTIVE_RESULTS,NULL_B_BLOCK_TIME_PERMUTATION,9,colombia_first_round,COL_2026,-0.0006114954660853336,2591,0.9646314221891288,True
A1,ACTIVE_RESULTS,NULL_B_BLOCK_TIME_PERMUTATION,9,colombia_runoff,COL_2026,-0.01326301520476298,2587,0.9784417549167927,True
A1,ACTIVE_RESULTS,NULL_B_BLOCK_TIME_PERMUTATION,10,colombia_first_round,COL_2026,-0.0011407638780548115,2591,0.9646314221891288,True
A1,ACTIVE_RESULTS,NULL_B_BLOCK_TIME_PERMUTATION,10,colombia_runoff,COL_2026,-0.012833247702027886,2580,0.9757942511346445,True
A1,ACTIVE_RESULTS,NULL_B_BLOCK_TIME_PERMUTATION,11,colombia_first_round,COL_2026,-0.0006429307727933398,2596,0.9664929262844378,True
A1,ACTIVE_RESULTS,NULL_B_BLOCK_TIME_PERMUTATION,11,colombia_runoff,COL_2026,-0.012849296931196706,2588,0.9788199697428139,True
A1,ACTIVE_RESULTS,NULL_B_BLOCK_TIME_PERMUTATION,12,colombia_first_round,COL_2026,-0.0017265181397685897,2591,0.9646314221891288,True
A1,ACTIVE_RESULTS,NULL_B_BLOCK_TIME_PERMUTATION,12,colombia_runoff,COL_2026,-0.013547388446624155,2580,0.9757942511346445,True
A1,ACTIVE_RESULTS,NULL_B_BLOCK_TIME_PERMUTATION,13,colombia_first_round,COL_2026,-0.0010584586850501784,2591,0.9646314221891288,True
A1,ACTIVE_RESULTS,NULL_B_BLOCK_TIME_PERMUTATION,13,colombia_runoff,COL_2026,-0.013048153516826857,2583,0.976928895612708,True
A1,ACTIVE_RESULTS,NULL_B_BLOCK_TIME_PERMUTATION,14,colombia_first_round,COL_2026,-0.00013517764151945518,2596,0.9664929262844378,True
A1,ACTIVE_RESULTS,NULL_B_BLOCK_TIME_PERMUTATION,14,colombia_runoff,COL_2026,-0.013130700491901959,2580,0.9757942511346445,True
A1,ACTIVE_RESULTS,NULL_B_BLOCK_TIME_PERMUTATION,15,colombia_first_round,COL_2026,-0.0007652431800702635,2599,0.9676098287416233,True
A1,ACTIVE_RESULTS,NULL_B_BLOCK_TIME_PERMUTATION,15,colombia_runoff,COL_2026,-0.013402662647470812,2582,0.9765506807866868,True
A1,ACTIVE_RESULTS,NULL_B_BLOCK_TIME_PERMUTATION,16,colombia_first_round,COL_2026,-0.0006936345709217182,2591,0.9646314221891288,True
A1,ACTIVE_RESULTS,NULL_B_BLOCK_TIME_PERMUTATION,16,colombia_runoff,COL_2026,-0.012843110838880728,2587,0.9784417549167927,True
A1,ACTIVE_RESULTS,NULL_B_BLOCK_TIME_PERMUTATION,17,colombia_first_round,COL_2026,-0.00031505407439906996,2599,0.9676098287416233,True
A1,ACTIVE_RESULTS,NULL_B_BLOCK_TIME_PERMUTATION,17,colombia_runoff,COL_2026,-0.010572695734760159,2582,0.9765506807866868,True
A1,ACTIVE_RESULTS,NULL_B_BLOCK_TIME_PERMUTATION,18,colombia_first_round,COL_2026,-0.0005540138396075306,2597,0.9668652271034996,True
A1,ACTIVE_RESULTS,NULL_B_BLOCK_TIME_PERMUTATION,18,colombia_runoff,COL_2026,-0.012903766510662463,2583,0.976928895612708,True
A1,ACTIVE_RESULTS,NULL_B_BLOCK_TIME_PERMUTATION,19,colombia_first_round,COL_2026,-0.0009189620917436842,2594,0.9657483246463142,True
A1,ACTIVE_RESULTS,NULL_B_BLOCK_TIME_PERMUTATION,19,colombia_runoff,COL_2026,-0.01261676494479219,2586,0.9780635400907716,True
A1,ACTIVE_RESULTS,NULL_B_BLOCK_TIME_PERMUTATION,20,colombia_first_round,COL_2026,-0.0012877660358672017,2597,0.9668652271034996,True
A1,ACTIVE_RESULTS,NULL_B_BLOCK_TIME_PERMUTATION,20,colombia_runoff,COL_2026,-0.01206656342530339,2583,0.976928895612708,True
A1,ACTIVE_RESULTS,NULL_B_BLOCK_TIME_PERMUTATION,21,colombia_first_round,COL_2026,-0.0015591130650367945,2591,0.9646314221891288,True
A1,ACTIVE_RESULTS,NULL_B_BLOCK_TIME_PERMUTATION,21,colombia_runoff,COL_2026,-0.015797478380308923,2578,0.9750378214826021,True
A1,ACTIVE_RESULTS,NULL_B_BLOCK_TIME_PERMUTATION,22,colombia_first_round,COL_2026,-0.0007915350866139876,2594,0.9657483246463142,True
A1,ACTIVE_RESULTS,NULL_B_BLOCK_TIME_PERMUTATION,22,colombia_runoff,COL_2026,-0.011475465548467552,2579,0.9754160363086233,True
A1,ACTIVE_RESULTS,NULL_B_BLOCK_TIME_PERMUTATION,23,colombia_first_round,COL_2026,-0.0005252152470615634,2597,0.9668652271034996,True
A1,ACTIVE_RESULTS,NULL_B_BLOCK_TIME_PERMUTATION,23,colombia_runoff,COL_2026,-0.013505951316084269,2579,0.9754160363086233,True
A1,ACTIVE_RESULTS,NULL_B_BLOCK_TIME_PERMUTATION,24,colombia_first_round,COL_2026,-0.001855095636797719,2591,0.9646314221891288,True
A1,ACTIVE_RESULTS,NULL_B_BLOCK_TIME_PERMUTATION,24,colombia_runoff,COL_2026,-0.011167145488747766,2587,0.9784417549167927,True
A1,ACTIVE_RESULTS,NULL_B_BLOCK_TIME_PERMUTATION,25,colombia_first_round,COL_2026,-0.0004737326140723613,2594,0.9657483246463142,True
A1,ACTIVE_RESULTS,NULL_B_BLOCK_TIME_PERMUTATION,25,colombia_runoff,COL_2026,-0.011906261812103582,2578,0.9750378214826021,True
A1,ACTIVE_RESULTS,NULL_B_BLOCK_TIME_PERMUTATION,26,colombia_first_round,COL_2026,-0.0007102005881420876,2601,0.9683544303797469,True
A1,ACTIVE_RESULTS,NULL_B_BLOCK_TIME_PERMUTATION,26,colombia_runoff,COL_2026,-0.01314009969794034,2579,0.9754160363086233,True
A1,ACTIVE_RESULTS,NULL_B_BLOCK_TIME_PERMUTATION,27,colombia_first_round,COL_2026,-0.0013395205096871814,2593,0.9653760238272524,True
A1,ACTIVE_RESULTS,NULL_B_BLOCK_TIME_PERMUTATION,27,colombia_runoff,COL_2026,-0.014429587888513631,2584,0.9773071104387292,True
A1,ACTIVE_RESULTS,NULL_B_BLOCK_TIME_PERMUTATION,28,colombia_first_round,COL_2026,-0.001162866189785262,2591,0.9646314221891288,True
A1,ACTIVE_RESULTS,NULL_B_BLOCK_TIME_PERMUTATION,28,colombia_runoff,COL_2026,-0.013121259316399445,2584,0.9773071104387292,True
A1,ACTIVE_RESULTS,NULL_B_BLOCK_TIME_PERMUTATION,29,colombia_first_round,COL_2026,-0.0015744336745433037,2595,0.966120625465376,True
A1,ACTIVE_RESULTS,NULL_B_BLOCK_TIME_PERMUTATION,29,colombia_runoff,COL_2026,-0.011066448772531106,2582,0.9765506807866868,True
A1,ACTIVE_RESULTS,NULL_B_BLOCK_TIME_PERMUTATION,30,colombia_first_round,COL_2026,-0.0006407888916682096,2594,0.9657483246463142,True
A1,ACTIVE_RESULTS,NULL_B_BLOCK_TIME_PERMUTATION,30,colombia_runoff,COL_2026,-0.011445876298830985,2584,0.9773071104387292,True
A1,ACTIVE_RESULTS,NULL_B_BLOCK_TIME_PERMUTATION,31,colombia_first_round,COL_2026,-0.0011204153058435738,2592,0.9650037230081906,True
A1,ACTIVE_RESULTS,NULL_B_BLOCK_TIME_PERMUTATION,31,colombia_runoff,COL_2026,-0.01503711510402013,2588,0.9788199697428139,True
A1,ACTIVE_RESULTS,NULL_B_BLOCK_TIME_PERMUTATION,32,colombia_first_round,COL_2026,-0.0009935896435213322,2601,0.9683544303797469,True
A1,ACTIVE_RESULTS,NULL_B_BLOCK_TIME_PERMUTATION,32,colombia_runoff,COL_2026,-0.015801648442251546,2582,0.9765506807866868,True
A1,ACTIVE_RESULTS,NULL_B_BLOCK_TIME_PERMUTATION,33,colombia_first_round,COL_2026,-0.0007443628599845595,2593,0.9653760238272524,True
A1,ACTIVE_RESULTS,NULL_B_BLOCK_TIME_PERMUTATION,33,colombia_runoff,COL_2026,-0.013615542878207541,2582,0.9765506807866868,True
A1,ACTIVE_RESULTS,NULL_B_BLOCK_TIME_PERMUTATION,34,colombia_first_round,COL_2026,-0.00040718727187640804,2600,0.9679821295606851,True
A1,ACTIVE_RESULTS,NULL_B_BLOCK_TIME_PERMUTATION,34,colombia_runoff,COL_2026,-0.014165711495717154,2580,0.9757942511346445,True
A1,ACTIVE_RESULTS,NULL_B_BLOCK_TIME_PERMUTATION,35,colombia_first_round,COL_2026,-0.00044168061716027976,2594,0.9657483246463142,True
A1,ACTIVE_RESULTS,NULL_B_BLOCK_TIME_PERMUTATION,35,colombia_runoff,COL_2026,-0.011324677607728071,2579,0.9754160363086233,True
A1,ACTIVE_RESULTS,NULL_B_BLOCK_TIME_PERMUTATION,36,colombia_first_round,COL_2026,1.862833501805358e-05,2589,0.9638868205510052,True
A1,ACTIVE_RESULTS,NULL_B_BLOCK_TIME_PERMUTATION,36,colombia_runoff,COL_2026,-0.015636262740149363,2582,0.9765506807866868,True
A1,ACTIVE_RESULTS,NULL_B_BLOCK_TIME_PERMUTATION,37,colombia_first_round,COL_2026,-0.0009114406612863351,2594,0.9657483246463142,True
A1,ACTIVE_RESULTS,NULL_B_BLOCK_TIME_PERMUTATION,37,colombia_runoff,COL_2026,-0.015484433315298265,2581,0.9761724659606656,True
A1,ACTIVE_RESULTS,NULL_B_BLOCK_TIME_PERMUTATION,38,colombia_first_round,COL_2026,-0.0005221045624421059,2590,0.964259121370067,True
A1,ACTIVE_RESULTS,NULL_B_BLOCK_TIME_PERMUTATION,38,colombia_runoff,COL_2026,-0.014189708112035095,2584,0.9773071104387292,True
A1,ACTIVE_RESULTS,NULL_B_BLOCK_TIME_PERMUTATION,39,colombia_first_round,COL_2026,-0.00037978178243330916,2600,0.9679821295606851,True
A1,ACTIVE_RESULTS,NULL_B_BLOCK_TIME_PERMUTATION,39,colombia_runoff,COL_2026,-0.014935775295518882,2584,0.9773071104387292,True
A1,ACTIVE_RESULTS,NULL_B_BLOCK_TIME_PERMUTATION,40,colombia_first_round,COL_2026,-0.0001718911709937326,2602,0.9687267311988086,True
A1,ACTIVE_RESULTS,NULL_B_BLOCK_TIME_PERMUTATION,40,colombia_runoff,COL_2026,-0.010471588282778005,2580,0.9757942511346445,True
A1,ACTIVE_RESULTS,NULL_B_BLOCK_TIME_PERMUTATION,41,colombia_first_round,COL_2026,-0.0012656676787727622,2590,0.964259121370067,True
A1,ACTIVE_RESULTS,NULL_B_BLOCK_TIME_PERMUTATION,41,colombia_runoff,COL_2026,-0.01376323475815298,2576,0.9742813918305597,True
A1,ACTIVE_RESULTS,NULL_B_BLOCK_TIME_PERMUTATION,42,colombia_first_round,COL_2026,-0.0014194125219820213,2595,0.966120625465376,True
A1,ACTIVE_RESULTS,NULL_B_BLOCK_TIME_PERMUTATION,42,colombia_runoff,COL_2026,-0.014155601757158302,2580,0.9757942511346445,True
A1,ACTIVE_RESULTS,NULL_B_BLOCK_TIME_PERMUTATION,43,colombia_first_round,COL_2026,-0.0002444127235184749,2590,0.964259121370067,True
A1,ACTIVE_RESULTS,NULL_B_BLOCK_TIME_PERMUTATION,43,colombia_runoff,COL_2026,-0.014105585710743239,2576,0.9742813918305597,True
A1,ACTIVE_RESULTS,NULL_B_BLOCK_TIME_PERMUTATION,44,colombia_first_round,COL_2026,-0.0012707045654380628,2594,0.9657483246463142,True
A1,ACTIVE_RESULTS,NULL_B_BLOCK_TIME_PERMUTATION,44,colombia_runoff,COL_2026,-0.011002814971328339,2581,0.9761724659606656,True
A1,ACTIVE_RESULTS,NULL_B_BLOCK_TIME_PERMUTATION,45,colombia_first_round,COL_2026,-0.001883215052619477,2597,0.9668652271034996,True
A1,ACTIVE_RESULTS,NULL_B_BLOCK_TIME_PERMUTATION,45,colombia_runoff,COL_2026,-0.011869220138034979,2596,0.9818456883509834,True
A1,ACTIVE_RESULTS,NULL_B_BLOCK_TIME_PERMUTATION,46,colombia_first_round,COL_2026,3.5458385008935796e-05,2600,0.9679821295606851,True
A1,ACTIVE_RESULTS,NULL_B_BLOCK_TIME_PERMUTATION,46,colombia_runoff,COL_2026,-0.01343717675310479,2580,0.9757942511346445,True
A1,ACTIVE_RESULTS,NULL_B_BLOCK_TIME_PERMUTATION,47,colombia_first_round,COL_2026,-0.0007714644328921583,2597,0.9668652271034996,True
A1,ACTIVE_RESULTS,NULL_B_BLOCK_TIME_PERMUTATION,47,colombia_runoff,COL_2026,-0.012036168296942769,2580,0.9757942511346445,True
A1,ACTIVE_RESULTS,NULL_B_BLOCK_TIME_PERMUTATION,48,colombia_first_round,COL_2026,-0.00042467958755982606,2594,0.9657483246463142,True
A1,ACTIVE_RESULTS,NULL_B_BLOCK_TIME_PERMUTATION,48,colombia_runoff,COL_2026,-0.010630896269223407,2590,0.9795763993948563,True
A1,ACTIVE_RESULTS,NULL_B_BLOCK_TIME_PERMUTATION,49,colombia_first_round,COL_2026,-0.0006948779168518183,2603,0.9690990320178704,True
A1,ACTIVE_RESULTS,NULL_B_BLOCK_TIME_PERMUTATION,49,colombia_runoff,COL_2026,-0.011115937253514585,2581,0.9761724659606656,True
A1,ACTIVE_RESULTS,NULL_B_BLOCK_TIME_PERMUTATION,50,colombia_first_round,COL_2026,0.00026040047473232185,2601,0.9683544303797469,True
A1,ACTIVE_RESULTS,NULL_B_BLOCK_TIME_PERMUTATION,50,colombia_runoff,COL_2026,-0.0117936339869986,2577,0.9746596066565809,True
A1,ACTIVE_RESULTS,NULL_B_BLOCK_TIME_PERMUTATION,51,colombia_first_round,COL_2026,-0.0006155682521170905,2596,0.9664929262844378,True
A1,ACTIVE_RESULTS,NULL_B_BLOCK_TIME_PERMUTATION,51,colombia_runoff,COL_2026,-0.01307230392691306,2588,0.9788199697428139,True
A1,ACTIVE_RESULTS,NULL_B_BLOCK_TIME_PERMUTATION,52,colombia_first_round,COL_2026,-0.0011270439931466828,2604,0.9694713328369322,True
A1,ACTIVE_RESULTS,NULL_B_BLOCK_TIME_PERMUTATION,52,colombia_runoff,COL_2026,-0.012460511351185307,2594,0.981089258698941,True
A1,ACTIVE_RESULTS,NULL_B_BLOCK_TIME_PERMUTATION,53,colombia_first_round,COL_2026,-0.0007284619380268521,2603,0.9690990320178704,True
A1,ACTIVE_RESULTS,NULL_B_BLOCK_TIME_PERMUTATION,53,colombia_runoff,COL_2026,-0.01402876906603617,2585,0.9776853252647504,True
A1,ACTIVE_RESULTS,NULL_B_BLOCK_TIME_PERMUTATION,54,colombia_first_round,COL_2026,-0.00040560151998414624,2595,0.966120625465376,True
A1,ACTIVE_RESULTS,NULL_B_BLOCK_TIME_PERMUTATION,54,colombia_runoff,COL_2026,-0.014880255373137781,2584,0.9773071104387292,True
A1,ACTIVE_RESULTS,NULL_B_BLOCK_TIME_PERMUTATION,55,colombia_first_round,COL_2026,-0.0015312218066788114,2592,0.9650037230081906,True
A1,ACTIVE_RESULTS,NULL_B_BLOCK_TIME_PERMUTATION,55,colombia_runoff,COL_2026,-0.014317707725651165,2582,0.9765506807866868,True
A1,ACTIVE_RESULTS,NULL_B_BLOCK_TIME_PERMUTATION,56,colombia_first_round,COL_2026,-0.0014481991341923387,2592,0.9650037230081906,True
A1,ACTIVE_RESULTS,NULL_B_BLOCK_TIME_PERMUTATION,56,colombia_runoff,COL_2026,-0.015496354120897334,2581,0.9761724659606656,True
A1,ACTIVE_RESULTS,NULL_B_BLOCK_TIME_PERMUTATION,57,colombia_first_round,COL_2026,-0.0007528520983458493,2593,0.9653760238272524,True
A1,ACTIVE_RESULTS,NULL_B_BLOCK_TIME_PERMUTATION,57,colombia_runoff,COL_2026,-0.014546659726706022,2588,0.9788199697428139,True
A1,ACTIVE_RESULTS,NULL_B_BLOCK_TIME_PERMUTATION,58,colombia_first_round,COL_2026,-0.0009418717655931532,2600,0.9679821295606851,True
A1,ACTIVE_RESULTS,NULL_B_BLOCK_TIME_PERMUTATION,58,colombia_runoff,COL_2026,-0.01415765608046085,2579,0.9754160363086233,True
A1,ACTIVE_RESULTS,NULL_B_BLOCK_TIME_PERMUTATION,59,colombia_first_round,COL_2026,-0.0013612110894358094,2597,0.9668652271034996,True
A1,ACTIVE_RESULTS,NULL_B_BLOCK_TIME_PERMUTATION,59,colombia_runoff,COL_2026,-0.012619785586505887,2579,0.9754160363086233,True
A1,ACTIVE_RESULTS,NULL_B_BLOCK_TIME_PERMUTATION,60,colombia_first_round,COL_2026,-0.0006424605321248204,2598,0.9672375279225615,True
A1,ACTIVE_RESULTS,NULL_B_BLOCK_TIME_PERMUTATION,60,colombia_runoff,COL_2026,-0.01513407241310877,2586,0.9780635400907716,True
A1,ACTIVE_RESULTS,NULL_B_BLOCK_TIME_PERMUTATION,61,colombia_first_round,COL_2026,-0.0012048165571429846,2595,0.966120625465376,True
A1,ACTIVE_RESULTS,NULL_B_BLOCK_TIME_PERMUTATION,61,colombia_runoff,COL_2026,-0.01242665920071953,2581,0.9761724659606656,True
A1,ACTIVE_RESULTS,NULL_B_BLOCK_TIME_PERMUTATION,62,colombia_first_round,COL_2026,-0.0007333969947335247,2599,0.9676098287416233,True
A1,ACTIVE_RESULTS,NULL_B_BLOCK_TIME_PERMUTATION,62,colombia_runoff,COL_2026,-0.011886487575582718,2578,0.9750378214826021,True
A1,ACTIVE_RESULTS,NULL_B_BLOCK_TIME_PERMUTATION,63,colombia_first_round,COL_2026,-0.0010332138303325296,2609,0.9713328369322413,True
A1,ACTIVE_RESULTS,NULL_B_BLOCK_TIME_PERMUTATION,63,colombia_runoff,COL_2026,-0.014671832923999605,2583,0.976928895612708,True
A1,ACTIVE_RESULTS,NULL_B_BLOCK_TIME_PERMUTATION,64,colombia_first_round,COL_2026,-0.0013655448320073304,2606,0.9702159344750558,True
A1,ACTIVE_RESULTS,NULL_B_BLOCK_TIME_PERMUTATION,64,colombia_runoff,COL_2026,-0.01262346759434539,2578,0.9750378214826021,True
A1,ACTIVE_RESULTS,NULL_B_BLOCK_TIME_PERMUTATION,65,colombia_first_round,COL_2026,-0.0010673897144350684,2597,0.9668652271034996,True
A1,ACTIVE_RESULTS,NULL_B_BLOCK_TIME_PERMUTATION,65,colombia_runoff,COL_2026,-0.012682918741917472,2586,0.9780635400907716,True
A1,ACTIVE_RESULTS,NULL_B_BLOCK_TIME_PERMUTATION,66,colombia_first_round,COL_2026,-0.0004943761640648706,2590,0.964259121370067,True
A1,ACTIVE_RESULTS,NULL_B_BLOCK_TIME_PERMUTATION,66,colombia_runoff,COL_2026,-0.01466661036381712,2580,0.9757942511346445,True
A1,ACTIVE_RESULTS,NULL_B_BLOCK_TIME_PERMUTATION,67,colombia_first_round,COL_2026,-0.0016201067274225684,2592,0.9650037230081906,True
A1,ACTIVE_RESULTS,NULL_B_BLOCK_TIME_PERMUTATION,67,colombia_runoff,COL_2026,-0.011787403243770141,2581,0.9761724659606656,True
A1,ACTIVE_RESULTS,NULL_B_BLOCK_TIME_PERMUTATION,68,colombia_first_round,COL_2026,-0.000984968232059632,2598,0.9672375279225615,True
A1,ACTIVE_RESULTS,NULL_B_BLOCK_TIME_PERMUTATION,68,colombia_runoff,COL_2026,-0.014452273085222121,2586,0.9780635400907716,True
A1,ACTIVE_RESULTS,NULL_B_BLOCK_TIME_PERMUTATION,69,colombia_first_round,COL_2026,-0.001389924031398783,2600,0.9679821295606851,True
A1,ACTIVE_RESULTS,NULL_B_BLOCK_TIME_PERMUTATION,69,colombia_runoff,COL_2026,-0.016475513087153518,2585,0.9776853252647504,True
A1,ACTIVE_RESULTS,NULL_B_BLOCK_TIME_PERMUTATION,70,colombia_first_round,COL_2026,-0.0011146091363256562,2595,0.966120625465376,True
A1,ACTIVE_RESULTS,NULL_B_BLOCK_TIME_PERMUTATION,70,colombia_runoff,COL_2026,-0.0118868304839041,2581,0.9761724659606656,True
A1,ACTIVE_RESULTS,NULL_B_BLOCK_TIME_PERMUTATION,71,colombia_first_round,COL_2026,-0.0008574628663699342,2607,0.9705882352941176,True
A1,ACTIVE_RESULTS,NULL_B_BLOCK_TIME_PERMUTATION,71,colombia_runoff,COL_2026,-0.012757185750026549,2577,0.9746596066565809,True
A1,ACTIVE_RESULTS,NULL_B_BLOCK_TIME_PERMUTATION,72,colombia_first_round,COL_2026,-0.0003444172945435472,2598,0.9672375279225615,True
A1,ACTIVE_RESULTS,NULL_B_BLOCK_TIME_PERMUTATION,72,colombia_runoff,COL_2026,-0.016655715815314383,2578,0.9750378214826021,True
A1,ACTIVE_RESULTS,NULL_B_BLOCK_TIME_PERMUTATION,73,colombia_first_round,COL_2026,-0.0010120828080396587,2594,0.9657483246463142,True
A1,ACTIVE_RESULTS,NULL_B_BLOCK_TIME_PERMUTATION,73,colombia_runoff,COL_2026,-0.01281730192477805,2580,0.9757942511346445,True
A1,ACTIVE_RESULTS,NULL_B_BLOCK_TIME_PERMUTATION,74,colombia_first_round,COL_2026,-0.0009104502834296613,2595,0.966120625465376,True
A1,ACTIVE_RESULTS,NULL_B_BLOCK_TIME_PERMUTATION,74,colombia_runoff,COL_2026,-0.013157738426584391,2586,0.9780635400907716,True
A1,ACTIVE_RESULTS,NULL_B_BLOCK_TIME_PERMUTATION,75,colombia_first_round,COL_2026,-0.0014065713677591236,2593,0.9653760238272524,True
A1,ACTIVE_RESULTS,NULL_B_BLOCK_TIME_PERMUTATION,75,colombia_runoff,COL_2026,-0.012653054294776277,2588,0.9788199697428139,True
A1,ACTIVE_RESULTS,NULL_B_BLOCK_TIME_PERMUTATION,76,colombia_first_round,COL_2026,-0.0015535724082352362,2600,0.9679821295606851,True
A1,ACTIVE_RESULTS,NULL_B_BLOCK_TIME_PERMUTATION,76,colombia_runoff,COL_2026,-0.012419419654630247,2585,0.9776853252647504,True
A1,ACTIVE_RESULTS,NULL_B_BLOCK_TIME_PERMUTATION,77,colombia_first_round,COL_2026,0.00019773267641919718,2597,0.9668652271034996,True
A1,ACTIVE_RESULTS,NULL_B_BLOCK_TIME_PERMUTATION,77,colombia_runoff,COL_2026,-0.01231363841065896,2586,0.9780635400907716,True
A1,ACTIVE_RESULTS,NULL_B_BLOCK_TIME_PERMUTATION,78,colombia_first_round,COL_2026,-0.0012638687370940974,2592,0.9650037230081906,True
A1,ACTIVE_RESULTS,NULL_B_BLOCK_TIME_PERMUTATION,78,colombia_runoff,COL_2026,-0.012246139755558315,2584,0.9773071104387292,True
A1,ACTIVE_RESULTS,NULL_B_BLOCK_TIME_PERMUTATION,79,colombia_first_round,COL_2026,-0.0014077947414811302,2601,0.9683544303797469,True
A1,ACTIVE_RESULTS,NULL_B_BLOCK_TIME_PERMUTATION,79,colombia_runoff,COL_2026,-0.012736856369863988,2580,0.9757942511346445,True
A1,ACTIVE_RESULTS,NULL_B_BLOCK_TIME_PERMUTATION,80,colombia_first_round,COL_2026,-0.0003747112929880392,2591,0.9646314221891288,True
A1,ACTIVE_RESULTS,NULL_B_BLOCK_TIME_PERMUTATION,80,colombia_runoff,COL_2026,-0.013713143326706041,2580,0.9757942511346445,True
A1,ACTIVE_RESULTS,NULL_B_BLOCK_TIME_PERMUTATION,81,colombia_first_round,COL_2026,-0.0005359749507155896,2598,0.9672375279225615,True
A1,ACTIVE_RESULTS,NULL_B_BLOCK_TIME_PERMUTATION,81,colombia_runoff,COL_2026,-0.013249910135525013,2581,0.9761724659606656,True
A1,ACTIVE_RESULTS,NULL_B_BLOCK_TIME_PERMUTATION,82,colombia_first_round,COL_2026,-0.0011790436866670083,2596,0.9664929262844378,True
A1,ACTIVE_RESULTS,NULL_B_BLOCK_TIME_PERMUTATION,82,colombia_runoff,COL_2026,-0.01414391158610102,2579,0.9754160363086233,True
A1,ACTIVE_RESULTS,NULL_B_BLOCK_TIME_PERMUTATION,83,colombia_first_round,COL_2026,-0.0006637170970305048,2599,0.9676098287416233,True
A1,ACTIVE_RESULTS,NULL_B_BLOCK_TIME_PERMUTATION,83,colombia_runoff,COL_2026,-0.012532405689423298,2583,0.976928895612708,True
A1,ACTIVE_RESULTS,NULL_B_BLOCK_TIME_PERMUTATION,84,colombia_first_round,COL_2026,-0.001085434544148044,2594,0.9657483246463142,True
A1,ACTIVE_RESULTS,NULL_B_BLOCK_TIME_PERMUTATION,84,colombia_runoff,COL_2026,-0.012575062479272972,2580,0.9757942511346445,True
A1,ACTIVE_RESULTS,NULL_B_BLOCK_TIME_PERMUTATION,85,colombia_first_round,COL_2026,-0.0013816948996562427,2594,0.9657483246463142,True
A1,ACTIVE_RESULTS,NULL_B_BLOCK_TIME_PERMUTATION,85,colombia_runoff,COL_2026,-0.012982888699278673,2577,0.9746596066565809,True
A1,ACTIVE_RESULTS,NULL_B_BLOCK_TIME_PERMUTATION,86,colombia_first_round,COL_2026,-0.001662709289322497,2592,0.9650037230081906,True
A1,ACTIVE_RESULTS,NULL_B_BLOCK_TIME_PERMUTATION,86,colombia_runoff,COL_2026,-0.01384586448518903,2581,0.9761724659606656,True
A1,ACTIVE_RESULTS,NULL_B_BLOCK_TIME_PERMUTATION,87,colombia_first_round,COL_2026,-0.0007178909013732768,2598,0.9672375279225615,True
A1,ACTIVE_RESULTS,NULL_B_BLOCK_TIME_PERMUTATION,87,colombia_runoff,COL_2026,-0.013319974800193906,2578,0.9750378214826021,True
A1,ACTIVE_RESULTS,NULL_B_BLOCK_TIME_PERMUTATION,88,colombia_first_round,COL_2026,-0.0010477944121952821,2598,0.9672375279225615,True
A1,ACTIVE_RESULTS,NULL_B_BLOCK_TIME_PERMUTATION,88,colombia_runoff,COL_2026,-0.015155627856880925,2585,0.9776853252647504,True
A1,ACTIVE_RESULTS,NULL_B_BLOCK_TIME_PERMUTATION,89,colombia_first_round,COL_2026,1.782178335090704e-06,2598,0.9672375279225615,True
A1,ACTIVE_RESULTS,NULL_B_BLOCK_TIME_PERMUTATION,89,colombia_runoff,COL_2026,-0.012336914089657449,2586,0.9780635400907716,True
A1,ACTIVE_RESULTS,NULL_B_BLOCK_TIME_PERMUTATION,90,colombia_first_round,COL_2026,-0.0007577353757383926,2601,0.9683544303797469,True
A1,ACTIVE_RESULTS,NULL_B_BLOCK_TIME_PERMUTATION,90,colombia_runoff,COL_2026,-0.0126000273443969,2580,0.9757942511346445,True
A1,ACTIVE_RESULTS,NULL_B_BLOCK_TIME_PERMUTATION,91,colombia_first_round,COL_2026,-0.0012077822255126321,2591,0.9646314221891288,True
A1,ACTIVE_RESULTS,NULL_B_BLOCK_TIME_PERMUTATION,91,colombia_runoff,COL_2026,-0.011986973316797945,2589,0.9791981845688351,True
A1,ACTIVE_RESULTS,NULL_B_BLOCK_TIME_PERMUTATION,92,colombia_first_round,COL_2026,-0.0011972999565460164,2600,0.9679821295606851,True
A1,ACTIVE_RESULTS,NULL_B_BLOCK_TIME_PERMUTATION,92,colombia_runoff,COL_2026,-0.013018371845976678,2583,0.976928895612708,True
A1,ACTIVE_RESULTS,NULL_B_BLOCK_TIME_PERMUTATION,93,colombia_first_round,COL_2026,-0.0007911982578323915,2594,0.9657483246463142,True
A1,ACTIVE_RESULTS,NULL_B_BLOCK_TIME_PERMUTATION,93,colombia_runoff,COL_2026,-0.011705214789166304,2581,0.9761724659606656,True
A1,ACTIVE_RESULTS,NULL_B_BLOCK_TIME_PERMUTATION,94,colombia_first_round,COL_2026,-0.0010850146953895572,2605,0.969843633655994,True
A1,ACTIVE_RESULTS,NULL_B_BLOCK_TIME_PERMUTATION,94,colombia_runoff,COL_2026,-0.014149909553714058,2581,0.9761724659606656,True
A1,ACTIVE_RESULTS,NULL_B_BLOCK_TIME_PERMUTATION,95,colombia_first_round,COL_2026,-0.0015568235378355935,2601,0.9683544303797469,True
A1,ACTIVE_RESULTS,NULL_B_BLOCK_TIME_PERMUTATION,95,colombia_runoff,COL_2026,-0.012624625825658401,2579,0.9754160363086233,True
A1,ACTIVE_RESULTS,NULL_B_BLOCK_TIME_PERMUTATION,96,colombia_first_round,COL_2026,-0.0008209271421770564,2591,0.9646314221891288,True
A1,ACTIVE_RESULTS,NULL_B_BLOCK_TIME_PERMUTATION,96,colombia_runoff,COL_2026,-0.013007848568949116,2586,0.9780635400907716,True
A1,ACTIVE_RESULTS,NULL_B_BLOCK_TIME_PERMUTATION,97,colombia_first_round,COL_2026,-0.001728758186871267,2599,0.9676098287416233,True
A1,ACTIVE_RESULTS,NULL_B_BLOCK_TIME_PERMUTATION,97,colombia_runoff,COL_2026,-0.012301144478302262,2584,0.9773071104387292,True
A1,ACTIVE_RESULTS,NULL_B_BLOCK_TIME_PERMUTATION,98,colombia_first_round,COL_2026,-0.0010184183671106922,2594,0.9657483246463142,True
A1,ACTIVE_RESULTS,NULL_B_BLOCK_TIME_PERMUTATION,98,colombia_runoff,COL_2026,-0.0145464679150669,2582,0.9765506807866868,True
A1,ACTIVE_RESULTS,NULL_B_BLOCK_TIME_PERMUTATION,99,colombia_first_round,COL_2026,-0.0018347394164389137,2598,0.9672375279225615,True
A1,ACTIVE_RESULTS,NULL_B_BLOCK_TIME_PERMUTATION,99,colombia_runoff,COL_2026,-0.01228420842387581,2587,0.9784417549167927,True
A1,ACTIVE_RESULTS,NULL_B_BLOCK_TIME_PERMUTATION,100,colombia_first_round,COL_2026,-0.0011642102825816774,2602,0.9687267311988086,True
A1,ACTIVE_RESULTS,NULL_B_BLOCK_TIME_PERMUTATION,100,colombia_runoff,COL_2026,-0.013703742819035839,2585,0.9776853252647504,True
A1,ACTIVE_RESULTS,NULL_B_BLOCK_TIME_PERMUTATION,101,colombia_first_round,COL_2026,-0.0015716667208007726,2599,0.9676098287416233,True
A1,ACTIVE_RESULTS,NULL_B_BLOCK_TIME_PERMUTATION,101,colombia_runoff,COL_2026,-0.015057724311879074,2582,0.9765506807866868,True
A1,ACTIVE_RESULTS,NULL_B_BLOCK_TIME_PERMUTATION,102,colombia_first_round,COL_2026,-0.0011487595139787728,2605,0.969843633655994,True
A1,ACTIVE_RESULTS,NULL_B_BLOCK_TIME_PERMUTATION,102,colombia_runoff,COL_2026,-0.014809576467202282,2581,0.9761724659606656,True
A1,ACTIVE_RESULTS,NULL_B_BLOCK_TIME_PERMUTATION,103,colombia_first_round,COL_2026,-0.0009313475752948557,2602,0.9687267311988086,True
A1,ACTIVE_RESULTS,NULL_B_BLOCK_TIME_PERMUTATION,103,colombia_runoff,COL_2026,-0.01299475759553902,2582,0.9765506807866868,True
A1,ACTIVE_RESULTS,NULL_B_BLOCK_TIME_PERMUTATION,104,colombia_first_round,COL_2026,-0.0007338155003291642,2597,0.9668652271034996,True
A1,ACTIVE_RESULTS,NULL_B_BLOCK_TIME_PERMUTATION,104,colombia_runoff,COL_2026,-0.012785344780181765,2593,0.9807110438729199,True
A1,ACTIVE_RESULTS,NULL_B_BLOCK_TIME_PERMUTATION,105,colombia_first_round,COL_2026,-0.0013791055691669614,2593,0.9653760238272524,True
A1,ACTIVE_RESULTS,NULL_B_BLOCK_TIME_PERMUTATION,105,colombia_runoff,COL_2026,-0.014144832507612393,2580,0.9757942511346445,True
A1,ACTIVE_RESULTS,NULL_B_BLOCK_TIME_PERMUTATION,106,colombia_first_round,COL_2026,-0.0006064712679889324,2591,0.9646314221891288,True
A1,ACTIVE_RESULTS,NULL_B_BLOCK_TIME_PERMUTATION,106,colombia_runoff,COL_2026,-0.0126811087768648,2583,0.976928895612708,True
A1,ACTIVE_RESULTS,NULL_B_BLOCK_TIME_PERMUTATION,107,colombia_first_round,COL_2026,-0.0015771605485125268,2595,0.966120625465376,True
A1,ACTIVE_RESULTS,NULL_B_BLOCK_TIME_PERMUTATION,107,colombia_runoff,COL_2026,-0.011345388360938189,2584,0.9773071104387292,True
A1,ACTIVE_RESULTS,NULL_B_BLOCK_TIME_PERMUTATION,108,colombia_first_round,COL_2026,-0.0013735266870688535,2598,0.9672375279225615,True
A1,ACTIVE_RESULTS,NULL_B_BLOCK_TIME_PERMUTATION,108,colombia_runoff,COL_2026,-0.013181037532545622,2584,0.9773071104387292,True
A1,ACTIVE_RESULTS,NULL_B_BLOCK_TIME_PERMUTATION,109,colombia_first_round,COL_2026,-0.0011620412513933269,2595,0.966120625465376,True
A1,ACTIVE_RESULTS,NULL_B_BLOCK_TIME_PERMUTATION,109,colombia_runoff,COL_2026,-0.013782000742946368,2584,0.9773071104387292,True
A1,ACTIVE_RESULTS,NULL_B_BLOCK_TIME_PERMUTATION,110,colombia_first_round,COL_2026,-0.0008988493922335043,2603,0.9690990320178704,True
A1,ACTIVE_RESULTS,NULL_B_BLOCK_TIME_PERMUTATION,110,colombia_runoff,COL_2026,-0.012453169344768223,2579,0.9754160363086233,True
A1,ACTIVE_RESULTS,NULL_B_BLOCK_TIME_PERMUTATION,111,colombia_first_round,COL_2026,-0.0015022543256491038,2595,0.966120625465376,True
A1,ACTIVE_RESULTS,NULL_B_BLOCK_TIME_PERMUTATION,111,colombia_runoff,COL_2026,-0.01322271046349863,2584,0.9773071104387292,True
A1,ACTIVE_RESULTS,NULL_B_BLOCK_TIME_PERMUTATION,112,colombia_first_round,COL_2026,-0.0007379266250133483,2598,0.9672375279225615,True
A1,ACTIVE_RESULTS,NULL_B_BLOCK_TIME_PERMUTATION,112,colombia_runoff,COL_2026,-0.013772630417878944,2586,0.9780635400907716,True
A1,ACTIVE_RESULTS,NULL_B_BLOCK_TIME_PERMUTATION,113,colombia_first_round,COL_2026,-0.001146287528997837,2600,0.9679821295606851,True
A1,ACTIVE_RESULTS,NULL_B_BLOCK_TIME_PERMUTATION,113,colombia_runoff,COL_2026,-0.015043278860480395,2585,0.9776853252647504,True
A1,ACTIVE_RESULTS,NULL_B_BLOCK_TIME_PERMUTATION,114,colombia_first_round,COL_2026,-0.0008319856696351055,2603,0.9690990320178704,True
A1,ACTIVE_RESULTS,NULL_B_BLOCK_TIME_PERMUTATION,114,colombia_runoff,COL_2026,-0.013118740850468763,2584,0.9773071104387292,True
A1,ACTIVE_RESULTS,NULL_B_BLOCK_TIME_PERMUTATION,115,colombia_first_round,COL_2026,-0.00013001311802467023,2598,0.9672375279225615,True
A1,ACTIVE_RESULTS,NULL_B_BLOCK_TIME_PERMUTATION,115,colombia_runoff,COL_2026,-0.012906531766073271,2579,0.9754160363086233,True
A1,ACTIVE_RESULTS,NULL_B_BLOCK_TIME_PERMUTATION,116,colombia_first_round,COL_2026,-0.0005544970873035096,2595,0.966120625465376,True
A1,ACTIVE_RESULTS,NULL_B_BLOCK_TIME_PERMUTATION,116,colombia_runoff,COL_2026,-0.01410247849062935,2593,0.9807110438729199,True
A1,ACTIVE_RESULTS,NULL_B_BLOCK_TIME_PERMUTATION,117,colombia_first_round,COL_2026,-0.0008413019874695774,2591,0.9646314221891288,True
A1,ACTIVE_RESULTS,NULL_B_BLOCK_TIME_PERMUTATION,117,colombia_runoff,COL_2026,-0.013718185706972131,2580,0.9757942511346445,True
A1,ACTIVE_RESULTS,NULL_B_BLOCK_TIME_PERMUTATION,118,colombia_first_round,COL_2026,-0.0010274993646963355,2594,0.9657483246463142,True
A1,ACTIVE_RESULTS,NULL_B_BLOCK_TIME_PERMUTATION,118,colombia_runoff,COL_2026,-0.013661785257400274,2584,0.9773071104387292,True
A1,ACTIVE_RESULTS,NULL_B_BLOCK_TIME_PERMUTATION,119,colombia_first_round,COL_2026,-0.0014815851280196048,2591,0.9646314221891288,True
A1,ACTIVE_RESULTS,NULL_B_BLOCK_TIME_PERMUTATION,119,colombia_runoff,COL_2026,-0.012975049427591165,2585,0.9776853252647504,True
A1,ACTIVE_RESULTS,NULL_B_BLOCK_TIME_PERMUTATION,120,colombia_first_round,COL_2026,-0.0008303574824462607,2592,0.9650037230081906,True
A1,ACTIVE_RESULTS,NULL_B_BLOCK_TIME_PERMUTATION,120,colombia_runoff,COL_2026,-0.01499295422372072,2578,0.9750378214826021,True
A1,ACTIVE_RESULTS,NULL_B_BLOCK_TIME_PERMUTATION,121,colombia_first_round,COL_2026,-0.0009702733981619217,2601,0.9683544303797469,True
A1,ACTIVE_RESULTS,NULL_B_BLOCK_TIME_PERMUTATION,121,colombia_runoff,COL_2026,-0.013715299851221992,2579,0.9754160363086233,True
A1,ACTIVE_RESULTS,NULL_B_BLOCK_TIME_PERMUTATION,122,colombia_first_round,COL_2026,-0.0008595489140979761,2597,0.9668652271034996,True
A1,ACTIVE_RESULTS,NULL_B_BLOCK_TIME_PERMUTATION,122,colombia_runoff,COL_2026,-0.011735537450476119,2579,0.9754160363086233,True
A1,ACTIVE_RESULTS,NULL_B_BLOCK_TIME_PERMUTATION,123,colombia_first_round,COL_2026,-0.0019762312039705416,2602,0.9687267311988086,True
A1,ACTIVE_RESULTS,NULL_B_BLOCK_TIME_PERMUTATION,123,colombia_runoff,COL_2026,-0.011656821563746781,2585,0.9776853252647504,True
A1,ACTIVE_RESULTS,NULL_B_BLOCK_TIME_PERMUTATION,124,colombia_first_round,COL_2026,-0.000640135795900431,2594,0.9657483246463142,True
A1,ACTIVE_RESULTS,NULL_B_BLOCK_TIME_PERMUTATION,124,colombia_runoff,COL_2026,-0.012123170074240415,2579,0.9754160363086233,True
A1,ACTIVE_RESULTS,NULL_B_BLOCK_TIME_PERMUTATION,125,colombia_first_round,COL_2026,-0.0015329585597012203,2594,0.9657483246463142,True
A1,ACTIVE_RESULTS,NULL_B_BLOCK_TIME_PERMUTATION,125,colombia_runoff,COL_2026,-0.013275216834102767,2591,0.9799546142208775,True
A1,ACTIVE_RESULTS,NULL_B_BLOCK_TIME_PERMUTATION,126,colombia_first_round,COL_2026,-1.1774950035923072e-05,2595,0.966120625465376,True
A1,ACTIVE_RESULTS,NULL_B_BLOCK_TIME_PERMUTATION,126,colombia_runoff,COL_2026,-0.012601966179369636,2579,0.9754160363086233,True
A1,ACTIVE_RESULTS,NULL_B_BLOCK_TIME_PERMUTATION,127,colombia_first_round,COL_2026,-0.0013934371058130926,2590,0.964259121370067,True
A1,ACTIVE_RESULTS,NULL_B_BLOCK_TIME_PERMUTATION,127,colombia_runoff,COL_2026,-0.013804742840281298,2583,0.976928895612708,True
A1,ACTIVE_RESULTS,NULL_B_BLOCK_TIME_PERMUTATION,128,colombia_first_round,COL_2026,-0.0007750825532339468,2592,0.9650037230081906,True
A1,ACTIVE_RESULTS,NULL_B_BLOCK_TIME_PERMUTATION,128,colombia_runoff,COL_2026,-0.013836668467022624,2584,0.9773071104387292,True
A1,ACTIVE_RESULTS,NULL_B_BLOCK_TIME_PERMUTATION,129,colombia_first_round,COL_2026,-0.0011136982456777553,2602,0.9687267311988086,True
A1,ACTIVE_RESULTS,NULL_B_BLOCK_TIME_PERMUTATION,129,colombia_runoff,COL_2026,-0.014040479908456294,2591,0.9799546142208775,True
A1,ACTIVE_RESULTS,NULL_B_BLOCK_TIME_PERMUTATION,130,colombia_first_round,COL_2026,-0.001293146498241158,2592,0.9650037230081906,True
A1,ACTIVE_RESULTS,NULL_B_BLOCK_TIME_PERMUTATION,130,colombia_runoff,COL_2026,-0.013904188181323886,2588,0.9788199697428139,True
A1,ACTIVE_RESULTS,NULL_B_BLOCK_TIME_PERMUTATION,131,colombia_first_round,COL_2026,-0.000638458389540264,2604,0.9694713328369322,True
A1,ACTIVE_RESULTS,NULL_B_BLOCK_TIME_PERMUTATION,131,colombia_runoff,COL_2026,-0.011905233821834576,2590,0.9795763993948563,True
A1,ACTIVE_RESULTS,NULL_B_BLOCK_TIME_PERMUTATION,132,colombia_first_round,COL_2026,-0.0008077532490895506,2602,0.9687267311988086,True
A1,ACTIVE_RESULTS,NULL_B_BLOCK_TIME_PERMUTATION,132,colombia_runoff,COL_2026,-0.0117605490268935,2588,0.9788199697428139,True
A1,ACTIVE_RESULTS,NULL_B_BLOCK_TIME_PERMUTATION,133,colombia_first_round,COL_2026,-0.0005388854228515405,2591,0.9646314221891288,True
A1,ACTIVE_RESULTS,NULL_B_BLOCK_TIME_PERMUTATION,133,colombia_runoff,COL_2026,-0.012191340496328553,2581,0.9761724659606656,True
A1,ACTIVE_RESULTS,NULL_B_BLOCK_TIME_PERMUTATION,134,colombia_first_round,COL_2026,-0.00048725561722019013,2606,0.9702159344750558,True
A1,ACTIVE_RESULTS,NULL_B_BLOCK_TIME_PERMUTATION,134,colombia_runoff,COL_2026,-0.012877193618458654,2582,0.9765506807866868,True
A1,ACTIVE_RESULTS,NULL_B_BLOCK_TIME_PERMUTATION,135,colombia_first_round,COL_2026,-0.0006901871623312915,2597,0.9668652271034996,True
A1,ACTIVE_RESULTS,NULL_B_BLOCK_TIME_PERMUTATION,135,colombia_runoff,COL_2026,-0.012491199919007517,2587,0.9784417549167927,True
A1,ACTIVE_RESULTS,NULL_B_BLOCK_TIME_PERMUTATION,136,colombia_first_round,COL_2026,-0.0006792516010884147,2597,0.9668652271034996,True
A1,ACTIVE_RESULTS,NULL_B_BLOCK_TIME_PERMUTATION,136,colombia_runoff,COL_2026,-0.01207932337533952,2591,0.9799546142208775,True
A1,ACTIVE_RESULTS,NULL_B_BLOCK_TIME_PERMUTATION,137,colombia_first_round,COL_2026,-0.0011221081832145819,2599,0.9676098287416233,True
A1,ACTIVE_RESULTS,NULL_B_BLOCK_TIME_PERMUTATION,137,colombia_runoff,COL_2026,-0.012513130536392643,2581,0.9761724659606656,True
A1,ACTIVE_RESULTS,NULL_B_BLOCK_TIME_PERMUTATION,138,colombia_first_round,COL_2026,-0.0013738396678581188,2595,0.966120625465376,True
A1,ACTIVE_RESULTS,NULL_B_BLOCK_TIME_PERMUTATION,138,colombia_runoff,COL_2026,-0.011640241764964927,2583,0.976928895612708,True
A1,ACTIVE_RESULTS,NULL_B_BLOCK_TIME_PERMUTATION,139,colombia_first_round,COL_2026,-0.000544435743184662,2592,0.9650037230081906,True
A1,ACTIVE_RESULTS,NULL_B_BLOCK_TIME_PERMUTATION,139,colombia_runoff,COL_2026,-0.012743536113136675,2582,0.9765506807866868,True
A1,ACTIVE_RESULTS,NULL_B_BLOCK_TIME_PERMUTATION,140,colombia_first_round,COL_2026,-0.001241128081887073,2595,0.966120625465376,True
A1,ACTIVE_RESULTS,NULL_B_BLOCK_TIME_PERMUTATION,140,colombia_runoff,COL_2026,-0.014535997368011146,2580,0.9757942511346445,True
A1,ACTIVE_RESULTS,NULL_B_BLOCK_TIME_PERMUTATION,141,colombia_first_round,COL_2026,-0.0009126039966160508,2594,0.9657483246463142,True
A1,ACTIVE_RESULTS,NULL_B_BLOCK_TIME_PERMUTATION,141,colombia_runoff,COL_2026,-0.014328905789793239,2579,0.9754160363086233,True
A1,ACTIVE_RESULTS,NULL_B_BLOCK_TIME_PERMUTATION,142,colombia_first_round,COL_2026,-9.99267104245566e-05,2595,0.966120625465376,True
A1,ACTIVE_RESULTS,NULL_B_BLOCK_TIME_PERMUTATION,142,colombia_runoff,COL_2026,-0.014418794492702551,2583,0.976928895612708,True
A1,ACTIVE_RESULTS,NULL_B_BLOCK_TIME_PERMUTATION,143,colombia_first_round,COL_2026,-0.0005562501617472096,2592,0.9650037230081906,True
A1,ACTIVE_RESULTS,NULL_B_BLOCK_TIME_PERMUTATION,143,colombia_runoff,COL_2026,-0.01568259663336652,2580,0.9757942511346445,True
A1,ACTIVE_RESULTS,NULL_B_BLOCK_TIME_PERMUTATION,144,colombia_first_round,COL_2026,-0.0002339295031087745,2593,0.9653760238272524,True
A1,ACTIVE_RESULTS,NULL_B_BLOCK_TIME_PERMUTATION,144,colombia_runoff,COL_2026,-0.01393271977380406,2579,0.9754160363086233,True
A1,ACTIVE_RESULTS,NULL_B_BLOCK_TIME_PERMUTATION,145,colombia_first_round,COL_2026,-0.0010420164074933084,2596,0.9664929262844378,True
A1,ACTIVE_RESULTS,NULL_B_BLOCK_TIME_PERMUTATION,145,colombia_runoff,COL_2026,-0.013244550980222316,2582,0.9765506807866868,True
A1,ACTIVE_RESULTS,NULL_B_BLOCK_TIME_PERMUTATION,146,colombia_first_round,COL_2026,-0.0011591751662026386,2594,0.9657483246463142,True
A1,ACTIVE_RESULTS,NULL_B_BLOCK_TIME_PERMUTATION,146,colombia_runoff,COL_2026,-0.013680758742051827,2582,0.9765506807866868,True
A1,ACTIVE_RESULTS,NULL_B_BLOCK_TIME_PERMUTATION,147,colombia_first_round,COL_2026,-0.0007741247476183416,2601,0.9683544303797469,True
A1,ACTIVE_RESULTS,NULL_B_BLOCK_TIME_PERMUTATION,147,colombia_runoff,COL_2026,-0.016518531929879735,2582,0.9765506807866868,True
A1,ACTIVE_RESULTS,NULL_B_BLOCK_TIME_PERMUTATION,148,colombia_first_round,COL_2026,-0.001545906971793403,2595,0.966120625465376,True
A1,ACTIVE_RESULTS,NULL_B_BLOCK_TIME_PERMUTATION,148,colombia_runoff,COL_2026,-0.013257780418869589,2580,0.9757942511346445,True
A1,ACTIVE_RESULTS,NULL_B_BLOCK_TIME_PERMUTATION,149,colombia_first_round,COL_2026,-0.0006295634459788872,2603,0.9690990320178704,True
A1,ACTIVE_RESULTS,NULL_B_BLOCK_TIME_PERMUTATION,149,colombia_runoff,COL_2026,-0.011366362135902641,2586,0.9780635400907716,True
A1,ACTIVE_RESULTS,NULL_B_BLOCK_TIME_PERMUTATION,150,colombia_first_round,COL_2026,-0.0015664451630900932,2592,0.9650037230081906,True
A1,ACTIVE_RESULTS,NULL_B_BLOCK_TIME_PERMUTATION,150,colombia_runoff,COL_2026,-0.013879245615586809,2584,0.9773071104387292,True
A1,ACTIVE_RESULTS,NULL_B_BLOCK_TIME_PERMUTATION,151,colombia_first_round,COL_2026,-0.0013873935519983858,2600,0.9679821295606851,True
A1,ACTIVE_RESULTS,NULL_B_BLOCK_TIME_PERMUTATION,151,colombia_runoff,COL_2026,-0.016829043574965757,2578,0.9750378214826021,True
A1,ACTIVE_RESULTS,NULL_B_BLOCK_TIME_PERMUTATION,152,colombia_first_round,COL_2026,-0.0008761645221801051,2595,0.966120625465376,True
A1,ACTIVE_RESULTS,NULL_B_BLOCK_TIME_PERMUTATION,152,colombia_runoff,COL_2026,-0.013369959314975567,2583,0.976928895612708,True
A1,ACTIVE_RESULTS,NULL_B_BLOCK_TIME_PERMUTATION,153,colombia_first_round,COL_2026,-0.0016073077362890936,2592,0.9650037230081906,True
A1,ACTIVE_RESULTS,NULL_B_BLOCK_TIME_PERMUTATION,153,colombia_runoff,COL_2026,-0.01261796878862337,2585,0.9776853252647504,True
A1,ACTIVE_RESULTS,NULL_B_BLOCK_TIME_PERMUTATION,154,colombia_first_round,COL_2026,-0.0009423986770113536,2592,0.9650037230081906,True
A1,ACTIVE_RESULTS,NULL_B_BLOCK_TIME_PERMUTATION,154,colombia_runoff,COL_2026,-0.013463080982034177,2583,0.976928895612708,True
A1,ACTIVE_RESULTS,NULL_B_BLOCK_TIME_PERMUTATION,155,colombia_first_round,COL_2026,-0.0004542894594110222,2594,0.9657483246463142,True
A1,ACTIVE_RESULTS,NULL_B_BLOCK_TIME_PERMUTATION,155,colombia_runoff,COL_2026,-0.01339172312689534,2583,0.976928895612708,True
A1,ACTIVE_RESULTS,NULL_B_BLOCK_TIME_PERMUTATION,156,colombia_first_round,COL_2026,-0.0010897435678180146,2592,0.9650037230081906,True
A1,ACTIVE_RESULTS,NULL_B_BLOCK_TIME_PERMUTATION,156,colombia_runoff,COL_2026,-0.011591622552601998,2585,0.9776853252647504,True
A1,ACTIVE_RESULTS,NULL_B_BLOCK_TIME_PERMUTATION,157,colombia_first_round,COL_2026,-0.0010359365292857037,2595,0.966120625465376,True
A1,ACTIVE_RESULTS,NULL_B_BLOCK_TIME_PERMUTATION,157,colombia_runoff,COL_2026,-0.014856584380611666,2588,0.9788199697428139,True
A1,ACTIVE_RESULTS,NULL_B_BLOCK_TIME_PERMUTATION,158,colombia_first_round,COL_2026,-0.0016034842719019995,2594,0.9657483246463142,True
A1,ACTIVE_RESULTS,NULL_B_BLOCK_TIME_PERMUTATION,158,colombia_runoff,COL_2026,-0.013081014149174949,2586,0.9780635400907716,True
A1,ACTIVE_RESULTS,NULL_B_BLOCK_TIME_PERMUTATION,159,colombia_first_round,COL_2026,-0.0016168503133484665,2599,0.9676098287416233,True
A1,ACTIVE_RESULTS,NULL_B_BLOCK_TIME_PERMUTATION,159,colombia_runoff,COL_2026,-0.014723000252884129,2582,0.9765506807866868,True
A1,ACTIVE_RESULTS,NULL_B_BLOCK_TIME_PERMUTATION,160,colombia_first_round,COL_2026,-0.0013023021492564962,2594,0.9657483246463142,True
A1,ACTIVE_RESULTS,NULL_B_BLOCK_TIME_PERMUTATION,160,colombia_runoff,COL_2026,-0.011162684244404008,2589,0.9791981845688351,True
A1,ACTIVE_RESULTS,NULL_B_BLOCK_TIME_PERMUTATION,161,colombia_first_round,COL_2026,-0.0010391334554501006,2591,0.9646314221891288,True
A1,ACTIVE_RESULTS,NULL_B_BLOCK_TIME_PERMUTATION,161,colombia_runoff,COL_2026,-0.011632984586218777,2580,0.9757942511346445,True
A1,ACTIVE_RESULTS,NULL_B_BLOCK_TIME_PERMUTATION,162,colombia_first_round,COL_2026,-0.0017294353099746936,2602,0.9687267311988086,True
A1,ACTIVE_RESULTS,NULL_B_BLOCK_TIME_PERMUTATION,162,colombia_runoff,COL_2026,-0.013432916382932085,2580,0.9757942511346445,True
A1,ACTIVE_RESULTS,NULL_B_BLOCK_TIME_PERMUTATION,163,colombia_first_round,COL_2026,-0.0013665402858371231,2591,0.9646314221891288,True
A1,ACTIVE_RESULTS,NULL_B_BLOCK_TIME_PERMUTATION,163,colombia_runoff,COL_2026,-0.01138727954171484,2590,0.9795763993948563,True
A1,ACTIVE_RESULTS,NULL_B_BLOCK_TIME_PERMUTATION,164,colombia_first_round,COL_2026,-0.0006431816915513314,2593,0.9653760238272524,True
A1,ACTIVE_RESULTS,NULL_B_BLOCK_TIME_PERMUTATION,164,colombia_runoff,COL_2026,-0.011568171662681564,2586,0.9780635400907716,True
A1,ACTIVE_RESULTS,NULL_B_BLOCK_TIME_PERMUTATION,165,colombia_first_round,COL_2026,-0.000667843564545283,2610,0.9717051377513031,True
A1,ACTIVE_RESULTS,NULL_B_BLOCK_TIME_PERMUTATION,165,colombia_runoff,COL_2026,-0.013757528342971297,2586,0.9780635400907716,True
A1,ACTIVE_RESULTS,NULL_B_BLOCK_TIME_PERMUTATION,166,colombia_first_round,COL_2026,-0.0004415896440769409,2599,0.9676098287416233,True
A1,ACTIVE_RESULTS,NULL_B_BLOCK_TIME_PERMUTATION,166,colombia_runoff,COL_2026,-0.014405195584630314,2583,0.976928895612708,True
A1,ACTIVE_RESULTS,NULL_B_BLOCK_TIME_PERMUTATION,167,colombia_first_round,COL_2026,-0.0009755493875311491,2593,0.9653760238272524,True
A1,ACTIVE_RESULTS,NULL_B_BLOCK_TIME_PERMUTATION,167,colombia_runoff,COL_2026,-0.012365519066180834,2580,0.9757942511346445,True
A1,ACTIVE_RESULTS,NULL_B_BLOCK_TIME_PERMUTATION,168,colombia_first_round,COL_2026,-0.0012407153555934955,2593,0.9653760238272524,True
A1,ACTIVE_RESULTS,NULL_B_BLOCK_TIME_PERMUTATION,168,colombia_runoff,COL_2026,-0.013332444421896511,2591,0.9799546142208775,True
A1,ACTIVE_RESULTS,NULL_B_BLOCK_TIME_PERMUTATION,169,colombia_first_round,COL_2026,-0.0016741639966843876,2595,0.966120625465376,True
A1,ACTIVE_RESULTS,NULL_B_BLOCK_TIME_PERMUTATION,169,colombia_runoff,COL_2026,-0.012264324503429585,2579,0.9754160363086233,True
A1,ACTIVE_RESULTS,NULL_B_BLOCK_TIME_PERMUTATION,170,colombia_first_round,COL_2026,-0.0008366056292407566,2597,0.9668652271034996,True
A1,ACTIVE_RESULTS,NULL_B_BLOCK_TIME_PERMUTATION,170,colombia_runoff,COL_2026,-0.012711706009637364,2583,0.976928895612708,True
A1,ACTIVE_RESULTS,NULL_B_BLOCK_TIME_PERMUTATION,171,colombia_first_round,COL_2026,-0.0009273031690730144,2593,0.9653760238272524,True
A1,ACTIVE_RESULTS,NULL_B_BLOCK_TIME_PERMUTATION,171,colombia_runoff,COL_2026,-0.013262218404863125,2581,0.9761724659606656,True
A1,ACTIVE_RESULTS,NULL_B_BLOCK_TIME_PERMUTATION,172,colombia_first_round,COL_2026,-0.0015678524873828298,2595,0.966120625465376,True
A1,ACTIVE_RESULTS,NULL_B_BLOCK_TIME_PERMUTATION,172,colombia_runoff,COL_2026,-0.012164079559080023,2591,0.9799546142208775,True
A1,ACTIVE_RESULTS,NULL_B_BLOCK_TIME_PERMUTATION,173,colombia_first_round,COL_2026,-0.0006041042263124175,2611,0.9720774385703649,True
A1,ACTIVE_RESULTS,NULL_B_BLOCK_TIME_PERMUTATION,173,colombia_runoff,COL_2026,-0.014313742884715132,2581,0.9761724659606656,True
A1,ACTIVE_RESULTS,NULL_B_BLOCK_TIME_PERMUTATION,174,colombia_first_round,COL_2026,-0.00039283078859349426,2599,0.9676098287416233,True
A1,ACTIVE_RESULTS,NULL_B_BLOCK_TIME_PERMUTATION,174,colombia_runoff,COL_2026,-0.01193206424256908,2587,0.9784417549167927,True
A1,ACTIVE_RESULTS,NULL_B_BLOCK_TIME_PERMUTATION,175,colombia_first_round,COL_2026,-0.0004227130885537463,2596,0.9664929262844378,True
A1,ACTIVE_RESULTS,NULL_B_BLOCK_TIME_PERMUTATION,175,colombia_runoff,COL_2026,-0.012396426718896528,2577,0.9746596066565809,True
A1,ACTIVE_RESULTS,NULL_B_BLOCK_TIME_PERMUTATION,176,colombia_first_round,COL_2026,-0.0012963886822405638,2591,0.9646314221891288,True
A1,ACTIVE_RESULTS,NULL_B_BLOCK_TIME_PERMUTATION,176,colombia_runoff,COL_2026,-0.012762094667545638,2588,0.9788199697428139,True
A1,ACTIVE_RESULTS,NULL_B_BLOCK_TIME_PERMUTATION,177,colombia_first_round,COL_2026,-0.0014002814974562973,2596,0.9664929262844378,True
A1,ACTIVE_RESULTS,NULL_B_BLOCK_TIME_PERMUTATION,177,colombia_runoff,COL_2026,-0.012929513474626016,2582,0.9765506807866868,True
A1,ACTIVE_RESULTS,NULL_B_BLOCK_TIME_PERMUTATION,178,colombia_first_round,COL_2026,-0.0013996710587775552,2599,0.9676098287416233,True
A1,ACTIVE_RESULTS,NULL_B_BLOCK_TIME_PERMUTATION,178,colombia_runoff,COL_2026,-0.014561864681509922,2578,0.9750378214826021,True
A1,ACTIVE_RESULTS,NULL_B_BLOCK_TIME_PERMUTATION,179,colombia_first_round,COL_2026,-0.000625065722143915,2607,0.9705882352941176,True
A1,ACTIVE_RESULTS,NULL_B_BLOCK_TIME_PERMUTATION,179,colombia_runoff,COL_2026,-0.014250495222170735,2583,0.976928895612708,True
A1,ACTIVE_RESULTS,NULL_B_BLOCK_TIME_PERMUTATION,180,colombia_first_round,COL_2026,-0.0007373144345643917,2605,0.969843633655994,True
A1,ACTIVE_RESULTS,NULL_B_BLOCK_TIME_PERMUTATION,180,colombia_runoff,COL_2026,-0.013851078588840738,2583,0.976928895612708,True
A1,ACTIVE_RESULTS,NULL_B_BLOCK_TIME_PERMUTATION,181,colombia_first_round,COL_2026,-0.0010970930532489763,2601,0.9683544303797469,True
A1,ACTIVE_RESULTS,NULL_B_BLOCK_TIME_PERMUTATION,181,colombia_runoff,COL_2026,-0.013735537772777213,2582,0.9765506807866868,True
A1,ACTIVE_RESULTS,NULL_B_BLOCK_TIME_PERMUTATION,182,colombia_first_round,COL_2026,-0.0012565884333606793,2604,0.9694713328369322,True
A1,ACTIVE_RESULTS,NULL_B_BLOCK_TIME_PERMUTATION,182,colombia_runoff,COL_2026,-0.016271932255739092,2584,0.9773071104387292,True
A1,ACTIVE_RESULTS,NULL_B_BLOCK_TIME_PERMUTATION,183,colombia_first_round,COL_2026,-0.0011409566128816927,2593,0.9653760238272524,True
A1,ACTIVE_RESULTS,NULL_B_BLOCK_TIME_PERMUTATION,183,colombia_runoff,COL_2026,-0.013125466109173207,2584,0.9773071104387292,True
A1,ACTIVE_RESULTS,NULL_B_BLOCK_TIME_PERMUTATION,184,colombia_first_round,COL_2026,-0.0013185105150735517,2599,0.9676098287416233,True
A1,ACTIVE_RESULTS,NULL_B_BLOCK_TIME_PERMUTATION,184,colombia_runoff,COL_2026,-0.014248649323572777,2579,0.9754160363086233,True
A1,ACTIVE_RESULTS,NULL_B_BLOCK_TIME_PERMUTATION,185,colombia_first_round,COL_2026,-0.0012391506103038418,2589,0.9638868205510052,True
A1,ACTIVE_RESULTS,NULL_B_BLOCK_TIME_PERMUTATION,185,colombia_runoff,COL_2026,-0.013545103718073702,2591,0.9799546142208775,True
A1,ACTIVE_RESULTS,NULL_B_BLOCK_TIME_PERMUTATION,186,colombia_first_round,COL_2026,-0.0010809633052036548,2592,0.9650037230081906,True
A1,ACTIVE_RESULTS,NULL_B_BLOCK_TIME_PERMUTATION,186,colombia_runoff,COL_2026,-0.015204524930001136,2578,0.9750378214826021,True
A1,ACTIVE_RESULTS,NULL_B_BLOCK_TIME_PERMUTATION,187,colombia_first_round,COL_2026,-0.0014215445530049663,2591,0.9646314221891288,True
A1,ACTIVE_RESULTS,NULL_B_BLOCK_TIME_PERMUTATION,187,colombia_runoff,COL_2026,-0.01471425384794602,2588,0.9788199697428139,True
A1,ACTIVE_RESULTS,NULL_B_BLOCK_TIME_PERMUTATION,188,colombia_first_round,COL_2026,-0.0014749808869179075,2592,0.9650037230081906,True
A1,ACTIVE_RESULTS,NULL_B_BLOCK_TIME_PERMUTATION,188,colombia_runoff,COL_2026,-0.014258459282840107,2585,0.9776853252647504,True
A1,ACTIVE_RESULTS,NULL_B_BLOCK_TIME_PERMUTATION,189,colombia_first_round,COL_2026,-0.0013358785001972412,2599,0.9676098287416233,True
A1,ACTIVE_RESULTS,NULL_B_BLOCK_TIME_PERMUTATION,189,colombia_runoff,COL_2026,-0.011985253364531682,2585,0.9776853252647504,True
A1,ACTIVE_RESULTS,NULL_B_BLOCK_TIME_PERMUTATION,190,colombia_first_round,COL_2026,-0.00025732042957661105,2597,0.9668652271034996,True
A1,ACTIVE_RESULTS,NULL_B_BLOCK_TIME_PERMUTATION,190,colombia_runoff,COL_2026,-0.013783407497066587,2581,0.9761724659606656,True
A1,ACTIVE_RESULTS,NULL_B_BLOCK_TIME_PERMUTATION,191,colombia_first_round,COL_2026,-0.0011820300075741953,2596,0.9664929262844378,True
A1,ACTIVE_RESULTS,NULL_B_BLOCK_TIME_PERMUTATION,191,colombia_runoff,COL_2026,-0.011195490184126008,2586,0.9780635400907716,True
A1,ACTIVE_RESULTS,NULL_B_BLOCK_TIME_PERMUTATION,192,colombia_first_round,COL_2026,-0.0011263434925549757,2605,0.969843633655994,True
A1,ACTIVE_RESULTS,NULL_B_BLOCK_TIME_PERMUTATION,192,colombia_runoff,COL_2026,-0.013717427533309323,2585,0.9776853252647504,True
A1,ACTIVE_RESULTS,NULL_B_BLOCK_TIME_PERMUTATION,193,colombia_first_round,COL_2026,-2.7443026276550205e-05,2594,0.9657483246463142,True
A1,ACTIVE_RESULTS,NULL_B_BLOCK_TIME_PERMUTATION,193,colombia_runoff,COL_2026,-0.011094169210876303,2585,0.9776853252647504,True
A1,ACTIVE_RESULTS,NULL_B_BLOCK_TIME_PERMUTATION,194,colombia_first_round,COL_2026,-0.0015761747303003407,2595,0.966120625465376,True
A1,ACTIVE_RESULTS,NULL_B_BLOCK_TIME_PERMUTATION,194,colombia_runoff,COL_2026,-0.013494419924266863,2584,0.9773071104387292,True
A1,ACTIVE_RESULTS,NULL_B_BLOCK_TIME_PERMUTATION,195,colombia_first_round,COL_2026,-0.0007439545451294442,2602,0.9687267311988086,True
A1,ACTIVE_RESULTS,NULL_B_BLOCK_TIME_PERMUTATION,195,colombia_runoff,COL_2026,-0.014664825651246757,2584,0.9773071104387292,True
A1,ACTIVE_RESULTS,NULL_B_BLOCK_TIME_PERMUTATION,196,colombia_first_round,COL_2026,-0.0016513462537012587,2602,0.9687267311988086,True
A1,ACTIVE_RESULTS,NULL_B_BLOCK_TIME_PERMUTATION,196,colombia_runoff,COL_2026,-0.013188797491311455,2581,0.9761724659606656,True
A1,ACTIVE_RESULTS,NULL_B_BLOCK_TIME_PERMUTATION,197,colombia_first_round,COL_2026,-0.0002477166899010636,2598,0.9672375279225615,True
A1,ACTIVE_RESULTS,NULL_B_BLOCK_TIME_PERMUTATION,197,colombia_runoff,COL_2026,-0.014371819002857854,2576,0.9742813918305597,True
A1,ACTIVE_RESULTS,NULL_B_BLOCK_TIME_PERMUTATION,198,colombia_first_round,COL_2026,-0.0007952390523439017,2598,0.9672375279225615,True
A1,ACTIVE_RESULTS,NULL_B_BLOCK_TIME_PERMUTATION,198,colombia_runoff,COL_2026,-0.015234268132307048,2580,0.9757942511346445,True
A1,ACTIVE_RESULTS,NULL_B_BLOCK_TIME_PERMUTATION,199,colombia_first_round,COL_2026,-0.0011856699820566529,2602,0.9687267311988086,True
A1,ACTIVE_RESULTS,NULL_B_BLOCK_TIME_PERMUTATION,199,colombia_runoff,COL_2026,-0.01420038985123245,2589,0.9791981845688351,True
A1,ACTIVE_RESULTS,NULL_B_BLOCK_TIME_PERMUTATION,200,colombia_first_round,COL_2026,-0.0012712397883425752,2594,0.9657483246463142,True
A1,ACTIVE_RESULTS,NULL_B_BLOCK_TIME_PERMUTATION,200,colombia_runoff,COL_2026,-0.012642331769504016,2586,0.9780635400907716,True
A1,ACTIVE_RESULTS,NULL_B_BLOCK_TIME_PERMUTATION,201,colombia_first_round,COL_2026,-0.0009358560966624119,2601,0.9683544303797469,True
A1,ACTIVE_RESULTS,NULL_B_BLOCK_TIME_PERMUTATION,201,colombia_runoff,COL_2026,-0.014014381029556435,2587,0.9784417549167927,True
A1,ACTIVE_RESULTS,NULL_B_BLOCK_TIME_PERMUTATION,202,colombia_first_round,COL_2026,-0.0010949570449801799,2594,0.9657483246463142,True
A1,ACTIVE_RESULTS,NULL_B_BLOCK_TIME_PERMUTATION,202,colombia_runoff,COL_2026,-0.015154724373368574,2583,0.976928895612708,True
A1,ACTIVE_RESULTS,NULL_B_BLOCK_TIME_PERMUTATION,203,colombia_first_round,COL_2026,-0.0006495336753816109,2596,0.9664929262844378,True
A1,ACTIVE_RESULTS,NULL_B_BLOCK_TIME_PERMUTATION,203,colombia_runoff,COL_2026,-0.012542803972249762,2584,0.9773071104387292,True
A1,ACTIVE_RESULTS,NULL_B_BLOCK_TIME_PERMUTATION,204,colombia_first_round,COL_2026,-7.124649257810012e-05,2594,0.9657483246463142,True
A1,ACTIVE_RESULTS,NULL_B_BLOCK_TIME_PERMUTATION,204,colombia_runoff,COL_2026,-0.014231450214578154,2584,0.9773071104387292,True
A1,ACTIVE_RESULTS,NULL_B_BLOCK_TIME_PERMUTATION,205,colombia_first_round,COL_2026,-0.0008692514859020493,2597,0.9668652271034996,True
A1,ACTIVE_RESULTS,NULL_B_BLOCK_TIME_PERMUTATION,205,colombia_runoff,COL_2026,-0.01139414532694891,2581,0.9761724659606656,True
A1,ACTIVE_RESULTS,NULL_B_BLOCK_TIME_PERMUTATION,206,colombia_first_round,COL_2026,-0.0009701586257432463,2592,0.9650037230081906,True
A1,ACTIVE_RESULTS,NULL_B_BLOCK_TIME_PERMUTATION,206,colombia_runoff,COL_2026,-0.012571530159675614,2583,0.976928895612708,True
A1,ACTIVE_RESULTS,NULL_B_BLOCK_TIME_PERMUTATION,207,colombia_first_round,COL_2026,-0.0012964507936920069,2596,0.9664929262844378,True
A1,ACTIVE_RESULTS,NULL_B_BLOCK_TIME_PERMUTATION,207,colombia_runoff,COL_2026,-0.01339388305215701,2577,0.9746596066565809,True
A1,ACTIVE_RESULTS,NULL_B_BLOCK_TIME_PERMUTATION,208,colombia_first_round,COL_2026,-0.0009171754228793485,2595,0.966120625465376,True
A1,ACTIVE_RESULTS,NULL_B_BLOCK_TIME_PERMUTATION,208,colombia_runoff,COL_2026,-0.012549345773198526,2578,0.9750378214826021,True
A1,ACTIVE_RESULTS,NULL_B_BLOCK_TIME_PERMUTATION,209,colombia_first_round,COL_2026,-0.0014701817880063462,2598,0.9672375279225615,True
A1,ACTIVE_RESULTS,NULL_B_BLOCK_TIME_PERMUTATION,209,colombia_runoff,COL_2026,-0.013495966903058083,2582,0.9765506807866868,True
A1,ACTIVE_RESULTS,NULL_B_BLOCK_TIME_PERMUTATION,210,colombia_first_round,COL_2026,-0.0010426920842158045,2594,0.9657483246463142,True
A1,ACTIVE_RESULTS,NULL_B_BLOCK_TIME_PERMUTATION,210,colombia_runoff,COL_2026,-0.013318939628132968,2578,0.9750378214826021,True
A1,ACTIVE_RESULTS,NULL_B_BLOCK_TIME_PERMUTATION,211,colombia_first_round,COL_2026,-0.0009678863754103561,2602,0.9687267311988086,True
A1,ACTIVE_RESULTS,NULL_B_BLOCK_TIME_PERMUTATION,211,colombia_runoff,COL_2026,-0.01375673812403069,2582,0.9765506807866868,True
A1,ACTIVE_RESULTS,NULL_B_BLOCK_TIME_PERMUTATION,212,colombia_first_round,COL_2026,-0.0005356342383868621,2594,0.9657483246463142,True
A1,ACTIVE_RESULTS,NULL_B_BLOCK_TIME_PERMUTATION,212,colombia_runoff,COL_2026,-0.01374138079257933,2585,0.9776853252647504,True
A1,ACTIVE_RESULTS,NULL_B_BLOCK_TIME_PERMUTATION,213,colombia_first_round,COL_2026,-0.001475003699249182,2596,0.9664929262844378,True
A1,ACTIVE_RESULTS,NULL_B_BLOCK_TIME_PERMUTATION,213,colombia_runoff,COL_2026,-0.012553409647139269,2579,0.9754160363086233,True
A1,ACTIVE_RESULTS,NULL_B_BLOCK_TIME_PERMUTATION,214,colombia_first_round,COL_2026,-0.0013027959571092964,2590,0.964259121370067,True
A1,ACTIVE_RESULTS,NULL_B_BLOCK_TIME_PERMUTATION,214,colombia_runoff,COL_2026,-0.015004194651298703,2581,0.9761724659606656,True
A1,ACTIVE_RESULTS,NULL_B_BLOCK_TIME_PERMUTATION,215,colombia_first_round,COL_2026,-0.0009753062570846102,2590,0.964259121370067,True
A1,ACTIVE_RESULTS,NULL_B_BLOCK_TIME_PERMUTATION,215,colombia_runoff,COL_2026,-0.014062274084049508,2583,0.976928895612708,True
A1,ACTIVE_RESULTS,NULL_B_BLOCK_TIME_PERMUTATION,216,colombia_first_round,COL_2026,-0.0015385279209987317,2598,0.9672375279225615,True
A1,ACTIVE_RESULTS,NULL_B_BLOCK_TIME_PERMUTATION,216,colombia_runoff,COL_2026,-0.013168753044767978,2577,0.9746596066565809,True
A1,ACTIVE_RESULTS,NULL_B_BLOCK_TIME_PERMUTATION,217,colombia_first_round,COL_2026,-0.0005561169498654283,2599,0.9676098287416233,True
A1,ACTIVE_RESULTS,NULL_B_BLOCK_TIME_PERMUTATION,217,colombia_runoff,COL_2026,-0.014429711486094997,2584,0.9773071104387292,True
A1,ACTIVE_RESULTS,NULL_B_BLOCK_TIME_PERMUTATION,218,colombia_first_round,COL_2026,-0.00034652752328945746,2596,0.9664929262844378,True
A1,ACTIVE_RESULTS,NULL_B_BLOCK_TIME_PERMUTATION,218,colombia_runoff,COL_2026,-0.013297756003867402,2583,0.976928895612708,True
A1,ACTIVE_RESULTS,NULL_B_BLOCK_TIME_PERMUTATION,219,colombia_first_round,COL_2026,-0.0006317534376941394,2599,0.9676098287416233,True
A1,ACTIVE_RESULTS,NULL_B_BLOCK_TIME_PERMUTATION,219,colombia_runoff,COL_2026,-0.013422323730837779,2587,0.9784417549167927,True
A1,ACTIVE_RESULTS,NULL_B_BLOCK_TIME_PERMUTATION,220,colombia_first_round,COL_2026,-0.0011746750177883403,2597,0.9668652271034996,True
A1,ACTIVE_RESULTS,NULL_B_BLOCK_TIME_PERMUTATION,220,colombia_runoff,COL_2026,-0.013082908560951755,2580,0.9757942511346445,True
A1,ACTIVE_RESULTS,NULL_B_BLOCK_TIME_PERMUTATION,221,colombia_first_round,COL_2026,-0.0015493213018302628,2594,0.9657483246463142,True
A1,ACTIVE_RESULTS,NULL_B_BLOCK_TIME_PERMUTATION,221,colombia_runoff,COL_2026,-0.012712495557561014,2584,0.9773071104387292,True
A1,ACTIVE_RESULTS,NULL_B_BLOCK_TIME_PERMUTATION,222,colombia_first_round,COL_2026,-0.001132721128934611,2604,0.9694713328369322,True
A1,ACTIVE_RESULTS,NULL_B_BLOCK_TIME_PERMUTATION,222,colombia_runoff,COL_2026,-0.013578754110904367,2589,0.9791981845688351,True
A1,ACTIVE_RESULTS,NULL_B_BLOCK_TIME_PERMUTATION,223,colombia_first_round,COL_2026,-0.001176889922949,2595,0.966120625465376,True
A1,ACTIVE_RESULTS,NULL_B_BLOCK_TIME_PERMUTATION,223,colombia_runoff,COL_2026,-0.013402932336554674,2585,0.9776853252647504,True
A1,ACTIVE_RESULTS,NULL_B_BLOCK_TIME_PERMUTATION,224,colombia_first_round,COL_2026,-0.0009842430849107877,2599,0.9676098287416233,True
A1,ACTIVE_RESULTS,NULL_B_BLOCK_TIME_PERMUTATION,224,colombia_runoff,COL_2026,-0.013695873166432568,2588,0.9788199697428139,True
A1,ACTIVE_RESULTS,NULL_B_BLOCK_TIME_PERMUTATION,225,colombia_first_round,COL_2026,-0.0010883540846692245,2592,0.9650037230081906,True
A1,ACTIVE_RESULTS,NULL_B_BLOCK_TIME_PERMUTATION,225,colombia_runoff,COL_2026,-0.014215284436771778,2586,0.9780635400907716,True
A1,ACTIVE_RESULTS,NULL_B_BLOCK_TIME_PERMUTATION,226,colombia_first_round,COL_2026,-0.001120910504028125,2600,0.9679821295606851,True
A1,ACTIVE_RESULTS,NULL_B_BLOCK_TIME_PERMUTATION,226,colombia_runoff,COL_2026,-0.013860736736528451,2583,0.976928895612708,True
A1,ACTIVE_RESULTS,NULL_B_BLOCK_TIME_PERMUTATION,227,colombia_first_round,COL_2026,-0.001203152938745913,2595,0.966120625465376,True
A1,ACTIVE_RESULTS,NULL_B_BLOCK_TIME_PERMUTATION,227,colombia_runoff,COL_2026,-0.01375136603107423,2585,0.9776853252647504,True
A1,ACTIVE_RESULTS,NULL_B_BLOCK_TIME_PERMUTATION,228,colombia_first_round,COL_2026,-0.0008037406504034493,2598,0.9672375279225615,True
A1,ACTIVE_RESULTS,NULL_B_BLOCK_TIME_PERMUTATION,228,colombia_runoff,COL_2026,-0.012519880247000304,2584,0.9773071104387292,True
A1,ACTIVE_RESULTS,NULL_B_BLOCK_TIME_PERMUTATION,229,colombia_first_round,COL_2026,-0.0020441798490361614,2591,0.9646314221891288,True
A1,ACTIVE_RESULTS,NULL_B_BLOCK_TIME_PERMUTATION,229,colombia_runoff,COL_2026,-0.015914427329365922,2581,0.9761724659606656,True
A1,ACTIVE_RESULTS,NULL_B_BLOCK_TIME_PERMUTATION,230,colombia_first_round,COL_2026,-0.00151207707916453,2595,0.966120625465376,True
A1,ACTIVE_RESULTS,NULL_B_BLOCK_TIME_PERMUTATION,230,colombia_runoff,COL_2026,-0.01473305476841495,2586,0.9780635400907716,True
A1,ACTIVE_RESULTS,NULL_B_BLOCK_TIME_PERMUTATION,231,colombia_first_round,COL_2026,-0.0014020298205409559,2595,0.966120625465376,True
A1,ACTIVE_RESULTS,NULL_B_BLOCK_TIME_PERMUTATION,231,colombia_runoff,COL_2026,-0.015218155063481772,2586,0.9780635400907716,True
A1,ACTIVE_RESULTS,NULL_B_BLOCK_TIME_PERMUTATION,232,colombia_first_round,COL_2026,-0.0016021244336835703,2600,0.9679821295606851,True
A1,ACTIVE_RESULTS,NULL_B_BLOCK_TIME_PERMUTATION,232,colombia_runoff,COL_2026,-0.014109741319008471,2582,0.9765506807866868,True
A1,ACTIVE_RESULTS,NULL_B_BLOCK_TIME_PERMUTATION,233,colombia_first_round,COL_2026,-0.001090591030797323,2595,0.966120625465376,True
A1,ACTIVE_RESULTS,NULL_B_BLOCK_TIME_PERMUTATION,233,colombia_runoff,COL_2026,-0.015008872112964084,2580,0.9757942511346445,True
A1,ACTIVE_RESULTS,NULL_B_BLOCK_TIME_PERMUTATION,234,colombia_first_round,COL_2026,-0.0016523445708659203,2594,0.9657483246463142,True
A1,ACTIVE_RESULTS,NULL_B_BLOCK_TIME_PERMUTATION,234,colombia_runoff,COL_2026,-0.014359618780164729,2579,0.9754160363086233,True
A1,ACTIVE_RESULTS,NULL_B_BLOCK_TIME_PERMUTATION,235,colombia_first_round,COL_2026,-0.00010124002265601416,2600,0.9679821295606851,True
A1,ACTIVE_RESULTS,NULL_B_BLOCK_TIME_PERMUTATION,235,colombia_runoff,COL_2026,-0.01345549841840283,2582,0.9765506807866868,True
A1,ACTIVE_RESULTS,NULL_B_BLOCK_TIME_PERMUTATION,236,colombia_first_round,COL_2026,-0.0015965954650811165,2596,0.9664929262844378,True
A1,ACTIVE_RESULTS,NULL_B_BLOCK_TIME_PERMUTATION,236,colombia_runoff,COL_2026,-0.015920242244927975,2579,0.9754160363086233,True
A1,ACTIVE_RESULTS,NULL_B_BLOCK_TIME_PERMUTATION,237,colombia_first_round,COL_2026,-0.0014604512122234608,2598,0.9672375279225615,True
A1,ACTIVE_RESULTS,NULL_B_BLOCK_TIME_PERMUTATION,237,colombia_runoff,COL_2026,-0.016101194392378053,2581,0.9761724659606656,True
A1,ACTIVE_RESULTS,NULL_B_BLOCK_TIME_PERMUTATION,238,colombia_first_round,COL_2026,-0.0009194228461794869,2594,0.9657483246463142,True
A1,ACTIVE_RESULTS,NULL_B_BLOCK_TIME_PERMUTATION,238,colombia_runoff,COL_2026,-0.012589293697107908,2578,0.9750378214826021,True
A1,ACTIVE_RESULTS,NULL_B_BLOCK_TIME_PERMUTATION,239,colombia_first_round,COL_2026,-0.0012764335013430812,2593,0.9653760238272524,True
A1,ACTIVE_RESULTS,NULL_B_BLOCK_TIME_PERMUTATION,239,colombia_runoff,COL_2026,-0.013488166665459595,2585,0.9776853252647504,True
A1,ACTIVE_RESULTS,NULL_B_BLOCK_TIME_PERMUTATION,240,colombia_first_round,COL_2026,-0.00013884403370688359,2604,0.9694713328369322,True
A1,ACTIVE_RESULTS,NULL_B_BLOCK_TIME_PERMUTATION,240,colombia_runoff,COL_2026,-0.011963216425942006,2585,0.9776853252647504,True
A1,ACTIVE_RESULTS,NULL_B_BLOCK_TIME_PERMUTATION,241,colombia_first_round,COL_2026,-0.0003808283895537912,2598,0.9672375279225615,True
A1,ACTIVE_RESULTS,NULL_B_BLOCK_TIME_PERMUTATION,241,colombia_runoff,COL_2026,-0.0133408517650615,2589,0.9791981845688351,True
A1,ACTIVE_RESULTS,NULL_B_BLOCK_TIME_PERMUTATION,242,colombia_first_round,COL_2026,-0.0017540287195337346,2590,0.964259121370067,True
A1,ACTIVE_RESULTS,NULL_B_BLOCK_TIME_PERMUTATION,242,colombia_runoff,COL_2026,-0.013753970260748686,2586,0.9780635400907716,True
A1,ACTIVE_RESULTS,NULL_B_BLOCK_TIME_PERMUTATION,243,colombia_first_round,COL_2026,-0.0015028520913745102,2593,0.9653760238272524,True
A1,ACTIVE_RESULTS,NULL_B_BLOCK_TIME_PERMUTATION,243,colombia_runoff,COL_2026,-0.014659316686381874,2581,0.9761724659606656,True
A1,ACTIVE_RESULTS,NULL_B_BLOCK_TIME_PERMUTATION,244,colombia_first_round,COL_2026,-0.0005477549230627035,2599,0.9676098287416233,True
A1,ACTIVE_RESULTS,NULL_B_BLOCK_TIME_PERMUTATION,244,colombia_runoff,COL_2026,-0.015221271482757627,2579,0.9754160363086233,True
A1,ACTIVE_RESULTS,NULL_B_BLOCK_TIME_PERMUTATION,245,colombia_first_round,COL_2026,-0.0016121195081922988,2596,0.9664929262844378,True
A1,ACTIVE_RESULTS,NULL_B_BLOCK_TIME_PERMUTATION,245,colombia_runoff,COL_2026,-0.012318913934101488,2585,0.9776853252647504,True
A1,ACTIVE_RESULTS,NULL_B_BLOCK_TIME_PERMUTATION,246,colombia_first_round,COL_2026,-0.00043559963461373835,2596,0.9664929262844378,True
A1,ACTIVE_RESULTS,NULL_B_BLOCK_TIME_PERMUTATION,246,colombia_runoff,COL_2026,-0.01216759245104376,2579,0.9754160363086233,True
A1,ACTIVE_RESULTS,NULL_B_BLOCK_TIME_PERMUTATION,247,colombia_first_round,COL_2026,-0.0010398340816969297,2595,0.966120625465376,True
A1,ACTIVE_RESULTS,NULL_B_BLOCK_TIME_PERMUTATION,247,colombia_runoff,COL_2026,-0.012974408890011172,2583,0.976928895612708,True
A1,ACTIVE_RESULTS,NULL_B_BLOCK_TIME_PERMUTATION,248,colombia_first_round,COL_2026,-0.0008709456930801224,2591,0.9646314221891288,True
A1,ACTIVE_RESULTS,NULL_B_BLOCK_TIME_PERMUTATION,248,colombia_runoff,COL_2026,-0.014380650784467337,2581,0.9761724659606656,True
A1,ACTIVE_RESULTS,NULL_B_BLOCK_TIME_PERMUTATION,249,colombia_first_round,COL_2026,-0.0010768160691331692,2595,0.966120625465376,True
A1,ACTIVE_RESULTS,NULL_B_BLOCK_TIME_PERMUTATION,249,colombia_runoff,COL_2026,-0.015186624878443782,2582,0.9765506807866868,True
A2,ACTIVE_RESULTS,NULL_A_CIRCULAR_SHIFT,0,colombia_first_round,COL_2026,-1.0925999754685006e-07,2480,0.9679937548790007,True
A2,ACTIVE_RESULTS,NULL_A_CIRCULAR_SHIFT,0,colombia_runoff,COL_2026,-1.4666799097457784e-07,2226,0.9767441860465116,True
A2,ACTIVE_RESULTS,NULL_A_CIRCULAR_SHIFT,1,colombia_first_round,COL_2026,-6.516532455048626e-08,2484,0.9695550351288056,True
A2,ACTIVE_RESULTS,NULL_A_CIRCULAR_SHIFT,1,colombia_runoff,COL_2026,-1.1630369322100946e-07,2222,0.974989030276437,True
A2,ACTIVE_RESULTS,NULL_A_CIRCULAR_SHIFT,2,colombia_first_round,COL_2026,-6.334730002274757e-08,2479,0.9676034348165495,True
A2,ACTIVE_RESULTS,NULL_A_CIRCULAR_SHIFT,2,colombia_runoff,COL_2026,-1.3101149785588342e-07,2228,0.9776217639315489,True
A2,ACTIVE_RESULTS,NULL_A_CIRCULAR_SHIFT,3,colombia_first_round,COL_2026,-7.684059686907678e-08,2471,0.9644808743169399,True
A2,ACTIVE_RESULTS,NULL_A_CIRCULAR_SHIFT,3,colombia_runoff,COL_2026,-1.0250748901624718e-07,2221,0.9745502413339184,True
A2,ACTIVE_RESULTS,NULL_A_CIRCULAR_SHIFT,4,colombia_first_round,COL_2026,-6.816347999678034e-08,2468,0.9633099141295862,True
A2,ACTIVE_RESULTS,NULL_A_CIRCULAR_SHIFT,4,colombia_runoff,COL_2026,-1.885423553079462e-07,2225,0.976305397103993,True
A2,ACTIVE_RESULTS,NULL_A_CIRCULAR_SHIFT,5,colombia_first_round,COL_2026,-8.81297689602071e-08,2467,0.962919594067135,True
A2,ACTIVE_RESULTS,NULL_A_CIRCULAR_SHIFT,5,colombia_runoff,COL_2026,-9.168463564873828e-08,2219,0.973672663448881,True
A2,ACTIVE_RESULTS,NULL_A_CIRCULAR_SHIFT,6,colombia_first_round,COL_2026,-1.437861910063578e-07,2468,0.9633099141295862,True
A2,ACTIVE_RESULTS,NULL_A_CIRCULAR_SHIFT,6,colombia_runoff,COL_2026,-1.725076586946475e-07,2229,0.9780605528740676,True
A2,ACTIVE_RESULTS,NULL_A_CIRCULAR_SHIFT,7,colombia_first_round,COL_2026,-1.3873563156476503e-07,2484,0.9695550351288056,True
A2,ACTIVE_RESULTS,NULL_A_CIRCULAR_SHIFT,7,colombia_runoff,COL_2026,-8.860385690700897e-08,2229,0.9780605528740676,True
A2,ACTIVE_RESULTS,NULL_A_CIRCULAR_SHIFT,8,colombia_first_round,COL_2026,-6.270828733947748e-08,2491,0.9722872755659641,True
A2,ACTIVE_RESULTS,NULL_A_CIRCULAR_SHIFT,8,colombia_runoff,COL_2026,-8.977095440808227e-08,2223,0.9754278192189557,True
A2,ACTIVE_RESULTS,NULL_A_CIRCULAR_SHIFT,9,colombia_first_round,COL_2026,-1.5738992006021013e-07,2466,0.9625292740046838,True
A2,ACTIVE_RESULTS,NULL_A_CIRCULAR_SHIFT,9,colombia_runoff,COL_2026,-9.169747972017811e-08,2225,0.976305397103993,True
A2,ACTIVE_RESULTS,NULL_A_CIRCULAR_SHIFT,10,colombia_first_round,COL_2026,-7.601319954234084e-08,2466,0.9625292740046838,True
A2,ACTIVE_RESULTS,NULL_A_CIRCULAR_SHIFT,10,colombia_runoff,COL_2026,-7.735628954665788e-08,2228,0.9776217639315489,True
A2,ACTIVE_RESULTS,NULL_A_CIRCULAR_SHIFT,11,colombia_first_round,COL_2026,-1.2344951619890954e-07,2474,0.9656518345042935,True
A2,ACTIVE_RESULTS,NULL_A_CIRCULAR_SHIFT,11,colombia_runoff,COL_2026,-1.7044948231238935e-07,2222,0.974989030276437,True
A2,ACTIVE_RESULTS,NULL_A_CIRCULAR_SHIFT,12,colombia_first_round,COL_2026,-8.675181320090411e-08,2480,0.9679937548790007,True
A2,ACTIVE_RESULTS,NULL_A_CIRCULAR_SHIFT,12,colombia_runoff,COL_2026,-1.329106144176282e-07,2224,0.9758666081614743,True
A2,ACTIVE_RESULTS,NULL_A_CIRCULAR_SHIFT,13,colombia_first_round,COL_2026,-8.820363622256735e-08,2468,0.9633099141295862,True
A2,ACTIVE_RESULTS,NULL_A_CIRCULAR_SHIFT,13,colombia_runoff,COL_2026,-1.4909316159982972e-07,2229,0.9780605528740676,True
A2,ACTIVE_RESULTS,NULL_A_CIRCULAR_SHIFT,14,colombia_first_round,COL_2026,-1.5374899988186104e-07,2465,0.9621389539422326,True
A2,ACTIVE_RESULTS,NULL_A_CIRCULAR_SHIFT,14,colombia_runoff,COL_2026,-8.576442542074756e-08,2223,0.9754278192189557,True
A2,ACTIVE_RESULTS,NULL_A_CIRCULAR_SHIFT,15,colombia_first_round,COL_2026,-1.2469306927166893e-07,2474,0.9656518345042935,True
A2,ACTIVE_RESULTS,NULL_A_CIRCULAR_SHIFT,15,colombia_runoff,COL_2026,-8.185609293616975e-08,2225,0.976305397103993,True
A2,ACTIVE_RESULTS,NULL_A_CIRCULAR_SHIFT,16,colombia_first_round,COL_2026,-1.0291231381927318e-07,2469,0.9637002341920374,True
A2,ACTIVE_RESULTS,NULL_A_CIRCULAR_SHIFT,16,colombia_runoff,COL_2026,-1.0726587129783742e-07,2224,0.9758666081614743,True
A2,ACTIVE_RESULTS,NULL_A_CIRCULAR_SHIFT,17,colombia_first_round,COL_2026,-1.0471804720024673e-07,2474,0.9656518345042935,True
A2,ACTIVE_RESULTS,NULL_A_CIRCULAR_SHIFT,17,colombia_runoff,COL_2026,-1.0049399184842364e-07,2224,0.9758666081614743,True
A2,ACTIVE_RESULTS,NULL_A_CIRCULAR_SHIFT,18,colombia_first_round,COL_2026,-1.0271306693136924e-07,2467,0.962919594067135,True
A2,ACTIVE_RESULTS,NULL_A_CIRCULAR_SHIFT,18,colombia_runoff,COL_2026,-6.664247161323602e-08,2233,0.9798157086441421,True
A2,ACTIVE_RESULTS,NULL_A_CIRCULAR_SHIFT,19,colombia_first_round,COL_2026,-9.097577313832898e-08,2468,0.9633099141295862,True
A2,ACTIVE_RESULTS,NULL_A_CIRCULAR_SHIFT,19,colombia_runoff,COL_2026,-1.0187783420050776e-07,2227,0.9771829749890303,True
A2,ACTIVE_RESULTS,NULL_A_CIRCULAR_SHIFT,20,colombia_first_round,COL_2026,-6.70041599437883e-08,2466,0.9625292740046838,True
A2,ACTIVE_RESULTS,NULL_A_CIRCULAR_SHIFT,20,colombia_runoff,COL_2026,-9.252859460582208e-08,2223,0.9754278192189557,True
A2,ACTIVE_RESULTS,NULL_A_CIRCULAR_SHIFT,21,colombia_first_round,COL_2026,-8.600470955768997e-08,2477,0.9668227946916471,True
A2,ACTIVE_RESULTS,NULL_A_CIRCULAR_SHIFT,21,colombia_runoff,COL_2026,-1.3924356387046466e-07,2224,0.9758666081614743,True
A2,ACTIVE_RESULTS,NULL_A_CIRCULAR_SHIFT,22,colombia_first_round,COL_2026,-1.153045158174685e-07,2469,0.9637002341920374,True
A2,ACTIVE_RESULTS,NULL_A_CIRCULAR_SHIFT,22,colombia_runoff,COL_2026,-1.3318447977142478e-07,2222,0.974989030276437,True
A2,ACTIVE_RESULTS,NULL_A_CIRCULAR_SHIFT,23,colombia_first_round,COL_2026,-1.5558963520444795e-07,2469,0.9637002341920374,True
A2,ACTIVE_RESULTS,NULL_A_CIRCULAR_SHIFT,23,colombia_runoff,COL_2026,-1.083968571355332e-07,2224,0.9758666081614743,True
A2,ACTIVE_RESULTS,NULL_A_CIRCULAR_SHIFT,24,colombia_first_round,COL_2026,-9.864627739265562e-08,2468,0.9633099141295862,True
A2,ACTIVE_RESULTS,NULL_A_CIRCULAR_SHIFT,24,colombia_runoff,COL_2026,-1.1526829662125643e-07,2226,0.9767441860465116,True
A2,ACTIVE_RESULTS,NULL_A_CIRCULAR_SHIFT,25,colombia_first_round,COL_2026,-1.0230286379174368e-07,2468,0.9633099141295862,True
A2,ACTIVE_RESULTS,NULL_A_CIRCULAR_SHIFT,25,colombia_runoff,COL_2026,-8.837790120122996e-08,2221,0.9745502413339184,True
A2,ACTIVE_RESULTS,NULL_A_CIRCULAR_SHIFT,26,colombia_first_round,COL_2026,-8.81099415418459e-08,2465,0.9621389539422326,True
A2,ACTIVE_RESULTS,NULL_A_CIRCULAR_SHIFT,26,colombia_runoff,COL_2026,-8.520994216332175e-08,2226,0.9767441860465116,True
A2,ACTIVE_RESULTS,NULL_A_CIRCULAR_SHIFT,27,colombia_first_round,COL_2026,-1.2566944915903218e-07,2483,0.9691647150663544,True
A2,ACTIVE_RESULTS,NULL_A_CIRCULAR_SHIFT,27,colombia_runoff,COL_2026,-1.4166225000067227e-07,2228,0.9776217639315489,True
A2,ACTIVE_RESULTS,NULL_A_CIRCULAR_SHIFT,28,colombia_first_round,COL_2026,-1.0148868870652844e-07,2467,0.962919594067135,True
A2,ACTIVE_RESULTS,NULL_A_CIRCULAR_SHIFT,28,colombia_runoff,COL_2026,-8.69841866667219e-08,2223,0.9754278192189557,True
A2,ACTIVE_RESULTS,NULL_A_CIRCULAR_SHIFT,29,colombia_first_round,COL_2026,-9.646042883742028e-08,2468,0.9633099141295862,True
A2,ACTIVE_RESULTS,NULL_A_CIRCULAR_SHIFT,29,colombia_runoff,COL_2026,-1.3687549193084968e-07,2224,0.9758666081614743,True
A2,ACTIVE_RESULTS,NULL_A_CIRCULAR_SHIFT,30,colombia_first_round,COL_2026,-7.945472436629699e-08,2468,0.9633099141295862,True
A2,ACTIVE_RESULTS,NULL_A_CIRCULAR_SHIFT,30,colombia_runoff,COL_2026,-8.600016365547852e-08,2228,0.9776217639315489,True
A2,ACTIVE_RESULTS,NULL_A_CIRCULAR_SHIFT,31,colombia_first_round,COL_2026,-1.0864872435401223e-07,2467,0.962919594067135,True
A2,ACTIVE_RESULTS,NULL_A_CIRCULAR_SHIFT,31,colombia_runoff,COL_2026,-1.0868268955869866e-07,2223,0.9754278192189557,True
A2,ACTIVE_RESULTS,NULL_A_CIRCULAR_SHIFT,32,colombia_first_round,COL_2026,-9.07096209309207e-08,2467,0.962919594067135,True
A2,ACTIVE_RESULTS,NULL_A_CIRCULAR_SHIFT,32,colombia_runoff,COL_2026,-8.779237357180153e-08,2229,0.9780605528740676,True
A2,ACTIVE_RESULTS,NULL_A_CIRCULAR_SHIFT,33,colombia_first_round,COL_2026,-1.0917253189451841e-07,2469,0.9637002341920374,True
A2,ACTIVE_RESULTS,NULL_A_CIRCULAR_SHIFT,33,colombia_runoff,COL_2026,-1.114895934687648e-07,2220,0.9741114523913997,True
A2,ACTIVE_RESULTS,NULL_A_CIRCULAR_SHIFT,34,colombia_first_round,COL_2026,-6.954732683431377e-08,2467,0.962919594067135,True
A2,ACTIVE_RESULTS,NULL_A_CIRCULAR_SHIFT,34,colombia_runoff,COL_2026,-1.2184689195602117e-07,2231,0.9789381307591049,True
A2,ACTIVE_RESULTS,NULL_A_CIRCULAR_SHIFT,35,colombia_first_round,COL_2026,-9.794217454845281e-08,2469,0.9637002341920374,True
A2,ACTIVE_RESULTS,NULL_A_CIRCULAR_SHIFT,35,colombia_runoff,COL_2026,-9.539167360135648e-08,2218,0.9732338745063625,True
A2,ACTIVE_RESULTS,NULL_A_CIRCULAR_SHIFT,36,colombia_first_round,COL_2026,-1.169763636582275e-07,2471,0.9644808743169399,True
A2,ACTIVE_RESULTS,NULL_A_CIRCULAR_SHIFT,36,colombia_runoff,COL_2026,-1.3877725540008524e-07,2225,0.976305397103993,True
A2,ACTIVE_RESULTS,NULL_A_CIRCULAR_SHIFT,37,colombia_first_round,COL_2026,-1.2125804327933205e-07,2466,0.9625292740046838,True
A2,ACTIVE_RESULTS,NULL_A_CIRCULAR_SHIFT,37,colombia_runoff,COL_2026,-1.2622579232150763e-07,2220,0.9741114523913997,True
A2,ACTIVE_RESULTS,NULL_A_CIRCULAR_SHIFT,38,colombia_first_round,COL_2026,-9.412124443072728e-08,2483,0.9691647150663544,True
A2,ACTIVE_RESULTS,NULL_A_CIRCULAR_SHIFT,38,colombia_runoff,COL_2026,-9.289738386744018e-08,2222,0.974989030276437,True
A2,ACTIVE_RESULTS,NULL_A_CIRCULAR_SHIFT,39,colombia_first_round,COL_2026,-9.342956692717441e-08,2492,0.9726775956284153,True
A2,ACTIVE_RESULTS,NULL_A_CIRCULAR_SHIFT,39,colombia_runoff,COL_2026,-1.1138062032260427e-07,2217,0.9727950855638438,True
A2,ACTIVE_RESULTS,NULL_A_CIRCULAR_SHIFT,40,colombia_first_round,COL_2026,-1.0808702733647874e-07,2469,0.9637002341920374,True
A2,ACTIVE_RESULTS,NULL_A_CIRCULAR_SHIFT,40,colombia_runoff,COL_2026,-8.410817457036914e-08,2218,0.9732338745063625,True
A2,ACTIVE_RESULTS,NULL_A_CIRCULAR_SHIFT,41,colombia_first_round,COL_2026,-1.5355873843577517e-07,2465,0.9621389539422326,True
A2,ACTIVE_RESULTS,NULL_A_CIRCULAR_SHIFT,41,colombia_runoff,COL_2026,-1.6270777604047381e-07,2227,0.9771829749890303,True
A2,ACTIVE_RESULTS,NULL_A_CIRCULAR_SHIFT,42,colombia_first_round,COL_2026,-1.9925850336756745e-07,2468,0.9633099141295862,True
A2,ACTIVE_RESULTS,NULL_A_CIRCULAR_SHIFT,42,colombia_runoff,COL_2026,-9.312186494734538e-08,2221,0.9745502413339184,True
A2,ACTIVE_RESULTS,NULL_A_CIRCULAR_SHIFT,43,colombia_first_round,COL_2026,-1.0420392838500644e-07,2476,0.9664324746291959,True
A2,ACTIVE_RESULTS,NULL_A_CIRCULAR_SHIFT,43,colombia_runoff,COL_2026,-8.486752263022918e-08,2220,0.9741114523913997,True
A2,ACTIVE_RESULTS,NULL_A_CIRCULAR_SHIFT,44,colombia_first_round,COL_2026,-1.4510415673598064e-07,2478,0.9672131147540983,True
A2,ACTIVE_RESULTS,NULL_A_CIRCULAR_SHIFT,44,colombia_runoff,COL_2026,-8.956870244767386e-08,2224,0.9758666081614743,True
A2,ACTIVE_RESULTS,NULL_A_CIRCULAR_SHIFT,45,colombia_first_round,COL_2026,-9.401414585329163e-08,2468,0.9633099141295862,True
A2,ACTIVE_RESULTS,NULL_A_CIRCULAR_SHIFT,45,colombia_runoff,COL_2026,-9.519334163560897e-08,2220,0.9741114523913997,True
A2,ACTIVE_RESULTS,NULL_A_CIRCULAR_SHIFT,46,colombia_first_round,COL_2026,-1.0453848294758437e-07,2469,0.9637002341920374,True
A2,ACTIVE_RESULTS,NULL_A_CIRCULAR_SHIFT,46,colombia_runoff,COL_2026,-1.0886815764160013e-07,2225,0.976305397103993,True
A2,ACTIVE_RESULTS,NULL_A_CIRCULAR_SHIFT,47,colombia_first_round,COL_2026,-1.2026236906273614e-07,2474,0.9656518345042935,True
A2,ACTIVE_RESULTS,NULL_A_CIRCULAR_SHIFT,47,colombia_runoff,COL_2026,-9.805845075160806e-08,2231,0.9789381307591049,True
A2,ACTIVE_RESULTS,NULL_A_CIRCULAR_SHIFT,48,colombia_first_round,COL_2026,-5.9038635447805385e-08,2490,0.9718969555035128,True
A2,ACTIVE_RESULTS,NULL_A_CIRCULAR_SHIFT,48,colombia_runoff,COL_2026,-1.0393894822335858e-07,2221,0.9745502413339184,True
A2,ACTIVE_RESULTS,NULL_A_CIRCULAR_SHIFT,49,colombia_first_round,COL_2026,-1.021149282842982e-07,2476,0.9664324746291959,True
A2,ACTIVE_RESULTS,NULL_A_CIRCULAR_SHIFT,49,colombia_runoff,COL_2026,-9.375672256525523e-08,2225,0.976305397103993,True
A2,ACTIVE_RESULTS,NULL_A_CIRCULAR_SHIFT,50,colombia_first_round,COL_2026,-1.0710927220378185e-07,2481,0.968384074941452,True
A2,ACTIVE_RESULTS,NULL_A_CIRCULAR_SHIFT,50,colombia_runoff,COL_2026,-1.1913062642117814e-07,2221,0.9745502413339184,True
A2,ACTIVE_RESULTS,NULL_A_CIRCULAR_SHIFT,51,colombia_first_round,COL_2026,-8.443400809854101e-08,2470,0.9640905542544886,True
A2,ACTIVE_RESULTS,NULL_A_CIRCULAR_SHIFT,51,colombia_runoff,COL_2026,-9.695584729173041e-08,2220,0.9741114523913997,True
A2,ACTIVE_RESULTS,NULL_A_CIRCULAR_SHIFT,52,colombia_first_round,COL_2026,-8.898094176384705e-08,2468,0.9633099141295862,True
A2,ACTIVE_RESULTS,NULL_A_CIRCULAR_SHIFT,52,colombia_runoff,COL_2026,-8.169442697336382e-08,2226,0.9767441860465116,True
A2,ACTIVE_RESULTS,NULL_A_CIRCULAR_SHIFT,53,colombia_first_round,COL_2026,-1.0300803536268793e-07,2485,0.9699453551912568,True
A2,ACTIVE_RESULTS,NULL_A_CIRCULAR_SHIFT,53,colombia_runoff,COL_2026,-9.000972826249925e-08,2231,0.9789381307591049,True
A2,ACTIVE_RESULTS,NULL_A_CIRCULAR_SHIFT,54,colombia_first_round,COL_2026,-4.932446667852871e-08,2481,0.968384074941452,True
A2,ACTIVE_RESULTS,NULL_A_CIRCULAR_SHIFT,54,colombia_runoff,COL_2026,-9.966137053319865e-08,2220,0.9741114523913997,True
A2,ACTIVE_RESULTS,NULL_A_CIRCULAR_SHIFT,55,colombia_first_round,COL_2026,-1.4208484716232557e-07,2483,0.9691647150663544,True
A2,ACTIVE_RESULTS,NULL_A_CIRCULAR_SHIFT,55,colombia_runoff,COL_2026,-1.0234896764157842e-07,2217,0.9727950855638438,True
A2,ACTIVE_RESULTS,NULL_A_CIRCULAR_SHIFT,56,colombia_first_round,COL_2026,-7.919478220657587e-08,2478,0.9672131147540983,True
A2,ACTIVE_RESULTS,NULL_A_CIRCULAR_SHIFT,56,colombia_runoff,COL_2026,-1.1027306413207591e-07,2232,0.9793769197016235,True
A2,ACTIVE_RESULTS,NULL_A_CIRCULAR_SHIFT,57,colombia_first_round,COL_2026,-7.886008413409116e-08,2467,0.962919594067135,True
A2,ACTIVE_RESULTS,NULL_A_CIRCULAR_SHIFT,57,colombia_runoff,COL_2026,-1.6067088612418835e-07,2226,0.9767441860465116,True
A2,ACTIVE_RESULTS,NULL_A_CIRCULAR_SHIFT,58,colombia_first_round,COL_2026,-8.747598197111829e-08,2465,0.9621389539422326,True
A2,ACTIVE_RESULTS,NULL_A_CIRCULAR_SHIFT,58,colombia_runoff,COL_2026,-8.619386007352936e-08,2233,0.9798157086441421,True
A2,ACTIVE_RESULTS,NULL_A_CIRCULAR_SHIFT,59,colombia_first_round,COL_2026,-1.2652572193798054e-07,2473,0.9652615144418423,True
A2,ACTIVE_RESULTS,NULL_A_CIRCULAR_SHIFT,59,colombia_runoff,COL_2026,-1.4484617194905638e-07,2223,0.9754278192189557,True
A2,ACTIVE_RESULTS,NULL_A_CIRCULAR_SHIFT,60,colombia_first_round,COL_2026,-1.35713865964574e-07,2471,0.9644808743169399,True
A2,ACTIVE_RESULTS,NULL_A_CIRCULAR_SHIFT,60,colombia_runoff,COL_2026,-1.2477048539731434e-07,2223,0.9754278192189557,True
A2,ACTIVE_RESULTS,NULL_A_CIRCULAR_SHIFT,61,colombia_first_round,COL_2026,-6.756648175428634e-08,2469,0.9637002341920374,True
A2,ACTIVE_RESULTS,NULL_A_CIRCULAR_SHIFT,61,colombia_runoff,COL_2026,-7.382363061317088e-08,2233,0.9798157086441421,True
A2,ACTIVE_RESULTS,NULL_A_CIRCULAR_SHIFT,62,colombia_first_round,COL_2026,-9.282660043485196e-08,2466,0.9625292740046838,True
A2,ACTIVE_RESULTS,NULL_A_CIRCULAR_SHIFT,62,colombia_runoff,COL_2026,-1.3647071724192898e-07,2228,0.9776217639315489,True
A2,ACTIVE_RESULTS,NULL_A_CIRCULAR_SHIFT,63,colombia_first_round,COL_2026,-1.2878267512843948e-07,2474,0.9656518345042935,True
A2,ACTIVE_RESULTS,NULL_A_CIRCULAR_SHIFT,63,colombia_runoff,COL_2026,-7.570469804570682e-08,2234,0.9802544975866608,True
A2,ACTIVE_RESULTS,NULL_A_CIRCULAR_SHIFT,64,colombia_first_round,COL_2026,-1.4890921984995407e-07,2483,0.9691647150663544,True
A2,ACTIVE_RESULTS,NULL_A_CIRCULAR_SHIFT,64,colombia_runoff,COL_2026,-1.2294913465098586e-07,2229,0.9780605528740676,True
A2,ACTIVE_RESULTS,NULL_A_CIRCULAR_SHIFT,65,colombia_first_round,COL_2026,-8.740531450287026e-08,2481,0.968384074941452,True
A2,ACTIVE_RESULTS,NULL_A_CIRCULAR_SHIFT,65,colombia_runoff,COL_2026,-7.408737758141513e-08,2229,0.9780605528740676,True
A2,ACTIVE_RESULTS,NULL_A_CIRCULAR_SHIFT,66,colombia_first_round,COL_2026,-6.874116686264142e-08,2485,0.9699453551912568,True
A2,ACTIVE_RESULTS,NULL_A_CIRCULAR_SHIFT,66,colombia_runoff,COL_2026,-9.429329094591551e-08,2222,0.974989030276437,True
A2,ACTIVE_RESULTS,NULL_A_CIRCULAR_SHIFT,67,colombia_first_round,COL_2026,-1.2568573849482773e-07,2478,0.9672131147540983,True
A2,ACTIVE_RESULTS,NULL_A_CIRCULAR_SHIFT,67,colombia_runoff,COL_2026,-1.1431332127100163e-07,2219,0.973672663448881,True
A2,ACTIVE_RESULTS,NULL_A_CIRCULAR_SHIFT,68,colombia_first_round,COL_2026,-8.082677385310716e-08,2473,0.9652615144418423,True
A2,ACTIVE_RESULTS,NULL_A_CIRCULAR_SHIFT,68,colombia_runoff,COL_2026,-1.3336513957595223e-07,2225,0.976305397103993,True
A2,ACTIVE_RESULTS,NULL_A_CIRCULAR_SHIFT,69,colombia_first_round,COL_2026,-7.128817784408843e-08,2470,0.9640905542544886,True
A2,ACTIVE_RESULTS,NULL_A_CIRCULAR_SHIFT,69,colombia_runoff,COL_2026,-1.0636929471873827e-07,2223,0.9754278192189557,True
A2,ACTIVE_RESULTS,NULL_A_CIRCULAR_SHIFT,70,colombia_first_round,COL_2026,-5.657380965594984e-08,2466,0.9625292740046838,True
A2,ACTIVE_RESULTS,NULL_A_CIRCULAR_SHIFT,70,colombia_runoff,COL_2026,-1.361968974151607e-07,2226,0.9767441860465116,True
A2,ACTIVE_RESULTS,NULL_A_CIRCULAR_SHIFT,71,colombia_first_round,COL_2026,-1.6604127470916045e-07,2467,0.962919594067135,True
A2,ACTIVE_RESULTS,NULL_A_CIRCULAR_SHIFT,71,colombia_runoff,COL_2026,-9.786187449753336e-08,2217,0.9727950855638438,True
A2,ACTIVE_RESULTS,NULL_A_CIRCULAR_SHIFT,72,colombia_first_round,COL_2026,-1.0786573821757129e-07,2475,0.9660421545667447,True
A2,ACTIVE_RESULTS,NULL_A_CIRCULAR_SHIFT,72,colombia_runoff,COL_2026,-1.0399268449142423e-07,2225,0.976305397103993,True
A2,ACTIVE_RESULTS,NULL_A_CIRCULAR_SHIFT,73,colombia_first_round,COL_2026,-1.3052268279104933e-07,2485,0.9699453551912568,True
A2,ACTIVE_RESULTS,NULL_A_CIRCULAR_SHIFT,73,colombia_runoff,COL_2026,-1.502570995205769e-07,2224,0.9758666081614743,True
A2,ACTIVE_RESULTS,NULL_A_CIRCULAR_SHIFT,74,colombia_first_round,COL_2026,-1.0309476302298747e-07,2467,0.962919594067135,True
A2,ACTIVE_RESULTS,NULL_A_CIRCULAR_SHIFT,74,colombia_runoff,COL_2026,-1.2761132794855536e-07,2223,0.9754278192189557,True
A2,ACTIVE_RESULTS,NULL_A_CIRCULAR_SHIFT,75,colombia_first_round,COL_2026,-1.314879127543331e-07,2480,0.9679937548790007,True
A2,ACTIVE_RESULTS,NULL_A_CIRCULAR_SHIFT,75,colombia_runoff,COL_2026,-9.983010938447594e-08,2231,0.9789381307591049,True
A2,ACTIVE_RESULTS,NULL_A_CIRCULAR_SHIFT,76,colombia_first_round,COL_2026,-1.0465814124315255e-07,2470,0.9640905542544886,True
A2,ACTIVE_RESULTS,NULL_A_CIRCULAR_SHIFT,76,colombia_runoff,COL_2026,-9.967524665398153e-08,2219,0.973672663448881,True
A2,ACTIVE_RESULTS,NULL_A_CIRCULAR_SHIFT,77,colombia_first_round,COL_2026,-9.364942651491181e-08,2468,0.9633099141295862,True
A2,ACTIVE_RESULTS,NULL_A_CIRCULAR_SHIFT,77,colombia_runoff,COL_2026,-1.0357407562855068e-07,2227,0.9771829749890303,True
A2,ACTIVE_RESULTS,NULL_A_CIRCULAR_SHIFT,78,colombia_first_round,COL_2026,-1.526077595563989e-07,2467,0.962919594067135,True
A2,ACTIVE_RESULTS,NULL_A_CIRCULAR_SHIFT,78,colombia_runoff,COL_2026,-8.526636935848623e-08,2228,0.9776217639315489,True
A2,ACTIVE_RESULTS,NULL_A_CIRCULAR_SHIFT,79,colombia_first_round,COL_2026,-1.1795299286573014e-07,2475,0.9660421545667447,True
A2,ACTIVE_RESULTS,NULL_A_CIRCULAR_SHIFT,79,colombia_runoff,COL_2026,-6.853094008951758e-08,2228,0.9776217639315489,True
A2,ACTIVE_RESULTS,NULL_A_CIRCULAR_SHIFT,80,colombia_first_round,COL_2026,-7.266584124186722e-08,2472,0.9648711943793911,True
A2,ACTIVE_RESULTS,NULL_A_CIRCULAR_SHIFT,80,colombia_runoff,COL_2026,-1.0790936537867205e-07,2224,0.9758666081614743,True
A2,ACTIVE_RESULTS,NULL_A_CIRCULAR_SHIFT,81,colombia_first_round,COL_2026,-1.1677482448439676e-07,2473,0.9652615144418423,True
A2,ACTIVE_RESULTS,NULL_A_CIRCULAR_SHIFT,81,colombia_runoff,COL_2026,-1.3664103431875825e-07,2224,0.9758666081614743,True
A2,ACTIVE_RESULTS,NULL_A_CIRCULAR_SHIFT,82,colombia_first_round,COL_2026,-5.850375482542356e-08,2465,0.9621389539422326,True
A2,ACTIVE_RESULTS,NULL_A_CIRCULAR_SHIFT,82,colombia_runoff,COL_2026,-7.996768222716484e-08,2238,0.9820096533567354,True
A2,ACTIVE_RESULTS,NULL_A_CIRCULAR_SHIFT,83,colombia_first_round,COL_2026,-8.967822435189397e-08,2469,0.9637002341920374,True
A2,ACTIVE_RESULTS,NULL_A_CIRCULAR_SHIFT,83,colombia_runoff,COL_2026,-1.0707707177194698e-07,2224,0.9758666081614743,True
A2,ACTIVE_RESULTS,NULL_A_CIRCULAR_SHIFT,84,colombia_first_round,COL_2026,-1.2930551135591917e-07,2472,0.9648711943793911,True
A2,ACTIVE_RESULTS,NULL_A_CIRCULAR_SHIFT,84,colombia_runoff,COL_2026,-1.0046056034023358e-07,2223,0.9754278192189557,True
A2,ACTIVE_RESULTS,NULL_A_CIRCULAR_SHIFT,85,colombia_first_round,COL_2026,-1.1406818279426209e-07,2474,0.9656518345042935,True
A2,ACTIVE_RESULTS,NULL_A_CIRCULAR_SHIFT,85,colombia_runoff,COL_2026,-8.080485990850147e-08,2224,0.9758666081614743,True
A2,ACTIVE_RESULTS,NULL_A_CIRCULAR_SHIFT,86,colombia_first_round,COL_2026,-6.445345599431124e-08,2480,0.9679937548790007,True
A2,ACTIVE_RESULTS,NULL_A_CIRCULAR_SHIFT,86,colombia_runoff,COL_2026,-1.8151516365058401e-07,2220,0.9741114523913997,True
A2,ACTIVE_RESULTS,NULL_A_CIRCULAR_SHIFT,87,colombia_first_round,COL_2026,-1.8045697221060504e-07,2472,0.9648711943793911,True
A2,ACTIVE_RESULTS,NULL_A_CIRCULAR_SHIFT,87,colombia_runoff,COL_2026,-1.155548788968955e-07,2229,0.9780605528740676,True
A2,ACTIVE_RESULTS,NULL_A_CIRCULAR_SHIFT,88,colombia_first_round,COL_2026,-6.035017489262288e-08,2466,0.9625292740046838,True
A2,ACTIVE_RESULTS,NULL_A_CIRCULAR_SHIFT,88,colombia_runoff,COL_2026,-1.2958528135227207e-07,2222,0.974989030276437,True
A2,ACTIVE_RESULTS,NULL_A_CIRCULAR_SHIFT,89,colombia_first_round,COL_2026,-1.341962764389101e-07,2471,0.9644808743169399,True
A2,ACTIVE_RESULTS,NULL_A_CIRCULAR_SHIFT,89,colombia_runoff,COL_2026,-1.0627640935992966e-07,2221,0.9745502413339184,True
A2,ACTIVE_RESULTS,NULL_A_CIRCULAR_SHIFT,90,colombia_first_round,COL_2026,-1.044447311057129e-07,2467,0.962919594067135,True
A2,ACTIVE_RESULTS,NULL_A_CIRCULAR_SHIFT,90,colombia_runoff,COL_2026,-1.2367672105321238e-07,2227,0.9771829749890303,True
A2,ACTIVE_RESULTS,NULL_A_CIRCULAR_SHIFT,91,colombia_first_round,COL_2026,-8.784282098450754e-08,2469,0.9637002341920374,True
A2,ACTIVE_RESULTS,NULL_A_CIRCULAR_SHIFT,91,colombia_runoff,COL_2026,-8.079887709992135e-08,2222,0.974989030276437,True
A2,ACTIVE_RESULTS,NULL_A_CIRCULAR_SHIFT,92,colombia_first_round,COL_2026,-1.0242896642494733e-07,2479,0.9676034348165495,True
A2,ACTIVE_RESULTS,NULL_A_CIRCULAR_SHIFT,92,colombia_runoff,COL_2026,-4.273034982031927e-07,2224,0.9758666081614743,True
A2,ACTIVE_RESULTS,NULL_A_CIRCULAR_SHIFT,93,colombia_first_round,COL_2026,-1.4155570605770856e-07,2470,0.9640905542544886,True
A2,ACTIVE_RESULTS,NULL_A_CIRCULAR_SHIFT,93,colombia_runoff,COL_2026,-1.0830629642977797e-07,2227,0.9771829749890303,True
A2,ACTIVE_RESULTS,NULL_A_CIRCULAR_SHIFT,94,colombia_first_round,COL_2026,-9.387600577622063e-08,2481,0.968384074941452,True
A2,ACTIVE_RESULTS,NULL_A_CIRCULAR_SHIFT,94,colombia_runoff,COL_2026,-1.6584735577807928e-07,2227,0.9771829749890303,True
A2,ACTIVE_RESULTS,NULL_A_CIRCULAR_SHIFT,95,colombia_first_round,COL_2026,-1.1946424735684343e-07,2469,0.9637002341920374,True
A2,ACTIVE_RESULTS,NULL_A_CIRCULAR_SHIFT,95,colombia_runoff,COL_2026,-9.533423483941821e-08,2223,0.9754278192189557,True
A2,ACTIVE_RESULTS,NULL_A_CIRCULAR_SHIFT,96,colombia_first_round,COL_2026,-7.414908385057452e-08,2468,0.9633099141295862,True
A2,ACTIVE_RESULTS,NULL_A_CIRCULAR_SHIFT,96,colombia_runoff,COL_2026,-1.5402684879777828e-07,2224,0.9758666081614743,True
A2,ACTIVE_RESULTS,NULL_A_CIRCULAR_SHIFT,97,colombia_first_round,COL_2026,-7.90953044301247e-08,2469,0.9637002341920374,True
A2,ACTIVE_RESULTS,NULL_A_CIRCULAR_SHIFT,97,colombia_runoff,COL_2026,-1.1674329282519176e-07,2227,0.9771829749890303,True
A2,ACTIVE_RESULTS,NULL_A_CIRCULAR_SHIFT,98,colombia_first_round,COL_2026,-9.059636672340579e-08,2469,0.9637002341920374,True
A2,ACTIVE_RESULTS,NULL_A_CIRCULAR_SHIFT,98,colombia_runoff,COL_2026,-7.743086988228634e-08,2227,0.9771829749890303,True
A2,ACTIVE_RESULTS,NULL_A_CIRCULAR_SHIFT,99,colombia_first_round,COL_2026,-8.566901778317808e-08,2469,0.9637002341920374,True
A2,ACTIVE_RESULTS,NULL_A_CIRCULAR_SHIFT,99,colombia_runoff,COL_2026,-1.1431125355221433e-07,2226,0.9767441860465116,True
A2,ACTIVE_RESULTS,NULL_A_CIRCULAR_SHIFT,100,colombia_first_round,COL_2026,-1.0495869105138292e-07,2469,0.9637002341920374,True
A2,ACTIVE_RESULTS,NULL_A_CIRCULAR_SHIFT,100,colombia_runoff,COL_2026,-8.627997762748537e-08,2228,0.9776217639315489,True
A2,ACTIVE_RESULTS,NULL_A_CIRCULAR_SHIFT,101,colombia_first_round,COL_2026,-1.6249703210943672e-07,2474,0.9656518345042935,True
A2,ACTIVE_RESULTS,NULL_A_CIRCULAR_SHIFT,101,colombia_runoff,COL_2026,-9.448427271857517e-08,2229,0.9780605528740676,True
A2,ACTIVE_RESULTS,NULL_A_CIRCULAR_SHIFT,102,colombia_first_round,COL_2026,-1.205955651277091e-07,2466,0.9625292740046838,True
A2,ACTIVE_RESULTS,NULL_A_CIRCULAR_SHIFT,102,colombia_runoff,COL_2026,-7.401725761157745e-08,2229,0.9780605528740676,True
A2,ACTIVE_RESULTS,NULL_A_CIRCULAR_SHIFT,103,colombia_first_round,COL_2026,-8.822226833216784e-08,2465,0.9621389539422326,True
A2,ACTIVE_RESULTS,NULL_A_CIRCULAR_SHIFT,103,colombia_runoff,COL_2026,-9.207248087513949e-08,2220,0.9741114523913997,True
A2,ACTIVE_RESULTS,NULL_A_CIRCULAR_SHIFT,104,colombia_first_round,COL_2026,-1.4386587052899773e-07,2466,0.9625292740046838,True
A2,ACTIVE_RESULTS,NULL_A_CIRCULAR_SHIFT,104,colombia_runoff,COL_2026,-1.3457682583097765e-07,2221,0.9745502413339184,True
A2,ACTIVE_RESULTS,NULL_A_CIRCULAR_SHIFT,105,colombia_first_round,COL_2026,-2.1370781868547864e-07,2469,0.9637002341920374,True
A2,ACTIVE_RESULTS,NULL_A_CIRCULAR_SHIFT,105,colombia_runoff,COL_2026,-1.6307429778369125e-07,2222,0.974989030276437,True
A2,ACTIVE_RESULTS,NULL_A_CIRCULAR_SHIFT,106,colombia_first_round,COL_2026,-8.768700486922198e-08,2470,0.9640905542544886,True
A2,ACTIVE_RESULTS,NULL_A_CIRCULAR_SHIFT,106,colombia_runoff,COL_2026,-1.2861042378008774e-07,2226,0.9767441860465116,True
A2,ACTIVE_RESULTS,NULL_A_CIRCULAR_SHIFT,107,colombia_first_round,COL_2026,-9.860206810876243e-08,2469,0.9637002341920374,True
A2,ACTIVE_RESULTS,NULL_A_CIRCULAR_SHIFT,107,colombia_runoff,COL_2026,-1.0748402231207064e-07,2229,0.9780605528740676,True
A2,ACTIVE_RESULTS,NULL_A_CIRCULAR_SHIFT,108,colombia_first_round,COL_2026,-5.996379049020078e-08,2465,0.9621389539422326,True
A2,ACTIVE_RESULTS,NULL_A_CIRCULAR_SHIFT,108,colombia_runoff,COL_2026,-8.389740978259688e-08,2228,0.9776217639315489,True
A2,ACTIVE_RESULTS,NULL_A_CIRCULAR_SHIFT,109,colombia_first_round,COL_2026,-6.413021317784117e-08,2485,0.9699453551912568,True
A2,ACTIVE_RESULTS,NULL_A_CIRCULAR_SHIFT,109,colombia_runoff,COL_2026,-1.0428641600367596e-07,2220,0.9741114523913997,True
A2,ACTIVE_RESULTS,NULL_A_CIRCULAR_SHIFT,110,colombia_first_round,COL_2026,-8.012123090486811e-08,2482,0.9687743950039032,True
A2,ACTIVE_RESULTS,NULL_A_CIRCULAR_SHIFT,110,colombia_runoff,COL_2026,-1.1499658180139546e-07,2233,0.9798157086441421,True
A2,ACTIVE_RESULTS,NULL_A_CIRCULAR_SHIFT,111,colombia_first_round,COL_2026,-1.5825789951171753e-07,2466,0.9625292740046838,True
A2,ACTIVE_RESULTS,NULL_A_CIRCULAR_SHIFT,111,colombia_runoff,COL_2026,-8.435183686317516e-08,2225,0.976305397103993,True
A2,ACTIVE_RESULTS,NULL_A_CIRCULAR_SHIFT,112,colombia_first_round,COL_2026,-8.283422088291746e-08,2465,0.9621389539422326,True
A2,ACTIVE_RESULTS,NULL_A_CIRCULAR_SHIFT,112,colombia_runoff,COL_2026,-1.1075901415373734e-07,2232,0.9793769197016235,True
A2,ACTIVE_RESULTS,NULL_A_CIRCULAR_SHIFT,113,colombia_first_round,COL_2026,-1.0801344290954664e-07,2471,0.9644808743169399,True
A2,ACTIVE_RESULTS,NULL_A_CIRCULAR_SHIFT,113,colombia_runoff,COL_2026,-7.063055011997047e-08,2221,0.9745502413339184,True
A2,ACTIVE_RESULTS,NULL_A_CIRCULAR_SHIFT,114,colombia_first_round,COL_2026,-6.43836909335821e-08,2482,0.9687743950039032,True
A2,ACTIVE_RESULTS,NULL_A_CIRCULAR_SHIFT,114,colombia_runoff,COL_2026,-1.2581960713586213e-07,2228,0.9776217639315489,True
A2,ACTIVE_RESULTS,NULL_A_CIRCULAR_SHIFT,115,colombia_first_round,COL_2026,-8.210970941412528e-08,2471,0.9644808743169399,True
A2,ACTIVE_RESULTS,NULL_A_CIRCULAR_SHIFT,115,colombia_runoff,COL_2026,-1.4323322325894502e-07,2223,0.9754278192189557,True
A2,ACTIVE_RESULTS,NULL_A_CIRCULAR_SHIFT,116,colombia_first_round,COL_2026,-1.4186120216926857e-07,2473,0.9652615144418423,True
A2,ACTIVE_RESULTS,NULL_A_CIRCULAR_SHIFT,116,colombia_runoff,COL_2026,-9.501963658354539e-08,2225,0.976305397103993,True
A2,ACTIVE_RESULTS,NULL_A_CIRCULAR_SHIFT,117,colombia_first_round,COL_2026,-1.5396301287866865e-07,2472,0.9648711943793911,True
A2,ACTIVE_RESULTS,NULL_A_CIRCULAR_SHIFT,117,colombia_runoff,COL_2026,-8.557356218338138e-08,2224,0.9758666081614743,True
A2,ACTIVE_RESULTS,NULL_A_CIRCULAR_SHIFT,118,colombia_first_round,COL_2026,-8.200518460646003e-08,2469,0.9637002341920374,True
A2,ACTIVE_RESULTS,NULL_A_CIRCULAR_SHIFT,118,colombia_runoff,COL_2026,-1.0078338086545182e-07,2223,0.9754278192189557,True
A2,ACTIVE_RESULTS,NULL_A_CIRCULAR_SHIFT,119,colombia_first_round,COL_2026,-8.675365271620902e-08,2468,0.9633099141295862,True
A2,ACTIVE_RESULTS,NULL_A_CIRCULAR_SHIFT,119,colombia_runoff,COL_2026,-9.199236538321394e-08,2224,0.9758666081614743,True
A2,ACTIVE_RESULTS,NULL_A_CIRCULAR_SHIFT,120,colombia_first_round,COL_2026,-1.0864928448345227e-07,2480,0.9679937548790007,True
A2,ACTIVE_RESULTS,NULL_A_CIRCULAR_SHIFT,120,colombia_runoff,COL_2026,-1.2570067443860123e-07,2224,0.9758666081614743,True
A2,ACTIVE_RESULTS,NULL_A_CIRCULAR_SHIFT,121,colombia_first_round,COL_2026,-8.413138648122361e-08,2481,0.968384074941452,True
A2,ACTIVE_RESULTS,NULL_A_CIRCULAR_SHIFT,121,colombia_runoff,COL_2026,-9.318859861302458e-08,2224,0.9758666081614743,True
A2,ACTIVE_RESULTS,NULL_A_CIRCULAR_SHIFT,122,colombia_first_round,COL_2026,-8.241917890962524e-08,2468,0.9633099141295862,True
A2,ACTIVE_RESULTS,NULL_A_CIRCULAR_SHIFT,122,colombia_runoff,COL_2026,-1.2142617151379698e-07,2219,0.973672663448881,True
A2,ACTIVE_RESULTS,NULL_A_CIRCULAR_SHIFT,123,colombia_first_round,COL_2026,-6.881889350523706e-08,2466,0.9625292740046838,True
A2,ACTIVE_RESULTS,NULL_A_CIRCULAR_SHIFT,123,colombia_runoff,COL_2026,-1.089029850863469e-07,2227,0.9771829749890303,True
A2,ACTIVE_RESULTS,NULL_A_CIRCULAR_SHIFT,124,colombia_first_round,COL_2026,-1.2574524163673885e-07,2466,0.9625292740046838,True
A2,ACTIVE_RESULTS,NULL_A_CIRCULAR_SHIFT,124,colombia_runoff,COL_2026,-1.3138115027491623e-07,2219,0.973672663448881,True
A2,ACTIVE_RESULTS,NULL_A_CIRCULAR_SHIFT,125,colombia_first_round,COL_2026,-8.265996477721406e-08,2470,0.9640905542544886,True
A2,ACTIVE_RESULTS,NULL_A_CIRCULAR_SHIFT,125,colombia_runoff,COL_2026,-1.8253686737951455e-07,2220,0.9741114523913997,True
A2,ACTIVE_RESULTS,NULL_A_CIRCULAR_SHIFT,126,colombia_first_round,COL_2026,-1.0206213438955891e-07,2472,0.9648711943793911,True
A2,ACTIVE_RESULTS,NULL_A_CIRCULAR_SHIFT,126,colombia_runoff,COL_2026,-9.278595205927434e-08,2226,0.9767441860465116,True
A2,ACTIVE_RESULTS,NULL_A_CIRCULAR_SHIFT,127,colombia_first_round,COL_2026,-9.948535869813162e-08,2470,0.9640905542544886,True
A2,ACTIVE_RESULTS,NULL_A_CIRCULAR_SHIFT,127,colombia_runoff,COL_2026,-1.4810006783675363e-07,2228,0.9776217639315489,True
A2,ACTIVE_RESULTS,NULL_A_CIRCULAR_SHIFT,128,colombia_first_round,COL_2026,-9.975252978076651e-08,2470,0.9640905542544886,True
A2,ACTIVE_RESULTS,NULL_A_CIRCULAR_SHIFT,128,colombia_runoff,COL_2026,-1.2197339539248927e-07,2223,0.9754278192189557,True
A2,ACTIVE_RESULTS,NULL_A_CIRCULAR_SHIFT,129,colombia_first_round,COL_2026,-1.4714372019582436e-07,2467,0.962919594067135,True
A2,ACTIVE_RESULTS,NULL_A_CIRCULAR_SHIFT,129,colombia_runoff,COL_2026,-9.702036370111541e-08,2223,0.9754278192189557,True
A2,ACTIVE_RESULTS,NULL_A_CIRCULAR_SHIFT,130,colombia_first_round,COL_2026,-1.4346968656532083e-07,2469,0.9637002341920374,True
A2,ACTIVE_RESULTS,NULL_A_CIRCULAR_SHIFT,130,colombia_runoff,COL_2026,-1.4534335529005343e-07,2230,0.9784993418165863,True
A2,ACTIVE_RESULTS,NULL_A_CIRCULAR_SHIFT,131,colombia_first_round,COL_2026,-1.3267922551172298e-07,2477,0.9668227946916471,True
A2,ACTIVE_RESULTS,NULL_A_CIRCULAR_SHIFT,131,colombia_runoff,COL_2026,-1.1183568279174121e-07,2226,0.9767441860465116,True
A2,ACTIVE_RESULTS,NULL_A_CIRCULAR_SHIFT,132,colombia_first_round,COL_2026,-1.3105578223379696e-07,2484,0.9695550351288056,True
A2,ACTIVE_RESULTS,NULL_A_CIRCULAR_SHIFT,132,colombia_runoff,COL_2026,-1.2850325313681966e-07,2223,0.9754278192189557,True
A2,ACTIVE_RESULTS,NULL_A_CIRCULAR_SHIFT,133,colombia_first_round,COL_2026,-7.977595376732328e-08,2480,0.9679937548790007,True
A2,ACTIVE_RESULTS,NULL_A_CIRCULAR_SHIFT,133,colombia_runoff,COL_2026,-1.0897270598123957e-07,2226,0.9767441860465116,True
A2,ACTIVE_RESULTS,NULL_A_CIRCULAR_SHIFT,134,colombia_first_round,COL_2026,-1.194209132798634e-07,2467,0.962919594067135,True
A2,ACTIVE_RESULTS,NULL_A_CIRCULAR_SHIFT,134,colombia_runoff,COL_2026,-1.460099964269994e-07,2222,0.974989030276437,True
A2,ACTIVE_RESULTS,NULL_A_CIRCULAR_SHIFT,135,colombia_first_round,COL_2026,-6.935858653032324e-08,2482,0.9687743950039032,True
A2,ACTIVE_RESULTS,NULL_A_CIRCULAR_SHIFT,135,colombia_runoff,COL_2026,-8.12272904953137e-08,2226,0.9767441860465116,True
A2,ACTIVE_RESULTS,NULL_A_CIRCULAR_SHIFT,136,colombia_first_round,COL_2026,-1.0531308808603818e-07,2472,0.9648711943793911,True
A2,ACTIVE_RESULTS,NULL_A_CIRCULAR_SHIFT,136,colombia_runoff,COL_2026,-9.778408943429606e-08,2224,0.9758666081614743,True
A2,ACTIVE_RESULTS,NULL_A_CIRCULAR_SHIFT,137,colombia_first_round,COL_2026,-1.0151358997581762e-07,2470,0.9640905542544886,True
A2,ACTIVE_RESULTS,NULL_A_CIRCULAR_SHIFT,137,colombia_runoff,COL_2026,-1.1519163884531993e-07,2219,0.973672663448881,True
A2,ACTIVE_RESULTS,NULL_A_CIRCULAR_SHIFT,138,colombia_first_round,COL_2026,-1.2997566641847864e-07,2467,0.962919594067135,True
A2,ACTIVE_RESULTS,NULL_A_CIRCULAR_SHIFT,138,colombia_runoff,COL_2026,-1.3022148394005095e-07,2231,0.9789381307591049,True
A2,ACTIVE_RESULTS,NULL_A_CIRCULAR_SHIFT,139,colombia_first_round,COL_2026,-1.1103879584879567e-07,2471,0.9644808743169399,True
A2,ACTIVE_RESULTS,NULL_A_CIRCULAR_SHIFT,139,colombia_runoff,COL_2026,-7.918044120559603e-08,2222,0.974989030276437,True
A2,ACTIVE_RESULTS,NULL_A_CIRCULAR_SHIFT,140,colombia_first_round,COL_2026,-1.3268904161806964e-07,2470,0.9640905542544886,True
A2,ACTIVE_RESULTS,NULL_A_CIRCULAR_SHIFT,140,colombia_runoff,COL_2026,-9.269331986342833e-08,2215,0.9719175076788065,True
A2,ACTIVE_RESULTS,NULL_A_CIRCULAR_SHIFT,141,colombia_first_round,COL_2026,-7.599824027050306e-08,2468,0.9633099141295862,True
A2,ACTIVE_RESULTS,NULL_A_CIRCULAR_SHIFT,141,colombia_runoff,COL_2026,-8.997835121242211e-08,2221,0.9745502413339184,True
A2,ACTIVE_RESULTS,NULL_A_CIRCULAR_SHIFT,142,colombia_first_round,COL_2026,-6.283410956697232e-08,2487,0.9707259953161592,True
A2,ACTIVE_RESULTS,NULL_A_CIRCULAR_SHIFT,142,colombia_runoff,COL_2026,-1.0918682902875523e-07,2222,0.974989030276437,True
A2,ACTIVE_RESULTS,NULL_A_CIRCULAR_SHIFT,143,colombia_first_round,COL_2026,-1.0255152076562422e-07,2468,0.9633099141295862,True
A2,ACTIVE_RESULTS,NULL_A_CIRCULAR_SHIFT,143,colombia_runoff,COL_2026,-7.163886381040702e-08,2223,0.9754278192189557,True
A2,ACTIVE_RESULTS,NULL_A_CIRCULAR_SHIFT,144,colombia_first_round,COL_2026,-1.0025998624446795e-07,2467,0.962919594067135,True
A2,ACTIVE_RESULTS,NULL_A_CIRCULAR_SHIFT,144,colombia_runoff,COL_2026,-9.938107208389212e-08,2224,0.9758666081614743,True
A2,ACTIVE_RESULTS,NULL_A_CIRCULAR_SHIFT,145,colombia_first_round,COL_2026,-1.2960365728849071e-07,2473,0.9652615144418423,True
A2,ACTIVE_RESULTS,NULL_A_CIRCULAR_SHIFT,145,colombia_runoff,COL_2026,-9.584559652408016e-08,2226,0.9767441860465116,True
A2,ACTIVE_RESULTS,NULL_A_CIRCULAR_SHIFT,146,colombia_first_round,COL_2026,-8.51106475112104e-08,2485,0.9699453551912568,True
A2,ACTIVE_RESULTS,NULL_A_CIRCULAR_SHIFT,146,colombia_runoff,COL_2026,-1.4443982160632638e-07,2227,0.9771829749890303,True
A2,ACTIVE_RESULTS,NULL_A_CIRCULAR_SHIFT,147,colombia_first_round,COL_2026,-1.0322645464527902e-07,2467,0.962919594067135,True
A2,ACTIVE_RESULTS,NULL_A_CIRCULAR_SHIFT,147,colombia_runoff,COL_2026,-1.1623757060336979e-07,2223,0.9754278192189557,True
A2,ACTIVE_RESULTS,NULL_A_CIRCULAR_SHIFT,148,colombia_first_round,COL_2026,-1.233955587011857e-07,2481,0.968384074941452,True
A2,ACTIVE_RESULTS,NULL_A_CIRCULAR_SHIFT,148,colombia_runoff,COL_2026,-1.2604354519834277e-07,2219,0.973672663448881,True
A2,ACTIVE_RESULTS,NULL_A_CIRCULAR_SHIFT,149,colombia_first_round,COL_2026,-9.980981338117044e-08,2470,0.9640905542544886,True
A2,ACTIVE_RESULTS,NULL_A_CIRCULAR_SHIFT,149,colombia_runoff,COL_2026,-9.12742711578785e-08,2224,0.9758666081614743,True
A2,ACTIVE_RESULTS,NULL_A_CIRCULAR_SHIFT,150,colombia_first_round,COL_2026,-1.4415817258498544e-07,2468,0.9633099141295862,True
A2,ACTIVE_RESULTS,NULL_A_CIRCULAR_SHIFT,150,colombia_runoff,COL_2026,-8.002451825098768e-08,2228,0.9776217639315489,True
A2,ACTIVE_RESULTS,NULL_A_CIRCULAR_SHIFT,151,colombia_first_round,COL_2026,-7.536841852459972e-08,2481,0.968384074941452,True
A2,ACTIVE_RESULTS,NULL_A_CIRCULAR_SHIFT,151,colombia_runoff,COL_2026,-1.671289610430889e-07,2221,0.9745502413339184,True
A2,ACTIVE_RESULTS,NULL_A_CIRCULAR_SHIFT,152,colombia_first_round,COL_2026,-6.795993492709443e-08,2466,0.9625292740046838,True
A2,ACTIVE_RESULTS,NULL_A_CIRCULAR_SHIFT,152,colombia_runoff,COL_2026,-1.1888433432326289e-07,2217,0.9727950855638438,True
A2,ACTIVE_RESULTS,NULL_A_CIRCULAR_SHIFT,153,colombia_first_round,COL_2026,-1.106670484821269e-07,2471,0.9644808743169399,True
A2,ACTIVE_RESULTS,NULL_A_CIRCULAR_SHIFT,153,colombia_runoff,COL_2026,-7.807042844289722e-08,2230,0.9784993418165863,True
A2,ACTIVE_RESULTS,NULL_A_CIRCULAR_SHIFT,154,colombia_first_round,COL_2026,-1.0363957851732079e-07,2471,0.9644808743169399,True
A2,ACTIVE_RESULTS,NULL_A_CIRCULAR_SHIFT,154,colombia_runoff,COL_2026,-1.4848885547497068e-07,2225,0.976305397103993,True
A2,ACTIVE_RESULTS,NULL_A_CIRCULAR_SHIFT,155,colombia_first_round,COL_2026,-1.0622525003015492e-07,2467,0.962919594067135,True
A2,ACTIVE_RESULTS,NULL_A_CIRCULAR_SHIFT,155,colombia_runoff,COL_2026,-1.1316323797873637e-07,2233,0.9798157086441421,True
A2,ACTIVE_RESULTS,NULL_A_CIRCULAR_SHIFT,156,colombia_first_round,COL_2026,-1.5102548166091357e-07,2474,0.9656518345042935,True
A2,ACTIVE_RESULTS,NULL_A_CIRCULAR_SHIFT,156,colombia_runoff,COL_2026,-1.389982433051963e-07,2217,0.9727950855638438,True
A2,ACTIVE_RESULTS,NULL_A_CIRCULAR_SHIFT,157,colombia_first_round,COL_2026,-8.7607982697082e-08,2466,0.9625292740046838,True
A2,ACTIVE_RESULTS,NULL_A_CIRCULAR_SHIFT,157,colombia_runoff,COL_2026,-1.4416315160802038e-07,2231,0.9789381307591049,True
A2,ACTIVE_RESULTS,NULL_A_CIRCULAR_SHIFT,158,colombia_first_round,COL_2026,-1.0778190006537171e-07,2483,0.9691647150663544,True
A2,ACTIVE_RESULTS,NULL_A_CIRCULAR_SHIFT,158,colombia_runoff,COL_2026,-9.643697196176946e-08,2222,0.974989030276437,True
A2,ACTIVE_RESULTS,NULL_A_CIRCULAR_SHIFT,159,colombia_first_round,COL_2026,-8.886039924257436e-08,2469,0.9637002341920374,True
A2,ACTIVE_RESULTS,NULL_A_CIRCULAR_SHIFT,159,colombia_runoff,COL_2026,-7.491231410083688e-08,2229,0.9780605528740676,True
A2,ACTIVE_RESULTS,NULL_A_CIRCULAR_SHIFT,160,colombia_first_round,COL_2026,-8.796752106258517e-08,2469,0.9637002341920374,True
A2,ACTIVE_RESULTS,NULL_A_CIRCULAR_SHIFT,160,colombia_runoff,COL_2026,-1.245984418648334e-07,2226,0.9767441860465116,True
A2,ACTIVE_RESULTS,NULL_A_CIRCULAR_SHIFT,161,colombia_first_round,COL_2026,-1.3653561746965135e-07,2481,0.968384074941452,True
A2,ACTIVE_RESULTS,NULL_A_CIRCULAR_SHIFT,161,colombia_runoff,COL_2026,-1.0372273980074608e-07,2228,0.9776217639315489,True
A2,ACTIVE_RESULTS,NULL_A_CIRCULAR_SHIFT,162,colombia_first_round,COL_2026,-2.1830686203425322e-07,2466,0.9625292740046838,True
A2,ACTIVE_RESULTS,NULL_A_CIRCULAR_SHIFT,162,colombia_runoff,COL_2026,-7.565689130965644e-08,2225,0.976305397103993,True
A2,ACTIVE_RESULTS,NULL_A_CIRCULAR_SHIFT,163,colombia_first_round,COL_2026,-8.696201550082875e-08,2469,0.9637002341920374,True
A2,ACTIVE_RESULTS,NULL_A_CIRCULAR_SHIFT,163,colombia_runoff,COL_2026,-1.0139975146776339e-07,2222,0.974989030276437,True
A2,ACTIVE_RESULTS,NULL_A_CIRCULAR_SHIFT,164,colombia_first_round,COL_2026,-6.347355642351577e-08,2467,0.962919594067135,True
A2,ACTIVE_RESULTS,NULL_A_CIRCULAR_SHIFT,164,colombia_runoff,COL_2026,-9.281504371403867e-08,2226,0.9767441860465116,True
A2,ACTIVE_RESULTS,NULL_A_CIRCULAR_SHIFT,165,colombia_first_round,COL_2026,-1.0131344260702581e-07,2470,0.9640905542544886,True
A2,ACTIVE_RESULTS,NULL_A_CIRCULAR_SHIFT,165,colombia_runoff,COL_2026,-8.761122920092712e-08,2219,0.973672663448881,True
A2,ACTIVE_RESULTS,NULL_A_CIRCULAR_SHIFT,166,colombia_first_round,COL_2026,-1.9604318426189249e-07,2476,0.9664324746291959,True
A2,ACTIVE_RESULTS,NULL_A_CIRCULAR_SHIFT,166,colombia_runoff,COL_2026,-1.104775290350949e-07,2225,0.976305397103993,True
A2,ACTIVE_RESULTS,NULL_A_CIRCULAR_SHIFT,167,colombia_first_round,COL_2026,-7.626248952030296e-08,2484,0.9695550351288056,True
A2,ACTIVE_RESULTS,NULL_A_CIRCULAR_SHIFT,167,colombia_runoff,COL_2026,-8.445724098510195e-08,2228,0.9776217639315489,True
A2,ACTIVE_RESULTS,NULL_A_CIRCULAR_SHIFT,168,colombia_first_round,COL_2026,-1.1004011485033335e-07,2470,0.9640905542544886,True
A2,ACTIVE_RESULTS,NULL_A_CIRCULAR_SHIFT,168,colombia_runoff,COL_2026,-1.0357952296718616e-07,2222,0.974989030276437,True
A2,ACTIVE_RESULTS,NULL_A_CIRCULAR_SHIFT,169,colombia_first_round,COL_2026,-8.970606867513982e-08,2468,0.9633099141295862,True
A2,ACTIVE_RESULTS,NULL_A_CIRCULAR_SHIFT,169,colombia_runoff,COL_2026,-1.0254545501813506e-07,2221,0.9745502413339184,True
A2,ACTIVE_RESULTS,NULL_A_CIRCULAR_SHIFT,170,colombia_first_round,COL_2026,-1.023477378478369e-07,2467,0.962919594067135,True
A2,ACTIVE_RESULTS,NULL_A_CIRCULAR_SHIFT,170,colombia_runoff,COL_2026,-1.118003947003744e-07,2224,0.9758666081614743,True
A2,ACTIVE_RESULTS,NULL_A_CIRCULAR_SHIFT,171,colombia_first_round,COL_2026,-8.615189190954667e-08,2466,0.9625292740046838,True
A2,ACTIVE_RESULTS,NULL_A_CIRCULAR_SHIFT,171,colombia_runoff,COL_2026,-1.1638393172965997e-07,2220,0.9741114523913997,True
A2,ACTIVE_RESULTS,NULL_A_CIRCULAR_SHIFT,172,colombia_first_round,COL_2026,-9.369474266658826e-08,2470,0.9640905542544886,True
A2,ACTIVE_RESULTS,NULL_A_CIRCULAR_SHIFT,172,colombia_runoff,COL_2026,-8.022366385057554e-08,2228,0.9776217639315489,True
A2,ACTIVE_RESULTS,NULL_A_CIRCULAR_SHIFT,173,colombia_first_round,COL_2026,-1.3747689690865748e-07,2481,0.968384074941452,True
A2,ACTIVE_RESULTS,NULL_A_CIRCULAR_SHIFT,173,colombia_runoff,COL_2026,-9.938088110341536e-08,2227,0.9771829749890303,True
A2,ACTIVE_RESULTS,NULL_A_CIRCULAR_SHIFT,174,colombia_first_round,COL_2026,-9.486553572612233e-08,2469,0.9637002341920374,True
A2,ACTIVE_RESULTS,NULL_A_CIRCULAR_SHIFT,174,colombia_runoff,COL_2026,-9.313088980412822e-08,2231,0.9789381307591049,True
A2,ACTIVE_RESULTS,NULL_A_CIRCULAR_SHIFT,175,colombia_first_round,COL_2026,-6.635561792053233e-08,2481,0.968384074941452,True
A2,ACTIVE_RESULTS,NULL_A_CIRCULAR_SHIFT,175,colombia_runoff,COL_2026,-9.477998621366382e-08,2218,0.9732338745063625,True
A2,ACTIVE_RESULTS,NULL_A_CIRCULAR_SHIFT,176,colombia_first_round,COL_2026,-7.791019438431275e-08,2465,0.9621389539422326,True
A2,ACTIVE_RESULTS,NULL_A_CIRCULAR_SHIFT,176,colombia_runoff,COL_2026,-9.789729195238073e-08,2225,0.976305397103993,True
A2,ACTIVE_RESULTS,NULL_A_CIRCULAR_SHIFT,177,colombia_first_round,COL_2026,-8.716283893478209e-08,2469,0.9637002341920374,True
A2,ACTIVE_RESULTS,NULL_A_CIRCULAR_SHIFT,177,colombia_runoff,COL_2026,-7.662835913926336e-08,2220,0.9741114523913997,True
A2,ACTIVE_RESULTS,NULL_A_CIRCULAR_SHIFT,178,colombia_first_round,COL_2026,-8.735312401346708e-08,2468,0.9633099141295862,True
A2,ACTIVE_RESULTS,NULL_A_CIRCULAR_SHIFT,178,colombia_runoff,COL_2026,-9.202769183211789e-08,2223,0.9754278192189557,True
A2,ACTIVE_RESULTS,NULL_A_CIRCULAR_SHIFT,179,colombia_first_round,COL_2026,-1.622147268555571e-07,2468,0.9633099141295862,True
A2,ACTIVE_RESULTS,NULL_A_CIRCULAR_SHIFT,179,colombia_runoff,COL_2026,-7.257729876239527e-08,2222,0.974989030276437,True
A2,ACTIVE_RESULTS,NULL_A_CIRCULAR_SHIFT,180,colombia_first_round,COL_2026,-1.2786385221956656e-07,2467,0.962919594067135,True
A2,ACTIVE_RESULTS,NULL_A_CIRCULAR_SHIFT,180,colombia_runoff,COL_2026,-9.071968131423841e-08,2221,0.9745502413339184,True
A2,ACTIVE_RESULTS,NULL_A_CIRCULAR_SHIFT,181,colombia_first_round,COL_2026,-8.365504753320123e-08,2466,0.9625292740046838,True
A2,ACTIVE_RESULTS,NULL_A_CIRCULAR_SHIFT,181,colombia_runoff,COL_2026,-1.092679242632185e-07,2223,0.9754278192189557,True
A2,ACTIVE_RESULTS,NULL_A_CIRCULAR_SHIFT,182,colombia_first_round,COL_2026,-1.2708155155807182e-07,2468,0.9633099141295862,True
A2,ACTIVE_RESULTS,NULL_A_CIRCULAR_SHIFT,182,colombia_runoff,COL_2026,-8.86258552219272e-08,2223,0.9754278192189557,True
A2,ACTIVE_RESULTS,NULL_A_CIRCULAR_SHIFT,183,colombia_first_round,COL_2026,-6.103108398126435e-08,2466,0.9625292740046838,True
A2,ACTIVE_RESULTS,NULL_A_CIRCULAR_SHIFT,183,colombia_runoff,COL_2026,-9.733102095470475e-08,2217,0.9727950855638438,True
A2,ACTIVE_RESULTS,NULL_A_CIRCULAR_SHIFT,184,colombia_first_round,COL_2026,-8.351412015776661e-08,2468,0.9633099141295862,True
A2,ACTIVE_RESULTS,NULL_A_CIRCULAR_SHIFT,184,colombia_runoff,COL_2026,-7.577210581622569e-08,2228,0.9776217639315489,True
A2,ACTIVE_RESULTS,NULL_A_CIRCULAR_SHIFT,185,colombia_first_round,COL_2026,-1.5374636068243376e-07,2474,0.9656518345042935,True
A2,ACTIVE_RESULTS,NULL_A_CIRCULAR_SHIFT,185,colombia_runoff,COL_2026,-1.250219860699909e-07,2222,0.974989030276437,True
A2,ACTIVE_RESULTS,NULL_A_CIRCULAR_SHIFT,186,colombia_first_round,COL_2026,-8.99014770333044e-08,2472,0.9648711943793911,True
A2,ACTIVE_RESULTS,NULL_A_CIRCULAR_SHIFT,186,colombia_runoff,COL_2026,-1.1144420411220405e-07,2221,0.9745502413339184,True
A2,ACTIVE_RESULTS,NULL_A_CIRCULAR_SHIFT,187,colombia_first_round,COL_2026,-8.662028366835573e-08,2466,0.9625292740046838,True
A2,ACTIVE_RESULTS,NULL_A_CIRCULAR_SHIFT,187,colombia_runoff,COL_2026,-1.1186662520724752e-07,2228,0.9776217639315489,True
A2,ACTIVE_RESULTS,NULL_A_CIRCULAR_SHIFT,188,colombia_first_round,COL_2026,-1.1260335528700916e-07,2472,0.9648711943793911,True
A2,ACTIVE_RESULTS,NULL_A_CIRCULAR_SHIFT,188,colombia_runoff,COL_2026,-9.95497385874973e-08,2219,0.973672663448881,True
A2,ACTIVE_RESULTS,NULL_A_CIRCULAR_SHIFT,189,colombia_first_round,COL_2026,-1.2892686856307518e-07,2471,0.9644808743169399,True
A2,ACTIVE_RESULTS,NULL_A_CIRCULAR_SHIFT,189,colombia_runoff,COL_2026,-1.0297148367956387e-07,2229,0.9780605528740676,True
A2,ACTIVE_RESULTS,NULL_A_CIRCULAR_SHIFT,190,colombia_first_round,COL_2026,-1.4819306661225626e-07,2468,0.9633099141295862,True
A2,ACTIVE_RESULTS,NULL_A_CIRCULAR_SHIFT,190,colombia_runoff,COL_2026,-1.587952490949287e-07,2230,0.9784993418165863,True
A2,ACTIVE_RESULTS,NULL_A_CIRCULAR_SHIFT,191,colombia_first_round,COL_2026,-1.0170111365015211e-07,2468,0.9633099141295862,True
A2,ACTIVE_RESULTS,NULL_A_CIRCULAR_SHIFT,191,colombia_runoff,COL_2026,-9.819788727504846e-08,2222,0.974989030276437,True
A2,ACTIVE_RESULTS,NULL_A_CIRCULAR_SHIFT,192,colombia_first_round,COL_2026,-6.368524188900002e-08,2472,0.9648711943793911,True
A2,ACTIVE_RESULTS,NULL_A_CIRCULAR_SHIFT,192,colombia_runoff,COL_2026,-9.45877304433788e-08,2223,0.9754278192189557,True
A2,ACTIVE_RESULTS,NULL_A_CIRCULAR_SHIFT,193,colombia_first_round,COL_2026,-7.961860858756222e-08,2466,0.9625292740046838,True
A2,ACTIVE_RESULTS,NULL_A_CIRCULAR_SHIFT,193,colombia_runoff,COL_2026,-1.0314627477379726e-07,2220,0.9741114523913997,True
A2,ACTIVE_RESULTS,NULL_A_CIRCULAR_SHIFT,194,colombia_first_round,COL_2026,-9.937850732757757e-08,2469,0.9637002341920374,True
A2,ACTIVE_RESULTS,NULL_A_CIRCULAR_SHIFT,194,colombia_runoff,COL_2026,-1.1340718304714598e-07,2222,0.974989030276437,True
A2,ACTIVE_RESULTS,NULL_A_CIRCULAR_SHIFT,195,colombia_first_round,COL_2026,-1.0250358186487495e-07,2468,0.9633099141295862,True
A2,ACTIVE_RESULTS,NULL_A_CIRCULAR_SHIFT,195,colombia_runoff,COL_2026,-9.012748993158686e-08,2231,0.9789381307591049,True
A2,ACTIVE_RESULTS,NULL_A_CIRCULAR_SHIFT,196,colombia_first_round,COL_2026,-1.386806221604533e-07,2475,0.9660421545667447,True
A2,ACTIVE_RESULTS,NULL_A_CIRCULAR_SHIFT,196,colombia_runoff,COL_2026,-1.0785064670784083e-07,2232,0.9793769197016235,True
A2,ACTIVE_RESULTS,NULL_A_CIRCULAR_SHIFT,197,colombia_first_round,COL_2026,-1.595590033130158e-07,2487,0.9707259953161592,True
A2,ACTIVE_RESULTS,NULL_A_CIRCULAR_SHIFT,197,colombia_runoff,COL_2026,-1.3403835778913504e-07,2227,0.9771829749890303,True
A2,ACTIVE_RESULTS,NULL_A_CIRCULAR_SHIFT,198,colombia_first_round,COL_2026,-1.1221608486908896e-07,2489,0.9715066354410616,True
A2,ACTIVE_RESULTS,NULL_A_CIRCULAR_SHIFT,198,colombia_runoff,COL_2026,-1.3543113446938836e-07,2223,0.9754278192189557,True
A2,ACTIVE_RESULTS,NULL_A_CIRCULAR_SHIFT,199,colombia_first_round,COL_2026,-9.214858687923658e-08,2467,0.962919594067135,True
A2,ACTIVE_RESULTS,NULL_A_CIRCULAR_SHIFT,199,colombia_runoff,COL_2026,-1.2884380739670055e-07,2223,0.9754278192189557,True
A2,ACTIVE_RESULTS,NULL_A_CIRCULAR_SHIFT,200,colombia_first_round,COL_2026,-6.647835939577257e-08,2484,0.9695550351288056,True
A2,ACTIVE_RESULTS,NULL_A_CIRCULAR_SHIFT,200,colombia_runoff,COL_2026,-1.162719552054078e-07,2219,0.973672663448881,True
A2,ACTIVE_RESULTS,NULL_A_CIRCULAR_SHIFT,201,colombia_first_round,COL_2026,-1.0586002238750955e-07,2477,0.9668227946916471,True
A2,ACTIVE_RESULTS,NULL_A_CIRCULAR_SHIFT,201,colombia_runoff,COL_2026,-9.434707717080416e-08,2225,0.976305397103993,True
A2,ACTIVE_RESULTS,NULL_A_CIRCULAR_SHIFT,202,colombia_first_round,COL_2026,-1.2374161271350762e-07,2469,0.9637002341920374,True
A2,ACTIVE_RESULTS,NULL_A_CIRCULAR_SHIFT,202,colombia_runoff,COL_2026,-8.425374273801253e-08,2222,0.974989030276437,True
A2,ACTIVE_RESULTS,NULL_A_CIRCULAR_SHIFT,203,colombia_first_round,COL_2026,-1.4633308639158612e-07,2472,0.9648711943793911,True
A2,ACTIVE_RESULTS,NULL_A_CIRCULAR_SHIFT,203,colombia_runoff,COL_2026,-1.282214174988093e-07,2229,0.9780605528740676,True
A2,ACTIVE_RESULTS,NULL_A_CIRCULAR_SHIFT,204,colombia_first_round,COL_2026,-1.4503091149084198e-07,2476,0.9664324746291959,True
A2,ACTIVE_RESULTS,NULL_A_CIRCULAR_SHIFT,204,colombia_runoff,COL_2026,-9.859870162451102e-08,2234,0.9802544975866608,True
A2,ACTIVE_RESULTS,NULL_A_CIRCULAR_SHIFT,205,colombia_first_round,COL_2026,-1.1368646651752352e-07,2481,0.968384074941452,True
A2,ACTIVE_RESULTS,NULL_A_CIRCULAR_SHIFT,205,colombia_runoff,COL_2026,-1.6990211576622947e-07,2224,0.9758666081614743,True
A2,ACTIVE_RESULTS,NULL_A_CIRCULAR_SHIFT,206,colombia_first_round,COL_2026,-1.405831051442656e-07,2468,0.9633099141295862,True
A2,ACTIVE_RESULTS,NULL_A_CIRCULAR_SHIFT,206,colombia_runoff,COL_2026,-1.6934617243126826e-07,2230,0.9784993418165863,True
A2,ACTIVE_RESULTS,NULL_A_CIRCULAR_SHIFT,207,colombia_first_round,COL_2026,-1.294886018382121e-07,2471,0.9644808743169399,True
A2,ACTIVE_RESULTS,NULL_A_CIRCULAR_SHIFT,207,colombia_runoff,COL_2026,-1.018828867330933e-07,2219,0.973672663448881,True
A2,ACTIVE_RESULTS,NULL_A_CIRCULAR_SHIFT,208,colombia_first_round,COL_2026,-1.6798781649057756e-07,2465,0.9621389539422326,True
A2,ACTIVE_RESULTS,NULL_A_CIRCULAR_SHIFT,208,colombia_runoff,COL_2026,-1.0919428645887888e-07,2227,0.9771829749890303,True
A2,ACTIVE_RESULTS,NULL_A_CIRCULAR_SHIFT,209,colombia_first_round,COL_2026,-1.026075335163868e-07,2484,0.9695550351288056,True
A2,ACTIVE_RESULTS,NULL_A_CIRCULAR_SHIFT,209,colombia_runoff,COL_2026,-1.1809890448508042e-07,2225,0.976305397103993,True
A2,ACTIVE_RESULTS,NULL_A_CIRCULAR_SHIFT,210,colombia_first_round,COL_2026,-1.0581183274391904e-07,2476,0.9664324746291959,True
A2,ACTIVE_RESULTS,NULL_A_CIRCULAR_SHIFT,210,colombia_runoff,COL_2026,-1.2877693313350495e-07,2223,0.9754278192189557,True
A2,ACTIVE_RESULTS,NULL_A_CIRCULAR_SHIFT,211,colombia_first_round,COL_2026,-1.6758785988150372e-07,2468,0.9633099141295862,True
A2,ACTIVE_RESULTS,NULL_A_CIRCULAR_SHIFT,211,colombia_runoff,COL_2026,-1.3291766787998608e-07,2219,0.973672663448881,True
A2,ACTIVE_RESULTS,NULL_A_CIRCULAR_SHIFT,212,colombia_first_round,COL_2026,-1.0557387379667708e-07,2473,0.9652615144418423,True
A2,ACTIVE_RESULTS,NULL_A_CIRCULAR_SHIFT,212,colombia_runoff,COL_2026,-8.180150459613483e-08,2226,0.9767441860465116,True
A2,ACTIVE_RESULTS,NULL_A_CIRCULAR_SHIFT,213,colombia_first_round,COL_2026,-9.184466423383039e-08,2469,0.9637002341920374,True
A2,ACTIVE_RESULTS,NULL_A_CIRCULAR_SHIFT,213,colombia_runoff,COL_2026,-1.6179973968228137e-07,2223,0.9754278192189557,True
A2,ACTIVE_RESULTS,NULL_A_CIRCULAR_SHIFT,214,colombia_first_round,COL_2026,-1.5272166902813777e-07,2485,0.9699453551912568,True
A2,ACTIVE_RESULTS,NULL_A_CIRCULAR_SHIFT,214,colombia_runoff,COL_2026,-1.2264302731218584e-07,2238,0.9820096533567354,True
A2,ACTIVE_RESULTS,NULL_A_CIRCULAR_SHIFT,215,colombia_first_round,COL_2026,-1.0958007525606705e-07,2468,0.9633099141295862,True
A2,ACTIVE_RESULTS,NULL_A_CIRCULAR_SHIFT,215,colombia_runoff,COL_2026,-8.362622331554109e-08,2223,0.9754278192189557,True
A2,ACTIVE_RESULTS,NULL_A_CIRCULAR_SHIFT,216,colombia_first_round,COL_2026,-1.1917016336134707e-07,2472,0.9648711943793911,True
A2,ACTIVE_RESULTS,NULL_A_CIRCULAR_SHIFT,216,colombia_runoff,COL_2026,-9.928987263196246e-08,2227,0.9771829749890303,True
A2,ACTIVE_RESULTS,NULL_A_CIRCULAR_SHIFT,217,colombia_first_round,COL_2026,-5.99094944820456e-08,2478,0.9672131147540983,True
A2,ACTIVE_RESULTS,NULL_A_CIRCULAR_SHIFT,217,colombia_runoff,COL_2026,-1.9454732724767783e-07,2220,0.9741114523913997,True
A2,ACTIVE_RESULTS,NULL_A_CIRCULAR_SHIFT,218,colombia_first_round,COL_2026,-1.9726446574360287e-07,2468,0.9633099141295862,True
A2,ACTIVE_RESULTS,NULL_A_CIRCULAR_SHIFT,218,colombia_runoff,COL_2026,-1.165366992541744e-07,2224,0.9758666081614743,True
A2,ACTIVE_RESULTS,NULL_A_CIRCULAR_SHIFT,219,colombia_first_round,COL_2026,-1.3819775663331186e-07,2488,0.9711163153786104,True
A2,ACTIVE_RESULTS,NULL_A_CIRCULAR_SHIFT,219,colombia_runoff,COL_2026,-8.338075743215747e-08,2224,0.9758666081614743,True
A2,ACTIVE_RESULTS,NULL_A_CIRCULAR_SHIFT,220,colombia_first_round,COL_2026,-7.532153319687149e-08,2468,0.9633099141295862,True
A2,ACTIVE_RESULTS,NULL_A_CIRCULAR_SHIFT,220,colombia_runoff,COL_2026,-1.0016684390139223e-07,2228,0.9776217639315489,True
A2,ACTIVE_RESULTS,NULL_A_CIRCULAR_SHIFT,221,colombia_first_round,COL_2026,-9.126800569780232e-08,2477,0.9668227946916471,True
A2,ACTIVE_RESULTS,NULL_A_CIRCULAR_SHIFT,221,colombia_runoff,COL_2026,-9.965349762144523e-08,2223,0.9754278192189557,True
A2,ACTIVE_RESULTS,NULL_A_CIRCULAR_SHIFT,222,colombia_first_round,COL_2026,-2.2093773609081904e-07,2475,0.9660421545667447,True
A2,ACTIVE_RESULTS,NULL_A_CIRCULAR_SHIFT,222,colombia_runoff,COL_2026,-7.078504512382297e-08,2229,0.9780605528740676,True
A2,ACTIVE_RESULTS,NULL_A_CIRCULAR_SHIFT,223,colombia_first_round,COL_2026,-1.5996671247928081e-07,2470,0.9640905542544886,True
A2,ACTIVE_RESULTS,NULL_A_CIRCULAR_SHIFT,223,colombia_runoff,COL_2026,-9.385889729485347e-08,2227,0.9771829749890303,True
A2,ACTIVE_RESULTS,NULL_A_CIRCULAR_SHIFT,224,colombia_first_round,COL_2026,-1.8855750116967838e-07,2474,0.9656518345042935,True
A2,ACTIVE_RESULTS,NULL_A_CIRCULAR_SHIFT,224,colombia_runoff,COL_2026,-9.870642198668117e-08,2224,0.9758666081614743,True
A2,ACTIVE_RESULTS,NULL_A_CIRCULAR_SHIFT,225,colombia_first_round,COL_2026,-1.0326141182724612e-07,2468,0.9633099141295862,True
A2,ACTIVE_RESULTS,NULL_A_CIRCULAR_SHIFT,225,colombia_runoff,COL_2026,-1.0241819792250833e-07,2229,0.9780605528740676,True
A2,ACTIVE_RESULTS,NULL_A_CIRCULAR_SHIFT,226,colombia_first_round,COL_2026,-8.319056581115142e-08,2476,0.9664324746291959,True
A2,ACTIVE_RESULTS,NULL_A_CIRCULAR_SHIFT,226,colombia_runoff,COL_2026,-8.337722618936207e-08,2226,0.9767441860465116,True
A2,ACTIVE_RESULTS,NULL_A_CIRCULAR_SHIFT,227,colombia_first_round,COL_2026,-6.922293477486625e-08,2483,0.9691647150663544,True
A2,ACTIVE_RESULTS,NULL_A_CIRCULAR_SHIFT,227,colombia_runoff,COL_2026,-1.7802376431920966e-07,2228,0.9776217639315489,True
A2,ACTIVE_RESULTS,NULL_A_CIRCULAR_SHIFT,228,colombia_first_round,COL_2026,-1.2778614574728394e-07,2466,0.9625292740046838,True
A2,ACTIVE_RESULTS,NULL_A_CIRCULAR_SHIFT,228,colombia_runoff,COL_2026,-1.1591415135931294e-07,2224,0.9758666081614743,True
A2,ACTIVE_RESULTS,NULL_A_CIRCULAR_SHIFT,229,colombia_first_round,COL_2026,-1.0275977366442974e-07,2467,0.962919594067135,True
A2,ACTIVE_RESULTS,NULL_A_CIRCULAR_SHIFT,229,colombia_runoff,COL_2026,-1.0693145296765621e-07,2224,0.9758666081614743,True
A2,ACTIVE_RESULTS,NULL_A_CIRCULAR_SHIFT,230,colombia_first_round,COL_2026,-9.907470046350435e-08,2470,0.9640905542544886,True
A2,ACTIVE_RESULTS,NULL_A_CIRCULAR_SHIFT,230,colombia_runoff,COL_2026,-8.965910941650869e-08,2221,0.9745502413339184,True
A2,ACTIVE_RESULTS,NULL_A_CIRCULAR_SHIFT,231,colombia_first_round,COL_2026,-8.607542679373662e-08,2476,0.9664324746291959,True
A2,ACTIVE_RESULTS,NULL_A_CIRCULAR_SHIFT,231,colombia_runoff,COL_2026,-1.19985751684812e-07,2227,0.9771829749890303,True
A2,ACTIVE_RESULTS,NULL_A_CIRCULAR_SHIFT,232,colombia_first_round,COL_2026,-1.299521716787512e-07,2474,0.9656518345042935,True
A2,ACTIVE_RESULTS,NULL_A_CIRCULAR_SHIFT,232,colombia_runoff,COL_2026,-9.3237344274928e-08,2229,0.9780605528740676,True
A2,ACTIVE_RESULTS,NULL_A_CIRCULAR_SHIFT,233,colombia_first_round,COL_2026,-2.3825347862918197e-07,2468,0.9633099141295862,True
A2,ACTIVE_RESULTS,NULL_A_CIRCULAR_SHIFT,233,colombia_runoff,COL_2026,-8.370395907178876e-08,2224,0.9758666081614743,True
A2,ACTIVE_RESULTS,NULL_A_CIRCULAR_SHIFT,234,colombia_first_round,COL_2026,-1.3250047105900476e-07,2467,0.962919594067135,True
A2,ACTIVE_RESULTS,NULL_A_CIRCULAR_SHIFT,234,colombia_runoff,COL_2026,-1.1622049815167529e-07,2231,0.9789381307591049,True
A2,ACTIVE_RESULTS,NULL_A_CIRCULAR_SHIFT,235,colombia_first_round,COL_2026,-1.361461214801879e-07,2472,0.9648711943793911,True
A2,ACTIVE_RESULTS,NULL_A_CIRCULAR_SHIFT,235,colombia_runoff,COL_2026,-1.2045100413129806e-07,2221,0.9745502413339184,True
A2,ACTIVE_RESULTS,NULL_A_CIRCULAR_SHIFT,236,colombia_first_round,COL_2026,-7.708373591720981e-08,2467,0.962919594067135,True
A2,ACTIVE_RESULTS,NULL_A_CIRCULAR_SHIFT,236,colombia_runoff,COL_2026,-1.0411644249078458e-07,2220,0.9741114523913997,True
A2,ACTIVE_RESULTS,NULL_A_CIRCULAR_SHIFT,237,colombia_first_round,COL_2026,-1.1537159430104139e-07,2474,0.9656518345042935,True
A2,ACTIVE_RESULTS,NULL_A_CIRCULAR_SHIFT,237,colombia_runoff,COL_2026,-8.9427338538653e-08,2224,0.9758666081614743,True
A2,ACTIVE_RESULTS,NULL_A_CIRCULAR_SHIFT,238,colombia_first_round,COL_2026,-1.4898609743128196e-07,2477,0.9668227946916471,True
A2,ACTIVE_RESULTS,NULL_A_CIRCULAR_SHIFT,238,colombia_runoff,COL_2026,-1.1745221487540817e-07,2225,0.976305397103993,True
A2,ACTIVE_RESULTS,NULL_A_CIRCULAR_SHIFT,239,colombia_first_round,COL_2026,-1.106040663557224e-07,2472,0.9648711943793911,True
A2,ACTIVE_RESULTS,NULL_A_CIRCULAR_SHIFT,239,colombia_runoff,COL_2026,-7.935497706235005e-08,2228,0.9776217639315489,True
A2,ACTIVE_RESULTS,NULL_A_CIRCULAR_SHIFT,240,colombia_first_round,COL_2026,-1.1141100235634882e-07,2473,0.9652615144418423,True
A2,ACTIVE_RESULTS,NULL_A_CIRCULAR_SHIFT,240,colombia_runoff,COL_2026,-1.0162382362141845e-07,2227,0.9771829749890303,True
A2,ACTIVE_RESULTS,NULL_A_CIRCULAR_SHIFT,241,colombia_first_round,COL_2026,-7.566523962254143e-08,2486,0.970335675253708,True
A2,ACTIVE_RESULTS,NULL_A_CIRCULAR_SHIFT,241,colombia_runoff,COL_2026,-8.331689785283624e-08,2236,0.9811320754716981,True
A2,ACTIVE_RESULTS,NULL_A_CIRCULAR_SHIFT,242,colombia_first_round,COL_2026,-7.331697718897177e-08,2470,0.9640905542544886,True
A2,ACTIVE_RESULTS,NULL_A_CIRCULAR_SHIFT,242,colombia_runoff,COL_2026,-9.342352008837636e-08,2227,0.9771829749890303,True
A2,ACTIVE_RESULTS,NULL_A_CIRCULAR_SHIFT,243,colombia_first_round,COL_2026,-1.2822886510083386e-07,2470,0.9640905542544886,True
A2,ACTIVE_RESULTS,NULL_A_CIRCULAR_SHIFT,243,colombia_runoff,COL_2026,-9.569099200210369e-08,2220,0.9741114523913997,True
A2,ACTIVE_RESULTS,NULL_A_CIRCULAR_SHIFT,244,colombia_first_round,COL_2026,-7.791218325072053e-08,2471,0.9644808743169399,True
A2,ACTIVE_RESULTS,NULL_A_CIRCULAR_SHIFT,244,colombia_runoff,COL_2026,-8.337752975552139e-08,2228,0.9776217639315489,True
A2,ACTIVE_RESULTS,NULL_A_CIRCULAR_SHIFT,245,colombia_first_round,COL_2026,-7.82701160749519e-08,2466,0.9625292740046838,True
A2,ACTIVE_RESULTS,NULL_A_CIRCULAR_SHIFT,245,colombia_runoff,COL_2026,-1.2155636508180695e-07,2221,0.9745502413339184,True
A2,ACTIVE_RESULTS,NULL_A_CIRCULAR_SHIFT,246,colombia_first_round,COL_2026,-1.0096169715091032e-07,2474,0.9656518345042935,True
A2,ACTIVE_RESULTS,NULL_A_CIRCULAR_SHIFT,246,colombia_runoff,COL_2026,-9.25856929136836e-08,2222,0.974989030276437,True
A2,ACTIVE_RESULTS,NULL_A_CIRCULAR_SHIFT,247,colombia_first_round,COL_2026,-1.1948548127150245e-07,2468,0.9633099141295862,True
A2,ACTIVE_RESULTS,NULL_A_CIRCULAR_SHIFT,247,colombia_runoff,COL_2026,-1.078491133154233e-07,2227,0.9771829749890303,True
A2,ACTIVE_RESULTS,NULL_A_CIRCULAR_SHIFT,248,colombia_first_round,COL_2026,-1.1203189281167111e-07,2469,0.9637002341920374,True
A2,ACTIVE_RESULTS,NULL_A_CIRCULAR_SHIFT,248,colombia_runoff,COL_2026,-9.302148943986912e-08,2228,0.9776217639315489,True
A2,ACTIVE_RESULTS,NULL_A_CIRCULAR_SHIFT,249,colombia_first_round,COL_2026,-1.0451438764692153e-07,2466,0.9625292740046838,True
A2,ACTIVE_RESULTS,NULL_A_CIRCULAR_SHIFT,249,colombia_runoff,COL_2026,-1.068720608352912e-07,2224,0.9758666081614743,True
A2,ACTIVE_RESULTS,NULL_B_BLOCK_TIME_PERMUTATION,0,colombia_first_round,COL_2026,-1.0237301147848947e-07,2475,0.9660421545667447,True
A2,ACTIVE_RESULTS,NULL_B_BLOCK_TIME_PERMUTATION,0,colombia_runoff,COL_2026,-6.877274206698924e-08,2230,0.9784993418165863,True
A2,ACTIVE_RESULTS,NULL_B_BLOCK_TIME_PERMUTATION,1,colombia_first_round,COL_2026,-7.666505441371727e-08,2471,0.9644808743169399,True
A2,ACTIVE_RESULTS,NULL_B_BLOCK_TIME_PERMUTATION,1,colombia_runoff,COL_2026,-1.1077664380780861e-07,2221,0.9745502413339184,True
A2,ACTIVE_RESULTS,NULL_B_BLOCK_TIME_PERMUTATION,2,colombia_first_round,COL_2026,-8.494858997048722e-08,2470,0.9640905542544886,True
A2,ACTIVE_RESULTS,NULL_B_BLOCK_TIME_PERMUTATION,2,colombia_runoff,COL_2026,-1.186061598850493e-07,2221,0.9745502413339184,True
A2,ACTIVE_RESULTS,NULL_B_BLOCK_TIME_PERMUTATION,3,colombia_first_round,COL_2026,-1.1326627961562514e-07,2471,0.9644808743169399,True
A2,ACTIVE_RESULTS,NULL_B_BLOCK_TIME_PERMUTATION,3,colombia_runoff,COL_2026,-9.687047472017737e-08,2219,0.973672663448881,True
A2,ACTIVE_RESULTS,NULL_B_BLOCK_TIME_PERMUTATION,4,colombia_first_round,COL_2026,-1.1571543196409364e-07,2471,0.9644808743169399,True
A2,ACTIVE_RESULTS,NULL_B_BLOCK_TIME_PERMUTATION,4,colombia_runoff,COL_2026,-8.284652047202886e-08,2227,0.9771829749890303,True
A2,ACTIVE_RESULTS,NULL_B_BLOCK_TIME_PERMUTATION,5,colombia_first_round,COL_2026,-9.26127499663102e-08,2473,0.9652615144418423,True
A2,ACTIVE_RESULTS,NULL_B_BLOCK_TIME_PERMUTATION,5,colombia_runoff,COL_2026,-1.4366225407839184e-07,2224,0.9758666081614743,True
A2,ACTIVE_RESULTS,NULL_B_BLOCK_TIME_PERMUTATION,6,colombia_first_round,COL_2026,-8.228708417314117e-08,2471,0.9644808743169399,True
A2,ACTIVE_RESULTS,NULL_B_BLOCK_TIME_PERMUTATION,6,colombia_runoff,COL_2026,-7.921644558582857e-08,2226,0.9767441860465116,True
A2,ACTIVE_RESULTS,NULL_B_BLOCK_TIME_PERMUTATION,7,colombia_first_round,COL_2026,-9.526076037304133e-08,2474,0.9656518345042935,True
A2,ACTIVE_RESULTS,NULL_B_BLOCK_TIME_PERMUTATION,7,colombia_runoff,COL_2026,-1.3425687797798465e-07,2228,0.9776217639315489,True
A2,ACTIVE_RESULTS,NULL_B_BLOCK_TIME_PERMUTATION,8,colombia_first_round,COL_2026,-7.736306562907713e-08,2471,0.9644808743169399,True
A2,ACTIVE_RESULTS,NULL_B_BLOCK_TIME_PERMUTATION,8,colombia_runoff,COL_2026,-1.2550625550876868e-07,2229,0.9780605528740676,True
A2,ACTIVE_RESULTS,NULL_B_BLOCK_TIME_PERMUTATION,9,colombia_first_round,COL_2026,-9.883713627255915e-08,2469,0.9637002341920374,True
A2,ACTIVE_RESULTS,NULL_B_BLOCK_TIME_PERMUTATION,9,colombia_runoff,COL_2026,-1.4919037972337164e-07,2233,0.9798157086441421,True
A2,ACTIVE_RESULTS,NULL_B_BLOCK_TIME_PERMUTATION,10,colombia_first_round,COL_2026,-1.0515561913414711e-07,2471,0.9644808743169399,True
A2,ACTIVE_RESULTS,NULL_B_BLOCK_TIME_PERMUTATION,10,colombia_runoff,COL_2026,-1.4839336041012928e-07,2219,0.973672663448881,True
A2,ACTIVE_RESULTS,NULL_B_BLOCK_TIME_PERMUTATION,11,colombia_first_round,COL_2026,-8.818552457321842e-08,2473,0.9652615144418423,True
A2,ACTIVE_RESULTS,NULL_B_BLOCK_TIME_PERMUTATION,11,colombia_runoff,COL_2026,-9.125746317637851e-08,2228,0.9776217639315489,True
A2,ACTIVE_RESULTS,NULL_B_BLOCK_TIME_PERMUTATION,12,colombia_first_round,COL_2026,-8.616558127309033e-08,2467,0.962919594067135,True
A2,ACTIVE_RESULTS,NULL_B_BLOCK_TIME_PERMUTATION,12,colombia_runoff,COL_2026,-1.0537146001161322e-07,2228,0.9776217639315489,True
A2,ACTIVE_RESULTS,NULL_B_BLOCK_TIME_PERMUTATION,13,colombia_first_round,COL_2026,-9.364216325127483e-08,2469,0.9637002341920374,True
A2,ACTIVE_RESULTS,NULL_B_BLOCK_TIME_PERMUTATION,13,colombia_runoff,COL_2026,-9.169707722320996e-08,2227,0.9771829749890303,True
A2,ACTIVE_RESULTS,NULL_B_BLOCK_TIME_PERMUTATION,14,colombia_first_round,COL_2026,-8.137386159385834e-08,2473,0.9652615144418423,True
A2,ACTIVE_RESULTS,NULL_B_BLOCK_TIME_PERMUTATION,14,colombia_runoff,COL_2026,-1.0908646213851142e-07,2220,0.9741114523913997,True
A2,ACTIVE_RESULTS,NULL_B_BLOCK_TIME_PERMUTATION,15,colombia_first_round,COL_2026,-7.420050377534213e-08,2476,0.9664324746291959,True
A2,ACTIVE_RESULTS,NULL_B_BLOCK_TIME_PERMUTATION,15,colombia_runoff,COL_2026,-1.441740775319755e-07,2224,0.9758666081614743,True
A2,ACTIVE_RESULTS,NULL_B_BLOCK_TIME_PERMUTATION,16,colombia_first_round,COL_2026,-1.3589923000130875e-07,2467,0.962919594067135,True
A2,ACTIVE_RESULTS,NULL_B_BLOCK_TIME_PERMUTATION,16,colombia_runoff,COL_2026,-1.0505474164748146e-07,2228,0.9776217639315489,True
A2,ACTIVE_RESULTS,NULL_B_BLOCK_TIME_PERMUTATION,17,colombia_first_round,COL_2026,-9.886084154894774e-08,2476,0.9664324746291959,True
A2,ACTIVE_RESULTS,NULL_B_BLOCK_TIME_PERMUTATION,17,colombia_runoff,COL_2026,-1.3240301841312956e-07,2226,0.9767441860465116,True
A2,ACTIVE_RESULTS,NULL_B_BLOCK_TIME_PERMUTATION,18,colombia_first_round,COL_2026,-1.0138645727942224e-07,2473,0.9652615144418423,True
A2,ACTIVE_RESULTS,NULL_B_BLOCK_TIME_PERMUTATION,18,colombia_runoff,COL_2026,-1.075619137846343e-07,2224,0.9758666081614743,True
A2,ACTIVE_RESULTS,NULL_B_BLOCK_TIME_PERMUTATION,19,colombia_first_round,COL_2026,-1.4809652533555552e-07,2472,0.9648711943793911,True
A2,ACTIVE_RESULTS,NULL_B_BLOCK_TIME_PERMUTATION,19,colombia_runoff,COL_2026,-1.091352406582392e-07,2232,0.9793769197016235,True
A2,ACTIVE_RESULTS,NULL_B_BLOCK_TIME_PERMUTATION,20,colombia_first_round,COL_2026,-7.75073835213663e-08,2476,0.9664324746291959,True
A2,ACTIVE_RESULTS,NULL_B_BLOCK_TIME_PERMUTATION,20,colombia_runoff,COL_2026,-1.78713000341654e-07,2230,0.9784993418165863,True
A2,ACTIVE_RESULTS,NULL_B_BLOCK_TIME_PERMUTATION,21,colombia_first_round,COL_2026,-1.4302082852034987e-07,2468,0.9633099141295862,True
A2,ACTIVE_RESULTS,NULL_B_BLOCK_TIME_PERMUTATION,21,colombia_runoff,COL_2026,-1.0845237532287298e-07,2225,0.976305397103993,True
A2,ACTIVE_RESULTS,NULL_B_BLOCK_TIME_PERMUTATION,22,colombia_first_round,COL_2026,-9.659297674403683e-08,2470,0.9640905542544886,True
A2,ACTIVE_RESULTS,NULL_B_BLOCK_TIME_PERMUTATION,22,colombia_runoff,COL_2026,-1.5016002097503035e-07,2221,0.9745502413339184,True
A2,ACTIVE_RESULTS,NULL_B_BLOCK_TIME_PERMUTATION,23,colombia_first_round,COL_2026,-1.0164492212237309e-07,2475,0.9660421545667447,True
A2,ACTIVE_RESULTS,NULL_B_BLOCK_TIME_PERMUTATION,23,colombia_runoff,COL_2026,-1.5096041499269643e-07,2218,0.9732338745063625,True
A2,ACTIVE_RESULTS,NULL_B_BLOCK_TIME_PERMUTATION,24,colombia_first_round,COL_2026,-1.4249331317217766e-07,2467,0.962919594067135,True
A2,ACTIVE_RESULTS,NULL_B_BLOCK_TIME_PERMUTATION,24,colombia_runoff,COL_2026,-7.899122875093983e-08,2229,0.9780605528740676,True
A2,ACTIVE_RESULTS,NULL_B_BLOCK_TIME_PERMUTATION,25,colombia_first_round,COL_2026,-1.3315777692741295e-07,2472,0.9648711943793911,True
A2,ACTIVE_RESULTS,NULL_B_BLOCK_TIME_PERMUTATION,25,colombia_runoff,COL_2026,-1.0719021307586439e-07,2222,0.974989030276437,True
A2,ACTIVE_RESULTS,NULL_B_BLOCK_TIME_PERMUTATION,26,colombia_first_round,COL_2026,-1.3748117581105722e-07,2478,0.9672131147540983,True
A2,ACTIVE_RESULTS,NULL_B_BLOCK_TIME_PERMUTATION,26,colombia_runoff,COL_2026,-1.2051088362613428e-07,2223,0.9754278192189557,True
A2,ACTIVE_RESULTS,NULL_B_BLOCK_TIME_PERMUTATION,27,colombia_first_round,COL_2026,-1.042867668041373e-07,2470,0.9640905542544886,True
A2,ACTIVE_RESULTS,NULL_B_BLOCK_TIME_PERMUTATION,27,colombia_runoff,COL_2026,-6.795085738855304e-08,2228,0.9776217639315489,True
A2,ACTIVE_RESULTS,NULL_B_BLOCK_TIME_PERMUTATION,28,colombia_first_round,COL_2026,-7.652809112323887e-08,2468,0.9633099141295862,True
A2,ACTIVE_RESULTS,NULL_B_BLOCK_TIME_PERMUTATION,28,colombia_runoff,COL_2026,-7.46536106222974e-08,2235,0.9806932865291794,True
A2,ACTIVE_RESULTS,NULL_B_BLOCK_TIME_PERMUTATION,29,colombia_first_round,COL_2026,-1.0118308600865324e-07,2473,0.9652615144418423,True
A2,ACTIVE_RESULTS,NULL_B_BLOCK_TIME_PERMUTATION,29,colombia_runoff,COL_2026,-8.445918648284557e-08,2221,0.9745502413339184,True
A2,ACTIVE_RESULTS,NULL_B_BLOCK_TIME_PERMUTATION,30,colombia_first_round,COL_2026,-1.434394472965871e-07,2472,0.9648711943793911,True
A2,ACTIVE_RESULTS,NULL_B_BLOCK_TIME_PERMUTATION,30,colombia_runoff,COL_2026,-6.295728308929169e-08,2226,0.9767441860465116,True
A2,ACTIVE_RESULTS,NULL_B_BLOCK_TIME_PERMUTATION,31,colombia_first_round,COL_2026,-8.347158973656888e-08,2471,0.9644808743169399,True
A2,ACTIVE_RESULTS,NULL_B_BLOCK_TIME_PERMUTATION,31,colombia_runoff,COL_2026,-1.4568578468864327e-07,2232,0.9793769197016235,True
A2,ACTIVE_RESULTS,NULL_B_BLOCK_TIME_PERMUTATION,32,colombia_first_round,COL_2026,-5.573230926411527e-08,2479,0.9676034348165495,True
A2,ACTIVE_RESULTS,NULL_B_BLOCK_TIME_PERMUTATION,32,colombia_runoff,COL_2026,-1.0340738592194176e-07,2223,0.9754278192189557,True
A2,ACTIVE_RESULTS,NULL_B_BLOCK_TIME_PERMUTATION,33,colombia_first_round,COL_2026,-9.440728903083822e-08,2473,0.9652615144418423,True
A2,ACTIVE_RESULTS,NULL_B_BLOCK_TIME_PERMUTATION,33,colombia_runoff,COL_2026,-1.4504956575606807e-07,2226,0.9767441860465116,True
A2,ACTIVE_RESULTS,NULL_B_BLOCK_TIME_PERMUTATION,34,colombia_first_round,COL_2026,-1.0869687226550655e-07,2477,0.9668227946916471,True
A2,ACTIVE_RESULTS,NULL_B_BLOCK_TIME_PERMUTATION,34,colombia_runoff,COL_2026,-7.712127127699408e-08,2225,0.976305397103993,True
A2,ACTIVE_RESULTS,NULL_B_BLOCK_TIME_PERMUTATION,35,colombia_first_round,COL_2026,-9.452974564844548e-08,2470,0.9640905542544886,True
A2,ACTIVE_RESULTS,NULL_B_BLOCK_TIME_PERMUTATION,35,colombia_runoff,COL_2026,-8.740603238194337e-08,2223,0.9754278192189557,True
A2,ACTIVE_RESULTS,NULL_B_BLOCK_TIME_PERMUTATION,36,colombia_first_round,COL_2026,-6.944917848437633e-08,2467,0.962919594067135,True
A2,ACTIVE_RESULTS,NULL_B_BLOCK_TIME_PERMUTATION,36,colombia_runoff,COL_2026,-7.432546026049469e-08,2224,0.9758666081614743,True
A2,ACTIVE_RESULTS,NULL_B_BLOCK_TIME_PERMUTATION,37,colombia_first_round,COL_2026,-8.925401815252387e-08,2472,0.9648711943793911,True
A2,ACTIVE_RESULTS,NULL_B_BLOCK_TIME_PERMUTATION,37,colombia_runoff,COL_2026,-1.4557509454520883e-07,2229,0.9780605528740676,True
A2,ACTIVE_RESULTS,NULL_B_BLOCK_TIME_PERMUTATION,38,colombia_first_round,COL_2026,-8.325125422736763e-08,2467,0.962919594067135,True
A2,ACTIVE_RESULTS,NULL_B_BLOCK_TIME_PERMUTATION,38,colombia_runoff,COL_2026,-1.2852547993892677e-07,2232,0.9793769197016235,True
A2,ACTIVE_RESULTS,NULL_B_BLOCK_TIME_PERMUTATION,39,colombia_first_round,COL_2026,-1.1923813169464007e-07,2477,0.9668227946916471,True
A2,ACTIVE_RESULTS,NULL_B_BLOCK_TIME_PERMUTATION,39,colombia_runoff,COL_2026,-1.1029688162870755e-07,2225,0.976305397103993,True
A2,ACTIVE_RESULTS,NULL_B_BLOCK_TIME_PERMUTATION,40,colombia_first_round,COL_2026,-1.1460842729795496e-07,2478,0.9672131147540983,True
A2,ACTIVE_RESULTS,NULL_B_BLOCK_TIME_PERMUTATION,40,colombia_runoff,COL_2026,-1.133374278035508e-07,2222,0.974989030276437,True
A2,ACTIVE_RESULTS,NULL_B_BLOCK_TIME_PERMUTATION,41,colombia_first_round,COL_2026,-1.0161753121190697e-07,2466,0.9625292740046838,True
A2,ACTIVE_RESULTS,NULL_B_BLOCK_TIME_PERMUTATION,41,colombia_runoff,COL_2026,-1.0052017528649672e-07,2220,0.9741114523913997,True
A2,ACTIVE_RESULTS,NULL_B_BLOCK_TIME_PERMUTATION,42,colombia_first_round,COL_2026,-6.305202401746623e-08,2472,0.9648711943793911,True
A2,ACTIVE_RESULTS,NULL_B_BLOCK_TIME_PERMUTATION,42,colombia_runoff,COL_2026,-1.5703160761064818e-07,2222,0.974989030276437,True
A2,ACTIVE_RESULTS,NULL_B_BLOCK_TIME_PERMUTATION,43,colombia_first_round,COL_2026,-8.627186437689332e-08,2469,0.9637002341920374,True
A2,ACTIVE_RESULTS,NULL_B_BLOCK_TIME_PERMUTATION,43,colombia_runoff,COL_2026,-1.3833378146962326e-07,2221,0.9745502413339184,True
A2,ACTIVE_RESULTS,NULL_B_BLOCK_TIME_PERMUTATION,44,colombia_first_round,COL_2026,-8.835528908968815e-08,2470,0.9640905542544886,True
A2,ACTIVE_RESULTS,NULL_B_BLOCK_TIME_PERMUTATION,44,colombia_runoff,COL_2026,-1.3464356851573527e-07,2227,0.9771829749890303,True
A2,ACTIVE_RESULTS,NULL_B_BLOCK_TIME_PERMUTATION,45,colombia_first_round,COL_2026,-7.587958809149004e-08,2473,0.9652615144418423,True
A2,ACTIVE_RESULTS,NULL_B_BLOCK_TIME_PERMUTATION,45,colombia_runoff,COL_2026,-8.926694412477974e-08,2239,0.9824484422992541,True
A2,ACTIVE_RESULTS,NULL_B_BLOCK_TIME_PERMUTATION,46,colombia_first_round,COL_2026,-1.0243249218743379e-07,2477,0.9668227946916471,True
A2,ACTIVE_RESULTS,NULL_B_BLOCK_TIME_PERMUTATION,46,colombia_runoff,COL_2026,-1.3769857413775001e-07,2221,0.9745502413339184,True
A2,ACTIVE_RESULTS,NULL_B_BLOCK_TIME_PERMUTATION,47,colombia_first_round,COL_2026,-9.512470686838635e-08,2473,0.9652615144418423,True
A2,ACTIVE_RESULTS,NULL_B_BLOCK_TIME_PERMUTATION,47,colombia_runoff,COL_2026,-8.292635723286017e-08,2222,0.974989030276437,True
A2,ACTIVE_RESULTS,NULL_B_BLOCK_TIME_PERMUTATION,48,colombia_first_round,COL_2026,-1.2412602951972455e-07,2472,0.9648711943793911,True
A2,ACTIVE_RESULTS,NULL_B_BLOCK_TIME_PERMUTATION,48,colombia_runoff,COL_2026,-7.318316410040767e-08,2231,0.9789381307591049,True
A2,ACTIVE_RESULTS,NULL_B_BLOCK_TIME_PERMUTATION,49,colombia_first_round,COL_2026,-9.761574412219095e-08,2480,0.9679937548790007,True
A2,ACTIVE_RESULTS,NULL_B_BLOCK_TIME_PERMUTATION,49,colombia_runoff,COL_2026,-1.3768265479088132e-07,2221,0.9745502413339184,True
A2,ACTIVE_RESULTS,NULL_B_BLOCK_TIME_PERMUTATION,50,colombia_first_round,COL_2026,-7.615451948124175e-08,2478,0.9672131147540983,True
A2,ACTIVE_RESULTS,NULL_B_BLOCK_TIME_PERMUTATION,50,colombia_runoff,COL_2026,-8.848952706131563e-08,2224,0.9758666081614743,True
A2,ACTIVE_RESULTS,NULL_B_BLOCK_TIME_PERMUTATION,51,colombia_first_round,COL_2026,-1.2699561081085696e-07,2474,0.9656518345042935,True
A2,ACTIVE_RESULTS,NULL_B_BLOCK_TIME_PERMUTATION,51,colombia_runoff,COL_2026,-1.0942397581634782e-07,2227,0.9771829749890303,True
A2,ACTIVE_RESULTS,NULL_B_BLOCK_TIME_PERMUTATION,52,colombia_first_round,COL_2026,-8.93973877809775e-08,2481,0.968384074941452,True
A2,ACTIVE_RESULTS,NULL_B_BLOCK_TIME_PERMUTATION,52,colombia_runoff,COL_2026,-7.415897903651461e-08,2235,0.9806932865291794,True
A2,ACTIVE_RESULTS,NULL_B_BLOCK_TIME_PERMUTATION,53,colombia_first_round,COL_2026,-8.964810716998996e-08,2479,0.9676034348165495,True
A2,ACTIVE_RESULTS,NULL_B_BLOCK_TIME_PERMUTATION,53,colombia_runoff,COL_2026,-1.3273757083840818e-07,2231,0.9789381307591049,True
A2,ACTIVE_RESULTS,NULL_B_BLOCK_TIME_PERMUTATION,54,colombia_first_round,COL_2026,-9.799100335834349e-08,2471,0.9644808743169399,True
A2,ACTIVE_RESULTS,NULL_B_BLOCK_TIME_PERMUTATION,54,colombia_runoff,COL_2026,-9.809354778293352e-08,2226,0.9767441860465116,True
A2,ACTIVE_RESULTS,NULL_B_BLOCK_TIME_PERMUTATION,55,colombia_first_round,COL_2026,-8.77046873424526e-08,2468,0.9633099141295862,True
A2,ACTIVE_RESULTS,NULL_B_BLOCK_TIME_PERMUTATION,55,colombia_runoff,COL_2026,-1.226565177738027e-07,2226,0.9767441860465116,True
A2,ACTIVE_RESULTS,NULL_B_BLOCK_TIME_PERMUTATION,56,colombia_first_round,COL_2026,-1.2167971543675312e-07,2471,0.9644808743169399,True
A2,ACTIVE_RESULTS,NULL_B_BLOCK_TIME_PERMUTATION,56,colombia_runoff,COL_2026,-8.200508797055809e-08,2217,0.9727950855638438,True
A2,ACTIVE_RESULTS,NULL_B_BLOCK_TIME_PERMUTATION,57,colombia_first_round,COL_2026,-1.3374208025613422e-07,2469,0.9637002341920374,True
A2,ACTIVE_RESULTS,NULL_B_BLOCK_TIME_PERMUTATION,57,colombia_runoff,COL_2026,-1.1190431362425965e-07,2236,0.9811320754716981,True
A2,ACTIVE_RESULTS,NULL_B_BLOCK_TIME_PERMUTATION,58,colombia_first_round,COL_2026,-7.755658240055196e-08,2478,0.9672131147540983,True
A2,ACTIVE_RESULTS,NULL_B_BLOCK_TIME_PERMUTATION,58,colombia_runoff,COL_2026,-7.464238065831302e-08,2227,0.9771829749890303,True
A2,ACTIVE_RESULTS,NULL_B_BLOCK_TIME_PERMUTATION,59,colombia_first_round,COL_2026,-6.032278908671413e-08,2475,0.9660421545667447,True
A2,ACTIVE_RESULTS,NULL_B_BLOCK_TIME_PERMUTATION,59,colombia_runoff,COL_2026,-7.834863745668913e-08,2221,0.9745502413339184,True
A2,ACTIVE_RESULTS,NULL_B_BLOCK_TIME_PERMUTATION,60,colombia_first_round,COL_2026,-8.102677584272558e-08,2475,0.9660421545667447,True
A2,ACTIVE_RESULTS,NULL_B_BLOCK_TIME_PERMUTATION,60,colombia_runoff,COL_2026,-1.1258729562325162e-07,2231,0.9789381307591049,True
A2,ACTIVE_RESULTS,NULL_B_BLOCK_TIME_PERMUTATION,61,colombia_first_round,COL_2026,-1.04568767056206e-07,2471,0.9644808743169399,True
A2,ACTIVE_RESULTS,NULL_B_BLOCK_TIME_PERMUTATION,61,colombia_runoff,COL_2026,-1.2222437093744404e-07,2223,0.9754278192189557,True
A2,ACTIVE_RESULTS,NULL_B_BLOCK_TIME_PERMUTATION,62,colombia_first_round,COL_2026,-1.291822702156757e-07,2475,0.9660421545667447,True
A2,ACTIVE_RESULTS,NULL_B_BLOCK_TIME_PERMUTATION,62,colombia_runoff,COL_2026,-1.3728658061422506e-07,2225,0.976305397103993,True
A2,ACTIVE_RESULTS,NULL_B_BLOCK_TIME_PERMUTATION,63,colombia_first_round,COL_2026,-1.0181003028198729e-07,2488,0.9711163153786104,True
A2,ACTIVE_RESULTS,NULL_B_BLOCK_TIME_PERMUTATION,63,colombia_runoff,COL_2026,-7.956003239987628e-08,2226,0.9767441860465116,True
A2,ACTIVE_RESULTS,NULL_B_BLOCK_TIME_PERMUTATION,64,colombia_first_round,COL_2026,-1.1906737722882021e-07,2482,0.9687743950039032,True
A2,ACTIVE_RESULTS,NULL_B_BLOCK_TIME_PERMUTATION,64,colombia_runoff,COL_2026,-1.1873683735426256e-07,2221,0.9745502413339184,True
A2,ACTIVE_RESULTS,NULL_B_BLOCK_TIME_PERMUTATION,65,colombia_first_round,COL_2026,-7.149755290217652e-08,2476,0.9664324746291959,True
A2,ACTIVE_RESULTS,NULL_B_BLOCK_TIME_PERMUTATION,65,colombia_runoff,COL_2026,-1.2395683755722477e-07,2234,0.9802544975866608,True
A2,ACTIVE_RESULTS,NULL_B_BLOCK_TIME_PERMUTATION,66,colombia_first_round,COL_2026,-9.02893310652941e-08,2467,0.962919594067135,True
A2,ACTIVE_RESULTS,NULL_B_BLOCK_TIME_PERMUTATION,66,colombia_runoff,COL_2026,-9.809009572906337e-08,2225,0.976305397103993,True
A2,ACTIVE_RESULTS,NULL_B_BLOCK_TIME_PERMUTATION,67,colombia_first_round,COL_2026,-1.0232276096492091e-07,2468,0.9633099141295862,True
A2,ACTIVE_RESULTS,NULL_B_BLOCK_TIME_PERMUTATION,67,colombia_runoff,COL_2026,-7.753296080424007e-08,2228,0.9776217639315489,True
A2,ACTIVE_RESULTS,NULL_B_BLOCK_TIME_PERMUTATION,68,colombia_first_round,COL_2026,-1.256349399140768e-07,2475,0.9660421545667447,True
A2,ACTIVE_RESULTS,NULL_B_BLOCK_TIME_PERMUTATION,68,colombia_runoff,COL_2026,-1.4535010525310575e-07,2226,0.9767441860465116,True
A2,ACTIVE_RESULTS,NULL_B_BLOCK_TIME_PERMUTATION,69,colombia_first_round,COL_2026,-1.936188878525588e-07,2478,0.9672131147540983,True
A2,ACTIVE_RESULTS,NULL_B_BLOCK_TIME_PERMUTATION,69,colombia_runoff,COL_2026,-8.187798413121673e-08,2226,0.9767441860465116,True
A2,ACTIVE_RESULTS,NULL_B_BLOCK_TIME_PERMUTATION,70,colombia_first_round,COL_2026,-1.1371837643364646e-07,2471,0.9644808743169399,True
A2,ACTIVE_RESULTS,NULL_B_BLOCK_TIME_PERMUTATION,70,colombia_runoff,COL_2026,-1.6041635396271577e-07,2226,0.9767441860465116,True
A2,ACTIVE_RESULTS,NULL_B_BLOCK_TIME_PERMUTATION,71,colombia_first_round,COL_2026,-8.684794319002302e-08,2483,0.9691647150663544,True
A2,ACTIVE_RESULTS,NULL_B_BLOCK_TIME_PERMUTATION,71,colombia_runoff,COL_2026,-1.079679165071275e-07,2219,0.973672663448881,True
A2,ACTIVE_RESULTS,NULL_B_BLOCK_TIME_PERMUTATION,72,colombia_first_round,COL_2026,-1.3095000293272986e-07,2475,0.9660421545667447,True
A2,ACTIVE_RESULTS,NULL_B_BLOCK_TIME_PERMUTATION,72,colombia_runoff,COL_2026,-1.0145195382596504e-07,2219,0.973672663448881,True
A2,ACTIVE_RESULTS,NULL_B_BLOCK_TIME_PERMUTATION,73,colombia_first_round,COL_2026,-1.2341748994842427e-07,2471,0.9644808743169399,True
A2,ACTIVE_RESULTS,NULL_B_BLOCK_TIME_PERMUTATION,73,colombia_runoff,COL_2026,-1.4548239518953864e-07,2222,0.974989030276437,True
A2,ACTIVE_RESULTS,NULL_B_BLOCK_TIME_PERMUTATION,74,colombia_first_round,COL_2026,-8.517391258106721e-08,2471,0.9644808743169399,True
A2,ACTIVE_RESULTS,NULL_B_BLOCK_TIME_PERMUTATION,74,colombia_runoff,COL_2026,-9.843056121818188e-08,2229,0.9780605528740676,True
A2,ACTIVE_RESULTS,NULL_B_BLOCK_TIME_PERMUTATION,75,colombia_first_round,COL_2026,-9.685196705996719e-08,2470,0.9640905542544886,True
A2,ACTIVE_RESULTS,NULL_B_BLOCK_TIME_PERMUTATION,75,colombia_runoff,COL_2026,-7.287728915798991e-08,2227,0.9771829749890303,True
A2,ACTIVE_RESULTS,NULL_B_BLOCK_TIME_PERMUTATION,76,colombia_first_round,COL_2026,-1.1795537337116656e-07,2479,0.9676034348165495,True
A2,ACTIVE_RESULTS,NULL_B_BLOCK_TIME_PERMUTATION,76,colombia_runoff,COL_2026,-2.1325625658851896e-07,2234,0.9802544975866608,True
A2,ACTIVE_RESULTS,NULL_B_BLOCK_TIME_PERMUTATION,77,colombia_first_round,COL_2026,-8.968553537781196e-08,2474,0.9656518345042935,True
A2,ACTIVE_RESULTS,NULL_B_BLOCK_TIME_PERMUTATION,77,colombia_runoff,COL_2026,-1.0879098552286264e-07,2230,0.9784993418165863,True
A2,ACTIVE_RESULTS,NULL_B_BLOCK_TIME_PERMUTATION,78,colombia_first_round,COL_2026,-1.1472327932697538e-07,2468,0.9633099141295862,True
A2,ACTIVE_RESULTS,NULL_B_BLOCK_TIME_PERMUTATION,78,colombia_runoff,COL_2026,-1.0295143025356431e-07,2226,0.9767441860465116,True
A2,ACTIVE_RESULTS,NULL_B_BLOCK_TIME_PERMUTATION,79,colombia_first_round,COL_2026,-1.423432377506727e-07,2477,0.9668227946916471,True
A2,ACTIVE_RESULTS,NULL_B_BLOCK_TIME_PERMUTATION,79,colombia_runoff,COL_2026,-1.0265297774395781e-07,2222,0.974989030276437,True
A2,ACTIVE_RESULTS,NULL_B_BLOCK_TIME_PERMUTATION,80,colombia_first_round,COL_2026,-8.969982957026398e-08,2470,0.9640905542544886,True
A2,ACTIVE_RESULTS,NULL_B_BLOCK_TIME_PERMUTATION,80,colombia_runoff,COL_2026,-1.1393084042423951e-07,2223,0.9754278192189557,True
A2,ACTIVE_RESULTS,NULL_B_BLOCK_TIME_PERMUTATION,81,colombia_first_round,COL_2026,-1.2247741577807818e-07,2475,0.9660421545667447,True
A2,ACTIVE_RESULTS,NULL_B_BLOCK_TIME_PERMUTATION,81,colombia_runoff,COL_2026,-1.2745449136384748e-07,2226,0.9767441860465116,True
A2,ACTIVE_RESULTS,NULL_B_BLOCK_TIME_PERMUTATION,82,colombia_first_round,COL_2026,-1.2142084364233507e-07,2472,0.9648711943793911,True
A2,ACTIVE_RESULTS,NULL_B_BLOCK_TIME_PERMUTATION,82,colombia_runoff,COL_2026,-9.191412917339239e-08,2223,0.9754278192189557,True
A2,ACTIVE_RESULTS,NULL_B_BLOCK_TIME_PERMUTATION,83,colombia_first_round,COL_2026,-8.286397721361262e-08,2477,0.9668227946916471,True
A2,ACTIVE_RESULTS,NULL_B_BLOCK_TIME_PERMUTATION,83,colombia_runoff,COL_2026,-1.2627197938553616e-07,2225,0.976305397103993,True
A2,ACTIVE_RESULTS,NULL_B_BLOCK_TIME_PERMUTATION,84,colombia_first_round,COL_2026,-1.3337248902541944e-07,2470,0.9640905542544886,True
A2,ACTIVE_RESULTS,NULL_B_BLOCK_TIME_PERMUTATION,84,colombia_runoff,COL_2026,-1.4235348310630783e-07,2218,0.9732338745063625,True
A2,ACTIVE_RESULTS,NULL_B_BLOCK_TIME_PERMUTATION,85,colombia_first_round,COL_2026,-1.3647348612780967e-07,2473,0.9652615144418423,True
A2,ACTIVE_RESULTS,NULL_B_BLOCK_TIME_PERMUTATION,85,colombia_runoff,COL_2026,-1.8349262946494307e-07,2220,0.9741114523913997,True
A2,ACTIVE_RESULTS,NULL_B_BLOCK_TIME_PERMUTATION,86,colombia_first_round,COL_2026,-8.984001572516486e-08,2469,0.9637002341920374,True
A2,ACTIVE_RESULTS,NULL_B_BLOCK_TIME_PERMUTATION,86,colombia_runoff,COL_2026,-7.732473867056074e-08,2222,0.974989030276437,True
A2,ACTIVE_RESULTS,NULL_B_BLOCK_TIME_PERMUTATION,87,colombia_first_round,COL_2026,-1.0531583677670481e-07,2474,0.9656518345042935,True
A2,ACTIVE_RESULTS,NULL_B_BLOCK_TIME_PERMUTATION,87,colombia_runoff,COL_2026,-8.778634021402024e-08,2223,0.9754278192189557,True
A2,ACTIVE_RESULTS,NULL_B_BLOCK_TIME_PERMUTATION,88,colombia_first_round,COL_2026,-1.1110834018610146e-07,2474,0.9656518345042935,True
A2,ACTIVE_RESULTS,NULL_B_BLOCK_TIME_PERMUTATION,88,colombia_runoff,COL_2026,-1.0035877052892436e-07,2225,0.976305397103993,True
A2,ACTIVE_RESULTS,NULL_B_BLOCK_TIME_PERMUTATION,89,colombia_first_round,COL_2026,-1.0569063455214289e-07,2474,0.9656518345042935,True
A2,ACTIVE_RESULTS,NULL_B_BLOCK_TIME_PERMUTATION,89,colombia_runoff,COL_2026,-8.966654900018269e-08,2236,0.9811320754716981,True
A2,ACTIVE_RESULTS,NULL_B_BLOCK_TIME_PERMUTATION,90,colombia_first_round,COL_2026,-9.29351907862585e-08,2478,0.9672131147540983,True
A2,ACTIVE_RESULTS,NULL_B_BLOCK_TIME_PERMUTATION,90,colombia_runoff,COL_2026,-1.1866655604318234e-07,2223,0.9754278192189557,True
A2,ACTIVE_RESULTS,NULL_B_BLOCK_TIME_PERMUTATION,91,colombia_first_round,COL_2026,-9.997264691329398e-08,2467,0.962919594067135,True
A2,ACTIVE_RESULTS,NULL_B_BLOCK_TIME_PERMUTATION,91,colombia_runoff,COL_2026,-1.522636905201206e-07,2233,0.9798157086441421,True
A2,ACTIVE_RESULTS,NULL_B_BLOCK_TIME_PERMUTATION,92,colombia_first_round,COL_2026,-1.21604867723358e-07,2478,0.9672131147540983,True
A2,ACTIVE_RESULTS,NULL_B_BLOCK_TIME_PERMUTATION,92,colombia_runoff,COL_2026,-9.934075724876805e-08,2224,0.9758666081614743,True
A2,ACTIVE_RESULTS,NULL_B_BLOCK_TIME_PERMUTATION,93,colombia_first_round,COL_2026,-8.242476158804625e-08,2470,0.9640905542544886,True
A2,ACTIVE_RESULTS,NULL_B_BLOCK_TIME_PERMUTATION,93,colombia_runoff,COL_2026,-1.6849025024215087e-07,2231,0.9789381307591049,True
A2,ACTIVE_RESULTS,NULL_B_BLOCK_TIME_PERMUTATION,94,colombia_first_round,COL_2026,-7.731029222656405e-08,2483,0.9691647150663544,True
A2,ACTIVE_RESULTS,NULL_B_BLOCK_TIME_PERMUTATION,94,colombia_runoff,COL_2026,-7.813901532468558e-08,2226,0.9767441860465116,True
A2,ACTIVE_RESULTS,NULL_B_BLOCK_TIME_PERMUTATION,95,colombia_first_round,COL_2026,-1.8747331787018184e-07,2478,0.9672131147540983,True
A2,ACTIVE_RESULTS,NULL_B_BLOCK_TIME_PERMUTATION,95,colombia_runoff,COL_2026,-1.0277097647431794e-07,2223,0.9754278192189557,True
A2,ACTIVE_RESULTS,NULL_B_BLOCK_TIME_PERMUTATION,96,colombia_first_round,COL_2026,-5.075820663828839e-08,2469,0.9637002341920374,True
A2,ACTIVE_RESULTS,NULL_B_BLOCK_TIME_PERMUTATION,96,colombia_runoff,COL_2026,-1.0452507029141222e-07,2227,0.9771829749890303,True
A2,ACTIVE_RESULTS,NULL_B_BLOCK_TIME_PERMUTATION,97,colombia_first_round,COL_2026,-8.316468375371427e-08,2479,0.9676034348165495,True
A2,ACTIVE_RESULTS,NULL_B_BLOCK_TIME_PERMUTATION,97,colombia_runoff,COL_2026,-1.2946141321031191e-07,2226,0.9767441860465116,True
A2,ACTIVE_RESULTS,NULL_B_BLOCK_TIME_PERMUTATION,98,colombia_first_round,COL_2026,-8.729303970195679e-08,2470,0.9640905542544886,True
A2,ACTIVE_RESULTS,NULL_B_BLOCK_TIME_PERMUTATION,98,colombia_runoff,COL_2026,-9.701087956802459e-08,2226,0.9767441860465116,True
A2,ACTIVE_RESULTS,NULL_B_BLOCK_TIME_PERMUTATION,99,colombia_first_round,COL_2026,-1.045834800494151e-07,2476,0.9664324746291959,True
A2,ACTIVE_RESULTS,NULL_B_BLOCK_TIME_PERMUTATION,99,colombia_runoff,COL_2026,-1.490592990125331e-07,2232,0.9793769197016235,True
A2,ACTIVE_RESULTS,NULL_B_BLOCK_TIME_PERMUTATION,100,colombia_first_round,COL_2026,-1.1016421309576635e-07,2478,0.9672131147540983,True
A2,ACTIVE_RESULTS,NULL_B_BLOCK_TIME_PERMUTATION,100,colombia_runoff,COL_2026,-1.284360568475655e-07,2230,0.9784993418165863,True
A2,ACTIVE_RESULTS,NULL_B_BLOCK_TIME_PERMUTATION,101,colombia_first_round,COL_2026,-8.714902750395615e-08,2476,0.9664324746291959,True
A2,ACTIVE_RESULTS,NULL_B_BLOCK_TIME_PERMUTATION,101,colombia_runoff,COL_2026,-1.0462708279763411e-07,2226,0.9767441860465116,True
A2,ACTIVE_RESULTS,NULL_B_BLOCK_TIME_PERMUTATION,102,colombia_first_round,COL_2026,-1.1327405371859675e-07,2482,0.9687743950039032,True
A2,ACTIVE_RESULTS,NULL_B_BLOCK_TIME_PERMUTATION,102,colombia_runoff,COL_2026,-1.1481229351523304e-07,2227,0.9771829749890303,True
A2,ACTIVE_RESULTS,NULL_B_BLOCK_TIME_PERMUTATION,103,colombia_first_round,COL_2026,-9.3335356597816e-08,2478,0.9672131147540983,True
A2,ACTIVE_RESULTS,NULL_B_BLOCK_TIME_PERMUTATION,103,colombia_runoff,COL_2026,-9.129605093653554e-08,2223,0.9754278192189557,True
A2,ACTIVE_RESULTS,NULL_B_BLOCK_TIME_PERMUTATION,104,colombia_first_round,COL_2026,-1.150279453292524e-07,2474,0.9656518345042935,True
A2,ACTIVE_RESULTS,NULL_B_BLOCK_TIME_PERMUTATION,104,colombia_runoff,COL_2026,-8.664616225560323e-08,2233,0.9798157086441421,True
A2,ACTIVE_RESULTS,NULL_B_BLOCK_TIME_PERMUTATION,105,colombia_first_round,COL_2026,-8.720970070894934e-08,2470,0.9640905542544886,True
A2,ACTIVE_RESULTS,NULL_B_BLOCK_TIME_PERMUTATION,105,colombia_runoff,COL_2026,-8.351056449880427e-08,2224,0.9758666081614743,True
A2,ACTIVE_RESULTS,NULL_B_BLOCK_TIME_PERMUTATION,106,colombia_first_round,COL_2026,-1.5366943189802314e-07,2468,0.9633099141295862,True
A2,ACTIVE_RESULTS,NULL_B_BLOCK_TIME_PERMUTATION,106,colombia_runoff,COL_2026,-1.1540977619420126e-07,2227,0.9771829749890303,True
A2,ACTIVE_RESULTS,NULL_B_BLOCK_TIME_PERMUTATION,107,colombia_first_round,COL_2026,-7.21980181369836e-08,2471,0.9644808743169399,True
A2,ACTIVE_RESULTS,NULL_B_BLOCK_TIME_PERMUTATION,107,colombia_runoff,COL_2026,-1.0679175191666582e-07,2231,0.9789381307591049,True
A2,ACTIVE_RESULTS,NULL_B_BLOCK_TIME_PERMUTATION,108,colombia_first_round,COL_2026,-1.621487570099188e-07,2474,0.9656518345042935,True
A2,ACTIVE_RESULTS,NULL_B_BLOCK_TIME_PERMUTATION,108,colombia_runoff,COL_2026,-1.1157719052359998e-07,2228,0.9776217639315489,True
A2,ACTIVE_RESULTS,NULL_B_BLOCK_TIME_PERMUTATION,109,colombia_first_round,COL_2026,-1.0150216471151677e-07,2474,0.9656518345042935,True
A2,ACTIVE_RESULTS,NULL_B_BLOCK_TIME_PERMUTATION,109,colombia_runoff,COL_2026,-1.171408858276384e-07,2228,0.9776217639315489,True
A2,ACTIVE_RESULTS,NULL_B_BLOCK_TIME_PERMUTATION,110,colombia_first_round,COL_2026,-1.076348288624349e-07,2480,0.9679937548790007,True
A2,ACTIVE_RESULTS,NULL_B_BLOCK_TIME_PERMUTATION,110,colombia_runoff,COL_2026,-1.6103207337955058e-07,2224,0.9758666081614743,True
A2,ACTIVE_RESULTS,NULL_B_BLOCK_TIME_PERMUTATION,111,colombia_first_round,COL_2026,-1.0504240105105493e-07,2472,0.9648711943793911,True
A2,ACTIVE_RESULTS,NULL_B_BLOCK_TIME_PERMUTATION,111,colombia_runoff,COL_2026,-6.933044122325643e-08,2230,0.9784993418165863,True
A2,ACTIVE_RESULTS,NULL_B_BLOCK_TIME_PERMUTATION,112,colombia_first_round,COL_2026,-8.888097276115507e-08,2477,0.9668227946916471,True
A2,ACTIVE_RESULTS,NULL_B_BLOCK_TIME_PERMUTATION,112,colombia_runoff,COL_2026,-1.2315348442513846e-07,2230,0.9784993418165863,True
A2,ACTIVE_RESULTS,NULL_B_BLOCK_TIME_PERMUTATION,113,colombia_first_round,COL_2026,-9.603594591701353e-08,2479,0.9676034348165495,True
A2,ACTIVE_RESULTS,NULL_B_BLOCK_TIME_PERMUTATION,113,colombia_runoff,COL_2026,-9.26123035867945e-08,2230,0.9784993418165863,True
A2,ACTIVE_RESULTS,NULL_B_BLOCK_TIME_PERMUTATION,114,colombia_first_round,COL_2026,-8.838224845304471e-08,2480,0.9679937548790007,True
A2,ACTIVE_RESULTS,NULL_B_BLOCK_TIME_PERMUTATION,114,colombia_runoff,COL_2026,-1.425645653798158e-07,2228,0.9776217639315489,True
A2,ACTIVE_RESULTS,NULL_B_BLOCK_TIME_PERMUTATION,115,colombia_first_round,COL_2026,-8.284419150139282e-08,2475,0.9660421545667447,True
A2,ACTIVE_RESULTS,NULL_B_BLOCK_TIME_PERMUTATION,115,colombia_runoff,COL_2026,-1.0925536473978729e-07,2223,0.9754278192189557,True
A2,ACTIVE_RESULTS,NULL_B_BLOCK_TIME_PERMUTATION,116,colombia_first_round,COL_2026,-7.689592323580708e-08,2471,0.9644808743169399,True
A2,ACTIVE_RESULTS,NULL_B_BLOCK_TIME_PERMUTATION,116,colombia_runoff,COL_2026,-7.871653200666852e-08,2236,0.9811320754716981,True
A2,ACTIVE_RESULTS,NULL_B_BLOCK_TIME_PERMUTATION,117,colombia_first_round,COL_2026,-1.1910271301742476e-07,2469,0.9637002341920374,True
A2,ACTIVE_RESULTS,NULL_B_BLOCK_TIME_PERMUTATION,117,colombia_runoff,COL_2026,-1.0617892375776404e-07,2220,0.9741114523913997,True
A2,ACTIVE_RESULTS,NULL_B_BLOCK_TIME_PERMUTATION,118,colombia_first_round,COL_2026,-7.307096016224516e-08,2471,0.9644808743169399,True
A2,ACTIVE_RESULTS,NULL_B_BLOCK_TIME_PERMUTATION,118,colombia_runoff,COL_2026,-1.1340302315980978e-07,2229,0.9780605528740676,True
A2,ACTIVE_RESULTS,NULL_B_BLOCK_TIME_PERMUTATION,119,colombia_first_round,COL_2026,-1.0500343700347588e-07,2468,0.9633099141295862,True
A2,ACTIVE_RESULTS,NULL_B_BLOCK_TIME_PERMUTATION,119,colombia_runoff,COL_2026,-1.1071887308407905e-07,2225,0.976305397103993,True
A2,ACTIVE_RESULTS,NULL_B_BLOCK_TIME_PERMUTATION,120,colombia_first_round,COL_2026,-9.72108563639157e-08,2470,0.9640905542544886,True
A2,ACTIVE_RESULTS,NULL_B_BLOCK_TIME_PERMUTATION,120,colombia_runoff,COL_2026,-1.444636289135854e-07,2226,0.9767441860465116,True
A2,ACTIVE_RESULTS,NULL_B_BLOCK_TIME_PERMUTATION,121,colombia_first_round,COL_2026,-1.3263054134118852e-07,2478,0.9672131147540983,True
A2,ACTIVE_RESULTS,NULL_B_BLOCK_TIME_PERMUTATION,121,colombia_runoff,COL_2026,-9.451424958662265e-08,2222,0.974989030276437,True
A2,ACTIVE_RESULTS,NULL_B_BLOCK_TIME_PERMUTATION,122,colombia_first_round,COL_2026,-1.0488617458827206e-07,2473,0.9652615144418423,True
A2,ACTIVE_RESULTS,NULL_B_BLOCK_TIME_PERMUTATION,122,colombia_runoff,COL_2026,-1.1648928605283435e-07,2229,0.9780605528740676,True
A2,ACTIVE_RESULTS,NULL_B_BLOCK_TIME_PERMUTATION,123,colombia_first_round,COL_2026,-9.44924752749249e-08,2478,0.9672131147540983,True
A2,ACTIVE_RESULTS,NULL_B_BLOCK_TIME_PERMUTATION,123,colombia_runoff,COL_2026,-9.783605990712372e-08,2229,0.9780605528740676,True
A2,ACTIVE_RESULTS,NULL_B_BLOCK_TIME_PERMUTATION,124,colombia_first_round,COL_2026,-7.084511889029799e-08,2471,0.9644808743169399,True
A2,ACTIVE_RESULTS,NULL_B_BLOCK_TIME_PERMUTATION,124,colombia_runoff,COL_2026,-1.484216032830832e-07,2218,0.9732338745063625,True
A2,ACTIVE_RESULTS,NULL_B_BLOCK_TIME_PERMUTATION,125,colombia_first_round,COL_2026,-1.398716564031848e-07,2471,0.9644808743169399,True
A2,ACTIVE_RESULTS,NULL_B_BLOCK_TIME_PERMUTATION,125,colombia_runoff,COL_2026,-8.77235482412634e-08,2234,0.9802544975866608,True
A2,ACTIVE_RESULTS,NULL_B_BLOCK_TIME_PERMUTATION,126,colombia_first_round,COL_2026,-1.2131203877822147e-07,2472,0.9648711943793911,True
A2,ACTIVE_RESULTS,NULL_B_BLOCK_TIME_PERMUTATION,126,colombia_runoff,COL_2026,-1.1664328980388481e-07,2225,0.976305397103993,True
A2,ACTIVE_RESULTS,NULL_B_BLOCK_TIME_PERMUTATION,127,colombia_first_round,COL_2026,-8.044010432282321e-08,2466,0.9625292740046838,True
A2,ACTIVE_RESULTS,NULL_B_BLOCK_TIME_PERMUTATION,127,colombia_runoff,COL_2026,-9.213700363939689e-08,2228,0.9776217639315489,True
A2,ACTIVE_RESULTS,NULL_B_BLOCK_TIME_PERMUTATION,128,colombia_first_round,COL_2026,-9.209775650749277e-08,2468,0.9633099141295862,True
A2,ACTIVE_RESULTS,NULL_B_BLOCK_TIME_PERMUTATION,128,colombia_runoff,COL_2026,-9.668926716865285e-08,2230,0.9784993418165863,True
A2,ACTIVE_RESULTS,NULL_B_BLOCK_TIME_PERMUTATION,129,colombia_first_round,COL_2026,-9.962337417931298e-08,2479,0.9676034348165495,True
A2,ACTIVE_RESULTS,NULL_B_BLOCK_TIME_PERMUTATION,129,colombia_runoff,COL_2026,-1.203867374273791e-07,2230,0.9784993418165863,True
A2,ACTIVE_RESULTS,NULL_B_BLOCK_TIME_PERMUTATION,130,colombia_first_round,COL_2026,-1.205610176997797e-07,2469,0.9637002341920374,True
A2,ACTIVE_RESULTS,NULL_B_BLOCK_TIME_PERMUTATION,130,colombia_runoff,COL_2026,-7.808848865832753e-08,2235,0.9806932865291794,True
A2,ACTIVE_RESULTS,NULL_B_BLOCK_TIME_PERMUTATION,131,colombia_first_round,COL_2026,-8.684037612820719e-08,2480,0.9679937548790007,True
A2,ACTIVE_RESULTS,NULL_B_BLOCK_TIME_PERMUTATION,131,colombia_runoff,COL_2026,-1.1148257261676744e-07,2231,0.9789381307591049,True
A2,ACTIVE_RESULTS,NULL_B_BLOCK_TIME_PERMUTATION,132,colombia_first_round,COL_2026,-9.342274581407604e-08,2478,0.9672131147540983,True
A2,ACTIVE_RESULTS,NULL_B_BLOCK_TIME_PERMUTATION,132,colombia_runoff,COL_2026,-1.0256460590479553e-07,2235,0.9806932865291794,True
A2,ACTIVE_RESULTS,NULL_B_BLOCK_TIME_PERMUTATION,133,colombia_first_round,COL_2026,-7.566328983629318e-08,2469,0.9637002341920374,True
A2,ACTIVE_RESULTS,NULL_B_BLOCK_TIME_PERMUTATION,133,colombia_runoff,COL_2026,-8.295780975113957e-08,2227,0.9771829749890303,True
A2,ACTIVE_RESULTS,NULL_B_BLOCK_TIME_PERMUTATION,134,colombia_first_round,COL_2026,-8.863002860191619e-08,2483,0.9691647150663544,True
A2,ACTIVE_RESULTS,NULL_B_BLOCK_TIME_PERMUTATION,134,colombia_runoff,COL_2026,-9.174123464389744e-08,2224,0.9758666081614743,True
A2,ACTIVE_RESULTS,NULL_B_BLOCK_TIME_PERMUTATION,135,colombia_first_round,COL_2026,-1.5199842965191044e-07,2475,0.9660421545667447,True
A2,ACTIVE_RESULTS,NULL_B_BLOCK_TIME_PERMUTATION,135,colombia_runoff,COL_2026,-1.3281267347486966e-07,2230,0.9784993418165863,True
A2,ACTIVE_RESULTS,NULL_B_BLOCK_TIME_PERMUTATION,136,colombia_first_round,COL_2026,-8.608526392755224e-08,2473,0.9652615144418423,True
A2,ACTIVE_RESULTS,NULL_B_BLOCK_TIME_PERMUTATION,136,colombia_runoff,COL_2026,-8.94875708708463e-08,2231,0.9789381307591049,True
A2,ACTIVE_RESULTS,NULL_B_BLOCK_TIME_PERMUTATION,137,colombia_first_round,COL_2026,-9.534610143816023e-08,2477,0.9668227946916471,True
A2,ACTIVE_RESULTS,NULL_B_BLOCK_TIME_PERMUTATION,137,colombia_runoff,COL_2026,-8.824395499649096e-08,2226,0.9767441860465116,True
A2,ACTIVE_RESULTS,NULL_B_BLOCK_TIME_PERMUTATION,138,colombia_first_round,COL_2026,-9.315748938381442e-08,2471,0.9644808743169399,True
A2,ACTIVE_RESULTS,NULL_B_BLOCK_TIME_PERMUTATION,138,colombia_runoff,COL_2026,-8.356962417712514e-08,2230,0.9784993418165863,True
A2,ACTIVE_RESULTS,NULL_B_BLOCK_TIME_PERMUTATION,139,colombia_first_round,COL_2026,-1.1110205833933589e-07,2470,0.9640905542544886,True
A2,ACTIVE_RESULTS,NULL_B_BLOCK_TIME_PERMUTATION,139,colombia_runoff,COL_2026,-1.1086719500501867e-07,2223,0.9754278192189557,True
A2,ACTIVE_RESULTS,NULL_B_BLOCK_TIME_PERMUTATION,140,colombia_first_round,COL_2026,-8.538880230170072e-08,2473,0.9652615144418423,True
A2,ACTIVE_RESULTS,NULL_B_BLOCK_TIME_PERMUTATION,140,colombia_runoff,COL_2026,-9.895943373126718e-08,2225,0.976305397103993,True
A2,ACTIVE_RESULTS,NULL_B_BLOCK_TIME_PERMUTATION,141,colombia_first_round,COL_2026,-8.54900080421602e-08,2471,0.9644808743169399,True
A2,ACTIVE_RESULTS,NULL_B_BLOCK_TIME_PERMUTATION,141,colombia_runoff,COL_2026,-1.0359490449468317e-07,2220,0.9741114523913997,True
A2,ACTIVE_RESULTS,NULL_B_BLOCK_TIME_PERMUTATION,142,colombia_first_round,COL_2026,-1.6309840542530372e-07,2471,0.9644808743169399,True
A2,ACTIVE_RESULTS,NULL_B_BLOCK_TIME_PERMUTATION,142,colombia_runoff,COL_2026,-8.238359033449788e-08,2227,0.9771829749890303,True
A2,ACTIVE_RESULTS,NULL_B_BLOCK_TIME_PERMUTATION,143,colombia_first_round,COL_2026,-8.681849570033761e-08,2468,0.9633099141295862,True
A2,ACTIVE_RESULTS,NULL_B_BLOCK_TIME_PERMUTATION,143,colombia_runoff,COL_2026,-9.932173248736538e-08,2221,0.9745502413339184,True
A2,ACTIVE_RESULTS,NULL_B_BLOCK_TIME_PERMUTATION,144,colombia_first_round,COL_2026,-6.788211197614428e-08,2471,0.9644808743169399,True
A2,ACTIVE_RESULTS,NULL_B_BLOCK_TIME_PERMUTATION,144,colombia_runoff,COL_2026,-1.0060896437151294e-07,2222,0.974989030276437,True
A2,ACTIVE_RESULTS,NULL_B_BLOCK_TIME_PERMUTATION,145,colombia_first_round,COL_2026,-1.733295093874054e-07,2472,0.9648711943793911,True
A2,ACTIVE_RESULTS,NULL_B_BLOCK_TIME_PERMUTATION,145,colombia_runoff,COL_2026,-1.0877806554602807e-07,2224,0.9758666081614743,True
A2,ACTIVE_RESULTS,NULL_B_BLOCK_TIME_PERMUTATION,146,colombia_first_round,COL_2026,-7.388884905142855e-08,2472,0.9648711943793911,True
A2,ACTIVE_RESULTS,NULL_B_BLOCK_TIME_PERMUTATION,146,colombia_runoff,COL_2026,-1.2577179000769358e-07,2223,0.9754278192189557,True
A2,ACTIVE_RESULTS,NULL_B_BLOCK_TIME_PERMUTATION,147,colombia_first_round,COL_2026,-6.896864728448062e-08,2479,0.9676034348165495,True
A2,ACTIVE_RESULTS,NULL_B_BLOCK_TIME_PERMUTATION,147,colombia_runoff,COL_2026,-1.2778052365574153e-07,2222,0.974989030276437,True
A2,ACTIVE_RESULTS,NULL_B_BLOCK_TIME_PERMUTATION,148,colombia_first_round,COL_2026,-9.858004935950423e-08,2471,0.9644808743169399,True
A2,ACTIVE_RESULTS,NULL_B_BLOCK_TIME_PERMUTATION,148,colombia_runoff,COL_2026,-1.1403446598628897e-07,2227,0.9771829749890303,True
A2,ACTIVE_RESULTS,NULL_B_BLOCK_TIME_PERMUTATION,149,colombia_first_round,COL_2026,-1.3463826387758486e-07,2479,0.9676034348165495,True
A2,ACTIVE_RESULTS,NULL_B_BLOCK_TIME_PERMUTATION,149,colombia_runoff,COL_2026,-9.456598265982776e-08,2227,0.9771829749890303,True
A2,ACTIVE_RESULTS,NULL_B_BLOCK_TIME_PERMUTATION,150,colombia_first_round,COL_2026,-1.3109348361536883e-07,2468,0.9633099141295862,True
A2,ACTIVE_RESULTS,NULL_B_BLOCK_TIME_PERMUTATION,150,colombia_runoff,COL_2026,-8.251413965462321e-08,2221,0.9745502413339184,True
A2,ACTIVE_RESULTS,NULL_B_BLOCK_TIME_PERMUTATION,151,colombia_first_round,COL_2026,-8.10476025790838e-08,2477,0.9668227946916471,True
A2,ACTIVE_RESULTS,NULL_B_BLOCK_TIME_PERMUTATION,151,colombia_runoff,COL_2026,-1.2829910399112546e-07,2222,0.974989030276437,True
A2,ACTIVE_RESULTS,NULL_B_BLOCK_TIME_PERMUTATION,152,colombia_first_round,COL_2026,-9.948355309962313e-08,2473,0.9652615144418423,True
A2,ACTIVE_RESULTS,NULL_B_BLOCK_TIME_PERMUTATION,152,colombia_runoff,COL_2026,-1.0369523449925508e-07,2227,0.9771829749890303,True
A2,ACTIVE_RESULTS,NULL_B_BLOCK_TIME_PERMUTATION,153,colombia_first_round,COL_2026,-1.2261244011400076e-07,2468,0.9633099141295862,True
A2,ACTIVE_RESULTS,NULL_B_BLOCK_TIME_PERMUTATION,153,colombia_runoff,COL_2026,-1.667933471303267e-07,2232,0.9793769197016235,True
A2,ACTIVE_RESULTS,NULL_B_BLOCK_TIME_PERMUTATION,154,colombia_first_round,COL_2026,-1.0685623083809736e-07,2470,0.9640905542544886,True
A2,ACTIVE_RESULTS,NULL_B_BLOCK_TIME_PERMUTATION,154,colombia_runoff,COL_2026,-7.918597160636981e-08,2227,0.9771829749890303,True
A2,ACTIVE_RESULTS,NULL_B_BLOCK_TIME_PERMUTATION,155,colombia_first_round,COL_2026,-8.903016329857806e-08,2470,0.9640905542544886,True
A2,ACTIVE_RESULTS,NULL_B_BLOCK_TIME_PERMUTATION,155,colombia_runoff,COL_2026,-8.191518542725934e-08,2224,0.9758666081614743,True
A2,ACTIVE_RESULTS,NULL_B_BLOCK_TIME_PERMUTATION,156,colombia_first_round,COL_2026,-9.30162049667396e-08,2469,0.9637002341920374,True
A2,ACTIVE_RESULTS,NULL_B_BLOCK_TIME_PERMUTATION,156,colombia_runoff,COL_2026,-8.555453713775355e-08,2226,0.9767441860465116,True
A2,ACTIVE_RESULTS,NULL_B_BLOCK_TIME_PERMUTATION,157,colombia_first_round,COL_2026,-8.208989435436285e-08,2472,0.9648711943793911,True
A2,ACTIVE_RESULTS,NULL_B_BLOCK_TIME_PERMUTATION,157,colombia_runoff,COL_2026,-6.719499874209731e-08,2232,0.9793769197016235,True
A2,ACTIVE_RESULTS,NULL_B_BLOCK_TIME_PERMUTATION,158,colombia_first_round,COL_2026,-1.1406303451291741e-07,2471,0.9644808743169399,True
A2,ACTIVE_RESULTS,NULL_B_BLOCK_TIME_PERMUTATION,158,colombia_runoff,COL_2026,-1.3012132857791854e-07,2229,0.9780605528740676,True
A2,ACTIVE_RESULTS,NULL_B_BLOCK_TIME_PERMUTATION,159,colombia_first_round,COL_2026,-9.996531428698472e-08,2475,0.9660421545667447,True
A2,ACTIVE_RESULTS,NULL_B_BLOCK_TIME_PERMUTATION,159,colombia_runoff,COL_2026,-1.2161610337546514e-07,2227,0.9771829749890303,True
A2,ACTIVE_RESULTS,NULL_B_BLOCK_TIME_PERMUTATION,160,colombia_first_round,COL_2026,-9.258456642296102e-08,2472,0.9648711943793911,True
A2,ACTIVE_RESULTS,NULL_B_BLOCK_TIME_PERMUTATION,160,colombia_runoff,COL_2026,-1.1080973005621257e-07,2230,0.9784993418165863,True
A2,ACTIVE_RESULTS,NULL_B_BLOCK_TIME_PERMUTATION,161,colombia_first_round,COL_2026,-1.0048577372152258e-07,2470,0.9640905542544886,True
A2,ACTIVE_RESULTS,NULL_B_BLOCK_TIME_PERMUTATION,161,colombia_runoff,COL_2026,-1.0734176269086577e-07,2227,0.9771829749890303,True
A2,ACTIVE_RESULTS,NULL_B_BLOCK_TIME_PERMUTATION,162,colombia_first_round,COL_2026,-1.0770324395640889e-07,2482,0.9687743950039032,True
A2,ACTIVE_RESULTS,NULL_B_BLOCK_TIME_PERMUTATION,162,colombia_runoff,COL_2026,-1.035885938079523e-07,2224,0.9758666081614743,True
A2,ACTIVE_RESULTS,NULL_B_BLOCK_TIME_PERMUTATION,163,colombia_first_round,COL_2026,-8.638804686782292e-08,2468,0.9633099141295862,True
A2,ACTIVE_RESULTS,NULL_B_BLOCK_TIME_PERMUTATION,163,colombia_runoff,COL_2026,-1.0384015276716805e-07,2232,0.9793769197016235,True
A2,ACTIVE_RESULTS,NULL_B_BLOCK_TIME_PERMUTATION,164,colombia_first_round,COL_2026,-1.338139923480017e-07,2470,0.9640905542544886,True
A2,ACTIVE_RESULTS,NULL_B_BLOCK_TIME_PERMUTATION,164,colombia_runoff,COL_2026,-9.087125717805487e-08,2236,0.9811320754716981,True
A2,ACTIVE_RESULTS,NULL_B_BLOCK_TIME_PERMUTATION,165,colombia_first_round,COL_2026,-9.300158012060641e-08,2487,0.9707259953161592,True
A2,ACTIVE_RESULTS,NULL_B_BLOCK_TIME_PERMUTATION,165,colombia_runoff,COL_2026,-1.0015478362293587e-07,2228,0.9776217639315489,True
A2,ACTIVE_RESULTS,NULL_B_BLOCK_TIME_PERMUTATION,166,colombia_first_round,COL_2026,-8.71378410496184e-08,2475,0.9660421545667447,True
A2,ACTIVE_RESULTS,NULL_B_BLOCK_TIME_PERMUTATION,166,colombia_runoff,COL_2026,-1.401566890782938e-07,2229,0.9780605528740676,True
A2,ACTIVE_RESULTS,NULL_B_BLOCK_TIME_PERMUTATION,167,colombia_first_round,COL_2026,-1.1341140211231131e-07,2469,0.9637002341920374,True
A2,ACTIVE_RESULTS,NULL_B_BLOCK_TIME_PERMUTATION,167,colombia_runoff,COL_2026,-1.0942220235171843e-07,2223,0.9754278192189557,True
A2,ACTIVE_RESULTS,NULL_B_BLOCK_TIME_PERMUTATION,168,colombia_first_round,COL_2026,-7.052267434066237e-08,2470,0.9640905542544886,True
A2,ACTIVE_RESULTS,NULL_B_BLOCK_TIME_PERMUTATION,168,colombia_runoff,COL_2026,-6.735712293652364e-08,2231,0.9789381307591049,True
A2,ACTIVE_RESULTS,NULL_B_BLOCK_TIME_PERMUTATION,169,colombia_first_round,COL_2026,-8.019261725397255e-08,2473,0.9652615144418423,True
A2,ACTIVE_RESULTS,NULL_B_BLOCK_TIME_PERMUTATION,169,colombia_runoff,COL_2026,-9.127940419997936e-08,2223,0.9754278192189557,True
A2,ACTIVE_RESULTS,NULL_B_BLOCK_TIME_PERMUTATION,170,colombia_first_round,COL_2026,-8.532081406753731e-08,2473,0.9652615144418423,True
A2,ACTIVE_RESULTS,NULL_B_BLOCK_TIME_PERMUTATION,170,colombia_runoff,COL_2026,-9.613068199902868e-08,2222,0.974989030276437,True
A2,ACTIVE_RESULTS,NULL_B_BLOCK_TIME_PERMUTATION,171,colombia_first_round,COL_2026,-1.232494160197868e-07,2471,0.9644808743169399,True
A2,ACTIVE_RESULTS,NULL_B_BLOCK_TIME_PERMUTATION,171,colombia_runoff,COL_2026,-2.1124019089869577e-07,2221,0.9745502413339184,True
A2,ACTIVE_RESULTS,NULL_B_BLOCK_TIME_PERMUTATION,172,colombia_first_round,COL_2026,-7.031896063420641e-08,2471,0.9644808743169399,True
A2,ACTIVE_RESULTS,NULL_B_BLOCK_TIME_PERMUTATION,172,colombia_runoff,COL_2026,-1.6255303001736371e-07,2230,0.9784993418165863,True
A2,ACTIVE_RESULTS,NULL_B_BLOCK_TIME_PERMUTATION,173,colombia_first_round,COL_2026,-8.380923802330719e-08,2488,0.9711163153786104,True
A2,ACTIVE_RESULTS,NULL_B_BLOCK_TIME_PERMUTATION,173,colombia_runoff,COL_2026,-9.249874562927437e-08,2229,0.9780605528740676,True
A2,ACTIVE_RESULTS,NULL_B_BLOCK_TIME_PERMUTATION,174,colombia_first_round,COL_2026,-8.496376578810798e-08,2475,0.9660421545667447,True
A2,ACTIVE_RESULTS,NULL_B_BLOCK_TIME_PERMUTATION,174,colombia_runoff,COL_2026,-8.820909181587699e-08,2228,0.9776217639315489,True
A2,ACTIVE_RESULTS,NULL_B_BLOCK_TIME_PERMUTATION,175,colombia_first_round,COL_2026,-1.1195375500040399e-07,2474,0.9656518345042935,True
A2,ACTIVE_RESULTS,NULL_B_BLOCK_TIME_PERMUTATION,175,colombia_runoff,COL_2026,-1.1351881677511154e-07,2220,0.9741114523913997,True
A2,ACTIVE_RESULTS,NULL_B_BLOCK_TIME_PERMUTATION,176,colombia_first_round,COL_2026,-9.923042634283521e-08,2470,0.9640905542544886,True
A2,ACTIVE_RESULTS,NULL_B_BLOCK_TIME_PERMUTATION,176,colombia_runoff,COL_2026,-1.2303911015788792e-07,2228,0.9776217639315489,True
A2,ACTIVE_RESULTS,NULL_B_BLOCK_TIME_PERMUTATION,177,colombia_first_round,COL_2026,-8.5675711353747e-08,2473,0.9652615144418423,True
A2,ACTIVE_RESULTS,NULL_B_BLOCK_TIME_PERMUTATION,177,colombia_runoff,COL_2026,-7.215719156353476e-08,2227,0.9771829749890303,True
A2,ACTIVE_RESULTS,NULL_B_BLOCK_TIME_PERMUTATION,178,colombia_first_round,COL_2026,-1.0001069944854468e-07,2478,0.9672131147540983,True
A2,ACTIVE_RESULTS,NULL_B_BLOCK_TIME_PERMUTATION,178,colombia_runoff,COL_2026,-1.099846514415256e-07,2224,0.9758666081614743,True
A2,ACTIVE_RESULTS,NULL_B_BLOCK_TIME_PERMUTATION,179,colombia_first_round,COL_2026,-9.311277469740857e-08,2483,0.9691647150663544,True
A2,ACTIVE_RESULTS,NULL_B_BLOCK_TIME_PERMUTATION,179,colombia_runoff,COL_2026,-1.1279639261038002e-07,2224,0.9758666081614743,True
A2,ACTIVE_RESULTS,NULL_B_BLOCK_TIME_PERMUTATION,180,colombia_first_round,COL_2026,-1.3867639013258813e-07,2483,0.9691647150663544,True
A2,ACTIVE_RESULTS,NULL_B_BLOCK_TIME_PERMUTATION,180,colombia_runoff,COL_2026,-1.4361470276186888e-07,2226,0.9767441860465116,True
A2,ACTIVE_RESULTS,NULL_B_BLOCK_TIME_PERMUTATION,181,colombia_first_round,COL_2026,-8.929344123020907e-08,2478,0.9672131147540983,True
A2,ACTIVE_RESULTS,NULL_B_BLOCK_TIME_PERMUTATION,181,colombia_runoff,COL_2026,-9.166803186408648e-08,2225,0.976305397103993,True
A2,ACTIVE_RESULTS,NULL_B_BLOCK_TIME_PERMUTATION,182,colombia_first_round,COL_2026,-1.3904657823752524e-07,2482,0.9687743950039032,True
A2,ACTIVE_RESULTS,NULL_B_BLOCK_TIME_PERMUTATION,182,colombia_runoff,COL_2026,-1.355003914445555e-07,2229,0.9780605528740676,True
A2,ACTIVE_RESULTS,NULL_B_BLOCK_TIME_PERMUTATION,183,colombia_first_round,COL_2026,-1.3442468568595855e-07,2470,0.9640905542544886,True
A2,ACTIVE_RESULTS,NULL_B_BLOCK_TIME_PERMUTATION,183,colombia_runoff,COL_2026,-1.1368333154465352e-07,2233,0.9798157086441421,True
A2,ACTIVE_RESULTS,NULL_B_BLOCK_TIME_PERMUTATION,184,colombia_first_round,COL_2026,-8.371053356592836e-08,2476,0.9664324746291959,True
A2,ACTIVE_RESULTS,NULL_B_BLOCK_TIME_PERMUTATION,184,colombia_runoff,COL_2026,-1.5307268611135565e-07,2223,0.9754278192189557,True
A2,ACTIVE_RESULTS,NULL_B_BLOCK_TIME_PERMUTATION,185,colombia_first_round,COL_2026,-1.045306398837615e-07,2466,0.9625292740046838,True
A2,ACTIVE_RESULTS,NULL_B_BLOCK_TIME_PERMUTATION,185,colombia_runoff,COL_2026,-1.05134466107931e-07,2227,0.9771829749890303,True
A2,ACTIVE_RESULTS,NULL_B_BLOCK_TIME_PERMUTATION,186,colombia_first_round,COL_2026,-1.5300279665180595e-07,2469,0.9637002341920374,True
A2,ACTIVE_RESULTS,NULL_B_BLOCK_TIME_PERMUTATION,186,colombia_runoff,COL_2026,-1.4088533930643918e-07,2221,0.9745502413339184,True
A2,ACTIVE_RESULTS,NULL_B_BLOCK_TIME_PERMUTATION,187,colombia_first_round,COL_2026,-8.547237664718733e-08,2469,0.9637002341920374,True
A2,ACTIVE_RESULTS,NULL_B_BLOCK_TIME_PERMUTATION,187,colombia_runoff,COL_2026,-8.86242821190353e-08,2233,0.9798157086441421,True
A2,ACTIVE_RESULTS,NULL_B_BLOCK_TIME_PERMUTATION,188,colombia_first_round,COL_2026,-9.196658538780106e-08,2469,0.9637002341920374,True
A2,ACTIVE_RESULTS,NULL_B_BLOCK_TIME_PERMUTATION,188,colombia_runoff,COL_2026,-1.0647660702393138e-07,2224,0.9758666081614743,True
A2,ACTIVE_RESULTS,NULL_B_BLOCK_TIME_PERMUTATION,189,colombia_first_round,COL_2026,-1.1107384833881115e-07,2476,0.9664324746291959,True
A2,ACTIVE_RESULTS,NULL_B_BLOCK_TIME_PERMUTATION,189,colombia_runoff,COL_2026,-8.50784282639327e-08,2225,0.976305397103993,True
A2,ACTIVE_RESULTS,NULL_B_BLOCK_TIME_PERMUTATION,190,colombia_first_round,COL_2026,-7.471475938412244e-08,2475,0.9660421545667447,True
A2,ACTIVE_RESULTS,NULL_B_BLOCK_TIME_PERMUTATION,190,colombia_runoff,COL_2026,-7.982119919357296e-08,2226,0.9767441860465116,True
A2,ACTIVE_RESULTS,NULL_B_BLOCK_TIME_PERMUTATION,191,colombia_first_round,COL_2026,-8.075531520490904e-08,2472,0.9648711943793911,True
A2,ACTIVE_RESULTS,NULL_B_BLOCK_TIME_PERMUTATION,191,colombia_runoff,COL_2026,-7.467545673779583e-08,2228,0.9776217639315489,True
A2,ACTIVE_RESULTS,NULL_B_BLOCK_TIME_PERMUTATION,192,colombia_first_round,COL_2026,-7.313707659506562e-08,2484,0.9695550351288056,True
A2,ACTIVE_RESULTS,NULL_B_BLOCK_TIME_PERMUTATION,192,colombia_runoff,COL_2026,-8.638944660494864e-08,2228,0.9776217639315489,True
A2,ACTIVE_RESULTS,NULL_B_BLOCK_TIME_PERMUTATION,193,colombia_first_round,COL_2026,-9.759708630538134e-08,2470,0.9640905542544886,True
A2,ACTIVE_RESULTS,NULL_B_BLOCK_TIME_PERMUTATION,193,colombia_runoff,COL_2026,-1.135045132351501e-07,2230,0.9784993418165863,True
A2,ACTIVE_RESULTS,NULL_B_BLOCK_TIME_PERMUTATION,194,colombia_first_round,COL_2026,-9.485222821350195e-08,2471,0.9644808743169399,True
A2,ACTIVE_RESULTS,NULL_B_BLOCK_TIME_PERMUTATION,194,colombia_runoff,COL_2026,-1.4782099218486627e-07,2230,0.9784993418165863,True
A2,ACTIVE_RESULTS,NULL_B_BLOCK_TIME_PERMUTATION,195,colombia_first_round,COL_2026,-8.391956826053221e-08,2479,0.9676034348165495,True
A2,ACTIVE_RESULTS,NULL_B_BLOCK_TIME_PERMUTATION,195,colombia_runoff,COL_2026,-1.715262211756647e-07,2227,0.9771829749890303,True
A2,ACTIVE_RESULTS,NULL_B_BLOCK_TIME_PERMUTATION,196,colombia_first_round,COL_2026,-1.139401425868948e-07,2478,0.9672131147540983,True
A2,ACTIVE_RESULTS,NULL_B_BLOCK_TIME_PERMUTATION,196,colombia_runoff,COL_2026,-8.86920432996044e-08,2222,0.974989030276437,True
A2,ACTIVE_RESULTS,NULL_B_BLOCK_TIME_PERMUTATION,197,colombia_first_round,COL_2026,-1.8815340739784147e-07,2475,0.9660421545667447,True
A2,ACTIVE_RESULTS,NULL_B_BLOCK_TIME_PERMUTATION,197,colombia_runoff,COL_2026,-9.642655631493344e-08,2225,0.976305397103993,True
A2,ACTIVE_RESULTS,NULL_B_BLOCK_TIME_PERMUTATION,198,colombia_first_round,COL_2026,-1.2916267800605957e-07,2474,0.9656518345042935,True
A2,ACTIVE_RESULTS,NULL_B_BLOCK_TIME_PERMUTATION,198,colombia_runoff,COL_2026,-9.656895264266079e-08,2226,0.9767441860465116,True
A2,ACTIVE_RESULTS,NULL_B_BLOCK_TIME_PERMUTATION,199,colombia_first_round,COL_2026,-1.0136289584111975e-07,2478,0.9672131147540983,True
A2,ACTIVE_RESULTS,NULL_B_BLOCK_TIME_PERMUTATION,199,colombia_runoff,COL_2026,-8.765185123311182e-08,2231,0.9789381307591049,True
A2,ACTIVE_RESULTS,NULL_B_BLOCK_TIME_PERMUTATION,200,colombia_first_round,COL_2026,-1.484495344671202e-07,2471,0.9644808743169399,True
A2,ACTIVE_RESULTS,NULL_B_BLOCK_TIME_PERMUTATION,200,colombia_runoff,COL_2026,-8.297101125619136e-08,2229,0.9780605528740676,True
A2,ACTIVE_RESULTS,NULL_B_BLOCK_TIME_PERMUTATION,201,colombia_first_round,COL_2026,-1.2753981409267925e-07,2478,0.9672131147540983,True
A2,ACTIVE_RESULTS,NULL_B_BLOCK_TIME_PERMUTATION,201,colombia_runoff,COL_2026,-9.826132501324508e-08,2228,0.9776217639315489,True
A2,ACTIVE_RESULTS,NULL_B_BLOCK_TIME_PERMUTATION,202,colombia_first_round,COL_2026,-1.1323687407287619e-07,2471,0.9644808743169399,True
A2,ACTIVE_RESULTS,NULL_B_BLOCK_TIME_PERMUTATION,202,colombia_runoff,COL_2026,-7.366305949899704e-08,2224,0.9758666081614743,True
A2,ACTIVE_RESULTS,NULL_B_BLOCK_TIME_PERMUTATION,203,colombia_first_round,COL_2026,-1.187987766736906e-07,2473,0.9652615144418423,True
A2,ACTIVE_RESULTS,NULL_B_BLOCK_TIME_PERMUTATION,203,colombia_runoff,COL_2026,-1.1180126687203545e-07,2226,0.9767441860465116,True
A2,ACTIVE_RESULTS,NULL_B_BLOCK_TIME_PERMUTATION,204,colombia_first_round,COL_2026,-9.099082013819325e-08,2471,0.9644808743169399,True
A2,ACTIVE_RESULTS,NULL_B_BLOCK_TIME_PERMUTATION,204,colombia_runoff,COL_2026,-1.0554046054033607e-07,2228,0.9776217639315489,True
A2,ACTIVE_RESULTS,NULL_B_BLOCK_TIME_PERMUTATION,205,colombia_first_round,COL_2026,-1.8710662213021007e-07,2475,0.9660421545667447,True
A2,ACTIVE_RESULTS,NULL_B_BLOCK_TIME_PERMUTATION,205,colombia_runoff,COL_2026,-1.0716771846052638e-07,2226,0.9767441860465116,True
A2,ACTIVE_RESULTS,NULL_B_BLOCK_TIME_PERMUTATION,206,colombia_first_round,COL_2026,-7.793796768001174e-08,2470,0.9640905542544886,True
A2,ACTIVE_RESULTS,NULL_B_BLOCK_TIME_PERMUTATION,206,colombia_runoff,COL_2026,-1.072287284483617e-07,2226,0.9767441860465116,True
A2,ACTIVE_RESULTS,NULL_B_BLOCK_TIME_PERMUTATION,207,colombia_first_round,COL_2026,-6.31813589096027e-08,2472,0.9648711943793911,True
A2,ACTIVE_RESULTS,NULL_B_BLOCK_TIME_PERMUTATION,207,colombia_runoff,COL_2026,-1.2667693859447306e-07,2223,0.9754278192189557,True
A2,ACTIVE_RESULTS,NULL_B_BLOCK_TIME_PERMUTATION,208,colombia_first_round,COL_2026,-9.26798665887901e-08,2471,0.9644808743169399,True
A2,ACTIVE_RESULTS,NULL_B_BLOCK_TIME_PERMUTATION,208,colombia_runoff,COL_2026,-9.752592812583656e-08,2222,0.974989030276437,True
A2,ACTIVE_RESULTS,NULL_B_BLOCK_TIME_PERMUTATION,209,colombia_first_round,COL_2026,-1.0351277000442624e-07,2475,0.9660421545667447,True
A2,ACTIVE_RESULTS,NULL_B_BLOCK_TIME_PERMUTATION,209,colombia_runoff,COL_2026,-1.1687071296387953e-07,2222,0.974989030276437,True
A2,ACTIVE_RESULTS,NULL_B_BLOCK_TIME_PERMUTATION,210,colombia_first_round,COL_2026,-7.868447163786441e-08,2471,0.9644808743169399,True
A2,ACTIVE_RESULTS,NULL_B_BLOCK_TIME_PERMUTATION,210,colombia_runoff,COL_2026,-8.782461525646303e-08,2219,0.973672663448881,True
A2,ACTIVE_RESULTS,NULL_B_BLOCK_TIME_PERMUTATION,211,colombia_first_round,COL_2026,-7.023860682785366e-08,2479,0.9676034348165495,True
A2,ACTIVE_RESULTS,NULL_B_BLOCK_TIME_PERMUTATION,211,colombia_runoff,COL_2026,-1.0924300013930745e-07,2226,0.9767441860465116,True
A2,ACTIVE_RESULTS,NULL_B_BLOCK_TIME_PERMUTATION,212,colombia_first_round,COL_2026,-1.2287035256284322e-07,2471,0.9644808743169399,True
A2,ACTIVE_RESULTS,NULL_B_BLOCK_TIME_PERMUTATION,212,colombia_runoff,COL_2026,-1.3620053418389426e-07,2229,0.9780605528740676,True
A2,ACTIVE_RESULTS,NULL_B_BLOCK_TIME_PERMUTATION,213,colombia_first_round,COL_2026,-1.179620110151492e-07,2472,0.9648711943793911,True
A2,ACTIVE_RESULTS,NULL_B_BLOCK_TIME_PERMUTATION,213,colombia_runoff,COL_2026,-1.3245655084164702e-07,2231,0.9789381307591049,True
A2,ACTIVE_RESULTS,NULL_B_BLOCK_TIME_PERMUTATION,214,colombia_first_round,COL_2026,-7.938795625668129e-08,2467,0.962919594067135,True
A2,ACTIVE_RESULTS,NULL_B_BLOCK_TIME_PERMUTATION,214,colombia_runoff,COL_2026,-1.378349761748699e-07,2225,0.976305397103993,True
A2,ACTIVE_RESULTS,NULL_B_BLOCK_TIME_PERMUTATION,215,colombia_first_round,COL_2026,-1.337957163176231e-07,2469,0.9637002341920374,True
A2,ACTIVE_RESULTS,NULL_B_BLOCK_TIME_PERMUTATION,215,colombia_runoff,COL_2026,-7.021261209957824e-08,2225,0.976305397103993,True
A2,ACTIVE_RESULTS,NULL_B_BLOCK_TIME_PERMUTATION,216,colombia_first_round,COL_2026,-5.8203697099375595e-08,2475,0.9660421545667447,True
A2,ACTIVE_RESULTS,NULL_B_BLOCK_TIME_PERMUTATION,216,colombia_runoff,COL_2026,-1.3028738696239045e-07,2219,0.973672663448881,True
A2,ACTIVE_RESULTS,NULL_B_BLOCK_TIME_PERMUTATION,217,colombia_first_round,COL_2026,-8.667560865718108e-08,2477,0.9668227946916471,True
A2,ACTIVE_RESULTS,NULL_B_BLOCK_TIME_PERMUTATION,217,colombia_runoff,COL_2026,-1.260476734327384e-07,2223,0.9754278192189557,True
A2,ACTIVE_RESULTS,NULL_B_BLOCK_TIME_PERMUTATION,218,colombia_first_round,COL_2026,-9.597718680138348e-08,2472,0.9648711943793911,True
A2,ACTIVE_RESULTS,NULL_B_BLOCK_TIME_PERMUTATION,218,colombia_runoff,COL_2026,-1.6338527393108465e-07,2228,0.9776217639315489,True
A2,ACTIVE_RESULTS,NULL_B_BLOCK_TIME_PERMUTATION,219,colombia_first_round,COL_2026,-2.0620214431148885e-07,2476,0.9664324746291959,True
A2,ACTIVE_RESULTS,NULL_B_BLOCK_TIME_PERMUTATION,219,colombia_runoff,COL_2026,-6.90035277243815e-08,2231,0.9789381307591049,True
A2,ACTIVE_RESULTS,NULL_B_BLOCK_TIME_PERMUTATION,220,colombia_first_round,COL_2026,-1.4425297230256334e-07,2473,0.9652615144418423,True
A2,ACTIVE_RESULTS,NULL_B_BLOCK_TIME_PERMUTATION,220,colombia_runoff,COL_2026,-8.515194561204437e-08,2221,0.9745502413339184,True
A2,ACTIVE_RESULTS,NULL_B_BLOCK_TIME_PERMUTATION,221,colombia_first_round,COL_2026,-9.303671092576995e-08,2471,0.9644808743169399,True
A2,ACTIVE_RESULTS,NULL_B_BLOCK_TIME_PERMUTATION,221,colombia_runoff,COL_2026,-1.285703862123115e-07,2233,0.9798157086441421,True
A2,ACTIVE_RESULTS,NULL_B_BLOCK_TIME_PERMUTATION,222,colombia_first_round,COL_2026,-1.0941583929136404e-07,2481,0.968384074941452,True
A2,ACTIVE_RESULTS,NULL_B_BLOCK_TIME_PERMUTATION,222,colombia_runoff,COL_2026,-7.407125445315564e-08,2233,0.9798157086441421,True
A2,ACTIVE_RESULTS,NULL_B_BLOCK_TIME_PERMUTATION,223,colombia_first_round,COL_2026,-1.0407581650602834e-07,2471,0.9644808743169399,True
A2,ACTIVE_RESULTS,NULL_B_BLOCK_TIME_PERMUTATION,223,colombia_runoff,COL_2026,-1.1020710476398335e-07,2229,0.9780605528740676,True
A2,ACTIVE_RESULTS,NULL_B_BLOCK_TIME_PERMUTATION,224,colombia_first_round,COL_2026,-1.0198831231493478e-07,2476,0.9664324746291959,True
A2,ACTIVE_RESULTS,NULL_B_BLOCK_TIME_PERMUTATION,224,colombia_runoff,COL_2026,-9.64641588257217e-08,2229,0.9780605528740676,True
A2,ACTIVE_RESULTS,NULL_B_BLOCK_TIME_PERMUTATION,225,colombia_first_round,COL_2026,-1.3486119382883753e-07,2470,0.9640905542544886,True
A2,ACTIVE_RESULTS,NULL_B_BLOCK_TIME_PERMUTATION,225,colombia_runoff,COL_2026,-1.244383706427862e-07,2228,0.9776217639315489,True
A2,ACTIVE_RESULTS,NULL_B_BLOCK_TIME_PERMUTATION,226,colombia_first_round,COL_2026,-1.28483097769718e-07,2479,0.9676034348165495,True
A2,ACTIVE_RESULTS,NULL_B_BLOCK_TIME_PERMUTATION,226,colombia_runoff,COL_2026,-1.1651333181009121e-07,2226,0.9767441860465116,True
A2,ACTIVE_RESULTS,NULL_B_BLOCK_TIME_PERMUTATION,227,colombia_first_round,COL_2026,-9.159019552362858e-08,2472,0.9648711943793911,True
A2,ACTIVE_RESULTS,NULL_B_BLOCK_TIME_PERMUTATION,227,colombia_runoff,COL_2026,-1.1518699874304682e-07,2229,0.9780605528740676,True
A2,ACTIVE_RESULTS,NULL_B_BLOCK_TIME_PERMUTATION,228,colombia_first_round,COL_2026,-7.193141588550331e-08,2475,0.9660421545667447,True
A2,ACTIVE_RESULTS,NULL_B_BLOCK_TIME_PERMUTATION,228,colombia_runoff,COL_2026,-1.3876784780307598e-07,2230,0.9784993418165863,True
A2,ACTIVE_RESULTS,NULL_B_BLOCK_TIME_PERMUTATION,229,colombia_first_round,COL_2026,-1.1116495010699994e-07,2468,0.9633099141295862,True
A2,ACTIVE_RESULTS,NULL_B_BLOCK_TIME_PERMUTATION,229,colombia_runoff,COL_2026,-1.5765392475809304e-07,2225,0.976305397103993,True
A2,ACTIVE_RESULTS,NULL_B_BLOCK_TIME_PERMUTATION,230,colombia_first_round,COL_2026,-8.8287068292324e-08,2472,0.9648711943793911,True
A2,ACTIVE_RESULTS,NULL_B_BLOCK_TIME_PERMUTATION,230,colombia_runoff,COL_2026,-6.08755489855019e-08,2228,0.9776217639315489,True
A2,ACTIVE_RESULTS,NULL_B_BLOCK_TIME_PERMUTATION,231,colombia_first_round,COL_2026,-7.422655365022613e-08,2472,0.9648711943793911,True
A2,ACTIVE_RESULTS,NULL_B_BLOCK_TIME_PERMUTATION,231,colombia_runoff,COL_2026,-1.0529746071389205e-07,2227,0.9771829749890303,True
A2,ACTIVE_RESULTS,NULL_B_BLOCK_TIME_PERMUTATION,232,colombia_first_round,COL_2026,-1.0746148226799089e-07,2477,0.9668227946916471,True
A2,ACTIVE_RESULTS,NULL_B_BLOCK_TIME_PERMUTATION,232,colombia_runoff,COL_2026,-1.1673040641246196e-07,2225,0.976305397103993,True
A2,ACTIVE_RESULTS,NULL_B_BLOCK_TIME_PERMUTATION,233,colombia_first_round,COL_2026,-8.188338417003674e-08,2474,0.9656518345042935,True
A2,ACTIVE_RESULTS,NULL_B_BLOCK_TIME_PERMUTATION,233,colombia_runoff,COL_2026,-1.3037246946401982e-07,2220,0.9741114523913997,True
A2,ACTIVE_RESULTS,NULL_B_BLOCK_TIME_PERMUTATION,234,colombia_first_round,COL_2026,-1.1119266232341142e-07,2472,0.9648711943793911,True
A2,ACTIVE_RESULTS,NULL_B_BLOCK_TIME_PERMUTATION,234,colombia_runoff,COL_2026,-1.0477523828323824e-07,2221,0.9745502413339184,True
A2,ACTIVE_RESULTS,NULL_B_BLOCK_TIME_PERMUTATION,235,colombia_first_round,COL_2026,-8.808295635221669e-08,2478,0.9672131147540983,True
A2,ACTIVE_RESULTS,NULL_B_BLOCK_TIME_PERMUTATION,235,colombia_runoff,COL_2026,-1.0899929017986459e-07,2224,0.9758666081614743,True
A2,ACTIVE_RESULTS,NULL_B_BLOCK_TIME_PERMUTATION,236,colombia_first_round,COL_2026,-1.4399290951875426e-07,2472,0.9648711943793911,True
A2,ACTIVE_RESULTS,NULL_B_BLOCK_TIME_PERMUTATION,236,colombia_runoff,COL_2026,-1.1311915440670378e-07,2221,0.9745502413339184,True
A2,ACTIVE_RESULTS,NULL_B_BLOCK_TIME_PERMUTATION,237,colombia_first_round,COL_2026,-1.0496988249388359e-07,2475,0.9660421545667447,True
A2,ACTIVE_RESULTS,NULL_B_BLOCK_TIME_PERMUTATION,237,colombia_runoff,COL_2026,-8.724596703416722e-08,2224,0.9758666081614743,True
A2,ACTIVE_RESULTS,NULL_B_BLOCK_TIME_PERMUTATION,238,colombia_first_round,COL_2026,-1.4494734057630936e-07,2471,0.9644808743169399,True
A2,ACTIVE_RESULTS,NULL_B_BLOCK_TIME_PERMUTATION,238,colombia_runoff,COL_2026,-1.0873172258431499e-07,2224,0.9758666081614743,True
A2,ACTIVE_RESULTS,NULL_B_BLOCK_TIME_PERMUTATION,239,colombia_first_round,COL_2026,-1.11399405948687e-07,2469,0.9637002341920374,True
A2,ACTIVE_RESULTS,NULL_B_BLOCK_TIME_PERMUTATION,239,colombia_runoff,COL_2026,-9.178513696209042e-08,2232,0.9793769197016235,True
A2,ACTIVE_RESULTS,NULL_B_BLOCK_TIME_PERMUTATION,240,colombia_first_round,COL_2026,-1.336567146192092e-07,2481,0.968384074941452,True
A2,ACTIVE_RESULTS,NULL_B_BLOCK_TIME_PERMUTATION,240,colombia_runoff,COL_2026,-7.827529807525988e-08,2230,0.9784993418165863,True
A2,ACTIVE_RESULTS,NULL_B_BLOCK_TIME_PERMUTATION,241,colombia_first_round,COL_2026,-9.338865157322756e-08,2475,0.9660421545667447,True
A2,ACTIVE_RESULTS,NULL_B_BLOCK_TIME_PERMUTATION,241,colombia_runoff,COL_2026,-9.980324719504954e-08,2231,0.9789381307591049,True
A2,ACTIVE_RESULTS,NULL_B_BLOCK_TIME_PERMUTATION,242,colombia_first_round,COL_2026,-1.0551794394296817e-07,2466,0.9625292740046838,True
A2,ACTIVE_RESULTS,NULL_B_BLOCK_TIME_PERMUTATION,242,colombia_runoff,COL_2026,-9.825823567130463e-08,2227,0.9771829749890303,True
A2,ACTIVE_RESULTS,NULL_B_BLOCK_TIME_PERMUTATION,243,colombia_first_round,COL_2026,-8.672862365686851e-08,2470,0.9640905542544886,True
A2,ACTIVE_RESULTS,NULL_B_BLOCK_TIME_PERMUTATION,243,colombia_runoff,COL_2026,-9.244395052189833e-08,2226,0.9767441860465116,True
A2,ACTIVE_RESULTS,NULL_B_BLOCK_TIME_PERMUTATION,244,colombia_first_round,COL_2026,-8.684549832491936e-08,2475,0.9660421545667447,True
A2,ACTIVE_RESULTS,NULL_B_BLOCK_TIME_PERMUTATION,244,colombia_runoff,COL_2026,-9.454503392692413e-08,2225,0.976305397103993,True
A2,ACTIVE_RESULTS,NULL_B_BLOCK_TIME_PERMUTATION,245,colombia_first_round,COL_2026,-1.1886517008606496e-07,2474,0.9656518345042935,True
A2,ACTIVE_RESULTS,NULL_B_BLOCK_TIME_PERMUTATION,245,colombia_runoff,COL_2026,-1.1613935752538717e-07,2232,0.9793769197016235,True
A2,ACTIVE_RESULTS,NULL_B_BLOCK_TIME_PERMUTATION,246,colombia_first_round,COL_2026,-7.475859155274372e-08,2473,0.9652615144418423,True
A2,ACTIVE_RESULTS,NULL_B_BLOCK_TIME_PERMUTATION,246,colombia_runoff,COL_2026,-7.971536075272197e-08,2223,0.9754278192189557,True
A2,ACTIVE_RESULTS,NULL_B_BLOCK_TIME_PERMUTATION,247,colombia_first_round,COL_2026,-8.559434255805883e-08,2472,0.9648711943793911,True
A2,ACTIVE_RESULTS,NULL_B_BLOCK_TIME_PERMUTATION,247,colombia_runoff,COL_2026,-9.676443045831671e-08,2228,0.9776217639315489,True
A2,ACTIVE_RESULTS,NULL_B_BLOCK_TIME_PERMUTATION,248,colombia_first_round,COL_2026,-9.38019413909356e-08,2467,0.962919594067135,True
A2,ACTIVE_RESULTS,NULL_B_BLOCK_TIME_PERMUTATION,248,colombia_runoff,COL_2026,-1.4676490520726746e-07,2223,0.9754278192189557,True
A2,ACTIVE_RESULTS,NULL_B_BLOCK_TIME_PERMUTATION,249,colombia_first_round,COL_2026,-1.003875909242314e-07,2473,0.9652615144418423,True
A2,ACTIVE_RESULTS,NULL_B_BLOCK_TIME_PERMUTATION,249,colombia_runoff,COL_2026,-7.064522543655782e-08,2221,0.9745502413339184,True
A3,ACTIVE_RESULTS,NULL_A_CIRCULAR_SHIFT,0,colombia_first_round,COL_2026,-4.128483827776288e-07,2573,0.9691148775894539,True
A3,ACTIVE_RESULTS,NULL_A_CIRCULAR_SHIFT,0,colombia_runoff,COL_2026,-1.2340588860828573e-07,2561,0.9771079740557039,True
A3,ACTIVE_RESULTS,NULL_A_CIRCULAR_SHIFT,1,colombia_first_round,COL_2026,-1.2372178257944953e-07,2576,0.9702448210922787,True
A3,ACTIVE_RESULTS,NULL_A_CIRCULAR_SHIFT,1,colombia_runoff,COL_2026,-2.430737025513557e-07,2556,0.9752003052270126,True
A3,ACTIVE_RESULTS,NULL_A_CIRCULAR_SHIFT,2,colombia_first_round,COL_2026,-3.089530518183219e-07,2572,0.9687382297551789,True
A3,ACTIVE_RESULTS,NULL_A_CIRCULAR_SHIFT,2,colombia_runoff,COL_2026,-1.7401282302668639e-07,2556,0.9752003052270126,True
A3,ACTIVE_RESULTS,NULL_A_CIRCULAR_SHIFT,3,colombia_first_round,COL_2026,-1.7786595281451088e-07,2562,0.9649717514124294,True
A3,ACTIVE_RESULTS,NULL_A_CIRCULAR_SHIFT,3,colombia_runoff,COL_2026,-1.3989205455701808e-07,2559,0.9763449065242273,True
A3,ACTIVE_RESULTS,NULL_A_CIRCULAR_SHIFT,4,colombia_first_round,COL_2026,-1.526388333500827e-07,2561,0.9645951035781545,True
A3,ACTIVE_RESULTS,NULL_A_CIRCULAR_SHIFT,4,colombia_runoff,COL_2026,-2.650215229973268e-07,2558,0.9759633727584891,True
A3,ACTIVE_RESULTS,NULL_A_CIRCULAR_SHIFT,5,colombia_first_round,COL_2026,-1.992487612274401e-07,2558,0.9634651600753296,True
A3,ACTIVE_RESULTS,NULL_A_CIRCULAR_SHIFT,5,colombia_runoff,COL_2026,-1.182114816968284e-07,2559,0.9763449065242273,True
A3,ACTIVE_RESULTS,NULL_A_CIRCULAR_SHIFT,6,colombia_first_round,COL_2026,-3.136768899220754e-07,2559,0.9638418079096045,True
A3,ACTIVE_RESULTS,NULL_A_CIRCULAR_SHIFT,6,colombia_runoff,COL_2026,-2.025390894224365e-07,2565,0.978634109118657,True
A3,ACTIVE_RESULTS,NULL_A_CIRCULAR_SHIFT,7,colombia_first_round,COL_2026,-1.8684700291530432e-07,2577,0.9706214689265537,True
A3,ACTIVE_RESULTS,NULL_A_CIRCULAR_SHIFT,7,colombia_runoff,COL_2026,-9.691780052755675e-08,2566,0.9790156428843952,True
A3,ACTIVE_RESULTS,NULL_A_CIRCULAR_SHIFT,8,colombia_first_round,COL_2026,-1.0895504268882784e-07,2583,0.9728813559322034,True
A3,ACTIVE_RESULTS,NULL_A_CIRCULAR_SHIFT,8,colombia_runoff,COL_2026,-1.1017407137824795e-07,2555,0.9748187714612743,True
A3,ACTIVE_RESULTS,NULL_A_CIRCULAR_SHIFT,9,colombia_first_round,COL_2026,-2.6754990284137005e-07,2558,0.9634651600753296,True
A3,ACTIVE_RESULTS,NULL_A_CIRCULAR_SHIFT,9,colombia_runoff,COL_2026,-1.7473910098466008e-07,2560,0.9767264402899657,True
A3,ACTIVE_RESULTS,NULL_A_CIRCULAR_SHIFT,10,colombia_first_round,COL_2026,-1.808592746889136e-07,2559,0.9638418079096045,True
A3,ACTIVE_RESULTS,NULL_A_CIRCULAR_SHIFT,10,colombia_runoff,COL_2026,-2.1323166403588022e-07,2564,0.9782525753529188,True
A3,ACTIVE_RESULTS,NULL_A_CIRCULAR_SHIFT,11,colombia_first_round,COL_2026,-2.510493965946356e-07,2565,0.9661016949152542,True
A3,ACTIVE_RESULTS,NULL_A_CIRCULAR_SHIFT,11,colombia_runoff,COL_2026,-2.418148573625144e-07,2555,0.9748187714612743,True
A3,ACTIVE_RESULTS,NULL_A_CIRCULAR_SHIFT,12,colombia_first_round,COL_2026,-1.401933782998368e-07,2572,0.9687382297551789,True
A3,ACTIVE_RESULTS,NULL_A_CIRCULAR_SHIFT,12,colombia_runoff,COL_2026,-2.5371769916942643e-07,2561,0.9771079740557039,True
A3,ACTIVE_RESULTS,NULL_A_CIRCULAR_SHIFT,13,colombia_first_round,COL_2026,-1.5225202465109034e-07,2560,0.9642184557438794,True
A3,ACTIVE_RESULTS,NULL_A_CIRCULAR_SHIFT,13,colombia_runoff,COL_2026,-1.8638663182680741e-07,2559,0.9763449065242273,True
A3,ACTIVE_RESULTS,NULL_A_CIRCULAR_SHIFT,14,colombia_first_round,COL_2026,-2.6313432308480765e-07,2559,0.9638418079096045,True
A3,ACTIVE_RESULTS,NULL_A_CIRCULAR_SHIFT,14,colombia_runoff,COL_2026,-1.1950054520769253e-07,2559,0.9763449065242273,True
A3,ACTIVE_RESULTS,NULL_A_CIRCULAR_SHIFT,15,colombia_first_round,COL_2026,-2.3147682803659229e-07,2566,0.9664783427495292,True
A3,ACTIVE_RESULTS,NULL_A_CIRCULAR_SHIFT,15,colombia_runoff,COL_2026,-5.1999968055717806e-08,2558,0.9759633727584891,True
A3,ACTIVE_RESULTS,NULL_A_CIRCULAR_SHIFT,16,colombia_first_round,COL_2026,-3.380941379631294e-07,2561,0.9645951035781545,True
A3,ACTIVE_RESULTS,NULL_A_CIRCULAR_SHIFT,16,colombia_runoff,COL_2026,-7.881834971044376e-08,2562,0.9774895078214422,True
A3,ACTIVE_RESULTS,NULL_A_CIRCULAR_SHIFT,17,colombia_first_round,COL_2026,-2.119271831465067e-07,2567,0.9668549905838042,True
A3,ACTIVE_RESULTS,NULL_A_CIRCULAR_SHIFT,17,colombia_runoff,COL_2026,-1.428812752899056e-07,2557,0.9755818389927509,True
A3,ACTIVE_RESULTS,NULL_A_CIRCULAR_SHIFT,18,colombia_first_round,COL_2026,-1.756928849519082e-07,2560,0.9642184557438794,True
A3,ACTIVE_RESULTS,NULL_A_CIRCULAR_SHIFT,18,colombia_runoff,COL_2026,-1.5605118643597637e-07,2564,0.9782525753529188,True
A3,ACTIVE_RESULTS,NULL_A_CIRCULAR_SHIFT,19,colombia_first_round,COL_2026,-8.12051608955233e-08,2560,0.9642184557438794,True
A3,ACTIVE_RESULTS,NULL_A_CIRCULAR_SHIFT,19,colombia_runoff,COL_2026,-1.3253216189229403e-07,2556,0.9752003052270126,True
A3,ACTIVE_RESULTS,NULL_A_CIRCULAR_SHIFT,20,colombia_first_round,COL_2026,-3.5297412954448666e-07,2560,0.9642184557438794,True
A3,ACTIVE_RESULTS,NULL_A_CIRCULAR_SHIFT,20,colombia_runoff,COL_2026,-1.8399335401843132e-07,2556,0.9752003052270126,True
A3,ACTIVE_RESULTS,NULL_A_CIRCULAR_SHIFT,21,colombia_first_round,COL_2026,-2.4106157808945247e-07,2568,0.9672316384180791,True
A3,ACTIVE_RESULTS,NULL_A_CIRCULAR_SHIFT,21,colombia_runoff,COL_2026,-1.448495119232151e-07,2562,0.9774895078214422,True
A3,ACTIVE_RESULTS,NULL_A_CIRCULAR_SHIFT,22,colombia_first_round,COL_2026,-4.200344776129315e-07,2562,0.9649717514124294,True
A3,ACTIVE_RESULTS,NULL_A_CIRCULAR_SHIFT,22,colombia_runoff,COL_2026,-1.6666267843745267e-07,2556,0.9752003052270126,True
A3,ACTIVE_RESULTS,NULL_A_CIRCULAR_SHIFT,23,colombia_first_round,COL_2026,-3.3712765029485625e-07,2565,0.9661016949152542,True
A3,ACTIVE_RESULTS,NULL_A_CIRCULAR_SHIFT,23,colombia_runoff,COL_2026,-1.4566683609127893e-07,2559,0.9763449065242273,True
A3,ACTIVE_RESULTS,NULL_A_CIRCULAR_SHIFT,24,colombia_first_round,COL_2026,-6.007375592665092e-08,2562,0.9649717514124294,True
A3,ACTIVE_RESULTS,NULL_A_CIRCULAR_SHIFT,24,colombia_runoff,COL_2026,-1.7058150398766237e-07,2556,0.9752003052270126,True
A3,ACTIVE_RESULTS,NULL_A_CIRCULAR_SHIFT,25,colombia_first_round,COL_2026,-2.5603110737244636e-07,2558,0.9634651600753296,True
A3,ACTIVE_RESULTS,NULL_A_CIRCULAR_SHIFT,25,colombia_runoff,COL_2026,-1.299250183531432e-07,2559,0.9763449065242273,True
A3,ACTIVE_RESULTS,NULL_A_CIRCULAR_SHIFT,26,colombia_first_round,COL_2026,-2.8924218144305767e-07,2558,0.9634651600753296,True
A3,ACTIVE_RESULTS,NULL_A_CIRCULAR_SHIFT,26,colombia_runoff,COL_2026,-1.5287581057971038e-07,2559,0.9763449065242273,True
A3,ACTIVE_RESULTS,NULL_A_CIRCULAR_SHIFT,27,colombia_first_round,COL_2026,-3.3027346591952354e-07,2572,0.9687382297551789,True
A3,ACTIVE_RESULTS,NULL_A_CIRCULAR_SHIFT,27,colombia_runoff,COL_2026,-2.0056649689276833e-07,2560,0.9767264402899657,True
A3,ACTIVE_RESULTS,NULL_A_CIRCULAR_SHIFT,28,colombia_first_round,COL_2026,-2.769855664362173e-07,2560,0.9642184557438794,True
A3,ACTIVE_RESULTS,NULL_A_CIRCULAR_SHIFT,28,colombia_runoff,COL_2026,-2.9806845749348265e-07,2560,0.9767264402899657,True
A3,ACTIVE_RESULTS,NULL_A_CIRCULAR_SHIFT,29,colombia_first_round,COL_2026,-2.879712994717463e-07,2560,0.9642184557438794,True
A3,ACTIVE_RESULTS,NULL_A_CIRCULAR_SHIFT,29,colombia_runoff,COL_2026,-1.7808104874612285e-07,2560,0.9767264402899657,True
A3,ACTIVE_RESULTS,NULL_A_CIRCULAR_SHIFT,30,colombia_first_round,COL_2026,-2.1110729789030032e-07,2561,0.9645951035781545,True
A3,ACTIVE_RESULTS,NULL_A_CIRCULAR_SHIFT,30,colombia_runoff,COL_2026,-1.7447584633138473e-07,2562,0.9774895078214422,True
A3,ACTIVE_RESULTS,NULL_A_CIRCULAR_SHIFT,31,colombia_first_round,COL_2026,-8.881412593778172e-08,2560,0.9642184557438794,True
A3,ACTIVE_RESULTS,NULL_A_CIRCULAR_SHIFT,31,colombia_runoff,COL_2026,-8.847923375709206e-08,2563,0.9778710415871804,True
A3,ACTIVE_RESULTS,NULL_A_CIRCULAR_SHIFT,32,colombia_first_round,COL_2026,-1.7585212805826345e-07,2561,0.9645951035781545,True
A3,ACTIVE_RESULTS,NULL_A_CIRCULAR_SHIFT,32,colombia_runoff,COL_2026,-1.629321096161202e-07,2559,0.9763449065242273,True
A3,ACTIVE_RESULTS,NULL_A_CIRCULAR_SHIFT,33,colombia_first_round,COL_2026,-3.104456231788108e-07,2562,0.9649717514124294,True
A3,ACTIVE_RESULTS,NULL_A_CIRCULAR_SHIFT,33,colombia_runoff,COL_2026,-1.421219746769381e-07,2555,0.9748187714612743,True
A3,ACTIVE_RESULTS,NULL_A_CIRCULAR_SHIFT,34,colombia_first_round,COL_2026,-2.2066007156867162e-07,2558,0.9634651600753296,True
A3,ACTIVE_RESULTS,NULL_A_CIRCULAR_SHIFT,34,colombia_runoff,COL_2026,-2.8886346679809237e-07,2561,0.9771079740557039,True
A3,ACTIVE_RESULTS,NULL_A_CIRCULAR_SHIFT,35,colombia_first_round,COL_2026,-2.0060672141588085e-07,2563,0.9653483992467043,True
A3,ACTIVE_RESULTS,NULL_A_CIRCULAR_SHIFT,35,colombia_runoff,COL_2026,-1.0901226075984164e-07,2555,0.9748187714612743,True
A3,ACTIVE_RESULTS,NULL_A_CIRCULAR_SHIFT,36,colombia_first_round,COL_2026,-3.423568406286285e-07,2563,0.9653483992467043,True
A3,ACTIVE_RESULTS,NULL_A_CIRCULAR_SHIFT,36,colombia_runoff,COL_2026,-1.360662691038545e-07,2560,0.9767264402899657,True
A3,ACTIVE_RESULTS,NULL_A_CIRCULAR_SHIFT,37,colombia_first_round,COL_2026,-3.094905010798154e-07,2560,0.9642184557438794,True
A3,ACTIVE_RESULTS,NULL_A_CIRCULAR_SHIFT,37,colombia_runoff,COL_2026,-1.2019520162252325e-07,2554,0.974437237695536,True
A3,ACTIVE_RESULTS,NULL_A_CIRCULAR_SHIFT,38,colombia_first_round,COL_2026,-3.839563407659334e-07,2575,0.9698681732580038,True
A3,ACTIVE_RESULTS,NULL_A_CIRCULAR_SHIFT,38,colombia_runoff,COL_2026,-1.0548688586969156e-07,2557,0.9755818389927509,True
A3,ACTIVE_RESULTS,NULL_A_CIRCULAR_SHIFT,39,colombia_first_round,COL_2026,-1.5094902451567076e-07,2583,0.9728813559322034,True
A3,ACTIVE_RESULTS,NULL_A_CIRCULAR_SHIFT,39,colombia_runoff,COL_2026,-1.3694143613806836e-07,2557,0.9755818389927509,True
A3,ACTIVE_RESULTS,NULL_A_CIRCULAR_SHIFT,40,colombia_first_round,COL_2026,-2.652934010486645e-07,2562,0.9649717514124294,True
A3,ACTIVE_RESULTS,NULL_A_CIRCULAR_SHIFT,40,colombia_runoff,COL_2026,-1.7846234922508256e-07,2556,0.9752003052270126,True
A3,ACTIVE_RESULTS,NULL_A_CIRCULAR_SHIFT,41,colombia_first_round,COL_2026,-2.8001259059744283e-07,2558,0.9634651600753296,True
A3,ACTIVE_RESULTS,NULL_A_CIRCULAR_SHIFT,41,colombia_runoff,COL_2026,-3.646888516048899e-07,2558,0.9759633727584891,True
A3,ACTIVE_RESULTS,NULL_A_CIRCULAR_SHIFT,42,colombia_first_round,COL_2026,-2.4807075489794874e-07,2560,0.9642184557438794,True
A3,ACTIVE_RESULTS,NULL_A_CIRCULAR_SHIFT,42,colombia_runoff,COL_2026,-1.7766580280092581e-07,2561,0.9771079740557039,True
A3,ACTIVE_RESULTS,NULL_A_CIRCULAR_SHIFT,43,colombia_first_round,COL_2026,-3.7295860369855266e-07,2569,0.9676082862523541,True
A3,ACTIVE_RESULTS,NULL_A_CIRCULAR_SHIFT,43,colombia_runoff,COL_2026,-9.496565832805362e-08,2557,0.9755818389927509,True
A3,ACTIVE_RESULTS,NULL_A_CIRCULAR_SHIFT,44,colombia_first_round,COL_2026,-3.263998271295387e-07,2568,0.9672316384180791,True
A3,ACTIVE_RESULTS,NULL_A_CIRCULAR_SHIFT,44,colombia_runoff,COL_2026,-8.201541583082278e-08,2557,0.9755818389927509,True
A3,ACTIVE_RESULTS,NULL_A_CIRCULAR_SHIFT,45,colombia_first_round,COL_2026,-3.6916429442582556e-07,2558,0.9634651600753296,True
A3,ACTIVE_RESULTS,NULL_A_CIRCULAR_SHIFT,45,colombia_runoff,COL_2026,-2.628537326101813e-08,2560,0.9767264402899657,True
A3,ACTIVE_RESULTS,NULL_A_CIRCULAR_SHIFT,46,colombia_first_round,COL_2026,-2.909665852317682e-07,2561,0.9645951035781545,True
A3,ACTIVE_RESULTS,NULL_A_CIRCULAR_SHIFT,46,colombia_runoff,COL_2026,-1.0048714251791711e-07,2561,0.9771079740557039,True
A3,ACTIVE_RESULTS,NULL_A_CIRCULAR_SHIFT,47,colombia_first_round,COL_2026,-2.2869393741294376e-07,2566,0.9664783427495292,True
A3,ACTIVE_RESULTS,NULL_A_CIRCULAR_SHIFT,47,colombia_runoff,COL_2026,-1.8767806523263238e-07,2565,0.978634109118657,True
A3,ACTIVE_RESULTS,NULL_A_CIRCULAR_SHIFT,48,colombia_first_round,COL_2026,-4.7215449691704234e-08,2583,0.9728813559322034,True
A3,ACTIVE_RESULTS,NULL_A_CIRCULAR_SHIFT,48,colombia_runoff,COL_2026,-8.780672714536015e-08,2560,0.9767264402899657,True
A3,ACTIVE_RESULTS,NULL_A_CIRCULAR_SHIFT,49,colombia_first_round,COL_2026,-4.1575482385579087e-07,2564,0.9657250470809793,True
A3,ACTIVE_RESULTS,NULL_A_CIRCULAR_SHIFT,49,colombia_runoff,COL_2026,-1.6922388359018707e-07,2556,0.9752003052270126,True
A3,ACTIVE_RESULTS,NULL_A_CIRCULAR_SHIFT,50,colombia_first_round,COL_2026,-1.7320256013723782e-07,2573,0.9691148775894539,True
A3,ACTIVE_RESULTS,NULL_A_CIRCULAR_SHIFT,50,colombia_runoff,COL_2026,-2.1290812133512502e-07,2553,0.9740557039297978,True
A3,ACTIVE_RESULTS,NULL_A_CIRCULAR_SHIFT,51,colombia_first_round,COL_2026,-1.9930422654587273e-07,2563,0.9653483992467043,True
A3,ACTIVE_RESULTS,NULL_A_CIRCULAR_SHIFT,51,colombia_runoff,COL_2026,-1.383221963067522e-07,2557,0.9755818389927509,True
A3,ACTIVE_RESULTS,NULL_A_CIRCULAR_SHIFT,52,colombia_first_round,COL_2026,-1.7295290074488216e-07,2560,0.9642184557438794,True
A3,ACTIVE_RESULTS,NULL_A_CIRCULAR_SHIFT,52,colombia_runoff,COL_2026,-1.0860845646624619e-07,2559,0.9763449065242273,True
A3,ACTIVE_RESULTS,NULL_A_CIRCULAR_SHIFT,53,colombia_first_round,COL_2026,-8.133820696260325e-08,2577,0.9706214689265537,True
A3,ACTIVE_RESULTS,NULL_A_CIRCULAR_SHIFT,53,colombia_runoff,COL_2026,-1.4235654303267739e-07,2558,0.9759633727584891,True
A3,ACTIVE_RESULTS,NULL_A_CIRCULAR_SHIFT,54,colombia_first_round,COL_2026,-1.4189189356438186e-07,2575,0.9698681732580038,True
A3,ACTIVE_RESULTS,NULL_A_CIRCULAR_SHIFT,54,colombia_runoff,COL_2026,-1.1148169375950892e-07,2558,0.9759633727584891,True
A3,ACTIVE_RESULTS,NULL_A_CIRCULAR_SHIFT,55,colombia_first_round,COL_2026,-2.2566217623387874e-07,2572,0.9687382297551789,True
A3,ACTIVE_RESULTS,NULL_A_CIRCULAR_SHIFT,55,colombia_runoff,COL_2026,-8.87303911554762e-08,2555,0.9748187714612743,True
A3,ACTIVE_RESULTS,NULL_A_CIRCULAR_SHIFT,56,colombia_first_round,COL_2026,-2.2887884630579262e-07,2571,0.9683615819209039,True
A3,ACTIVE_RESULTS,NULL_A_CIRCULAR_SHIFT,56,colombia_runoff,COL_2026,-1.3085787690523424e-07,2562,0.9774895078214422,True
A3,ACTIVE_RESULTS,NULL_A_CIRCULAR_SHIFT,57,colombia_first_round,COL_2026,-1.401300026842162e-07,2559,0.9638418079096045,True
A3,ACTIVE_RESULTS,NULL_A_CIRCULAR_SHIFT,57,colombia_runoff,COL_2026,-1.8424939060824725e-07,2558,0.9759633727584891,True
A3,ACTIVE_RESULTS,NULL_A_CIRCULAR_SHIFT,58,colombia_first_round,COL_2026,-3.609528111064293e-07,2558,0.9634651600753296,True
A3,ACTIVE_RESULTS,NULL_A_CIRCULAR_SHIFT,58,colombia_runoff,COL_2026,-3.2173650525078316e-07,2565,0.978634109118657,True
A3,ACTIVE_RESULTS,NULL_A_CIRCULAR_SHIFT,59,colombia_first_round,COL_2026,-3.4284850829119946e-07,2562,0.9649717514124294,True
A3,ACTIVE_RESULTS,NULL_A_CIRCULAR_SHIFT,59,colombia_runoff,COL_2026,-3.1494328211019944e-07,2562,0.9774895078214422,True
A3,ACTIVE_RESULTS,NULL_A_CIRCULAR_SHIFT,60,colombia_first_round,COL_2026,-3.077694793016045e-07,2560,0.9642184557438794,True
A3,ACTIVE_RESULTS,NULL_A_CIRCULAR_SHIFT,60,colombia_runoff,COL_2026,-2.6116564050551023e-07,2556,0.9752003052270126,True
A3,ACTIVE_RESULTS,NULL_A_CIRCULAR_SHIFT,61,colombia_first_round,COL_2026,-3.0625640868637005e-07,2562,0.9649717514124294,True
A3,ACTIVE_RESULTS,NULL_A_CIRCULAR_SHIFT,61,colombia_runoff,COL_2026,-1.116424832324815e-07,2567,0.9793971766501335,True
A3,ACTIVE_RESULTS,NULL_A_CIRCULAR_SHIFT,62,colombia_first_round,COL_2026,-1.6854582260831423e-07,2559,0.9638418079096045,True
A3,ACTIVE_RESULTS,NULL_A_CIRCULAR_SHIFT,62,colombia_runoff,COL_2026,-1.9847015995156247e-07,2562,0.9774895078214422,True
A3,ACTIVE_RESULTS,NULL_A_CIRCULAR_SHIFT,63,colombia_first_round,COL_2026,-2.735977217230988e-07,2565,0.9661016949152542,True
A3,ACTIVE_RESULTS,NULL_A_CIRCULAR_SHIFT,63,colombia_runoff,COL_2026,-1.3018242239418247e-07,2565,0.978634109118657,True
A3,ACTIVE_RESULTS,NULL_A_CIRCULAR_SHIFT,64,colombia_first_round,COL_2026,-5.107379337720776e-07,2578,0.9709981167608286,True
A3,ACTIVE_RESULTS,NULL_A_CIRCULAR_SHIFT,64,colombia_runoff,COL_2026,-1.8541100188555637e-07,2561,0.9771079740557039,True
A3,ACTIVE_RESULTS,NULL_A_CIRCULAR_SHIFT,65,colombia_first_round,COL_2026,-2.3257357835661504e-07,2574,0.9694915254237289,True
A3,ACTIVE_RESULTS,NULL_A_CIRCULAR_SHIFT,65,colombia_runoff,COL_2026,-2.3299814609360241e-07,2562,0.9774895078214422,True
A3,ACTIVE_RESULTS,NULL_A_CIRCULAR_SHIFT,66,colombia_first_round,COL_2026,-4.849566196957527e-07,2578,0.9709981167608286,True
A3,ACTIVE_RESULTS,NULL_A_CIRCULAR_SHIFT,66,colombia_runoff,COL_2026,-2.18941359648828e-07,2557,0.9755818389927509,True
A3,ACTIVE_RESULTS,NULL_A_CIRCULAR_SHIFT,67,colombia_first_round,COL_2026,-3.46366616086146e-07,2571,0.9683615819209039,True
A3,ACTIVE_RESULTS,NULL_A_CIRCULAR_SHIFT,67,colombia_runoff,COL_2026,-1.5624245250677e-07,2554,0.974437237695536,True
A3,ACTIVE_RESULTS,NULL_A_CIRCULAR_SHIFT,68,colombia_first_round,COL_2026,-3.2267912790073874e-07,2562,0.9649717514124294,True
A3,ACTIVE_RESULTS,NULL_A_CIRCULAR_SHIFT,68,colombia_runoff,COL_2026,-1.5131896107812672e-07,2558,0.9759633727584891,True
A3,ACTIVE_RESULTS,NULL_A_CIRCULAR_SHIFT,69,colombia_first_round,COL_2026,-1.502647324397139e-07,2561,0.9645951035781545,True
A3,ACTIVE_RESULTS,NULL_A_CIRCULAR_SHIFT,69,colombia_runoff,COL_2026,-7.469105567592293e-08,2559,0.9763449065242273,True
A3,ACTIVE_RESULTS,NULL_A_CIRCULAR_SHIFT,70,colombia_first_round,COL_2026,-1.3416861808176134e-07,2558,0.9634651600753296,True
A3,ACTIVE_RESULTS,NULL_A_CIRCULAR_SHIFT,70,colombia_runoff,COL_2026,-2.6008401120212215e-07,2553,0.9740557039297978,True
A3,ACTIVE_RESULTS,NULL_A_CIRCULAR_SHIFT,71,colombia_first_round,COL_2026,-3.392276182610582e-07,2560,0.9642184557438794,True
A3,ACTIVE_RESULTS,NULL_A_CIRCULAR_SHIFT,71,colombia_runoff,COL_2026,-1.4448176835782027e-07,2554,0.974437237695536,True
A3,ACTIVE_RESULTS,NULL_A_CIRCULAR_SHIFT,72,colombia_first_round,COL_2026,-1.7176282866770976e-07,2568,0.9672316384180791,True
A3,ACTIVE_RESULTS,NULL_A_CIRCULAR_SHIFT,72,colombia_runoff,COL_2026,-1.8051571454609436e-07,2559,0.9763449065242273,True
A3,ACTIVE_RESULTS,NULL_A_CIRCULAR_SHIFT,73,colombia_first_round,COL_2026,-3.253516085920219e-07,2578,0.9709981167608286,True
A3,ACTIVE_RESULTS,NULL_A_CIRCULAR_SHIFT,73,colombia_runoff,COL_2026,-2.389210430927981e-07,2555,0.9748187714612743,True
A3,ACTIVE_RESULTS,NULL_A_CIRCULAR_SHIFT,74,colombia_first_round,COL_2026,-2.556271406429949e-07,2558,0.9634651600753296,True
A3,ACTIVE_RESULTS,NULL_A_CIRCULAR_SHIFT,74,colombia_runoff,COL_2026,-1.2148005059402682e-07,2557,0.9755818389927509,True
A3,ACTIVE_RESULTS,NULL_A_CIRCULAR_SHIFT,75,colombia_first_round,COL_2026,-2.4477955798810844e-07,2574,0.9694915254237289,True
A3,ACTIVE_RESULTS,NULL_A_CIRCULAR_SHIFT,75,colombia_runoff,COL_2026,-1.8797012191438167e-07,2561,0.9771079740557039,True
A3,ACTIVE_RESULTS,NULL_A_CIRCULAR_SHIFT,76,colombia_first_round,COL_2026,-1.2739695863450562e-07,2563,0.9653483992467043,True
A3,ACTIVE_RESULTS,NULL_A_CIRCULAR_SHIFT,76,colombia_runoff,COL_2026,-1.2676549918407095e-07,2553,0.9740557039297978,True
A3,ACTIVE_RESULTS,NULL_A_CIRCULAR_SHIFT,77,colombia_first_round,COL_2026,-2.1735201113852918e-07,2559,0.9638418079096045,True
A3,ACTIVE_RESULTS,NULL_A_CIRCULAR_SHIFT,77,colombia_runoff,COL_2026,-1.311531845573603e-07,2560,0.9767264402899657,True
A3,ACTIVE_RESULTS,NULL_A_CIRCULAR_SHIFT,78,colombia_first_round,COL_2026,-3.8926731683256165e-07,2558,0.9634651600753296,True
A3,ACTIVE_RESULTS,NULL_A_CIRCULAR_SHIFT,78,colombia_runoff,COL_2026,-1.3297066094880567e-07,2564,0.9782525753529188,True
A3,ACTIVE_RESULTS,NULL_A_CIRCULAR_SHIFT,79,colombia_first_round,COL_2026,-2.9070090783291e-07,2566,0.9664783427495292,True
A3,ACTIVE_RESULTS,NULL_A_CIRCULAR_SHIFT,79,colombia_runoff,COL_2026,-1.06223042780731e-07,2566,0.9790156428843952,True
A3,ACTIVE_RESULTS,NULL_A_CIRCULAR_SHIFT,80,colombia_first_round,COL_2026,3.295937185226469e-08,2563,0.9653483992467043,True
A3,ACTIVE_RESULTS,NULL_A_CIRCULAR_SHIFT,80,colombia_runoff,COL_2026,-1.6747438171382348e-07,2556,0.9752003052270126,True
A3,ACTIVE_RESULTS,NULL_A_CIRCULAR_SHIFT,81,colombia_first_round,COL_2026,-2.3206309493573427e-07,2567,0.9668549905838042,True
A3,ACTIVE_RESULTS,NULL_A_CIRCULAR_SHIFT,81,colombia_runoff,COL_2026,-2.358742433351288e-07,2555,0.9748187714612743,True
A3,ACTIVE_RESULTS,NULL_A_CIRCULAR_SHIFT,82,colombia_first_round,COL_2026,-2.2488629295665933e-07,2559,0.9638418079096045,True
A3,ACTIVE_RESULTS,NULL_A_CIRCULAR_SHIFT,82,colombia_runoff,COL_2026,-1.704937187714024e-07,2568,0.9797787104158718,True
A3,ACTIVE_RESULTS,NULL_A_CIRCULAR_SHIFT,83,colombia_first_round,COL_2026,-1.4658408184972541e-07,2562,0.9649717514124294,True
A3,ACTIVE_RESULTS,NULL_A_CIRCULAR_SHIFT,83,colombia_runoff,COL_2026,-2.042325029738298e-07,2556,0.9752003052270126,True
A3,ACTIVE_RESULTS,NULL_A_CIRCULAR_SHIFT,84,colombia_first_round,COL_2026,-2.171807236499833e-07,2563,0.9653483992467043,True
A3,ACTIVE_RESULTS,NULL_A_CIRCULAR_SHIFT,84,colombia_runoff,COL_2026,-1.2058456708326692e-07,2559,0.9763449065242273,True
A3,ACTIVE_RESULTS,NULL_A_CIRCULAR_SHIFT,85,colombia_first_round,COL_2026,-3.7666763312992124e-07,2568,0.9672316384180791,True
A3,ACTIVE_RESULTS,NULL_A_CIRCULAR_SHIFT,85,colombia_runoff,COL_2026,-3.8612902629234383e-07,2557,0.9755818389927509,True
A3,ACTIVE_RESULTS,NULL_A_CIRCULAR_SHIFT,86,colombia_first_round,COL_2026,-1.1511975109266555e-07,2572,0.9687382297551789,True
A3,ACTIVE_RESULTS,NULL_A_CIRCULAR_SHIFT,86,colombia_runoff,COL_2026,-2.694553665000228e-07,2553,0.9740557039297978,True
A3,ACTIVE_RESULTS,NULL_A_CIRCULAR_SHIFT,87,colombia_first_round,COL_2026,-3.7901470483853305e-07,2565,0.9661016949152542,True
A3,ACTIVE_RESULTS,NULL_A_CIRCULAR_SHIFT,87,colombia_runoff,COL_2026,-1.4178281167901938e-07,2558,0.9759633727584891,True
A3,ACTIVE_RESULTS,NULL_A_CIRCULAR_SHIFT,88,colombia_first_round,COL_2026,-3.164328701872477e-07,2559,0.9638418079096045,True
A3,ACTIVE_RESULTS,NULL_A_CIRCULAR_SHIFT,88,colombia_runoff,COL_2026,-1.963234899357985e-07,2558,0.9759633727584891,True
A3,ACTIVE_RESULTS,NULL_A_CIRCULAR_SHIFT,89,colombia_first_round,COL_2026,-3.4951888143099237e-07,2562,0.9649717514124294,True
A3,ACTIVE_RESULTS,NULL_A_CIRCULAR_SHIFT,89,colombia_runoff,COL_2026,-1.348878899011418e-07,2554,0.974437237695536,True
A3,ACTIVE_RESULTS,NULL_A_CIRCULAR_SHIFT,90,colombia_first_round,COL_2026,-1.679008353622297e-07,2558,0.9634651600753296,True
A3,ACTIVE_RESULTS,NULL_A_CIRCULAR_SHIFT,90,colombia_runoff,COL_2026,-2.3278180932191211e-07,2560,0.9767264402899657,True
A3,ACTIVE_RESULTS,NULL_A_CIRCULAR_SHIFT,91,colombia_first_round,COL_2026,-1.8795417727845853e-07,2562,0.9649717514124294,True
A3,ACTIVE_RESULTS,NULL_A_CIRCULAR_SHIFT,91,colombia_runoff,COL_2026,-1.8630473635397046e-07,2559,0.9763449065242273,True
A3,ACTIVE_RESULTS,NULL_A_CIRCULAR_SHIFT,92,colombia_first_round,COL_2026,-1.6255611874896664e-07,2571,0.9683615819209039,True
A3,ACTIVE_RESULTS,NULL_A_CIRCULAR_SHIFT,92,colombia_runoff,COL_2026,-5.964811542509521e-07,2557,0.9755818389927509,True
A3,ACTIVE_RESULTS,NULL_A_CIRCULAR_SHIFT,93,colombia_first_round,COL_2026,-3.5912839243520696e-07,2560,0.9642184557438794,True
A3,ACTIVE_RESULTS,NULL_A_CIRCULAR_SHIFT,93,colombia_runoff,COL_2026,-1.404818430479054e-07,2562,0.9774895078214422,True
A3,ACTIVE_RESULTS,NULL_A_CIRCULAR_SHIFT,94,colombia_first_round,COL_2026,-1.577206537796617e-07,2573,0.9691148775894539,True
A3,ACTIVE_RESULTS,NULL_A_CIRCULAR_SHIFT,94,colombia_runoff,COL_2026,-2.53584543482879e-07,2561,0.9771079740557039,True
A3,ACTIVE_RESULTS,NULL_A_CIRCULAR_SHIFT,95,colombia_first_round,COL_2026,-2.2575489063951503e-07,2559,0.9638418079096045,True
A3,ACTIVE_RESULTS,NULL_A_CIRCULAR_SHIFT,95,colombia_runoff,COL_2026,-4.8859643956519265e-08,2560,0.9767264402899657,True
A3,ACTIVE_RESULTS,NULL_A_CIRCULAR_SHIFT,96,colombia_first_round,COL_2026,-9.71023413969097e-08,2558,0.9634651600753296,True
A3,ACTIVE_RESULTS,NULL_A_CIRCULAR_SHIFT,96,colombia_runoff,COL_2026,-1.7929220912577542e-07,2560,0.9767264402899657,True
A3,ACTIVE_RESULTS,NULL_A_CIRCULAR_SHIFT,97,colombia_first_round,COL_2026,-2.596773929488086e-07,2558,0.9634651600753296,True
A3,ACTIVE_RESULTS,NULL_A_CIRCULAR_SHIFT,97,colombia_runoff,COL_2026,-1.721647285857834e-07,2561,0.9771079740557039,True
A3,ACTIVE_RESULTS,NULL_A_CIRCULAR_SHIFT,98,colombia_first_round,COL_2026,-1.7542313728795352e-07,2562,0.9649717514124294,True
A3,ACTIVE_RESULTS,NULL_A_CIRCULAR_SHIFT,98,colombia_runoff,COL_2026,-9.089379970864333e-08,2564,0.9782525753529188,True
A3,ACTIVE_RESULTS,NULL_A_CIRCULAR_SHIFT,99,colombia_first_round,COL_2026,-3.0097740451088956e-07,2562,0.9649717514124294,True
A3,ACTIVE_RESULTS,NULL_A_CIRCULAR_SHIFT,99,colombia_runoff,COL_2026,-1.5547800526525893e-07,2559,0.9763449065242273,True
A3,ACTIVE_RESULTS,NULL_A_CIRCULAR_SHIFT,100,colombia_first_round,COL_2026,-2.857332851466011e-07,2562,0.9649717514124294,True
A3,ACTIVE_RESULTS,NULL_A_CIRCULAR_SHIFT,100,colombia_runoff,COL_2026,-1.57322720100953e-07,2555,0.9748187714612743,True
A3,ACTIVE_RESULTS,NULL_A_CIRCULAR_SHIFT,101,colombia_first_round,COL_2026,-2.897078462765705e-07,2567,0.9668549905838042,True
A3,ACTIVE_RESULTS,NULL_A_CIRCULAR_SHIFT,101,colombia_runoff,COL_2026,-1.802742145390279e-07,2561,0.9771079740557039,True
A3,ACTIVE_RESULTS,NULL_A_CIRCULAR_SHIFT,102,colombia_first_round,COL_2026,-6.063686497518712e-07,2559,0.9638418079096045,True
A3,ACTIVE_RESULTS,NULL_A_CIRCULAR_SHIFT,102,colombia_runoff,COL_2026,-2.405852635453989e-07,2563,0.9778710415871804,True
A3,ACTIVE_RESULTS,NULL_A_CIRCULAR_SHIFT,103,colombia_first_round,COL_2026,-2.2805772240153696e-07,2558,0.9634651600753296,True
A3,ACTIVE_RESULTS,NULL_A_CIRCULAR_SHIFT,103,colombia_runoff,COL_2026,-1.3077299508451807e-07,2555,0.9748187714612743,True
A3,ACTIVE_RESULTS,NULL_A_CIRCULAR_SHIFT,104,colombia_first_round,COL_2026,-2.962604836116458e-07,2558,0.9634651600753296,True
A3,ACTIVE_RESULTS,NULL_A_CIRCULAR_SHIFT,104,colombia_runoff,COL_2026,-2.5008503597788363e-07,2558,0.9759633727584891,True
A3,ACTIVE_RESULTS,NULL_A_CIRCULAR_SHIFT,105,colombia_first_round,COL_2026,-4.0466132718660106e-07,2562,0.9649717514124294,True
A3,ACTIVE_RESULTS,NULL_A_CIRCULAR_SHIFT,105,colombia_runoff,COL_2026,-1.6028539166655354e-07,2557,0.9755818389927509,True
A3,ACTIVE_RESULTS,NULL_A_CIRCULAR_SHIFT,106,colombia_first_round,COL_2026,-1.3777815366620118e-07,2562,0.9649717514124294,True
A3,ACTIVE_RESULTS,NULL_A_CIRCULAR_SHIFT,106,colombia_runoff,COL_2026,-2.063006438397448e-07,2557,0.9755818389927509,True
A3,ACTIVE_RESULTS,NULL_A_CIRCULAR_SHIFT,107,colombia_first_round,COL_2026,-2.6425355772270644e-07,2561,0.9645951035781545,True
A3,ACTIVE_RESULTS,NULL_A_CIRCULAR_SHIFT,107,colombia_runoff,COL_2026,-1.9945741636612984e-07,2558,0.9759633727584891,True
A3,ACTIVE_RESULTS,NULL_A_CIRCULAR_SHIFT,108,colombia_first_round,COL_2026,-2.4132811172998457e-07,2558,0.9634651600753296,True
A3,ACTIVE_RESULTS,NULL_A_CIRCULAR_SHIFT,108,colombia_runoff,COL_2026,-1.616367990802761e-07,2564,0.9782525753529188,True
A3,ACTIVE_RESULTS,NULL_A_CIRCULAR_SHIFT,109,colombia_first_round,COL_2026,-7.493031777848139e-08,2577,0.9706214689265537,True
A3,ACTIVE_RESULTS,NULL_A_CIRCULAR_SHIFT,109,colombia_runoff,COL_2026,5.2618192803733956e-08,2557,0.9755818389927509,True
A3,ACTIVE_RESULTS,NULL_A_CIRCULAR_SHIFT,110,colombia_first_round,COL_2026,-1.3851488342356679e-07,2575,0.9698681732580038,True
A3,ACTIVE_RESULTS,NULL_A_CIRCULAR_SHIFT,110,colombia_runoff,COL_2026,-2.0963800742359714e-07,2567,0.9793971766501335,True
A3,ACTIVE_RESULTS,NULL_A_CIRCULAR_SHIFT,111,colombia_first_round,COL_2026,-2.8766070786952304e-07,2558,0.9634651600753296,True
A3,ACTIVE_RESULTS,NULL_A_CIRCULAR_SHIFT,111,colombia_runoff,COL_2026,-1.1187844013792097e-07,2562,0.9774895078214422,True
A3,ACTIVE_RESULTS,NULL_A_CIRCULAR_SHIFT,112,colombia_first_round,COL_2026,-1.8588447824457654e-07,2558,0.9634651600753296,True
A3,ACTIVE_RESULTS,NULL_A_CIRCULAR_SHIFT,112,colombia_runoff,COL_2026,-1.5435946090245353e-07,2557,0.9755818389927509,True
A3,ACTIVE_RESULTS,NULL_A_CIRCULAR_SHIFT,113,colombia_first_round,COL_2026,-3.5247971283064593e-07,2565,0.9661016949152542,True
A3,ACTIVE_RESULTS,NULL_A_CIRCULAR_SHIFT,113,colombia_runoff,COL_2026,-1.9406588881454532e-07,2555,0.9748187714612743,True
A3,ACTIVE_RESULTS,NULL_A_CIRCULAR_SHIFT,114,colombia_first_round,COL_2026,-2.5503861467333506e-07,2574,0.9694915254237289,True
A3,ACTIVE_RESULTS,NULL_A_CIRCULAR_SHIFT,114,colombia_runoff,COL_2026,-1.2555934721441912e-07,2560,0.9767264402899657,True
A3,ACTIVE_RESULTS,NULL_A_CIRCULAR_SHIFT,115,colombia_first_round,COL_2026,-2.1922718080660944e-07,2562,0.9649717514124294,True
A3,ACTIVE_RESULTS,NULL_A_CIRCULAR_SHIFT,115,colombia_runoff,COL_2026,-2.1613092592072607e-07,2558,0.9759633727584891,True
A3,ACTIVE_RESULTS,NULL_A_CIRCULAR_SHIFT,116,colombia_first_round,COL_2026,-3.1022661247964213e-07,2564,0.9657250470809793,True
A3,ACTIVE_RESULTS,NULL_A_CIRCULAR_SHIFT,116,colombia_runoff,COL_2026,-1.260547411847113e-07,2564,0.9782525753529188,True
A3,ACTIVE_RESULTS,NULL_A_CIRCULAR_SHIFT,117,colombia_first_round,COL_2026,-1.853995447798175e-07,2566,0.9664783427495292,True
A3,ACTIVE_RESULTS,NULL_A_CIRCULAR_SHIFT,117,colombia_runoff,COL_2026,-1.5048497349544344e-07,2556,0.9752003052270126,True
A3,ACTIVE_RESULTS,NULL_A_CIRCULAR_SHIFT,118,colombia_first_round,COL_2026,-5.238743539827232e-08,2563,0.9653483992467043,True
A3,ACTIVE_RESULTS,NULL_A_CIRCULAR_SHIFT,118,colombia_runoff,COL_2026,-1.9554302464322218e-07,2555,0.9748187714612743,True
A3,ACTIVE_RESULTS,NULL_A_CIRCULAR_SHIFT,119,colombia_first_round,COL_2026,-2.1264077631598817e-07,2558,0.9634651600753296,True
A3,ACTIVE_RESULTS,NULL_A_CIRCULAR_SHIFT,119,colombia_runoff,COL_2026,-9.528393911281022e-08,2563,0.9778710415871804,True
A3,ACTIVE_RESULTS,NULL_A_CIRCULAR_SHIFT,120,colombia_first_round,COL_2026,-1.1308285377227697e-07,2573,0.9691148775894539,True
A3,ACTIVE_RESULTS,NULL_A_CIRCULAR_SHIFT,120,colombia_runoff,COL_2026,-1.7729238428214698e-07,2555,0.9748187714612743,True
A3,ACTIVE_RESULTS,NULL_A_CIRCULAR_SHIFT,121,colombia_first_round,COL_2026,-1.1777788713492843e-07,2572,0.9687382297551789,True
A3,ACTIVE_RESULTS,NULL_A_CIRCULAR_SHIFT,121,colombia_runoff,COL_2026,-1.6285240103564302e-07,2563,0.9778710415871804,True
A3,ACTIVE_RESULTS,NULL_A_CIRCULAR_SHIFT,122,colombia_first_round,COL_2026,-1.8892455872255758e-07,2560,0.9642184557438794,True
A3,ACTIVE_RESULTS,NULL_A_CIRCULAR_SHIFT,122,colombia_runoff,COL_2026,-1.5927960876623325e-07,2556,0.9752003052270126,True
A3,ACTIVE_RESULTS,NULL_A_CIRCULAR_SHIFT,123,colombia_first_round,COL_2026,-4.688369381619726e-07,2560,0.9642184557438794,True
A3,ACTIVE_RESULTS,NULL_A_CIRCULAR_SHIFT,123,colombia_runoff,COL_2026,-1.3917711938877286e-07,2556,0.9752003052270126,True
A3,ACTIVE_RESULTS,NULL_A_CIRCULAR_SHIFT,124,colombia_first_round,COL_2026,-3.2250587266062726e-07,2558,0.9634651600753296,True
A3,ACTIVE_RESULTS,NULL_A_CIRCULAR_SHIFT,124,colombia_runoff,COL_2026,-1.5629291951393696e-07,2557,0.9755818389927509,True
A3,ACTIVE_RESULTS,NULL_A_CIRCULAR_SHIFT,125,colombia_first_round,COL_2026,-2.8611335132159506e-07,2563,0.9653483992467043,True
A3,ACTIVE_RESULTS,NULL_A_CIRCULAR_SHIFT,125,colombia_runoff,COL_2026,-2.0147246057973745e-07,2556,0.9752003052270126,True
A3,ACTIVE_RESULTS,NULL_A_CIRCULAR_SHIFT,126,colombia_first_round,COL_2026,-2.6734033805795947e-07,2562,0.9649717514124294,True
A3,ACTIVE_RESULTS,NULL_A_CIRCULAR_SHIFT,126,colombia_runoff,COL_2026,-1.611573091949695e-07,2555,0.9748187714612743,True
A3,ACTIVE_RESULTS,NULL_A_CIRCULAR_SHIFT,127,colombia_first_round,COL_2026,-2.375960340389024e-07,2562,0.9649717514124294,True
A3,ACTIVE_RESULTS,NULL_A_CIRCULAR_SHIFT,127,colombia_runoff,COL_2026,-1.8052474879518584e-07,2554,0.974437237695536,True
A3,ACTIVE_RESULTS,NULL_A_CIRCULAR_SHIFT,128,colombia_first_round,COL_2026,-1.7024761642115623e-07,2563,0.9653483992467043,True
A3,ACTIVE_RESULTS,NULL_A_CIRCULAR_SHIFT,128,colombia_runoff,COL_2026,-1.48099724766342e-07,2559,0.9763449065242273,True
A3,ACTIVE_RESULTS,NULL_A_CIRCULAR_SHIFT,129,colombia_first_round,COL_2026,-2.675221666943338e-07,2562,0.9649717514124294,True
A3,ACTIVE_RESULTS,NULL_A_CIRCULAR_SHIFT,129,colombia_runoff,COL_2026,-1.5284688932505417e-07,2553,0.9740557039297978,True
A3,ACTIVE_RESULTS,NULL_A_CIRCULAR_SHIFT,130,colombia_first_round,COL_2026,-4.979079090169836e-07,2561,0.9645951035781545,True
A3,ACTIVE_RESULTS,NULL_A_CIRCULAR_SHIFT,130,colombia_runoff,COL_2026,-1.304037814083891e-07,2564,0.9782525753529188,True
A3,ACTIVE_RESULTS,NULL_A_CIRCULAR_SHIFT,131,colombia_first_round,COL_2026,-2.678180543067507e-07,2570,0.967984934086629,True
A3,ACTIVE_RESULTS,NULL_A_CIRCULAR_SHIFT,131,colombia_runoff,COL_2026,-1.7261294944326284e-07,2563,0.9778710415871804,True
A3,ACTIVE_RESULTS,NULL_A_CIRCULAR_SHIFT,132,colombia_first_round,COL_2026,-3.1723126977409233e-07,2576,0.9702448210922787,True
A3,ACTIVE_RESULTS,NULL_A_CIRCULAR_SHIFT,132,colombia_runoff,COL_2026,-2.560005952438067e-07,2560,0.9767264402899657,True
A3,ACTIVE_RESULTS,NULL_A_CIRCULAR_SHIFT,133,colombia_first_round,COL_2026,-1.7296739015966354e-07,2571,0.9683615819209039,True
A3,ACTIVE_RESULTS,NULL_A_CIRCULAR_SHIFT,133,colombia_runoff,COL_2026,-2.1619537838463333e-07,2558,0.9759633727584891,True
A3,ACTIVE_RESULTS,NULL_A_CIRCULAR_SHIFT,134,colombia_first_round,COL_2026,-1.5919821400442128e-07,2558,0.9634651600753296,True
A3,ACTIVE_RESULTS,NULL_A_CIRCULAR_SHIFT,134,colombia_runoff,COL_2026,-1.9229553786530986e-07,2553,0.9740557039297978,True
A3,ACTIVE_RESULTS,NULL_A_CIRCULAR_SHIFT,135,colombia_first_round,COL_2026,-1.2677626669752007e-07,2575,0.9698681732580038,True
A3,ACTIVE_RESULTS,NULL_A_CIRCULAR_SHIFT,135,colombia_runoff,COL_2026,-1.9400229986299628e-07,2559,0.9763449065242273,True
A3,ACTIVE_RESULTS,NULL_A_CIRCULAR_SHIFT,136,colombia_first_round,COL_2026,-3.16008075765344e-07,2565,0.9661016949152542,True
A3,ACTIVE_RESULTS,NULL_A_CIRCULAR_SHIFT,136,colombia_runoff,COL_2026,-9.497221169017667e-08,2563,0.9778710415871804,True
A3,ACTIVE_RESULTS,NULL_A_CIRCULAR_SHIFT,137,colombia_first_round,COL_2026,-2.2150065479057858e-07,2563,0.9653483992467043,True
A3,ACTIVE_RESULTS,NULL_A_CIRCULAR_SHIFT,137,colombia_runoff,COL_2026,-1.5984375380310343e-07,2555,0.9748187714612743,True
A3,ACTIVE_RESULTS,NULL_A_CIRCULAR_SHIFT,138,colombia_first_round,COL_2026,-2.2231588989692818e-07,2558,0.9634651600753296,True
A3,ACTIVE_RESULTS,NULL_A_CIRCULAR_SHIFT,138,colombia_runoff,COL_2026,-1.4531850102384482e-07,2559,0.9763449065242273,True
A3,ACTIVE_RESULTS,NULL_A_CIRCULAR_SHIFT,139,colombia_first_round,COL_2026,-1.5394140183422672e-07,2562,0.9649717514124294,True
A3,ACTIVE_RESULTS,NULL_A_CIRCULAR_SHIFT,139,colombia_runoff,COL_2026,-1.1831200200951357e-07,2556,0.9752003052270126,True
A3,ACTIVE_RESULTS,NULL_A_CIRCULAR_SHIFT,140,colombia_first_round,COL_2026,-3.032940027790325e-07,2562,0.9649717514124294,True
A3,ACTIVE_RESULTS,NULL_A_CIRCULAR_SHIFT,140,colombia_runoff,COL_2026,-1.1127220814759198e-07,2556,0.9752003052270126,True
A3,ACTIVE_RESULTS,NULL_A_CIRCULAR_SHIFT,141,colombia_first_round,COL_2026,-1.6667265918431316e-07,2558,0.9634651600753296,True
A3,ACTIVE_RESULTS,NULL_A_CIRCULAR_SHIFT,141,colombia_runoff,COL_2026,-1.610453660686688e-07,2556,0.9752003052270126,True
A3,ACTIVE_RESULTS,NULL_A_CIRCULAR_SHIFT,142,colombia_first_round,COL_2026,-5.934489149017194e-08,2579,0.9713747645951035,True
A3,ACTIVE_RESULTS,NULL_A_CIRCULAR_SHIFT,142,colombia_runoff,COL_2026,-1.6836808320591763e-07,2557,0.9755818389927509,True
A3,ACTIVE_RESULTS,NULL_A_CIRCULAR_SHIFT,143,colombia_first_round,COL_2026,-3.805494835624528e-07,2559,0.9638418079096045,True
A3,ACTIVE_RESULTS,NULL_A_CIRCULAR_SHIFT,143,colombia_runoff,COL_2026,-3.0650425240307515e-07,2556,0.9752003052270126,True
A3,ACTIVE_RESULTS,NULL_A_CIRCULAR_SHIFT,144,colombia_first_round,COL_2026,-3.0821311480436006e-07,2560,0.9642184557438794,True
A3,ACTIVE_RESULTS,NULL_A_CIRCULAR_SHIFT,144,colombia_runoff,COL_2026,-1.425951811431294e-07,2555,0.9748187714612743,True
A3,ACTIVE_RESULTS,NULL_A_CIRCULAR_SHIFT,145,colombia_first_round,COL_2026,-1.69395140490694e-07,2562,0.9649717514124294,True
A3,ACTIVE_RESULTS,NULL_A_CIRCULAR_SHIFT,145,colombia_runoff,COL_2026,-1.0652529489313146e-07,2559,0.9763449065242273,True
A3,ACTIVE_RESULTS,NULL_A_CIRCULAR_SHIFT,146,colombia_first_round,COL_2026,2.4773408411156414e-08,2578,0.9709981167608286,True
A3,ACTIVE_RESULTS,NULL_A_CIRCULAR_SHIFT,146,colombia_runoff,COL_2026,-1.7888975634174455e-07,2557,0.9755818389927509,True
A3,ACTIVE_RESULTS,NULL_A_CIRCULAR_SHIFT,147,colombia_first_round,COL_2026,-1.0838519540162519e-07,2560,0.9642184557438794,True
A3,ACTIVE_RESULTS,NULL_A_CIRCULAR_SHIFT,147,colombia_runoff,COL_2026,-1.6161343847216974e-07,2556,0.9752003052270126,True
A3,ACTIVE_RESULTS,NULL_A_CIRCULAR_SHIFT,148,colombia_first_round,COL_2026,-4.0267934422851467e-07,2573,0.9691148775894539,True
A3,ACTIVE_RESULTS,NULL_A_CIRCULAR_SHIFT,148,colombia_runoff,COL_2026,-1.1766250142789137e-07,2557,0.9755818389927509,True
A3,ACTIVE_RESULTS,NULL_A_CIRCULAR_SHIFT,149,colombia_first_round,COL_2026,-2.3033093561261682e-07,2564,0.9657250470809793,True
A3,ACTIVE_RESULTS,NULL_A_CIRCULAR_SHIFT,149,colombia_runoff,COL_2026,-1.3868567894851403e-07,2560,0.9767264402899657,True
A3,ACTIVE_RESULTS,NULL_A_CIRCULAR_SHIFT,150,colombia_first_round,COL_2026,-1.6521783441738038e-07,2559,0.9638418079096045,True
A3,ACTIVE_RESULTS,NULL_A_CIRCULAR_SHIFT,150,colombia_runoff,COL_2026,-1.4055449914592322e-07,2564,0.9782525753529188,True
A3,ACTIVE_RESULTS,NULL_A_CIRCULAR_SHIFT,151,colombia_first_round,COL_2026,-2.1741271560771214e-07,2573,0.9691148775894539,True
A3,ACTIVE_RESULTS,NULL_A_CIRCULAR_SHIFT,151,colombia_runoff,COL_2026,-2.527874766390288e-07,2556,0.9752003052270126,True
A3,ACTIVE_RESULTS,NULL_A_CIRCULAR_SHIFT,152,colombia_first_round,COL_2026,-1.3839482392230684e-07,2558,0.9634651600753296,True
A3,ACTIVE_RESULTS,NULL_A_CIRCULAR_SHIFT,152,colombia_runoff,COL_2026,-1.5973581164695744e-07,2553,0.9740557039297978,True
A3,ACTIVE_RESULTS,NULL_A_CIRCULAR_SHIFT,153,colombia_first_round,COL_2026,-3.478013793019193e-07,2563,0.9653483992467043,True
A3,ACTIVE_RESULTS,NULL_A_CIRCULAR_SHIFT,153,colombia_runoff,COL_2026,-1.0545386148131071e-07,2568,0.9797787104158718,True
A3,ACTIVE_RESULTS,NULL_A_CIRCULAR_SHIFT,154,colombia_first_round,COL_2026,-2.645552800097836e-07,2563,0.9653483992467043,True
A3,ACTIVE_RESULTS,NULL_A_CIRCULAR_SHIFT,154,colombia_runoff,COL_2026,-2.2300173001139275e-07,2561,0.9771079740557039,True
A3,ACTIVE_RESULTS,NULL_A_CIRCULAR_SHIFT,155,colombia_first_round,COL_2026,-2.8493685089955584e-07,2558,0.9634651600753296,True
A3,ACTIVE_RESULTS,NULL_A_CIRCULAR_SHIFT,155,colombia_runoff,COL_2026,-2.3062880844457177e-07,2576,0.982830980541778,True
A3,ACTIVE_RESULTS,NULL_A_CIRCULAR_SHIFT,156,colombia_first_round,COL_2026,-2.3396924644446046e-07,2565,0.9661016949152542,True
A3,ACTIVE_RESULTS,NULL_A_CIRCULAR_SHIFT,156,colombia_runoff,COL_2026,-1.177225483962075e-07,2555,0.9748187714612743,True
A3,ACTIVE_RESULTS,NULL_A_CIRCULAR_SHIFT,157,colombia_first_round,COL_2026,-3.513377434990546e-07,2560,0.9642184557438794,True
A3,ACTIVE_RESULTS,NULL_A_CIRCULAR_SHIFT,157,colombia_runoff,COL_2026,-1.529313329982946e-07,2560,0.9767264402899657,True
A3,ACTIVE_RESULTS,NULL_A_CIRCULAR_SHIFT,158,colombia_first_round,COL_2026,-3.461132602298951e-07,2573,0.9691148775894539,True
A3,ACTIVE_RESULTS,NULL_A_CIRCULAR_SHIFT,158,colombia_runoff,COL_2026,-3.7374329268739205e-08,2558,0.9759633727584891,True
A3,ACTIVE_RESULTS,NULL_A_CIRCULAR_SHIFT,159,colombia_first_round,COL_2026,-3.871607709564273e-07,2562,0.9649717514124294,True
A3,ACTIVE_RESULTS,NULL_A_CIRCULAR_SHIFT,159,colombia_runoff,COL_2026,-1.1256127298539017e-07,2556,0.9752003052270126,True
A3,ACTIVE_RESULTS,NULL_A_CIRCULAR_SHIFT,160,colombia_first_round,COL_2026,-7.927577520422698e-08,2561,0.9645951035781545,True
A3,ACTIVE_RESULTS,NULL_A_CIRCULAR_SHIFT,160,colombia_runoff,COL_2026,-1.9134587049060458e-07,2555,0.9748187714612743,True
A3,ACTIVE_RESULTS,NULL_A_CIRCULAR_SHIFT,161,colombia_first_round,COL_2026,-4.3780379882471053e-07,2574,0.9694915254237289,True
A3,ACTIVE_RESULTS,NULL_A_CIRCULAR_SHIFT,161,colombia_runoff,COL_2026,-1.964751314216649e-07,2556,0.9752003052270126,True
A3,ACTIVE_RESULTS,NULL_A_CIRCULAR_SHIFT,162,colombia_first_round,COL_2026,-4.69000524649625e-07,2558,0.9634651600753296,True
A3,ACTIVE_RESULTS,NULL_A_CIRCULAR_SHIFT,162,colombia_runoff,COL_2026,-1.7218466208807647e-07,2561,0.9771079740557039,True
A3,ACTIVE_RESULTS,NULL_A_CIRCULAR_SHIFT,163,colombia_first_round,COL_2026,-2.2720429168386277e-07,2560,0.9642184557438794,True
A3,ACTIVE_RESULTS,NULL_A_CIRCULAR_SHIFT,163,colombia_runoff,COL_2026,-1.2599324430205385e-07,2562,0.9774895078214422,True
A3,ACTIVE_RESULTS,NULL_A_CIRCULAR_SHIFT,164,colombia_first_round,COL_2026,-9.677151385713124e-08,2559,0.9638418079096045,True
A3,ACTIVE_RESULTS,NULL_A_CIRCULAR_SHIFT,164,colombia_runoff,COL_2026,-1.3735491940032916e-07,2559,0.9763449065242273,True
A3,ACTIVE_RESULTS,NULL_A_CIRCULAR_SHIFT,165,colombia_first_round,COL_2026,-4.506159563657355e-08,2562,0.9649717514124294,True
A3,ACTIVE_RESULTS,NULL_A_CIRCULAR_SHIFT,165,colombia_runoff,COL_2026,-1.2447933265707207e-07,2554,0.974437237695536,True
A3,ACTIVE_RESULTS,NULL_A_CIRCULAR_SHIFT,166,colombia_first_round,COL_2026,-3.715209630837416e-07,2568,0.9672316384180791,True
A3,ACTIVE_RESULTS,NULL_A_CIRCULAR_SHIFT,166,colombia_runoff,COL_2026,-1.5810928652696697e-07,2557,0.9755818389927509,True
A3,ACTIVE_RESULTS,NULL_A_CIRCULAR_SHIFT,167,colombia_first_round,COL_2026,-1.509910458862882e-07,2576,0.9702448210922787,True
A3,ACTIVE_RESULTS,NULL_A_CIRCULAR_SHIFT,167,colombia_runoff,COL_2026,-1.452064463748525e-07,2564,0.9782525753529188,True
A3,ACTIVE_RESULTS,NULL_A_CIRCULAR_SHIFT,168,colombia_first_round,COL_2026,-2.396339388540018e-07,2561,0.9645951035781545,True
A3,ACTIVE_RESULTS,NULL_A_CIRCULAR_SHIFT,168,colombia_runoff,COL_2026,-1.759280437896207e-07,2558,0.9759633727584891,True
A3,ACTIVE_RESULTS,NULL_A_CIRCULAR_SHIFT,169,colombia_first_round,COL_2026,-2.999814577290265e-07,2560,0.9642184557438794,True
A3,ACTIVE_RESULTS,NULL_A_CIRCULAR_SHIFT,169,colombia_runoff,COL_2026,-1.3748256434955315e-07,2558,0.9759633727584891,True
A3,ACTIVE_RESULTS,NULL_A_CIRCULAR_SHIFT,170,colombia_first_round,COL_2026,-3.3262853077666986e-07,2560,0.9642184557438794,True
A3,ACTIVE_RESULTS,NULL_A_CIRCULAR_SHIFT,170,colombia_runoff,COL_2026,-1.8587029131950793e-07,2555,0.9748187714612743,True
A3,ACTIVE_RESULTS,NULL_A_CIRCULAR_SHIFT,171,colombia_first_round,COL_2026,-2.6083118054824984e-07,2558,0.9634651600753296,True
A3,ACTIVE_RESULTS,NULL_A_CIRCULAR_SHIFT,171,colombia_runoff,COL_2026,-7.212053358954485e-08,2557,0.9755818389927509,True
A3,ACTIVE_RESULTS,NULL_A_CIRCULAR_SHIFT,172,colombia_first_round,COL_2026,-3.329515899599785e-07,2564,0.9657250470809793,True
A3,ACTIVE_RESULTS,NULL_A_CIRCULAR_SHIFT,172,colombia_runoff,COL_2026,-1.3773395114204784e-07,2565,0.978634109118657,True
A3,ACTIVE_RESULTS,NULL_A_CIRCULAR_SHIFT,173,colombia_first_round,COL_2026,-3.4224406082190914e-07,2575,0.9698681732580038,True
A3,ACTIVE_RESULTS,NULL_A_CIRCULAR_SHIFT,173,colombia_runoff,COL_2026,-1.0719036390187715e-07,2559,0.9763449065242273,True
A3,ACTIVE_RESULTS,NULL_A_CIRCULAR_SHIFT,174,colombia_first_round,COL_2026,-2.0683350612758399e-07,2558,0.9634651600753296,True
A3,ACTIVE_RESULTS,NULL_A_CIRCULAR_SHIFT,174,colombia_runoff,COL_2026,-1.7280517773452728e-07,2565,0.978634109118657,True
A3,ACTIVE_RESULTS,NULL_A_CIRCULAR_SHIFT,175,colombia_first_round,COL_2026,-1.48373998172082e-07,2573,0.9691148775894539,True
A3,ACTIVE_RESULTS,NULL_A_CIRCULAR_SHIFT,175,colombia_runoff,COL_2026,-1.1704552128375896e-07,2555,0.9748187714612743,True
A3,ACTIVE_RESULTS,NULL_A_CIRCULAR_SHIFT,176,colombia_first_round,COL_2026,-1.5933007065919357e-07,2558,0.9634651600753296,True
A3,ACTIVE_RESULTS,NULL_A_CIRCULAR_SHIFT,176,colombia_runoff,COL_2026,-2.1272715876271276e-07,2560,0.9767264402899657,True
A3,ACTIVE_RESULTS,NULL_A_CIRCULAR_SHIFT,177,colombia_first_round,COL_2026,-3.42910097703866e-07,2562,0.9649717514124294,True
A3,ACTIVE_RESULTS,NULL_A_CIRCULAR_SHIFT,177,colombia_runoff,COL_2026,-9.698879335775219e-08,2554,0.974437237695536,True
A3,ACTIVE_RESULTS,NULL_A_CIRCULAR_SHIFT,178,colombia_first_round,COL_2026,-3.913491558215208e-07,2561,0.9645951035781545,True
A3,ACTIVE_RESULTS,NULL_A_CIRCULAR_SHIFT,178,colombia_runoff,COL_2026,-1.0389639734989907e-07,2564,0.9782525753529188,True
A3,ACTIVE_RESULTS,NULL_A_CIRCULAR_SHIFT,179,colombia_first_round,COL_2026,-3.4963474478750076e-07,2559,0.9638418079096045,True
A3,ACTIVE_RESULTS,NULL_A_CIRCULAR_SHIFT,179,colombia_runoff,COL_2026,-1.1369523304910127e-07,2554,0.974437237695536,True
A3,ACTIVE_RESULTS,NULL_A_CIRCULAR_SHIFT,180,colombia_first_round,COL_2026,-2.6136668491986085e-07,2559,0.9638418079096045,True
A3,ACTIVE_RESULTS,NULL_A_CIRCULAR_SHIFT,180,colombia_runoff,COL_2026,-3.3267091319096575e-07,2559,0.9763449065242273,True
A3,ACTIVE_RESULTS,NULL_A_CIRCULAR_SHIFT,181,colombia_first_round,COL_2026,-1.7394133010270183e-07,2558,0.9634651600753296,True
A3,ACTIVE_RESULTS,NULL_A_CIRCULAR_SHIFT,181,colombia_runoff,COL_2026,-2.1242342082007328e-07,2553,0.9740557039297978,True
A3,ACTIVE_RESULTS,NULL_A_CIRCULAR_SHIFT,182,colombia_first_round,COL_2026,-3.571439389431507e-07,2560,0.9642184557438794,True
A3,ACTIVE_RESULTS,NULL_A_CIRCULAR_SHIFT,182,colombia_runoff,COL_2026,-9.573733930945715e-08,2556,0.9752003052270126,True
A3,ACTIVE_RESULTS,NULL_A_CIRCULAR_SHIFT,183,colombia_first_round,COL_2026,-1.2312354283050118e-07,2560,0.9642184557438794,True
A3,ACTIVE_RESULTS,NULL_A_CIRCULAR_SHIFT,183,colombia_runoff,COL_2026,-2.0913313993563045e-07,2559,0.9763449065242273,True
A3,ACTIVE_RESULTS,NULL_A_CIRCULAR_SHIFT,184,colombia_first_round,COL_2026,-1.1419680928890883e-07,2559,0.9638418079096045,True
A3,ACTIVE_RESULTS,NULL_A_CIRCULAR_SHIFT,184,colombia_runoff,COL_2026,-1.137226141561924e-07,2558,0.9759633727584891,True
A3,ACTIVE_RESULTS,NULL_A_CIRCULAR_SHIFT,185,colombia_first_round,COL_2026,-2.2591238764083587e-07,2566,0.9664783427495292,True
A3,ACTIVE_RESULTS,NULL_A_CIRCULAR_SHIFT,185,colombia_runoff,COL_2026,-1.7545015860072296e-07,2558,0.9759633727584891,True
A3,ACTIVE_RESULTS,NULL_A_CIRCULAR_SHIFT,186,colombia_first_round,COL_2026,-2.1583390560336293e-07,2564,0.9657250470809793,True
A3,ACTIVE_RESULTS,NULL_A_CIRCULAR_SHIFT,186,colombia_runoff,COL_2026,-1.7662665325501276e-07,2558,0.9759633727584891,True
A3,ACTIVE_RESULTS,NULL_A_CIRCULAR_SHIFT,187,colombia_first_round,COL_2026,-2.711725902402456e-07,2558,0.9634651600753296,True
A3,ACTIVE_RESULTS,NULL_A_CIRCULAR_SHIFT,187,colombia_runoff,COL_2026,-1.1722886665753517e-07,2564,0.9782525753529188,True
A3,ACTIVE_RESULTS,NULL_A_CIRCULAR_SHIFT,188,colombia_first_round,COL_2026,-2.118671696595374e-07,2565,0.9661016949152542,True
A3,ACTIVE_RESULTS,NULL_A_CIRCULAR_SHIFT,188,colombia_runoff,COL_2026,-3.642913797973115e-07,2553,0.9740557039297978,True
A3,ACTIVE_RESULTS,NULL_A_CIRCULAR_SHIFT,189,colombia_first_round,COL_2026,-2.87409793083256e-07,2561,0.9645951035781545,True
A3,ACTIVE_RESULTS,NULL_A_CIRCULAR_SHIFT,189,colombia_runoff,COL_2026,-1.195398239889599e-07,2565,0.978634109118657,True
A3,ACTIVE_RESULTS,NULL_A_CIRCULAR_SHIFT,190,colombia_first_round,COL_2026,-1.9049389597697426e-07,2560,0.9642184557438794,True
A3,ACTIVE_RESULTS,NULL_A_CIRCULAR_SHIFT,190,colombia_runoff,COL_2026,-1.9780347649570226e-07,2561,0.9771079740557039,True
A3,ACTIVE_RESULTS,NULL_A_CIRCULAR_SHIFT,191,colombia_first_round,COL_2026,-3.159346694615797e-07,2561,0.9645951035781545,True
A3,ACTIVE_RESULTS,NULL_A_CIRCULAR_SHIFT,191,colombia_runoff,COL_2026,-9.802549843362e-08,2562,0.9774895078214422,True
A3,ACTIVE_RESULTS,NULL_A_CIRCULAR_SHIFT,192,colombia_first_round,COL_2026,-9.616882087421085e-08,2562,0.9649717514124294,True
A3,ACTIVE_RESULTS,NULL_A_CIRCULAR_SHIFT,192,colombia_runoff,COL_2026,-2.0353015865155782e-07,2554,0.974437237695536,True
A3,ACTIVE_RESULTS,NULL_A_CIRCULAR_SHIFT,193,colombia_first_round,COL_2026,-2.1237502224768016e-07,2559,0.9638418079096045,True
A3,ACTIVE_RESULTS,NULL_A_CIRCULAR_SHIFT,193,colombia_runoff,COL_2026,-1.6514801638697444e-07,2553,0.9740557039297978,True
A3,ACTIVE_RESULTS,NULL_A_CIRCULAR_SHIFT,194,colombia_first_round,COL_2026,-2.4921977860694955e-07,2561,0.9645951035781545,True
A3,ACTIVE_RESULTS,NULL_A_CIRCULAR_SHIFT,194,colombia_runoff,COL_2026,-1.4048424643266908e-07,2558,0.9759633727584891,True
A3,ACTIVE_RESULTS,NULL_A_CIRCULAR_SHIFT,195,colombia_first_round,COL_2026,-2.7115689031854383e-07,2561,0.9645951035781545,True
A3,ACTIVE_RESULTS,NULL_A_CIRCULAR_SHIFT,195,colombia_runoff,COL_2026,-9.005775856964646e-08,2565,0.978634109118657,True
A3,ACTIVE_RESULTS,NULL_A_CIRCULAR_SHIFT,196,colombia_first_round,COL_2026,-2.8391919375215044e-07,2568,0.9672316384180791,True
A3,ACTIVE_RESULTS,NULL_A_CIRCULAR_SHIFT,196,colombia_runoff,COL_2026,-1.69414603009081e-07,2567,0.9793971766501335,True
A3,ACTIVE_RESULTS,NULL_A_CIRCULAR_SHIFT,197,colombia_first_round,COL_2026,-1.7821555383647747e-07,2579,0.9713747645951035,True
A3,ACTIVE_RESULTS,NULL_A_CIRCULAR_SHIFT,197,colombia_runoff,COL_2026,-1.653919147169643e-07,2562,0.9774895078214422,True
A3,ACTIVE_RESULTS,NULL_A_CIRCULAR_SHIFT,198,colombia_first_round,COL_2026,-2.3599781274885765e-07,2584,0.9732580037664783,True
A3,ACTIVE_RESULTS,NULL_A_CIRCULAR_SHIFT,198,colombia_runoff,COL_2026,-2.0486797284832563e-07,2553,0.9740557039297978,True
A3,ACTIVE_RESULTS,NULL_A_CIRCULAR_SHIFT,199,colombia_first_round,COL_2026,-1.6133570930768248e-07,2558,0.9634651600753296,True
A3,ACTIVE_RESULTS,NULL_A_CIRCULAR_SHIFT,199,colombia_runoff,COL_2026,-1.551373656048454e-07,2557,0.9755818389927509,True
A3,ACTIVE_RESULTS,NULL_A_CIRCULAR_SHIFT,200,colombia_first_round,COL_2026,-3.1216052961080183e-07,2579,0.9713747645951035,True
A3,ACTIVE_RESULTS,NULL_A_CIRCULAR_SHIFT,200,colombia_runoff,COL_2026,-1.6415135545360212e-07,2555,0.9748187714612743,True
A3,ACTIVE_RESULTS,NULL_A_CIRCULAR_SHIFT,201,colombia_first_round,COL_2026,-2.963392190420553e-07,2565,0.9661016949152542,True
A3,ACTIVE_RESULTS,NULL_A_CIRCULAR_SHIFT,201,colombia_runoff,COL_2026,-8.096205063681454e-08,2564,0.9782525753529188,True
A3,ACTIVE_RESULTS,NULL_A_CIRCULAR_SHIFT,202,colombia_first_round,COL_2026,-1.7317882631115707e-07,2564,0.9657250470809793,True
A3,ACTIVE_RESULTS,NULL_A_CIRCULAR_SHIFT,202,colombia_runoff,COL_2026,-1.6501518544356133e-07,2554,0.974437237695536,True
A3,ACTIVE_RESULTS,NULL_A_CIRCULAR_SHIFT,203,colombia_first_round,COL_2026,-3.226634687809893e-07,2564,0.9657250470809793,True
A3,ACTIVE_RESULTS,NULL_A_CIRCULAR_SHIFT,203,colombia_runoff,COL_2026,-2.1096766239079832e-07,2559,0.9763449065242273,True
A3,ACTIVE_RESULTS,NULL_A_CIRCULAR_SHIFT,204,colombia_first_round,COL_2026,-2.1090276797148405e-07,2569,0.9676082862523541,True
A3,ACTIVE_RESULTS,NULL_A_CIRCULAR_SHIFT,204,colombia_runoff,COL_2026,-1.8717114414083312e-07,2562,0.9774895078214422,True
A3,ACTIVE_RESULTS,NULL_A_CIRCULAR_SHIFT,205,colombia_first_round,COL_2026,-1.72984991928837e-07,2573,0.9691148775894539,True
A3,ACTIVE_RESULTS,NULL_A_CIRCULAR_SHIFT,205,colombia_runoff,COL_2026,-2.4901586441972687e-07,2559,0.9763449065242273,True
A3,ACTIVE_RESULTS,NULL_A_CIRCULAR_SHIFT,206,colombia_first_round,COL_2026,-2.4507970249877943e-07,2561,0.9645951035781545,True
A3,ACTIVE_RESULTS,NULL_A_CIRCULAR_SHIFT,206,colombia_runoff,COL_2026,-1.994198211107603e-07,2562,0.9774895078214422,True
A3,ACTIVE_RESULTS,NULL_A_CIRCULAR_SHIFT,207,colombia_first_round,COL_2026,-2.72110293354124e-07,2562,0.9649717514124294,True
A3,ACTIVE_RESULTS,NULL_A_CIRCULAR_SHIFT,207,colombia_runoff,COL_2026,-1.2197370526855356e-07,2557,0.9755818389927509,True
A3,ACTIVE_RESULTS,NULL_A_CIRCULAR_SHIFT,208,colombia_first_round,COL_2026,-2.3058393776099688e-07,2558,0.9634651600753296,True
A3,ACTIVE_RESULTS,NULL_A_CIRCULAR_SHIFT,208,colombia_runoff,COL_2026,-1.2637814778696582e-07,2560,0.9767264402899657,True
A3,ACTIVE_RESULTS,NULL_A_CIRCULAR_SHIFT,209,colombia_first_round,COL_2026,-4.0244797692797216e-07,2575,0.9698681732580038,True
A3,ACTIVE_RESULTS,NULL_A_CIRCULAR_SHIFT,209,colombia_runoff,COL_2026,-1.7490021358828052e-07,2556,0.9752003052270126,True
A3,ACTIVE_RESULTS,NULL_A_CIRCULAR_SHIFT,210,colombia_first_round,COL_2026,-2.1044919021880604e-07,2569,0.9676082862523541,True
A3,ACTIVE_RESULTS,NULL_A_CIRCULAR_SHIFT,210,colombia_runoff,COL_2026,-1.4249267671569204e-07,2556,0.9752003052270126,True
A3,ACTIVE_RESULTS,NULL_A_CIRCULAR_SHIFT,211,colombia_first_round,COL_2026,-4.108538392186926e-07,2561,0.9645951035781545,True
A3,ACTIVE_RESULTS,NULL_A_CIRCULAR_SHIFT,211,colombia_runoff,COL_2026,-1.0046147348686166e-07,2559,0.9763449065242273,True
A3,ACTIVE_RESULTS,NULL_A_CIRCULAR_SHIFT,212,colombia_first_round,COL_2026,-1.9086456081906257e-07,2563,0.9653483992467043,True
A3,ACTIVE_RESULTS,NULL_A_CIRCULAR_SHIFT,212,colombia_runoff,COL_2026,-1.925547472018537e-07,2562,0.9774895078214422,True
A3,ACTIVE_RESULTS,NULL_A_CIRCULAR_SHIFT,213,colombia_first_round,COL_2026,-1.8156184341031447e-07,2562,0.9649717514124294,True
A3,ACTIVE_RESULTS,NULL_A_CIRCULAR_SHIFT,213,colombia_runoff,COL_2026,-2.353129044790811e-07,2555,0.9748187714612743,True
A3,ACTIVE_RESULTS,NULL_A_CIRCULAR_SHIFT,214,colombia_first_round,COL_2026,-3.370387927781082e-07,2576,0.9702448210922787,True
A3,ACTIVE_RESULTS,NULL_A_CIRCULAR_SHIFT,214,colombia_runoff,COL_2026,-1.875523125160574e-07,2568,0.9797787104158718,True
A3,ACTIVE_RESULTS,NULL_A_CIRCULAR_SHIFT,215,colombia_first_round,COL_2026,-2.8700737482228755e-07,2561,0.9645951035781545,True
A3,ACTIVE_RESULTS,NULL_A_CIRCULAR_SHIFT,215,colombia_runoff,COL_2026,-1.6752594513928787e-07,2557,0.9755818389927509,True
A3,ACTIVE_RESULTS,NULL_A_CIRCULAR_SHIFT,216,colombia_first_round,COL_2026,-4.501124096656732e-07,2565,0.9661016949152542,True
A3,ACTIVE_RESULTS,NULL_A_CIRCULAR_SHIFT,216,colombia_runoff,COL_2026,-1.729579805704531e-07,2562,0.9774895078214422,True
A3,ACTIVE_RESULTS,NULL_A_CIRCULAR_SHIFT,217,colombia_first_round,COL_2026,-1.256303525858462e-07,2572,0.9687382297551789,True
A3,ACTIVE_RESULTS,NULL_A_CIRCULAR_SHIFT,217,colombia_runoff,COL_2026,-2.6971459581706115e-07,2555,0.9748187714612743,True
A3,ACTIVE_RESULTS,NULL_A_CIRCULAR_SHIFT,218,colombia_first_round,COL_2026,-3.175994060130103e-07,2560,0.9642184557438794,True
A3,ACTIVE_RESULTS,NULL_A_CIRCULAR_SHIFT,218,colombia_runoff,COL_2026,-1.7225038000833398e-07,2559,0.9763449065242273,True
A3,ACTIVE_RESULTS,NULL_A_CIRCULAR_SHIFT,219,colombia_first_round,COL_2026,-1.0034741522819985e-07,2579,0.9713747645951035,True
A3,ACTIVE_RESULTS,NULL_A_CIRCULAR_SHIFT,219,colombia_runoff,COL_2026,-1.0198736487754005e-07,2562,0.9774895078214422,True
A3,ACTIVE_RESULTS,NULL_A_CIRCULAR_SHIFT,220,colombia_first_round,COL_2026,-2.1395519966311816e-07,2560,0.9642184557438794,True
A3,ACTIVE_RESULTS,NULL_A_CIRCULAR_SHIFT,220,colombia_runoff,COL_2026,-1.322778245814102e-07,2561,0.9771079740557039,True
A3,ACTIVE_RESULTS,NULL_A_CIRCULAR_SHIFT,221,colombia_first_round,COL_2026,-5.607016893912865e-07,2569,0.9676082862523541,True
A3,ACTIVE_RESULTS,NULL_A_CIRCULAR_SHIFT,221,colombia_runoff,COL_2026,-1.7433101017556495e-07,2559,0.9763449065242273,True
A3,ACTIVE_RESULTS,NULL_A_CIRCULAR_SHIFT,222,colombia_first_round,COL_2026,-3.776327140935788e-07,2565,0.9661016949152542,True
A3,ACTIVE_RESULTS,NULL_A_CIRCULAR_SHIFT,222,colombia_runoff,COL_2026,-1.719690037208097e-07,2566,0.9790156428843952,True
A3,ACTIVE_RESULTS,NULL_A_CIRCULAR_SHIFT,223,colombia_first_round,COL_2026,-2.9203488156205096e-07,2562,0.9649717514124294,True
A3,ACTIVE_RESULTS,NULL_A_CIRCULAR_SHIFT,223,colombia_runoff,COL_2026,-1.0948895870018998e-07,2561,0.9771079740557039,True
A3,ACTIVE_RESULTS,NULL_A_CIRCULAR_SHIFT,224,colombia_first_round,COL_2026,-2.7511601619803693e-07,2566,0.9664783427495292,True
A3,ACTIVE_RESULTS,NULL_A_CIRCULAR_SHIFT,224,colombia_runoff,COL_2026,-1.2006421067091542e-07,2560,0.9767264402899657,True
A3,ACTIVE_RESULTS,NULL_A_CIRCULAR_SHIFT,225,colombia_first_round,COL_2026,-2.060949061743435e-07,2558,0.9634651600753296,True
A3,ACTIVE_RESULTS,NULL_A_CIRCULAR_SHIFT,225,colombia_runoff,COL_2026,-1.6061466184832332e-07,2557,0.9755818389927509,True
A3,ACTIVE_RESULTS,NULL_A_CIRCULAR_SHIFT,226,colombia_first_round,COL_2026,-1.267310563721257e-07,2567,0.9668549905838042,True
A3,ACTIVE_RESULTS,NULL_A_CIRCULAR_SHIFT,226,colombia_runoff,COL_2026,-1.4296146143038317e-07,2557,0.9755818389927509,True
A3,ACTIVE_RESULTS,NULL_A_CIRCULAR_SHIFT,227,colombia_first_round,COL_2026,-8.918444834790168e-08,2577,0.9706214689265537,True
A3,ACTIVE_RESULTS,NULL_A_CIRCULAR_SHIFT,227,colombia_runoff,COL_2026,-2.151218531386821e-07,2559,0.9763449065242273,True
A3,ACTIVE_RESULTS,NULL_A_CIRCULAR_SHIFT,228,colombia_first_round,COL_2026,-2.2919685517319154e-07,2562,0.9649717514124294,True
A3,ACTIVE_RESULTS,NULL_A_CIRCULAR_SHIFT,228,colombia_runoff,COL_2026,-1.7144977851295988e-07,2561,0.9771079740557039,True
A3,ACTIVE_RESULTS,NULL_A_CIRCULAR_SHIFT,229,colombia_first_round,COL_2026,-2.5145165278211846e-07,2561,0.9645951035781545,True
A3,ACTIVE_RESULTS,NULL_A_CIRCULAR_SHIFT,229,colombia_runoff,COL_2026,-1.1258686265810583e-07,2556,0.9752003052270126,True
A3,ACTIVE_RESULTS,NULL_A_CIRCULAR_SHIFT,230,colombia_first_round,COL_2026,-2.186961530518859e-07,2562,0.9649717514124294,True
A3,ACTIVE_RESULTS,NULL_A_CIRCULAR_SHIFT,230,colombia_runoff,COL_2026,-1.5432521440877083e-07,2558,0.9759633727584891,True
A3,ACTIVE_RESULTS,NULL_A_CIRCULAR_SHIFT,231,colombia_first_round,COL_2026,-1.5263595030896394e-07,2567,0.9668549905838042,True
A3,ACTIVE_RESULTS,NULL_A_CIRCULAR_SHIFT,231,colombia_runoff,COL_2026,-1.527149482528288e-07,2557,0.9755818389927509,True
A3,ACTIVE_RESULTS,NULL_A_CIRCULAR_SHIFT,232,colombia_first_round,COL_2026,-2.393831588407961e-07,2567,0.9668549905838042,True
A3,ACTIVE_RESULTS,NULL_A_CIRCULAR_SHIFT,232,colombia_runoff,COL_2026,-1.1845684449531814e-07,2563,0.9778710415871804,True
A3,ACTIVE_RESULTS,NULL_A_CIRCULAR_SHIFT,233,colombia_first_round,COL_2026,-5.689526028633999e-07,2562,0.9649717514124294,True
A3,ACTIVE_RESULTS,NULL_A_CIRCULAR_SHIFT,233,colombia_runoff,COL_2026,-3.096551145281332e-07,2557,0.9755818389927509,True
A3,ACTIVE_RESULTS,NULL_A_CIRCULAR_SHIFT,234,colombia_first_round,COL_2026,-2.6245823774124324e-07,2559,0.9638418079096045,True
A3,ACTIVE_RESULTS,NULL_A_CIRCULAR_SHIFT,234,colombia_runoff,COL_2026,-1.643708277094672e-07,2557,0.9755818389927509,True
A3,ACTIVE_RESULTS,NULL_A_CIRCULAR_SHIFT,235,colombia_first_round,COL_2026,-3.4464952557073295e-07,2565,0.9661016949152542,True
A3,ACTIVE_RESULTS,NULL_A_CIRCULAR_SHIFT,235,colombia_runoff,COL_2026,-1.8558616461169772e-07,2556,0.9752003052270126,True
A3,ACTIVE_RESULTS,NULL_A_CIRCULAR_SHIFT,236,colombia_first_round,COL_2026,-2.0769899140264471e-07,2560,0.9642184557438794,True
A3,ACTIVE_RESULTS,NULL_A_CIRCULAR_SHIFT,236,colombia_runoff,COL_2026,-1.4502071514133778e-07,2556,0.9752003052270126,True
A3,ACTIVE_RESULTS,NULL_A_CIRCULAR_SHIFT,237,colombia_first_round,COL_2026,-2.706397727451614e-07,2566,0.9664783427495292,True
A3,ACTIVE_RESULTS,NULL_A_CIRCULAR_SHIFT,237,colombia_runoff,COL_2026,-1.431178212974965e-07,2555,0.9748187714612743,True
A3,ACTIVE_RESULTS,NULL_A_CIRCULAR_SHIFT,238,colombia_first_round,COL_2026,-2.0834030270655386e-07,2569,0.9676082862523541,True
A3,ACTIVE_RESULTS,NULL_A_CIRCULAR_SHIFT,238,colombia_runoff,COL_2026,-1.444384220884026e-07,2557,0.9755818389927509,True
A3,ACTIVE_RESULTS,NULL_A_CIRCULAR_SHIFT,239,colombia_first_round,COL_2026,-2.198767930940107e-07,2565,0.9661016949152542,True
A3,ACTIVE_RESULTS,NULL_A_CIRCULAR_SHIFT,239,colombia_runoff,COL_2026,-1.233978188701782e-07,2558,0.9759633727584891,True
A3,ACTIVE_RESULTS,NULL_A_CIRCULAR_SHIFT,240,colombia_first_round,COL_2026,-3.229105992539997e-08,2564,0.9657250470809793,True
A3,ACTIVE_RESULTS,NULL_A_CIRCULAR_SHIFT,240,colombia_runoff,COL_2026,-1.6129233156549473e-07,2555,0.9748187714612743,True
A3,ACTIVE_RESULTS,NULL_A_CIRCULAR_SHIFT,241,colombia_first_round,COL_2026,-2.424085825840432e-07,2579,0.9713747645951035,True
A3,ACTIVE_RESULTS,NULL_A_CIRCULAR_SHIFT,241,colombia_runoff,COL_2026,-1.3030649854469926e-07,2570,0.9805417779473483,True
A3,ACTIVE_RESULTS,NULL_A_CIRCULAR_SHIFT,242,colombia_first_round,COL_2026,-7.511225067363101e-08,2562,0.9649717514124294,True
A3,ACTIVE_RESULTS,NULL_A_CIRCULAR_SHIFT,242,colombia_runoff,COL_2026,-1.0972401022937593e-07,2559,0.9763449065242273,True
A3,ACTIVE_RESULTS,NULL_A_CIRCULAR_SHIFT,243,colombia_first_round,COL_2026,-3.2942888934878683e-07,2561,0.9645951035781545,True
A3,ACTIVE_RESULTS,NULL_A_CIRCULAR_SHIFT,243,colombia_runoff,COL_2026,-8.425567415993604e-08,2559,0.9763449065242273,True
A3,ACTIVE_RESULTS,NULL_A_CIRCULAR_SHIFT,244,colombia_first_round,COL_2026,-1.1311340299791995e-07,2564,0.9657250470809793,True
A3,ACTIVE_RESULTS,NULL_A_CIRCULAR_SHIFT,244,colombia_runoff,COL_2026,-6.194669749843196e-08,2563,0.9778710415871804,True
A3,ACTIVE_RESULTS,NULL_A_CIRCULAR_SHIFT,245,colombia_first_round,COL_2026,-1.117877934855265e-07,2559,0.9638418079096045,True
A3,ACTIVE_RESULTS,NULL_A_CIRCULAR_SHIFT,245,colombia_runoff,COL_2026,-1.5696002990448962e-07,2558,0.9759633727584891,True
A3,ACTIVE_RESULTS,NULL_A_CIRCULAR_SHIFT,246,colombia_first_round,COL_2026,-2.7365176201598664e-07,2567,0.9668549905838042,True
A3,ACTIVE_RESULTS,NULL_A_CIRCULAR_SHIFT,246,colombia_runoff,COL_2026,-2.1567621848808222e-07,2554,0.974437237695536,True
A3,ACTIVE_RESULTS,NULL_A_CIRCULAR_SHIFT,247,colombia_first_round,COL_2026,-2.621780369405083e-07,2560,0.9642184557438794,True
A3,ACTIVE_RESULTS,NULL_A_CIRCULAR_SHIFT,247,colombia_runoff,COL_2026,-1.4778344144744542e-07,2561,0.9771079740557039,True
A3,ACTIVE_RESULTS,NULL_A_CIRCULAR_SHIFT,248,colombia_first_round,COL_2026,-1.876132088343615e-07,2560,0.9642184557438794,True
A3,ACTIVE_RESULTS,NULL_A_CIRCULAR_SHIFT,248,colombia_runoff,COL_2026,-1.598873602517321e-07,2555,0.9748187714612743,True
A3,ACTIVE_RESULTS,NULL_A_CIRCULAR_SHIFT,249,colombia_first_round,COL_2026,-3.858391130937247e-07,2559,0.9638418079096045,True
A3,ACTIVE_RESULTS,NULL_A_CIRCULAR_SHIFT,249,colombia_runoff,COL_2026,-1.4264785236017648e-07,2558,0.9759633727584891,True
A3,ACTIVE_RESULTS,NULL_B_BLOCK_TIME_PERMUTATION,0,colombia_first_round,COL_2026,-1.5348725552757143e-07,2568,0.9672316384180791,True
A3,ACTIVE_RESULTS,NULL_B_BLOCK_TIME_PERMUTATION,0,colombia_runoff,COL_2026,-1.0114643885437468e-07,2566,0.9790156428843952,True
A3,ACTIVE_RESULTS,NULL_B_BLOCK_TIME_PERMUTATION,1,colombia_first_round,COL_2026,-2.3276054224962816e-07,2564,0.9657250470809793,True
A3,ACTIVE_RESULTS,NULL_B_BLOCK_TIME_PERMUTATION,1,colombia_runoff,COL_2026,-1.8103712267380182e-07,2554,0.974437237695536,True
A3,ACTIVE_RESULTS,NULL_B_BLOCK_TIME_PERMUTATION,2,colombia_first_round,COL_2026,-4.982511074350748e-08,2560,0.9642184557438794,True
A3,ACTIVE_RESULTS,NULL_B_BLOCK_TIME_PERMUTATION,2,colombia_runoff,COL_2026,-1.6354060347915617e-07,2556,0.9752003052270126,True
A3,ACTIVE_RESULTS,NULL_B_BLOCK_TIME_PERMUTATION,3,colombia_first_round,COL_2026,-2.605837511820542e-07,2563,0.9653483992467043,True
A3,ACTIVE_RESULTS,NULL_B_BLOCK_TIME_PERMUTATION,3,colombia_runoff,COL_2026,-1.035714759188206e-07,2557,0.9755818389927509,True
A3,ACTIVE_RESULTS,NULL_B_BLOCK_TIME_PERMUTATION,4,colombia_first_round,COL_2026,-3.1636623770653927e-07,2563,0.9653483992467043,True
A3,ACTIVE_RESULTS,NULL_B_BLOCK_TIME_PERMUTATION,4,colombia_runoff,COL_2026,-1.4101517938085683e-07,2564,0.9782525753529188,True
A3,ACTIVE_RESULTS,NULL_B_BLOCK_TIME_PERMUTATION,5,colombia_first_round,COL_2026,-2.5731796422207934e-07,2567,0.9668549905838042,True
A3,ACTIVE_RESULTS,NULL_B_BLOCK_TIME_PERMUTATION,5,colombia_runoff,COL_2026,-2.0688970524386577e-07,2557,0.9755818389927509,True
A3,ACTIVE_RESULTS,NULL_B_BLOCK_TIME_PERMUTATION,6,colombia_first_round,COL_2026,-1.9252648340181622e-07,2563,0.9653483992467043,True
A3,ACTIVE_RESULTS,NULL_B_BLOCK_TIME_PERMUTATION,6,colombia_runoff,COL_2026,-1.1743828462975025e-07,2560,0.9767264402899657,True
A3,ACTIVE_RESULTS,NULL_B_BLOCK_TIME_PERMUTATION,7,colombia_first_round,COL_2026,-1.25613430369413e-07,2569,0.9676082862523541,True
A3,ACTIVE_RESULTS,NULL_B_BLOCK_TIME_PERMUTATION,7,colombia_runoff,COL_2026,-2.229819800929701e-07,2564,0.9782525753529188,True
A3,ACTIVE_RESULTS,NULL_B_BLOCK_TIME_PERMUTATION,8,colombia_first_round,COL_2026,-2.1284478945515194e-07,2564,0.9657250470809793,True
A3,ACTIVE_RESULTS,NULL_B_BLOCK_TIME_PERMUTATION,8,colombia_runoff,COL_2026,-1.692018692157898e-07,2561,0.9771079740557039,True
A3,ACTIVE_RESULTS,NULL_B_BLOCK_TIME_PERMUTATION,9,colombia_first_round,COL_2026,-2.8926565709802984e-07,2560,0.9642184557438794,True
A3,ACTIVE_RESULTS,NULL_B_BLOCK_TIME_PERMUTATION,9,colombia_runoff,COL_2026,-1.9022818775690225e-07,2564,0.9782525753529188,True
A3,ACTIVE_RESULTS,NULL_B_BLOCK_TIME_PERMUTATION,10,colombia_first_round,COL_2026,-3.4277543243987454e-07,2560,0.9642184557438794,True
A3,ACTIVE_RESULTS,NULL_B_BLOCK_TIME_PERMUTATION,10,colombia_runoff,COL_2026,-1.9028870404740293e-07,2557,0.9755818389927509,True
A3,ACTIVE_RESULTS,NULL_B_BLOCK_TIME_PERMUTATION,11,colombia_first_round,COL_2026,-2.6576451354918014e-07,2565,0.9661016949152542,True
A3,ACTIVE_RESULTS,NULL_B_BLOCK_TIME_PERMUTATION,11,colombia_runoff,COL_2026,-1.3575463675880495e-07,2565,0.978634109118657,True
A3,ACTIVE_RESULTS,NULL_B_BLOCK_TIME_PERMUTATION,12,colombia_first_round,COL_2026,-1.837914330198193e-07,2560,0.9642184557438794,True
A3,ACTIVE_RESULTS,NULL_B_BLOCK_TIME_PERMUTATION,12,colombia_runoff,COL_2026,-2.762223728310713e-07,2557,0.9755818389927509,True
A3,ACTIVE_RESULTS,NULL_B_BLOCK_TIME_PERMUTATION,13,colombia_first_round,COL_2026,-2.224857170665113e-07,2560,0.9642184557438794,True
A3,ACTIVE_RESULTS,NULL_B_BLOCK_TIME_PERMUTATION,13,colombia_runoff,COL_2026,-9.645064365705664e-08,2560,0.9767264402899657,True
A3,ACTIVE_RESULTS,NULL_B_BLOCK_TIME_PERMUTATION,14,colombia_first_round,COL_2026,-1.548092455233869e-07,2565,0.9661016949152542,True
A3,ACTIVE_RESULTS,NULL_B_BLOCK_TIME_PERMUTATION,14,colombia_runoff,COL_2026,-1.2217285939594956e-07,2557,0.9755818389927509,True
A3,ACTIVE_RESULTS,NULL_B_BLOCK_TIME_PERMUTATION,15,colombia_first_round,COL_2026,-1.31517671604326e-07,2568,0.9672316384180791,True
A3,ACTIVE_RESULTS,NULL_B_BLOCK_TIME_PERMUTATION,15,colombia_runoff,COL_2026,-1.3396110486695013e-07,2559,0.9763449065242273,True
A3,ACTIVE_RESULTS,NULL_B_BLOCK_TIME_PERMUTATION,16,colombia_first_round,COL_2026,-1.7689065629908896e-07,2560,0.9642184557438794,True
A3,ACTIVE_RESULTS,NULL_B_BLOCK_TIME_PERMUTATION,16,colombia_runoff,COL_2026,-1.1435176612118592e-07,2566,0.9790156428843952,True
A3,ACTIVE_RESULTS,NULL_B_BLOCK_TIME_PERMUTATION,17,colombia_first_round,COL_2026,-2.867846300501722e-07,2568,0.9672316384180791,True
A3,ACTIVE_RESULTS,NULL_B_BLOCK_TIME_PERMUTATION,17,colombia_runoff,COL_2026,-2.3601617500131816e-07,2559,0.9763449065242273,True
A3,ACTIVE_RESULTS,NULL_B_BLOCK_TIME_PERMUTATION,18,colombia_first_round,COL_2026,-2.043712449925299e-07,2566,0.9664783427495292,True
A3,ACTIVE_RESULTS,NULL_B_BLOCK_TIME_PERMUTATION,18,colombia_runoff,COL_2026,-1.732630209658471e-07,2560,0.9767264402899657,True
A3,ACTIVE_RESULTS,NULL_B_BLOCK_TIME_PERMUTATION,19,colombia_first_round,COL_2026,-2.725319826286718e-07,2564,0.9657250470809793,True
A3,ACTIVE_RESULTS,NULL_B_BLOCK_TIME_PERMUTATION,19,colombia_runoff,COL_2026,-1.6953341980195451e-07,2564,0.9782525753529188,True
A3,ACTIVE_RESULTS,NULL_B_BLOCK_TIME_PERMUTATION,20,colombia_first_round,COL_2026,-8.498564055833408e-08,2567,0.9668549905838042,True
A3,ACTIVE_RESULTS,NULL_B_BLOCK_TIME_PERMUTATION,20,colombia_runoff,COL_2026,-2.174271846192918e-07,2560,0.9767264402899657,True
A3,ACTIVE_RESULTS,NULL_B_BLOCK_TIME_PERMUTATION,21,colombia_first_round,COL_2026,-3.9987765740752696e-07,2560,0.9642184557438794,True
A3,ACTIVE_RESULTS,NULL_B_BLOCK_TIME_PERMUTATION,21,colombia_runoff,COL_2026,-1.986809585716698e-07,2555,0.9748187714612743,True
A3,ACTIVE_RESULTS,NULL_B_BLOCK_TIME_PERMUTATION,22,colombia_first_round,COL_2026,-1.6886704370023724e-07,2563,0.9653483992467043,True
A3,ACTIVE_RESULTS,NULL_B_BLOCK_TIME_PERMUTATION,22,colombia_runoff,COL_2026,-1.850442830126489e-07,2556,0.9752003052270126,True
A3,ACTIVE_RESULTS,NULL_B_BLOCK_TIME_PERMUTATION,23,colombia_first_round,COL_2026,-7.833934523129807e-08,2567,0.9668549905838042,True
A3,ACTIVE_RESULTS,NULL_B_BLOCK_TIME_PERMUTATION,23,colombia_runoff,COL_2026,-2.3662115066751517e-07,2556,0.9752003052270126,True
A3,ACTIVE_RESULTS,NULL_B_BLOCK_TIME_PERMUTATION,24,colombia_first_round,COL_2026,-2.804179567417563e-07,2560,0.9642184557438794,True
A3,ACTIVE_RESULTS,NULL_B_BLOCK_TIME_PERMUTATION,24,colombia_runoff,COL_2026,-1.1676562617417488e-07,2564,0.9782525753529188,True
A3,ACTIVE_RESULTS,NULL_B_BLOCK_TIME_PERMUTATION,25,colombia_first_round,COL_2026,-2.498805771284391e-07,2563,0.9653483992467043,True
A3,ACTIVE_RESULTS,NULL_B_BLOCK_TIME_PERMUTATION,25,colombia_runoff,COL_2026,-2.0219616260099338e-07,2555,0.9748187714612743,True
A3,ACTIVE_RESULTS,NULL_B_BLOCK_TIME_PERMUTATION,26,colombia_first_round,COL_2026,-4.131739484487306e-07,2570,0.967984934086629,True
A3,ACTIVE_RESULTS,NULL_B_BLOCK_TIME_PERMUTATION,26,colombia_runoff,COL_2026,-1.7244962712121418e-07,2556,0.9752003052270126,True
A3,ACTIVE_RESULTS,NULL_B_BLOCK_TIME_PERMUTATION,27,colombia_first_round,COL_2026,-6.309546951760135e-08,2562,0.9649717514124294,True
A3,ACTIVE_RESULTS,NULL_B_BLOCK_TIME_PERMUTATION,27,colombia_runoff,COL_2026,-1.3094499583623025e-07,2561,0.9771079740557039,True
A3,ACTIVE_RESULTS,NULL_B_BLOCK_TIME_PERMUTATION,28,colombia_first_round,COL_2026,-1.726317513656073e-07,2560,0.9642184557438794,True
A3,ACTIVE_RESULTS,NULL_B_BLOCK_TIME_PERMUTATION,28,colombia_runoff,COL_2026,-7.399812091829596e-08,2562,0.9774895078214422,True
A3,ACTIVE_RESULTS,NULL_B_BLOCK_TIME_PERMUTATION,29,colombia_first_round,COL_2026,-2.460256251004665e-07,2564,0.9657250470809793,True
A3,ACTIVE_RESULTS,NULL_B_BLOCK_TIME_PERMUTATION,29,colombia_runoff,COL_2026,-6.804036381761656e-08,2559,0.9763449065242273,True
A3,ACTIVE_RESULTS,NULL_B_BLOCK_TIME_PERMUTATION,30,colombia_first_round,COL_2026,-2.3278195014830666e-07,2563,0.9653483992467043,True
A3,ACTIVE_RESULTS,NULL_B_BLOCK_TIME_PERMUTATION,30,colombia_runoff,COL_2026,-9.825939250222706e-09,2561,0.9771079740557039,True
A3,ACTIVE_RESULTS,NULL_B_BLOCK_TIME_PERMUTATION,31,colombia_first_round,COL_2026,-1.435706822921649e-07,2561,0.9645951035781545,True
A3,ACTIVE_RESULTS,NULL_B_BLOCK_TIME_PERMUTATION,31,colombia_runoff,COL_2026,-2.080968765258396e-07,2565,0.978634109118657,True
A3,ACTIVE_RESULTS,NULL_B_BLOCK_TIME_PERMUTATION,32,colombia_first_round,COL_2026,-4.341311505515916e-07,2570,0.967984934086629,True
A3,ACTIVE_RESULTS,NULL_B_BLOCK_TIME_PERMUTATION,32,colombia_runoff,COL_2026,-1.9879662590856485e-07,2559,0.9763449065242273,True
A3,ACTIVE_RESULTS,NULL_B_BLOCK_TIME_PERMUTATION,33,colombia_first_round,COL_2026,-3.049028549263184e-07,2563,0.9653483992467043,True
A3,ACTIVE_RESULTS,NULL_B_BLOCK_TIME_PERMUTATION,33,colombia_runoff,COL_2026,-2.729407375743577e-07,2559,0.9763449065242273,True
A3,ACTIVE_RESULTS,NULL_B_BLOCK_TIME_PERMUTATION,34,colombia_first_round,COL_2026,-3.2009007232453485e-07,2569,0.9676082862523541,True
A3,ACTIVE_RESULTS,NULL_B_BLOCK_TIME_PERMUTATION,34,colombia_runoff,COL_2026,-1.2231111971779464e-07,2557,0.9755818389927509,True
A3,ACTIVE_RESULTS,NULL_B_BLOCK_TIME_PERMUTATION,35,colombia_first_round,COL_2026,-1.55454489034747e-07,2564,0.9657250470809793,True
A3,ACTIVE_RESULTS,NULL_B_BLOCK_TIME_PERMUTATION,35,colombia_runoff,COL_2026,-1.1454923535499353e-07,2556,0.9752003052270126,True
A3,ACTIVE_RESULTS,NULL_B_BLOCK_TIME_PERMUTATION,36,colombia_first_round,COL_2026,-6.878319912749521e-08,2558,0.9634651600753296,True
A3,ACTIVE_RESULTS,NULL_B_BLOCK_TIME_PERMUTATION,36,colombia_runoff,COL_2026,-2.55495097306463e-07,2559,0.9763449065242273,True
A3,ACTIVE_RESULTS,NULL_B_BLOCK_TIME_PERMUTATION,37,colombia_first_round,COL_2026,-1.9570215891415446e-07,2563,0.9653483992467043,True
A3,ACTIVE_RESULTS,NULL_B_BLOCK_TIME_PERMUTATION,37,colombia_runoff,COL_2026,-2.3924630125859207e-07,2558,0.9759633727584891,True
A3,ACTIVE_RESULTS,NULL_B_BLOCK_TIME_PERMUTATION,38,colombia_first_round,COL_2026,-2.2537116699356436e-07,2560,0.9642184557438794,True
A3,ACTIVE_RESULTS,NULL_B_BLOCK_TIME_PERMUTATION,38,colombia_runoff,COL_2026,-1.4341179444651372e-07,2562,0.9774895078214422,True
A3,ACTIVE_RESULTS,NULL_B_BLOCK_TIME_PERMUTATION,39,colombia_first_round,COL_2026,-2.1068300311315748e-07,2569,0.9676082862523541,True
A3,ACTIVE_RESULTS,NULL_B_BLOCK_TIME_PERMUTATION,39,colombia_runoff,COL_2026,-1.9359558960553975e-07,2561,0.9771079740557039,True
A3,ACTIVE_RESULTS,NULL_B_BLOCK_TIME_PERMUTATION,40,colombia_first_round,COL_2026,-2.688631434023922e-07,2571,0.9683615819209039,True
A3,ACTIVE_RESULTS,NULL_B_BLOCK_TIME_PERMUTATION,40,colombia_runoff,COL_2026,-1.0747704794821854e-07,2557,0.9755818389927509,True
A3,ACTIVE_RESULTS,NULL_B_BLOCK_TIME_PERMUTATION,41,colombia_first_round,COL_2026,-1.7578577797158157e-07,2559,0.9638418079096045,True
A3,ACTIVE_RESULTS,NULL_B_BLOCK_TIME_PERMUTATION,41,colombia_runoff,COL_2026,-1.543310170940714e-07,2553,0.9740557039297978,True
A3,ACTIVE_RESULTS,NULL_B_BLOCK_TIME_PERMUTATION,42,colombia_first_round,COL_2026,-1.6988308387652875e-07,2564,0.9657250470809793,True
A3,ACTIVE_RESULTS,NULL_B_BLOCK_TIME_PERMUTATION,42,colombia_runoff,COL_2026,-2.2599588695534998e-07,2557,0.9755818389927509,True
A3,ACTIVE_RESULTS,NULL_B_BLOCK_TIME_PERMUTATION,43,colombia_first_round,COL_2026,-1.1872398725279455e-07,2559,0.9638418079096045,True
A3,ACTIVE_RESULTS,NULL_B_BLOCK_TIME_PERMUTATION,43,colombia_runoff,COL_2026,-2.728058933872205e-07,2553,0.9740557039297978,True
A3,ACTIVE_RESULTS,NULL_B_BLOCK_TIME_PERMUTATION,44,colombia_first_round,COL_2026,-2.8057376342153793e-07,2564,0.9657250470809793,True
A3,ACTIVE_RESULTS,NULL_B_BLOCK_TIME_PERMUTATION,44,colombia_runoff,COL_2026,-1.7296521312234691e-07,2560,0.9767264402899657,True
A3,ACTIVE_RESULTS,NULL_B_BLOCK_TIME_PERMUTATION,45,colombia_first_round,COL_2026,-2.2255231592186886e-07,2566,0.9664783427495292,True
A3,ACTIVE_RESULTS,NULL_B_BLOCK_TIME_PERMUTATION,45,colombia_runoff,COL_2026,-1.626841659821186e-07,2573,0.9816863792445631,True
A3,ACTIVE_RESULTS,NULL_B_BLOCK_TIME_PERMUTATION,46,colombia_first_round,COL_2026,-2.152572974552555e-07,2569,0.9676082862523541,True
A3,ACTIVE_RESULTS,NULL_B_BLOCK_TIME_PERMUTATION,46,colombia_runoff,COL_2026,-2.223263926748305e-07,2557,0.9755818389927509,True
A3,ACTIVE_RESULTS,NULL_B_BLOCK_TIME_PERMUTATION,47,colombia_first_round,COL_2026,-1.4422304838393504e-07,2566,0.9664783427495292,True
A3,ACTIVE_RESULTS,NULL_B_BLOCK_TIME_PERMUTATION,47,colombia_runoff,COL_2026,-1.5941005079987094e-07,2558,0.9759633727584891,True
A3,ACTIVE_RESULTS,NULL_B_BLOCK_TIME_PERMUTATION,48,colombia_first_round,COL_2026,-2.2232214284795837e-07,2563,0.9653483992467043,True
A3,ACTIVE_RESULTS,NULL_B_BLOCK_TIME_PERMUTATION,48,colombia_runoff,COL_2026,-1.7829681170080142e-07,2567,0.9793971766501335,True
A3,ACTIVE_RESULTS,NULL_B_BLOCK_TIME_PERMUTATION,49,colombia_first_round,COL_2026,-5.436684027717613e-08,2572,0.9687382297551789,True
A3,ACTIVE_RESULTS,NULL_B_BLOCK_TIME_PERMUTATION,49,colombia_runoff,COL_2026,-1.672986813154421e-07,2558,0.9759633727584891,True
A3,ACTIVE_RESULTS,NULL_B_BLOCK_TIME_PERMUTATION,50,colombia_first_round,COL_2026,-1.7017901056514246e-07,2570,0.967984934086629,True
A3,ACTIVE_RESULTS,NULL_B_BLOCK_TIME_PERMUTATION,50,colombia_runoff,COL_2026,-1.1510757361486398e-07,2554,0.974437237695536,True
A3,ACTIVE_RESULTS,NULL_B_BLOCK_TIME_PERMUTATION,51,colombia_first_round,COL_2026,-2.369934254258744e-07,2565,0.9661016949152542,True
A3,ACTIVE_RESULTS,NULL_B_BLOCK_TIME_PERMUTATION,51,colombia_runoff,COL_2026,-1.300387461473784e-07,2566,0.9790156428843952,True
A3,ACTIVE_RESULTS,NULL_B_BLOCK_TIME_PERMUTATION,52,colombia_first_round,COL_2026,-1.6018152584495303e-07,2574,0.9694915254237289,True
A3,ACTIVE_RESULTS,NULL_B_BLOCK_TIME_PERMUTATION,52,colombia_runoff,COL_2026,-1.4590581635251137e-07,2571,0.9809233117130866,True
A3,ACTIVE_RESULTS,NULL_B_BLOCK_TIME_PERMUTATION,53,colombia_first_round,COL_2026,-1.2717723230670536e-07,2572,0.9687382297551789,True
A3,ACTIVE_RESULTS,NULL_B_BLOCK_TIME_PERMUTATION,53,colombia_runoff,COL_2026,-1.738581167480771e-07,2562,0.9774895078214422,True
A3,ACTIVE_RESULTS,NULL_B_BLOCK_TIME_PERMUTATION,54,colombia_first_round,COL_2026,-1.520578957315646e-07,2564,0.9657250470809793,True
A3,ACTIVE_RESULTS,NULL_B_BLOCK_TIME_PERMUTATION,54,colombia_runoff,COL_2026,-1.4031121129738116e-07,2561,0.9771079740557039,True
A3,ACTIVE_RESULTS,NULL_B_BLOCK_TIME_PERMUTATION,55,colombia_first_round,COL_2026,-2.221432458818562e-07,2561,0.9645951035781545,True
A3,ACTIVE_RESULTS,NULL_B_BLOCK_TIME_PERMUTATION,55,colombia_runoff,COL_2026,-2.18437723622615e-07,2559,0.9763449065242273,True
A3,ACTIVE_RESULTS,NULL_B_BLOCK_TIME_PERMUTATION,56,colombia_first_round,COL_2026,-4.2923620567033425e-07,2561,0.9645951035781545,True
A3,ACTIVE_RESULTS,NULL_B_BLOCK_TIME_PERMUTATION,56,colombia_runoff,COL_2026,-1.1226260038247776e-07,2558,0.9759633727584891,True
A3,ACTIVE_RESULTS,NULL_B_BLOCK_TIME_PERMUTATION,57,colombia_first_round,COL_2026,-2.2432487747007877e-07,2562,0.9649717514124294,True
A3,ACTIVE_RESULTS,NULL_B_BLOCK_TIME_PERMUTATION,57,colombia_runoff,COL_2026,-1.561980581290834e-07,2566,0.9790156428843952,True
A3,ACTIVE_RESULTS,NULL_B_BLOCK_TIME_PERMUTATION,58,colombia_first_round,COL_2026,-1.996211438220335e-07,2569,0.9676082862523541,True
A3,ACTIVE_RESULTS,NULL_B_BLOCK_TIME_PERMUTATION,58,colombia_runoff,COL_2026,-1.0071352498468478e-07,2556,0.9752003052270126,True
A3,ACTIVE_RESULTS,NULL_B_BLOCK_TIME_PERMUTATION,59,colombia_first_round,COL_2026,-1.6160379611447192e-07,2567,0.9668549905838042,True
A3,ACTIVE_RESULTS,NULL_B_BLOCK_TIME_PERMUTATION,59,colombia_runoff,COL_2026,-1.5851786317864258e-07,2556,0.9752003052270126,True
A3,ACTIVE_RESULTS,NULL_B_BLOCK_TIME_PERMUTATION,60,colombia_first_round,COL_2026,-2.845331906141606e-07,2567,0.9668549905838042,True
A3,ACTIVE_RESULTS,NULL_B_BLOCK_TIME_PERMUTATION,60,colombia_runoff,COL_2026,-2.10162916800954e-07,2563,0.9778710415871804,True
A3,ACTIVE_RESULTS,NULL_B_BLOCK_TIME_PERMUTATION,61,colombia_first_round,COL_2026,-1.939707360222523e-07,2565,0.9661016949152542,True
A3,ACTIVE_RESULTS,NULL_B_BLOCK_TIME_PERMUTATION,61,colombia_runoff,COL_2026,-1.7019584320682293e-07,2558,0.9759633727584891,True
A3,ACTIVE_RESULTS,NULL_B_BLOCK_TIME_PERMUTATION,62,colombia_first_round,COL_2026,-1.8427669025599455e-07,2568,0.9672316384180791,True
A3,ACTIVE_RESULTS,NULL_B_BLOCK_TIME_PERMUTATION,62,colombia_runoff,COL_2026,-1.8783234100930532e-07,2555,0.9748187714612743,True
A3,ACTIVE_RESULTS,NULL_B_BLOCK_TIME_PERMUTATION,63,colombia_first_round,COL_2026,-1.8746937011711243e-07,2578,0.9709981167608286,True
A3,ACTIVE_RESULTS,NULL_B_BLOCK_TIME_PERMUTATION,63,colombia_runoff,COL_2026,-8.164145799940944e-08,2560,0.9767264402899657,True
A3,ACTIVE_RESULTS,NULL_B_BLOCK_TIME_PERMUTATION,64,colombia_first_round,COL_2026,-9.929850206425498e-08,2575,0.9698681732580038,True
A3,ACTIVE_RESULTS,NULL_B_BLOCK_TIME_PERMUTATION,64,colombia_runoff,COL_2026,-6.478210916178033e-08,2555,0.9748187714612743,True
A3,ACTIVE_RESULTS,NULL_B_BLOCK_TIME_PERMUTATION,65,colombia_first_round,COL_2026,-1.0354247741814477e-07,2567,0.9668549905838042,True
A3,ACTIVE_RESULTS,NULL_B_BLOCK_TIME_PERMUTATION,65,colombia_runoff,COL_2026,-1.7369813014284016e-07,2563,0.9778710415871804,True
A3,ACTIVE_RESULTS,NULL_B_BLOCK_TIME_PERMUTATION,66,colombia_first_round,COL_2026,-2.1166295826008963e-07,2559,0.9638418079096045,True
A3,ACTIVE_RESULTS,NULL_B_BLOCK_TIME_PERMUTATION,66,colombia_runoff,COL_2026,-1.379865875123185e-07,2557,0.9755818389927509,True
A3,ACTIVE_RESULTS,NULL_B_BLOCK_TIME_PERMUTATION,67,colombia_first_round,COL_2026,-3.2867736694121473e-07,2561,0.9645951035781545,True
A3,ACTIVE_RESULTS,NULL_B_BLOCK_TIME_PERMUTATION,67,colombia_runoff,COL_2026,-9.683352541356005e-08,2558,0.9759633727584891,True
A3,ACTIVE_RESULTS,NULL_B_BLOCK_TIME_PERMUTATION,68,colombia_first_round,COL_2026,-3.2492308103061964e-07,2567,0.9668549905838042,True
A3,ACTIVE_RESULTS,NULL_B_BLOCK_TIME_PERMUTATION,68,colombia_runoff,COL_2026,-1.7728537918884598e-07,2564,0.9782525753529188,True
A3,ACTIVE_RESULTS,NULL_B_BLOCK_TIME_PERMUTATION,69,colombia_first_round,COL_2026,-4.232109192335409e-07,2569,0.9676082862523541,True
A3,ACTIVE_RESULTS,NULL_B_BLOCK_TIME_PERMUTATION,69,colombia_runoff,COL_2026,-1.591600185255739e-07,2562,0.9774895078214422,True
A3,ACTIVE_RESULTS,NULL_B_BLOCK_TIME_PERMUTATION,70,colombia_first_round,COL_2026,-2.0729047899072117e-07,2564,0.9657250470809793,True
A3,ACTIVE_RESULTS,NULL_B_BLOCK_TIME_PERMUTATION,70,colombia_runoff,COL_2026,-1.8873113661809208e-07,2558,0.9759633727584891,True
A3,ACTIVE_RESULTS,NULL_B_BLOCK_TIME_PERMUTATION,71,colombia_first_round,COL_2026,-3.3753973784474955e-07,2576,0.9702448210922787,True
A3,ACTIVE_RESULTS,NULL_B_BLOCK_TIME_PERMUTATION,71,colombia_runoff,COL_2026,-1.3062606022251508e-07,2554,0.974437237695536,True
A3,ACTIVE_RESULTS,NULL_B_BLOCK_TIME_PERMUTATION,72,colombia_first_round,COL_2026,-3.2091929787426313e-07,2567,0.9668549905838042,True
A3,ACTIVE_RESULTS,NULL_B_BLOCK_TIME_PERMUTATION,72,colombia_runoff,COL_2026,-1.3589927655167442e-07,2556,0.9752003052270126,True
A3,ACTIVE_RESULTS,NULL_B_BLOCK_TIME_PERMUTATION,73,colombia_first_round,COL_2026,-2.2372695681217333e-07,2563,0.9653483992467043,True
A3,ACTIVE_RESULTS,NULL_B_BLOCK_TIME_PERMUTATION,73,colombia_runoff,COL_2026,-1.9830546463116193e-07,2557,0.9755818389927509,True
A3,ACTIVE_RESULTS,NULL_B_BLOCK_TIME_PERMUTATION,74,colombia_first_round,COL_2026,-2.873730967165414e-07,2564,0.9657250470809793,True
A3,ACTIVE_RESULTS,NULL_B_BLOCK_TIME_PERMUTATION,74,colombia_runoff,COL_2026,-1.6288462349028806e-07,2563,0.9778710415871804,True
A3,ACTIVE_RESULTS,NULL_B_BLOCK_TIME_PERMUTATION,75,colombia_first_round,COL_2026,-1.3075400103708055e-07,2562,0.9649717514124294,True
A3,ACTIVE_RESULTS,NULL_B_BLOCK_TIME_PERMUTATION,75,colombia_runoff,COL_2026,-1.151781966897244e-07,2565,0.978634109118657,True
A3,ACTIVE_RESULTS,NULL_B_BLOCK_TIME_PERMUTATION,76,colombia_first_round,COL_2026,-2.187507738601166e-07,2569,0.9676082862523541,True
A3,ACTIVE_RESULTS,NULL_B_BLOCK_TIME_PERMUTATION,76,colombia_runoff,COL_2026,-4.982781313251788e-07,2562,0.9774895078214422,True
A3,ACTIVE_RESULTS,NULL_B_BLOCK_TIME_PERMUTATION,77,colombia_first_round,COL_2026,-2.1101605480536165e-07,2566,0.9664783427495292,True
A3,ACTIVE_RESULTS,NULL_B_BLOCK_TIME_PERMUTATION,77,colombia_runoff,COL_2026,-1.2807239339879688e-07,2563,0.9778710415871804,True
A3,ACTIVE_RESULTS,NULL_B_BLOCK_TIME_PERMUTATION,78,colombia_first_round,COL_2026,-2.617150074131525e-07,2561,0.9645951035781545,True
A3,ACTIVE_RESULTS,NULL_B_BLOCK_TIME_PERMUTATION,78,colombia_runoff,COL_2026,-1.2571037644526115e-07,2561,0.9771079740557039,True
A3,ACTIVE_RESULTS,NULL_B_BLOCK_TIME_PERMUTATION,79,colombia_first_round,COL_2026,-3.7951850799159334e-07,2571,0.9683615819209039,True
A3,ACTIVE_RESULTS,NULL_B_BLOCK_TIME_PERMUTATION,79,colombia_runoff,COL_2026,-1.1099896690232062e-07,2558,0.9759633727584891,True
A3,ACTIVE_RESULTS,NULL_B_BLOCK_TIME_PERMUTATION,80,colombia_first_round,COL_2026,-2.1917730747120645e-07,2560,0.9642184557438794,True
A3,ACTIVE_RESULTS,NULL_B_BLOCK_TIME_PERMUTATION,80,colombia_runoff,COL_2026,-1.5568028560611995e-07,2558,0.9759633727584891,True
A3,ACTIVE_RESULTS,NULL_B_BLOCK_TIME_PERMUTATION,81,colombia_first_round,COL_2026,-2.583882215585872e-07,2567,0.9668549905838042,True
A3,ACTIVE_RESULTS,NULL_B_BLOCK_TIME_PERMUTATION,81,colombia_runoff,COL_2026,-2.200096771780233e-07,2558,0.9759633727584891,True
A3,ACTIVE_RESULTS,NULL_B_BLOCK_TIME_PERMUTATION,82,colombia_first_round,COL_2026,-2.53260442355e-07,2565,0.9661016949152542,True
A3,ACTIVE_RESULTS,NULL_B_BLOCK_TIME_PERMUTATION,82,colombia_runoff,COL_2026,-1.2400460258287489e-07,2556,0.9752003052270126,True
A3,ACTIVE_RESULTS,NULL_B_BLOCK_TIME_PERMUTATION,83,colombia_first_round,COL_2026,-1.7402590093348566e-07,2568,0.9672316384180791,True
A3,ACTIVE_RESULTS,NULL_B_BLOCK_TIME_PERMUTATION,83,colombia_runoff,COL_2026,-1.5056179726137266e-07,2560,0.9767264402899657,True
A3,ACTIVE_RESULTS,NULL_B_BLOCK_TIME_PERMUTATION,84,colombia_first_round,COL_2026,-3.2891924753883956e-07,2564,0.9657250470809793,True
A3,ACTIVE_RESULTS,NULL_B_BLOCK_TIME_PERMUTATION,84,colombia_runoff,COL_2026,-1.311548366853555e-07,2558,0.9759633727584891,True
A3,ACTIVE_RESULTS,NULL_B_BLOCK_TIME_PERMUTATION,85,colombia_first_round,COL_2026,-3.1151387915492016e-07,2565,0.9661016949152542,True
A3,ACTIVE_RESULTS,NULL_B_BLOCK_TIME_PERMUTATION,85,colombia_runoff,COL_2026,-4.3103469691021594e-07,2555,0.9748187714612743,True
A3,ACTIVE_RESULTS,NULL_B_BLOCK_TIME_PERMUTATION,86,colombia_first_round,COL_2026,-7.254448072972199e-08,2561,0.9645951035781545,True
A3,ACTIVE_RESULTS,NULL_B_BLOCK_TIME_PERMUTATION,86,colombia_runoff,COL_2026,-1.6577675688222497e-07,2559,0.9763449065242273,True
A3,ACTIVE_RESULTS,NULL_B_BLOCK_TIME_PERMUTATION,87,colombia_first_round,COL_2026,-2.1809079304855493e-07,2567,0.9668549905838042,True
A3,ACTIVE_RESULTS,NULL_B_BLOCK_TIME_PERMUTATION,87,colombia_runoff,COL_2026,-9.087383153308251e-08,2555,0.9748187714612743,True
A3,ACTIVE_RESULTS,NULL_B_BLOCK_TIME_PERMUTATION,88,colombia_first_round,COL_2026,-2.1485709045152048e-07,2567,0.9668549905838042,True
A3,ACTIVE_RESULTS,NULL_B_BLOCK_TIME_PERMUTATION,88,colombia_runoff,COL_2026,-1.232074334288423e-07,2562,0.9774895078214422,True
A3,ACTIVE_RESULTS,NULL_B_BLOCK_TIME_PERMUTATION,89,colombia_first_round,COL_2026,-2.408500797951568e-07,2568,0.9672316384180791,True
A3,ACTIVE_RESULTS,NULL_B_BLOCK_TIME_PERMUTATION,89,colombia_runoff,COL_2026,-1.1499958511681224e-07,2563,0.9778710415871804,True
A3,ACTIVE_RESULTS,NULL_B_BLOCK_TIME_PERMUTATION,90,colombia_first_round,COL_2026,-4.537902524308539e-07,2570,0.967984934086629,True
A3,ACTIVE_RESULTS,NULL_B_BLOCK_TIME_PERMUTATION,90,colombia_runoff,COL_2026,-1.401710142597825e-07,2558,0.9759633727584891,True
A3,ACTIVE_RESULTS,NULL_B_BLOCK_TIME_PERMUTATION,91,colombia_first_round,COL_2026,-2.1520511837764054e-07,2560,0.9642184557438794,True
A3,ACTIVE_RESULTS,NULL_B_BLOCK_TIME_PERMUTATION,91,colombia_runoff,COL_2026,-1.8304426016932466e-07,2566,0.9790156428843952,True
A3,ACTIVE_RESULTS,NULL_B_BLOCK_TIME_PERMUTATION,92,colombia_first_round,COL_2026,-2.907861317320766e-07,2569,0.9676082862523541,True
A3,ACTIVE_RESULTS,NULL_B_BLOCK_TIME_PERMUTATION,92,colombia_runoff,COL_2026,-1.2474260262993354e-07,2561,0.9771079740557039,True
A3,ACTIVE_RESULTS,NULL_B_BLOCK_TIME_PERMUTATION,93,colombia_first_round,COL_2026,-2.724451977378619e-07,2564,0.9657250470809793,True
A3,ACTIVE_RESULTS,NULL_B_BLOCK_TIME_PERMUTATION,93,colombia_runoff,COL_2026,-2.194021337380273e-07,2558,0.9759633727584891,True
A3,ACTIVE_RESULTS,NULL_B_BLOCK_TIME_PERMUTATION,94,colombia_first_round,COL_2026,-7.62088531986928e-09,2574,0.9694915254237289,True
A3,ACTIVE_RESULTS,NULL_B_BLOCK_TIME_PERMUTATION,94,colombia_runoff,COL_2026,-1.4521733016550481e-07,2558,0.9759633727584891,True
A3,ACTIVE_RESULTS,NULL_B_BLOCK_TIME_PERMUTATION,95,colombia_first_round,COL_2026,-3.025768289960816e-07,2570,0.967984934086629,True
A3,ACTIVE_RESULTS,NULL_B_BLOCK_TIME_PERMUTATION,95,colombia_runoff,COL_2026,-1.686233388660515e-07,2556,0.9752003052270126,True
A3,ACTIVE_RESULTS,NULL_B_BLOCK_TIME_PERMUTATION,96,colombia_first_round,COL_2026,-2.672889114824942e-07,2560,0.9642184557438794,True
A3,ACTIVE_RESULTS,NULL_B_BLOCK_TIME_PERMUTATION,96,colombia_runoff,COL_2026,-1.9992375219868636e-07,2563,0.9778710415871804,True
A3,ACTIVE_RESULTS,NULL_B_BLOCK_TIME_PERMUTATION,97,colombia_first_round,COL_2026,-1.8478117589875608e-07,2568,0.9672316384180791,True
A3,ACTIVE_RESULTS,NULL_B_BLOCK_TIME_PERMUTATION,97,colombia_runoff,COL_2026,-2.1090158716226282e-07,2561,0.9771079740557039,True
A3,ACTIVE_RESULTS,NULL_B_BLOCK_TIME_PERMUTATION,98,colombia_first_round,COL_2026,-1.5301993174421801e-07,2563,0.9653483992467043,True
A3,ACTIVE_RESULTS,NULL_B_BLOCK_TIME_PERMUTATION,98,colombia_runoff,COL_2026,-2.179221101465903e-07,2560,0.9767264402899657,True
A3,ACTIVE_RESULTS,NULL_B_BLOCK_TIME_PERMUTATION,99,colombia_first_round,COL_2026,-1.6636262706176465e-07,2568,0.9672316384180791,True
A3,ACTIVE_RESULTS,NULL_B_BLOCK_TIME_PERMUTATION,99,colombia_runoff,COL_2026,-2.4388409237043504e-07,2566,0.9790156428843952,True
A3,ACTIVE_RESULTS,NULL_B_BLOCK_TIME_PERMUTATION,100,colombia_first_round,COL_2026,-1.9059449688788732e-07,2571,0.9683615819209039,True
A3,ACTIVE_RESULTS,NULL_B_BLOCK_TIME_PERMUTATION,100,colombia_runoff,COL_2026,-1.445103666731993e-07,2562,0.9774895078214422,True
A3,ACTIVE_RESULTS,NULL_B_BLOCK_TIME_PERMUTATION,101,colombia_first_round,COL_2026,-1.7672255479011721e-07,2569,0.9676082862523541,True
A3,ACTIVE_RESULTS,NULL_B_BLOCK_TIME_PERMUTATION,101,colombia_runoff,COL_2026,-1.25764619502911e-07,2559,0.9763449065242273,True
A3,ACTIVE_RESULTS,NULL_B_BLOCK_TIME_PERMUTATION,102,colombia_first_round,COL_2026,-1.1063268247358376e-07,2575,0.9698681732580038,True
A3,ACTIVE_RESULTS,NULL_B_BLOCK_TIME_PERMUTATION,102,colombia_runoff,COL_2026,-2.2299640079950475e-07,2558,0.9759633727584891,True
A3,ACTIVE_RESULTS,NULL_B_BLOCK_TIME_PERMUTATION,103,colombia_first_round,COL_2026,-2.5551988600689216e-07,2571,0.9683615819209039,True
A3,ACTIVE_RESULTS,NULL_B_BLOCK_TIME_PERMUTATION,103,colombia_runoff,COL_2026,-1.2546751088963594e-07,2560,0.9767264402899657,True
A3,ACTIVE_RESULTS,NULL_B_BLOCK_TIME_PERMUTATION,104,colombia_first_round,COL_2026,-1.7950221241008054e-07,2566,0.9664783427495292,True
A3,ACTIVE_RESULTS,NULL_B_BLOCK_TIME_PERMUTATION,104,colombia_runoff,COL_2026,-1.2392121644393132e-07,2570,0.9805417779473483,True
A3,ACTIVE_RESULTS,NULL_B_BLOCK_TIME_PERMUTATION,105,colombia_first_round,COL_2026,-1.2731788790678246e-07,2562,0.9649717514124294,True
A3,ACTIVE_RESULTS,NULL_B_BLOCK_TIME_PERMUTATION,105,colombia_runoff,COL_2026,-1.6750023008253243e-07,2557,0.9755818389927509,True
A3,ACTIVE_RESULTS,NULL_B_BLOCK_TIME_PERMUTATION,106,colombia_first_round,COL_2026,-3.4267969078610326e-07,2560,0.9642184557438794,True
A3,ACTIVE_RESULTS,NULL_B_BLOCK_TIME_PERMUTATION,106,colombia_runoff,COL_2026,-1.626936992120179e-07,2561,0.9771079740557039,True
A3,ACTIVE_RESULTS,NULL_B_BLOCK_TIME_PERMUTATION,107,colombia_first_round,COL_2026,-1.2494067960937512e-07,2564,0.9657250470809793,True
A3,ACTIVE_RESULTS,NULL_B_BLOCK_TIME_PERMUTATION,107,colombia_runoff,COL_2026,-1.1645758868339546e-07,2561,0.9771079740557039,True
A3,ACTIVE_RESULTS,NULL_B_BLOCK_TIME_PERMUTATION,108,colombia_first_round,COL_2026,-3.6522061320713983e-07,2567,0.9668549905838042,True
A3,ACTIVE_RESULTS,NULL_B_BLOCK_TIME_PERMUTATION,108,colombia_runoff,COL_2026,-1.4914402489200088e-07,2562,0.9774895078214422,True
A3,ACTIVE_RESULTS,NULL_B_BLOCK_TIME_PERMUTATION,109,colombia_first_round,COL_2026,-6.168982550890038e-08,2564,0.9657250470809793,True
A3,ACTIVE_RESULTS,NULL_B_BLOCK_TIME_PERMUTATION,109,colombia_runoff,COL_2026,-1.1891180707766169e-07,2561,0.9771079740557039,True
A3,ACTIVE_RESULTS,NULL_B_BLOCK_TIME_PERMUTATION,110,colombia_first_round,COL_2026,-2.2108711381484023e-07,2572,0.9687382297551789,True
A3,ACTIVE_RESULTS,NULL_B_BLOCK_TIME_PERMUTATION,110,colombia_runoff,COL_2026,-2.4124618153431054e-07,2557,0.9755818389927509,True
A3,ACTIVE_RESULTS,NULL_B_BLOCK_TIME_PERMUTATION,111,colombia_first_round,COL_2026,-3.97619072593117e-07,2564,0.9657250470809793,True
A3,ACTIVE_RESULTS,NULL_B_BLOCK_TIME_PERMUTATION,111,colombia_runoff,COL_2026,-1.2233481926537169e-07,2562,0.9774895078214422,True
A3,ACTIVE_RESULTS,NULL_B_BLOCK_TIME_PERMUTATION,112,colombia_first_round,COL_2026,-2.4866294614402514e-07,2567,0.9668549905838042,True
A3,ACTIVE_RESULTS,NULL_B_BLOCK_TIME_PERMUTATION,112,colombia_runoff,COL_2026,-1.1185281132174797e-07,2563,0.9778710415871804,True
A3,ACTIVE_RESULTS,NULL_B_BLOCK_TIME_PERMUTATION,113,colombia_first_round,COL_2026,-3.324801723146582e-07,2569,0.9676082862523541,True
A3,ACTIVE_RESULTS,NULL_B_BLOCK_TIME_PERMUTATION,113,colombia_runoff,COL_2026,-1.9635722649956647e-07,2563,0.9778710415871804,True
A3,ACTIVE_RESULTS,NULL_B_BLOCK_TIME_PERMUTATION,114,colombia_first_round,COL_2026,-2.7528712483034007e-07,2572,0.9687382297551789,True
A3,ACTIVE_RESULTS,NULL_B_BLOCK_TIME_PERMUTATION,114,colombia_runoff,COL_2026,-1.8563957799393775e-07,2561,0.9771079740557039,True
A3,ACTIVE_RESULTS,NULL_B_BLOCK_TIME_PERMUTATION,115,colombia_first_round,COL_2026,-2.0761863475289283e-07,2568,0.9672316384180791,True
A3,ACTIVE_RESULTS,NULL_B_BLOCK_TIME_PERMUTATION,115,colombia_runoff,COL_2026,-1.8917936074313706e-07,2556,0.9752003052270126,True
A3,ACTIVE_RESULTS,NULL_B_BLOCK_TIME_PERMUTATION,116,colombia_first_round,COL_2026,-7.943527408231496e-08,2564,0.9657250470809793,True
A3,ACTIVE_RESULTS,NULL_B_BLOCK_TIME_PERMUTATION,116,colombia_runoff,COL_2026,-9.792769691722555e-08,2570,0.9805417779473483,True
A3,ACTIVE_RESULTS,NULL_B_BLOCK_TIME_PERMUTATION,117,colombia_first_round,COL_2026,-2.816584935094813e-07,2560,0.9642184557438794,True
A3,ACTIVE_RESULTS,NULL_B_BLOCK_TIME_PERMUTATION,117,colombia_runoff,COL_2026,-1.2384209538872365e-07,2558,0.9759633727584891,True
A3,ACTIVE_RESULTS,NULL_B_BLOCK_TIME_PERMUTATION,118,colombia_first_round,COL_2026,-2.129147939632195e-07,2564,0.9657250470809793,True
A3,ACTIVE_RESULTS,NULL_B_BLOCK_TIME_PERMUTATION,118,colombia_runoff,COL_2026,-1.7821853526134582e-07,2561,0.9771079740557039,True
A3,ACTIVE_RESULTS,NULL_B_BLOCK_TIME_PERMUTATION,119,colombia_first_round,COL_2026,-3.0677087788618397e-07,2561,0.9645951035781545,True
A3,ACTIVE_RESULTS,NULL_B_BLOCK_TIME_PERMUTATION,119,colombia_runoff,COL_2026,-1.3258909832807625e-07,2562,0.9774895078214422,True
A3,ACTIVE_RESULTS,NULL_B_BLOCK_TIME_PERMUTATION,120,colombia_first_round,COL_2026,-2.1447970430959931e-07,2561,0.9645951035781545,True
A3,ACTIVE_RESULTS,NULL_B_BLOCK_TIME_PERMUTATION,120,colombia_runoff,COL_2026,-2.112968360433007e-07,2555,0.9748187714612743,True
A3,ACTIVE_RESULTS,NULL_B_BLOCK_TIME_PERMUTATION,121,colombia_first_round,COL_2026,-2.1702697796166416e-07,2572,0.9687382297551789,True
A3,ACTIVE_RESULTS,NULL_B_BLOCK_TIME_PERMUTATION,121,colombia_runoff,COL_2026,-1.029083212636658e-07,2556,0.9752003052270126,True
A3,ACTIVE_RESULTS,NULL_B_BLOCK_TIME_PERMUTATION,122,colombia_first_round,COL_2026,-4.956808921040647e-07,2566,0.9664783427495292,True
A3,ACTIVE_RESULTS,NULL_B_BLOCK_TIME_PERMUTATION,122,colombia_runoff,COL_2026,-2.0967880886564456e-07,2556,0.9752003052270126,True
A3,ACTIVE_RESULTS,NULL_B_BLOCK_TIME_PERMUTATION,123,colombia_first_round,COL_2026,-1.578553625230948e-07,2571,0.9683615819209039,True
A3,ACTIVE_RESULTS,NULL_B_BLOCK_TIME_PERMUTATION,123,colombia_runoff,COL_2026,-1.1895223215558565e-07,2562,0.9774895078214422,True
A3,ACTIVE_RESULTS,NULL_B_BLOCK_TIME_PERMUTATION,124,colombia_first_round,COL_2026,-5.24036892407876e-08,2564,0.9657250470809793,True
A3,ACTIVE_RESULTS,NULL_B_BLOCK_TIME_PERMUTATION,124,colombia_runoff,COL_2026,-1.9787303354638956e-07,2556,0.9752003052270126,True
A3,ACTIVE_RESULTS,NULL_B_BLOCK_TIME_PERMUTATION,125,colombia_first_round,COL_2026,-3.9020912523055395e-07,2564,0.9657250470809793,True
A3,ACTIVE_RESULTS,NULL_B_BLOCK_TIME_PERMUTATION,125,colombia_runoff,COL_2026,-1.2125954701335846e-07,2568,0.9797787104158718,True
A3,ACTIVE_RESULTS,NULL_B_BLOCK_TIME_PERMUTATION,126,colombia_first_round,COL_2026,-1.1027552971877531e-07,2564,0.9657250470809793,True
A3,ACTIVE_RESULTS,NULL_B_BLOCK_TIME_PERMUTATION,126,colombia_runoff,COL_2026,-1.8799022087043735e-07,2557,0.9755818389927509,True
A3,ACTIVE_RESULTS,NULL_B_BLOCK_TIME_PERMUTATION,127,colombia_first_round,COL_2026,-1.3241441099600674e-07,2559,0.9638418079096045,True
A3,ACTIVE_RESULTS,NULL_B_BLOCK_TIME_PERMUTATION,127,colombia_runoff,COL_2026,-1.2494070156615005e-07,2561,0.9771079740557039,True
A3,ACTIVE_RESULTS,NULL_B_BLOCK_TIME_PERMUTATION,128,colombia_first_round,COL_2026,-1.0646893666490957e-07,2561,0.9645951035781545,True
A3,ACTIVE_RESULTS,NULL_B_BLOCK_TIME_PERMUTATION,128,colombia_runoff,COL_2026,-1.4772529788281464e-07,2561,0.9771079740557039,True
A3,ACTIVE_RESULTS,NULL_B_BLOCK_TIME_PERMUTATION,129,colombia_first_round,COL_2026,-1.837947090330809e-07,2571,0.9683615819209039,True
A3,ACTIVE_RESULTS,NULL_B_BLOCK_TIME_PERMUTATION,129,colombia_runoff,COL_2026,-1.5161027397635376e-07,2568,0.9797787104158718,True
A3,ACTIVE_RESULTS,NULL_B_BLOCK_TIME_PERMUTATION,130,colombia_first_round,COL_2026,-3.919034244087071e-07,2561,0.9645951035781545,True
A3,ACTIVE_RESULTS,NULL_B_BLOCK_TIME_PERMUTATION,130,colombia_runoff,COL_2026,-1.4138568534765524e-07,2565,0.978634109118657,True
A3,ACTIVE_RESULTS,NULL_B_BLOCK_TIME_PERMUTATION,131,colombia_first_round,COL_2026,-2.1551060519441198e-07,2573,0.9691148775894539,True
A3,ACTIVE_RESULTS,NULL_B_BLOCK_TIME_PERMUTATION,131,colombia_runoff,COL_2026,-1.0191848464015442e-07,2567,0.9793971766501335,True
A3,ACTIVE_RESULTS,NULL_B_BLOCK_TIME_PERMUTATION,132,colombia_first_round,COL_2026,-3.6082665424191634e-07,2571,0.9683615819209039,True
A3,ACTIVE_RESULTS,NULL_B_BLOCK_TIME_PERMUTATION,132,colombia_runoff,COL_2026,-8.347101316295507e-08,2566,0.9790156428843952,True
A3,ACTIVE_RESULTS,NULL_B_BLOCK_TIME_PERMUTATION,133,colombia_first_round,COL_2026,-1.824085463073599e-07,2560,0.9642184557438794,True
A3,ACTIVE_RESULTS,NULL_B_BLOCK_TIME_PERMUTATION,133,colombia_runoff,COL_2026,-1.3662088923670903e-07,2558,0.9759633727584891,True
A3,ACTIVE_RESULTS,NULL_B_BLOCK_TIME_PERMUTATION,134,colombia_first_round,COL_2026,-2.458529217359313e-07,2575,0.9698681732580038,True
A3,ACTIVE_RESULTS,NULL_B_BLOCK_TIME_PERMUTATION,134,colombia_runoff,COL_2026,-1.671592640442328e-07,2560,0.9767264402899657,True
A3,ACTIVE_RESULTS,NULL_B_BLOCK_TIME_PERMUTATION,135,colombia_first_round,COL_2026,-3.176064052295548e-07,2566,0.9664783427495292,True
A3,ACTIVE_RESULTS,NULL_B_BLOCK_TIME_PERMUTATION,135,colombia_runoff,COL_2026,-3.0266067422903596e-07,2564,0.9782525753529188,True
A3,ACTIVE_RESULTS,NULL_B_BLOCK_TIME_PERMUTATION,136,colombia_first_round,COL_2026,-6.539504714277563e-08,2566,0.9664783427495292,True
A3,ACTIVE_RESULTS,NULL_B_BLOCK_TIME_PERMUTATION,136,colombia_runoff,COL_2026,-1.2885388637901967e-07,2568,0.9797787104158718,True
A3,ACTIVE_RESULTS,NULL_B_BLOCK_TIME_PERMUTATION,137,colombia_first_round,COL_2026,-3.557088568811135e-07,2569,0.9676082862523541,True
A3,ACTIVE_RESULTS,NULL_B_BLOCK_TIME_PERMUTATION,137,colombia_runoff,COL_2026,-1.1765200644722484e-07,2558,0.9759633727584891,True
A3,ACTIVE_RESULTS,NULL_B_BLOCK_TIME_PERMUTATION,138,colombia_first_round,COL_2026,-1.6389194643434625e-07,2565,0.9661016949152542,True
A3,ACTIVE_RESULTS,NULL_B_BLOCK_TIME_PERMUTATION,138,colombia_runoff,COL_2026,-1.138044424719946e-07,2561,0.9771079740557039,True
A3,ACTIVE_RESULTS,NULL_B_BLOCK_TIME_PERMUTATION,139,colombia_first_round,COL_2026,-2.8472681140135085e-07,2561,0.9645951035781545,True
A3,ACTIVE_RESULTS,NULL_B_BLOCK_TIME_PERMUTATION,139,colombia_runoff,COL_2026,-1.6780066094994022e-07,2560,0.9767264402899657,True
A3,ACTIVE_RESULTS,NULL_B_BLOCK_TIME_PERMUTATION,140,colombia_first_round,COL_2026,-2.0869444331751292e-07,2565,0.9661016949152542,True
A3,ACTIVE_RESULTS,NULL_B_BLOCK_TIME_PERMUTATION,140,colombia_runoff,COL_2026,-1.2550490088218682e-07,2558,0.9759633727584891,True
A3,ACTIVE_RESULTS,NULL_B_BLOCK_TIME_PERMUTATION,141,colombia_first_round,COL_2026,-2.2324302697397677e-07,2563,0.9653483992467043,True
A3,ACTIVE_RESULTS,NULL_B_BLOCK_TIME_PERMUTATION,141,colombia_runoff,COL_2026,-1.5645810817660317e-07,2556,0.9752003052270126,True
A3,ACTIVE_RESULTS,NULL_B_BLOCK_TIME_PERMUTATION,142,colombia_first_round,COL_2026,-2.956017995199618e-07,2564,0.9657250470809793,True
A3,ACTIVE_RESULTS,NULL_B_BLOCK_TIME_PERMUTATION,142,colombia_runoff,COL_2026,-1.6319780985020887e-07,2561,0.9771079740557039,True
A3,ACTIVE_RESULTS,NULL_B_BLOCK_TIME_PERMUTATION,143,colombia_first_round,COL_2026,-1.738626603829578e-07,2561,0.9645951035781545,True
A3,ACTIVE_RESULTS,NULL_B_BLOCK_TIME_PERMUTATION,143,colombia_runoff,COL_2026,-1.7727370573489636e-07,2557,0.9755818389927509,True
A3,ACTIVE_RESULTS,NULL_B_BLOCK_TIME_PERMUTATION,144,colombia_first_round,COL_2026,-2.364033592257296e-07,2562,0.9649717514124294,True
A3,ACTIVE_RESULTS,NULL_B_BLOCK_TIME_PERMUTATION,144,colombia_runoff,COL_2026,-2.1908490104037882e-07,2557,0.9755818389927509,True
A3,ACTIVE_RESULTS,NULL_B_BLOCK_TIME_PERMUTATION,145,colombia_first_round,COL_2026,-3.9275941292700346e-07,2566,0.9664783427495292,True
A3,ACTIVE_RESULTS,NULL_B_BLOCK_TIME_PERMUTATION,145,colombia_runoff,COL_2026,-1.4743047080458395e-07,2559,0.9763449065242273,True
A3,ACTIVE_RESULTS,NULL_B_BLOCK_TIME_PERMUTATION,146,colombia_first_round,COL_2026,-7.699364032996007e-08,2563,0.9653483992467043,True
A3,ACTIVE_RESULTS,NULL_B_BLOCK_TIME_PERMUTATION,146,colombia_runoff,COL_2026,-1.678287278557265e-07,2559,0.9763449065242273,True
A3,ACTIVE_RESULTS,NULL_B_BLOCK_TIME_PERMUTATION,147,colombia_first_round,COL_2026,-2.067118909621877e-08,2570,0.967984934086629,True
A3,ACTIVE_RESULTS,NULL_B_BLOCK_TIME_PERMUTATION,147,colombia_runoff,COL_2026,-1.7864317234404857e-07,2561,0.9771079740557039,True
A3,ACTIVE_RESULTS,NULL_B_BLOCK_TIME_PERMUTATION,148,colombia_first_round,COL_2026,-2.432532141813639e-07,2564,0.9657250470809793,True
A3,ACTIVE_RESULTS,NULL_B_BLOCK_TIME_PERMUTATION,148,colombia_runoff,COL_2026,-1.4027926569605993e-07,2557,0.9755818389927509,True
A3,ACTIVE_RESULTS,NULL_B_BLOCK_TIME_PERMUTATION,149,colombia_first_round,COL_2026,-2.4306800085716623e-07,2572,0.9687382297551789,True
A3,ACTIVE_RESULTS,NULL_B_BLOCK_TIME_PERMUTATION,149,colombia_runoff,COL_2026,-1.155738251490467e-07,2563,0.9778710415871804,True
A3,ACTIVE_RESULTS,NULL_B_BLOCK_TIME_PERMUTATION,150,colombia_first_round,COL_2026,-2.976921111217652e-07,2561,0.9645951035781545,True
A3,ACTIVE_RESULTS,NULL_B_BLOCK_TIME_PERMUTATION,150,colombia_runoff,COL_2026,-1.715685201392585e-07,2562,0.9774895078214422,True
A3,ACTIVE_RESULTS,NULL_B_BLOCK_TIME_PERMUTATION,151,colombia_first_round,COL_2026,-1.310107536072892e-07,2571,0.9683615819209039,True
A3,ACTIVE_RESULTS,NULL_B_BLOCK_TIME_PERMUTATION,151,colombia_runoff,COL_2026,-2.3215483413859061e-07,2555,0.9748187714612743,True
A3,ACTIVE_RESULTS,NULL_B_BLOCK_TIME_PERMUTATION,152,colombia_first_round,COL_2026,-2.3885964046076017e-07,2564,0.9657250470809793,True
A3,ACTIVE_RESULTS,NULL_B_BLOCK_TIME_PERMUTATION,152,colombia_runoff,COL_2026,-1.6384652253550716e-07,2560,0.9767264402899657,True
A3,ACTIVE_RESULTS,NULL_B_BLOCK_TIME_PERMUTATION,153,colombia_first_round,COL_2026,-3.1403799979766974e-07,2562,0.9649717514124294,True
A3,ACTIVE_RESULTS,NULL_B_BLOCK_TIME_PERMUTATION,153,colombia_runoff,COL_2026,-2.2320993627832092e-07,2562,0.9774895078214422,True
A3,ACTIVE_RESULTS,NULL_B_BLOCK_TIME_PERMUTATION,154,colombia_first_round,COL_2026,-2.6592607813505116e-07,2562,0.9649717514124294,True
A3,ACTIVE_RESULTS,NULL_B_BLOCK_TIME_PERMUTATION,154,colombia_runoff,COL_2026,-1.6058733449437269e-07,2560,0.9767264402899657,True
A3,ACTIVE_RESULTS,NULL_B_BLOCK_TIME_PERMUTATION,155,colombia_first_round,COL_2026,-1.8397735422410805e-07,2563,0.9653483992467043,True
A3,ACTIVE_RESULTS,NULL_B_BLOCK_TIME_PERMUTATION,155,colombia_runoff,COL_2026,-1.7235723429807694e-07,2560,0.9767264402899657,True
A3,ACTIVE_RESULTS,NULL_B_BLOCK_TIME_PERMUTATION,156,colombia_first_round,COL_2026,-2.1622808209781256e-07,2562,0.9649717514124294,True
A3,ACTIVE_RESULTS,NULL_B_BLOCK_TIME_PERMUTATION,156,colombia_runoff,COL_2026,-1.335704616569043e-07,2562,0.9774895078214422,True
A3,ACTIVE_RESULTS,NULL_B_BLOCK_TIME_PERMUTATION,157,colombia_first_round,COL_2026,-1.1908960299847018e-07,2565,0.9661016949152542,True
A3,ACTIVE_RESULTS,NULL_B_BLOCK_TIME_PERMUTATION,157,colombia_runoff,COL_2026,-1.8159766283020397e-07,2566,0.9790156428843952,True
A3,ACTIVE_RESULTS,NULL_B_BLOCK_TIME_PERMUTATION,158,colombia_first_round,COL_2026,-2.2896654787956297e-07,2564,0.9657250470809793,True
A3,ACTIVE_RESULTS,NULL_B_BLOCK_TIME_PERMUTATION,158,colombia_runoff,COL_2026,-1.74474490867428e-07,2563,0.9778710415871804,True
A3,ACTIVE_RESULTS,NULL_B_BLOCK_TIME_PERMUTATION,159,colombia_first_round,COL_2026,-5.045340780531515e-08,2568,0.9672316384180791,True
A3,ACTIVE_RESULTS,NULL_B_BLOCK_TIME_PERMUTATION,159,colombia_runoff,COL_2026,-1.9480064031901962e-07,2559,0.9763449065242273,True
A3,ACTIVE_RESULTS,NULL_B_BLOCK_TIME_PERMUTATION,160,colombia_first_round,COL_2026,-2.03838489260116e-07,2563,0.9653483992467043,True
A3,ACTIVE_RESULTS,NULL_B_BLOCK_TIME_PERMUTATION,160,colombia_runoff,COL_2026,-8.591290283745904e-08,2568,0.9797787104158718,True
A3,ACTIVE_RESULTS,NULL_B_BLOCK_TIME_PERMUTATION,161,colombia_first_round,COL_2026,-2.620260528803038e-07,2560,0.9642184557438794,True
A3,ACTIVE_RESULTS,NULL_B_BLOCK_TIME_PERMUTATION,161,colombia_runoff,COL_2026,-9.091934889193643e-08,2557,0.9755818389927509,True
A3,ACTIVE_RESULTS,NULL_B_BLOCK_TIME_PERMUTATION,162,colombia_first_round,COL_2026,-1.289666724533246e-07,2571,0.9683615819209039,True
A3,ACTIVE_RESULTS,NULL_B_BLOCK_TIME_PERMUTATION,162,colombia_runoff,COL_2026,-1.51313818824067e-07,2557,0.9755818389927509,True
A3,ACTIVE_RESULTS,NULL_B_BLOCK_TIME_PERMUTATION,163,colombia_first_round,COL_2026,-1.9342153438012478e-07,2561,0.9645951035781545,True
A3,ACTIVE_RESULTS,NULL_B_BLOCK_TIME_PERMUTATION,163,colombia_runoff,COL_2026,-1.4182233560716622e-07,2568,0.9797787104158718,True
A3,ACTIVE_RESULTS,NULL_B_BLOCK_TIME_PERMUTATION,164,colombia_first_round,COL_2026,-3.020525840308777e-07,2562,0.9649717514124294,True
A3,ACTIVE_RESULTS,NULL_B_BLOCK_TIME_PERMUTATION,164,colombia_runoff,COL_2026,-1.35545267563862e-07,2563,0.9778710415871804,True
A3,ACTIVE_RESULTS,NULL_B_BLOCK_TIME_PERMUTATION,165,colombia_first_round,COL_2026,-2.2555076930988239e-07,2579,0.9713747645951035,True
A3,ACTIVE_RESULTS,NULL_B_BLOCK_TIME_PERMUTATION,165,colombia_runoff,COL_2026,-2.514693313095252e-07,2563,0.9778710415871804,True
A3,ACTIVE_RESULTS,NULL_B_BLOCK_TIME_PERMUTATION,166,colombia_first_round,COL_2026,-1.2994777670004806e-07,2568,0.9672316384180791,True
A3,ACTIVE_RESULTS,NULL_B_BLOCK_TIME_PERMUTATION,166,colombia_runoff,COL_2026,-2.6696987567372644e-07,2560,0.9767264402899657,True
A3,ACTIVE_RESULTS,NULL_B_BLOCK_TIME_PERMUTATION,167,colombia_first_round,COL_2026,-2.565928929221989e-07,2563,0.9653483992467043,True
A3,ACTIVE_RESULTS,NULL_B_BLOCK_TIME_PERMUTATION,167,colombia_runoff,COL_2026,-2.1411239656396667e-07,2557,0.9755818389927509,True
A3,ACTIVE_RESULTS,NULL_B_BLOCK_TIME_PERMUTATION,168,colombia_first_round,COL_2026,-2.0646250499569188e-07,2563,0.9653483992467043,True
A3,ACTIVE_RESULTS,NULL_B_BLOCK_TIME_PERMUTATION,168,colombia_runoff,COL_2026,-1.3797798203404962e-07,2568,0.9797787104158718,True
A3,ACTIVE_RESULTS,NULL_B_BLOCK_TIME_PERMUTATION,169,colombia_first_round,COL_2026,-4.943118535521708e-08,2565,0.9661016949152542,True
A3,ACTIVE_RESULTS,NULL_B_BLOCK_TIME_PERMUTATION,169,colombia_runoff,COL_2026,-1.5708773496054968e-07,2556,0.9752003052270126,True
A3,ACTIVE_RESULTS,NULL_B_BLOCK_TIME_PERMUTATION,170,colombia_first_round,COL_2026,-2.315996332476812e-07,2567,0.9668549905838042,True
A3,ACTIVE_RESULTS,NULL_B_BLOCK_TIME_PERMUTATION,170,colombia_runoff,COL_2026,-1.148497323478158e-07,2560,0.9767264402899657,True
A3,ACTIVE_RESULTS,NULL_B_BLOCK_TIME_PERMUTATION,171,colombia_first_round,COL_2026,-2.547016306056265e-07,2562,0.9649717514124294,True
A3,ACTIVE_RESULTS,NULL_B_BLOCK_TIME_PERMUTATION,171,colombia_runoff,COL_2026,-2.81301210378353e-07,2558,0.9759633727584891,True
A3,ACTIVE_RESULTS,NULL_B_BLOCK_TIME_PERMUTATION,172,colombia_first_round,COL_2026,-1.6870638965180197e-07,2564,0.9657250470809793,True
A3,ACTIVE_RESULTS,NULL_B_BLOCK_TIME_PERMUTATION,172,colombia_runoff,COL_2026,-2.0892552155698172e-07,2568,0.9797787104158718,True
A3,ACTIVE_RESULTS,NULL_B_BLOCK_TIME_PERMUTATION,173,colombia_first_round,COL_2026,-1.1528652846621945e-07,2581,0.9721280602636535,True
A3,ACTIVE_RESULTS,NULL_B_BLOCK_TIME_PERMUTATION,173,colombia_runoff,COL_2026,-9.946234183608773e-08,2558,0.9759633727584891,True
A3,ACTIVE_RESULTS,NULL_B_BLOCK_TIME_PERMUTATION,174,colombia_first_round,COL_2026,-1.382914816353966e-07,2568,0.9672316384180791,True
A3,ACTIVE_RESULTS,NULL_B_BLOCK_TIME_PERMUTATION,174,colombia_runoff,COL_2026,-7.858108546879893e-08,2564,0.9782525753529188,True
A3,ACTIVE_RESULTS,NULL_B_BLOCK_TIME_PERMUTATION,175,colombia_first_round,COL_2026,-1.3717310548239065e-07,2565,0.9661016949152542,True
A3,ACTIVE_RESULTS,NULL_B_BLOCK_TIME_PERMUTATION,175,colombia_runoff,COL_2026,-1.1639584005865894e-07,2555,0.9748187714612743,True
A3,ACTIVE_RESULTS,NULL_B_BLOCK_TIME_PERMUTATION,176,colombia_first_round,COL_2026,-1.2468367137719352e-07,2561,0.9645951035781545,True
A3,ACTIVE_RESULTS,NULL_B_BLOCK_TIME_PERMUTATION,176,colombia_runoff,COL_2026,-1.533626811553678e-07,2566,0.9790156428843952,True
A3,ACTIVE_RESULTS,NULL_B_BLOCK_TIME_PERMUTATION,177,colombia_first_round,COL_2026,-2.2038126127695536e-07,2566,0.9664783427495292,True
A3,ACTIVE_RESULTS,NULL_B_BLOCK_TIME_PERMUTATION,177,colombia_runoff,COL_2026,-8.292869899102432e-08,2559,0.9763449065242273,True
A3,ACTIVE_RESULTS,NULL_B_BLOCK_TIME_PERMUTATION,178,colombia_first_round,COL_2026,-2.9704989181518547e-07,2568,0.9672316384180791,True
A3,ACTIVE_RESULTS,NULL_B_BLOCK_TIME_PERMUTATION,178,colombia_runoff,COL_2026,-2.3678945161387332e-07,2555,0.9748187714612743,True
A3,ACTIVE_RESULTS,NULL_B_BLOCK_TIME_PERMUTATION,179,colombia_first_round,COL_2026,-2.2332045476475674e-07,2577,0.9706214689265537,True
A3,ACTIVE_RESULTS,NULL_B_BLOCK_TIME_PERMUTATION,179,colombia_runoff,COL_2026,-1.1514617261820526e-07,2561,0.9771079740557039,True
A3,ACTIVE_RESULTS,NULL_B_BLOCK_TIME_PERMUTATION,180,colombia_first_round,COL_2026,-3.516635831914829e-07,2574,0.9694915254237289,True
A3,ACTIVE_RESULTS,NULL_B_BLOCK_TIME_PERMUTATION,180,colombia_runoff,COL_2026,-1.8584001923675396e-07,2561,0.9771079740557039,True
A3,ACTIVE_RESULTS,NULL_B_BLOCK_TIME_PERMUTATION,181,colombia_first_round,COL_2026,-2.6962279071495575e-07,2570,0.967984934086629,True
A3,ACTIVE_RESULTS,NULL_B_BLOCK_TIME_PERMUTATION,181,colombia_runoff,COL_2026,-1.0927146836811417e-07,2560,0.9767264402899657,True
A3,ACTIVE_RESULTS,NULL_B_BLOCK_TIME_PERMUTATION,182,colombia_first_round,COL_2026,-5.03638365899908e-07,2573,0.9691148775894539,True
A3,ACTIVE_RESULTS,NULL_B_BLOCK_TIME_PERMUTATION,182,colombia_runoff,COL_2026,-1.3077772670875839e-07,2562,0.9774895078214422,True
A3,ACTIVE_RESULTS,NULL_B_BLOCK_TIME_PERMUTATION,183,colombia_first_round,COL_2026,-1.2552931087827758e-07,2562,0.9649717514124294,True
A3,ACTIVE_RESULTS,NULL_B_BLOCK_TIME_PERMUTATION,183,colombia_runoff,COL_2026,-1.9891733383643444e-07,2562,0.9774895078214422,True
A3,ACTIVE_RESULTS,NULL_B_BLOCK_TIME_PERMUTATION,184,colombia_first_round,COL_2026,-9.931151242083084e-08,2568,0.9672316384180791,True
A3,ACTIVE_RESULTS,NULL_B_BLOCK_TIME_PERMUTATION,184,colombia_runoff,COL_2026,-3.2331009541463875e-07,2558,0.9759633727584891,True
A3,ACTIVE_RESULTS,NULL_B_BLOCK_TIME_PERMUTATION,185,colombia_first_round,COL_2026,-1.2030400154800654e-07,2558,0.9634651600753296,True
A3,ACTIVE_RESULTS,NULL_B_BLOCK_TIME_PERMUTATION,185,colombia_runoff,COL_2026,-1.0917628409397756e-07,2568,0.9797787104158718,True
A3,ACTIVE_RESULTS,NULL_B_BLOCK_TIME_PERMUTATION,186,colombia_first_round,COL_2026,-2.803322032197734e-07,2561,0.9645951035781545,True
A3,ACTIVE_RESULTS,NULL_B_BLOCK_TIME_PERMUTATION,186,colombia_runoff,COL_2026,-2.1477062689657909e-07,2555,0.9748187714612743,True
A3,ACTIVE_RESULTS,NULL_B_BLOCK_TIME_PERMUTATION,187,colombia_first_round,COL_2026,-3.532973414253334e-07,2560,0.9642184557438794,True
A3,ACTIVE_RESULTS,NULL_B_BLOCK_TIME_PERMUTATION,187,colombia_runoff,COL_2026,-1.4799992796164683e-07,2566,0.9790156428843952,True
A3,ACTIVE_RESULTS,NULL_B_BLOCK_TIME_PERMUTATION,188,colombia_first_round,COL_2026,-1.0266113369204564e-07,2562,0.9649717514124294,True
A3,ACTIVE_RESULTS,NULL_B_BLOCK_TIME_PERMUTATION,188,colombia_runoff,COL_2026,-1.3744352150930858e-07,2562,0.9774895078214422,True
A3,ACTIVE_RESULTS,NULL_B_BLOCK_TIME_PERMUTATION,189,colombia_first_round,COL_2026,-2.8682995129036995e-07,2568,0.9672316384180791,True
A3,ACTIVE_RESULTS,NULL_B_BLOCK_TIME_PERMUTATION,189,colombia_runoff,COL_2026,-1.1857874863561956e-07,2562,0.9774895078214422,True
A3,ACTIVE_RESULTS,NULL_B_BLOCK_TIME_PERMUTATION,190,colombia_first_round,COL_2026,-1.344498501584368e-07,2566,0.9664783427495292,True
A3,ACTIVE_RESULTS,NULL_B_BLOCK_TIME_PERMUTATION,190,colombia_runoff,COL_2026,-1.7487380262709264e-07,2558,0.9759633727584891,True
A3,ACTIVE_RESULTS,NULL_B_BLOCK_TIME_PERMUTATION,191,colombia_first_round,COL_2026,-2.2922705215213744e-07,2565,0.9661016949152542,True
A3,ACTIVE_RESULTS,NULL_B_BLOCK_TIME_PERMUTATION,191,colombia_runoff,COL_2026,-1.0069933113829015e-07,2563,0.9778710415871804,True
A3,ACTIVE_RESULTS,NULL_B_BLOCK_TIME_PERMUTATION,192,colombia_first_round,COL_2026,-1.1779436736661826e-07,2574,0.9694915254237289,True
A3,ACTIVE_RESULTS,NULL_B_BLOCK_TIME_PERMUTATION,192,colombia_runoff,COL_2026,-1.4295042200702771e-07,2563,0.9778710415871804,True
A3,ACTIVE_RESULTS,NULL_B_BLOCK_TIME_PERMUTATION,193,colombia_first_round,COL_2026,-1.4507444229341045e-07,2563,0.9653483992467043,True
A3,ACTIVE_RESULTS,NULL_B_BLOCK_TIME_PERMUTATION,193,colombia_runoff,COL_2026,-1.8609333619995608e-07,2563,0.9778710415871804,True
A3,ACTIVE_RESULTS,NULL_B_BLOCK_TIME_PERMUTATION,194,colombia_first_round,COL_2026,-2.660226698873598e-07,2564,0.9657250470809793,True
A3,ACTIVE_RESULTS,NULL_B_BLOCK_TIME_PERMUTATION,194,colombia_runoff,COL_2026,-2.190583028962643e-07,2563,0.9778710415871804,True
A3,ACTIVE_RESULTS,NULL_B_BLOCK_TIME_PERMUTATION,195,colombia_first_round,COL_2026,-7.404311063917567e-08,2572,0.9687382297551789,True
A3,ACTIVE_RESULTS,NULL_B_BLOCK_TIME_PERMUTATION,195,colombia_runoff,COL_2026,-1.1771840866281198e-07,2562,0.9774895078214422,True
A3,ACTIVE_RESULTS,NULL_B_BLOCK_TIME_PERMUTATION,196,colombia_first_round,COL_2026,-2.857791312117308e-07,2571,0.9683615819209039,True
A3,ACTIVE_RESULTS,NULL_B_BLOCK_TIME_PERMUTATION,196,colombia_runoff,COL_2026,-2.0755749075272926e-07,2558,0.9759633727584891,True
A3,ACTIVE_RESULTS,NULL_B_BLOCK_TIME_PERMUTATION,197,colombia_first_round,COL_2026,-5.516687156060066e-07,2567,0.9668549905838042,True
A3,ACTIVE_RESULTS,NULL_B_BLOCK_TIME_PERMUTATION,197,colombia_runoff,COL_2026,-1.1493960179991264e-07,2553,0.9740557039297978,True
A3,ACTIVE_RESULTS,NULL_B_BLOCK_TIME_PERMUTATION,198,colombia_first_round,COL_2026,-2.228536914015227e-07,2567,0.9668549905838042,True
A3,ACTIVE_RESULTS,NULL_B_BLOCK_TIME_PERMUTATION,198,colombia_runoff,COL_2026,-2.1446895900670593e-07,2557,0.9755818389927509,True
A3,ACTIVE_RESULTS,NULL_B_BLOCK_TIME_PERMUTATION,199,colombia_first_round,COL_2026,-1.919825367931483e-07,2571,0.9683615819209039,True
A3,ACTIVE_RESULTS,NULL_B_BLOCK_TIME_PERMUTATION,199,colombia_runoff,COL_2026,-1.2750391347349137e-07,2566,0.9790156428843952,True
A3,ACTIVE_RESULTS,NULL_B_BLOCK_TIME_PERMUTATION,200,colombia_first_round,COL_2026,-4.401989150950041e-07,2563,0.9653483992467043,True
A3,ACTIVE_RESULTS,NULL_B_BLOCK_TIME_PERMUTATION,200,colombia_runoff,COL_2026,-1.210370325298645e-07,2563,0.9778710415871804,True
A3,ACTIVE_RESULTS,NULL_B_BLOCK_TIME_PERMUTATION,201,colombia_first_round,COL_2026,-1.6726465614153304e-07,2571,0.9683615819209039,True
A3,ACTIVE_RESULTS,NULL_B_BLOCK_TIME_PERMUTATION,201,colombia_runoff,COL_2026,-1.6395766239237995e-07,2564,0.9782525753529188,True
A3,ACTIVE_RESULTS,NULL_B_BLOCK_TIME_PERMUTATION,202,colombia_first_round,COL_2026,-2.9168352393059756e-07,2563,0.9653483992467043,True
A3,ACTIVE_RESULTS,NULL_B_BLOCK_TIME_PERMUTATION,202,colombia_runoff,COL_2026,-2.0646057125171317e-07,2560,0.9767264402899657,True
A3,ACTIVE_RESULTS,NULL_B_BLOCK_TIME_PERMUTATION,203,colombia_first_round,COL_2026,-1.9756854129493067e-07,2565,0.9661016949152542,True
A3,ACTIVE_RESULTS,NULL_B_BLOCK_TIME_PERMUTATION,203,colombia_runoff,COL_2026,-1.2582543216227485e-07,2561,0.9771079740557039,True
A3,ACTIVE_RESULTS,NULL_B_BLOCK_TIME_PERMUTATION,204,colombia_first_round,COL_2026,-1.7306758542945134e-07,2563,0.9653483992467043,True
A3,ACTIVE_RESULTS,NULL_B_BLOCK_TIME_PERMUTATION,204,colombia_runoff,COL_2026,-1.6083325814261722e-07,2562,0.9774895078214422,True
A3,ACTIVE_RESULTS,NULL_B_BLOCK_TIME_PERMUTATION,205,colombia_first_round,COL_2026,-4.5159622804880977e-07,2567,0.9668549905838042,True
A3,ACTIVE_RESULTS,NULL_B_BLOCK_TIME_PERMUTATION,205,colombia_runoff,COL_2026,-1.5098090770777988e-07,2558,0.9759633727584891,True
A3,ACTIVE_RESULTS,NULL_B_BLOCK_TIME_PERMUTATION,206,colombia_first_round,COL_2026,-1.4976996241096082e-07,2561,0.9645951035781545,True
A3,ACTIVE_RESULTS,NULL_B_BLOCK_TIME_PERMUTATION,206,colombia_runoff,COL_2026,-1.0477669506225405e-07,2560,0.9767264402899657,True
A3,ACTIVE_RESULTS,NULL_B_BLOCK_TIME_PERMUTATION,207,colombia_first_round,COL_2026,-6.636353833949291e-08,2565,0.9661016949152542,True
A3,ACTIVE_RESULTS,NULL_B_BLOCK_TIME_PERMUTATION,207,colombia_runoff,COL_2026,-1.310155421815479e-07,2554,0.974437237695536,True
A3,ACTIVE_RESULTS,NULL_B_BLOCK_TIME_PERMUTATION,208,colombia_first_round,COL_2026,-1.372080552969429e-07,2565,0.9661016949152542,True
A3,ACTIVE_RESULTS,NULL_B_BLOCK_TIME_PERMUTATION,208,colombia_runoff,COL_2026,-8.59268384539339e-08,2555,0.9748187714612743,True
A3,ACTIVE_RESULTS,NULL_B_BLOCK_TIME_PERMUTATION,209,colombia_first_round,COL_2026,-2.794291679575333e-07,2567,0.9668549905838042,True
A3,ACTIVE_RESULTS,NULL_B_BLOCK_TIME_PERMUTATION,209,colombia_runoff,COL_2026,-1.7717785434594403e-07,2559,0.9763449065242273,True
A3,ACTIVE_RESULTS,NULL_B_BLOCK_TIME_PERMUTATION,210,colombia_first_round,COL_2026,-2.4668913775025815e-07,2564,0.9657250470809793,True
A3,ACTIVE_RESULTS,NULL_B_BLOCK_TIME_PERMUTATION,210,colombia_runoff,COL_2026,-1.6691589624243576e-07,2557,0.9755818389927509,True
A3,ACTIVE_RESULTS,NULL_B_BLOCK_TIME_PERMUTATION,211,colombia_first_round,COL_2026,-1.7513668608474704e-07,2571,0.9683615819209039,True
A3,ACTIVE_RESULTS,NULL_B_BLOCK_TIME_PERMUTATION,211,colombia_runoff,COL_2026,-1.4129436591422682e-07,2559,0.9763449065242273,True
A3,ACTIVE_RESULTS,NULL_B_BLOCK_TIME_PERMUTATION,212,colombia_first_round,COL_2026,-2.579162912635988e-07,2563,0.9653483992467043,True
A3,ACTIVE_RESULTS,NULL_B_BLOCK_TIME_PERMUTATION,212,colombia_runoff,COL_2026,-2.9487824141535677e-07,2562,0.9774895078214422,True
A3,ACTIVE_RESULTS,NULL_B_BLOCK_TIME_PERMUTATION,213,colombia_first_round,COL_2026,-2.9068988555509804e-07,2565,0.9661016949152542,True
A3,ACTIVE_RESULTS,NULL_B_BLOCK_TIME_PERMUTATION,213,colombia_runoff,COL_2026,-1.527320011023313e-07,2556,0.9752003052270126,True
A3,ACTIVE_RESULTS,NULL_B_BLOCK_TIME_PERMUTATION,214,colombia_first_round,COL_2026,-1.4466023378186702e-07,2559,0.9638418079096045,True
A3,ACTIVE_RESULTS,NULL_B_BLOCK_TIME_PERMUTATION,214,colombia_runoff,COL_2026,-2.3031925363964392e-07,2559,0.9763449065242273,True
A3,ACTIVE_RESULTS,NULL_B_BLOCK_TIME_PERMUTATION,215,colombia_first_round,COL_2026,-2.806579064890041e-07,2559,0.9638418079096045,True
A3,ACTIVE_RESULTS,NULL_B_BLOCK_TIME_PERMUTATION,215,colombia_runoff,COL_2026,-9.161982627413186e-08,2560,0.9767264402899657,True
A3,ACTIVE_RESULTS,NULL_B_BLOCK_TIME_PERMUTATION,216,colombia_first_round,COL_2026,-9.49173655140261e-08,2568,0.9672316384180791,True
A3,ACTIVE_RESULTS,NULL_B_BLOCK_TIME_PERMUTATION,216,colombia_runoff,COL_2026,-1.9600123296525347e-07,2554,0.974437237695536,True
A3,ACTIVE_RESULTS,NULL_B_BLOCK_TIME_PERMUTATION,217,colombia_first_round,COL_2026,-2.562397570517358e-07,2568,0.9672316384180791,True
A3,ACTIVE_RESULTS,NULL_B_BLOCK_TIME_PERMUTATION,217,colombia_runoff,COL_2026,-1.7066354111282765e-07,2562,0.9774895078214422,True
A3,ACTIVE_RESULTS,NULL_B_BLOCK_TIME_PERMUTATION,218,colombia_first_round,COL_2026,-4.992212528041687e-09,2566,0.9664783427495292,True
A3,ACTIVE_RESULTS,NULL_B_BLOCK_TIME_PERMUTATION,218,colombia_runoff,COL_2026,-2.2276708256962164e-07,2561,0.9771079740557039,True
A3,ACTIVE_RESULTS,NULL_B_BLOCK_TIME_PERMUTATION,219,colombia_first_round,COL_2026,-3.4408689094411425e-07,2568,0.9672316384180791,True
A3,ACTIVE_RESULTS,NULL_B_BLOCK_TIME_PERMUTATION,219,colombia_runoff,COL_2026,-9.305764317661906e-08,2565,0.978634109118657,True
A3,ACTIVE_RESULTS,NULL_B_BLOCK_TIME_PERMUTATION,220,colombia_first_round,COL_2026,-3.466024849959857e-07,2567,0.9668549905838042,True
A3,ACTIVE_RESULTS,NULL_B_BLOCK_TIME_PERMUTATION,220,colombia_runoff,COL_2026,-1.1201604183483589e-07,2557,0.9755818389927509,True
A3,ACTIVE_RESULTS,NULL_B_BLOCK_TIME_PERMUTATION,221,colombia_first_round,COL_2026,-1.5076228317924824e-07,2564,0.9657250470809793,True
A3,ACTIVE_RESULTS,NULL_B_BLOCK_TIME_PERMUTATION,221,colombia_runoff,COL_2026,-1.9953105124891158e-07,2561,0.9771079740557039,True
A3,ACTIVE_RESULTS,NULL_B_BLOCK_TIME_PERMUTATION,222,colombia_first_round,COL_2026,-2.0018863390282612e-07,2573,0.9691148775894539,True
A3,ACTIVE_RESULTS,NULL_B_BLOCK_TIME_PERMUTATION,222,colombia_runoff,COL_2026,-8.547430032187847e-08,2566,0.9790156428843952,True
A3,ACTIVE_RESULTS,NULL_B_BLOCK_TIME_PERMUTATION,223,colombia_first_round,COL_2026,-9.913646805861995e-08,2564,0.9657250470809793,True
A3,ACTIVE_RESULTS,NULL_B_BLOCK_TIME_PERMUTATION,223,colombia_runoff,COL_2026,-1.0262307142204393e-07,2562,0.9774895078214422,True
A3,ACTIVE_RESULTS,NULL_B_BLOCK_TIME_PERMUTATION,224,colombia_first_round,COL_2026,-1.1003800765400104e-07,2568,0.9672316384180791,True
A3,ACTIVE_RESULTS,NULL_B_BLOCK_TIME_PERMUTATION,224,colombia_runoff,COL_2026,-8.767824015032047e-08,2565,0.978634109118657,True
A3,ACTIVE_RESULTS,NULL_B_BLOCK_TIME_PERMUTATION,225,colombia_first_round,COL_2026,-3.576136857285387e-07,2561,0.9645951035781545,True
A3,ACTIVE_RESULTS,NULL_B_BLOCK_TIME_PERMUTATION,225,colombia_runoff,COL_2026,-1.6692751497410685e-07,2564,0.9782525753529188,True
A3,ACTIVE_RESULTS,NULL_B_BLOCK_TIME_PERMUTATION,226,colombia_first_round,COL_2026,-1.1832410981971136e-07,2570,0.967984934086629,True
A3,ACTIVE_RESULTS,NULL_B_BLOCK_TIME_PERMUTATION,226,colombia_runoff,COL_2026,-6.977051498180704e-08,2560,0.9767264402899657,True
A3,ACTIVE_RESULTS,NULL_B_BLOCK_TIME_PERMUTATION,227,colombia_first_round,COL_2026,-3.5090700964370037e-07,2564,0.9657250470809793,True
A3,ACTIVE_RESULTS,NULL_B_BLOCK_TIME_PERMUTATION,227,colombia_runoff,COL_2026,-2.1143286548031405e-07,2562,0.9774895078214422,True
A3,ACTIVE_RESULTS,NULL_B_BLOCK_TIME_PERMUTATION,228,colombia_first_round,COL_2026,-7.68170406416294e-08,2567,0.9668549905838042,True
A3,ACTIVE_RESULTS,NULL_B_BLOCK_TIME_PERMUTATION,228,colombia_runoff,COL_2026,-1.7152119510863672e-07,2561,0.9771079740557039,True
A3,ACTIVE_RESULTS,NULL_B_BLOCK_TIME_PERMUTATION,229,colombia_first_round,COL_2026,-2.5102662858979607e-07,2560,0.9642184557438794,True
A3,ACTIVE_RESULTS,NULL_B_BLOCK_TIME_PERMUTATION,229,colombia_runoff,COL_2026,-2.5390570644681217e-07,2558,0.9759633727584891,True
A3,ACTIVE_RESULTS,NULL_B_BLOCK_TIME_PERMUTATION,230,colombia_first_round,COL_2026,-1.308824869075836e-07,2566,0.9664783427495292,True
A3,ACTIVE_RESULTS,NULL_B_BLOCK_TIME_PERMUTATION,230,colombia_runoff,COL_2026,-1.1223587037062388e-07,2563,0.9778710415871804,True
A3,ACTIVE_RESULTS,NULL_B_BLOCK_TIME_PERMUTATION,231,colombia_first_round,COL_2026,-3.752152782057663e-07,2564,0.9657250470809793,True
A3,ACTIVE_RESULTS,NULL_B_BLOCK_TIME_PERMUTATION,231,colombia_runoff,COL_2026,-2.5157927405184397e-07,2565,0.978634109118657,True
A3,ACTIVE_RESULTS,NULL_B_BLOCK_TIME_PERMUTATION,232,colombia_first_round,COL_2026,-2.3089657600024061e-07,2569,0.9676082862523541,True
A3,ACTIVE_RESULTS,NULL_B_BLOCK_TIME_PERMUTATION,232,colombia_runoff,COL_2026,-1.628107584849321e-07,2560,0.9767264402899657,True
A3,ACTIVE_RESULTS,NULL_B_BLOCK_TIME_PERMUTATION,233,colombia_first_round,COL_2026,-1.4029435295000844e-07,2564,0.9657250470809793,True
A3,ACTIVE_RESULTS,NULL_B_BLOCK_TIME_PERMUTATION,233,colombia_runoff,COL_2026,-1.689413141758357e-07,2558,0.9759633727584891,True
A3,ACTIVE_RESULTS,NULL_B_BLOCK_TIME_PERMUTATION,234,colombia_first_round,COL_2026,-3.011607190950143e-07,2564,0.9657250470809793,True
A3,ACTIVE_RESULTS,NULL_B_BLOCK_TIME_PERMUTATION,234,colombia_runoff,COL_2026,-1.1378067835916153e-07,2556,0.9752003052270126,True
A3,ACTIVE_RESULTS,NULL_B_BLOCK_TIME_PERMUTATION,235,colombia_first_round,COL_2026,-1.9012959644191814e-07,2570,0.967984934086629,True
A3,ACTIVE_RESULTS,NULL_B_BLOCK_TIME_PERMUTATION,235,colombia_runoff,COL_2026,-1.5637871822806657e-07,2559,0.9763449065242273,True
A3,ACTIVE_RESULTS,NULL_B_BLOCK_TIME_PERMUTATION,236,colombia_first_round,COL_2026,-1.8080025704123484e-07,2565,0.9661016949152542,True
A3,ACTIVE_RESULTS,NULL_B_BLOCK_TIME_PERMUTATION,236,colombia_runoff,COL_2026,-1.3440917669979255e-07,2556,0.9752003052270126,True
A3,ACTIVE_RESULTS,NULL_B_BLOCK_TIME_PERMUTATION,237,colombia_first_round,COL_2026,-1.1714060796263741e-07,2567,0.9668549905838042,True
A3,ACTIVE_RESULTS,NULL_B_BLOCK_TIME_PERMUTATION,237,colombia_runoff,COL_2026,-1.5013931379154217e-07,2558,0.9759633727584891,True
A3,ACTIVE_RESULTS,NULL_B_BLOCK_TIME_PERMUTATION,238,colombia_first_round,COL_2026,-2.583126106247316e-07,2564,0.9657250470809793,True
A3,ACTIVE_RESULTS,NULL_B_BLOCK_TIME_PERMUTATION,238,colombia_runoff,COL_2026,-1.5654725444231002e-07,2555,0.9748187714612743,True
A3,ACTIVE_RESULTS,NULL_B_BLOCK_TIME_PERMUTATION,239,colombia_first_round,COL_2026,-3.491037985087968e-07,2563,0.9653483992467043,True
A3,ACTIVE_RESULTS,NULL_B_BLOCK_TIME_PERMUTATION,239,colombia_runoff,COL_2026,-5.8689968653609157e-08,2562,0.9774895078214422,True
A3,ACTIVE_RESULTS,NULL_B_BLOCK_TIME_PERMUTATION,240,colombia_first_round,COL_2026,-2.4397938528897946e-07,2574,0.9694915254237289,True
A3,ACTIVE_RESULTS,NULL_B_BLOCK_TIME_PERMUTATION,240,colombia_runoff,COL_2026,-1.0211933119580551e-07,2563,0.9778710415871804,True
A3,ACTIVE_RESULTS,NULL_B_BLOCK_TIME_PERMUTATION,241,colombia_first_round,COL_2026,-1.909606594013967e-07,2567,0.9668549905838042,True
A3,ACTIVE_RESULTS,NULL_B_BLOCK_TIME_PERMUTATION,241,colombia_runoff,COL_2026,-2.0046420626580857e-07,2566,0.9790156428843952,True
A3,ACTIVE_RESULTS,NULL_B_BLOCK_TIME_PERMUTATION,242,colombia_first_round,COL_2026,-3.271881249949479e-07,2559,0.9638418079096045,True
A3,ACTIVE_RESULTS,NULL_B_BLOCK_TIME_PERMUTATION,242,colombia_runoff,COL_2026,-1.733664992920987e-07,2563,0.9778710415871804,True
A3,ACTIVE_RESULTS,NULL_B_BLOCK_TIME_PERMUTATION,243,colombia_first_round,COL_2026,-1.2456872085373771e-07,2562,0.9649717514124294,True
A3,ACTIVE_RESULTS,NULL_B_BLOCK_TIME_PERMUTATION,243,colombia_runoff,COL_2026,-2.322942199683417e-07,2558,0.9759633727584891,True
A3,ACTIVE_RESULTS,NULL_B_BLOCK_TIME_PERMUTATION,244,colombia_first_round,COL_2026,-3.047652309312529e-07,2568,0.9672316384180791,True
A3,ACTIVE_RESULTS,NULL_B_BLOCK_TIME_PERMUTATION,244,colombia_runoff,COL_2026,-1.2402081969700586e-07,2557,0.9755818389927509,True
A3,ACTIVE_RESULTS,NULL_B_BLOCK_TIME_PERMUTATION,245,colombia_first_round,COL_2026,-2.8284601365619305e-07,2565,0.9661016949152542,True
A3,ACTIVE_RESULTS,NULL_B_BLOCK_TIME_PERMUTATION,245,colombia_runoff,COL_2026,-1.9609357326326546e-07,2562,0.9774895078214422,True
A3,ACTIVE_RESULTS,NULL_B_BLOCK_TIME_PERMUTATION,246,colombia_first_round,COL_2026,9.974671703466824e-10,2566,0.9664783427495292,True
A3,ACTIVE_RESULTS,NULL_B_BLOCK_TIME_PERMUTATION,246,colombia_runoff,COL_2026,-1.387049942709607e-07,2556,0.9752003052270126,True
A3,ACTIVE_RESULTS,NULL_B_BLOCK_TIME_PERMUTATION,247,colombia_first_round,COL_2026,-2.885671234871883e-07,2564,0.9657250470809793,True
A3,ACTIVE_RESULTS,NULL_B_BLOCK_TIME_PERMUTATION,247,colombia_runoff,COL_2026,-1.5587904521797966e-07,2560,0.9767264402899657,True
A3,ACTIVE_RESULTS,NULL_B_BLOCK_TIME_PERMUTATION,248,colombia_first_round,COL_2026,-3.316562609334573e-07,2560,0.9642184557438794,True
A3,ACTIVE_RESULTS,NULL_B_BLOCK_TIME_PERMUTATION,248,colombia_runoff,COL_2026,-1.8576517218213946e-07,2558,0.9759633727584891,True
A3,ACTIVE_RESULTS,NULL_B_BLOCK_TIME_PERMUTATION,249,colombia_first_round,COL_2026,-1.854100443085601e-07,2564,0.9657250470809793,True
A3,ACTIVE_RESULTS,NULL_B_BLOCK_TIME_PERMUTATION,249,colombia_runoff,COL_2026,-1.2474872853615597e-07,2559,0.9763449065242273,True