coverage_id,regime,observed_duration_hours,dataset_overlap_duration_hours,observed_span_fraction,bbo_count,snapshot_count,trade_count,fill_count,max_gap_seconds,max_gap_basis,usable
0,PRE_ELECTION,60.986235,61.0,0.99977434,25180,48,0,0,3540.911,BBO_CHANGE_STREAM,false
0,ELECTION_DAY_PRE_RESULTS,8.165266,8.183333,0.99779222,3635,6,0,0,526.963,BBO_CHANGE_STREAM,false
0,ACTIVE_RESULTS,5.991288,6.0,0.998548,3541,0,0,0,633.493,BBO_CHANGE_STREAM,false
0,LATE_COUNT,44.807519,44.816667,0.99979588,53019,22,0,0,281.244,BBO_CHANGE_STREAM,true
0,POST_RESOLUTION_DIAGNOSTIC,,,,0,0,0,0,,DEPTH_SNAPSHOT_STREAM,false
1,PRE_ELECTION,60.986235,61.0,0.99977434,25164,39,0,0,3540.911,BBO_CHANGE_STREAM,false
1,ELECTION_DAY_PRE_RESULTS,8.165266,8.183333,0.99779222,3635,6,0,0,526.963,BBO_CHANGE_STREAM,false
1,ACTIVE_RESULTS,5.991288,6.0,0.998548,3541,0,0,0,633.493,BBO_CHANGE_STREAM,false
1,LATE_COUNT,44.807519,44.816667,0.99979588,53012,26,0,0,281.244,BBO_CHANGE_STREAM,true
1,POST_RESOLUTION_DIAGNOSTIC,,,,0,0,0,0,,DEPTH_SNAPSHOT_STREAM,false
2,PRE_ELECTION,60.990275,61.0,0.99984057,22152,40,0,0,5919.567,BBO_CHANGE_STREAM,false
2,ELECTION_DAY_PRE_RESULTS,8.115206,8.183333,0.99167491,7887,3,0,0,332.436,BBO_CHANGE_STREAM,false
2,ACTIVE_RESULTS,5.99624,6.0,0.99937333,5050,0,0,0,84.382,BBO_CHANGE_STREAM,false
2,LATE_COUNT,44.815744,44.816667,0.9999794,62767,26,0,0,72.138,BBO_CHANGE_STREAM,true
2,POST_RESOLUTION_DIAGNOSTIC,,,,0,0,0,0,,DEPTH_SNAPSHOT_STREAM,false
3,PRE_ELECTION,60.990275,61.0,0.99984057,22149,43,0,0,5919.641,BBO_CHANGE_STREAM,false
3,ELECTION_DAY_PRE_RESULTS,8.115206,8.183333,0.99167491,7888,2,0,0,332.436,BBO_CHANGE_STREAM,false
3,ACTIVE_RESULTS,5.99624,6.0,0.99937333,5051,0,0,0,84.382,BBO_CHANGE_STREAM,false
3,LATE_COUNT,44.815744,44.816667,0.9999794,62788,33,0,0,72.138,BBO_CHANGE_STREAM,true
3,POST_RESOLUTION_DIAGNOSTIC,,,,0,0,0,0,,DEPTH_SNAPSHOT_STREAM,false
4,PRE_ELECTION,60.99267,61.0,0.99987984,10761,47,0,0,5918.488,BBO_CHANGE_STREAM,false
4,ELECTION_DAY_PRE_RESULTS,8.138542,8.183333,0.99452656,3411,2,0,0,666.875,BBO_CHANGE_STREAM,false
4,ACTIVE_RESULTS,5.991836,6.0,0.99863933,3551,0,0,0,527.009,BBO_CHANGE_STREAM,false
4,LATE_COUNT,44.810641,44.816667,0.99986554,53899,26,0,0,197.364,BBO_CHANGE_STREAM,true
4,POST_RESOLUTION_DIAGNOSTIC,,,,0,0,0,0,,DEPTH_SNAPSHOT_STREAM,false
5,PRE_ELECTION,60.99267,61.0,0.99987984,10770,47,0,0,5918.488,BBO_CHANGE_STREAM,false
5,ELECTION_DAY_PRE_RESULTS,8.138542,8.183333,0.99452656,3412,3,0,0,666.701,BBO_CHANGE_STREAM,false
5,ACTIVE_RESULTS,5.991836,6.0,0.99863933,3551,1,0,0,527.009,BBO_CHANGE_STREAM,false
5,LATE_COUNT,44.810641,44.816667,0.99986554,53921,18,0,0,197.364,BBO_CHANGE_STREAM,true
5,POST_RESOLUTION_DIAGNOSTIC,,,,0,0,0,0,,DEPTH_SNAPSHOT_STREAM,false
6,PRE_ELECTION,60.988106,61.0,0.99980502,40965,30,1,1,2408.03,BBO_CHANGE_STREAM,false
6,ELECTION_DAY_PRE_RESULTS,8.182066,8.183333,0.99984517,14144,3,0,0,38.814,BBO_CHANGE_STREAM,false
6,ACTIVE_RESULTS,5.991836,6.0,0.99863933,4910,0,0,0,527.488,BBO_CHANGE_STREAM,false
6,LATE_COUNT,44.806353,44.816667,0.99976986,59851,24,0,0,281.244,BBO_CHANGE_STREAM,true
6,POST_RESOLUTION_DIAGNOSTIC,,,,0,0,0,0,,DEPTH_SNAPSHOT_STREAM,false
7,PRE_ELECTION,60.988106,61.0,0.99980502,40994,44,0,1,2408.03,BBO_CHANGE_STREAM,false
7,ELECTION_DAY_PRE_RESULTS,8.182066,8.183333,0.99984517,14149,1,0,0,38.814,BBO_CHANGE_STREAM,false
7,ACTIVE_RESULTS,5.991836,6.0,0.99863933,4909,0,0,0,527.488,BBO_CHANGE_STREAM,false
7,LATE_COUNT,44.806353,44.816667,0.99976986,59856,28,0,0,281.244,BBO_CHANGE_STREAM,true
7,POST_RESOLUTION_DIAGNOSTIC,,,,0,0,0,0,,DEPTH_SNAPSHOT_STREAM,false
8,PRE_ELECTION,60.999219,61.0,0.9999872,31961,50,0,1,2232.508,BBO_CHANGE_STREAM,false
8,ELECTION_DAY_PRE_RESULTS,8.177747,8.183333,0.99931739,12451,4,0,0,40.431,BBO_CHANGE_STREAM,false
8,ACTIVE_RESULTS,5.992046,6.0,0.99867433,6242,0,0,0,417.693,BBO_CHANGE_STREAM,false
8,LATE_COUNT,44.814901,44.816667,0.9999606,59694,29,0,0,263.741,BBO_CHANGE_STREAM,true
8,POST_RESOLUTION_DIAGNOSTIC,,,,0,0,0,0,,DEPTH_SNAPSHOT_STREAM,false
9,PRE_ELECTION,60.999219,61.0,0.9999872,31971,47,1,1,2232.508,BBO_CHANGE_STREAM,false
9,ELECTION_DAY_PRE_RESULTS,8.177883,8.183333,0.99933401,12451,3,0,0,40.431,BBO_CHANGE_STREAM,false
9,ACTIVE_RESULTS,5.992046,6.0,0.99867433,6242,1,0,0,417.693,BBO_CHANGE_STREAM,false
9,LATE_COUNT,44.814901,44.816667,0.9999606,59709,21,0,0,263.741,BBO_CHANGE_STREAM,true
9,POST_RESOLUTION_DIAGNOSTIC,,,,0,0,0,0,,DEPTH_SNAPSHOT_STREAM,false
10,PRE_ELECTION,60.910722,61.0,0.99853643,8835,42,0,0,4929.812,BBO_CHANGE_STREAM,false
10,ELECTION_DAY_PRE_RESULTS,8.131023,8.183333,0.99360774,3517,2,0,0,829.404,BBO_CHANGE_STREAM,false
10,ACTIVE_RESULTS,5.991829,6.0,0.99863817,3244,1,0,0,642.265,BBO_CHANGE_STREAM,false
10,LATE_COUNT,44.80162,44.816667,0.99966425,54665,26,0,0,281.244,BBO_CHANGE_STREAM,true
10,POST_RESOLUTION_DIAGNOSTIC,,,,0,0,0,0,,DEPTH_SNAPSHOT_STREAM,false
11,PRE_ELECTION,60.910722,61.0,0.99853643,8826,61,0,0,4929.812,BBO_CHANGE_STREAM,false
11,ELECTION_DAY_PRE_RESULTS,8.131023,8.183333,0.99360774,3517,2,0,0,829.404,BBO_CHANGE_STREAM,false
11,ACTIVE_RESULTS,5.991829,6.0,0.99863817,3242,0,0,0,642.265,BBO_CHANGE_STREAM,false
11,LATE_COUNT,44.80162,44.816667,0.99966425,54660,24,0,0,281.244,BBO_CHANGE_STREAM,true
11,POST_RESOLUTION_DIAGNOSTIC,,,,0,0,0,0,,DEPTH_SNAPSHOT_STREAM,false
12,PRE_ELECTION,60.997929,61.0,0.99996605,84138,49,9,38,1891.415,BBO_CHANGE_STREAM,false
12,ELECTION_DAY_PRE_RESULTS,8.178767,8.183333,0.99944204,24015,4,1,2,54.603,BBO_CHANGE_STREAM,false
12,ACTIVE_RESULTS,5.999844,6.0,0.999974,33038,0,0,0,15.37,BBO_CHANGE_STREAM,false
12,LATE_COUNT,44.814363,44.816667,0.99994859,83856,27,0,0,54.749,BBO_CHANGE_STREAM,true
12,POST_RESOLUTION_DIAGNOSTIC,,,,0,0,0,0,,DEPTH_SNAPSHOT_STREAM,false
13,PRE_ELECTION,60.997929,61.0,0.99996605,84178,65,5,14,1891.415,BBO_CHANGE_STREAM,false
13,ELECTION_DAY_PRE_RESULTS,8.178767,8.183333,0.99944204,24014,6,2,9,54.603,BBO_CHANGE_STREAM,false
13,ACTIVE_RESULTS,5.999844,6.0,0.999974,33038,0,0,0,15.26,BBO_CHANGE_STREAM,false
13,LATE_COUNT,44.814363,44.816667,0.99994859,83831,26,0,0,54.749,BBO_CHANGE_STREAM,true
13,POST_RESOLUTION_DIAGNOSTIC,,,,0,0,0,0,,DEPTH_SNAPSHOT_STREAM,false
14,PRE_ELECTION,60.987391,61.0,0.9997933,38942,41,0,0,5919.345,BBO_CHANGE_STREAM,false
14,ELECTION_DAY_PRE_RESULTS,8.152081,8.183333,0.99618102,8221,3,0,0,540.768,BBO_CHANGE_STREAM,false
14,ACTIVE_RESULTS,5.991151,6.0,0.99852517,6582,0,0,0,203.415,BBO_CHANGE_STREAM,false
14,LATE_COUNT,44.810431,44.816667,0.99986086,90599,28,0,0,57.869,BBO_CHANGE_STREAM,true
14,POST_RESOLUTION_DIAGNOSTIC,,,,0,0,0,0,,DEPTH_SNAPSHOT_STREAM,false
15,PRE_ELECTION,60.987391,61.0,0.9997933,38914,36,0,0,5919.345,BBO_CHANGE_STREAM,false
15,ELECTION_DAY_PRE_RESULTS,8.152081,8.183333,0.99618102,8221,1,0,0,540.768,BBO_CHANGE_STREAM,false
15,ACTIVE_RESULTS,5.991151,6.0,0.99852517,6582,1,0,0,203.415,BBO_CHANGE_STREAM,false
15,LATE_COUNT,44.810465,44.816667,0.99986161,90601,17,0,0,57.869,BBO_CHANGE_STREAM,true
15,POST_RESOLUTION_DIAGNOSTIC,,,,0,0,0,0,,DEPTH_SNAPSHOT_STREAM,false
16,PRE_ELECTION,58.112689,61.0,0.95266703,10729,47,0,0,4769.156,BBO_CHANGE_STREAM,false
16,ELECTION_DAY_PRE_RESULTS,,8.183333,,0,0,0,0,,DEPTH_SNAPSHOT_STREAM,false
16,ACTIVE_RESULTS,,6.0,,0,0,0,0,,DEPTH_SNAPSHOT_STREAM,false
16,LATE_COUNT,,44.816667,,0,0,0,0,,DEPTH_SNAPSHOT_STREAM,false
16,POST_RESOLUTION_DIAGNOSTIC,,,,0,0,0,0,,DEPTH_SNAPSHOT_STREAM,false
17,PRE_ELECTION,58.112689,61.0,0.95266703,10742,44,0,0,4769.085,BBO_CHANGE_STREAM,false
17,ELECTION_DAY_PRE_RESULTS,,8.183333,,0,0,0,0,,DEPTH_SNAPSHOT_STREAM,false
17,ACTIVE_RESULTS,,6.0,,0,0,0,0,,DEPTH_SNAPSHOT_STREAM,false
17,LATE_COUNT,,44.816667,,0,0,0,0,,DEPTH_SNAPSHOT_STREAM,false
17,POST_RESOLUTION_DIAGNOSTIC,,,,0,0,0,0,,DEPTH_SNAPSHOT_STREAM,false
18,PRE_ELECTION,60.999178,61.0,0.99998652,269447,82,33,106,1393.229,BBO_CHANGE_STREAM,false
18,ELECTION_DAY_PRE_RESULTS,8.183112,8.183333,0.99997299,71218,18,16,35,53.264,BBO_CHANGE_STREAM,false
18,ACTIVE_RESULTS,5.999549,6.0,0.99992483,65235,27,14,37,10.889,BBO_CHANGE_STREAM,true
18,LATE_COUNT,44.814692,44.816667,0.99995593,292921,44,9,20,56.916,BBO_CHANGE_STREAM,true
18,POST_RESOLUTION_DIAGNOSTIC,,,,0,0,0,0,,DEPTH_SNAPSHOT_STREAM,false
19,PRE_ELECTION,60.999178,61.0,0.99998652,269458,93,12,43,1393.229,BBO_CHANGE_STREAM,false
19,ELECTION_DAY_PRE_RESULTS,8.183112,8.183333,0.99997299,71200,20,1,10,53.264,BBO_CHANGE_STREAM,false
19,ACTIVE_RESULTS,5.999549,6.0,0.99992483,65232,27,13,23,10.889,BBO_CHANGE_STREAM,true
19,LATE_COUNT,44.814692,44.816667,0.99995593,292950,33,1,1,56.916,BBO_CHANGE_STREAM,true
19,POST_RESOLUTION_DIAGNOSTIC,,,,0,0,0,0,,DEPTH_SNAPSHOT_STREAM,false
20,PRE_ELECTION,60.999775,61.0,0.99999631,310132,87,14,43,1698.737,BBO_CHANGE_STREAM,false
20,ELECTION_DAY_PRE_RESULTS,8.183151,8.183333,0.99997776,58375,12,7,23,60.457,BBO_CHANGE_STREAM,false
20,ACTIVE_RESULTS,5.99977,6.0,0.99996167,45307,77,68,127,136.729,BBO_CHANGE_STREAM,true
20,LATE_COUNT,44.816025,44.816667,0.99998567,336902,97,54,144,71.833,BBO_CHANGE_STREAM,true
20,POST_RESOLUTION_DIAGNOSTIC,,,,0,0,0,0,,DEPTH_SNAPSHOT_STREAM,false
21,PRE_ELECTION,60.999775,61.0,0.99999631,310127,84,23,48,1698.737,BBO_CHANGE_STREAM,false
21,ELECTION_DAY_PRE_RESULTS,8.183151,8.183333,0.99997776,58354,13,4,14,60.457,BBO_CHANGE_STREAM,false
21,ACTIVE_RESULTS,5.99977,6.0,0.99996167,45297,77,9,85,136.729,BBO_CHANGE_STREAM,true
21,LATE_COUNT,44.816025,44.816667,0.99998567,336866,106,22,43,71.833,BBO_CHANGE_STREAM,true
21,POST_RESOLUTION_DIAGNOSTIC,,,,0,0,0,0,,DEPTH_SNAPSHOT_STREAM,false
22,PRE_ELECTION,60.999215,61.0,0.99998713,250986,100,30,77,2351.364,BBO_CHANGE_STREAM,false
22,ELECTION_DAY_PRE_RESULTS,8.183035,8.183333,0.99996358,70126,19,4,24,85.403,BBO_CHANGE_STREAM,false
22,ACTIVE_RESULTS,5.999576,6.0,0.99992933,65147,84,30,91,59.087,BBO_CHANGE_STREAM,true
22,LATE_COUNT,44.815107,44.816667,0.99996519,327563,52,13,29,59.507,BBO_CHANGE_STREAM,true
22,POST_RESOLUTION_DIAGNOSTIC,,,,0,0,0,0,,DEPTH_SNAPSHOT_STREAM,false
23,PRE_ELECTION,60.999215,61.0,0.99998713,251038,115,32,103,2351.364,BBO_CHANGE_STREAM,false
23,ELECTION_DAY_PRE_RESULTS,8.183035,8.183333,0.99996358,70111,18,13,29,85.054,BBO_CHANGE_STREAM,false
23,ACTIVE_RESULTS,5.999576,6.0,0.99992933,65157,84,53,143,59.087,BBO_CHANGE_STREAM,true
23,LATE_COUNT,44.815107,44.816667,0.99996519,327547,60,14,40,59.507,BBO_CHANGE_STREAM,true
23,POST_RESOLUTION_DIAGNOSTIC,,,,0,0,0,0,,DEPTH_SNAPSHOT_STREAM,false
24,PRE_ELECTION,60.980075,61.0,0.99967336,17548,43,0,0,5918.98,BBO_CHANGE_STREAM,false
24,ELECTION_DAY_PRE_RESULTS,8.176844,8.183333,0.99920705,7050,0,0,0,338.427,BBO_CHANGE_STREAM,false
24,ACTIVE_RESULTS,5.987675,6.0,0.99794583,4652,1,0,0,335.313,BBO_CHANGE_STREAM,false
24,LATE_COUNT,44.815161,44.816667,0.9999664,61689,26,0,0,59.12,BBO_CHANGE_STREAM,true
24,POST_RESOLUTION_DIAGNOSTIC,,,,0,0,0,0,,DEPTH_SNAPSHOT_STREAM,false
25,PRE_ELECTION,60.980075,61.0,0.99967336,17556,35,0,0,5918.98,BBO_CHANGE_STREAM,false
25,ELECTION_DAY_PRE_RESULTS,8.176844,8.183333,0.99920705,7052,2,0,0,338.427,BBO_CHANGE_STREAM,false
25,ACTIVE_RESULTS,5.987675,6.0,0.99794583,4652,0,0,0,335.313,BBO_CHANGE_STREAM,false
25,LATE_COUNT,44.815161,44.816667,0.9999664,61698,27,0,0,59.12,BBO_CHANGE_STREAM,true
25,POST_RESOLUTION_DIAGNOSTIC,,,,0,0,0,0,,DEPTH_SNAPSHOT_STREAM,false
26,PRE_ELECTION,60.986298,61.0,0.99977538,36532,43,0,0,5919.691,BBO_CHANGE_STREAM,false
26,ELECTION_DAY_PRE_RESULTS,8.117643,8.183333,0.99197271,10051,2,0,0,332.765,BBO_CHANGE_STREAM,false
26,ACTIVE_RESULTS,5.995449,6.0,0.9992415,7968,1,0,0,90.701,BBO_CHANGE_STREAM,false
26,LATE_COUNT,44.814901,44.816667,0.9999606,88659,23,0,0,58.851,BBO_CHANGE_STREAM,true
26,POST_RESOLUTION_DIAGNOSTIC,,,,0,0,0,0,,DEPTH_SNAPSHOT_STREAM,false
27,PRE_ELECTION,60.986298,61.0,0.99977538,36538,50,0,0,5919.567,BBO_CHANGE_STREAM,false
27,ELECTION_DAY_PRE_RESULTS,8.117643,8.183333,0.99197271,10052,2,0,0,332.765,BBO_CHANGE_STREAM,false
27,ACTIVE_RESULTS,5.995449,6.0,0.9992415,7968,0,0,0,90.701,BBO_CHANGE_STREAM,false
27,LATE_COUNT,44.814901,44.816667,0.9999606,88663,35,0,0,58.851,BBO_CHANGE_STREAM,true
27,POST_RESOLUTION_DIAGNOSTIC,,,,0,0,0,0,,DEPTH_SNAPSHOT_STREAM,false
28,PRE_ELECTION,60.978555,61.0,0.99964844,44322,40,0,0,1817.999,BBO_CHANGE_STREAM,false
28,ELECTION_DAY_PRE_RESULTS,8.105135,8.183333,0.99044424,8371,1,0,0,374.415,BBO_CHANGE_STREAM,false
28,ACTIVE_RESULTS,5.994317,6.0,0.99905283,6573,1,0,0,150.756,BBO_CHANGE_STREAM,false
28,LATE_COUNT,44.814475,44.816667,0.99995109,85874,33,0,0,71.714,BBO_CHANGE_STREAM,true
28,POST_RESOLUTION_DIAGNOSTIC,,,,0,0,0,0,,DEPTH_SNAPSHOT_STREAM,false
29,PRE_ELECTION,60.978555,61.0,0.99964844,44324,36,0,0,1817.999,BBO_CHANGE_STREAM,false
29,ELECTION_DAY_PRE_RESULTS,8.105135,8.183333,0.99044424,8380,5,0,0,374.415,BBO_CHANGE_STREAM,false
29,ACTIVE_RESULTS,5.994317,6.0,0.99905283,6573,0,0,0,150.756,BBO_CHANGE_STREAM,false
29,LATE_COUNT,44.814475,44.816667,0.99995109,85842,23,0,0,71.714,BBO_CHANGE_STREAM,true
29,POST_RESOLUTION_DIAGNOSTIC,,,,0,0,0,0,,DEPTH_SNAPSHOT_STREAM,false
30,PRE_ELECTION,60.985797,61.0,0.99976716,16783,28,0,0,5919.184,BBO_CHANGE_STREAM,false
30,ELECTION_DAY_PRE_RESULTS,8.169259,8.183333,0.99828016,5228,1,0,0,492.076,BBO_CHANGE_STREAM,false
30,ACTIVE_RESULTS,5.991836,6.0,0.99863933,4394,0,0,0,83.409,BBO_CHANGE_STREAM,false
30,LATE_COUNT,44.815518,44.816667,0.99997436,63201,24,0,0,77.561,BBO_CHANGE_STREAM,true
30,POST_RESOLUTION_DIAGNOSTIC,,,,0,0,0,0,,DEPTH_SNAPSHOT_STREAM,false
31,PRE_ELECTION,60.985797,61.0,0.99976716,16778,42,0,0,5919.184,BBO_CHANGE_STREAM,false
31,ELECTION_DAY_PRE_RESULTS,8.169259,8.183333,0.99828016,5230,2,0,0,492.076,BBO_CHANGE_STREAM,false
31,ACTIVE_RESULTS,5.991836,6.0,0.99863933,4387,0,0,0,83.409,BBO_CHANGE_STREAM,false
31,LATE_COUNT,44.815518,44.816667,0.99997436,63177,33,0,0,77.561,BBO_CHANGE_STREAM,true
31,POST_RESOLUTION_DIAGNOSTIC,,,,0,0,0,0,,DEPTH_SNAPSHOT_STREAM,false
32,PRE_ELECTION,60.987136,61.0,0.99978911,39125,48,0,0,5919.345,BBO_CHANGE_STREAM,false
32,ELECTION_DAY_PRE_RESULTS,8.118508,8.183333,0.99207841,8097,2,0,0,461.198,BBO_CHANGE_STREAM,false
32,ACTIVE_RESULTS,5.994349,6.0,0.99905817,7503,1,0,0,181.149,BBO_CHANGE_STREAM,false
32,LATE_COUNT,44.814901,44.816667,0.9999606,83053,26,0,0,63.242,BBO_CHANGE_STREAM,true
32,POST_RESOLUTION_DIAGNOSTIC,,,,0,0,0,0,,DEPTH_SNAPSHOT_STREAM,false
33,PRE_ELECTION,60.987136,61.0,0.99978911,39131,51,0,0,5919.345,BBO_CHANGE_STREAM,false
33,ELECTION_DAY_PRE_RESULTS,8.118508,8.183333,0.99207841,8103,0,0,0,461.198,BBO_CHANGE_STREAM,false
33,ACTIVE_RESULTS,5.993783,6.0,0.99896383,7506,1,0,0,181.149,BBO_CHANGE_STREAM,false
33,LATE_COUNT,44.814901,44.816667,0.9999606,83039,21,0,0,63.242,BBO_CHANGE_STREAM,true
33,POST_RESOLUTION_DIAGNOSTIC,,,,0,0,0,0,,DEPTH_SNAPSHOT_STREAM,false
34,PRE_ELECTION,,61.0,,0,0,0,0,,DEPTH_SNAPSHOT_STREAM,false
34,ELECTION_DAY_PRE_RESULTS,,8.183333,,0,0,0,0,,DEPTH_SNAPSHOT_STREAM,false
34,ACTIVE_RESULTS,,6.0,,0,0,0,0,,DEPTH_SNAPSHOT_STREAM,false
34,LATE_COUNT,,44.816667,,0,0,0,0,,DEPTH_SNAPSHOT_STREAM,false
34,POST_RESOLUTION_DIAGNOSTIC,,,,0,0,0,0,,DEPTH_SNAPSHOT_STREAM,false
35,PRE_ELECTION,,61.0,,0,0,0,0,,DEPTH_SNAPSHOT_STREAM,false
35,ELECTION_DAY_PRE_RESULTS,,8.183333,,0,0,0,0,,DEPTH_SNAPSHOT_STREAM,false
35,ACTIVE_RESULTS,,6.0,,0,0,0,0,,DEPTH_SNAPSHOT_STREAM,false
35,LATE_COUNT,,44.816667,,0,0,0,0,,DEPTH_SNAPSHOT_STREAM,false
35,POST_RESOLUTION_DIAGNOSTIC,,,,0,0,0,0,,DEPTH_SNAPSHOT_STREAM,false
36,PRE_ELECTION,,61.0,,0,0,0,0,,DEPTH_SNAPSHOT_STREAM,false
36,ELECTION_DAY_PRE_RESULTS,,8.183333,,0,0,0,0,,DEPTH_SNAPSHOT_STREAM,false
36,ACTIVE_RESULTS,,6.0,,0,0,0,0,,DEPTH_SNAPSHOT_STREAM,false
36,LATE_COUNT,,44.816667,,0,0,0,0,,DEPTH_SNAPSHOT_STREAM,false
36,POST_RESOLUTION_DIAGNOSTIC,,,,0,0,0,0,,DEPTH_SNAPSHOT_STREAM,false
37,PRE_ELECTION,,61.0,,0,0,0,0,,DEPTH_SNAPSHOT_STREAM,false
37,ELECTION_DAY_PRE_RESULTS,,8.183333,,0,0,0,0,,DEPTH_SNAPSHOT_STREAM,false
37,ACTIVE_RESULTS,,6.0,,0,0,0,0,,DEPTH_SNAPSHOT_STREAM,false
37,LATE_COUNT,,44.816667,,0,0,0,0,,DEPTH_SNAPSHOT_STREAM,false
37,POST_RESOLUTION_DIAGNOSTIC,,,,0,0,0,0,,DEPTH_SNAPSHOT_STREAM,false
38,PRE_ELECTION,,61.0,,0,0,0,0,,DEPTH_SNAPSHOT_STREAM,false
38,ELECTION_DAY_PRE_RESULTS,,8.183333,,0,0,0,0,,DEPTH_SNAPSHOT_STREAM,false
38,ACTIVE_RESULTS,,6.0,,0,0,0,0,,DEPTH_SNAPSHOT_STREAM,false
38,LATE_COUNT,,44.816667,,0,0,0,0,,DEPTH_SNAPSHOT_STREAM,false
38,POST_RESOLUTION_DIAGNOSTIC,,,,0,0,0,0,,DEPTH_SNAPSHOT_STREAM,false
39,PRE_ELECTION,,61.0,,0,0,0,0,,DEPTH_SNAPSHOT_STREAM,false
39,ELECTION_DAY_PRE_RESULTS,,8.183333,,0,0,0,0,,DEPTH_SNAPSHOT_STREAM,false
39,ACTIVE_RESULTS,,6.0,,0,0,0,0,,DEPTH_SNAPSHOT_STREAM,false
39,LATE_COUNT,,44.816667,,0,0,0,0,,DEPTH_SNAPSHOT_STREAM,false
39,POST_RESOLUTION_DIAGNOSTIC,,,,0,0,0,0,,DEPTH_SNAPSHOT_STREAM,false
40,PRE_ELECTION,,61.0,,0,0,0,0,,DEPTH_SNAPSHOT_STREAM,false
40,ELECTION_DAY_PRE_RESULTS,,8.183333,,0,0,0,0,,DEPTH_SNAPSHOT_STREAM,false
40,ACTIVE_RESULTS,,6.0,,0,0,0,0,,DEPTH_SNAPSHOT_STREAM,false
40,LATE_COUNT,,44.816667,,0,0,0,0,,DEPTH_SNAPSHOT_STREAM,false
40,POST_RESOLUTION_DIAGNOSTIC,,,,0,0,0,0,,DEPTH_SNAPSHOT_STREAM,false
41,PRE_ELECTION,,61.0,,0,0,0,0,,DEPTH_SNAPSHOT_STREAM,false
41,ELECTION_DAY_PRE_RESULTS,,8.183333,,0,0,0,0,,DEPTH_SNAPSHOT_STREAM,false
41,ACTIVE_RESULTS,,6.0,,0,0,0,0,,DEPTH_SNAPSHOT_STREAM,false
41,LATE_COUNT,,44.816667,,0,0,0,0,,DEPTH_SNAPSHOT_STREAM,false
41,POST_RESOLUTION_DIAGNOSTIC,,,,0,0,0,0,,DEPTH_SNAPSHOT_STREAM,false
42,PRE_ELECTION,,61.0,,0,0,0,0,,DEPTH_SNAPSHOT_STREAM,false
42,ELECTION_DAY_PRE_RESULTS,,8.183333,,0,0,0,0,,DEPTH_SNAPSHOT_STREAM,false
42,ACTIVE_RESULTS,,6.0,,0,0,0,0,,DEPTH_SNAPSHOT_STREAM,false
42,LATE_COUNT,,44.816667,,0,0,0,0,,DEPTH_SNAPSHOT_STREAM,false
42,POST_RESOLUTION_DIAGNOSTIC,,,,0,0,0,0,,DEPTH_SNAPSHOT_STREAM,false
43,PRE_ELECTION,,61.0,,0,0,0,0,,DEPTH_SNAPSHOT_STREAM,false
43,ELECTION_DAY_PRE_RESULTS,,8.183333,,0,0,0,0,,DEPTH_SNAPSHOT_STREAM,false
43,ACTIVE_RESULTS,,6.0,,0,0,0,0,,DEPTH_SNAPSHOT_STREAM,false
43,LATE_COUNT,,44.816667,,0,0,0,0,,DEPTH_SNAPSHOT_STREAM,false
43,POST_RESOLUTION_DIAGNOSTIC,,,,0,0,0,0,,DEPTH_SNAPSHOT_STREAM,false
44,PRE_ELECTION,,61.0,,0,0,0,0,,DEPTH_SNAPSHOT_STREAM,false
44,ELECTION_DAY_PRE_RESULTS,,8.183333,,0,0,0,0,,DEPTH_SNAPSHOT_STREAM,false
44,ACTIVE_RESULTS,,6.0,,0,0,0,0,,DEPTH_SNAPSHOT_STREAM,false
44,LATE_COUNT,,44.816667,,0,0,0,0,,DEPTH_SNAPSHOT_STREAM,false
44,POST_RESOLUTION_DIAGNOSTIC,,,,0,0,0,0,,DEPTH_SNAPSHOT_STREAM,false
45,PRE_ELECTION,,61.0,,0,0,0,0,,DEPTH_SNAPSHOT_STREAM,false
45,ELECTION_DAY_PRE_RESULTS,,8.183333,,0,0,0,0,,DEPTH_SNAPSHOT_STREAM,false
45,ACTIVE_RESULTS,,6.0,,0,0,0,0,,DEPTH_SNAPSHOT_STREAM,false
45,LATE_COUNT,,44.816667,,0,0,0,0,,DEPTH_SNAPSHOT_STREAM,false
45,POST_RESOLUTION_DIAGNOSTIC,,,,0,0,0,0,,DEPTH_SNAPSHOT_STREAM,false
46,PRE_ELECTION,,61.0,,0,0,0,0,,DEPTH_SNAPSHOT_STREAM,false
46,ELECTION_DAY_PRE_RESULTS,,8.183333,,0,0,0,0,,DEPTH_SNAPSHOT_STREAM,false
46,ACTIVE_RESULTS,,6.0,,0,0,0,0,,DEPTH_SNAPSHOT_STREAM,false
46,LATE_COUNT,,44.816667,,0,0,0,0,,DEPTH_SNAPSHOT_STREAM,false
46,POST_RESOLUTION_DIAGNOSTIC,,,,0,0,0,0,,DEPTH_SNAPSHOT_STREAM,false
47,PRE_ELECTION,,61.0,,0,0,0,0,,DEPTH_SNAPSHOT_STREAM,false
47,ELECTION_DAY_PRE_RESULTS,,8.183333,,0,0,0,0,,DEPTH_SNAPSHOT_STREAM,false
47,ACTIVE_RESULTS,,6.0,,0,0,0,0,,DEPTH_SNAPSHOT_STREAM,false
47,LATE_COUNT,,44.816667,,0,0,0,0,,DEPTH_SNAPSHOT_STREAM,false
47,POST_RESOLUTION_DIAGNOSTIC,,,,0,0,0,0,,DEPTH_SNAPSHOT_STREAM,false
48,PRE_ELECTION,,61.0,,0,0,0,0,,DEPTH_SNAPSHOT_STREAM,false
48,ELECTION_DAY_PRE_RESULTS,,8.183333,,0,0,0,0,,DEPTH_SNAPSHOT_STREAM,false
48,ACTIVE_RESULTS,,6.0,,0,0,0,0,,DEPTH_SNAPSHOT_STREAM,false
48,LATE_COUNT,,44.816667,,0,0,0,0,,DEPTH_SNAPSHOT_STREAM,false
48,POST_RESOLUTION_DIAGNOSTIC,,,,0,0,0,0,,DEPTH_SNAPSHOT_STREAM,false
49,PRE_ELECTION,,61.0,,0,0,0,0,,DEPTH_SNAPSHOT_STREAM,false
49,ELECTION_DAY_PRE_RESULTS,,8.183333,,0,0,0,0,,DEPTH_SNAPSHOT_STREAM,false
49,ACTIVE_RESULTS,,6.0,,0,0,0,0,,DEPTH_SNAPSHOT_STREAM,false
49,LATE_COUNT,,44.816667,,0,0,0,0,,DEPTH_SNAPSHOT_STREAM,false
49,POST_RESOLUTION_DIAGNOSTIC,,,,0,0,0,0,,DEPTH_SNAPSHOT_STREAM,false
50,PRE_ELECTION,,61.0,,0,0,0,0,,DEPTH_SNAPSHOT_STREAM,false
50,ELECTION_DAY_PRE_RESULTS,,8.183333,,0,0,0,0,,DEPTH_SNAPSHOT_STREAM,false
50,ACTIVE_RESULTS,,6.0,,0,0,0,0,,DEPTH_SNAPSHOT_STREAM,false
50,LATE_COUNT,,44.816667,,0,0,0,0,,DEPTH_SNAPSHOT_STREAM,false
50,POST_RESOLUTION_DIAGNOSTIC,,,,0,0,0,0,,DEPTH_SNAPSHOT_STREAM,false
51,PRE_ELECTION,,61.0,,0,0,0,0,,DEPTH_SNAPSHOT_STREAM,false
51,ELECTION_DAY_PRE_RESULTS,,8.183333,,0,0,0,0,,DEPTH_SNAPSHOT_STREAM,false
51,ACTIVE_RESULTS,,6.0,,0,0,0,0,,DEPTH_SNAPSHOT_STREAM,false
51,LATE_COUNT,,44.816667,,0,0,0,0,,DEPTH_SNAPSHOT_STREAM,false
51,POST_RESOLUTION_DIAGNOSTIC,,,,0,0,0,0,,DEPTH_SNAPSHOT_STREAM,false
52,PRE_ELECTION,,61.0,,0,0,0,0,,DEPTH_SNAPSHOT_STREAM,false
52,ELECTION_DAY_PRE_RESULTS,,8.183333,,0,0,0,0,,DEPTH_SNAPSHOT_STREAM,false
52,ACTIVE_RESULTS,,6.0,,0,0,0,0,,DEPTH_SNAPSHOT_STREAM,false
52,LATE_COUNT,,44.816667,,0,0,0,0,,DEPTH_SNAPSHOT_STREAM,false
52,POST_RESOLUTION_DIAGNOSTIC,,,,0,0,0,0,,DEPTH_SNAPSHOT_STREAM,false
53,PRE_ELECTION,,61.0,,0,0,0,0,,DEPTH_SNAPSHOT_STREAM,false
53,ELECTION_DAY_PRE_RESULTS,,8.183333,,0,0,0,0,,DEPTH_SNAPSHOT_STREAM,false
53,ACTIVE_RESULTS,,6.0,,0,0,0,0,,DEPTH_SNAPSHOT_STREAM,false
53,LATE_COUNT,,44.816667,,0,0,0,0,,DEPTH_SNAPSHOT_STREAM,false
53,POST_RESOLUTION_DIAGNOSTIC,,,,0,0,0,0,,DEPTH_SNAPSHOT_STREAM,false
54,PRE_ELECTION,,61.0,,0,0,0,0,,DEPTH_SNAPSHOT_STREAM,false
54,ELECTION_DAY_PRE_RESULTS,,8.183333,,0,0,0,0,,DEPTH_SNAPSHOT_STREAM,false
54,ACTIVE_RESULTS,,6.0,,0,0,0,0,,DEPTH_SNAPSHOT_STREAM,false
54,LATE_COUNT,,44.816667,,0,0,0,0,,DEPTH_SNAPSHOT_STREAM,false
54,POST_RESOLUTION_DIAGNOSTIC,,,,0,0,0,0,,DEPTH_SNAPSHOT_STREAM,false
55,PRE_ELECTION,,61.0,,0,0,0,0,,DEPTH_SNAPSHOT_STREAM,false
55,ELECTION_DAY_PRE_RESULTS,,8.183333,,0,0,0,0,,DEPTH_SNAPSHOT_STREAM,false
55,ACTIVE_RESULTS,,6.0,,0,0,0,0,,DEPTH_SNAPSHOT_STREAM,false
55,LATE_COUNT,,44.816667,,0,0,0,0,,DEPTH_SNAPSHOT_STREAM,false
55,POST_RESOLUTION_DIAGNOSTIC,,,,0,0,0,0,,DEPTH_SNAPSHOT_STREAM,false
56,PRE_ELECTION,,61.0,,0,0,0,0,,DEPTH_SNAPSHOT_STREAM,false
56,ELECTION_DAY_PRE_RESULTS,,8.183333,,0,0,0,0,,DEPTH_SNAPSHOT_STREAM,false
56,ACTIVE_RESULTS,,6.0,,0,0,0,0,,DEPTH_SNAPSHOT_STREAM,false
56,LATE_COUNT,,44.816667,,0,0,0,0,,DEPTH_SNAPSHOT_STREAM,false
56,POST_RESOLUTION_DIAGNOSTIC,,,,0,0,0,0,,DEPTH_SNAPSHOT_STREAM,false
57,PRE_ELECTION,,61.0,,0,0,0,0,,DEPTH_SNAPSHOT_STREAM,false
57,ELECTION_DAY_PRE_RESULTS,,8.183333,,0,0,0,0,,DEPTH_SNAPSHOT_STREAM,false
57,ACTIVE_RESULTS,,6.0,,0,0,0,0,,DEPTH_SNAPSHOT_STREAM,false
57,LATE_COUNT,,44.816667,,0,0,0,0,,DEPTH_SNAPSHOT_STREAM,false
57,POST_RESOLUTION_DIAGNOSTIC,,,,0,0,0,0,,DEPTH_SNAPSHOT_STREAM,false
58,PRE_ELECTION,,61.0,,0,0,0,0,,DEPTH_SNAPSHOT_STREAM,false
58,ELECTION_DAY_PRE_RESULTS,,8.183333,,0,0,0,0,,DEPTH_SNAPSHOT_STREAM,false
58,ACTIVE_RESULTS,,6.0,,0,0,0,0,,DEPTH_SNAPSHOT_STREAM,false
58,LATE_COUNT,,44.816667,,0,0,0,0,,DEPTH_SNAPSHOT_STREAM,false
58,POST_RESOLUTION_DIAGNOSTIC,,,,0,0,0,0,,DEPTH_SNAPSHOT_STREAM,false
59,PRE_ELECTION,,61.0,,0,0,0,0,,DEPTH_SNAPSHOT_STREAM,false
59,ELECTION_DAY_PRE_RESULTS,,8.183333,,0,0,0,0,,DEPTH_SNAPSHOT_STREAM,false
59,ACTIVE_RESULTS,,6.0,,0,0,0,0,,DEPTH_SNAPSHOT_STREAM,false
59,LATE_COUNT,,44.816667,,0,0,0,0,,DEPTH_SNAPSHOT_STREAM,false
59,POST_RESOLUTION_DIAGNOSTIC,,,,0,0,0,0,,DEPTH_SNAPSHOT_STREAM,false
60,PRE_ELECTION,,61.0,,0,0,0,0,,DEPTH_SNAPSHOT_STREAM,false
60,ELECTION_DAY_PRE_RESULTS,,8.183333,,0,0,0,0,,DEPTH_SNAPSHOT_STREAM,false
60,ACTIVE_RESULTS,,6.0,,0,0,0,0,,DEPTH_SNAPSHOT_STREAM,false
60,LATE_COUNT,,44.816667,,0,0,0,0,,DEPTH_SNAPSHOT_STREAM,false
60,POST_RESOLUTION_DIAGNOSTIC,,,,0,0,0,0,,DEPTH_SNAPSHOT_STREAM,false
61,PRE_ELECTION,,61.0,,0,0,0,0,,DEPTH_SNAPSHOT_STREAM,false
61,ELECTION_DAY_PRE_RESULTS,,8.183333,,0,0,0,0,,DEPTH_SNAPSHOT_STREAM,false
61,ACTIVE_RESULTS,,6.0,,0,0,0,0,,DEPTH_SNAPSHOT_STREAM,false
61,LATE_COUNT,,44.816667,,0,0,0,0,,DEPTH_SNAPSHOT_STREAM,false
61,POST_RESOLUTION_DIAGNOSTIC,,,,0,0,0,0,,DEPTH_SNAPSHOT_STREAM,false
62,PRE_ELECTION,,61.0,,0,0,0,0,,DEPTH_SNAPSHOT_STREAM,false
62,ELECTION_DAY_PRE_RESULTS,,8.183333,,0,0,0,0,,DEPTH_SNAPSHOT_STREAM,false
62,ACTIVE_RESULTS,,6.0,,0,0,0,0,,DEPTH_SNAPSHOT_STREAM,false
62,LATE_COUNT,,44.816667,,0,0,0,0,,DEPTH_SNAPSHOT_STREAM,false
62,POST_RESOLUTION_DIAGNOSTIC,,,,0,0,0,0,,DEPTH_SNAPSHOT_STREAM,false
63,PRE_ELECTION,,61.0,,0,0,0,0,,DEPTH_SNAPSHOT_STREAM,false
63,ELECTION_DAY_PRE_RESULTS,,8.183333,,0,0,0,0,,DEPTH_SNAPSHOT_STREAM,false
63,ACTIVE_RESULTS,,6.0,,0,0,0,0,,DEPTH_SNAPSHOT_STREAM,false
63,LATE_COUNT,,44.816667,,0,0,0,0,,DEPTH_SNAPSHOT_STREAM,false
63,POST_RESOLUTION_DIAGNOSTIC,,,,0,0,0,0,,DEPTH_SNAPSHOT_STREAM,false
64,PRE_ELECTION,,61.0,,0,0,0,0,,DEPTH_SNAPSHOT_STREAM,false
64,ELECTION_DAY_PRE_RESULTS,,8.183333,,0,0,0,0,,DEPTH_SNAPSHOT_STREAM,false
64,ACTIVE_RESULTS,,6.0,,0,0,0,0,,DEPTH_SNAPSHOT_STREAM,false
64,LATE_COUNT,,44.816667,,0,0,0,0,,DEPTH_SNAPSHOT_STREAM,false
64,POST_RESOLUTION_DIAGNOSTIC,,,,0,0,0,0,,DEPTH_SNAPSHOT_STREAM,false
65,PRE_ELECTION,,61.0,,0,0,0,0,,DEPTH_SNAPSHOT_STREAM,false
65,ELECTION_DAY_PRE_RESULTS,,8.183333,,0,0,0,0,,DEPTH_SNAPSHOT_STREAM,false
65,ACTIVE_RESULTS,,6.0,,0,0,0,0,,DEPTH_SNAPSHOT_STREAM,false
65,LATE_COUNT,,44.816667,,0,0,0,0,,DEPTH_SNAPSHOT_STREAM,false
65,POST_RESOLUTION_DIAGNOSTIC,,,,0,0,0,0,,DEPTH_SNAPSHOT_STREAM,false
66,PRE_ELECTION,,61.0,,0,0,0,0,,DEPTH_SNAPSHOT_STREAM,false
66,ELECTION_DAY_PRE_RESULTS,,8.183333,,0,0,0,0,,DEPTH_SNAPSHOT_STREAM,false
66,ACTIVE_RESULTS,,6.0,,0,0,0,0,,DEPTH_SNAPSHOT_STREAM,false
66,LATE_COUNT,,44.816667,,0,0,0,0,,DEPTH_SNAPSHOT_STREAM,false
66,POST_RESOLUTION_DIAGNOSTIC,,,,0,0,0,0,,DEPTH_SNAPSHOT_STREAM,false
67,PRE_ELECTION,,61.0,,0,0,0,0,,DEPTH_SNAPSHOT_STREAM,false
67,ELECTION_DAY_PRE_RESULTS,,8.183333,,0,0,0,0,,DEPTH_SNAPSHOT_STREAM,false
67,ACTIVE_RESULTS,,6.0,,0,0,0,0,,DEPTH_SNAPSHOT_STREAM,false
67,LATE_COUNT,,44.816667,,0,0,0,0,,DEPTH_SNAPSHOT_STREAM,false
67,POST_RESOLUTION_DIAGNOSTIC,,,,0,0,0,0,,DEPTH_SNAPSHOT_STREAM,false
68,PRE_ELECTION,,61.0,,0,0,0,0,,DEPTH_SNAPSHOT_STREAM,false
68,ELECTION_DAY_PRE_RESULTS,,8.183333,,0,0,0,0,,DEPTH_SNAPSHOT_STREAM,false
68,ACTIVE_RESULTS,,6.0,,0,0,0,0,,DEPTH_SNAPSHOT_STREAM,false
68,LATE_COUNT,,44.816667,,0,0,0,0,,DEPTH_SNAPSHOT_STREAM,false
68,POST_RESOLUTION_DIAGNOSTIC,,,,0,0,0,0,,DEPTH_SNAPSHOT_STREAM,false
69,PRE_ELECTION,,61.0,,0,0,0,0,,DEPTH_SNAPSHOT_STREAM,false
69,ELECTION_DAY_PRE_RESULTS,,8.183333,,0,0,0,0,,DEPTH_SNAPSHOT_STREAM,false
69,ACTIVE_RESULTS,,6.0,,0,0,0,0,,DEPTH_SNAPSHOT_STREAM,false
69,LATE_COUNT,,44.816667,,0,0,0,0,,DEPTH_SNAPSHOT_STREAM,false
69,POST_RESOLUTION_DIAGNOSTIC,,,,0,0,0,0,,DEPTH_SNAPSHOT_STREAM,false
70,PRE_ELECTION,60.993816,61.0,0.99989862,63627,57,2,4,2083.024,BBO_CHANGE_STREAM,false
70,ELECTION_DAY_PRE_RESULTS,8.181365,8.183333,0.99975951,9244,3,0,0,26.858,BBO_CHANGE_STREAM,false
70,ACTIVE_RESULTS,5.999391,6.0,0.9998985,6987,0,0,0,155.476,BBO_CHANGE_STREAM,false
70,LATE_COUNT,44.812669,44.816667,0.99991079,76473,37,2,2,180.021,BBO_CHANGE_STREAM,true
70,POST_RESOLUTION_DIAGNOSTIC,,,,0,0,0,0,,DEPTH_SNAPSHOT_STREAM,false
71,PRE_ELECTION,60.993816,61.0,0.99989862,63582,49,5,18,2083.024,BBO_CHANGE_STREAM,false
71,ELECTION_DAY_PRE_RESULTS,8.181365,8.183333,0.99975951,9245,0,0,0,26.858,BBO_CHANGE_STREAM,false
71,ACTIVE_RESULTS,5.999391,6.0,0.9998985,6990,0,0,0,155.476,BBO_CHANGE_STREAM,false
71,LATE_COUNT,44.812669,44.816667,0.99991079,76472,26,1,9,180.021,BBO_CHANGE_STREAM,true
71,POST_RESOLUTION_DIAGNOSTIC,,,,0,0,0,0,,DEPTH_SNAPSHOT_STREAM,false
72,PRE_ELECTION,60.998223,61.0,0.99997087,170301,160,27,126,1301.512,BBO_CHANGE_STREAM,false
72,ELECTION_DAY_PRE_RESULTS,8.180587,8.183333,0.99966444,28335,32,19,29,30.396,BBO_CHANGE_STREAM,false
72,ACTIVE_RESULTS,5.999909,6.0,0.99998483,35599,36,29,60,17.969,BBO_CHANGE_STREAM,true
72,LATE_COUNT,44.815263,44.816667,0.99996867,185231,64,19,44,37.243,BBO_CHANGE_STREAM,true
72,POST_RESOLUTION_DIAGNOSTIC,,,,0,0,0,0,,DEPTH_SNAPSHOT_STREAM,false
73,PRE_ELECTION,60.998223,61.0,0.99997087,170276,145,73,100,1301.512,BBO_CHANGE_STREAM,false
73,ELECTION_DAY_PRE_RESULTS,8.180587,8.183333,0.99966444,28338,32,9,39,30.396,BBO_CHANGE_STREAM,false
73,ACTIVE_RESULTS,5.999909,6.0,0.99998483,35599,36,6,46,17.969,BBO_CHANGE_STREAM,true
73,LATE_COUNT,44.815263,44.816667,0.99996867,185227,56,6,24,37.243,BBO_CHANGE_STREAM,true
73,POST_RESOLUTION_DIAGNOSTIC,,,,0,0,0,0,,DEPTH_SNAPSHOT_STREAM,false
74,PRE_ELECTION,60.998709,61.0,0.99997884,264284,124,18,107,1405.978,BBO_CHANGE_STREAM,false
74,ELECTION_DAY_PRE_RESULTS,8.183112,8.183333,0.99997299,49722,13,2,11,40.977,BBO_CHANGE_STREAM,false
74,ACTIVE_RESULTS,5.999213,6.0,0.99986883,26050,5,4,9,27.395,BBO_CHANGE_STREAM,false
74,LATE_COUNT,44.816237,44.816667,0.99999041,103026,35,1,3,66.288,BBO_CHANGE_STREAM,true
74,POST_RESOLUTION_DIAGNOSTIC,,,,0,0,0,0,,DEPTH_SNAPSHOT_STREAM,false
75,PRE_ELECTION,60.998709,61.0,0.99997884,264289,110,59,111,1405.978,BBO_CHANGE_STREAM,false
75,ELECTION_DAY_PRE_RESULTS,8.183112,8.183333,0.99997299,49722,12,10,17,40.977,BBO_CHANGE_STREAM,false
75,ACTIVE_RESULTS,5.999213,6.0,0.99986883,26051,5,1,4,27.395,BBO_CHANGE_STREAM,false
75,LATE_COUNT,44.816237,44.816667,0.99999041,103033,32,1,1,66.288,BBO_CHANGE_STREAM,true
75,POST_RESOLUTION_DIAGNOSTIC,,,,0,0,0,0,,DEPTH_SNAPSHOT_STREAM,false
76,PRE_ELECTION,60.997018,61.0,0.99995111,93494,60,4,28,1722.538,BBO_CHANGE_STREAM,false
76,ELECTION_DAY_PRE_RESULTS,8.183112,8.183333,0.99997299,18769,5,1,5,69.716,BBO_CHANGE_STREAM,false
76,ACTIVE_RESULTS,5.999713,6.0,0.99995217,28168,0,0,0,20.61,BBO_CHANGE_STREAM,false
76,LATE_COUNT,44.816409,44.816667,0.99999424,127711,27,1,1,114.839,BBO_CHANGE_STREAM,true
76,POST_RESOLUTION_DIAGNOSTIC,,,,0,0,0,0,,DEPTH_SNAPSHOT_STREAM,false
77,PRE_ELECTION,60.997018,61.0,0.99995111,93484,57,10,33,1722.538,BBO_CHANGE_STREAM,false
77,ELECTION_DAY_PRE_RESULTS,8.183112,8.183333,0.99997299,18772,7,2,12,69.716,BBO_CHANGE_STREAM,false
77,ACTIVE_RESULTS,5.999713,6.0,0.99995217,28168,1,0,0,20.61,BBO_CHANGE_STREAM,false
77,LATE_COUNT,44.816409,44.816667,0.99999424,127686,30,0,1,114.839,BBO_CHANGE_STREAM,true
77,POST_RESOLUTION_DIAGNOSTIC,,,,0,0,0,0,,DEPTH_SNAPSHOT_STREAM,false
78,PRE_ELECTION,60.998385,61.0,0.99997352,304251,204,108,174,1393.908,BBO_CHANGE_STREAM,false
78,ELECTION_DAY_PRE_RESULTS,8.182923,8.183333,0.9999499,80865,17,9,16,98.71,BBO_CHANGE_STREAM,false
78,ACTIVE_RESULTS,5.999345,6.0,0.99989083,37053,18,12,37,68.99,BBO_CHANGE_STREAM,true
78,LATE_COUNT,44.815402,44.816667,0.99997177,178723,30,6,16,59.523,BBO_CHANGE_STREAM,true
78,POST_RESOLUTION_DIAGNOSTIC,,,,0,0,0,0,,DEPTH_SNAPSHOT_STREAM,false
79,PRE_ELECTION,60.998385,61.0,0.99997352,304206,186,48,207,1393.908,BBO_CHANGE_STREAM,false
79,ELECTION_DAY_PRE_RESULTS,8.182923,8.183333,0.9999499,80871,16,5,19,98.71,BBO_CHANGE_STREAM,false
79,ACTIVE_RESULTS,5.999345,6.0,0.99989083,37054,18,6,24,68.99,BBO_CHANGE_STREAM,true
79,LATE_COUNT,44.81538,44.816667,0.99997128,178751,32,1,12,59.523,BBO_CHANGE_STREAM,true
79,POST_RESOLUTION_DIAGNOSTIC,,,,0,0,0,0,,DEPTH_SNAPSHOT_STREAM,false
80,PRE_ELECTION,60.998198,61.0,0.99997046,141152,33,3,3,1184.229,BBO_CHANGE_STREAM,false
80,ELECTION_DAY_PRE_RESULTS,8.178009,8.183333,0.99934941,8181,1,0,0,44.977,BBO_CHANGE_STREAM,false
80,ACTIVE_RESULTS,5.999076,6.0,0.999846,10213,1,1,1,76.678,BBO_CHANGE_STREAM,false
80,LATE_COUNT,44.812148,44.816667,0.99989917,86047,30,0,0,220.283,BBO_CHANGE_STREAM,true
80,POST_RESOLUTION_DIAGNOSTIC,,,,0,0,0,0,,DEPTH_SNAPSHOT_STREAM,false
81,PRE_ELECTION,60.998198,61.0,0.99997046,141096,39,0,5,1184.229,BBO_CHANGE_STREAM,false
81,ELECTION_DAY_PRE_RESULTS,8.178009,8.183333,0.99934941,8192,1,0,0,44.977,BBO_CHANGE_STREAM,false
81,ACTIVE_RESULTS,5.999076,6.0,0.999846,10212,1,0,4,76.469,BBO_CHANGE_STREAM,false
81,LATE_COUNT,44.812148,44.816667,0.99989917,86048,28,0,0,220.283,BBO_CHANGE_STREAM,true
81,POST_RESOLUTION_DIAGNOSTIC,,,,0,0,0,0,,DEPTH_SNAPSHOT_STREAM,false
82,PRE_ELECTION,60.997752,61.0,0.99996315,191352,51,0,10,1854.86,BBO_CHANGE_STREAM,false
82,ELECTION_DAY_PRE_RESULTS,8.182323,8.183333,0.99987658,26897,4,1,2,23.253,BBO_CHANGE_STREAM,false
82,ACTIVE_RESULTS,5.999844,6.0,0.999974,19059,0,0,0,43.685,BBO_CHANGE_STREAM,false
82,LATE_COUNT,44.815107,44.816667,0.99996519,137620,31,0,0,79.321,BBO_CHANGE_STREAM,true
82,POST_RESOLUTION_DIAGNOSTIC,,,,0,0,0,0,,DEPTH_SNAPSHOT_STREAM,false
83,PRE_ELECTION,60.997752,61.0,0.99996315,191300,41,8,8,1854.86,BBO_CHANGE_STREAM,false
83,ELECTION_DAY_PRE_RESULTS,8.182323,8.183333,0.99987658,26892,4,0,0,23.253,BBO_CHANGE_STREAM,false
83,ACTIVE_RESULTS,5.999844,6.0,0.999974,19059,0,0,0,43.685,BBO_CHANGE_STREAM,false
83,LATE_COUNT,44.815107,44.816667,0.99996519,137615,19,0,0,79.321,BBO_CHANGE_STREAM,true
83,POST_RESOLUTION_DIAGNOSTIC,,,,0,0,0,0,,DEPTH_SNAPSHOT_STREAM,false
84,PRE_ELECTION,60.998741,61.0,0.99997936,168668,50,12,12,1855.237,BBO_CHANGE_STREAM,false
84,ELECTION_DAY_PRE_RESULTS,8.183193,8.183333,0.99998289,23565,11,4,4,26.854,BBO_CHANGE_STREAM,false
84,ACTIVE_RESULTS,5.999844,6.0,0.999974,13413,0,0,0,116.14,BBO_CHANGE_STREAM,false
84,LATE_COUNT,44.814999,44.816667,0.99996278,105530,23,0,0,213.86,BBO_CHANGE_STREAM,true
84,POST_RESOLUTION_DIAGNOSTIC,,,,0,0,0,0,,DEPTH_SNAPSHOT_STREAM,false
85,PRE_ELECTION,60.998741,61.0,0.99997936,168707,47,0,13,1855.237,BBO_CHANGE_STREAM,false
85,ELECTION_DAY_PRE_RESULTS,8.183193,8.183333,0.99998289,23566,10,1,8,26.854,BBO_CHANGE_STREAM,false
85,ACTIVE_RESULTS,5.999844,6.0,0.999974,13408,0,0,0,116.14,BBO_CHANGE_STREAM,false
85,LATE_COUNT,44.814999,44.816667,0.99996278,105525,27,0,0,213.86,BBO_CHANGE_STREAM,true
85,POST_RESOLUTION_DIAGNOSTIC,,,,0,0,0,0,,DEPTH_SNAPSHOT_STREAM,false
86,PRE_ELECTION,60.998463,61.0,0.9999748,129859,47,0,11,1855.237,BBO_CHANGE_STREAM,false
86,ELECTION_DAY_PRE_RESULTS,8.177996,8.183333,0.99934782,15330,4,0,1,47.061,BBO_CHANGE_STREAM,false
86,ACTIVE_RESULTS,5.996583,6.0,0.9994305,13714,1,0,2,105.29,BBO_CHANGE_STREAM,false
86,LATE_COUNT,44.809891,44.816667,0.99984881,117666,30,0,0,115.513,BBO_CHANGE_STREAM,true
86,POST_RESOLUTION_DIAGNOSTIC,,,,0,0,0,0,,DEPTH_SNAPSHOT_STREAM,false
87,PRE_ELECTION,60.998463,61.0,0.9999748,129851,43,5,6,1855.237,BBO_CHANGE_STREAM,false
87,ELECTION_DAY_PRE_RESULTS,8.177996,8.183333,0.99934782,15329,4,1,1,47.061,BBO_CHANGE_STREAM,false
87,ACTIVE_RESULTS,5.996583,6.0,0.9994305,13714,1,1,1,105.29,BBO_CHANGE_STREAM,false
87,LATE_COUNT,44.809891,44.816667,0.99984881,117669,24,0,0,115.513,BBO_CHANGE_STREAM,true
87,POST_RESOLUTION_DIAGNOSTIC,,,,0,0,0,0,,DEPTH_SNAPSHOT_STREAM,false
88,PRE_ELECTION,60.998497,61.0,0.99997536,180140,62,12,12,1352.231,BBO_CHANGE_STREAM,false
88,ELECTION_DAY_PRE_RESULTS,8.18162,8.183333,0.99979067,22350,3,0,0,29.594,BBO_CHANGE_STREAM,false
88,ACTIVE_RESULTS,5.999772,6.0,0.999962,14036,1,1,1,109.739,BBO_CHANGE_STREAM,false
88,LATE_COUNT,44.814986,44.816667,0.99996249,117629,27,0,0,155.578,BBO_CHANGE_STREAM,true
88,POST_RESOLUTION_DIAGNOSTIC,,,,0,0,0,0,,DEPTH_SNAPSHOT_STREAM,false
89,PRE_ELECTION,60.998497,61.0,0.99997536,180092,50,1,17,1351.995,BBO_CHANGE_STREAM,false
89,ELECTION_DAY_PRE_RESULTS,8.18162,8.183333,0.99979067,22350,5,1,2,29.594,BBO_CHANGE_STREAM,false
89,ACTIVE_RESULTS,5.999772,6.0,0.999962,14031,1,0,3,109.739,BBO_CHANGE_STREAM,false
89,LATE_COUNT,44.814986,44.816667,0.99996249,117594,32,0,0,155.578,BBO_CHANGE_STREAM,true
89,POST_RESOLUTION_DIAGNOSTIC,,,,0,0,0,0,,DEPTH_SNAPSHOT_STREAM,false
90,PRE_ELECTION,60.997638,61.0,0.99996128,122664,40,0,4,1855.237,BBO_CHANGE_STREAM,false
90,ELECTION_DAY_PRE_RESULTS,8.178816,8.183333,0.99944802,6685,8,0,0,76.962,BBO_CHANGE_STREAM,false
90,ACTIVE_RESULTS,5.999076,6.0,0.999846,9852,1,0,2,76.562,BBO_CHANGE_STREAM,false
90,LATE_COUNT,44.814878,44.816667,0.99996008,83935,25,0,0,483.534,BBO_CHANGE_STREAM,true
90,POST_RESOLUTION_DIAGNOSTIC,,,,0,0,0,0,,DEPTH_SNAPSHOT_STREAM,false
91,PRE_ELECTION,60.997638,61.0,0.99996128,122778,42,2,2,1855.237,BBO_CHANGE_STREAM,false
91,ELECTION_DAY_PRE_RESULTS,8.178816,8.183333,0.99944802,6685,1,0,0,76.962,BBO_CHANGE_STREAM,false
91,ACTIVE_RESULTS,5.999076,6.0,0.999846,9853,1,1,1,76.771,BBO_CHANGE_STREAM,false
91,LATE_COUNT,44.814878,44.816667,0.99996008,83953,27,0,0,483.534,BBO_CHANGE_STREAM,true
91,POST_RESOLUTION_DIAGNOSTIC,,,,0,0,0,0,,DEPTH_SNAPSHOT_STREAM,false
92,PRE_ELECTION,60.998907,61.0,0.99998208,203179,63,4,57,2798.755,BBO_CHANGE_STREAM,false
92,ELECTION_DAY_PRE_RESULTS,8.183155,8.183333,0.99997825,36914,33,22,36,118.334,BBO_CHANGE_STREAM,false
92,ACTIVE_RESULTS,5.999271,6.0,0.9998785,40981,9,2,10,20.252,BBO_CHANGE_STREAM,true
92,LATE_COUNT,44.815092,44.816667,0.99996486,415336,33,3,9,32.955,BBO_CHANGE_STREAM,true
92,POST_RESOLUTION_DIAGNOSTIC,,,,0,0,0,0,,DEPTH_SNAPSHOT_STREAM,false
93,PRE_ELECTION,60.998907,61.0,0.99998208,203108,82,20,28,2798.519,BBO_CHANGE_STREAM,false
93,ELECTION_DAY_PRE_RESULTS,8.183155,8.183333,0.99997825,36912,34,7,40,118.334,BBO_CHANGE_STREAM,false
93,ACTIVE_RESULTS,5.999271,6.0,0.9998785,40975,10,7,14,20.252,BBO_CHANGE_STREAM,true
93,LATE_COUNT,44.815092,44.816667,0.99996486,415380,29,2,2,32.955,BBO_CHANGE_STREAM,true
93,POST_RESOLUTION_DIAGNOSTIC,,,,0,0,0,0,,DEPTH_SNAPSHOT_STREAM,false
94,PRE_ELECTION,60.997638,61.0,0.99996128,173670,62,12,12,1115.231,BBO_CHANGE_STREAM,false
94,ELECTION_DAY_PRE_RESULTS,8.181561,8.183333,0.99978346,24615,3,1,1,26.338,BBO_CHANGE_STREAM,false
94,ACTIVE_RESULTS,5.999713,6.0,0.99995217,14023,0,0,0,106.763,BBO_CHANGE_STREAM,false
94,LATE_COUNT,44.815787,44.816667,0.99998036,105313,31,0,0,192.814,BBO_CHANGE_STREAM,true
94,POST_RESOLUTION_DIAGNOSTIC,,,,0,0,0,0,,DEPTH_SNAPSHOT_STREAM,false
95,PRE_ELECTION,60.997638,61.0,0.99996128,173647,56,1,16,1114.995,BBO_CHANGE_STREAM,false
95,ELECTION_DAY_PRE_RESULTS,8.181561,8.183333,0.99978346,24615,4,0,1,26.338,BBO_CHANGE_STREAM,false
95,ACTIVE_RESULTS,5.999713,6.0,0.99995217,14023,0,0,0,106.763,BBO_CHANGE_STREAM,false
95,LATE_COUNT,44.815787,44.816667,0.99998036,105315,34,0,0,192.814,BBO_CHANGE_STREAM,true
95,POST_RESOLUTION_DIAGNOSTIC,,,,0,0,0,0,,DEPTH_SNAPSHOT_STREAM,false
96,PRE_ELECTION,58.14967,61.0,0.95327328,171539,68,1,12,1855.237,BBO_CHANGE_STREAM,false
96,ELECTION_DAY_PRE_RESULTS,,8.183333,,0,0,0,0,,DEPTH_SNAPSHOT_STREAM,false
96,ACTIVE_RESULTS,,6.0,,0,0,0,0,,DEPTH_SNAPSHOT_STREAM,false
96,LATE_COUNT,,44.816667,,0,0,0,0,,DEPTH_SNAPSHOT_STREAM,false
96,POST_RESOLUTION_DIAGNOSTIC,,,,0,0,0,0,,DEPTH_SNAPSHOT_STREAM,false
97,PRE_ELECTION,58.14967,61.0,0.95327328,171633,54,9,10,1855.237,BBO_CHANGE_STREAM,false
97,ELECTION_DAY_PRE_RESULTS,,8.183333,,0,0,0,0,,DEPTH_SNAPSHOT_STREAM,false
97,ACTIVE_RESULTS,,6.0,,0,0,0,0,,DEPTH_SNAPSHOT_STREAM,false
97,LATE_COUNT,,44.816667,,0,0,0,0,,DEPTH_SNAPSHOT_STREAM,false
97,POST_RESOLUTION_DIAGNOSTIC,,,,0,0,0,0,,DEPTH_SNAPSHOT_STREAM,false
98,PRE_ELECTION,60.998707,61.0,0.9999788,100006,100,7,41,1094.013,BBO_CHANGE_STREAM,false
98,ELECTION_DAY_PRE_RESULTS,8.183155,8.183333,0.99997825,29951,25,2,15,127.405,BBO_CHANGE_STREAM,false
98,ACTIVE_RESULTS,5.999576,6.0,0.99992933,25919,9,5,8,44.187,BBO_CHANGE_STREAM,true
98,LATE_COUNT,44.815839,44.816667,0.99998152,292927,29,2,3,48.711,BBO_CHANGE_STREAM,true
98,POST_RESOLUTION_DIAGNOSTIC,,,,0,0,0,0,,DEPTH_SNAPSHOT_STREAM,false
99,PRE_ELECTION,60.998707,61.0,0.9999788,100027,83,26,41,1094.013,BBO_CHANGE_STREAM,false
99,ELECTION_DAY_PRE_RESULTS,8.183155,8.183333,0.99997825,29951,23,20,55,127.405,BBO_CHANGE_STREAM,false
99,ACTIVE_RESULTS,5.999576,6.0,0.99992933,25924,10,4,18,44.187,BBO_CHANGE_STREAM,true
99,LATE_COUNT,44.815839,44.816667,0.99998152,292909,25,3,8,48.711,BBO_CHANGE_STREAM,true
99,POST_RESOLUTION_DIAGNOSTIC,,,,0,0,0,0,,DEPTH_SNAPSHOT_STREAM,false
100,PRE_ELECTION,60.998741,61.0,0.99997936,176179,61,4,31,1855.001,BBO_CHANGE_STREAM,false
100,ELECTION_DAY_PRE_RESULTS,8.183193,8.183333,0.99998289,11480,27,2,45,94.515,BBO_CHANGE_STREAM,false
100,ACTIVE_RESULTS,5.99977,6.0,0.99996167,34869,5,1,15,16.047,BBO_CHANGE_STREAM,true
100,LATE_COUNT,44.815703,44.816667,0.99997849,402300,34,2,2,28.937,BBO_CHANGE_STREAM,true
100,POST_RESOLUTION_DIAGNOSTIC,,,,0,0,0,0,,DEPTH_SNAPSHOT_STREAM,false
101,PRE_ELECTION,60.998741,61.0,0.99997936,176232,62,20,24,1855.001,BBO_CHANGE_STREAM,false
101,ELECTION_DAY_PRE_RESULTS,8.183193,8.183333,0.99998289,11473,28,24,25,94.365,BBO_CHANGE_STREAM,false
101,ACTIVE_RESULTS,5.99977,6.0,0.99996167,34882,6,4,7,16.047,BBO_CHANGE_STREAM,true
101,LATE_COUNT,44.815703,44.816667,0.99997849,402277,38,3,8,28.937,BBO_CHANGE_STREAM,true
101,POST_RESOLUTION_DIAGNOSTIC,,,,0,0,0,0,,DEPTH_SNAPSHOT_STREAM,false
102,PRE_ELECTION,60.998091,61.0,0.9999687,209587,71,3,26,1749.501,BBO_CHANGE_STREAM,false
102,ELECTION_DAY_PRE_RESULTS,8.18327,8.183333,0.9999923,21465,17,3,25,97.189,BBO_CHANGE_STREAM,false
102,ACTIVE_RESULTS,5.999844,6.0,0.999974,33950,3,2,7,19.502,BBO_CHANGE_STREAM,true
102,LATE_COUNT,44.815092,44.816667,0.99996486,451844,30,0,0,24.572,BBO_CHANGE_STREAM,true
102,POST_RESOLUTION_DIAGNOSTIC,,,,0,0,0,0,,DEPTH_SNAPSHOT_STREAM,false
103,PRE_ELECTION,60.998091,61.0,0.9999687,209568,57,18,21,1749.501,BBO_CHANGE_STREAM,false
103,ELECTION_DAY_PRE_RESULTS,8.18327,8.183333,0.9999923,21465,16,12,14,97.189,BBO_CHANGE_STREAM,false
103,ACTIVE_RESULTS,5.999844,6.0,0.999974,33953,3,1,1,19.502,BBO_CHANGE_STREAM,true
103,LATE_COUNT,44.815092,44.816667,0.99996486,451799,28,3,6,24.572,BBO_CHANGE_STREAM,true
103,POST_RESOLUTION_DIAGNOSTIC,,,,0,0,0,0,,DEPTH_SNAPSHOT_STREAM,false
104,PRE_ELECTION,60.997197,61.0,0.99995405,166169,57,7,7,1855.237,BBO_CHANGE_STREAM,false
104,ELECTION_DAY_PRE_RESULTS,8.179401,8.183333,0.99951951,16518,4,0,0,49.554,BBO_CHANGE_STREAM,false
104,ACTIVE_RESULTS,5.999909,6.0,0.99998483,15994,1,1,1,62.897,BBO_CHANGE_STREAM,false
104,LATE_COUNT,44.816633,44.816667,0.99999924,155574,27,0,0,45.686,BBO_CHANGE_STREAM,true
104,POST_RESOLUTION_DIAGNOSTIC,,,,0,0,0,0,,DEPTH_SNAPSHOT_STREAM,false
105,PRE_ELECTION,60.997197,61.0,0.99995405,166231,56,0,13,1855.237,BBO_CHANGE_STREAM,false
105,ELECTION_DAY_PRE_RESULTS,8.179401,8.183333,0.99951951,16518,5,1,2,49.554,BBO_CHANGE_STREAM,false
105,ACTIVE_RESULTS,5.999909,6.0,0.99998483,15993,1,0,2,62.897,BBO_CHANGE_STREAM,false
105,LATE_COUNT,44.816633,44.816667,0.99999924,155576,25,0,0,45.686,BBO_CHANGE_STREAM,true
105,POST_RESOLUTION_DIAGNOSTIC,,,,0,0,0,0,,DEPTH_SNAPSHOT_STREAM,false
106,PRE_ELECTION,60.997197,61.0,0.99995405,162887,61,0,13,1780.237,BBO_CHANGE_STREAM,false
106,ELECTION_DAY_PRE_RESULTS,8.181558,8.183333,0.9997831,18602,5,0,0,60.844,BBO_CHANGE_STREAM,false
106,ACTIVE_RESULTS,5.997252,6.0,0.999542,17522,0,0,0,34.054,BBO_CHANGE_STREAM,false
106,LATE_COUNT,44.815787,44.816667,0.99998036,135759,33,0,0,93.406,BBO_CHANGE_STREAM,true
106,POST_RESOLUTION_DIAGNOSTIC,,,,0,0,0,0,,DEPTH_SNAPSHOT_STREAM,false
107,PRE_ELECTION,60.997197,61.0,0.99995405,162971,43,10,10,1780.237,BBO_CHANGE_STREAM,false
107,ELECTION_DAY_PRE_RESULTS,8.181558,8.183333,0.9997831,18600,1,0,0,60.844,BBO_CHANGE_STREAM,false
107,ACTIVE_RESULTS,5.997252,6.0,0.999542,17522,0,0,0,34.054,BBO_CHANGE_STREAM,false
107,LATE_COUNT,44.815787,44.816667,0.99998036,135764,25,0,0,93.406,BBO_CHANGE_STREAM,true
107,POST_RESOLUTION_DIAGNOSTIC,,,,0,0,0,0,,DEPTH_SNAPSHOT_STREAM,false
108,PRE_ELECTION,60.998531,61.0,0.99997592,161594,59,10,10,1855.237,BBO_CHANGE_STREAM,false
108,ELECTION_DAY_PRE_RESULTS,8.183193,8.183333,0.99998289,22051,5,2,2,28.209,BBO_CHANGE_STREAM,false
108,ACTIVE_RESULTS,5.997407,6.0,0.99956783,13331,1,1,1,106.437,BBO_CHANGE_STREAM,false
108,LATE_COUNT,44.815787,44.816667,0.99998036,107875,26,0,0,166.518,BBO_CHANGE_STREAM,true
108,POST_RESOLUTION_DIAGNOSTIC,,,,0,0,0,0,,DEPTH_SNAPSHOT_STREAM,false
109,PRE_ELECTION,60.997638,61.0,0.99996128,161545,49,0,12,1855.237,BBO_CHANGE_STREAM,false
109,ELECTION_DAY_PRE_RESULTS,8.183193,8.183333,0.99998289,22053,5,0,4,28.209,BBO_CHANGE_STREAM,false
109,ACTIVE_RESULTS,5.997407,6.0,0.99956783,13330,1,0,4,106.437,BBO_CHANGE_STREAM,false
109,LATE_COUNT,44.815787,44.816667,0.99998036,107861,28,0,0,166.518,BBO_CHANGE_STREAM,true
109,POST_RESOLUTION_DIAGNOSTIC,,,,0,0,0,0,,DEPTH_SNAPSHOT_STREAM,false
110,PRE_ELECTION,60.997419,61.0,0.99995769,154446,66,0,20,1855.237,BBO_CHANGE_STREAM,false
110,ELECTION_DAY_PRE_RESULTS,8.181768,8.183333,0.99980876,20777,8,0,4,35.713,BBO_CHANGE_STREAM,false
110,ACTIVE_RESULTS,5.996835,6.0,0.9994725,16127,0,0,0,83.338,BBO_CHANGE_STREAM,false
110,LATE_COUNT,44.815839,44.816667,0.99998152,114024,26,0,4,105.046,BBO_CHANGE_STREAM,true
110,POST_RESOLUTION_DIAGNOSTIC,,,,0,0,0,0,,DEPTH_SNAPSHOT_STREAM,false
111,PRE_ELECTION,60.997419,61.0,0.99995769,154457,77,15,16,1855.237,BBO_CHANGE_STREAM,false
111,ELECTION_DAY_PRE_RESULTS,8.181768,8.183333,0.99980876,20779,8,4,4,35.713,BBO_CHANGE_STREAM,false
111,ACTIVE_RESULTS,5.996835,6.0,0.9994725,16127,0,0,0,83.338,BBO_CHANGE_STREAM,false
111,LATE_COUNT,44.815839,44.816667,0.99998152,114067,17,1,1,105.046,BBO_CHANGE_STREAM,true
111,POST_RESOLUTION_DIAGNOSTIC,,,,0,0,0,0,,DEPTH_SNAPSHOT_STREAM,false
112,PRE_ELECTION,60.997638,61.0,0.99996128,110851,45,3,3,1738.736,BBO_CHANGE_STREAM,false
112,ELECTION_DAY_PRE_RESULTS,8.175671,8.183333,0.99906371,6559,0,0,0,73.563,BBO_CHANGE_STREAM,false
112,ACTIVE_RESULTS,5.963793,6.0,0.9939655,7574,0,0,0,261.723,BBO_CHANGE_STREAM,false
112,LATE_COUNT,44.723386,44.816667,0.99791861,95394,26,1,1,384.103,BBO_CHANGE_STREAM,true
112,POST_RESOLUTION_DIAGNOSTIC,,,,0,0,0,0,,DEPTH_SNAPSHOT_STREAM,false
113,PRE_ELECTION,60.997638,61.0,0.99996128,110828,42,0,4,1738.736,BBO_CHANGE_STREAM,false
113,ELECTION_DAY_PRE_RESULTS,8.175671,8.183333,0.99906371,6559,4,0,0,73.563,BBO_CHANGE_STREAM,false
113,ACTIVE_RESULTS,5.963793,6.0,0.9939655,7574,0,0,0,261.723,BBO_CHANGE_STREAM,false
113,LATE_COUNT,44.723386,44.816667,0.99791861,95386,28,0,1,384.103,BBO_CHANGE_STREAM,true
113,POST_RESOLUTION_DIAGNOSTIC,,,,0,0,0,0,,DEPTH_SNAPSHOT_STREAM,false
114,PRE_ELECTION,,61.0,,0,0,0,0,,DEPTH_SNAPSHOT_STREAM,false
114,ELECTION_DAY_PRE_RESULTS,,8.183333,,0,0,0,0,,DEPTH_SNAPSHOT_STREAM,false
114,ACTIVE_RESULTS,,6.0,,0,0,0,0,,DEPTH_SNAPSHOT_STREAM,false
114,LATE_COUNT,,44.816667,,0,0,0,0,,DEPTH_SNAPSHOT_STREAM,false
114,POST_RESOLUTION_DIAGNOSTIC,,,,0,0,0,0,,DEPTH_SNAPSHOT_STREAM,false
115,PRE_ELECTION,,61.0,,0,0,0,0,,DEPTH_SNAPSHOT_STREAM,false
115,ELECTION_DAY_PRE_RESULTS,,8.183333,,0,0,0,0,,DEPTH_SNAPSHOT_STREAM,false
115,ACTIVE_RESULTS,,6.0,,0,0,0,0,,DEPTH_SNAPSHOT_STREAM,false
115,LATE_COUNT,,44.816667,,0,0,0,0,,DEPTH_SNAPSHOT_STREAM,false
115,POST_RESOLUTION_DIAGNOSTIC,,,,0,0,0,0,,DEPTH_SNAPSHOT_STREAM,false
116,PRE_ELECTION,,61.0,,0,0,0,0,,DEPTH_SNAPSHOT_STREAM,false
116,ELECTION_DAY_PRE_RESULTS,,8.183333,,0,0,0,0,,DEPTH_SNAPSHOT_STREAM,false
116,ACTIVE_RESULTS,,6.0,,0,0,0,0,,DEPTH_SNAPSHOT_STREAM,false
116,LATE_COUNT,,44.816667,,0,0,0,0,,DEPTH_SNAPSHOT_STREAM,false
116,POST_RESOLUTION_DIAGNOSTIC,,,,0,0,0,0,,DEPTH_SNAPSHOT_STREAM,false
117,PRE_ELECTION,,61.0,,0,0,0,0,,DEPTH_SNAPSHOT_STREAM,false
117,ELECTION_DAY_PRE_RESULTS,,8.183333,,0,0,0,0,,DEPTH_SNAPSHOT_STREAM,false
117,ACTIVE_RESULTS,,6.0,,0,0,0,0,,DEPTH_SNAPSHOT_STREAM,false
117,LATE_COUNT,,44.816667,,0,0,0,0,,DEPTH_SNAPSHOT_STREAM,false
117,POST_RESOLUTION_DIAGNOSTIC,,,,0,0,0,0,,DEPTH_SNAPSHOT_STREAM,false
118,PRE_ELECTION,,61.0,,0,0,0,0,,DEPTH_SNAPSHOT_STREAM,false
118,ELECTION_DAY_PRE_RESULTS,,8.183333,,0,0,0,0,,DEPTH_SNAPSHOT_STREAM,false
118,ACTIVE_RESULTS,,6.0,,0,0,0,0,,DEPTH_SNAPSHOT_STREAM,false
118,LATE_COUNT,,44.816667,,0,0,0,0,,DEPTH_SNAPSHOT_STREAM,false
118,POST_RESOLUTION_DIAGNOSTIC,,,,0,0,0,0,,DEPTH_SNAPSHOT_STREAM,false
119,PRE_ELECTION,,61.0,,0,0,0,0,,DEPTH_SNAPSHOT_STREAM,false
119,ELECTION_DAY_PRE_RESULTS,,8.183333,,0,0,0,0,,DEPTH_SNAPSHOT_STREAM,false
119,ACTIVE_RESULTS,,6.0,,0,0,0,0,,DEPTH_SNAPSHOT_STREAM,false
119,LATE_COUNT,,44.816667,,0,0,0,0,,DEPTH_SNAPSHOT_STREAM,false
119,POST_RESOLUTION_DIAGNOSTIC,,,,0,0,0,0,,DEPTH_SNAPSHOT_STREAM,false
120,PRE_ELECTION,,61.0,,0,0,0,0,,DEPTH_SNAPSHOT_STREAM,false
120,ELECTION_DAY_PRE_RESULTS,,8.183333,,0,0,0,0,,DEPTH_SNAPSHOT_STREAM,false
120,ACTIVE_RESULTS,,6.0,,0,0,0,0,,DEPTH_SNAPSHOT_STREAM,false
120,LATE_COUNT,,44.816667,,0,0,0,0,,DEPTH_SNAPSHOT_STREAM,false
120,POST_RESOLUTION_DIAGNOSTIC,,,,0,0,0,0,,DEPTH_SNAPSHOT_STREAM,false
121,PRE_ELECTION,,61.0,,0,0,0,0,,DEPTH_SNAPSHOT_STREAM,false
121,ELECTION_DAY_PRE_RESULTS,,8.183333,,0,0,0,0,,DEPTH_SNAPSHOT_STREAM,false
121,ACTIVE_RESULTS,,6.0,,0,0,0,0,,DEPTH_SNAPSHOT_STREAM,false
121,LATE_COUNT,,44.816667,,0,0,0,0,,DEPTH_SNAPSHOT_STREAM,false
121,POST_RESOLUTION_DIAGNOSTIC,,,,0,0,0,0,,DEPTH_SNAPSHOT_STREAM,false
122,PRE_ELECTION,,61.0,,0,0,0,0,,DEPTH_SNAPSHOT_STREAM,false
122,ELECTION_DAY_PRE_RESULTS,,8.183333,,0,0,0,0,,DEPTH_SNAPSHOT_STREAM,false
122,ACTIVE_RESULTS,,6.0,,0,0,0,0,,DEPTH_SNAPSHOT_STREAM,false
122,LATE_COUNT,,44.816667,,0,0,0,0,,DEPTH_SNAPSHOT_STREAM,false
122,POST_RESOLUTION_DIAGNOSTIC,,,,0,0,0,0,,DEPTH_SNAPSHOT_STREAM,false
123,PRE_ELECTION,,61.0,,0,0,0,0,,DEPTH_SNAPSHOT_STREAM,false
123,ELECTION_DAY_PRE_RESULTS,,8.183333,,0,0,0,0,,DEPTH_SNAPSHOT_STREAM,false
123,ACTIVE_RESULTS,,6.0,,0,0,0,0,,DEPTH_SNAPSHOT_STREAM,false
123,LATE_COUNT,,44.816667,,0,0,0,0,,DEPTH_SNAPSHOT_STREAM,false
123,POST_RESOLUTION_DIAGNOSTIC,,,,0,0,0,0,,DEPTH_SNAPSHOT_STREAM,false
124,PRE_ELECTION,,61.0,,0,0,0,0,,DEPTH_SNAPSHOT_STREAM,false
124,ELECTION_DAY_PRE_RESULTS,,8.183333,,0,0,0,0,,DEPTH_SNAPSHOT_STREAM,false
124,ACTIVE_RESULTS,,6.0,,0,0,0,0,,DEPTH_SNAPSHOT_STREAM,false
124,LATE_COUNT,,44.816667,,0,0,0,0,,DEPTH_SNAPSHOT_STREAM,false
124,POST_RESOLUTION_DIAGNOSTIC,,,,0,0,0,0,,DEPTH_SNAPSHOT_STREAM,false
125,PRE_ELECTION,,61.0,,0,0,0,0,,DEPTH_SNAPSHOT_STREAM,false
125,ELECTION_DAY_PRE_RESULTS,,8.183333,,0,0,0,0,,DEPTH_SNAPSHOT_STREAM,false
125,ACTIVE_RESULTS,,6.0,,0,0,0,0,,DEPTH_SNAPSHOT_STREAM,false
125,LATE_COUNT,,44.816667,,0,0,0,0,,DEPTH_SNAPSHOT_STREAM,false
125,POST_RESOLUTION_DIAGNOSTIC,,,,0,0,0,0,,DEPTH_SNAPSHOT_STREAM,false
126,PRE_ELECTION,,61.0,,0,0,0,0,,DEPTH_SNAPSHOT_STREAM,false
126,ELECTION_DAY_PRE_RESULTS,,8.183333,,0,0,0,0,,DEPTH_SNAPSHOT_STREAM,false
126,ACTIVE_RESULTS,,6.0,,0,0,0,0,,DEPTH_SNAPSHOT_STREAM,false
126,LATE_COUNT,,44.816667,,0,0,0,0,,DEPTH_SNAPSHOT_STREAM,false
126,POST_RESOLUTION_DIAGNOSTIC,,,,0,0,0,0,,DEPTH_SNAPSHOT_STREAM,false
127,PRE_ELECTION,,61.0,,0,0,0,0,,DEPTH_SNAPSHOT_STREAM,false
127,ELECTION_DAY_PRE_RESULTS,,8.183333,,0,0,0,0,,DEPTH_SNAPSHOT_STREAM,false
127,ACTIVE_RESULTS,,6.0,,0,0,0,0,,DEPTH_SNAPSHOT_STREAM,false
127,LATE_COUNT,,44.816667,,0,0,0,0,,DEPTH_SNAPSHOT_STREAM,false
127,POST_RESOLUTION_DIAGNOSTIC,,,,0,0,0,0,,DEPTH_SNAPSHOT_STREAM,false
128,PRE_ELECTION,,61.0,,0,0,0,0,,DEPTH_SNAPSHOT_STREAM,false
128,ELECTION_DAY_PRE_RESULTS,,8.183333,,0,0,0,0,,DEPTH_SNAPSHOT_STREAM,false
128,ACTIVE_RESULTS,,6.0,,0,0,0,0,,DEPTH_SNAPSHOT_STREAM,false
128,LATE_COUNT,,44.816667,,0,0,0,0,,DEPTH_SNAPSHOT_STREAM,false
128,POST_RESOLUTION_DIAGNOSTIC,,,,0,0,0,0,,DEPTH_SNAPSHOT_STREAM,false
129,PRE_ELECTION,,61.0,,0,0,0,0,,DEPTH_SNAPSHOT_STREAM,false
129,ELECTION_DAY_PRE_RESULTS,,8.183333,,0,0,0,0,,DEPTH_SNAPSHOT_STREAM,false
129,ACTIVE_RESULTS,,6.0,,0,0,0,0,,DEPTH_SNAPSHOT_STREAM,false
129,LATE_COUNT,,44.816667,,0,0,0,0,,DEPTH_SNAPSHOT_STREAM,false
129,POST_RESOLUTION_DIAGNOSTIC,,,,0,0,0,0,,DEPTH_SNAPSHOT_STREAM,false
130,PRE_ELECTION,,61.0,,0,0,0,0,,DEPTH_SNAPSHOT_STREAM,false
130,ELECTION_DAY_PRE_RESULTS,,8.183333,,0,0,0,0,,DEPTH_SNAPSHOT_STREAM,false
130,ACTIVE_RESULTS,,6.0,,0,0,0,0,,DEPTH_SNAPSHOT_STREAM,false
130,LATE_COUNT,,44.816667,,0,0,0,0,,DEPTH_SNAPSHOT_STREAM,false
130,POST_RESOLUTION_DIAGNOSTIC,,,,0,0,0,0,,DEPTH_SNAPSHOT_STREAM,false
131,PRE_ELECTION,,61.0,,0,0,0,0,,DEPTH_SNAPSHOT_STREAM,false
131,ELECTION_DAY_PRE_RESULTS,,8.183333,,0,0,0,0,,DEPTH_SNAPSHOT_STREAM,false
131,ACTIVE_RESULTS,,6.0,,0,0,0,0,,DEPTH_SNAPSHOT_STREAM,false
131,LATE_COUNT,,44.816667,,0,0,0,0,,DEPTH_SNAPSHOT_STREAM,false
131,POST_RESOLUTION_DIAGNOSTIC,,,,0,0,0,0,,DEPTH_SNAPSHOT_STREAM,false
132,PRE_ELECTION,,61.0,,0,0,0,0,,DEPTH_SNAPSHOT_STREAM,false
132,ELECTION_DAY_PRE_RESULTS,,8.183333,,0,0,0,0,,DEPTH_SNAPSHOT_STREAM,false
132,ACTIVE_RESULTS,,6.0,,0,0,0,0,,DEPTH_SNAPSHOT_STREAM,false
132,LATE_COUNT,,44.816667,,0,0,0,0,,DEPTH_SNAPSHOT_STREAM,false
132,POST_RESOLUTION_DIAGNOSTIC,,,,0,0,0,0,,DEPTH_SNAPSHOT_STREAM,false
133,PRE_ELECTION,,61.0,,0,0,0,0,,DEPTH_SNAPSHOT_STREAM,false
133,ELECTION_DAY_PRE_RESULTS,,8.183333,,0,0,0,0,,DEPTH_SNAPSHOT_STREAM,false
133,ACTIVE_RESULTS,,6.0,,0,0,0,0,,DEPTH_SNAPSHOT_STREAM,false
133,LATE_COUNT,,44.816667,,0,0,0,0,,DEPTH_SNAPSHOT_STREAM,false
133,POST_RESOLUTION_DIAGNOSTIC,,,,0,0,0,0,,DEPTH_SNAPSHOT_STREAM,false
134,PRE_ELECTION,,61.0,,0,0,0,0,,DEPTH_SNAPSHOT_STREAM,false
134,ELECTION_DAY_PRE_RESULTS,,8.183333,,0,0,0,0,,DEPTH_SNAPSHOT_STREAM,false
134,ACTIVE_RESULTS,,6.0,,0,0,0,0,,DEPTH_SNAPSHOT_STREAM,false
134,LATE_COUNT,,44.816667,,0,0,0,0,,DEPTH_SNAPSHOT_STREAM,false
134,POST_RESOLUTION_DIAGNOSTIC,,,,0,0,0,0,,DEPTH_SNAPSHOT_STREAM,false
135,PRE_ELECTION,,61.0,,0,0,0,0,,DEPTH_SNAPSHOT_STREAM,false
135,ELECTION_DAY_PRE_RESULTS,,8.183333,,0,0,0,0,,DEPTH_SNAPSHOT_STREAM,false
135,ACTIVE_RESULTS,,6.0,,0,0,0,0,,DEPTH_SNAPSHOT_STREAM,false
135,LATE_COUNT,,44.816667,,0,0,0,0,,DEPTH_SNAPSHOT_STREAM,false
135,POST_RESOLUTION_DIAGNOSTIC,,,,0,0,0,0,,DEPTH_SNAPSHOT_STREAM,false
136,PRE_ELECTION,,61.0,,0,0,0,0,,DEPTH_SNAPSHOT_STREAM,false
136,ELECTION_DAY_PRE_RESULTS,,8.183333,,0,0,0,0,,DEPTH_SNAPSHOT_STREAM,false
136,ACTIVE_RESULTS,,6.0,,0,0,0,0,,DEPTH_SNAPSHOT_STREAM,false
136,LATE_COUNT,,44.816667,,0,0,0,0,,DEPTH_SNAPSHOT_STREAM,false
136,POST_RESOLUTION_DIAGNOSTIC,,,,0,0,0,0,,DEPTH_SNAPSHOT_STREAM,false
137,PRE_ELECTION,,61.0,,0,0,0,0,,DEPTH_SNAPSHOT_STREAM,false
137,ELECTION_DAY_PRE_RESULTS,,8.183333,,0,0,0,0,,DEPTH_SNAPSHOT_STREAM,false
137,ACTIVE_RESULTS,,6.0,,0,0,0,0,,DEPTH_SNAPSHOT_STREAM,false
137,LATE_COUNT,,44.816667,,0,0,0,0,,DEPTH_SNAPSHOT_STREAM,false
137,POST_RESOLUTION_DIAGNOSTIC,,,,0,0,0,0,,DEPTH_SNAPSHOT_STREAM,false
138,PRE_ELECTION,,61.0,,0,0,0,0,,DEPTH_SNAPSHOT_STREAM,false
138,ELECTION_DAY_PRE_RESULTS,,8.183333,,0,0,0,0,,DEPTH_SNAPSHOT_STREAM,false
138,ACTIVE_RESULTS,,6.0,,0,0,0,0,,DEPTH_SNAPSHOT_STREAM,false
138,LATE_COUNT,,44.816667,,0,0,0,0,,DEPTH_SNAPSHOT_STREAM,false
138,POST_RESOLUTION_DIAGNOSTIC,,,,0,0,0,0,,DEPTH_SNAPSHOT_STREAM,false
139,PRE_ELECTION,,61.0,,0,0,0,0,,DEPTH_SNAPSHOT_STREAM,false
139,ELECTION_DAY_PRE_RESULTS,,8.183333,,0,0,0,0,,DEPTH_SNAPSHOT_STREAM,false
139,ACTIVE_RESULTS,,6.0,,0,0,0,0,,DEPTH_SNAPSHOT_STREAM,false
139,LATE_COUNT,,44.816667,,0,0,0,0,,DEPTH_SNAPSHOT_STREAM,false
139,POST_RESOLUTION_DIAGNOSTIC,,,,0,0,0,0,,DEPTH_SNAPSHOT_STREAM,false
140,PRE_ELECTION,,61.0,,0,0,0,0,,DEPTH_SNAPSHOT_STREAM,false
140,ELECTION_DAY_PRE_RESULTS,,8.183333,,0,0,0,0,,DEPTH_SNAPSHOT_STREAM,false
140,ACTIVE_RESULTS,,6.0,,0,0,0,0,,DEPTH_SNAPSHOT_STREAM,false
140,LATE_COUNT,,44.816667,,0,0,0,0,,DEPTH_SNAPSHOT_STREAM,false
140,POST_RESOLUTION_DIAGNOSTIC,,,,0,0,0,0,,DEPTH_SNAPSHOT_STREAM,false
141,PRE_ELECTION,,61.0,,0,0,0,0,,DEPTH_SNAPSHOT_STREAM,false
141,ELECTION_DAY_PRE_RESULTS,,8.183333,,0,0,0,0,,DEPTH_SNAPSHOT_STREAM,false
141,ACTIVE_RESULTS,,6.0,,0,0,0,0,,DEPTH_SNAPSHOT_STREAM,false
141,LATE_COUNT,,44.816667,,0,0,0,0,,DEPTH_SNAPSHOT_STREAM,false
141,POST_RESOLUTION_DIAGNOSTIC,,,,0,0,0,0,,DEPTH_SNAPSHOT_STREAM,false
142,PRE_ELECTION,,61.0,,0,0,0,0,,DEPTH_SNAPSHOT_STREAM,false
142,ELECTION_DAY_PRE_RESULTS,,8.183333,,0,0,0,0,,DEPTH_SNAPSHOT_STREAM,false
142,ACTIVE_RESULTS,,6.0,,0,0,0,0,,DEPTH_SNAPSHOT_STREAM,false
142,LATE_COUNT,,44.816667,,0,0,0,0,,DEPTH_SNAPSHOT_STREAM,false
142,POST_RESOLUTION_DIAGNOSTIC,,,,0,0,0,0,,DEPTH_SNAPSHOT_STREAM,false
143,PRE_ELECTION,,61.0,,0,0,0,0,,DEPTH_SNAPSHOT_STREAM,false
143,ELECTION_DAY_PRE_RESULTS,,8.183333,,0,0,0,0,,DEPTH_SNAPSHOT_STREAM,false
143,ACTIVE_RESULTS,,6.0,,0,0,0,0,,DEPTH_SNAPSHOT_STREAM,false
143,LATE_COUNT,,44.816667,,0,0,0,0,,DEPTH_SNAPSHOT_STREAM,false
143,POST_RESOLUTION_DIAGNOSTIC,,,,0,0,0,0,,DEPTH_SNAPSHOT_STREAM,false
144,PRE_ELECTION,,61.0,,0,0,0,0,,DEPTH_SNAPSHOT_STREAM,false
144,ELECTION_DAY_PRE_RESULTS,,8.183333,,0,0,0,0,,DEPTH_SNAPSHOT_STREAM,false
144,ACTIVE_RESULTS,,6.0,,0,0,0,0,,DEPTH_SNAPSHOT_STREAM,false
144,LATE_COUNT,,44.816667,,0,0,0,0,,DEPTH_SNAPSHOT_STREAM,false
144,POST_RESOLUTION_DIAGNOSTIC,,,,0,0,0,0,,DEPTH_SNAPSHOT_STREAM,false
145,PRE_ELECTION,,61.0,,0,0,0,0,,DEPTH_SNAPSHOT_STREAM,false
145,ELECTION_DAY_PRE_RESULTS,,8.183333,,0,0,0,0,,DEPTH_SNAPSHOT_STREAM,false
145,ACTIVE_RESULTS,,6.0,,0,0,0,0,,DEPTH_SNAPSHOT_STREAM,false
145,LATE_COUNT,,44.816667,,0,0,0,0,,DEPTH_SNAPSHOT_STREAM,false
145,POST_RESOLUTION_DIAGNOSTIC,,,,0,0,0,0,,DEPTH_SNAPSHOT_STREAM,false
146,PRE_ELECTION,,61.0,,0,0,0,0,,DEPTH_SNAPSHOT_STREAM,false
146,ELECTION_DAY_PRE_RESULTS,,8.183333,,0,0,0,0,,DEPTH_SNAPSHOT_STREAM,false
146,ACTIVE_RESULTS,,6.0,,0,0,0,0,,DEPTH_SNAPSHOT_STREAM,false
146,LATE_COUNT,,44.816667,,0,0,0,0,,DEPTH_SNAPSHOT_STREAM,false
146,POST_RESOLUTION_DIAGNOSTIC,,,,0,0,0,0,,DEPTH_SNAPSHOT_STREAM,false
147,PRE_ELECTION,,61.0,,0,0,0,0,,DEPTH_SNAPSHOT_STREAM,false
147,ELECTION_DAY_PRE_RESULTS,,8.183333,,0,0,0,0,,DEPTH_SNAPSHOT_STREAM,false
147,ACTIVE_RESULTS,,6.0,,0,0,0,0,,DEPTH_SNAPSHOT_STREAM,false
147,LATE_COUNT,,44.816667,,0,0,0,0,,DEPTH_SNAPSHOT_STREAM,false
147,POST_RESOLUTION_DIAGNOSTIC,,,,0,0,0,0,,DEPTH_SNAPSHOT_STREAM,false
148,PRE_ELECTION,,61.0,,0,0,0,0,,DEPTH_SNAPSHOT_STREAM,false
148,ELECTION_DAY_PRE_RESULTS,,8.183333,,0,0,0,0,,DEPTH_SNAPSHOT_STREAM,false
148,ACTIVE_RESULTS,,6.0,,0,0,0,0,,DEPTH_SNAPSHOT_STREAM,false
148,LATE_COUNT,,44.816667,,0,0,0,0,,DEPTH_SNAPSHOT_STREAM,false
148,POST_RESOLUTION_DIAGNOSTIC,,,,0,0,0,0,,DEPTH_SNAPSHOT_STREAM,false
149,PRE_ELECTION,,61.0,,0,0,0,0,,DEPTH_SNAPSHOT_STREAM,false
149,ELECTION_DAY_PRE_RESULTS,,8.183333,,0,0,0,0,,DEPTH_SNAPSHOT_STREAM,false
149,ACTIVE_RESULTS,,6.0,,0,0,0,0,,DEPTH_SNAPSHOT_STREAM,false
149,LATE_COUNT,,44.816667,,0,0,0,0,,DEPTH_SNAPSHOT_STREAM,false
149,POST_RESOLUTION_DIAGNOSTIC,,,,0,0,0,0,,DEPTH_SNAPSHOT_STREAM,false
150,PRE_ELECTION,60.997479,61.0,0.99995867,61629,41,0,0,2336.819,BBO_CHANGE_STREAM,false
150,ELECTION_DAY_PRE_RESULTS,8.176655,8.183333,0.99918395,10507,2,0,0,104.214,BBO_CHANGE_STREAM,false
150,ACTIVE_RESULTS,5.994482,6.0,0.99908033,4687,0,0,0,193.016,BBO_CHANGE_STREAM,false
150,LATE_COUNT,44.812575,44.816667,0.99990869,83563,25,2,2,205.685,BBO_CHANGE_STREAM,true
150,POST_RESOLUTION_DIAGNOSTIC,,,,0,0,0,0,,DEPTH_SNAPSHOT_STREAM,false
151,PRE_ELECTION,60.997479,61.0,0.99995867,61588,49,0,0,2336.819,BBO_CHANGE_STREAM,false
151,ELECTION_DAY_PRE_RESULTS,8.176655,8.183333,0.99918395,10496,6,0,0,104.214,BBO_CHANGE_STREAM,false
151,ACTIVE_RESULTS,5.994482,6.0,0.99908033,4687,0,0,0,193.016,BBO_CHANGE_STREAM,false
151,LATE_COUNT,44.812575,44.816667,0.99990869,83555,30,0,2,205.685,BBO_CHANGE_STREAM,true
151,POST_RESOLUTION_DIAGNOSTIC,,,,0,0,0,0,,DEPTH_SNAPSHOT_STREAM,false
152,PRE_ELECTION,60.989307,61.0,0.9998247,77267,48,5,11,2004.744,BBO_CHANGE_STREAM,false
152,ELECTION_DAY_PRE_RESULTS,8.180346,8.183333,0.99963499,13928,4,0,0,63.042,BBO_CHANGE_STREAM,false
152,ACTIVE_RESULTS,5.998318,6.0,0.99971967,8750,0,0,0,98.491,BBO_CHANGE_STREAM,false
152,LATE_COUNT,44.812628,44.816667,0.99990988,68706,27,0,2,160.495,BBO_CHANGE_STREAM,true
152,POST_RESOLUTION_DIAGNOSTIC,,,,0,0,0,0,,DEPTH_SNAPSHOT_STREAM,false
153,PRE_ELECTION,60.989307,61.0,0.9998247,77294,51,0,3,2004.744,BBO_CHANGE_STREAM,false
153,ELECTION_DAY_PRE_RESULTS,8.180346,8.183333,0.99963499,13937,3,0,0,63.042,BBO_CHANGE_STREAM,false
153,ACTIVE_RESULTS,5.998318,6.0,0.99971967,8749,0,0,0,98.729,BBO_CHANGE_STREAM,false
153,LATE_COUNT,44.812628,44.816667,0.99990988,68657,23,1,1,160.495,BBO_CHANGE_STREAM,true
153,POST_RESOLUTION_DIAGNOSTIC,,,,0,0,0,0,,DEPTH_SNAPSHOT_STREAM,false
154,PRE_ELECTION,60.997655,61.0,0.99996156,57229,38,0,0,2337.055,BBO_CHANGE_STREAM,false
154,ELECTION_DAY_PRE_RESULTS,8.176713,8.183333,0.99919104,10128,5,0,0,70.661,BBO_CHANGE_STREAM,false
154,ACTIVE_RESULTS,5.994329,6.0,0.99905483,4806,0,0,0,197.077,BBO_CHANGE_STREAM,false
154,LATE_COUNT,44.814044,44.816667,0.99994147,73960,29,0,0,211.343,BBO_CHANGE_STREAM,true
154,POST_RESOLUTION_DIAGNOSTIC,,,,0,0,0,0,,DEPTH_SNAPSHOT_STREAM,false
155,PRE_ELECTION,60.997655,61.0,0.99996156,57236,53,0,0,2337.055,BBO_CHANGE_STREAM,false
155,ELECTION_DAY_PRE_RESULTS,8.176713,8.183333,0.99919104,10129,3,0,0,70.661,BBO_CHANGE_STREAM,false
155,ACTIVE_RESULTS,5.994329,6.0,0.99905483,4806,0,0,0,197.077,BBO_CHANGE_STREAM,false
155,LATE_COUNT,44.814044,44.816667,0.99994147,73946,34,0,0,211.343,BBO_CHANGE_STREAM,true
155,POST_RESOLUTION_DIAGNOSTIC,,,,0,0,0,0,,DEPTH_SNAPSHOT_STREAM,false
156,PRE_ELECTION,60.997347,61.0,0.99995651,53965,45,0,0,2337.734,BBO_CHANGE_STREAM,false
156,ELECTION_DAY_PRE_RESULTS,8.176713,8.183333,0.99919104,7592,6,0,0,79.832,BBO_CHANGE_STREAM,false
156,ACTIVE_RESULTS,5.994329,6.0,0.99905483,5623,0,0,0,191.036,BBO_CHANGE_STREAM,false
156,LATE_COUNT,44.812099,44.816667,0.99989807,70969,27,0,0,148.431,BBO_CHANGE_STREAM,true
156,POST_RESOLUTION_DIAGNOSTIC,,,,0,0,0,0,,DEPTH_SNAPSHOT_STREAM,false
157,PRE_ELECTION,60.997347,61.0,0.99995651,54010,48,0,0,2337.337,BBO_CHANGE_STREAM,false
157,ELECTION_DAY_PRE_RESULTS,8.176713,8.183333,0.99919104,7598,1,0,0,79.832,BBO_CHANGE_STREAM,false
157,ACTIVE_RESULTS,5.994395,6.0,0.99906583,5624,1,0,0,191.036,BBO_CHANGE_STREAM,false
157,LATE_COUNT,44.812099,44.816667,0.99989807,70976,22,0,0,148.431,BBO_CHANGE_STREAM,true
157,POST_RESOLUTION_DIAGNOSTIC,,,,0,0,0,0,,DEPTH_SNAPSHOT_STREAM,false
158,PRE_ELECTION,60.997638,61.0,0.99996128,57384,44,0,0,2336.743,BBO_CHANGE_STREAM,false
158,ELECTION_DAY_PRE_RESULTS,8.178147,8.183333,0.99936627,9654,6,0,0,78.9,BBO_CHANGE_STREAM,false
158,ACTIVE_RESULTS,5.994268,6.0,0.99904467,4552,0,0,0,151.334,BBO_CHANGE_STREAM,false
158,LATE_COUNT,44.812346,44.816667,0.99990358,73217,24,0,0,214.944,BBO_CHANGE_STREAM,true
158,POST_RESOLUTION_DIAGNOSTIC,,,,0,0,0,0,,DEPTH_SNAPSHOT_STREAM,false
159,PRE_ELECTION,60.997638,61.0,0.99996128,57394,41,0,0,2337.055,BBO_CHANGE_STREAM,false
159,ELECTION_DAY_PRE_RESULTS,8.178147,8.183333,0.99936627,9654,0,0,0,78.61,BBO_CHANGE_STREAM,false
159,ACTIVE_RESULTS,5.994268,6.0,0.99904467,4551,0,0,0,151.096,BBO_CHANGE_STREAM,false
159,LATE_COUNT,44.812346,44.816667,0.99990358,73215,27,0,0,214.944,BBO_CHANGE_STREAM,true
159,POST_RESOLUTION_DIAGNOSTIC,,,,0,0,0,0,,DEPTH_SNAPSHOT_STREAM,false
160,PRE_ELECTION,60.997655,61.0,0.99996156,54075,47,0,0,2337.337,BBO_CHANGE_STREAM,false
160,ELECTION_DAY_PRE_RESULTS,8.176713,8.183333,0.99919104,5784,3,0,0,95.617,BBO_CHANGE_STREAM,false
160,ACTIVE_RESULTS,5.980988,6.0,0.99683133,4088,0,0,0,527.252,BBO_CHANGE_STREAM,false
160,LATE_COUNT,44.815597,44.816667,0.99997612,74155,26,0,0,739.652,BBO_CHANGE_STREAM,true
160,POST_RESOLUTION_DIAGNOSTIC,,,,0,0,0,0,,DEPTH_SNAPSHOT_STREAM,false
161,PRE_ELECTION,60.997655,61.0,0.99996156,54060,40,0,0,2337.337,BBO_CHANGE_STREAM,false
161,ELECTION_DAY_PRE_RESULTS,8.176713,8.183333,0.99919104,5783,2,0,0,95.617,BBO_CHANGE_STREAM,false
161,ACTIVE_RESULTS,5.980988,6.0,0.99683133,4088,0,0,0,527.252,BBO_CHANGE_STREAM,false
161,LATE_COUNT,44.815597,44.816667,0.99997612,74170,25,0,0,739.652,BBO_CHANGE_STREAM,true
161,POST_RESOLUTION_DIAGNOSTIC,,,,0,0,0,0,,DEPTH_SNAPSHOT_STREAM,false
162,PRE_ELECTION,60.989762,61.0,0.99983216,80810,62,12,32,2336.743,BBO_CHANGE_STREAM,false
162,ELECTION_DAY_PRE_RESULTS,8.181176,8.183333,0.99973642,22682,6,1,2,122.81,BBO_CHANGE_STREAM,false
162,ACTIVE_RESULTS,5.997191,6.0,0.99953183,20144,0,0,0,97.141,BBO_CHANGE_STREAM,false
162,LATE_COUNT,44.815795,44.816667,0.99998054,60856,37,1,2,174.885,BBO_CHANGE_STREAM,true
162,POST_RESOLUTION_DIAGNOSTIC,,,,0,0,0,0,,DEPTH_SNAPSHOT_STREAM,false
163,PRE_ELECTION,60.989762,61.0,0.99983216,80834,67,1,7,2336.507,BBO_CHANGE_STREAM,false
163,ELECTION_DAY_PRE_RESULTS,8.181176,8.183333,0.99973642,22668,3,0,0,122.81,BBO_CHANGE_STREAM,false
163,ACTIVE_RESULTS,5.997191,6.0,0.99953183,20144,0,0,0,97.141,BBO_CHANGE_STREAM,false
163,LATE_COUNT,44.815795,44.816667,0.99998054,60862,22,0,1,174.885,BBO_CHANGE_STREAM,true
163,POST_RESOLUTION_DIAGNOSTIC,,,,0,0,0,0,,DEPTH_SNAPSHOT_STREAM,false
164,PRE_ELECTION,60.997655,61.0,0.99996156,52581,41,0,0,2337.337,BBO_CHANGE_STREAM,false
164,ELECTION_DAY_PRE_RESULTS,8.176713,8.183333,0.99919104,5656,6,0,0,101.149,BBO_CHANGE_STREAM,false
164,ACTIVE_RESULTS,5.97765,6.0,0.996275,3319,0,0,0,386.977,BBO_CHANGE_STREAM,false
164,LATE_COUNT,44.815597,44.816667,0.99997612,73471,33,0,0,549.975,BBO_CHANGE_STREAM,true
164,POST_RESOLUTION_DIAGNOSTIC,,,,0,0,0,0,,DEPTH_SNAPSHOT_STREAM,false
165,PRE_ELECTION,60.997655,61.0,0.99996156,52579,45,0,0,2337.734,BBO_CHANGE_STREAM,false
165,ELECTION_DAY_PRE_RESULTS,8.176713,8.183333,0.99919104,5656,3,0,0,101.149,BBO_CHANGE_STREAM,false
165,ACTIVE_RESULTS,5.97765,6.0,0.996275,3320,0,0,0,386.977,BBO_CHANGE_STREAM,false
165,LATE_COUNT,44.815597,44.816667,0.99997612,73491,25,0,0,549.975,BBO_CHANGE_STREAM,true
165,POST_RESOLUTION_DIAGNOSTIC,,,,0,0,0,0,,DEPTH_SNAPSHOT_STREAM,false
166,PRE_ELECTION,58.195765,61.0,0.95402893,59793,46,1,3,2337.337,BBO_CHANGE_STREAM,false
166,ELECTION_DAY_PRE_RESULTS,,8.183333,,0,0,0,0,,DEPTH_SNAPSHOT_STREAM,false
166,ACTIVE_RESULTS,,6.0,,0,0,0,0,,DEPTH_SNAPSHOT_STREAM,false
166,LATE_COUNT,,44.816667,,0,0,0,0,,DEPTH_SNAPSHOT_STREAM,false
166,POST_RESOLUTION_DIAGNOSTIC,,,,0,0,0,0,,DEPTH_SNAPSHOT_STREAM,false
167,PRE_ELECTION,58.195776,61.0,0.95402911,59805,63,1,1,2337.337,BBO_CHANGE_STREAM,false
167,ELECTION_DAY_PRE_RESULTS,,8.183333,,0,0,0,0,,DEPTH_SNAPSHOT_STREAM,false
167,ACTIVE_RESULTS,,6.0,,0,0,0,0,,DEPTH_SNAPSHOT_STREAM,false
167,LATE_COUNT,,44.816667,,0,0,0,0,,DEPTH_SNAPSHOT_STREAM,false
167,POST_RESOLUTION_DIAGNOSTIC,,,,0,0,0,0,,DEPTH_SNAPSHOT_STREAM,false
168,PRE_ELECTION,60.995115,61.0,0.99991992,40446,67,5,14,2216.525,BBO_CHANGE_STREAM,false
168,ELECTION_DAY_PRE_RESULTS,8.181743,8.183333,0.9998057,11545,2,0,0,311.754,BBO_CHANGE_STREAM,false
168,ACTIVE_RESULTS,5.997191,6.0,0.99953183,8491,4,1,2,107.917,BBO_CHANGE_STREAM,false
168,LATE_COUNT,44.815667,44.816667,0.99997769,91478,25,0,0,123.72,BBO_CHANGE_STREAM,true
168,POST_RESOLUTION_DIAGNOSTIC,,,,0,0,0,0,,DEPTH_SNAPSHOT_STREAM,false
169,PRE_ELECTION,60.995115,61.0,0.99991992,40444,63,10,19,2216.922,BBO_CHANGE_STREAM,false
169,ELECTION_DAY_PRE_RESULTS,8.181743,8.183333,0.9998057,11546,5,2,5,311.754,BBO_CHANGE_STREAM,false
169,ACTIVE_RESULTS,5.997191,6.0,0.99953183,8491,3,2,10,107.917,BBO_CHANGE_STREAM,false
169,LATE_COUNT,44.815667,44.816667,0.99997769,91480,30,0,0,123.72,BBO_CHANGE_STREAM,true
169,POST_RESOLUTION_DIAGNOSTIC,,,,0,0,0,0,,DEPTH_SNAPSHOT_STREAM,false
170,PRE_ELECTION,60.986341,61.0,0.99977608,76380,54,1,5,2736.927,BBO_CHANGE_STREAM,false
170,ELECTION_DAY_PRE_RESULTS,8.167817,8.183333,0.99810395,6797,1,0,0,215.342,BBO_CHANGE_STREAM,false
170,ACTIVE_RESULTS,5.992457,6.0,0.99874283,8121,0,0,0,287.473,BBO_CHANGE_STREAM,false
170,LATE_COUNT,44.811552,44.816667,0.99988587,106777,30,0,0,85.319,BBO_CHANGE_STREAM,true
170,POST_RESOLUTION_DIAGNOSTIC,,,,0,0,0,0,,DEPTH_SNAPSHOT_STREAM,false
171,PRE_ELECTION,60.986341,61.0,0.99977608,76377,35,1,1,2736.927,BBO_CHANGE_STREAM,false
171,ELECTION_DAY_PRE_RESULTS,8.167817,8.183333,0.99810395,6797,1,0,0,215.342,BBO_CHANGE_STREAM,false
171,ACTIVE_RESULTS,5.992457,6.0,0.99874283,8120,0,0,0,287.672,BBO_CHANGE_STREAM,false
171,LATE_COUNT,44.811552,44.816667,0.99988587,106753,22,1,2,85.319,BBO_CHANGE_STREAM,true
171,POST_RESOLUTION_DIAGNOSTIC,,,,0,0,0,0,,DEPTH_SNAPSHOT_STREAM,false
172,PRE_ELECTION,60.983634,61.0,0.9997317,43820,57,0,5,2465.531,BBO_CHANGE_STREAM,false
172,ELECTION_DAY_PRE_RESULTS,8.172379,8.183333,0.99866143,5501,5,1,3,446.848,BBO_CHANGE_STREAM,false
172,ACTIVE_RESULTS,5.994077,6.0,0.99901283,5506,2,0,6,108.797,BBO_CHANGE_STREAM,false
172,LATE_COUNT,44.815387,44.816667,0.99997144,116658,32,0,6,652.361,BBO_CHANGE_STREAM,true
172,POST_RESOLUTION_DIAGNOSTIC,,,,0,0,0,0,,DEPTH_SNAPSHOT_STREAM,false
173,PRE_ELECTION,60.983634,61.0,0.9997317,43822,51,11,26,2465.531,BBO_CHANGE_STREAM,false
173,ELECTION_DAY_PRE_RESULTS,8.172379,8.183333,0.99866143,5496,5,1,2,446.848,BBO_CHANGE_STREAM,false
173,ACTIVE_RESULTS,5.99414,6.0,0.99902333,5506,2,2,4,108.797,BBO_CHANGE_STREAM,false
173,LATE_COUNT,44.815387,44.816667,0.99997144,116632,28,6,9,652.361,BBO_CHANGE_STREAM,true
173,POST_RESOLUTION_DIAGNOSTIC,,,,0,0,0,0,,DEPTH_SNAPSHOT_STREAM,false
174,PRE_ELECTION,60.997638,61.0,0.99996128,68507,48,0,3,2128.241,BBO_CHANGE_STREAM,true
174,ELECTION_DAY_PRE_RESULTS,8.181838,8.183333,0.99981731,21542,4,1,3,57.111,BBO_CHANGE_STREAM,false
174,ACTIVE_RESULTS,5.999362,6.0,0.99989367,15252,0,0,0,74.387,BBO_CHANGE_STREAM,false
174,LATE_COUNT,44.815404,44.816667,0.99997182,158529,28,1,2,65.434,BBO_CHANGE_STREAM,true
174,POST_RESOLUTION_DIAGNOSTIC,,,,0,0,0,0,,DEPTH_SNAPSHOT_STREAM,false
175,PRE_ELECTION,60.997638,61.0,0.99996128,68513,44,3,3,2128.241,BBO_CHANGE_STREAM,true
175,ELECTION_DAY_PRE_RESULTS,8.181838,8.183333,0.99981731,21539,3,1,1,57.111,BBO_CHANGE_STREAM,false
175,ACTIVE_RESULTS,5.999362,6.0,0.99989367,15257,0,0,0,74.387,BBO_CHANGE_STREAM,false
175,LATE_COUNT,44.815404,44.816667,0.99997182,158524,27,0,0,65.434,BBO_CHANGE_STREAM,true
175,POST_RESOLUTION_DIAGNOSTIC,,,,0,0,0,0,,DEPTH_SNAPSHOT_STREAM,false
176,PRE_ELECTION,60.997606,61.0,0.99996075,54657,43,0,0,2337.337,BBO_CHANGE_STREAM,false
176,ELECTION_DAY_PRE_RESULTS,8.176931,8.183333,0.99921768,8529,4,0,0,86.016,BBO_CHANGE_STREAM,false
176,ACTIVE_RESULTS,5.994129,6.0,0.9990215,5524,0,0,0,232.432,BBO_CHANGE_STREAM,false
176,LATE_COUNT,44.812346,44.816667,0.99990358,70287,32,0,0,166.137,BBO_CHANGE_STREAM,true
176,POST_RESOLUTION_DIAGNOSTIC,,,,0,0,0,0,,DEPTH_SNAPSHOT_STREAM,false
177,PRE_ELECTION,60.997606,61.0,0.99996075,54644,43,0,0,2337.337,BBO_CHANGE_STREAM,false
177,ELECTION_DAY_PRE_RESULTS,8.176931,8.183333,0.99921768,8527,3,0,0,86.016,BBO_CHANGE_STREAM,false
177,ACTIVE_RESULTS,5.994129,6.0,0.9990215,5511,0,0,0,232.432,BBO_CHANGE_STREAM,false
177,LATE_COUNT,44.812346,44.816667,0.99990358,70303,32,0,0,166.137,BBO_CHANGE_STREAM,true
177,POST_RESOLUTION_DIAGNOSTIC,,,,0,0,0,0,,DEPTH_SNAPSHOT_STREAM,false
178,PRE_ELECTION,60.997734,61.0,0.99996285,43721,55,0,0,2145.526,BBO_CHANGE_STREAM,false
178,ELECTION_DAY_PRE_RESULTS,8.177989,8.183333,0.99934697,7973,2,0,0,92.436,BBO_CHANGE_STREAM,false
178,ACTIVE_RESULTS,5.995942,6.0,0.99932367,6985,1,0,0,160.262,BBO_CHANGE_STREAM,false
178,LATE_COUNT,44.81225,44.816667,0.99990144,71792,23,0,0,119.016,BBO_CHANGE_STREAM,true
178,POST_RESOLUTION_DIAGNOSTIC,,,,0,0,0,0,,DEPTH_SNAPSHOT_STREAM,false
179,PRE_ELECTION,60.997734,61.0,0.99996285,43709,48,0,0,2145.526,BBO_CHANGE_STREAM,false
179,ELECTION_DAY_PRE_RESULTS,8.177989,8.183333,0.99934697,7978,1,0,0,92.436,BBO_CHANGE_STREAM,false
179,ACTIVE_RESULTS,5.995942,6.0,0.99932367,6985,0,0,0,160.262,BBO_CHANGE_STREAM,false
179,LATE_COUNT,44.81225,44.816667,0.99990144,71797,28,0,0,119.016,BBO_CHANGE_STREAM,true
179,POST_RESOLUTION_DIAGNOSTIC,,,,0,0,0,0,,DEPTH_SNAPSHOT_STREAM,false
180,PRE_ELECTION,60.997638,61.0,0.99996128,109613,39,1,2,1962.742,BBO_CHANGE_STREAM,false
180,ELECTION_DAY_PRE_RESULTS,8.180274,8.183333,0.99962619,5514,0,0,0,131.133,BBO_CHANGE_STREAM,false
180,ACTIVE_RESULTS,5.975766,6.0,0.995961,2896,0,0,0,566.538,BBO_CHANGE_STREAM,false
180,LATE_COUNT,44.785952,44.816667,0.99931465,64413,26,0,0,695.828,BBO_CHANGE_STREAM,true
180,POST_RESOLUTION_DIAGNOSTIC,,,,0,0,0,0,,DEPTH_SNAPSHOT_STREAM,false
181,PRE_ELECTION,60.997638,61.0,0.99996128,109614,65,0,0,1962.742,BBO_CHANGE_STREAM,false
181,ELECTION_DAY_PRE_RESULTS,8.180274,8.183333,0.99962619,5506,3,0,0,131.133,BBO_CHANGE_STREAM,false
181,ACTIVE_RESULTS,5.975766,6.0,0.995961,2896,0,0,0,566.538,BBO_CHANGE_STREAM,false
181,LATE_COUNT,44.785952,44.816667,0.99931465,64414,32,0,0,695.828,BBO_CHANGE_STREAM,true
181,POST_RESOLUTION_DIAGNOSTIC,,,,0,0,0,0,,DEPTH_SNAPSHOT_STREAM,false
182,PRE_ELECTION,60.997638,61.0,0.99996128,52997,38,0,0,2337.803,BBO_CHANGE_STREAM,false
182,ELECTION_DAY_PRE_RESULTS,8.177869,8.183333,0.9993323,7480,2,0,0,92.663,BBO_CHANGE_STREAM,false
182,ACTIVE_RESULTS,5.994148,6.0,0.99902467,4088,0,0,0,174.003,BBO_CHANGE_STREAM,false
182,LATE_COUNT,44.812159,44.816667,0.99989941,82927,32,0,0,193.285,BBO_CHANGE_STREAM,true
182,POST_RESOLUTION_DIAGNOSTIC,,,,0,0,0,0,,DEPTH_SNAPSHOT_STREAM,false
183,PRE_ELECTION,60.997638,61.0,0.99996128,53034,40,0,0,2337.734,BBO_CHANGE_STREAM,false
183,ELECTION_DAY_PRE_RESULTS,8.177869,8.183333,0.9993323,7481,4,0,0,92.663,BBO_CHANGE_STREAM,false
183,ACTIVE_RESULTS,5.994076,6.0,0.99901267,4089,0,0,0,174.003,BBO_CHANGE_STREAM,false
183,LATE_COUNT,44.812159,44.816667,0.99989941,82951,30,0,0,193.285,BBO_CHANGE_STREAM,true
183,POST_RESOLUTION_DIAGNOSTIC,,,,0,0,0,0,,DEPTH_SNAPSHOT_STREAM,false
184,PRE_ELECTION,,61.0,,0,0,0,0,,DEPTH_SNAPSHOT_STREAM,false
184,ELECTION_DAY_PRE_RESULTS,,8.183333,,0,0,0,0,,DEPTH_SNAPSHOT_STREAM,false
184,ACTIVE_RESULTS,,6.0,,0,0,0,0,,DEPTH_SNAPSHOT_STREAM,false
184,LATE_COUNT,,44.816667,,0,0,0,0,,DEPTH_SNAPSHOT_STREAM,false
184,POST_RESOLUTION_DIAGNOSTIC,,,,0,0,0,0,,DEPTH_SNAPSHOT_STREAM,false
185,PRE_ELECTION,,61.0,,0,0,0,0,,DEPTH_SNAPSHOT_STREAM,false
185,ELECTION_DAY_PRE_RESULTS,,8.183333,,0,0,0,0,,DEPTH_SNAPSHOT_STREAM,false
185,ACTIVE_RESULTS,,6.0,,0,0,0,0,,DEPTH_SNAPSHOT_STREAM,false
185,LATE_COUNT,,44.816667,,0,0,0,0,,DEPTH_SNAPSHOT_STREAM,false
185,POST_RESOLUTION_DIAGNOSTIC,,,,0,0,0,0,,DEPTH_SNAPSHOT_STREAM,false
186,PRE_ELECTION,,61.0,,0,0,0,0,,DEPTH_SNAPSHOT_STREAM,false
186,ELECTION_DAY_PRE_RESULTS,,8.183333,,0,0,0,0,,DEPTH_SNAPSHOT_STREAM,false
186,ACTIVE_RESULTS,,6.0,,0,0,0,0,,DEPTH_SNAPSHOT_STREAM,false
186,LATE_COUNT,,44.816667,,0,0,0,0,,DEPTH_SNAPSHOT_STREAM,false
186,POST_RESOLUTION_DIAGNOSTIC,,,,0,0,0,0,,DEPTH_SNAPSHOT_STREAM,false
187,PRE_ELECTION,,61.0,,0,0,0,0,,DEPTH_SNAPSHOT_STREAM,false
187,ELECTION_DAY_PRE_RESULTS,,8.183333,,0,0,0,0,,DEPTH_SNAPSHOT_STREAM,false
187,ACTIVE_RESULTS,,6.0,,0,0,0,0,,DEPTH_SNAPSHOT_STREAM,false
187,LATE_COUNT,,44.816667,,0,0,0,0,,DEPTH_SNAPSHOT_STREAM,false
187,POST_RESOLUTION_DIAGNOSTIC,,,,0,0,0,0,,DEPTH_SNAPSHOT_STREAM,false
188,PRE_ELECTION,,61.0,,0,0,0,0,,DEPTH_SNAPSHOT_STREAM,false
188,ELECTION_DAY_PRE_RESULTS,,8.183333,,0,0,0,0,,DEPTH_SNAPSHOT_STREAM,false
188,ACTIVE_RESULTS,,6.0,,0,0,0,0,,DEPTH_SNAPSHOT_STREAM,false
188,LATE_COUNT,,44.816667,,0,0,0,0,,DEPTH_SNAPSHOT_STREAM,false
188,POST_RESOLUTION_DIAGNOSTIC,,,,0,0,0,0,,DEPTH_SNAPSHOT_STREAM,false
189,PRE_ELECTION,,61.0,,0,0,0,0,,DEPTH_SNAPSHOT_STREAM,false
189,ELECTION_DAY_PRE_RESULTS,,8.183333,,0,0,0,0,,DEPTH_SNAPSHOT_STREAM,false
189,ACTIVE_RESULTS,,6.0,,0,0,0,0,,DEPTH_SNAPSHOT_STREAM,false
189,LATE_COUNT,,44.816667,,0,0,0,0,,DEPTH_SNAPSHOT_STREAM,false
189,POST_RESOLUTION_DIAGNOSTIC,,,,0,0,0,0,,DEPTH_SNAPSHOT_STREAM,false
190,PRE_ELECTION,,61.0,,0,0,0,0,,DEPTH_SNAPSHOT_STREAM,false
190,ELECTION_DAY_PRE_RESULTS,,8.183333,,0,0,0,0,,DEPTH_SNAPSHOT_STREAM,false
190,ACTIVE_RESULTS,,6.0,,0,0,0,0,,DEPTH_SNAPSHOT_STREAM,false
190,LATE_COUNT,,44.816667,,0,0,0,0,,DEPTH_SNAPSHOT_STREAM,false
190,POST_RESOLUTION_DIAGNOSTIC,,,,0,0,0,0,,DEPTH_SNAPSHOT_STREAM,false
191,PRE_ELECTION,,61.0,,0,0,0,0,,DEPTH_SNAPSHOT_STREAM,false
191,ELECTION_DAY_PRE_RESULTS,,8.183333,,0,0,0,0,,DEPTH_SNAPSHOT_STREAM,false
191,ACTIVE_RESULTS,,6.0,,0,0,0,0,,DEPTH_SNAPSHOT_STREAM,false
191,LATE_COUNT,,44.816667,,0,0,0,0,,DEPTH_SNAPSHOT_STREAM,false
191,POST_RESOLUTION_DIAGNOSTIC,,,,0,0,0,0,,DEPTH_SNAPSHOT_STREAM,false
192,PRE_ELECTION,,61.0,,0,0,0,0,,DEPTH_SNAPSHOT_STREAM,false
192,ELECTION_DAY_PRE_RESULTS,,8.183333,,0,0,0,0,,DEPTH_SNAPSHOT_STREAM,false
192,ACTIVE_RESULTS,,6.0,,0,0,0,0,,DEPTH_SNAPSHOT_STREAM,false
192,LATE_COUNT,,44.816667,,0,0,0,0,,DEPTH_SNAPSHOT_STREAM,false
192,POST_RESOLUTION_DIAGNOSTIC,,,,0,0,0,0,,DEPTH_SNAPSHOT_STREAM,false
193,PRE_ELECTION,,61.0,,0,0,0,0,,DEPTH_SNAPSHOT_STREAM,false
193,ELECTION_DAY_PRE_RESULTS,,8.183333,,0,0,0,0,,DEPTH_SNAPSHOT_STREAM,false
193,ACTIVE_RESULTS,,6.0,,0,0,0,0,,DEPTH_SNAPSHOT_STREAM,false
193,LATE_COUNT,,44.816667,,0,0,0,0,,DEPTH_SNAPSHOT_STREAM,false
193,POST_RESOLUTION_DIAGNOSTIC,,,,0,0,0,0,,DEPTH_SNAPSHOT_STREAM,false
194,PRE_ELECTION,,61.0,,0,0,0,0,,DEPTH_SNAPSHOT_STREAM,false
194,ELECTION_DAY_PRE_RESULTS,,8.183333,,0,0,0,0,,DEPTH_SNAPSHOT_STREAM,false
194,ACTIVE_RESULTS,,6.0,,0,0,0,0,,DEPTH_SNAPSHOT_STREAM,false
194,LATE_COUNT,,44.816667,,0,0,0,0,,DEPTH_SNAPSHOT_STREAM,false
194,POST_RESOLUTION_DIAGNOSTIC,,,,0,0,0,0,,DEPTH_SNAPSHOT_STREAM,false
195,PRE_ELECTION,,61.0,,0,0,0,0,,DEPTH_SNAPSHOT_STREAM,false
195,ELECTION_DAY_PRE_RESULTS,,8.183333,,0,0,0,0,,DEPTH_SNAPSHOT_STREAM,false
195,ACTIVE_RESULTS,,6.0,,0,0,0,0,,DEPTH_SNAPSHOT_STREAM,false
195,LATE_COUNT,,44.816667,,0,0,0,0,,DEPTH_SNAPSHOT_STREAM,false
195,POST_RESOLUTION_DIAGNOSTIC,,,,0,0,0,0,,DEPTH_SNAPSHOT_STREAM,false
196,PRE_ELECTION,,61.0,,0,0,0,0,,DEPTH_SNAPSHOT_STREAM,false
196,ELECTION_DAY_PRE_RESULTS,,8.183333,,0,0,0,0,,DEPTH_SNAPSHOT_STREAM,false
196,ACTIVE_RESULTS,,6.0,,0,0,0,0,,DEPTH_SNAPSHOT_STREAM,false
196,LATE_COUNT,,44.816667,,0,0,0,0,,DEPTH_SNAPSHOT_STREAM,false
196,POST_RESOLUTION_DIAGNOSTIC,,,,0,0,0,0,,DEPTH_SNAPSHOT_STREAM,false
197,PRE_ELECTION,,61.0,,0,0,0,0,,DEPTH_SNAPSHOT_STREAM,false
197,ELECTION_DAY_PRE_RESULTS,,8.183333,,0,0,0,0,,DEPTH_SNAPSHOT_STREAM,false
197,ACTIVE_RESULTS,,6.0,,0,0,0,0,,DEPTH_SNAPSHOT_STREAM,false
197,LATE_COUNT,,44.816667,,0,0,0,0,,DEPTH_SNAPSHOT_STREAM,false
197,POST_RESOLUTION_DIAGNOSTIC,,,,0,0,0,0,,DEPTH_SNAPSHOT_STREAM,false
198,PRE_ELECTION,,61.0,,0,0,0,0,,DEPTH_SNAPSHOT_STREAM,false
198,ELECTION_DAY_PRE_RESULTS,,8.183333,,0,0,0,0,,DEPTH_SNAPSHOT_STREAM,false
198,ACTIVE_RESULTS,,6.0,,0,0,0,0,,DEPTH_SNAPSHOT_STREAM,false
198,LATE_COUNT,,44.816667,,0,0,0,0,,DEPTH_SNAPSHOT_STREAM,false
198,POST_RESOLUTION_DIAGNOSTIC,,,,0,0,0,0,,DEPTH_SNAPSHOT_STREAM,false
199,PRE_ELECTION,,61.0,,0,0,0,0,,DEPTH_SNAPSHOT_STREAM,false
199,ELECTION_DAY_PRE_RESULTS,,8.183333,,0,0,0,0,,DEPTH_SNAPSHOT_STREAM,false
199,ACTIVE_RESULTS,,6.0,,0,0,0,0,,DEPTH_SNAPSHOT_STREAM,false
199,LATE_COUNT,,44.816667,,0,0,0,0,,DEPTH_SNAPSHOT_STREAM,false
199,POST_RESOLUTION_DIAGNOSTIC,,,,0,0,0,0,,DEPTH_SNAPSHOT_STREAM,false
200,PRE_ELECTION,,61.0,,0,0,0,0,,DEPTH_SNAPSHOT_STREAM,false
200,ELECTION_DAY_PRE_RESULTS,,8.183333,,0,0,0,0,,DEPTH_SNAPSHOT_STREAM,false
200,ACTIVE_RESULTS,,6.0,,0,0,0,0,,DEPTH_SNAPSHOT_STREAM,false
200,LATE_COUNT,,44.816667,,0,0,0,0,,DEPTH_SNAPSHOT_STREAM,false
200,POST_RESOLUTION_DIAGNOSTIC,,,,0,0,0,0,,DEPTH_SNAPSHOT_STREAM,false
201,PRE_ELECTION,,61.0,,0,0,0,0,,DEPTH_SNAPSHOT_STREAM,false
201,ELECTION_DAY_PRE_RESULTS,,8.183333,,0,0,0,0,,DEPTH_SNAPSHOT_STREAM,false
201,ACTIVE_RESULTS,,6.0,,0,0,0,0,,DEPTH_SNAPSHOT_STREAM,false
201,LATE_COUNT,,44.816667,,0,0,0,0,,DEPTH_SNAPSHOT_STREAM,false
201,POST_RESOLUTION_DIAGNOSTIC,,,,0,0,0,0,,DEPTH_SNAPSHOT_STREAM,false
202,PRE_ELECTION,,61.0,,0,0,0,0,,DEPTH_SNAPSHOT_STREAM,false
202,ELECTION_DAY_PRE_RESULTS,,8.183333,,0,0,0,0,,DEPTH_SNAPSHOT_STREAM,false
202,ACTIVE_RESULTS,,6.0,,0,0,0,0,,DEPTH_SNAPSHOT_STREAM,false
202,LATE_COUNT,,44.816667,,0,0,0,0,,DEPTH_SNAPSHOT_STREAM,false
202,POST_RESOLUTION_DIAGNOSTIC,,,,0,0,0,0,,DEPTH_SNAPSHOT_STREAM,false
203,PRE_ELECTION,,61.0,,0,0,0,0,,DEPTH_SNAPSHOT_STREAM,false
203,ELECTION_DAY_PRE_RESULTS,,8.183333,,0,0,0,0,,DEPTH_SNAPSHOT_STREAM,false
203,ACTIVE_RESULTS,,6.0,,0,0,0,0,,DEPTH_SNAPSHOT_STREAM,false
203,LATE_COUNT,,44.816667,,0,0,0,0,,DEPTH_SNAPSHOT_STREAM,false
203,POST_RESOLUTION_DIAGNOSTIC,,,,0,0,0,0,,DEPTH_SNAPSHOT_STREAM,false
204,PRE_ELECTION,,61.0,,0,0,0,0,,DEPTH_SNAPSHOT_STREAM,false
204,ELECTION_DAY_PRE_RESULTS,,8.183333,,0,0,0,0,,DEPTH_SNAPSHOT_STREAM,false
204,ACTIVE_RESULTS,,6.0,,0,0,0,0,,DEPTH_SNAPSHOT_STREAM,false
204,LATE_COUNT,,44.816667,,0,0,0,0,,DEPTH_SNAPSHOT_STREAM,false
204,POST_RESOLUTION_DIAGNOSTIC,,,,0,0,0,0,,DEPTH_SNAPSHOT_STREAM,false
205,PRE_ELECTION,,61.0,,0,0,0,0,,DEPTH_SNAPSHOT_STREAM,false
205,ELECTION_DAY_PRE_RESULTS,,8.183333,,0,0,0,0,,DEPTH_SNAPSHOT_STREAM,false
205,ACTIVE_RESULTS,,6.0,,0,0,0,0,,DEPTH_SNAPSHOT_STREAM,false
205,LATE_COUNT,,44.816667,,0,0,0,0,,DEPTH_SNAPSHOT_STREAM,false
205,POST_RESOLUTION_DIAGNOSTIC,,,,0,0,0,0,,DEPTH_SNAPSHOT_STREAM,false
206,PRE_ELECTION,,61.0,,0,0,0,0,,DEPTH_SNAPSHOT_STREAM,false
206,ELECTION_DAY_PRE_RESULTS,,8.183333,,0,0,0,0,,DEPTH_SNAPSHOT_STREAM,false
206,ACTIVE_RESULTS,,6.0,,0,0,0,0,,DEPTH_SNAPSHOT_STREAM,false
206,LATE_COUNT,,44.816667,,0,0,0,0,,DEPTH_SNAPSHOT_STREAM,false
206,POST_RESOLUTION_DIAGNOSTIC,,,,0,0,0,0,,DEPTH_SNAPSHOT_STREAM,false
207,PRE_ELECTION,,61.0,,0,0,0,0,,DEPTH_SNAPSHOT_STREAM,false
207,ELECTION_DAY_PRE_RESULTS,,8.183333,,0,0,0,0,,DEPTH_SNAPSHOT_STREAM,false
207,ACTIVE_RESULTS,,6.0,,0,0,0,0,,DEPTH_SNAPSHOT_STREAM,false
207,LATE_COUNT,,44.816667,,0,0,0,0,,DEPTH_SNAPSHOT_STREAM,false
207,POST_RESOLUTION_DIAGNOSTIC,,,,0,0,0,0,,DEPTH_SNAPSHOT_STREAM,false
208,PRE_ELECTION,,61.0,,0,0,0,0,,DEPTH_SNAPSHOT_STREAM,false
208,ELECTION_DAY_PRE_RESULTS,,8.183333,,0,0,0,0,,DEPTH_SNAPSHOT_STREAM,false
208,ACTIVE_RESULTS,,6.0,,0,0,0,0,,DEPTH_SNAPSHOT_STREAM,false
208,LATE_COUNT,,44.816667,,0,0,0,0,,DEPTH_SNAPSHOT_STREAM,false
208,POST_RESOLUTION_DIAGNOSTIC,,,,0,0,0,0,,DEPTH_SNAPSHOT_STREAM,false
209,PRE_ELECTION,,61.0,,0,0,0,0,,DEPTH_SNAPSHOT_STREAM,false
209,ELECTION_DAY_PRE_RESULTS,,8.183333,,0,0,0,0,,DEPTH_SNAPSHOT_STREAM,false
209,ACTIVE_RESULTS,,6.0,,0,0,0,0,,DEPTH_SNAPSHOT_STREAM,false
209,LATE_COUNT,,44.816667,,0,0,0,0,,DEPTH_SNAPSHOT_STREAM,false
209,POST_RESOLUTION_DIAGNOSTIC,,,,0,0,0,0,,DEPTH_SNAPSHOT_STREAM,false
210,PRE_ELECTION,,61.0,,0,0,0,0,,DEPTH_SNAPSHOT_STREAM,false
210,ELECTION_DAY_PRE_RESULTS,,8.183333,,0,0,0,0,,DEPTH_SNAPSHOT_STREAM,false
210,ACTIVE_RESULTS,,6.0,,0,0,0,0,,DEPTH_SNAPSHOT_STREAM,false
210,LATE_COUNT,,44.816667,,0,0,0,0,,DEPTH_SNAPSHOT_STREAM,false
210,POST_RESOLUTION_DIAGNOSTIC,,,,0,0,0,0,,DEPTH_SNAPSHOT_STREAM,false
211,PRE_ELECTION,,61.0,,0,0,0,0,,DEPTH_SNAPSHOT_STREAM,false
211,ELECTION_DAY_PRE_RESULTS,,8.183333,,0,0,0,0,,DEPTH_SNAPSHOT_STREAM,false
211,ACTIVE_RESULTS,,6.0,,0,0,0,0,,DEPTH_SNAPSHOT_STREAM,false
211,LATE_COUNT,,44.816667,,0,0,0,0,,DEPTH_SNAPSHOT_STREAM,false
211,POST_RESOLUTION_DIAGNOSTIC,,,,0,0,0,0,,DEPTH_SNAPSHOT_STREAM,false
212,PRE_ELECTION,,61.0,,0,0,0,0,,DEPTH_SNAPSHOT_STREAM,false
212,ELECTION_DAY_PRE_RESULTS,,8.183333,,0,0,0,0,,DEPTH_SNAPSHOT_STREAM,false
212,ACTIVE_RESULTS,,6.0,,0,0,0,0,,DEPTH_SNAPSHOT_STREAM,false
212,LATE_COUNT,,44.816667,,0,0,0,0,,DEPTH_SNAPSHOT_STREAM,false
212,POST_RESOLUTION_DIAGNOSTIC,,,,0,0,0,0,,DEPTH_SNAPSHOT_STREAM,false
213,PRE_ELECTION,,61.0,,0,0,0,0,,DEPTH_SNAPSHOT_STREAM,false
213,ELECTION_DAY_PRE_RESULTS,,8.183333,,0,0,0,0,,DEPTH_SNAPSHOT_STREAM,false
213,ACTIVE_RESULTS,,6.0,,0,0,0,0,,DEPTH_SNAPSHOT_STREAM,false
213,LATE_COUNT,,44.816667,,0,0,0,0,,DEPTH_SNAPSHOT_STREAM,false
213,POST_RESOLUTION_DIAGNOSTIC,,,,0,0,0,0,,DEPTH_SNAPSHOT_STREAM,false
214,PRE_ELECTION,,61.0,,0,0,0,0,,DEPTH_SNAPSHOT_STREAM,false
214,ELECTION_DAY_PRE_RESULTS,,8.183333,,0,0,0,0,,DEPTH_SNAPSHOT_STREAM,false
214,ACTIVE_RESULTS,,6.0,,0,0,0,0,,DEPTH_SNAPSHOT_STREAM,false
214,LATE_COUNT,,44.816667,,0,0,0,0,,DEPTH_SNAPSHOT_STREAM,false
214,POST_RESOLUTION_DIAGNOSTIC,,,,0,0,0,0,,DEPTH_SNAPSHOT_STREAM,false
215,PRE_ELECTION,,61.0,,0,0,0,0,,DEPTH_SNAPSHOT_STREAM,false
215,ELECTION_DAY_PRE_RESULTS,,8.183333,,0,0,0,0,,DEPTH_SNAPSHOT_STREAM,false
215,ACTIVE_RESULTS,,6.0,,0,0,0,0,,DEPTH_SNAPSHOT_STREAM,false
215,LATE_COUNT,,44.816667,,0,0,0,0,,DEPTH_SNAPSHOT_STREAM,false
215,POST_RESOLUTION_DIAGNOSTIC,,,,0,0,0,0,,DEPTH_SNAPSHOT_STREAM,false
216,PRE_ELECTION,,61.0,,0,0,0,0,,DEPTH_SNAPSHOT_STREAM,false
216,ELECTION_DAY_PRE_RESULTS,,8.183333,,0,0,0,0,,DEPTH_SNAPSHOT_STREAM,false
216,ACTIVE_RESULTS,,6.0,,0,0,0,0,,DEPTH_SNAPSHOT_STREAM,false
216,LATE_COUNT,,44.816667,,0,0,0,0,,DEPTH_SNAPSHOT_STREAM,false
216,POST_RESOLUTION_DIAGNOSTIC,,,,0,0,0,0,,DEPTH_SNAPSHOT_STREAM,false
217,PRE_ELECTION,,61.0,,0,0,0,0,,DEPTH_SNAPSHOT_STREAM,false
217,ELECTION_DAY_PRE_RESULTS,,8.183333,,0,0,0,0,,DEPTH_SNAPSHOT_STREAM,false
217,ACTIVE_RESULTS,,6.0,,0,0,0,0,,DEPTH_SNAPSHOT_STREAM,false
217,LATE_COUNT,,44.816667,,0,0,0,0,,DEPTH_SNAPSHOT_STREAM,false
217,POST_RESOLUTION_DIAGNOSTIC,,,,0,0,0,0,,DEPTH_SNAPSHOT_STREAM,false
218,PRE_ELECTION,,61.0,,0,0,0,0,,DEPTH_SNAPSHOT_STREAM,false
218,ELECTION_DAY_PRE_RESULTS,,8.183333,,0,0,0,0,,DEPTH_SNAPSHOT_STREAM,false
218,ACTIVE_RESULTS,,6.0,,0,0,0,0,,DEPTH_SNAPSHOT_STREAM,false
218,LATE_COUNT,,44.816667,,0,0,0,0,,DEPTH_SNAPSHOT_STREAM,false
218,POST_RESOLUTION_DIAGNOSTIC,,,,0,0,0,0,,DEPTH_SNAPSHOT_STREAM,false
219,PRE_ELECTION,,61.0,,0,0,0,0,,DEPTH_SNAPSHOT_STREAM,false
219,ELECTION_DAY_PRE_RESULTS,,8.183333,,0,0,0,0,,DEPTH_SNAPSHOT_STREAM,false
219,ACTIVE_RESULTS,,6.0,,0,0,0,0,,DEPTH_SNAPSHOT_STREAM,false
219,LATE_COUNT,,44.816667,,0,0,0,0,,DEPTH_SNAPSHOT_STREAM,false
219,POST_RESOLUTION_DIAGNOSTIC,,,,0,0,0,0,,DEPTH_SNAPSHOT_STREAM,false
220,PRE_ELECTION,60.852809,61.0,0.99758703,48224,33,2,2,2448.56,BBO_CHANGE_STREAM,false
220,ELECTION_DAY_PRE_RESULTS,8.173494,8.183333,0.99879768,14528,4,1,1,237.218,BBO_CHANGE_STREAM,false
220,ACTIVE_RESULTS,5.996966,6.0,0.99949433,9913,1,1,1,35.571,BBO_CHANGE_STREAM,false
220,LATE_COUNT,44.797229,44.816667,0.99956628,38374,29,0,0,1478.905,BBO_CHANGE_STREAM,true
220,POST_RESOLUTION_DIAGNOSTIC,,,,0,0,0,0,,DEPTH_SNAPSHOT_STREAM,false
221,PRE_ELECTION,60.852809,61.0,0.99758703,48205,28,0,2,2448.56,BBO_CHANGE_STREAM,false
221,ELECTION_DAY_PRE_RESULTS,8.173494,8.183333,0.99879768,14527,3,0,3,237.218,BBO_CHANGE_STREAM,false
221,ACTIVE_RESULTS,5.996966,6.0,0.99949433,9913,1,0,1,35.571,BBO_CHANGE_STREAM,false
221,LATE_COUNT,44.797287,44.816667,0.99956757,38374,27,0,0,1478.905,BBO_CHANGE_STREAM,true
221,POST_RESOLUTION_DIAGNOSTIC,,,,0,0,0,0,,DEPTH_SNAPSHOT_STREAM,false
222,PRE_ELECTION,60.947832,61.0,0.99914479,68863,47,2,2,2532.879,BBO_CHANGE_STREAM,false
222,ELECTION_DAY_PRE_RESULTS,8.172342,8.183333,0.9986569,13173,4,1,1,695.874,BBO_CHANGE_STREAM,false
222,ACTIVE_RESULTS,5.987791,6.0,0.99796517,9795,1,1,1,159.462,BBO_CHANGE_STREAM,false
222,LATE_COUNT,44.800296,44.816667,0.99963471,33857,29,0,0,1404.665,BBO_CHANGE_STREAM,true
222,POST_RESOLUTION_DIAGNOSTIC,,,,0,0,0,0,,DEPTH_SNAPSHOT_STREAM,false
223,PRE_ELECTION,60.947832,61.0,0.99914479,68858,47,0,2,2532.879,BBO_CHANGE_STREAM,false
223,ELECTION_DAY_PRE_RESULTS,8.172342,8.183333,0.9986569,13172,2,0,3,695.874,BBO_CHANGE_STREAM,false
223,ACTIVE_RESULTS,5.987791,6.0,0.99796517,9800,2,0,1,159.462,BBO_CHANGE_STREAM,false
223,LATE_COUNT,44.800296,44.816667,0.99963471,33858,30,0,0,1404.665,BBO_CHANGE_STREAM,true
223,POST_RESOLUTION_DIAGNOSTIC,,,,0,0,0,0,,DEPTH_SNAPSHOT_STREAM,false
224,PRE_ELECTION,60.989866,61.0,0.99983387,76170,46,2,2,5723.241,BBO_CHANGE_STREAM,false
224,ELECTION_DAY_PRE_RESULTS,8.177646,8.183333,0.99930505,15360,3,1,1,28.472,BBO_CHANGE_STREAM,false
224,ACTIVE_RESULTS,5.987791,6.0,0.99796517,9346,1,1,1,54.754,BBO_CHANGE_STREAM,false
224,LATE_COUNT,44.675797,44.816667,0.99685675,30894,26,0,0,2476.13,BBO_CHANGE_STREAM,true
224,POST_RESOLUTION_DIAGNOSTIC,,,,0,0,0,0,,DEPTH_SNAPSHOT_STREAM,false
225,PRE_ELECTION,60.989866,61.0,0.99983387,76118,45,0,2,5723.241,BBO_CHANGE_STREAM,false
225,ELECTION_DAY_PRE_RESULTS,8.177646,8.183333,0.99930505,15358,3,0,3,28.472,BBO_CHANGE_STREAM,false
225,ACTIVE_RESULTS,5.987791,6.0,0.99796517,9346,1,0,1,54.754,BBO_CHANGE_STREAM,false
225,LATE_COUNT,44.675797,44.816667,0.99685675,30893,24,0,0,2476.316,BBO_CHANGE_STREAM,true
225,POST_RESOLUTION_DIAGNOSTIC,,,,0,0,0,0,,DEPTH_SNAPSHOT_STREAM,false
226,PRE_ELECTION,60.994003,61.0,0.99990169,65335,46,4,4,3155.63,BBO_CHANGE_STREAM,false
226,ELECTION_DAY_PRE_RESULTS,8.171947,8.183333,0.99860864,10336,4,1,1,85.822,BBO_CHANGE_STREAM,false
226,ACTIVE_RESULTS,5.999557,6.0,0.99992617,9589,2,1,3,43.506,BBO_CHANGE_STREAM,false
226,LATE_COUNT,44.771483,44.816667,0.9989918,47321,21,0,1,1082.379,BBO_CHANGE_STREAM,true
226,POST_RESOLUTION_DIAGNOSTIC,,,,0,0,0,0,,DEPTH_SNAPSHOT_STREAM,false
227,PRE_ELECTION,60.994003,61.0,0.99990169,65329,39,0,4,3155.63,BBO_CHANGE_STREAM,false
227,ELECTION_DAY_PRE_RESULTS,8.172017,8.183333,0.99861719,10327,5,0,3,85.822,BBO_CHANGE_STREAM,false
227,ACTIVE_RESULTS,5.999557,6.0,0.99992617,9588,3,1,2,43.506,BBO_CHANGE_STREAM,false
227,LATE_COUNT,44.771483,44.816667,0.9989918,47318,32,1,1,1082.379,BBO_CHANGE_STREAM,true
227,POST_RESOLUTION_DIAGNOSTIC,,,,0,0,0,0,,DEPTH_SNAPSHOT_STREAM,false
228,PRE_ELECTION,60.986296,61.0,0.99977534,56189,49,2,2,2758.582,BBO_CHANGE_STREAM,false
228,ELECTION_DAY_PRE_RESULTS,8.170486,8.183333,0.9984301,11624,4,1,1,90.881,BBO_CHANGE_STREAM,false
228,ACTIVE_RESULTS,5.987741,6.0,0.99795683,12181,1,1,1,157.715,BBO_CHANGE_STREAM,false
228,LATE_COUNT,44.721315,44.816667,0.9978724,37794,28,0,0,1056.41,BBO_CHANGE_STREAM,true
228,POST_RESOLUTION_DIAGNOSTIC,,,,0,0,0,0,,DEPTH_SNAPSHOT_STREAM,false
229,PRE_ELECTION,60.986296,61.0,0.99977534,56156,37,0,3,2758.582,BBO_CHANGE_STREAM,false
229,ELECTION_DAY_PRE_RESULTS,8.170486,8.183333,0.9984301,11622,5,0,3,90.881,BBO_CHANGE_STREAM,false
229,ACTIVE_RESULTS,5.987741,6.0,0.99795683,12176,1,0,1,157.715,BBO_CHANGE_STREAM,false
229,LATE_COUNT,44.800296,44.816667,0.99963471,37801,33,0,0,1056.41,BBO_CHANGE_STREAM,true
229,POST_RESOLUTION_DIAGNOSTIC,,,,0,0,0,0,,DEPTH_SNAPSHOT_STREAM,false
230,PRE_ELECTION,60.997485,61.0,0.99995877,55360,36,2,2,2822.05,BBO_CHANGE_STREAM,false
230,ELECTION_DAY_PRE_RESULTS,8.174674,8.183333,0.99894187,10777,3,1,1,83.435,BBO_CHANGE_STREAM,false
230,ACTIVE_RESULTS,5.991089,6.0,0.99851483,9877,2,1,1,127.665,BBO_CHANGE_STREAM,false
230,LATE_COUNT,44.776616,44.816667,0.99910634,38456,26,0,0,1087.698,BBO_CHANGE_STREAM,true
230,POST_RESOLUTION_DIAGNOSTIC,,,,0,0,0,0,,DEPTH_SNAPSHOT_STREAM,false
231,PRE_ELECTION,60.997485,61.0,0.99995877,55354,52,0,2,2822.05,BBO_CHANGE_STREAM,false
231,ELECTION_DAY_PRE_RESULTS,8.174674,8.183333,0.99894187,10787,4,0,3,83.435,BBO_CHANGE_STREAM,false
231,ACTIVE_RESULTS,5.991089,6.0,0.99851483,9876,2,0,1,127.665,BBO_CHANGE_STREAM,false
231,LATE_COUNT,44.776616,44.816667,0.99910634,38464,28,0,0,1087.698,BBO_CHANGE_STREAM,true
231,POST_RESOLUTION_DIAGNOSTIC,,,,0,0,0,0,,DEPTH_SNAPSHOT_STREAM,false
232,PRE_ELECTION,60.989582,61.0,0.99982921,71205,25,1,4,3540.787,BBO_CHANGE_STREAM,false
232,ELECTION_DAY_PRE_RESULTS,8.178409,8.183333,0.99939829,16602,9,0,4,77.747,BBO_CHANGE_STREAM,false
232,ACTIVE_RESULTS,5.999289,6.0,0.9998815,10318,5,1,8,47.145,BBO_CHANGE_STREAM,false
232,LATE_COUNT,44.815504,44.816667,0.99997405,69763,32,1,1,247.196,BBO_CHANGE_STREAM,true
232,POST_RESOLUTION_DIAGNOSTIC,,,,0,0,0,0,,DEPTH_SNAPSHOT_STREAM,false
233,PRE_ELECTION,60.989582,61.0,0.99982921,71204,47,2,3,3540.787,BBO_CHANGE_STREAM,false
233,ELECTION_DAY_PRE_RESULTS,8.178409,8.183333,0.99939829,16602,7,4,4,77.747,BBO_CHANGE_STREAM,false
233,ACTIVE_RESULTS,5.999289,6.0,0.9998815,10325,4,3,4,47.145,BBO_CHANGE_STREAM,false
233,LATE_COUNT,44.815504,44.816667,0.99997405,69765,28,0,1,247.196,BBO_CHANGE_STREAM,true
233,POST_RESOLUTION_DIAGNOSTIC,,,,0,0,0,0,,DEPTH_SNAPSHOT_STREAM,false
234,PRE_ELECTION,60.97984,61.0,0.99966951,50132,52,0,2,3432.056,BBO_CHANGE_STREAM,false
234,ELECTION_DAY_PRE_RESULTS,8.166777,8.183333,0.99797686,11648,4,0,1,144.813,BBO_CHANGE_STREAM,false
234,ACTIVE_RESULTS,5.996165,6.0,0.99936083,14058,3,0,5,132.465,BBO_CHANGE_STREAM,false
234,LATE_COUNT,44.816078,44.816667,0.99998686,115329,23,0,1,105.301,BBO_CHANGE_STREAM,true
234,POST_RESOLUTION_DIAGNOSTIC,,,,0,0,0,0,,DEPTH_SNAPSHOT_STREAM,false
235,PRE_ELECTION,60.97984,61.0,0.99966951,50143,36,2,2,3432.056,BBO_CHANGE_STREAM,false
235,ELECTION_DAY_PRE_RESULTS,8.166777,8.183333,0.99797686,11650,5,1,1,144.813,BBO_CHANGE_STREAM,false
235,ACTIVE_RESULTS,5.996231,6.0,0.99937183,14058,3,3,3,132.465,BBO_CHANGE_STREAM,false
235,LATE_COUNT,44.816078,44.816667,0.99998686,115341,34,1,1,105.301,BBO_CHANGE_STREAM,true
235,POST_RESOLUTION_DIAGNOSTIC,,,,0,0,0,0,,DEPTH_SNAPSHOT_STREAM,false
236,PRE_ELECTION,58.192475,61.0,0.953975,65293,46,0,6,4338.166,BBO_CHANGE_STREAM,false
236,ELECTION_DAY_PRE_RESULTS,,8.183333,,0,0,0,0,,DEPTH_SNAPSHOT_STREAM,false
236,ACTIVE_RESULTS,,6.0,,0,0,0,0,,DEPTH_SNAPSHOT_STREAM,false
236,LATE_COUNT,,44.816667,,0,0,0,0,,DEPTH_SNAPSHOT_STREAM,false
236,POST_RESOLUTION_DIAGNOSTIC,,,,0,0,0,0,,DEPTH_SNAPSHOT_STREAM,false
237,PRE_ELECTION,58.192475,61.0,0.953975,65295,48,5,5,4338.166,BBO_CHANGE_STREAM,false
237,ELECTION_DAY_PRE_RESULTS,,8.183333,,0,0,0,0,,DEPTH_SNAPSHOT_STREAM,false
237,ACTIVE_RESULTS,,6.0,,0,0,0,0,,DEPTH_SNAPSHOT_STREAM,false
237,LATE_COUNT,,44.816667,,0,0,0,0,,DEPTH_SNAPSHOT_STREAM,false
237,POST_RESOLUTION_DIAGNOSTIC,,,,0,0,0,0,,DEPTH_SNAPSHOT_STREAM,false
238,PRE_ELECTION,60.975957,61.0,0.99960585,106123,51,1,4,2567.746,BBO_CHANGE_STREAM,false
238,ELECTION_DAY_PRE_RESULTS,8.172138,8.183333,0.99863198,12876,5,0,1,430.666,BBO_CHANGE_STREAM,false
238,ACTIVE_RESULTS,5.996709,6.0,0.9994515,10760,1,0,3,51.792,BBO_CHANGE_STREAM,false
238,LATE_COUNT,44.793967,44.816667,0.99949349,39184,22,0,0,1510.493,BBO_CHANGE_STREAM,true
238,POST_RESOLUTION_DIAGNOSTIC,,,,0,0,0,0,,DEPTH_SNAPSHOT_STREAM,false
239,PRE_ELECTION,60.975957,61.0,0.99960585,106189,43,2,2,2567.746,BBO_CHANGE_STREAM,false
239,ELECTION_DAY_PRE_RESULTS,8.172138,8.183333,0.99863198,12878,7,1,1,430.666,BBO_CHANGE_STREAM,false
239,ACTIVE_RESULTS,5.996709,6.0,0.9994515,10760,2,1,1,51.792,BBO_CHANGE_STREAM,false
239,LATE_COUNT,44.793967,44.816667,0.99949349,39183,27,0,0,1510.493,BBO_CHANGE_STREAM,true
239,POST_RESOLUTION_DIAGNOSTIC,,,,0,0,0,0,,DEPTH_SNAPSHOT_STREAM,false
240,PRE_ELECTION,60.991293,61.0,0.99985726,58760,50,3,7,1811.59,BBO_CHANGE_STREAM,false
240,ELECTION_DAY_PRE_RESULTS,8.147277,8.183333,0.99559397,5656,7,2,10,227.004,BBO_CHANGE_STREAM,false
240,ACTIVE_RESULTS,5.90848,6.0,0.98474667,1910,7,1,22,5357.4,BBO_CHANGE_STREAM,false
240,LATE_COUNT,44.739374,44.816667,0.99827535,56454,46,2,15,203.779,BBO_CHANGE_STREAM,true
240,POST_RESOLUTION_DIAGNOSTIC,,,,0,0,0,0,,DEPTH_SNAPSHOT_STREAM,false
241,PRE_ELECTION,60.991293,61.0,0.99985726,58774,49,5,12,1811.59,BBO_CHANGE_STREAM,false
241,ELECTION_DAY_PRE_RESULTS,8.147277,8.183333,0.99559397,5656,7,2,3,226.789,BBO_CHANGE_STREAM,false
241,ACTIVE_RESULTS,5.90848,6.0,0.98474667,1910,8,6,11,5357.4,BBO_CHANGE_STREAM,true
241,LATE_COUNT,44.739374,44.816667,0.99827535,56483,47,14,20,203.779,BBO_CHANGE_STREAM,true
241,POST_RESOLUTION_DIAGNOSTIC,,,,0,0,0,0,,DEPTH_SNAPSHOT_STREAM,false
242,PRE_ELECTION,60.995402,61.0,0.99992462,162614,43,3,9,3098.785,BBO_CHANGE_STREAM,false
242,ELECTION_DAY_PRE_RESULTS,8.169953,8.183333,0.99836497,10996,4,1,20,136.003,BBO_CHANGE_STREAM,false
242,ACTIVE_RESULTS,5.990209,6.0,0.99836817,5696,17,8,21,371.549,BBO_CHANGE_STREAM,false
242,LATE_COUNT,44.805654,44.816667,0.99975427,18475,28,3,4,971.854,BBO_CHANGE_STREAM,true
242,POST_RESOLUTION_DIAGNOSTIC,,,,0,0,0,0,,DEPTH_SNAPSHOT_STREAM,false
243,PRE_ELECTION,60.995402,61.0,0.99992462,162621,45,3,6,3098.785,BBO_CHANGE_STREAM,false
243,ELECTION_DAY_PRE_RESULTS,8.169953,8.183333,0.99836497,10997,4,2,2,136.003,BBO_CHANGE_STREAM,false
243,ACTIVE_RESULTS,5.990209,6.0,0.99836817,5696,17,9,25,371.549,BBO_CHANGE_STREAM,false
243,LATE_COUNT,44.805654,44.816667,0.99975427,18480,23,0,2,971.854,BBO_CHANGE_STREAM,true
243,POST_RESOLUTION_DIAGNOSTIC,,,,0,0,0,0,,DEPTH_SNAPSHOT_STREAM,false
244,PRE_ELECTION,60.989729,61.0,0.99983162,61885,32,0,2,5666.15,BBO_CHANGE_STREAM,false
244,ELECTION_DAY_PRE_RESULTS,8.177646,8.183333,0.99930505,10742,2,0,0,35.473,BBO_CHANGE_STREAM,false
244,ACTIVE_RESULTS,5.993586,6.0,0.998931,9058,1,0,2,60.461,BBO_CHANGE_STREAM,false
244,LATE_COUNT,44.791938,44.816667,0.99944822,37751,27,0,0,1285.241,BBO_CHANGE_STREAM,true
244,POST_RESOLUTION_DIAGNOSTIC,,,,0,0,0,0,,DEPTH_SNAPSHOT_STREAM,false
245,PRE_ELECTION,60.989729,61.0,0.99983162,61926,42,2,2,5666.15,BBO_CHANGE_STREAM,false
245,ELECTION_DAY_PRE_RESULTS,8.177646,8.183333,0.99930505,10741,4,0,0,35.473,BBO_CHANGE_STREAM,false
245,ACTIVE_RESULTS,5.993586,6.0,0.998931,9059,1,1,1,60.461,BBO_CHANGE_STREAM,false
245,LATE_COUNT,44.791906,44.816667,0.9994475,37751,30,0,0,1285.241,BBO_CHANGE_STREAM,true
245,POST_RESOLUTION_DIAGNOSTIC,,,,0,0,0,0,,DEPTH_SNAPSHOT_STREAM,false
246,PRE_ELECTION,60.989729,61.0,0.99983162,73739,46,0,2,2457.603,BBO_CHANGE_STREAM,false
246,ELECTION_DAY_PRE_RESULTS,8.177646,8.183333,0.99930505,10736,2,0,0,33.884,BBO_CHANGE_STREAM,false
246,ACTIVE_RESULTS,5.993586,6.0,0.998931,9088,2,0,2,60.461,BBO_CHANGE_STREAM,false
246,LATE_COUNT,44.809341,44.816667,0.99983653,34652,26,0,0,1478.123,BBO_CHANGE_STREAM,true
246,POST_RESOLUTION_DIAGNOSTIC,,,,0,0,0,0,,DEPTH_SNAPSHOT_STREAM,false
247,PRE_ELECTION,60.989729,61.0,0.99983162,73740,39,2,2,2457.603,BBO_CHANGE_STREAM,false
247,ELECTION_DAY_PRE_RESULTS,8.177646,8.183333,0.99930505,10734,1,0,0,33.884,BBO_CHANGE_STREAM,false
247,ACTIVE_RESULTS,5.993586,6.0,0.998931,9088,2,1,1,60.461,BBO_CHANGE_STREAM,false
247,LATE_COUNT,44.809341,44.816667,0.99983653,34654,27,0,0,1478.123,BBO_CHANGE_STREAM,true
247,POST_RESOLUTION_DIAGNOSTIC,,,,0,0,0,0,,DEPTH_SNAPSHOT_STREAM,false
248,PRE_ELECTION,60.986629,61.0,0.9997808,66047,44,0,2,2549.174,BBO_CHANGE_STREAM,false
248,ELECTION_DAY_PRE_RESULTS,8.166223,8.183333,0.99790916,14453,5,0,3,358.801,BBO_CHANGE_STREAM,false
248,ACTIVE_RESULTS,5.984692,6.0,0.99744867,9159,1,0,1,57.616,BBO_CHANGE_STREAM,true
248,LATE_COUNT,44.758842,44.816667,0.99870974,37700,19,0,0,1414.086,BBO_CHANGE_STREAM,true
248,POST_RESOLUTION_DIAGNOSTIC,,,,0,0,0,0,,DEPTH_SNAPSHOT_STREAM,false
249,PRE_ELECTION,60.986629,61.0,0.9997808,66076,41,2,2,2549.174,BBO_CHANGE_STREAM,false
249,ELECTION_DAY_PRE_RESULTS,8.166223,8.183333,0.99790916,14456,6,1,1,358.801,BBO_CHANGE_STREAM,false
249,ACTIVE_RESULTS,5.984692,6.0,0.99744867,9159,1,1,1,57.616,BBO_CHANGE_STREAM,false
249,LATE_COUNT,44.770645,44.816667,0.99897311,37700,27,0,0,1414.086,BBO_CHANGE_STREAM,true
249,POST_RESOLUTION_DIAGNOSTIC,,,,0,0,0,0,,DEPTH_SNAPSHOT_STREAM,false
250,PRE_ELECTION,60.98638,61.0,0.99977672,55655,55,2,2,1594.534,BBO_CHANGE_STREAM,false
250,ELECTION_DAY_PRE_RESULTS,8.167767,8.183333,0.99809784,8191,2,0,0,1000.527,BBO_CHANGE_STREAM,false
250,ACTIVE_RESULTS,5.993476,6.0,0.99891267,9019,2,1,1,60.461,BBO_CHANGE_STREAM,false
250,LATE_COUNT,44.643782,44.816667,0.99614239,37307,25,0,0,1287.992,BBO_CHANGE_STREAM,true
250,POST_RESOLUTION_DIAGNOSTIC,,,,0,0,0,0,,DEPTH_SNAPSHOT_STREAM,false
251,PRE_ELECTION,60.98638,61.0,0.99977672,55617,46,0,2,1594.534,BBO_CHANGE_STREAM,false
251,ELECTION_DAY_PRE_RESULTS,8.167767,8.183333,0.99809784,8191,1,0,0,1000.527,BBO_CHANGE_STREAM,false
251,ACTIVE_RESULTS,5.993476,6.0,0.99891267,9018,1,0,2,60.461,BBO_CHANGE_STREAM,false
251,LATE_COUNT,44.643782,44.816667,0.99614239,37308,28,0,0,1287.992,BBO_CHANGE_STREAM,true
251,POST_RESOLUTION_DIAGNOSTIC,,,,0,0,0,0,,DEPTH_SNAPSHOT_STREAM,false
252,PRE_ELECTION,60.989641,61.0,0.99983018,80353,52,2,2,4075.013,BBO_CHANGE_STREAM,false
252,ELECTION_DAY_PRE_RESULTS,8.177646,8.183333,0.99930505,9994,2,0,0,38.561,BBO_CHANGE_STREAM,false
252,ACTIVE_RESULTS,5.993476,6.0,0.99891267,9026,1,1,1,60.461,BBO_CHANGE_STREAM,false
252,LATE_COUNT,44.806275,44.816667,0.99976812,36400,27,0,0,1339.83,BBO_CHANGE_STREAM,true
252,POST_RESOLUTION_DIAGNOSTIC,,,,0,0,0,0,,DEPTH_SNAPSHOT_STREAM,false
253,PRE_ELECTION,60.989641,61.0,0.99983018,80349,46,0,2,4075.013,BBO_CHANGE_STREAM,false
253,ELECTION_DAY_PRE_RESULTS,8.177646,8.183333,0.99930505,9998,2,0,0,38.561,BBO_CHANGE_STREAM,false
253,ACTIVE_RESULTS,5.993476,6.0,0.99891267,9026,1,0,2,60.461,BBO_CHANGE_STREAM,false
253,LATE_COUNT,44.806312,44.816667,0.99976895,36401,23,0,0,1339.83,BBO_CHANGE_STREAM,true
253,POST_RESOLUTION_DIAGNOSTIC,,,,0,0,0,0,,DEPTH_SNAPSHOT_STREAM,false
254,PRE_ELECTION,,61.0,,0,0,0,0,,DEPTH_SNAPSHOT_STREAM,false
254,ELECTION_DAY_PRE_RESULTS,,8.183333,,0,0,0,0,,DEPTH_SNAPSHOT_STREAM,false
254,ACTIVE_RESULTS,,6.0,,0,0,0,0,,DEPTH_SNAPSHOT_STREAM,false
254,LATE_COUNT,,44.816667,,0,0,0,0,,DEPTH_SNAPSHOT_STREAM,false
254,POST_RESOLUTION_DIAGNOSTIC,,,,0,0,0,0,,DEPTH_SNAPSHOT_STREAM,false
255,PRE_ELECTION,,61.0,,0,0,0,0,,DEPTH_SNAPSHOT_STREAM,false
255,ELECTION_DAY_PRE_RESULTS,,8.183333,,0,0,0,0,,DEPTH_SNAPSHOT_STREAM,false
255,ACTIVE_RESULTS,,6.0,,0,0,0,0,,DEPTH_SNAPSHOT_STREAM,false
255,LATE_COUNT,,44.816667,,0,0,0,0,,DEPTH_SNAPSHOT_STREAM,false
255,POST_RESOLUTION_DIAGNOSTIC,,,,0,0,0,0,,DEPTH_SNAPSHOT_STREAM,false
256,PRE_ELECTION,,61.0,,0,0,0,0,,DEPTH_SNAPSHOT_STREAM,false
256,ELECTION_DAY_PRE_RESULTS,,8.183333,,0,0,0,0,,DEPTH_SNAPSHOT_STREAM,false
256,ACTIVE_RESULTS,,6.0,,0,0,0,0,,DEPTH_SNAPSHOT_STREAM,false
256,LATE_COUNT,,44.816667,,0,0,0,0,,DEPTH_SNAPSHOT_STREAM,false
256,POST_RESOLUTION_DIAGNOSTIC,,,,0,0,0,0,,DEPTH_SNAPSHOT_STREAM,false
257,PRE_ELECTION,,61.0,,0,0,0,0,,DEPTH_SNAPSHOT_STREAM,false
257,ELECTION_DAY_PRE_RESULTS,,8.183333,,0,0,0,0,,DEPTH_SNAPSHOT_STREAM,false
257,ACTIVE_RESULTS,,6.0,,0,0,0,0,,DEPTH_SNAPSHOT_STREAM,false
257,LATE_COUNT,,44.816667,,0,0,0,0,,DEPTH_SNAPSHOT_STREAM,false
257,POST_RESOLUTION_DIAGNOSTIC,,,,0,0,0,0,,DEPTH_SNAPSHOT_STREAM,false
258,PRE_ELECTION,,61.0,,0,0,0,0,,DEPTH_SNAPSHOT_STREAM,false
258,ELECTION_DAY_PRE_RESULTS,,8.183333,,0,0,0,0,,DEPTH_SNAPSHOT_STREAM,false
258,ACTIVE_RESULTS,,6.0,,0,0,0,0,,DEPTH_SNAPSHOT_STREAM,false
258,LATE_COUNT,,44.816667,,0,0,0,0,,DEPTH_SNAPSHOT_STREAM,false
258,POST_RESOLUTION_DIAGNOSTIC,,,,0,0,0,0,,DEPTH_SNAPSHOT_STREAM,false
259,PRE_ELECTION,,61.0,,0,0,0,0,,DEPTH_SNAPSHOT_STREAM,false
259,ELECTION_DAY_PRE_RESULTS,,8.183333,,0,0,0,0,,DEPTH_SNAPSHOT_STREAM,false
259,ACTIVE_RESULTS,,6.0,,0,0,0,0,,DEPTH_SNAPSHOT_STREAM,false
259,LATE_COUNT,,44.816667,,0,0,0,0,,DEPTH_SNAPSHOT_STREAM,false
259,POST_RESOLUTION_DIAGNOSTIC,,,,0,0,0,0,,DEPTH_SNAPSHOT_STREAM,false
260,PRE_ELECTION,,61.0,,0,0,0,0,,DEPTH_SNAPSHOT_STREAM,false
260,ELECTION_DAY_PRE_RESULTS,,8.183333,,0,0,0,0,,DEPTH_SNAPSHOT_STREAM,false
260,ACTIVE_RESULTS,,6.0,,0,0,0,0,,DEPTH_SNAPSHOT_STREAM,false
260,LATE_COUNT,,44.816667,,0,0,0,0,,DEPTH_SNAPSHOT_STREAM,false
260,POST_RESOLUTION_DIAGNOSTIC,,,,0,0,0,0,,DEPTH_SNAPSHOT_STREAM,false
261,PRE_ELECTION,,61.0,,0,0,0,0,,DEPTH_SNAPSHOT_STREAM,false
261,ELECTION_DAY_PRE_RESULTS,,8.183333,,0,0,0,0,,DEPTH_SNAPSHOT_STREAM,false
261,ACTIVE_RESULTS,,6.0,,0,0,0,0,,DEPTH_SNAPSHOT_STREAM,false
261,LATE_COUNT,,44.816667,,0,0,0,0,,DEPTH_SNAPSHOT_STREAM,false
261,POST_RESOLUTION_DIAGNOSTIC,,,,0,0,0,0,,DEPTH_SNAPSHOT_STREAM,false
262,PRE_ELECTION,,61.0,,0,0,0,0,,DEPTH_SNAPSHOT_STREAM,false
262,ELECTION_DAY_PRE_RESULTS,,8.183333,,0,0,0,0,,DEPTH_SNAPSHOT_STREAM,false
262,ACTIVE_RESULTS,,6.0,,0,0,0,0,,DEPTH_SNAPSHOT_STREAM,false
262,LATE_COUNT,,44.816667,,0,0,0,0,,DEPTH_SNAPSHOT_STREAM,false
262,POST_RESOLUTION_DIAGNOSTIC,,,,0,0,0,0,,DEPTH_SNAPSHOT_STREAM,false
263,PRE_ELECTION,,61.0,,0,0,0,0,,DEPTH_SNAPSHOT_STREAM,false
263,ELECTION_DAY_PRE_RESULTS,,8.183333,,0,0,0,0,,DEPTH_SNAPSHOT_STREAM,false
263,ACTIVE_RESULTS,,6.0,,0,0,0,0,,DEPTH_SNAPSHOT_STREAM,false
263,LATE_COUNT,,44.816667,,0,0,0,0,,DEPTH_SNAPSHOT_STREAM,false
263,POST_RESOLUTION_DIAGNOSTIC,,,,0,0,0,0,,DEPTH_SNAPSHOT_STREAM,false
264,PRE_ELECTION,,61.0,,0,0,0,0,,DEPTH_SNAPSHOT_STREAM,false
264,ELECTION_DAY_PRE_RESULTS,,8.183333,,0,0,0,0,,DEPTH_SNAPSHOT_STREAM,false
264,ACTIVE_RESULTS,,6.0,,0,0,0,0,,DEPTH_SNAPSHOT_STREAM,false
264,LATE_COUNT,,44.816667,,0,0,0,0,,DEPTH_SNAPSHOT_STREAM,false
264,POST_RESOLUTION_DIAGNOSTIC,,,,0,0,0,0,,DEPTH_SNAPSHOT_STREAM,false
265,PRE_ELECTION,,61.0,,0,0,0,0,,DEPTH_SNAPSHOT_STREAM,false
265,ELECTION_DAY_PRE_RESULTS,,8.183333,,0,0,0,0,,DEPTH_SNAPSHOT_STREAM,false
265,ACTIVE_RESULTS,,6.0,,0,0,0,0,,DEPTH_SNAPSHOT_STREAM,false
265,LATE_COUNT,,44.816667,,0,0,0,0,,DEPTH_SNAPSHOT_STREAM,false
265,POST_RESOLUTION_DIAGNOSTIC,,,,0,0,0,0,,DEPTH_SNAPSHOT_STREAM,false
266,PRE_ELECTION,,61.0,,0,0,0,0,,DEPTH_SNAPSHOT_STREAM,false
266,ELECTION_DAY_PRE_RESULTS,,8.183333,,0,0,0,0,,DEPTH_SNAPSHOT_STREAM,false
266,ACTIVE_RESULTS,,6.0,,0,0,0,0,,DEPTH_SNAPSHOT_STREAM,false
266,LATE_COUNT,,44.816667,,0,0,0,0,,DEPTH_SNAPSHOT_STREAM,false
266,POST_RESOLUTION_DIAGNOSTIC,,,,0,0,0,0,,DEPTH_SNAPSHOT_STREAM,false
267,PRE_ELECTION,,61.0,,0,0,0,0,,DEPTH_SNAPSHOT_STREAM,false
267,ELECTION_DAY_PRE_RESULTS,,8.183333,,0,0,0,0,,DEPTH_SNAPSHOT_STREAM,false
267,ACTIVE_RESULTS,,6.0,,0,0,0,0,,DEPTH_SNAPSHOT_STREAM,false
267,LATE_COUNT,,44.816667,,0,0,0,0,,DEPTH_SNAPSHOT_STREAM,false
267,POST_RESOLUTION_DIAGNOSTIC,,,,0,0,0,0,,DEPTH_SNAPSHOT_STREAM,false
268,PRE_ELECTION,,61.0,,0,0,0,0,,DEPTH_SNAPSHOT_STREAM,false
268,ELECTION_DAY_PRE_RESULTS,,8.183333,,0,0,0,0,,DEPTH_SNAPSHOT_STREAM,false
268,ACTIVE_RESULTS,,6.0,,0,0,0,0,,DEPTH_SNAPSHOT_STREAM,false
268,LATE_COUNT,,44.816667,,0,0,0,0,,DEPTH_SNAPSHOT_STREAM,false
268,POST_RESOLUTION_DIAGNOSTIC,,,,0,0,0,0,,DEPTH_SNAPSHOT_STREAM,false
269,PRE_ELECTION,,61.0,,0,0,0,0,,DEPTH_SNAPSHOT_STREAM,false
269,ELECTION_DAY_PRE_RESULTS,,8.183333,,0,0,0,0,,DEPTH_SNAPSHOT_STREAM,false
269,ACTIVE_RESULTS,,6.0,,0,0,0,0,,DEPTH_SNAPSHOT_STREAM,false
269,LATE_COUNT,,44.816667,,0,0,0,0,,DEPTH_SNAPSHOT_STREAM,false
269,POST_RESOLUTION_DIAGNOSTIC,,,,0,0,0,0,,DEPTH_SNAPSHOT_STREAM,false
270,PRE_ELECTION,,61.0,,0,0,0,0,,DEPTH_SNAPSHOT_STREAM,false
270,ELECTION_DAY_PRE_RESULTS,,8.183333,,0,0,0,0,,DEPTH_SNAPSHOT_STREAM,false
270,ACTIVE_RESULTS,,6.0,,0,0,0,0,,DEPTH_SNAPSHOT_STREAM,false
270,LATE_COUNT,,44.816667,,0,0,0,0,,DEPTH_SNAPSHOT_STREAM,false
270,POST_RESOLUTION_DIAGNOSTIC,,,,0,0,0,0,,DEPTH_SNAPSHOT_STREAM,false
271,PRE_ELECTION,,61.0,,0,0,0,0,,DEPTH_SNAPSHOT_STREAM,false
271,ELECTION_DAY_PRE_RESULTS,,8.183333,,0,0,0,0,,DEPTH_SNAPSHOT_STREAM,false
271,ACTIVE_RESULTS,,6.0,,0,0,0,0,,DEPTH_SNAPSHOT_STREAM,false
271,LATE_COUNT,,44.816667,,0,0,0,0,,DEPTH_SNAPSHOT_STREAM,false
271,POST_RESOLUTION_DIAGNOSTIC,,,,0,0,0,0,,DEPTH_SNAPSHOT_STREAM,false
272,PRE_ELECTION,,61.0,,0,0,0,0,,DEPTH_SNAPSHOT_STREAM,false
272,ELECTION_DAY_PRE_RESULTS,,8.183333,,0,0,0,0,,DEPTH_SNAPSHOT_STREAM,false
272,ACTIVE_RESULTS,,6.0,,0,0,0,0,,DEPTH_SNAPSHOT_STREAM,false
272,LATE_COUNT,,44.816667,,0,0,0,0,,DEPTH_SNAPSHOT_STREAM,false
272,POST_RESOLUTION_DIAGNOSTIC,,,,0,0,0,0,,DEPTH_SNAPSHOT_STREAM,false
273,PRE_ELECTION,,61.0,,0,0,0,0,,DEPTH_SNAPSHOT_STREAM,false
273,ELECTION_DAY_PRE_RESULTS,,8.183333,,0,0,0,0,,DEPTH_SNAPSHOT_STREAM,false
273,ACTIVE_RESULTS,,6.0,,0,0,0,0,,DEPTH_SNAPSHOT_STREAM,false
273,LATE_COUNT,,44.816667,,0,0,0,0,,DEPTH_SNAPSHOT_STREAM,false
273,POST_RESOLUTION_DIAGNOSTIC,,,,0,0,0,0,,DEPTH_SNAPSHOT_STREAM,false
274,PRE_ELECTION,,61.0,,0,0,0,0,,DEPTH_SNAPSHOT_STREAM,false
274,ELECTION_DAY_PRE_RESULTS,,8.183333,,0,0,0,0,,DEPTH_SNAPSHOT_STREAM,false
274,ACTIVE_RESULTS,,6.0,,0,0,0,0,,DEPTH_SNAPSHOT_STREAM,false
274,LATE_COUNT,,44.816667,,0,0,0,0,,DEPTH_SNAPSHOT_STREAM,false
274,POST_RESOLUTION_DIAGNOSTIC,,,,0,0,0,0,,DEPTH_SNAPSHOT_STREAM,false
275,PRE_ELECTION,,61.0,,0,0,0,0,,DEPTH_SNAPSHOT_STREAM,false
275,ELECTION_DAY_PRE_RESULTS,,8.183333,,0,0,0,0,,DEPTH_SNAPSHOT_STREAM,false
275,ACTIVE_RESULTS,,6.0,,0,0,0,0,,DEPTH_SNAPSHOT_STREAM,false
275,LATE_COUNT,,44.816667,,0,0,0,0,,DEPTH_SNAPSHOT_STREAM,false
275,POST_RESOLUTION_DIAGNOSTIC,,,,0,0,0,0,,DEPTH_SNAPSHOT_STREAM,false
276,PRE_ELECTION,,61.0,,0,0,0,0,,DEPTH_SNAPSHOT_STREAM,false
276,ELECTION_DAY_PRE_RESULTS,,8.183333,,0,0,0,0,,DEPTH_SNAPSHOT_STREAM,false
276,ACTIVE_RESULTS,,6.0,,0,0,0,0,,DEPTH_SNAPSHOT_STREAM,false
276,LATE_COUNT,,44.816667,,0,0,0,0,,DEPTH_SNAPSHOT_STREAM,false
276,POST_RESOLUTION_DIAGNOSTIC,,,,0,0,0,0,,DEPTH_SNAPSHOT_STREAM,false
277,PRE_ELECTION,,61.0,,0,0,0,0,,DEPTH_SNAPSHOT_STREAM,false
277,ELECTION_DAY_PRE_RESULTS,,8.183333,,0,0,0,0,,DEPTH_SNAPSHOT_STREAM,false
277,ACTIVE_RESULTS,,6.0,,0,0,0,0,,DEPTH_SNAPSHOT_STREAM,false
277,LATE_COUNT,,44.816667,,0,0,0,0,,DEPTH_SNAPSHOT_STREAM,false
277,POST_RESOLUTION_DIAGNOSTIC,,,,0,0,0,0,,DEPTH_SNAPSHOT_STREAM,false
278,PRE_ELECTION,,61.0,,0,0,0,0,,DEPTH_SNAPSHOT_STREAM,false
278,ELECTION_DAY_PRE_RESULTS,,8.183333,,0,0,0,0,,DEPTH_SNAPSHOT_STREAM,false
278,ACTIVE_RESULTS,,6.0,,0,0,0,0,,DEPTH_SNAPSHOT_STREAM,false
278,LATE_COUNT,,44.816667,,0,0,0,0,,DEPTH_SNAPSHOT_STREAM,false
278,POST_RESOLUTION_DIAGNOSTIC,,,,0,0,0,0,,DEPTH_SNAPSHOT_STREAM,false
279,PRE_ELECTION,,61.0,,0,0,0,0,,DEPTH_SNAPSHOT_STREAM,false
279,ELECTION_DAY_PRE_RESULTS,,8.183333,,0,0,0,0,,DEPTH_SNAPSHOT_STREAM,false
279,ACTIVE_RESULTS,,6.0,,0,0,0,0,,DEPTH_SNAPSHOT_STREAM,false
279,LATE_COUNT,,44.816667,,0,0,0,0,,DEPTH_SNAPSHOT_STREAM,false
279,POST_RESOLUTION_DIAGNOSTIC,,,,0,0,0,0,,DEPTH_SNAPSHOT_STREAM,false
280,PRE_ELECTION,,61.0,,0,0,0,0,,DEPTH_SNAPSHOT_STREAM,false
280,ELECTION_DAY_PRE_RESULTS,,8.183333,,0,0,0,0,,DEPTH_SNAPSHOT_STREAM,false
280,ACTIVE_RESULTS,,6.0,,0,0,0,0,,DEPTH_SNAPSHOT_STREAM,false
280,LATE_COUNT,,44.816667,,0,0,0,0,,DEPTH_SNAPSHOT_STREAM,false
280,POST_RESOLUTION_DIAGNOSTIC,,,,0,0,0,0,,DEPTH_SNAPSHOT_STREAM,false
281,PRE_ELECTION,,61.0,,0,0,0,0,,DEPTH_SNAPSHOT_STREAM,false
281,ELECTION_DAY_PRE_RESULTS,,8.183333,,0,0,0,0,,DEPTH_SNAPSHOT_STREAM,false
281,ACTIVE_RESULTS,,6.0,,0,0,0,0,,DEPTH_SNAPSHOT_STREAM,false
281,LATE_COUNT,,44.816667,,0,0,0,0,,DEPTH_SNAPSHOT_STREAM,false
281,POST_RESOLUTION_DIAGNOSTIC,,,,0,0,0,0,,DEPTH_SNAPSHOT_STREAM,false
282,PRE_ELECTION,,61.0,,0,0,0,0,,DEPTH_SNAPSHOT_STREAM,false
282,ELECTION_DAY_PRE_RESULTS,,8.183333,,0,0,0,0,,DEPTH_SNAPSHOT_STREAM,false
282,ACTIVE_RESULTS,,6.0,,0,0,0,0,,DEPTH_SNAPSHOT_STREAM,false
282,LATE_COUNT,,44.816667,,0,0,0,0,,DEPTH_SNAPSHOT_STREAM,false
282,POST_RESOLUTION_DIAGNOSTIC,,,,0,0,0,0,,DEPTH_SNAPSHOT_STREAM,false
283,PRE_ELECTION,,61.0,,0,0,0,0,,DEPTH_SNAPSHOT_STREAM,false
283,ELECTION_DAY_PRE_RESULTS,,8.183333,,0,0,0,0,,DEPTH_SNAPSHOT_STREAM,false
283,ACTIVE_RESULTS,,6.0,,0,0,0,0,,DEPTH_SNAPSHOT_STREAM,false
283,LATE_COUNT,,44.816667,,0,0,0,0,,DEPTH_SNAPSHOT_STREAM,false
283,POST_RESOLUTION_DIAGNOSTIC,,,,0,0,0,0,,DEPTH_SNAPSHOT_STREAM,false
284,PRE_ELECTION,,61.0,,0,0,0,0,,DEPTH_SNAPSHOT_STREAM,false
284,ELECTION_DAY_PRE_RESULTS,,8.183333,,0,0,0,0,,DEPTH_SNAPSHOT_STREAM,false
284,ACTIVE_RESULTS,,6.0,,0,0,0,0,,DEPTH_SNAPSHOT_STREAM,false
284,LATE_COUNT,,44.816667,,0,0,0,0,,DEPTH_SNAPSHOT_STREAM,false
284,POST_RESOLUTION_DIAGNOSTIC,,,,0,0,0,0,,DEPTH_SNAPSHOT_STREAM,false
285,PRE_ELECTION,,61.0,,0,0,0,0,,DEPTH_SNAPSHOT_STREAM,false
285,ELECTION_DAY_PRE_RESULTS,,8.183333,,0,0,0,0,,DEPTH_SNAPSHOT_STREAM,false
285,ACTIVE_RESULTS,,6.0,,0,0,0,0,,DEPTH_SNAPSHOT_STREAM,false
285,LATE_COUNT,,44.816667,,0,0,0,0,,DEPTH_SNAPSHOT_STREAM,false
285,POST_RESOLUTION_DIAGNOSTIC,,,,0,0,0,0,,DEPTH_SNAPSHOT_STREAM,false
286,PRE_ELECTION,,61.0,,0,0,0,0,,DEPTH_SNAPSHOT_STREAM,false
286,ELECTION_DAY_PRE_RESULTS,,8.183333,,0,0,0,0,,DEPTH_SNAPSHOT_STREAM,false
286,ACTIVE_RESULTS,,6.0,,0,0,0,0,,DEPTH_SNAPSHOT_STREAM,false
286,LATE_COUNT,,44.816667,,0,0,0,0,,DEPTH_SNAPSHOT_STREAM,false
286,POST_RESOLUTION_DIAGNOSTIC,,,,0,0,0,0,,DEPTH_SNAPSHOT_STREAM,false
287,PRE_ELECTION,,61.0,,0,0,0,0,,DEPTH_SNAPSHOT_STREAM,false
287,ELECTION_DAY_PRE_RESULTS,,8.183333,,0,0,0,0,,DEPTH_SNAPSHOT_STREAM,false
287,ACTIVE_RESULTS,,6.0,,0,0,0,0,,DEPTH_SNAPSHOT_STREAM,false
287,LATE_COUNT,,44.816667,,0,0,0,0,,DEPTH_SNAPSHOT_STREAM,false
287,POST_RESOLUTION_DIAGNOSTIC,,,,0,0,0,0,,DEPTH_SNAPSHOT_STREAM,false
288,PRE_ELECTION,,61.0,,0,0,0,0,,DEPTH_SNAPSHOT_STREAM,false
288,ELECTION_DAY_PRE_RESULTS,,8.183333,,0,0,0,0,,DEPTH_SNAPSHOT_STREAM,false
288,ACTIVE_RESULTS,,6.0,,0,0,0,0,,DEPTH_SNAPSHOT_STREAM,false
288,LATE_COUNT,,44.816667,,0,0,0,0,,DEPTH_SNAPSHOT_STREAM,false
288,POST_RESOLUTION_DIAGNOSTIC,,,,0,0,0,0,,DEPTH_SNAPSHOT_STREAM,false
289,PRE_ELECTION,,61.0,,0,0,0,0,,DEPTH_SNAPSHOT_STREAM,false
289,ELECTION_DAY_PRE_RESULTS,,8.183333,,0,0,0,0,,DEPTH_SNAPSHOT_STREAM,false
289,ACTIVE_RESULTS,,6.0,,0,0,0,0,,DEPTH_SNAPSHOT_STREAM,false
289,LATE_COUNT,,44.816667,,0,0,0,0,,DEPTH_SNAPSHOT_STREAM,false
289,POST_RESOLUTION_DIAGNOSTIC,,,,0,0,0,0,,DEPTH_SNAPSHOT_STREAM,false
290,PRE_ELECTION,60.998198,61.0,0.99997046,173996,88,36,45,2802.433,BBO_CHANGE_STREAM,false
290,ELECTION_DAY_PRE_RESULTS,8.177486,8.183333,0.9992855,14461,1,0,0,38.549,BBO_CHANGE_STREAM,false
290,ACTIVE_RESULTS,5.998302,6.0,0.999717,28852,17,12,18,29.608,BBO_CHANGE_STREAM,false
290,LATE_COUNT,44.815679,44.816667,0.99997795,158017,30,1,3,53.77,BBO_CHANGE_STREAM,true
290,POST_RESOLUTION_DIAGNOSTIC,,,,0,0,0,0,,DEPTH_SNAPSHOT_STREAM,false
291,PRE_ELECTION,60.994428,61.0,0.99990866,173995,94,5,58,2802.433,BBO_CHANGE_STREAM,false
291,ELECTION_DAY_PRE_RESULTS,8.177486,8.183333,0.9992855,14461,3,0,0,38.549,BBO_CHANGE_STREAM,false
291,ACTIVE_RESULTS,5.998302,6.0,0.999717,28853,16,4,19,29.311,BBO_CHANGE_STREAM,false
291,LATE_COUNT,44.815679,44.816667,0.99997795,158004,25,1,1,53.77,BBO_CHANGE_STREAM,true
291,POST_RESOLUTION_DIAGNOSTIC,,,,0,0,0,0,,DEPTH_SNAPSHOT_STREAM,false
292,PRE_ELECTION,60.981107,61.0,0.99969028,111939,59,11,48,2441.031,BBO_CHANGE_STREAM,false
292,ELECTION_DAY_PRE_RESULTS,8.170674,8.183333,0.99845308,7563,1,0,0,330.551,BBO_CHANGE_STREAM,false
292,ACTIVE_RESULTS,5.962474,6.0,0.99374567,7738,8,0,9,176.874,BBO_CHANGE_STREAM,false
292,LATE_COUNT,44.815375,44.816667,0.99997117,102779,36,0,1,107.16,BBO_CHANGE_STREAM,true
292,POST_RESOLUTION_DIAGNOSTIC,,,,0,0,0,0,,DEPTH_SNAPSHOT_STREAM,false
293,PRE_ELECTION,60.981107,61.0,0.99969028,111908,60,16,25,2441.031,BBO_CHANGE_STREAM,false
293,ELECTION_DAY_PRE_RESULTS,8.170674,8.183333,0.99845308,7550,3,0,0,330.551,BBO_CHANGE_STREAM,false
293,ACTIVE_RESULTS,5.962474,6.0,0.99374567,7738,7,7,9,176.874,BBO_CHANGE_STREAM,false
293,LATE_COUNT,44.815375,44.816667,0.99997117,102769,30,1,1,107.16,BBO_CHANGE_STREAM,true
293,POST_RESOLUTION_DIAGNOSTIC,,,,0,0,0,0,,DEPTH_SNAPSHOT_STREAM,false
294,PRE_ELECTION,60.532917,61.0,0.9923429,42082,57,6,23,2141.177,BBO_CHANGE_STREAM,false
294,ELECTION_DAY_PRE_RESULTS,8.163983,8.183333,0.99763544,8125,7,4,4,1505.882,BBO_CHANGE_STREAM,false
294,ACTIVE_RESULTS,5.999688,6.0,0.999948,33203,18,6,25,189.063,BBO_CHANGE_STREAM,true
294,LATE_COUNT,44.816128,44.816667,0.99998797,167281,32,5,8,49.733,BBO_CHANGE_STREAM,true
294,POST_RESOLUTION_DIAGNOSTIC,,,,0,0,0,0,,DEPTH_SNAPSHOT_STREAM,false
295,PRE_ELECTION,60.532905,61.0,0.9923427,42090,60,16,38,2141.177,BBO_CHANGE_STREAM,false
295,ELECTION_DAY_PRE_RESULTS,8.163983,8.183333,0.99763544,8127,5,0,5,1505.882,BBO_CHANGE_STREAM,false
295,ACTIVE_RESULTS,5.999688,6.0,0.999948,33202,18,12,36,189.063,BBO_CHANGE_STREAM,true
295,LATE_COUNT,44.816128,44.816667,0.99998797,167283,29,1,8,49.733,BBO_CHANGE_STREAM,true
295,POST_RESOLUTION_DIAGNOSTIC,,,,0,0,0,0,,DEPTH_SNAPSHOT_STREAM,false
296,PRE_ELECTION,60.996585,61.0,0.99994402,78471,79,12,31,1292.477,BBO_CHANGE_STREAM,false
296,ELECTION_DAY_PRE_RESULTS,8.183193,8.183333,0.99998289,4338,13,7,12,455.337,BBO_CHANGE_STREAM,false
296,ACTIVE_RESULTS,5.999909,6.0,0.99998483,65417,29,19,38,60.093,BBO_CHANGE_STREAM,true
296,LATE_COUNT,44.815679,44.816667,0.99997795,224268,35,10,18,104.524,BBO_CHANGE_STREAM,true
296,POST_RESOLUTION_DIAGNOSTIC,,,,0,0,0,0,,DEPTH_SNAPSHOT_STREAM,false
297,PRE_ELECTION,60.996585,61.0,0.99994402,78477,76,14,37,1292.408,BBO_CHANGE_STREAM,false
297,ELECTION_DAY_PRE_RESULTS,8.183193,8.183333,0.99998289,4338,13,1,5,455.337,BBO_CHANGE_STREAM,false
297,ACTIVE_RESULTS,5.999909,6.0,0.99998483,65415,29,10,50,60.093,BBO_CHANGE_STREAM,false
297,LATE_COUNT,44.815679,44.816667,0.99997795,224264,35,0,9,104.524,BBO_CHANGE_STREAM,true
297,POST_RESOLUTION_DIAGNOSTIC,,,,0,0,0,0,,DEPTH_SNAPSHOT_STREAM,false
298,PRE_ELECTION,60.997209,61.0,0.99995425,117246,65,12,23,1991.526,BBO_CHANGE_STREAM,false
298,ELECTION_DAY_PRE_RESULTS,8.182879,8.183333,0.99994452,7624,3,0,0,208.941,BBO_CHANGE_STREAM,false
298,ACTIVE_RESULTS,5.97563,6.0,0.99593833,24264,19,16,29,140.986,BBO_CHANGE_STREAM,false
298,LATE_COUNT,44.810491,44.816667,0.99986219,133951,42,1,2,84.514,BBO_CHANGE_STREAM,true
298,POST_RESOLUTION_DIAGNOSTIC,,,,0,0,0,0,,DEPTH_SNAPSHOT_STREAM,false
299,PRE_ELECTION,60.997209,61.0,0.99995425,117192,60,5,24,1991.923,BBO_CHANGE_STREAM,false
299,ELECTION_DAY_PRE_RESULTS,8.182879,8.183333,0.99994452,7621,3,0,0,208.941,BBO_CHANGE_STREAM,false
299,ACTIVE_RESULTS,5.97563,6.0,0.99593833,24265,19,2,18,140.986,BBO_CHANGE_STREAM,false
299,LATE_COUNT,44.810491,44.816667,0.99986219,133943,33,0,0,84.514,BBO_CHANGE_STREAM,true
299,POST_RESOLUTION_DIAGNOSTIC,,,,0,0,0,0,,DEPTH_SNAPSHOT_STREAM,false
300,PRE_ELECTION,60.997209,61.0,0.99995425,381961,92,12,95,1715.416,BBO_CHANGE_STREAM,false
300,ELECTION_DAY_PRE_RESULTS,8.181963,8.183333,0.99983259,18000,3,1,2,45.611,BBO_CHANGE_STREAM,false
300,ACTIVE_RESULTS,5.99961,6.0,0.999935,28507,16,4,16,30.223,BBO_CHANGE_STREAM,true
300,LATE_COUNT,44.815758,44.816667,0.99997972,123230,30,0,0,40.544,BBO_CHANGE_STREAM,true
300,POST_RESOLUTION_DIAGNOSTIC,,,,0,0,0,0,,DEPTH_SNAPSHOT_STREAM,false
301,PRE_ELECTION,60.997209,61.0,0.99995425,381830,90,35,64,1715.485,BBO_CHANGE_STREAM,false
301,ELECTION_DAY_PRE_RESULTS,8.181963,8.183333,0.99983259,18002,3,0,0,45.611,BBO_CHANGE_STREAM,false
301,ACTIVE_RESULTS,5.99961,6.0,0.999935,28507,16,10,21,30.223,BBO_CHANGE_STREAM,false
301,LATE_COUNT,44.815758,44.816667,0.99997972,123228,28,1,2,40.544,BBO_CHANGE_STREAM,true
301,POST_RESOLUTION_DIAGNOSTIC,,,,0,0,0,0,,DEPTH_SNAPSHOT_STREAM,false
302,PRE_ELECTION,60.998436,61.0,0.99997436,188821,60,9,35,1764.001,BBO_CHANGE_STREAM,false
302,ELECTION_DAY_PRE_RESULTS,8.183151,8.183333,0.99997776,28664,5,0,1,29.987,BBO_CHANGE_STREAM,false
302,ACTIVE_RESULTS,5.988466,6.0,0.99807767,11569,10,3,11,134.434,BBO_CHANGE_STREAM,false
302,LATE_COUNT,44.810491,44.816667,0.99986219,110448,31,4,5,94.439,BBO_CHANGE_STREAM,true
302,POST_RESOLUTION_DIAGNOSTIC,,,,0,0,0,0,,DEPTH_SNAPSHOT_STREAM,false
303,PRE_ELECTION,60.998436,61.0,0.99997436,188817,63,16,35,1764.001,BBO_CHANGE_STREAM,false
303,ELECTION_DAY_PRE_RESULTS,8.183151,8.183333,0.99997776,28679,3,3,5,29.987,BBO_CHANGE_STREAM,false
303,ACTIVE_RESULTS,5.988466,6.0,0.99807767,11572,10,7,10,134.434,BBO_CHANGE_STREAM,false
303,LATE_COUNT,44.810491,44.816667,0.99986219,110456,33,2,7,94.439,BBO_CHANGE_STREAM,true
303,POST_RESOLUTION_DIAGNOSTIC,,,,0,0,0,0,,DEPTH_SNAPSHOT_STREAM,false
304,PRE_ELECTION,60.993506,61.0,0.99989354,64047,54,7,7,2496.012,BBO_CHANGE_STREAM,false
304,ELECTION_DAY_PRE_RESULTS,8.181893,8.183333,0.99982403,17261,3,0,0,53.186,BBO_CHANGE_STREAM,false
304,ACTIVE_RESULTS,5.999713,6.0,0.99995217,11330,0,0,0,30.377,BBO_CHANGE_STREAM,false
304,LATE_COUNT,44.815876,44.816667,0.99998235,95279,21,0,0,45.242,BBO_CHANGE_STREAM,true
304,POST_RESOLUTION_DIAGNOSTIC,,,,0,0,0,0,,DEPTH_SNAPSHOT_STREAM,false
305,PRE_ELECTION,60.993506,61.0,0.99989354,64023,54,1,14,2496.012,BBO_CHANGE_STREAM,false
305,ELECTION_DAY_PRE_RESULTS,8.181893,8.183333,0.99982403,17260,1,0,0,53.186,BBO_CHANGE_STREAM,false
305,ACTIVE_RESULTS,5.999713,6.0,0.99995217,11330,0,0,0,30.377,BBO_CHANGE_STREAM,false
305,LATE_COUNT,44.815876,44.816667,0.99998235,95282,35,1,2,45.242,BBO_CHANGE_STREAM,true
305,POST_RESOLUTION_DIAGNOSTIC,,,,0,0,0,0,,DEPTH_SNAPSHOT_STREAM,false
306,PRE_ELECTION,60.997638,61.0,0.99996128,75133,58,0,10,2496.012,BBO_CHANGE_STREAM,false
306,ELECTION_DAY_PRE_RESULTS,8.179791,8.183333,0.99956717,13066,3,1,4,96.991,BBO_CHANGE_STREAM,false
306,ACTIVE_RESULTS,5.999401,6.0,0.99990017,26685,9,1,17,88.055,BBO_CHANGE_STREAM,false
306,LATE_COUNT,44.815876,44.816667,0.99998235,122883,37,3,10,71.553,BBO_CHANGE_STREAM,true
306,POST_RESOLUTION_DIAGNOSTIC,,,,0,0,0,0,,DEPTH_SNAPSHOT_STREAM,false
307,PRE_ELECTION,60.997613,61.0,0.99996087,75144,65,10,10,2496.012,BBO_CHANGE_STREAM,false
307,ELECTION_DAY_PRE_RESULTS,8.179791,8.183333,0.99956717,13067,2,1,4,96.991,BBO_CHANGE_STREAM,false
307,ACTIVE_RESULTS,5.999401,6.0,0.99990017,26685,10,7,12,88.055,BBO_CHANGE_STREAM,false
307,LATE_COUNT,44.815876,44.816667,0.99998235,122870,35,7,11,71.553,BBO_CHANGE_STREAM,true
307,POST_RESOLUTION_DIAGNOSTIC,,,,0,0,0,0,,DEPTH_SNAPSHOT_STREAM,false
308,PRE_ELECTION,60.994914,61.0,0.99991662,61514,56,8,15,1715.237,BBO_CHANGE_STREAM,false
308,ELECTION_DAY_PRE_RESULTS,8.180668,8.183333,0.99967434,14610,3,3,4,225.058,BBO_CHANGE_STREAM,false
308,ACTIVE_RESULTS,5.999045,6.0,0.99984083,17243,3,2,3,250.7,BBO_CHANGE_STREAM,true
308,LATE_COUNT,44.813778,44.816667,0.99993554,120677,28,8,16,31.792,BBO_CHANGE_STREAM,true
308,POST_RESOLUTION_DIAGNOSTIC,,,,0,0,0,0,,DEPTH_SNAPSHOT_STREAM,false
309,PRE_ELECTION,60.994914,61.0,0.99991662,61511,50,0,4,1715.237,BBO_CHANGE_STREAM,false
309,ELECTION_DAY_PRE_RESULTS,8.180668,8.183333,0.99967434,14609,6,0,3,225.058,BBO_CHANGE_STREAM,false
309,ACTIVE_RESULTS,5.999045,6.0,0.99984083,17243,3,1,6,250.7,BBO_CHANGE_STREAM,true
309,LATE_COUNT,44.813778,44.816667,0.99993554,120686,33,1,2,31.792,BBO_CHANGE_STREAM,true
309,POST_RESOLUTION_DIAGNOSTIC,,,,0,0,0,0,,DEPTH_SNAPSHOT_STREAM,false
310,PRE_ELECTION,60.983482,61.0,0.99972921,18777,63,5,17,2526.011,BBO_CHANGE_STREAM,false
310,ELECTION_DAY_PRE_RESULTS,8.180057,8.183333,0.99959967,9293,9,4,4,491.224,BBO_CHANGE_STREAM,false
310,ACTIVE_RESULTS,5.988496,6.0,0.99808267,9624,4,1,7,202.11,BBO_CHANGE_STREAM,false
310,LATE_COUNT,44.813646,44.816667,0.99993259,104812,26,0,2,133.729,BBO_CHANGE_STREAM,true
310,POST_RESOLUTION_DIAGNOSTIC,,,,0,0,0,0,,DEPTH_SNAPSHOT_STREAM,false
311,PRE_ELECTION,60.983427,61.0,0.99972831,18760,57,11,19,2526.011,BBO_CHANGE_STREAM,false
311,ELECTION_DAY_PRE_RESULTS,8.180057,8.183333,0.99959967,9296,9,0,7,491.224,BBO_CHANGE_STREAM,false
311,ACTIVE_RESULTS,5.988496,6.0,0.99808267,9624,4,3,7,202.11,BBO_CHANGE_STREAM,true
311,LATE_COUNT,44.813646,44.816667,0.99993259,104800,35,2,2,133.729,BBO_CHANGE_STREAM,true
311,POST_RESOLUTION_DIAGNOSTIC,,,,0,0,0,0,,DEPTH_SNAPSHOT_STREAM,false
312,PRE_ELECTION,60.991771,61.0,0.9998651,48543,57,4,16,2496.248,BBO_CHANGE_STREAM,false
312,ELECTION_DAY_PRE_RESULTS,8.182611,8.183333,0.99991177,8443,14,6,8,380.735,BBO_CHANGE_STREAM,false
312,ACTIVE_RESULTS,5.985198,6.0,0.997533,13721,4,1,8,182.624,BBO_CHANGE_STREAM,true
312,LATE_COUNT,44.813778,44.816667,0.99993554,94597,38,1,1,171.148,BBO_CHANGE_STREAM,true
312,POST_RESOLUTION_DIAGNOSTIC,,,,0,0,0,0,,DEPTH_SNAPSHOT_STREAM,false
313,PRE_ELECTION,60.991771,61.0,0.9998651,48527,49,7,16,2496.248,BBO_CHANGE_STREAM,false
313,ELECTION_DAY_PRE_RESULTS,8.182611,8.183333,0.99991177,8443,7,1,12,380.735,BBO_CHANGE_STREAM,false
313,ACTIVE_RESULTS,5.985198,6.0,0.997533,13721,5,3,5,182.624,BBO_CHANGE_STREAM,false
313,LATE_COUNT,44.813778,44.816667,0.99993554,94601,31,5,11,171.148,BBO_CHANGE_STREAM,true
313,POST_RESOLUTION_DIAGNOSTIC,,,,0,0,0,0,,DEPTH_SNAPSHOT_STREAM,false
314,PRE_ELECTION,60.997599,61.0,0.99996064,64693,47,1,12,2922.018,BBO_CHANGE_STREAM,false
314,ELECTION_DAY_PRE_RESULTS,8.183184,8.183333,0.99998179,12500,6,4,9,1158.744,BBO_CHANGE_STREAM,false
314,ACTIVE_RESULTS,5.999844,6.0,0.999974,19035,18,18,27,111.581,BBO_CHANGE_STREAM,false
314,LATE_COUNT,44.815823,44.816667,0.99998117,125045,46,17,21,135.472,BBO_CHANGE_STREAM,true
314,POST_RESOLUTION_DIAGNOSTIC,,,,0,0,0,0,,DEPTH_SNAPSHOT_STREAM,false
315,PRE_ELECTION,60.997599,61.0,0.99996064,64681,58,9,13,2922.018,BBO_CHANGE_STREAM,false
315,ELECTION_DAY_PRE_RESULTS,8.183184,8.183333,0.99998179,12503,9,2,5,1158.744,BBO_CHANGE_STREAM,false
315,ACTIVE_RESULTS,5.999844,6.0,0.999974,19035,19,0,29,111.581,BBO_CHANGE_STREAM,true
315,LATE_COUNT,44.815823,44.816667,0.99998117,125034,50,3,25,135.472,BBO_CHANGE_STREAM,true
315,POST_RESOLUTION_DIAGNOSTIC,,,,0,0,0,0,,DEPTH_SNAPSHOT_STREAM,false
316,PRE_ELECTION,60.979762,61.0,0.99966823,60254,66,21,33,1855.237,BBO_CHANGE_STREAM,false
316,ELECTION_DAY_PRE_RESULTS,8.18001,8.183333,0.99959393,12013,7,1,9,153.703,BBO_CHANGE_STREAM,false
316,ACTIVE_RESULTS,5.999713,6.0,0.99995217,21655,14,9,23,87.228,BBO_CHANGE_STREAM,false
316,LATE_COUNT,44.815876,44.816667,0.99998235,163638,30,8,15,107.211,BBO_CHANGE_STREAM,true
316,POST_RESOLUTION_DIAGNOSTIC,,,,0,0,0,0,,DEPTH_SNAPSHOT_STREAM,false
317,PRE_ELECTION,60.979762,61.0,0.99966823,60248,74,1,24,1855.237,BBO_CHANGE_STREAM,false
317,ELECTION_DAY_PRE_RESULTS,8.18001,8.183333,0.99959393,12013,13,4,7,153.703,BBO_CHANGE_STREAM,false
317,ACTIVE_RESULTS,5.999713,6.0,0.99995217,21655,14,5,18,87.228,BBO_CHANGE_STREAM,false
317,LATE_COUNT,44.815876,44.816667,0.99998235,163627,42,2,6,107.211,BBO_CHANGE_STREAM,true
317,POST_RESOLUTION_DIAGNOSTIC,,,,0,0,0,0,,DEPTH_SNAPSHOT_STREAM,false
318,PRE_ELECTION,60.998862,61.0,0.99998134,49430,64,2,5,1652.916,BBO_CHANGE_STREAM,false
318,ELECTION_DAY_PRE_RESULTS,8.182445,8.183333,0.99989149,6943,6,0,7,624.92,BBO_CHANGE_STREAM,false
318,ACTIVE_RESULTS,5.99949,6.0,0.999915,37815,23,17,28,111.579,BBO_CHANGE_STREAM,false
318,LATE_COUNT,44.816073,44.816667,0.99998675,176468,43,13,28,132.854,BBO_CHANGE_STREAM,true
318,POST_RESOLUTION_DIAGNOSTIC,,,,0,0,0,0,,DEPTH_SNAPSHOT_STREAM,false
319,PRE_ELECTION,60.998862,61.0,0.99998134,49433,52,2,3,1652.916,BBO_CHANGE_STREAM,false
319,ELECTION_DAY_PRE_RESULTS,8.182445,8.183333,0.99989149,6943,6,5,5,624.92,BBO_CHANGE_STREAM,false
319,ACTIVE_RESULTS,5.99949,6.0,0.999915,37816,24,6,51,111.579,BBO_CHANGE_STREAM,false
319,LATE_COUNT,44.816073,44.816667,0.99998675,176457,42,6,16,132.854,BBO_CHANGE_STREAM,true
319,POST_RESOLUTION_DIAGNOSTIC,,,,0,0,0,0,,DEPTH_SNAPSHOT_STREAM,false
320,PRE_ELECTION,60.99885,61.0,0.99998115,52790,57,2,7,1700.415,BBO_CHANGE_STREAM,false
320,ELECTION_DAY_PRE_RESULTS,8.139373,8.183333,0.99462811,7673,11,5,6,565.146,BBO_CHANGE_STREAM,false
320,ACTIVE_RESULTS,5.975567,6.0,0.99592783,15851,16,13,18,243.585,BBO_CHANGE_STREAM,false
320,LATE_COUNT,44.815146,44.816667,0.99996606,117357,27,2,3,275.277,BBO_CHANGE_STREAM,true
320,POST_RESOLUTION_DIAGNOSTIC,,,,0,0,0,0,,DEPTH_SNAPSHOT_STREAM,false
321,PRE_ELECTION,60.99885,61.0,0.99998115,52798,47,7,13,1700.415,BBO_CHANGE_STREAM,false
321,ELECTION_DAY_PRE_RESULTS,8.139406,8.183333,0.99463214,7674,12,5,14,565.146,BBO_CHANGE_STREAM,false
321,ACTIVE_RESULTS,5.975567,6.0,0.99592783,15851,15,1,18,243.585,BBO_CHANGE_STREAM,false
321,LATE_COUNT,44.815146,44.816667,0.99996606,117355,21,1,3,275.277,BBO_CHANGE_STREAM,true
321,POST_RESOLUTION_DIAGNOSTIC,,,,0,0,0,0,,DEPTH_SNAPSHOT_STREAM,false
322,PRE_ELECTION,60.99848,61.0,0.99997508,60497,50,2,4,2895.999,BBO_CHANGE_STREAM,false
322,ELECTION_DAY_PRE_RESULTS,8.082945,8.183333,0.98773263,11338,8,5,6,587.257,BBO_CHANGE_STREAM,false
322,ACTIVE_RESULTS,5.980472,6.0,0.99674533,6518,6,3,3,540.033,BBO_CHANGE_STREAM,false
322,LATE_COUNT,44.791135,44.816667,0.9994303,58696,32,0,0,574.887,BBO_CHANGE_STREAM,true
322,POST_RESOLUTION_DIAGNOSTIC,,,,0,0,0,0,,DEPTH_SNAPSHOT_STREAM,false
323,PRE_ELECTION,60.99848,61.0,0.99997508,60451,33,1,2,2896.009,BBO_CHANGE_STREAM,false
323,ELECTION_DAY_PRE_RESULTS,8.082945,8.183333,0.98773263,11338,7,1,7,587.257,BBO_CHANGE_STREAM,false
323,ACTIVE_RESULTS,5.980472,6.0,0.99674533,6518,6,3,11,540.033,BBO_CHANGE_STREAM,false
323,LATE_COUNT,44.791135,44.816667,0.9994303,58701,28,1,3,574.813,BBO_CHANGE_STREAM,true
323,POST_RESOLUTION_DIAGNOSTIC,,,,0,0,0,0,,DEPTH_SNAPSHOT_STREAM,false
324,PRE_ELECTION,60.998066,61.0,0.9999683,93454,47,7,13,2324.922,BBO_CHANGE_STREAM,false
324,ELECTION_DAY_PRE_RESULTS,8.172781,8.183333,0.99871055,30139,10,1,7,112.43,BBO_CHANGE_STREAM,false
324,ACTIVE_RESULTS,5.995863,6.0,0.9993105,12333,11,4,17,65.557,BBO_CHANGE_STREAM,false
324,LATE_COUNT,44.815452,44.816667,0.99997289,98258,26,1,1,180.348,BBO_CHANGE_STREAM,true
324,POST_RESOLUTION_DIAGNOSTIC,,,,0,0,0,0,,DEPTH_SNAPSHOT_STREAM,false
325,PRE_ELECTION,60.998092,61.0,0.99996872,93476,42,2,9,2324.922,BBO_CHANGE_STREAM,false
325,ELECTION_DAY_PRE_RESULTS,8.172781,8.183333,0.99871055,30137,10,5,6,112.43,BBO_CHANGE_STREAM,false
325,ACTIVE_RESULTS,5.995863,6.0,0.9993105,12333,12,7,11,65.557,BBO_CHANGE_STREAM,false
325,LATE_COUNT,44.815452,44.816667,0.99997289,98267,27,0,1,180.348,BBO_CHANGE_STREAM,true
325,POST_RESOLUTION_DIAGNOSTIC,,,,0,0,0,0,,DEPTH_SNAPSHOT_STREAM,false
326,PRE_ELECTION,60.998958,61.0,0.99998292,141794,63,3,30,1855.985,BBO_CHANGE_STREAM,false
326,ELECTION_DAY_PRE_RESULTS,8.181354,8.183333,0.99975817,44741,6,2,10,141.096,BBO_CHANGE_STREAM,false
326,ACTIVE_RESULTS,5.996701,6.0,0.99945017,11038,8,4,12,183.13,BBO_CHANGE_STREAM,false
326,LATE_COUNT,44.796377,44.816667,0.99954727,160371,30,3,6,152.434,BBO_CHANGE_STREAM,true
326,POST_RESOLUTION_DIAGNOSTIC,,,,0,0,0,0,,DEPTH_SNAPSHOT_STREAM,false
327,PRE_ELECTION,60.998958,61.0,0.99998292,141775,64,16,24,1855.985,BBO_CHANGE_STREAM,false
327,ELECTION_DAY_PRE_RESULTS,8.181354,8.183333,0.99975817,44755,9,4,5,141.096,BBO_CHANGE_STREAM,false
327,ACTIVE_RESULTS,5.996701,6.0,0.99945017,11038,8,4,7,183.13,BBO_CHANGE_STREAM,false
327,LATE_COUNT,44.796377,44.816667,0.99954727,160336,27,2,5,152.434,BBO_CHANGE_STREAM,true
327,POST_RESOLUTION_DIAGNOSTIC,,,,0,0,0,0,,DEPTH_SNAPSHOT_STREAM,false
328,PRE_ELECTION,60.997638,61.0,0.99996128,114821,57,0,0,1855.985,BBO_CHANGE_STREAM,false
328,ELECTION_DAY_PRE_RESULTS,8.177442,8.183333,0.99928012,15673,10,3,3,55.265,BBO_CHANGE_STREAM,false
328,ACTIVE_RESULTS,5.996766,6.0,0.999461,11365,3,1,4,55.726,BBO_CHANGE_STREAM,false
328,LATE_COUNT,44.812314,44.816667,0.99990287,101554,27,0,2,114.096,BBO_CHANGE_STREAM,true
328,POST_RESOLUTION_DIAGNOSTIC,,,,0,0,0,0,,DEPTH_SNAPSHOT_STREAM,false
329,PRE_ELECTION,60.997638,61.0,0.99996128,114853,47,3,7,1855.985,BBO_CHANGE_STREAM,false
329,ELECTION_DAY_PRE_RESULTS,8.177442,8.183333,0.99928012,15671,10,5,15,55.265,BBO_CHANGE_STREAM,false
329,ACTIVE_RESULTS,5.996766,6.0,0.999461,11365,3,2,2,55.726,BBO_CHANGE_STREAM,false
329,LATE_COUNT,44.812314,44.816667,0.99990287,101562,22,2,2,114.096,BBO_CHANGE_STREAM,true
329,POST_RESOLUTION_DIAGNOSTIC,,,,0,0,0,0,,DEPTH_SNAPSHOT_STREAM,false
330,PRE_ELECTION,60.997627,61.0,0.9999611,51810,48,3,7,3417.839,BBO_CHANGE_STREAM,false
330,ELECTION_DAY_PRE_RESULTS,8.064796,8.183333,0.98551483,9288,5,2,7,1417.093,BBO_CHANGE_STREAM,false
330,ACTIVE_RESULTS,5.865586,6.0,0.97759767,6084,6,2,9,523.996,BBO_CHANGE_STREAM,false
330,LATE_COUNT,44.794969,44.816667,0.99951585,80274,32,2,4,539.93,BBO_CHANGE_STREAM,true
330,POST_RESOLUTION_DIAGNOSTIC,,,,0,0,0,0,,DEPTH_SNAPSHOT_STREAM,false
331,PRE_ELECTION,60.997627,61.0,0.9999611,51813,40,1,1,3417.839,BBO_CHANGE_STREAM,false
331,ELECTION_DAY_PRE_RESULTS,8.064796,8.183333,0.98551483,9288,7,3,3,1417.093,BBO_CHANGE_STREAM,false
331,ACTIVE_RESULTS,5.865586,6.0,0.97759767,6084,7,4,4,523.996,BBO_CHANGE_STREAM,false
331,LATE_COUNT,44.794969,44.816667,0.99951585,80272,28,0,1,539.93,BBO_CHANGE_STREAM,true
331,POST_RESOLUTION_DIAGNOSTIC,,,,0,0,0,0,,DEPTH_SNAPSHOT_STREAM,false
332,PRE_ELECTION,,61.0,,0,0,0,0,,DEPTH_SNAPSHOT_STREAM,false
332,ELECTION_DAY_PRE_RESULTS,,8.183333,,0,0,0,0,,DEPTH_SNAPSHOT_STREAM,false
332,ACTIVE_RESULTS,,6.0,,0,0,0,0,,DEPTH_SNAPSHOT_STREAM,false
332,LATE_COUNT,,44.816667,,0,0,0,0,,DEPTH_SNAPSHOT_STREAM,false
332,POST_RESOLUTION_DIAGNOSTIC,,,,0,0,0,0,,DEPTH_SNAPSHOT_STREAM,false
333,PRE_ELECTION,,61.0,,0,0,0,0,,DEPTH_SNAPSHOT_STREAM,false
333,ELECTION_DAY_PRE_RESULTS,,8.183333,,0,0,0,0,,DEPTH_SNAPSHOT_STREAM,false
333,ACTIVE_RESULTS,,6.0,,0,0,0,0,,DEPTH_SNAPSHOT_STREAM,false
333,LATE_COUNT,,44.816667,,0,0,0,0,,DEPTH_SNAPSHOT_STREAM,false
333,POST_RESOLUTION_DIAGNOSTIC,,,,0,0,0,0,,DEPTH_SNAPSHOT_STREAM,false
334,PRE_ELECTION,,61.0,,0,0,0,0,,DEPTH_SNAPSHOT_STREAM,false
334,ELECTION_DAY_PRE_RESULTS,,8.183333,,0,0,0,0,,DEPTH_SNAPSHOT_STREAM,false
334,ACTIVE_RESULTS,,6.0,,0,0,0,0,,DEPTH_SNAPSHOT_STREAM,false
334,LATE_COUNT,,44.816667,,0,0,0,0,,DEPTH_SNAPSHOT_STREAM,false
334,POST_RESOLUTION_DIAGNOSTIC,,,,0,0,0,0,,DEPTH_SNAPSHOT_STREAM,false
335,PRE_ELECTION,,61.0,,0,0,0,0,,DEPTH_SNAPSHOT_STREAM,false
335,ELECTION_DAY_PRE_RESULTS,,8.183333,,0,0,0,0,,DEPTH_SNAPSHOT_STREAM,false
335,ACTIVE_RESULTS,,6.0,,0,0,0,0,,DEPTH_SNAPSHOT_STREAM,false
335,LATE_COUNT,,44.816667,,0,0,0,0,,DEPTH_SNAPSHOT_STREAM,false
335,POST_RESOLUTION_DIAGNOSTIC,,,,0,0,0,0,,DEPTH_SNAPSHOT_STREAM,false
336,PRE_ELECTION,,61.0,,0,0,0,0,,DEPTH_SNAPSHOT_STREAM,false
336,ELECTION_DAY_PRE_RESULTS,,8.183333,,0,0,0,0,,DEPTH_SNAPSHOT_STREAM,false
336,ACTIVE_RESULTS,,6.0,,0,0,0,0,,DEPTH_SNAPSHOT_STREAM,false
336,LATE_COUNT,,44.816667,,0,0,0,0,,DEPTH_SNAPSHOT_STREAM,false
336,POST_RESOLUTION_DIAGNOSTIC,,,,0,0,0,0,,DEPTH_SNAPSHOT_STREAM,false
337,PRE_ELECTION,,61.0,,0,0,0,0,,DEPTH_SNAPSHOT_STREAM,false
337,ELECTION_DAY_PRE_RESULTS,,8.183333,,0,0,0,0,,DEPTH_SNAPSHOT_STREAM,false
337,ACTIVE_RESULTS,,6.0,,0,0,0,0,,DEPTH_SNAPSHOT_STREAM,false
337,LATE_COUNT,,44.816667,,0,0,0,0,,DEPTH_SNAPSHOT_STREAM,false
337,POST_RESOLUTION_DIAGNOSTIC,,,,0,0,0,0,,DEPTH_SNAPSHOT_STREAM,false
338,PRE_ELECTION,,61.0,,0,0,0,0,,DEPTH_SNAPSHOT_STREAM,false
338,ELECTION_DAY_PRE_RESULTS,,8.183333,,0,0,0,0,,DEPTH_SNAPSHOT_STREAM,false
338,ACTIVE_RESULTS,,6.0,,0,0,0,0,,DEPTH_SNAPSHOT_STREAM,false
338,LATE_COUNT,,44.816667,,0,0,0,0,,DEPTH_SNAPSHOT_STREAM,false
338,POST_RESOLUTION_DIAGNOSTIC,,,,0,0,0,0,,DEPTH_SNAPSHOT_STREAM,false
339,PRE_ELECTION,,61.0,,0,0,0,0,,DEPTH_SNAPSHOT_STREAM,false
339,ELECTION_DAY_PRE_RESULTS,,8.183333,,0,0,0,0,,DEPTH_SNAPSHOT_STREAM,false
339,ACTIVE_RESULTS,,6.0,,0,0,0,0,,DEPTH_SNAPSHOT_STREAM,false
339,LATE_COUNT,,44.816667,,0,0,0,0,,DEPTH_SNAPSHOT_STREAM,false
339,POST_RESOLUTION_DIAGNOSTIC,,,,0,0,0,0,,DEPTH_SNAPSHOT_STREAM,false
340,PRE_ELECTION,,61.0,,0,0,0,0,,DEPTH_SNAPSHOT_STREAM,false
340,ELECTION_DAY_PRE_RESULTS,,8.183333,,0,0,0,0,,DEPTH_SNAPSHOT_STREAM,false
340,ACTIVE_RESULTS,,6.0,,0,0,0,0,,DEPTH_SNAPSHOT_STREAM,false
340,LATE_COUNT,,44.816667,,0,0,0,0,,DEPTH_SNAPSHOT_STREAM,false
340,POST_RESOLUTION_DIAGNOSTIC,,,,0,0,0,0,,DEPTH_SNAPSHOT_STREAM,false
341,PRE_ELECTION,,61.0,,0,0,0,0,,DEPTH_SNAPSHOT_STREAM,false
341,ELECTION_DAY_PRE_RESULTS,,8.183333,,0,0,0,0,,DEPTH_SNAPSHOT_STREAM,false
341,ACTIVE_RESULTS,,6.0,,0,0,0,0,,DEPTH_SNAPSHOT_STREAM,false
341,LATE_COUNT,,44.816667,,0,0,0,0,,DEPTH_SNAPSHOT_STREAM,false
341,POST_RESOLUTION_DIAGNOSTIC,,,,0,0,0,0,,DEPTH_SNAPSHOT_STREAM,false
342,PRE_ELECTION,,61.0,,0,0,0,0,,DEPTH_SNAPSHOT_STREAM,false
342,ELECTION_DAY_PRE_RESULTS,,8.183333,,0,0,0,0,,DEPTH_SNAPSHOT_STREAM,false
342,ACTIVE_RESULTS,,6.0,,0,0,0,0,,DEPTH_SNAPSHOT_STREAM,false
342,LATE_COUNT,,44.816667,,0,0,0,0,,DEPTH_SNAPSHOT_STREAM,false
342,POST_RESOLUTION_DIAGNOSTIC,,,,0,0,0,0,,DEPTH_SNAPSHOT_STREAM,false
343,PRE_ELECTION,,61.0,,0,0,0,0,,DEPTH_SNAPSHOT_STREAM,false
343,ELECTION_DAY_PRE_RESULTS,,8.183333,,0,0,0,0,,DEPTH_SNAPSHOT_STREAM,false
343,ACTIVE_RESULTS,,6.0,,0,0,0,0,,DEPTH_SNAPSHOT_STREAM,false
343,LATE_COUNT,,44.816667,,0,0,0,0,,DEPTH_SNAPSHOT_STREAM,false
343,POST_RESOLUTION_DIAGNOSTIC,,,,0,0,0,0,,DEPTH_SNAPSHOT_STREAM,false
344,PRE_ELECTION,,61.0,,0,0,0,0,,DEPTH_SNAPSHOT_STREAM,false
344,ELECTION_DAY_PRE_RESULTS,,8.183333,,0,0,0,0,,DEPTH_SNAPSHOT_STREAM,false
344,ACTIVE_RESULTS,,6.0,,0,0,0,0,,DEPTH_SNAPSHOT_STREAM,false
344,LATE_COUNT,,44.816667,,0,0,0,0,,DEPTH_SNAPSHOT_STREAM,false
344,POST_RESOLUTION_DIAGNOSTIC,,,,0,0,0,0,,DEPTH_SNAPSHOT_STREAM,false
345,PRE_ELECTION,,61.0,,0,0,0,0,,DEPTH_SNAPSHOT_STREAM,false
345,ELECTION_DAY_PRE_RESULTS,,8.183333,,0,0,0,0,,DEPTH_SNAPSHOT_STREAM,false
345,ACTIVE_RESULTS,,6.0,,0,0,0,0,,DEPTH_SNAPSHOT_STREAM,false
345,LATE_COUNT,,44.816667,,0,0,0,0,,DEPTH_SNAPSHOT_STREAM,false
345,POST_RESOLUTION_DIAGNOSTIC,,,,0,0,0,0,,DEPTH_SNAPSHOT_STREAM,false
346,PRE_ELECTION,,61.0,,0,0,0,0,,DEPTH_SNAPSHOT_STREAM,false
346,ELECTION_DAY_PRE_RESULTS,,8.183333,,0,0,0,0,,DEPTH_SNAPSHOT_STREAM,false
346,ACTIVE_RESULTS,,6.0,,0,0,0,0,,DEPTH_SNAPSHOT_STREAM,false
346,LATE_COUNT,,44.816667,,0,0,0,0,,DEPTH_SNAPSHOT_STREAM,false
346,POST_RESOLUTION_DIAGNOSTIC,,,,0,0,0,0,,DEPTH_SNAPSHOT_STREAM,false
347,PRE_ELECTION,,61.0,,0,0,0,0,,DEPTH_SNAPSHOT_STREAM,false
347,ELECTION_DAY_PRE_RESULTS,,8.183333,,0,0,0,0,,DEPTH_SNAPSHOT_STREAM,false
347,ACTIVE_RESULTS,,6.0,,0,0,0,0,,DEPTH_SNAPSHOT_STREAM,false
347,LATE_COUNT,,44.816667,,0,0,0,0,,DEPTH_SNAPSHOT_STREAM,false
347,POST_RESOLUTION_DIAGNOSTIC,,,,0,0,0,0,,DEPTH_SNAPSHOT_STREAM,false
348,PRE_ELECTION,,61.0,,0,0,0,0,,DEPTH_SNAPSHOT_STREAM,false
348,ELECTION_DAY_PRE_RESULTS,,8.183333,,0,0,0,0,,DEPTH_SNAPSHOT_STREAM,false
348,ACTIVE_RESULTS,,6.0,,0,0,0,0,,DEPTH_SNAPSHOT_STREAM,false
348,LATE_COUNT,,44.816667,,0,0,0,0,,DEPTH_SNAPSHOT_STREAM,false
348,POST_RESOLUTION_DIAGNOSTIC,,,,0,0,0,0,,DEPTH_SNAPSHOT_STREAM,false
349,PRE_ELECTION,,61.0,,0,0,0,0,,DEPTH_SNAPSHOT_STREAM,false
349,ELECTION_DAY_PRE_RESULTS,,8.183333,,0,0,0,0,,DEPTH_SNAPSHOT_STREAM,false
349,ACTIVE_RESULTS,,6.0,,0,0,0,0,,DEPTH_SNAPSHOT_STREAM,false
349,LATE_COUNT,,44.816667,,0,0,0,0,,DEPTH_SNAPSHOT_STREAM,false
349,POST_RESOLUTION_DIAGNOSTIC,,,,0,0,0,0,,DEPTH_SNAPSHOT_STREAM,false
350,PRE_ELECTION,,61.0,,0,0,0,0,,DEPTH_SNAPSHOT_STREAM,false
350,ELECTION_DAY_PRE_RESULTS,,8.183333,,0,0,0,0,,DEPTH_SNAPSHOT_STREAM,false
350,ACTIVE_RESULTS,,6.0,,0,0,0,0,,DEPTH_SNAPSHOT_STREAM,false
350,LATE_COUNT,,44.816667,,0,0,0,0,,DEPTH_SNAPSHOT_STREAM,false
350,POST_RESOLUTION_DIAGNOSTIC,,,,0,0,0,0,,DEPTH_SNAPSHOT_STREAM,false
351,PRE_ELECTION,,61.0,,0,0,0,0,,DEPTH_SNAPSHOT_STREAM,false
351,ELECTION_DAY_PRE_RESULTS,,8.183333,,0,0,0,0,,DEPTH_SNAPSHOT_STREAM,false
351,ACTIVE_RESULTS,,6.0,,0,0,0,0,,DEPTH_SNAPSHOT_STREAM,false
351,LATE_COUNT,,44.816667,,0,0,0,0,,DEPTH_SNAPSHOT_STREAM,false
351,POST_RESOLUTION_DIAGNOSTIC,,,,0,0,0,0,,DEPTH_SNAPSHOT_STREAM,false
352,PRE_ELECTION,,61.0,,0,0,0,0,,DEPTH_SNAPSHOT_STREAM,false
352,ELECTION_DAY_PRE_RESULTS,,8.183333,,0,0,0,0,,DEPTH_SNAPSHOT_STREAM,false
352,ACTIVE_RESULTS,,6.0,,0,0,0,0,,DEPTH_SNAPSHOT_STREAM,false
352,LATE_COUNT,,44.816667,,0,0,0,0,,DEPTH_SNAPSHOT_STREAM,false
352,POST_RESOLUTION_DIAGNOSTIC,,,,0,0,0,0,,DEPTH_SNAPSHOT_STREAM,false
353,PRE_ELECTION,,61.0,,0,0,0,0,,DEPTH_SNAPSHOT_STREAM,false
353,ELECTION_DAY_PRE_RESULTS,,8.183333,,0,0,0,0,,DEPTH_SNAPSHOT_STREAM,false
353,ACTIVE_RESULTS,,6.0,,0,0,0,0,,DEPTH_SNAPSHOT_STREAM,false
353,LATE_COUNT,,44.816667,,0,0,0,0,,DEPTH_SNAPSHOT_STREAM,false
353,POST_RESOLUTION_DIAGNOSTIC,,,,0,0,0,0,,DEPTH_SNAPSHOT_STREAM,false
354,PRE_ELECTION,,61.0,,0,0,0,0,,DEPTH_SNAPSHOT_STREAM,false
354,ELECTION_DAY_PRE_RESULTS,,8.183333,,0,0,0,0,,DEPTH_SNAPSHOT_STREAM,false
354,ACTIVE_RESULTS,,6.0,,0,0,0,0,,DEPTH_SNAPSHOT_STREAM,false
354,LATE_COUNT,,44.816667,,0,0,0,0,,DEPTH_SNAPSHOT_STREAM,false
354,POST_RESOLUTION_DIAGNOSTIC,,,,0,0,0,0,,DEPTH_SNAPSHOT_STREAM,false
355,PRE_ELECTION,,61.0,,0,0,0,0,,DEPTH_SNAPSHOT_STREAM,false
355,ELECTION_DAY_PRE_RESULTS,,8.183333,,0,0,0,0,,DEPTH_SNAPSHOT_STREAM,false
355,ACTIVE_RESULTS,,6.0,,0,0,0,0,,DEPTH_SNAPSHOT_STREAM,false
355,LATE_COUNT,,44.816667,,0,0,0,0,,DEPTH_SNAPSHOT_STREAM,false
355,POST_RESOLUTION_DIAGNOSTIC,,,,0,0,0,0,,DEPTH_SNAPSHOT_STREAM,false
356,PRE_ELECTION,,61.0,,0,0,0,0,,DEPTH_SNAPSHOT_STREAM,false
356,ELECTION_DAY_PRE_RESULTS,,8.183333,,0,0,0,0,,DEPTH_SNAPSHOT_STREAM,false
356,ACTIVE_RESULTS,,6.0,,0,0,0,0,,DEPTH_SNAPSHOT_STREAM,false
356,LATE_COUNT,,44.816667,,0,0,0,0,,DEPTH_SNAPSHOT_STREAM,false
356,POST_RESOLUTION_DIAGNOSTIC,,,,0,0,0,0,,DEPTH_SNAPSHOT_STREAM,false
357,PRE_ELECTION,,61.0,,0,0,0,0,,DEPTH_SNAPSHOT_STREAM,false
357,ELECTION_DAY_PRE_RESULTS,,8.183333,,0,0,0,0,,DEPTH_SNAPSHOT_STREAM,false
357,ACTIVE_RESULTS,,6.0,,0,0,0,0,,DEPTH_SNAPSHOT_STREAM,false
357,LATE_COUNT,,44.816667,,0,0,0,0,,DEPTH_SNAPSHOT_STREAM,false
357,POST_RESOLUTION_DIAGNOSTIC,,,,0,0,0,0,,DEPTH_SNAPSHOT_STREAM,false
358,PRE_ELECTION,,61.0,,0,0,0,0,,DEPTH_SNAPSHOT_STREAM,false
358,ELECTION_DAY_PRE_RESULTS,,8.183333,,0,0,0,0,,DEPTH_SNAPSHOT_STREAM,false
358,ACTIVE_RESULTS,,6.0,,0,0,0,0,,DEPTH_SNAPSHOT_STREAM,false
358,LATE_COUNT,,44.816667,,0,0,0,0,,DEPTH_SNAPSHOT_STREAM,false
358,POST_RESOLUTION_DIAGNOSTIC,,,,0,0,0,0,,DEPTH_SNAPSHOT_STREAM,false
359,PRE_ELECTION,,61.0,,0,0,0,0,,DEPTH_SNAPSHOT_STREAM,false
359,ELECTION_DAY_PRE_RESULTS,,8.183333,,0,0,0,0,,DEPTH_SNAPSHOT_STREAM,false
359,ACTIVE_RESULTS,,6.0,,0,0,0,0,,DEPTH_SNAPSHOT_STREAM,false
359,LATE_COUNT,,44.816667,,0,0,0,0,,DEPTH_SNAPSHOT_STREAM,false
359,POST_RESOLUTION_DIAGNOSTIC,,,,0,0,0,0,,DEPTH_SNAPSHOT_STREAM,false
360,PRE_ELECTION,,61.0,,0,0,0,0,,DEPTH_SNAPSHOT_STREAM,false
360,ELECTION_DAY_PRE_RESULTS,,8.183333,,0,0,0,0,,DEPTH_SNAPSHOT_STREAM,false
360,ACTIVE_RESULTS,,6.0,,0,0,0,0,,DEPTH_SNAPSHOT_STREAM,false
360,LATE_COUNT,,44.816667,,0,0,0,0,,DEPTH_SNAPSHOT_STREAM,false
360,POST_RESOLUTION_DIAGNOSTIC,,,,0,0,0,0,,DEPTH_SNAPSHOT_STREAM,false
361,PRE_ELECTION,,61.0,,0,0,0,0,,DEPTH_SNAPSHOT_STREAM,false
361,ELECTION_DAY_PRE_RESULTS,,8.183333,,0,0,0,0,,DEPTH_SNAPSHOT_STREAM,false
361,ACTIVE_RESULTS,,6.0,,0,0,0,0,,DEPTH_SNAPSHOT_STREAM,false
361,LATE_COUNT,,44.816667,,0,0,0,0,,DEPTH_SNAPSHOT_STREAM,false
361,POST_RESOLUTION_DIAGNOSTIC,,,,0,0,0,0,,DEPTH_SNAPSHOT_STREAM,false
362,PRE_ELECTION,,61.0,,0,0,0,0,,DEPTH_SNAPSHOT_STREAM,false
362,ELECTION_DAY_PRE_RESULTS,,8.183333,,0,0,0,0,,DEPTH_SNAPSHOT_STREAM,false
362,ACTIVE_RESULTS,,6.0,,0,0,0,0,,DEPTH_SNAPSHOT_STREAM,false
362,LATE_COUNT,,44.816667,,0,0,0,0,,DEPTH_SNAPSHOT_STREAM,false
362,POST_RESOLUTION_DIAGNOSTIC,,,,0,0,0,0,,DEPTH_SNAPSHOT_STREAM,false
363,PRE_ELECTION,,61.0,,0,0,0,0,,DEPTH_SNAPSHOT_STREAM,false
363,ELECTION_DAY_PRE_RESULTS,,8.183333,,0,0,0,0,,DEPTH_SNAPSHOT_STREAM,false
363,ACTIVE_RESULTS,,6.0,,0,0,0,0,,DEPTH_SNAPSHOT_STREAM,false
363,LATE_COUNT,,44.816667,,0,0,0,0,,DEPTH_SNAPSHOT_STREAM,false
363,POST_RESOLUTION_DIAGNOSTIC,,,,0,0,0,0,,DEPTH_SNAPSHOT_STREAM,false
364,PRE_ELECTION,,61.0,,0,0,0,0,,DEPTH_SNAPSHOT_STREAM,false
364,ELECTION_DAY_PRE_RESULTS,,8.183333,,0,0,0,0,,DEPTH_SNAPSHOT_STREAM,false
364,ACTIVE_RESULTS,,6.0,,0,0,0,0,,DEPTH_SNAPSHOT_STREAM,false
364,LATE_COUNT,,44.816667,,0,0,0,0,,DEPTH_SNAPSHOT_STREAM,false
364,POST_RESOLUTION_DIAGNOSTIC,,,,0,0,0,0,,DEPTH_SNAPSHOT_STREAM,false
365,PRE_ELECTION,,61.0,,0,0,0,0,,DEPTH_SNAPSHOT_STREAM,false
365,ELECTION_DAY_PRE_RESULTS,,8.183333,,0,0,0,0,,DEPTH_SNAPSHOT_STREAM,false
365,ACTIVE_RESULTS,,6.0,,0,0,0,0,,DEPTH_SNAPSHOT_STREAM,false
365,LATE_COUNT,,44.816667,,0,0,0,0,,DEPTH_SNAPSHOT_STREAM,false
365,POST_RESOLUTION_DIAGNOSTIC,,,,0,0,0,0,,DEPTH_SNAPSHOT_STREAM,false
366,PRE_ELECTION,,61.0,,0,0,0,0,,DEPTH_SNAPSHOT_STREAM,false
366,ELECTION_DAY_PRE_RESULTS,,8.183333,,0,0,0,0,,DEPTH_SNAPSHOT_STREAM,false
366,ACTIVE_RESULTS,,6.0,,0,0,0,0,,DEPTH_SNAPSHOT_STREAM,false
366,LATE_COUNT,,44.816667,,0,0,0,0,,DEPTH_SNAPSHOT_STREAM,false
366,POST_RESOLUTION_DIAGNOSTIC,,,,0,0,0,0,,DEPTH_SNAPSHOT_STREAM,false
367,PRE_ELECTION,,61.0,,0,0,0,0,,DEPTH_SNAPSHOT_STREAM,false
367,ELECTION_DAY_PRE_RESULTS,,8.183333,,0,0,0,0,,DEPTH_SNAPSHOT_STREAM,false
367,ACTIVE_RESULTS,,6.0,,0,0,0,0,,DEPTH_SNAPSHOT_STREAM,false
367,LATE_COUNT,,44.816667,,0,0,0,0,,DEPTH_SNAPSHOT_STREAM,false
367,POST_RESOLUTION_DIAGNOSTIC,,,,0,0,0,0,,DEPTH_SNAPSHOT_STREAM,false
368,PRE_ELECTION,60.998079,61.0,0.99996851,87084,36,1,29,1765.498,BBO_CHANGE_STREAM,false
368,ELECTION_DAY_PRE_RESULTS,8.182872,8.183333,0.99994367,57227,2,0,0,12.551,BBO_CHANGE_STREAM,false
368,ACTIVE_RESULTS,5.999909,6.0,0.99998483,37864,3,2,5,15.056,BBO_CHANGE_STREAM,false
368,LATE_COUNT,44.816322,44.816667,0.9999923,213031,27,0,0,59.492,BBO_CHANGE_STREAM,true
368,POST_RESOLUTION_DIAGNOSTIC,,,,0,0,0,0,,DEPTH_SNAPSHOT_STREAM,false
369,PRE_ELECTION,60.998079,61.0,0.99996851,87070,31,0,0,1765.498,BBO_CHANGE_STREAM,false
369,ELECTION_DAY_PRE_RESULTS,8.182872,8.183333,0.99994367,57224,3,0,0,12.336,BBO_CHANGE_STREAM,false
369,ACTIVE_RESULTS,5.999909,6.0,0.99998483,37866,3,1,1,15.056,BBO_CHANGE_STREAM,false
369,LATE_COUNT,44.816322,44.816667,0.9999923,213003,30,0,0,59.492,BBO_CHANGE_STREAM,true
369,POST_RESOLUTION_DIAGNOSTIC,,,,0,0,0,0,,DEPTH_SNAPSHOT_STREAM,false
370,PRE_ELECTION,60.998079,61.0,0.99996851,33925,30,0,0,1213.106,BBO_CHANGE_STREAM,false
370,ELECTION_DAY_PRE_RESULTS,8.170128,8.183333,0.99838635,6714,3,0,0,187.516,BBO_CHANGE_STREAM,false
370,ACTIVE_RESULTS,5.995734,6.0,0.999289,10171,2,2,4,273.639,BBO_CHANGE_STREAM,false
370,LATE_COUNT,44.81496,44.816667,0.99996191,194715,30,0,0,91.387,BBO_CHANGE_STREAM,true
370,POST_RESOLUTION_DIAGNOSTIC,,,,0,0,0,0,,DEPTH_SNAPSHOT_STREAM,false
371,PRE_ELECTION,60.998079,61.0,0.99996851,33898,40,0,0,1213.106,BBO_CHANGE_STREAM,false
371,ELECTION_DAY_PRE_RESULTS,8.170128,8.183333,0.99838635,6713,4,0,0,187.516,BBO_CHANGE_STREAM,false
371,ACTIVE_RESULTS,5.995734,6.0,0.999289,10171,2,0,0,273.639,BBO_CHANGE_STREAM,false
371,LATE_COUNT,44.81496,44.816667,0.99996191,194762,21,0,0,91.387,BBO_CHANGE_STREAM,true
371,POST_RESOLUTION_DIAGNOSTIC,,,,0,0,0,0,,DEPTH_SNAPSHOT_STREAM,false
372,PRE_ELECTION,60.998079,61.0,0.99996851,124588,53,0,1,1380.005,BBO_CHANGE_STREAM,false
372,ELECTION_DAY_PRE_RESULTS,8.177439,8.183333,0.99927976,14112,2,0,0,88.562,BBO_CHANGE_STREAM,false
372,ACTIVE_RESULTS,5.995734,6.0,0.999289,14548,2,2,4,137.306,BBO_CHANGE_STREAM,false
372,LATE_COUNT,44.814942,44.816667,0.99996151,253502,35,1,2,74.05,BBO_CHANGE_STREAM,true
372,POST_RESOLUTION_DIAGNOSTIC,,,,0,0,0,0,,DEPTH_SNAPSHOT_STREAM,false
373,PRE_ELECTION,60.998079,61.0,0.99996851,124534,48,1,1,1380.005,BBO_CHANGE_STREAM,false
373,ELECTION_DAY_PRE_RESULTS,8.177439,8.183333,0.99927976,14118,2,0,0,88.562,BBO_CHANGE_STREAM,false
373,ACTIVE_RESULTS,5.995734,6.0,0.999289,14548,2,0,0,137.306,BBO_CHANGE_STREAM,false
373,LATE_COUNT,44.814942,44.816667,0.99996151,253463,22,0,0,74.05,BBO_CHANGE_STREAM,true
373,POST_RESOLUTION_DIAGNOSTIC,,,,0,0,0,0,,DEPTH_SNAPSHOT_STREAM,false
374,PRE_ELECTION,60.999553,61.0,0.99999267,41339,44,0,0,1276.506,BBO_CHANGE_STREAM,false
374,ELECTION_DAY_PRE_RESULTS,8.173865,8.183333,0.99884301,8606,3,0,0,114.426,BBO_CHANGE_STREAM,false
374,ACTIVE_RESULTS,5.986623,6.0,0.9977705,3488,0,0,0,225.289,BBO_CHANGE_STREAM,false
374,LATE_COUNT,44.808572,44.816667,0.99981938,199492,32,0,0,138.104,BBO_CHANGE_STREAM,true
374,POST_RESOLUTION_DIAGNOSTIC,,,,0,0,0,0,,DEPTH_SNAPSHOT_STREAM,false
375,PRE_ELECTION,60.999553,61.0,0.99999267,41302,51,0,0,1276.506,BBO_CHANGE_STREAM,false
375,ELECTION_DAY_PRE_RESULTS,8.173865,8.183333,0.99884301,8609,2,0,0,114.426,BBO_CHANGE_STREAM,false
375,ACTIVE_RESULTS,5.986623,6.0,0.9977705,3488,0,0,0,225.289,BBO_CHANGE_STREAM,false
375,LATE_COUNT,44.808572,44.816667,0.99981938,199445,25,1,2,138.104,BBO_CHANGE_STREAM,true
375,POST_RESOLUTION_DIAGNOSTIC,,,,0,0,0,0,,DEPTH_SNAPSHOT_STREAM,false
376,PRE_ELECTION,60.999553,61.0,0.99999267,32921,37,0,0,1276.506,BBO_CHANGE_STREAM,false
376,ELECTION_DAY_PRE_RESULTS,8.170128,8.183333,0.99838635,6856,5,0,0,187.516,BBO_CHANGE_STREAM,false
376,ACTIVE_RESULTS,5.986623,6.0,0.9977705,4315,0,0,0,273.836,BBO_CHANGE_STREAM,false
376,LATE_COUNT,44.808572,44.816667,0.99981938,119523,22,0,0,154.374,BBO_CHANGE_STREAM,true
376,POST_RESOLUTION_DIAGNOSTIC,,,,0,0,0,0,,DEPTH_SNAPSHOT_STREAM,false
377,PRE_ELECTION,60.999553,61.0,0.99999267,32936,34,0,0,1276.506,BBO_CHANGE_STREAM,false
377,ELECTION_DAY_PRE_RESULTS,8.170128,8.183333,0.99838635,6859,0,0,0,187.516,BBO_CHANGE_STREAM,false
377,ACTIVE_RESULTS,5.986623,6.0,0.9977705,4314,0,0,0,273.836,BBO_CHANGE_STREAM,false
377,LATE_COUNT,44.808572,44.816667,0.99981938,119522,17,0,0,154.374,BBO_CHANGE_STREAM,true
377,POST_RESOLUTION_DIAGNOSTIC,,,,0,0,0,0,,DEPTH_SNAPSHOT_STREAM,false
378,PRE_ELECTION,,61.0,,0,0,0,0,,DEPTH_SNAPSHOT_STREAM,false
378,ELECTION_DAY_PRE_RESULTS,,8.183333,,0,0,0,0,,DEPTH_SNAPSHOT_STREAM,false
378,ACTIVE_RESULTS,,6.0,,0,0,0,0,,DEPTH_SNAPSHOT_STREAM,false
378,LATE_COUNT,,44.816667,,0,0,0,0,,DEPTH_SNAPSHOT_STREAM,false
378,POST_RESOLUTION_DIAGNOSTIC,,,,0,0,0,0,,DEPTH_SNAPSHOT_STREAM,false
379,PRE_ELECTION,,61.0,,0,0,0,0,,DEPTH_SNAPSHOT_STREAM,false
379,ELECTION_DAY_PRE_RESULTS,,8.183333,,0,0,0,0,,DEPTH_SNAPSHOT_STREAM,false
379,ACTIVE_RESULTS,,6.0,,0,0,0,0,,DEPTH_SNAPSHOT_STREAM,false
379,LATE_COUNT,,44.816667,,0,0,0,0,,DEPTH_SNAPSHOT_STREAM,false
379,POST_RESOLUTION_DIAGNOSTIC,,,,0,0,0,0,,DEPTH_SNAPSHOT_STREAM,false
380,PRE_ELECTION,60.999553,61.0,0.99999267,35720,41,0,0,1276.506,BBO_CHANGE_STREAM,false
380,ELECTION_DAY_PRE_RESULTS,8.170128,8.183333,0.99838635,7403,1,0,0,121.746,BBO_CHANGE_STREAM,false
380,ACTIVE_RESULTS,5.986555,6.0,0.99775917,3512,0,0,0,273.836,BBO_CHANGE_STREAM,false
380,LATE_COUNT,44.808572,44.816667,0.99981938,120412,22,0,0,138.296,BBO_CHANGE_STREAM,true
380,POST_RESOLUTION_DIAGNOSTIC,,,,0,0,0,0,,DEPTH_SNAPSHOT_STREAM,false
381,PRE_ELECTION,60.999553,61.0,0.99999267,35706,42,0,0,1276.506,BBO_CHANGE_STREAM,false
381,ELECTION_DAY_PRE_RESULTS,8.170128,8.183333,0.99838635,7411,1,0,0,121.746,BBO_CHANGE_STREAM,false
381,ACTIVE_RESULTS,5.986623,6.0,0.9977705,3512,0,0,0,273.836,BBO_CHANGE_STREAM,false
381,LATE_COUNT,44.808572,44.816667,0.99981938,120403,29,0,0,138.296,BBO_CHANGE_STREAM,true
381,POST_RESOLUTION_DIAGNOSTIC,,,,0,0,0,0,,DEPTH_SNAPSHOT_STREAM,false
382,PRE_ELECTION,60.999553,61.0,0.99999267,189781,43,0,0,1214.433,BBO_CHANGE_STREAM,false
382,ELECTION_DAY_PRE_RESULTS,8.182872,8.183333,0.99994367,57544,3,0,0,16.835,BBO_CHANGE_STREAM,false
382,ACTIVE_RESULTS,5.999909,6.0,0.99998483,35984,3,0,0,13.78,BBO_CHANGE_STREAM,false
382,LATE_COUNT,44.814942,44.816667,0.99996151,208027,29,0,0,113.873,BBO_CHANGE_STREAM,true
382,POST_RESOLUTION_DIAGNOSTIC,,,,0,0,0,0,,DEPTH_SNAPSHOT_STREAM,false
383,PRE_ELECTION,60.999553,61.0,0.99999267,189730,49,5,10,1214.572,BBO_CHANGE_STREAM,false
383,ELECTION_DAY_PRE_RESULTS,8.182872,8.183333,0.99994367,57562,4,1,11,16.835,BBO_CHANGE_STREAM,false
383,ACTIVE_RESULTS,5.999909,6.0,0.99998483,35999,2,2,4,13.78,BBO_CHANGE_STREAM,false
383,LATE_COUNT,44.814942,44.816667,0.99996151,208070,26,0,0,113.873,BBO_CHANGE_STREAM,true
383,POST_RESOLUTION_DIAGNOSTIC,,,,0,0,0,0,,DEPTH_SNAPSHOT_STREAM,false
384,PRE_ELECTION,60.999629,61.0,0.99999392,34689,45,0,0,1792.354,BBO_CHANGE_STREAM,false
384,ELECTION_DAY_PRE_RESULTS,8.170128,8.183333,0.99838635,7662,1,0,0,187.516,BBO_CHANGE_STREAM,false
384,ACTIVE_RESULTS,5.989489,6.0,0.99824817,3295,0,0,0,243.319,BBO_CHANGE_STREAM,false
384,LATE_COUNT,44.815876,44.816667,0.99998235,109350,23,0,0,125.431,BBO_CHANGE_STREAM,true
384,POST_RESOLUTION_DIAGNOSTIC,,,,0,0,0,0,,DEPTH_SNAPSHOT_STREAM,false
385,PRE_ELECTION,60.999629,61.0,0.99999392,34695,36,0,0,1792.354,BBO_CHANGE_STREAM,false
385,ELECTION_DAY_PRE_RESULTS,8.170128,8.183333,0.99838635,7656,2,0,0,187.516,BBO_CHANGE_STREAM,false
385,ACTIVE_RESULTS,5.989489,6.0,0.99824817,3297,0,0,0,243.319,BBO_CHANGE_STREAM,false
385,LATE_COUNT,44.815876,44.816667,0.99998235,109345,21,0,0,125.431,BBO_CHANGE_STREAM,true
385,POST_RESOLUTION_DIAGNOSTIC,,,,0,0,0,0,,DEPTH_SNAPSHOT_STREAM,false
386,PRE_ELECTION,58.172963,61.0,0.95365513,31478,41,0,0,1796.007,BBO_CHANGE_STREAM,false
386,ELECTION_DAY_PRE_RESULTS,,8.183333,,0,0,0,0,,DEPTH_SNAPSHOT_STREAM,false
386,ACTIVE_RESULTS,,6.0,,0,0,0,0,,DEPTH_SNAPSHOT_STREAM,false
386,LATE_COUNT,,44.816667,,0,0,0,0,,DEPTH_SNAPSHOT_STREAM,false
386,POST_RESOLUTION_DIAGNOSTIC,,,,0,0,0,0,,DEPTH_SNAPSHOT_STREAM,false
387,PRE_ELECTION,58.172963,61.0,0.95365513,31493,50,0,0,1796.007,BBO_CHANGE_STREAM,false
387,ELECTION_DAY_PRE_RESULTS,,8.183333,,0,0,0,0,,DEPTH_SNAPSHOT_STREAM,false
387,ACTIVE_RESULTS,,6.0,,0,0,0,0,,DEPTH_SNAPSHOT_STREAM,false
387,LATE_COUNT,,44.816667,,0,0,0,0,,DEPTH_SNAPSHOT_STREAM,false
387,POST_RESOLUTION_DIAGNOSTIC,,,,0,0,0,0,,DEPTH_SNAPSHOT_STREAM,false
388,PRE_ELECTION,60.998775,61.0,0.99997992,111222,699,608,669,2051.019,BBO_CHANGE_STREAM,true
388,ELECTION_DAY_PRE_RESULTS,8.174283,8.183333,0.99889409,11816,139,129,143,100.997,BBO_CHANGE_STREAM,false
388,ACTIVE_RESULTS,5.998584,6.0,0.999764,23048,3,2,2,91.474,BBO_CHANGE_STREAM,false
388,LATE_COUNT,44.816304,44.816667,0.9999919,202463,38,8,8,35.155,BBO_CHANGE_STREAM,true
388,POST_RESOLUTION_DIAGNOSTIC,,,,0,0,0,0,,DEPTH_SNAPSHOT_STREAM,false
389,PRE_ELECTION,60.998775,61.0,0.99997992,111149,689,35,788,2051.019,BBO_CHANGE_STREAM,true
389,ELECTION_DAY_PRE_RESULTS,8.174283,8.183333,0.99889409,11816,139,8,151,100.997,BBO_CHANGE_STREAM,false
389,ACTIVE_RESULTS,5.998584,6.0,0.999764,23051,3,1,4,91.474,BBO_CHANGE_STREAM,false
389,LATE_COUNT,44.816304,44.816667,0.9999919,202433,45,5,18,35.155,BBO_CHANGE_STREAM,true
389,POST_RESOLUTION_DIAGNOSTIC,,,,0,0,0,0,,DEPTH_SNAPSHOT_STREAM,false
390,PRE_ELECTION,60.998405,61.0,0.99997385,167085,696,302,1036,2045.366,BBO_CHANGE_STREAM,true
390,ELECTION_DAY_PRE_RESULTS,8.17967,8.183333,0.99955238,65573,435,222,588,98.115,BBO_CHANGE_STREAM,false
390,ACTIVE_RESULTS,5.991592,6.0,0.99859867,52481,703,290,868,123.555,BBO_CHANGE_STREAM,true
390,LATE_COUNT,44.811523,44.816667,0.99988522,41393,432,301,573,130.788,BBO_CHANGE_STREAM,true
390,POST_RESOLUTION_DIAGNOSTIC,,,,0,0,0,0,,DEPTH_SNAPSHOT_STREAM,false
391,PRE_ELECTION,60.998405,61.0,0.99997385,167078,686,329,766,2045.366,BBO_CHANGE_STREAM,true
391,ELECTION_DAY_PRE_RESULTS,8.17967,8.183333,0.99955238,65586,435,207,689,97.9,BBO_CHANGE_STREAM,false
391,ACTIVE_RESULTS,5.991592,6.0,0.99859867,52480,702,406,1271,123.555,BBO_CHANGE_STREAM,true
391,LATE_COUNT,44.811523,44.816667,0.99988522,41381,429,99,282,130.788,BBO_CHANGE_STREAM,true
391,POST_RESOLUTION_DIAGNOSTIC,,,,0,0,0,0,,DEPTH_SNAPSHOT_STREAM,false
392,PRE_ELECTION,60.998405,61.0,0.99997385,374050,688,343,1132,1224.532,BBO_CHANGE_STREAM,true
392,ELECTION_DAY_PRE_RESULTS,8.178287,8.183333,0.99938338,125385,354,105,492,126.094,BBO_CHANGE_STREAM,false
392,ACTIVE_RESULTS,5.999909,6.0,0.99998483,50280,908,370,1059,158.306,BBO_CHANGE_STREAM,true
392,LATE_COUNT,44.811399,44.816667,0.99988245,106589,681,170,523,106.139,BBO_CHANGE_STREAM,true
392,POST_RESOLUTION_DIAGNOSTIC,,,,0,0,0,0,,DEPTH_SNAPSHOT_STREAM,false
393,PRE_ELECTION,60.998405,61.0,0.99997385,374135,675,291,859,1224.532,BBO_CHANGE_STREAM,true
393,ELECTION_DAY_PRE_RESULTS,8.178287,8.183333,0.99938338,125336,353,239,637,126.094,BBO_CHANGE_STREAM,false
393,ACTIVE_RESULTS,5.999909,6.0,0.99998483,50280,908,533,1617,158.306,BBO_CHANGE_STREAM,true
393,LATE_COUNT,44.811399,44.816667,0.99988245,106573,681,484,1007,106.139,BBO_CHANGE_STREAM,true
393,POST_RESOLUTION_DIAGNOSTIC,,,,0,0,0,0,,DEPTH_SNAPSHOT_STREAM,false
394,PRE_ELECTION,60.999629,61.0,0.99999392,34161,53,0,0,1382.042,BBO_CHANGE_STREAM,false
394,ELECTION_DAY_PRE_RESULTS,8.170128,8.183333,0.99838635,7144,3,0,0,185.844,BBO_CHANGE_STREAM,false
394,ACTIVE_RESULTS,5.995734,6.0,0.999289,12062,2,0,0,273.836,BBO_CHANGE_STREAM,false
394,LATE_COUNT,44.815579,44.816667,0.99997572,203755,30,0,0,64.382,BBO_CHANGE_STREAM,true
394,POST_RESOLUTION_DIAGNOSTIC,,,,0,0,0,0,,DEPTH_SNAPSHOT_STREAM,false
395,PRE_ELECTION,60.999423,61.0,0.99999054,34163,38,0,0,1382.042,BBO_CHANGE_STREAM,false
395,ELECTION_DAY_PRE_RESULTS,8.170128,8.183333,0.99838635,7144,2,0,0,185.844,BBO_CHANGE_STREAM,false
395,ACTIVE_RESULTS,5.995734,6.0,0.999289,12062,3,2,4,273.836,BBO_CHANGE_STREAM,false
395,LATE_COUNT,44.815579,44.816667,0.99997572,203952,29,0,0,64.382,BBO_CHANGE_STREAM,true
395,POST_RESOLUTION_DIAGNOSTIC,,,,0,0,0,0,,DEPTH_SNAPSHOT_STREAM,false
396,PRE_ELECTION,60.998224,61.0,0.99997089,39701,38,0,0,1465.505,BBO_CHANGE_STREAM,false
396,ELECTION_DAY_PRE_RESULTS,8.173333,8.183333,0.998778,7514,2,0,0,114.706,BBO_CHANGE_STREAM,false
396,ACTIVE_RESULTS,5.986684,6.0,0.99778067,3849,0,0,0,235.795,BBO_CHANGE_STREAM,false
396,LATE_COUNT,44.808572,44.816667,0.99981938,114286,33,0,0,137.328,BBO_CHANGE_STREAM,true
396,POST_RESOLUTION_DIAGNOSTIC,,,,0,0,0,0,,DEPTH_SNAPSHOT_STREAM,false
397,PRE_ELECTION,60.998224,61.0,0.99997089,39673,40,0,0,1465.505,BBO_CHANGE_STREAM,false
397,ELECTION_DAY_PRE_RESULTS,8.173333,8.183333,0.998778,7531,2,0,0,114.706,BBO_CHANGE_STREAM,false
397,ACTIVE_RESULTS,5.986684,6.0,0.99778067,3849,0,0,0,235.795,BBO_CHANGE_STREAM,false
397,LATE_COUNT,44.808572,44.816667,0.99981938,114279,28,0,0,137.328,BBO_CHANGE_STREAM,true
397,POST_RESOLUTION_DIAGNOSTIC,,,,0,0,0,0,,DEPTH_SNAPSHOT_STREAM,false
398,PRE_ELECTION,60.999629,61.0,0.99999392,35483,37,0,0,1384.005,BBO_CHANGE_STREAM,false
398,ELECTION_DAY_PRE_RESULTS,8.170128,8.183333,0.99838635,7324,1,0,0,135.534,BBO_CHANGE_STREAM,false
398,ACTIVE_RESULTS,5.991911,6.0,0.99865183,3502,0,0,0,263.086,BBO_CHANGE_STREAM,false
398,LATE_COUNT,44.808469,44.816667,0.99981708,116503,22,0,0,154.648,BBO_CHANGE_STREAM,true
398,POST_RESOLUTION_DIAGNOSTIC,,,,0,0,0,0,,DEPTH_SNAPSHOT_STREAM,false
399,PRE_ELECTION,60.999629,61.0,0.99999392,35449,40,0,0,1384.005,BBO_CHANGE_STREAM,false
399,ELECTION_DAY_PRE_RESULTS,8.170128,8.183333,0.99838635,7326,3,0,0,135.534,BBO_CHANGE_STREAM,false
399,ACTIVE_RESULTS,5.991911,6.0,0.99865183,3502,0,0,0,263.086,BBO_CHANGE_STREAM,false
399,LATE_COUNT,44.808469,44.816667,0.99981708,116492,20,0,0,154.648,BBO_CHANGE_STREAM,true
399,POST_RESOLUTION_DIAGNOSTIC,,,,0,0,0,0,,DEPTH_SNAPSHOT_STREAM,false
400,PRE_ELECTION,60.998224,61.0,0.99997089,36326,46,0,0,1384.005,BBO_CHANGE_STREAM,false
400,ELECTION_DAY_PRE_RESULTS,8.170128,8.183333,0.99838635,7254,3,0,0,135.289,BBO_CHANGE_STREAM,false
400,ACTIVE_RESULTS,5.989545,6.0,0.9982575,3718,0,0,0,273.836,BBO_CHANGE_STREAM,false
400,LATE_COUNT,44.808469,44.816667,0.99981708,121837,28,0,0,155.111,BBO_CHANGE_STREAM,true
400,POST_RESOLUTION_DIAGNOSTIC,,,,0,0,0,0,,DEPTH_SNAPSHOT_STREAM,false
401,PRE_ELECTION,60.998224,61.0,0.99997089,36314,50,0,0,1384.005,BBO_CHANGE_STREAM,false
401,ELECTION_DAY_PRE_RESULTS,8.170128,8.183333,0.99838635,7251,2,0,0,135.289,BBO_CHANGE_STREAM,false
401,ACTIVE_RESULTS,5.989545,6.0,0.9982575,3718,0,0,0,273.983,BBO_CHANGE_STREAM,false
401,LATE_COUNT,44.808469,44.816667,0.99981708,121827,29,0,0,155.111,BBO_CHANGE_STREAM,true
401,POST_RESOLUTION_DIAGNOSTIC,,,,0,0,0,0,,DEPTH_SNAPSHOT_STREAM,false
402,PRE_ELECTION,60.999629,61.0,0.99999392,49999,48,1,2,1384.005,BBO_CHANGE_STREAM,false
402,ELECTION_DAY_PRE_RESULTS,8.182872,8.183333,0.99994367,57169,3,0,0,13.529,BBO_CHANGE_STREAM,false
402,ACTIVE_RESULTS,5.999909,6.0,0.99998483,39720,0,0,0,11.297,BBO_CHANGE_STREAM,false
402,LATE_COUNT,44.815981,44.816667,0.99998469,142793,29,0,0,100.507,BBO_CHANGE_STREAM,true
402,POST_RESOLUTION_DIAGNOSTIC,,,,0,0,0,0,,DEPTH_SNAPSHOT_STREAM,false
403,PRE_ELECTION,60.999629,61.0,0.99999392,49991,53,0,0,1384.005,BBO_CHANGE_STREAM,false
403,ELECTION_DAY_PRE_RESULTS,8.182872,8.183333,0.99994367,57168,1,0,0,13.529,BBO_CHANGE_STREAM,false
403,ACTIVE_RESULTS,5.999909,6.0,0.99998483,39719,0,0,0,11.297,BBO_CHANGE_STREAM,false
403,LATE_COUNT,44.815981,44.816667,0.99998469,142788,28,0,0,100.507,BBO_CHANGE_STREAM,true
403,POST_RESOLUTION_DIAGNOSTIC,,,,0,0,0,0,,DEPTH_SNAPSHOT_STREAM,false
404,PRE_ELECTION,,61.0,,0,0,0,0,,DEPTH_SNAPSHOT_STREAM,false
404,ELECTION_DAY_PRE_RESULTS,,8.183333,,0,0,0,0,,DEPTH_SNAPSHOT_STREAM,false
404,ACTIVE_RESULTS,,6.0,,0,0,0,0,,DEPTH_SNAPSHOT_STREAM,false
404,LATE_COUNT,,44.816667,,0,0,0,0,,DEPTH_SNAPSHOT_STREAM,false
404,POST_RESOLUTION_DIAGNOSTIC,,,,0,0,0,0,,DEPTH_SNAPSHOT_STREAM,false
405,PRE_ELECTION,,61.0,,0,0,0,0,,DEPTH_SNAPSHOT_STREAM,false
405,ELECTION_DAY_PRE_RESULTS,,8.183333,,0,0,0,0,,DEPTH_SNAPSHOT_STREAM,false
405,ACTIVE_RESULTS,,6.0,,0,0,0,0,,DEPTH_SNAPSHOT_STREAM,false
405,LATE_COUNT,,44.816667,,0,0,0,0,,DEPTH_SNAPSHOT_STREAM,false
405,POST_RESOLUTION_DIAGNOSTIC,,,,0,0,0,0,,DEPTH_SNAPSHOT_STREAM,false
406,PRE_ELECTION,,61.0,,0,0,0,0,,DEPTH_SNAPSHOT_STREAM,false
406,ELECTION_DAY_PRE_RESULTS,,8.183333,,0,0,0,0,,DEPTH_SNAPSHOT_STREAM,false
406,ACTIVE_RESULTS,,6.0,,0,0,0,0,,DEPTH_SNAPSHOT_STREAM,false
406,LATE_COUNT,,44.816667,,0,0,0,0,,DEPTH_SNAPSHOT_STREAM,false
406,POST_RESOLUTION_DIAGNOSTIC,,,,0,0,0,0,,DEPTH_SNAPSHOT_STREAM,false
407,PRE_ELECTION,,61.0,,0,0,0,0,,DEPTH_SNAPSHOT_STREAM,false
407,ELECTION_DAY_PRE_RESULTS,,8.183333,,0,0,0,0,,DEPTH_SNAPSHOT_STREAM,false
407,ACTIVE_RESULTS,,6.0,,0,0,0,0,,DEPTH_SNAPSHOT_STREAM,false
407,LATE_COUNT,,44.816667,,0,0,0,0,,DEPTH_SNAPSHOT_STREAM,false
407,POST_RESOLUTION_DIAGNOSTIC,,,,0,0,0,0,,DEPTH_SNAPSHOT_STREAM,false
408,PRE_ELECTION,,61.0,,0,0,0,0,,DEPTH_SNAPSHOT_STREAM,false
408,ELECTION_DAY_PRE_RESULTS,,8.183333,,0,0,0,0,,DEPTH_SNAPSHOT_STREAM,false
408,ACTIVE_RESULTS,,6.0,,0,0,0,0,,DEPTH_SNAPSHOT_STREAM,false
408,LATE_COUNT,,44.816667,,0,0,0,0,,DEPTH_SNAPSHOT_STREAM,false
408,POST_RESOLUTION_DIAGNOSTIC,,,,0,0,0,0,,DEPTH_SNAPSHOT_STREAM,false
409,PRE_ELECTION,,61.0,,0,0,0,0,,DEPTH_SNAPSHOT_STREAM,false
409,ELECTION_DAY_PRE_RESULTS,,8.183333,,0,0,0,0,,DEPTH_SNAPSHOT_STREAM,false
409,ACTIVE_RESULTS,,6.0,,0,0,0,0,,DEPTH_SNAPSHOT_STREAM,false
409,LATE_COUNT,,44.816667,,0,0,0,0,,DEPTH_SNAPSHOT_STREAM,false
409,POST_RESOLUTION_DIAGNOSTIC,,,,0,0,0,0,,DEPTH_SNAPSHOT_STREAM,false
410,PRE_ELECTION,,61.0,,0,0,0,0,,DEPTH_SNAPSHOT_STREAM,false
410,ELECTION_DAY_PRE_RESULTS,,8.183333,,0,0,0,0,,DEPTH_SNAPSHOT_STREAM,false
410,ACTIVE_RESULTS,,6.0,,0,0,0,0,,DEPTH_SNAPSHOT_STREAM,false
410,LATE_COUNT,,44.816667,,0,0,0,0,,DEPTH_SNAPSHOT_STREAM,false
410,POST_RESOLUTION_DIAGNOSTIC,,,,0,0,0,0,,DEPTH_SNAPSHOT_STREAM,false
411,PRE_ELECTION,,61.0,,0,0,0,0,,DEPTH_SNAPSHOT_STREAM,false
411,ELECTION_DAY_PRE_RESULTS,,8.183333,,0,0,0,0,,DEPTH_SNAPSHOT_STREAM,false
411,ACTIVE_RESULTS,,6.0,,0,0,0,0,,DEPTH_SNAPSHOT_STREAM,false
411,LATE_COUNT,,44.816667,,0,0,0,0,,DEPTH_SNAPSHOT_STREAM,false
411,POST_RESOLUTION_DIAGNOSTIC,,,,0,0,0,0,,DEPTH_SNAPSHOT_STREAM,false
412,PRE_ELECTION,,61.0,,0,0,0,0,,DEPTH_SNAPSHOT_STREAM,false
412,ELECTION_DAY_PRE_RESULTS,,8.183333,,0,0,0,0,,DEPTH_SNAPSHOT_STREAM,false
412,ACTIVE_RESULTS,,6.0,,0,0,0,0,,DEPTH_SNAPSHOT_STREAM,false
412,LATE_COUNT,,44.816667,,0,0,0,0,,DEPTH_SNAPSHOT_STREAM,false
412,POST_RESOLUTION_DIAGNOSTIC,,,,0,0,0,0,,DEPTH_SNAPSHOT_STREAM,false
413,PRE_ELECTION,,61.0,,0,0,0,0,,DEPTH_SNAPSHOT_STREAM,false
413,ELECTION_DAY_PRE_RESULTS,,8.183333,,0,0,0,0,,DEPTH_SNAPSHOT_STREAM,false
413,ACTIVE_RESULTS,,6.0,,0,0,0,0,,DEPTH_SNAPSHOT_STREAM,false
413,LATE_COUNT,,44.816667,,0,0,0,0,,DEPTH_SNAPSHOT_STREAM,false
413,POST_RESOLUTION_DIAGNOSTIC,,,,0,0,0,0,,DEPTH_SNAPSHOT_STREAM,false
414,PRE_ELECTION,60.998707,61.0,0.9999788,139082,34,3,13,2337.337,BBO_CHANGE_STREAM,false
414,ELECTION_DAY_PRE_RESULTS,8.177721,8.183333,0.99931422,13348,3,0,0,211.141,BBO_CHANGE_STREAM,false
414,ACTIVE_RESULTS,5.998374,6.0,0.999729,9411,1,0,1,162.233,BBO_CHANGE_STREAM,false
414,LATE_COUNT,44.81592,44.816667,0.99998333,259615,37,5,18,193.921,BBO_CHANGE_STREAM,true
414,POST_RESOLUTION_DIAGNOSTIC,,,,0,0,0,0,,DEPTH_SNAPSHOT_STREAM,false
415,PRE_ELECTION,60.998707,61.0,0.9999788,139101,39,1,1,2337.025,BBO_CHANGE_STREAM,false
415,ELECTION_DAY_PRE_RESULTS,8.177721,8.183333,0.99931422,13348,1,0,0,211.141,BBO_CHANGE_STREAM,false
415,ACTIVE_RESULTS,5.998374,6.0,0.999729,9410,1,1,1,162.233,BBO_CHANGE_STREAM,false
415,LATE_COUNT,44.81592,44.816667,0.99998333,259555,33,1,1,193.921,BBO_CHANGE_STREAM,true
415,POST_RESOLUTION_DIAGNOSTIC,,,,0,0,0,0,,DEPTH_SNAPSHOT_STREAM,false
416,PRE_ELECTION,60.998201,61.0,0.99997051,40993,50,0,7,1916.032,BBO_CHANGE_STREAM,false
416,ELECTION_DAY_PRE_RESULTS,8.18024,8.183333,0.99962204,4782,2,0,0,97.777,BBO_CHANGE_STREAM,false
416,ACTIVE_RESULTS,5.998374,6.0,0.999729,8405,1,0,0,70.412,BBO_CHANGE_STREAM,false
416,LATE_COUNT,44.816023,44.816667,0.99998563,83701,30,1,7,796.062,BBO_CHANGE_STREAM,true
416,POST_RESOLUTION_DIAGNOSTIC,,,,0,0,0,0,,DEPTH_SNAPSHOT_STREAM,false
417,PRE_ELECTION,60.998201,61.0,0.99997051,40984,51,7,7,1916.032,BBO_CHANGE_STREAM,false
417,ELECTION_DAY_PRE_RESULTS,8.18024,8.183333,0.99962204,4783,1,0,0,97.777,BBO_CHANGE_STREAM,false
417,ACTIVE_RESULTS,5.998374,6.0,0.999729,8391,0,0,0,70.412,BBO_CHANGE_STREAM,false
417,LATE_COUNT,44.816023,44.816667,0.99998563,83693,27,5,5,796.062,BBO_CHANGE_STREAM,true
417,POST_RESOLUTION_DIAGNOSTIC,,,,0,0,0,0,,DEPTH_SNAPSHOT_STREAM,false
418,PRE_ELECTION,60.99785,61.0,0.99996475,62761,40,1,1,2447.049,BBO_CHANGE_STREAM,false
418,ELECTION_DAY_PRE_RESULTS,8.18327,8.183333,0.9999923,25611,2,0,0,79.036,BBO_CHANGE_STREAM,false
418,ACTIVE_RESULTS,5.999076,6.0,0.999846,29854,0,0,0,15.252,BBO_CHANGE_STREAM,false
418,LATE_COUNT,44.816304,44.816667,0.9999919,218607,32,1,1,194.912,BBO_CHANGE_STREAM,true
418,POST_RESOLUTION_DIAGNOSTIC,,,,0,0,0,0,,DEPTH_SNAPSHOT_STREAM,false
419,PRE_ELECTION,60.99785,61.0,0.99996475,62754,44,2,9,2447.049,BBO_CHANGE_STREAM,false
419,ELECTION_DAY_PRE_RESULTS,8.183237,8.183333,0.99998827,25612,3,0,0,79.036,BBO_CHANGE_STREAM,false
419,ACTIVE_RESULTS,5.999076,6.0,0.999846,29854,0,0,0,15.252,BBO_CHANGE_STREAM,false
419,LATE_COUNT,44.816304,44.816667,0.9999919,218638,30,2,6,194.912,BBO_CHANGE_STREAM,true
419,POST_RESOLUTION_DIAGNOSTIC,,,,0,0,0,0,,DEPTH_SNAPSHOT_STREAM,false
420,PRE_ELECTION,60.990031,61.0,0.99983657,69439,62,0,0,1540.565,BBO_CHANGE_STREAM,false
420,ELECTION_DAY_PRE_RESULTS,8.174332,8.183333,0.99890008,7652,3,0,0,111.535,BBO_CHANGE_STREAM,false
420,ACTIVE_RESULTS,5.984811,6.0,0.9974685,9364,1,0,0,115.69,BBO_CHANGE_STREAM,false
420,LATE_COUNT,44.805398,44.816667,0.99974855,108308,30,0,0,277.178,BBO_CHANGE_STREAM,true
420,POST_RESOLUTION_DIAGNOSTIC,,,,0,0,0,0,,DEPTH_SNAPSHOT_STREAM,false
421,PRE_ELECTION,60.990031,61.0,0.99983657,69551,48,0,0,1540.565,BBO_CHANGE_STREAM,false
421,ELECTION_DAY_PRE_RESULTS,8.174332,8.183333,0.99890008,7639,2,0,0,111.535,BBO_CHANGE_STREAM,false
421,ACTIVE_RESULTS,5.984811,6.0,0.9974685,9364,0,0,0,115.69,BBO_CHANGE_STREAM,false
421,LATE_COUNT,44.805398,44.816667,0.99974855,108301,26,1,2,277.178,BBO_CHANGE_STREAM,true
421,POST_RESOLUTION_DIAGNOSTIC,,,,0,0,0,0,,DEPTH_SNAPSHOT_STREAM,false
422,PRE_ELECTION,60.997726,61.0,0.99996272,53391,42,1,2,2441.872,BBO_CHANGE_STREAM,false
422,ELECTION_DAY_PRE_RESULTS,8.183193,8.183333,0.99998289,27731,3,0,0,38.598,BBO_CHANGE_STREAM,false
422,ACTIVE_RESULTS,5.998723,6.0,0.99978717,33812,0,0,0,18.12,BBO_CHANGE_STREAM,false
422,LATE_COUNT,44.816304,44.816667,0.9999919,90408,21,1,2,1224.876,BBO_CHANGE_STREAM,true
422,POST_RESOLUTION_DIAGNOSTIC,,,,0,0,0,0,,DEPTH_SNAPSHOT_STREAM,false
423,PRE_ELECTION,60.997726,61.0,0.99996272,53389,49,0,0,2441.872,BBO_CHANGE_STREAM,false
423,ELECTION_DAY_PRE_RESULTS,8.183193,8.183333,0.99998289,27731,3,0,0,38.598,BBO_CHANGE_STREAM,false
423,ACTIVE_RESULTS,5.998723,6.0,0.99978717,33804,0,0,0,18.12,BBO_CHANGE_STREAM,false
423,LATE_COUNT,44.816304,44.816667,0.9999919,90381,24,0,0,1224.876,BBO_CHANGE_STREAM,true
423,POST_RESOLUTION_DIAGNOSTIC,,,,0,0,0,0,,DEPTH_SNAPSHOT_STREAM,false
424,PRE_ELECTION,,61.0,,0,0,0,0,,DEPTH_SNAPSHOT_STREAM,false
424,ELECTION_DAY_PRE_RESULTS,,8.183333,,0,0,0,0,,DEPTH_SNAPSHOT_STREAM,false
424,ACTIVE_RESULTS,,6.0,,0,0,0,0,,DEPTH_SNAPSHOT_STREAM,false
424,LATE_COUNT,,44.816667,,0,0,0,0,,DEPTH_SNAPSHOT_STREAM,false
424,POST_RESOLUTION_DIAGNOSTIC,,,,0,0,0,0,,DEPTH_SNAPSHOT_STREAM,false
425,PRE_ELECTION,,61.0,,0,0,0,0,,DEPTH_SNAPSHOT_STREAM,false
425,ELECTION_DAY_PRE_RESULTS,,8.183333,,0,0,0,0,,DEPTH_SNAPSHOT_STREAM,false
425,ACTIVE_RESULTS,,6.0,,0,0,0,0,,DEPTH_SNAPSHOT_STREAM,false
425,LATE_COUNT,,44.816667,,0,0,0,0,,DEPTH_SNAPSHOT_STREAM,false
425,POST_RESOLUTION_DIAGNOSTIC,,,,0,0,0,0,,DEPTH_SNAPSHOT_STREAM,false
426,PRE_ELECTION,60.978259,61.0,0.99964359,10562,43,0,0,2441.872,BBO_CHANGE_STREAM,false
426,ELECTION_DAY_PRE_RESULTS,8.162809,8.183333,0.99749198,1384,2,0,0,259.907,BBO_CHANGE_STREAM,false
426,ACTIVE_RESULTS,5.980316,6.0,0.99671933,3075,0,0,0,165.522,BBO_CHANGE_STREAM,false
426,LATE_COUNT,44.772344,44.816667,0.99901102,219776,41,1,1,845.243,BBO_CHANGE_STREAM,true
426,POST_RESOLUTION_DIAGNOSTIC,,,,0,0,0,0,,DEPTH_SNAPSHOT_STREAM,false
427,PRE_ELECTION,60.978259,61.0,0.99964359,10547,54,0,0,2441.872,BBO_CHANGE_STREAM,false
427,ELECTION_DAY_PRE_RESULTS,8.162809,8.183333,0.99749198,1384,2,0,0,259.907,BBO_CHANGE_STREAM,false
427,ACTIVE_RESULTS,5.980316,6.0,0.99671933,3075,0,0,0,165.522,BBO_CHANGE_STREAM,false
427,LATE_COUNT,44.772344,44.816667,0.99901102,219715,30,4,11,845.174,BBO_CHANGE_STREAM,true
427,POST_RESOLUTION_DIAGNOSTIC,,,,0,0,0,0,,DEPTH_SNAPSHOT_STREAM,false
428,PRE_ELECTION,60.99961,61.0,0.99999361,89603,713,406,539,1147.027,BBO_CHANGE_STREAM,true
428,ELECTION_DAY_PRE_RESULTS,8.182568,8.183333,0.99990652,18446,354,240,248,100.573,BBO_CHANGE_STREAM,false
428,ACTIVE_RESULTS,5.999076,6.0,0.999846,21002,48,36,38,39.869,BBO_CHANGE_STREAM,true
428,LATE_COUNT,44.803911,44.816667,0.99971537,180636,32,12,12,180.964,BBO_CHANGE_STREAM,true
428,POST_RESOLUTION_DIAGNOSTIC,,,,0,0,0,0,,DEPTH_SNAPSHOT_STREAM,false
429,PRE_ELECTION,60.999548,61.0,0.99999259,89584,718,250,1248,1147.027,BBO_CHANGE_STREAM,true
429,ELECTION_DAY_PRE_RESULTS,8.182606,8.183333,0.99991116,18444,350,105,581,100.573,BBO_CHANGE_STREAM,false
429,ACTIVE_RESULTS,5.999076,6.0,0.999846,21001,47,10,80,39.869,BBO_CHANGE_STREAM,true
429,LATE_COUNT,44.803911,44.816667,0.99971537,180700,48,1,14,180.964,BBO_CHANGE_STREAM,true
429,POST_RESOLUTION_DIAGNOSTIC,,,,0,0,0,0,,DEPTH_SNAPSHOT_STREAM,false
430,PRE_ELECTION,60.998182,61.0,0.9999702,13856,53,1,1,2210.864,BBO_CHANGE_STREAM,false
430,ELECTION_DAY_PRE_RESULTS,8.18276,8.183333,0.99992998,11010,3,0,0,86.411,BBO_CHANGE_STREAM,false
430,ACTIVE_RESULTS,5.998374,6.0,0.999729,6132,1,0,0,135.125,BBO_CHANGE_STREAM,false
430,LATE_COUNT,44.816409,44.816667,0.99999424,5601,23,0,0,2516.445,BBO_CHANGE_STREAM,true
430,POST_RESOLUTION_DIAGNOSTIC,,,,0,0,0,0,,DEPTH_SNAPSHOT_STREAM,false
431,PRE_ELECTION,60.998182,61.0,0.9999702,13865,40,0,1,2210.864,BBO_CHANGE_STREAM,false
431,ELECTION_DAY_PRE_RESULTS,8.18276,8.183333,0.99992998,11012,1,0,0,86.411,BBO_CHANGE_STREAM,false
431,ACTIVE_RESULTS,5.998374,6.0,0.999729,6132,0,0,0,135.125,BBO_CHANGE_STREAM,false
431,LATE_COUNT,44.816409,44.816667,0.99999424,5597,24,0,0,2516.445,BBO_CHANGE_STREAM,true
431,POST_RESOLUTION_DIAGNOSTIC,,,,0,0,0,0,,DEPTH_SNAPSHOT_STREAM,false
432,PRE_ELECTION,58.174838,61.0,0.95368587,21038,53,1,1,2210.864,BBO_CHANGE_STREAM,false
432,ELECTION_DAY_PRE_RESULTS,,8.183333,,0,0,0,0,,DEPTH_SNAPSHOT_STREAM,false
432,ACTIVE_RESULTS,,6.0,,0,0,0,0,,DEPTH_SNAPSHOT_STREAM,false
432,LATE_COUNT,,44.816667,,0,0,0,0,,DEPTH_SNAPSHOT_STREAM,false
432,POST_RESOLUTION_DIAGNOSTIC,,,,0,0,0,0,,DEPTH_SNAPSHOT_STREAM,false
433,PRE_ELECTION,58.174838,61.0,0.95368587,21047,44,0,1,2210.864,BBO_CHANGE_STREAM,false
433,ELECTION_DAY_PRE_RESULTS,,8.183333,,0,0,0,0,,DEPTH_SNAPSHOT_STREAM,false
433,ACTIVE_RESULTS,,6.0,,0,0,0,0,,DEPTH_SNAPSHOT_STREAM,false
433,LATE_COUNT,,44.816667,,0,0,0,0,,DEPTH_SNAPSHOT_STREAM,false
433,POST_RESOLUTION_DIAGNOSTIC,,,,0,0,0,0,,DEPTH_SNAPSHOT_STREAM,false
434,PRE_ELECTION,60.998822,61.0,0.99998069,364122,1880,876,1999,2490.427,BBO_CHANGE_STREAM,true
434,ELECTION_DAY_PRE_RESULTS,8.183146,8.183333,0.99997715,55571,612,306,682,30.339,BBO_CHANGE_STREAM,false
434,ACTIVE_RESULTS,5.99949,6.0,0.999915,46100,1108,670,1701,41.831,BBO_CHANGE_STREAM,true
434,LATE_COUNT,44.816397,44.816667,0.99999398,278944,1054,823,1761,46.812,BBO_CHANGE_STREAM,true
434,POST_RESOLUTION_DIAGNOSTIC,,,,0,0,0,0,,DEPTH_SNAPSHOT_STREAM,false
435,PRE_ELECTION,60.998822,61.0,0.99998069,364078,1881,932,2748,2490.427,BBO_CHANGE_STREAM,true
435,ELECTION_DAY_PRE_RESULTS,8.183146,8.183333,0.99997715,55580,610,294,882,30.339,BBO_CHANGE_STREAM,false
435,ACTIVE_RESULTS,5.99949,6.0,0.999915,46083,1108,420,1353,41.831,BBO_CHANGE_STREAM,true
435,LATE_COUNT,44.816397,44.816667,0.99999398,279006,1048,200,700,46.812,BBO_CHANGE_STREAM,true
435,POST_RESOLUTION_DIAGNOSTIC,,,,0,0,0,0,,DEPTH_SNAPSHOT_STREAM,false
436,PRE_ELECTION,60.976907,61.0,0.99962143,13865,59,0,0,2863.554,BBO_CHANGE_STREAM,false
436,ELECTION_DAY_PRE_RESULTS,8.162755,8.183333,0.99748538,1348,4,0,0,303.515,BBO_CHANGE_STREAM,false
436,ACTIVE_RESULTS,5.980316,6.0,0.99671933,3017,0,0,0,265.973,BBO_CHANGE_STREAM,false
436,LATE_COUNT,44.808093,44.816667,0.99980869,62681,44,4,8,2516.652,BBO_CHANGE_STREAM,true
436,POST_RESOLUTION_DIAGNOSTIC,,,,0,0,0,0,,DEPTH_SNAPSHOT_STREAM,false
437,PRE_ELECTION,60.976907,61.0,0.99962143,13859,36,0,0,2863.554,BBO_CHANGE_STREAM,false
437,ELECTION_DAY_PRE_RESULTS,8.162755,8.183333,0.99748538,1348,4,0,0,303.515,BBO_CHANGE_STREAM,false
437,ACTIVE_RESULTS,5.980316,6.0,0.99671933,3019,1,0,0,265.973,BBO_CHANGE_STREAM,false
437,LATE_COUNT,44.808093,44.816667,0.99980869,62698,23,0,0,2516.652,BBO_CHANGE_STREAM,true
437,POST_RESOLUTION_DIAGNOSTIC,,,,0,0,0,0,,DEPTH_SNAPSHOT_STREAM,false
438,PRE_ELECTION,60.998166,61.0,0.99996993,359808,1999,990,2767,1835.518,BBO_CHANGE_STREAM,true
438,ELECTION_DAY_PRE_RESULTS,8.182879,8.183333,0.99994452,69263,551,197,755,25.069,BBO_CHANGE_STREAM,false
438,ACTIVE_RESULTS,5.999844,6.0,0.999974,60778,858,276,1106,42.324,BBO_CHANGE_STREAM,true
438,LATE_COUNT,44.816073,44.816667,0.99998675,287491,661,202,699,33.937,BBO_CHANGE_STREAM,true
438,POST_RESOLUTION_DIAGNOSTIC,,,,0,0,0,0,,DEPTH_SNAPSHOT_STREAM,false
439,PRE_ELECTION,60.998166,61.0,0.99996993,359845,1998,923,2438,1835.915,BBO_CHANGE_STREAM,true
439,ELECTION_DAY_PRE_RESULTS,8.182879,8.183333,0.99994452,69263,553,349,805,25.069,BBO_CHANGE_STREAM,false
439,ACTIVE_RESULTS,5.999844,6.0,0.999974,60756,859,571,1848,42.324,BBO_CHANGE_STREAM,true
439,LATE_COUNT,44.816073,44.816667,0.99998675,287468,655,424,940,33.937,BBO_CHANGE_STREAM,true
439,POST_RESOLUTION_DIAGNOSTIC,,,,0,0,0,0,,DEPTH_SNAPSHOT_STREAM,false
440,PRE_ELECTION,60.978206,61.0,0.99964272,14713,38,0,0,2467.046,BBO_CHANGE_STREAM,false
440,ELECTION_DAY_PRE_RESULTS,8.172583,8.183333,0.99868635,5417,3,1,2,259.662,BBO_CHANGE_STREAM,false
440,ACTIVE_RESULTS,5.99796,6.0,0.99966,28879,1,0,0,15.02,BBO_CHANGE_STREAM,false
440,LATE_COUNT,44.806569,44.816667,0.99977468,76884,24,0,0,1225.748,BBO_CHANGE_STREAM,true
440,POST_RESOLUTION_DIAGNOSTIC,,,,0,0,0,0,,DEPTH_SNAPSHOT_STREAM,false
441,PRE_ELECTION,60.978206,61.0,0.99964272,14707,39,0,0,2467.046,BBO_CHANGE_STREAM,false
441,ELECTION_DAY_PRE_RESULTS,8.172583,8.183333,0.99868635,5413,5,0,0,259.662,BBO_CHANGE_STREAM,false
441,ACTIVE_RESULTS,5.99796,6.0,0.99966,28881,0,0,0,15.02,BBO_CHANGE_STREAM,false
441,LATE_COUNT,44.798709,44.816667,0.9995993,76881,23,0,0,1225.748,BBO_CHANGE_STREAM,true
441,POST_RESOLUTION_DIAGNOSTIC,,,,0,0,0,0,,DEPTH_SNAPSHOT_STREAM,false
442,PRE_ELECTION,60.995933,61.0,0.99993333,38837,49,4,4,2086.864,BBO_CHANGE_STREAM,false
442,ELECTION_DAY_PRE_RESULTS,8.172484,8.183333,0.99867426,4285,1,0,0,163.996,BBO_CHANGE_STREAM,false
442,ACTIVE_RESULTS,5.999076,6.0,0.999846,19273,0,0,0,114.077,BBO_CHANGE_STREAM,false
442,LATE_COUNT,44.799948,44.816667,0.99962695,14269,26,1,1,483.579,BBO_CHANGE_STREAM,true
442,POST_RESOLUTION_DIAGNOSTIC,,,,0,0,0,0,,DEPTH_SNAPSHOT_STREAM,false
443,PRE_ELECTION,60.995933,61.0,0.99993333,38834,47,0,4,2086.864,BBO_CHANGE_STREAM,false
443,ELECTION_DAY_PRE_RESULTS,8.172484,8.183333,0.99867426,4286,4,0,0,163.996,BBO_CHANGE_STREAM,false
443,ACTIVE_RESULTS,5.999076,6.0,0.999846,19273,2,0,0,114.285,BBO_CHANGE_STREAM,false
443,LATE_COUNT,44.799948,44.816667,0.99962695,14270,33,0,1,483.579,BBO_CHANGE_STREAM,true
443,POST_RESOLUTION_DIAGNOSTIC,,,,0,0,0,0,,DEPTH_SNAPSHOT_STREAM,false
444,PRE_ELECTION,60.978206,61.0,0.99964272,14971,44,0,0,2086.864,BBO_CHANGE_STREAM,false
444,ELECTION_DAY_PRE_RESULTS,8.162796,8.183333,0.99749039,1370,5,0,0,250.751,BBO_CHANGE_STREAM,false
444,ACTIVE_RESULTS,5.980316,6.0,0.99671933,2291,0,0,0,233.011,BBO_CHANGE_STREAM,false
444,LATE_COUNT,44.791524,44.816667,0.99943898,58499,28,6,13,2519.882,BBO_CHANGE_STREAM,true
444,POST_RESOLUTION_DIAGNOSTIC,,,,0,0,0,0,,DEPTH_SNAPSHOT_STREAM,false
445,PRE_ELECTION,60.978206,61.0,0.99964272,14947,53,0,0,2086.864,BBO_CHANGE_STREAM,false
445,ELECTION_DAY_PRE_RESULTS,8.162796,8.183333,0.99749039,1370,2,0,0,250.751,BBO_CHANGE_STREAM,false
445,ACTIVE_RESULTS,5.980316,6.0,0.99671933,2291,0,0,0,233.011,BBO_CHANGE_STREAM,false
445,LATE_COUNT,44.791524,44.816667,0.99943898,58525,25,0,0,2519.882,BBO_CHANGE_STREAM,true
445,POST_RESOLUTION_DIAGNOSTIC,,,,0,0,0,0,,DEPTH_SNAPSHOT_STREAM,false
446,PRE_ELECTION,60.998681,61.0,0.99997838,18317,34,1,1,1650.021,BBO_CHANGE_STREAM,false
446,ELECTION_DAY_PRE_RESULTS,8.18292,8.183333,0.99994953,9809,2,0,0,102.099,BBO_CHANGE_STREAM,false
446,ACTIVE_RESULTS,5.999076,6.0,0.999846,30340,1,0,0,15.17,BBO_CHANGE_STREAM,false
446,LATE_COUNT,44.784688,44.816667,0.99928645,76187,33,0,0,2516.652,BBO_CHANGE_STREAM,true
446,POST_RESOLUTION_DIAGNOSTIC,,,,0,0,0,0,,DEPTH_SNAPSHOT_STREAM,false
447,PRE_ELECTION,60.998681,61.0,0.99997838,18303,49,0,1,1650.021,BBO_CHANGE_STREAM,false
447,ELECTION_DAY_PRE_RESULTS,8.18292,8.183333,0.99994953,9809,3,1,2,102.099,BBO_CHANGE_STREAM,false
447,ACTIVE_RESULTS,5.999076,6.0,0.999846,30341,0,0,0,15.17,BBO_CHANGE_STREAM,false
447,LATE_COUNT,44.784688,44.816667,0.99928645,76187,21,0,0,2516.652,BBO_CHANGE_STREAM,true
447,POST_RESOLUTION_DIAGNOSTIC,,,,0,0,0,0,,DEPTH_SNAPSHOT_STREAM,false
448,PRE_ELECTION,60.995744,61.0,0.99993023,199885,2115,536,2974,1080.353,BBO_CHANGE_STREAM,true
448,ELECTION_DAY_PRE_RESULTS,8.181199,8.183333,0.99973923,34515,607,197,967,72.027,BBO_CHANGE_STREAM,false
448,ACTIVE_RESULTS,5.999316,6.0,0.999886,13136,305,104,502,85.626,BBO_CHANGE_STREAM,true
448,LATE_COUNT,44.815314,44.816667,0.99996981,208186,79,6,68,179.511,BBO_CHANGE_STREAM,true
448,POST_RESOLUTION_DIAGNOSTIC,,,,0,0,0,0,,DEPTH_SNAPSHOT_STREAM,false
449,PRE_ELECTION,60.995723,61.0,0.99992989,199797,2121,1505,2632,1080.353,BBO_CHANGE_STREAM,true
449,ELECTION_DAY_PRE_RESULTS,8.181199,8.183333,0.99973923,34522,606,395,619,72.027,BBO_CHANGE_STREAM,false
449,ACTIVE_RESULTS,5.999316,6.0,0.999886,13135,305,194,279,85.626,BBO_CHANGE_STREAM,true
449,LATE_COUNT,44.815314,44.816667,0.99996981,208232,91,51,52,179.511,BBO_CHANGE_STREAM,true
449,POST_RESOLUTION_DIAGNOSTIC,,,,0,0,0,0,,DEPTH_SNAPSHOT_STREAM,false
450,PRE_ELECTION,60.994338,61.0,0.99990718,49458,55,6,6,1900.537,BBO_CHANGE_STREAM,false
450,ELECTION_DAY_PRE_RESULTS,8.173913,8.183333,0.99884888,5268,3,0,0,119.753,BBO_CHANGE_STREAM,false
450,ACTIVE_RESULTS,5.99844,6.0,0.99974,11421,1,0,0,66.841,BBO_CHANGE_STREAM,false
450,LATE_COUNT,44.815799,44.816667,0.99998063,61052,28,2,2,267.816,BBO_CHANGE_STREAM,true
450,POST_RESOLUTION_DIAGNOSTIC,,,,0,0,0,0,,DEPTH_SNAPSHOT_STREAM,false
451,PRE_ELECTION,60.994338,61.0,0.99990718,49439,50,0,7,1901.039,BBO_CHANGE_STREAM,false
451,ELECTION_DAY_PRE_RESULTS,8.173913,8.183333,0.99884888,5268,2,0,0,119.753,BBO_CHANGE_STREAM,false
451,ACTIVE_RESULTS,5.99844,6.0,0.99974,11421,0,0,0,66.841,BBO_CHANGE_STREAM,false
451,LATE_COUNT,44.815799,44.816667,0.99998063,61023,26,2,8,267.816,BBO_CHANGE_STREAM,true
451,POST_RESOLUTION_DIAGNOSTIC,,,,0,0,0,0,,DEPTH_SNAPSHOT_STREAM,false
452,PRE_ELECTION,,61.0,,0,0,0,0,,DEPTH_SNAPSHOT_STREAM,false
452,ELECTION_DAY_PRE_RESULTS,,8.183333,,0,0,0,0,,DEPTH_SNAPSHOT_STREAM,false
452,ACTIVE_RESULTS,,6.0,,0,0,0,0,,DEPTH_SNAPSHOT_STREAM,false
452,LATE_COUNT,,44.816667,,0,0,0,0,,DEPTH_SNAPSHOT_STREAM,false
452,POST_RESOLUTION_DIAGNOSTIC,,,,0,0,0,0,,DEPTH_SNAPSHOT_STREAM,false
453,PRE_ELECTION,,61.0,,0,0,0,0,,DEPTH_SNAPSHOT_STREAM,false
453,ELECTION_DAY_PRE_RESULTS,,8.183333,,0,0,0,0,,DEPTH_SNAPSHOT_STREAM,false
453,ACTIVE_RESULTS,,6.0,,0,0,0,0,,DEPTH_SNAPSHOT_STREAM,false
453,LATE_COUNT,,44.816667,,0,0,0,0,,DEPTH_SNAPSHOT_STREAM,false
453,POST_RESOLUTION_DIAGNOSTIC,,,,0,0,0,0,,DEPTH_SNAPSHOT_STREAM,false
454,PRE_ELECTION,,61.0,,0,0,0,0,,DEPTH_SNAPSHOT_STREAM,false
454,ELECTION_DAY_PRE_RESULTS,,8.183333,,0,0,0,0,,DEPTH_SNAPSHOT_STREAM,false
454,ACTIVE_RESULTS,,6.0,,0,0,0,0,,DEPTH_SNAPSHOT_STREAM,false
454,LATE_COUNT,,44.816667,,0,0,0,0,,DEPTH_SNAPSHOT_STREAM,false
454,POST_RESOLUTION_DIAGNOSTIC,,,,0,0,0,0,,DEPTH_SNAPSHOT_STREAM,false
455,PRE_ELECTION,,61.0,,0,0,0,0,,DEPTH_SNAPSHOT_STREAM,false
455,ELECTION_DAY_PRE_RESULTS,,8.183333,,0,0,0,0,,DEPTH_SNAPSHOT_STREAM,false
455,ACTIVE_RESULTS,,6.0,,0,0,0,0,,DEPTH_SNAPSHOT_STREAM,false
455,LATE_COUNT,,44.816667,,0,0,0,0,,DEPTH_SNAPSHOT_STREAM,false
455,POST_RESOLUTION_DIAGNOSTIC,,,,0,0,0,0,,DEPTH_SNAPSHOT_STREAM,false
456,PRE_ELECTION,,61.0,,0,0,0,0,,DEPTH_SNAPSHOT_STREAM,false
456,ELECTION_DAY_PRE_RESULTS,,8.183333,,0,0,0,0,,DEPTH_SNAPSHOT_STREAM,false
456,ACTIVE_RESULTS,,6.0,,0,0,0,0,,DEPTH_SNAPSHOT_STREAM,false
456,LATE_COUNT,,44.816667,,0,0,0,0,,DEPTH_SNAPSHOT_STREAM,false
456,POST_RESOLUTION_DIAGNOSTIC,,,,0,0,0,0,,DEPTH_SNAPSHOT_STREAM,false
457,PRE_ELECTION,,61.0,,0,0,0,0,,DEPTH_SNAPSHOT_STREAM,false
457,ELECTION_DAY_PRE_RESULTS,,8.183333,,0,0,0,0,,DEPTH_SNAPSHOT_STREAM,false
457,ACTIVE_RESULTS,,6.0,,0,0,0,0,,DEPTH_SNAPSHOT_STREAM,false
457,LATE_COUNT,,44.816667,,0,0,0,0,,DEPTH_SNAPSHOT_STREAM,false
457,POST_RESOLUTION_DIAGNOSTIC,,,,0,0,0,0,,DEPTH_SNAPSHOT_STREAM,false
458,PRE_ELECTION,,61.0,,0,0,0,0,,DEPTH_SNAPSHOT_STREAM,false
458,ELECTION_DAY_PRE_RESULTS,,8.183333,,0,0,0,0,,DEPTH_SNAPSHOT_STREAM,false
458,ACTIVE_RESULTS,,6.0,,0,0,0,0,,DEPTH_SNAPSHOT_STREAM,false
458,LATE_COUNT,,44.816667,,0,0,0,0,,DEPTH_SNAPSHOT_STREAM,false
458,POST_RESOLUTION_DIAGNOSTIC,,,,0,0,0,0,,DEPTH_SNAPSHOT_STREAM,false
459,PRE_ELECTION,,61.0,,0,0,0,0,,DEPTH_SNAPSHOT_STREAM,false
459,ELECTION_DAY_PRE_RESULTS,,8.183333,,0,0,0,0,,DEPTH_SNAPSHOT_STREAM,false
459,ACTIVE_RESULTS,,6.0,,0,0,0,0,,DEPTH_SNAPSHOT_STREAM,false
459,LATE_COUNT,,44.816667,,0,0,0,0,,DEPTH_SNAPSHOT_STREAM,false
459,POST_RESOLUTION_DIAGNOSTIC,,,,0,0,0,0,,DEPTH_SNAPSHOT_STREAM,false
460,PRE_ELECTION,60.99778,61.0,0.99996361,321193,734,329,785,2459.48,BBO_CHANGE_STREAM,true
460,ELECTION_DAY_PRE_RESULTS,8.183237,8.183333,0.99998827,120839,157,89,231,99.037,BBO_CHANGE_STREAM,false
460,ACTIVE_RESULTS,5.999909,6.0,0.99998483,68109,255,137,259,22.256,BBO_CHANGE_STREAM,true
460,LATE_COUNT,19.667814,44.816667,0.43885044,133732,127,28,95,81.918,BBO_CHANGE_STREAM,true
460,POST_RESOLUTION_DIAGNOSTIC,,,,0,0,0,0,,DEPTH_SNAPSHOT_STREAM,false
461,PRE_ELECTION,60.99778,61.0,0.99996361,321209,720,345,984,2459.512,BBO_CHANGE_STREAM,true
461,ELECTION_DAY_PRE_RESULTS,8.183237,8.183333,0.99998827,120861,157,67,247,99.037,BBO_CHANGE_STREAM,false
461,ACTIVE_RESULTS,5.999909,6.0,0.99998483,68111,254,114,409,22.256,BBO_CHANGE_STREAM,true
461,LATE_COUNT,19.667814,44.816667,0.43885044,133739,128,93,174,81.918,BBO_CHANGE_STREAM,true
461,POST_RESOLUTION_DIAGNOSTIC,,,,0,0,0,0,,DEPTH_SNAPSHOT_STREAM,false
462,PRE_ELECTION,,61.0,,0,0,0,0,,DEPTH_SNAPSHOT_STREAM,false
462,ELECTION_DAY_PRE_RESULTS,,8.183333,,0,0,0,0,,DEPTH_SNAPSHOT_STREAM,false
462,ACTIVE_RESULTS,,6.0,,0,0,0,0,,DEPTH_SNAPSHOT_STREAM,false
462,LATE_COUNT,,44.816667,,0,0,0,0,,DEPTH_SNAPSHOT_STREAM,false
462,POST_RESOLUTION_DIAGNOSTIC,,,,0,0,0,0,,DEPTH_SNAPSHOT_STREAM,false
463,PRE_ELECTION,,61.0,,0,0,0,0,,DEPTH_SNAPSHOT_STREAM,false
463,ELECTION_DAY_PRE_RESULTS,,8.183333,,0,0,0,0,,DEPTH_SNAPSHOT_STREAM,false
463,ACTIVE_RESULTS,,6.0,,0,0,0,0,,DEPTH_SNAPSHOT_STREAM,false
463,LATE_COUNT,,44.816667,,0,0,0,0,,DEPTH_SNAPSHOT_STREAM,false
463,POST_RESOLUTION_DIAGNOSTIC,,,,0,0,0,0,,DEPTH_SNAPSHOT_STREAM,false
464,PRE_ELECTION,,61.0,,0,0,0,0,,DEPTH_SNAPSHOT_STREAM,false
464,ELECTION_DAY_PRE_RESULTS,,8.183333,,0,0,0,0,,DEPTH_SNAPSHOT_STREAM,false
464,ACTIVE_RESULTS,,6.0,,0,0,0,0,,DEPTH_SNAPSHOT_STREAM,false
464,LATE_COUNT,,44.816667,,0,0,0,0,,DEPTH_SNAPSHOT_STREAM,false
464,POST_RESOLUTION_DIAGNOSTIC,,,,0,0,0,0,,DEPTH_SNAPSHOT_STREAM,false
465,PRE_ELECTION,,61.0,,0,0,0,0,,DEPTH_SNAPSHOT_STREAM,false
465,ELECTION_DAY_PRE_RESULTS,,8.183333,,0,0,0,0,,DEPTH_SNAPSHOT_STREAM,false
465,ACTIVE_RESULTS,,6.0,,0,0,0,0,,DEPTH_SNAPSHOT_STREAM,false
465,LATE_COUNT,,44.816667,,0,0,0,0,,DEPTH_SNAPSHOT_STREAM,false
465,POST_RESOLUTION_DIAGNOSTIC,,,,0,0,0,0,,DEPTH_SNAPSHOT_STREAM,false
466,PRE_ELECTION,,61.0,,0,0,0,0,,DEPTH_SNAPSHOT_STREAM,false
466,ELECTION_DAY_PRE_RESULTS,,8.183333,,0,0,0,0,,DEPTH_SNAPSHOT_STREAM,false
466,ACTIVE_RESULTS,,6.0,,0,0,0,0,,DEPTH_SNAPSHOT_STREAM,false
466,LATE_COUNT,,44.816667,,0,0,0,0,,DEPTH_SNAPSHOT_STREAM,false
466,POST_RESOLUTION_DIAGNOSTIC,,,,0,0,0,0,,DEPTH_SNAPSHOT_STREAM,false
467,PRE_ELECTION,,61.0,,0,0,0,0,,DEPTH_SNAPSHOT_STREAM,false
467,ELECTION_DAY_PRE_RESULTS,,8.183333,,0,0,0,0,,DEPTH_SNAPSHOT_STREAM,false
467,ACTIVE_RESULTS,,6.0,,0,0,0,0,,DEPTH_SNAPSHOT_STREAM,false
467,LATE_COUNT,,44.816667,,0,0,0,0,,DEPTH_SNAPSHOT_STREAM,false
467,POST_RESOLUTION_DIAGNOSTIC,,,,0,0,0,0,,DEPTH_SNAPSHOT_STREAM,false
468,PRE_ELECTION,,61.0,,0,0,0,0,,DEPTH_SNAPSHOT_STREAM,false
468,ELECTION_DAY_PRE_RESULTS,,8.183333,,0,0,0,0,,DEPTH_SNAPSHOT_STREAM,false
468,ACTIVE_RESULTS,,6.0,,0,0,0,0,,DEPTH_SNAPSHOT_STREAM,false
468,LATE_COUNT,,44.816667,,0,0,0,0,,DEPTH_SNAPSHOT_STREAM,false
468,POST_RESOLUTION_DIAGNOSTIC,,,,0,0,0,0,,DEPTH_SNAPSHOT_STREAM,false
469,PRE_ELECTION,,61.0,,0,0,0,0,,DEPTH_SNAPSHOT_STREAM,false
469,ELECTION_DAY_PRE_RESULTS,,8.183333,,0,0,0,0,,DEPTH_SNAPSHOT_STREAM,false
469,ACTIVE_RESULTS,,6.0,,0,0,0,0,,DEPTH_SNAPSHOT_STREAM,false
469,LATE_COUNT,,44.816667,,0,0,0,0,,DEPTH_SNAPSHOT_STREAM,false
469,POST_RESOLUTION_DIAGNOSTIC,,,,0,0,0,0,,DEPTH_SNAPSHOT_STREAM,false
470,PRE_ELECTION,,61.0,,0,0,0,0,,DEPTH_SNAPSHOT_STREAM,false
470,ELECTION_DAY_PRE_RESULTS,,8.183333,,0,0,0,0,,DEPTH_SNAPSHOT_STREAM,false
470,ACTIVE_RESULTS,,6.0,,0,0,0,0,,DEPTH_SNAPSHOT_STREAM,false
470,LATE_COUNT,,44.816667,,0,0,0,0,,DEPTH_SNAPSHOT_STREAM,false
470,POST_RESOLUTION_DIAGNOSTIC,,,,0,0,0,0,,DEPTH_SNAPSHOT_STREAM,false
471,PRE_ELECTION,,61.0,,0,0,0,0,,DEPTH_SNAPSHOT_STREAM,false
471,ELECTION_DAY_PRE_RESULTS,,8.183333,,0,0,0,0,,DEPTH_SNAPSHOT_STREAM,false
471,ACTIVE_RESULTS,,6.0,,0,0,0,0,,DEPTH_SNAPSHOT_STREAM,false
471,LATE_COUNT,,44.816667,,0,0,0,0,,DEPTH_SNAPSHOT_STREAM,false
471,POST_RESOLUTION_DIAGNOSTIC,,,,0,0,0,0,,DEPTH_SNAPSHOT_STREAM,false
472,PRE_ELECTION,,61.0,,0,0,0,0,,DEPTH_SNAPSHOT_STREAM,false
472,ELECTION_DAY_PRE_RESULTS,,8.183333,,0,0,0,0,,DEPTH_SNAPSHOT_STREAM,false
472,ACTIVE_RESULTS,,6.0,,0,0,0,0,,DEPTH_SNAPSHOT_STREAM,false
472,LATE_COUNT,,44.816667,,0,0,0,0,,DEPTH_SNAPSHOT_STREAM,false
472,POST_RESOLUTION_DIAGNOSTIC,,,,0,0,0,0,,DEPTH_SNAPSHOT_STREAM,false
473,PRE_ELECTION,,61.0,,0,0,0,0,,DEPTH_SNAPSHOT_STREAM,false
473,ELECTION_DAY_PRE_RESULTS,,8.183333,,0,0,0,0,,DEPTH_SNAPSHOT_STREAM,false
473,ACTIVE_RESULTS,,6.0,,0,0,0,0,,DEPTH_SNAPSHOT_STREAM,false
473,LATE_COUNT,,44.816667,,0,0,0,0,,DEPTH_SNAPSHOT_STREAM,false
473,POST_RESOLUTION_DIAGNOSTIC,,,,0,0,0,0,,DEPTH_SNAPSHOT_STREAM,false
474,PRE_ELECTION,,61.0,,0,0,0,0,,DEPTH_SNAPSHOT_STREAM,false
474,ELECTION_DAY_PRE_RESULTS,,8.183333,,0,0,0,0,,DEPTH_SNAPSHOT_STREAM,false
474,ACTIVE_RESULTS,,6.0,,0,0,0,0,,DEPTH_SNAPSHOT_STREAM,false
474,LATE_COUNT,,44.816667,,0,0,0,0,,DEPTH_SNAPSHOT_STREAM,false
474,POST_RESOLUTION_DIAGNOSTIC,,,,0,0,0,0,,DEPTH_SNAPSHOT_STREAM,false
475,PRE_ELECTION,,61.0,,0,0,0,0,,DEPTH_SNAPSHOT_STREAM,false
475,ELECTION_DAY_PRE_RESULTS,,8.183333,,0,0,0,0,,DEPTH_SNAPSHOT_STREAM,false
475,ACTIVE_RESULTS,,6.0,,0,0,0,0,,DEPTH_SNAPSHOT_STREAM,false
475,LATE_COUNT,,44.816667,,0,0,0,0,,DEPTH_SNAPSHOT_STREAM,false
475,POST_RESOLUTION_DIAGNOSTIC,,,,0,0,0,0,,DEPTH_SNAPSHOT_STREAM,false
476,PRE_ELECTION,,61.0,,0,0,0,0,,DEPTH_SNAPSHOT_STREAM,false
476,ELECTION_DAY_PRE_RESULTS,,8.183333,,0,0,0,0,,DEPTH_SNAPSHOT_STREAM,false
476,ACTIVE_RESULTS,,6.0,,0,0,0,0,,DEPTH_SNAPSHOT_STREAM,false
476,LATE_COUNT,,44.816667,,0,0,0,0,,DEPTH_SNAPSHOT_STREAM,false
476,POST_RESOLUTION_DIAGNOSTIC,,,,0,0,0,0,,DEPTH_SNAPSHOT_STREAM,false
477,PRE_ELECTION,,61.0,,0,0,0,0,,DEPTH_SNAPSHOT_STREAM,false
477,ELECTION_DAY_PRE_RESULTS,,8.183333,,0,0,0,0,,DEPTH_SNAPSHOT_STREAM,false
477,ACTIVE_RESULTS,,6.0,,0,0,0,0,,DEPTH_SNAPSHOT_STREAM,false
477,LATE_COUNT,,44.816667,,0,0,0,0,,DEPTH_SNAPSHOT_STREAM,false
477,POST_RESOLUTION_DIAGNOSTIC,,,,0,0,0,0,,DEPTH_SNAPSHOT_STREAM,false
478,PRE_ELECTION,,61.0,,0,0,0,0,,DEPTH_SNAPSHOT_STREAM,false
478,ELECTION_DAY_PRE_RESULTS,,8.183333,,0,0,0,0,,DEPTH_SNAPSHOT_STREAM,false
478,ACTIVE_RESULTS,,6.0,,0,0,0,0,,DEPTH_SNAPSHOT_STREAM,false
478,LATE_COUNT,,44.816667,,0,0,0,0,,DEPTH_SNAPSHOT_STREAM,false
478,POST_RESOLUTION_DIAGNOSTIC,,,,0,0,0,0,,DEPTH_SNAPSHOT_STREAM,false
479,PRE_ELECTION,,61.0,,0,0,0,0,,DEPTH_SNAPSHOT_STREAM,false
479,ELECTION_DAY_PRE_RESULTS,,8.183333,,0,0,0,0,,DEPTH_SNAPSHOT_STREAM,false
479,ACTIVE_RESULTS,,6.0,,0,0,0,0,,DEPTH_SNAPSHOT_STREAM,false
479,LATE_COUNT,,44.816667,,0,0,0,0,,DEPTH_SNAPSHOT_STREAM,false
479,POST_RESOLUTION_DIAGNOSTIC,,,,0,0,0,0,,DEPTH_SNAPSHOT_STREAM,false
480,PRE_ELECTION,,61.0,,0,0,0,0,,DEPTH_SNAPSHOT_STREAM,false
480,ELECTION_DAY_PRE_RESULTS,,8.183333,,0,0,0,0,,DEPTH_SNAPSHOT_STREAM,false
480,ACTIVE_RESULTS,,6.0,,0,0,0,0,,DEPTH_SNAPSHOT_STREAM,false
480,LATE_COUNT,,44.816667,,0,0,0,0,,DEPTH_SNAPSHOT_STREAM,false
480,POST_RESOLUTION_DIAGNOSTIC,,,,0,0,0,0,,DEPTH_SNAPSHOT_STREAM,false
481,PRE_ELECTION,,61.0,,0,0,0,0,,DEPTH_SNAPSHOT_STREAM,false
481,ELECTION_DAY_PRE_RESULTS,,8.183333,,0,0,0,0,,DEPTH_SNAPSHOT_STREAM,false
481,ACTIVE_RESULTS,,6.0,,0,0,0,0,,DEPTH_SNAPSHOT_STREAM,false
481,LATE_COUNT,,44.816667,,0,0,0,0,,DEPTH_SNAPSHOT_STREAM,false
481,POST_RESOLUTION_DIAGNOSTIC,,,,0,0,0,0,,DEPTH_SNAPSHOT_STREAM,false
482,PRE_ELECTION,,61.0,,0,0,0,0,,DEPTH_SNAPSHOT_STREAM,false
482,ELECTION_DAY_PRE_RESULTS,,8.183333,,0,0,0,0,,DEPTH_SNAPSHOT_STREAM,false
482,ACTIVE_RESULTS,,6.0,,0,0,0,0,,DEPTH_SNAPSHOT_STREAM,false
482,LATE_COUNT,,44.816667,,0,0,0,0,,DEPTH_SNAPSHOT_STREAM,false
482,POST_RESOLUTION_DIAGNOSTIC,,,,0,0,0,0,,DEPTH_SNAPSHOT_STREAM,false
483,PRE_ELECTION,,61.0,,0,0,0,0,,DEPTH_SNAPSHOT_STREAM,false
483,ELECTION_DAY_PRE_RESULTS,,8.183333,,0,0,0,0,,DEPTH_SNAPSHOT_STREAM,false
483,ACTIVE_RESULTS,,6.0,,0,0,0,0,,DEPTH_SNAPSHOT_STREAM,false
483,LATE_COUNT,,44.816667,,0,0,0,0,,DEPTH_SNAPSHOT_STREAM,false
483,POST_RESOLUTION_DIAGNOSTIC,,,,0,0,0,0,,DEPTH_SNAPSHOT_STREAM,false
484,PRE_ELECTION,,61.0,,0,0,0,0,,DEPTH_SNAPSHOT_STREAM,false
484,ELECTION_DAY_PRE_RESULTS,,8.183333,,0,0,0,0,,DEPTH_SNAPSHOT_STREAM,false
484,ACTIVE_RESULTS,,6.0,,0,0,0,0,,DEPTH_SNAPSHOT_STREAM,false
484,LATE_COUNT,,44.816667,,0,0,0,0,,DEPTH_SNAPSHOT_STREAM,false
484,POST_RESOLUTION_DIAGNOSTIC,,,,0,0,0,0,,DEPTH_SNAPSHOT_STREAM,false
485,PRE_ELECTION,,61.0,,0,0,0,0,,DEPTH_SNAPSHOT_STREAM,false
485,ELECTION_DAY_PRE_RESULTS,,8.183333,,0,0,0,0,,DEPTH_SNAPSHOT_STREAM,false
485,ACTIVE_RESULTS,,6.0,,0,0,0,0,,DEPTH_SNAPSHOT_STREAM,false
485,LATE_COUNT,,44.816667,,0,0,0,0,,DEPTH_SNAPSHOT_STREAM,false
485,POST_RESOLUTION_DIAGNOSTIC,,,,0,0,0,0,,DEPTH_SNAPSHOT_STREAM,false
486,PRE_ELECTION,,61.0,,0,0,0,0,,DEPTH_SNAPSHOT_STREAM,false
486,ELECTION_DAY_PRE_RESULTS,,8.183333,,0,0,0,0,,DEPTH_SNAPSHOT_STREAM,false
486,ACTIVE_RESULTS,,6.0,,0,0,0,0,,DEPTH_SNAPSHOT_STREAM,false
486,LATE_COUNT,,44.816667,,0,0,0,0,,DEPTH_SNAPSHOT_STREAM,false
486,POST_RESOLUTION_DIAGNOSTIC,,,,0,0,0,0,,DEPTH_SNAPSHOT_STREAM,false
487,PRE_ELECTION,,61.0,,0,0,0,0,,DEPTH_SNAPSHOT_STREAM,false
487,ELECTION_DAY_PRE_RESULTS,,8.183333,,0,0,0,0,,DEPTH_SNAPSHOT_STREAM,false
487,ACTIVE_RESULTS,,6.0,,0,0,0,0,,DEPTH_SNAPSHOT_STREAM,false
487,LATE_COUNT,,44.816667,,0,0,0,0,,DEPTH_SNAPSHOT_STREAM,false
487,POST_RESOLUTION_DIAGNOSTIC,,,,0,0,0,0,,DEPTH_SNAPSHOT_STREAM,false
488,PRE_ELECTION,,61.0,,0,0,0,0,,DEPTH_SNAPSHOT_STREAM,false
488,ELECTION_DAY_PRE_RESULTS,,8.183333,,0,0,0,0,,DEPTH_SNAPSHOT_STREAM,false
488,ACTIVE_RESULTS,,6.0,,0,0,0,0,,DEPTH_SNAPSHOT_STREAM,false
488,LATE_COUNT,,44.816667,,0,0,0,0,,DEPTH_SNAPSHOT_STREAM,false
488,POST_RESOLUTION_DIAGNOSTIC,,,,0,0,0,0,,DEPTH_SNAPSHOT_STREAM,false
489,PRE_ELECTION,,61.0,,0,0,0,0,,DEPTH_SNAPSHOT_STREAM,false
489,ELECTION_DAY_PRE_RESULTS,,8.183333,,0,0,0,0,,DEPTH_SNAPSHOT_STREAM,false
489,ACTIVE_RESULTS,,6.0,,0,0,0,0,,DEPTH_SNAPSHOT_STREAM,false
489,LATE_COUNT,,44.816667,,0,0,0,0,,DEPTH_SNAPSHOT_STREAM,false
489,POST_RESOLUTION_DIAGNOSTIC,,,,0,0,0,0,,DEPTH_SNAPSHOT_STREAM,false
490,PRE_ELECTION,,61.0,,0,0,0,0,,DEPTH_SNAPSHOT_STREAM,false
490,ELECTION_DAY_PRE_RESULTS,,8.183333,,0,0,0,0,,DEPTH_SNAPSHOT_STREAM,false
490,ACTIVE_RESULTS,,6.0,,0,0,0,0,,DEPTH_SNAPSHOT_STREAM,false
490,LATE_COUNT,,44.816667,,0,0,0,0,,DEPTH_SNAPSHOT_STREAM,false
490,POST_RESOLUTION_DIAGNOSTIC,,,,0,0,0,0,,DEPTH_SNAPSHOT_STREAM,false
491,PRE_ELECTION,,61.0,,0,0,0,0,,DEPTH_SNAPSHOT_STREAM,false
491,ELECTION_DAY_PRE_RESULTS,,8.183333,,0,0,0,0,,DEPTH_SNAPSHOT_STREAM,false
491,ACTIVE_RESULTS,,6.0,,0,0,0,0,,DEPTH_SNAPSHOT_STREAM,false
491,LATE_COUNT,,44.816667,,0,0,0,0,,DEPTH_SNAPSHOT_STREAM,false
491,POST_RESOLUTION_DIAGNOSTIC,,,,0,0,0,0,,DEPTH_SNAPSHOT_STREAM,false
492,PRE_ELECTION,,61.0,,0,0,0,0,,DEPTH_SNAPSHOT_STREAM,false
492,ELECTION_DAY_PRE_RESULTS,,8.183333,,0,0,0,0,,DEPTH_SNAPSHOT_STREAM,false
492,ACTIVE_RESULTS,,6.0,,0,0,0,0,,DEPTH_SNAPSHOT_STREAM,false
492,LATE_COUNT,,44.816667,,0,0,0,0,,DEPTH_SNAPSHOT_STREAM,false
492,POST_RESOLUTION_DIAGNOSTIC,,,,0,0,0,0,,DEPTH_SNAPSHOT_STREAM,false
493,PRE_ELECTION,,61.0,,0,0,0,0,,DEPTH_SNAPSHOT_STREAM,false
493,ELECTION_DAY_PRE_RESULTS,,8.183333,,0,0,0,0,,DEPTH_SNAPSHOT_STREAM,false
493,ACTIVE_RESULTS,,6.0,,0,0,0,0,,DEPTH_SNAPSHOT_STREAM,false
493,LATE_COUNT,,44.816667,,0,0,0,0,,DEPTH_SNAPSHOT_STREAM,false
493,POST_RESOLUTION_DIAGNOSTIC,,,,0,0,0,0,,DEPTH_SNAPSHOT_STREAM,false
494,PRE_ELECTION,,61.0,,0,0,0,0,,DEPTH_SNAPSHOT_STREAM,false
494,ELECTION_DAY_PRE_RESULTS,,8.183333,,0,0,0,0,,DEPTH_SNAPSHOT_STREAM,false
494,ACTIVE_RESULTS,,6.0,,0,0,0,0,,DEPTH_SNAPSHOT_STREAM,false
494,LATE_COUNT,,44.816667,,0,0,0,0,,DEPTH_SNAPSHOT_STREAM,false
494,POST_RESOLUTION_DIAGNOSTIC,,,,0,0,0,0,,DEPTH_SNAPSHOT_STREAM,false
495,PRE_ELECTION,,61.0,,0,0,0,0,,DEPTH_SNAPSHOT_STREAM,false
495,ELECTION_DAY_PRE_RESULTS,,8.183333,,0,0,0,0,,DEPTH_SNAPSHOT_STREAM,false
495,ACTIVE_RESULTS,,6.0,,0,0,0,0,,DEPTH_SNAPSHOT_STREAM,false
495,LATE_COUNT,,44.816667,,0,0,0,0,,DEPTH_SNAPSHOT_STREAM,false
495,POST_RESOLUTION_DIAGNOSTIC,,,,0,0,0,0,,DEPTH_SNAPSHOT_STREAM,false
496,PRE_ELECTION,,61.0,,0,0,0,0,,DEPTH_SNAPSHOT_STREAM,false
496,ELECTION_DAY_PRE_RESULTS,,8.183333,,0,0,0,0,,DEPTH_SNAPSHOT_STREAM,false
496,ACTIVE_RESULTS,,6.0,,0,0,0,0,,DEPTH_SNAPSHOT_STREAM,false
496,LATE_COUNT,,44.816667,,0,0,0,0,,DEPTH_SNAPSHOT_STREAM,false
496,POST_RESOLUTION_DIAGNOSTIC,,,,0,0,0,0,,DEPTH_SNAPSHOT_STREAM,false
497,PRE_ELECTION,,61.0,,0,0,0,0,,DEPTH_SNAPSHOT_STREAM,false
497,ELECTION_DAY_PRE_RESULTS,,8.183333,,0,0,0,0,,DEPTH_SNAPSHOT_STREAM,false
497,ACTIVE_RESULTS,,6.0,,0,0,0,0,,DEPTH_SNAPSHOT_STREAM,false
497,LATE_COUNT,,44.816667,,0,0,0,0,,DEPTH_SNAPSHOT_STREAM,false
497,POST_RESOLUTION_DIAGNOSTIC,,,,0,0,0,0,,DEPTH_SNAPSHOT_STREAM,false
498,PRE_ELECTION,,61.0,,0,0,0,0,,DEPTH_SNAPSHOT_STREAM,false
498,ELECTION_DAY_PRE_RESULTS,,8.183333,,0,0,0,0,,DEPTH_SNAPSHOT_STREAM,false
498,ACTIVE_RESULTS,,6.0,,0,0,0,0,,DEPTH_SNAPSHOT_STREAM,false
498,LATE_COUNT,,44.816667,,0,0,0,0,,DEPTH_SNAPSHOT_STREAM,false
498,POST_RESOLUTION_DIAGNOSTIC,,,,0,0,0,0,,DEPTH_SNAPSHOT_STREAM,false
499,PRE_ELECTION,,61.0,,0,0,0,0,,DEPTH_SNAPSHOT_STREAM,false
499,ELECTION_DAY_PRE_RESULTS,,8.183333,,0,0,0,0,,DEPTH_SNAPSHOT_STREAM,false
499,ACTIVE_RESULTS,,6.0,,0,0,0,0,,DEPTH_SNAPSHOT_STREAM,false
499,LATE_COUNT,,44.816667,,0,0,0,0,,DEPTH_SNAPSHOT_STREAM,false
499,POST_RESOLUTION_DIAGNOSTIC,,,,0,0,0,0,,DEPTH_SNAPSHOT_STREAM,false
500,PRE_ELECTION,,61.0,,0,0,0,0,,DEPTH_SNAPSHOT_STREAM,false
500,ELECTION_DAY_PRE_RESULTS,,8.183333,,0,0,0,0,,DEPTH_SNAPSHOT_STREAM,false
500,ACTIVE_RESULTS,,6.0,,0,0,0,0,,DEPTH_SNAPSHOT_STREAM,false
500,LATE_COUNT,,44.816667,,0,0,0,0,,DEPTH_SNAPSHOT_STREAM,false
500,POST_RESOLUTION_DIAGNOSTIC,,,,0,0,0,0,,DEPTH_SNAPSHOT_STREAM,false
501,PRE_ELECTION,,61.0,,0,0,0,0,,DEPTH_SNAPSHOT_STREAM,false
501,ELECTION_DAY_PRE_RESULTS,,8.183333,,0,0,0,0,,DEPTH_SNAPSHOT_STREAM,false
501,ACTIVE_RESULTS,,6.0,,0,0,0,0,,DEPTH_SNAPSHOT_STREAM,false
501,LATE_COUNT,,44.816667,,0,0,0,0,,DEPTH_SNAPSHOT_STREAM,false
501,POST_RESOLUTION_DIAGNOSTIC,,,,0,0,0,0,,DEPTH_SNAPSHOT_STREAM,false
502,PRE_ELECTION,,61.0,,0,0,0,0,,DEPTH_SNAPSHOT_STREAM,false
502,ELECTION_DAY_PRE_RESULTS,,8.183333,,0,0,0,0,,DEPTH_SNAPSHOT_STREAM,false
502,ACTIVE_RESULTS,,6.0,,0,0,0,0,,DEPTH_SNAPSHOT_STREAM,false
502,LATE_COUNT,,44.816667,,0,0,0,0,,DEPTH_SNAPSHOT_STREAM,false
502,POST_RESOLUTION_DIAGNOSTIC,,,,0,0,0,0,,DEPTH_SNAPSHOT_STREAM,false
503,PRE_ELECTION,,61.0,,0,0,0,0,,DEPTH_SNAPSHOT_STREAM,false
503,ELECTION_DAY_PRE_RESULTS,,8.183333,,0,0,0,0,,DEPTH_SNAPSHOT_STREAM,false
503,ACTIVE_RESULTS,,6.0,,0,0,0,0,,DEPTH_SNAPSHOT_STREAM,false
503,LATE_COUNT,,44.816667,,0,0,0,0,,DEPTH_SNAPSHOT_STREAM,false
503,POST_RESOLUTION_DIAGNOSTIC,,,,0,0,0,0,,DEPTH_SNAPSHOT_STREAM,false
504,PRE_ELECTION,,61.0,,0,0,0,0,,DEPTH_SNAPSHOT_STREAM,false
504,ELECTION_DAY_PRE_RESULTS,,8.183333,,0,0,0,0,,DEPTH_SNAPSHOT_STREAM,false
504,ACTIVE_RESULTS,,6.0,,0,0,0,0,,DEPTH_SNAPSHOT_STREAM,false
504,LATE_COUNT,,44.816667,,0,0,0,0,,DEPTH_SNAPSHOT_STREAM,false
504,POST_RESOLUTION_DIAGNOSTIC,,,,0,0,0,0,,DEPTH_SNAPSHOT_STREAM,false
505,PRE_ELECTION,,61.0,,0,0,0,0,,DEPTH_SNAPSHOT_STREAM,false
505,ELECTION_DAY_PRE_RESULTS,,8.183333,,0,0,0,0,,DEPTH_SNAPSHOT_STREAM,false
505,ACTIVE_RESULTS,,6.0,,0,0,0,0,,DEPTH_SNAPSHOT_STREAM,false
505,LATE_COUNT,,44.816667,,0,0,0,0,,DEPTH_SNAPSHOT_STREAM,false
505,POST_RESOLUTION_DIAGNOSTIC,,,,0,0,0,0,,DEPTH_SNAPSHOT_STREAM,false
506,PRE_ELECTION,,61.0,,0,0,0,0,,DEPTH_SNAPSHOT_STREAM,false
506,ELECTION_DAY_PRE_RESULTS,,8.183333,,0,0,0,0,,DEPTH_SNAPSHOT_STREAM,false
506,ACTIVE_RESULTS,,6.0,,0,0,0,0,,DEPTH_SNAPSHOT_STREAM,false
506,LATE_COUNT,,44.816667,,0,0,0,0,,DEPTH_SNAPSHOT_STREAM,false
506,POST_RESOLUTION_DIAGNOSTIC,,,,0,0,0,0,,DEPTH_SNAPSHOT_STREAM,false
507,PRE_ELECTION,,61.0,,0,0,0,0,,DEPTH_SNAPSHOT_STREAM,false
507,ELECTION_DAY_PRE_RESULTS,,8.183333,,0,0,0,0,,DEPTH_SNAPSHOT_STREAM,false
507,ACTIVE_RESULTS,,6.0,,0,0,0,0,,DEPTH_SNAPSHOT_STREAM,false
507,LATE_COUNT,,44.816667,,0,0,0,0,,DEPTH_SNAPSHOT_STREAM,false
507,POST_RESOLUTION_DIAGNOSTIC,,,,0,0,0,0,,DEPTH_SNAPSHOT_STREAM,false
508,PRE_ELECTION,,61.0,,0,0,0,0,,DEPTH_SNAPSHOT_STREAM,false
508,ELECTION_DAY_PRE_RESULTS,,8.183333,,0,0,0,0,,DEPTH_SNAPSHOT_STREAM,false
508,ACTIVE_RESULTS,,6.0,,0,0,0,0,,DEPTH_SNAPSHOT_STREAM,false
508,LATE_COUNT,,44.816667,,0,0,0,0,,DEPTH_SNAPSHOT_STREAM,false
508,POST_RESOLUTION_DIAGNOSTIC,,,,0,0,0,0,,DEPTH_SNAPSHOT_STREAM,false
509,PRE_ELECTION,,61.0,,0,0,0,0,,DEPTH_SNAPSHOT_STREAM,false
509,ELECTION_DAY_PRE_RESULTS,,8.183333,,0,0,0,0,,DEPTH_SNAPSHOT_STREAM,false
509,ACTIVE_RESULTS,,6.0,,0,0,0,0,,DEPTH_SNAPSHOT_STREAM,false
509,LATE_COUNT,,44.816667,,0,0,0,0,,DEPTH_SNAPSHOT_STREAM,false
509,POST_RESOLUTION_DIAGNOSTIC,,,,0,0,0,0,,DEPTH_SNAPSHOT_STREAM,false
510,PRE_ELECTION,,61.0,,0,0,0,0,,DEPTH_SNAPSHOT_STREAM,false
510,ELECTION_DAY_PRE_RESULTS,,8.183333,,0,0,0,0,,DEPTH_SNAPSHOT_STREAM,false
510,ACTIVE_RESULTS,,6.0,,0,0,0,0,,DEPTH_SNAPSHOT_STREAM,false
510,LATE_COUNT,,44.816667,,0,0,0,0,,DEPTH_SNAPSHOT_STREAM,false
510,POST_RESOLUTION_DIAGNOSTIC,,,,0,0,0,0,,DEPTH_SNAPSHOT_STREAM,false
511,PRE_ELECTION,,61.0,,0,0,0,0,,DEPTH_SNAPSHOT_STREAM,false
511,ELECTION_DAY_PRE_RESULTS,,8.183333,,0,0,0,0,,DEPTH_SNAPSHOT_STREAM,false
511,ACTIVE_RESULTS,,6.0,,0,0,0,0,,DEPTH_SNAPSHOT_STREAM,false
511,LATE_COUNT,,44.816667,,0,0,0,0,,DEPTH_SNAPSHOT_STREAM,false
511,POST_RESOLUTION_DIAGNOSTIC,,,,0,0,0,0,,DEPTH_SNAPSHOT_STREAM,false
512,PRE_ELECTION,,61.0,,0,0,0,0,,DEPTH_SNAPSHOT_STREAM,false
512,ELECTION_DAY_PRE_RESULTS,,8.183333,,0,0,0,0,,DEPTH_SNAPSHOT_STREAM,false
512,ACTIVE_RESULTS,,6.0,,0,0,0,0,,DEPTH_SNAPSHOT_STREAM,false
512,LATE_COUNT,,44.816667,,0,0,0,0,,DEPTH_SNAPSHOT_STREAM,false
512,POST_RESOLUTION_DIAGNOSTIC,,,,0,0,0,0,,DEPTH_SNAPSHOT_STREAM,false
513,PRE_ELECTION,,61.0,,0,0,0,0,,DEPTH_SNAPSHOT_STREAM,false
513,ELECTION_DAY_PRE_RESULTS,,8.183333,,0,0,0,0,,DEPTH_SNAPSHOT_STREAM,false
513,ACTIVE_RESULTS,,6.0,,0,0,0,0,,DEPTH_SNAPSHOT_STREAM,false
513,LATE_COUNT,,44.816667,,0,0,0,0,,DEPTH_SNAPSHOT_STREAM,false
513,POST_RESOLUTION_DIAGNOSTIC,,,,0,0,0,0,,DEPTH_SNAPSHOT_STREAM,false
514,PRE_ELECTION,,61.0,,0,0,0,0,,DEPTH_SNAPSHOT_STREAM,false
514,ELECTION_DAY_PRE_RESULTS,,8.183333,,0,0,0,0,,DEPTH_SNAPSHOT_STREAM,false
514,ACTIVE_RESULTS,,6.0,,0,0,0,0,,DEPTH_SNAPSHOT_STREAM,false
514,LATE_COUNT,,44.816667,,0,0,0,0,,DEPTH_SNAPSHOT_STREAM,false
514,POST_RESOLUTION_DIAGNOSTIC,,,,0,0,0,0,,DEPTH_SNAPSHOT_STREAM,false
515,PRE_ELECTION,,61.0,,0,0,0,0,,DEPTH_SNAPSHOT_STREAM,false
515,ELECTION_DAY_PRE_RESULTS,,8.183333,,0,0,0,0,,DEPTH_SNAPSHOT_STREAM,false
515,ACTIVE_RESULTS,,6.0,,0,0,0,0,,DEPTH_SNAPSHOT_STREAM,false
515,LATE_COUNT,,44.816667,,0,0,0,0,,DEPTH_SNAPSHOT_STREAM,false
515,POST_RESOLUTION_DIAGNOSTIC,,,,0,0,0,0,,DEPTH_SNAPSHOT_STREAM,false
516,PRE_ELECTION,,61.0,,0,0,0,0,,DEPTH_SNAPSHOT_STREAM,false
516,ELECTION_DAY_PRE_RESULTS,,8.183333,,0,0,0,0,,DEPTH_SNAPSHOT_STREAM,false
516,ACTIVE_RESULTS,,6.0,,0,0,0,0,,DEPTH_SNAPSHOT_STREAM,false
516,LATE_COUNT,,44.816667,,0,0,0,0,,DEPTH_SNAPSHOT_STREAM,false
516,POST_RESOLUTION_DIAGNOSTIC,,,,0,0,0,0,,DEPTH_SNAPSHOT_STREAM,false
517,PRE_ELECTION,,61.0,,0,0,0,0,,DEPTH_SNAPSHOT_STREAM,false
517,ELECTION_DAY_PRE_RESULTS,,8.183333,,0,0,0,0,,DEPTH_SNAPSHOT_STREAM,false
517,ACTIVE_RESULTS,,6.0,,0,0,0,0,,DEPTH_SNAPSHOT_STREAM,false
517,LATE_COUNT,,44.816667,,0,0,0,0,,DEPTH_SNAPSHOT_STREAM,false
517,POST_RESOLUTION_DIAGNOSTIC,,,,0,0,0,0,,DEPTH_SNAPSHOT_STREAM,false
518,PRE_ELECTION,,61.0,,0,0,0,0,,DEPTH_SNAPSHOT_STREAM,false
518,ELECTION_DAY_PRE_RESULTS,,8.183333,,0,0,0,0,,DEPTH_SNAPSHOT_STREAM,false
518,ACTIVE_RESULTS,,6.0,,0,0,0,0,,DEPTH_SNAPSHOT_STREAM,false
518,LATE_COUNT,,44.816667,,0,0,0,0,,DEPTH_SNAPSHOT_STREAM,false
518,POST_RESOLUTION_DIAGNOSTIC,,,,0,0,0,0,,DEPTH_SNAPSHOT_STREAM,false
519,PRE_ELECTION,,61.0,,0,0,0,0,,DEPTH_SNAPSHOT_STREAM,false
519,ELECTION_DAY_PRE_RESULTS,,8.183333,,0,0,0,0,,DEPTH_SNAPSHOT_STREAM,false
519,ACTIVE_RESULTS,,6.0,,0,0,0,0,,DEPTH_SNAPSHOT_STREAM,false
519,LATE_COUNT,,44.816667,,0,0,0,0,,DEPTH_SNAPSHOT_STREAM,false
519,POST_RESOLUTION_DIAGNOSTIC,,,,0,0,0,0,,DEPTH_SNAPSHOT_STREAM,false
520,PRE_ELECTION,,61.0,,0,0,0,0,,DEPTH_SNAPSHOT_STREAM,false
520,ELECTION_DAY_PRE_RESULTS,,8.183333,,0,0,0,0,,DEPTH_SNAPSHOT_STREAM,false
520,ACTIVE_RESULTS,,6.0,,0,0,0,0,,DEPTH_SNAPSHOT_STREAM,false
520,LATE_COUNT,,44.816667,,0,0,0,0,,DEPTH_SNAPSHOT_STREAM,false
520,POST_RESOLUTION_DIAGNOSTIC,,,,0,0,0,0,,DEPTH_SNAPSHOT_STREAM,false
521,PRE_ELECTION,,61.0,,0,0,0,0,,DEPTH_SNAPSHOT_STREAM,false
521,ELECTION_DAY_PRE_RESULTS,,8.183333,,0,0,0,0,,DEPTH_SNAPSHOT_STREAM,false
521,ACTIVE_RESULTS,,6.0,,0,0,0,0,,DEPTH_SNAPSHOT_STREAM,false
521,LATE_COUNT,,44.816667,,0,0,0,0,,DEPTH_SNAPSHOT_STREAM,false
521,POST_RESOLUTION_DIAGNOSTIC,,,,0,0,0,0,,DEPTH_SNAPSHOT_STREAM,false
522,PRE_ELECTION,,61.0,,0,0,0,0,,DEPTH_SNAPSHOT_STREAM,false
522,ELECTION_DAY_PRE_RESULTS,,8.183333,,0,0,0,0,,DEPTH_SNAPSHOT_STREAM,false
522,ACTIVE_RESULTS,,6.0,,0,0,0,0,,DEPTH_SNAPSHOT_STREAM,false
522,LATE_COUNT,,44.816667,,0,0,0,0,,DEPTH_SNAPSHOT_STREAM,false
522,POST_RESOLUTION_DIAGNOSTIC,,,,0,0,0,0,,DEPTH_SNAPSHOT_STREAM,false
523,PRE_ELECTION,,61.0,,0,0,0,0,,DEPTH_SNAPSHOT_STREAM,false
523,ELECTION_DAY_PRE_RESULTS,,8.183333,,0,0,0,0,,DEPTH_SNAPSHOT_STREAM,false
523,ACTIVE_RESULTS,,6.0,,0,0,0,0,,DEPTH_SNAPSHOT_STREAM,false
523,LATE_COUNT,,44.816667,,0,0,0,0,,DEPTH_SNAPSHOT_STREAM,false
523,POST_RESOLUTION_DIAGNOSTIC,,,,0,0,0,0,,DEPTH_SNAPSHOT_STREAM,false
524,PRE_ELECTION,,61.0,,0,0,0,0,,DEPTH_SNAPSHOT_STREAM,false
524,ELECTION_DAY_PRE_RESULTS,,8.183333,,0,0,0,0,,DEPTH_SNAPSHOT_STREAM,false
524,ACTIVE_RESULTS,,6.0,,0,0,0,0,,DEPTH_SNAPSHOT_STREAM,false
524,LATE_COUNT,,44.816667,,0,0,0,0,,DEPTH_SNAPSHOT_STREAM,false
524,POST_RESOLUTION_DIAGNOSTIC,,,,0,0,0,0,,DEPTH_SNAPSHOT_STREAM,false
525,PRE_ELECTION,,61.0,,0,0,0,0,,DEPTH_SNAPSHOT_STREAM,false
525,ELECTION_DAY_PRE_RESULTS,,8.183333,,0,0,0,0,,DEPTH_SNAPSHOT_STREAM,false
525,ACTIVE_RESULTS,,6.0,,0,0,0,0,,DEPTH_SNAPSHOT_STREAM,false
525,LATE_COUNT,,44.816667,,0,0,0,0,,DEPTH_SNAPSHOT_STREAM,false
525,POST_RESOLUTION_DIAGNOSTIC,,,,0,0,0,0,,DEPTH_SNAPSHOT_STREAM,false
526,PRE_ELECTION,,61.0,,0,0,0,0,,DEPTH_SNAPSHOT_STREAM,false
526,ELECTION_DAY_PRE_RESULTS,,8.183333,,0,0,0,0,,DEPTH_SNAPSHOT_STREAM,false
526,ACTIVE_RESULTS,,6.0,,0,0,0,0,,DEPTH_SNAPSHOT_STREAM,false
526,LATE_COUNT,,44.816667,,0,0,0,0,,DEPTH_SNAPSHOT_STREAM,false
526,POST_RESOLUTION_DIAGNOSTIC,,,,0,0,0,0,,DEPTH_SNAPSHOT_STREAM,false
527,PRE_ELECTION,,61.0,,0,0,0,0,,DEPTH_SNAPSHOT_STREAM,false
527,ELECTION_DAY_PRE_RESULTS,,8.183333,,0,0,0,0,,DEPTH_SNAPSHOT_STREAM,false
527,ACTIVE_RESULTS,,6.0,,0,0,0,0,,DEPTH_SNAPSHOT_STREAM,false
527,LATE_COUNT,,44.816667,,0,0,0,0,,DEPTH_SNAPSHOT_STREAM,false
527,POST_RESOLUTION_DIAGNOSTIC,,,,0,0,0,0,,DEPTH_SNAPSHOT_STREAM,false
528,PRE_ELECTION,,61.0,,0,0,0,0,,DEPTH_SNAPSHOT_STREAM,false
528,ELECTION_DAY_PRE_RESULTS,,8.183333,,0,0,0,0,,DEPTH_SNAPSHOT_STREAM,false
528,ACTIVE_RESULTS,,6.0,,0,0,0,0,,DEPTH_SNAPSHOT_STREAM,false
528,LATE_COUNT,,44.816667,,0,0,0,0,,DEPTH_SNAPSHOT_STREAM,false
528,POST_RESOLUTION_DIAGNOSTIC,,,,0,0,0,0,,DEPTH_SNAPSHOT_STREAM,false
529,PRE_ELECTION,,61.0,,0,0,0,0,,DEPTH_SNAPSHOT_STREAM,false
529,ELECTION_DAY_PRE_RESULTS,,8.183333,,0,0,0,0,,DEPTH_SNAPSHOT_STREAM,false
529,ACTIVE_RESULTS,,6.0,,0,0,0,0,,DEPTH_SNAPSHOT_STREAM,false
529,LATE_COUNT,,44.816667,,0,0,0,0,,DEPTH_SNAPSHOT_STREAM,false
529,POST_RESOLUTION_DIAGNOSTIC,,,,0,0,0,0,,DEPTH_SNAPSHOT_STREAM,false
530,PRE_ELECTION,,61.0,,0,0,0,0,,DEPTH_SNAPSHOT_STREAM,false
530,ELECTION_DAY_PRE_RESULTS,,8.183333,,0,0,0,0,,DEPTH_SNAPSHOT_STREAM,false
530,ACTIVE_RESULTS,,6.0,,0,0,0,0,,DEPTH_SNAPSHOT_STREAM,false
530,LATE_COUNT,,44.816667,,0,0,0,0,,DEPTH_SNAPSHOT_STREAM,false
530,POST_RESOLUTION_DIAGNOSTIC,,,,0,0,0,0,,DEPTH_SNAPSHOT_STREAM,false
531,PRE_ELECTION,,61.0,,0,0,0,0,,DEPTH_SNAPSHOT_STREAM,false
531,ELECTION_DAY_PRE_RESULTS,,8.183333,,0,0,0,0,,DEPTH_SNAPSHOT_STREAM,false
531,ACTIVE_RESULTS,,6.0,,0,0,0,0,,DEPTH_SNAPSHOT_STREAM,false
531,LATE_COUNT,,44.816667,,0,0,0,0,,DEPTH_SNAPSHOT_STREAM,false
531,POST_RESOLUTION_DIAGNOSTIC,,,,0,0,0,0,,DEPTH_SNAPSHOT_STREAM,false
532,PRE_ELECTION,,61.0,,0,0,0,0,,DEPTH_SNAPSHOT_STREAM,false
532,ELECTION_DAY_PRE_RESULTS,,8.183333,,0,0,0,0,,DEPTH_SNAPSHOT_STREAM,false
532,ACTIVE_RESULTS,,6.0,,0,0,0,0,,DEPTH_SNAPSHOT_STREAM,false
532,LATE_COUNT,,44.816667,,0,0,0,0,,DEPTH_SNAPSHOT_STREAM,false
532,POST_RESOLUTION_DIAGNOSTIC,,,,0,0,0,0,,DEPTH_SNAPSHOT_STREAM,false
533,PRE_ELECTION,,61.0,,0,0,0,0,,DEPTH_SNAPSHOT_STREAM,false
533,ELECTION_DAY_PRE_RESULTS,,8.183333,,0,0,0,0,,DEPTH_SNAPSHOT_STREAM,false
533,ACTIVE_RESULTS,,6.0,,0,0,0,0,,DEPTH_SNAPSHOT_STREAM,false
533,LATE_COUNT,,44.816667,,0,0,0,0,,DEPTH_SNAPSHOT_STREAM,false
533,POST_RESOLUTION_DIAGNOSTIC,,,,0,0,0,0,,DEPTH_SNAPSHOT_STREAM,false
534,PRE_ELECTION,,61.0,,0,0,0,0,,DEPTH_SNAPSHOT_STREAM,false
534,ELECTION_DAY_PRE_RESULTS,,8.183333,,0,0,0,0,,DEPTH_SNAPSHOT_STREAM,false
534,ACTIVE_RESULTS,,6.0,,0,0,0,0,,DEPTH_SNAPSHOT_STREAM,false
534,LATE_COUNT,,44.816667,,0,0,0,0,,DEPTH_SNAPSHOT_STREAM,false
534,POST_RESOLUTION_DIAGNOSTIC,,,,0,0,0,0,,DEPTH_SNAPSHOT_STREAM,false
535,PRE_ELECTION,,61.0,,0,0,0,0,,DEPTH_SNAPSHOT_STREAM,false
535,ELECTION_DAY_PRE_RESULTS,,8.183333,,0,0,0,0,,DEPTH_SNAPSHOT_STREAM,false
535,ACTIVE_RESULTS,,6.0,,0,0,0,0,,DEPTH_SNAPSHOT_STREAM,false
535,LATE_COUNT,,44.816667,,0,0,0,0,,DEPTH_SNAPSHOT_STREAM,false
535,POST_RESOLUTION_DIAGNOSTIC,,,,0,0,0,0,,DEPTH_SNAPSHOT_STREAM,false
536,PRE_ELECTION,,61.0,,0,0,0,0,,DEPTH_SNAPSHOT_STREAM,false
536,ELECTION_DAY_PRE_RESULTS,,8.183333,,0,0,0,0,,DEPTH_SNAPSHOT_STREAM,false
536,ACTIVE_RESULTS,,6.0,,0,0,0,0,,DEPTH_SNAPSHOT_STREAM,false
536,LATE_COUNT,,44.816667,,0,0,0,0,,DEPTH_SNAPSHOT_STREAM,false
536,POST_RESOLUTION_DIAGNOSTIC,,,,0,0,0,0,,DEPTH_SNAPSHOT_STREAM,false
537,PRE_ELECTION,,61.0,,0,0,0,0,,DEPTH_SNAPSHOT_STREAM,false
537,ELECTION_DAY_PRE_RESULTS,,8.183333,,0,0,0,0,,DEPTH_SNAPSHOT_STREAM,false
537,ACTIVE_RESULTS,,6.0,,0,0,0,0,,DEPTH_SNAPSHOT_STREAM,false
537,LATE_COUNT,,44.816667,,0,0,0,0,,DEPTH_SNAPSHOT_STREAM,false
537,POST_RESOLUTION_DIAGNOSTIC,,,,0,0,0,0,,DEPTH_SNAPSHOT_STREAM,false
538,PRE_ELECTION,,61.0,,0,0,0,0,,DEPTH_SNAPSHOT_STREAM,false
538,ELECTION_DAY_PRE_RESULTS,,8.183333,,0,0,0,0,,DEPTH_SNAPSHOT_STREAM,false
538,ACTIVE_RESULTS,,6.0,,0,0,0,0,,DEPTH_SNAPSHOT_STREAM,false
538,LATE_COUNT,,44.816667,,0,0,0,0,,DEPTH_SNAPSHOT_STREAM,false
538,POST_RESOLUTION_DIAGNOSTIC,,,,0,0,0,0,,DEPTH_SNAPSHOT_STREAM,false
539,PRE_ELECTION,,61.0,,0,0,0,0,,DEPTH_SNAPSHOT_STREAM,false
539,ELECTION_DAY_PRE_RESULTS,,8.183333,,0,0,0,0,,DEPTH_SNAPSHOT_STREAM,false
539,ACTIVE_RESULTS,,6.0,,0,0,0,0,,DEPTH_SNAPSHOT_STREAM,false
539,LATE_COUNT,,44.816667,,0,0,0,0,,DEPTH_SNAPSHOT_STREAM,false
539,POST_RESOLUTION_DIAGNOSTIC,,,,0,0,0,0,,DEPTH_SNAPSHOT_STREAM,false
540,PRE_ELECTION,,61.0,,0,0,0,0,,DEPTH_SNAPSHOT_STREAM,false
540,ELECTION_DAY_PRE_RESULTS,,8.183333,,0,0,0,0,,DEPTH_SNAPSHOT_STREAM,false
540,ACTIVE_RESULTS,,6.0,,0,0,0,0,,DEPTH_SNAPSHOT_STREAM,false
540,LATE_COUNT,,44.816667,,0,0,0,0,,DEPTH_SNAPSHOT_STREAM,false
540,POST_RESOLUTION_DIAGNOSTIC,,,,0,0,0,0,,DEPTH_SNAPSHOT_STREAM,false
541,PRE_ELECTION,,61.0,,0,0,0,0,,DEPTH_SNAPSHOT_STREAM,false
541,ELECTION_DAY_PRE_RESULTS,,8.183333,,0,0,0,0,,DEPTH_SNAPSHOT_STREAM,false
541,ACTIVE_RESULTS,,6.0,,0,0,0,0,,DEPTH_SNAPSHOT_STREAM,false
541,LATE_COUNT,,44.816667,,0,0,0,0,,DEPTH_SNAPSHOT_STREAM,false
541,POST_RESOLUTION_DIAGNOSTIC,,,,0,0,0,0,,DEPTH_SNAPSHOT_STREAM,false
542,PRE_ELECTION,,61.0,,0,0,0,0,,DEPTH_SNAPSHOT_STREAM,false
542,ELECTION_DAY_PRE_RESULTS,,8.183333,,0,0,0,0,,DEPTH_SNAPSHOT_STREAM,false
542,ACTIVE_RESULTS,,6.0,,0,0,0,0,,DEPTH_SNAPSHOT_STREAM,false
542,LATE_COUNT,,44.816667,,0,0,0,0,,DEPTH_SNAPSHOT_STREAM,false
542,POST_RESOLUTION_DIAGNOSTIC,,,,0,0,0,0,,DEPTH_SNAPSHOT_STREAM,false
543,PRE_ELECTION,,61.0,,0,0,0,0,,DEPTH_SNAPSHOT_STREAM,false
543,ELECTION_DAY_PRE_RESULTS,,8.183333,,0,0,0,0,,DEPTH_SNAPSHOT_STREAM,false
543,ACTIVE_RESULTS,,6.0,,0,0,0,0,,DEPTH_SNAPSHOT_STREAM,false
543,LATE_COUNT,,44.816667,,0,0,0,0,,DEPTH_SNAPSHOT_STREAM,false
543,POST_RESOLUTION_DIAGNOSTIC,,,,0,0,0,0,,DEPTH_SNAPSHOT_STREAM,false
544,PRE_ELECTION,,61.0,,0,0,0,0,,DEPTH_SNAPSHOT_STREAM,false
544,ELECTION_DAY_PRE_RESULTS,,8.183333,,0,0,0,0,,DEPTH_SNAPSHOT_STREAM,false
544,ACTIVE_RESULTS,,6.0,,0,0,0,0,,DEPTH_SNAPSHOT_STREAM,false
544,LATE_COUNT,,44.816667,,0,0,0,0,,DEPTH_SNAPSHOT_STREAM,false
544,POST_RESOLUTION_DIAGNOSTIC,,,,0,0,0,0,,DEPTH_SNAPSHOT_STREAM,false
545,PRE_ELECTION,,61.0,,0,0,0,0,,DEPTH_SNAPSHOT_STREAM,false
545,ELECTION_DAY_PRE_RESULTS,,8.183333,,0,0,0,0,,DEPTH_SNAPSHOT_STREAM,false
545,ACTIVE_RESULTS,,6.0,,0,0,0,0,,DEPTH_SNAPSHOT_STREAM,false
545,LATE_COUNT,,44.816667,,0,0,0,0,,DEPTH_SNAPSHOT_STREAM,false
545,POST_RESOLUTION_DIAGNOSTIC,,,,0,0,0,0,,DEPTH_SNAPSHOT_STREAM,false
546,PRE_ELECTION,,61.0,,0,0,0,0,,DEPTH_SNAPSHOT_STREAM,false
546,ELECTION_DAY_PRE_RESULTS,,8.183333,,0,0,0,0,,DEPTH_SNAPSHOT_STREAM,false
546,ACTIVE_RESULTS,,6.0,,0,0,0,0,,DEPTH_SNAPSHOT_STREAM,false
546,LATE_COUNT,,44.816667,,0,0,0,0,,DEPTH_SNAPSHOT_STREAM,false
546,POST_RESOLUTION_DIAGNOSTIC,,,,0,0,0,0,,DEPTH_SNAPSHOT_STREAM,false
547,PRE_ELECTION,,61.0,,0,0,0,0,,DEPTH_SNAPSHOT_STREAM,false
547,ELECTION_DAY_PRE_RESULTS,,8.183333,,0,0,0,0,,DEPTH_SNAPSHOT_STREAM,false
547,ACTIVE_RESULTS,,6.0,,0,0,0,0,,DEPTH_SNAPSHOT_STREAM,false
547,LATE_COUNT,,44.816667,,0,0,0,0,,DEPTH_SNAPSHOT_STREAM,false
547,POST_RESOLUTION_DIAGNOSTIC,,,,0,0,0,0,,DEPTH_SNAPSHOT_STREAM,false
548,PRE_ELECTION,,61.0,,0,0,0,0,,DEPTH_SNAPSHOT_STREAM,false
548,ELECTION_DAY_PRE_RESULTS,,8.183333,,0,0,0,0,,DEPTH_SNAPSHOT_STREAM,false
548,ACTIVE_RESULTS,,6.0,,0,0,0,0,,DEPTH_SNAPSHOT_STREAM,false
548,LATE_COUNT,,44.816667,,0,0,0,0,,DEPTH_SNAPSHOT_STREAM,false
548,POST_RESOLUTION_DIAGNOSTIC,,,,0,0,0,0,,DEPTH_SNAPSHOT_STREAM,false
549,PRE_ELECTION,,61.0,,0,0,0,0,,DEPTH_SNAPSHOT_STREAM,false
549,ELECTION_DAY_PRE_RESULTS,,8.183333,,0,0,0,0,,DEPTH_SNAPSHOT_STREAM,false
549,ACTIVE_RESULTS,,6.0,,0,0,0,0,,DEPTH_SNAPSHOT_STREAM,false
549,LATE_COUNT,,44.816667,,0,0,0,0,,DEPTH_SNAPSHOT_STREAM,false
549,POST_RESOLUTION_DIAGNOSTIC,,,,0,0,0,0,,DEPTH_SNAPSHOT_STREAM,false
550,PRE_ELECTION,,61.0,,0,0,0,0,,DEPTH_SNAPSHOT_STREAM,false
550,ELECTION_DAY_PRE_RESULTS,,8.183333,,0,0,0,0,,DEPTH_SNAPSHOT_STREAM,false
550,ACTIVE_RESULTS,,6.0,,0,0,0,0,,DEPTH_SNAPSHOT_STREAM,false
550,LATE_COUNT,,44.816667,,0,0,0,0,,DEPTH_SNAPSHOT_STREAM,false
550,POST_RESOLUTION_DIAGNOSTIC,,,,0,0,0,0,,DEPTH_SNAPSHOT_STREAM,false
551,PRE_ELECTION,,61.0,,0,0,0,0,,DEPTH_SNAPSHOT_STREAM,false
551,ELECTION_DAY_PRE_RESULTS,,8.183333,,0,0,0,0,,DEPTH_SNAPSHOT_STREAM,false
551,ACTIVE_RESULTS,,6.0,,0,0,0,0,,DEPTH_SNAPSHOT_STREAM,false
551,LATE_COUNT,,44.816667,,0,0,0,0,,DEPTH_SNAPSHOT_STREAM,false
551,POST_RESOLUTION_DIAGNOSTIC,,,,0,0,0,0,,DEPTH_SNAPSHOT_STREAM,false
552,PRE_ELECTION,,61.0,,0,0,0,0,,DEPTH_SNAPSHOT_STREAM,false
552,ELECTION_DAY_PRE_RESULTS,,8.183333,,0,0,0,0,,DEPTH_SNAPSHOT_STREAM,false
552,ACTIVE_RESULTS,,6.0,,0,0,0,0,,DEPTH_SNAPSHOT_STREAM,false
552,LATE_COUNT,,44.816667,,0,0,0,0,,DEPTH_SNAPSHOT_STREAM,false
552,POST_RESOLUTION_DIAGNOSTIC,,,,0,0,0,0,,DEPTH_SNAPSHOT_STREAM,false
553,PRE_ELECTION,,61.0,,0,0,0,0,,DEPTH_SNAPSHOT_STREAM,false
553,ELECTION_DAY_PRE_RESULTS,,8.183333,,0,0,0,0,,DEPTH_SNAPSHOT_STREAM,false
553,ACTIVE_RESULTS,,6.0,,0,0,0,0,,DEPTH_SNAPSHOT_STREAM,false
553,LATE_COUNT,,44.816667,,0,0,0,0,,DEPTH_SNAPSHOT_STREAM,false
553,POST_RESOLUTION_DIAGNOSTIC,,,,0,0,0,0,,DEPTH_SNAPSHOT_STREAM,false
554,PRE_ELECTION,,61.0,,0,0,0,0,,DEPTH_SNAPSHOT_STREAM,false
554,ELECTION_DAY_PRE_RESULTS,,8.183333,,0,0,0,0,,DEPTH_SNAPSHOT_STREAM,false
554,ACTIVE_RESULTS,,6.0,,0,0,0,0,,DEPTH_SNAPSHOT_STREAM,false
554,LATE_COUNT,,44.816667,,0,0,0,0,,DEPTH_SNAPSHOT_STREAM,false
554,POST_RESOLUTION_DIAGNOSTIC,,,,0,0,0,0,,DEPTH_SNAPSHOT_STREAM,false
555,PRE_ELECTION,,61.0,,0,0,0,0,,DEPTH_SNAPSHOT_STREAM,false
555,ELECTION_DAY_PRE_RESULTS,,8.183333,,0,0,0,0,,DEPTH_SNAPSHOT_STREAM,false
555,ACTIVE_RESULTS,,6.0,,0,0,0,0,,DEPTH_SNAPSHOT_STREAM,false
555,LATE_COUNT,,44.816667,,0,0,0,0,,DEPTH_SNAPSHOT_STREAM,false
555,POST_RESOLUTION_DIAGNOSTIC,,,,0,0,0,0,,DEPTH_SNAPSHOT_STREAM,false
556,PRE_ELECTION,,61.0,,0,0,0,0,,DEPTH_SNAPSHOT_STREAM,false
556,ELECTION_DAY_PRE_RESULTS,,8.183333,,0,0,0,0,,DEPTH_SNAPSHOT_STREAM,false
556,ACTIVE_RESULTS,,6.0,,0,0,0,0,,DEPTH_SNAPSHOT_STREAM,false
556,LATE_COUNT,,44.816667,,0,0,0,0,,DEPTH_SNAPSHOT_STREAM,false
556,POST_RESOLUTION_DIAGNOSTIC,,,,0,0,0,0,,DEPTH_SNAPSHOT_STREAM,false
557,PRE_ELECTION,,61.0,,0,0,0,0,,DEPTH_SNAPSHOT_STREAM,false
557,ELECTION_DAY_PRE_RESULTS,,8.183333,,0,0,0,0,,DEPTH_SNAPSHOT_STREAM,false
557,ACTIVE_RESULTS,,6.0,,0,0,0,0,,DEPTH_SNAPSHOT_STREAM,false
557,LATE_COUNT,,44.816667,,0,0,0,0,,DEPTH_SNAPSHOT_STREAM,false
557,POST_RESOLUTION_DIAGNOSTIC,,,,0,0,0,0,,DEPTH_SNAPSHOT_STREAM,false
558,PRE_ELECTION,,61.0,,0,0,0,0,,DEPTH_SNAPSHOT_STREAM,false
558,ELECTION_DAY_PRE_RESULTS,,8.183333,,0,0,0,0,,DEPTH_SNAPSHOT_STREAM,false
558,ACTIVE_RESULTS,,6.0,,0,0,0,0,,DEPTH_SNAPSHOT_STREAM,false
558,LATE_COUNT,,44.816667,,0,0,0,0,,DEPTH_SNAPSHOT_STREAM,false
558,POST_RESOLUTION_DIAGNOSTIC,,,,0,0,0,0,,DEPTH_SNAPSHOT_STREAM,false
559,PRE_ELECTION,,61.0,,0,0,0,0,,DEPTH_SNAPSHOT_STREAM,false
559,ELECTION_DAY_PRE_RESULTS,,8.183333,,0,0,0,0,,DEPTH_SNAPSHOT_STREAM,false
559,ACTIVE_RESULTS,,6.0,,0,0,0,0,,DEPTH_SNAPSHOT_STREAM,false
559,LATE_COUNT,,44.816667,,0,0,0,0,,DEPTH_SNAPSHOT_STREAM,false
559,POST_RESOLUTION_DIAGNOSTIC,,,,0,0,0,0,,DEPTH_SNAPSHOT_STREAM,false
560,PRE_ELECTION,,61.0,,0,0,0,0,,DEPTH_SNAPSHOT_STREAM,false
560,ELECTION_DAY_PRE_RESULTS,,8.183333,,0,0,0,0,,DEPTH_SNAPSHOT_STREAM,false
560,ACTIVE_RESULTS,,6.0,,0,0,0,0,,DEPTH_SNAPSHOT_STREAM,false
560,LATE_COUNT,,44.816667,,0,0,0,0,,DEPTH_SNAPSHOT_STREAM,false
560,POST_RESOLUTION_DIAGNOSTIC,,,,0,0,0,0,,DEPTH_SNAPSHOT_STREAM,false
561,PRE_ELECTION,,61.0,,0,0,0,0,,DEPTH_SNAPSHOT_STREAM,false
561,ELECTION_DAY_PRE_RESULTS,,8.183333,,0,0,0,0,,DEPTH_SNAPSHOT_STREAM,false
561,ACTIVE_RESULTS,,6.0,,0,0,0,0,,DEPTH_SNAPSHOT_STREAM,false
561,LATE_COUNT,,44.816667,,0,0,0,0,,DEPTH_SNAPSHOT_STREAM,false
561,POST_RESOLUTION_DIAGNOSTIC,,,,0,0,0,0,,DEPTH_SNAPSHOT_STREAM,false
562,PRE_ELECTION,,61.0,,0,0,0,0,,DEPTH_SNAPSHOT_STREAM,false
562,ELECTION_DAY_PRE_RESULTS,,8.183333,,0,0,0,0,,DEPTH_SNAPSHOT_STREAM,false
562,ACTIVE_RESULTS,,6.0,,0,0,0,0,,DEPTH_SNAPSHOT_STREAM,false
562,LATE_COUNT,,44.816667,,0,0,0,0,,DEPTH_SNAPSHOT_STREAM,false
562,POST_RESOLUTION_DIAGNOSTIC,,,,0,0,0,0,,DEPTH_SNAPSHOT_STREAM,false
563,PRE_ELECTION,,61.0,,0,0,0,0,,DEPTH_SNAPSHOT_STREAM,false
563,ELECTION_DAY_PRE_RESULTS,,8.183333,,0,0,0,0,,DEPTH_SNAPSHOT_STREAM,false
563,ACTIVE_RESULTS,,6.0,,0,0,0,0,,DEPTH_SNAPSHOT_STREAM,false
563,LATE_COUNT,,44.816667,,0,0,0,0,,DEPTH_SNAPSHOT_STREAM,false
563,POST_RESOLUTION_DIAGNOSTIC,,,,0,0,0,0,,DEPTH_SNAPSHOT_STREAM,false
564,PRE_ELECTION,,61.0,,0,0,0,0,,DEPTH_SNAPSHOT_STREAM,false
564,ELECTION_DAY_PRE_RESULTS,,8.183333,,0,0,0,0,,DEPTH_SNAPSHOT_STREAM,false
564,ACTIVE_RESULTS,,6.0,,0,0,0,0,,DEPTH_SNAPSHOT_STREAM,false
564,LATE_COUNT,,44.816667,,0,0,0,0,,DEPTH_SNAPSHOT_STREAM,false
564,POST_RESOLUTION_DIAGNOSTIC,,,,0,0,0,0,,DEPTH_SNAPSHOT_STREAM,false
565,PRE_ELECTION,,61.0,,0,0,0,0,,DEPTH_SNAPSHOT_STREAM,false
565,ELECTION_DAY_PRE_RESULTS,,8.183333,,0,0,0,0,,DEPTH_SNAPSHOT_STREAM,false
565,ACTIVE_RESULTS,,6.0,,0,0,0,0,,DEPTH_SNAPSHOT_STREAM,false
565,LATE_COUNT,,44.816667,,0,0,0,0,,DEPTH_SNAPSHOT_STREAM,false
565,POST_RESOLUTION_DIAGNOSTIC,,,,0,0,0,0,,DEPTH_SNAPSHOT_STREAM,false
566,PRE_ELECTION,,61.0,,0,0,0,0,,DEPTH_SNAPSHOT_STREAM,false
566,ELECTION_DAY_PRE_RESULTS,,8.183333,,0,0,0,0,,DEPTH_SNAPSHOT_STREAM,false
566,ACTIVE_RESULTS,,6.0,,0,0,0,0,,DEPTH_SNAPSHOT_STREAM,false
566,LATE_COUNT,,44.816667,,0,0,0,0,,DEPTH_SNAPSHOT_STREAM,false
566,POST_RESOLUTION_DIAGNOSTIC,,,,0,0,0,0,,DEPTH_SNAPSHOT_STREAM,false
567,PRE_ELECTION,,61.0,,0,0,0,0,,DEPTH_SNAPSHOT_STREAM,false
567,ELECTION_DAY_PRE_RESULTS,,8.183333,,0,0,0,0,,DEPTH_SNAPSHOT_STREAM,false
567,ACTIVE_RESULTS,,6.0,,0,0,0,0,,DEPTH_SNAPSHOT_STREAM,false
567,LATE_COUNT,,44.816667,,0,0,0,0,,DEPTH_SNAPSHOT_STREAM,false
567,POST_RESOLUTION_DIAGNOSTIC,,,,0,0,0,0,,DEPTH_SNAPSHOT_STREAM,false
568,PRE_ELECTION,,61.0,,0,0,0,0,,DEPTH_SNAPSHOT_STREAM,false
568,ELECTION_DAY_PRE_RESULTS,,8.183333,,0,0,0,0,,DEPTH_SNAPSHOT_STREAM,false
568,ACTIVE_RESULTS,,6.0,,0,0,0,0,,DEPTH_SNAPSHOT_STREAM,false
568,LATE_COUNT,,44.816667,,0,0,0,0,,DEPTH_SNAPSHOT_STREAM,false
568,POST_RESOLUTION_DIAGNOSTIC,,,,0,0,0,0,,DEPTH_SNAPSHOT_STREAM,false
569,PRE_ELECTION,,61.0,,0,0,0,0,,DEPTH_SNAPSHOT_STREAM,false
569,ELECTION_DAY_PRE_RESULTS,,8.183333,,0,0,0,0,,DEPTH_SNAPSHOT_STREAM,false
569,ACTIVE_RESULTS,,6.0,,0,0,0,0,,DEPTH_SNAPSHOT_STREAM,false
569,LATE_COUNT,,44.816667,,0,0,0,0,,DEPTH_SNAPSHOT_STREAM,false
569,POST_RESOLUTION_DIAGNOSTIC,,,,0,0,0,0,,DEPTH_SNAPSHOT_STREAM,false
570,PRE_ELECTION,,61.0,,0,0,0,0,,DEPTH_SNAPSHOT_STREAM,false
570,ELECTION_DAY_PRE_RESULTS,,8.183333,,0,0,0,0,,DEPTH_SNAPSHOT_STREAM,false
570,ACTIVE_RESULTS,,6.0,,0,0,0,0,,DEPTH_SNAPSHOT_STREAM,false
570,LATE_COUNT,,44.816667,,0,0,0,0,,DEPTH_SNAPSHOT_STREAM,false
570,POST_RESOLUTION_DIAGNOSTIC,,,,0,0,0,0,,DEPTH_SNAPSHOT_STREAM,false
571,PRE_ELECTION,,61.0,,0,0,0,0,,DEPTH_SNAPSHOT_STREAM,false
571,ELECTION_DAY_PRE_RESULTS,,8.183333,,0,0,0,0,,DEPTH_SNAPSHOT_STREAM,false
571,ACTIVE_RESULTS,,6.0,,0,0,0,0,,DEPTH_SNAPSHOT_STREAM,false
571,LATE_COUNT,,44.816667,,0,0,0,0,,DEPTH_SNAPSHOT_STREAM,false
571,POST_RESOLUTION_DIAGNOSTIC,,,,0,0,0,0,,DEPTH_SNAPSHOT_STREAM,false
572,PRE_ELECTION,,61.0,,0,0,0,0,,DEPTH_SNAPSHOT_STREAM,false
572,ELECTION_DAY_PRE_RESULTS,,8.183333,,0,0,0,0,,DEPTH_SNAPSHOT_STREAM,false
572,ACTIVE_RESULTS,,6.0,,0,0,0,0,,DEPTH_SNAPSHOT_STREAM,false
572,LATE_COUNT,,44.816667,,0,0,0,0,,DEPTH_SNAPSHOT_STREAM,false
572,POST_RESOLUTION_DIAGNOSTIC,,,,0,0,0,0,,DEPTH_SNAPSHOT_STREAM,false
573,PRE_ELECTION,,61.0,,0,0,0,0,,DEPTH_SNAPSHOT_STREAM,false
573,ELECTION_DAY_PRE_RESULTS,,8.183333,,0,0,0,0,,DEPTH_SNAPSHOT_STREAM,false
573,ACTIVE_RESULTS,,6.0,,0,0,0,0,,DEPTH_SNAPSHOT_STREAM,false
573,LATE_COUNT,,44.816667,,0,0,0,0,,DEPTH_SNAPSHOT_STREAM,false
573,POST_RESOLUTION_DIAGNOSTIC,,,,0,0,0,0,,DEPTH_SNAPSHOT_STREAM,false
574,PRE_ELECTION,,61.0,,0,0,0,0,,DEPTH_SNAPSHOT_STREAM,false
574,ELECTION_DAY_PRE_RESULTS,,8.183333,,0,0,0,0,,DEPTH_SNAPSHOT_STREAM,false
574,ACTIVE_RESULTS,,6.0,,0,0,0,0,,DEPTH_SNAPSHOT_STREAM,false
574,LATE_COUNT,,44.816667,,0,0,0,0,,DEPTH_SNAPSHOT_STREAM,false
574,POST_RESOLUTION_DIAGNOSTIC,,,,0,0,0,0,,DEPTH_SNAPSHOT_STREAM,false
575,PRE_ELECTION,,61.0,,0,0,0,0,,DEPTH_SNAPSHOT_STREAM,false
575,ELECTION_DAY_PRE_RESULTS,,8.183333,,0,0,0,0,,DEPTH_SNAPSHOT_STREAM,false
575,ACTIVE_RESULTS,,6.0,,0,0,0,0,,DEPTH_SNAPSHOT_STREAM,false
575,LATE_COUNT,,44.816667,,0,0,0,0,,DEPTH_SNAPSHOT_STREAM,false
575,POST_RESOLUTION_DIAGNOSTIC,,,,0,0,0,0,,DEPTH_SNAPSHOT_STREAM,false
576,PRE_ELECTION,,61.0,,0,0,0,0,,DEPTH_SNAPSHOT_STREAM,false
576,ELECTION_DAY_PRE_RESULTS,,8.183333,,0,0,0,0,,DEPTH_SNAPSHOT_STREAM,false
576,ACTIVE_RESULTS,,6.0,,0,0,0,0,,DEPTH_SNAPSHOT_STREAM,false
576,LATE_COUNT,,44.816667,,0,0,0,0,,DEPTH_SNAPSHOT_STREAM,false
576,POST_RESOLUTION_DIAGNOSTIC,,,,0,0,0,0,,DEPTH_SNAPSHOT_STREAM,false
577,PRE_ELECTION,,61.0,,0,0,0,0,,DEPTH_SNAPSHOT_STREAM,false
577,ELECTION_DAY_PRE_RESULTS,,8.183333,,0,0,0,0,,DEPTH_SNAPSHOT_STREAM,false
577,ACTIVE_RESULTS,,6.0,,0,0,0,0,,DEPTH_SNAPSHOT_STREAM,false
577,LATE_COUNT,,44.816667,,0,0,0,0,,DEPTH_SNAPSHOT_STREAM,false
577,POST_RESOLUTION_DIAGNOSTIC,,,,0,0,0,0,,DEPTH_SNAPSHOT_STREAM,false
578,PRE_ELECTION,,61.0,,0,0,0,0,,DEPTH_SNAPSHOT_STREAM,false
578,ELECTION_DAY_PRE_RESULTS,,8.183333,,0,0,0,0,,DEPTH_SNAPSHOT_STREAM,false
578,ACTIVE_RESULTS,,6.0,,0,0,0,0,,DEPTH_SNAPSHOT_STREAM,false
578,LATE_COUNT,,44.816667,,0,0,0,0,,DEPTH_SNAPSHOT_STREAM,false
578,POST_RESOLUTION_DIAGNOSTIC,,,,0,0,0,0,,DEPTH_SNAPSHOT_STREAM,false
579,PRE_ELECTION,,61.0,,0,0,0,0,,DEPTH_SNAPSHOT_STREAM,false
579,ELECTION_DAY_PRE_RESULTS,,8.183333,,0,0,0,0,,DEPTH_SNAPSHOT_STREAM,false
579,ACTIVE_RESULTS,,6.0,,0,0,0,0,,DEPTH_SNAPSHOT_STREAM,false
579,LATE_COUNT,,44.816667,,0,0,0,0,,DEPTH_SNAPSHOT_STREAM,false
579,POST_RESOLUTION_DIAGNOSTIC,,,,0,0,0,0,,DEPTH_SNAPSHOT_STREAM,false
580,PRE_ELECTION,,61.0,,0,0,0,0,,DEPTH_SNAPSHOT_STREAM,false
580,ELECTION_DAY_PRE_RESULTS,,8.183333,,0,0,0,0,,DEPTH_SNAPSHOT_STREAM,false
580,ACTIVE_RESULTS,,6.0,,0,0,0,0,,DEPTH_SNAPSHOT_STREAM,false
580,LATE_COUNT,,44.816667,,0,0,0,0,,DEPTH_SNAPSHOT_STREAM,false
580,POST_RESOLUTION_DIAGNOSTIC,,,,0,0,0,0,,DEPTH_SNAPSHOT_STREAM,false
581,PRE_ELECTION,,61.0,,0,0,0,0,,DEPTH_SNAPSHOT_STREAM,false
581,ELECTION_DAY_PRE_RESULTS,,8.183333,,0,0,0,0,,DEPTH_SNAPSHOT_STREAM,false
581,ACTIVE_RESULTS,,6.0,,0,0,0,0,,DEPTH_SNAPSHOT_STREAM,false
581,LATE_COUNT,,44.816667,,0,0,0,0,,DEPTH_SNAPSHOT_STREAM,false
581,POST_RESOLUTION_DIAGNOSTIC,,,,0,0,0,0,,DEPTH_SNAPSHOT_STREAM,false
582,PRE_ELECTION,,61.0,,0,0,0,0,,DEPTH_SNAPSHOT_STREAM,false
582,ELECTION_DAY_PRE_RESULTS,,8.183333,,0,0,0,0,,DEPTH_SNAPSHOT_STREAM,false
582,ACTIVE_RESULTS,,6.0,,0,0,0,0,,DEPTH_SNAPSHOT_STREAM,false
582,LATE_COUNT,,44.816667,,0,0,0,0,,DEPTH_SNAPSHOT_STREAM,false
582,POST_RESOLUTION_DIAGNOSTIC,,,,0,0,0,0,,DEPTH_SNAPSHOT_STREAM,false
583,PRE_ELECTION,,61.0,,0,0,0,0,,DEPTH_SNAPSHOT_STREAM,false
583,ELECTION_DAY_PRE_RESULTS,,8.183333,,0,0,0,0,,DEPTH_SNAPSHOT_STREAM,false
583,ACTIVE_RESULTS,,6.0,,0,0,0,0,,DEPTH_SNAPSHOT_STREAM,false
583,LATE_COUNT,,44.816667,,0,0,0,0,,DEPTH_SNAPSHOT_STREAM,false
583,POST_RESOLUTION_DIAGNOSTIC,,,,0,0,0,0,,DEPTH_SNAPSHOT_STREAM,false
584,PRE_ELECTION,,61.0,,0,0,0,0,,DEPTH_SNAPSHOT_STREAM,false
584,ELECTION_DAY_PRE_RESULTS,,8.183333,,0,0,0,0,,DEPTH_SNAPSHOT_STREAM,false
584,ACTIVE_RESULTS,,6.0,,0,0,0,0,,DEPTH_SNAPSHOT_STREAM,false
584,LATE_COUNT,,44.816667,,0,0,0,0,,DEPTH_SNAPSHOT_STREAM,false
584,POST_RESOLUTION_DIAGNOSTIC,,,,0,0,0,0,,DEPTH_SNAPSHOT_STREAM,false
585,PRE_ELECTION,,61.0,,0,0,0,0,,DEPTH_SNAPSHOT_STREAM,false
585,ELECTION_DAY_PRE_RESULTS,,8.183333,,0,0,0,0,,DEPTH_SNAPSHOT_STREAM,false
585,ACTIVE_RESULTS,,6.0,,0,0,0,0,,DEPTH_SNAPSHOT_STREAM,false
585,LATE_COUNT,,44.816667,,0,0,0,0,,DEPTH_SNAPSHOT_STREAM,false
585,POST_RESOLUTION_DIAGNOSTIC,,,,0,0,0,0,,DEPTH_SNAPSHOT_STREAM,false
586,PRE_ELECTION,,61.0,,0,0,0,0,,DEPTH_SNAPSHOT_STREAM,false
586,ELECTION_DAY_PRE_RESULTS,,8.183333,,0,0,0,0,,DEPTH_SNAPSHOT_STREAM,false
586,ACTIVE_RESULTS,,6.0,,0,0,0,0,,DEPTH_SNAPSHOT_STREAM,false
586,LATE_COUNT,,44.816667,,0,0,0,0,,DEPTH_SNAPSHOT_STREAM,false
586,POST_RESOLUTION_DIAGNOSTIC,,,,0,0,0,0,,DEPTH_SNAPSHOT_STREAM,false
587,PRE_ELECTION,,61.0,,0,0,0,0,,DEPTH_SNAPSHOT_STREAM,false
587,ELECTION_DAY_PRE_RESULTS,,8.183333,,0,0,0,0,,DEPTH_SNAPSHOT_STREAM,false
587,ACTIVE_RESULTS,,6.0,,0,0,0,0,,DEPTH_SNAPSHOT_STREAM,false
587,LATE_COUNT,,44.816667,,0,0,0,0,,DEPTH_SNAPSHOT_STREAM,false
587,POST_RESOLUTION_DIAGNOSTIC,,,,0,0,0,0,,DEPTH_SNAPSHOT_STREAM,false
588,PRE_ELECTION,,61.0,,0,0,0,0,,DEPTH_SNAPSHOT_STREAM,false
588,ELECTION_DAY_PRE_RESULTS,,8.183333,,0,0,0,0,,DEPTH_SNAPSHOT_STREAM,false
588,ACTIVE_RESULTS,,6.0,,0,0,0,0,,DEPTH_SNAPSHOT_STREAM,false
588,LATE_COUNT,,44.816667,,0,0,0,0,,DEPTH_SNAPSHOT_STREAM,false
588,POST_RESOLUTION_DIAGNOSTIC,,,,0,0,0,0,,DEPTH_SNAPSHOT_STREAM,false
589,PRE_ELECTION,,61.0,,0,0,0,0,,DEPTH_SNAPSHOT_STREAM,false
589,ELECTION_DAY_PRE_RESULTS,,8.183333,,0,0,0,0,,DEPTH_SNAPSHOT_STREAM,false
589,ACTIVE_RESULTS,,6.0,,0,0,0,0,,DEPTH_SNAPSHOT_STREAM,false
589,LATE_COUNT,,44.816667,,0,0,0,0,,DEPTH_SNAPSHOT_STREAM,false
589,POST_RESOLUTION_DIAGNOSTIC,,,,0,0,0,0,,DEPTH_SNAPSHOT_STREAM,false
590,PRE_ELECTION,,61.0,,0,0,0,0,,DEPTH_SNAPSHOT_STREAM,false
590,ELECTION_DAY_PRE_RESULTS,,8.183333,,0,0,0,0,,DEPTH_SNAPSHOT_STREAM,false
590,ACTIVE_RESULTS,,6.0,,0,0,0,0,,DEPTH_SNAPSHOT_STREAM,false
590,LATE_COUNT,,44.816667,,0,0,0,0,,DEPTH_SNAPSHOT_STREAM,false
590,POST_RESOLUTION_DIAGNOSTIC,,,,0,0,0,0,,DEPTH_SNAPSHOT_STREAM,false
591,PRE_ELECTION,,61.0,,0,0,0,0,,DEPTH_SNAPSHOT_STREAM,false
591,ELECTION_DAY_PRE_RESULTS,,8.183333,,0,0,0,0,,DEPTH_SNAPSHOT_STREAM,false
591,ACTIVE_RESULTS,,6.0,,0,0,0,0,,DEPTH_SNAPSHOT_STREAM,false
591,LATE_COUNT,,44.816667,,0,0,0,0,,DEPTH_SNAPSHOT_STREAM,false
591,POST_RESOLUTION_DIAGNOSTIC,,,,0,0,0,0,,DEPTH_SNAPSHOT_STREAM,false
592,PRE_ELECTION,,61.0,,0,0,0,0,,DEPTH_SNAPSHOT_STREAM,false
592,ELECTION_DAY_PRE_RESULTS,,8.183333,,0,0,0,0,,DEPTH_SNAPSHOT_STREAM,false
592,ACTIVE_RESULTS,,6.0,,0,0,0,0,,DEPTH_SNAPSHOT_STREAM,false
592,LATE_COUNT,,44.816667,,0,0,0,0,,DEPTH_SNAPSHOT_STREAM,false
592,POST_RESOLUTION_DIAGNOSTIC,,,,0,0,0,0,,DEPTH_SNAPSHOT_STREAM,false
593,PRE_ELECTION,,61.0,,0,0,0,0,,DEPTH_SNAPSHOT_STREAM,false
593,ELECTION_DAY_PRE_RESULTS,,8.183333,,0,0,0,0,,DEPTH_SNAPSHOT_STREAM,false
593,ACTIVE_RESULTS,,6.0,,0,0,0,0,,DEPTH_SNAPSHOT_STREAM,false
593,LATE_COUNT,,44.816667,,0,0,0,0,,DEPTH_SNAPSHOT_STREAM,false
593,POST_RESOLUTION_DIAGNOSTIC,,,,0,0,0,0,,DEPTH_SNAPSHOT_STREAM,false
594,PRE_ELECTION,,61.0,,0,0,0,0,,DEPTH_SNAPSHOT_STREAM,false
594,ELECTION_DAY_PRE_RESULTS,,8.183333,,0,0,0,0,,DEPTH_SNAPSHOT_STREAM,false
594,ACTIVE_RESULTS,,6.0,,0,0,0,0,,DEPTH_SNAPSHOT_STREAM,false
594,LATE_COUNT,,44.816667,,0,0,0,0,,DEPTH_SNAPSHOT_STREAM,false
594,POST_RESOLUTION_DIAGNOSTIC,,,,0,0,0,0,,DEPTH_SNAPSHOT_STREAM,false
595,PRE_ELECTION,,61.0,,0,0,0,0,,DEPTH_SNAPSHOT_STREAM,false
595,ELECTION_DAY_PRE_RESULTS,,8.183333,,0,0,0,0,,DEPTH_SNAPSHOT_STREAM,false
595,ACTIVE_RESULTS,,6.0,,0,0,0,0,,DEPTH_SNAPSHOT_STREAM,false
595,LATE_COUNT,,44.816667,,0,0,0,0,,DEPTH_SNAPSHOT_STREAM,false
595,POST_RESOLUTION_DIAGNOSTIC,,,,0,0,0,0,,DEPTH_SNAPSHOT_STREAM,false
596,PRE_ELECTION,,61.0,,0,0,0,0,,DEPTH_SNAPSHOT_STREAM,false
596,ELECTION_DAY_PRE_RESULTS,,8.183333,,0,0,0,0,,DEPTH_SNAPSHOT_STREAM,false
596,ACTIVE_RESULTS,,6.0,,0,0,0,0,,DEPTH_SNAPSHOT_STREAM,false
596,LATE_COUNT,,44.816667,,0,0,0,0,,DEPTH_SNAPSHOT_STREAM,false
596,POST_RESOLUTION_DIAGNOSTIC,,,,0,0,0,0,,DEPTH_SNAPSHOT_STREAM,false
597,PRE_ELECTION,,61.0,,0,0,0,0,,DEPTH_SNAPSHOT_STREAM,false
597,ELECTION_DAY_PRE_RESULTS,,8.183333,,0,0,0,0,,DEPTH_SNAPSHOT_STREAM,false
597,ACTIVE_RESULTS,,6.0,,0,0,0,0,,DEPTH_SNAPSHOT_STREAM,false
597,LATE_COUNT,,44.816667,,0,0,0,0,,DEPTH_SNAPSHOT_STREAM,false
597,POST_RESOLUTION_DIAGNOSTIC,,,,0,0,0,0,,DEPTH_SNAPSHOT_STREAM,false
598,PRE_ELECTION,,61.0,,0,0,0,0,,DEPTH_SNAPSHOT_STREAM,false
598,ELECTION_DAY_PRE_RESULTS,,8.183333,,0,0,0,0,,DEPTH_SNAPSHOT_STREAM,false
598,ACTIVE_RESULTS,,6.0,,0,0,0,0,,DEPTH_SNAPSHOT_STREAM,false
598,LATE_COUNT,,44.816667,,0,0,0,0,,DEPTH_SNAPSHOT_STREAM,false
598,POST_RESOLUTION_DIAGNOSTIC,,,,0,0,0,0,,DEPTH_SNAPSHOT_STREAM,false
599,PRE_ELECTION,,61.0,,0,0,0,0,,DEPTH_SNAPSHOT_STREAM,false
599,ELECTION_DAY_PRE_RESULTS,,8.183333,,0,0,0,0,,DEPTH_SNAPSHOT_STREAM,false
599,ACTIVE_RESULTS,,6.0,,0,0,0,0,,DEPTH_SNAPSHOT_STREAM,false
599,LATE_COUNT,,44.816667,,0,0,0,0,,DEPTH_SNAPSHOT_STREAM,false
599,POST_RESOLUTION_DIAGNOSTIC,,,,0,0,0,0,,DEPTH_SNAPSHOT_STREAM,false
600,PRE_ELECTION,,61.0,,0,0,0,0,,DEPTH_SNAPSHOT_STREAM,false
600,ELECTION_DAY_PRE_RESULTS,,8.183333,,0,0,0,0,,DEPTH_SNAPSHOT_STREAM,false
600,ACTIVE_RESULTS,,6.0,,0,0,0,0,,DEPTH_SNAPSHOT_STREAM,false
600,LATE_COUNT,,44.816667,,0,0,0,0,,DEPTH_SNAPSHOT_STREAM,false
600,POST_RESOLUTION_DIAGNOSTIC,,,,0,0,0,0,,DEPTH_SNAPSHOT_STREAM,false
601,PRE_ELECTION,,61.0,,0,0,0,0,,DEPTH_SNAPSHOT_STREAM,false
601,ELECTION_DAY_PRE_RESULTS,,8.183333,,0,0,0,0,,DEPTH_SNAPSHOT_STREAM,false
601,ACTIVE_RESULTS,,6.0,,0,0,0,0,,DEPTH_SNAPSHOT_STREAM,false
601,LATE_COUNT,,44.816667,,0,0,0,0,,DEPTH_SNAPSHOT_STREAM,false
601,POST_RESOLUTION_DIAGNOSTIC,,,,0,0,0,0,,DEPTH_SNAPSHOT_STREAM,false
602,PRE_ELECTION,,61.0,,0,0,0,0,,DEPTH_SNAPSHOT_STREAM,false
602,ELECTION_DAY_PRE_RESULTS,,8.183333,,0,0,0,0,,DEPTH_SNAPSHOT_STREAM,false
602,ACTIVE_RESULTS,,6.0,,0,0,0,0,,DEPTH_SNAPSHOT_STREAM,false
602,LATE_COUNT,,44.816667,,0,0,0,0,,DEPTH_SNAPSHOT_STREAM,false
602,POST_RESOLUTION_DIAGNOSTIC,,,,0,0,0,0,,DEPTH_SNAPSHOT_STREAM,false
603,PRE_ELECTION,,61.0,,0,0,0,0,,DEPTH_SNAPSHOT_STREAM,false
603,ELECTION_DAY_PRE_RESULTS,,8.183333,,0,0,0,0,,DEPTH_SNAPSHOT_STREAM,false
603,ACTIVE_RESULTS,,6.0,,0,0,0,0,,DEPTH_SNAPSHOT_STREAM,false
603,LATE_COUNT,,44.816667,,0,0,0,0,,DEPTH_SNAPSHOT_STREAM,false
603,POST_RESOLUTION_DIAGNOSTIC,,,,0,0,0,0,,DEPTH_SNAPSHOT_STREAM,false
604,PRE_ELECTION,,61.0,,0,0,0,0,,DEPTH_SNAPSHOT_STREAM,false
604,ELECTION_DAY_PRE_RESULTS,,8.183333,,0,0,0,0,,DEPTH_SNAPSHOT_STREAM,false
604,ACTIVE_RESULTS,,6.0,,0,0,0,0,,DEPTH_SNAPSHOT_STREAM,false
604,LATE_COUNT,,44.816667,,0,0,0,0,,DEPTH_SNAPSHOT_STREAM,false
604,POST_RESOLUTION_DIAGNOSTIC,,,,0,0,0,0,,DEPTH_SNAPSHOT_STREAM,false
605,PRE_ELECTION,,61.0,,0,0,0,0,,DEPTH_SNAPSHOT_STREAM,false
605,ELECTION_DAY_PRE_RESULTS,,8.183333,,0,0,0,0,,DEPTH_SNAPSHOT_STREAM,false
605,ACTIVE_RESULTS,,6.0,,0,0,0,0,,DEPTH_SNAPSHOT_STREAM,false
605,LATE_COUNT,,44.816667,,0,0,0,0,,DEPTH_SNAPSHOT_STREAM,false
605,POST_RESOLUTION_DIAGNOSTIC,,,,0,0,0,0,,DEPTH_SNAPSHOT_STREAM,false
606,PRE_ELECTION,,61.0,,0,0,0,0,,DEPTH_SNAPSHOT_STREAM,false
606,ELECTION_DAY_PRE_RESULTS,,8.183333,,0,0,0,0,,DEPTH_SNAPSHOT_STREAM,false
606,ACTIVE_RESULTS,,6.0,,0,0,0,0,,DEPTH_SNAPSHOT_STREAM,false
606,LATE_COUNT,,44.816667,,0,0,0,0,,DEPTH_SNAPSHOT_STREAM,false
606,POST_RESOLUTION_DIAGNOSTIC,,,,0,0,0,0,,DEPTH_SNAPSHOT_STREAM,false
607,PRE_ELECTION,,61.0,,0,0,0,0,,DEPTH_SNAPSHOT_STREAM,false
607,ELECTION_DAY_PRE_RESULTS,,8.183333,,0,0,0,0,,DEPTH_SNAPSHOT_STREAM,false
607,ACTIVE_RESULTS,,6.0,,0,0,0,0,,DEPTH_SNAPSHOT_STREAM,false
607,LATE_COUNT,,44.816667,,0,0,0,0,,DEPTH_SNAPSHOT_STREAM,false
607,POST_RESOLUTION_DIAGNOSTIC,,,,0,0,0,0,,DEPTH_SNAPSHOT_STREAM,false
608,PRE_ELECTION,,61.0,,0,0,0,0,,DEPTH_SNAPSHOT_STREAM,false
608,ELECTION_DAY_PRE_RESULTS,,8.183333,,0,0,0,0,,DEPTH_SNAPSHOT_STREAM,false
608,ACTIVE_RESULTS,,6.0,,0,0,0,0,,DEPTH_SNAPSHOT_STREAM,false
608,LATE_COUNT,,44.816667,,0,0,0,0,,DEPTH_SNAPSHOT_STREAM,false
608,POST_RESOLUTION_DIAGNOSTIC,,,,0,0,0,0,,DEPTH_SNAPSHOT_STREAM,false
609,PRE_ELECTION,,61.0,,0,0,0,0,,DEPTH_SNAPSHOT_STREAM,false
609,ELECTION_DAY_PRE_RESULTS,,8.183333,,0,0,0,0,,DEPTH_SNAPSHOT_STREAM,false
609,ACTIVE_RESULTS,,6.0,,0,0,0,0,,DEPTH_SNAPSHOT_STREAM,false
609,LATE_COUNT,,44.816667,,0,0,0,0,,DEPTH_SNAPSHOT_STREAM,false
609,POST_RESOLUTION_DIAGNOSTIC,,,,0,0,0,0,,DEPTH_SNAPSHOT_STREAM,false
610,PRE_ELECTION,,61.0,,0,0,0,0,,DEPTH_SNAPSHOT_STREAM,false
610,ELECTION_DAY_PRE_RESULTS,,8.183333,,0,0,0,0,,DEPTH_SNAPSHOT_STREAM,false
610,ACTIVE_RESULTS,,6.0,,0,0,0,0,,DEPTH_SNAPSHOT_STREAM,false
610,LATE_COUNT,,44.816667,,0,0,0,0,,DEPTH_SNAPSHOT_STREAM,false
610,POST_RESOLUTION_DIAGNOSTIC,,,,0,0,0,0,,DEPTH_SNAPSHOT_STREAM,false
611,PRE_ELECTION,,61.0,,0,0,0,0,,DEPTH_SNAPSHOT_STREAM,false
611,ELECTION_DAY_PRE_RESULTS,,8.183333,,0,0,0,0,,DEPTH_SNAPSHOT_STREAM,false
611,ACTIVE_RESULTS,,6.0,,0,0,0,0,,DEPTH_SNAPSHOT_STREAM,false
611,LATE_COUNT,,44.816667,,0,0,0,0,,DEPTH_SNAPSHOT_STREAM,false
611,POST_RESOLUTION_DIAGNOSTIC,,,,0,0,0,0,,DEPTH_SNAPSHOT_STREAM,false
612,PRE_ELECTION,,61.0,,0,0,0,0,,DEPTH_SNAPSHOT_STREAM,false
612,ELECTION_DAY_PRE_RESULTS,,8.183333,,0,0,0,0,,DEPTH_SNAPSHOT_STREAM,false
612,ACTIVE_RESULTS,,6.0,,0,0,0,0,,DEPTH_SNAPSHOT_STREAM,false
612,LATE_COUNT,,44.816667,,0,0,0,0,,DEPTH_SNAPSHOT_STREAM,false
612,POST_RESOLUTION_DIAGNOSTIC,,,,0,0,0,0,,DEPTH_SNAPSHOT_STREAM,false
613,PRE_ELECTION,,61.0,,0,0,0,0,,DEPTH_SNAPSHOT_STREAM,false
613,ELECTION_DAY_PRE_RESULTS,,8.183333,,0,0,0,0,,DEPTH_SNAPSHOT_STREAM,false
613,ACTIVE_RESULTS,,6.0,,0,0,0,0,,DEPTH_SNAPSHOT_STREAM,false
613,LATE_COUNT,,44.816667,,0,0,0,0,,DEPTH_SNAPSHOT_STREAM,false
613,POST_RESOLUTION_DIAGNOSTIC,,,,0,0,0,0,,DEPTH_SNAPSHOT_STREAM,false
614,PRE_ELECTION,,61.0,,0,0,0,0,,DEPTH_SNAPSHOT_STREAM,false
614,ELECTION_DAY_PRE_RESULTS,,8.183333,,0,0,0,0,,DEPTH_SNAPSHOT_STREAM,false
614,ACTIVE_RESULTS,,6.0,,0,0,0,0,,DEPTH_SNAPSHOT_STREAM,false
614,LATE_COUNT,,44.816667,,0,0,0,0,,DEPTH_SNAPSHOT_STREAM,false
614,POST_RESOLUTION_DIAGNOSTIC,,,,0,0,0,0,,DEPTH_SNAPSHOT_STREAM,false
615,PRE_ELECTION,,61.0,,0,0,0,0,,DEPTH_SNAPSHOT_STREAM,false
615,ELECTION_DAY_PRE_RESULTS,,8.183333,,0,0,0,0,,DEPTH_SNAPSHOT_STREAM,false
615,ACTIVE_RESULTS,,6.0,,0,0,0,0,,DEPTH_SNAPSHOT_STREAM,false
615,LATE_COUNT,,44.816667,,0,0,0,0,,DEPTH_SNAPSHOT_STREAM,false
615,POST_RESOLUTION_DIAGNOSTIC,,,,0,0,0,0,,DEPTH_SNAPSHOT_STREAM,false
616,PRE_ELECTION,,61.0,,0,0,0,0,,DEPTH_SNAPSHOT_STREAM,false
616,ELECTION_DAY_PRE_RESULTS,,8.183333,,0,0,0,0,,DEPTH_SNAPSHOT_STREAM,false
616,ACTIVE_RESULTS,,6.0,,0,0,0,0,,DEPTH_SNAPSHOT_STREAM,false
616,LATE_COUNT,,44.816667,,0,0,0,0,,DEPTH_SNAPSHOT_STREAM,false
616,POST_RESOLUTION_DIAGNOSTIC,,,,0,0,0,0,,DEPTH_SNAPSHOT_STREAM,false
617,PRE_ELECTION,,61.0,,0,0,0,0,,DEPTH_SNAPSHOT_STREAM,false
617,ELECTION_DAY_PRE_RESULTS,,8.183333,,0,0,0,0,,DEPTH_SNAPSHOT_STREAM,false
617,ACTIVE_RESULTS,,6.0,,0,0,0,0,,DEPTH_SNAPSHOT_STREAM,false
617,LATE_COUNT,,44.816667,,0,0,0,0,,DEPTH_SNAPSHOT_STREAM,false
617,POST_RESOLUTION_DIAGNOSTIC,,,,0,0,0,0,,DEPTH_SNAPSHOT_STREAM,false
618,PRE_ELECTION,,61.0,,0,0,0,0,,DEPTH_SNAPSHOT_STREAM,false
618,ELECTION_DAY_PRE_RESULTS,,8.183333,,0,0,0,0,,DEPTH_SNAPSHOT_STREAM,false
618,ACTIVE_RESULTS,,6.0,,0,0,0,0,,DEPTH_SNAPSHOT_STREAM,false
618,LATE_COUNT,,44.816667,,0,0,0,0,,DEPTH_SNAPSHOT_STREAM,false
618,POST_RESOLUTION_DIAGNOSTIC,,,,0,0,0,0,,DEPTH_SNAPSHOT_STREAM,false
619,PRE_ELECTION,,61.0,,0,0,0,0,,DEPTH_SNAPSHOT_STREAM,false
619,ELECTION_DAY_PRE_RESULTS,,8.183333,,0,0,0,0,,DEPTH_SNAPSHOT_STREAM,false
619,ACTIVE_RESULTS,,6.0,,0,0,0,0,,DEPTH_SNAPSHOT_STREAM,false
619,LATE_COUNT,,44.816667,,0,0,0,0,,DEPTH_SNAPSHOT_STREAM,false
619,POST_RESOLUTION_DIAGNOSTIC,,,,0,0,0,0,,DEPTH_SNAPSHOT_STREAM,false
620,PRE_ELECTION,,61.0,,0,0,0,0,,DEPTH_SNAPSHOT_STREAM,false
620,ELECTION_DAY_PRE_RESULTS,,8.183333,,0,0,0,0,,DEPTH_SNAPSHOT_STREAM,false
620,ACTIVE_RESULTS,,6.0,,0,0,0,0,,DEPTH_SNAPSHOT_STREAM,false
620,LATE_COUNT,,44.816667,,0,0,0,0,,DEPTH_SNAPSHOT_STREAM,false
620,POST_RESOLUTION_DIAGNOSTIC,,,,0,0,0,0,,DEPTH_SNAPSHOT_STREAM,false
621,PRE_ELECTION,,61.0,,0,0,0,0,,DEPTH_SNAPSHOT_STREAM,false
621,ELECTION_DAY_PRE_RESULTS,,8.183333,,0,0,0,0,,DEPTH_SNAPSHOT_STREAM,false
621,ACTIVE_RESULTS,,6.0,,0,0,0,0,,DEPTH_SNAPSHOT_STREAM,false
621,LATE_COUNT,,44.816667,,0,0,0,0,,DEPTH_SNAPSHOT_STREAM,false
621,POST_RESOLUTION_DIAGNOSTIC,,,,0,0,0,0,,DEPTH_SNAPSHOT_STREAM,false
622,PRE_ELECTION,,61.0,,0,0,0,0,,DEPTH_SNAPSHOT_STREAM,false
622,ELECTION_DAY_PRE_RESULTS,,8.183333,,0,0,0,0,,DEPTH_SNAPSHOT_STREAM,false
622,ACTIVE_RESULTS,,6.0,,0,0,0,0,,DEPTH_SNAPSHOT_STREAM,false
622,LATE_COUNT,,44.816667,,0,0,0,0,,DEPTH_SNAPSHOT_STREAM,false
622,POST_RESOLUTION_DIAGNOSTIC,,,,0,0,0,0,,DEPTH_SNAPSHOT_STREAM,false
623,PRE_ELECTION,,61.0,,0,0,0,0,,DEPTH_SNAPSHOT_STREAM,false
623,ELECTION_DAY_PRE_RESULTS,,8.183333,,0,0,0,0,,DEPTH_SNAPSHOT_STREAM,false
623,ACTIVE_RESULTS,,6.0,,0,0,0,0,,DEPTH_SNAPSHOT_STREAM,false
623,LATE_COUNT,,44.816667,,0,0,0,0,,DEPTH_SNAPSHOT_STREAM,false
623,POST_RESOLUTION_DIAGNOSTIC,,,,0,0,0,0,,DEPTH_SNAPSHOT_STREAM,false
624,PRE_ELECTION,,61.0,,0,0,0,0,,DEPTH_SNAPSHOT_STREAM,false
624,ELECTION_DAY_PRE_RESULTS,,8.183333,,0,0,0,0,,DEPTH_SNAPSHOT_STREAM,false
624,ACTIVE_RESULTS,,6.0,,0,0,0,0,,DEPTH_SNAPSHOT_STREAM,false
624,LATE_COUNT,,44.816667,,0,0,0,0,,DEPTH_SNAPSHOT_STREAM,false
624,POST_RESOLUTION_DIAGNOSTIC,,,,0,0,0,0,,DEPTH_SNAPSHOT_STREAM,false
625,PRE_ELECTION,,61.0,,0,0,0,0,,DEPTH_SNAPSHOT_STREAM,false
625,ELECTION_DAY_PRE_RESULTS,,8.183333,,0,0,0,0,,DEPTH_SNAPSHOT_STREAM,false
625,ACTIVE_RESULTS,,6.0,,0,0,0,0,,DEPTH_SNAPSHOT_STREAM,false
625,LATE_COUNT,,44.816667,,0,0,0,0,,DEPTH_SNAPSHOT_STREAM,false
625,POST_RESOLUTION_DIAGNOSTIC,,,,0,0,0,0,,DEPTH_SNAPSHOT_STREAM,false
626,PRE_ELECTION,,61.0,,0,0,0,0,,DEPTH_SNAPSHOT_STREAM,false
626,ELECTION_DAY_PRE_RESULTS,,8.183333,,0,0,0,0,,DEPTH_SNAPSHOT_STREAM,false
626,ACTIVE_RESULTS,,6.0,,0,0,0,0,,DEPTH_SNAPSHOT_STREAM,false
626,LATE_COUNT,,44.816667,,0,0,0,0,,DEPTH_SNAPSHOT_STREAM,false
626,POST_RESOLUTION_DIAGNOSTIC,,,,0,0,0,0,,DEPTH_SNAPSHOT_STREAM,false
627,PRE_ELECTION,,61.0,,0,0,0,0,,DEPTH_SNAPSHOT_STREAM,false
627,ELECTION_DAY_PRE_RESULTS,,8.183333,,0,0,0,0,,DEPTH_SNAPSHOT_STREAM,false
627,ACTIVE_RESULTS,,6.0,,0,0,0,0,,DEPTH_SNAPSHOT_STREAM,false
627,LATE_COUNT,,44.816667,,0,0,0,0,,DEPTH_SNAPSHOT_STREAM,false
627,POST_RESOLUTION_DIAGNOSTIC,,,,0,0,0,0,,DEPTH_SNAPSHOT_STREAM,false
628,PRE_ELECTION,,61.0,,0,0,0,0,,DEPTH_SNAPSHOT_STREAM,false
628,ELECTION_DAY_PRE_RESULTS,,8.183333,,0,0,0,0,,DEPTH_SNAPSHOT_STREAM,false
628,ACTIVE_RESULTS,,6.0,,0,0,0,0,,DEPTH_SNAPSHOT_STREAM,false
628,LATE_COUNT,,44.816667,,0,0,0,0,,DEPTH_SNAPSHOT_STREAM,false
628,POST_RESOLUTION_DIAGNOSTIC,,,,0,0,0,0,,DEPTH_SNAPSHOT_STREAM,false
629,PRE_ELECTION,,61.0,,0,0,0,0,,DEPTH_SNAPSHOT_STREAM,false
629,ELECTION_DAY_PRE_RESULTS,,8.183333,,0,0,0,0,,DEPTH_SNAPSHOT_STREAM,false
629,ACTIVE_RESULTS,,6.0,,0,0,0,0,,DEPTH_SNAPSHOT_STREAM,false
629,LATE_COUNT,,44.816667,,0,0,0,0,,DEPTH_SNAPSHOT_STREAM,false
629,POST_RESOLUTION_DIAGNOSTIC,,,,0,0,0,0,,DEPTH_SNAPSHOT_STREAM,false
630,PRE_ELECTION,,61.0,,0,0,0,0,,DEPTH_SNAPSHOT_STREAM,false
630,ELECTION_DAY_PRE_RESULTS,,8.183333,,0,0,0,0,,DEPTH_SNAPSHOT_STREAM,false
630,ACTIVE_RESULTS,,6.0,,0,0,0,0,,DEPTH_SNAPSHOT_STREAM,false
630,LATE_COUNT,,44.816667,,0,0,0,0,,DEPTH_SNAPSHOT_STREAM,false
630,POST_RESOLUTION_DIAGNOSTIC,,,,0,0,0,0,,DEPTH_SNAPSHOT_STREAM,false
631,PRE_ELECTION,,61.0,,0,0,0,0,,DEPTH_SNAPSHOT_STREAM,false
631,ELECTION_DAY_PRE_RESULTS,,8.183333,,0,0,0,0,,DEPTH_SNAPSHOT_STREAM,false
631,ACTIVE_RESULTS,,6.0,,0,0,0,0,,DEPTH_SNAPSHOT_STREAM,false
631,LATE_COUNT,,44.816667,,0,0,0,0,,DEPTH_SNAPSHOT_STREAM,false
631,POST_RESOLUTION_DIAGNOSTIC,,,,0,0,0,0,,DEPTH_SNAPSHOT_STREAM,false
632,PRE_ELECTION,,61.0,,0,0,0,0,,DEPTH_SNAPSHOT_STREAM,false
632,ELECTION_DAY_PRE_RESULTS,,8.183333,,0,0,0,0,,DEPTH_SNAPSHOT_STREAM,false
632,ACTIVE_RESULTS,,6.0,,0,0,0,0,,DEPTH_SNAPSHOT_STREAM,false
632,LATE_COUNT,,44.816667,,0,0,0,0,,DEPTH_SNAPSHOT_STREAM,false
632,POST_RESOLUTION_DIAGNOSTIC,,,,0,0,0,0,,DEPTH_SNAPSHOT_STREAM,false
633,PRE_ELECTION,,61.0,,0,0,0,0,,DEPTH_SNAPSHOT_STREAM,false
633,ELECTION_DAY_PRE_RESULTS,,8.183333,,0,0,0,0,,DEPTH_SNAPSHOT_STREAM,false
633,ACTIVE_RESULTS,,6.0,,0,0,0,0,,DEPTH_SNAPSHOT_STREAM,false
633,LATE_COUNT,,44.816667,,0,0,0,0,,DEPTH_SNAPSHOT_STREAM,false
633,POST_RESOLUTION_DIAGNOSTIC,,,,0,0,0,0,,DEPTH_SNAPSHOT_STREAM,false
634,PRE_ELECTION,,61.0,,0,0,0,0,,DEPTH_SNAPSHOT_STREAM,false
634,ELECTION_DAY_PRE_RESULTS,,8.183333,,0,0,0,0,,DEPTH_SNAPSHOT_STREAM,false
634,ACTIVE_RESULTS,,6.0,,0,0,0,0,,DEPTH_SNAPSHOT_STREAM,false
634,LATE_COUNT,,44.816667,,0,0,0,0,,DEPTH_SNAPSHOT_STREAM,false
634,POST_RESOLUTION_DIAGNOSTIC,,,,0,0,0,0,,DEPTH_SNAPSHOT_STREAM,false
635,PRE_ELECTION,,61.0,,0,0,0,0,,DEPTH_SNAPSHOT_STREAM,false
635,ELECTION_DAY_PRE_RESULTS,,8.183333,,0,0,0,0,,DEPTH_SNAPSHOT_STREAM,false
635,ACTIVE_RESULTS,,6.0,,0,0,0,0,,DEPTH_SNAPSHOT_STREAM,false
635,LATE_COUNT,,44.816667,,0,0,0,0,,DEPTH_SNAPSHOT_STREAM,false
635,POST_RESOLUTION_DIAGNOSTIC,,,,0,0,0,0,,DEPTH_SNAPSHOT_STREAM,false
636,PRE_ELECTION,,61.0,,0,0,0,0,,DEPTH_SNAPSHOT_STREAM,false
636,ELECTION_DAY_PRE_RESULTS,,8.183333,,0,0,0,0,,DEPTH_SNAPSHOT_STREAM,false
636,ACTIVE_RESULTS,,6.0,,0,0,0,0,,DEPTH_SNAPSHOT_STREAM,false
636,LATE_COUNT,,44.816667,,0,0,0,0,,DEPTH_SNAPSHOT_STREAM,false
636,POST_RESOLUTION_DIAGNOSTIC,,,,0,0,0,0,,DEPTH_SNAPSHOT_STREAM,false
637,PRE_ELECTION,,61.0,,0,0,0,0,,DEPTH_SNAPSHOT_STREAM,false
637,ELECTION_DAY_PRE_RESULTS,,8.183333,,0,0,0,0,,DEPTH_SNAPSHOT_STREAM,false
637,ACTIVE_RESULTS,,6.0,,0,0,0,0,,DEPTH_SNAPSHOT_STREAM,false
637,LATE_COUNT,,44.816667,,0,0,0,0,,DEPTH_SNAPSHOT_STREAM,false
637,POST_RESOLUTION_DIAGNOSTIC,,,,0,0,0,0,,DEPTH_SNAPSHOT_STREAM,false
638,PRE_ELECTION,,61.0,,0,0,0,0,,DEPTH_SNAPSHOT_STREAM,false
638,ELECTION_DAY_PRE_RESULTS,,8.183333,,0,0,0,0,,DEPTH_SNAPSHOT_STREAM,false
638,ACTIVE_RESULTS,,6.0,,0,0,0,0,,DEPTH_SNAPSHOT_STREAM,false
638,LATE_COUNT,,44.816667,,0,0,0,0,,DEPTH_SNAPSHOT_STREAM,false
638,POST_RESOLUTION_DIAGNOSTIC,,,,0,0,0,0,,DEPTH_SNAPSHOT_STREAM,false
639,PRE_ELECTION,,61.0,,0,0,0,0,,DEPTH_SNAPSHOT_STREAM,false
639,ELECTION_DAY_PRE_RESULTS,,8.183333,,0,0,0,0,,DEPTH_SNAPSHOT_STREAM,false
639,ACTIVE_RESULTS,,6.0,,0,0,0,0,,DEPTH_SNAPSHOT_STREAM,false
639,LATE_COUNT,,44.816667,,0,0,0,0,,DEPTH_SNAPSHOT_STREAM,false
639,POST_RESOLUTION_DIAGNOSTIC,,,,0,0,0,0,,DEPTH_SNAPSHOT_STREAM,false
640,PRE_ELECTION,,61.0,,0,0,0,0,,DEPTH_SNAPSHOT_STREAM,false
640,ELECTION_DAY_PRE_RESULTS,,8.183333,,0,0,0,0,,DEPTH_SNAPSHOT_STREAM,false
640,ACTIVE_RESULTS,,6.0,,0,0,0,0,,DEPTH_SNAPSHOT_STREAM,false
640,LATE_COUNT,,44.816667,,0,0,0,0,,DEPTH_SNAPSHOT_STREAM,false
640,POST_RESOLUTION_DIAGNOSTIC,,,,0,0,0,0,,DEPTH_SNAPSHOT_STREAM,false
641,PRE_ELECTION,,61.0,,0,0,0,0,,DEPTH_SNAPSHOT_STREAM,false
641,ELECTION_DAY_PRE_RESULTS,,8.183333,,0,0,0,0,,DEPTH_SNAPSHOT_STREAM,false
641,ACTIVE_RESULTS,,6.0,,0,0,0,0,,DEPTH_SNAPSHOT_STREAM,false
641,LATE_COUNT,,44.816667,,0,0,0,0,,DEPTH_SNAPSHOT_STREAM,false
641,POST_RESOLUTION_DIAGNOSTIC,,,,0,0,0,0,,DEPTH_SNAPSHOT_STREAM,false
642,PRE_ELECTION,,61.0,,0,0,0,0,,DEPTH_SNAPSHOT_STREAM,false
642,ELECTION_DAY_PRE_RESULTS,,8.183333,,0,0,0,0,,DEPTH_SNAPSHOT_STREAM,false
642,ACTIVE_RESULTS,,6.0,,0,0,0,0,,DEPTH_SNAPSHOT_STREAM,false
642,LATE_COUNT,,44.816667,,0,0,0,0,,DEPTH_SNAPSHOT_STREAM,false
642,POST_RESOLUTION_DIAGNOSTIC,,,,0,0,0,0,,DEPTH_SNAPSHOT_STREAM,false
643,PRE_ELECTION,,61.0,,0,0,0,0,,DEPTH_SNAPSHOT_STREAM,false
643,ELECTION_DAY_PRE_RESULTS,,8.183333,,0,0,0,0,,DEPTH_SNAPSHOT_STREAM,false
643,ACTIVE_RESULTS,,6.0,,0,0,0,0,,DEPTH_SNAPSHOT_STREAM,false
643,LATE_COUNT,,44.816667,,0,0,0,0,,DEPTH_SNAPSHOT_STREAM,false
643,POST_RESOLUTION_DIAGNOSTIC,,,,0,0,0,0,,DEPTH_SNAPSHOT_STREAM,false
644,PRE_ELECTION,,61.0,,0,0,0,0,,DEPTH_SNAPSHOT_STREAM,false
644,ELECTION_DAY_PRE_RESULTS,,8.183333,,0,0,0,0,,DEPTH_SNAPSHOT_STREAM,false
644,ACTIVE_RESULTS,,6.0,,0,0,0,0,,DEPTH_SNAPSHOT_STREAM,false
644,LATE_COUNT,,44.816667,,0,0,0,0,,DEPTH_SNAPSHOT_STREAM,false
644,POST_RESOLUTION_DIAGNOSTIC,,,,0,0,0,0,,DEPTH_SNAPSHOT_STREAM,false
645,PRE_ELECTION,,61.0,,0,0,0,0,,DEPTH_SNAPSHOT_STREAM,false
645,ELECTION_DAY_PRE_RESULTS,,8.183333,,0,0,0,0,,DEPTH_SNAPSHOT_STREAM,false
645,ACTIVE_RESULTS,,6.0,,0,0,0,0,,DEPTH_SNAPSHOT_STREAM,false
645,LATE_COUNT,,44.816667,,0,0,0,0,,DEPTH_SNAPSHOT_STREAM,false
645,POST_RESOLUTION_DIAGNOSTIC,,,,0,0,0,0,,DEPTH_SNAPSHOT_STREAM,false
646,PRE_ELECTION,,61.0,,0,0,0,0,,DEPTH_SNAPSHOT_STREAM,false
646,ELECTION_DAY_PRE_RESULTS,,8.183333,,0,0,0,0,,DEPTH_SNAPSHOT_STREAM,false
646,ACTIVE_RESULTS,,6.0,,0,0,0,0,,DEPTH_SNAPSHOT_STREAM,false
646,LATE_COUNT,,44.816667,,0,0,0,0,,DEPTH_SNAPSHOT_STREAM,false
646,POST_RESOLUTION_DIAGNOSTIC,,,,0,0,0,0,,DEPTH_SNAPSHOT_STREAM,false
647,PRE_ELECTION,,61.0,,0,0,0,0,,DEPTH_SNAPSHOT_STREAM,false
647,ELECTION_DAY_PRE_RESULTS,,8.183333,,0,0,0,0,,DEPTH_SNAPSHOT_STREAM,false
647,ACTIVE_RESULTS,,6.0,,0,0,0,0,,DEPTH_SNAPSHOT_STREAM,false
647,LATE_COUNT,,44.816667,,0,0,0,0,,DEPTH_SNAPSHOT_STREAM,false
647,POST_RESOLUTION_DIAGNOSTIC,,,,0,0,0,0,,DEPTH_SNAPSHOT_STREAM,false
648,PRE_ELECTION,,61.0,,0,0,0,0,,DEPTH_SNAPSHOT_STREAM,false
648,ELECTION_DAY_PRE_RESULTS,,8.183333,,0,0,0,0,,DEPTH_SNAPSHOT_STREAM,false
648,ACTIVE_RESULTS,,6.0,,0,0,0,0,,DEPTH_SNAPSHOT_STREAM,false
648,LATE_COUNT,,44.816667,,0,0,0,0,,DEPTH_SNAPSHOT_STREAM,false
648,POST_RESOLUTION_DIAGNOSTIC,,,,0,0,0,0,,DEPTH_SNAPSHOT_STREAM,false
649,PRE_ELECTION,,61.0,,0,0,0,0,,DEPTH_SNAPSHOT_STREAM,false
649,ELECTION_DAY_PRE_RESULTS,,8.183333,,0,0,0,0,,DEPTH_SNAPSHOT_STREAM,false
649,ACTIVE_RESULTS,,6.0,,0,0,0,0,,DEPTH_SNAPSHOT_STREAM,false
649,LATE_COUNT,,44.816667,,0,0,0,0,,DEPTH_SNAPSHOT_STREAM,false
649,POST_RESOLUTION_DIAGNOSTIC,,,,0,0,0,0,,DEPTH_SNAPSHOT_STREAM,false
650,PRE_ELECTION,,61.0,,0,0,0,0,,DEPTH_SNAPSHOT_STREAM,false
650,ELECTION_DAY_PRE_RESULTS,,8.183333,,0,0,0,0,,DEPTH_SNAPSHOT_STREAM,false
650,ACTIVE_RESULTS,,6.0,,0,0,0,0,,DEPTH_SNAPSHOT_STREAM,false
650,LATE_COUNT,,44.816667,,0,0,0,0,,DEPTH_SNAPSHOT_STREAM,false
650,POST_RESOLUTION_DIAGNOSTIC,,,,0,0,0,0,,DEPTH_SNAPSHOT_STREAM,false
651,PRE_ELECTION,,61.0,,0,0,0,0,,DEPTH_SNAPSHOT_STREAM,false
651,ELECTION_DAY_PRE_RESULTS,,8.183333,,0,0,0,0,,DEPTH_SNAPSHOT_STREAM,false
651,ACTIVE_RESULTS,,6.0,,0,0,0,0,,DEPTH_SNAPSHOT_STREAM,false
651,LATE_COUNT,,44.816667,,0,0,0,0,,DEPTH_SNAPSHOT_STREAM,false
651,POST_RESOLUTION_DIAGNOSTIC,,,,0,0,0,0,,DEPTH_SNAPSHOT_STREAM,false
652,PRE_ELECTION,,61.0,,0,0,0,0,,DEPTH_SNAPSHOT_STREAM,false
652,ELECTION_DAY_PRE_RESULTS,,8.183333,,0,0,0,0,,DEPTH_SNAPSHOT_STREAM,false
652,ACTIVE_RESULTS,,6.0,,0,0,0,0,,DEPTH_SNAPSHOT_STREAM,false
652,LATE_COUNT,,44.816667,,0,0,0,0,,DEPTH_SNAPSHOT_STREAM,false
652,POST_RESOLUTION_DIAGNOSTIC,,,,0,0,0,0,,DEPTH_SNAPSHOT_STREAM,false
653,PRE_ELECTION,,61.0,,0,0,0,0,,DEPTH_SNAPSHOT_STREAM,false
653,ELECTION_DAY_PRE_RESULTS,,8.183333,,0,0,0,0,,DEPTH_SNAPSHOT_STREAM,false
653,ACTIVE_RESULTS,,6.0,,0,0,0,0,,DEPTH_SNAPSHOT_STREAM,false
653,LATE_COUNT,,44.816667,,0,0,0,0,,DEPTH_SNAPSHOT_STREAM,false
653,POST_RESOLUTION_DIAGNOSTIC,,,,0,0,0,0,,DEPTH_SNAPSHOT_STREAM,false
654,PRE_ELECTION,,61.0,,0,0,0,0,,DEPTH_SNAPSHOT_STREAM,false
654,ELECTION_DAY_PRE_RESULTS,,8.183333,,0,0,0,0,,DEPTH_SNAPSHOT_STREAM,false
654,ACTIVE_RESULTS,,6.0,,0,0,0,0,,DEPTH_SNAPSHOT_STREAM,false
654,LATE_COUNT,,44.816667,,0,0,0,0,,DEPTH_SNAPSHOT_STREAM,false
654,POST_RESOLUTION_DIAGNOSTIC,,,,0,0,0,0,,DEPTH_SNAPSHOT_STREAM,false
655,PRE_ELECTION,,61.0,,0,0,0,0,,DEPTH_SNAPSHOT_STREAM,false
655,ELECTION_DAY_PRE_RESULTS,,8.183333,,0,0,0,0,,DEPTH_SNAPSHOT_STREAM,false
655,ACTIVE_RESULTS,,6.0,,0,0,0,0,,DEPTH_SNAPSHOT_STREAM,false
655,LATE_COUNT,,44.816667,,0,0,0,0,,DEPTH_SNAPSHOT_STREAM,false
655,POST_RESOLUTION_DIAGNOSTIC,,,,0,0,0,0,,DEPTH_SNAPSHOT_STREAM,false
656,PRE_ELECTION,,61.0,,0,0,0,0,,DEPTH_SNAPSHOT_STREAM,false
656,ELECTION_DAY_PRE_RESULTS,,8.183333,,0,0,0,0,,DEPTH_SNAPSHOT_STREAM,false
656,ACTIVE_RESULTS,,6.0,,0,0,0,0,,DEPTH_SNAPSHOT_STREAM,false
656,LATE_COUNT,,44.816667,,0,0,0,0,,DEPTH_SNAPSHOT_STREAM,false
656,POST_RESOLUTION_DIAGNOSTIC,,,,0,0,0,0,,DEPTH_SNAPSHOT_STREAM,false
657,PRE_ELECTION,,61.0,,0,0,0,0,,DEPTH_SNAPSHOT_STREAM,false
657,ELECTION_DAY_PRE_RESULTS,,8.183333,,0,0,0,0,,DEPTH_SNAPSHOT_STREAM,false
657,ACTIVE_RESULTS,,6.0,,0,0,0,0,,DEPTH_SNAPSHOT_STREAM,false
657,LATE_COUNT,,44.816667,,0,0,0,0,,DEPTH_SNAPSHOT_STREAM,false
657,POST_RESOLUTION_DIAGNOSTIC,,,,0,0,0,0,,DEPTH_SNAPSHOT_STREAM,false
658,PRE_ELECTION,,61.0,,0,0,0,0,,DEPTH_SNAPSHOT_STREAM,false
658,ELECTION_DAY_PRE_RESULTS,,8.183333,,0,0,0,0,,DEPTH_SNAPSHOT_STREAM,false
658,ACTIVE_RESULTS,,6.0,,0,0,0,0,,DEPTH_SNAPSHOT_STREAM,false
658,LATE_COUNT,,44.816667,,0,0,0,0,,DEPTH_SNAPSHOT_STREAM,false
658,POST_RESOLUTION_DIAGNOSTIC,,,,0,0,0,0,,DEPTH_SNAPSHOT_STREAM,false
659,PRE_ELECTION,,61.0,,0,0,0,0,,DEPTH_SNAPSHOT_STREAM,false
659,ELECTION_DAY_PRE_RESULTS,,8.183333,,0,0,0,0,,DEPTH_SNAPSHOT_STREAM,false
659,ACTIVE_RESULTS,,6.0,,0,0,0,0,,DEPTH_SNAPSHOT_STREAM,false
659,LATE_COUNT,,44.816667,,0,0,0,0,,DEPTH_SNAPSHOT_STREAM,false
659,POST_RESOLUTION_DIAGNOSTIC,,,,0,0,0,0,,DEPTH_SNAPSHOT_STREAM,false
660,PRE_ELECTION,,61.0,,0,0,0,0,,DEPTH_SNAPSHOT_STREAM,false
660,ELECTION_DAY_PRE_RESULTS,,8.183333,,0,0,0,0,,DEPTH_SNAPSHOT_STREAM,false
660,ACTIVE_RESULTS,,6.0,,0,0,0,0,,DEPTH_SNAPSHOT_STREAM,false
660,LATE_COUNT,,44.816667,,0,0,0,0,,DEPTH_SNAPSHOT_STREAM,false
660,POST_RESOLUTION_DIAGNOSTIC,,,,0,0,0,0,,DEPTH_SNAPSHOT_STREAM,false
661,PRE_ELECTION,,61.0,,0,0,0,0,,DEPTH_SNAPSHOT_STREAM,false
661,ELECTION_DAY_PRE_RESULTS,,8.183333,,0,0,0,0,,DEPTH_SNAPSHOT_STREAM,false
661,ACTIVE_RESULTS,,6.0,,0,0,0,0,,DEPTH_SNAPSHOT_STREAM,false
661,LATE_COUNT,,44.816667,,0,0,0,0,,DEPTH_SNAPSHOT_STREAM,false
661,POST_RESOLUTION_DIAGNOSTIC,,,,0,0,0,0,,DEPTH_SNAPSHOT_STREAM,false
662,PRE_ELECTION,,61.0,,0,0,0,0,,DEPTH_SNAPSHOT_STREAM,false
662,ELECTION_DAY_PRE_RESULTS,,8.183333,,0,0,0,0,,DEPTH_SNAPSHOT_STREAM,false
662,ACTIVE_RESULTS,,6.0,,0,0,0,0,,DEPTH_SNAPSHOT_STREAM,false
662,LATE_COUNT,,44.816667,,0,0,0,0,,DEPTH_SNAPSHOT_STREAM,false
662,POST_RESOLUTION_DIAGNOSTIC,,,,0,0,0,0,,DEPTH_SNAPSHOT_STREAM,false
663,PRE_ELECTION,,61.0,,0,0,0,0,,DEPTH_SNAPSHOT_STREAM,false
663,ELECTION_DAY_PRE_RESULTS,,8.183333,,0,0,0,0,,DEPTH_SNAPSHOT_STREAM,false
663,ACTIVE_RESULTS,,6.0,,0,0,0,0,,DEPTH_SNAPSHOT_STREAM,false
663,LATE_COUNT,,44.816667,,0,0,0,0,,DEPTH_SNAPSHOT_STREAM,false
663,POST_RESOLUTION_DIAGNOSTIC,,,,0,0,0,0,,DEPTH_SNAPSHOT_STREAM,false
664,PRE_ELECTION,,61.0,,0,0,0,0,,DEPTH_SNAPSHOT_STREAM,false
664,ELECTION_DAY_PRE_RESULTS,,8.183333,,0,0,0,0,,DEPTH_SNAPSHOT_STREAM,false
664,ACTIVE_RESULTS,,6.0,,0,0,0,0,,DEPTH_SNAPSHOT_STREAM,false
664,LATE_COUNT,,44.816667,,0,0,0,0,,DEPTH_SNAPSHOT_STREAM,false
664,POST_RESOLUTION_DIAGNOSTIC,,,,0,0,0,0,,DEPTH_SNAPSHOT_STREAM,false
665,PRE_ELECTION,,61.0,,0,0,0,0,,DEPTH_SNAPSHOT_STREAM,false
665,ELECTION_DAY_PRE_RESULTS,,8.183333,,0,0,0,0,,DEPTH_SNAPSHOT_STREAM,false
665,ACTIVE_RESULTS,,6.0,,0,0,0,0,,DEPTH_SNAPSHOT_STREAM,false
665,LATE_COUNT,,44.816667,,0,0,0,0,,DEPTH_SNAPSHOT_STREAM,false
665,POST_RESOLUTION_DIAGNOSTIC,,,,0,0,0,0,,DEPTH_SNAPSHOT_STREAM,false
666,PRE_ELECTION,,61.0,,0,0,0,0,,DEPTH_SNAPSHOT_STREAM,false
666,ELECTION_DAY_PRE_RESULTS,,8.183333,,0,0,0,0,,DEPTH_SNAPSHOT_STREAM,false
666,ACTIVE_RESULTS,,6.0,,0,0,0,0,,DEPTH_SNAPSHOT_STREAM,false
666,LATE_COUNT,,44.816667,,0,0,0,0,,DEPTH_SNAPSHOT_STREAM,false
666,POST_RESOLUTION_DIAGNOSTIC,,,,0,0,0,0,,DEPTH_SNAPSHOT_STREAM,false
667,PRE_ELECTION,,61.0,,0,0,0,0,,DEPTH_SNAPSHOT_STREAM,false
667,ELECTION_DAY_PRE_RESULTS,,8.183333,,0,0,0,0,,DEPTH_SNAPSHOT_STREAM,false
667,ACTIVE_RESULTS,,6.0,,0,0,0,0,,DEPTH_SNAPSHOT_STREAM,false
667,LATE_COUNT,,44.816667,,0,0,0,0,,DEPTH_SNAPSHOT_STREAM,false
667,POST_RESOLUTION_DIAGNOSTIC,,,,0,0,0,0,,DEPTH_SNAPSHOT_STREAM,false
668,PRE_ELECTION,,61.0,,0,0,0,0,,DEPTH_SNAPSHOT_STREAM,false
668,ELECTION_DAY_PRE_RESULTS,,8.183333,,0,0,0,0,,DEPTH_SNAPSHOT_STREAM,false
668,ACTIVE_RESULTS,,6.0,,0,0,0,0,,DEPTH_SNAPSHOT_STREAM,false
668,LATE_COUNT,,44.816667,,0,0,0,0,,DEPTH_SNAPSHOT_STREAM,false
668,POST_RESOLUTION_DIAGNOSTIC,,,,0,0,0,0,,DEPTH_SNAPSHOT_STREAM,false
669,PRE_ELECTION,,61.0,,0,0,0,0,,DEPTH_SNAPSHOT_STREAM,false
669,ELECTION_DAY_PRE_RESULTS,,8.183333,,0,0,0,0,,DEPTH_SNAPSHOT_STREAM,false
669,ACTIVE_RESULTS,,6.0,,0,0,0,0,,DEPTH_SNAPSHOT_STREAM,false
669,LATE_COUNT,,44.816667,,0,0,0,0,,DEPTH_SNAPSHOT_STREAM,false
669,POST_RESOLUTION_DIAGNOSTIC,,,,0,0,0,0,,DEPTH_SNAPSHOT_STREAM,false
670,PRE_ELECTION,,61.0,,0,0,0,0,,DEPTH_SNAPSHOT_STREAM,false
670,ELECTION_DAY_PRE_RESULTS,,8.183333,,0,0,0,0,,DEPTH_SNAPSHOT_STREAM,false
670,ACTIVE_RESULTS,,6.0,,0,0,0,0,,DEPTH_SNAPSHOT_STREAM,false
670,LATE_COUNT,,44.816667,,0,0,0,0,,DEPTH_SNAPSHOT_STREAM,false
670,POST_RESOLUTION_DIAGNOSTIC,,,,0,0,0,0,,DEPTH_SNAPSHOT_STREAM,false
671,PRE_ELECTION,,61.0,,0,0,0,0,,DEPTH_SNAPSHOT_STREAM,false
671,ELECTION_DAY_PRE_RESULTS,,8.183333,,0,0,0,0,,DEPTH_SNAPSHOT_STREAM,false
671,ACTIVE_RESULTS,,6.0,,0,0,0,0,,DEPTH_SNAPSHOT_STREAM,false
671,LATE_COUNT,,44.816667,,0,0,0,0,,DEPTH_SNAPSHOT_STREAM,false
671,POST_RESOLUTION_DIAGNOSTIC,,,,0,0,0,0,,DEPTH_SNAPSHOT_STREAM,false
672,PRE_ELECTION,,61.0,,0,0,0,0,,DEPTH_SNAPSHOT_STREAM,false
672,ELECTION_DAY_PRE_RESULTS,,8.183333,,0,0,0,0,,DEPTH_SNAPSHOT_STREAM,false
672,ACTIVE_RESULTS,,6.0,,0,0,0,0,,DEPTH_SNAPSHOT_STREAM,false
672,LATE_COUNT,,44.816667,,0,0,0,0,,DEPTH_SNAPSHOT_STREAM,false
672,POST_RESOLUTION_DIAGNOSTIC,,,,0,0,0,0,,DEPTH_SNAPSHOT_STREAM,false
673,PRE_ELECTION,,61.0,,0,0,0,0,,DEPTH_SNAPSHOT_STREAM,false
673,ELECTION_DAY_PRE_RESULTS,,8.183333,,0,0,0,0,,DEPTH_SNAPSHOT_STREAM,false
673,ACTIVE_RESULTS,,6.0,,0,0,0,0,,DEPTH_SNAPSHOT_STREAM,false
673,LATE_COUNT,,44.816667,,0,0,0,0,,DEPTH_SNAPSHOT_STREAM,false
673,POST_RESOLUTION_DIAGNOSTIC,,,,0,0,0,0,,DEPTH_SNAPSHOT_STREAM,false
674,PRE_ELECTION,,61.0,,0,0,0,0,,DEPTH_SNAPSHOT_STREAM,false
674,ELECTION_DAY_PRE_RESULTS,,8.183333,,0,0,0,0,,DEPTH_SNAPSHOT_STREAM,false
674,ACTIVE_RESULTS,,6.0,,0,0,0,0,,DEPTH_SNAPSHOT_STREAM,false
674,LATE_COUNT,,44.816667,,0,0,0,0,,DEPTH_SNAPSHOT_STREAM,false
674,POST_RESOLUTION_DIAGNOSTIC,,,,0,0,0,0,,DEPTH_SNAPSHOT_STREAM,false
675,PRE_ELECTION,,61.0,,0,0,0,0,,DEPTH_SNAPSHOT_STREAM,false
675,ELECTION_DAY_PRE_RESULTS,,8.183333,,0,0,0,0,,DEPTH_SNAPSHOT_STREAM,false
675,ACTIVE_RESULTS,,6.0,,0,0,0,0,,DEPTH_SNAPSHOT_STREAM,false
675,LATE_COUNT,,44.816667,,0,0,0,0,,DEPTH_SNAPSHOT_STREAM,false
675,POST_RESOLUTION_DIAGNOSTIC,,,,0,0,0,0,,DEPTH_SNAPSHOT_STREAM,false
676,PRE_ELECTION,,61.0,,0,0,0,0,,DEPTH_SNAPSHOT_STREAM,false
676,ELECTION_DAY_PRE_RESULTS,,8.183333,,0,0,0,0,,DEPTH_SNAPSHOT_STREAM,false
676,ACTIVE_RESULTS,,6.0,,0,0,0,0,,DEPTH_SNAPSHOT_STREAM,false
676,LATE_COUNT,,44.816667,,0,0,0,0,,DEPTH_SNAPSHOT_STREAM,false
676,POST_RESOLUTION_DIAGNOSTIC,,,,0,0,0,0,,DEPTH_SNAPSHOT_STREAM,false
677,PRE_ELECTION,,61.0,,0,0,0,0,,DEPTH_SNAPSHOT_STREAM,false
677,ELECTION_DAY_PRE_RESULTS,,8.183333,,0,0,0,0,,DEPTH_SNAPSHOT_STREAM,false
677,ACTIVE_RESULTS,,6.0,,0,0,0,0,,DEPTH_SNAPSHOT_STREAM,false
677,LATE_COUNT,,44.816667,,0,0,0,0,,DEPTH_SNAPSHOT_STREAM,false
677,POST_RESOLUTION_DIAGNOSTIC,,,,0,0,0,0,,DEPTH_SNAPSHOT_STREAM,false
678,PRE_ELECTION,,61.0,,0,0,0,0,,DEPTH_SNAPSHOT_STREAM,false
678,ELECTION_DAY_PRE_RESULTS,,8.183333,,0,0,0,0,,DEPTH_SNAPSHOT_STREAM,false
678,ACTIVE_RESULTS,,6.0,,0,0,0,0,,DEPTH_SNAPSHOT_STREAM,false
678,LATE_COUNT,,44.816667,,0,0,0,0,,DEPTH_SNAPSHOT_STREAM,false
678,POST_RESOLUTION_DIAGNOSTIC,,,,0,0,0,0,,DEPTH_SNAPSHOT_STREAM,false
679,PRE_ELECTION,,61.0,,0,0,0,0,,DEPTH_SNAPSHOT_STREAM,false
679,ELECTION_DAY_PRE_RESULTS,,8.183333,,0,0,0,0,,DEPTH_SNAPSHOT_STREAM,false
679,ACTIVE_RESULTS,,6.0,,0,0,0,0,,DEPTH_SNAPSHOT_STREAM,false
679,LATE_COUNT,,44.816667,,0,0,0,0,,DEPTH_SNAPSHOT_STREAM,false
679,POST_RESOLUTION_DIAGNOSTIC,,,,0,0,0,0,,DEPTH_SNAPSHOT_STREAM,false
680,PRE_ELECTION,,61.0,,0,0,0,0,,DEPTH_SNAPSHOT_STREAM,false
680,ELECTION_DAY_PRE_RESULTS,,8.183333,,0,0,0,0,,DEPTH_SNAPSHOT_STREAM,false
680,ACTIVE_RESULTS,,6.0,,0,0,0,0,,DEPTH_SNAPSHOT_STREAM,false
680,LATE_COUNT,,44.816667,,0,0,0,0,,DEPTH_SNAPSHOT_STREAM,false
680,POST_RESOLUTION_DIAGNOSTIC,,,,0,0,0,0,,DEPTH_SNAPSHOT_STREAM,false
681,PRE_ELECTION,,61.0,,0,0,0,0,,DEPTH_SNAPSHOT_STREAM,false
681,ELECTION_DAY_PRE_RESULTS,,8.183333,,0,0,0,0,,DEPTH_SNAPSHOT_STREAM,false
681,ACTIVE_RESULTS,,6.0,,0,0,0,0,,DEPTH_SNAPSHOT_STREAM,false
681,LATE_COUNT,,44.816667,,0,0,0,0,,DEPTH_SNAPSHOT_STREAM,false
681,POST_RESOLUTION_DIAGNOSTIC,,,,0,0,0,0,,DEPTH_SNAPSHOT_STREAM,false
682,PRE_ELECTION,,61.0,,0,0,0,0,,DEPTH_SNAPSHOT_STREAM,false
682,ELECTION_DAY_PRE_RESULTS,,8.183333,,0,0,0,0,,DEPTH_SNAPSHOT_STREAM,false
682,ACTIVE_RESULTS,,6.0,,0,0,0,0,,DEPTH_SNAPSHOT_STREAM,false
682,LATE_COUNT,,44.816667,,0,0,0,0,,DEPTH_SNAPSHOT_STREAM,false
682,POST_RESOLUTION_DIAGNOSTIC,,,,0,0,0,0,,DEPTH_SNAPSHOT_STREAM,false
683,PRE_ELECTION,,61.0,,0,0,0,0,,DEPTH_SNAPSHOT_STREAM,false
683,ELECTION_DAY_PRE_RESULTS,,8.183333,,0,0,0,0,,DEPTH_SNAPSHOT_STREAM,false
683,ACTIVE_RESULTS,,6.0,,0,0,0,0,,DEPTH_SNAPSHOT_STREAM,false
683,LATE_COUNT,,44.816667,,0,0,0,0,,DEPTH_SNAPSHOT_STREAM,false
683,POST_RESOLUTION_DIAGNOSTIC,,,,0,0,0,0,,DEPTH_SNAPSHOT_STREAM,false
684,PRE_ELECTION,,61.0,,0,0,0,0,,DEPTH_SNAPSHOT_STREAM,false
684,ELECTION_DAY_PRE_RESULTS,,8.183333,,0,0,0,0,,DEPTH_SNAPSHOT_STREAM,false
684,ACTIVE_RESULTS,,6.0,,0,0,0,0,,DEPTH_SNAPSHOT_STREAM,false
684,LATE_COUNT,,44.816667,,0,0,0,0,,DEPTH_SNAPSHOT_STREAM,false
684,POST_RESOLUTION_DIAGNOSTIC,,,,0,0,0,0,,DEPTH_SNAPSHOT_STREAM,false
685,PRE_ELECTION,,61.0,,0,0,0,0,,DEPTH_SNAPSHOT_STREAM,false
685,ELECTION_DAY_PRE_RESULTS,,8.183333,,0,0,0,0,,DEPTH_SNAPSHOT_STREAM,false
685,ACTIVE_RESULTS,,6.0,,0,0,0,0,,DEPTH_SNAPSHOT_STREAM,false
685,LATE_COUNT,,44.816667,,0,0,0,0,,DEPTH_SNAPSHOT_STREAM,false
685,POST_RESOLUTION_DIAGNOSTIC,,,,0,0,0,0,,DEPTH_SNAPSHOT_STREAM,false
686,PRE_ELECTION,,61.0,,0,0,0,0,,DEPTH_SNAPSHOT_STREAM,false
686,ELECTION_DAY_PRE_RESULTS,,8.183333,,0,0,0,0,,DEPTH_SNAPSHOT_STREAM,false
686,ACTIVE_RESULTS,,6.0,,0,0,0,0,,DEPTH_SNAPSHOT_STREAM,false
686,LATE_COUNT,,44.816667,,0,0,0,0,,DEPTH_SNAPSHOT_STREAM,false
686,POST_RESOLUTION_DIAGNOSTIC,,,,0,0,0,0,,DEPTH_SNAPSHOT_STREAM,false
687,PRE_ELECTION,,61.0,,0,0,0,0,,DEPTH_SNAPSHOT_STREAM,false
687,ELECTION_DAY_PRE_RESULTS,,8.183333,,0,0,0,0,,DEPTH_SNAPSHOT_STREAM,false
687,ACTIVE_RESULTS,,6.0,,0,0,0,0,,DEPTH_SNAPSHOT_STREAM,false
687,LATE_COUNT,,44.816667,,0,0,0,0,,DEPTH_SNAPSHOT_STREAM,false
687,POST_RESOLUTION_DIAGNOSTIC,,,,0,0,0,0,,DEPTH_SNAPSHOT_STREAM,false
688,PRE_ELECTION,,61.0,,0,0,0,0,,DEPTH_SNAPSHOT_STREAM,false
688,ELECTION_DAY_PRE_RESULTS,,8.183333,,0,0,0,0,,DEPTH_SNAPSHOT_STREAM,false
688,ACTIVE_RESULTS,,6.0,,0,0,0,0,,DEPTH_SNAPSHOT_STREAM,false
688,LATE_COUNT,,44.816667,,0,0,0,0,,DEPTH_SNAPSHOT_STREAM,false
688,POST_RESOLUTION_DIAGNOSTIC,,,,0,0,0,0,,DEPTH_SNAPSHOT_STREAM,false
689,PRE_ELECTION,,61.0,,0,0,0,0,,DEPTH_SNAPSHOT_STREAM,false
689,ELECTION_DAY_PRE_RESULTS,,8.183333,,0,0,0,0,,DEPTH_SNAPSHOT_STREAM,false
689,ACTIVE_RESULTS,,6.0,,0,0,0,0,,DEPTH_SNAPSHOT_STREAM,false
689,LATE_COUNT,,44.816667,,0,0,0,0,,DEPTH_SNAPSHOT_STREAM,false
689,POST_RESOLUTION_DIAGNOSTIC,,,,0,0,0,0,,DEPTH_SNAPSHOT_STREAM,false
690,PRE_ELECTION,,61.0,,0,0,0,0,,DEPTH_SNAPSHOT_STREAM,false
690,ELECTION_DAY_PRE_RESULTS,,8.183333,,0,0,0,0,,DEPTH_SNAPSHOT_STREAM,false
690,ACTIVE_RESULTS,,6.0,,0,0,0,0,,DEPTH_SNAPSHOT_STREAM,false
690,LATE_COUNT,,44.816667,,0,0,0,0,,DEPTH_SNAPSHOT_STREAM,false
690,POST_RESOLUTION_DIAGNOSTIC,,,,0,0,0,0,,DEPTH_SNAPSHOT_STREAM,false
691,PRE_ELECTION,,61.0,,0,0,0,0,,DEPTH_SNAPSHOT_STREAM,false
691,ELECTION_DAY_PRE_RESULTS,,8.183333,,0,0,0,0,,DEPTH_SNAPSHOT_STREAM,false
691,ACTIVE_RESULTS,,6.0,,0,0,0,0,,DEPTH_SNAPSHOT_STREAM,false
691,LATE_COUNT,,44.816667,,0,0,0,0,,DEPTH_SNAPSHOT_STREAM,false
691,POST_RESOLUTION_DIAGNOSTIC,,,,0,0,0,0,,DEPTH_SNAPSHOT_STREAM,false
692,PRE_ELECTION,,61.0,,0,0,0,0,,DEPTH_SNAPSHOT_STREAM,false
692,ELECTION_DAY_PRE_RESULTS,,8.183333,,0,0,0,0,,DEPTH_SNAPSHOT_STREAM,false
692,ACTIVE_RESULTS,,6.0,,0,0,0,0,,DEPTH_SNAPSHOT_STREAM,false
692,LATE_COUNT,,44.816667,,0,0,0,0,,DEPTH_SNAPSHOT_STREAM,false
692,POST_RESOLUTION_DIAGNOSTIC,,,,0,0,0,0,,DEPTH_SNAPSHOT_STREAM,false
693,PRE_ELECTION,,61.0,,0,0,0,0,,DEPTH_SNAPSHOT_STREAM,false
693,ELECTION_DAY_PRE_RESULTS,,8.183333,,0,0,0,0,,DEPTH_SNAPSHOT_STREAM,false
693,ACTIVE_RESULTS,,6.0,,0,0,0,0,,DEPTH_SNAPSHOT_STREAM,false
693,LATE_COUNT,,44.816667,,0,0,0,0,,DEPTH_SNAPSHOT_STREAM,false
693,POST_RESOLUTION_DIAGNOSTIC,,,,0,0,0,0,,DEPTH_SNAPSHOT_STREAM,false
694,PRE_ELECTION,,61.0,,0,0,0,0,,DEPTH_SNAPSHOT_STREAM,false
694,ELECTION_DAY_PRE_RESULTS,,8.183333,,0,0,0,0,,DEPTH_SNAPSHOT_STREAM,false
694,ACTIVE_RESULTS,,6.0,,0,0,0,0,,DEPTH_SNAPSHOT_STREAM,false
694,LATE_COUNT,,44.816667,,0,0,0,0,,DEPTH_SNAPSHOT_STREAM,false
694,POST_RESOLUTION_DIAGNOSTIC,,,,0,0,0,0,,DEPTH_SNAPSHOT_STREAM,false
695,PRE_ELECTION,,61.0,,0,0,0,0,,DEPTH_SNAPSHOT_STREAM,false
695,ELECTION_DAY_PRE_RESULTS,,8.183333,,0,0,0,0,,DEPTH_SNAPSHOT_STREAM,false
695,ACTIVE_RESULTS,,6.0,,0,0,0,0,,DEPTH_SNAPSHOT_STREAM,false
695,LATE_COUNT,,44.816667,,0,0,0,0,,DEPTH_SNAPSHOT_STREAM,false
695,POST_RESOLUTION_DIAGNOSTIC,,,,0,0,0,0,,DEPTH_SNAPSHOT_STREAM,false
696,PRE_ELECTION,,61.0,,0,0,0,0,,DEPTH_SNAPSHOT_STREAM,false
696,ELECTION_DAY_PRE_RESULTS,,8.183333,,0,0,0,0,,DEPTH_SNAPSHOT_STREAM,false
696,ACTIVE_RESULTS,,6.0,,0,0,0,0,,DEPTH_SNAPSHOT_STREAM,false
696,LATE_COUNT,,44.816667,,0,0,0,0,,DEPTH_SNAPSHOT_STREAM,false
696,POST_RESOLUTION_DIAGNOSTIC,,,,0,0,0,0,,DEPTH_SNAPSHOT_STREAM,false
697,PRE_ELECTION,,61.0,,0,0,0,0,,DEPTH_SNAPSHOT_STREAM,false
697,ELECTION_DAY_PRE_RESULTS,,8.183333,,0,0,0,0,,DEPTH_SNAPSHOT_STREAM,false
697,ACTIVE_RESULTS,,6.0,,0,0,0,0,,DEPTH_SNAPSHOT_STREAM,false
697,LATE_COUNT,,44.816667,,0,0,0,0,,DEPTH_SNAPSHOT_STREAM,false
697,POST_RESOLUTION_DIAGNOSTIC,,,,0,0,0,0,,DEPTH_SNAPSHOT_STREAM,false
698,PRE_ELECTION,,61.0,,0,0,0,0,,DEPTH_SNAPSHOT_STREAM,false
698,ELECTION_DAY_PRE_RESULTS,,8.183333,,0,0,0,0,,DEPTH_SNAPSHOT_STREAM,false
698,ACTIVE_RESULTS,,6.0,,0,0,0,0,,DEPTH_SNAPSHOT_STREAM,false
698,LATE_COUNT,,44.816667,,0,0,0,0,,DEPTH_SNAPSHOT_STREAM,false
698,POST_RESOLUTION_DIAGNOSTIC,,,,0,0,0,0,,DEPTH_SNAPSHOT_STREAM,false
699,PRE_ELECTION,,61.0,,0,0,0,0,,DEPTH_SNAPSHOT_STREAM,false
699,ELECTION_DAY_PRE_RESULTS,,8.183333,,0,0,0,0,,DEPTH_SNAPSHOT_STREAM,false
699,ACTIVE_RESULTS,,6.0,,0,0,0,0,,DEPTH_SNAPSHOT_STREAM,false
699,LATE_COUNT,,44.816667,,0,0,0,0,,DEPTH_SNAPSHOT_STREAM,false
699,POST_RESOLUTION_DIAGNOSTIC,,,,0,0,0,0,,DEPTH_SNAPSHOT_STREAM,false
700,PRE_ELECTION,,61.0,,0,0,0,0,,DEPTH_SNAPSHOT_STREAM,false
700,ELECTION_DAY_PRE_RESULTS,,8.183333,,0,0,0,0,,DEPTH_SNAPSHOT_STREAM,false
700,ACTIVE_RESULTS,,6.0,,0,0,0,0,,DEPTH_SNAPSHOT_STREAM,false
700,LATE_COUNT,,44.816667,,0,0,0,0,,DEPTH_SNAPSHOT_STREAM,false
700,POST_RESOLUTION_DIAGNOSTIC,,,,0,0,0,0,,DEPTH_SNAPSHOT_STREAM,false
701,PRE_ELECTION,,61.0,,0,0,0,0,,DEPTH_SNAPSHOT_STREAM,false
701,ELECTION_DAY_PRE_RESULTS,,8.183333,,0,0,0,0,,DEPTH_SNAPSHOT_STREAM,false
701,ACTIVE_RESULTS,,6.0,,0,0,0,0,,DEPTH_SNAPSHOT_STREAM,false
701,LATE_COUNT,,44.816667,,0,0,0,0,,DEPTH_SNAPSHOT_STREAM,false
701,POST_RESOLUTION_DIAGNOSTIC,,,,0,0,0,0,,DEPTH_SNAPSHOT_STREAM,false
702,PRE_ELECTION,,61.0,,0,0,0,0,,DEPTH_SNAPSHOT_STREAM,false
702,ELECTION_DAY_PRE_RESULTS,,8.183333,,0,0,0,0,,DEPTH_SNAPSHOT_STREAM,false
702,ACTIVE_RESULTS,,6.0,,0,0,0,0,,DEPTH_SNAPSHOT_STREAM,false
702,LATE_COUNT,,44.816667,,0,0,0,0,,DEPTH_SNAPSHOT_STREAM,false
702,POST_RESOLUTION_DIAGNOSTIC,,,,0,0,0,0,,DEPTH_SNAPSHOT_STREAM,false
703,PRE_ELECTION,,61.0,,0,0,0,0,,DEPTH_SNAPSHOT_STREAM,false
703,ELECTION_DAY_PRE_RESULTS,,8.183333,,0,0,0,0,,DEPTH_SNAPSHOT_STREAM,false
703,ACTIVE_RESULTS,,6.0,,0,0,0,0,,DEPTH_SNAPSHOT_STREAM,false
703,LATE_COUNT,,44.816667,,0,0,0,0,,DEPTH_SNAPSHOT_STREAM,false
703,POST_RESOLUTION_DIAGNOSTIC,,,,0,0,0,0,,DEPTH_SNAPSHOT_STREAM,false
704,PRE_ELECTION,,61.0,,0,0,0,0,,DEPTH_SNAPSHOT_STREAM,false
704,ELECTION_DAY_PRE_RESULTS,,8.183333,,0,0,0,0,,DEPTH_SNAPSHOT_STREAM,false
704,ACTIVE_RESULTS,,6.0,,0,0,0,0,,DEPTH_SNAPSHOT_STREAM,false
704,LATE_COUNT,,44.816667,,0,0,0,0,,DEPTH_SNAPSHOT_STREAM,false
704,POST_RESOLUTION_DIAGNOSTIC,,,,0,0,0,0,,DEPTH_SNAPSHOT_STREAM,false
705,PRE_ELECTION,,61.0,,0,0,0,0,,DEPTH_SNAPSHOT_STREAM,false
705,ELECTION_DAY_PRE_RESULTS,,8.183333,,0,0,0,0,,DEPTH_SNAPSHOT_STREAM,false
705,ACTIVE_RESULTS,,6.0,,0,0,0,0,,DEPTH_SNAPSHOT_STREAM,false
705,LATE_COUNT,,44.816667,,0,0,0,0,,DEPTH_SNAPSHOT_STREAM,false
705,POST_RESOLUTION_DIAGNOSTIC,,,,0,0,0,0,,DEPTH_SNAPSHOT_STREAM,false
706,PRE_ELECTION,,61.0,,0,0,0,0,,DEPTH_SNAPSHOT_STREAM,false
706,ELECTION_DAY_PRE_RESULTS,,8.183333,,0,0,0,0,,DEPTH_SNAPSHOT_STREAM,false
706,ACTIVE_RESULTS,,6.0,,0,0,0,0,,DEPTH_SNAPSHOT_STREAM,false
706,LATE_COUNT,,44.816667,,0,0,0,0,,DEPTH_SNAPSHOT_STREAM,false
706,POST_RESOLUTION_DIAGNOSTIC,,,,0,0,0,0,,DEPTH_SNAPSHOT_STREAM,false
707,PRE_ELECTION,,61.0,,0,0,0,0,,DEPTH_SNAPSHOT_STREAM,false
707,ELECTION_DAY_PRE_RESULTS,,8.183333,,0,0,0,0,,DEPTH_SNAPSHOT_STREAM,false
707,ACTIVE_RESULTS,,6.0,,0,0,0,0,,DEPTH_SNAPSHOT_STREAM,false
707,LATE_COUNT,,44.816667,,0,0,0,0,,DEPTH_SNAPSHOT_STREAM,false
707,POST_RESOLUTION_DIAGNOSTIC,,,,0,0,0,0,,DEPTH_SNAPSHOT_STREAM,false
708,PRE_ELECTION,,61.0,,0,0,0,0,,DEPTH_SNAPSHOT_STREAM,false
708,ELECTION_DAY_PRE_RESULTS,,8.183333,,0,0,0,0,,DEPTH_SNAPSHOT_STREAM,false
708,ACTIVE_RESULTS,,6.0,,0,0,0,0,,DEPTH_SNAPSHOT_STREAM,false
708,LATE_COUNT,,44.816667,,0,0,0,0,,DEPTH_SNAPSHOT_STREAM,false
708,POST_RESOLUTION_DIAGNOSTIC,,,,0,0,0,0,,DEPTH_SNAPSHOT_STREAM,false
709,PRE_ELECTION,,61.0,,0,0,0,0,,DEPTH_SNAPSHOT_STREAM,false
709,ELECTION_DAY_PRE_RESULTS,,8.183333,,0,0,0,0,,DEPTH_SNAPSHOT_STREAM,false
709,ACTIVE_RESULTS,,6.0,,0,0,0,0,,DEPTH_SNAPSHOT_STREAM,false
709,LATE_COUNT,,44.816667,,0,0,0,0,,DEPTH_SNAPSHOT_STREAM,false
709,POST_RESOLUTION_DIAGNOSTIC,,,,0,0,0,0,,DEPTH_SNAPSHOT_STREAM,false
710,PRE_ELECTION,,61.0,,0,0,0,0,,DEPTH_SNAPSHOT_STREAM,false
710,ELECTION_DAY_PRE_RESULTS,,8.183333,,0,0,0,0,,DEPTH_SNAPSHOT_STREAM,false
710,ACTIVE_RESULTS,,6.0,,0,0,0,0,,DEPTH_SNAPSHOT_STREAM,false
710,LATE_COUNT,,44.816667,,0,0,0,0,,DEPTH_SNAPSHOT_STREAM,false
710,POST_RESOLUTION_DIAGNOSTIC,,,,0,0,0,0,,DEPTH_SNAPSHOT_STREAM,false
711,PRE_ELECTION,,61.0,,0,0,0,0,,DEPTH_SNAPSHOT_STREAM,false
711,ELECTION_DAY_PRE_RESULTS,,8.183333,,0,0,0,0,,DEPTH_SNAPSHOT_STREAM,false
711,ACTIVE_RESULTS,,6.0,,0,0,0,0,,DEPTH_SNAPSHOT_STREAM,false
711,LATE_COUNT,,44.816667,,0,0,0,0,,DEPTH_SNAPSHOT_STREAM,false
711,POST_RESOLUTION_DIAGNOSTIC,,,,0,0,0,0,,DEPTH_SNAPSHOT_STREAM,false
712,PRE_ELECTION,,61.0,,0,0,0,0,,DEPTH_SNAPSHOT_STREAM,false
712,ELECTION_DAY_PRE_RESULTS,,8.183333,,0,0,0,0,,DEPTH_SNAPSHOT_STREAM,false
712,ACTIVE_RESULTS,,6.0,,0,0,0,0,,DEPTH_SNAPSHOT_STREAM,false
712,LATE_COUNT,,44.816667,,0,0,0,0,,DEPTH_SNAPSHOT_STREAM,false
712,POST_RESOLUTION_DIAGNOSTIC,,,,0,0,0,0,,DEPTH_SNAPSHOT_STREAM,false
713,PRE_ELECTION,,61.0,,0,0,0,0,,DEPTH_SNAPSHOT_STREAM,false
713,ELECTION_DAY_PRE_RESULTS,,8.183333,,0,0,0,0,,DEPTH_SNAPSHOT_STREAM,false
713,ACTIVE_RESULTS,,6.0,,0,0,0,0,,DEPTH_SNAPSHOT_STREAM,false
713,LATE_COUNT,,44.816667,,0,0,0,0,,DEPTH_SNAPSHOT_STREAM,false
713,POST_RESOLUTION_DIAGNOSTIC,,,,0,0,0,0,,DEPTH_SNAPSHOT_STREAM,false
714,PRE_ELECTION,,61.0,,0,0,0,0,,DEPTH_SNAPSHOT_STREAM,false
714,ELECTION_DAY_PRE_RESULTS,,8.183333,,0,0,0,0,,DEPTH_SNAPSHOT_STREAM,false
714,ACTIVE_RESULTS,,6.0,,0,0,0,0,,DEPTH_SNAPSHOT_STREAM,false
714,LATE_COUNT,,44.816667,,0,0,0,0,,DEPTH_SNAPSHOT_STREAM,false
714,POST_RESOLUTION_DIAGNOSTIC,,,,0,0,0,0,,DEPTH_SNAPSHOT_STREAM,false
715,PRE_ELECTION,,61.0,,0,0,0,0,,DEPTH_SNAPSHOT_STREAM,false
715,ELECTION_DAY_PRE_RESULTS,,8.183333,,0,0,0,0,,DEPTH_SNAPSHOT_STREAM,false
715,ACTIVE_RESULTS,,6.0,,0,0,0,0,,DEPTH_SNAPSHOT_STREAM,false
715,LATE_COUNT,,44.816667,,0,0,0,0,,DEPTH_SNAPSHOT_STREAM,false
715,POST_RESOLUTION_DIAGNOSTIC,,,,0,0,0,0,,DEPTH_SNAPSHOT_STREAM,false
716,PRE_ELECTION,,61.0,,0,0,0,0,,DEPTH_SNAPSHOT_STREAM,false
716,ELECTION_DAY_PRE_RESULTS,,8.183333,,0,0,0,0,,DEPTH_SNAPSHOT_STREAM,false
716,ACTIVE_RESULTS,,6.0,,0,0,0,0,,DEPTH_SNAPSHOT_STREAM,false
716,LATE_COUNT,,44.816667,,0,0,0,0,,DEPTH_SNAPSHOT_STREAM,false
716,POST_RESOLUTION_DIAGNOSTIC,,,,0,0,0,0,,DEPTH_SNAPSHOT_STREAM,false
717,PRE_ELECTION,,61.0,,0,0,0,0,,DEPTH_SNAPSHOT_STREAM,false
717,ELECTION_DAY_PRE_RESULTS,,8.183333,,0,0,0,0,,DEPTH_SNAPSHOT_STREAM,false
717,ACTIVE_RESULTS,,6.0,,0,0,0,0,,DEPTH_SNAPSHOT_STREAM,false
717,LATE_COUNT,,44.816667,,0,0,0,0,,DEPTH_SNAPSHOT_STREAM,false
717,POST_RESOLUTION_DIAGNOSTIC,,,,0,0,0,0,,DEPTH_SNAPSHOT_STREAM,false
718,PRE_ELECTION,,61.0,,0,0,0,0,,DEPTH_SNAPSHOT_STREAM,false
718,ELECTION_DAY_PRE_RESULTS,,8.183333,,0,0,0,0,,DEPTH_SNAPSHOT_STREAM,false
718,ACTIVE_RESULTS,,6.0,,0,0,0,0,,DEPTH_SNAPSHOT_STREAM,false
718,LATE_COUNT,,44.816667,,0,0,0,0,,DEPTH_SNAPSHOT_STREAM,false
718,POST_RESOLUTION_DIAGNOSTIC,,,,0,0,0,0,,DEPTH_SNAPSHOT_STREAM,false
719,PRE_ELECTION,,61.0,,0,0,0,0,,DEPTH_SNAPSHOT_STREAM,false
719,ELECTION_DAY_PRE_RESULTS,,8.183333,,0,0,0,0,,DEPTH_SNAPSHOT_STREAM,false
719,ACTIVE_RESULTS,,6.0,,0,0,0,0,,DEPTH_SNAPSHOT_STREAM,false
719,LATE_COUNT,,44.816667,,0,0,0,0,,DEPTH_SNAPSHOT_STREAM,false
719,POST_RESOLUTION_DIAGNOSTIC,,,,0,0,0,0,,DEPTH_SNAPSHOT_STREAM,false
720,PRE_ELECTION,,61.0,,0,0,0,0,,DEPTH_SNAPSHOT_STREAM,false
720,ELECTION_DAY_PRE_RESULTS,,8.183333,,0,0,0,0,,DEPTH_SNAPSHOT_STREAM,false
720,ACTIVE_RESULTS,,6.0,,0,0,0,0,,DEPTH_SNAPSHOT_STREAM,false
720,LATE_COUNT,,44.816667,,0,0,0,0,,DEPTH_SNAPSHOT_STREAM,false
720,POST_RESOLUTION_DIAGNOSTIC,,,,0,0,0,0,,DEPTH_SNAPSHOT_STREAM,false
721,PRE_ELECTION,,61.0,,0,0,0,0,,DEPTH_SNAPSHOT_STREAM,false
721,ELECTION_DAY_PRE_RESULTS,,8.183333,,0,0,0,0,,DEPTH_SNAPSHOT_STREAM,false
721,ACTIVE_RESULTS,,6.0,,0,0,0,0,,DEPTH_SNAPSHOT_STREAM,false
721,LATE_COUNT,,44.816667,,0,0,0,0,,DEPTH_SNAPSHOT_STREAM,false
721,POST_RESOLUTION_DIAGNOSTIC,,,,0,0,0,0,,DEPTH_SNAPSHOT_STREAM,false
722,PRE_ELECTION,,61.0,,0,0,0,0,,DEPTH_SNAPSHOT_STREAM,false
722,ELECTION_DAY_PRE_RESULTS,,8.183333,,0,0,0,0,,DEPTH_SNAPSHOT_STREAM,false
722,ACTIVE_RESULTS,,6.0,,0,0,0,0,,DEPTH_SNAPSHOT_STREAM,false
722,LATE_COUNT,,44.816667,,0,0,0,0,,DEPTH_SNAPSHOT_STREAM,false
722,POST_RESOLUTION_DIAGNOSTIC,,,,0,0,0,0,,DEPTH_SNAPSHOT_STREAM,false
723,PRE_ELECTION,,61.0,,0,0,0,0,,DEPTH_SNAPSHOT_STREAM,false
723,ELECTION_DAY_PRE_RESULTS,,8.183333,,0,0,0,0,,DEPTH_SNAPSHOT_STREAM,false
723,ACTIVE_RESULTS,,6.0,,0,0,0,0,,DEPTH_SNAPSHOT_STREAM,false
723,LATE_COUNT,,44.816667,,0,0,0,0,,DEPTH_SNAPSHOT_STREAM,false
723,POST_RESOLUTION_DIAGNOSTIC,,,,0,0,0,0,,DEPTH_SNAPSHOT_STREAM,false
724,PRE_ELECTION,,61.0,,0,0,0,0,,DEPTH_SNAPSHOT_STREAM,false
724,ELECTION_DAY_PRE_RESULTS,,8.183333,,0,0,0,0,,DEPTH_SNAPSHOT_STREAM,false
724,ACTIVE_RESULTS,,6.0,,0,0,0,0,,DEPTH_SNAPSHOT_STREAM,false
724,LATE_COUNT,,44.816667,,0,0,0,0,,DEPTH_SNAPSHOT_STREAM,false
724,POST_RESOLUTION_DIAGNOSTIC,,,,0,0,0,0,,DEPTH_SNAPSHOT_STREAM,false
725,PRE_ELECTION,,61.0,,0,0,0,0,,DEPTH_SNAPSHOT_STREAM,false
725,ELECTION_DAY_PRE_RESULTS,,8.183333,,0,0,0,0,,DEPTH_SNAPSHOT_STREAM,false
725,ACTIVE_RESULTS,,6.0,,0,0,0,0,,DEPTH_SNAPSHOT_STREAM,false
725,LATE_COUNT,,44.816667,,0,0,0,0,,DEPTH_SNAPSHOT_STREAM,false
725,POST_RESOLUTION_DIAGNOSTIC,,,,0,0,0,0,,DEPTH_SNAPSHOT_STREAM,false
726,PRE_ELECTION,,61.0,,0,0,0,0,,DEPTH_SNAPSHOT_STREAM,false
726,ELECTION_DAY_PRE_RESULTS,,8.183333,,0,0,0,0,,DEPTH_SNAPSHOT_STREAM,false
726,ACTIVE_RESULTS,,6.0,,0,0,0,0,,DEPTH_SNAPSHOT_STREAM,false
726,LATE_COUNT,,44.816667,,0,0,0,0,,DEPTH_SNAPSHOT_STREAM,false
726,POST_RESOLUTION_DIAGNOSTIC,,,,0,0,0,0,,DEPTH_SNAPSHOT_STREAM,false
727,PRE_ELECTION,,61.0,,0,0,0,0,,DEPTH_SNAPSHOT_STREAM,false
727,ELECTION_DAY_PRE_RESULTS,,8.183333,,0,0,0,0,,DEPTH_SNAPSHOT_STREAM,false
727,ACTIVE_RESULTS,,6.0,,0,0,0,0,,DEPTH_SNAPSHOT_STREAM,false
727,LATE_COUNT,,44.816667,,0,0,0,0,,DEPTH_SNAPSHOT_STREAM,false
727,POST_RESOLUTION_DIAGNOSTIC,,,,0,0,0,0,,DEPTH_SNAPSHOT_STREAM,false
728,PRE_ELECTION,,61.0,,0,0,0,0,,DEPTH_SNAPSHOT_STREAM,false
728,ELECTION_DAY_PRE_RESULTS,,8.183333,,0,0,0,0,,DEPTH_SNAPSHOT_STREAM,false
728,ACTIVE_RESULTS,,6.0,,0,0,0,0,,DEPTH_SNAPSHOT_STREAM,false
728,LATE_COUNT,,44.816667,,0,0,0,0,,DEPTH_SNAPSHOT_STREAM,false
728,POST_RESOLUTION_DIAGNOSTIC,,,,0,0,0,0,,DEPTH_SNAPSHOT_STREAM,false
729,PRE_ELECTION,,61.0,,0,0,0,0,,DEPTH_SNAPSHOT_STREAM,false
729,ELECTION_DAY_PRE_RESULTS,,8.183333,,0,0,0,0,,DEPTH_SNAPSHOT_STREAM,false
729,ACTIVE_RESULTS,,6.0,,0,0,0,0,,DEPTH_SNAPSHOT_STREAM,false
729,LATE_COUNT,,44.816667,,0,0,0,0,,DEPTH_SNAPSHOT_STREAM,false
729,POST_RESOLUTION_DIAGNOSTIC,,,,0,0,0,0,,DEPTH_SNAPSHOT_STREAM,false
730,PRE_ELECTION,,61.0,,0,0,0,0,,DEPTH_SNAPSHOT_STREAM,false
730,ELECTION_DAY_PRE_RESULTS,,8.183333,,0,0,0,0,,DEPTH_SNAPSHOT_STREAM,false
730,ACTIVE_RESULTS,,6.0,,0,0,0,0,,DEPTH_SNAPSHOT_STREAM,false
730,LATE_COUNT,,44.816667,,0,0,0,0,,DEPTH_SNAPSHOT_STREAM,false
730,POST_RESOLUTION_DIAGNOSTIC,,,,0,0,0,0,,DEPTH_SNAPSHOT_STREAM,false
731,PRE_ELECTION,,61.0,,0,0,0,0,,DEPTH_SNAPSHOT_STREAM,false
731,ELECTION_DAY_PRE_RESULTS,,8.183333,,0,0,0,0,,DEPTH_SNAPSHOT_STREAM,false
731,ACTIVE_RESULTS,,6.0,,0,0,0,0,,DEPTH_SNAPSHOT_STREAM,false
731,LATE_COUNT,,44.816667,,0,0,0,0,,DEPTH_SNAPSHOT_STREAM,false
731,POST_RESOLUTION_DIAGNOSTIC,,,,0,0,0,0,,DEPTH_SNAPSHOT_STREAM,false
732,PRE_ELECTION,,61.0,,0,0,0,0,,DEPTH_SNAPSHOT_STREAM,false
732,ELECTION_DAY_PRE_RESULTS,,8.183333,,0,0,0,0,,DEPTH_SNAPSHOT_STREAM,false
732,ACTIVE_RESULTS,,6.0,,0,0,0,0,,DEPTH_SNAPSHOT_STREAM,false
732,LATE_COUNT,,44.816667,,0,0,0,0,,DEPTH_SNAPSHOT_STREAM,false
732,POST_RESOLUTION_DIAGNOSTIC,,,,0,0,0,0,,DEPTH_SNAPSHOT_STREAM,false
733,PRE_ELECTION,,61.0,,0,0,0,0,,DEPTH_SNAPSHOT_STREAM,false
733,ELECTION_DAY_PRE_RESULTS,,8.183333,,0,0,0,0,,DEPTH_SNAPSHOT_STREAM,false
733,ACTIVE_RESULTS,,6.0,,0,0,0,0,,DEPTH_SNAPSHOT_STREAM,false
733,LATE_COUNT,,44.816667,,0,0,0,0,,DEPTH_SNAPSHOT_STREAM,false
733,POST_RESOLUTION_DIAGNOSTIC,,,,0,0,0,0,,DEPTH_SNAPSHOT_STREAM,false
734,PRE_ELECTION,,61.0,,0,0,0,0,,DEPTH_SNAPSHOT_STREAM,false
734,ELECTION_DAY_PRE_RESULTS,,8.183333,,0,0,0,0,,DEPTH_SNAPSHOT_STREAM,false
734,ACTIVE_RESULTS,,6.0,,0,0,0,0,,DEPTH_SNAPSHOT_STREAM,false
734,LATE_COUNT,,44.816667,,0,0,0,0,,DEPTH_SNAPSHOT_STREAM,false
734,POST_RESOLUTION_DIAGNOSTIC,,,,0,0,0,0,,DEPTH_SNAPSHOT_STREAM,false
735,PRE_ELECTION,,61.0,,0,0,0,0,,DEPTH_SNAPSHOT_STREAM,false
735,ELECTION_DAY_PRE_RESULTS,,8.183333,,0,0,0,0,,DEPTH_SNAPSHOT_STREAM,false
735,ACTIVE_RESULTS,,6.0,,0,0,0,0,,DEPTH_SNAPSHOT_STREAM,false
735,LATE_COUNT,,44.816667,,0,0,0,0,,DEPTH_SNAPSHOT_STREAM,false
735,POST_RESOLUTION_DIAGNOSTIC,,,,0,0,0,0,,DEPTH_SNAPSHOT_STREAM,false
736,PRE_ELECTION,,61.0,,0,0,0,0,,DEPTH_SNAPSHOT_STREAM,false
736,ELECTION_DAY_PRE_RESULTS,,8.183333,,0,0,0,0,,DEPTH_SNAPSHOT_STREAM,false
736,ACTIVE_RESULTS,,6.0,,0,0,0,0,,DEPTH_SNAPSHOT_STREAM,false
736,LATE_COUNT,,44.816667,,0,0,0,0,,DEPTH_SNAPSHOT_STREAM,false
736,POST_RESOLUTION_DIAGNOSTIC,,,,0,0,0,0,,DEPTH_SNAPSHOT_STREAM,false
737,PRE_ELECTION,,61.0,,0,0,0,0,,DEPTH_SNAPSHOT_STREAM,false
737,ELECTION_DAY_PRE_RESULTS,,8.183333,,0,0,0,0,,DEPTH_SNAPSHOT_STREAM,false
737,ACTIVE_RESULTS,,6.0,,0,0,0,0,,DEPTH_SNAPSHOT_STREAM,false
737,LATE_COUNT,,44.816667,,0,0,0,0,,DEPTH_SNAPSHOT_STREAM,false
737,POST_RESOLUTION_DIAGNOSTIC,,,,0,0,0,0,,DEPTH_SNAPSHOT_STREAM,false
738,PRE_ELECTION,,61.0,,0,0,0,0,,DEPTH_SNAPSHOT_STREAM,false
738,ELECTION_DAY_PRE_RESULTS,,8.183333,,0,0,0,0,,DEPTH_SNAPSHOT_STREAM,false
738,ACTIVE_RESULTS,,6.0,,0,0,0,0,,DEPTH_SNAPSHOT_STREAM,false
738,LATE_COUNT,,44.816667,,0,0,0,0,,DEPTH_SNAPSHOT_STREAM,false
738,POST_RESOLUTION_DIAGNOSTIC,,,,0,0,0,0,,DEPTH_SNAPSHOT_STREAM,false
739,PRE_ELECTION,,61.0,,0,0,0,0,,DEPTH_SNAPSHOT_STREAM,false
739,ELECTION_DAY_PRE_RESULTS,,8.183333,,0,0,0,0,,DEPTH_SNAPSHOT_STREAM,false
739,ACTIVE_RESULTS,,6.0,,0,0,0,0,,DEPTH_SNAPSHOT_STREAM,false
739,LATE_COUNT,,44.816667,,0,0,0,0,,DEPTH_SNAPSHOT_STREAM,false
739,POST_RESOLUTION_DIAGNOSTIC,,,,0,0,0,0,,DEPTH_SNAPSHOT_STREAM,false
740,PRE_ELECTION,,61.0,,0,0,0,0,,DEPTH_SNAPSHOT_STREAM,false
740,ELECTION_DAY_PRE_RESULTS,,8.183333,,0,0,0,0,,DEPTH_SNAPSHOT_STREAM,false
740,ACTIVE_RESULTS,,6.0,,0,0,0,0,,DEPTH_SNAPSHOT_STREAM,false
740,LATE_COUNT,,44.816667,,0,0,0,0,,DEPTH_SNAPSHOT_STREAM,false
740,POST_RESOLUTION_DIAGNOSTIC,,,,0,0,0,0,,DEPTH_SNAPSHOT_STREAM,false
741,PRE_ELECTION,,61.0,,0,0,0,0,,DEPTH_SNAPSHOT_STREAM,false
741,ELECTION_DAY_PRE_RESULTS,,8.183333,,0,0,0,0,,DEPTH_SNAPSHOT_STREAM,false
741,ACTIVE_RESULTS,,6.0,,0,0,0,0,,DEPTH_SNAPSHOT_STREAM,false
741,LATE_COUNT,,44.816667,,0,0,0,0,,DEPTH_SNAPSHOT_STREAM,false
741,POST_RESOLUTION_DIAGNOSTIC,,,,0,0,0,0,,DEPTH_SNAPSHOT_STREAM,false
742,PRE_ELECTION,,61.0,,0,0,0,0,,DEPTH_SNAPSHOT_STREAM,false
742,ELECTION_DAY_PRE_RESULTS,,8.183333,,0,0,0,0,,DEPTH_SNAPSHOT_STREAM,false
742,ACTIVE_RESULTS,,6.0,,0,0,0,0,,DEPTH_SNAPSHOT_STREAM,false
742,LATE_COUNT,,44.816667,,0,0,0,0,,DEPTH_SNAPSHOT_STREAM,false
742,POST_RESOLUTION_DIAGNOSTIC,,,,0,0,0,0,,DEPTH_SNAPSHOT_STREAM,false
743,PRE_ELECTION,,61.0,,0,0,0,0,,DEPTH_SNAPSHOT_STREAM,false
743,ELECTION_DAY_PRE_RESULTS,,8.183333,,0,0,0,0,,DEPTH_SNAPSHOT_STREAM,false
743,ACTIVE_RESULTS,,6.0,,0,0,0,0,,DEPTH_SNAPSHOT_STREAM,false
743,LATE_COUNT,,44.816667,,0,0,0,0,,DEPTH_SNAPSHOT_STREAM,false
743,POST_RESOLUTION_DIAGNOSTIC,,,,0,0,0,0,,DEPTH_SNAPSHOT_STREAM,false
744,PRE_ELECTION,,61.0,,0,0,0,0,,DEPTH_SNAPSHOT_STREAM,false
744,ELECTION_DAY_PRE_RESULTS,,8.183333,,0,0,0,0,,DEPTH_SNAPSHOT_STREAM,false
744,ACTIVE_RESULTS,,6.0,,0,0,0,0,,DEPTH_SNAPSHOT_STREAM,false
744,LATE_COUNT,,44.816667,,0,0,0,0,,DEPTH_SNAPSHOT_STREAM,false
744,POST_RESOLUTION_DIAGNOSTIC,,,,0,0,0,0,,DEPTH_SNAPSHOT_STREAM,false
745,PRE_ELECTION,,61.0,,0,0,0,0,,DEPTH_SNAPSHOT_STREAM,false
745,ELECTION_DAY_PRE_RESULTS,,8.183333,,0,0,0,0,,DEPTH_SNAPSHOT_STREAM,false
745,ACTIVE_RESULTS,,6.0,,0,0,0,0,,DEPTH_SNAPSHOT_STREAM,false
745,LATE_COUNT,,44.816667,,0,0,0,0,,DEPTH_SNAPSHOT_STREAM,false
745,POST_RESOLUTION_DIAGNOSTIC,,,,0,0,0,0,,DEPTH_SNAPSHOT_STREAM,false
746,PRE_ELECTION,,61.0,,0,0,0,0,,DEPTH_SNAPSHOT_STREAM,false
746,ELECTION_DAY_PRE_RESULTS,,8.183333,,0,0,0,0,,DEPTH_SNAPSHOT_STREAM,false
746,ACTIVE_RESULTS,,6.0,,0,0,0,0,,DEPTH_SNAPSHOT_STREAM,false
746,LATE_COUNT,,44.816667,,0,0,0,0,,DEPTH_SNAPSHOT_STREAM,false
746,POST_RESOLUTION_DIAGNOSTIC,,,,0,0,0,0,,DEPTH_SNAPSHOT_STREAM,false
747,PRE_ELECTION,,61.0,,0,0,0,0,,DEPTH_SNAPSHOT_STREAM,false
747,ELECTION_DAY_PRE_RESULTS,,8.183333,,0,0,0,0,,DEPTH_SNAPSHOT_STREAM,false
747,ACTIVE_RESULTS,,6.0,,0,0,0,0,,DEPTH_SNAPSHOT_STREAM,false
747,LATE_COUNT,,44.816667,,0,0,0,0,,DEPTH_SNAPSHOT_STREAM,false
747,POST_RESOLUTION_DIAGNOSTIC,,,,0,0,0,0,,DEPTH_SNAPSHOT_STREAM,false
748,PRE_ELECTION,,61.0,,0,0,0,0,,DEPTH_SNAPSHOT_STREAM,false
748,ELECTION_DAY_PRE_RESULTS,,8.183333,,0,0,0,0,,DEPTH_SNAPSHOT_STREAM,false
748,ACTIVE_RESULTS,,6.0,,0,0,0,0,,DEPTH_SNAPSHOT_STREAM,false
748,LATE_COUNT,,44.816667,,0,0,0,0,,DEPTH_SNAPSHOT_STREAM,false
748,POST_RESOLUTION_DIAGNOSTIC,,,,0,0,0,0,,DEPTH_SNAPSHOT_STREAM,false
749,PRE_ELECTION,,61.0,,0,0,0,0,,DEPTH_SNAPSHOT_STREAM,false
749,ELECTION_DAY_PRE_RESULTS,,8.183333,,0,0,0,0,,DEPTH_SNAPSHOT_STREAM,false
749,ACTIVE_RESULTS,,6.0,,0,0,0,0,,DEPTH_SNAPSHOT_STREAM,false
749,LATE_COUNT,,44.816667,,0,0,0,0,,DEPTH_SNAPSHOT_STREAM,false
749,POST_RESOLUTION_DIAGNOSTIC,,,,0,0,0,0,,DEPTH_SNAPSHOT_STREAM,false
750,PRE_ELECTION,,61.0,,0,0,0,0,,DEPTH_SNAPSHOT_STREAM,false
750,ELECTION_DAY_PRE_RESULTS,,8.183333,,0,0,0,0,,DEPTH_SNAPSHOT_STREAM,false
750,ACTIVE_RESULTS,,6.0,,0,0,0,0,,DEPTH_SNAPSHOT_STREAM,false
750,LATE_COUNT,,44.816667,,0,0,0,0,,DEPTH_SNAPSHOT_STREAM,false
750,POST_RESOLUTION_DIAGNOSTIC,,,,0,0,0,0,,DEPTH_SNAPSHOT_STREAM,false
751,PRE_ELECTION,,61.0,,0,0,0,0,,DEPTH_SNAPSHOT_STREAM,false
751,ELECTION_DAY_PRE_RESULTS,,8.183333,,0,0,0,0,,DEPTH_SNAPSHOT_STREAM,false
751,ACTIVE_RESULTS,,6.0,,0,0,0,0,,DEPTH_SNAPSHOT_STREAM,false
751,LATE_COUNT,,44.816667,,0,0,0,0,,DEPTH_SNAPSHOT_STREAM,false
751,POST_RESOLUTION_DIAGNOSTIC,,,,0,0,0,0,,DEPTH_SNAPSHOT_STREAM,false
752,PRE_ELECTION,,61.0,,0,0,0,0,,DEPTH_SNAPSHOT_STREAM,false
752,ELECTION_DAY_PRE_RESULTS,,8.183333,,0,0,0,0,,DEPTH_SNAPSHOT_STREAM,false
752,ACTIVE_RESULTS,,6.0,,0,0,0,0,,DEPTH_SNAPSHOT_STREAM,false
752,LATE_COUNT,,44.816667,,0,0,0,0,,DEPTH_SNAPSHOT_STREAM,false
752,POST_RESOLUTION_DIAGNOSTIC,,,,0,0,0,0,,DEPTH_SNAPSHOT_STREAM,false
753,PRE_ELECTION,,61.0,,0,0,0,0,,DEPTH_SNAPSHOT_STREAM,false
753,ELECTION_DAY_PRE_RESULTS,,8.183333,,0,0,0,0,,DEPTH_SNAPSHOT_STREAM,false
753,ACTIVE_RESULTS,,6.0,,0,0,0,0,,DEPTH_SNAPSHOT_STREAM,false
753,LATE_COUNT,,44.816667,,0,0,0,0,,DEPTH_SNAPSHOT_STREAM,false
753,POST_RESOLUTION_DIAGNOSTIC,,,,0,0,0,0,,DEPTH_SNAPSHOT_STREAM,false
754,PRE_ELECTION,,61.0,,0,0,0,0,,DEPTH_SNAPSHOT_STREAM,false
754,ELECTION_DAY_PRE_RESULTS,,8.183333,,0,0,0,0,,DEPTH_SNAPSHOT_STREAM,false
754,ACTIVE_RESULTS,,6.0,,0,0,0,0,,DEPTH_SNAPSHOT_STREAM,false
754,LATE_COUNT,,44.816667,,0,0,0,0,,DEPTH_SNAPSHOT_STREAM,false
754,POST_RESOLUTION_DIAGNOSTIC,,,,0,0,0,0,,DEPTH_SNAPSHOT_STREAM,false
755,PRE_ELECTION,,61.0,,0,0,0,0,,DEPTH_SNAPSHOT_STREAM,false
755,ELECTION_DAY_PRE_RESULTS,,8.183333,,0,0,0,0,,DEPTH_SNAPSHOT_STREAM,false
755,ACTIVE_RESULTS,,6.0,,0,0,0,0,,DEPTH_SNAPSHOT_STREAM,false
755,LATE_COUNT,,44.816667,,0,0,0,0,,DEPTH_SNAPSHOT_STREAM,false
755,POST_RESOLUTION_DIAGNOSTIC,,,,0,0,0,0,,DEPTH_SNAPSHOT_STREAM,false
756,PRE_ELECTION,,61.0,,0,0,0,0,,DEPTH_SNAPSHOT_STREAM,false
756,ELECTION_DAY_PRE_RESULTS,,8.183333,,0,0,0,0,,DEPTH_SNAPSHOT_STREAM,false
756,ACTIVE_RESULTS,,6.0,,0,0,0,0,,DEPTH_SNAPSHOT_STREAM,false
756,LATE_COUNT,,44.816667,,0,0,0,0,,DEPTH_SNAPSHOT_STREAM,false
756,POST_RESOLUTION_DIAGNOSTIC,,,,0,0,0,0,,DEPTH_SNAPSHOT_STREAM,false
757,PRE_ELECTION,,61.0,,0,0,0,0,,DEPTH_SNAPSHOT_STREAM,false
757,ELECTION_DAY_PRE_RESULTS,,8.183333,,0,0,0,0,,DEPTH_SNAPSHOT_STREAM,false
757,ACTIVE_RESULTS,,6.0,,0,0,0,0,,DEPTH_SNAPSHOT_STREAM,false
757,LATE_COUNT,,44.816667,,0,0,0,0,,DEPTH_SNAPSHOT_STREAM,false
757,POST_RESOLUTION_DIAGNOSTIC,,,,0,0,0,0,,DEPTH_SNAPSHOT_STREAM,false
758,PRE_ELECTION,,61.0,,0,0,0,0,,DEPTH_SNAPSHOT_STREAM,false
758,ELECTION_DAY_PRE_RESULTS,,8.183333,,0,0,0,0,,DEPTH_SNAPSHOT_STREAM,false
758,ACTIVE_RESULTS,,6.0,,0,0,0,0,,DEPTH_SNAPSHOT_STREAM,false
758,LATE_COUNT,,44.816667,,0,0,0,0,,DEPTH_SNAPSHOT_STREAM,false
758,POST_RESOLUTION_DIAGNOSTIC,,,,0,0,0,0,,DEPTH_SNAPSHOT_STREAM,false
759,PRE_ELECTION,,61.0,,0,0,0,0,,DEPTH_SNAPSHOT_STREAM,false
759,ELECTION_DAY_PRE_RESULTS,,8.183333,,0,0,0,0,,DEPTH_SNAPSHOT_STREAM,false
759,ACTIVE_RESULTS,,6.0,,0,0,0,0,,DEPTH_SNAPSHOT_STREAM,false
759,LATE_COUNT,,44.816667,,0,0,0,0,,DEPTH_SNAPSHOT_STREAM,false
759,POST_RESOLUTION_DIAGNOSTIC,,,,0,0,0,0,,DEPTH_SNAPSHOT_STREAM,false
760,PRE_ELECTION,,61.0,,0,0,0,0,,DEPTH_SNAPSHOT_STREAM,false
760,ELECTION_DAY_PRE_RESULTS,,8.183333,,0,0,0,0,,DEPTH_SNAPSHOT_STREAM,false
760,ACTIVE_RESULTS,,6.0,,0,0,0,0,,DEPTH_SNAPSHOT_STREAM,false
760,LATE_COUNT,,44.816667,,0,0,0,0,,DEPTH_SNAPSHOT_STREAM,false
760,POST_RESOLUTION_DIAGNOSTIC,,,,0,0,0,0,,DEPTH_SNAPSHOT_STREAM,false
761,PRE_ELECTION,,61.0,,0,0,0,0,,DEPTH_SNAPSHOT_STREAM,false
761,ELECTION_DAY_PRE_RESULTS,,8.183333,,0,0,0,0,,DEPTH_SNAPSHOT_STREAM,false
761,ACTIVE_RESULTS,,6.0,,0,0,0,0,,DEPTH_SNAPSHOT_STREAM,false
761,LATE_COUNT,,44.816667,,0,0,0,0,,DEPTH_SNAPSHOT_STREAM,false
761,POST_RESOLUTION_DIAGNOSTIC,,,,0,0,0,0,,DEPTH_SNAPSHOT_STREAM,false
762,PRE_ELECTION,60.997401,61.0,0.99995739,26001,22,5,7,1869.565,BBO_CHANGE_STREAM,false
762,ELECTION_DAY_PRE_RESULTS,8.174522,8.183333,0.9989233,11060,0,0,0,485.44,BBO_CHANGE_STREAM,false
762,ACTIVE_RESULTS,5.995973,6.0,0.99932883,53189,0,0,0,231.498,BBO_CHANGE_STREAM,false
762,LATE_COUNT,44.803697,44.816667,0.9997106,112974,13,1,4,1109.026,BBO_CHANGE_STREAM,true
762,POST_RESOLUTION_DIAGNOSTIC,,,,0,0,0,0,,DEPTH_SNAPSHOT_STREAM,false
763,PRE_ELECTION,60.997401,61.0,0.99995739,26001,19,5,32,1869.565,BBO_CHANGE_STREAM,false
763,ELECTION_DAY_PRE_RESULTS,8.174522,8.183333,0.9989233,11059,0,0,0,485.44,BBO_CHANGE_STREAM,false
763,ACTIVE_RESULTS,5.995973,6.0,0.99932883,53189,0,0,0,231.498,BBO_CHANGE_STREAM,false
763,LATE_COUNT,44.803592,44.816667,0.99970826,112967,11,1,3,1109.026,BBO_CHANGE_STREAM,true
763,POST_RESOLUTION_DIAGNOSTIC,,,,0,0,0,0,,DEPTH_SNAPSHOT_STREAM,false
764,PRE_ELECTION,60.997687,61.0,0.99996208,9774,11,1,1,2110.383,BBO_CHANGE_STREAM,false
764,ELECTION_DAY_PRE_RESULTS,8.117166,8.183333,0.99191442,1954,0,0,0,1081.833,BBO_CHANGE_STREAM,false
764,ACTIVE_RESULTS,5.902175,6.0,0.98369583,1256,0,0,0,914.259,BBO_CHANGE_STREAM,false
764,LATE_COUNT,44.644177,44.816667,0.99615121,8918,9,0,0,2734.165,BBO_CHANGE_STREAM,true
764,POST_RESOLUTION_DIAGNOSTIC,,,,0,0,0,0,,DEPTH_SNAPSHOT_STREAM,false
765,PRE_ELECTION,60.997687,61.0,0.99996208,9777,12,0,1,2110.383,BBO_CHANGE_STREAM,false
765,ELECTION_DAY_PRE_RESULTS,8.117166,8.183333,0.99191442,1954,0,0,0,1081.833,BBO_CHANGE_STREAM,false
765,ACTIVE_RESULTS,5.902175,6.0,0.98369583,1257,0,0,0,914.259,BBO_CHANGE_STREAM,false
765,LATE_COUNT,44.644177,44.816667,0.99615121,8918,8,0,0,2734.165,BBO_CHANGE_STREAM,true
765,POST_RESOLUTION_DIAGNOSTIC,,,,0,0,0,0,,DEPTH_SNAPSHOT_STREAM,false
766,PRE_ELECTION,60.989232,61.0,0.99982348,7349,12,0,0,1871.155,BBO_CHANGE_STREAM,false
766,ELECTION_DAY_PRE_RESULTS,8.111251,8.183333,0.99119161,922,0,0,0,1000.17,BBO_CHANGE_STREAM,false
766,ACTIVE_RESULTS,5.868003,6.0,0.9780005,825,0,0,0,1157.032,BBO_CHANGE_STREAM,false
766,LATE_COUNT,44.680395,44.816667,0.99695935,24360,17,4,8,1586.892,BBO_CHANGE_STREAM,true
766,POST_RESOLUTION_DIAGNOSTIC,,,,0,0,0,0,,DEPTH_SNAPSHOT_STREAM,false
767,PRE_ELECTION,60.989232,61.0,0.99982348,7349,6,0,0,1871.155,BBO_CHANGE_STREAM,false
767,ELECTION_DAY_PRE_RESULTS,8.111251,8.183333,0.99119161,922,0,0,0,1000.17,BBO_CHANGE_STREAM,false
767,ACTIVE_RESULTS,5.868003,6.0,0.9780005,826,0,0,0,1157.032,BBO_CHANGE_STREAM,false
767,LATE_COUNT,44.697103,44.816667,0.99733215,24360,15,0,0,1586.892,BBO_CHANGE_STREAM,true
767,POST_RESOLUTION_DIAGNOSTIC,,,,0,0,0,0,,DEPTH_SNAPSHOT_STREAM,false
768,PRE_ELECTION,60.994381,61.0,0.99990789,10484,20,3,7,3538.646,BBO_CHANGE_STREAM,false
768,ELECTION_DAY_PRE_RESULTS,8.053774,8.183333,0.98416794,2287,2,1,2,785.859,BBO_CHANGE_STREAM,false
768,ACTIVE_RESULTS,5.853351,6.0,0.9755585,1370,0,0,0,1025.025,BBO_CHANGE_STREAM,false
768,LATE_COUNT,44.703427,44.816667,0.99747326,13735,12,1,1,1954.367,BBO_CHANGE_STREAM,true
768,POST_RESOLUTION_DIAGNOSTIC,,,,0,0,0,0,,DEPTH_SNAPSHOT_STREAM,false
769,PRE_ELECTION,60.994381,61.0,0.99990789,10484,25,10,21,3538.646,BBO_CHANGE_STREAM,false
769,ELECTION_DAY_PRE_RESULTS,8.053774,8.183333,0.98416794,2287,2,1,3,785.859,BBO_CHANGE_STREAM,false
769,ACTIVE_RESULTS,5.853351,6.0,0.9755585,1370,0,0,0,1025.025,BBO_CHANGE_STREAM,false
769,LATE_COUNT,44.703427,44.816667,0.99747326,13735,8,0,1,1954.367,BBO_CHANGE_STREAM,true
769,POST_RESOLUTION_DIAGNOSTIC,,,,0,0,0,0,,DEPTH_SNAPSHOT_STREAM,false
770,PRE_ELECTION,60.995467,61.0,0.99992569,19169,21,2,3,2179.58,BBO_CHANGE_STREAM,false
770,ELECTION_DAY_PRE_RESULTS,8.179332,8.183333,0.99951108,6098,2,0,0,130.863,BBO_CHANGE_STREAM,false
770,ACTIVE_RESULTS,5.997148,6.0,0.99952467,8137,3,0,0,277.584,BBO_CHANGE_STREAM,false
770,LATE_COUNT,44.672791,44.816667,0.99678968,40665,9,0,0,1542.688,BBO_CHANGE_STREAM,true
770,POST_RESOLUTION_DIAGNOSTIC,,,,0,0,0,0,,DEPTH_SNAPSHOT_STREAM,false
771,PRE_ELECTION,60.995467,61.0,0.99992569,19164,17,8,19,2179.58,BBO_CHANGE_STREAM,false
771,ELECTION_DAY_PRE_RESULTS,8.179332,8.183333,0.99951108,6098,2,2,4,130.863,BBO_CHANGE_STREAM,false
771,ACTIVE_RESULTS,5.997148,6.0,0.99952467,8137,3,3,12,277.584,BBO_CHANGE_STREAM,false
771,LATE_COUNT,44.672791,44.816667,0.99678968,40663,14,0,0,1542.688,BBO_CHANGE_STREAM,true
771,POST_RESOLUTION_DIAGNOSTIC,,,,0,0,0,0,,DEPTH_SNAPSHOT_STREAM,false
772,PRE_ELECTION,60.991227,61.0,0.99985618,32252,33,7,35,1871.155,BBO_CHANGE_STREAM,false
772,ELECTION_DAY_PRE_RESULTS,8.173988,8.183333,0.99885804,4716,5,1,5,248.296,BBO_CHANGE_STREAM,false
772,ACTIVE_RESULTS,5.900814,6.0,0.983469,836,0,0,0,803.813,BBO_CHANGE_STREAM,false
772,LATE_COUNT,44.369406,44.816667,0.99002021,7585,7,0,0,2008.687,BBO_CHANGE_STREAM,true
772,POST_RESOLUTION_DIAGNOSTIC,,,,0,0,0,0,,DEPTH_SNAPSHOT_STREAM,false
773,PRE_ELECTION,60.991227,61.0,0.99985618,32253,27,11,13,1871.155,BBO_CHANGE_STREAM,false
773,ELECTION_DAY_PRE_RESULTS,8.173988,8.183333,0.99885804,4716,3,2,2,248.296,BBO_CHANGE_STREAM,false
773,ACTIVE_RESULTS,5.900814,6.0,0.983469,838,0,0,0,803.813,BBO_CHANGE_STREAM,false
773,LATE_COUNT,44.369406,44.816667,0.99002021,7589,10,0,0,2008.687,BBO_CHANGE_STREAM,true
773,POST_RESOLUTION_DIAGNOSTIC,,,,0,0,0,0,,DEPTH_SNAPSHOT_STREAM,false
774,PRE_ELECTION,60.997107,61.0,0.99995257,11282,14,1,13,1871.155,BBO_CHANGE_STREAM,false
774,ELECTION_DAY_PRE_RESULTS,8.147291,8.183333,0.99559568,966,3,0,0,1426.561,BBO_CHANGE_STREAM,false
774,ACTIVE_RESULTS,5.993115,6.0,0.9988525,3688,0,0,0,700.584,BBO_CHANGE_STREAM,false
774,LATE_COUNT,44.789787,44.816667,0.99940022,5751,13,0,0,1578.434,BBO_CHANGE_STREAM,true
774,POST_RESOLUTION_DIAGNOSTIC,,,,0,0,0,0,,DEPTH_SNAPSHOT_STREAM,false
775,PRE_ELECTION,60.997107,61.0,0.99995257,11282,11,1,1,1871.155,BBO_CHANGE_STREAM,false
775,ELECTION_DAY_PRE_RESULTS,8.147291,8.183333,0.99559568,967,0,0,0,1426.561,BBO_CHANGE_STREAM,false
775,ACTIVE_RESULTS,5.993115,6.0,0.9988525,3688,0,0,0,700.584,BBO_CHANGE_STREAM,false
775,LATE_COUNT,44.789787,44.816667,0.99940022,5752,11,0,0,1578.434,BBO_CHANGE_STREAM,true
775,POST_RESOLUTION_DIAGNOSTIC,,,,0,0,0,0,,DEPTH_SNAPSHOT_STREAM,false
776,PRE_ELECTION,60.996603,61.0,0.99994431,21032,12,0,0,1444.569,BBO_CHANGE_STREAM,false
776,ELECTION_DAY_PRE_RESULTS,8.048353,8.183333,0.9835055,2372,0,0,0,1016.141,BBO_CHANGE_STREAM,false
776,ACTIVE_RESULTS,5.910704,6.0,0.98511733,2017,0,0,0,791.453,BBO_CHANGE_STREAM,false
776,LATE_COUNT,44.796072,44.816667,0.99954046,9724,10,0,0,1774.651,BBO_CHANGE_STREAM,true
776,POST_RESOLUTION_DIAGNOSTIC,,,,0,0,0,0,,DEPTH_SNAPSHOT_STREAM,false
777,PRE_ELECTION,60.996603,61.0,0.99994431,21029,11,0,0,1444.569,BBO_CHANGE_STREAM,false
777,ELECTION_DAY_PRE_RESULTS,8.048353,8.183333,0.9835055,2372,0,0,0,1016.141,BBO_CHANGE_STREAM,false
777,ACTIVE_RESULTS,5.910704,6.0,0.98511733,2017,0,0,0,791.453,BBO_CHANGE_STREAM,false
777,LATE_COUNT,44.796072,44.816667,0.99954046,9724,7,0,0,1774.651,BBO_CHANGE_STREAM,true
777,POST_RESOLUTION_DIAGNOSTIC,,,,0,0,0,0,,DEPTH_SNAPSHOT_STREAM,false
778,PRE_ELECTION,60.996603,61.0,0.99994431,10615,13,0,0,1584.07,BBO_CHANGE_STREAM,false
778,ELECTION_DAY_PRE_RESULTS,8.143908,8.183333,0.99518228,2213,0,0,0,1263.6,BBO_CHANGE_STREAM,false
778,ACTIVE_RESULTS,5.840294,6.0,0.97338233,1323,0,0,0,794.345,BBO_CHANGE_STREAM,false
778,LATE_COUNT,44.785773,44.816667,0.99931066,9387,9,0,0,1505.612,BBO_CHANGE_STREAM,true
778,POST_RESOLUTION_DIAGNOSTIC,,,,0,0,0,0,,DEPTH_SNAPSHOT_STREAM,false
779,PRE_ELECTION,60.996603,61.0,0.99994431,10620,11,0,0,1584.235,BBO_CHANGE_STREAM,false
779,ELECTION_DAY_PRE_RESULTS,8.143908,8.183333,0.99518228,2213,0,0,0,1263.6,BBO_CHANGE_STREAM,false
779,ACTIVE_RESULTS,5.840294,6.0,0.97338233,1324,0,0,0,794.345,BBO_CHANGE_STREAM,false
779,LATE_COUNT,44.785773,44.816667,0.99931066,9388,10,0,0,1505.612,BBO_CHANGE_STREAM,true
779,POST_RESOLUTION_DIAGNOSTIC,,,,0,0,0,0,,DEPTH_SNAPSHOT_STREAM,false
780,PRE_ELECTION,60.988933,61.0,0.99981857,6919,9,0,0,2561.294,BBO_CHANGE_STREAM,false
780,ELECTION_DAY_PRE_RESULTS,8.086432,8.183333,0.98815874,1310,0,0,0,1760.542,BBO_CHANGE_STREAM,false
780,ACTIVE_RESULTS,5.870939,6.0,0.97848983,808,0,0,0,958.114,BBO_CHANGE_STREAM,false
780,LATE_COUNT,44.650212,44.816667,0.99628587,5522,14,0,0,2735.827,BBO_CHANGE_STREAM,true
780,POST_RESOLUTION_DIAGNOSTIC,,,,0,0,0,0,,DEPTH_SNAPSHOT_STREAM,false
781,PRE_ELECTION,60.988933,61.0,0.99981857,6918,4,0,0,2561.294,BBO_CHANGE_STREAM,false
781,ELECTION_DAY_PRE_RESULTS,8.086432,8.183333,0.98815874,1310,0,0,0,1760.542,BBO_CHANGE_STREAM,false
781,ACTIVE_RESULTS,5.870939,6.0,0.97848983,808,0,0,0,958.114,BBO_CHANGE_STREAM,false
781,LATE_COUNT,44.650212,44.816667,0.99628587,5521,9,0,0,2735.357,BBO_CHANGE_STREAM,true
781,POST_RESOLUTION_DIAGNOSTIC,,,,0,0,0,0,,DEPTH_SNAPSHOT_STREAM,false
782,PRE_ELECTION,60.991571,61.0,0.99986182,6772,13,0,0,2227.049,BBO_CHANGE_STREAM,false
782,ELECTION_DAY_PRE_RESULTS,7.91661,8.183333,0.96740656,1491,0,0,0,969.482,BBO_CHANGE_STREAM,false
782,ACTIVE_RESULTS,5.824701,6.0,0.9707835,868,0,0,0,1355.885,BBO_CHANGE_STREAM,false
782,LATE_COUNT,44.715511,44.816667,0.99774289,6155,12,0,0,2379.126,BBO_CHANGE_STREAM,true
782,POST_RESOLUTION_DIAGNOSTIC,,,,0,0,0,0,,DEPTH_SNAPSHOT_STREAM,false
783,PRE_ELECTION,60.991571,61.0,0.99986182,6775,5,0,0,2227.049,BBO_CHANGE_STREAM,false
783,ELECTION_DAY_PRE_RESULTS,7.91661,8.183333,0.96740656,1491,0,0,0,969.482,BBO_CHANGE_STREAM,false
783,ACTIVE_RESULTS,5.824701,6.0,0.9707835,868,0,0,0,1355.885,BBO_CHANGE_STREAM,false
783,LATE_COUNT,44.715511,44.816667,0.99774289,6155,14,0,0,2379.126,BBO_CHANGE_STREAM,true
783,POST_RESOLUTION_DIAGNOSTIC,,,,0,0,0,0,,DEPTH_SNAPSHOT_STREAM,false
784,PRE_ELECTION,60.990234,61.0,0.9998399,10162,12,0,0,1996.559,BBO_CHANGE_STREAM,false
784,ELECTION_DAY_PRE_RESULTS,7.846582,8.183333,0.95884916,1615,0,0,0,1315.26,BBO_CHANGE_STREAM,false
784,ACTIVE_RESULTS,5.864217,6.0,0.9773695,1460,0,0,0,1114.479,BBO_CHANGE_STREAM,false
784,LATE_COUNT,44.576044,44.816667,0.99463095,6511,20,0,0,3214.797,BBO_CHANGE_STREAM,true
784,POST_RESOLUTION_DIAGNOSTIC,,,,0,0,0,0,,DEPTH_SNAPSHOT_STREAM,false
785,PRE_ELECTION,60.990234,61.0,0.9998399,10166,15,0,0,1996.559,BBO_CHANGE_STREAM,false
785,ELECTION_DAY_PRE_RESULTS,7.846582,8.183333,0.95884916,1618,0,0,0,1315.26,BBO_CHANGE_STREAM,false
785,ACTIVE_RESULTS,5.864217,6.0,0.9773695,1461,0,0,0,1114.479,BBO_CHANGE_STREAM,false
785,LATE_COUNT,44.576044,44.816667,0.99463095,6513,11,0,0,3214.797,BBO_CHANGE_STREAM,true
785,POST_RESOLUTION_DIAGNOSTIC,,,,0,0,0,0,,DEPTH_SNAPSHOT_STREAM,false
786,PRE_ELECTION,60.996603,61.0,0.99994431,10315,12,0,0,3539.889,BBO_CHANGE_STREAM,false
786,ELECTION_DAY_PRE_RESULTS,8.144488,8.183333,0.99525316,2246,0,0,0,655.495,BBO_CHANGE_STREAM,false
786,ACTIVE_RESULTS,5.96196,6.0,0.99366,1472,1,0,0,206.38,BBO_CHANGE_STREAM,false
786,LATE_COUNT,44.799804,44.816667,0.99962373,11621,15,0,0,689.062,BBO_CHANGE_STREAM,true
786,POST_RESOLUTION_DIAGNOSTIC,,,,0,0,0,0,,DEPTH_SNAPSHOT_STREAM,false
787,PRE_ELECTION,60.996603,61.0,0.99994431,10315,6,0,0,3539.889,BBO_CHANGE_STREAM,false
787,ELECTION_DAY_PRE_RESULTS,8.144488,8.183333,0.99525316,2246,0,0,0,655.495,BBO_CHANGE_STREAM,false
787,ACTIVE_RESULTS,5.96196,6.0,0.99366,1472,0,0,0,206.38,BBO_CHANGE_STREAM,false
787,LATE_COUNT,44.799804,44.816667,0.99962373,11621,14,0,0,689.062,BBO_CHANGE_STREAM,true
787,POST_RESOLUTION_DIAGNOSTIC,,,,0,0,0,0,,DEPTH_SNAPSHOT_STREAM,false
788,PRE_ELECTION,60.995266,61.0,0.99992239,158349,4,0,0,1524.062,BBO_CHANGE_STREAM,false
788,ELECTION_DAY_PRE_RESULTS,8.139577,8.183333,0.99465303,4909,7,5,11,819.688,BBO_CHANGE_STREAM,false
788,ACTIVE_RESULTS,5.973778,6.0,0.99562967,1999,6,6,7,536.444,BBO_CHANGE_STREAM,false
788,LATE_COUNT,44.739005,44.816667,0.99826712,9396,10,2,2,1700.751,BBO_CHANGE_STREAM,true
788,POST_RESOLUTION_DIAGNOSTIC,,,,0,0,0,0,,DEPTH_SNAPSHOT_STREAM,false
789,PRE_ELECTION,60.995266,61.0,0.99992239,158347,12,0,0,1524.062,BBO_CHANGE_STREAM,false
789,ELECTION_DAY_PRE_RESULTS,8.139577,8.183333,0.99465303,4908,7,1,5,819.688,BBO_CHANGE_STREAM,false
789,ACTIVE_RESULTS,5.973778,6.0,0.99562967,1999,6,0,5,536.444,BBO_CHANGE_STREAM,false
789,LATE_COUNT,44.739005,44.816667,0.99826712,9394,16,0,2,1700.751,BBO_CHANGE_STREAM,true
789,POST_RESOLUTION_DIAGNOSTIC,,,,0,0,0,0,,DEPTH_SNAPSHOT_STREAM,false
790,PRE_ELECTION,60.994946,61.0,0.99991715,10989,13,1,1,1522.975,BBO_CHANGE_STREAM,false
790,ELECTION_DAY_PRE_RESULTS,8.174189,8.183333,0.99888261,2014,1,0,0,572.68,BBO_CHANGE_STREAM,false
790,ACTIVE_RESULTS,5.877615,6.0,0.9796025,964,1,1,1,983.69,BBO_CHANGE_STREAM,false
790,LATE_COUNT,44.795394,44.816667,0.99952533,7373,11,0,0,1582.642,BBO_CHANGE_STREAM,true
790,POST_RESOLUTION_DIAGNOSTIC,,,,0,0,0,0,,DEPTH_SNAPSHOT_STREAM,false
791,PRE_ELECTION,60.994946,61.0,0.99991715,10990,13,0,1,1522.975,BBO_CHANGE_STREAM,false
791,ELECTION_DAY_PRE_RESULTS,8.174189,8.183333,0.99888261,2014,0,0,0,572.68,BBO_CHANGE_STREAM,false
791,ACTIVE_RESULTS,5.877615,6.0,0.9796025,964,1,0,1,983.69,BBO_CHANGE_STREAM,false
791,LATE_COUNT,44.795394,44.816667,0.99952533,7373,10,2,4,1582.642,BBO_CHANGE_STREAM,true
791,POST_RESOLUTION_DIAGNOSTIC,,,,0,0,0,0,,DEPTH_SNAPSHOT_STREAM,false
792,PRE_ELECTION,60.995326,61.0,0.99992338,4782,13,0,0,2308.414,BBO_CHANGE_STREAM,false
792,ELECTION_DAY_PRE_RESULTS,8.168056,8.183333,0.99813316,1068,0,0,0,1198.121,BBO_CHANGE_STREAM,false
792,ACTIVE_RESULTS,5.976914,6.0,0.99615233,1183,0,0,0,716.275,BBO_CHANGE_STREAM,false
792,LATE_COUNT,44.734446,44.816667,0.99816539,4737,16,0,0,1470.554,BBO_CHANGE_STREAM,true
792,POST_RESOLUTION_DIAGNOSTIC,,,,0,0,0,0,,DEPTH_SNAPSHOT_STREAM,false
793,PRE_ELECTION,60.995326,61.0,0.99992338,4782,14,0,0,2308.414,BBO_CHANGE_STREAM,false
793,ELECTION_DAY_PRE_RESULTS,8.168056,8.183333,0.99813316,1068,0,0,0,1198.121,BBO_CHANGE_STREAM,false
793,ACTIVE_RESULTS,5.976914,6.0,0.99615233,1183,0,0,0,716.275,BBO_CHANGE_STREAM,false
793,LATE_COUNT,44.734446,44.816667,0.99816539,4737,6,2,19,1470.554,BBO_CHANGE_STREAM,true
793,POST_RESOLUTION_DIAGNOSTIC,,,,0,0,0,0,,DEPTH_SNAPSHOT_STREAM,false
794,PRE_ELECTION,60.988061,61.0,0.99980428,26220,13,0,0,1672.324,BBO_CHANGE_STREAM,false
794,ELECTION_DAY_PRE_RESULTS,8.169076,8.183333,0.9982578,3915,0,0,0,227.953,BBO_CHANGE_STREAM,false
794,ACTIVE_RESULTS,5.987107,6.0,0.99785117,3632,0,0,0,108.748,BBO_CHANGE_STREAM,false
794,LATE_COUNT,44.74296,44.816667,0.99835537,34775,10,2,2,2778.501,BBO_CHANGE_STREAM,true
794,POST_RESOLUTION_DIAGNOSTIC,,,,0,0,0,0,,DEPTH_SNAPSHOT_STREAM,false
795,PRE_ELECTION,60.988061,61.0,0.99980428,26216,20,0,0,1672.324,BBO_CHANGE_STREAM,false
795,ELECTION_DAY_PRE_RESULTS,8.169076,8.183333,0.9982578,3915,1,0,0,227.953,BBO_CHANGE_STREAM,false
795,ACTIVE_RESULTS,5.987107,6.0,0.99785117,3632,0,0,0,108.748,BBO_CHANGE_STREAM,false
795,LATE_COUNT,44.74296,44.816667,0.99835537,34775,17,2,12,2778.397,BBO_CHANGE_STREAM,true
795,POST_RESOLUTION_DIAGNOSTIC,,,,0,0,0,0,,DEPTH_SNAPSHOT_STREAM,false
796,PRE_ELECTION,60.986319,61.0,0.99977572,5428,10,0,0,3225.574,BBO_CHANGE_STREAM,false
796,ELECTION_DAY_PRE_RESULTS,8.096007,8.183333,0.9893288,696,0,0,0,1462.848,BBO_CHANGE_STREAM,false
796,ACTIVE_RESULTS,5.92833,6.0,0.988055,581,0,0,0,1356.151,BBO_CHANGE_STREAM,false
796,LATE_COUNT,44.766189,44.816667,0.99887368,5664,5,0,0,2074.267,BBO_CHANGE_STREAM,true
796,POST_RESOLUTION_DIAGNOSTIC,,,,0,0,0,0,,DEPTH_SNAPSHOT_STREAM,false
797,PRE_ELECTION,60.986319,61.0,0.99977572,5429,9,0,0,3225.574,BBO_CHANGE_STREAM,false
797,ELECTION_DAY_PRE_RESULTS,8.096007,8.183333,0.9893288,696,0,0,0,1462.848,BBO_CHANGE_STREAM,false
797,ACTIVE_RESULTS,5.92833,6.0,0.988055,581,0,0,0,1356.151,BBO_CHANGE_STREAM,false
797,LATE_COUNT,44.766189,44.816667,0.99887368,5666,8,0,0,2074.267,BBO_CHANGE_STREAM,true
797,POST_RESOLUTION_DIAGNOSTIC,,,,0,0,0,0,,DEPTH_SNAPSHOT_STREAM,false
798,PRE_ELECTION,60.995326,61.0,0.99992338,6226,9,0,0,2478.126,BBO_CHANGE_STREAM,false
798,ELECTION_DAY_PRE_RESULTS,8.168056,8.183333,0.99813316,1281,0,0,0,1384.535,BBO_CHANGE_STREAM,false
798,ACTIVE_RESULTS,5.975888,6.0,0.99598133,1211,0,0,0,699.21,BBO_CHANGE_STREAM,false
798,LATE_COUNT,44.744703,44.816667,0.99839426,5130,12,1,6,2247.674,BBO_CHANGE_STREAM,true
798,POST_RESOLUTION_DIAGNOSTIC,,,,0,0,0,0,,DEPTH_SNAPSHOT_STREAM,false
799,PRE_ELECTION,60.995326,61.0,0.99992338,6227,11,0,0,2478.126,BBO_CHANGE_STREAM,false
799,ELECTION_DAY_PRE_RESULTS,8.168056,8.183333,0.99813316,1281,1,0,0,1384.535,BBO_CHANGE_STREAM,false
799,ACTIVE_RESULTS,5.975888,6.0,0.99598133,1211,0,0,0,699.21,BBO_CHANGE_STREAM,false
799,LATE_COUNT,44.744703,44.816667,0.99839426,5131,8,1,3,2247.674,BBO_CHANGE_STREAM,true
799,POST_RESOLUTION_DIAGNOSTIC,,,,0,0,0,0,,DEPTH_SNAPSHOT_STREAM,false
800,PRE_ELECTION,60.999055,61.0,0.99998451,50660,5,0,0,2474.902,BBO_CHANGE_STREAM,false
800,ELECTION_DAY_PRE_RESULTS,8.182253,8.183333,0.99986802,9878,0,0,0,33.512,BBO_CHANGE_STREAM,false
800,ACTIVE_RESULTS,5.998093,6.0,0.99968217,7756,0,0,0,17.789,BBO_CHANGE_STREAM,false
800,LATE_COUNT,44.749168,44.816667,0.99849389,17685,16,0,1,1640.609,BBO_CHANGE_STREAM,true
800,POST_RESOLUTION_DIAGNOSTIC,,,,0,0,0,0,,DEPTH_SNAPSHOT_STREAM,false
801,PRE_ELECTION,60.999055,61.0,0.99998451,50659,15,0,0,2474.902,BBO_CHANGE_STREAM,false
801,ELECTION_DAY_PRE_RESULTS,8.182253,8.183333,0.99986802,9878,2,0,0,33.512,BBO_CHANGE_STREAM,false
801,ACTIVE_RESULTS,5.998093,6.0,0.99968217,7756,0,0,0,17.789,BBO_CHANGE_STREAM,false
801,LATE_COUNT,44.749168,44.816667,0.99849389,17685,11,1,1,1640.609,BBO_CHANGE_STREAM,true
801,POST_RESOLUTION_DIAGNOSTIC,,,,0,0,0,0,,DEPTH_SNAPSHOT_STREAM,false
802,PRE_ELECTION,60.945041,61.0,0.99909903,4190,10,0,0,2482.39,BBO_CHANGE_STREAM,false
802,ELECTION_DAY_PRE_RESULTS,8.024988,8.183333,0.9806503,315,0,0,0,1557.022,BBO_CHANGE_STREAM,false
802,ACTIVE_RESULTS,5.819615,6.0,0.96993583,275,0,0,0,1465.187,BBO_CHANGE_STREAM,false
802,LATE_COUNT,44.638536,44.816667,0.99602534,2496,7,0,0,2371.888,BBO_CHANGE_STREAM,true
802,POST_RESOLUTION_DIAGNOSTIC,,,,0,0,0,0,,DEPTH_SNAPSHOT_STREAM,false
803,PRE_ELECTION,60.945076,61.0,0.99909961,4190,21,0,0,2482.39,BBO_CHANGE_STREAM,false
803,ELECTION_DAY_PRE_RESULTS,8.024988,8.183333,0.9806503,318,0,0,0,1557.022,BBO_CHANGE_STREAM,false
803,ACTIVE_RESULTS,5.819615,6.0,0.96993583,275,0,0,0,1465.187,BBO_CHANGE_STREAM,false
803,LATE_COUNT,44.638536,44.816667,0.99602534,2498,10,0,0,2371.888,BBO_CHANGE_STREAM,true
803,POST_RESOLUTION_DIAGNOSTIC,,,,0,0,0,0,,DEPTH_SNAPSHOT_STREAM,false
804,PRE_ELECTION,60.998426,61.0,0.9999742,82339,246,115,360,1405.67,BBO_CHANGE_STREAM,true
804,ELECTION_DAY_PRE_RESULTS,8.179676,8.183333,0.99955312,12222,168,57,237,194.165,BBO_CHANGE_STREAM,false
804,ACTIVE_RESULTS,5.971393,6.0,0.99523217,9260,287,134,337,275.415,BBO_CHANGE_STREAM,true
804,LATE_COUNT,44.770247,44.816667,0.99896422,15562,148,22,96,669.142,BBO_CHANGE_STREAM,true
804,POST_RESOLUTION_DIAGNOSTIC,,,,0,0,0,0,,DEPTH_SNAPSHOT_STREAM,false
805,PRE_ELECTION,60.998426,61.0,0.9999742,82337,246,111,278,1405.67,BBO_CHANGE_STREAM,true
805,ELECTION_DAY_PRE_RESULTS,8.179676,8.183333,0.99955312,12222,168,107,221,194.165,BBO_CHANGE_STREAM,false
805,ACTIVE_RESULTS,5.971393,6.0,0.99523217,9260,287,149,413,275.415,BBO_CHANGE_STREAM,true
805,LATE_COUNT,44.770247,44.816667,0.99896422,15560,150,114,283,669.142,BBO_CHANGE_STREAM,true
805,POST_RESOLUTION_DIAGNOSTIC,,,,0,0,0,0,,DEPTH_SNAPSHOT_STREAM,false
806,PRE_ELECTION,60.996259,61.0,0.99993867,101911,228,142,401,1347.699,BBO_CHANGE_STREAM,false
806,ELECTION_DAY_PRE_RESULTS,8.182316,8.183333,0.99987572,13667,109,68,234,108.832,BBO_CHANGE_STREAM,false
806,ACTIVE_RESULTS,5.995391,6.0,0.99923183,10972,205,131,453,126.945,BBO_CHANGE_STREAM,true
806,LATE_COUNT,44.771329,44.816667,0.99898837,22787,58,43,109,531.869,BBO_CHANGE_STREAM,true
806,POST_RESOLUTION_DIAGNOSTIC,,,,0,0,0,0,,DEPTH_SNAPSHOT_STREAM,false
807,PRE_ELECTION,60.996259,61.0,0.99993867,101907,224,74,247,1347.699,BBO_CHANGE_STREAM,false
807,ELECTION_DAY_PRE_RESULTS,8.182316,8.183333,0.99987572,13665,110,40,114,108.832,BBO_CHANGE_STREAM,false
807,ACTIVE_RESULTS,5.995391,6.0,0.99923183,10972,205,72,222,126.945,BBO_CHANGE_STREAM,true
807,LATE_COUNT,44.771329,44.816667,0.99898837,22785,66,10,37,531.869,BBO_CHANGE_STREAM,true
807,POST_RESOLUTION_DIAGNOSTIC,,,,0,0,0,0,,DEPTH_SNAPSHOT_STREAM,false
808,PRE_ELECTION,,61.0,,0,0,0,0,,DEPTH_SNAPSHOT_STREAM,false
808,ELECTION_DAY_PRE_RESULTS,,8.183333,,0,0,0,0,,DEPTH_SNAPSHOT_STREAM,false
808,ACTIVE_RESULTS,,6.0,,0,0,0,0,,DEPTH_SNAPSHOT_STREAM,false
808,LATE_COUNT,,44.816667,,0,0,0,0,,DEPTH_SNAPSHOT_STREAM,false
808,POST_RESOLUTION_DIAGNOSTIC,,,,0,0,0,0,,DEPTH_SNAPSHOT_STREAM,false
809,PRE_ELECTION,,61.0,,0,0,0,0,,DEPTH_SNAPSHOT_STREAM,false
809,ELECTION_DAY_PRE_RESULTS,,8.183333,,0,0,0,0,,DEPTH_SNAPSHOT_STREAM,false
809,ACTIVE_RESULTS,,6.0,,0,0,0,0,,DEPTH_SNAPSHOT_STREAM,false
809,LATE_COUNT,,44.816667,,0,0,0,0,,DEPTH_SNAPSHOT_STREAM,false
809,POST_RESOLUTION_DIAGNOSTIC,,,,0,0,0,0,,DEPTH_SNAPSHOT_STREAM,false
810,PRE_ELECTION,,61.0,,0,0,0,0,,DEPTH_SNAPSHOT_STREAM,false
810,ELECTION_DAY_PRE_RESULTS,,8.183333,,0,0,0,0,,DEPTH_SNAPSHOT_STREAM,false
810,ACTIVE_RESULTS,,6.0,,0,0,0,0,,DEPTH_SNAPSHOT_STREAM,false
810,LATE_COUNT,,44.816667,,0,0,0,0,,DEPTH_SNAPSHOT_STREAM,false
810,POST_RESOLUTION_DIAGNOSTIC,,,,0,0,0,0,,DEPTH_SNAPSHOT_STREAM,false
811,PRE_ELECTION,,61.0,,0,0,0,0,,DEPTH_SNAPSHOT_STREAM,false
811,ELECTION_DAY_PRE_RESULTS,,8.183333,,0,0,0,0,,DEPTH_SNAPSHOT_STREAM,false
811,ACTIVE_RESULTS,,6.0,,0,0,0,0,,DEPTH_SNAPSHOT_STREAM,false
811,LATE_COUNT,,44.816667,,0,0,0,0,,DEPTH_SNAPSHOT_STREAM,false
811,POST_RESOLUTION_DIAGNOSTIC,,,,0,0,0,0,,DEPTH_SNAPSHOT_STREAM,false
812,PRE_ELECTION,,61.0,,0,0,0,0,,DEPTH_SNAPSHOT_STREAM,false
812,ELECTION_DAY_PRE_RESULTS,,8.183333,,0,0,0,0,,DEPTH_SNAPSHOT_STREAM,false
812,ACTIVE_RESULTS,,6.0,,0,0,0,0,,DEPTH_SNAPSHOT_STREAM,false
812,LATE_COUNT,,44.816667,,0,0,0,0,,DEPTH_SNAPSHOT_STREAM,false
812,POST_RESOLUTION_DIAGNOSTIC,,,,0,0,0,0,,DEPTH_SNAPSHOT_STREAM,false
813,PRE_ELECTION,,61.0,,0,0,0,0,,DEPTH_SNAPSHOT_STREAM,false
813,ELECTION_DAY_PRE_RESULTS,,8.183333,,0,0,0,0,,DEPTH_SNAPSHOT_STREAM,false
813,ACTIVE_RESULTS,,6.0,,0,0,0,0,,DEPTH_SNAPSHOT_STREAM,false
813,LATE_COUNT,,44.816667,,0,0,0,0,,DEPTH_SNAPSHOT_STREAM,false
813,POST_RESOLUTION_DIAGNOSTIC,,,,0,0,0,0,,DEPTH_SNAPSHOT_STREAM,false
814,PRE_ELECTION,,61.0,,0,0,0,0,,DEPTH_SNAPSHOT_STREAM,false
814,ELECTION_DAY_PRE_RESULTS,,8.183333,,0,0,0,0,,DEPTH_SNAPSHOT_STREAM,false
814,ACTIVE_RESULTS,,6.0,,0,0,0,0,,DEPTH_SNAPSHOT_STREAM,false
814,LATE_COUNT,,44.816667,,0,0,0,0,,DEPTH_SNAPSHOT_STREAM,false
814,POST_RESOLUTION_DIAGNOSTIC,,,,0,0,0,0,,DEPTH_SNAPSHOT_STREAM,false
815,PRE_ELECTION,,61.0,,0,0,0,0,,DEPTH_SNAPSHOT_STREAM,false
815,ELECTION_DAY_PRE_RESULTS,,8.183333,,0,0,0,0,,DEPTH_SNAPSHOT_STREAM,false
815,ACTIVE_RESULTS,,6.0,,0,0,0,0,,DEPTH_SNAPSHOT_STREAM,false
815,LATE_COUNT,,44.816667,,0,0,0,0,,DEPTH_SNAPSHOT_STREAM,false
815,POST_RESOLUTION_DIAGNOSTIC,,,,0,0,0,0,,DEPTH_SNAPSHOT_STREAM,false
816,PRE_ELECTION,,61.0,,0,0,0,0,,DEPTH_SNAPSHOT_STREAM,false
816,ELECTION_DAY_PRE_RESULTS,,8.183333,,0,0,0,0,,DEPTH_SNAPSHOT_STREAM,false
816,ACTIVE_RESULTS,,6.0,,0,0,0,0,,DEPTH_SNAPSHOT_STREAM,false
816,LATE_COUNT,,44.816667,,0,0,0,0,,DEPTH_SNAPSHOT_STREAM,false
816,POST_RESOLUTION_DIAGNOSTIC,,,,0,0,0,0,,DEPTH_SNAPSHOT_STREAM,false
817,PRE_ELECTION,,61.0,,0,0,0,0,,DEPTH_SNAPSHOT_STREAM,false
817,ELECTION_DAY_PRE_RESULTS,,8.183333,,0,0,0,0,,DEPTH_SNAPSHOT_STREAM,false
817,ACTIVE_RESULTS,,6.0,,0,0,0,0,,DEPTH_SNAPSHOT_STREAM,false
817,LATE_COUNT,,44.816667,,0,0,0,0,,DEPTH_SNAPSHOT_STREAM,false
817,POST_RESOLUTION_DIAGNOSTIC,,,,0,0,0,0,,DEPTH_SNAPSHOT_STREAM,false
818,PRE_ELECTION,,61.0,,0,0,0,0,,DEPTH_SNAPSHOT_STREAM,false
818,ELECTION_DAY_PRE_RESULTS,,8.183333,,0,0,0,0,,DEPTH_SNAPSHOT_STREAM,false
818,ACTIVE_RESULTS,,6.0,,0,0,0,0,,DEPTH_SNAPSHOT_STREAM,false
818,LATE_COUNT,,44.816667,,0,0,0,0,,DEPTH_SNAPSHOT_STREAM,false
818,POST_RESOLUTION_DIAGNOSTIC,,,,0,0,0,0,,DEPTH_SNAPSHOT_STREAM,false
819,PRE_ELECTION,,61.0,,0,0,0,0,,DEPTH_SNAPSHOT_STREAM,false
819,ELECTION_DAY_PRE_RESULTS,,8.183333,,0,0,0,0,,DEPTH_SNAPSHOT_STREAM,false
819,ACTIVE_RESULTS,,6.0,,0,0,0,0,,DEPTH_SNAPSHOT_STREAM,false
819,LATE_COUNT,,44.816667,,0,0,0,0,,DEPTH_SNAPSHOT_STREAM,false
819,POST_RESOLUTION_DIAGNOSTIC,,,,0,0,0,0,,DEPTH_SNAPSHOT_STREAM,false
820,PRE_ELECTION,,61.0,,0,0,0,0,,DEPTH_SNAPSHOT_STREAM,false
820,ELECTION_DAY_PRE_RESULTS,,8.183333,,0,0,0,0,,DEPTH_SNAPSHOT_STREAM,false
820,ACTIVE_RESULTS,,6.0,,0,0,0,0,,DEPTH_SNAPSHOT_STREAM,false
820,LATE_COUNT,,44.816667,,0,0,0,0,,DEPTH_SNAPSHOT_STREAM,false
820,POST_RESOLUTION_DIAGNOSTIC,,,,0,0,0,0,,DEPTH_SNAPSHOT_STREAM,false
821,PRE_ELECTION,,61.0,,0,0,0,0,,DEPTH_SNAPSHOT_STREAM,false
821,ELECTION_DAY_PRE_RESULTS,,8.183333,,0,0,0,0,,DEPTH_SNAPSHOT_STREAM,false
821,ACTIVE_RESULTS,,6.0,,0,0,0,0,,DEPTH_SNAPSHOT_STREAM,false
821,LATE_COUNT,,44.816667,,0,0,0,0,,DEPTH_SNAPSHOT_STREAM,false
821,POST_RESOLUTION_DIAGNOSTIC,,,,0,0,0,0,,DEPTH_SNAPSHOT_STREAM,false
822,PRE_ELECTION,60.997355,61.0,0.99995664,38892,15,0,1,1493.688,BBO_CHANGE_STREAM,false
822,ELECTION_DAY_PRE_RESULTS,8.166605,8.183333,0.99795585,13646,7,0,15,304.774,BBO_CHANGE_STREAM,false
822,ACTIVE_RESULTS,5.993965,6.0,0.99899417,93915,8,2,15,46.611,BBO_CHANGE_STREAM,false
822,LATE_COUNT,44.805332,44.816667,0.99974708,173456,21,0,0,233.782,BBO_CHANGE_STREAM,true
822,POST_RESOLUTION_DIAGNOSTIC,,,,0,0,0,0,,DEPTH_SNAPSHOT_STREAM,false
823,PRE_ELECTION,60.997355,61.0,0.99995664,38890,9,3,7,1493.688,BBO_CHANGE_STREAM,false
823,ELECTION_DAY_PRE_RESULTS,8.166605,8.183333,0.99795585,13646,7,7,12,304.774,BBO_CHANGE_STREAM,false
823,ACTIVE_RESULTS,5.993965,6.0,0.99899417,93915,8,6,28,46.611,BBO_CHANGE_STREAM,false
823,LATE_COUNT,44.805332,44.816667,0.99974708,173455,14,1,2,233.782,BBO_CHANGE_STREAM,true
823,POST_RESOLUTION_DIAGNOSTIC,,,,0,0,0,0,,DEPTH_SNAPSHOT_STREAM,false
824,PRE_ELECTION,60.994486,61.0,0.99990961,13882,36,23,34,1493.867,BBO_CHANGE_STREAM,false
824,ELECTION_DAY_PRE_RESULTS,8.16253,8.183333,0.99745788,7788,9,1,11,317.628,BBO_CHANGE_STREAM,false
824,ACTIVE_RESULTS,5.994006,6.0,0.999001,19511,11,8,16,246.67,BBO_CHANGE_STREAM,false
824,LATE_COUNT,44.804228,44.816667,0.99972245,74270,8,0,0,374.288,BBO_CHANGE_STREAM,true
824,POST_RESOLUTION_DIAGNOSTIC,,,,0,0,0,0,,DEPTH_SNAPSHOT_STREAM,false
825,PRE_ELECTION,60.994486,61.0,0.99990961,13886,34,0,17,1493.998,BBO_CHANGE_STREAM,false
825,ELECTION_DAY_PRE_RESULTS,8.16253,8.183333,0.99745788,7791,9,8,18,317.628,BBO_CHANGE_STREAM,false
825,ACTIVE_RESULTS,5.994006,6.0,0.999001,19511,11,3,16,246.67,BBO_CHANGE_STREAM,false
825,LATE_COUNT,44.804228,44.816667,0.99972245,74271,11,0,0,374.288,BBO_CHANGE_STREAM,true
825,POST_RESOLUTION_DIAGNOSTIC,,,,0,0,0,0,,DEPTH_SNAPSHOT_STREAM,false
826,PRE_ELECTION,,61.0,,0,0,0,0,,DEPTH_SNAPSHOT_STREAM,false
826,ELECTION_DAY_PRE_RESULTS,,8.183333,,0,0,0,0,,DEPTH_SNAPSHOT_STREAM,false
826,ACTIVE_RESULTS,,6.0,,0,0,0,0,,DEPTH_SNAPSHOT_STREAM,false
826,LATE_COUNT,,44.816667,,0,0,0,0,,DEPTH_SNAPSHOT_STREAM,false
826,POST_RESOLUTION_DIAGNOSTIC,,,,0,0,0,0,,DEPTH_SNAPSHOT_STREAM,false
827,PRE_ELECTION,,61.0,,0,0,0,0,,DEPTH_SNAPSHOT_STREAM,false
827,ELECTION_DAY_PRE_RESULTS,,8.183333,,0,0,0,0,,DEPTH_SNAPSHOT_STREAM,false
827,ACTIVE_RESULTS,,6.0,,0,0,0,0,,DEPTH_SNAPSHOT_STREAM,false
827,LATE_COUNT,,44.816667,,0,0,0,0,,DEPTH_SNAPSHOT_STREAM,false
827,POST_RESOLUTION_DIAGNOSTIC,,,,0,0,0,0,,DEPTH_SNAPSHOT_STREAM,false
828,PRE_ELECTION,,61.0,,0,0,0,0,,DEPTH_SNAPSHOT_STREAM,false
828,ELECTION_DAY_PRE_RESULTS,,8.183333,,0,0,0,0,,DEPTH_SNAPSHOT_STREAM,false
828,ACTIVE_RESULTS,,6.0,,0,0,0,0,,DEPTH_SNAPSHOT_STREAM,false
828,LATE_COUNT,,44.816667,,0,0,0,0,,DEPTH_SNAPSHOT_STREAM,false
828,POST_RESOLUTION_DIAGNOSTIC,,,,0,0,0,0,,DEPTH_SNAPSHOT_STREAM,false
829,PRE_ELECTION,,61.0,,0,0,0,0,,DEPTH_SNAPSHOT_STREAM,false
829,ELECTION_DAY_PRE_RESULTS,,8.183333,,0,0,0,0,,DEPTH_SNAPSHOT_STREAM,false
829,ACTIVE_RESULTS,,6.0,,0,0,0,0,,DEPTH_SNAPSHOT_STREAM,false
829,LATE_COUNT,,44.816667,,0,0,0,0,,DEPTH_SNAPSHOT_STREAM,false
829,POST_RESOLUTION_DIAGNOSTIC,,,,0,0,0,0,,DEPTH_SNAPSHOT_STREAM,false
830,PRE_ELECTION,,61.0,,0,0,0,0,,DEPTH_SNAPSHOT_STREAM,false
830,ELECTION_DAY_PRE_RESULTS,,8.183333,,0,0,0,0,,DEPTH_SNAPSHOT_STREAM,false
830,ACTIVE_RESULTS,,6.0,,0,0,0,0,,DEPTH_SNAPSHOT_STREAM,false
830,LATE_COUNT,,44.816667,,0,0,0,0,,DEPTH_SNAPSHOT_STREAM,false
830,POST_RESOLUTION_DIAGNOSTIC,,,,0,0,0,0,,DEPTH_SNAPSHOT_STREAM,false
831,PRE_ELECTION,,61.0,,0,0,0,0,,DEPTH_SNAPSHOT_STREAM,false
831,ELECTION_DAY_PRE_RESULTS,,8.183333,,0,0,0,0,,DEPTH_SNAPSHOT_STREAM,false
831,ACTIVE_RESULTS,,6.0,,0,0,0,0,,DEPTH_SNAPSHOT_STREAM,false
831,LATE_COUNT,,44.816667,,0,0,0,0,,DEPTH_SNAPSHOT_STREAM,false
831,POST_RESOLUTION_DIAGNOSTIC,,,,0,0,0,0,,DEPTH_SNAPSHOT_STREAM,false
832,PRE_ELECTION,,61.0,,0,0,0,0,,DEPTH_SNAPSHOT_STREAM,false
832,ELECTION_DAY_PRE_RESULTS,,8.183333,,0,0,0,0,,DEPTH_SNAPSHOT_STREAM,false
832,ACTIVE_RESULTS,,6.0,,0,0,0,0,,DEPTH_SNAPSHOT_STREAM,false
832,LATE_COUNT,,44.816667,,0,0,0,0,,DEPTH_SNAPSHOT_STREAM,false
832,POST_RESOLUTION_DIAGNOSTIC,,,,0,0,0,0,,DEPTH_SNAPSHOT_STREAM,false
833,PRE_ELECTION,,61.0,,0,0,0,0,,DEPTH_SNAPSHOT_STREAM,false
833,ELECTION_DAY_PRE_RESULTS,,8.183333,,0,0,0,0,,DEPTH_SNAPSHOT_STREAM,false
833,ACTIVE_RESULTS,,6.0,,0,0,0,0,,DEPTH_SNAPSHOT_STREAM,false
833,LATE_COUNT,,44.816667,,0,0,0,0,,DEPTH_SNAPSHOT_STREAM,false
833,POST_RESOLUTION_DIAGNOSTIC,,,,0,0,0,0,,DEPTH_SNAPSHOT_STREAM,false
834,PRE_ELECTION,,61.0,,0,0,0,0,,DEPTH_SNAPSHOT_STREAM,false
834,ELECTION_DAY_PRE_RESULTS,,8.183333,,0,0,0,0,,DEPTH_SNAPSHOT_STREAM,false
834,ACTIVE_RESULTS,,6.0,,0,0,0,0,,DEPTH_SNAPSHOT_STREAM,false
834,LATE_COUNT,,44.816667,,0,0,0,0,,DEPTH_SNAPSHOT_STREAM,false
834,POST_RESOLUTION_DIAGNOSTIC,,,,0,0,0,0,,DEPTH_SNAPSHOT_STREAM,false
835,PRE_ELECTION,,61.0,,0,0,0,0,,DEPTH_SNAPSHOT_STREAM,false
835,ELECTION_DAY_PRE_RESULTS,,8.183333,,0,0,0,0,,DEPTH_SNAPSHOT_STREAM,false
835,ACTIVE_RESULTS,,6.0,,0,0,0,0,,DEPTH_SNAPSHOT_STREAM,false
835,LATE_COUNT,,44.816667,,0,0,0,0,,DEPTH_SNAPSHOT_STREAM,false
835,POST_RESOLUTION_DIAGNOSTIC,,,,0,0,0,0,,DEPTH_SNAPSHOT_STREAM,false
836,PRE_ELECTION,,61.0,,0,0,0,0,,DEPTH_SNAPSHOT_STREAM,false
836,ELECTION_DAY_PRE_RESULTS,,8.183333,,0,0,0,0,,DEPTH_SNAPSHOT_STREAM,false
836,ACTIVE_RESULTS,,6.0,,0,0,0,0,,DEPTH_SNAPSHOT_STREAM,false
836,LATE_COUNT,,44.816667,,0,0,0,0,,DEPTH_SNAPSHOT_STREAM,false
836,POST_RESOLUTION_DIAGNOSTIC,,,,0,0,0,0,,DEPTH_SNAPSHOT_STREAM,false
837,PRE_ELECTION,,61.0,,0,0,0,0,,DEPTH_SNAPSHOT_STREAM,false
837,ELECTION_DAY_PRE_RESULTS,,8.183333,,0,0,0,0,,DEPTH_SNAPSHOT_STREAM,false
837,ACTIVE_RESULTS,,6.0,,0,0,0,0,,DEPTH_SNAPSHOT_STREAM,false
837,LATE_COUNT,,44.816667,,0,0,0,0,,DEPTH_SNAPSHOT_STREAM,false
837,POST_RESOLUTION_DIAGNOSTIC,,,,0,0,0,0,,DEPTH_SNAPSHOT_STREAM,false
838,PRE_ELECTION,,61.0,,0,0,0,0,,DEPTH_SNAPSHOT_STREAM,false
838,ELECTION_DAY_PRE_RESULTS,,8.183333,,0,0,0,0,,DEPTH_SNAPSHOT_STREAM,false
838,ACTIVE_RESULTS,,6.0,,0,0,0,0,,DEPTH_SNAPSHOT_STREAM,false
838,LATE_COUNT,,44.816667,,0,0,0,0,,DEPTH_SNAPSHOT_STREAM,false
838,POST_RESOLUTION_DIAGNOSTIC,,,,0,0,0,0,,DEPTH_SNAPSHOT_STREAM,false
839,PRE_ELECTION,,61.0,,0,0,0,0,,DEPTH_SNAPSHOT_STREAM,false
839,ELECTION_DAY_PRE_RESULTS,,8.183333,,0,0,0,0,,DEPTH_SNAPSHOT_STREAM,false
839,ACTIVE_RESULTS,,6.0,,0,0,0,0,,DEPTH_SNAPSHOT_STREAM,false
839,LATE_COUNT,,44.816667,,0,0,0,0,,DEPTH_SNAPSHOT_STREAM,false
839,POST_RESOLUTION_DIAGNOSTIC,,,,0,0,0,0,,DEPTH_SNAPSHOT_STREAM,false
840,PRE_ELECTION,,61.0,,0,0,0,0,,DEPTH_SNAPSHOT_STREAM,false
840,ELECTION_DAY_PRE_RESULTS,,8.183333,,0,0,0,0,,DEPTH_SNAPSHOT_STREAM,false
840,ACTIVE_RESULTS,,6.0,,0,0,0,0,,DEPTH_SNAPSHOT_STREAM,false
840,LATE_COUNT,,44.816667,,0,0,0,0,,DEPTH_SNAPSHOT_STREAM,false
840,POST_RESOLUTION_DIAGNOSTIC,,,,0,0,0,0,,DEPTH_SNAPSHOT_STREAM,false
841,PRE_ELECTION,,61.0,,0,0,0,0,,DEPTH_SNAPSHOT_STREAM,false
841,ELECTION_DAY_PRE_RESULTS,,8.183333,,0,0,0,0,,DEPTH_SNAPSHOT_STREAM,false
841,ACTIVE_RESULTS,,6.0,,0,0,0,0,,DEPTH_SNAPSHOT_STREAM,false
841,LATE_COUNT,,44.816667,,0,0,0,0,,DEPTH_SNAPSHOT_STREAM,false
841,POST_RESOLUTION_DIAGNOSTIC,,,,0,0,0,0,,DEPTH_SNAPSHOT_STREAM,false
842,PRE_ELECTION,,61.0,,0,0,0,0,,DEPTH_SNAPSHOT_STREAM,false
842,ELECTION_DAY_PRE_RESULTS,,8.183333,,0,0,0,0,,DEPTH_SNAPSHOT_STREAM,false
842,ACTIVE_RESULTS,,6.0,,0,0,0,0,,DEPTH_SNAPSHOT_STREAM,false
842,LATE_COUNT,,44.816667,,0,0,0,0,,DEPTH_SNAPSHOT_STREAM,false
842,POST_RESOLUTION_DIAGNOSTIC,,,,0,0,0,0,,DEPTH_SNAPSHOT_STREAM,false
843,PRE_ELECTION,,61.0,,0,0,0,0,,DEPTH_SNAPSHOT_STREAM,false
843,ELECTION_DAY_PRE_RESULTS,,8.183333,,0,0,0,0,,DEPTH_SNAPSHOT_STREAM,false
843,ACTIVE_RESULTS,,6.0,,0,0,0,0,,DEPTH_SNAPSHOT_STREAM,false
843,LATE_COUNT,,44.816667,,0,0,0,0,,DEPTH_SNAPSHOT_STREAM,false
843,POST_RESOLUTION_DIAGNOSTIC,,,,0,0,0,0,,DEPTH_SNAPSHOT_STREAM,false
844,PRE_ELECTION,,61.0,,0,0,0,0,,DEPTH_SNAPSHOT_STREAM,false
844,ELECTION_DAY_PRE_RESULTS,,8.183333,,0,0,0,0,,DEPTH_SNAPSHOT_STREAM,false
844,ACTIVE_RESULTS,,6.0,,0,0,0,0,,DEPTH_SNAPSHOT_STREAM,false
844,LATE_COUNT,,44.816667,,0,0,0,0,,DEPTH_SNAPSHOT_STREAM,false
844,POST_RESOLUTION_DIAGNOSTIC,,,,0,0,0,0,,DEPTH_SNAPSHOT_STREAM,false
845,PRE_ELECTION,,61.0,,0,0,0,0,,DEPTH_SNAPSHOT_STREAM,false
845,ELECTION_DAY_PRE_RESULTS,,8.183333,,0,0,0,0,,DEPTH_SNAPSHOT_STREAM,false
845,ACTIVE_RESULTS,,6.0,,0,0,0,0,,DEPTH_SNAPSHOT_STREAM,false
845,LATE_COUNT,,44.816667,,0,0,0,0,,DEPTH_SNAPSHOT_STREAM,false
845,POST_RESOLUTION_DIAGNOSTIC,,,,0,0,0,0,,DEPTH_SNAPSHOT_STREAM,false
846,PRE_ELECTION,,61.0,,0,0,0,0,,DEPTH_SNAPSHOT_STREAM,false
846,ELECTION_DAY_PRE_RESULTS,,8.183333,,0,0,0,0,,DEPTH_SNAPSHOT_STREAM,false
846,ACTIVE_RESULTS,,6.0,,0,0,0,0,,DEPTH_SNAPSHOT_STREAM,false
846,LATE_COUNT,,44.816667,,0,0,0,0,,DEPTH_SNAPSHOT_STREAM,false
846,POST_RESOLUTION_DIAGNOSTIC,,,,0,0,0,0,,DEPTH_SNAPSHOT_STREAM,false
847,PRE_ELECTION,,61.0,,0,0,0,0,,DEPTH_SNAPSHOT_STREAM,false
847,ELECTION_DAY_PRE_RESULTS,,8.183333,,0,0,0,0,,DEPTH_SNAPSHOT_STREAM,false
847,ACTIVE_RESULTS,,6.0,,0,0,0,0,,DEPTH_SNAPSHOT_STREAM,false
847,LATE_COUNT,,44.816667,,0,0,0,0,,DEPTH_SNAPSHOT_STREAM,false
847,POST_RESOLUTION_DIAGNOSTIC,,,,0,0,0,0,,DEPTH_SNAPSHOT_STREAM,false
848,PRE_ELECTION,,61.0,,0,0,0,0,,DEPTH_SNAPSHOT_STREAM,false
848,ELECTION_DAY_PRE_RESULTS,,8.183333,,0,0,0,0,,DEPTH_SNAPSHOT_STREAM,false
848,ACTIVE_RESULTS,,6.0,,0,0,0,0,,DEPTH_SNAPSHOT_STREAM,false
848,LATE_COUNT,,44.816667,,0,0,0,0,,DEPTH_SNAPSHOT_STREAM,false
848,POST_RESOLUTION_DIAGNOSTIC,,,,0,0,0,0,,DEPTH_SNAPSHOT_STREAM,false
849,PRE_ELECTION,,61.0,,0,0,0,0,,DEPTH_SNAPSHOT_STREAM,false
849,ELECTION_DAY_PRE_RESULTS,,8.183333,,0,0,0,0,,DEPTH_SNAPSHOT_STREAM,false
849,ACTIVE_RESULTS,,6.0,,0,0,0,0,,DEPTH_SNAPSHOT_STREAM,false
849,LATE_COUNT,,44.816667,,0,0,0,0,,DEPTH_SNAPSHOT_STREAM,false
849,POST_RESOLUTION_DIAGNOSTIC,,,,0,0,0,0,,DEPTH_SNAPSHOT_STREAM,false
850,PRE_ELECTION,,61.0,,0,0,0,0,,DEPTH_SNAPSHOT_STREAM,false
850,ELECTION_DAY_PRE_RESULTS,,8.183333,,0,0,0,0,,DEPTH_SNAPSHOT_STREAM,false
850,ACTIVE_RESULTS,,6.0,,0,0,0,0,,DEPTH_SNAPSHOT_STREAM,false
850,LATE_COUNT,,44.816667,,0,0,0,0,,DEPTH_SNAPSHOT_STREAM,false
850,POST_RESOLUTION_DIAGNOSTIC,,,,0,0,0,0,,DEPTH_SNAPSHOT_STREAM,false
851,PRE_ELECTION,,61.0,,0,0,0,0,,DEPTH_SNAPSHOT_STREAM,false
851,ELECTION_DAY_PRE_RESULTS,,8.183333,,0,0,0,0,,DEPTH_SNAPSHOT_STREAM,false
851,ACTIVE_RESULTS,,6.0,,0,0,0,0,,DEPTH_SNAPSHOT_STREAM,false
851,LATE_COUNT,,44.816667,,0,0,0,0,,DEPTH_SNAPSHOT_STREAM,false
851,POST_RESOLUTION_DIAGNOSTIC,,,,0,0,0,0,,DEPTH_SNAPSHOT_STREAM,false
852,PRE_ELECTION,,61.0,,0,0,0,0,,DEPTH_SNAPSHOT_STREAM,false
852,ELECTION_DAY_PRE_RESULTS,,8.183333,,0,0,0,0,,DEPTH_SNAPSHOT_STREAM,false
852,ACTIVE_RESULTS,,6.0,,0,0,0,0,,DEPTH_SNAPSHOT_STREAM,false
852,LATE_COUNT,,44.816667,,0,0,0,0,,DEPTH_SNAPSHOT_STREAM,false
852,POST_RESOLUTION_DIAGNOSTIC,,,,0,0,0,0,,DEPTH_SNAPSHOT_STREAM,false
853,PRE_ELECTION,,61.0,,0,0,0,0,,DEPTH_SNAPSHOT_STREAM,false
853,ELECTION_DAY_PRE_RESULTS,,8.183333,,0,0,0,0,,DEPTH_SNAPSHOT_STREAM,false
853,ACTIVE_RESULTS,,6.0,,0,0,0,0,,DEPTH_SNAPSHOT_STREAM,false
853,LATE_COUNT,,44.816667,,0,0,0,0,,DEPTH_SNAPSHOT_STREAM,false
853,POST_RESOLUTION_DIAGNOSTIC,,,,0,0,0,0,,DEPTH_SNAPSHOT_STREAM,false
854,PRE_ELECTION,,61.0,,0,0,0,0,,DEPTH_SNAPSHOT_STREAM,false
854,ELECTION_DAY_PRE_RESULTS,,8.183333,,0,0,0,0,,DEPTH_SNAPSHOT_STREAM,false
854,ACTIVE_RESULTS,,6.0,,0,0,0,0,,DEPTH_SNAPSHOT_STREAM,false
854,LATE_COUNT,,44.816667,,0,0,0,0,,DEPTH_SNAPSHOT_STREAM,false
854,POST_RESOLUTION_DIAGNOSTIC,,,,0,0,0,0,,DEPTH_SNAPSHOT_STREAM,false
855,PRE_ELECTION,,61.0,,0,0,0,0,,DEPTH_SNAPSHOT_STREAM,false
855,ELECTION_DAY_PRE_RESULTS,,8.183333,,0,0,0,0,,DEPTH_SNAPSHOT_STREAM,false
855,ACTIVE_RESULTS,,6.0,,0,0,0,0,,DEPTH_SNAPSHOT_STREAM,false
855,LATE_COUNT,,44.816667,,0,0,0,0,,DEPTH_SNAPSHOT_STREAM,false
855,POST_RESOLUTION_DIAGNOSTIC,,,,0,0,0,0,,DEPTH_SNAPSHOT_STREAM,false
856,PRE_ELECTION,,61.0,,0,0,0,0,,DEPTH_SNAPSHOT_STREAM,false
856,ELECTION_DAY_PRE_RESULTS,,8.183333,,0,0,0,0,,DEPTH_SNAPSHOT_STREAM,false
856,ACTIVE_RESULTS,,6.0,,0,0,0,0,,DEPTH_SNAPSHOT_STREAM,false
856,LATE_COUNT,,44.816667,,0,0,0,0,,DEPTH_SNAPSHOT_STREAM,false
856,POST_RESOLUTION_DIAGNOSTIC,,,,0,0,0,0,,DEPTH_SNAPSHOT_STREAM,false
857,PRE_ELECTION,,61.0,,0,0,0,0,,DEPTH_SNAPSHOT_STREAM,false
857,ELECTION_DAY_PRE_RESULTS,,8.183333,,0,0,0,0,,DEPTH_SNAPSHOT_STREAM,false
857,ACTIVE_RESULTS,,6.0,,0,0,0,0,,DEPTH_SNAPSHOT_STREAM,false
857,LATE_COUNT,,44.816667,,0,0,0,0,,DEPTH_SNAPSHOT_STREAM,false
857,POST_RESOLUTION_DIAGNOSTIC,,,,0,0,0,0,,DEPTH_SNAPSHOT_STREAM,false
858,PRE_ELECTION,,61.0,,0,0,0,0,,DEPTH_SNAPSHOT_STREAM,false
858,ELECTION_DAY_PRE_RESULTS,,8.183333,,0,0,0,0,,DEPTH_SNAPSHOT_STREAM,false
858,ACTIVE_RESULTS,,6.0,,0,0,0,0,,DEPTH_SNAPSHOT_STREAM,false
858,LATE_COUNT,,44.816667,,0,0,0,0,,DEPTH_SNAPSHOT_STREAM,false
858,POST_RESOLUTION_DIAGNOSTIC,,,,0,0,0,0,,DEPTH_SNAPSHOT_STREAM,false
859,PRE_ELECTION,,61.0,,0,0,0,0,,DEPTH_SNAPSHOT_STREAM,false
859,ELECTION_DAY_PRE_RESULTS,,8.183333,,0,0,0,0,,DEPTH_SNAPSHOT_STREAM,false
859,ACTIVE_RESULTS,,6.0,,0,0,0,0,,DEPTH_SNAPSHOT_STREAM,false
859,LATE_COUNT,,44.816667,,0,0,0,0,,DEPTH_SNAPSHOT_STREAM,false
859,POST_RESOLUTION_DIAGNOSTIC,,,,0,0,0,0,,DEPTH_SNAPSHOT_STREAM,false
860,PRE_ELECTION,,61.0,,0,0,0,0,,DEPTH_SNAPSHOT_STREAM,false
860,ELECTION_DAY_PRE_RESULTS,,8.183333,,0,0,0,0,,DEPTH_SNAPSHOT_STREAM,false
860,ACTIVE_RESULTS,,6.0,,0,0,0,0,,DEPTH_SNAPSHOT_STREAM,false
860,LATE_COUNT,,44.816667,,0,0,0,0,,DEPTH_SNAPSHOT_STREAM,false
860,POST_RESOLUTION_DIAGNOSTIC,,,,0,0,0,0,,DEPTH_SNAPSHOT_STREAM,false
861,PRE_ELECTION,,61.0,,0,0,0,0,,DEPTH_SNAPSHOT_STREAM,false
861,ELECTION_DAY_PRE_RESULTS,,8.183333,,0,0,0,0,,DEPTH_SNAPSHOT_STREAM,false
861,ACTIVE_RESULTS,,6.0,,0,0,0,0,,DEPTH_SNAPSHOT_STREAM,false
861,LATE_COUNT,,44.816667,,0,0,0,0,,DEPTH_SNAPSHOT_STREAM,false
861,POST_RESOLUTION_DIAGNOSTIC,,,,0,0,0,0,,DEPTH_SNAPSHOT_STREAM,false
862,PRE_ELECTION,,61.0,,0,0,0,0,,DEPTH_SNAPSHOT_STREAM,false
862,ELECTION_DAY_PRE_RESULTS,,8.183333,,0,0,0,0,,DEPTH_SNAPSHOT_STREAM,false
862,ACTIVE_RESULTS,,6.0,,0,0,0,0,,DEPTH_SNAPSHOT_STREAM,false
862,LATE_COUNT,,44.816667,,0,0,0,0,,DEPTH_SNAPSHOT_STREAM,false
862,POST_RESOLUTION_DIAGNOSTIC,,,,0,0,0,0,,DEPTH_SNAPSHOT_STREAM,false
863,PRE_ELECTION,,61.0,,0,0,0,0,,DEPTH_SNAPSHOT_STREAM,false
863,ELECTION_DAY_PRE_RESULTS,,8.183333,,0,0,0,0,,DEPTH_SNAPSHOT_STREAM,false
863,ACTIVE_RESULTS,,6.0,,0,0,0,0,,DEPTH_SNAPSHOT_STREAM,false
863,LATE_COUNT,,44.816667,,0,0,0,0,,DEPTH_SNAPSHOT_STREAM,false
863,POST_RESOLUTION_DIAGNOSTIC,,,,0,0,0,0,,DEPTH_SNAPSHOT_STREAM,false
864,PRE_ELECTION,,61.0,,0,0,0,0,,DEPTH_SNAPSHOT_STREAM,false
864,ELECTION_DAY_PRE_RESULTS,,8.183333,,0,0,0,0,,DEPTH_SNAPSHOT_STREAM,false
864,ACTIVE_RESULTS,,6.0,,0,0,0,0,,DEPTH_SNAPSHOT_STREAM,false
864,LATE_COUNT,,44.816667,,0,0,0,0,,DEPTH_SNAPSHOT_STREAM,false
864,POST_RESOLUTION_DIAGNOSTIC,,,,0,0,0,0,,DEPTH_SNAPSHOT_STREAM,false
865,PRE_ELECTION,,61.0,,0,0,0,0,,DEPTH_SNAPSHOT_STREAM,false
865,ELECTION_DAY_PRE_RESULTS,,8.183333,,0,0,0,0,,DEPTH_SNAPSHOT_STREAM,false
865,ACTIVE_RESULTS,,6.0,,0,0,0,0,,DEPTH_SNAPSHOT_STREAM,false
865,LATE_COUNT,,44.816667,,0,0,0,0,,DEPTH_SNAPSHOT_STREAM,false
865,POST_RESOLUTION_DIAGNOSTIC,,,,0,0,0,0,,DEPTH_SNAPSHOT_STREAM,false
866,PRE_ELECTION,,61.0,,0,0,0,0,,DEPTH_SNAPSHOT_STREAM,false
866,ELECTION_DAY_PRE_RESULTS,,8.183333,,0,0,0,0,,DEPTH_SNAPSHOT_STREAM,false
866,ACTIVE_RESULTS,,6.0,,0,0,0,0,,DEPTH_SNAPSHOT_STREAM,false
866,LATE_COUNT,,44.816667,,0,0,0,0,,DEPTH_SNAPSHOT_STREAM,false
866,POST_RESOLUTION_DIAGNOSTIC,,,,0,0,0,0,,DEPTH_SNAPSHOT_STREAM,false
867,PRE_ELECTION,,61.0,,0,0,0,0,,DEPTH_SNAPSHOT_STREAM,false
867,ELECTION_DAY_PRE_RESULTS,,8.183333,,0,0,0,0,,DEPTH_SNAPSHOT_STREAM,false
867,ACTIVE_RESULTS,,6.0,,0,0,0,0,,DEPTH_SNAPSHOT_STREAM,false
867,LATE_COUNT,,44.816667,,0,0,0,0,,DEPTH_SNAPSHOT_STREAM,false
867,POST_RESOLUTION_DIAGNOSTIC,,,,0,0,0,0,,DEPTH_SNAPSHOT_STREAM,false
868,PRE_ELECTION,,61.0,,0,0,0,0,,DEPTH_SNAPSHOT_STREAM,false
868,ELECTION_DAY_PRE_RESULTS,,8.183333,,0,0,0,0,,DEPTH_SNAPSHOT_STREAM,false
868,ACTIVE_RESULTS,,6.0,,0,0,0,0,,DEPTH_SNAPSHOT_STREAM,false
868,LATE_COUNT,,44.816667,,0,0,0,0,,DEPTH_SNAPSHOT_STREAM,false
868,POST_RESOLUTION_DIAGNOSTIC,,,,0,0,0,0,,DEPTH_SNAPSHOT_STREAM,false
869,PRE_ELECTION,,61.0,,0,0,0,0,,DEPTH_SNAPSHOT_STREAM,false
869,ELECTION_DAY_PRE_RESULTS,,8.183333,,0,0,0,0,,DEPTH_SNAPSHOT_STREAM,false
869,ACTIVE_RESULTS,,6.0,,0,0,0,0,,DEPTH_SNAPSHOT_STREAM,false
869,LATE_COUNT,,44.816667,,0,0,0,0,,DEPTH_SNAPSHOT_STREAM,false
869,POST_RESOLUTION_DIAGNOSTIC,,,,0,0,0,0,,DEPTH_SNAPSHOT_STREAM,false
870,PRE_ELECTION,,61.0,,0,0,0,0,,DEPTH_SNAPSHOT_STREAM,false
870,ELECTION_DAY_PRE_RESULTS,,8.183333,,0,0,0,0,,DEPTH_SNAPSHOT_STREAM,false
870,ACTIVE_RESULTS,,6.0,,0,0,0,0,,DEPTH_SNAPSHOT_STREAM,false
870,LATE_COUNT,,44.816667,,0,0,0,0,,DEPTH_SNAPSHOT_STREAM,false
870,POST_RESOLUTION_DIAGNOSTIC,,,,0,0,0,0,,DEPTH_SNAPSHOT_STREAM,false
871,PRE_ELECTION,,61.0,,0,0,0,0,,DEPTH_SNAPSHOT_STREAM,false
871,ELECTION_DAY_PRE_RESULTS,,8.183333,,0,0,0,0,,DEPTH_SNAPSHOT_STREAM,false
871,ACTIVE_RESULTS,,6.0,,0,0,0,0,,DEPTH_SNAPSHOT_STREAM,false
871,LATE_COUNT,,44.816667,,0,0,0,0,,DEPTH_SNAPSHOT_STREAM,false
871,POST_RESOLUTION_DIAGNOSTIC,,,,0,0,0,0,,DEPTH_SNAPSHOT_STREAM,false
872,PRE_ELECTION,,61.0,,0,0,0,0,,DEPTH_SNAPSHOT_STREAM,false
872,ELECTION_DAY_PRE_RESULTS,,8.183333,,0,0,0,0,,DEPTH_SNAPSHOT_STREAM,false
872,ACTIVE_RESULTS,,6.0,,0,0,0,0,,DEPTH_SNAPSHOT_STREAM,false
872,LATE_COUNT,,44.816667,,0,0,0,0,,DEPTH_SNAPSHOT_STREAM,false
872,POST_RESOLUTION_DIAGNOSTIC,,,,0,0,0,0,,DEPTH_SNAPSHOT_STREAM,false
873,PRE_ELECTION,,61.0,,0,0,0,0,,DEPTH_SNAPSHOT_STREAM,false
873,ELECTION_DAY_PRE_RESULTS,,8.183333,,0,0,0,0,,DEPTH_SNAPSHOT_STREAM,false
873,ACTIVE_RESULTS,,6.0,,0,0,0,0,,DEPTH_SNAPSHOT_STREAM,false
873,LATE_COUNT,,44.816667,,0,0,0,0,,DEPTH_SNAPSHOT_STREAM,false
873,POST_RESOLUTION_DIAGNOSTIC,,,,0,0,0,0,,DEPTH_SNAPSHOT_STREAM,false
874,PRE_ELECTION,,61.0,,0,0,0,0,,DEPTH_SNAPSHOT_STREAM,false
874,ELECTION_DAY_PRE_RESULTS,,8.183333,,0,0,0,0,,DEPTH_SNAPSHOT_STREAM,false
874,ACTIVE_RESULTS,,6.0,,0,0,0,0,,DEPTH_SNAPSHOT_STREAM,false
874,LATE_COUNT,,44.816667,,0,0,0,0,,DEPTH_SNAPSHOT_STREAM,false
874,POST_RESOLUTION_DIAGNOSTIC,,,,0,0,0,0,,DEPTH_SNAPSHOT_STREAM,false
875,PRE_ELECTION,,61.0,,0,0,0,0,,DEPTH_SNAPSHOT_STREAM,false
875,ELECTION_DAY_PRE_RESULTS,,8.183333,,0,0,0,0,,DEPTH_SNAPSHOT_STREAM,false
875,ACTIVE_RESULTS,,6.0,,0,0,0,0,,DEPTH_SNAPSHOT_STREAM,false
875,LATE_COUNT,,44.816667,,0,0,0,0,,DEPTH_SNAPSHOT_STREAM,false
875,POST_RESOLUTION_DIAGNOSTIC,,,,0,0,0,0,,DEPTH_SNAPSHOT_STREAM,false
876,PRE_ELECTION,,61.0,,0,0,0,0,,DEPTH_SNAPSHOT_STREAM,false
876,ELECTION_DAY_PRE_RESULTS,,8.183333,,0,0,0,0,,DEPTH_SNAPSHOT_STREAM,false
876,ACTIVE_RESULTS,,6.0,,0,0,0,0,,DEPTH_SNAPSHOT_STREAM,false
876,LATE_COUNT,,44.816667,,0,0,0,0,,DEPTH_SNAPSHOT_STREAM,false
876,POST_RESOLUTION_DIAGNOSTIC,,,,0,0,0,0,,DEPTH_SNAPSHOT_STREAM,false
877,PRE_ELECTION,,61.0,,0,0,0,0,,DEPTH_SNAPSHOT_STREAM,false
877,ELECTION_DAY_PRE_RESULTS,,8.183333,,0,0,0,0,,DEPTH_SNAPSHOT_STREAM,false
877,ACTIVE_RESULTS,,6.0,,0,0,0,0,,DEPTH_SNAPSHOT_STREAM,false
877,LATE_COUNT,,44.816667,,0,0,0,0,,DEPTH_SNAPSHOT_STREAM,false
877,POST_RESOLUTION_DIAGNOSTIC,,,,0,0,0,0,,DEPTH_SNAPSHOT_STREAM,false
878,PRE_ELECTION,,61.0,,0,0,0,0,,DEPTH_SNAPSHOT_STREAM,false
878,ELECTION_DAY_PRE_RESULTS,,8.183333,,0,0,0,0,,DEPTH_SNAPSHOT_STREAM,false
878,ACTIVE_RESULTS,,6.0,,0,0,0,0,,DEPTH_SNAPSHOT_STREAM,false
878,LATE_COUNT,,44.816667,,0,0,0,0,,DEPTH_SNAPSHOT_STREAM,false
878,POST_RESOLUTION_DIAGNOSTIC,,,,0,0,0,0,,DEPTH_SNAPSHOT_STREAM,false
879,PRE_ELECTION,,61.0,,0,0,0,0,,DEPTH_SNAPSHOT_STREAM,false
879,ELECTION_DAY_PRE_RESULTS,,8.183333,,0,0,0,0,,DEPTH_SNAPSHOT_STREAM,false
879,ACTIVE_RESULTS,,6.0,,0,0,0,0,,DEPTH_SNAPSHOT_STREAM,false
879,LATE_COUNT,,44.816667,,0,0,0,0,,DEPTH_SNAPSHOT_STREAM,false
879,POST_RESOLUTION_DIAGNOSTIC,,,,0,0,0,0,,DEPTH_SNAPSHOT_STREAM,false
880,PRE_ELECTION,,61.0,,0,0,0,0,,DEPTH_SNAPSHOT_STREAM,false
880,ELECTION_DAY_PRE_RESULTS,,8.183333,,0,0,0,0,,DEPTH_SNAPSHOT_STREAM,false
880,ACTIVE_RESULTS,,6.0,,0,0,0,0,,DEPTH_SNAPSHOT_STREAM,false
880,LATE_COUNT,,44.816667,,0,0,0,0,,DEPTH_SNAPSHOT_STREAM,false
880,POST_RESOLUTION_DIAGNOSTIC,,,,0,0,0,0,,DEPTH_SNAPSHOT_STREAM,false
881,PRE_ELECTION,,61.0,,0,0,0,0,,DEPTH_SNAPSHOT_STREAM,false
881,ELECTION_DAY_PRE_RESULTS,,8.183333,,0,0,0,0,,DEPTH_SNAPSHOT_STREAM,false
881,ACTIVE_RESULTS,,6.0,,0,0,0,0,,DEPTH_SNAPSHOT_STREAM,false
881,LATE_COUNT,,44.816667,,0,0,0,0,,DEPTH_SNAPSHOT_STREAM,false
881,POST_RESOLUTION_DIAGNOSTIC,,,,0,0,0,0,,DEPTH_SNAPSHOT_STREAM,false
882,PRE_ELECTION,,61.0,,0,0,0,0,,DEPTH_SNAPSHOT_STREAM,false
882,ELECTION_DAY_PRE_RESULTS,,8.183333,,0,0,0,0,,DEPTH_SNAPSHOT_STREAM,false
882,ACTIVE_RESULTS,,6.0,,0,0,0,0,,DEPTH_SNAPSHOT_STREAM,false
882,LATE_COUNT,,44.816667,,0,0,0,0,,DEPTH_SNAPSHOT_STREAM,false
882,POST_RESOLUTION_DIAGNOSTIC,,,,0,0,0,0,,DEPTH_SNAPSHOT_STREAM,false
883,PRE_ELECTION,,61.0,,0,0,0,0,,DEPTH_SNAPSHOT_STREAM,false
883,ELECTION_DAY_PRE_RESULTS,,8.183333,,0,0,0,0,,DEPTH_SNAPSHOT_STREAM,false
883,ACTIVE_RESULTS,,6.0,,0,0,0,0,,DEPTH_SNAPSHOT_STREAM,false
883,LATE_COUNT,,44.816667,,0,0,0,0,,DEPTH_SNAPSHOT_STREAM,false
883,POST_RESOLUTION_DIAGNOSTIC,,,,0,0,0,0,,DEPTH_SNAPSHOT_STREAM,false
884,PRE_ELECTION,,61.0,,0,0,0,0,,DEPTH_SNAPSHOT_STREAM,false
884,ELECTION_DAY_PRE_RESULTS,,8.183333,,0,0,0,0,,DEPTH_SNAPSHOT_STREAM,false
884,ACTIVE_RESULTS,,6.0,,0,0,0,0,,DEPTH_SNAPSHOT_STREAM,false
884,LATE_COUNT,,44.816667,,0,0,0,0,,DEPTH_SNAPSHOT_STREAM,false
884,POST_RESOLUTION_DIAGNOSTIC,,,,0,0,0,0,,DEPTH_SNAPSHOT_STREAM,false
885,PRE_ELECTION,,61.0,,0,0,0,0,,DEPTH_SNAPSHOT_STREAM,false
885,ELECTION_DAY_PRE_RESULTS,,8.183333,,0,0,0,0,,DEPTH_SNAPSHOT_STREAM,false
885,ACTIVE_RESULTS,,6.0,,0,0,0,0,,DEPTH_SNAPSHOT_STREAM,false
885,LATE_COUNT,,44.816667,,0,0,0,0,,DEPTH_SNAPSHOT_STREAM,false
885,POST_RESOLUTION_DIAGNOSTIC,,,,0,0,0,0,,DEPTH_SNAPSHOT_STREAM,false
886,PRE_ELECTION,60.999079,61.0,0.9999849,254624,5,2,4,1493.229,BBO_CHANGE_STREAM,false
886,ELECTION_DAY_PRE_RESULTS,8.180589,8.183333,0.99966468,19157,1,1,2,84.633,BBO_CHANGE_STREAM,false
886,ACTIVE_RESULTS,5.998777,6.0,0.99979617,26024,0,0,0,108.104,BBO_CHANGE_STREAM,false
886,LATE_COUNT,44.816213,44.816667,0.99998987,96501,17,0,1,166.986,BBO_CHANGE_STREAM,true
886,POST_RESOLUTION_DIAGNOSTIC,,,,0,0,0,0,,DEPTH_SNAPSHOT_STREAM,false
887,PRE_ELECTION,60.999079,61.0,0.9999849,254626,13,0,0,1493.229,BBO_CHANGE_STREAM,false
887,ELECTION_DAY_PRE_RESULTS,8.180589,8.183333,0.99966468,19160,1,0,0,84.633,BBO_CHANGE_STREAM,false
887,ACTIVE_RESULTS,5.998777,6.0,0.99979617,26024,0,0,0,108.104,BBO_CHANGE_STREAM,false
887,LATE_COUNT,44.816213,44.816667,0.99998987,96506,15,1,1,166.986,BBO_CHANGE_STREAM,true
887,POST_RESOLUTION_DIAGNOSTIC,,,,0,0,0,0,,DEPTH_SNAPSHOT_STREAM,false
888,PRE_ELECTION,60.999759,61.0,0.99999605,95914,13,1,2,1510.445,BBO_CHANGE_STREAM,false
888,ELECTION_DAY_PRE_RESULTS,8.181165,8.183333,0.99973507,29743,1,0,1,86.705,BBO_CHANGE_STREAM,false
888,ACTIVE_RESULTS,5.9967,6.0,0.99945,21940,0,0,0,61.469,BBO_CHANGE_STREAM,false
888,LATE_COUNT,44.813806,44.816667,0.99993616,88654,14,0,0,129.759,BBO_CHANGE_STREAM,true
888,POST_RESOLUTION_DIAGNOSTIC,,,,0,0,0,0,,DEPTH_SNAPSHOT_STREAM,false
889,PRE_ELECTION,60.999759,61.0,0.99999605,95914,14,0,0,1510.445,BBO_CHANGE_STREAM,false
889,ELECTION_DAY_PRE_RESULTS,8.181165,8.183333,0.99973507,29743,1,1,1,86.705,BBO_CHANGE_STREAM,false
889,ACTIVE_RESULTS,5.9967,6.0,0.99945,21940,0,0,0,61.469,BBO_CHANGE_STREAM,false
889,LATE_COUNT,44.813806,44.816667,0.99993616,88656,7,0,0,129.759,BBO_CHANGE_STREAM,true
889,POST_RESOLUTION_DIAGNOSTIC,,,,0,0,0,0,,DEPTH_SNAPSHOT_STREAM,false
890,PRE_ELECTION,60.999035,61.0,0.99998418,87351,13,0,0,1490.892,BBO_CHANGE_STREAM,false
890,ELECTION_DAY_PRE_RESULTS,8.182527,8.183333,0.99990151,30755,0,0,0,86.06,BBO_CHANGE_STREAM,false
890,ACTIVE_RESULTS,5.995594,6.0,0.99926567,10463,0,0,0,121.465,BBO_CHANGE_STREAM,false
890,LATE_COUNT,44.809266,44.816667,0.99983486,93165,11,0,0,122.634,BBO_CHANGE_STREAM,true
890,POST_RESOLUTION_DIAGNOSTIC,,,,0,0,0,0,,DEPTH_SNAPSHOT_STREAM,false
891,PRE_ELECTION,60.999035,61.0,0.99998418,87351,7,1,2,1490.67,BBO_CHANGE_STREAM,false
891,ELECTION_DAY_PRE_RESULTS,8.182527,8.183333,0.99990151,30755,0,0,0,86.06,BBO_CHANGE_STREAM,false
891,ACTIVE_RESULTS,5.995594,6.0,0.99926567,10463,0,0,0,121.465,BBO_CHANGE_STREAM,false
891,LATE_COUNT,44.809266,44.816667,0.99983486,93164,9,0,0,122.634,BBO_CHANGE_STREAM,true
891,POST_RESOLUTION_DIAGNOSTIC,,,,0,0,0,0,,DEPTH_SNAPSHOT_STREAM,false
892,PRE_ELECTION,60.999207,61.0,0.999987,110606,15,0,0,1493.699,BBO_CHANGE_STREAM,false
892,ELECTION_DAY_PRE_RESULTS,8.182936,8.183333,0.99995149,35470,0,0,0,59.544,BBO_CHANGE_STREAM,false
892,ACTIVE_RESULTS,5.987989,6.0,0.99799817,14917,0,0,0,100.511,BBO_CHANGE_STREAM,false
892,LATE_COUNT,44.813265,44.816667,0.99992409,110116,11,0,0,97.641,BBO_CHANGE_STREAM,true
892,POST_RESOLUTION_DIAGNOSTIC,,,,0,0,0,0,,DEPTH_SNAPSHOT_STREAM,false
893,PRE_ELECTION,60.999207,61.0,0.999987,110606,8,1,2,1493.79,BBO_CHANGE_STREAM,false
893,ELECTION_DAY_PRE_RESULTS,8.182936,8.183333,0.99995149,35470,0,0,0,59.544,BBO_CHANGE_STREAM,false
893,ACTIVE_RESULTS,5.987989,6.0,0.99799817,14917,0,0,0,100.511,BBO_CHANGE_STREAM,false
893,LATE_COUNT,44.813265,44.816667,0.99992409,110116,6,0,0,97.641,BBO_CHANGE_STREAM,true
893,POST_RESOLUTION_DIAGNOSTIC,,,,0,0,0,0,,DEPTH_SNAPSHOT_STREAM,false
894,PRE_ELECTION,60.998426,61.0,0.9999742,50887,10,1,3,1511.049,BBO_CHANGE_STREAM,false
894,ELECTION_DAY_PRE_RESULTS,8.180583,8.183333,0.99966395,15228,1,0,1,84.704,BBO_CHANGE_STREAM,false
894,ACTIVE_RESULTS,5.999887,6.0,0.99998117,12921,0,0,0,63.152,BBO_CHANGE_STREAM,false
894,LATE_COUNT,44.81454,44.816667,0.99995254,64540,15,0,0,172.017,BBO_CHANGE_STREAM,true
894,POST_RESOLUTION_DIAGNOSTIC,,,,0,0,0,0,,DEPTH_SNAPSHOT_STREAM,false
895,PRE_ELECTION,60.998426,61.0,0.9999742,50887,10,1,1,1510.832,BBO_CHANGE_STREAM,false
895,ELECTION_DAY_PRE_RESULTS,8.180583,8.183333,0.99966395,15228,1,1,1,84.704,BBO_CHANGE_STREAM,false
895,ACTIVE_RESULTS,5.999887,6.0,0.99998117,12921,0,0,0,63.152,BBO_CHANGE_STREAM,false
895,LATE_COUNT,44.81454,44.816667,0.99995254,64543,10,0,0,172.017,BBO_CHANGE_STREAM,true
895,POST_RESOLUTION_DIAGNOSTIC,,,,0,0,0,0,,DEPTH_SNAPSHOT_STREAM,false
896,PRE_ELECTION,,61.0,,0,0,0,0,,DEPTH_SNAPSHOT_STREAM,false
896,ELECTION_DAY_PRE_RESULTS,,8.183333,,0,0,0,0,,DEPTH_SNAPSHOT_STREAM,false
896,ACTIVE_RESULTS,,6.0,,0,0,0,0,,DEPTH_SNAPSHOT_STREAM,false
896,LATE_COUNT,,44.816667,,0,0,0,0,,DEPTH_SNAPSHOT_STREAM,false
896,POST_RESOLUTION_DIAGNOSTIC,,,,0,0,0,0,,DEPTH_SNAPSHOT_STREAM,false
897,PRE_ELECTION,,61.0,,0,0,0,0,,DEPTH_SNAPSHOT_STREAM,false
897,ELECTION_DAY_PRE_RESULTS,,8.183333,,0,0,0,0,,DEPTH_SNAPSHOT_STREAM,false
897,ACTIVE_RESULTS,,6.0,,0,0,0,0,,DEPTH_SNAPSHOT_STREAM,false
897,LATE_COUNT,,44.816667,,0,0,0,0,,DEPTH_SNAPSHOT_STREAM,false
897,POST_RESOLUTION_DIAGNOSTIC,,,,0,0,0,0,,DEPTH_SNAPSHOT_STREAM,false
898,PRE_ELECTION,60.999255,61.0,0.99998779,79447,7,0,0,1510.667,BBO_CHANGE_STREAM,false
898,ELECTION_DAY_PRE_RESULTS,8.182804,8.183333,0.99993536,30323,0,0,0,57.617,BBO_CHANGE_STREAM,false
898,ACTIVE_RESULTS,5.973325,6.0,0.99555417,11512,0,0,0,111.971,BBO_CHANGE_STREAM,false
898,LATE_COUNT,44.809266,44.816667,0.99983486,89255,12,0,0,157.295,BBO_CHANGE_STREAM,true
898,POST_RESOLUTION_DIAGNOSTIC,,,,0,0,0,0,,DEPTH_SNAPSHOT_STREAM,false
899,PRE_ELECTION,60.999255,61.0,0.99998779,79446,10,1,2,1511.211,BBO_CHANGE_STREAM,false
899,ELECTION_DAY_PRE_RESULTS,8.182804,8.183333,0.99993536,30323,0,0,0,57.617,BBO_CHANGE_STREAM,false
899,ACTIVE_RESULTS,5.973325,6.0,0.99555417,11512,0,0,0,111.971,BBO_CHANGE_STREAM,false
899,LATE_COUNT,44.809266,44.816667,0.99983486,89254,15,0,0,157.295,BBO_CHANGE_STREAM,true
899,POST_RESOLUTION_DIAGNOSTIC,,,,0,0,0,0,,DEPTH_SNAPSHOT_STREAM,false
900,PRE_ELECTION,60.997301,61.0,0.99995575,154402,17,5,5,1510.536,BBO_CHANGE_STREAM,false
900,ELECTION_DAY_PRE_RESULTS,8.182804,8.183333,0.99993536,24911,1,1,1,75.696,BBO_CHANGE_STREAM,false
900,ACTIVE_RESULTS,5.998512,6.0,0.999752,21167,1,1,1,82.756,BBO_CHANGE_STREAM,false
900,LATE_COUNT,44.814683,44.816667,0.99995573,118108,13,2,2,158.478,BBO_CHANGE_STREAM,true
900,POST_RESOLUTION_DIAGNOSTIC,,,,0,0,0,0,,DEPTH_SNAPSHOT_STREAM,false
901,PRE_ELECTION,60.997301,61.0,0.99995575,154402,12,1,7,1511.049,BBO_CHANGE_STREAM,false
901,ELECTION_DAY_PRE_RESULTS,8.182804,8.183333,0.99993536,24910,1,0,1,75.696,BBO_CHANGE_STREAM,false
901,ACTIVE_RESULTS,5.998512,6.0,0.999752,21167,1,0,1,82.756,BBO_CHANGE_STREAM,false
901,LATE_COUNT,44.814683,44.816667,0.99995573,118108,13,0,2,158.478,BBO_CHANGE_STREAM,true
901,POST_RESOLUTION_DIAGNOSTIC,,,,0,0,0,0,,DEPTH_SNAPSHOT_STREAM,false
902,PRE_ELECTION,60.996992,61.0,0.99995069,62070,12,0,0,1567.811,BBO_CHANGE_STREAM,false
902,ELECTION_DAY_PRE_RESULTS,8.182665,8.183333,0.99991837,28648,0,0,0,84.084,BBO_CHANGE_STREAM,false
902,ACTIVE_RESULTS,5.990836,6.0,0.99847267,10403,0,0,0,112.391,BBO_CHANGE_STREAM,false
902,LATE_COUNT,44.805917,44.816667,0.99976013,89182,8,0,0,145.115,BBO_CHANGE_STREAM,true
902,POST_RESOLUTION_DIAGNOSTIC,,,,0,0,0,0,,DEPTH_SNAPSHOT_STREAM,false
903,PRE_ELECTION,60.996992,61.0,0.99995069,62070,18,1,2,1567.811,BBO_CHANGE_STREAM,false
903,ELECTION_DAY_PRE_RESULTS,8.182665,8.183333,0.99991837,28648,0,0,0,84.084,BBO_CHANGE_STREAM,false
903,ACTIVE_RESULTS,5.990836,6.0,0.99847267,10403,0,0,0,112.391,BBO_CHANGE_STREAM,false
903,LATE_COUNT,44.805917,44.816667,0.99976013,89182,14,0,0,145.115,BBO_CHANGE_STREAM,true
903,POST_RESOLUTION_DIAGNOSTIC,,,,0,0,0,0,,DEPTH_SNAPSHOT_STREAM,false
904,PRE_ELECTION,,61.0,,0,0,0,0,,DEPTH_SNAPSHOT_STREAM,false
904,ELECTION_DAY_PRE_RESULTS,,8.183333,,0,0,0,0,,DEPTH_SNAPSHOT_STREAM,false
904,ACTIVE_RESULTS,,6.0,,0,0,0,0,,DEPTH_SNAPSHOT_STREAM,false
904,LATE_COUNT,,44.816667,,0,0,0,0,,DEPTH_SNAPSHOT_STREAM,false
904,POST_RESOLUTION_DIAGNOSTIC,,,,0,0,0,0,,DEPTH_SNAPSHOT_STREAM,false
905,PRE_ELECTION,,61.0,,0,0,0,0,,DEPTH_SNAPSHOT_STREAM,false
905,ELECTION_DAY_PRE_RESULTS,,8.183333,,0,0,0,0,,DEPTH_SNAPSHOT_STREAM,false
905,ACTIVE_RESULTS,,6.0,,0,0,0,0,,DEPTH_SNAPSHOT_STREAM,false
905,LATE_COUNT,,44.816667,,0,0,0,0,,DEPTH_SNAPSHOT_STREAM,false
905,POST_RESOLUTION_DIAGNOSTIC,,,,0,0,0,0,,DEPTH_SNAPSHOT_STREAM,false
906,PRE_ELECTION,60.997572,61.0,0.9999602,151001,1640,916,2463,1373.471,BBO_CHANGE_STREAM,true
906,ELECTION_DAY_PRE_RESULTS,8.182866,8.183333,0.99994293,94849,1187,761,1789,31.728,BBO_CHANGE_STREAM,false
906,ACTIVE_RESULTS,5.997635,6.0,0.99960583,56032,1597,990,2566,88.528,BBO_CHANGE_STREAM,true
906,LATE_COUNT,44.812468,44.816667,0.99990631,198117,1372,867,2207,112.007,BBO_CHANGE_STREAM,true
906,POST_RESOLUTION_DIAGNOSTIC,,,,0,0,0,0,,DEPTH_SNAPSHOT_STREAM,false
907,PRE_ELECTION,60.997572,61.0,0.9999602,151038,1635,683,1595,1373.471,BBO_CHANGE_STREAM,true
907,ELECTION_DAY_PRE_RESULTS,8.182866,8.183333,0.99994293,94851,1187,412,1125,31.728,BBO_CHANGE_STREAM,false
907,ACTIVE_RESULTS,5.997635,6.0,0.99960583,56037,1597,589,1339,88.528,BBO_CHANGE_STREAM,true
907,LATE_COUNT,44.812468,44.816667,0.99990631,198145,1370,488,827,112.007,BBO_CHANGE_STREAM,true
907,POST_RESOLUTION_DIAGNOSTIC,,,,0,0,0,0,,DEPTH_SNAPSHOT_STREAM,false
908,PRE_ELECTION,60.999759,61.0,0.99999605,125514,8,1,2,1490.72,BBO_CHANGE_STREAM,false
908,ELECTION_DAY_PRE_RESULTS,8.182453,8.183333,0.99989246,30004,0,0,0,80.047,BBO_CHANGE_STREAM,false
908,ACTIVE_RESULTS,5.995594,6.0,0.99926567,9535,0,0,0,121.522,BBO_CHANGE_STREAM,false
908,LATE_COUNT,44.815539,44.816667,0.99997483,95073,12,0,0,180.399,BBO_CHANGE_STREAM,true
908,POST_RESOLUTION_DIAGNOSTIC,,,,0,0,0,0,,DEPTH_SNAPSHOT_STREAM,false
909,PRE_ELECTION,60.999759,61.0,0.99999605,125514,12,0,0,1491.264,BBO_CHANGE_STREAM,false
909,ELECTION_DAY_PRE_RESULTS,8.182453,8.183333,0.99989246,30004,2,0,0,80.047,BBO_CHANGE_STREAM,false
909,ACTIVE_RESULTS,5.995594,6.0,0.99926567,9535,0,0,0,121.522,BBO_CHANGE_STREAM,false
909,LATE_COUNT,44.815539,44.816667,0.99997483,95073,11,0,0,180.399,BBO_CHANGE_STREAM,true
909,POST_RESOLUTION_DIAGNOSTIC,,,,0,0,0,0,,DEPTH_SNAPSHOT_STREAM,false
910,PRE_ELECTION,60.999388,61.0,0.99998997,152097,2187,882,3279,1403.224,BBO_CHANGE_STREAM,true
910,ELECTION_DAY_PRE_RESULTS,8.18283,8.183333,0.99993853,71948,1357,523,2004,23.513,BBO_CHANGE_STREAM,false
910,ACTIVE_RESULTS,5.997243,6.0,0.9995405,51143,2149,912,2937,53.625,BBO_CHANGE_STREAM,true
910,LATE_COUNT,44.813556,44.816667,0.99993058,51497,816,409,1158,137.341,BBO_CHANGE_STREAM,true
910,POST_RESOLUTION_DIAGNOSTIC,,,,0,0,0,0,,DEPTH_SNAPSHOT_STREAM,false
911,PRE_ELECTION,60.999388,61.0,0.99998997,152058,2187,1265,2138,1403.224,BBO_CHANGE_STREAM,true
911,ELECTION_DAY_PRE_RESULTS,8.18283,8.183333,0.99993853,71946,1357,816,1406,23.513,BBO_CHANGE_STREAM,false
911,ACTIVE_RESULTS,5.997243,6.0,0.9995405,51135,2149,1206,2445,53.625,BBO_CHANGE_STREAM,true
911,LATE_COUNT,44.813556,44.816667,0.99993058,51416,812,388,789,137.341,BBO_CHANGE_STREAM,true
911,POST_RESOLUTION_DIAGNOSTIC,,,,0,0,0,0,,DEPTH_SNAPSHOT_STREAM,false
912,PRE_ELECTION,60.999666,61.0,0.99999452,99459,11,1,2,1541.155,BBO_CHANGE_STREAM,false
912,ELECTION_DAY_PRE_RESULTS,8.182453,8.183333,0.99989246,29702,0,0,0,91.194,BBO_CHANGE_STREAM,false
912,ACTIVE_RESULTS,5.992966,6.0,0.99882767,9777,0,0,0,123.024,BBO_CHANGE_STREAM,false
912,LATE_COUNT,44.804971,44.816667,0.99973903,95990,2,0,0,177.414,BBO_CHANGE_STREAM,true
912,POST_RESOLUTION_DIAGNOSTIC,,,,0,0,0,0,,DEPTH_SNAPSHOT_STREAM,false
913,PRE_ELECTION,60.999666,61.0,0.99999452,99458,18,0,0,1541.759,BBO_CHANGE_STREAM,false
913,ELECTION_DAY_PRE_RESULTS,8.182453,8.183333,0.99989246,29703,0,0,0,91.194,BBO_CHANGE_STREAM,false
913,ACTIVE_RESULTS,5.992966,6.0,0.99882767,9777,0,0,0,123.024,BBO_CHANGE_STREAM,false
913,LATE_COUNT,44.804971,44.816667,0.99973903,95991,16,0,0,177.414,BBO_CHANGE_STREAM,true
913,POST_RESOLUTION_DIAGNOSTIC,,,,0,0,0,0,,DEPTH_SNAPSHOT_STREAM,false
914,PRE_ELECTION,60.998551,61.0,0.99997625,45612,17,0,0,1527.974,BBO_CHANGE_STREAM,false
914,ELECTION_DAY_PRE_RESULTS,8.179749,8.183333,0.99956204,14197,5,1,1,107.015,BBO_CHANGE_STREAM,false
914,ACTIVE_RESULTS,5.996558,6.0,0.99942633,12015,0,0,0,65.74,BBO_CHANGE_STREAM,false
914,LATE_COUNT,44.813434,44.816667,0.99992786,60917,10,0,0,180.916,BBO_CHANGE_STREAM,true
914,POST_RESOLUTION_DIAGNOSTIC,,,,0,0,0,0,,DEPTH_SNAPSHOT_STREAM,false
915,PRE_ELECTION,60.998551,61.0,0.99997625,45612,12,1,2,1528.065,BBO_CHANGE_STREAM,false
915,ELECTION_DAY_PRE_RESULTS,8.179749,8.183333,0.99956204,14197,1,0,1,107.015,BBO_CHANGE_STREAM,false
915,ACTIVE_RESULTS,5.996558,6.0,0.99942633,12015,0,0,0,65.74,BBO_CHANGE_STREAM,false
915,LATE_COUNT,44.813434,44.816667,0.99992786,60916,8,1,2,180.916,BBO_CHANGE_STREAM,true
915,POST_RESOLUTION_DIAGNOSTIC,,,,0,0,0,0,,DEPTH_SNAPSHOT_STREAM,false
916,PRE_ELECTION,60.999255,61.0,0.99998779,76363,7,1,2,1509.527,BBO_CHANGE_STREAM,false
916,ELECTION_DAY_PRE_RESULTS,8.182804,8.183333,0.99993536,31145,0,0,0,78.222,BBO_CHANGE_STREAM,false
916,ACTIVE_RESULTS,5.99568,6.0,0.99928,10320,0,0,0,130.905,BBO_CHANGE_STREAM,false
916,LATE_COUNT,44.809167,44.816667,0.99983265,99691,8,0,0,121.706,BBO_CHANGE_STREAM,true
916,POST_RESOLUTION_DIAGNOSTIC,,,,0,0,0,0,,DEPTH_SNAPSHOT_STREAM,false
917,PRE_ELECTION,60.999255,61.0,0.99998779,76363,11,0,0,1509.658,BBO_CHANGE_STREAM,false
917,ELECTION_DAY_PRE_RESULTS,8.182804,8.183333,0.99993536,31146,0,0,0,78.222,BBO_CHANGE_STREAM,false
917,ACTIVE_RESULTS,5.99568,6.0,0.99928,10320,0,0,0,130.905,BBO_CHANGE_STREAM,false
917,LATE_COUNT,44.809167,44.816667,0.99983265,99691,6,0,0,121.706,BBO_CHANGE_STREAM,true
917,POST_RESOLUTION_DIAGNOSTIC,,,,0,0,0,0,,DEPTH_SNAPSHOT_STREAM,false
918,PRE_ELECTION,60.999255,61.0,0.99998779,74111,11,0,0,1527.974,BBO_CHANGE_STREAM,false
918,ELECTION_DAY_PRE_RESULTS,8.182804,8.183333,0.99993536,29419,0,0,0,59.237,BBO_CHANGE_STREAM,false
918,ACTIVE_RESULTS,5.991697,6.0,0.99861617,9667,0,0,0,126.509,BBO_CHANGE_STREAM,false
918,LATE_COUNT,44.81472,44.816667,0.99995656,94105,12,0,0,132.286,BBO_CHANGE_STREAM,true
918,POST_RESOLUTION_DIAGNOSTIC,,,,0,0,0,0,,DEPTH_SNAPSHOT_STREAM,false
919,PRE_ELECTION,60.999255,61.0,0.99998779,74111,7,1,2,1527.974,BBO_CHANGE_STREAM,false
919,ELECTION_DAY_PRE_RESULTS,8.182804,8.183333,0.99993536,29419,0,0,0,59.237,BBO_CHANGE_STREAM,false
919,ACTIVE_RESULTS,5.991697,6.0,0.99861617,9667,0,0,0,126.509,BBO_CHANGE_STREAM,false
919,LATE_COUNT,44.81472,44.816667,0.99995656,94103,9,0,0,132.286,BBO_CHANGE_STREAM,true
919,POST_RESOLUTION_DIAGNOSTIC,,,,0,0,0,0,,DEPTH_SNAPSHOT_STREAM,false
920,PRE_ELECTION,60.999886,61.0,0.99999813,305383,25,2,10,1499.413,BBO_CHANGE_STREAM,false
920,ELECTION_DAY_PRE_RESULTS,8.178784,8.183333,0.99944411,25144,2,1,3,78.149,BBO_CHANGE_STREAM,false
920,ACTIVE_RESULTS,5.999193,6.0,0.9998655,17701,1,0,1,101.157,BBO_CHANGE_STREAM,false
920,LATE_COUNT,44.778521,44.816667,0.99914884,85625,15,0,1,175.944,BBO_CHANGE_STREAM,true
920,POST_RESOLUTION_DIAGNOSTIC,,,,0,0,0,0,,DEPTH_SNAPSHOT_STREAM,false
921,PRE_ELECTION,60.999886,61.0,0.99999813,305383,19,6,6,1499.413,BBO_CHANGE_STREAM,false
921,ELECTION_DAY_PRE_RESULTS,8.178784,8.183333,0.99944411,25144,2,1,1,78.149,BBO_CHANGE_STREAM,false
921,ACTIVE_RESULTS,5.999193,6.0,0.9998655,17701,1,1,1,101.157,BBO_CHANGE_STREAM,false
921,LATE_COUNT,44.778521,44.816667,0.99914884,85629,8,1,1,175.944,BBO_CHANGE_STREAM,true
921,POST_RESOLUTION_DIAGNOSTIC,,,,0,0,0,0,,DEPTH_SNAPSHOT_STREAM,false
922,PRE_ELECTION,60.999255,61.0,0.99998779,214406,13,1,1,1493.616,BBO_CHANGE_STREAM,false
922,ELECTION_DAY_PRE_RESULTS,8.182865,8.183333,0.99994281,27455,0,0,0,76.096,BBO_CHANGE_STREAM,false
922,ACTIVE_RESULTS,5.997654,6.0,0.999609,8849,0,0,0,123.14,BBO_CHANGE_STREAM,false
922,LATE_COUNT,44.809167,44.816667,0.99983265,74680,6,0,0,179.292,BBO_CHANGE_STREAM,true
922,POST_RESOLUTION_DIAGNOSTIC,,,,0,0,0,0,,DEPTH_SNAPSHOT_STREAM,false
923,PRE_ELECTION,60.999255,61.0,0.99998779,214406,16,0,3,1493.32,BBO_CHANGE_STREAM,false
923,ELECTION_DAY_PRE_RESULTS,8.182865,8.183333,0.99994281,27455,0,0,0,76.096,BBO_CHANGE_STREAM,false
923,ACTIVE_RESULTS,5.997654,6.0,0.999609,8849,0,0,0,123.14,BBO_CHANGE_STREAM,false
923,LATE_COUNT,44.809167,44.816667,0.99983265,74678,5,0,0,179.292,BBO_CHANGE_STREAM,true
923,POST_RESOLUTION_DIAGNOSTIC,,,,0,0,0,0,,DEPTH_SNAPSHOT_STREAM,false
924,PRE_ELECTION,,61.0,,0,0,0,0,,DEPTH_SNAPSHOT_STREAM,false
924,ELECTION_DAY_PRE_RESULTS,,8.183333,,0,0,0,0,,DEPTH_SNAPSHOT_STREAM,false
924,ACTIVE_RESULTS,,6.0,,0,0,0,0,,DEPTH_SNAPSHOT_STREAM,false
924,LATE_COUNT,,44.816667,,0,0,0,0,,DEPTH_SNAPSHOT_STREAM,false
924,POST_RESOLUTION_DIAGNOSTIC,,,,0,0,0,0,,DEPTH_SNAPSHOT_STREAM,false
925,PRE_ELECTION,,61.0,,0,0,0,0,,DEPTH_SNAPSHOT_STREAM,false
925,ELECTION_DAY_PRE_RESULTS,,8.183333,,0,0,0,0,,DEPTH_SNAPSHOT_STREAM,false
925,ACTIVE_RESULTS,,6.0,,0,0,0,0,,DEPTH_SNAPSHOT_STREAM,false
925,LATE_COUNT,,44.816667,,0,0,0,0,,DEPTH_SNAPSHOT_STREAM,false
925,POST_RESOLUTION_DIAGNOSTIC,,,,0,0,0,0,,DEPTH_SNAPSHOT_STREAM,false
926,PRE_ELECTION,,61.0,,0,0,0,0,,DEPTH_SNAPSHOT_STREAM,false
926,ELECTION_DAY_PRE_RESULTS,,8.183333,,0,0,0,0,,DEPTH_SNAPSHOT_STREAM,false
926,ACTIVE_RESULTS,,6.0,,0,0,0,0,,DEPTH_SNAPSHOT_STREAM,false
926,LATE_COUNT,,44.816667,,0,0,0,0,,DEPTH_SNAPSHOT_STREAM,false
926,POST_RESOLUTION_DIAGNOSTIC,,,,0,0,0,0,,DEPTH_SNAPSHOT_STREAM,false
927,PRE_ELECTION,,61.0,,0,0,0,0,,DEPTH_SNAPSHOT_STREAM,false
927,ELECTION_DAY_PRE_RESULTS,,8.183333,,0,0,0,0,,DEPTH_SNAPSHOT_STREAM,false
927,ACTIVE_RESULTS,,6.0,,0,0,0,0,,DEPTH_SNAPSHOT_STREAM,false
927,LATE_COUNT,,44.816667,,0,0,0,0,,DEPTH_SNAPSHOT_STREAM,false
927,POST_RESOLUTION_DIAGNOSTIC,,,,0,0,0,0,,DEPTH_SNAPSHOT_STREAM,false
928,PRE_ELECTION,,61.0,,0,0,0,0,,DEPTH_SNAPSHOT_STREAM,false
928,ELECTION_DAY_PRE_RESULTS,,8.183333,,0,0,0,0,,DEPTH_SNAPSHOT_STREAM,false
928,ACTIVE_RESULTS,,6.0,,0,0,0,0,,DEPTH_SNAPSHOT_STREAM,false
928,LATE_COUNT,,44.816667,,0,0,0,0,,DEPTH_SNAPSHOT_STREAM,false
928,POST_RESOLUTION_DIAGNOSTIC,,,,0,0,0,0,,DEPTH_SNAPSHOT_STREAM,false
929,PRE_ELECTION,,61.0,,0,0,0,0,,DEPTH_SNAPSHOT_STREAM,false
929,ELECTION_DAY_PRE_RESULTS,,8.183333,,0,0,0,0,,DEPTH_SNAPSHOT_STREAM,false
929,ACTIVE_RESULTS,,6.0,,0,0,0,0,,DEPTH_SNAPSHOT_STREAM,false
929,LATE_COUNT,,44.816667,,0,0,0,0,,DEPTH_SNAPSHOT_STREAM,false
929,POST_RESOLUTION_DIAGNOSTIC,,,,0,0,0,0,,DEPTH_SNAPSHOT_STREAM,false
930,PRE_ELECTION,,61.0,,0,0,0,0,,DEPTH_SNAPSHOT_STREAM,false
930,ELECTION_DAY_PRE_RESULTS,,8.183333,,0,0,0,0,,DEPTH_SNAPSHOT_STREAM,false
930,ACTIVE_RESULTS,,6.0,,0,0,0,0,,DEPTH_SNAPSHOT_STREAM,false
930,LATE_COUNT,,44.816667,,0,0,0,0,,DEPTH_SNAPSHOT_STREAM,false
930,POST_RESOLUTION_DIAGNOSTIC,,,,0,0,0,0,,DEPTH_SNAPSHOT_STREAM,false
931,PRE_ELECTION,,61.0,,0,0,0,0,,DEPTH_SNAPSHOT_STREAM,false
931,ELECTION_DAY_PRE_RESULTS,,8.183333,,0,0,0,0,,DEPTH_SNAPSHOT_STREAM,false
931,ACTIVE_RESULTS,,6.0,,0,0,0,0,,DEPTH_SNAPSHOT_STREAM,false
931,LATE_COUNT,,44.816667,,0,0,0,0,,DEPTH_SNAPSHOT_STREAM,false
931,POST_RESOLUTION_DIAGNOSTIC,,,,0,0,0,0,,DEPTH_SNAPSHOT_STREAM,false
932,PRE_ELECTION,,61.0,,0,0,0,0,,DEPTH_SNAPSHOT_STREAM,false
932,ELECTION_DAY_PRE_RESULTS,,8.183333,,0,0,0,0,,DEPTH_SNAPSHOT_STREAM,false
932,ACTIVE_RESULTS,,6.0,,0,0,0,0,,DEPTH_SNAPSHOT_STREAM,false
932,LATE_COUNT,,44.816667,,0,0,0,0,,DEPTH_SNAPSHOT_STREAM,false
932,POST_RESOLUTION_DIAGNOSTIC,,,,0,0,0,0,,DEPTH_SNAPSHOT_STREAM,false
933,PRE_ELECTION,,61.0,,0,0,0,0,,DEPTH_SNAPSHOT_STREAM,false
933,ELECTION_DAY_PRE_RESULTS,,8.183333,,0,0,0,0,,DEPTH_SNAPSHOT_STREAM,false
933,ACTIVE_RESULTS,,6.0,,0,0,0,0,,DEPTH_SNAPSHOT_STREAM,false
933,LATE_COUNT,,44.816667,,0,0,0,0,,DEPTH_SNAPSHOT_STREAM,false
933,POST_RESOLUTION_DIAGNOSTIC,,,,0,0,0,0,,DEPTH_SNAPSHOT_STREAM,false
934,PRE_ELECTION,,61.0,,0,0,0,0,,DEPTH_SNAPSHOT_STREAM,false
934,ELECTION_DAY_PRE_RESULTS,,8.183333,,0,0,0,0,,DEPTH_SNAPSHOT_STREAM,false
934,ACTIVE_RESULTS,,6.0,,0,0,0,0,,DEPTH_SNAPSHOT_STREAM,false
934,LATE_COUNT,,44.816667,,0,0,0,0,,DEPTH_SNAPSHOT_STREAM,false
934,POST_RESOLUTION_DIAGNOSTIC,,,,0,0,0,0,,DEPTH_SNAPSHOT_STREAM,false
935,PRE_ELECTION,,61.0,,0,0,0,0,,DEPTH_SNAPSHOT_STREAM,false
935,ELECTION_DAY_PRE_RESULTS,,8.183333,,0,0,0,0,,DEPTH_SNAPSHOT_STREAM,false
935,ACTIVE_RESULTS,,6.0,,0,0,0,0,,DEPTH_SNAPSHOT_STREAM,false
935,LATE_COUNT,,44.816667,,0,0,0,0,,DEPTH_SNAPSHOT_STREAM,false
935,POST_RESOLUTION_DIAGNOSTIC,,,,0,0,0,0,,DEPTH_SNAPSHOT_STREAM,false
936,PRE_ELECTION,,61.0,,0,0,0,0,,DEPTH_SNAPSHOT_STREAM,false
936,ELECTION_DAY_PRE_RESULTS,,8.183333,,0,0,0,0,,DEPTH_SNAPSHOT_STREAM,false
936,ACTIVE_RESULTS,,6.0,,0,0,0,0,,DEPTH_SNAPSHOT_STREAM,false
936,LATE_COUNT,,44.816667,,0,0,0,0,,DEPTH_SNAPSHOT_STREAM,false
936,POST_RESOLUTION_DIAGNOSTIC,,,,0,0,0,0,,DEPTH_SNAPSHOT_STREAM,false
937,PRE_ELECTION,,61.0,,0,0,0,0,,DEPTH_SNAPSHOT_STREAM,false
937,ELECTION_DAY_PRE_RESULTS,,8.183333,,0,0,0,0,,DEPTH_SNAPSHOT_STREAM,false
937,ACTIVE_RESULTS,,6.0,,0,0,0,0,,DEPTH_SNAPSHOT_STREAM,false
937,LATE_COUNT,,44.816667,,0,0,0,0,,DEPTH_SNAPSHOT_STREAM,false
937,POST_RESOLUTION_DIAGNOSTIC,,,,0,0,0,0,,DEPTH_SNAPSHOT_STREAM,false
938,PRE_ELECTION,,61.0,,0,0,0,0,,DEPTH_SNAPSHOT_STREAM,false
938,ELECTION_DAY_PRE_RESULTS,,8.183333,,0,0,0,0,,DEPTH_SNAPSHOT_STREAM,false
938,ACTIVE_RESULTS,,6.0,,0,0,0,0,,DEPTH_SNAPSHOT_STREAM,false
938,LATE_COUNT,,44.816667,,0,0,0,0,,DEPTH_SNAPSHOT_STREAM,false
938,POST_RESOLUTION_DIAGNOSTIC,,,,0,0,0,0,,DEPTH_SNAPSHOT_STREAM,false
939,PRE_ELECTION,,61.0,,0,0,0,0,,DEPTH_SNAPSHOT_STREAM,false
939,ELECTION_DAY_PRE_RESULTS,,8.183333,,0,0,0,0,,DEPTH_SNAPSHOT_STREAM,false
939,ACTIVE_RESULTS,,6.0,,0,0,0,0,,DEPTH_SNAPSHOT_STREAM,false
939,LATE_COUNT,,44.816667,,0,0,0,0,,DEPTH_SNAPSHOT_STREAM,false
939,POST_RESOLUTION_DIAGNOSTIC,,,,0,0,0,0,,DEPTH_SNAPSHOT_STREAM,false
940,PRE_ELECTION,,61.0,,0,0,0,0,,DEPTH_SNAPSHOT_STREAM,false
940,ELECTION_DAY_PRE_RESULTS,,8.183333,,0,0,0,0,,DEPTH_SNAPSHOT_STREAM,false
940,ACTIVE_RESULTS,,6.0,,0,0,0,0,,DEPTH_SNAPSHOT_STREAM,false
940,LATE_COUNT,,44.816667,,0,0,0,0,,DEPTH_SNAPSHOT_STREAM,false
940,POST_RESOLUTION_DIAGNOSTIC,,,,0,0,0,0,,DEPTH_SNAPSHOT_STREAM,false
941,PRE_ELECTION,,61.0,,0,0,0,0,,DEPTH_SNAPSHOT_STREAM,false
941,ELECTION_DAY_PRE_RESULTS,,8.183333,,0,0,0,0,,DEPTH_SNAPSHOT_STREAM,false
941,ACTIVE_RESULTS,,6.0,,0,0,0,0,,DEPTH_SNAPSHOT_STREAM,false
941,LATE_COUNT,,44.816667,,0,0,0,0,,DEPTH_SNAPSHOT_STREAM,false
941,POST_RESOLUTION_DIAGNOSTIC,,,,0,0,0,0,,DEPTH_SNAPSHOT_STREAM,false
942,PRE_ELECTION,,61.0,,0,0,0,0,,DEPTH_SNAPSHOT_STREAM,false
942,ELECTION_DAY_PRE_RESULTS,,8.183333,,0,0,0,0,,DEPTH_SNAPSHOT_STREAM,false
942,ACTIVE_RESULTS,,6.0,,0,0,0,0,,DEPTH_SNAPSHOT_STREAM,false
942,LATE_COUNT,,44.816667,,0,0,0,0,,DEPTH_SNAPSHOT_STREAM,false
942,POST_RESOLUTION_DIAGNOSTIC,,,,0,0,0,0,,DEPTH_SNAPSHOT_STREAM,false
943,PRE_ELECTION,,61.0,,0,0,0,0,,DEPTH_SNAPSHOT_STREAM,false
943,ELECTION_DAY_PRE_RESULTS,,8.183333,,0,0,0,0,,DEPTH_SNAPSHOT_STREAM,false
943,ACTIVE_RESULTS,,6.0,,0,0,0,0,,DEPTH_SNAPSHOT_STREAM,false
943,LATE_COUNT,,44.816667,,0,0,0,0,,DEPTH_SNAPSHOT_STREAM,false
943,POST_RESOLUTION_DIAGNOSTIC,,,,0,0,0,0,,DEPTH_SNAPSHOT_STREAM,false
944,PRE_ELECTION,,172.0,,0,0,0,0,,DEPTH_SNAPSHOT_STREAM,false
944,ELECTION_DAY_PRE_RESULTS,,14.3,,0,0,0,0,,DEPTH_SNAPSHOT_STREAM,false
944,ACTIVE_RESULTS,,6.0,,0,0,0,0,,DEPTH_SNAPSHOT_STREAM,false
944,LATE_COUNT,,47.7,,0,0,0,0,,DEPTH_SNAPSHOT_STREAM,false
944,POST_RESOLUTION_DIAGNOSTIC,,,,0,0,0,0,,DEPTH_SNAPSHOT_STREAM,false
945,PRE_ELECTION,,172.0,,0,0,0,0,,DEPTH_SNAPSHOT_STREAM,false
945,ELECTION_DAY_PRE_RESULTS,,14.3,,0,0,0,0,,DEPTH_SNAPSHOT_STREAM,false
945,ACTIVE_RESULTS,,6.0,,0,0,0,0,,DEPTH_SNAPSHOT_STREAM,false
945,LATE_COUNT,,47.7,,0,0,0,0,,DEPTH_SNAPSHOT_STREAM,false
945,POST_RESOLUTION_DIAGNOSTIC,,,,0,0,0,0,,DEPTH_SNAPSHOT_STREAM,false
946,PRE_ELECTION,,172.0,,0,0,0,0,,DEPTH_SNAPSHOT_STREAM,false
946,ELECTION_DAY_PRE_RESULTS,,14.3,,0,0,0,0,,DEPTH_SNAPSHOT_STREAM,false
946,ACTIVE_RESULTS,,6.0,,0,0,0,0,,DEPTH_SNAPSHOT_STREAM,false
946,LATE_COUNT,,47.7,,0,0,0,0,,DEPTH_SNAPSHOT_STREAM,false
946,POST_RESOLUTION_DIAGNOSTIC,,,,0,0,0,0,,DEPTH_SNAPSHOT_STREAM,false
947,PRE_ELECTION,,172.0,,0,0,0,0,,DEPTH_SNAPSHOT_STREAM,false
947,ELECTION_DAY_PRE_RESULTS,,14.3,,0,0,0,0,,DEPTH_SNAPSHOT_STREAM,false
947,ACTIVE_RESULTS,,6.0,,0,0,0,0,,DEPTH_SNAPSHOT_STREAM,false
947,LATE_COUNT,,47.7,,0,0,0,0,,DEPTH_SNAPSHOT_STREAM,false
947,POST_RESOLUTION_DIAGNOSTIC,,,,0,0,0,0,,DEPTH_SNAPSHOT_STREAM,false
948,PRE_ELECTION,,172.0,,0,0,0,0,,DEPTH_SNAPSHOT_STREAM,false
948,ELECTION_DAY_PRE_RESULTS,,14.3,,0,0,0,0,,DEPTH_SNAPSHOT_STREAM,false
948,ACTIVE_RESULTS,,6.0,,0,0,0,0,,DEPTH_SNAPSHOT_STREAM,false
948,LATE_COUNT,,47.7,,0,0,0,0,,DEPTH_SNAPSHOT_STREAM,false
948,POST_RESOLUTION_DIAGNOSTIC,,,,0,0,0,0,,DEPTH_SNAPSHOT_STREAM,false
949,PRE_ELECTION,171.994312,172.0,0.99996693,223883,3460,0,4479,207.941,BBO_CHANGE_STREAM,true
949,ELECTION_DAY_PRE_RESULTS,14.27822,14.3,0.99847692,15389,2655,0,3057,161.568,BBO_CHANGE_STREAM,false
949,ACTIVE_RESULTS,5.99365,6.0,0.99894167,6660,529,0,643,228.052,BBO_CHANGE_STREAM,true
949,LATE_COUNT,47.688485,47.7,0.9997586,6920,107,12,104,1140.759,BBO_CHANGE_STREAM,true
949,POST_RESOLUTION_DIAGNOSTIC,,,,0,0,0,0,,DEPTH_SNAPSHOT_STREAM,false
950,PRE_ELECTION,171.966933,172.0,0.99980775,39185,145,0,769,336.745,BBO_CHANGE_STREAM,false
950,ELECTION_DAY_PRE_RESULTS,14.296296,14.3,0.99974098,8915,25,0,31,263.797,BBO_CHANGE_STREAM,false
950,ACTIVE_RESULTS,5.990198,6.0,0.99836633,4818,17,0,8,235.003,BBO_CHANGE_STREAM,false
950,LATE_COUNT,47.688485,47.7,0.9997586,8072,70,3,32,410.345,BBO_CHANGE_STREAM,true
950,POST_RESOLUTION_DIAGNOSTIC,,,,0,0,0,0,,DEPTH_SNAPSHOT_STREAM,false
951,PRE_ELECTION,171.999732,172.0,0.99999844,584386,13979,0,13404,205.559,BBO_CHANGE_STREAM,true
951,ELECTION_DAY_PRE_RESULTS,14.299864,14.3,0.99999049,85187,7306,0,8811,55.374,BBO_CHANGE_STREAM,false
951,ACTIVE_RESULTS,5.99694,6.0,0.99949,31690,3583,0,2254,81.505,BBO_CHANGE_STREAM,true
951,LATE_COUNT,47.66112,47.7,0.99918491,29415,2438,121,1358,305.955,BBO_CHANGE_STREAM,true
951,POST_RESOLUTION_DIAGNOSTIC,,,,0,0,0,0,,DEPTH_SNAPSHOT_STREAM,false
952,PRE_ELECTION,,172.0,,0,0,0,0,,DEPTH_SNAPSHOT_STREAM,false
952,ELECTION_DAY_PRE_RESULTS,,14.3,,0,0,0,0,,DEPTH_SNAPSHOT_STREAM,false
952,ACTIVE_RESULTS,,6.0,,0,0,0,0,,DEPTH_SNAPSHOT_STREAM,false
952,LATE_COUNT,,47.7,,0,0,0,0,,DEPTH_SNAPSHOT_STREAM,false
952,POST_RESOLUTION_DIAGNOSTIC,,,,0,0,0,0,,DEPTH_SNAPSHOT_STREAM,false
953,PRE_ELECTION,,172.0,,0,0,0,252,,DEPTH_SNAPSHOT_STREAM,false
953,ELECTION_DAY_PRE_RESULTS,,14.3,,0,0,0,83,,DEPTH_SNAPSHOT_STREAM,false
953,ACTIVE_RESULTS,,6.0,,0,0,0,31,,DEPTH_SNAPSHOT_STREAM,false
953,LATE_COUNT,28.131314,47.7,0.58975501,1138,9,5,21,1140.905,BBO_CHANGE_STREAM,false
953,POST_RESOLUTION_DIAGNOSTIC,,,,0,0,0,0,,DEPTH_SNAPSHOT_STREAM,false
954,PRE_ELECTION,,172.0,,0,0,0,0,,DEPTH_SNAPSHOT_STREAM,false
954,ELECTION_DAY_PRE_RESULTS,,14.3,,0,0,0,0,,DEPTH_SNAPSHOT_STREAM,false
954,ACTIVE_RESULTS,,6.0,,0,0,0,0,,DEPTH_SNAPSHOT_STREAM,false
954,LATE_COUNT,,47.7,,0,0,0,0,,DEPTH_SNAPSHOT_STREAM,false
954,POST_RESOLUTION_DIAGNOSTIC,,,,0,0,0,0,,DEPTH_SNAPSHOT_STREAM,false
955,PRE_ELECTION,171.999169,172.0,0.99999517,539527,12081,0,14068,203.61,BBO_CHANGE_STREAM,true
955,ELECTION_DAY_PRE_RESULTS,14.299558,14.3,0.99996909,103274,7786,0,10122,59.446,BBO_CHANGE_STREAM,false
955,ACTIVE_RESULTS,5.998166,6.0,0.99969433,27889,3683,0,4015,71.217,BBO_CHANGE_STREAM,true
955,LATE_COUNT,47.694162,47.7,0.99987761,22444,1804,316,1932,276.917,BBO_CHANGE_STREAM,true
955,POST_RESOLUTION_DIAGNOSTIC,,,,0,0,0,0,,DEPTH_SNAPSHOT_STREAM,false
956,PRE_ELECTION,171.999169,172.0,0.99999517,539535,12081,0,16334,203.61,BBO_CHANGE_STREAM,true
956,ELECTION_DAY_PRE_RESULTS,14.299558,14.3,0.99996909,103274,7786,0,11969,59.446,BBO_CHANGE_STREAM,false
956,ACTIVE_RESULTS,5.998166,6.0,0.99969433,27892,3683,0,5249,71.217,BBO_CHANGE_STREAM,true
956,LATE_COUNT,47.694162,47.7,0.99987761,22446,1802,257,3140,276.917,BBO_CHANGE_STREAM,true
956,POST_RESOLUTION_DIAGNOSTIC,,,,0,0,0,0,,DEPTH_SNAPSHOT_STREAM,false
957,PRE_ELECTION,,172.0,,0,0,0,0,,DEPTH_SNAPSHOT_STREAM,false
957,ELECTION_DAY_PRE_RESULTS,,14.3,,0,0,0,0,,DEPTH_SNAPSHOT_STREAM,false
957,ACTIVE_RESULTS,,6.0,,0,0,0,0,,DEPTH_SNAPSHOT_STREAM,false
957,LATE_COUNT,,47.7,,0,0,0,0,,DEPTH_SNAPSHOT_STREAM,false
957,POST_RESOLUTION_DIAGNOSTIC,,,,0,0,0,0,,DEPTH_SNAPSHOT_STREAM,false
958,PRE_ELECTION,,172.0,,0,0,0,0,,DEPTH_SNAPSHOT_STREAM,false
958,ELECTION_DAY_PRE_RESULTS,,14.3,,0,0,0,0,,DEPTH_SNAPSHOT_STREAM,false
958,ACTIVE_RESULTS,,6.0,,0,0,0,0,,DEPTH_SNAPSHOT_STREAM,false
958,LATE_COUNT,,47.7,,0,0,0,0,,DEPTH_SNAPSHOT_STREAM,false
958,POST_RESOLUTION_DIAGNOSTIC,,,,0,0,0,0,,DEPTH_SNAPSHOT_STREAM,false
959,PRE_ELECTION,,172.0,,0,0,0,0,,DEPTH_SNAPSHOT_STREAM,false
959,ELECTION_DAY_PRE_RESULTS,,14.3,,0,0,0,0,,DEPTH_SNAPSHOT_STREAM,false
959,ACTIVE_RESULTS,,6.0,,0,0,0,0,,DEPTH_SNAPSHOT_STREAM,false
959,LATE_COUNT,,47.7,,0,0,0,0,,DEPTH_SNAPSHOT_STREAM,false
959,POST_RESOLUTION_DIAGNOSTIC,,,,0,0,0,0,,DEPTH_SNAPSHOT_STREAM,false
960,PRE_ELECTION,,172.0,,0,0,0,0,,DEPTH_SNAPSHOT_STREAM,false
960,ELECTION_DAY_PRE_RESULTS,,14.3,,0,0,0,0,,DEPTH_SNAPSHOT_STREAM,false
960,ACTIVE_RESULTS,,6.0,,0,0,0,0,,DEPTH_SNAPSHOT_STREAM,false
960,LATE_COUNT,,47.7,,0,0,0,0,,DEPTH_SNAPSHOT_STREAM,false
960,POST_RESOLUTION_DIAGNOSTIC,,,,0,0,0,0,,DEPTH_SNAPSHOT_STREAM,false
961,PRE_ELECTION,,172.0,,0,0,0,0,,DEPTH_SNAPSHOT_STREAM,false
961,ELECTION_DAY_PRE_RESULTS,,14.3,,0,0,0,0,,DEPTH_SNAPSHOT_STREAM,false
961,ACTIVE_RESULTS,,6.0,,0,0,0,0,,DEPTH_SNAPSHOT_STREAM,false
961,LATE_COUNT,,47.7,,0,0,0,0,,DEPTH_SNAPSHOT_STREAM,false
961,POST_RESOLUTION_DIAGNOSTIC,,,,0,0,0,0,,DEPTH_SNAPSHOT_STREAM,false
962,PRE_ELECTION,171.966933,172.0,0.99980775,39196,145,0,28,336.745,BBO_CHANGE_STREAM,false
962,ELECTION_DAY_PRE_RESULTS,14.296296,14.3,0.99974098,8915,25,0,1,263.797,BBO_CHANGE_STREAM,false
962,ACTIVE_RESULTS,5.990198,6.0,0.99836633,4819,17,0,0,235.003,BBO_CHANGE_STREAM,false
962,LATE_COUNT,47.688485,47.7,0.9997586,8071,67,3,6,410.345,BBO_CHANGE_STREAM,true
962,POST_RESOLUTION_DIAGNOSTIC,,,,0,0,0,0,,DEPTH_SNAPSHOT_STREAM,false
963,PRE_ELECTION,,172.0,,0,0,0,0,,DEPTH_SNAPSHOT_STREAM,false
963,ELECTION_DAY_PRE_RESULTS,,14.3,,0,0,0,0,,DEPTH_SNAPSHOT_STREAM,false
963,ACTIVE_RESULTS,,6.0,,0,0,0,0,,DEPTH_SNAPSHOT_STREAM,false
963,LATE_COUNT,,47.7,,0,0,0,0,,DEPTH_SNAPSHOT_STREAM,false
963,POST_RESOLUTION_DIAGNOSTIC,,,,0,0,0,0,,DEPTH_SNAPSHOT_STREAM,false
964,PRE_ELECTION,,172.0,,0,0,0,0,,DEPTH_SNAPSHOT_STREAM,false
964,ELECTION_DAY_PRE_RESULTS,,14.3,,0,0,0,0,,DEPTH_SNAPSHOT_STREAM,false
964,ACTIVE_RESULTS,,6.0,,0,0,0,0,,DEPTH_SNAPSHOT_STREAM,false
964,LATE_COUNT,,47.7,,0,0,0,0,,DEPTH_SNAPSHOT_STREAM,false
964,POST_RESOLUTION_DIAGNOSTIC,,,,0,0,0,0,,DEPTH_SNAPSHOT_STREAM,false
965,PRE_ELECTION,,172.0,,0,0,0,0,,DEPTH_SNAPSHOT_STREAM,false
965,ELECTION_DAY_PRE_RESULTS,,14.3,,0,0,0,0,,DEPTH_SNAPSHOT_STREAM,false
965,ACTIVE_RESULTS,,6.0,,0,0,0,0,,DEPTH_SNAPSHOT_STREAM,false
965,LATE_COUNT,,47.7,,0,0,0,0,,DEPTH_SNAPSHOT_STREAM,false
965,POST_RESOLUTION_DIAGNOSTIC,,,,0,0,0,0,,DEPTH_SNAPSHOT_STREAM,false
966,PRE_ELECTION,171.953369,172.0,0.99972889,39493,240,0,90,929.122,BBO_CHANGE_STREAM,true
966,ELECTION_DAY_PRE_RESULTS,14.277895,14.3,0.9984542,7772,41,0,0,345.928,BBO_CHANGE_STREAM,false
966,ACTIVE_RESULTS,5.986474,6.0,0.99774567,5457,19,0,2,228.052,BBO_CHANGE_STREAM,true
966,LATE_COUNT,47.691339,47.7,0.99981843,6196,58,2,4,824.379,BBO_CHANGE_STREAM,true
966,POST_RESOLUTION_DIAGNOSTIC,,,,0,0,0,0,,DEPTH_SNAPSHOT_STREAM,false
967,PRE_ELECTION,,172.0,,0,0,0,0,,DEPTH_SNAPSHOT_STREAM,false
967,ELECTION_DAY_PRE_RESULTS,,14.3,,0,0,0,0,,DEPTH_SNAPSHOT_STREAM,false
967,ACTIVE_RESULTS,,6.0,,0,0,0,0,,DEPTH_SNAPSHOT_STREAM,false
967,LATE_COUNT,,47.7,,0,0,0,0,,DEPTH_SNAPSHOT_STREAM,false
967,POST_RESOLUTION_DIAGNOSTIC,,,,0,0,0,0,,DEPTH_SNAPSHOT_STREAM,false
968,PRE_ELECTION,,172.0,,0,0,0,0,,DEPTH_SNAPSHOT_STREAM,false
968,ELECTION_DAY_PRE_RESULTS,,14.3,,0,0,0,0,,DEPTH_SNAPSHOT_STREAM,false
968,ACTIVE_RESULTS,,6.0,,0,0,0,0,,DEPTH_SNAPSHOT_STREAM,false
968,LATE_COUNT,,47.7,,0,0,0,0,,DEPTH_SNAPSHOT_STREAM,false
968,POST_RESOLUTION_DIAGNOSTIC,,,,0,0,0,0,,DEPTH_SNAPSHOT_STREAM,false
969,PRE_ELECTION,,172.0,,0,0,0,0,,DEPTH_SNAPSHOT_STREAM,false
969,ELECTION_DAY_PRE_RESULTS,,14.3,,0,0,0,0,,DEPTH_SNAPSHOT_STREAM,false
969,ACTIVE_RESULTS,,6.0,,0,0,0,0,,DEPTH_SNAPSHOT_STREAM,false
969,LATE_COUNT,,47.7,,0,0,0,0,,DEPTH_SNAPSHOT_STREAM,false
969,POST_RESOLUTION_DIAGNOSTIC,,,,0,0,0,0,,DEPTH_SNAPSHOT_STREAM,false
970,PRE_ELECTION,171.928059,172.0,0.99958174,53475,607,0,1378,959.506,BBO_CHANGE_STREAM,false
970,ELECTION_DAY_PRE_RESULTS,14.277617,14.3,0.99843476,9237,53,0,236,240.902,BBO_CHANGE_STREAM,false
970,ACTIVE_RESULTS,5.990197,6.0,0.99836617,4673,27,0,30,146.281,BBO_CHANGE_STREAM,true
970,LATE_COUNT,47.691673,47.7,0.99982543,9405,57,1,17,652.263,BBO_CHANGE_STREAM,true
970,POST_RESOLUTION_DIAGNOSTIC,,,,0,0,0,0,,DEPTH_SNAPSHOT_STREAM,false
971,PRE_ELECTION,,172.0,,0,0,0,0,,DEPTH_SNAPSHOT_STREAM,false
971,ELECTION_DAY_PRE_RESULTS,,14.3,,0,0,0,0,,DEPTH_SNAPSHOT_STREAM,false
971,ACTIVE_RESULTS,,6.0,,0,0,0,0,,DEPTH_SNAPSHOT_STREAM,false
971,LATE_COUNT,,47.7,,0,0,0,0,,DEPTH_SNAPSHOT_STREAM,false
971,POST_RESOLUTION_DIAGNOSTIC,,,,0,0,0,0,,DEPTH_SNAPSHOT_STREAM,false
972,PRE_ELECTION,171.928059,172.0,0.99958174,53475,607,0,383,959.506,BBO_CHANGE_STREAM,false
972,ELECTION_DAY_PRE_RESULTS,14.277617,14.3,0.99843476,9237,53,0,4,240.902,BBO_CHANGE_STREAM,false
972,ACTIVE_RESULTS,5.990197,6.0,0.99836617,4673,27,0,0,146.281,BBO_CHANGE_STREAM,true
972,LATE_COUNT,47.691673,47.7,0.99982543,9405,62,9,11,652.263,BBO_CHANGE_STREAM,true
972,POST_RESOLUTION_DIAGNOSTIC,,,,0,0,0,0,,DEPTH_SNAPSHOT_STREAM,false
973,PRE_ELECTION,,172.0,,0,0,0,0,,DEPTH_SNAPSHOT_STREAM,false
973,ELECTION_DAY_PRE_RESULTS,,14.3,,0,0,0,0,,DEPTH_SNAPSHOT_STREAM,false
973,ACTIVE_RESULTS,,6.0,,0,0,0,0,,DEPTH_SNAPSHOT_STREAM,false
973,LATE_COUNT,,47.7,,0,0,0,0,,DEPTH_SNAPSHOT_STREAM,false
973,POST_RESOLUTION_DIAGNOSTIC,,,,0,0,0,0,,DEPTH_SNAPSHOT_STREAM,false
974,PRE_ELECTION,,172.0,,0,0,0,0,,DEPTH_SNAPSHOT_STREAM,false
974,ELECTION_DAY_PRE_RESULTS,,14.3,,0,0,0,0,,DEPTH_SNAPSHOT_STREAM,false
974,ACTIVE_RESULTS,,6.0,,0,0,0,0,,DEPTH_SNAPSHOT_STREAM,false
974,LATE_COUNT,,47.7,,0,0,0,0,,DEPTH_SNAPSHOT_STREAM,false
974,POST_RESOLUTION_DIAGNOSTIC,,,,0,0,0,0,,DEPTH_SNAPSHOT_STREAM,false
975,PRE_ELECTION,,172.0,,0,0,0,0,,DEPTH_SNAPSHOT_STREAM,false
975,ELECTION_DAY_PRE_RESULTS,,14.3,,0,0,0,0,,DEPTH_SNAPSHOT_STREAM,false
975,ACTIVE_RESULTS,,6.0,,0,0,0,0,,DEPTH_SNAPSHOT_STREAM,false
975,LATE_COUNT,,47.7,,0,0,0,0,,DEPTH_SNAPSHOT_STREAM,false
975,POST_RESOLUTION_DIAGNOSTIC,,,,0,0,0,0,,DEPTH_SNAPSHOT_STREAM,false
976,PRE_ELECTION,171.953369,172.0,0.99972889,39496,240,0,691,929.122,BBO_CHANGE_STREAM,true
976,ELECTION_DAY_PRE_RESULTS,14.277895,14.3,0.9984542,7772,41,0,121,345.928,BBO_CHANGE_STREAM,false
976,ACTIVE_RESULTS,5.986474,6.0,0.99774567,5457,19,0,16,228.052,BBO_CHANGE_STREAM,true
976,LATE_COUNT,47.691339,47.7,0.99981843,6196,58,1,24,824.379,BBO_CHANGE_STREAM,true
976,POST_RESOLUTION_DIAGNOSTIC,,,,0,0,0,0,,DEPTH_SNAPSHOT_STREAM,false
977,PRE_ELECTION,,172.0,,0,0,0,0,,DEPTH_SNAPSHOT_STREAM,false
977,ELECTION_DAY_PRE_RESULTS,,14.3,,0,0,0,0,,DEPTH_SNAPSHOT_STREAM,false
977,ACTIVE_RESULTS,,6.0,,0,0,0,0,,DEPTH_SNAPSHOT_STREAM,false
977,LATE_COUNT,,47.7,,0,0,0,0,,DEPTH_SNAPSHOT_STREAM,false
977,POST_RESOLUTION_DIAGNOSTIC,,,,0,0,0,0,,DEPTH_SNAPSHOT_STREAM,false
978,PRE_ELECTION,,172.0,,0,0,0,0,,DEPTH_SNAPSHOT_STREAM,false
978,ELECTION_DAY_PRE_RESULTS,,14.3,,0,0,0,0,,DEPTH_SNAPSHOT_STREAM,false
978,ACTIVE_RESULTS,,6.0,,0,0,0,0,,DEPTH_SNAPSHOT_STREAM,false
978,LATE_COUNT,,47.7,,0,0,0,0,,DEPTH_SNAPSHOT_STREAM,false
978,POST_RESOLUTION_DIAGNOSTIC,,,,0,0,0,0,,DEPTH_SNAPSHOT_STREAM,false
979,PRE_ELECTION,,172.0,,0,0,0,0,,DEPTH_SNAPSHOT_STREAM,false
979,ELECTION_DAY_PRE_RESULTS,,14.3,,0,0,0,0,,DEPTH_SNAPSHOT_STREAM,false
979,ACTIVE_RESULTS,,6.0,,0,0,0,0,,DEPTH_SNAPSHOT_STREAM,false
979,LATE_COUNT,,47.7,,0,0,0,0,,DEPTH_SNAPSHOT_STREAM,false
979,POST_RESOLUTION_DIAGNOSTIC,,,,0,0,0,0,,DEPTH_SNAPSHOT_STREAM,false
980,PRE_ELECTION,,172.0,,0,0,0,0,,DEPTH_SNAPSHOT_STREAM,false
980,ELECTION_DAY_PRE_RESULTS,,14.3,,0,0,0,0,,DEPTH_SNAPSHOT_STREAM,false
980,ACTIVE_RESULTS,,6.0,,0,0,0,0,,DEPTH_SNAPSHOT_STREAM,false
980,LATE_COUNT,,47.7,,0,0,0,0,,DEPTH_SNAPSHOT_STREAM,false
980,POST_RESOLUTION_DIAGNOSTIC,,,,0,0,0,0,,DEPTH_SNAPSHOT_STREAM,false
981,PRE_ELECTION,,172.0,,0,0,0,0,,DEPTH_SNAPSHOT_STREAM,false
981,ELECTION_DAY_PRE_RESULTS,,14.3,,0,0,0,0,,DEPTH_SNAPSHOT_STREAM,false
981,ACTIVE_RESULTS,,6.0,,0,0,0,0,,DEPTH_SNAPSHOT_STREAM,false
981,LATE_COUNT,,47.7,,0,0,0,0,,DEPTH_SNAPSHOT_STREAM,false
981,POST_RESOLUTION_DIAGNOSTIC,,,,0,0,0,0,,DEPTH_SNAPSHOT_STREAM,false
982,PRE_ELECTION,,172.0,,0,0,0,0,,DEPTH_SNAPSHOT_STREAM,false
982,ELECTION_DAY_PRE_RESULTS,,14.3,,0,0,0,0,,DEPTH_SNAPSHOT_STREAM,false
982,ACTIVE_RESULTS,,6.0,,0,0,0,0,,DEPTH_SNAPSHOT_STREAM,false
982,LATE_COUNT,,47.7,,0,0,0,0,,DEPTH_SNAPSHOT_STREAM,false
982,POST_RESOLUTION_DIAGNOSTIC,,,,0,0,0,0,,DEPTH_SNAPSHOT_STREAM,false
983,PRE_ELECTION,,172.0,,0,0,0,0,,DEPTH_SNAPSHOT_STREAM,false
983,ELECTION_DAY_PRE_RESULTS,,14.3,,0,0,0,0,,DEPTH_SNAPSHOT_STREAM,false
983,ACTIVE_RESULTS,,6.0,,0,0,0,0,,DEPTH_SNAPSHOT_STREAM,false
983,LATE_COUNT,,47.7,,0,0,0,0,,DEPTH_SNAPSHOT_STREAM,false
983,POST_RESOLUTION_DIAGNOSTIC,,,,0,0,0,0,,DEPTH_SNAPSHOT_STREAM,false
984,PRE_ELECTION,,172.0,,0,0,0,0,,DEPTH_SNAPSHOT_STREAM,false
984,ELECTION_DAY_PRE_RESULTS,,14.3,,0,0,0,0,,DEPTH_SNAPSHOT_STREAM,false
984,ACTIVE_RESULTS,,6.0,,0,0,0,0,,DEPTH_SNAPSHOT_STREAM,false
984,LATE_COUNT,,47.7,,0,0,0,0,,DEPTH_SNAPSHOT_STREAM,false
984,POST_RESOLUTION_DIAGNOSTIC,,,,0,0,0,0,,DEPTH_SNAPSHOT_STREAM,false
985,PRE_ELECTION,,172.0,,0,0,0,0,,DEPTH_SNAPSHOT_STREAM,false
985,ELECTION_DAY_PRE_RESULTS,,14.3,,0,0,0,0,,DEPTH_SNAPSHOT_STREAM,false
985,ACTIVE_RESULTS,,6.0,,0,0,0,0,,DEPTH_SNAPSHOT_STREAM,false
985,LATE_COUNT,,47.7,,0,0,0,0,,DEPTH_SNAPSHOT_STREAM,false
985,POST_RESOLUTION_DIAGNOSTIC,,,,0,0,0,0,,DEPTH_SNAPSHOT_STREAM,false
986,PRE_ELECTION,,172.0,,0,0,0,0,,DEPTH_SNAPSHOT_STREAM,false
986,ELECTION_DAY_PRE_RESULTS,,14.3,,0,0,0,0,,DEPTH_SNAPSHOT_STREAM,false
986,ACTIVE_RESULTS,,6.0,,0,0,0,0,,DEPTH_SNAPSHOT_STREAM,false
986,LATE_COUNT,,47.7,,0,0,0,0,,DEPTH_SNAPSHOT_STREAM,false
986,POST_RESOLUTION_DIAGNOSTIC,,,,0,0,0,0,,DEPTH_SNAPSHOT_STREAM,false
987,PRE_ELECTION,,172.0,,0,0,0,0,,DEPTH_SNAPSHOT_STREAM,false
987,ELECTION_DAY_PRE_RESULTS,,14.3,,0,0,0,0,,DEPTH_SNAPSHOT_STREAM,false
987,ACTIVE_RESULTS,,6.0,,0,0,0,0,,DEPTH_SNAPSHOT_STREAM,false
987,LATE_COUNT,,47.7,,0,0,0,0,,DEPTH_SNAPSHOT_STREAM,false
987,POST_RESOLUTION_DIAGNOSTIC,,,,0,0,0,0,,DEPTH_SNAPSHOT_STREAM,false
988,PRE_ELECTION,,172.0,,0,0,0,0,,DEPTH_SNAPSHOT_STREAM,false
988,ELECTION_DAY_PRE_RESULTS,,14.3,,0,0,0,0,,DEPTH_SNAPSHOT_STREAM,false
988,ACTIVE_RESULTS,,6.0,,0,0,0,0,,DEPTH_SNAPSHOT_STREAM,false
988,LATE_COUNT,,47.7,,0,0,0,0,,DEPTH_SNAPSHOT_STREAM,false
988,POST_RESOLUTION_DIAGNOSTIC,,,,0,0,0,0,,DEPTH_SNAPSHOT_STREAM,false
989,PRE_ELECTION,,172.0,,0,0,0,0,,DEPTH_SNAPSHOT_STREAM,false
989,ELECTION_DAY_PRE_RESULTS,,14.3,,0,0,0,0,,DEPTH_SNAPSHOT_STREAM,false
989,ACTIVE_RESULTS,,6.0,,0,0,0,0,,DEPTH_SNAPSHOT_STREAM,false
989,LATE_COUNT,,47.7,,0,0,0,0,,DEPTH_SNAPSHOT_STREAM,false
989,POST_RESOLUTION_DIAGNOSTIC,,,,0,0,0,0,,DEPTH_SNAPSHOT_STREAM,false
990,PRE_ELECTION,,172.0,,0,0,0,0,,DEPTH_SNAPSHOT_STREAM,false
990,ELECTION_DAY_PRE_RESULTS,,14.3,,0,0,0,0,,DEPTH_SNAPSHOT_STREAM,false
990,ACTIVE_RESULTS,,6.0,,0,0,0,0,,DEPTH_SNAPSHOT_STREAM,false
990,LATE_COUNT,,47.7,,0,0,0,0,,DEPTH_SNAPSHOT_STREAM,false
990,POST_RESOLUTION_DIAGNOSTIC,,,,0,0,0,0,,DEPTH_SNAPSHOT_STREAM,false
991,PRE_ELECTION,,172.0,,0,0,0,0,,DEPTH_SNAPSHOT_STREAM,false
991,ELECTION_DAY_PRE_RESULTS,,14.3,,0,0,0,0,,DEPTH_SNAPSHOT_STREAM,false
991,ACTIVE_RESULTS,,6.0,,0,0,0,0,,DEPTH_SNAPSHOT_STREAM,false
991,LATE_COUNT,,47.7,,0,0,0,0,,DEPTH_SNAPSHOT_STREAM,false
991,POST_RESOLUTION_DIAGNOSTIC,,,,0,0,0,0,,DEPTH_SNAPSHOT_STREAM,false
992,PRE_ELECTION,,172.0,,0,0,0,0,,DEPTH_SNAPSHOT_STREAM,false
992,ELECTION_DAY_PRE_RESULTS,,14.3,,0,0,0,0,,DEPTH_SNAPSHOT_STREAM,false
992,ACTIVE_RESULTS,,6.0,,0,0,0,0,,DEPTH_SNAPSHOT_STREAM,false
992,LATE_COUNT,,47.7,,0,0,0,0,,DEPTH_SNAPSHOT_STREAM,false
992,POST_RESOLUTION_DIAGNOSTIC,,,,0,0,0,0,,DEPTH_SNAPSHOT_STREAM,false
993,PRE_ELECTION,,172.0,,0,0,0,356,,DEPTH_SNAPSHOT_STREAM,false
993,ELECTION_DAY_PRE_RESULTS,,14.3,,0,0,0,79,,DEPTH_SNAPSHOT_STREAM,false
993,ACTIVE_RESULTS,,6.0,,0,0,0,65,,DEPTH_SNAPSHOT_STREAM,false
993,LATE_COUNT,28.131177,47.7,0.58975214,1139,7,2,20,1140.905,BBO_CHANGE_STREAM,false
993,POST_RESOLUTION_DIAGNOSTIC,,,,0,0,0,0,,DEPTH_SNAPSHOT_STREAM,false
994,PRE_ELECTION,171.999732,172.0,0.99999844,584380,13979,0,19898,205.559,BBO_CHANGE_STREAM,true
994,ELECTION_DAY_PRE_RESULTS,14.299864,14.3,0.99999049,85183,7305,0,10152,55.374,BBO_CHANGE_STREAM,false
994,ACTIVE_RESULTS,5.99694,6.0,0.99949,31689,3583,0,6378,81.505,BBO_CHANGE_STREAM,true
994,LATE_COUNT,47.66112,47.7,0.99918491,29417,2442,1025,7002,305.955,BBO_CHANGE_STREAM,true
994,POST_RESOLUTION_DIAGNOSTIC,,,,0,0,0,0,,DEPTH_SNAPSHOT_STREAM,false
995,PRE_ELECTION,,172.0,,0,0,0,0,,DEPTH_SNAPSHOT_STREAM,false
995,ELECTION_DAY_PRE_RESULTS,,14.3,,0,0,0,0,,DEPTH_SNAPSHOT_STREAM,false
995,ACTIVE_RESULTS,,6.0,,0,0,0,0,,DEPTH_SNAPSHOT_STREAM,false
995,LATE_COUNT,,47.7,,0,0,0,0,,DEPTH_SNAPSHOT_STREAM,false
995,POST_RESOLUTION_DIAGNOSTIC,,,,0,0,0,0,,DEPTH_SNAPSHOT_STREAM,false
996,PRE_ELECTION,,172.0,,0,0,0,0,,DEPTH_SNAPSHOT_STREAM,false
996,ELECTION_DAY_PRE_RESULTS,,14.3,,0,0,0,0,,DEPTH_SNAPSHOT_STREAM,false
996,ACTIVE_RESULTS,,6.0,,0,0,0,0,,DEPTH_SNAPSHOT_STREAM,false
996,LATE_COUNT,,47.7,,0,0,0,0,,DEPTH_SNAPSHOT_STREAM,false
996,POST_RESOLUTION_DIAGNOSTIC,,,,0,0,0,0,,DEPTH_SNAPSHOT_STREAM,false
997,PRE_ELECTION,171.994312,172.0,0.99996693,223879,3460,0,3388,207.941,BBO_CHANGE_STREAM,true
997,ELECTION_DAY_PRE_RESULTS,14.27822,14.3,0.99847692,15388,2655,0,2624,161.568,BBO_CHANGE_STREAM,false
997,ACTIVE_RESULTS,5.99365,6.0,0.99894167,6661,529,0,459,228.052,BBO_CHANGE_STREAM,true
997,LATE_COUNT,47.688485,47.7,0.9997586,6920,110,12,58,1140.759,BBO_CHANGE_STREAM,true
997,POST_RESOLUTION_DIAGNOSTIC,,,,0,0,0,0,,DEPTH_SNAPSHOT_STREAM,false
998,PRE_ELECTION,,172.0,,0,0,0,1636,,DEPTH_SNAPSHOT_STREAM,false
998,ELECTION_DAY_PRE_RESULTS,,14.3,,0,0,0,736,,DEPTH_SNAPSHOT_STREAM,false
998,ACTIVE_RESULTS,,6.0,,0,0,0,110,,DEPTH_SNAPSHOT_STREAM,false
998,LATE_COUNT,28.285315,47.7,0.59298354,1962,11,18,65,1140.621,BBO_CHANGE_STREAM,false
998,POST_RESOLUTION_DIAGNOSTIC,,,,0,0,0,0,,DEPTH_SNAPSHOT_STREAM,false
999,PRE_ELECTION,,172.0,,0,0,0,2102,,DEPTH_SNAPSHOT_STREAM,false
999,ELECTION_DAY_PRE_RESULTS,,14.3,,0,0,0,1038,,DEPTH_SNAPSHOT_STREAM,false
999,ACTIVE_RESULTS,,6.0,,0,0,0,160,,DEPTH_SNAPSHOT_STREAM,false
999,LATE_COUNT,28.285315,47.7,0.59298354,1962,10,18,93,1140.621,BBO_CHANGE_STREAM,false
999,POST_RESOLUTION_DIAGNOSTIC,,,,0,0,0,0,,DEPTH_SNAPSHOT_STREAM,false
1000,PRE_ELECTION,,172.0,,0,0,0,2294,,DEPTH_SNAPSHOT_STREAM,false
1000,ELECTION_DAY_PRE_RESULTS,,14.3,,0,0,0,1067,,DEPTH_SNAPSHOT_STREAM,false
1000,ACTIVE_RESULTS,,6.0,,0,0,0,297,,DEPTH_SNAPSHOT_STREAM,false
1000,LATE_COUNT,28.114518,47.7,0.58940289,1881,13,47,271,1140.87,BBO_CHANGE_STREAM,false
1000,POST_RESOLUTION_DIAGNOSTIC,,,,0,0,0,0,,DEPTH_SNAPSHOT_STREAM,false
1001,PRE_ELECTION,,172.0,,0,0,0,1522,,DEPTH_SNAPSHOT_STREAM,false
1001,ELECTION_DAY_PRE_RESULTS,,14.3,,0,0,0,774,,DEPTH_SNAPSHOT_STREAM,false
1001,ACTIVE_RESULTS,,6.0,,0,0,0,120,,DEPTH_SNAPSHOT_STREAM,false
1001,LATE_COUNT,28.114518,47.7,0.58940289,1881,10,9,47,1140.87,BBO_CHANGE_STREAM,false
1001,POST_RESOLUTION_DIAGNOSTIC,,,,0,0,0,0,,DEPTH_SNAPSHOT_STREAM,false
1002,PRE_ELECTION,,172.0,,0,0,0,1487,,DEPTH_SNAPSHOT_STREAM,false
1002,ELECTION_DAY_PRE_RESULTS,,14.3,,0,0,0,156,,DEPTH_SNAPSHOT_STREAM,false
1002,ACTIVE_RESULTS,,6.0,,0,0,0,15,,DEPTH_SNAPSHOT_STREAM,false
1002,LATE_COUNT,28.220812,47.7,0.59163128,1487,10,6,20,1014.362,BBO_CHANGE_STREAM,false
1002,POST_RESOLUTION_DIAGNOSTIC,,,,0,0,0,0,,DEPTH_SNAPSHOT_STREAM,false
1003,PRE_ELECTION,,172.0,,0,0,0,784,,DEPTH_SNAPSHOT_STREAM,false
1003,ELECTION_DAY_PRE_RESULTS,,14.3,,0,0,0,78,,DEPTH_SNAPSHOT_STREAM,false
1003,ACTIVE_RESULTS,,6.0,,0,0,0,7,,DEPTH_SNAPSHOT_STREAM,false
1003,LATE_COUNT,28.221128,47.7,0.5916379,1483,11,0,6,1014.362,BBO_CHANGE_STREAM,false
1003,POST_RESOLUTION_DIAGNOSTIC,,,,0,0,0,0,,DEPTH_SNAPSHOT_STREAM,false
1004,PRE_ELECTION,,172.0,,0,0,0,326,,DEPTH_SNAPSHOT_STREAM,false
1004,ELECTION_DAY_PRE_RESULTS,,14.3,,0,0,0,30,,DEPTH_SNAPSHOT_STREAM,false
1004,ACTIVE_RESULTS,,6.0,,0,0,0,30,,DEPTH_SNAPSHOT_STREAM,false
1004,LATE_COUNT,0.803294,47.7,0.01684055,183,1,0,2,405.99,BBO_CHANGE_STREAM,false
1004,POST_RESOLUTION_DIAGNOSTIC,,,,0,0,0,0,,DEPTH_SNAPSHOT_STREAM,false
1005,PRE_ELECTION,,172.0,,0,0,0,428,,DEPTH_SNAPSHOT_STREAM,false
1005,ELECTION_DAY_PRE_RESULTS,,14.3,,0,0,0,70,,DEPTH_SNAPSHOT_STREAM,false
1005,ACTIVE_RESULTS,,6.0,,0,0,0,59,,DEPTH_SNAPSHOT_STREAM,false
1005,LATE_COUNT,0.803332,47.7,0.01684134,183,1,0,7,405.99,BBO_CHANGE_STREAM,false
1005,POST_RESOLUTION_DIAGNOSTIC,,,,0,0,0,0,,DEPTH_SNAPSHOT_STREAM,false
1006,PRE_ELECTION,,172.0,,0,0,0,289,,DEPTH_SNAPSHOT_STREAM,false
1006,ELECTION_DAY_PRE_RESULTS,,14.3,,0,0,0,61,,DEPTH_SNAPSHOT_STREAM,false
1006,ACTIVE_RESULTS,,6.0,,0,0,0,47,,DEPTH_SNAPSHOT_STREAM,false
1006,LATE_COUNT,0.803007,47.7,0.01683453,151,1,0,1,435.725,BBO_CHANGE_STREAM,false
1006,POST_RESOLUTION_DIAGNOSTIC,,,,0,0,0,0,,DEPTH_SNAPSHOT_STREAM,false
1007,PRE_ELECTION,,172.0,,0,0,0,264,,DEPTH_SNAPSHOT_STREAM,false
1007,ELECTION_DAY_PRE_RESULTS,,14.3,,0,0,0,80,,DEPTH_SNAPSHOT_STREAM,false
1007,ACTIVE_RESULTS,,6.0,,0,0,0,81,,DEPTH_SNAPSHOT_STREAM,false
1007,LATE_COUNT,0.80377,47.7,0.01685052,151,1,0,1,435.725,BBO_CHANGE_STREAM,false
1007,POST_RESOLUTION_DIAGNOSTIC,,,,0,0,0,0,,DEPTH_SNAPSHOT_STREAM,false
1008,PRE_ELECTION,,172.0,,0,0,0,283,,DEPTH_SNAPSHOT_STREAM,false
1008,ELECTION_DAY_PRE_RESULTS,,14.3,,0,0,0,74,,DEPTH_SNAPSHOT_STREAM,false
1008,ACTIVE_RESULTS,,6.0,,0,0,0,93,,DEPTH_SNAPSHOT_STREAM,false
1008,LATE_COUNT,0.786749,47.7,0.01649369,348,1,0,2,113.877,BBO_CHANGE_STREAM,false
1008,POST_RESOLUTION_DIAGNOSTIC,,,,0,0,0,0,,DEPTH_SNAPSHOT_STREAM,false
1009,PRE_ELECTION,,172.0,,0,0,0,261,,DEPTH_SNAPSHOT_STREAM,false
1009,ELECTION_DAY_PRE_RESULTS,,14.3,,0,0,0,62,,DEPTH_SNAPSHOT_STREAM,false
1009,ACTIVE_RESULTS,,6.0,,0,0,0,42,,DEPTH_SNAPSHOT_STREAM,false
1009,LATE_COUNT,0.786737,47.7,0.01649344,348,1,0,2,113.877,BBO_CHANGE_STREAM,false
1009,POST_RESOLUTION_DIAGNOSTIC,,,,0,0,0,0,,DEPTH_SNAPSHOT_STREAM,false
1010,PRE_ELECTION,,172.0,,0,0,0,272,,DEPTH_SNAPSHOT_STREAM,false
1010,ELECTION_DAY_PRE_RESULTS,,14.3,,0,0,0,60,,DEPTH_SNAPSHOT_STREAM,false
1010,ACTIVE_RESULTS,,6.0,,0,0,0,33,,DEPTH_SNAPSHOT_STREAM,false
1010,LATE_COUNT,0.786341,47.7,0.01648514,328,1,0,0,245.894,BBO_CHANGE_STREAM,false
1010,POST_RESOLUTION_DIAGNOSTIC,,,,0,0,0,0,,DEPTH_SNAPSHOT_STREAM,false
1011,PRE_ELECTION,,172.0,,0,0,0,343,,DEPTH_SNAPSHOT_STREAM,false
1011,ELECTION_DAY_PRE_RESULTS,,14.3,,0,0,0,83,,DEPTH_SNAPSHOT_STREAM,false
1011,ACTIVE_RESULTS,,6.0,,0,0,0,44,,DEPTH_SNAPSHOT_STREAM,false
1011,LATE_COUNT,0.786148,47.7,0.01648109,328,1,0,0,245.894,BBO_CHANGE_STREAM,false
1011,POST_RESOLUTION_DIAGNOSTIC,,,,0,0,0,0,,DEPTH_SNAPSHOT_STREAM,false
1012,PRE_ELECTION,,172.0,,0,0,0,184,,DEPTH_SNAPSHOT_STREAM,false
1012,ELECTION_DAY_PRE_RESULTS,,14.3,,0,0,0,60,,DEPTH_SNAPSHOT_STREAM,false
1012,ACTIVE_RESULTS,,6.0,,0,0,0,75,,DEPTH_SNAPSHOT_STREAM,false
1012,LATE_COUNT,0.787162,47.7,0.01650235,304,1,0,5,265.055,BBO_CHANGE_STREAM,false
1012,POST_RESOLUTION_DIAGNOSTIC,,,,0,0,0,0,,DEPTH_SNAPSHOT_STREAM,false
1013,PRE_ELECTION,,172.0,,0,0,0,353,,DEPTH_SNAPSHOT_STREAM,false
1013,ELECTION_DAY_PRE_RESULTS,,14.3,,0,0,0,104,,DEPTH_SNAPSHOT_STREAM,false
1013,ACTIVE_RESULTS,,6.0,,0,0,0,68,,DEPTH_SNAPSHOT_STREAM,false
1013,LATE_COUNT,0.787279,47.7,0.0165048,304,1,0,1,265.055,BBO_CHANGE_STREAM,false
1013,POST_RESOLUTION_DIAGNOSTIC,,,,0,0,0,0,,DEPTH_SNAPSHOT_STREAM,false
1014,PRE_ELECTION,,172.0,,0,0,0,334,,DEPTH_SNAPSHOT_STREAM,false
1014,ELECTION_DAY_PRE_RESULTS,,14.3,,0,0,0,129,,DEPTH_SNAPSHOT_STREAM,false
1014,ACTIVE_RESULTS,,6.0,,0,0,0,81,,DEPTH_SNAPSHOT_STREAM,false
1014,LATE_COUNT,0.802831,47.7,0.01683084,423,1,0,8,87.987,BBO_CHANGE_STREAM,false
1014,POST_RESOLUTION_DIAGNOSTIC,,,,0,0,0,0,,DEPTH_SNAPSHOT_STREAM,false
1015,PRE_ELECTION,,172.0,,0,0,0,213,,DEPTH_SNAPSHOT_STREAM,false
1015,ELECTION_DAY_PRE_RESULTS,,14.3,,0,0,0,66,,DEPTH_SNAPSHOT_STREAM,false
1015,ACTIVE_RESULTS,,6.0,,0,0,0,77,,DEPTH_SNAPSHOT_STREAM,false
1015,LATE_COUNT,0.80287,47.7,0.01683166,423,1,0,28,87.987,BBO_CHANGE_STREAM,false
1015,POST_RESOLUTION_DIAGNOSTIC,,,,0,0,0,0,,DEPTH_SNAPSHOT_STREAM,false
1016,PRE_ELECTION,,172.0,,0,0,0,207,,DEPTH_SNAPSHOT_STREAM,false
1016,ELECTION_DAY_PRE_RESULTS,,14.3,,0,0,0,119,,DEPTH_SNAPSHOT_STREAM,false
1016,ACTIVE_RESULTS,,6.0,,0,0,0,144,,DEPTH_SNAPSHOT_STREAM,false
1016,LATE_COUNT,0.786275,47.7,0.01648375,291,1,0,4,123.216,BBO_CHANGE_STREAM,false
1016,POST_RESOLUTION_DIAGNOSTIC,,,,0,0,0,0,,DEPTH_SNAPSHOT_STREAM,false
1017,PRE_ELECTION,,172.0,,0,0,0,309,,DEPTH_SNAPSHOT_STREAM,false
1017,ELECTION_DAY_PRE_RESULTS,,14.3,,0,0,0,124,,DEPTH_SNAPSHOT_STREAM,false
1017,ACTIVE_RESULTS,,6.0,,0,0,0,184,,DEPTH_SNAPSHOT_STREAM,false
1017,LATE_COUNT,0.786175,47.7,0.01648166,291,1,0,6,123.216,BBO_CHANGE_STREAM,false
1017,POST_RESOLUTION_DIAGNOSTIC,,,,0,0,0,0,,DEPTH_SNAPSHOT_STREAM,false
1018,PRE_ELECTION,,172.0,,0,0,0,824,,DEPTH_SNAPSHOT_STREAM,false
1018,ELECTION_DAY_PRE_RESULTS,,14.3,,0,0,0,495,,DEPTH_SNAPSHOT_STREAM,false
1018,ACTIVE_RESULTS,,6.0,,0,0,0,416,,DEPTH_SNAPSHOT_STREAM,false
1018,LATE_COUNT,0.802739,47.7,0.01682891,44,1,0,179,951.09,BBO_CHANGE_STREAM,false
1018,POST_RESOLUTION_DIAGNOSTIC,,,,0,0,0,0,,DEPTH_SNAPSHOT_STREAM,false
1019,PRE_ELECTION,,172.0,,0,0,0,808,,DEPTH_SNAPSHOT_STREAM,false
1019,ELECTION_DAY_PRE_RESULTS,,14.3,,0,0,0,738,,DEPTH_SNAPSHOT_STREAM,false
1019,ACTIVE_RESULTS,,6.0,,0,0,0,458,,DEPTH_SNAPSHOT_STREAM,false
1019,LATE_COUNT,0.801804,47.7,0.01680931,44,1,0,152,951.09,BBO_CHANGE_STREAM,false
1019,POST_RESOLUTION_DIAGNOSTIC,,,,0,0,0,0,,DEPTH_SNAPSHOT_STREAM,false
1020,PRE_ELECTION,,172.0,,0,0,0,333,,DEPTH_SNAPSHOT_STREAM,false
1020,ELECTION_DAY_PRE_RESULTS,,14.3,,0,0,0,214,,DEPTH_SNAPSHOT_STREAM,false
1020,ACTIVE_RESULTS,,6.0,,0,0,0,95,,DEPTH_SNAPSHOT_STREAM,false
1020,LATE_COUNT,,47.7,,0,0,0,18,,DEPTH_SNAPSHOT_STREAM,false
1020,POST_RESOLUTION_DIAGNOSTIC,,,,0,0,0,0,,DEPTH_SNAPSHOT_STREAM,false
1021,PRE_ELECTION,,172.0,,0,0,0,291,,DEPTH_SNAPSHOT_STREAM,false
1021,ELECTION_DAY_PRE_RESULTS,,14.3,,0,0,0,161,,DEPTH_SNAPSHOT_STREAM,false
1021,ACTIVE_RESULTS,,6.0,,0,0,0,91,,DEPTH_SNAPSHOT_STREAM,false
1021,LATE_COUNT,,47.7,,0,0,0,8,,DEPTH_SNAPSHOT_STREAM,false
1021,POST_RESOLUTION_DIAGNOSTIC,,,,0,0,0,0,,DEPTH_SNAPSHOT_STREAM,false
1022,PRE_ELECTION,,172.0,,0,0,0,248,,DEPTH_SNAPSHOT_STREAM,false
1022,ELECTION_DAY_PRE_RESULTS,,14.3,,0,0,0,58,,DEPTH_SNAPSHOT_STREAM,false
1022,ACTIVE_RESULTS,,6.0,,0,0,0,38,,DEPTH_SNAPSHOT_STREAM,false
1022,LATE_COUNT,,47.7,,0,0,0,2,,DEPTH_SNAPSHOT_STREAM,false
1022,POST_RESOLUTION_DIAGNOSTIC,,,,0,0,0,0,,DEPTH_SNAPSHOT_STREAM,false
1023,PRE_ELECTION,,172.0,,0,0,0,192,,DEPTH_SNAPSHOT_STREAM,false
1023,ELECTION_DAY_PRE_RESULTS,,14.3,,0,0,0,88,,DEPTH_SNAPSHOT_STREAM,false
1023,ACTIVE_RESULTS,,6.0,,0,0,0,38,,DEPTH_SNAPSHOT_STREAM,false
1023,LATE_COUNT,,47.7,,0,0,0,3,,DEPTH_SNAPSHOT_STREAM,false
1023,POST_RESOLUTION_DIAGNOSTIC,,,,0,0,0,0,,DEPTH_SNAPSHOT_STREAM,false
1024,PRE_ELECTION,,172.0,,0,0,0,206,,DEPTH_SNAPSHOT_STREAM,false
1024,ELECTION_DAY_PRE_RESULTS,,14.3,,0,0,0,77,,DEPTH_SNAPSHOT_STREAM,false
1024,ACTIVE_RESULTS,,6.0,,0,0,0,23,,DEPTH_SNAPSHOT_STREAM,false
1024,LATE_COUNT,,47.7,,0,0,0,0,,DEPTH_SNAPSHOT_STREAM,false
1024,POST_RESOLUTION_DIAGNOSTIC,,,,0,0,0,0,,DEPTH_SNAPSHOT_STREAM,false
1025,PRE_ELECTION,,172.0,,0,0,0,193,,DEPTH_SNAPSHOT_STREAM,false
1025,ELECTION_DAY_PRE_RESULTS,,14.3,,0,0,0,67,,DEPTH_SNAPSHOT_STREAM,false
1025,ACTIVE_RESULTS,,6.0,,0,0,0,36,,DEPTH_SNAPSHOT_STREAM,false
1025,LATE_COUNT,,47.7,,0,0,0,0,,DEPTH_SNAPSHOT_STREAM,false
1025,POST_RESOLUTION_DIAGNOSTIC,,,,0,0,0,0,,DEPTH_SNAPSHOT_STREAM,false
1026,PRE_ELECTION,,172.0,,0,0,0,173,,DEPTH_SNAPSHOT_STREAM,false
1026,ELECTION_DAY_PRE_RESULTS,,14.3,,0,0,0,74,,DEPTH_SNAPSHOT_STREAM,false
1026,ACTIVE_RESULTS,,6.0,,0,0,0,42,,DEPTH_SNAPSHOT_STREAM,false
1026,LATE_COUNT,,47.7,,0,0,0,3,,DEPTH_SNAPSHOT_STREAM,false
1026,POST_RESOLUTION_DIAGNOSTIC,,,,0,0,0,0,,DEPTH_SNAPSHOT_STREAM,false
1027,PRE_ELECTION,,172.0,,0,0,0,260,,DEPTH_SNAPSHOT_STREAM,false
1027,ELECTION_DAY_PRE_RESULTS,,14.3,,0,0,0,69,,DEPTH_SNAPSHOT_STREAM,false
1027,ACTIVE_RESULTS,,6.0,,0,0,0,21,,DEPTH_SNAPSHOT_STREAM,false
1027,LATE_COUNT,,47.7,,0,0,0,6,,DEPTH_SNAPSHOT_STREAM,false
1027,POST_RESOLUTION_DIAGNOSTIC,,,,0,0,0,0,,DEPTH_SNAPSHOT_STREAM,false
1028,PRE_ELECTION,,172.0,,0,0,0,230,,DEPTH_SNAPSHOT_STREAM,false
1028,ELECTION_DAY_PRE_RESULTS,,14.3,,0,0,0,66,,DEPTH_SNAPSHOT_STREAM,false
1028,ACTIVE_RESULTS,,6.0,,0,0,0,51,,DEPTH_SNAPSHOT_STREAM,false
1028,LATE_COUNT,,47.7,,0,0,0,3,,DEPTH_SNAPSHOT_STREAM,false
1028,POST_RESOLUTION_DIAGNOSTIC,,,,0,0,0,0,,DEPTH_SNAPSHOT_STREAM,false
1029,PRE_ELECTION,,172.0,,0,0,0,239,,DEPTH_SNAPSHOT_STREAM,false
1029,ELECTION_DAY_PRE_RESULTS,,14.3,,0,0,0,49,,DEPTH_SNAPSHOT_STREAM,false
1029,ACTIVE_RESULTS,,6.0,,0,0,0,32,,DEPTH_SNAPSHOT_STREAM,false
1029,LATE_COUNT,,47.7,,0,0,0,10,,DEPTH_SNAPSHOT_STREAM,false
1029,POST_RESOLUTION_DIAGNOSTIC,,,,0,0,0,0,,DEPTH_SNAPSHOT_STREAM,false
1030,PRE_ELECTION,,172.0,,0,0,0,271,,DEPTH_SNAPSHOT_STREAM,false
1030,ELECTION_DAY_PRE_RESULTS,,14.3,,0,0,0,64,,DEPTH_SNAPSHOT_STREAM,false
1030,ACTIVE_RESULTS,,6.0,,0,0,0,83,,DEPTH_SNAPSHOT_STREAM,false
1030,LATE_COUNT,,47.7,,0,0,0,2,,DEPTH_SNAPSHOT_STREAM,false
1030,POST_RESOLUTION_DIAGNOSTIC,,,,0,0,0,0,,DEPTH_SNAPSHOT_STREAM,false
1031,PRE_ELECTION,,172.0,,0,0,0,339,,DEPTH_SNAPSHOT_STREAM,false
1031,ELECTION_DAY_PRE_RESULTS,,14.3,,0,0,0,46,,DEPTH_SNAPSHOT_STREAM,false
1031,ACTIVE_RESULTS,,6.0,,0,0,0,93,,DEPTH_SNAPSHOT_STREAM,false
1031,LATE_COUNT,,47.7,,0,0,0,20,,DEPTH_SNAPSHOT_STREAM,false
1031,POST_RESOLUTION_DIAGNOSTIC,,,,0,0,0,0,,DEPTH_SNAPSHOT_STREAM,false
1032,PRE_ELECTION,,172.0,,0,0,0,150,,DEPTH_SNAPSHOT_STREAM,false
1032,ELECTION_DAY_PRE_RESULTS,,14.3,,0,0,0,62,,DEPTH_SNAPSHOT_STREAM,false
1032,ACTIVE_RESULTS,,6.0,,0,0,0,125,,DEPTH_SNAPSHOT_STREAM,false
1032,LATE_COUNT,28.290466,47.7,0.59309153,11244,8,2,7,488.622,BBO_CHANGE_STREAM,false
1032,POST_RESOLUTION_DIAGNOSTIC,,,,0,0,0,0,,DEPTH_SNAPSHOT_STREAM,false
1033,PRE_ELECTION,,172.0,,0,0,0,151,,DEPTH_SNAPSHOT_STREAM,false
1033,ELECTION_DAY_PRE_RESULTS,,14.3,,0,0,0,130,,DEPTH_SNAPSHOT_STREAM,false
1033,ACTIVE_RESULTS,,6.0,,0,0,0,130,,DEPTH_SNAPSHOT_STREAM,false
1033,LATE_COUNT,28.29045,47.7,0.59309119,11244,7,5,30,488.622,BBO_CHANGE_STREAM,false
1033,POST_RESOLUTION_DIAGNOSTIC,,,,0,0,0,0,,DEPTH_SNAPSHOT_STREAM,false
1034,PRE_ELECTION,,172.0,,0,0,0,126,,DEPTH_SNAPSHOT_STREAM,false
1034,ELECTION_DAY_PRE_RESULTS,,14.3,,0,0,0,30,,DEPTH_SNAPSHOT_STREAM,false
1034,ACTIVE_RESULTS,,6.0,,0,0,0,174,,DEPTH_SNAPSHOT_STREAM,false
1034,LATE_COUNT,28.289058,47.7,0.59306201,19461,6,6,75,338.074,BBO_CHANGE_STREAM,false
1034,POST_RESOLUTION_DIAGNOSTIC,,,,0,0,0,0,,DEPTH_SNAPSHOT_STREAM,false
1035,PRE_ELECTION,,172.0,,0,0,0,119,,DEPTH_SNAPSHOT_STREAM,false
1035,ELECTION_DAY_PRE_RESULTS,,14.3,,0,0,0,54,,DEPTH_SNAPSHOT_STREAM,false
1035,ACTIVE_RESULTS,,6.0,,0,0,0,239,,DEPTH_SNAPSHOT_STREAM,false
1035,LATE_COUNT,28.288631,47.7,0.59305306,19459,8,9,144,338.074,BBO_CHANGE_STREAM,false
1035,POST_RESOLUTION_DIAGNOSTIC,,,,0,0,0,0,,DEPTH_SNAPSHOT_STREAM,false
1036,PRE_ELECTION,,172.0,,0,0,0,91,,DEPTH_SNAPSHOT_STREAM,false
1036,ELECTION_DAY_PRE_RESULTS,,14.3,,0,0,0,29,,DEPTH_SNAPSHOT_STREAM,false
1036,ACTIVE_RESULTS,,6.0,,0,0,0,92,,DEPTH_SNAPSHOT_STREAM,false
1036,LATE_COUNT,28.287764,47.7,0.59303488,16661,9,5,33,362.985,BBO_CHANGE_STREAM,false
1036,POST_RESOLUTION_DIAGNOSTIC,,,,0,0,0,0,,DEPTH_SNAPSHOT_STREAM,false
1037,PRE_ELECTION,,172.0,,0,0,0,127,,DEPTH_SNAPSHOT_STREAM,false
1037,ELECTION_DAY_PRE_RESULTS,,14.3,,0,0,0,110,,DEPTH_SNAPSHOT_STREAM,false
1037,ACTIVE_RESULTS,,6.0,,0,0,0,169,,DEPTH_SNAPSHOT_STREAM,false
1037,LATE_COUNT,28.287894,47.7,0.59303761,16659,6,10,96,362.985,BBO_CHANGE_STREAM,false
1037,POST_RESOLUTION_DIAGNOSTIC,,,,0,0,0,0,,DEPTH_SNAPSHOT_STREAM,false
1038,PRE_ELECTION,,172.0,,0,0,0,108,,DEPTH_SNAPSHOT_STREAM,false
1038,ELECTION_DAY_PRE_RESULTS,,14.3,,0,0,0,56,,DEPTH_SNAPSHOT_STREAM,false
1038,ACTIVE_RESULTS,,6.0,,0,0,0,40,,DEPTH_SNAPSHOT_STREAM,false
1038,LATE_COUNT,28.289158,47.7,0.59306411,11175,6,3,4,302.473,BBO_CHANGE_STREAM,false
1038,POST_RESOLUTION_DIAGNOSTIC,,,,0,0,0,0,,DEPTH_SNAPSHOT_STREAM,false
1039,PRE_ELECTION,,172.0,,0,0,0,159,,DEPTH_SNAPSHOT_STREAM,false
1039,ELECTION_DAY_PRE_RESULTS,,14.3,,0,0,0,44,,DEPTH_SNAPSHOT_STREAM,false
1039,ACTIVE_RESULTS,,6.0,,0,0,0,44,,DEPTH_SNAPSHOT_STREAM,false
1039,LATE_COUNT,28.288965,47.7,0.59306006,11175,8,0,5,302.473,BBO_CHANGE_STREAM,false
1039,POST_RESOLUTION_DIAGNOSTIC,,,,0,0,0,0,,DEPTH_SNAPSHOT_STREAM,false
1040,PRE_ELECTION,,172.0,,0,0,0,163,,DEPTH_SNAPSHOT_STREAM,false
1040,ELECTION_DAY_PRE_RESULTS,,14.3,,0,0,0,42,,DEPTH_SNAPSHOT_STREAM,false
1040,ACTIVE_RESULTS,,6.0,,0,0,0,49,,DEPTH_SNAPSHOT_STREAM,false
1040,LATE_COUNT,28.287121,47.7,0.5930214,8257,11,2,3,488.953,BBO_CHANGE_STREAM,false
1040,POST_RESOLUTION_DIAGNOSTIC,,,,0,0,0,0,,DEPTH_SNAPSHOT_STREAM,false
1041,PRE_ELECTION,,172.0,,0,0,0,135,,DEPTH_SNAPSHOT_STREAM,false
1041,ELECTION_DAY_PRE_RESULTS,,14.3,,0,0,0,81,,DEPTH_SNAPSHOT_STREAM,false
1041,ACTIVE_RESULTS,,6.0,,0,0,0,59,,DEPTH_SNAPSHOT_STREAM,false
1041,LATE_COUNT,28.288122,47.7,0.59304239,8257,12,3,10,488.953,BBO_CHANGE_STREAM,false
1041,POST_RESOLUTION_DIAGNOSTIC,,,,0,0,0,0,,DEPTH_SNAPSHOT_STREAM,false
1042,PRE_ELECTION,,172.0,,0,0,0,257,,DEPTH_SNAPSHOT_STREAM,false
1042,ELECTION_DAY_PRE_RESULTS,,14.3,,0,0,0,105,,DEPTH_SNAPSHOT_STREAM,false
1042,ACTIVE_RESULTS,,6.0,,0,0,0,60,,DEPTH_SNAPSHOT_STREAM,false
1042,LATE_COUNT,28.290914,47.7,0.59310092,11186,6,35,104,1034.025,BBO_CHANGE_STREAM,false
1042,POST_RESOLUTION_DIAGNOSTIC,,,,0,0,0,0,,DEPTH_SNAPSHOT_STREAM,false
1043,PRE_ELECTION,,172.0,,0,0,0,276,,DEPTH_SNAPSHOT_STREAM,false
1043,ELECTION_DAY_PRE_RESULTS,,14.3,,0,0,0,40,,DEPTH_SNAPSHOT_STREAM,false
1043,ACTIVE_RESULTS,,6.0,,0,0,0,7,,DEPTH_SNAPSHOT_STREAM,false
1043,LATE_COUNT,28.291161,47.7,0.5931061,11189,10,1,16,1034.025,BBO_CHANGE_STREAM,false
1043,POST_RESOLUTION_DIAGNOSTIC,,,,0,0,0,0,,DEPTH_SNAPSHOT_STREAM,false
1044,PRE_ELECTION,,172.0,,0,0,0,213,,DEPTH_SNAPSHOT_STREAM,false
1044,ELECTION_DAY_PRE_RESULTS,,14.3,,0,0,0,75,,DEPTH_SNAPSHOT_STREAM,false
1044,ACTIVE_RESULTS,,6.0,,0,0,0,170,,DEPTH_SNAPSHOT_STREAM,false
1044,LATE_COUNT,28.288981,47.7,0.5930604,6774,8,32,71,1055.076,BBO_CHANGE_STREAM,false
1044,POST_RESOLUTION_DIAGNOSTIC,,,,0,0,0,0,,DEPTH_SNAPSHOT_STREAM,false
1045,PRE_ELECTION,,172.0,,0,0,0,169,,DEPTH_SNAPSHOT_STREAM,false
1045,ELECTION_DAY_PRE_RESULTS,,14.3,,0,0,0,43,,DEPTH_SNAPSHOT_STREAM,false
1045,ACTIVE_RESULTS,,6.0,,0,0,0,49,,DEPTH_SNAPSHOT_STREAM,false
1045,LATE_COUNT,28.289058,47.7,0.59306201,6774,11,0,2,1055.076,BBO_CHANGE_STREAM,false
1045,POST_RESOLUTION_DIAGNOSTIC,,,,0,0,0,0,,DEPTH_SNAPSHOT_STREAM,false
1046,PRE_ELECTION,,172.0,,0,0,0,196,,DEPTH_SNAPSHOT_STREAM,false
1046,ELECTION_DAY_PRE_RESULTS,,14.3,,0,0,0,99,,DEPTH_SNAPSHOT_STREAM,false
1046,ACTIVE_RESULTS,,6.0,,0,0,0,219,,DEPTH_SNAPSHOT_STREAM,false
1046,LATE_COUNT,28.291248,47.7,0.59310792,9274,7,32,96,617.312,BBO_CHANGE_STREAM,false
1046,POST_RESOLUTION_DIAGNOSTIC,,,,0,0,0,0,,DEPTH_SNAPSHOT_STREAM,false
1047,PRE_ELECTION,,172.0,,0,0,0,193,,DEPTH_SNAPSHOT_STREAM,false
1047,ELECTION_DAY_PRE_RESULTS,,14.3,,0,0,0,38,,DEPTH_SNAPSHOT_STREAM,false
1047,ACTIVE_RESULTS,,6.0,,0,0,0,94,,DEPTH_SNAPSHOT_STREAM,false
1047,LATE_COUNT,28.290564,47.7,0.59309358,9273,10,3,22,617.312,BBO_CHANGE_STREAM,false
1047,POST_RESOLUTION_DIAGNOSTIC,,,,0,0,0,0,,DEPTH_SNAPSHOT_STREAM,false
1048,PRE_ELECTION,,172.0,,0,0,0,210,,DEPTH_SNAPSHOT_STREAM,false
1048,ELECTION_DAY_PRE_RESULTS,,14.3,,0,0,0,139,,DEPTH_SNAPSHOT_STREAM,false
1048,ACTIVE_RESULTS,,6.0,,0,0,0,732,,DEPTH_SNAPSHOT_STREAM,false
1048,LATE_COUNT,28.28808,47.7,0.59304151,23077,9,69,354,809.363,BBO_CHANGE_STREAM,false
1048,POST_RESOLUTION_DIAGNOSTIC,,,,0,0,0,0,,DEPTH_SNAPSHOT_STREAM,false
1049,PRE_ELECTION,,172.0,,0,0,0,212,,DEPTH_SNAPSHOT_STREAM,false
1049,ELECTION_DAY_PRE_RESULTS,,14.3,,0,0,0,102,,DEPTH_SNAPSHOT_STREAM,false
1049,ACTIVE_RESULTS,,6.0,,0,0,0,509,,DEPTH_SNAPSHOT_STREAM,false
1049,LATE_COUNT,28.288009,47.7,0.59304002,23077,12,20,346,809.363,BBO_CHANGE_STREAM,false
1049,POST_RESOLUTION_DIAGNOSTIC,,,,0,0,0,0,,DEPTH_SNAPSHOT_STREAM,false
1050,PRE_ELECTION,,172.0,,0,0,0,626,,DEPTH_SNAPSHOT_STREAM,false
1050,ELECTION_DAY_PRE_RESULTS,,14.3,,0,0,0,182,,DEPTH_SNAPSHOT_STREAM,false
1050,ACTIVE_RESULTS,,6.0,,0,0,0,981,,DEPTH_SNAPSHOT_STREAM,false
1050,LATE_COUNT,28.291203,47.7,0.59310698,17142,9,22,358,335.44,BBO_CHANGE_STREAM,false
1050,POST_RESOLUTION_DIAGNOSTIC,,,,0,0,0,0,,DEPTH_SNAPSHOT_STREAM,false
1051,PRE_ELECTION,,172.0,,0,0,0,407,,DEPTH_SNAPSHOT_STREAM,false
1051,ELECTION_DAY_PRE_RESULTS,,14.3,,0,0,0,221,,DEPTH_SNAPSHOT_STREAM,false
1051,ACTIVE_RESULTS,,6.0,,0,0,0,940,,DEPTH_SNAPSHOT_STREAM,false
1051,LATE_COUNT,28.291365,47.7,0.59311038,17142,9,81,447,335.44,BBO_CHANGE_STREAM,false
1051,POST_RESOLUTION_DIAGNOSTIC,,,,0,0,0,0,,DEPTH_SNAPSHOT_STREAM,false
1052,PRE_ELECTION,,172.0,,0,0,0,250,,DEPTH_SNAPSHOT_STREAM,false
1052,ELECTION_DAY_PRE_RESULTS,,14.3,,0,0,0,71,,DEPTH_SNAPSHOT_STREAM,false
1052,ACTIVE_RESULTS,,6.0,,0,0,0,78,,DEPTH_SNAPSHOT_STREAM,false
1052,LATE_COUNT,0.884796,47.7,0.01854918,329,1,3,56,285.475,BBO_CHANGE_STREAM,false
1052,POST_RESOLUTION_DIAGNOSTIC,,,,0,0,0,0,,DEPTH_SNAPSHOT_STREAM,false
1053,PRE_ELECTION,,172.0,,0,0,0,102,,DEPTH_SNAPSHOT_STREAM,false
1053,ELECTION_DAY_PRE_RESULTS,,14.3,,0,0,0,61,,DEPTH_SNAPSHOT_STREAM,false
1053,ACTIVE_RESULTS,,6.0,,0,0,0,11,,DEPTH_SNAPSHOT_STREAM,false
1053,LATE_COUNT,0.885548,47.7,0.01856495,330,1,0,8,285.475,BBO_CHANGE_STREAM,false
1053,POST_RESOLUTION_DIAGNOSTIC,,,,0,0,0,0,,DEPTH_SNAPSHOT_STREAM,false
1054,PRE_ELECTION,,172.0,,0,0,0,276,,DEPTH_SNAPSHOT_STREAM,false
1054,ELECTION_DAY_PRE_RESULTS,,14.3,,0,0,0,115,,DEPTH_SNAPSHOT_STREAM,false
1054,ACTIVE_RESULTS,,6.0,,0,0,0,74,,DEPTH_SNAPSHOT_STREAM,false
1054,LATE_COUNT,0.885042,47.7,0.01855434,296,1,0,44,489.022,BBO_CHANGE_STREAM,false
1054,POST_RESOLUTION_DIAGNOSTIC,,,,0,0,0,0,,DEPTH_SNAPSHOT_STREAM,false
1055,PRE_ELECTION,,172.0,,0,0,0,203,,DEPTH_SNAPSHOT_STREAM,false
1055,ELECTION_DAY_PRE_RESULTS,,14.3,,0,0,0,46,,DEPTH_SNAPSHOT_STREAM,false
1055,ACTIVE_RESULTS,,6.0,,0,0,0,45,,DEPTH_SNAPSHOT_STREAM,false
1055,LATE_COUNT,0.88508,47.7,0.01855514,296,1,0,4,489.022,BBO_CHANGE_STREAM,false
1055,POST_RESOLUTION_DIAGNOSTIC,,,,0,0,0,0,,DEPTH_SNAPSHOT_STREAM,false
1056,PRE_ELECTION,,172.0,,0,0,0,229,,DEPTH_SNAPSHOT_STREAM,false
1056,ELECTION_DAY_PRE_RESULTS,,14.3,,0,0,0,135,,DEPTH_SNAPSHOT_STREAM,false
1056,ACTIVE_RESULTS,,6.0,,0,0,0,52,,DEPTH_SNAPSHOT_STREAM,false
1056,LATE_COUNT,0.885699,47.7,0.01856811,279,1,0,23,103.628,BBO_CHANGE_STREAM,false
1056,POST_RESOLUTION_DIAGNOSTIC,,,,0,0,0,0,,DEPTH_SNAPSHOT_STREAM,false
1057,PRE_ELECTION,,172.0,,0,0,0,548,,DEPTH_SNAPSHOT_STREAM,false
1057,ELECTION_DAY_PRE_RESULTS,,14.3,,0,0,0,161,,DEPTH_SNAPSHOT_STREAM,false
1057,ACTIVE_RESULTS,,6.0,,0,0,0,55,,DEPTH_SNAPSHOT_STREAM,false
1057,LATE_COUNT,0.884841,47.7,0.01855013,277,1,0,27,103.628,BBO_CHANGE_STREAM,false
1057,POST_RESOLUTION_DIAGNOSTIC,,,,0,0,0,0,,DEPTH_SNAPSHOT_STREAM,false
1058,PRE_ELECTION,,172.0,,0,0,0,511,,DEPTH_SNAPSHOT_STREAM,false
1058,ELECTION_DAY_PRE_RESULTS,,14.3,,0,0,0,295,,DEPTH_SNAPSHOT_STREAM,false
1058,ACTIVE_RESULTS,,6.0,,0,0,0,166,,DEPTH_SNAPSHOT_STREAM,false
1058,LATE_COUNT,0.884988,47.7,0.01855321,195,1,0,45,464.491,BBO_CHANGE_STREAM,false
1058,POST_RESOLUTION_DIAGNOSTIC,,,,0,0,0,0,,DEPTH_SNAPSHOT_STREAM,false
1059,PRE_ELECTION,,172.0,,0,0,0,405,,DEPTH_SNAPSHOT_STREAM,false
1059,ELECTION_DAY_PRE_RESULTS,,14.3,,0,0,0,208,,DEPTH_SNAPSHOT_STREAM,false
1059,ACTIVE_RESULTS,,6.0,,0,0,0,202,,DEPTH_SNAPSHOT_STREAM,false
1059,LATE_COUNT,0.884962,47.7,0.01855266,195,1,3,107,464.491,BBO_CHANGE_STREAM,false
1059,POST_RESOLUTION_DIAGNOSTIC,,,,0,0,0,0,,DEPTH_SNAPSHOT_STREAM,false
1060,PRE_ELECTION,,172.0,,0,0,0,1216,,DEPTH_SNAPSHOT_STREAM,false
1060,ELECTION_DAY_PRE_RESULTS,,14.3,,0,0,0,611,,DEPTH_SNAPSHOT_STREAM,false
1060,ACTIVE_RESULTS,,6.0,,0,0,0,554,,DEPTH_SNAPSHOT_STREAM,false
1060,LATE_COUNT,,47.7,,0,0,0,82,,DEPTH_SNAPSHOT_STREAM,false
1060,POST_RESOLUTION_DIAGNOSTIC,,,,0,0,0,0,,DEPTH_SNAPSHOT_STREAM,false
1061,PRE_ELECTION,,172.0,,0,0,0,818,,DEPTH_SNAPSHOT_STREAM,false
1061,ELECTION_DAY_PRE_RESULTS,,14.3,,0,0,0,488,,DEPTH_SNAPSHOT_STREAM,false
1061,ACTIVE_RESULTS,,6.0,,0,0,0,551,,DEPTH_SNAPSHOT_STREAM,false
1061,LATE_COUNT,,47.7,,0,0,0,129,,DEPTH_SNAPSHOT_STREAM,false
1061,POST_RESOLUTION_DIAGNOSTIC,,,,0,0,0,0,,DEPTH_SNAPSHOT_STREAM,false
1062,PRE_ELECTION,,172.0,,0,0,0,378,,DEPTH_SNAPSHOT_STREAM,false
1062,ELECTION_DAY_PRE_RESULTS,,14.3,,0,0,0,87,,DEPTH_SNAPSHOT_STREAM,false
1062,ACTIVE_RESULTS,,6.0,,0,0,0,75,,DEPTH_SNAPSHOT_STREAM,false
1062,LATE_COUNT,0.901581,47.7,0.01890107,38,1,0,86,853.381,BBO_CHANGE_STREAM,false
1062,POST_RESOLUTION_DIAGNOSTIC,,,,0,0,0,0,,DEPTH_SNAPSHOT_STREAM,false
1063,PRE_ELECTION,,172.0,,0,0,0,470,,DEPTH_SNAPSHOT_STREAM,false
1063,ELECTION_DAY_PRE_RESULTS,,14.3,,0,0,0,106,,DEPTH_SNAPSHOT_STREAM,false
1063,ACTIVE_RESULTS,,6.0,,0,0,0,67,,DEPTH_SNAPSHOT_STREAM,false
1063,LATE_COUNT,0.901537,47.7,0.01890015,38,1,0,49,853.381,BBO_CHANGE_STREAM,false
1063,POST_RESOLUTION_DIAGNOSTIC,,,,0,0,0,0,,DEPTH_SNAPSHOT_STREAM,false
1064,PRE_ELECTION,,172.0,,0,0,0,328,,DEPTH_SNAPSHOT_STREAM,false
1064,ELECTION_DAY_PRE_RESULTS,,14.3,,0,0,0,78,,DEPTH_SNAPSHOT_STREAM,false
1064,ACTIVE_RESULTS,,6.0,,0,0,0,57,,DEPTH_SNAPSHOT_STREAM,false
1064,LATE_COUNT,0.902554,47.7,0.01892147,295,1,0,35,96.181,BBO_CHANGE_STREAM,false
1064,POST_RESOLUTION_DIAGNOSTIC,,,,0,0,0,0,,DEPTH_SNAPSHOT_STREAM,false
1065,PRE_ELECTION,,172.0,,0,0,0,246,,DEPTH_SNAPSHOT_STREAM,false
1065,ELECTION_DAY_PRE_RESULTS,,14.3,,0,0,0,72,,DEPTH_SNAPSHOT_STREAM,false
1065,ACTIVE_RESULTS,,6.0,,0,0,0,59,,DEPTH_SNAPSHOT_STREAM,false
1065,LATE_COUNT,0.902027,47.7,0.01891042,295,1,0,22,96.181,BBO_CHANGE_STREAM,false
1065,POST_RESOLUTION_DIAGNOSTIC,,,,0,0,0,0,,DEPTH_SNAPSHOT_STREAM,false
1066,PRE_ELECTION,,172.0,,0,0,0,198,,DEPTH_SNAPSHOT_STREAM,false
1066,ELECTION_DAY_PRE_RESULTS,,14.3,,0,0,0,63,,DEPTH_SNAPSHOT_STREAM,false
1066,ACTIVE_RESULTS,,6.0,,0,0,0,39,,DEPTH_SNAPSHOT_STREAM,false
1066,LATE_COUNT,0.900741,47.7,0.01888346,65,1,0,35,450.961,BBO_CHANGE_STREAM,false
1066,POST_RESOLUTION_DIAGNOSTIC,,,,0,0,0,0,,DEPTH_SNAPSHOT_STREAM,false
1067,PRE_ELECTION,,172.0,,0,0,0,144,,DEPTH_SNAPSHOT_STREAM,false
1067,ELECTION_DAY_PRE_RESULTS,,14.3,,0,0,0,101,,DEPTH_SNAPSHOT_STREAM,false
1067,ACTIVE_RESULTS,,6.0,,0,0,0,47,,DEPTH_SNAPSHOT_STREAM,false
1067,LATE_COUNT,0.901051,47.7,0.01888996,65,1,0,44,450.961,BBO_CHANGE_STREAM,false
1067,POST_RESOLUTION_DIAGNOSTIC,,,,0,0,0,0,,DEPTH_SNAPSHOT_STREAM,false
1068,PRE_ELECTION,,172.0,,0,0,0,101,,DEPTH_SNAPSHOT_STREAM,false
1068,ELECTION_DAY_PRE_RESULTS,,14.3,,0,0,0,10,,DEPTH_SNAPSHOT_STREAM,false
1068,ACTIVE_RESULTS,,6.0,,0,0,0,30,,DEPTH_SNAPSHOT_STREAM,false
1068,LATE_COUNT,0.918421,47.7,0.01925411,51,1,1,14,599.731,BBO_CHANGE_STREAM,false
1068,POST_RESOLUTION_DIAGNOSTIC,,,,0,0,0,0,,DEPTH_SNAPSHOT_STREAM,false
1069,PRE_ELECTION,,172.0,,0,0,0,74,,DEPTH_SNAPSHOT_STREAM,false
1069,ELECTION_DAY_PRE_RESULTS,,14.3,,0,0,0,20,,DEPTH_SNAPSHOT_STREAM,false
1069,ACTIVE_RESULTS,,6.0,,0,0,0,37,,DEPTH_SNAPSHOT_STREAM,false
1069,LATE_COUNT,0.918315,47.7,0.01925189,51,1,1,17,599.731,BBO_CHANGE_STREAM,false
1069,POST_RESOLUTION_DIAGNOSTIC,,,,0,0,0,0,,DEPTH_SNAPSHOT_STREAM,false
1070,PRE_ELECTION,,172.0,,0,0,0,466,,DEPTH_SNAPSHOT_STREAM,false
1070,ELECTION_DAY_PRE_RESULTS,,14.3,,0,0,0,175,,DEPTH_SNAPSHOT_STREAM,false
1070,ACTIVE_RESULTS,,6.0,,0,0,0,126,,DEPTH_SNAPSHOT_STREAM,false
1070,LATE_COUNT,,47.7,,0,0,0,0,,DEPTH_SNAPSHOT_STREAM,false
1070,POST_RESOLUTION_DIAGNOSTIC,,,,0,0,0,0,,DEPTH_SNAPSHOT_STREAM,false
1071,PRE_ELECTION,,172.0,,0,0,0,506,,DEPTH_SNAPSHOT_STREAM,false
1071,ELECTION_DAY_PRE_RESULTS,,14.3,,0,0,0,256,,DEPTH_SNAPSHOT_STREAM,false
1071,ACTIVE_RESULTS,,6.0,,0,0,0,66,,DEPTH_SNAPSHOT_STREAM,false
1071,LATE_COUNT,,47.7,,0,0,0,0,,DEPTH_SNAPSHOT_STREAM,false
1071,POST_RESOLUTION_DIAGNOSTIC,,,,0,0,0,0,,DEPTH_SNAPSHOT_STREAM,false
1072,PRE_ELECTION,,172.0,,0,0,0,6,,DEPTH_SNAPSHOT_STREAM,false
1072,ELECTION_DAY_PRE_RESULTS,,14.3,,0,0,0,0,,DEPTH_SNAPSHOT_STREAM,false
1072,ACTIVE_RESULTS,,6.0,,0,0,0,0,,DEPTH_SNAPSHOT_STREAM,false
1072,LATE_COUNT,,47.7,,0,0,0,0,,DEPTH_SNAPSHOT_STREAM,false
1072,POST_RESOLUTION_DIAGNOSTIC,,,,0,0,0,0,,DEPTH_SNAPSHOT_STREAM,false
1073,PRE_ELECTION,,172.0,,0,0,0,22,,DEPTH_SNAPSHOT_STREAM,false
1073,ELECTION_DAY_PRE_RESULTS,,14.3,,0,0,0,0,,DEPTH_SNAPSHOT_STREAM,false
1073,ACTIVE_RESULTS,,6.0,,0,0,0,0,,DEPTH_SNAPSHOT_STREAM,false
1073,LATE_COUNT,,47.7,,0,0,0,0,,DEPTH_SNAPSHOT_STREAM,false
1073,POST_RESOLUTION_DIAGNOSTIC,,,,0,0,0,0,,DEPTH_SNAPSHOT_STREAM,false
1074,PRE_ELECTION,,172.0,,0,0,0,18,,DEPTH_SNAPSHOT_STREAM,false
1074,ELECTION_DAY_PRE_RESULTS,,14.3,,0,0,0,0,,DEPTH_SNAPSHOT_STREAM,false
1074,ACTIVE_RESULTS,,6.0,,0,0,0,0,,DEPTH_SNAPSHOT_STREAM,false
1074,LATE_COUNT,,47.7,,0,0,0,0,,DEPTH_SNAPSHOT_STREAM,false
1074,POST_RESOLUTION_DIAGNOSTIC,,,,0,0,0,0,,DEPTH_SNAPSHOT_STREAM,false
1075,PRE_ELECTION,,172.0,,0,0,0,34,,DEPTH_SNAPSHOT_STREAM,false
1075,ELECTION_DAY_PRE_RESULTS,,14.3,,0,0,0,0,,DEPTH_SNAPSHOT_STREAM,false
1075,ACTIVE_RESULTS,,6.0,,0,0,0,0,,DEPTH_SNAPSHOT_STREAM,false
1075,LATE_COUNT,,47.7,,0,0,0,0,,DEPTH_SNAPSHOT_STREAM,false
1075,POST_RESOLUTION_DIAGNOSTIC,,,,0,0,0,0,,DEPTH_SNAPSHOT_STREAM,false
1076,PRE_ELECTION,,172.0,,0,0,0,0,,DEPTH_SNAPSHOT_STREAM,false
1076,ELECTION_DAY_PRE_RESULTS,,14.3,,0,0,0,0,,DEPTH_SNAPSHOT_STREAM,false
1076,ACTIVE_RESULTS,,6.0,,0,0,0,0,,DEPTH_SNAPSHOT_STREAM,false
1076,LATE_COUNT,,47.7,,0,0,0,0,,DEPTH_SNAPSHOT_STREAM,false
1076,POST_RESOLUTION_DIAGNOSTIC,,,,0,0,0,0,,DEPTH_SNAPSHOT_STREAM,false
1077,PRE_ELECTION,,172.0,,0,0,0,0,,DEPTH_SNAPSHOT_STREAM,false
1077,ELECTION_DAY_PRE_RESULTS,,14.3,,0,0,0,0,,DEPTH_SNAPSHOT_STREAM,false
1077,ACTIVE_RESULTS,,6.0,,0,0,0,0,,DEPTH_SNAPSHOT_STREAM,false
1077,LATE_COUNT,,47.7,,0,0,0,0,,DEPTH_SNAPSHOT_STREAM,false
1077,POST_RESOLUTION_DIAGNOSTIC,,,,0,0,0,0,,DEPTH_SNAPSHOT_STREAM,false
1078,PRE_ELECTION,,172.0,,0,0,0,513,,DEPTH_SNAPSHOT_STREAM,false
1078,ELECTION_DAY_PRE_RESULTS,,14.3,,0,0,0,137,,DEPTH_SNAPSHOT_STREAM,false
1078,ACTIVE_RESULTS,,6.0,,0,0,0,95,,DEPTH_SNAPSHOT_STREAM,false
1078,LATE_COUNT,,47.7,,0,0,0,0,,DEPTH_SNAPSHOT_STREAM,false
1078,POST_RESOLUTION_DIAGNOSTIC,,,,0,0,0,0,,DEPTH_SNAPSHOT_STREAM,false
1079,PRE_ELECTION,,172.0,,0,0,0,366,,DEPTH_SNAPSHOT_STREAM,false
1079,ELECTION_DAY_PRE_RESULTS,,14.3,,0,0,0,181,,DEPTH_SNAPSHOT_STREAM,false
1079,ACTIVE_RESULTS,,6.0,,0,0,0,54,,DEPTH_SNAPSHOT_STREAM,false
1079,LATE_COUNT,,47.7,,0,0,0,0,,DEPTH_SNAPSHOT_STREAM,false
1079,POST_RESOLUTION_DIAGNOSTIC,,,,0,0,0,0,,DEPTH_SNAPSHOT_STREAM,false
1080,PRE_ELECTION,,172.0,,0,0,0,0,,DEPTH_SNAPSHOT_STREAM,false
1080,ELECTION_DAY_PRE_RESULTS,,14.3,,0,0,0,0,,DEPTH_SNAPSHOT_STREAM,false
1080,ACTIVE_RESULTS,,6.0,,0,0,0,0,,DEPTH_SNAPSHOT_STREAM,false
1080,LATE_COUNT,,47.7,,0,0,0,0,,DEPTH_SNAPSHOT_STREAM,false
1080,POST_RESOLUTION_DIAGNOSTIC,,,,0,0,0,0,,DEPTH_SNAPSHOT_STREAM,false
1081,PRE_ELECTION,,172.0,,0,0,0,0,,DEPTH_SNAPSHOT_STREAM,false
1081,ELECTION_DAY_PRE_RESULTS,,14.3,,0,0,0,0,,DEPTH_SNAPSHOT_STREAM,false
1081,ACTIVE_RESULTS,,6.0,,0,0,0,0,,DEPTH_SNAPSHOT_STREAM,false
1081,LATE_COUNT,,47.7,,0,0,0,0,,DEPTH_SNAPSHOT_STREAM,false
1081,POST_RESOLUTION_DIAGNOSTIC,,,,0,0,0,0,,DEPTH_SNAPSHOT_STREAM,false
1082,PRE_ELECTION,,172.0,,0,0,0,0,,DEPTH_SNAPSHOT_STREAM,false
1082,ELECTION_DAY_PRE_RESULTS,,14.3,,0,0,0,0,,DEPTH_SNAPSHOT_STREAM,false
1082,ACTIVE_RESULTS,,6.0,,0,0,0,0,,DEPTH_SNAPSHOT_STREAM,false
1082,LATE_COUNT,,47.7,,0,0,0,0,,DEPTH_SNAPSHOT_STREAM,false
1082,POST_RESOLUTION_DIAGNOSTIC,,,,0,0,0,0,,DEPTH_SNAPSHOT_STREAM,false
1083,PRE_ELECTION,,172.0,,0,0,0,0,,DEPTH_SNAPSHOT_STREAM,false
1083,ELECTION_DAY_PRE_RESULTS,,14.3,,0,0,0,0,,DEPTH_SNAPSHOT_STREAM,false
1083,ACTIVE_RESULTS,,6.0,,0,0,0,0,,DEPTH_SNAPSHOT_STREAM,false
1083,LATE_COUNT,,47.7,,0,0,0,0,,DEPTH_SNAPSHOT_STREAM,false
1083,POST_RESOLUTION_DIAGNOSTIC,,,,0,0,0,0,,DEPTH_SNAPSHOT_STREAM,false
1084,PRE_ELECTION,,172.0,,0,0,0,0,,DEPTH_SNAPSHOT_STREAM,false
1084,ELECTION_DAY_PRE_RESULTS,,14.3,,0,0,0,0,,DEPTH_SNAPSHOT_STREAM,false
1084,ACTIVE_RESULTS,,6.0,,0,0,0,0,,DEPTH_SNAPSHOT_STREAM,false
1084,LATE_COUNT,,47.7,,0,0,0,0,,DEPTH_SNAPSHOT_STREAM,false
1084,POST_RESOLUTION_DIAGNOSTIC,,,,0,0,0,0,,DEPTH_SNAPSHOT_STREAM,false
1085,PRE_ELECTION,,172.0,,0,0,0,8,,DEPTH_SNAPSHOT_STREAM,false
1085,ELECTION_DAY_PRE_RESULTS,,14.3,,0,0,0,0,,DEPTH_SNAPSHOT_STREAM,false
1085,ACTIVE_RESULTS,,6.0,,0,0,0,0,,DEPTH_SNAPSHOT_STREAM,false
1085,LATE_COUNT,,47.7,,0,0,0,0,,DEPTH_SNAPSHOT_STREAM,false
1085,POST_RESOLUTION_DIAGNOSTIC,,,,0,0,0,0,,DEPTH_SNAPSHOT_STREAM,false
1086,PRE_ELECTION,,172.0,,0,0,0,19,,DEPTH_SNAPSHOT_STREAM,false
1086,ELECTION_DAY_PRE_RESULTS,,14.3,,0,0,0,11,,DEPTH_SNAPSHOT_STREAM,false
1086,ACTIVE_RESULTS,,6.0,,0,0,0,0,,DEPTH_SNAPSHOT_STREAM,false
1086,LATE_COUNT,,47.7,,0,0,0,0,,DEPTH_SNAPSHOT_STREAM,false
1086,POST_RESOLUTION_DIAGNOSTIC,,,,0,0,0,0,,DEPTH_SNAPSHOT_STREAM,false
1087,PRE_ELECTION,,172.0,,0,0,0,51,,DEPTH_SNAPSHOT_STREAM,false
1087,ELECTION_DAY_PRE_RESULTS,,14.3,,0,0,0,19,,DEPTH_SNAPSHOT_STREAM,false
1087,ACTIVE_RESULTS,,6.0,,0,0,0,0,,DEPTH_SNAPSHOT_STREAM,false
1087,LATE_COUNT,,47.7,,0,0,0,0,,DEPTH_SNAPSHOT_STREAM,false
1087,POST_RESOLUTION_DIAGNOSTIC,,,,0,0,0,0,,DEPTH_SNAPSHOT_STREAM,false
1088,PRE_ELECTION,,172.0,,0,0,0,0,,DEPTH_SNAPSHOT_STREAM,false
1088,ELECTION_DAY_PRE_RESULTS,,14.3,,0,0,0,0,,DEPTH_SNAPSHOT_STREAM,false
1088,ACTIVE_RESULTS,,6.0,,0,0,0,0,,DEPTH_SNAPSHOT_STREAM,false
1088,LATE_COUNT,,47.7,,0,0,0,0,,DEPTH_SNAPSHOT_STREAM,false
1088,POST_RESOLUTION_DIAGNOSTIC,,,,0,0,0,0,,DEPTH_SNAPSHOT_STREAM,false
1089,PRE_ELECTION,,172.0,,0,0,0,0,,DEPTH_SNAPSHOT_STREAM,false
1089,ELECTION_DAY_PRE_RESULTS,,14.3,,0,0,0,0,,DEPTH_SNAPSHOT_STREAM,false
1089,ACTIVE_RESULTS,,6.0,,0,0,0,0,,DEPTH_SNAPSHOT_STREAM,false
1089,LATE_COUNT,,47.7,,0,0,0,0,,DEPTH_SNAPSHOT_STREAM,false
1089,POST_RESOLUTION_DIAGNOSTIC,,,,0,0,0,0,,DEPTH_SNAPSHOT_STREAM,false
1090,PRE_ELECTION,,172.0,,0,0,0,0,,DEPTH_SNAPSHOT_STREAM,false
1090,ELECTION_DAY_PRE_RESULTS,,14.3,,0,0,0,0,,DEPTH_SNAPSHOT_STREAM,false
1090,ACTIVE_RESULTS,,6.0,,0,0,0,0,,DEPTH_SNAPSHOT_STREAM,false
1090,LATE_COUNT,,47.7,,0,0,0,0,,DEPTH_SNAPSHOT_STREAM,false
1090,POST_RESOLUTION_DIAGNOSTIC,,,,0,0,0,0,,DEPTH_SNAPSHOT_STREAM,false
1091,PRE_ELECTION,,172.0,,0,0,0,0,,DEPTH_SNAPSHOT_STREAM,false
1091,ELECTION_DAY_PRE_RESULTS,,14.3,,0,0,0,0,,DEPTH_SNAPSHOT_STREAM,false
1091,ACTIVE_RESULTS,,6.0,,0,0,0,0,,DEPTH_SNAPSHOT_STREAM,false
1091,LATE_COUNT,,47.7,,0,0,0,0,,DEPTH_SNAPSHOT_STREAM,false
1091,POST_RESOLUTION_DIAGNOSTIC,,,,0,0,0,0,,DEPTH_SNAPSHOT_STREAM,false
1092,PRE_ELECTION,,172.0,,0,0,0,0,,DEPTH_SNAPSHOT_STREAM,false
1092,ELECTION_DAY_PRE_RESULTS,,14.3,,0,0,0,0,,DEPTH_SNAPSHOT_STREAM,false
1092,ACTIVE_RESULTS,,6.0,,0,0,0,0,,DEPTH_SNAPSHOT_STREAM,false
1092,LATE_COUNT,,47.7,,0,0,0,0,,DEPTH_SNAPSHOT_STREAM,false
1092,POST_RESOLUTION_DIAGNOSTIC,,,,0,0,0,0,,DEPTH_SNAPSHOT_STREAM,false
1093,PRE_ELECTION,,172.0,,0,0,0,0,,DEPTH_SNAPSHOT_STREAM,false
1093,ELECTION_DAY_PRE_RESULTS,,14.3,,0,0,0,0,,DEPTH_SNAPSHOT_STREAM,false
1093,ACTIVE_RESULTS,,6.0,,0,0,0,0,,DEPTH_SNAPSHOT_STREAM,false
1093,LATE_COUNT,,47.7,,0,0,0,0,,DEPTH_SNAPSHOT_STREAM,false
1093,POST_RESOLUTION_DIAGNOSTIC,,,,0,0,0,0,,DEPTH_SNAPSHOT_STREAM,false
1094,PRE_ELECTION,,172.0,,0,0,0,0,,DEPTH_SNAPSHOT_STREAM,false
1094,ELECTION_DAY_PRE_RESULTS,,14.3,,0,0,0,0,,DEPTH_SNAPSHOT_STREAM,false
1094,ACTIVE_RESULTS,,6.0,,0,0,0,0,,DEPTH_SNAPSHOT_STREAM,false
1094,LATE_COUNT,,47.7,,0,0,0,0,,DEPTH_SNAPSHOT_STREAM,false
1094,POST_RESOLUTION_DIAGNOSTIC,,,,0,0,0,0,,DEPTH_SNAPSHOT_STREAM,false
1095,PRE_ELECTION,,172.0,,0,0,0,0,,DEPTH_SNAPSHOT_STREAM,false
1095,ELECTION_DAY_PRE_RESULTS,,14.3,,0,0,0,0,,DEPTH_SNAPSHOT_STREAM,false
1095,ACTIVE_RESULTS,,6.0,,0,0,0,0,,DEPTH_SNAPSHOT_STREAM,false
1095,LATE_COUNT,,47.7,,0,0,0,0,,DEPTH_SNAPSHOT_STREAM,false
1095,POST_RESOLUTION_DIAGNOSTIC,,,,0,0,0,0,,DEPTH_SNAPSHOT_STREAM,false
1096,PRE_ELECTION,,172.0,,0,0,0,0,,DEPTH_SNAPSHOT_STREAM,false
1096,ELECTION_DAY_PRE_RESULTS,,14.3,,0,0,0,0,,DEPTH_SNAPSHOT_STREAM,false
1096,ACTIVE_RESULTS,,6.0,,0,0,0,0,,DEPTH_SNAPSHOT_STREAM,false
1096,LATE_COUNT,,47.7,,0,0,0,0,,DEPTH_SNAPSHOT_STREAM,false
1096,POST_RESOLUTION_DIAGNOSTIC,,,,0,0,0,0,,DEPTH_SNAPSHOT_STREAM,false
1097,PRE_ELECTION,,172.0,,0,0,0,0,,DEPTH_SNAPSHOT_STREAM,false
1097,ELECTION_DAY_PRE_RESULTS,,14.3,,0,0,0,0,,DEPTH_SNAPSHOT_STREAM,false
1097,ACTIVE_RESULTS,,6.0,,0,0,0,0,,DEPTH_SNAPSHOT_STREAM,false
1097,LATE_COUNT,,47.7,,0,0,0,0,,DEPTH_SNAPSHOT_STREAM,false
1097,POST_RESOLUTION_DIAGNOSTIC,,,,0,0,0,0,,DEPTH_SNAPSHOT_STREAM,false
1098,PRE_ELECTION,,172.0,,0,0,0,0,,DEPTH_SNAPSHOT_STREAM,false
1098,ELECTION_DAY_PRE_RESULTS,,14.3,,0,0,0,0,,DEPTH_SNAPSHOT_STREAM,false
1098,ACTIVE_RESULTS,,6.0,,0,0,0,0,,DEPTH_SNAPSHOT_STREAM,false
1098,LATE_COUNT,,47.7,,0,0,0,0,,DEPTH_SNAPSHOT_STREAM,false
1098,POST_RESOLUTION_DIAGNOSTIC,,,,0,0,0,0,,DEPTH_SNAPSHOT_STREAM,false
1099,PRE_ELECTION,,172.0,,0,0,0,0,,DEPTH_SNAPSHOT_STREAM,false
1099,ELECTION_DAY_PRE_RESULTS,,14.3,,0,0,0,0,,DEPTH_SNAPSHOT_STREAM,false
1099,ACTIVE_RESULTS,,6.0,,0,0,0,0,,DEPTH_SNAPSHOT_STREAM,false
1099,LATE_COUNT,,47.7,,0,0,0,0,,DEPTH_SNAPSHOT_STREAM,false
1099,POST_RESOLUTION_DIAGNOSTIC,,,,0,0,0,0,,DEPTH_SNAPSHOT_STREAM,false
1100,PRE_ELECTION,,172.0,,0,0,0,0,,DEPTH_SNAPSHOT_STREAM,false
1100,ELECTION_DAY_PRE_RESULTS,,14.3,,0,0,0,0,,DEPTH_SNAPSHOT_STREAM,false
1100,ACTIVE_RESULTS,,6.0,,0,0,0,0,,DEPTH_SNAPSHOT_STREAM,false
1100,LATE_COUNT,,47.7,,0,0,0,0,,DEPTH_SNAPSHOT_STREAM,false
1100,POST_RESOLUTION_DIAGNOSTIC,,,,0,0,0,0,,DEPTH_SNAPSHOT_STREAM,false
1101,PRE_ELECTION,,172.0,,0,0,0,0,,DEPTH_SNAPSHOT_STREAM,false
1101,ELECTION_DAY_PRE_RESULTS,,14.3,,0,0,0,0,,DEPTH_SNAPSHOT_STREAM,false
1101,ACTIVE_RESULTS,,6.0,,0,0,0,0,,DEPTH_SNAPSHOT_STREAM,false
1101,LATE_COUNT,,47.7,,0,0,0,0,,DEPTH_SNAPSHOT_STREAM,false
1101,POST_RESOLUTION_DIAGNOSTIC,,,,0,0,0,0,,DEPTH_SNAPSHOT_STREAM,false
1102,PRE_ELECTION,,172.0,,0,0,0,0,,DEPTH_SNAPSHOT_STREAM,false
1102,ELECTION_DAY_PRE_RESULTS,,14.3,,0,0,0,0,,DEPTH_SNAPSHOT_STREAM,false
1102,ACTIVE_RESULTS,,6.0,,0,0,0,0,,DEPTH_SNAPSHOT_STREAM,false
1102,LATE_COUNT,,47.7,,0,0,0,0,,DEPTH_SNAPSHOT_STREAM,false
1102,POST_RESOLUTION_DIAGNOSTIC,,,,0,0,0,0,,DEPTH_SNAPSHOT_STREAM,false
1103,PRE_ELECTION,,172.0,,0,0,0,0,,DEPTH_SNAPSHOT_STREAM,false
1103,ELECTION_DAY_PRE_RESULTS,,14.3,,0,0,0,0,,DEPTH_SNAPSHOT_STREAM,false
1103,ACTIVE_RESULTS,,6.0,,0,0,0,0,,DEPTH_SNAPSHOT_STREAM,false
1103,LATE_COUNT,,47.7,,0,0,0,0,,DEPTH_SNAPSHOT_STREAM,false
1103,POST_RESOLUTION_DIAGNOSTIC,,,,0,0,0,0,,DEPTH_SNAPSHOT_STREAM,false
1104,PRE_ELECTION,,172.0,,0,0,0,0,,DEPTH_SNAPSHOT_STREAM,false
1104,ELECTION_DAY_PRE_RESULTS,,14.3,,0,0,0,0,,DEPTH_SNAPSHOT_STREAM,false
1104,ACTIVE_RESULTS,,6.0,,0,0,0,0,,DEPTH_SNAPSHOT_STREAM,false
1104,LATE_COUNT,,47.7,,0,0,0,0,,DEPTH_SNAPSHOT_STREAM,false
1104,POST_RESOLUTION_DIAGNOSTIC,,,,0,0,0,0,,DEPTH_SNAPSHOT_STREAM,false
1105,PRE_ELECTION,,172.0,,0,0,0,0,,DEPTH_SNAPSHOT_STREAM,false
1105,ELECTION_DAY_PRE_RESULTS,,14.3,,0,0,0,0,,DEPTH_SNAPSHOT_STREAM,false
1105,ACTIVE_RESULTS,,6.0,,0,0,0,0,,DEPTH_SNAPSHOT_STREAM,false
1105,LATE_COUNT,,47.7,,0,0,0,0,,DEPTH_SNAPSHOT_STREAM,false
1105,POST_RESOLUTION_DIAGNOSTIC,,,,0,0,0,0,,DEPTH_SNAPSHOT_STREAM,false
1106,PRE_ELECTION,,172.0,,0,0,0,0,,DEPTH_SNAPSHOT_STREAM,false
1106,ELECTION_DAY_PRE_RESULTS,,14.3,,0,0,0,0,,DEPTH_SNAPSHOT_STREAM,false
1106,ACTIVE_RESULTS,,6.0,,0,0,0,0,,DEPTH_SNAPSHOT_STREAM,false
1106,LATE_COUNT,,47.7,,0,0,0,0,,DEPTH_SNAPSHOT_STREAM,false
1106,POST_RESOLUTION_DIAGNOSTIC,,,,0,0,0,0,,DEPTH_SNAPSHOT_STREAM,false
1107,PRE_ELECTION,,172.0,,0,0,0,0,,DEPTH_SNAPSHOT_STREAM,false
1107,ELECTION_DAY_PRE_RESULTS,,14.3,,0,0,0,0,,DEPTH_SNAPSHOT_STREAM,false
1107,ACTIVE_RESULTS,,6.0,,0,0,0,0,,DEPTH_SNAPSHOT_STREAM,false
1107,LATE_COUNT,,47.7,,0,0,0,0,,DEPTH_SNAPSHOT_STREAM,false
1107,POST_RESOLUTION_DIAGNOSTIC,,,,0,0,0,0,,DEPTH_SNAPSHOT_STREAM,false
1108,PRE_ELECTION,,172.0,,0,0,0,0,,DEPTH_SNAPSHOT_STREAM,false
1108,ELECTION_DAY_PRE_RESULTS,,14.3,,0,0,0,0,,DEPTH_SNAPSHOT_STREAM,false
1108,ACTIVE_RESULTS,,6.0,,0,0,0,0,,DEPTH_SNAPSHOT_STREAM,false
1108,LATE_COUNT,,47.7,,0,0,0,0,,DEPTH_SNAPSHOT_STREAM,false
1108,POST_RESOLUTION_DIAGNOSTIC,,,,0,0,0,0,,DEPTH_SNAPSHOT_STREAM,false
1109,PRE_ELECTION,,172.0,,0,0,0,0,,DEPTH_SNAPSHOT_STREAM,false
1109,ELECTION_DAY_PRE_RESULTS,,14.3,,0,0,0,0,,DEPTH_SNAPSHOT_STREAM,false
1109,ACTIVE_RESULTS,,6.0,,0,0,0,0,,DEPTH_SNAPSHOT_STREAM,false
1109,LATE_COUNT,,47.7,,0,0,0,0,,DEPTH_SNAPSHOT_STREAM,false
1109,POST_RESOLUTION_DIAGNOSTIC,,,,0,0,0,0,,DEPTH_SNAPSHOT_STREAM,false
1110,PRE_ELECTION,,172.0,,0,0,0,0,,DEPTH_SNAPSHOT_STREAM,false
1110,ELECTION_DAY_PRE_RESULTS,,14.3,,0,0,0,0,,DEPTH_SNAPSHOT_STREAM,false
1110,ACTIVE_RESULTS,,6.0,,0,0,0,0,,DEPTH_SNAPSHOT_STREAM,false
1110,LATE_COUNT,,47.7,,0,0,0,0,,DEPTH_SNAPSHOT_STREAM,false
1110,POST_RESOLUTION_DIAGNOSTIC,,,,0,0,0,0,,DEPTH_SNAPSHOT_STREAM,false
1111,PRE_ELECTION,,172.0,,0,0,0,0,,DEPTH_SNAPSHOT_STREAM,false
1111,ELECTION_DAY_PRE_RESULTS,,14.3,,0,0,0,0,,DEPTH_SNAPSHOT_STREAM,false
1111,ACTIVE_RESULTS,,6.0,,0,0,0,0,,DEPTH_SNAPSHOT_STREAM,false
1111,LATE_COUNT,,47.7,,0,0,0,0,,DEPTH_SNAPSHOT_STREAM,false
1111,POST_RESOLUTION_DIAGNOSTIC,,,,0,0,0,0,,DEPTH_SNAPSHOT_STREAM,false
1112,PRE_ELECTION,,172.0,,0,0,0,0,,DEPTH_SNAPSHOT_STREAM,false
1112,ELECTION_DAY_PRE_RESULTS,,14.3,,0,0,0,0,,DEPTH_SNAPSHOT_STREAM,false
1112,ACTIVE_RESULTS,,6.0,,0,0,0,0,,DEPTH_SNAPSHOT_STREAM,false
1112,LATE_COUNT,,47.7,,0,0,0,0,,DEPTH_SNAPSHOT_STREAM,false
1112,POST_RESOLUTION_DIAGNOSTIC,,,,0,0,0,0,,DEPTH_SNAPSHOT_STREAM,false
1113,PRE_ELECTION,,172.0,,0,0,0,0,,DEPTH_SNAPSHOT_STREAM,false
1113,ELECTION_DAY_PRE_RESULTS,,14.3,,0,0,0,0,,DEPTH_SNAPSHOT_STREAM,false
1113,ACTIVE_RESULTS,,6.0,,0,0,0,0,,DEPTH_SNAPSHOT_STREAM,false
1113,LATE_COUNT,,47.7,,0,0,0,0,,DEPTH_SNAPSHOT_STREAM,false
1113,POST_RESOLUTION_DIAGNOSTIC,,,,0,0,0,0,,DEPTH_SNAPSHOT_STREAM,false
1114,PRE_ELECTION,,172.0,,0,0,0,0,,DEPTH_SNAPSHOT_STREAM,false
1114,ELECTION_DAY_PRE_RESULTS,,14.3,,0,0,0,0,,DEPTH_SNAPSHOT_STREAM,false
1114,ACTIVE_RESULTS,,6.0,,0,0,0,0,,DEPTH_SNAPSHOT_STREAM,false
1114,LATE_COUNT,,47.7,,0,0,0,0,,DEPTH_SNAPSHOT_STREAM,false
1114,POST_RESOLUTION_DIAGNOSTIC,,,,0,0,0,0,,DEPTH_SNAPSHOT_STREAM,false
1115,PRE_ELECTION,,172.0,,0,0,0,0,,DEPTH_SNAPSHOT_STREAM,false
1115,ELECTION_DAY_PRE_RESULTS,,14.3,,0,0,0,0,,DEPTH_SNAPSHOT_STREAM,false
1115,ACTIVE_RESULTS,,6.0,,0,0,0,0,,DEPTH_SNAPSHOT_STREAM,false
1115,LATE_COUNT,,47.7,,0,0,0,0,,DEPTH_SNAPSHOT_STREAM,false
1115,POST_RESOLUTION_DIAGNOSTIC,,,,0,0,0,0,,DEPTH_SNAPSHOT_STREAM,false
1116,PRE_ELECTION,,172.0,,0,0,0,0,,DEPTH_SNAPSHOT_STREAM,false
1116,ELECTION_DAY_PRE_RESULTS,,14.3,,0,0,0,0,,DEPTH_SNAPSHOT_STREAM,false
1116,ACTIVE_RESULTS,,6.0,,0,0,0,0,,DEPTH_SNAPSHOT_STREAM,false
1116,LATE_COUNT,,47.7,,0,0,0,0,,DEPTH_SNAPSHOT_STREAM,false
1116,POST_RESOLUTION_DIAGNOSTIC,,,,0,0,0,0,,DEPTH_SNAPSHOT_STREAM,false
1117,PRE_ELECTION,,172.0,,0,0,0,0,,DEPTH_SNAPSHOT_STREAM,false
1117,ELECTION_DAY_PRE_RESULTS,,14.3,,0,0,0,0,,DEPTH_SNAPSHOT_STREAM,false
1117,ACTIVE_RESULTS,,6.0,,0,0,0,0,,DEPTH_SNAPSHOT_STREAM,false
1117,LATE_COUNT,,47.7,,0,0,0,0,,DEPTH_SNAPSHOT_STREAM,false
1117,POST_RESOLUTION_DIAGNOSTIC,,,,0,0,0,0,,DEPTH_SNAPSHOT_STREAM,false
1118,PRE_ELECTION,,172.0,,0,0,0,0,,DEPTH_SNAPSHOT_STREAM,false
1118,ELECTION_DAY_PRE_RESULTS,,14.3,,0,0,0,0,,DEPTH_SNAPSHOT_STREAM,false
1118,ACTIVE_RESULTS,,6.0,,0,0,0,0,,DEPTH_SNAPSHOT_STREAM,false
1118,LATE_COUNT,,47.7,,0,0,0,0,,DEPTH_SNAPSHOT_STREAM,false
1118,POST_RESOLUTION_DIAGNOSTIC,,,,0,0,0,0,,DEPTH_SNAPSHOT_STREAM,false
1119,PRE_ELECTION,,172.0,,0,0,0,0,,DEPTH_SNAPSHOT_STREAM,false
1119,ELECTION_DAY_PRE_RESULTS,,14.3,,0,0,0,0,,DEPTH_SNAPSHOT_STREAM,false
1119,ACTIVE_RESULTS,,6.0,,0,0,0,0,,DEPTH_SNAPSHOT_STREAM,false
1119,LATE_COUNT,,47.7,,0,0,0,0,,DEPTH_SNAPSHOT_STREAM,false
1119,POST_RESOLUTION_DIAGNOSTIC,,,,0,0,0,0,,DEPTH_SNAPSHOT_STREAM,false
1120,PRE_ELECTION,,172.0,,0,0,0,0,,DEPTH_SNAPSHOT_STREAM,false
1120,ELECTION_DAY_PRE_RESULTS,,14.3,,0,0,0,0,,DEPTH_SNAPSHOT_STREAM,false
1120,ACTIVE_RESULTS,,6.0,,0,0,0,0,,DEPTH_SNAPSHOT_STREAM,false
1120,LATE_COUNT,,47.7,,0,0,0,0,,DEPTH_SNAPSHOT_STREAM,false
1120,POST_RESOLUTION_DIAGNOSTIC,,,,0,0,0,0,,DEPTH_SNAPSHOT_STREAM,false
1121,PRE_ELECTION,,172.0,,0,0,0,0,,DEPTH_SNAPSHOT_STREAM,false
1121,ELECTION_DAY_PRE_RESULTS,,14.3,,0,0,0,0,,DEPTH_SNAPSHOT_STREAM,false
1121,ACTIVE_RESULTS,,6.0,,0,0,0,0,,DEPTH_SNAPSHOT_STREAM,false
1121,LATE_COUNT,,47.7,,0,0,0,0,,DEPTH_SNAPSHOT_STREAM,false
1121,POST_RESOLUTION_DIAGNOSTIC,,,,0,0,0,0,,DEPTH_SNAPSHOT_STREAM,false
1122,PRE_ELECTION,,172.0,,0,0,0,0,,DEPTH_SNAPSHOT_STREAM,false
1122,ELECTION_DAY_PRE_RESULTS,,14.3,,0,0,0,0,,DEPTH_SNAPSHOT_STREAM,false
1122,ACTIVE_RESULTS,,6.0,,0,0,0,0,,DEPTH_SNAPSHOT_STREAM,false
1122,LATE_COUNT,,47.7,,0,0,0,0,,DEPTH_SNAPSHOT_STREAM,false
1122,POST_RESOLUTION_DIAGNOSTIC,,,,0,0,0,0,,DEPTH_SNAPSHOT_STREAM,false
1123,PRE_ELECTION,,172.0,,0,0,0,0,,DEPTH_SNAPSHOT_STREAM,false
1123,ELECTION_DAY_PRE_RESULTS,,14.3,,0,0,0,0,,DEPTH_SNAPSHOT_STREAM,false
1123,ACTIVE_RESULTS,,6.0,,0,0,0,0,,DEPTH_SNAPSHOT_STREAM,false
1123,LATE_COUNT,,47.7,,0,0,0,0,,DEPTH_SNAPSHOT_STREAM,false
1123,POST_RESOLUTION_DIAGNOSTIC,,,,0,0,0,0,,DEPTH_SNAPSHOT_STREAM,false
1124,PRE_ELECTION,,172.0,,0,0,0,0,,DEPTH_SNAPSHOT_STREAM,false
1124,ELECTION_DAY_PRE_RESULTS,,14.3,,0,0,0,0,,DEPTH_SNAPSHOT_STREAM,false
1124,ACTIVE_RESULTS,,6.0,,0,0,0,0,,DEPTH_SNAPSHOT_STREAM,false
1124,LATE_COUNT,,47.7,,0,0,0,0,,DEPTH_SNAPSHOT_STREAM,false
1124,POST_RESOLUTION_DIAGNOSTIC,,,,0,0,0,0,,DEPTH_SNAPSHOT_STREAM,false
1125,PRE_ELECTION,,172.0,,0,0,0,0,,DEPTH_SNAPSHOT_STREAM,false
1125,ELECTION_DAY_PRE_RESULTS,,14.3,,0,0,0,0,,DEPTH_SNAPSHOT_STREAM,false
1125,ACTIVE_RESULTS,,6.0,,0,0,0,0,,DEPTH_SNAPSHOT_STREAM,false
1125,LATE_COUNT,,47.7,,0,0,0,0,,DEPTH_SNAPSHOT_STREAM,false
1125,POST_RESOLUTION_DIAGNOSTIC,,,,0,0,0,0,,DEPTH_SNAPSHOT_STREAM,false
1126,PRE_ELECTION,,172.0,,0,0,0,0,,DEPTH_SNAPSHOT_STREAM,false
1126,ELECTION_DAY_PRE_RESULTS,,14.3,,0,0,0,0,,DEPTH_SNAPSHOT_STREAM,false
1126,ACTIVE_RESULTS,,6.0,,0,0,0,0,,DEPTH_SNAPSHOT_STREAM,false
1126,LATE_COUNT,,47.7,,0,0,0,0,,DEPTH_SNAPSHOT_STREAM,false
1126,POST_RESOLUTION_DIAGNOSTIC,,,,0,0,0,0,,DEPTH_SNAPSHOT_STREAM,false
1127,PRE_ELECTION,,172.0,,0,0,0,0,,DEPTH_SNAPSHOT_STREAM,false
1127,ELECTION_DAY_PRE_RESULTS,,14.3,,0,0,0,0,,DEPTH_SNAPSHOT_STREAM,false
1127,ACTIVE_RESULTS,,6.0,,0,0,0,0,,DEPTH_SNAPSHOT_STREAM,false
1127,LATE_COUNT,,47.7,,0,0,0,0,,DEPTH_SNAPSHOT_STREAM,false
1127,POST_RESOLUTION_DIAGNOSTIC,,,,0,0,0,0,,DEPTH_SNAPSHOT_STREAM,false
1128,PRE_ELECTION,,172.0,,0,0,0,0,,DEPTH_SNAPSHOT_STREAM,false
1128,ELECTION_DAY_PRE_RESULTS,,14.3,,0,0,0,0,,DEPTH_SNAPSHOT_STREAM,false
1128,ACTIVE_RESULTS,,6.0,,0,0,0,0,,DEPTH_SNAPSHOT_STREAM,false
1128,LATE_COUNT,,47.7,,0,0,0,0,,DEPTH_SNAPSHOT_STREAM,false
1128,POST_RESOLUTION_DIAGNOSTIC,,,,0,0,0,0,,DEPTH_SNAPSHOT_STREAM,false
1129,PRE_ELECTION,,172.0,,0,0,0,0,,DEPTH_SNAPSHOT_STREAM,false
1129,ELECTION_DAY_PRE_RESULTS,,14.3,,0,0,0,0,,DEPTH_SNAPSHOT_STREAM,false
1129,ACTIVE_RESULTS,,6.0,,0,0,0,0,,DEPTH_SNAPSHOT_STREAM,false
1129,LATE_COUNT,,47.7,,0,0,0,0,,DEPTH_SNAPSHOT_STREAM,false
1129,POST_RESOLUTION_DIAGNOSTIC,,,,0,0,0,0,,DEPTH_SNAPSHOT_STREAM,false
1130,PRE_ELECTION,,172.0,,0,0,0,0,,DEPTH_SNAPSHOT_STREAM,false
1130,ELECTION_DAY_PRE_RESULTS,,14.3,,0,0,0,0,,DEPTH_SNAPSHOT_STREAM,false
1130,ACTIVE_RESULTS,,6.0,,0,0,0,0,,DEPTH_SNAPSHOT_STREAM,false
1130,LATE_COUNT,,47.7,,0,0,0,0,,DEPTH_SNAPSHOT_STREAM,false
1130,POST_RESOLUTION_DIAGNOSTIC,,,,0,0,0,0,,DEPTH_SNAPSHOT_STREAM,false
1131,PRE_ELECTION,,172.0,,0,0,0,0,,DEPTH_SNAPSHOT_STREAM,false
1131,ELECTION_DAY_PRE_RESULTS,,14.3,,0,0,0,0,,DEPTH_SNAPSHOT_STREAM,false
1131,ACTIVE_RESULTS,,6.0,,0,0,0,0,,DEPTH_SNAPSHOT_STREAM,false
1131,LATE_COUNT,,47.7,,0,0,0,0,,DEPTH_SNAPSHOT_STREAM,false
1131,POST_RESOLUTION_DIAGNOSTIC,,,,0,0,0,0,,DEPTH_SNAPSHOT_STREAM,false
1132,PRE_ELECTION,,172.0,,0,0,0,0,,DEPTH_SNAPSHOT_STREAM,false
1132,ELECTION_DAY_PRE_RESULTS,,14.3,,0,0,0,0,,DEPTH_SNAPSHOT_STREAM,false
1132,ACTIVE_RESULTS,,6.0,,0,0,0,0,,DEPTH_SNAPSHOT_STREAM,false
1132,LATE_COUNT,,47.7,,0,0,0,0,,DEPTH_SNAPSHOT_STREAM,false
1132,POST_RESOLUTION_DIAGNOSTIC,,,,0,0,0,0,,DEPTH_SNAPSHOT_STREAM,false
1133,PRE_ELECTION,,172.0,,0,0,0,0,,DEPTH_SNAPSHOT_STREAM,false
1133,ELECTION_DAY_PRE_RESULTS,,14.3,,0,0,0,0,,DEPTH_SNAPSHOT_STREAM,false
1133,ACTIVE_RESULTS,,6.0,,0,0,0,0,,DEPTH_SNAPSHOT_STREAM,false
1133,LATE_COUNT,,47.7,,0,0,0,0,,DEPTH_SNAPSHOT_STREAM,false
1133,POST_RESOLUTION_DIAGNOSTIC,,,,0,0,0,0,,DEPTH_SNAPSHOT_STREAM,false
1134,PRE_ELECTION,,172.0,,0,0,0,0,,DEPTH_SNAPSHOT_STREAM,false
1134,ELECTION_DAY_PRE_RESULTS,,14.3,,0,0,0,0,,DEPTH_SNAPSHOT_STREAM,false
1134,ACTIVE_RESULTS,,6.0,,0,0,0,0,,DEPTH_SNAPSHOT_STREAM,false
1134,LATE_COUNT,,47.7,,0,0,0,0,,DEPTH_SNAPSHOT_STREAM,false
1134,POST_RESOLUTION_DIAGNOSTIC,,,,0,0,0,0,,DEPTH_SNAPSHOT_STREAM,false
1135,PRE_ELECTION,,172.0,,0,0,0,0,,DEPTH_SNAPSHOT_STREAM,false
1135,ELECTION_DAY_PRE_RESULTS,,14.3,,0,0,0,0,,DEPTH_SNAPSHOT_STREAM,false
1135,ACTIVE_RESULTS,,6.0,,0,0,0,0,,DEPTH_SNAPSHOT_STREAM,false
1135,LATE_COUNT,,47.7,,0,0,0,0,,DEPTH_SNAPSHOT_STREAM,false
1135,POST_RESOLUTION_DIAGNOSTIC,,,,0,0,0,0,,DEPTH_SNAPSHOT_STREAM,false
1136,PRE_ELECTION,,172.0,,0,0,0,0,,DEPTH_SNAPSHOT_STREAM,false
1136,ELECTION_DAY_PRE_RESULTS,,14.3,,0,0,0,0,,DEPTH_SNAPSHOT_STREAM,false
1136,ACTIVE_RESULTS,,6.0,,0,0,0,0,,DEPTH_SNAPSHOT_STREAM,false
1136,LATE_COUNT,,47.7,,0,0,0,0,,DEPTH_SNAPSHOT_STREAM,false
1136,POST_RESOLUTION_DIAGNOSTIC,,,,0,0,0,0,,DEPTH_SNAPSHOT_STREAM,false
1137,PRE_ELECTION,,172.0,,0,0,0,0,,DEPTH_SNAPSHOT_STREAM,false
1137,ELECTION_DAY_PRE_RESULTS,,14.3,,0,0,0,0,,DEPTH_SNAPSHOT_STREAM,false
1137,ACTIVE_RESULTS,,6.0,,0,0,0,0,,DEPTH_SNAPSHOT_STREAM,false
1137,LATE_COUNT,,47.7,,0,0,0,0,,DEPTH_SNAPSHOT_STREAM,false
1137,POST_RESOLUTION_DIAGNOSTIC,,,,0,0,0,0,,DEPTH_SNAPSHOT_STREAM,false
1138,PRE_ELECTION,,172.0,,0,0,0,0,,DEPTH_SNAPSHOT_STREAM,false
1138,ELECTION_DAY_PRE_RESULTS,,14.3,,0,0,0,0,,DEPTH_SNAPSHOT_STREAM,false
1138,ACTIVE_RESULTS,,6.0,,0,0,0,0,,DEPTH_SNAPSHOT_STREAM,false
1138,LATE_COUNT,,47.7,,0,0,0,0,,DEPTH_SNAPSHOT_STREAM,false
1138,POST_RESOLUTION_DIAGNOSTIC,,,,0,0,0,0,,DEPTH_SNAPSHOT_STREAM,false
1139,PRE_ELECTION,,172.0,,0,0,0,0,,DEPTH_SNAPSHOT_STREAM,false
1139,ELECTION_DAY_PRE_RESULTS,,14.3,,0,0,0,0,,DEPTH_SNAPSHOT_STREAM,false
1139,ACTIVE_RESULTS,,6.0,,0,0,0,0,,DEPTH_SNAPSHOT_STREAM,false
1139,LATE_COUNT,,47.7,,0,0,0,0,,DEPTH_SNAPSHOT_STREAM,false
1139,POST_RESOLUTION_DIAGNOSTIC,,,,0,0,0,0,,DEPTH_SNAPSHOT_STREAM,false
1140,PRE_ELECTION,,172.0,,0,0,0,0,,DEPTH_SNAPSHOT_STREAM,false
1140,ELECTION_DAY_PRE_RESULTS,,14.3,,0,0,0,0,,DEPTH_SNAPSHOT_STREAM,false
1140,ACTIVE_RESULTS,,6.0,,0,0,0,0,,DEPTH_SNAPSHOT_STREAM,false
1140,LATE_COUNT,,47.7,,0,0,0,0,,DEPTH_SNAPSHOT_STREAM,false
1140,POST_RESOLUTION_DIAGNOSTIC,,,,0,0,0,0,,DEPTH_SNAPSHOT_STREAM,false
1141,PRE_ELECTION,,172.0,,0,0,0,0,,DEPTH_SNAPSHOT_STREAM,false
1141,ELECTION_DAY_PRE_RESULTS,,14.3,,0,0,0,0,,DEPTH_SNAPSHOT_STREAM,false
1141,ACTIVE_RESULTS,,6.0,,0,0,0,0,,DEPTH_SNAPSHOT_STREAM,false
1141,LATE_COUNT,,47.7,,0,0,0,0,,DEPTH_SNAPSHOT_STREAM,false
1141,POST_RESOLUTION_DIAGNOSTIC,,,,0,0,0,0,,DEPTH_SNAPSHOT_STREAM,false
1142,PRE_ELECTION,,172.0,,0,0,0,30,,DEPTH_SNAPSHOT_STREAM,false
1142,ELECTION_DAY_PRE_RESULTS,,14.3,,0,0,0,2,,DEPTH_SNAPSHOT_STREAM,false
1142,ACTIVE_RESULTS,,6.0,,0,0,0,0,,DEPTH_SNAPSHOT_STREAM,false
1142,LATE_COUNT,,47.7,,0,0,0,0,,DEPTH_SNAPSHOT_STREAM,false
1142,POST_RESOLUTION_DIAGNOSTIC,,,,0,0,0,0,,DEPTH_SNAPSHOT_STREAM,false
1143,PRE_ELECTION,,172.0,,0,0,0,73,,DEPTH_SNAPSHOT_STREAM,false
1143,ELECTION_DAY_PRE_RESULTS,,14.3,,0,0,0,9,,DEPTH_SNAPSHOT_STREAM,false
1143,ACTIVE_RESULTS,,6.0,,0,0,0,0,,DEPTH_SNAPSHOT_STREAM,false
1143,LATE_COUNT,,47.7,,0,0,0,0,,DEPTH_SNAPSHOT_STREAM,false
1143,POST_RESOLUTION_DIAGNOSTIC,,,,0,0,0,0,,DEPTH_SNAPSHOT_STREAM,false
1144,PRE_ELECTION,,172.0,,0,0,0,133,,DEPTH_SNAPSHOT_STREAM,false
1144,ELECTION_DAY_PRE_RESULTS,,14.3,,0,0,0,11,,DEPTH_SNAPSHOT_STREAM,false
1144,ACTIVE_RESULTS,,6.0,,0,0,0,7,,DEPTH_SNAPSHOT_STREAM,false
1144,LATE_COUNT,,47.7,,0,0,0,0,,DEPTH_SNAPSHOT_STREAM,false
1144,POST_RESOLUTION_DIAGNOSTIC,,,,0,0,0,0,,DEPTH_SNAPSHOT_STREAM,false
1145,PRE_ELECTION,,172.0,,0,0,0,63,,DEPTH_SNAPSHOT_STREAM,false
1145,ELECTION_DAY_PRE_RESULTS,,14.3,,0,0,0,4,,DEPTH_SNAPSHOT_STREAM,false
1145,ACTIVE_RESULTS,,6.0,,0,0,0,7,,DEPTH_SNAPSHOT_STREAM,false
1145,LATE_COUNT,,47.7,,0,0,0,0,,DEPTH_SNAPSHOT_STREAM,false
1145,POST_RESOLUTION_DIAGNOSTIC,,,,0,0,0,0,,DEPTH_SNAPSHOT_STREAM,false
1146,PRE_ELECTION,,172.0,,0,0,0,95,,DEPTH_SNAPSHOT_STREAM,false
1146,ELECTION_DAY_PRE_RESULTS,,14.3,,0,0,0,0,,DEPTH_SNAPSHOT_STREAM,false
1146,ACTIVE_RESULTS,,6.0,,0,0,0,0,,DEPTH_SNAPSHOT_STREAM,false
1146,LATE_COUNT,,47.7,,0,0,0,0,,DEPTH_SNAPSHOT_STREAM,false
1146,POST_RESOLUTION_DIAGNOSTIC,,,,0,0,0,0,,DEPTH_SNAPSHOT_STREAM,false
1147,PRE_ELECTION,,172.0,,0,0,0,36,,DEPTH_SNAPSHOT_STREAM,false
1147,ELECTION_DAY_PRE_RESULTS,,14.3,,0,0,0,0,,DEPTH_SNAPSHOT_STREAM,false
1147,ACTIVE_RESULTS,,6.0,,0,0,0,0,,DEPTH_SNAPSHOT_STREAM,false
1147,LATE_COUNT,,47.7,,0,0,0,0,,DEPTH_SNAPSHOT_STREAM,false
1147,POST_RESOLUTION_DIAGNOSTIC,,,,0,0,0,0,,DEPTH_SNAPSHOT_STREAM,false
1148,PRE_ELECTION,,172.0,,0,0,0,43,,DEPTH_SNAPSHOT_STREAM,false
1148,ELECTION_DAY_PRE_RESULTS,,14.3,,0,0,0,0,,DEPTH_SNAPSHOT_STREAM,false
1148,ACTIVE_RESULTS,,6.0,,0,0,0,0,,DEPTH_SNAPSHOT_STREAM,false
1148,LATE_COUNT,,47.7,,0,0,0,0,,DEPTH_SNAPSHOT_STREAM,false
1148,POST_RESOLUTION_DIAGNOSTIC,,,,0,0,0,0,,DEPTH_SNAPSHOT_STREAM,false
1149,PRE_ELECTION,,172.0,,0,0,0,20,,DEPTH_SNAPSHOT_STREAM,false
1149,ELECTION_DAY_PRE_RESULTS,,14.3,,0,0,0,0,,DEPTH_SNAPSHOT_STREAM,false
1149,ACTIVE_RESULTS,,6.0,,0,0,0,0,,DEPTH_SNAPSHOT_STREAM,false
1149,LATE_COUNT,,47.7,,0,0,0,0,,DEPTH_SNAPSHOT_STREAM,false
1149,POST_RESOLUTION_DIAGNOSTIC,,,,0,0,0,0,,DEPTH_SNAPSHOT_STREAM,false
1150,PRE_ELECTION,,172.0,,0,0,0,39,,DEPTH_SNAPSHOT_STREAM,false
1150,ELECTION_DAY_PRE_RESULTS,,14.3,,0,0,0,0,,DEPTH_SNAPSHOT_STREAM,false
1150,ACTIVE_RESULTS,,6.0,,0,0,0,0,,DEPTH_SNAPSHOT_STREAM,false
1150,LATE_COUNT,,47.7,,0,0,0,0,,DEPTH_SNAPSHOT_STREAM,false
1150,POST_RESOLUTION_DIAGNOSTIC,,,,0,0,0,0,,DEPTH_SNAPSHOT_STREAM,false
1151,PRE_ELECTION,,172.0,,0,0,0,16,,DEPTH_SNAPSHOT_STREAM,false
1151,ELECTION_DAY_PRE_RESULTS,,14.3,,0,0,0,0,,DEPTH_SNAPSHOT_STREAM,false
1151,ACTIVE_RESULTS,,6.0,,0,0,0,0,,DEPTH_SNAPSHOT_STREAM,false
1151,LATE_COUNT,,47.7,,0,0,0,0,,DEPTH_SNAPSHOT_STREAM,false
1151,POST_RESOLUTION_DIAGNOSTIC,,,,0,0,0,0,,DEPTH_SNAPSHOT_STREAM,false
1152,PRE_ELECTION,,172.0,,0,0,0,29,,DEPTH_SNAPSHOT_STREAM,false
1152,ELECTION_DAY_PRE_RESULTS,,14.3,,0,0,0,0,,DEPTH_SNAPSHOT_STREAM,false
1152,ACTIVE_RESULTS,,6.0,,0,0,0,0,,DEPTH_SNAPSHOT_STREAM,false
1152,LATE_COUNT,,47.7,,0,0,0,0,,DEPTH_SNAPSHOT_STREAM,false
1152,POST_RESOLUTION_DIAGNOSTIC,,,,0,0,0,0,,DEPTH_SNAPSHOT_STREAM,false
1153,PRE_ELECTION,,172.0,,0,0,0,60,,DEPTH_SNAPSHOT_STREAM,false
1153,ELECTION_DAY_PRE_RESULTS,,14.3,,0,0,0,0,,DEPTH_SNAPSHOT_STREAM,false
1153,ACTIVE_RESULTS,,6.0,,0,0,0,0,,DEPTH_SNAPSHOT_STREAM,false
1153,LATE_COUNT,,47.7,,0,0,0,0,,DEPTH_SNAPSHOT_STREAM,false
1153,POST_RESOLUTION_DIAGNOSTIC,,,,0,0,0,0,,DEPTH_SNAPSHOT_STREAM,false
1154,PRE_ELECTION,,172.0,,0,0,0,11,,DEPTH_SNAPSHOT_STREAM,false
1154,ELECTION_DAY_PRE_RESULTS,,14.3,,0,0,0,0,,DEPTH_SNAPSHOT_STREAM,false
1154,ACTIVE_RESULTS,,6.0,,0,0,0,0,,DEPTH_SNAPSHOT_STREAM,false
1154,LATE_COUNT,,47.7,,0,0,0,0,,DEPTH_SNAPSHOT_STREAM,false
1154,POST_RESOLUTION_DIAGNOSTIC,,,,0,0,0,0,,DEPTH_SNAPSHOT_STREAM,false
1155,PRE_ELECTION,,172.0,,0,0,0,36,,DEPTH_SNAPSHOT_STREAM,false
1155,ELECTION_DAY_PRE_RESULTS,,14.3,,0,0,0,0,,DEPTH_SNAPSHOT_STREAM,false
1155,ACTIVE_RESULTS,,6.0,,0,0,0,0,,DEPTH_SNAPSHOT_STREAM,false
1155,LATE_COUNT,,47.7,,0,0,0,0,,DEPTH_SNAPSHOT_STREAM,false
1155,POST_RESOLUTION_DIAGNOSTIC,,,,0,0,0,0,,DEPTH_SNAPSHOT_STREAM,false
1156,PRE_ELECTION,,172.0,,0,0,0,13,,DEPTH_SNAPSHOT_STREAM,false
1156,ELECTION_DAY_PRE_RESULTS,,14.3,,0,0,0,0,,DEPTH_SNAPSHOT_STREAM,false
1156,ACTIVE_RESULTS,,6.0,,0,0,0,0,,DEPTH_SNAPSHOT_STREAM,false
1156,LATE_COUNT,,47.7,,0,0,0,0,,DEPTH_SNAPSHOT_STREAM,false
1156,POST_RESOLUTION_DIAGNOSTIC,,,,0,0,0,0,,DEPTH_SNAPSHOT_STREAM,false
1157,PRE_ELECTION,,172.0,,0,0,0,1,,DEPTH_SNAPSHOT_STREAM,false
1157,ELECTION_DAY_PRE_RESULTS,,14.3,,0,0,0,0,,DEPTH_SNAPSHOT_STREAM,false
1157,ACTIVE_RESULTS,,6.0,,0,0,0,0,,DEPTH_SNAPSHOT_STREAM,false
1157,LATE_COUNT,,47.7,,0,0,0,0,,DEPTH_SNAPSHOT_STREAM,false
1157,POST_RESOLUTION_DIAGNOSTIC,,,,0,0,0,0,,DEPTH_SNAPSHOT_STREAM,false
1158,PRE_ELECTION,,172.0,,0,0,0,647,,DEPTH_SNAPSHOT_STREAM,false
1158,ELECTION_DAY_PRE_RESULTS,,14.3,,0,0,0,136,,DEPTH_SNAPSHOT_STREAM,false
1158,ACTIVE_RESULTS,,6.0,,0,0,0,113,,DEPTH_SNAPSHOT_STREAM,false
1158,LATE_COUNT,,47.7,,0,0,0,0,,DEPTH_SNAPSHOT_STREAM,false
1158,POST_RESOLUTION_DIAGNOSTIC,,,,0,0,0,0,,DEPTH_SNAPSHOT_STREAM,false
1159,PRE_ELECTION,,172.0,,0,0,0,517,,DEPTH_SNAPSHOT_STREAM,false
1159,ELECTION_DAY_PRE_RESULTS,,14.3,,0,0,0,147,,DEPTH_SNAPSHOT_STREAM,false
1159,ACTIVE_RESULTS,,6.0,,0,0,0,107,,DEPTH_SNAPSHOT_STREAM,false
1159,LATE_COUNT,,47.7,,0,0,0,0,,DEPTH_SNAPSHOT_STREAM,false
1159,POST_RESOLUTION_DIAGNOSTIC,,,,0,0,0,0,,DEPTH_SNAPSHOT_STREAM,false
1160,PRE_ELECTION,,172.0,,0,0,0,0,,DEPTH_SNAPSHOT_STREAM,false
1160,ELECTION_DAY_PRE_RESULTS,,14.3,,0,0,0,0,,DEPTH_SNAPSHOT_STREAM,false
1160,ACTIVE_RESULTS,,6.0,,0,0,0,0,,DEPTH_SNAPSHOT_STREAM,false
1160,LATE_COUNT,,47.7,,0,0,0,0,,DEPTH_SNAPSHOT_STREAM,false
1160,POST_RESOLUTION_DIAGNOSTIC,,,,0,0,0,0,,DEPTH_SNAPSHOT_STREAM,false
1161,PRE_ELECTION,,172.0,,0,0,0,0,,DEPTH_SNAPSHOT_STREAM,false
1161,ELECTION_DAY_PRE_RESULTS,,14.3,,0,0,0,0,,DEPTH_SNAPSHOT_STREAM,false
1161,ACTIVE_RESULTS,,6.0,,0,0,0,0,,DEPTH_SNAPSHOT_STREAM,false
1161,LATE_COUNT,,47.7,,0,0,0,0,,DEPTH_SNAPSHOT_STREAM,false
1161,POST_RESOLUTION_DIAGNOSTIC,,,,0,0,0,0,,DEPTH_SNAPSHOT_STREAM,false
1162,PRE_ELECTION,,172.0,,0,0,0,171,,DEPTH_SNAPSHOT_STREAM,false
1162,ELECTION_DAY_PRE_RESULTS,,14.3,,0,0,0,26,,DEPTH_SNAPSHOT_STREAM,false
1162,ACTIVE_RESULTS,,6.0,,0,0,0,12,,DEPTH_SNAPSHOT_STREAM,false
1162,LATE_COUNT,,47.7,,0,0,0,0,,DEPTH_SNAPSHOT_STREAM,false
1162,POST_RESOLUTION_DIAGNOSTIC,,,,0,0,0,0,,DEPTH_SNAPSHOT_STREAM,false
1163,PRE_ELECTION,,172.0,,0,0,0,99,,DEPTH_SNAPSHOT_STREAM,false
1163,ELECTION_DAY_PRE_RESULTS,,14.3,,0,0,0,9,,DEPTH_SNAPSHOT_STREAM,false
1163,ACTIVE_RESULTS,,6.0,,0,0,0,11,,DEPTH_SNAPSHOT_STREAM,false
1163,LATE_COUNT,,47.7,,0,0,0,0,,DEPTH_SNAPSHOT_STREAM,false
1163,POST_RESOLUTION_DIAGNOSTIC,,,,0,0,0,0,,DEPTH_SNAPSHOT_STREAM,false
1164,PRE_ELECTION,,172.0,,0,0,0,0,,DEPTH_SNAPSHOT_STREAM,false
1164,ELECTION_DAY_PRE_RESULTS,,14.3,,0,0,0,0,,DEPTH_SNAPSHOT_STREAM,false
1164,ACTIVE_RESULTS,,6.0,,0,0,0,0,,DEPTH_SNAPSHOT_STREAM,false
1164,LATE_COUNT,,47.7,,0,0,0,0,,DEPTH_SNAPSHOT_STREAM,false
1164,POST_RESOLUTION_DIAGNOSTIC,,,,0,0,0,0,,DEPTH_SNAPSHOT_STREAM,false
1165,PRE_ELECTION,,172.0,,0,0,0,0,,DEPTH_SNAPSHOT_STREAM,false
1165,ELECTION_DAY_PRE_RESULTS,,14.3,,0,0,0,0,,DEPTH_SNAPSHOT_STREAM,false
1165,ACTIVE_RESULTS,,6.0,,0,0,0,0,,DEPTH_SNAPSHOT_STREAM,false
1165,LATE_COUNT,,47.7,,0,0,0,0,,DEPTH_SNAPSHOT_STREAM,false
1165,POST_RESOLUTION_DIAGNOSTIC,,,,0,0,0,0,,DEPTH_SNAPSHOT_STREAM,false
1166,PRE_ELECTION,,172.0,,0,0,0,0,,DEPTH_SNAPSHOT_STREAM,false
1166,ELECTION_DAY_PRE_RESULTS,,14.3,,0,0,0,0,,DEPTH_SNAPSHOT_STREAM,false
1166,ACTIVE_RESULTS,,6.0,,0,0,0,0,,DEPTH_SNAPSHOT_STREAM,false
1166,LATE_COUNT,,47.7,,0,0,0,0,,DEPTH_SNAPSHOT_STREAM,false
1166,POST_RESOLUTION_DIAGNOSTIC,,,,0,0,0,0,,DEPTH_SNAPSHOT_STREAM,false
1167,PRE_ELECTION,,172.0,,0,0,0,0,,DEPTH_SNAPSHOT_STREAM,false
1167,ELECTION_DAY_PRE_RESULTS,,14.3,,0,0,0,0,,DEPTH_SNAPSHOT_STREAM,false
1167,ACTIVE_RESULTS,,6.0,,0,0,0,0,,DEPTH_SNAPSHOT_STREAM,false
1167,LATE_COUNT,,47.7,,0,0,0,0,,DEPTH_SNAPSHOT_STREAM,false
1167,POST_RESOLUTION_DIAGNOSTIC,,,,0,0,0,0,,DEPTH_SNAPSHOT_STREAM,false
1168,PRE_ELECTION,,172.0,,0,0,0,0,,DEPTH_SNAPSHOT_STREAM,false
1168,ELECTION_DAY_PRE_RESULTS,,14.3,,0,0,0,0,,DEPTH_SNAPSHOT_STREAM,false
1168,ACTIVE_RESULTS,,6.0,,0,0,0,0,,DEPTH_SNAPSHOT_STREAM,false
1168,LATE_COUNT,,47.7,,0,0,0,0,,DEPTH_SNAPSHOT_STREAM,false
1168,POST_RESOLUTION_DIAGNOSTIC,,,,0,0,0,0,,DEPTH_SNAPSHOT_STREAM,false
1169,PRE_ELECTION,,172.0,,0,0,0,0,,DEPTH_SNAPSHOT_STREAM,false
1169,ELECTION_DAY_PRE_RESULTS,,14.3,,0,0,0,0,,DEPTH_SNAPSHOT_STREAM,false
1169,ACTIVE_RESULTS,,6.0,,0,0,0,0,,DEPTH_SNAPSHOT_STREAM,false
1169,LATE_COUNT,,47.7,,0,0,0,0,,DEPTH_SNAPSHOT_STREAM,false
1169,POST_RESOLUTION_DIAGNOSTIC,,,,0,0,0,0,,DEPTH_SNAPSHOT_STREAM,false
1170,PRE_ELECTION,,172.0,,0,0,0,0,,DEPTH_SNAPSHOT_STREAM,false
1170,ELECTION_DAY_PRE_RESULTS,,14.3,,0,0,0,0,,DEPTH_SNAPSHOT_STREAM,false
1170,ACTIVE_RESULTS,,6.0,,0,0,0,0,,DEPTH_SNAPSHOT_STREAM,false
1170,LATE_COUNT,,47.7,,0,0,0,0,,DEPTH_SNAPSHOT_STREAM,false
1170,POST_RESOLUTION_DIAGNOSTIC,,,,0,0,0,0,,DEPTH_SNAPSHOT_STREAM,false
1171,PRE_ELECTION,,172.0,,0,0,0,0,,DEPTH_SNAPSHOT_STREAM,false
1171,ELECTION_DAY_PRE_RESULTS,,14.3,,0,0,0,0,,DEPTH_SNAPSHOT_STREAM,false
1171,ACTIVE_RESULTS,,6.0,,0,0,0,0,,DEPTH_SNAPSHOT_STREAM,false
1171,LATE_COUNT,,47.7,,0,0,0,0,,DEPTH_SNAPSHOT_STREAM,false
1171,POST_RESOLUTION_DIAGNOSTIC,,,,0,0,0,0,,DEPTH_SNAPSHOT_STREAM,false
1172,PRE_ELECTION,,172.0,,0,0,0,0,,DEPTH_SNAPSHOT_STREAM,false
1172,ELECTION_DAY_PRE_RESULTS,,14.3,,0,0,0,0,,DEPTH_SNAPSHOT_STREAM,false
1172,ACTIVE_RESULTS,,6.0,,0,0,0,0,,DEPTH_SNAPSHOT_STREAM,false
1172,LATE_COUNT,,47.7,,0,0,0,0,,DEPTH_SNAPSHOT_STREAM,false
1172,POST_RESOLUTION_DIAGNOSTIC,,,,0,0,0,0,,DEPTH_SNAPSHOT_STREAM,false
1173,PRE_ELECTION,,172.0,,0,0,0,0,,DEPTH_SNAPSHOT_STREAM,false
1173,ELECTION_DAY_PRE_RESULTS,,14.3,,0,0,0,0,,DEPTH_SNAPSHOT_STREAM,false
1173,ACTIVE_RESULTS,,6.0,,0,0,0,0,,DEPTH_SNAPSHOT_STREAM,false
1173,LATE_COUNT,,47.7,,0,0,0,0,,DEPTH_SNAPSHOT_STREAM,false
1173,POST_RESOLUTION_DIAGNOSTIC,,,,0,0,0,0,,DEPTH_SNAPSHOT_STREAM,false
1174,PRE_ELECTION,,172.0,,0,0,0,0,,DEPTH_SNAPSHOT_STREAM,false
1174,ELECTION_DAY_PRE_RESULTS,,14.3,,0,0,0,0,,DEPTH_SNAPSHOT_STREAM,false
1174,ACTIVE_RESULTS,,6.0,,0,0,0,0,,DEPTH_SNAPSHOT_STREAM,false
1174,LATE_COUNT,,47.7,,0,0,0,0,,DEPTH_SNAPSHOT_STREAM,false
1174,POST_RESOLUTION_DIAGNOSTIC,,,,0,0,0,0,,DEPTH_SNAPSHOT_STREAM,false
1175,PRE_ELECTION,,172.0,,0,0,0,0,,DEPTH_SNAPSHOT_STREAM,false
1175,ELECTION_DAY_PRE_RESULTS,,14.3,,0,0,0,0,,DEPTH_SNAPSHOT_STREAM,false
1175,ACTIVE_RESULTS,,6.0,,0,0,0,0,,DEPTH_SNAPSHOT_STREAM,false
1175,LATE_COUNT,,47.7,,0,0,0,0,,DEPTH_SNAPSHOT_STREAM,false
1175,POST_RESOLUTION_DIAGNOSTIC,,,,0,0,0,0,,DEPTH_SNAPSHOT_STREAM,false
1176,PRE_ELECTION,,172.0,,0,0,0,0,,DEPTH_SNAPSHOT_STREAM,false
1176,ELECTION_DAY_PRE_RESULTS,,14.3,,0,0,0,0,,DEPTH_SNAPSHOT_STREAM,false
1176,ACTIVE_RESULTS,,6.0,,0,0,0,0,,DEPTH_SNAPSHOT_STREAM,false
1176,LATE_COUNT,,47.7,,0,0,0,0,,DEPTH_SNAPSHOT_STREAM,false
1176,POST_RESOLUTION_DIAGNOSTIC,,,,0,0,0,0,,DEPTH_SNAPSHOT_STREAM,false
1177,PRE_ELECTION,,172.0,,0,0,0,0,,DEPTH_SNAPSHOT_STREAM,false
1177,ELECTION_DAY_PRE_RESULTS,,14.3,,0,0,0,0,,DEPTH_SNAPSHOT_STREAM,false
1177,ACTIVE_RESULTS,,6.0,,0,0,0,0,,DEPTH_SNAPSHOT_STREAM,false
1177,LATE_COUNT,,47.7,,0,0,0,0,,DEPTH_SNAPSHOT_STREAM,false
1177,POST_RESOLUTION_DIAGNOSTIC,,,,0,0,0,0,,DEPTH_SNAPSHOT_STREAM,false
1178,PRE_ELECTION,,172.0,,0,0,0,0,,DEPTH_SNAPSHOT_STREAM,false
1178,ELECTION_DAY_PRE_RESULTS,,14.3,,0,0,0,0,,DEPTH_SNAPSHOT_STREAM,false
1178,ACTIVE_RESULTS,,6.0,,0,0,0,0,,DEPTH_SNAPSHOT_STREAM,false
1178,LATE_COUNT,,47.7,,0,0,0,0,,DEPTH_SNAPSHOT_STREAM,false
1178,POST_RESOLUTION_DIAGNOSTIC,,,,0,0,0,0,,DEPTH_SNAPSHOT_STREAM,false
1179,PRE_ELECTION,,172.0,,0,0,0,0,,DEPTH_SNAPSHOT_STREAM,false
1179,ELECTION_DAY_PRE_RESULTS,,14.3,,0,0,0,0,,DEPTH_SNAPSHOT_STREAM,false
1179,ACTIVE_RESULTS,,6.0,,0,0,0,0,,DEPTH_SNAPSHOT_STREAM,false
1179,LATE_COUNT,,47.7,,0,0,0,0,,DEPTH_SNAPSHOT_STREAM,false
1179,POST_RESOLUTION_DIAGNOSTIC,,,,0,0,0,0,,DEPTH_SNAPSHOT_STREAM,false
1180,PRE_ELECTION,,172.0,,0,0,0,0,,DEPTH_SNAPSHOT_STREAM,false
1180,ELECTION_DAY_PRE_RESULTS,,14.3,,0,0,0,0,,DEPTH_SNAPSHOT_STREAM,false
1180,ACTIVE_RESULTS,,6.0,,0,0,0,0,,DEPTH_SNAPSHOT_STREAM,false
1180,LATE_COUNT,,47.7,,0,0,0,0,,DEPTH_SNAPSHOT_STREAM,false
1180,POST_RESOLUTION_DIAGNOSTIC,,,,0,0,0,0,,DEPTH_SNAPSHOT_STREAM,false
1181,PRE_ELECTION,,172.0,,0,0,0,0,,DEPTH_SNAPSHOT_STREAM,false
1181,ELECTION_DAY_PRE_RESULTS,,14.3,,0,0,0,0,,DEPTH_SNAPSHOT_STREAM,false
1181,ACTIVE_RESULTS,,6.0,,0,0,0,0,,DEPTH_SNAPSHOT_STREAM,false
1181,LATE_COUNT,,47.7,,0,0,0,0,,DEPTH_SNAPSHOT_STREAM,false
1181,POST_RESOLUTION_DIAGNOSTIC,,,,0,0,0,0,,DEPTH_SNAPSHOT_STREAM,false
1182,PRE_ELECTION,,172.0,,0,0,0,0,,DEPTH_SNAPSHOT_STREAM,false
1182,ELECTION_DAY_PRE_RESULTS,,14.3,,0,0,0,0,,DEPTH_SNAPSHOT_STREAM,false
1182,ACTIVE_RESULTS,,6.0,,0,0,0,0,,DEPTH_SNAPSHOT_STREAM,false
1182,LATE_COUNT,,47.7,,0,0,0,0,,DEPTH_SNAPSHOT_STREAM,false
1182,POST_RESOLUTION_DIAGNOSTIC,,,,0,0,0,0,,DEPTH_SNAPSHOT_STREAM,false
1183,PRE_ELECTION,,172.0,,0,0,0,0,,DEPTH_SNAPSHOT_STREAM,false
1183,ELECTION_DAY_PRE_RESULTS,,14.3,,0,0,0,0,,DEPTH_SNAPSHOT_STREAM,false
1183,ACTIVE_RESULTS,,6.0,,0,0,0,0,,DEPTH_SNAPSHOT_STREAM,false
1183,LATE_COUNT,,47.7,,0,0,0,0,,DEPTH_SNAPSHOT_STREAM,false
1183,POST_RESOLUTION_DIAGNOSTIC,,,,0,0,0,0,,DEPTH_SNAPSHOT_STREAM,false
1184,PRE_ELECTION,,172.0,,0,0,0,0,,DEPTH_SNAPSHOT_STREAM,false
1184,ELECTION_DAY_PRE_RESULTS,,14.3,,0,0,0,0,,DEPTH_SNAPSHOT_STREAM,false
1184,ACTIVE_RESULTS,,6.0,,0,0,0,0,,DEPTH_SNAPSHOT_STREAM,false
1184,LATE_COUNT,,47.7,,0,0,0,0,,DEPTH_SNAPSHOT_STREAM,false
1184,POST_RESOLUTION_DIAGNOSTIC,,,,0,0,0,0,,DEPTH_SNAPSHOT_STREAM,false
1185,PRE_ELECTION,,172.0,,0,0,0,0,,DEPTH_SNAPSHOT_STREAM,false
1185,ELECTION_DAY_PRE_RESULTS,,14.3,,0,0,0,0,,DEPTH_SNAPSHOT_STREAM,false
1185,ACTIVE_RESULTS,,6.0,,0,0,0,0,,DEPTH_SNAPSHOT_STREAM,false
1185,LATE_COUNT,,47.7,,0,0,0,0,,DEPTH_SNAPSHOT_STREAM,false
1185,POST_RESOLUTION_DIAGNOSTIC,,,,0,0,0,0,,DEPTH_SNAPSHOT_STREAM,false
1186,PRE_ELECTION,,172.0,,0,0,0,0,,DEPTH_SNAPSHOT_STREAM,false
1186,ELECTION_DAY_PRE_RESULTS,,14.3,,0,0,0,0,,DEPTH_SNAPSHOT_STREAM,false
1186,ACTIVE_RESULTS,,6.0,,0,0,0,0,,DEPTH_SNAPSHOT_STREAM,false
1186,LATE_COUNT,,47.7,,0,0,0,0,,DEPTH_SNAPSHOT_STREAM,false
1186,POST_RESOLUTION_DIAGNOSTIC,,,,0,0,0,0,,DEPTH_SNAPSHOT_STREAM,false
1187,PRE_ELECTION,,172.0,,0,0,0,0,,DEPTH_SNAPSHOT_STREAM,false
1187,ELECTION_DAY_PRE_RESULTS,,14.3,,0,0,0,0,,DEPTH_SNAPSHOT_STREAM,false
1187,ACTIVE_RESULTS,,6.0,,0,0,0,0,,DEPTH_SNAPSHOT_STREAM,false
1187,LATE_COUNT,,47.7,,0,0,0,0,,DEPTH_SNAPSHOT_STREAM,false
1187,POST_RESOLUTION_DIAGNOSTIC,,,,0,0,0,0,,DEPTH_SNAPSHOT_STREAM,false
1188,PRE_ELECTION,,172.0,,0,0,0,0,,DEPTH_SNAPSHOT_STREAM,false
1188,ELECTION_DAY_PRE_RESULTS,,14.3,,0,0,0,0,,DEPTH_SNAPSHOT_STREAM,false
1188,ACTIVE_RESULTS,,6.0,,0,0,0,0,,DEPTH_SNAPSHOT_STREAM,false
1188,LATE_COUNT,,47.7,,0,0,0,0,,DEPTH_SNAPSHOT_STREAM,false
1188,POST_RESOLUTION_DIAGNOSTIC,,,,0,0,0,0,,DEPTH_SNAPSHOT_STREAM,false
1189,PRE_ELECTION,,172.0,,0,0,0,0,,DEPTH_SNAPSHOT_STREAM,false
1189,ELECTION_DAY_PRE_RESULTS,,14.3,,0,0,0,0,,DEPTH_SNAPSHOT_STREAM,false
1189,ACTIVE_RESULTS,,6.0,,0,0,0,0,,DEPTH_SNAPSHOT_STREAM,false
1189,LATE_COUNT,,47.7,,0,0,0,0,,DEPTH_SNAPSHOT_STREAM,false
1189,POST_RESOLUTION_DIAGNOSTIC,,,,0,0,0,0,,DEPTH_SNAPSHOT_STREAM,false
1190,PRE_ELECTION,,172.0,,0,0,0,0,,DEPTH_SNAPSHOT_STREAM,false
1190,ELECTION_DAY_PRE_RESULTS,,14.3,,0,0,0,0,,DEPTH_SNAPSHOT_STREAM,false
1190,ACTIVE_RESULTS,,6.0,,0,0,0,0,,DEPTH_SNAPSHOT_STREAM,false
1190,LATE_COUNT,,47.7,,0,0,0,0,,DEPTH_SNAPSHOT_STREAM,false
1190,POST_RESOLUTION_DIAGNOSTIC,,,,0,0,0,0,,DEPTH_SNAPSHOT_STREAM,false
1191,PRE_ELECTION,,172.0,,0,0,0,0,,DEPTH_SNAPSHOT_STREAM,false
1191,ELECTION_DAY_PRE_RESULTS,,14.3,,0,0,0,0,,DEPTH_SNAPSHOT_STREAM,false
1191,ACTIVE_RESULTS,,6.0,,0,0,0,0,,DEPTH_SNAPSHOT_STREAM,false
1191,LATE_COUNT,,47.7,,0,0,0,0,,DEPTH_SNAPSHOT_STREAM,false
1191,POST_RESOLUTION_DIAGNOSTIC,,,,0,0,0,0,,DEPTH_SNAPSHOT_STREAM,false
1192,PRE_ELECTION,,172.0,,0,0,0,0,,DEPTH_SNAPSHOT_STREAM,false
1192,ELECTION_DAY_PRE_RESULTS,,14.3,,0,0,0,0,,DEPTH_SNAPSHOT_STREAM,false
1192,ACTIVE_RESULTS,,6.0,,0,0,0,0,,DEPTH_SNAPSHOT_STREAM,false
1192,LATE_COUNT,,47.7,,0,0,0,0,,DEPTH_SNAPSHOT_STREAM,false
1192,POST_RESOLUTION_DIAGNOSTIC,,,,0,0,0,0,,DEPTH_SNAPSHOT_STREAM,false
1193,PRE_ELECTION,,172.0,,0,0,0,0,,DEPTH_SNAPSHOT_STREAM,false
1193,ELECTION_DAY_PRE_RESULTS,,14.3,,0,0,0,0,,DEPTH_SNAPSHOT_STREAM,false
1193,ACTIVE_RESULTS,,6.0,,0,0,0,0,,DEPTH_SNAPSHOT_STREAM,false
1193,LATE_COUNT,,47.7,,0,0,0,0,,DEPTH_SNAPSHOT_STREAM,false
1193,POST_RESOLUTION_DIAGNOSTIC,,,,0,0,0,0,,DEPTH_SNAPSHOT_STREAM,false
1194,PRE_ELECTION,,172.0,,0,0,0,0,,DEPTH_SNAPSHOT_STREAM,false
1194,ELECTION_DAY_PRE_RESULTS,,14.3,,0,0,0,0,,DEPTH_SNAPSHOT_STREAM,false
1194,ACTIVE_RESULTS,,6.0,,0,0,0,0,,DEPTH_SNAPSHOT_STREAM,false
1194,LATE_COUNT,,47.7,,0,0,0,0,,DEPTH_SNAPSHOT_STREAM,false
1194,POST_RESOLUTION_DIAGNOSTIC,,,,0,0,0,0,,DEPTH_SNAPSHOT_STREAM,false
1195,PRE_ELECTION,,172.0,,0,0,0,0,,DEPTH_SNAPSHOT_STREAM,false
1195,ELECTION_DAY_PRE_RESULTS,,14.3,,0,0,0,0,,DEPTH_SNAPSHOT_STREAM,false
1195,ACTIVE_RESULTS,,6.0,,0,0,0,0,,DEPTH_SNAPSHOT_STREAM,false
1195,LATE_COUNT,,47.7,,0,0,0,0,,DEPTH_SNAPSHOT_STREAM,false
1195,POST_RESOLUTION_DIAGNOSTIC,,,,0,0,0,0,,DEPTH_SNAPSHOT_STREAM,false
1196,PRE_ELECTION,,172.0,,0,0,0,0,,DEPTH_SNAPSHOT_STREAM,false
1196,ELECTION_DAY_PRE_RESULTS,,14.3,,0,0,0,0,,DEPTH_SNAPSHOT_STREAM,false
1196,ACTIVE_RESULTS,,6.0,,0,0,0,0,,DEPTH_SNAPSHOT_STREAM,false
1196,LATE_COUNT,,47.7,,0,0,0,0,,DEPTH_SNAPSHOT_STREAM,false
1196,POST_RESOLUTION_DIAGNOSTIC,,,,0,0,0,0,,DEPTH_SNAPSHOT_STREAM,false
1197,PRE_ELECTION,,172.0,,0,0,0,0,,DEPTH_SNAPSHOT_STREAM,false
1197,ELECTION_DAY_PRE_RESULTS,,14.3,,0,0,0,0,,DEPTH_SNAPSHOT_STREAM,false
1197,ACTIVE_RESULTS,,6.0,,0,0,0,0,,DEPTH_SNAPSHOT_STREAM,false
1197,LATE_COUNT,,47.7,,0,0,0,0,,DEPTH_SNAPSHOT_STREAM,false
1197,POST_RESOLUTION_DIAGNOSTIC,,,,0,0,0,0,,DEPTH_SNAPSHOT_STREAM,false
1198,PRE_ELECTION,,172.0,,0,0,0,0,,DEPTH_SNAPSHOT_STREAM,false
1198,ELECTION_DAY_PRE_RESULTS,,14.3,,0,0,0,0,,DEPTH_SNAPSHOT_STREAM,false
1198,ACTIVE_RESULTS,,6.0,,0,0,0,0,,DEPTH_SNAPSHOT_STREAM,false
1198,LATE_COUNT,,47.7,,0,0,0,0,,DEPTH_SNAPSHOT_STREAM,false
1198,POST_RESOLUTION_DIAGNOSTIC,,,,0,0,0,0,,DEPTH_SNAPSHOT_STREAM,false
1199,PRE_ELECTION,,172.0,,0,0,0,0,,DEPTH_SNAPSHOT_STREAM,false
1199,ELECTION_DAY_PRE_RESULTS,,14.3,,0,0,0,0,,DEPTH_SNAPSHOT_STREAM,false
1199,ACTIVE_RESULTS,,6.0,,0,0,0,0,,DEPTH_SNAPSHOT_STREAM,false
1199,LATE_COUNT,,47.7,,0,0,0,0,,DEPTH_SNAPSHOT_STREAM,false
1199,POST_RESOLUTION_DIAGNOSTIC,,,,0,0,0,0,,DEPTH_SNAPSHOT_STREAM,false
1200,PRE_ELECTION,,172.0,,0,0,0,0,,DEPTH_SNAPSHOT_STREAM,false
1200,ELECTION_DAY_PRE_RESULTS,,14.3,,0,0,0,0,,DEPTH_SNAPSHOT_STREAM,false
1200,ACTIVE_RESULTS,,6.0,,0,0,0,0,,DEPTH_SNAPSHOT_STREAM,false
1200,LATE_COUNT,,47.7,,0,0,0,0,,DEPTH_SNAPSHOT_STREAM,false
1200,POST_RESOLUTION_DIAGNOSTIC,,,,0,0,0,0,,DEPTH_SNAPSHOT_STREAM,false
1201,PRE_ELECTION,,172.0,,0,0,0,0,,DEPTH_SNAPSHOT_STREAM,false
1201,ELECTION_DAY_PRE_RESULTS,,14.3,,0,0,0,0,,DEPTH_SNAPSHOT_STREAM,false
1201,ACTIVE_RESULTS,,6.0,,0,0,0,0,,DEPTH_SNAPSHOT_STREAM,false
1201,LATE_COUNT,,47.7,,0,0,0,0,,DEPTH_SNAPSHOT_STREAM,false
1201,POST_RESOLUTION_DIAGNOSTIC,,,,0,0,0,0,,DEPTH_SNAPSHOT_STREAM,false
1202,PRE_ELECTION,,172.0,,0,0,0,0,,DEPTH_SNAPSHOT_STREAM,false
1202,ELECTION_DAY_PRE_RESULTS,,14.3,,0,0,0,0,,DEPTH_SNAPSHOT_STREAM,false
1202,ACTIVE_RESULTS,,6.0,,0,0,0,0,,DEPTH_SNAPSHOT_STREAM,false
1202,LATE_COUNT,,47.7,,0,0,0,0,,DEPTH_SNAPSHOT_STREAM,false
1202,POST_RESOLUTION_DIAGNOSTIC,,,,0,0,0,0,,DEPTH_SNAPSHOT_STREAM,false
1203,PRE_ELECTION,,172.0,,0,0,0,0,,DEPTH_SNAPSHOT_STREAM,false
1203,ELECTION_DAY_PRE_RESULTS,,14.3,,0,0,0,0,,DEPTH_SNAPSHOT_STREAM,false
1203,ACTIVE_RESULTS,,6.0,,0,0,0,0,,DEPTH_SNAPSHOT_STREAM,false
1203,LATE_COUNT,,47.7,,0,0,0,0,,DEPTH_SNAPSHOT_STREAM,false
1203,POST_RESOLUTION_DIAGNOSTIC,,,,0,0,0,0,,DEPTH_SNAPSHOT_STREAM,false
1204,PRE_ELECTION,,172.0,,0,0,0,0,,DEPTH_SNAPSHOT_STREAM,false
1204,ELECTION_DAY_PRE_RESULTS,,14.3,,0,0,0,0,,DEPTH_SNAPSHOT_STREAM,false
1204,ACTIVE_RESULTS,,6.0,,0,0,0,0,,DEPTH_SNAPSHOT_STREAM,false
1204,LATE_COUNT,,47.7,,0,0,0,0,,DEPTH_SNAPSHOT_STREAM,false
1204,POST_RESOLUTION_DIAGNOSTIC,,,,0,0,0,0,,DEPTH_SNAPSHOT_STREAM,false
1205,PRE_ELECTION,,172.0,,0,0,0,0,,DEPTH_SNAPSHOT_STREAM,false
1205,ELECTION_DAY_PRE_RESULTS,,14.3,,0,0,0,0,,DEPTH_SNAPSHOT_STREAM,false
1205,ACTIVE_RESULTS,,6.0,,0,0,0,0,,DEPTH_SNAPSHOT_STREAM,false
1205,LATE_COUNT,,47.7,,0,0,0,0,,DEPTH_SNAPSHOT_STREAM,false
1205,POST_RESOLUTION_DIAGNOSTIC,,,,0,0,0,0,,DEPTH_SNAPSHOT_STREAM,false
1206,PRE_ELECTION,,172.0,,0,0,0,0,,DEPTH_SNAPSHOT_STREAM,false
1206,ELECTION_DAY_PRE_RESULTS,,14.3,,0,0,0,0,,DEPTH_SNAPSHOT_STREAM,false
1206,ACTIVE_RESULTS,,6.0,,0,0,0,0,,DEPTH_SNAPSHOT_STREAM,false
1206,LATE_COUNT,,47.7,,0,0,0,0,,DEPTH_SNAPSHOT_STREAM,false
1206,POST_RESOLUTION_DIAGNOSTIC,,,,0,0,0,0,,DEPTH_SNAPSHOT_STREAM,false
1207,PRE_ELECTION,,172.0,,0,0,0,0,,DEPTH_SNAPSHOT_STREAM,false
1207,ELECTION_DAY_PRE_RESULTS,,14.3,,0,0,0,0,,DEPTH_SNAPSHOT_STREAM,false
1207,ACTIVE_RESULTS,,6.0,,0,0,0,0,,DEPTH_SNAPSHOT_STREAM,false
1207,LATE_COUNT,,47.7,,0,0,0,0,,DEPTH_SNAPSHOT_STREAM,false
1207,POST_RESOLUTION_DIAGNOSTIC,,,,0,0,0,0,,DEPTH_SNAPSHOT_STREAM,false
1208,PRE_ELECTION,,172.0,,0,0,0,0,,DEPTH_SNAPSHOT_STREAM,false
1208,ELECTION_DAY_PRE_RESULTS,,14.3,,0,0,0,0,,DEPTH_SNAPSHOT_STREAM,false
1208,ACTIVE_RESULTS,,6.0,,0,0,0,0,,DEPTH_SNAPSHOT_STREAM,false
1208,LATE_COUNT,,47.7,,0,0,0,0,,DEPTH_SNAPSHOT_STREAM,false
1208,POST_RESOLUTION_DIAGNOSTIC,,,,0,0,0,0,,DEPTH_SNAPSHOT_STREAM,false
1209,PRE_ELECTION,,172.0,,0,0,0,0,,DEPTH_SNAPSHOT_STREAM,false
1209,ELECTION_DAY_PRE_RESULTS,,14.3,,0,0,0,0,,DEPTH_SNAPSHOT_STREAM,false
1209,ACTIVE_RESULTS,,6.0,,0,0,0,0,,DEPTH_SNAPSHOT_STREAM,false
1209,LATE_COUNT,,47.7,,0,0,0,0,,DEPTH_SNAPSHOT_STREAM,false
1209,POST_RESOLUTION_DIAGNOSTIC,,,,0,0,0,0,,DEPTH_SNAPSHOT_STREAM,false
1210,PRE_ELECTION,,172.0,,0,0,0,0,,DEPTH_SNAPSHOT_STREAM,false
1210,ELECTION_DAY_PRE_RESULTS,,14.3,,0,0,0,0,,DEPTH_SNAPSHOT_STREAM,false
1210,ACTIVE_RESULTS,,6.0,,0,0,0,0,,DEPTH_SNAPSHOT_STREAM,false
1210,LATE_COUNT,,47.7,,0,0,0,0,,DEPTH_SNAPSHOT_STREAM,false
1210,POST_RESOLUTION_DIAGNOSTIC,,,,0,0,0,0,,DEPTH_SNAPSHOT_STREAM,false
1211,PRE_ELECTION,,172.0,,0,0,0,0,,DEPTH_SNAPSHOT_STREAM,false
1211,ELECTION_DAY_PRE_RESULTS,,14.3,,0,0,0,0,,DEPTH_SNAPSHOT_STREAM,false
1211,ACTIVE_RESULTS,,6.0,,0,0,0,0,,DEPTH_SNAPSHOT_STREAM,false
1211,LATE_COUNT,,47.7,,0,0,0,0,,DEPTH_SNAPSHOT_STREAM,false
1211,POST_RESOLUTION_DIAGNOSTIC,,,,0,0,0,0,,DEPTH_SNAPSHOT_STREAM,false
1212,PRE_ELECTION,,172.0,,0,0,0,0,,DEPTH_SNAPSHOT_STREAM,false
1212,ELECTION_DAY_PRE_RESULTS,,14.3,,0,0,0,0,,DEPTH_SNAPSHOT_STREAM,false
1212,ACTIVE_RESULTS,,6.0,,0,0,0,0,,DEPTH_SNAPSHOT_STREAM,false
1212,LATE_COUNT,,47.7,,0,0,0,0,,DEPTH_SNAPSHOT_STREAM,false
1212,POST_RESOLUTION_DIAGNOSTIC,,,,0,0,0,0,,DEPTH_SNAPSHOT_STREAM,false
1213,PRE_ELECTION,,172.0,,0,0,0,0,,DEPTH_SNAPSHOT_STREAM,false
1213,ELECTION_DAY_PRE_RESULTS,,14.3,,0,0,0,0,,DEPTH_SNAPSHOT_STREAM,false
1213,ACTIVE_RESULTS,,6.0,,0,0,0,0,,DEPTH_SNAPSHOT_STREAM,false
1213,LATE_COUNT,,47.7,,0,0,0,0,,DEPTH_SNAPSHOT_STREAM,false
1213,POST_RESOLUTION_DIAGNOSTIC,,,,0,0,0,0,,DEPTH_SNAPSHOT_STREAM,false
1214,PRE_ELECTION,,172.0,,0,0,0,320,,DEPTH_SNAPSHOT_STREAM,false
1214,ELECTION_DAY_PRE_RESULTS,,14.3,,0,0,0,116,,DEPTH_SNAPSHOT_STREAM,false
1214,ACTIVE_RESULTS,,6.0,,0,0,0,69,,DEPTH_SNAPSHOT_STREAM,false
1214,LATE_COUNT,0.900428,47.7,0.0188769,36,1,0,45,666.019,BBO_CHANGE_STREAM,false
1214,POST_RESOLUTION_DIAGNOSTIC,,,,0,0,0,0,,DEPTH_SNAPSHOT_STREAM,false
1215,PRE_ELECTION,,172.0,,0,0,0,325,,DEPTH_SNAPSHOT_STREAM,false
1215,ELECTION_DAY_PRE_RESULTS,,14.3,,0,0,0,150,,DEPTH_SNAPSHOT_STREAM,false
1215,ACTIVE_RESULTS,,6.0,,0,0,0,154,,DEPTH_SNAPSHOT_STREAM,false
1215,LATE_COUNT,0.900438,47.7,0.01887711,36,1,0,69,666.019,BBO_CHANGE_STREAM,false
1215,POST_RESOLUTION_DIAGNOSTIC,,,,0,0,0,0,,DEPTH_SNAPSHOT_STREAM,false
1216,PRE_ELECTION,,172.0,,0,0,0,278,,DEPTH_SNAPSHOT_STREAM,false
1216,ELECTION_DAY_PRE_RESULTS,,14.3,,0,0,0,87,,DEPTH_SNAPSHOT_STREAM,false
1216,ACTIVE_RESULTS,,6.0,,0,0,0,244,,DEPTH_SNAPSHOT_STREAM,false
1216,LATE_COUNT,0.901028,47.7,0.01888948,40,1,1,131,425.153,BBO_CHANGE_STREAM,false
1216,POST_RESOLUTION_DIAGNOSTIC,,,,0,0,0,0,,DEPTH_SNAPSHOT_STREAM,false
1217,PRE_ELECTION,,172.0,,0,0,0,243,,DEPTH_SNAPSHOT_STREAM,false
1217,ELECTION_DAY_PRE_RESULTS,,14.3,,0,0,0,61,,DEPTH_SNAPSHOT_STREAM,false
1217,ACTIVE_RESULTS,,6.0,,0,0,0,287,,DEPTH_SNAPSHOT_STREAM,false
1217,LATE_COUNT,0.90094,47.7,0.01888763,40,1,1,162,425.153,BBO_CHANGE_STREAM,false
1217,POST_RESOLUTION_DIAGNOSTIC,,,,0,0,0,0,,DEPTH_SNAPSHOT_STREAM,false
1218,PRE_ELECTION,171.997089,172.0,0.99998308,406756,4315,0,6096,244.721,BBO_CHANGE_STREAM,true
1218,ELECTION_DAY_PRE_RESULTS,14.298904,14.3,0.99992336,63915,1921,0,3750,65.661,BBO_CHANGE_STREAM,false
1218,ACTIVE_RESULTS,5.998767,6.0,0.9997945,14794,722,0,1144,106.219,BBO_CHANGE_STREAM,true
1218,LATE_COUNT,0.733305,47.7,0.01537327,540,2,0,0,106.483,BBO_CHANGE_STREAM,false
1218,POST_RESOLUTION_DIAGNOSTIC,,,,0,0,0,0,,DEPTH_SNAPSHOT_STREAM,false
1219,PRE_ELECTION,171.997089,172.0,0.99998308,406746,4315,0,5840,244.721,BBO_CHANGE_STREAM,true
1219,ELECTION_DAY_PRE_RESULTS,14.298904,14.3,0.99992336,63915,1921,0,2174,65.661,BBO_CHANGE_STREAM,false
1219,ACTIVE_RESULTS,5.998767,6.0,0.9997945,14798,722,0,625,106.219,BBO_CHANGE_STREAM,true
1219,LATE_COUNT,0.733305,47.7,0.01537327,540,2,0,0,106.483,BBO_CHANGE_STREAM,false
1219,POST_RESOLUTION_DIAGNOSTIC,,,,0,0,0,0,,DEPTH_SNAPSHOT_STREAM,false
1220,PRE_ELECTION,171.991353,172.0,0.99994973,63747,43,0,3,216.572,BBO_CHANGE_STREAM,false
1220,ELECTION_DAY_PRE_RESULTS,14.290646,14.3,0.99934587,8660,11,0,0,90.139,BBO_CHANGE_STREAM,false
1220,ACTIVE_RESULTS,5.997735,6.0,0.9996225,3773,14,0,0,120.41,BBO_CHANGE_STREAM,false
1220,LATE_COUNT,0.68329,47.7,0.01432474,404,2,0,0,86.79,BBO_CHANGE_STREAM,false
1220,POST_RESOLUTION_DIAGNOSTIC,,,,0,0,0,0,,DEPTH_SNAPSHOT_STREAM,false
1221,PRE_ELECTION,171.991353,172.0,0.99994973,63749,43,0,86,216.572,BBO_CHANGE_STREAM,false
1221,ELECTION_DAY_PRE_RESULTS,14.290646,14.3,0.99934587,8660,11,0,7,90.139,BBO_CHANGE_STREAM,false
1221,ACTIVE_RESULTS,5.997735,6.0,0.9996225,3773,14,0,8,120.41,BBO_CHANGE_STREAM,false
1221,LATE_COUNT,0.68329,47.7,0.01432474,404,2,0,0,86.79,BBO_CHANGE_STREAM,false
1221,POST_RESOLUTION_DIAGNOSTIC,,,,0,0,0,0,,DEPTH_SNAPSHOT_STREAM,false
1222,PRE_ELECTION,171.992744,172.0,0.99995781,71532,54,0,33,216.572,BBO_CHANGE_STREAM,false
1222,ELECTION_DAY_PRE_RESULTS,14.296179,14.3,0.9997328,8853,15,0,10,95.223,BBO_CHANGE_STREAM,false
1222,ACTIVE_RESULTS,5.997735,6.0,0.9996225,3852,16,0,6,120.411,BBO_CHANGE_STREAM,false
1222,LATE_COUNT,0.754755,47.7,0.01582296,499,2,0,0,87.003,BBO_CHANGE_STREAM,false
1222,POST_RESOLUTION_DIAGNOSTIC,,,,0,0,0,0,,DEPTH_SNAPSHOT_STREAM,false
1223,PRE_ELECTION,171.992744,172.0,0.99995781,71531,54,0,3,216.572,BBO_CHANGE_STREAM,false
1223,ELECTION_DAY_PRE_RESULTS,14.296179,14.3,0.9997328,8853,15,0,3,95.223,BBO_CHANGE_STREAM,false
1223,ACTIVE_RESULTS,5.997735,6.0,0.9996225,3852,16,0,0,120.411,BBO_CHANGE_STREAM,false
1223,LATE_COUNT,0.754755,47.7,0.01582296,499,2,0,0,87.003,BBO_CHANGE_STREAM,false
1223,POST_RESOLUTION_DIAGNOSTIC,,,,0,0,0,0,,DEPTH_SNAPSHOT_STREAM,false
1224,PRE_ELECTION,171.991357,172.0,0.99994975,61482,49,0,5,214.11,BBO_CHANGE_STREAM,false
1224,ELECTION_DAY_PRE_RESULTS,14.286386,14.3,0.99904797,7605,14,0,3,120.501,BBO_CHANGE_STREAM,false
1224,ACTIVE_RESULTS,5.997735,6.0,0.9996225,3642,14,0,0,120.41,BBO_CHANGE_STREAM,false
1224,LATE_COUNT,0.783504,47.7,0.01642566,432,3,0,0,87.7,BBO_CHANGE_STREAM,false
1224,POST_RESOLUTION_DIAGNOSTIC,,,,0,0,0,0,,DEPTH_SNAPSHOT_STREAM,false
1225,PRE_ELECTION,171.991357,172.0,0.99994975,61481,49,0,139,214.11,BBO_CHANGE_STREAM,false
1225,ELECTION_DAY_PRE_RESULTS,14.286386,14.3,0.99904797,7605,14,0,5,120.501,BBO_CHANGE_STREAM,false
1225,ACTIVE_RESULTS,5.997735,6.0,0.9996225,3642,14,0,2,120.41,BBO_CHANGE_STREAM,false
1225,LATE_COUNT,0.783504,47.7,0.01642566,432,3,0,0,87.7,BBO_CHANGE_STREAM,false
1225,POST_RESOLUTION_DIAGNOSTIC,,,,0,0,0,0,,DEPTH_SNAPSHOT_STREAM,false
1226,PRE_ELECTION,171.991356,172.0,0.99994974,64784,46,0,2,216.572,BBO_CHANGE_STREAM,false
1226,ELECTION_DAY_PRE_RESULTS,14.290499,14.3,0.99933559,8241,14,0,3,97.248,BBO_CHANGE_STREAM,false
1226,ACTIVE_RESULTS,5.997735,6.0,0.9996225,3943,14,0,0,113.512,BBO_CHANGE_STREAM,false
1226,LATE_COUNT,0.803669,47.7,0.01684841,494,4,0,0,86.782,BBO_CHANGE_STREAM,false
1226,POST_RESOLUTION_DIAGNOSTIC,,,,0,0,0,0,,DEPTH_SNAPSHOT_STREAM,false
1227,PRE_ELECTION,171.991356,172.0,0.99994974,64783,46,0,29,216.572,BBO_CHANGE_STREAM,false
1227,ELECTION_DAY_PRE_RESULTS,14.290499,14.3,0.99933559,8241,14,0,10,97.248,BBO_CHANGE_STREAM,false
1227,ACTIVE_RESULTS,5.997735,6.0,0.9996225,3943,14,0,2,113.512,BBO_CHANGE_STREAM,false
1227,LATE_COUNT,0.803669,47.7,0.01684841,494,4,0,0,86.782,BBO_CHANGE_STREAM,false
1227,POST_RESOLUTION_DIAGNOSTIC,,,,0,0,0,0,,DEPTH_SNAPSHOT_STREAM,false
1228,PRE_ELECTION,171.993432,172.0,0.99996181,309205,5325,0,6525,208.952,BBO_CHANGE_STREAM,true
1228,ELECTION_DAY_PRE_RESULTS,14.299585,14.3,0.99997098,58280,2381,0,2849,63.487,BBO_CHANGE_STREAM,false
1228,ACTIVE_RESULTS,5.998326,6.0,0.999721,13993,803,0,625,249.225,BBO_CHANGE_STREAM,true
1228,LATE_COUNT,0.448937,47.7,0.00941168,251,10,0,0,167.515,BBO_CHANGE_STREAM,false
1228,POST_RESOLUTION_DIAGNOSTIC,,,,0,0,0,0,,DEPTH_SNAPSHOT_STREAM,false
1229,PRE_ELECTION,171.993432,172.0,0.99996181,309210,5325,0,7485,208.952,BBO_CHANGE_STREAM,true
1229,ELECTION_DAY_PRE_RESULTS,14.299585,14.3,0.99997098,58280,2381,0,3420,63.487,BBO_CHANGE_STREAM,false
1229,ACTIVE_RESULTS,5.998326,6.0,0.999721,13989,803,0,1301,249.225,BBO_CHANGE_STREAM,true
1229,LATE_COUNT,0.448937,47.7,0.00941168,251,10,0,18,167.515,BBO_CHANGE_STREAM,false
1229,POST_RESOLUTION_DIAGNOSTIC,,,,0,0,0,0,,DEPTH_SNAPSHOT_STREAM,false
1230,PRE_ELECTION,171.981868,172.0,0.99989458,50028,53,0,72,1213.754,BBO_CHANGE_STREAM,false
1230,ELECTION_DAY_PRE_RESULTS,14.259215,14.3,0.9971479,6301,14,0,5,596.942,BBO_CHANGE_STREAM,false
1230,ACTIVE_RESULTS,5.980659,6.0,0.9967765,2691,14,0,4,300.371,BBO_CHANGE_STREAM,false
1230,LATE_COUNT,0.573828,47.7,0.01202994,175,1,0,0,218.309,BBO_CHANGE_STREAM,false
1230,POST_RESOLUTION_DIAGNOSTIC,,,,0,0,0,0,,DEPTH_SNAPSHOT_STREAM,false
1231,PRE_ELECTION,171.981868,172.0,0.99989458,50029,53,0,5,1213.754,BBO_CHANGE_STREAM,false
1231,ELECTION_DAY_PRE_RESULTS,14.259215,14.3,0.9971479,6301,14,0,3,596.942,BBO_CHANGE_STREAM,false
1231,ACTIVE_RESULTS,5.980659,6.0,0.9967765,2691,14,0,0,300.371,BBO_CHANGE_STREAM,false
1231,LATE_COUNT,0.573828,47.7,0.01202994,175,1,0,0,218.309,BBO_CHANGE_STREAM,false
1231,POST_RESOLUTION_DIAGNOSTIC,,,,0,0,0,0,,DEPTH_SNAPSHOT_STREAM,false
1232,PRE_ELECTION,171.991357,172.0,0.99994975,63696,49,0,37,216.968,BBO_CHANGE_STREAM,false
1232,ELECTION_DAY_PRE_RESULTS,14.290549,14.3,0.99933909,8295,14,0,10,86.726,BBO_CHANGE_STREAM,false
1232,ACTIVE_RESULTS,5.997735,6.0,0.9996225,4306,14,0,9,120.411,BBO_CHANGE_STREAM,false
1232,LATE_COUNT,0.716291,47.7,0.01501658,434,2,0,0,88.181,BBO_CHANGE_STREAM,false
1232,POST_RESOLUTION_DIAGNOSTIC,,,,0,0,0,0,,DEPTH_SNAPSHOT_STREAM,false
1233,PRE_ELECTION,171.991357,172.0,0.99994975,63697,49,0,2,216.968,BBO_CHANGE_STREAM,false
1233,ELECTION_DAY_PRE_RESULTS,14.290549,14.3,0.99933909,8295,14,0,3,86.726,BBO_CHANGE_STREAM,false
1233,ACTIVE_RESULTS,5.997735,6.0,0.9996225,4306,14,0,0,120.411,BBO_CHANGE_STREAM,false
1233,LATE_COUNT,0.716291,47.7,0.01501658,434,2,0,0,88.181,BBO_CHANGE_STREAM,false
1233,POST_RESOLUTION_DIAGNOSTIC,,,,0,0,0,0,,DEPTH_SNAPSHOT_STREAM,false
1234,PRE_ELECTION,171.991355,172.0,0.99994974,66858,70,0,119,214.134,BBO_CHANGE_STREAM,false
1234,ELECTION_DAY_PRE_RESULTS,14.290537,14.3,0.99933825,8116,14,0,5,95.223,BBO_CHANGE_STREAM,false
1234,ACTIVE_RESULTS,5.997735,6.0,0.9996225,3826,14,0,3,117.186,BBO_CHANGE_STREAM,false
1234,LATE_COUNT,0.690134,47.7,0.01446822,431,2,0,0,87.134,BBO_CHANGE_STREAM,false
1234,POST_RESOLUTION_DIAGNOSTIC,,,,0,0,0,0,,DEPTH_SNAPSHOT_STREAM,false
1235,PRE_ELECTION,171.991355,172.0,0.99994974,66860,70,0,7,214.134,BBO_CHANGE_STREAM,false
1235,ELECTION_DAY_PRE_RESULTS,14.290537,14.3,0.99933825,8116,14,0,3,95.223,BBO_CHANGE_STREAM,false
1235,ACTIVE_RESULTS,5.997735,6.0,0.9996225,3826,14,0,0,117.186,BBO_CHANGE_STREAM,false
1235,LATE_COUNT,0.690134,47.7,0.01446822,431,2,0,0,87.134,BBO_CHANGE_STREAM,false
1235,POST_RESOLUTION_DIAGNOSTIC,,,,0,0,0,0,,DEPTH_SNAPSHOT_STREAM,false
1236,PRE_ELECTION,171.991357,172.0,0.99994975,60431,64,0,88,216.969,BBO_CHANGE_STREAM,false
1236,ELECTION_DAY_PRE_RESULTS,14.287979,14.3,0.99915937,8046,15,0,58,120.501,BBO_CHANGE_STREAM,false
1236,ACTIVE_RESULTS,5.997735,6.0,0.9996225,3560,14,0,8,120.761,BBO_CHANGE_STREAM,false
1236,LATE_COUNT,0.698344,47.7,0.01464034,386,2,0,0,106.507,BBO_CHANGE_STREAM,false
1236,POST_RESOLUTION_DIAGNOSTIC,,,,0,0,0,0,,DEPTH_SNAPSHOT_STREAM,false
1237,PRE_ELECTION,171.991357,172.0,0.99994975,60433,64,0,12,216.969,BBO_CHANGE_STREAM,false
1237,ELECTION_DAY_PRE_RESULTS,14.287979,14.3,0.99915937,8046,15,0,3,120.501,BBO_CHANGE_STREAM,false
1237,ACTIVE_RESULTS,5.997735,6.0,0.9996225,3560,14,0,0,120.761,BBO_CHANGE_STREAM,false
1237,LATE_COUNT,0.698344,47.7,0.01464034,386,2,0,0,106.507,BBO_CHANGE_STREAM,false
1237,POST_RESOLUTION_DIAGNOSTIC,,,,0,0,0,0,,DEPTH_SNAPSHOT_STREAM,false
1238,PRE_ELECTION,,172.0,,0,0,0,0,,DEPTH_SNAPSHOT_STREAM,false
1238,ELECTION_DAY_PRE_RESULTS,,14.3,,0,0,0,0,,DEPTH_SNAPSHOT_STREAM,false
1238,ACTIVE_RESULTS,,6.0,,0,0,0,0,,DEPTH_SNAPSHOT_STREAM,false
1238,LATE_COUNT,,47.7,,0,0,0,0,,DEPTH_SNAPSHOT_STREAM,false
1238,POST_RESOLUTION_DIAGNOSTIC,,,,0,0,0,0,,DEPTH_SNAPSHOT_STREAM,false
1239,PRE_ELECTION,,172.0,,0,0,0,0,,DEPTH_SNAPSHOT_STREAM,false
1239,ELECTION_DAY_PRE_RESULTS,,14.3,,0,0,0,0,,DEPTH_SNAPSHOT_STREAM,false
1239,ACTIVE_RESULTS,,6.0,,0,0,0,0,,DEPTH_SNAPSHOT_STREAM,false
1239,LATE_COUNT,,47.7,,0,0,0,0,,DEPTH_SNAPSHOT_STREAM,false
1239,POST_RESOLUTION_DIAGNOSTIC,,,,0,0,0,0,,DEPTH_SNAPSHOT_STREAM,false
1240,PRE_ELECTION,,172.0,,0,0,0,0,,DEPTH_SNAPSHOT_STREAM,false
1240,ELECTION_DAY_PRE_RESULTS,,14.3,,0,0,0,0,,DEPTH_SNAPSHOT_STREAM,false
1240,ACTIVE_RESULTS,,6.0,,0,0,0,0,,DEPTH_SNAPSHOT_STREAM,false
1240,LATE_COUNT,,47.7,,0,0,0,0,,DEPTH_SNAPSHOT_STREAM,false
1240,POST_RESOLUTION_DIAGNOSTIC,,,,0,0,0,0,,DEPTH_SNAPSHOT_STREAM,false
1241,PRE_ELECTION,,172.0,,0,0,0,0,,DEPTH_SNAPSHOT_STREAM,false
1241,ELECTION_DAY_PRE_RESULTS,,14.3,,0,0,0,0,,DEPTH_SNAPSHOT_STREAM,false
1241,ACTIVE_RESULTS,,6.0,,0,0,0,0,,DEPTH_SNAPSHOT_STREAM,false
1241,LATE_COUNT,,47.7,,0,0,0,0,,DEPTH_SNAPSHOT_STREAM,false
1241,POST_RESOLUTION_DIAGNOSTIC,,,,0,0,0,0,,DEPTH_SNAPSHOT_STREAM,false
1242,PRE_ELECTION,,172.0,,0,0,0,0,,DEPTH_SNAPSHOT_STREAM,false
1242,ELECTION_DAY_PRE_RESULTS,,14.3,,0,0,0,0,,DEPTH_SNAPSHOT_STREAM,false
1242,ACTIVE_RESULTS,,6.0,,0,0,0,0,,DEPTH_SNAPSHOT_STREAM,false
1242,LATE_COUNT,,47.7,,0,0,0,0,,DEPTH_SNAPSHOT_STREAM,false
1242,POST_RESOLUTION_DIAGNOSTIC,,,,0,0,0,0,,DEPTH_SNAPSHOT_STREAM,false
1243,PRE_ELECTION,,172.0,,0,0,0,0,,DEPTH_SNAPSHOT_STREAM,false
1243,ELECTION_DAY_PRE_RESULTS,,14.3,,0,0,0,0,,DEPTH_SNAPSHOT_STREAM,false
1243,ACTIVE_RESULTS,,6.0,,0,0,0,0,,DEPTH_SNAPSHOT_STREAM,false
1243,LATE_COUNT,,47.7,,0,0,0,0,,DEPTH_SNAPSHOT_STREAM,false
1243,POST_RESOLUTION_DIAGNOSTIC,,,,0,0,0,0,,DEPTH_SNAPSHOT_STREAM,false
1244,PRE_ELECTION,,172.0,,0,0,0,0,,DEPTH_SNAPSHOT_STREAM,false
1244,ELECTION_DAY_PRE_RESULTS,,14.3,,0,0,0,0,,DEPTH_SNAPSHOT_STREAM,false
1244,ACTIVE_RESULTS,,6.0,,0,0,0,0,,DEPTH_SNAPSHOT_STREAM,false
1244,LATE_COUNT,,47.7,,0,0,0,0,,DEPTH_SNAPSHOT_STREAM,false
1244,POST_RESOLUTION_DIAGNOSTIC,,,,0,0,0,0,,DEPTH_SNAPSHOT_STREAM,false
1245,PRE_ELECTION,,172.0,,0,0,0,0,,DEPTH_SNAPSHOT_STREAM,false
1245,ELECTION_DAY_PRE_RESULTS,,14.3,,0,0,0,0,,DEPTH_SNAPSHOT_STREAM,false
1245,ACTIVE_RESULTS,,6.0,,0,0,0,0,,DEPTH_SNAPSHOT_STREAM,false
1245,LATE_COUNT,,47.7,,0,0,0,0,,DEPTH_SNAPSHOT_STREAM,false
1245,POST_RESOLUTION_DIAGNOSTIC,,,,0,0,0,0,,DEPTH_SNAPSHOT_STREAM,false
1246,PRE_ELECTION,,172.0,,0,0,0,0,,DEPTH_SNAPSHOT_STREAM,false
1246,ELECTION_DAY_PRE_RESULTS,,14.3,,0,0,0,0,,DEPTH_SNAPSHOT_STREAM,false
1246,ACTIVE_RESULTS,,6.0,,0,0,0,0,,DEPTH_SNAPSHOT_STREAM,false
1246,LATE_COUNT,,47.7,,0,0,0,0,,DEPTH_SNAPSHOT_STREAM,false
1246,POST_RESOLUTION_DIAGNOSTIC,,,,0,0,0,0,,DEPTH_SNAPSHOT_STREAM,false
1247,PRE_ELECTION,,172.0,,0,0,0,0,,DEPTH_SNAPSHOT_STREAM,false
1247,ELECTION_DAY_PRE_RESULTS,,14.3,,0,0,0,0,,DEPTH_SNAPSHOT_STREAM,false
1247,ACTIVE_RESULTS,,6.0,,0,0,0,0,,DEPTH_SNAPSHOT_STREAM,false
1247,LATE_COUNT,,47.7,,0,0,0,0,,DEPTH_SNAPSHOT_STREAM,false
1247,POST_RESOLUTION_DIAGNOSTIC,,,,0,0,0,0,,DEPTH_SNAPSHOT_STREAM,false
1248,PRE_ELECTION,,172.0,,0,0,0,0,,DEPTH_SNAPSHOT_STREAM,false
1248,ELECTION_DAY_PRE_RESULTS,,14.3,,0,0,0,0,,DEPTH_SNAPSHOT_STREAM,false
1248,ACTIVE_RESULTS,,6.0,,0,0,0,0,,DEPTH_SNAPSHOT_STREAM,false
1248,LATE_COUNT,,47.7,,0,0,0,0,,DEPTH_SNAPSHOT_STREAM,false
1248,POST_RESOLUTION_DIAGNOSTIC,,,,0,0,0,0,,DEPTH_SNAPSHOT_STREAM,false
1249,PRE_ELECTION,,172.0,,0,0,0,0,,DEPTH_SNAPSHOT_STREAM,false
1249,ELECTION_DAY_PRE_RESULTS,,14.3,,0,0,0,0,,DEPTH_SNAPSHOT_STREAM,false
1249,ACTIVE_RESULTS,,6.0,,0,0,0,0,,DEPTH_SNAPSHOT_STREAM,false
1249,LATE_COUNT,,47.7,,0,0,0,0,,DEPTH_SNAPSHOT_STREAM,false
1249,POST_RESOLUTION_DIAGNOSTIC,,,,0,0,0,0,,DEPTH_SNAPSHOT_STREAM,false
1250,PRE_ELECTION,,172.0,,0,0,0,0,,DEPTH_SNAPSHOT_STREAM,false
1250,ELECTION_DAY_PRE_RESULTS,,14.3,,0,0,0,0,,DEPTH_SNAPSHOT_STREAM,false
1250,ACTIVE_RESULTS,,6.0,,0,0,0,0,,DEPTH_SNAPSHOT_STREAM,false
1250,LATE_COUNT,,47.7,,0,0,0,0,,DEPTH_SNAPSHOT_STREAM,false
1250,POST_RESOLUTION_DIAGNOSTIC,,,,0,0,0,0,,DEPTH_SNAPSHOT_STREAM,false
1251,PRE_ELECTION,,172.0,,0,0,0,0,,DEPTH_SNAPSHOT_STREAM,false
1251,ELECTION_DAY_PRE_RESULTS,,14.3,,0,0,0,0,,DEPTH_SNAPSHOT_STREAM,false
1251,ACTIVE_RESULTS,,6.0,,0,0,0,0,,DEPTH_SNAPSHOT_STREAM,false
1251,LATE_COUNT,,47.7,,0,0,0,0,,DEPTH_SNAPSHOT_STREAM,false
1251,POST_RESOLUTION_DIAGNOSTIC,,,,0,0,0,0,,DEPTH_SNAPSHOT_STREAM,false
1252,PRE_ELECTION,,172.0,,0,0,0,0,,DEPTH_SNAPSHOT_STREAM,false
1252,ELECTION_DAY_PRE_RESULTS,,14.3,,0,0,0,0,,DEPTH_SNAPSHOT_STREAM,false
1252,ACTIVE_RESULTS,,6.0,,0,0,0,0,,DEPTH_SNAPSHOT_STREAM,false
1252,LATE_COUNT,,47.7,,0,0,0,0,,DEPTH_SNAPSHOT_STREAM,false
1252,POST_RESOLUTION_DIAGNOSTIC,,,,0,0,0,0,,DEPTH_SNAPSHOT_STREAM,false
1253,PRE_ELECTION,,172.0,,0,0,0,0,,DEPTH_SNAPSHOT_STREAM,false
1253,ELECTION_DAY_PRE_RESULTS,,14.3,,0,0,0,0,,DEPTH_SNAPSHOT_STREAM,false
1253,ACTIVE_RESULTS,,6.0,,0,0,0,0,,DEPTH_SNAPSHOT_STREAM,false
1253,LATE_COUNT,,47.7,,0,0,0,0,,DEPTH_SNAPSHOT_STREAM,false
1253,POST_RESOLUTION_DIAGNOSTIC,,,,0,0,0,0,,DEPTH_SNAPSHOT_STREAM,false
1254,PRE_ELECTION,,172.0,,0,0,0,0,,DEPTH_SNAPSHOT_STREAM,false
1254,ELECTION_DAY_PRE_RESULTS,,14.3,,0,0,0,0,,DEPTH_SNAPSHOT_STREAM,false
1254,ACTIVE_RESULTS,,6.0,,0,0,0,0,,DEPTH_SNAPSHOT_STREAM,false
1254,LATE_COUNT,,47.7,,0,0,0,0,,DEPTH_SNAPSHOT_STREAM,false
1254,POST_RESOLUTION_DIAGNOSTIC,,,,0,0,0,0,,DEPTH_SNAPSHOT_STREAM,false
1255,PRE_ELECTION,,172.0,,0,0,0,0,,DEPTH_SNAPSHOT_STREAM,false
1255,ELECTION_DAY_PRE_RESULTS,,14.3,,0,0,0,0,,DEPTH_SNAPSHOT_STREAM,false
1255,ACTIVE_RESULTS,,6.0,,0,0,0,0,,DEPTH_SNAPSHOT_STREAM,false
1255,LATE_COUNT,,47.7,,0,0,0,0,,DEPTH_SNAPSHOT_STREAM,false
1255,POST_RESOLUTION_DIAGNOSTIC,,,,0,0,0,0,,DEPTH_SNAPSHOT_STREAM,false
1256,PRE_ELECTION,,172.0,,0,0,0,0,,DEPTH_SNAPSHOT_STREAM,false
1256,ELECTION_DAY_PRE_RESULTS,,14.3,,0,0,0,0,,DEPTH_SNAPSHOT_STREAM,false
1256,ACTIVE_RESULTS,,6.0,,0,0,0,0,,DEPTH_SNAPSHOT_STREAM,false
1256,LATE_COUNT,,47.7,,0,0,0,0,,DEPTH_SNAPSHOT_STREAM,false
1256,POST_RESOLUTION_DIAGNOSTIC,,,,0,0,0,0,,DEPTH_SNAPSHOT_STREAM,false
1257,PRE_ELECTION,,172.0,,0,0,0,0,,DEPTH_SNAPSHOT_STREAM,false
1257,ELECTION_DAY_PRE_RESULTS,,14.3,,0,0,0,0,,DEPTH_SNAPSHOT_STREAM,false
1257,ACTIVE_RESULTS,,6.0,,0,0,0,0,,DEPTH_SNAPSHOT_STREAM,false
1257,LATE_COUNT,,47.7,,0,0,0,0,,DEPTH_SNAPSHOT_STREAM,false
1257,POST_RESOLUTION_DIAGNOSTIC,,,,0,0,0,0,,DEPTH_SNAPSHOT_STREAM,false
1258,PRE_ELECTION,,172.0,,0,0,0,0,,DEPTH_SNAPSHOT_STREAM,false
1258,ELECTION_DAY_PRE_RESULTS,,14.3,,0,0,0,0,,DEPTH_SNAPSHOT_STREAM,false
1258,ACTIVE_RESULTS,,6.0,,0,0,0,0,,DEPTH_SNAPSHOT_STREAM,false
1258,LATE_COUNT,,47.7,,0,0,0,0,,DEPTH_SNAPSHOT_STREAM,false
1258,POST_RESOLUTION_DIAGNOSTIC,,,,0,0,0,0,,DEPTH_SNAPSHOT_STREAM,false
1259,PRE_ELECTION,,172.0,,0,0,0,0,,DEPTH_SNAPSHOT_STREAM,false
1259,ELECTION_DAY_PRE_RESULTS,,14.3,,0,0,0,0,,DEPTH_SNAPSHOT_STREAM,false
1259,ACTIVE_RESULTS,,6.0,,0,0,0,0,,DEPTH_SNAPSHOT_STREAM,false
1259,LATE_COUNT,,47.7,,0,0,0,0,,DEPTH_SNAPSHOT_STREAM,false
1259,POST_RESOLUTION_DIAGNOSTIC,,,,0,0,0,0,,DEPTH_SNAPSHOT_STREAM,false
1260,PRE_ELECTION,,172.0,,0,0,0,0,,DEPTH_SNAPSHOT_STREAM,false
1260,ELECTION_DAY_PRE_RESULTS,,14.3,,0,0,0,0,,DEPTH_SNAPSHOT_STREAM,false
1260,ACTIVE_RESULTS,,6.0,,0,0,0,0,,DEPTH_SNAPSHOT_STREAM,false
1260,LATE_COUNT,,47.7,,0,0,0,0,,DEPTH_SNAPSHOT_STREAM,false
1260,POST_RESOLUTION_DIAGNOSTIC,,,,0,0,0,0,,DEPTH_SNAPSHOT_STREAM,false
1261,PRE_ELECTION,,172.0,,0,0,0,0,,DEPTH_SNAPSHOT_STREAM,false
1261,ELECTION_DAY_PRE_RESULTS,,14.3,,0,0,0,0,,DEPTH_SNAPSHOT_STREAM,false
1261,ACTIVE_RESULTS,,6.0,,0,0,0,0,,DEPTH_SNAPSHOT_STREAM,false
1261,LATE_COUNT,,47.7,,0,0,0,0,,DEPTH_SNAPSHOT_STREAM,false
1261,POST_RESOLUTION_DIAGNOSTIC,,,,0,0,0,0,,DEPTH_SNAPSHOT_STREAM,false
1262,PRE_ELECTION,,172.0,,0,0,0,0,,DEPTH_SNAPSHOT_STREAM,false
1262,ELECTION_DAY_PRE_RESULTS,,14.3,,0,0,0,0,,DEPTH_SNAPSHOT_STREAM,false
1262,ACTIVE_RESULTS,,6.0,,0,0,0,0,,DEPTH_SNAPSHOT_STREAM,false
1262,LATE_COUNT,,47.7,,0,0,0,0,,DEPTH_SNAPSHOT_STREAM,false
1262,POST_RESOLUTION_DIAGNOSTIC,,,,0,0,0,0,,DEPTH_SNAPSHOT_STREAM,false
1263,PRE_ELECTION,,172.0,,0,0,0,0,,DEPTH_SNAPSHOT_STREAM,false
1263,ELECTION_DAY_PRE_RESULTS,,14.3,,0,0,0,0,,DEPTH_SNAPSHOT_STREAM,false
1263,ACTIVE_RESULTS,,6.0,,0,0,0,0,,DEPTH_SNAPSHOT_STREAM,false
1263,LATE_COUNT,,47.7,,0,0,0,0,,DEPTH_SNAPSHOT_STREAM,false
1263,POST_RESOLUTION_DIAGNOSTIC,,,,0,0,0,0,,DEPTH_SNAPSHOT_STREAM,false
1264,PRE_ELECTION,,172.0,,0,0,0,0,,DEPTH_SNAPSHOT_STREAM,false
1264,ELECTION_DAY_PRE_RESULTS,,14.3,,0,0,0,0,,DEPTH_SNAPSHOT_STREAM,false
1264,ACTIVE_RESULTS,,6.0,,0,0,0,0,,DEPTH_SNAPSHOT_STREAM,false
1264,LATE_COUNT,,47.7,,0,0,0,0,,DEPTH_SNAPSHOT_STREAM,false
1264,POST_RESOLUTION_DIAGNOSTIC,,,,0,0,0,0,,DEPTH_SNAPSHOT_STREAM,false
1265,PRE_ELECTION,,172.0,,0,0,0,0,,DEPTH_SNAPSHOT_STREAM,false
1265,ELECTION_DAY_PRE_RESULTS,,14.3,,0,0,0,0,,DEPTH_SNAPSHOT_STREAM,false
1265,ACTIVE_RESULTS,,6.0,,0,0,0,0,,DEPTH_SNAPSHOT_STREAM,false
1265,LATE_COUNT,,47.7,,0,0,0,0,,DEPTH_SNAPSHOT_STREAM,false
1265,POST_RESOLUTION_DIAGNOSTIC,,,,0,0,0,0,,DEPTH_SNAPSHOT_STREAM,false
1266,PRE_ELECTION,,172.0,,0,0,0,0,,DEPTH_SNAPSHOT_STREAM,false
1266,ELECTION_DAY_PRE_RESULTS,,14.3,,0,0,0,0,,DEPTH_SNAPSHOT_STREAM,false
1266,ACTIVE_RESULTS,,6.0,,0,0,0,0,,DEPTH_SNAPSHOT_STREAM,false
1266,LATE_COUNT,,47.7,,0,0,0,0,,DEPTH_SNAPSHOT_STREAM,false
1266,POST_RESOLUTION_DIAGNOSTIC,,,,0,0,0,0,,DEPTH_SNAPSHOT_STREAM,false
1267,PRE_ELECTION,,172.0,,0,0,0,0,,DEPTH_SNAPSHOT_STREAM,false
1267,ELECTION_DAY_PRE_RESULTS,,14.3,,0,0,0,0,,DEPTH_SNAPSHOT_STREAM,false
1267,ACTIVE_RESULTS,,6.0,,0,0,0,0,,DEPTH_SNAPSHOT_STREAM,false
1267,LATE_COUNT,,47.7,,0,0,0,0,,DEPTH_SNAPSHOT_STREAM,false
1267,POST_RESOLUTION_DIAGNOSTIC,,,,0,0,0,0,,DEPTH_SNAPSHOT_STREAM,false
1268,PRE_ELECTION,,172.0,,0,0,0,0,,DEPTH_SNAPSHOT_STREAM,false
1268,ELECTION_DAY_PRE_RESULTS,,14.3,,0,0,0,0,,DEPTH_SNAPSHOT_STREAM,false
1268,ACTIVE_RESULTS,,6.0,,0,0,0,0,,DEPTH_SNAPSHOT_STREAM,false
1268,LATE_COUNT,,47.7,,0,0,0,0,,DEPTH_SNAPSHOT_STREAM,false
1268,POST_RESOLUTION_DIAGNOSTIC,,,,0,0,0,0,,DEPTH_SNAPSHOT_STREAM,false
1269,PRE_ELECTION,,172.0,,0,0,0,0,,DEPTH_SNAPSHOT_STREAM,false
1269,ELECTION_DAY_PRE_RESULTS,,14.3,,0,0,0,0,,DEPTH_SNAPSHOT_STREAM,false
1269,ACTIVE_RESULTS,,6.0,,0,0,0,0,,DEPTH_SNAPSHOT_STREAM,false
1269,LATE_COUNT,,47.7,,0,0,0,0,,DEPTH_SNAPSHOT_STREAM,false
1269,POST_RESOLUTION_DIAGNOSTIC,,,,0,0,0,0,,DEPTH_SNAPSHOT_STREAM,false
1270,PRE_ELECTION,,172.0,,0,0,0,0,,DEPTH_SNAPSHOT_STREAM,false
1270,ELECTION_DAY_PRE_RESULTS,,14.3,,0,0,0,0,,DEPTH_SNAPSHOT_STREAM,false
1270,ACTIVE_RESULTS,,6.0,,0,0,0,0,,DEPTH_SNAPSHOT_STREAM,false
1270,LATE_COUNT,,47.7,,0,0,0,0,,DEPTH_SNAPSHOT_STREAM,false
1270,POST_RESOLUTION_DIAGNOSTIC,,,,0,0,0,0,,DEPTH_SNAPSHOT_STREAM,false
1271,PRE_ELECTION,,172.0,,0,0,0,0,,DEPTH_SNAPSHOT_STREAM,false
1271,ELECTION_DAY_PRE_RESULTS,,14.3,,0,0,0,0,,DEPTH_SNAPSHOT_STREAM,false
1271,ACTIVE_RESULTS,,6.0,,0,0,0,0,,DEPTH_SNAPSHOT_STREAM,false
1271,LATE_COUNT,,47.7,,0,0,0,0,,DEPTH_SNAPSHOT_STREAM,false
1271,POST_RESOLUTION_DIAGNOSTIC,,,,0,0,0,0,,DEPTH_SNAPSHOT_STREAM,false
1272,PRE_ELECTION,,172.0,,0,0,0,0,,DEPTH_SNAPSHOT_STREAM,false
1272,ELECTION_DAY_PRE_RESULTS,,14.3,,0,0,0,0,,DEPTH_SNAPSHOT_STREAM,false
1272,ACTIVE_RESULTS,,6.0,,0,0,0,0,,DEPTH_SNAPSHOT_STREAM,false
1272,LATE_COUNT,,47.7,,0,0,0,0,,DEPTH_SNAPSHOT_STREAM,false
1272,POST_RESOLUTION_DIAGNOSTIC,,,,0,0,0,0,,DEPTH_SNAPSHOT_STREAM,false
1273,PRE_ELECTION,,172.0,,0,0,0,0,,DEPTH_SNAPSHOT_STREAM,false
1273,ELECTION_DAY_PRE_RESULTS,,14.3,,0,0,0,0,,DEPTH_SNAPSHOT_STREAM,false
1273,ACTIVE_RESULTS,,6.0,,0,0,0,0,,DEPTH_SNAPSHOT_STREAM,false
1273,LATE_COUNT,,47.7,,0,0,0,0,,DEPTH_SNAPSHOT_STREAM,false
1273,POST_RESOLUTION_DIAGNOSTIC,,,,0,0,0,0,,DEPTH_SNAPSHOT_STREAM,false
1274,PRE_ELECTION,,172.0,,0,0,0,0,,DEPTH_SNAPSHOT_STREAM,false
1274,ELECTION_DAY_PRE_RESULTS,,14.3,,0,0,0,0,,DEPTH_SNAPSHOT_STREAM,false
1274,ACTIVE_RESULTS,,6.0,,0,0,0,0,,DEPTH_SNAPSHOT_STREAM,false
1274,LATE_COUNT,,47.7,,0,0,0,0,,DEPTH_SNAPSHOT_STREAM,false
1274,POST_RESOLUTION_DIAGNOSTIC,,,,0,0,0,0,,DEPTH_SNAPSHOT_STREAM,false
1275,PRE_ELECTION,,172.0,,0,0,0,0,,DEPTH_SNAPSHOT_STREAM,false
1275,ELECTION_DAY_PRE_RESULTS,,14.3,,0,0,0,0,,DEPTH_SNAPSHOT_STREAM,false
1275,ACTIVE_RESULTS,,6.0,,0,0,0,0,,DEPTH_SNAPSHOT_STREAM,false
1275,LATE_COUNT,,47.7,,0,0,0,0,,DEPTH_SNAPSHOT_STREAM,false
1275,POST_RESOLUTION_DIAGNOSTIC,,,,0,0,0,0,,DEPTH_SNAPSHOT_STREAM,false
1276,PRE_ELECTION,,172.0,,0,0,0,0,,DEPTH_SNAPSHOT_STREAM,false
1276,ELECTION_DAY_PRE_RESULTS,,14.3,,0,0,0,0,,DEPTH_SNAPSHOT_STREAM,false
1276,ACTIVE_RESULTS,,6.0,,0,0,0,0,,DEPTH_SNAPSHOT_STREAM,false
1276,LATE_COUNT,,47.7,,0,0,0,0,,DEPTH_SNAPSHOT_STREAM,false
1276,POST_RESOLUTION_DIAGNOSTIC,,,,0,0,0,0,,DEPTH_SNAPSHOT_STREAM,false
1277,PRE_ELECTION,,172.0,,0,0,0,0,,DEPTH_SNAPSHOT_STREAM,false
1277,ELECTION_DAY_PRE_RESULTS,,14.3,,0,0,0,0,,DEPTH_SNAPSHOT_STREAM,false
1277,ACTIVE_RESULTS,,6.0,,0,0,0,0,,DEPTH_SNAPSHOT_STREAM,false
1277,LATE_COUNT,,47.7,,0,0,0,0,,DEPTH_SNAPSHOT_STREAM,false
1277,POST_RESOLUTION_DIAGNOSTIC,,,,0,0,0,0,,DEPTH_SNAPSHOT_STREAM,false
1278,PRE_ELECTION,,172.0,,0,0,0,0,,DEPTH_SNAPSHOT_STREAM,false
1278,ELECTION_DAY_PRE_RESULTS,,14.3,,0,0,0,0,,DEPTH_SNAPSHOT_STREAM,false
1278,ACTIVE_RESULTS,,6.0,,0,0,0,0,,DEPTH_SNAPSHOT_STREAM,false
1278,LATE_COUNT,,47.7,,0,0,0,0,,DEPTH_SNAPSHOT_STREAM,false
1278,POST_RESOLUTION_DIAGNOSTIC,,,,0,0,0,0,,DEPTH_SNAPSHOT_STREAM,false
1279,PRE_ELECTION,,172.0,,0,0,0,0,,DEPTH_SNAPSHOT_STREAM,false
1279,ELECTION_DAY_PRE_RESULTS,,14.3,,0,0,0,0,,DEPTH_SNAPSHOT_STREAM,false
1279,ACTIVE_RESULTS,,6.0,,0,0,0,0,,DEPTH_SNAPSHOT_STREAM,false
1279,LATE_COUNT,,47.7,,0,0,0,0,,DEPTH_SNAPSHOT_STREAM,false
1279,POST_RESOLUTION_DIAGNOSTIC,,,,0,0,0,0,,DEPTH_SNAPSHOT_STREAM,false
1280,PRE_ELECTION,,172.0,,0,0,0,0,,DEPTH_SNAPSHOT_STREAM,false
1280,ELECTION_DAY_PRE_RESULTS,,14.3,,0,0,0,0,,DEPTH_SNAPSHOT_STREAM,false
1280,ACTIVE_RESULTS,,6.0,,0,0,0,0,,DEPTH_SNAPSHOT_STREAM,false
1280,LATE_COUNT,,47.7,,0,0,0,0,,DEPTH_SNAPSHOT_STREAM,false
1280,POST_RESOLUTION_DIAGNOSTIC,,,,0,0,0,0,,DEPTH_SNAPSHOT_STREAM,false
1281,PRE_ELECTION,,172.0,,0,0,0,0,,DEPTH_SNAPSHOT_STREAM,false
1281,ELECTION_DAY_PRE_RESULTS,,14.3,,0,0,0,0,,DEPTH_SNAPSHOT_STREAM,false
1281,ACTIVE_RESULTS,,6.0,,0,0,0,0,,DEPTH_SNAPSHOT_STREAM,false
1281,LATE_COUNT,,47.7,,0,0,0,0,,DEPTH_SNAPSHOT_STREAM,false
1281,POST_RESOLUTION_DIAGNOSTIC,,,,0,0,0,0,,DEPTH_SNAPSHOT_STREAM,false
1282,PRE_ELECTION,,172.0,,0,0,0,0,,DEPTH_SNAPSHOT_STREAM,false
1282,ELECTION_DAY_PRE_RESULTS,,14.3,,0,0,0,0,,DEPTH_SNAPSHOT_STREAM,false
1282,ACTIVE_RESULTS,,6.0,,0,0,0,0,,DEPTH_SNAPSHOT_STREAM,false
1282,LATE_COUNT,,47.7,,0,0,0,0,,DEPTH_SNAPSHOT_STREAM,false
1282,POST_RESOLUTION_DIAGNOSTIC,,,,0,0,0,0,,DEPTH_SNAPSHOT_STREAM,false
1283,PRE_ELECTION,,172.0,,0,0,0,0,,DEPTH_SNAPSHOT_STREAM,false
1283,ELECTION_DAY_PRE_RESULTS,,14.3,,0,0,0,0,,DEPTH_SNAPSHOT_STREAM,false
1283,ACTIVE_RESULTS,,6.0,,0,0,0,0,,DEPTH_SNAPSHOT_STREAM,false
1283,LATE_COUNT,,47.7,,0,0,0,0,,DEPTH_SNAPSHOT_STREAM,false
1283,POST_RESOLUTION_DIAGNOSTIC,,,,0,0,0,0,,DEPTH_SNAPSHOT_STREAM,false
1284,PRE_ELECTION,,172.0,,0,0,0,0,,DEPTH_SNAPSHOT_STREAM,false
1284,ELECTION_DAY_PRE_RESULTS,,14.3,,0,0,0,0,,DEPTH_SNAPSHOT_STREAM,false
1284,ACTIVE_RESULTS,,6.0,,0,0,0,0,,DEPTH_SNAPSHOT_STREAM,false
1284,LATE_COUNT,,47.7,,0,0,0,0,,DEPTH_SNAPSHOT_STREAM,false
1284,POST_RESOLUTION_DIAGNOSTIC,,,,0,0,0,0,,DEPTH_SNAPSHOT_STREAM,false
1285,PRE_ELECTION,,172.0,,0,0,0,0,,DEPTH_SNAPSHOT_STREAM,false
1285,ELECTION_DAY_PRE_RESULTS,,14.3,,0,0,0,0,,DEPTH_SNAPSHOT_STREAM,false
1285,ACTIVE_RESULTS,,6.0,,0,0,0,0,,DEPTH_SNAPSHOT_STREAM,false
1285,LATE_COUNT,,47.7,,0,0,0,0,,DEPTH_SNAPSHOT_STREAM,false
1285,POST_RESOLUTION_DIAGNOSTIC,,,,0,0,0,0,,DEPTH_SNAPSHOT_STREAM,false
1286,PRE_ELECTION,,172.0,,0,0,0,0,,DEPTH_SNAPSHOT_STREAM,false
1286,ELECTION_DAY_PRE_RESULTS,,14.3,,0,0,0,0,,DEPTH_SNAPSHOT_STREAM,false
1286,ACTIVE_RESULTS,,6.0,,0,0,0,0,,DEPTH_SNAPSHOT_STREAM,false
1286,LATE_COUNT,,47.7,,0,0,0,0,,DEPTH_SNAPSHOT_STREAM,false
1286,POST_RESOLUTION_DIAGNOSTIC,,,,0,0,0,0,,DEPTH_SNAPSHOT_STREAM,false
1287,PRE_ELECTION,,172.0,,0,0,0,0,,DEPTH_SNAPSHOT_STREAM,false
1287,ELECTION_DAY_PRE_RESULTS,,14.3,,0,0,0,0,,DEPTH_SNAPSHOT_STREAM,false
1287,ACTIVE_RESULTS,,6.0,,0,0,0,0,,DEPTH_SNAPSHOT_STREAM,false
1287,LATE_COUNT,,47.7,,0,0,0,0,,DEPTH_SNAPSHOT_STREAM,false
1287,POST_RESOLUTION_DIAGNOSTIC,,,,0,0,0,0,,DEPTH_SNAPSHOT_STREAM,false
1288,PRE_ELECTION,,172.0,,0,0,0,0,,DEPTH_SNAPSHOT_STREAM,false
1288,ELECTION_DAY_PRE_RESULTS,,14.3,,0,0,0,0,,DEPTH_SNAPSHOT_STREAM,false
1288,ACTIVE_RESULTS,,6.0,,0,0,0,0,,DEPTH_SNAPSHOT_STREAM,false
1288,LATE_COUNT,,47.7,,0,0,0,0,,DEPTH_SNAPSHOT_STREAM,false
1288,POST_RESOLUTION_DIAGNOSTIC,,,,0,0,0,0,,DEPTH_SNAPSHOT_STREAM,false
1289,PRE_ELECTION,,172.0,,0,0,0,0,,DEPTH_SNAPSHOT_STREAM,false
1289,ELECTION_DAY_PRE_RESULTS,,14.3,,0,0,0,0,,DEPTH_SNAPSHOT_STREAM,false
1289,ACTIVE_RESULTS,,6.0,,0,0,0,0,,DEPTH_SNAPSHOT_STREAM,false
1289,LATE_COUNT,,47.7,,0,0,0,0,,DEPTH_SNAPSHOT_STREAM,false
1289,POST_RESOLUTION_DIAGNOSTIC,,,,0,0,0,0,,DEPTH_SNAPSHOT_STREAM,false
1290,PRE_ELECTION,,172.0,,0,0,0,0,,DEPTH_SNAPSHOT_STREAM,false
1290,ELECTION_DAY_PRE_RESULTS,,14.3,,0,0,0,0,,DEPTH_SNAPSHOT_STREAM,false
1290,ACTIVE_RESULTS,,6.0,,0,0,0,0,,DEPTH_SNAPSHOT_STREAM,false
1290,LATE_COUNT,,47.7,,0,0,0,0,,DEPTH_SNAPSHOT_STREAM,false
1290,POST_RESOLUTION_DIAGNOSTIC,,,,0,0,0,0,,DEPTH_SNAPSHOT_STREAM,false
1291,PRE_ELECTION,,172.0,,0,0,0,0,,DEPTH_SNAPSHOT_STREAM,false
1291,ELECTION_DAY_PRE_RESULTS,,14.3,,0,0,0,0,,DEPTH_SNAPSHOT_STREAM,false
1291,ACTIVE_RESULTS,,6.0,,0,0,0,0,,DEPTH_SNAPSHOT_STREAM,false
1291,LATE_COUNT,,47.7,,0,0,0,0,,DEPTH_SNAPSHOT_STREAM,false
1291,POST_RESOLUTION_DIAGNOSTIC,,,,0,0,0,0,,DEPTH_SNAPSHOT_STREAM,false
1292,PRE_ELECTION,,60.0,,0,0,0,0,,DEPTH_SNAPSHOT_STREAM,false
1292,ELECTION_DAY_PRE_RESULTS,,11.0,,0,0,0,0,,DEPTH_SNAPSHOT_STREAM,false
1292,ACTIVE_RESULTS,,6.0,,0,0,0,0,,DEPTH_SNAPSHOT_STREAM,false
1292,LATE_COUNT,,43.0,,0,0,0,0,,DEPTH_SNAPSHOT_STREAM,false
1292,POST_RESOLUTION_DIAGNOSTIC,,,,0,0,0,0,,DEPTH_SNAPSHOT_STREAM,false
1293,PRE_ELECTION,,60.0,,0,0,0,0,,DEPTH_SNAPSHOT_STREAM,false
1293,ELECTION_DAY_PRE_RESULTS,,11.0,,0,0,0,0,,DEPTH_SNAPSHOT_STREAM,false
1293,ACTIVE_RESULTS,,6.0,,0,0,0,0,,DEPTH_SNAPSHOT_STREAM,false
1293,LATE_COUNT,,43.0,,0,0,0,0,,DEPTH_SNAPSHOT_STREAM,false
1293,POST_RESOLUTION_DIAGNOSTIC,,,,0,0,0,0,,DEPTH_SNAPSHOT_STREAM,false
1294,PRE_ELECTION,,60.0,,0,0,0,0,,DEPTH_SNAPSHOT_STREAM,false
1294,ELECTION_DAY_PRE_RESULTS,,11.0,,0,0,0,0,,DEPTH_SNAPSHOT_STREAM,false
1294,ACTIVE_RESULTS,,6.0,,0,0,0,0,,DEPTH_SNAPSHOT_STREAM,false
1294,LATE_COUNT,,43.0,,0,0,0,0,,DEPTH_SNAPSHOT_STREAM,false
1294,POST_RESOLUTION_DIAGNOSTIC,,,,0,0,0,0,,DEPTH_SNAPSHOT_STREAM,false
1295,PRE_ELECTION,,60.0,,0,0,0,0,,DEPTH_SNAPSHOT_STREAM,false
1295,ELECTION_DAY_PRE_RESULTS,,11.0,,0,0,0,0,,DEPTH_SNAPSHOT_STREAM,false
1295,ACTIVE_RESULTS,,6.0,,0,0,0,0,,DEPTH_SNAPSHOT_STREAM,false
1295,LATE_COUNT,,43.0,,0,0,0,0,,DEPTH_SNAPSHOT_STREAM,false
1295,POST_RESOLUTION_DIAGNOSTIC,,,,0,0,0,0,,DEPTH_SNAPSHOT_STREAM,false
1296,PRE_ELECTION,,60.0,,0,0,0,0,,DEPTH_SNAPSHOT_STREAM,false
1296,ELECTION_DAY_PRE_RESULTS,,11.0,,0,0,0,0,,DEPTH_SNAPSHOT_STREAM,false
1296,ACTIVE_RESULTS,,6.0,,0,0,0,0,,DEPTH_SNAPSHOT_STREAM,false
1296,LATE_COUNT,,43.0,,0,0,0,0,,DEPTH_SNAPSHOT_STREAM,false
1296,POST_RESOLUTION_DIAGNOSTIC,,,,0,0,0,0,,DEPTH_SNAPSHOT_STREAM,false
1297,PRE_ELECTION,,60.0,,0,0,0,0,,DEPTH_SNAPSHOT_STREAM,false
1297,ELECTION_DAY_PRE_RESULTS,,11.0,,0,0,0,0,,DEPTH_SNAPSHOT_STREAM,false
1297,ACTIVE_RESULTS,,6.0,,0,0,0,0,,DEPTH_SNAPSHOT_STREAM,false
1297,LATE_COUNT,,43.0,,0,0,0,0,,DEPTH_SNAPSHOT_STREAM,false
1297,POST_RESOLUTION_DIAGNOSTIC,,,,0,0,0,0,,DEPTH_SNAPSHOT_STREAM,false
1298,PRE_ELECTION,,60.0,,0,0,0,0,,DEPTH_SNAPSHOT_STREAM,false
1298,ELECTION_DAY_PRE_RESULTS,,11.0,,0,0,0,0,,DEPTH_SNAPSHOT_STREAM,false
1298,ACTIVE_RESULTS,,6.0,,0,0,0,0,,DEPTH_SNAPSHOT_STREAM,false
1298,LATE_COUNT,,43.0,,0,0,0,0,,DEPTH_SNAPSHOT_STREAM,false
1298,POST_RESOLUTION_DIAGNOSTIC,,,,0,0,0,0,,DEPTH_SNAPSHOT_STREAM,false
1299,PRE_ELECTION,,60.0,,0,0,0,0,,DEPTH_SNAPSHOT_STREAM,false
1299,ELECTION_DAY_PRE_RESULTS,,11.0,,0,0,0,0,,DEPTH_SNAPSHOT_STREAM,false
1299,ACTIVE_RESULTS,,6.0,,0,0,0,0,,DEPTH_SNAPSHOT_STREAM,false
1299,LATE_COUNT,,43.0,,0,0,0,0,,DEPTH_SNAPSHOT_STREAM,false
1299,POST_RESOLUTION_DIAGNOSTIC,,,,0,0,0,0,,DEPTH_SNAPSHOT_STREAM,false
1300,PRE_ELECTION,,60.0,,0,0,0,0,,DEPTH_SNAPSHOT_STREAM,false
1300,ELECTION_DAY_PRE_RESULTS,,11.0,,0,0,0,0,,DEPTH_SNAPSHOT_STREAM,false
1300,ACTIVE_RESULTS,,6.0,,0,0,0,0,,DEPTH_SNAPSHOT_STREAM,false
1300,LATE_COUNT,,43.0,,0,0,0,0,,DEPTH_SNAPSHOT_STREAM,false
1300,POST_RESOLUTION_DIAGNOSTIC,,,,0,0,0,0,,DEPTH_SNAPSHOT_STREAM,false
1301,PRE_ELECTION,,60.0,,0,0,0,0,,DEPTH_SNAPSHOT_STREAM,false
1301,ELECTION_DAY_PRE_RESULTS,,11.0,,0,0,0,0,,DEPTH_SNAPSHOT_STREAM,false
1301,ACTIVE_RESULTS,,6.0,,0,0,0,0,,DEPTH_SNAPSHOT_STREAM,false
1301,LATE_COUNT,,43.0,,0,0,0,0,,DEPTH_SNAPSHOT_STREAM,false
1301,POST_RESOLUTION_DIAGNOSTIC,,,,0,0,0,0,,DEPTH_SNAPSHOT_STREAM,false
1302,PRE_ELECTION,,60.0,,0,0,0,0,,DEPTH_SNAPSHOT_STREAM,false
1302,ELECTION_DAY_PRE_RESULTS,,11.0,,0,0,0,0,,DEPTH_SNAPSHOT_STREAM,false
1302,ACTIVE_RESULTS,,6.0,,0,0,0,0,,DEPTH_SNAPSHOT_STREAM,false
1302,LATE_COUNT,,43.0,,0,0,0,0,,DEPTH_SNAPSHOT_STREAM,false
1302,POST_RESOLUTION_DIAGNOSTIC,,,,0,0,0,0,,DEPTH_SNAPSHOT_STREAM,false
1303,PRE_ELECTION,,60.0,,0,0,0,0,,DEPTH_SNAPSHOT_STREAM,false
1303,ELECTION_DAY_PRE_RESULTS,,11.0,,0,0,0,0,,DEPTH_SNAPSHOT_STREAM,false
1303,ACTIVE_RESULTS,,6.0,,0,0,0,0,,DEPTH_SNAPSHOT_STREAM,false
1303,LATE_COUNT,,43.0,,0,0,0,0,,DEPTH_SNAPSHOT_STREAM,false
1303,POST_RESOLUTION_DIAGNOSTIC,,,,0,0,0,0,,DEPTH_SNAPSHOT_STREAM,false
1304,PRE_ELECTION,,60.0,,0,0,0,0,,DEPTH_SNAPSHOT_STREAM,false
1304,ELECTION_DAY_PRE_RESULTS,,11.0,,0,0,0,0,,DEPTH_SNAPSHOT_STREAM,false
1304,ACTIVE_RESULTS,,6.0,,0,0,0,0,,DEPTH_SNAPSHOT_STREAM,false
1304,LATE_COUNT,,43.0,,0,0,0,0,,DEPTH_SNAPSHOT_STREAM,false
1304,POST_RESOLUTION_DIAGNOSTIC,,,,0,0,0,0,,DEPTH_SNAPSHOT_STREAM,false
1305,PRE_ELECTION,,60.0,,0,0,0,0,,DEPTH_SNAPSHOT_STREAM,false
1305,ELECTION_DAY_PRE_RESULTS,,11.0,,0,0,0,0,,DEPTH_SNAPSHOT_STREAM,false
1305,ACTIVE_RESULTS,,6.0,,0,0,0,0,,DEPTH_SNAPSHOT_STREAM,false
1305,LATE_COUNT,,43.0,,0,0,0,0,,DEPTH_SNAPSHOT_STREAM,false
1305,POST_RESOLUTION_DIAGNOSTIC,,,,0,0,0,0,,DEPTH_SNAPSHOT_STREAM,false
1306,PRE_ELECTION,,60.0,,0,0,0,0,,DEPTH_SNAPSHOT_STREAM,false
1306,ELECTION_DAY_PRE_RESULTS,,11.0,,0,0,0,0,,DEPTH_SNAPSHOT_STREAM,false
1306,ACTIVE_RESULTS,,6.0,,0,0,0,0,,DEPTH_SNAPSHOT_STREAM,false
1306,LATE_COUNT,,43.0,,0,0,0,0,,DEPTH_SNAPSHOT_STREAM,false
1306,POST_RESOLUTION_DIAGNOSTIC,,,,0,0,0,0,,DEPTH_SNAPSHOT_STREAM,false
1307,PRE_ELECTION,,60.0,,0,0,0,0,,DEPTH_SNAPSHOT_STREAM,false
1307,ELECTION_DAY_PRE_RESULTS,,11.0,,0,0,0,0,,DEPTH_SNAPSHOT_STREAM,false
1307,ACTIVE_RESULTS,,6.0,,0,0,0,0,,DEPTH_SNAPSHOT_STREAM,false
1307,LATE_COUNT,,43.0,,0,0,0,0,,DEPTH_SNAPSHOT_STREAM,false
1307,POST_RESOLUTION_DIAGNOSTIC,,,,0,0,0,0,,DEPTH_SNAPSHOT_STREAM,false
1308,PRE_ELECTION,,60.0,,0,0,0,0,,DEPTH_SNAPSHOT_STREAM,false
1308,ELECTION_DAY_PRE_RESULTS,,11.0,,0,0,0,0,,DEPTH_SNAPSHOT_STREAM,false
1308,ACTIVE_RESULTS,,6.0,,0,0,0,0,,DEPTH_SNAPSHOT_STREAM,false
1308,LATE_COUNT,,43.0,,0,0,0,0,,DEPTH_SNAPSHOT_STREAM,false
1308,POST_RESOLUTION_DIAGNOSTIC,,,,0,0,0,0,,DEPTH_SNAPSHOT_STREAM,false
1309,PRE_ELECTION,,60.0,,0,0,0,0,,DEPTH_SNAPSHOT_STREAM,false
1309,ELECTION_DAY_PRE_RESULTS,,11.0,,0,0,0,0,,DEPTH_SNAPSHOT_STREAM,false
1309,ACTIVE_RESULTS,,6.0,,0,0,0,0,,DEPTH_SNAPSHOT_STREAM,false
1309,LATE_COUNT,,43.0,,0,0,0,0,,DEPTH_SNAPSHOT_STREAM,false
1309,POST_RESOLUTION_DIAGNOSTIC,,,,0,0,0,0,,DEPTH_SNAPSHOT_STREAM,false
1310,PRE_ELECTION,,60.0,,0,0,0,0,,DEPTH_SNAPSHOT_STREAM,false
1310,ELECTION_DAY_PRE_RESULTS,,11.0,,0,0,0,0,,DEPTH_SNAPSHOT_STREAM,false
1310,ACTIVE_RESULTS,,6.0,,0,0,0,0,,DEPTH_SNAPSHOT_STREAM,false
1310,LATE_COUNT,,43.0,,0,0,0,0,,DEPTH_SNAPSHOT_STREAM,false
1310,POST_RESOLUTION_DIAGNOSTIC,,,,0,0,0,0,,DEPTH_SNAPSHOT_STREAM,false
1311,PRE_ELECTION,,60.0,,0,0,0,0,,DEPTH_SNAPSHOT_STREAM,false
1311,ELECTION_DAY_PRE_RESULTS,,11.0,,0,0,0,0,,DEPTH_SNAPSHOT_STREAM,false
1311,ACTIVE_RESULTS,,6.0,,0,0,0,0,,DEPTH_SNAPSHOT_STREAM,false
1311,LATE_COUNT,,43.0,,0,0,0,0,,DEPTH_SNAPSHOT_STREAM,false
1311,POST_RESOLUTION_DIAGNOSTIC,,,,0,0,0,0,,DEPTH_SNAPSHOT_STREAM,false
1312,PRE_ELECTION,,60.0,,0,0,0,0,,DEPTH_SNAPSHOT_STREAM,false
1312,ELECTION_DAY_PRE_RESULTS,,11.0,,0,0,0,0,,DEPTH_SNAPSHOT_STREAM,false
1312,ACTIVE_RESULTS,,6.0,,0,0,0,0,,DEPTH_SNAPSHOT_STREAM,false
1312,LATE_COUNT,,43.0,,0,0,0,0,,DEPTH_SNAPSHOT_STREAM,false
1312,POST_RESOLUTION_DIAGNOSTIC,,,,0,0,0,0,,DEPTH_SNAPSHOT_STREAM,false
1313,PRE_ELECTION,,60.0,,0,0,0,0,,DEPTH_SNAPSHOT_STREAM,false
1313,ELECTION_DAY_PRE_RESULTS,,11.0,,0,0,0,0,,DEPTH_SNAPSHOT_STREAM,false
1313,ACTIVE_RESULTS,,6.0,,0,0,0,0,,DEPTH_SNAPSHOT_STREAM,false
1313,LATE_COUNT,,43.0,,0,0,0,0,,DEPTH_SNAPSHOT_STREAM,false
1313,POST_RESOLUTION_DIAGNOSTIC,,,,0,0,0,0,,DEPTH_SNAPSHOT_STREAM,false
1314,PRE_ELECTION,,60.0,,0,0,0,0,,DEPTH_SNAPSHOT_STREAM,false
1314,ELECTION_DAY_PRE_RESULTS,,11.0,,0,0,0,0,,DEPTH_SNAPSHOT_STREAM,false
1314,ACTIVE_RESULTS,,6.0,,0,0,0,0,,DEPTH_SNAPSHOT_STREAM,false
1314,LATE_COUNT,,43.0,,0,0,0,0,,DEPTH_SNAPSHOT_STREAM,false
1314,POST_RESOLUTION_DIAGNOSTIC,,,,0,0,0,0,,DEPTH_SNAPSHOT_STREAM,false
1315,PRE_ELECTION,,60.0,,0,0,0,0,,DEPTH_SNAPSHOT_STREAM,false
1315,ELECTION_DAY_PRE_RESULTS,,11.0,,0,0,0,0,,DEPTH_SNAPSHOT_STREAM,false
1315,ACTIVE_RESULTS,,6.0,,0,0,0,0,,DEPTH_SNAPSHOT_STREAM,false
1315,LATE_COUNT,,43.0,,0,0,0,0,,DEPTH_SNAPSHOT_STREAM,false
1315,POST_RESOLUTION_DIAGNOSTIC,,,,0,0,0,0,,DEPTH_SNAPSHOT_STREAM,false
1316,PRE_ELECTION,,60.0,,0,0,0,0,,DEPTH_SNAPSHOT_STREAM,false
1316,ELECTION_DAY_PRE_RESULTS,,11.0,,0,0,0,0,,DEPTH_SNAPSHOT_STREAM,false
1316,ACTIVE_RESULTS,,6.0,,0,0,0,0,,DEPTH_SNAPSHOT_STREAM,false
1316,LATE_COUNT,,43.0,,0,0,0,0,,DEPTH_SNAPSHOT_STREAM,false
1316,POST_RESOLUTION_DIAGNOSTIC,,,,0,0,0,0,,DEPTH_SNAPSHOT_STREAM,false
1317,PRE_ELECTION,,60.0,,0,0,0,0,,DEPTH_SNAPSHOT_STREAM,false
1317,ELECTION_DAY_PRE_RESULTS,,11.0,,0,0,0,0,,DEPTH_SNAPSHOT_STREAM,false
1317,ACTIVE_RESULTS,,6.0,,0,0,0,0,,DEPTH_SNAPSHOT_STREAM,false
1317,LATE_COUNT,,43.0,,0,0,0,0,,DEPTH_SNAPSHOT_STREAM,false
1317,POST_RESOLUTION_DIAGNOSTIC,,,,0,0,0,0,,DEPTH_SNAPSHOT_STREAM,false
1318,PRE_ELECTION,,60.0,,0,0,0,0,,DEPTH_SNAPSHOT_STREAM,false
1318,ELECTION_DAY_PRE_RESULTS,,11.0,,0,0,0,0,,DEPTH_SNAPSHOT_STREAM,false
1318,ACTIVE_RESULTS,,6.0,,0,0,0,0,,DEPTH_SNAPSHOT_STREAM,false
1318,LATE_COUNT,,43.0,,0,0,0,0,,DEPTH_SNAPSHOT_STREAM,false
1318,POST_RESOLUTION_DIAGNOSTIC,,,,0,0,0,0,,DEPTH_SNAPSHOT_STREAM,false
1319,PRE_ELECTION,,60.0,,0,0,0,0,,DEPTH_SNAPSHOT_STREAM,false
1319,ELECTION_DAY_PRE_RESULTS,,11.0,,0,0,0,0,,DEPTH_SNAPSHOT_STREAM,false
1319,ACTIVE_RESULTS,,6.0,,0,0,0,0,,DEPTH_SNAPSHOT_STREAM,false
1319,LATE_COUNT,,43.0,,0,0,0,0,,DEPTH_SNAPSHOT_STREAM,false
1319,POST_RESOLUTION_DIAGNOSTIC,,,,0,0,0,0,,DEPTH_SNAPSHOT_STREAM,false
1320,PRE_ELECTION,,60.0,,0,0,0,0,,DEPTH_SNAPSHOT_STREAM,false
1320,ELECTION_DAY_PRE_RESULTS,,11.0,,0,0,0,0,,DEPTH_SNAPSHOT_STREAM,false
1320,ACTIVE_RESULTS,,6.0,,0,0,0,0,,DEPTH_SNAPSHOT_STREAM,false
1320,LATE_COUNT,,43.0,,0,0,0,0,,DEPTH_SNAPSHOT_STREAM,false
1320,POST_RESOLUTION_DIAGNOSTIC,,,,0,0,0,0,,DEPTH_SNAPSHOT_STREAM,false
1321,PRE_ELECTION,,60.0,,0,0,0,0,,DEPTH_SNAPSHOT_STREAM,false
1321,ELECTION_DAY_PRE_RESULTS,,11.0,,0,0,0,0,,DEPTH_SNAPSHOT_STREAM,false
1321,ACTIVE_RESULTS,,6.0,,0,0,0,0,,DEPTH_SNAPSHOT_STREAM,false
1321,LATE_COUNT,,43.0,,0,0,0,0,,DEPTH_SNAPSHOT_STREAM,false
1321,POST_RESOLUTION_DIAGNOSTIC,,,,0,0,0,0,,DEPTH_SNAPSHOT_STREAM,false
1322,PRE_ELECTION,,60.0,,0,0,0,0,,DEPTH_SNAPSHOT_STREAM,false
1322,ELECTION_DAY_PRE_RESULTS,,11.0,,0,0,0,0,,DEPTH_SNAPSHOT_STREAM,false
1322,ACTIVE_RESULTS,,6.0,,0,0,0,0,,DEPTH_SNAPSHOT_STREAM,false
1322,LATE_COUNT,,43.0,,0,0,0,0,,DEPTH_SNAPSHOT_STREAM,false
1322,POST_RESOLUTION_DIAGNOSTIC,,,,0,0,0,0,,DEPTH_SNAPSHOT_STREAM,false
1323,PRE_ELECTION,,60.0,,0,0,0,0,,DEPTH_SNAPSHOT_STREAM,false
1323,ELECTION_DAY_PRE_RESULTS,,11.0,,0,0,0,0,,DEPTH_SNAPSHOT_STREAM,false
1323,ACTIVE_RESULTS,,6.0,,0,0,0,0,,DEPTH_SNAPSHOT_STREAM,false
1323,LATE_COUNT,,43.0,,0,0,0,0,,DEPTH_SNAPSHOT_STREAM,false
1323,POST_RESOLUTION_DIAGNOSTIC,,,,0,0,0,0,,DEPTH_SNAPSHOT_STREAM,false
1324,PRE_ELECTION,,60.0,,0,0,0,0,,DEPTH_SNAPSHOT_STREAM,false
1324,ELECTION_DAY_PRE_RESULTS,,11.0,,0,0,0,0,,DEPTH_SNAPSHOT_STREAM,false
1324,ACTIVE_RESULTS,,6.0,,0,0,0,0,,DEPTH_SNAPSHOT_STREAM,false
1324,LATE_COUNT,,43.0,,0,0,0,0,,DEPTH_SNAPSHOT_STREAM,false
1324,POST_RESOLUTION_DIAGNOSTIC,,,,0,0,0,0,,DEPTH_SNAPSHOT_STREAM,false
1325,PRE_ELECTION,,60.0,,0,0,0,0,,DEPTH_SNAPSHOT_STREAM,false
1325,ELECTION_DAY_PRE_RESULTS,,11.0,,0,0,0,0,,DEPTH_SNAPSHOT_STREAM,false
1325,ACTIVE_RESULTS,,6.0,,0,0,0,0,,DEPTH_SNAPSHOT_STREAM,false
1325,LATE_COUNT,,43.0,,0,0,0,0,,DEPTH_SNAPSHOT_STREAM,false
1325,POST_RESOLUTION_DIAGNOSTIC,,,,0,0,0,0,,DEPTH_SNAPSHOT_STREAM,false
1326,PRE_ELECTION,,60.0,,0,0,0,0,,DEPTH_SNAPSHOT_STREAM,false
1326,ELECTION_DAY_PRE_RESULTS,,11.0,,0,0,0,0,,DEPTH_SNAPSHOT_STREAM,false
1326,ACTIVE_RESULTS,,6.0,,0,0,0,0,,DEPTH_SNAPSHOT_STREAM,false
1326,LATE_COUNT,,43.0,,0,0,0,0,,DEPTH_SNAPSHOT_STREAM,false
1326,POST_RESOLUTION_DIAGNOSTIC,,,,0,0,0,0,,DEPTH_SNAPSHOT_STREAM,false
1327,PRE_ELECTION,,60.0,,0,0,0,0,,DEPTH_SNAPSHOT_STREAM,false
1327,ELECTION_DAY_PRE_RESULTS,,11.0,,0,0,0,0,,DEPTH_SNAPSHOT_STREAM,false
1327,ACTIVE_RESULTS,,6.0,,0,0,0,0,,DEPTH_SNAPSHOT_STREAM,false
1327,LATE_COUNT,,43.0,,0,0,0,0,,DEPTH_SNAPSHOT_STREAM,false
1327,POST_RESOLUTION_DIAGNOSTIC,,,,0,0,0,0,,DEPTH_SNAPSHOT_STREAM,false
1328,PRE_ELECTION,,60.0,,0,0,0,0,,DEPTH_SNAPSHOT_STREAM,false
1328,ELECTION_DAY_PRE_RESULTS,,11.0,,0,0,0,0,,DEPTH_SNAPSHOT_STREAM,false
1328,ACTIVE_RESULTS,,6.0,,0,0,0,0,,DEPTH_SNAPSHOT_STREAM,false
1328,LATE_COUNT,,43.0,,0,0,0,0,,DEPTH_SNAPSHOT_STREAM,false
1328,POST_RESOLUTION_DIAGNOSTIC,,,,0,0,0,0,,DEPTH_SNAPSHOT_STREAM,false
1329,PRE_ELECTION,,60.0,,0,0,0,0,,DEPTH_SNAPSHOT_STREAM,false
1329,ELECTION_DAY_PRE_RESULTS,,11.0,,0,0,0,0,,DEPTH_SNAPSHOT_STREAM,false
1329,ACTIVE_RESULTS,,6.0,,0,0,0,0,,DEPTH_SNAPSHOT_STREAM,false
1329,LATE_COUNT,,43.0,,0,0,0,0,,DEPTH_SNAPSHOT_STREAM,false
1329,POST_RESOLUTION_DIAGNOSTIC,,,,0,0,0,0,,DEPTH_SNAPSHOT_STREAM,false
1330,PRE_ELECTION,,60.0,,0,0,0,0,,DEPTH_SNAPSHOT_STREAM,false
1330,ELECTION_DAY_PRE_RESULTS,,11.0,,0,0,0,0,,DEPTH_SNAPSHOT_STREAM,false
1330,ACTIVE_RESULTS,,6.0,,0,0,0,0,,DEPTH_SNAPSHOT_STREAM,false
1330,LATE_COUNT,,43.0,,0,0,0,0,,DEPTH_SNAPSHOT_STREAM,false
1330,POST_RESOLUTION_DIAGNOSTIC,,,,0,0,0,0,,DEPTH_SNAPSHOT_STREAM,false
1331,PRE_ELECTION,,60.0,,0,0,0,0,,DEPTH_SNAPSHOT_STREAM,false
1331,ELECTION_DAY_PRE_RESULTS,,11.0,,0,0,0,0,,DEPTH_SNAPSHOT_STREAM,false
1331,ACTIVE_RESULTS,,6.0,,0,0,0,0,,DEPTH_SNAPSHOT_STREAM,false
1331,LATE_COUNT,,43.0,,0,0,0,0,,DEPTH_SNAPSHOT_STREAM,false
1331,POST_RESOLUTION_DIAGNOSTIC,,,,0,0,0,0,,DEPTH_SNAPSHOT_STREAM,false
1332,PRE_ELECTION,,60.0,,0,0,0,0,,DEPTH_SNAPSHOT_STREAM,false
1332,ELECTION_DAY_PRE_RESULTS,,11.0,,0,0,0,0,,DEPTH_SNAPSHOT_STREAM,false
1332,ACTIVE_RESULTS,,6.0,,0,0,0,0,,DEPTH_SNAPSHOT_STREAM,false
1332,LATE_COUNT,,43.0,,0,0,0,0,,DEPTH_SNAPSHOT_STREAM,false
1332,POST_RESOLUTION_DIAGNOSTIC,,,,0,0,0,0,,DEPTH_SNAPSHOT_STREAM,false
1333,PRE_ELECTION,,60.0,,0,0,0,0,,DEPTH_SNAPSHOT_STREAM,false
1333,ELECTION_DAY_PRE_RESULTS,,11.0,,0,0,0,0,,DEPTH_SNAPSHOT_STREAM,false
1333,ACTIVE_RESULTS,,6.0,,0,0,0,0,,DEPTH_SNAPSHOT_STREAM,false
1333,LATE_COUNT,,43.0,,0,0,0,0,,DEPTH_SNAPSHOT_STREAM,false
1333,POST_RESOLUTION_DIAGNOSTIC,,,,0,0,0,0,,DEPTH_SNAPSHOT_STREAM,false
1334,PRE_ELECTION,,60.0,,0,0,0,0,,DEPTH_SNAPSHOT_STREAM,false
1334,ELECTION_DAY_PRE_RESULTS,,11.0,,0,0,0,0,,DEPTH_SNAPSHOT_STREAM,false
1334,ACTIVE_RESULTS,,6.0,,0,0,0,0,,DEPTH_SNAPSHOT_STREAM,false
1334,LATE_COUNT,,43.0,,0,0,0,0,,DEPTH_SNAPSHOT_STREAM,false
1334,POST_RESOLUTION_DIAGNOSTIC,,,,0,0,0,0,,DEPTH_SNAPSHOT_STREAM,false
1335,PRE_ELECTION,,60.0,,0,0,0,0,,DEPTH_SNAPSHOT_STREAM,false
1335,ELECTION_DAY_PRE_RESULTS,,11.0,,0,0,0,0,,DEPTH_SNAPSHOT_STREAM,false
1335,ACTIVE_RESULTS,,6.0,,0,0,0,0,,DEPTH_SNAPSHOT_STREAM,false
1335,LATE_COUNT,,43.0,,0,0,0,0,,DEPTH_SNAPSHOT_STREAM,false
1335,POST_RESOLUTION_DIAGNOSTIC,,,,0,0,0,0,,DEPTH_SNAPSHOT_STREAM,false
1336,PRE_ELECTION,,60.0,,0,0,0,0,,DEPTH_SNAPSHOT_STREAM,false
1336,ELECTION_DAY_PRE_RESULTS,,11.0,,0,0,0,0,,DEPTH_SNAPSHOT_STREAM,false
1336,ACTIVE_RESULTS,,6.0,,0,0,0,0,,DEPTH_SNAPSHOT_STREAM,false
1336,LATE_COUNT,,43.0,,0,0,0,0,,DEPTH_SNAPSHOT_STREAM,false
1336,POST_RESOLUTION_DIAGNOSTIC,,,,0,0,0,0,,DEPTH_SNAPSHOT_STREAM,false
1337,PRE_ELECTION,,60.0,,0,0,0,0,,DEPTH_SNAPSHOT_STREAM,false
1337,ELECTION_DAY_PRE_RESULTS,,11.0,,0,0,0,0,,DEPTH_SNAPSHOT_STREAM,false
1337,ACTIVE_RESULTS,,6.0,,0,0,0,0,,DEPTH_SNAPSHOT_STREAM,false
1337,LATE_COUNT,,43.0,,0,0,0,0,,DEPTH_SNAPSHOT_STREAM,false
1337,POST_RESOLUTION_DIAGNOSTIC,,,,0,0,0,0,,DEPTH_SNAPSHOT_STREAM,false
1338,PRE_ELECTION,,60.0,,0,0,0,0,,DEPTH_SNAPSHOT_STREAM,false
1338,ELECTION_DAY_PRE_RESULTS,,11.0,,0,0,0,0,,DEPTH_SNAPSHOT_STREAM,false
1338,ACTIVE_RESULTS,,6.0,,0,0,0,0,,DEPTH_SNAPSHOT_STREAM,false
1338,LATE_COUNT,,43.0,,0,0,0,0,,DEPTH_SNAPSHOT_STREAM,false
1338,POST_RESOLUTION_DIAGNOSTIC,,,,0,0,0,0,,DEPTH_SNAPSHOT_STREAM,false
1339,PRE_ELECTION,,60.0,,0,0,0,0,,DEPTH_SNAPSHOT_STREAM,false
1339,ELECTION_DAY_PRE_RESULTS,,11.0,,0,0,0,0,,DEPTH_SNAPSHOT_STREAM,false
1339,ACTIVE_RESULTS,,6.0,,0,0,0,0,,DEPTH_SNAPSHOT_STREAM,false
1339,LATE_COUNT,,43.0,,0,0,0,0,,DEPTH_SNAPSHOT_STREAM,false
1339,POST_RESOLUTION_DIAGNOSTIC,,,,0,0,0,0,,DEPTH_SNAPSHOT_STREAM,false
1340,PRE_ELECTION,,60.0,,0,0,0,0,,DEPTH_SNAPSHOT_STREAM,false
1340,ELECTION_DAY_PRE_RESULTS,,11.0,,0,0,0,0,,DEPTH_SNAPSHOT_STREAM,false
1340,ACTIVE_RESULTS,,6.0,,0,0,0,0,,DEPTH_SNAPSHOT_STREAM,false
1340,LATE_COUNT,,43.0,,0,0,0,0,,DEPTH_SNAPSHOT_STREAM,false
1340,POST_RESOLUTION_DIAGNOSTIC,,,,0,0,0,0,,DEPTH_SNAPSHOT_STREAM,false
1341,PRE_ELECTION,,60.0,,0,0,0,0,,DEPTH_SNAPSHOT_STREAM,false
1341,ELECTION_DAY_PRE_RESULTS,,11.0,,0,0,0,0,,DEPTH_SNAPSHOT_STREAM,false
1341,ACTIVE_RESULTS,,6.0,,0,0,0,0,,DEPTH_SNAPSHOT_STREAM,false
1341,LATE_COUNT,,43.0,,0,0,0,0,,DEPTH_SNAPSHOT_STREAM,false
1341,POST_RESOLUTION_DIAGNOSTIC,,,,0,0,0,0,,DEPTH_SNAPSHOT_STREAM,false
1342,PRE_ELECTION,,60.0,,0,0,0,0,,DEPTH_SNAPSHOT_STREAM,false
1342,ELECTION_DAY_PRE_RESULTS,,11.0,,0,0,0,0,,DEPTH_SNAPSHOT_STREAM,false
1342,ACTIVE_RESULTS,,6.0,,0,0,0,0,,DEPTH_SNAPSHOT_STREAM,false
1342,LATE_COUNT,,43.0,,0,0,0,0,,DEPTH_SNAPSHOT_STREAM,false
1342,POST_RESOLUTION_DIAGNOSTIC,,,,0,0,0,0,,DEPTH_SNAPSHOT_STREAM,false
1343,PRE_ELECTION,,60.0,,0,0,0,0,,DEPTH_SNAPSHOT_STREAM,false
1343,ELECTION_DAY_PRE_RESULTS,,11.0,,0,0,0,0,,DEPTH_SNAPSHOT_STREAM,false
1343,ACTIVE_RESULTS,,6.0,,0,0,0,0,,DEPTH_SNAPSHOT_STREAM,false
1343,LATE_COUNT,,43.0,,0,0,0,0,,DEPTH_SNAPSHOT_STREAM,false
1343,POST_RESOLUTION_DIAGNOSTIC,,,,0,0,0,0,,DEPTH_SNAPSHOT_STREAM,false
1344,PRE_ELECTION,,60.0,,0,0,0,0,,DEPTH_SNAPSHOT_STREAM,false
1344,ELECTION_DAY_PRE_RESULTS,,11.0,,0,0,0,0,,DEPTH_SNAPSHOT_STREAM,false
1344,ACTIVE_RESULTS,,6.0,,0,0,0,0,,DEPTH_SNAPSHOT_STREAM,false
1344,LATE_COUNT,,43.0,,0,0,0,0,,DEPTH_SNAPSHOT_STREAM,false
1344,POST_RESOLUTION_DIAGNOSTIC,,,,0,0,0,0,,DEPTH_SNAPSHOT_STREAM,false
1345,PRE_ELECTION,,60.0,,0,0,0,0,,DEPTH_SNAPSHOT_STREAM,false
1345,ELECTION_DAY_PRE_RESULTS,,11.0,,0,0,0,0,,DEPTH_SNAPSHOT_STREAM,false
1345,ACTIVE_RESULTS,,6.0,,0,0,0,0,,DEPTH_SNAPSHOT_STREAM,false
1345,LATE_COUNT,,43.0,,0,0,0,0,,DEPTH_SNAPSHOT_STREAM,false
1345,POST_RESOLUTION_DIAGNOSTIC,,,,0,0,0,0,,DEPTH_SNAPSHOT_STREAM,false
1346,PRE_ELECTION,,60.0,,0,0,0,0,,DEPTH_SNAPSHOT_STREAM,false
1346,ELECTION_DAY_PRE_RESULTS,,11.0,,0,0,0,0,,DEPTH_SNAPSHOT_STREAM,false
1346,ACTIVE_RESULTS,,6.0,,0,0,0,0,,DEPTH_SNAPSHOT_STREAM,false
1346,LATE_COUNT,,43.0,,0,0,0,0,,DEPTH_SNAPSHOT_STREAM,false
1346,POST_RESOLUTION_DIAGNOSTIC,,,,0,0,0,0,,DEPTH_SNAPSHOT_STREAM,false
1347,PRE_ELECTION,,60.0,,0,0,0,0,,DEPTH_SNAPSHOT_STREAM,false
1347,ELECTION_DAY_PRE_RESULTS,,11.0,,0,0,0,0,,DEPTH_SNAPSHOT_STREAM,false
1347,ACTIVE_RESULTS,,6.0,,0,0,0,0,,DEPTH_SNAPSHOT_STREAM,false
1347,LATE_COUNT,,43.0,,0,0,0,0,,DEPTH_SNAPSHOT_STREAM,false
1347,POST_RESOLUTION_DIAGNOSTIC,,,,0,0,0,0,,DEPTH_SNAPSHOT_STREAM,false
1348,PRE_ELECTION,,60.0,,0,0,0,0,,DEPTH_SNAPSHOT_STREAM,false
1348,ELECTION_DAY_PRE_RESULTS,,11.0,,0,0,0,0,,DEPTH_SNAPSHOT_STREAM,false
1348,ACTIVE_RESULTS,,6.0,,0,0,0,0,,DEPTH_SNAPSHOT_STREAM,false
1348,LATE_COUNT,,43.0,,0,0,0,0,,DEPTH_SNAPSHOT_STREAM,false
1348,POST_RESOLUTION_DIAGNOSTIC,,,,0,0,0,0,,DEPTH_SNAPSHOT_STREAM,false
1349,PRE_ELECTION,,60.0,,0,0,0,0,,DEPTH_SNAPSHOT_STREAM,false
1349,ELECTION_DAY_PRE_RESULTS,,11.0,,0,0,0,0,,DEPTH_SNAPSHOT_STREAM,false
1349,ACTIVE_RESULTS,,6.0,,0,0,0,0,,DEPTH_SNAPSHOT_STREAM,false
1349,LATE_COUNT,,43.0,,0,0,0,0,,DEPTH_SNAPSHOT_STREAM,false
1349,POST_RESOLUTION_DIAGNOSTIC,,,,0,0,0,0,,DEPTH_SNAPSHOT_STREAM,false
1350,PRE_ELECTION,,60.0,,0,0,0,0,,DEPTH_SNAPSHOT_STREAM,false
1350,ELECTION_DAY_PRE_RESULTS,,11.0,,0,0,0,0,,DEPTH_SNAPSHOT_STREAM,false
1350,ACTIVE_RESULTS,,6.0,,0,0,0,0,,DEPTH_SNAPSHOT_STREAM,false
1350,LATE_COUNT,,43.0,,0,0,0,0,,DEPTH_SNAPSHOT_STREAM,false
1350,POST_RESOLUTION_DIAGNOSTIC,,,,0,0,0,0,,DEPTH_SNAPSHOT_STREAM,false
1351,PRE_ELECTION,,60.0,,0,0,0,0,,DEPTH_SNAPSHOT_STREAM,false
1351,ELECTION_DAY_PRE_RESULTS,,11.0,,0,0,0,0,,DEPTH_SNAPSHOT_STREAM,false
1351,ACTIVE_RESULTS,,6.0,,0,0,0,0,,DEPTH_SNAPSHOT_STREAM,false
1351,LATE_COUNT,,43.0,,0,0,0,0,,DEPTH_SNAPSHOT_STREAM,false
1351,POST_RESOLUTION_DIAGNOSTIC,,,,0,0,0,0,,DEPTH_SNAPSHOT_STREAM,false
1352,PRE_ELECTION,,60.0,,0,0,0,0,,DEPTH_SNAPSHOT_STREAM,false
1352,ELECTION_DAY_PRE_RESULTS,,11.0,,0,0,0,0,,DEPTH_SNAPSHOT_STREAM,false
1352,ACTIVE_RESULTS,,6.0,,0,0,0,0,,DEPTH_SNAPSHOT_STREAM,false
1352,LATE_COUNT,,43.0,,0,0,0,0,,DEPTH_SNAPSHOT_STREAM,false
1352,POST_RESOLUTION_DIAGNOSTIC,,,,0,0,0,0,,DEPTH_SNAPSHOT_STREAM,false
1353,PRE_ELECTION,,60.0,,0,0,0,0,,DEPTH_SNAPSHOT_STREAM,false
1353,ELECTION_DAY_PRE_RESULTS,,11.0,,0,0,0,0,,DEPTH_SNAPSHOT_STREAM,false
1353,ACTIVE_RESULTS,,6.0,,0,0,0,0,,DEPTH_SNAPSHOT_STREAM,false
1353,LATE_COUNT,,43.0,,0,0,0,0,,DEPTH_SNAPSHOT_STREAM,false
1353,POST_RESOLUTION_DIAGNOSTIC,,,,0,0,0,0,,DEPTH_SNAPSHOT_STREAM,false
1354,PRE_ELECTION,,60.0,,0,0,0,0,,DEPTH_SNAPSHOT_STREAM,false
1354,ELECTION_DAY_PRE_RESULTS,,11.0,,0,0,0,0,,DEPTH_SNAPSHOT_STREAM,false
1354,ACTIVE_RESULTS,,6.0,,0,0,0,0,,DEPTH_SNAPSHOT_STREAM,false
1354,LATE_COUNT,,43.0,,0,0,0,0,,DEPTH_SNAPSHOT_STREAM,false
1354,POST_RESOLUTION_DIAGNOSTIC,,,,0,0,0,0,,DEPTH_SNAPSHOT_STREAM,false
1355,PRE_ELECTION,,60.0,,0,0,0,0,,DEPTH_SNAPSHOT_STREAM,false
1355,ELECTION_DAY_PRE_RESULTS,,11.0,,0,0,0,0,,DEPTH_SNAPSHOT_STREAM,false
1355,ACTIVE_RESULTS,,6.0,,0,0,0,0,,DEPTH_SNAPSHOT_STREAM,false
1355,LATE_COUNT,,43.0,,0,0,0,0,,DEPTH_SNAPSHOT_STREAM,false
1355,POST_RESOLUTION_DIAGNOSTIC,,,,0,0,0,0,,DEPTH_SNAPSHOT_STREAM,false
1356,PRE_ELECTION,,60.0,,0,0,0,0,,DEPTH_SNAPSHOT_STREAM,false
1356,ELECTION_DAY_PRE_RESULTS,,11.0,,0,0,0,0,,DEPTH_SNAPSHOT_STREAM,false
1356,ACTIVE_RESULTS,,6.0,,0,0,0,0,,DEPTH_SNAPSHOT_STREAM,false
1356,LATE_COUNT,,43.0,,0,0,0,0,,DEPTH_SNAPSHOT_STREAM,false
1356,POST_RESOLUTION_DIAGNOSTIC,,,,0,0,0,0,,DEPTH_SNAPSHOT_STREAM,false
1357,PRE_ELECTION,,60.0,,0,0,0,0,,DEPTH_SNAPSHOT_STREAM,false
1357,ELECTION_DAY_PRE_RESULTS,,11.0,,0,0,0,0,,DEPTH_SNAPSHOT_STREAM,false
1357,ACTIVE_RESULTS,,6.0,,0,0,0,0,,DEPTH_SNAPSHOT_STREAM,false
1357,LATE_COUNT,,43.0,,0,0,0,0,,DEPTH_SNAPSHOT_STREAM,false
1357,POST_RESOLUTION_DIAGNOSTIC,,,,0,0,0,0,,DEPTH_SNAPSHOT_STREAM,false
1358,PRE_ELECTION,,60.0,,0,0,0,0,,DEPTH_SNAPSHOT_STREAM,false
1358,ELECTION_DAY_PRE_RESULTS,,11.0,,0,0,0,0,,DEPTH_SNAPSHOT_STREAM,false
1358,ACTIVE_RESULTS,,6.0,,0,0,0,0,,DEPTH_SNAPSHOT_STREAM,false
1358,LATE_COUNT,,43.0,,0,0,0,0,,DEPTH_SNAPSHOT_STREAM,false
1358,POST_RESOLUTION_DIAGNOSTIC,,,,0,0,0,0,,DEPTH_SNAPSHOT_STREAM,false
1359,PRE_ELECTION,,60.0,,0,0,0,0,,DEPTH_SNAPSHOT_STREAM,false
1359,ELECTION_DAY_PRE_RESULTS,,11.0,,0,0,0,0,,DEPTH_SNAPSHOT_STREAM,false
1359,ACTIVE_RESULTS,,6.0,,0,0,0,0,,DEPTH_SNAPSHOT_STREAM,false
1359,LATE_COUNT,,43.0,,0,0,0,0,,DEPTH_SNAPSHOT_STREAM,false
1359,POST_RESOLUTION_DIAGNOSTIC,,,,0,0,0,0,,DEPTH_SNAPSHOT_STREAM,false
1360,PRE_ELECTION,,60.0,,0,0,0,0,,DEPTH_SNAPSHOT_STREAM,false
1360,ELECTION_DAY_PRE_RESULTS,,11.0,,0,0,0,0,,DEPTH_SNAPSHOT_STREAM,false
1360,ACTIVE_RESULTS,,6.0,,0,0,0,0,,DEPTH_SNAPSHOT_STREAM,false
1360,LATE_COUNT,,43.0,,0,0,0,0,,DEPTH_SNAPSHOT_STREAM,false
1360,POST_RESOLUTION_DIAGNOSTIC,,,,0,0,0,0,,DEPTH_SNAPSHOT_STREAM,false
1361,PRE_ELECTION,,60.0,,0,0,0,0,,DEPTH_SNAPSHOT_STREAM,false
1361,ELECTION_DAY_PRE_RESULTS,,11.0,,0,0,0,0,,DEPTH_SNAPSHOT_STREAM,false
1361,ACTIVE_RESULTS,,6.0,,0,0,0,0,,DEPTH_SNAPSHOT_STREAM,false
1361,LATE_COUNT,,43.0,,0,0,0,0,,DEPTH_SNAPSHOT_STREAM,false
1361,POST_RESOLUTION_DIAGNOSTIC,,,,0,0,0,0,,DEPTH_SNAPSHOT_STREAM,false
1362,PRE_ELECTION,,60.0,,0,0,0,0,,DEPTH_SNAPSHOT_STREAM,false
1362,ELECTION_DAY_PRE_RESULTS,,11.0,,0,0,0,0,,DEPTH_SNAPSHOT_STREAM,false
1362,ACTIVE_RESULTS,,6.0,,0,0,0,0,,DEPTH_SNAPSHOT_STREAM,false
1362,LATE_COUNT,,43.0,,0,0,0,0,,DEPTH_SNAPSHOT_STREAM,false
1362,POST_RESOLUTION_DIAGNOSTIC,,,,0,0,0,0,,DEPTH_SNAPSHOT_STREAM,false
1363,PRE_ELECTION,,60.0,,0,0,0,0,,DEPTH_SNAPSHOT_STREAM,false
1363,ELECTION_DAY_PRE_RESULTS,,11.0,,0,0,0,0,,DEPTH_SNAPSHOT_STREAM,false
1363,ACTIVE_RESULTS,,6.0,,0,0,0,0,,DEPTH_SNAPSHOT_STREAM,false
1363,LATE_COUNT,,43.0,,0,0,0,0,,DEPTH_SNAPSHOT_STREAM,false
1363,POST_RESOLUTION_DIAGNOSTIC,,,,0,0,0,0,,DEPTH_SNAPSHOT_STREAM,false
1364,PRE_ELECTION,,60.0,,0,0,0,0,,DEPTH_SNAPSHOT_STREAM,false
1364,ELECTION_DAY_PRE_RESULTS,,11.0,,0,0,0,0,,DEPTH_SNAPSHOT_STREAM,false
1364,ACTIVE_RESULTS,,6.0,,0,0,0,0,,DEPTH_SNAPSHOT_STREAM,false
1364,LATE_COUNT,,43.0,,0,0,0,0,,DEPTH_SNAPSHOT_STREAM,false
1364,POST_RESOLUTION_DIAGNOSTIC,,,,0,0,0,0,,DEPTH_SNAPSHOT_STREAM,false
1365,PRE_ELECTION,,60.0,,0,0,0,0,,DEPTH_SNAPSHOT_STREAM,false
1365,ELECTION_DAY_PRE_RESULTS,,11.0,,0,0,0,0,,DEPTH_SNAPSHOT_STREAM,false
1365,ACTIVE_RESULTS,,6.0,,0,0,0,0,,DEPTH_SNAPSHOT_STREAM,false
1365,LATE_COUNT,,43.0,,0,0,0,0,,DEPTH_SNAPSHOT_STREAM,false
1365,POST_RESOLUTION_DIAGNOSTIC,,,,0,0,0,0,,DEPTH_SNAPSHOT_STREAM,false
1366,PRE_ELECTION,,60.0,,0,0,0,0,,DEPTH_SNAPSHOT_STREAM,false
1366,ELECTION_DAY_PRE_RESULTS,,11.0,,0,0,0,0,,DEPTH_SNAPSHOT_STREAM,false
1366,ACTIVE_RESULTS,,6.0,,0,0,0,0,,DEPTH_SNAPSHOT_STREAM,false
1366,LATE_COUNT,,43.0,,0,0,0,0,,DEPTH_SNAPSHOT_STREAM,false
1366,POST_RESOLUTION_DIAGNOSTIC,,,,0,0,0,0,,DEPTH_SNAPSHOT_STREAM,false
1367,PRE_ELECTION,,60.0,,0,0,0,0,,DEPTH_SNAPSHOT_STREAM,false
1367,ELECTION_DAY_PRE_RESULTS,,11.0,,0,0,0,0,,DEPTH_SNAPSHOT_STREAM,false
1367,ACTIVE_RESULTS,,6.0,,0,0,0,0,,DEPTH_SNAPSHOT_STREAM,false
1367,LATE_COUNT,,43.0,,0,0,0,0,,DEPTH_SNAPSHOT_STREAM,false
1367,POST_RESOLUTION_DIAGNOSTIC,,,,0,0,0,0,,DEPTH_SNAPSHOT_STREAM,false
1368,PRE_ELECTION,,60.0,,0,0,0,0,,DEPTH_SNAPSHOT_STREAM,false
1368,ELECTION_DAY_PRE_RESULTS,,11.0,,0,0,0,0,,DEPTH_SNAPSHOT_STREAM,false
1368,ACTIVE_RESULTS,,6.0,,0,0,0,0,,DEPTH_SNAPSHOT_STREAM,false
1368,LATE_COUNT,,43.0,,0,0,0,0,,DEPTH_SNAPSHOT_STREAM,false
1368,POST_RESOLUTION_DIAGNOSTIC,,,,0,0,0,0,,DEPTH_SNAPSHOT_STREAM,false
1369,PRE_ELECTION,,60.0,,0,0,0,0,,DEPTH_SNAPSHOT_STREAM,false
1369,ELECTION_DAY_PRE_RESULTS,,11.0,,0,0,0,0,,DEPTH_SNAPSHOT_STREAM,false
1369,ACTIVE_RESULTS,,6.0,,0,0,0,0,,DEPTH_SNAPSHOT_STREAM,false
1369,LATE_COUNT,,43.0,,0,0,0,0,,DEPTH_SNAPSHOT_STREAM,false
1369,POST_RESOLUTION_DIAGNOSTIC,,,,0,0,0,0,,DEPTH_SNAPSHOT_STREAM,false
1370,PRE_ELECTION,,60.0,,0,0,0,0,,DEPTH_SNAPSHOT_STREAM,false
1370,ELECTION_DAY_PRE_RESULTS,,11.0,,0,0,0,0,,DEPTH_SNAPSHOT_STREAM,false
1370,ACTIVE_RESULTS,,6.0,,0,0,0,0,,DEPTH_SNAPSHOT_STREAM,false
1370,LATE_COUNT,,43.0,,0,0,0,0,,DEPTH_SNAPSHOT_STREAM,false
1370,POST_RESOLUTION_DIAGNOSTIC,,,,0,0,0,0,,DEPTH_SNAPSHOT_STREAM,false
1371,PRE_ELECTION,,60.0,,0,0,0,0,,DEPTH_SNAPSHOT_STREAM,false
1371,ELECTION_DAY_PRE_RESULTS,,11.0,,0,0,0,0,,DEPTH_SNAPSHOT_STREAM,false
1371,ACTIVE_RESULTS,,6.0,,0,0,0,0,,DEPTH_SNAPSHOT_STREAM,false
1371,LATE_COUNT,,43.0,,0,0,0,0,,DEPTH_SNAPSHOT_STREAM,false
1371,POST_RESOLUTION_DIAGNOSTIC,,,,0,0,0,0,,DEPTH_SNAPSHOT_STREAM,false
1372,PRE_ELECTION,,60.0,,0,0,0,0,,DEPTH_SNAPSHOT_STREAM,false
1372,ELECTION_DAY_PRE_RESULTS,,11.0,,0,0,0,0,,DEPTH_SNAPSHOT_STREAM,false
1372,ACTIVE_RESULTS,,6.0,,0,0,0,0,,DEPTH_SNAPSHOT_STREAM,false
1372,LATE_COUNT,,43.0,,0,0,0,0,,DEPTH_SNAPSHOT_STREAM,false
1372,POST_RESOLUTION_DIAGNOSTIC,,,,0,0,0,0,,DEPTH_SNAPSHOT_STREAM,false
1373,PRE_ELECTION,,60.0,,0,0,0,0,,DEPTH_SNAPSHOT_STREAM,false
1373,ELECTION_DAY_PRE_RESULTS,,11.0,,0,0,0,0,,DEPTH_SNAPSHOT_STREAM,false
1373,ACTIVE_RESULTS,,6.0,,0,0,0,0,,DEPTH_SNAPSHOT_STREAM,false
1373,LATE_COUNT,,43.0,,0,0,0,0,,DEPTH_SNAPSHOT_STREAM,false
1373,POST_RESOLUTION_DIAGNOSTIC,,,,0,0,0,0,,DEPTH_SNAPSHOT_STREAM,false
1374,PRE_ELECTION,,60.0,,0,0,0,0,,DEPTH_SNAPSHOT_STREAM,false
1374,ELECTION_DAY_PRE_RESULTS,,11.0,,0,0,0,0,,DEPTH_SNAPSHOT_STREAM,false
1374,ACTIVE_RESULTS,,6.0,,0,0,0,0,,DEPTH_SNAPSHOT_STREAM,false
1374,LATE_COUNT,,43.0,,0,0,0,0,,DEPTH_SNAPSHOT_STREAM,false
1374,POST_RESOLUTION_DIAGNOSTIC,,,,0,0,0,0,,DEPTH_SNAPSHOT_STREAM,false
1375,PRE_ELECTION,,60.0,,0,0,0,0,,DEPTH_SNAPSHOT_STREAM,false
1375,ELECTION_DAY_PRE_RESULTS,,11.0,,0,0,0,0,,DEPTH_SNAPSHOT_STREAM,false
1375,ACTIVE_RESULTS,,6.0,,0,0,0,0,,DEPTH_SNAPSHOT_STREAM,false
1375,LATE_COUNT,,43.0,,0,0,0,0,,DEPTH_SNAPSHOT_STREAM,false
1375,POST_RESOLUTION_DIAGNOSTIC,,,,0,0,0,0,,DEPTH_SNAPSHOT_STREAM,false
1376,PRE_ELECTION,,60.0,,0,0,0,0,,DEPTH_SNAPSHOT_STREAM,false
1376,ELECTION_DAY_PRE_RESULTS,,11.0,,0,0,0,0,,DEPTH_SNAPSHOT_STREAM,false
1376,ACTIVE_RESULTS,,6.0,,0,0,0,0,,DEPTH_SNAPSHOT_STREAM,false
1376,LATE_COUNT,,43.0,,0,0,0,0,,DEPTH_SNAPSHOT_STREAM,false
1376,POST_RESOLUTION_DIAGNOSTIC,,,,0,0,0,0,,DEPTH_SNAPSHOT_STREAM,false
1377,PRE_ELECTION,,60.0,,0,0,0,0,,DEPTH_SNAPSHOT_STREAM,false
1377,ELECTION_DAY_PRE_RESULTS,,11.0,,0,0,0,0,,DEPTH_SNAPSHOT_STREAM,false
1377,ACTIVE_RESULTS,,6.0,,0,0,0,0,,DEPTH_SNAPSHOT_STREAM,false
1377,LATE_COUNT,,43.0,,0,0,0,0,,DEPTH_SNAPSHOT_STREAM,false
1377,POST_RESOLUTION_DIAGNOSTIC,,,,0,0,0,0,,DEPTH_SNAPSHOT_STREAM,false
1378,PRE_ELECTION,,60.0,,0,0,0,442,,DEPTH_SNAPSHOT_STREAM,false
1378,ELECTION_DAY_PRE_RESULTS,,11.0,,0,0,0,380,,DEPTH_SNAPSHOT_STREAM,false
1378,ACTIVE_RESULTS,,6.0,,0,0,0,578,,DEPTH_SNAPSHOT_STREAM,false
1378,LATE_COUNT,28.288702,43.0,0.65787679,138430,3,1485,4779,200.69,BBO_CHANGE_STREAM,false
1378,POST_RESOLUTION_DIAGNOSTIC,,,,0,0,0,0,,DEPTH_SNAPSHOT_STREAM,false
1379,PRE_ELECTION,,60.0,,0,0,0,392,,DEPTH_SNAPSHOT_STREAM,false
1379,ELECTION_DAY_PRE_RESULTS,,11.0,,0,0,0,354,,DEPTH_SNAPSHOT_STREAM,false
1379,ACTIVE_RESULTS,,6.0,,0,0,0,483,,DEPTH_SNAPSHOT_STREAM,false
1379,LATE_COUNT,28.288675,43.0,0.65787616,138442,6,803,3592,200.69,BBO_CHANGE_STREAM,false
1379,POST_RESOLUTION_DIAGNOSTIC,,,,0,0,0,0,,DEPTH_SNAPSHOT_STREAM,false
1380,PRE_ELECTION,,60.0,,0,0,0,322,,DEPTH_SNAPSHOT_STREAM,false
1380,ELECTION_DAY_PRE_RESULTS,,11.0,,0,0,0,196,,DEPTH_SNAPSHOT_STREAM,false
1380,ACTIVE_RESULTS,,6.0,,0,0,0,153,,DEPTH_SNAPSHOT_STREAM,false
1380,LATE_COUNT,28.288009,43.0,0.65786067,20789,6,95,481,457.138,BBO_CHANGE_STREAM,false
1380,POST_RESOLUTION_DIAGNOSTIC,,,,0,0,0,0,,DEPTH_SNAPSHOT_STREAM,false
1381,PRE_ELECTION,,60.0,,0,0,0,294,,DEPTH_SNAPSHOT_STREAM,false
1381,ELECTION_DAY_PRE_RESULTS,,11.0,,0,0,0,73,,DEPTH_SNAPSHOT_STREAM,false
1381,ACTIVE_RESULTS,,6.0,,0,0,0,72,,DEPTH_SNAPSHOT_STREAM,false
1381,LATE_COUNT,28.287654,43.0,0.65785242,20787,8,29,112,457.138,BBO_CHANGE_STREAM,false
1381,POST_RESOLUTION_DIAGNOSTIC,,,,0,0,0,0,,DEPTH_SNAPSHOT_STREAM,false
1382,PRE_ELECTION,,60.0,,0,0,0,92,,DEPTH_SNAPSHOT_STREAM,false
1382,ELECTION_DAY_PRE_RESULTS,,11.0,,0,0,0,3,,DEPTH_SNAPSHOT_STREAM,false
1382,ACTIVE_RESULTS,,6.0,,0,0,0,0,,DEPTH_SNAPSHOT_STREAM,false
1382,LATE_COUNT,28.29089,43.0,0.65792767,5498,7,0,0,504.913,BBO_CHANGE_STREAM,false
1382,POST_RESOLUTION_DIAGNOSTIC,,,,0,0,0,0,,DEPTH_SNAPSHOT_STREAM,false
1383,PRE_ELECTION,,60.0,,0,0,0,108,,DEPTH_SNAPSHOT_STREAM,false
1383,ELECTION_DAY_PRE_RESULTS,,11.0,,0,0,0,40,,DEPTH_SNAPSHOT_STREAM,false
1383,ACTIVE_RESULTS,,6.0,,0,0,0,0,,DEPTH_SNAPSHOT_STREAM,false
1383,LATE_COUNT,28.291021,43.0,0.65793072,5498,7,0,0,504.913,BBO_CHANGE_STREAM,false
1383,POST_RESOLUTION_DIAGNOSTIC,,,,0,0,0,0,,DEPTH_SNAPSHOT_STREAM,false
1384,PRE_ELECTION,,60.0,,0,0,0,284,,DEPTH_SNAPSHOT_STREAM,false
1384,ELECTION_DAY_PRE_RESULTS,,11.0,,0,0,0,104,,DEPTH_SNAPSHOT_STREAM,false
1384,ACTIVE_RESULTS,,6.0,,0,0,0,31,,DEPTH_SNAPSHOT_STREAM,false
1384,LATE_COUNT,28.287883,43.0,0.65785774,13227,8,1,36,456.323,BBO_CHANGE_STREAM,false
1384,POST_RESOLUTION_DIAGNOSTIC,,,,0,0,0,0,,DEPTH_SNAPSHOT_STREAM,false
1385,PRE_ELECTION,,60.0,,0,0,0,635,,DEPTH_SNAPSHOT_STREAM,false
1385,ELECTION_DAY_PRE_RESULTS,,11.0,,0,0,0,286,,DEPTH_SNAPSHOT_STREAM,false
1385,ACTIVE_RESULTS,,6.0,,0,0,0,120,,DEPTH_SNAPSHOT_STREAM,false
1385,LATE_COUNT,28.287944,43.0,0.65785916,13223,8,2,187,456.323,BBO_CHANGE_STREAM,false
1385,POST_RESOLUTION_DIAGNOSTIC,,,,0,0,0,0,,DEPTH_SNAPSHOT_STREAM,false
1386,PRE_ELECTION,,60.0,,0,0,0,109,,DEPTH_SNAPSHOT_STREAM,false
1386,ELECTION_DAY_PRE_RESULTS,,11.0,,0,0,0,21,,DEPTH_SNAPSHOT_STREAM,false
1386,ACTIVE_RESULTS,,6.0,,0,0,0,0,,DEPTH_SNAPSHOT_STREAM,false
1386,LATE_COUNT,28.287842,43.0,0.65785679,5605,9,0,0,647.843,BBO_CHANGE_STREAM,false
1386,POST_RESOLUTION_DIAGNOSTIC,,,,0,0,0,0,,DEPTH_SNAPSHOT_STREAM,false
1387,PRE_ELECTION,,60.0,,0,0,0,36,,DEPTH_SNAPSHOT_STREAM,false
1387,ELECTION_DAY_PRE_RESULTS,,11.0,,0,0,0,0,,DEPTH_SNAPSHOT_STREAM,false
1387,ACTIVE_RESULTS,,6.0,,0,0,0,0,,DEPTH_SNAPSHOT_STREAM,false
1387,LATE_COUNT,28.287842,43.0,0.65785679,5605,9,0,0,647.843,BBO_CHANGE_STREAM,false
1387,POST_RESOLUTION_DIAGNOSTIC,,,,0,0,0,0,,DEPTH_SNAPSHOT_STREAM,false
1388,PRE_ELECTION,,60.0,,0,0,0,438,,DEPTH_SNAPSHOT_STREAM,false
1388,ELECTION_DAY_PRE_RESULTS,,11.0,,0,0,0,149,,DEPTH_SNAPSHOT_STREAM,false
1388,ACTIVE_RESULTS,,6.0,,0,0,0,22,,DEPTH_SNAPSHOT_STREAM,false
1388,LATE_COUNT,28.287957,43.0,0.65785947,12486,6,2,133,350.689,BBO_CHANGE_STREAM,false
1388,POST_RESOLUTION_DIAGNOSTIC,,,,0,0,0,0,,DEPTH_SNAPSHOT_STREAM,false
1389,PRE_ELECTION,,60.0,,0,0,0,148,,DEPTH_SNAPSHOT_STREAM,false
1389,ELECTION_DAY_PRE_RESULTS,,11.0,,0,0,0,34,,DEPTH_SNAPSHOT_STREAM,false
1389,ACTIVE_RESULTS,,6.0,,0,0,0,52,,DEPTH_SNAPSHOT_STREAM,false
1389,LATE_COUNT,28.287968,43.0,0.65785972,12484,9,0,62,350.689,BBO_CHANGE_STREAM,false
1389,POST_RESOLUTION_DIAGNOSTIC,,,,0,0,0,0,,DEPTH_SNAPSHOT_STREAM,false
1390,PRE_ELECTION,,60.0,,0,0,0,22,,DEPTH_SNAPSHOT_STREAM,false
1390,ELECTION_DAY_PRE_RESULTS,,11.0,,0,0,0,0,,DEPTH_SNAPSHOT_STREAM,false
1390,ACTIVE_RESULTS,,6.0,,0,0,0,0,,DEPTH_SNAPSHOT_STREAM,false
1390,LATE_COUNT,28.287894,43.0,0.657858,4387,6,0,0,647.559,BBO_CHANGE_STREAM,false
1390,POST_RESOLUTION_DIAGNOSTIC,,,,0,0,0,0,,DEPTH_SNAPSHOT_STREAM,false
1391,PRE_ELECTION,,60.0,,0,0,0,109,,DEPTH_SNAPSHOT_STREAM,false
1391,ELECTION_DAY_PRE_RESULTS,,11.0,,0,0,0,25,,DEPTH_SNAPSHOT_STREAM,false
1391,ACTIVE_RESULTS,,6.0,,0,0,0,0,,DEPTH_SNAPSHOT_STREAM,false
1391,LATE_COUNT,28.287806,43.0,0.65785595,4387,11,0,0,647.559,BBO_CHANGE_STREAM,false
1391,POST_RESOLUTION_DIAGNOSTIC,,,,0,0,0,0,,DEPTH_SNAPSHOT_STREAM,false
1392,PRE_ELECTION,,60.0,,0,0,0,100,,DEPTH_SNAPSHOT_STREAM,false
1392,ELECTION_DAY_PRE_RESULTS,,11.0,,0,0,0,28,,DEPTH_SNAPSHOT_STREAM,false
1392,ACTIVE_RESULTS,,6.0,,0,0,0,0,,DEPTH_SNAPSHOT_STREAM,false
1392,LATE_COUNT,28.287726,43.0,0.65785409,4986,8,0,0,666.967,BBO_CHANGE_STREAM,false
1392,POST_RESOLUTION_DIAGNOSTIC,,,,0,0,0,0,,DEPTH_SNAPSHOT_STREAM,false
1393,PRE_ELECTION,,60.0,,0,0,0,20,,DEPTH_SNAPSHOT_STREAM,false
1393,ELECTION_DAY_PRE_RESULTS,,11.0,,0,0,0,0,,DEPTH_SNAPSHOT_STREAM,false
1393,ACTIVE_RESULTS,,6.0,,0,0,0,0,,DEPTH_SNAPSHOT_STREAM,false
1393,LATE_COUNT,28.288122,43.0,0.6578633,4986,10,0,0,666.967,BBO_CHANGE_STREAM,false
1393,POST_RESOLUTION_DIAGNOSTIC,,,,0,0,0,0,,DEPTH_SNAPSHOT_STREAM,false
1394,PRE_ELECTION,,60.0,,0,0,0,60,,DEPTH_SNAPSHOT_STREAM,false
1394,ELECTION_DAY_PRE_RESULTS,,11.0,,0,0,0,18,,DEPTH_SNAPSHOT_STREAM,false
1394,ACTIVE_RESULTS,,6.0,,0,0,0,0,,DEPTH_SNAPSHOT_STREAM,false
1394,LATE_COUNT,28.288122,43.0,0.6578633,21936,10,0,0,250.469,BBO_CHANGE_STREAM,false
1394,POST_RESOLUTION_DIAGNOSTIC,,,,0,0,0,0,,DEPTH_SNAPSHOT_STREAM,false
1395,PRE_ELECTION,,60.0,,0,0,0,53,,DEPTH_SNAPSHOT_STREAM,false
1395,ELECTION_DAY_PRE_RESULTS,,11.0,,0,0,0,4,,DEPTH_SNAPSHOT_STREAM,false
1395,ACTIVE_RESULTS,,6.0,,0,0,0,0,,DEPTH_SNAPSHOT_STREAM,false
1395,LATE_COUNT,28.287806,43.0,0.65785595,21942,8,0,0,250.469,BBO_CHANGE_STREAM,false
1395,POST_RESOLUTION_DIAGNOSTIC,,,,0,0,0,0,,DEPTH_SNAPSHOT_STREAM,false
1396,PRE_ELECTION,,60.0,,0,0,0,17,,DEPTH_SNAPSHOT_STREAM,false
1396,ELECTION_DAY_PRE_RESULTS,,11.0,,0,0,0,3,,DEPTH_SNAPSHOT_STREAM,false
1396,ACTIVE_RESULTS,,6.0,,0,0,0,0,,DEPTH_SNAPSHOT_STREAM,false
1396,LATE_COUNT,28.287906,43.0,0.65785828,4868,12,0,0,704.789,BBO_CHANGE_STREAM,false
1396,POST_RESOLUTION_DIAGNOSTIC,,,,0,0,0,0,,DEPTH_SNAPSHOT_STREAM,false
1397,PRE_ELECTION,,60.0,,0,0,0,96,,DEPTH_SNAPSHOT_STREAM,false
1397,ELECTION_DAY_PRE_RESULTS,,11.0,,0,0,0,25,,DEPTH_SNAPSHOT_STREAM,false
1397,ACTIVE_RESULTS,,6.0,,0,0,0,0,,DEPTH_SNAPSHOT_STREAM,false
1397,LATE_COUNT,28.288056,43.0,0.65786177,4868,8,0,0,704.789,BBO_CHANGE_STREAM,false
1397,POST_RESOLUTION_DIAGNOSTIC,,,,0,0,0,0,,DEPTH_SNAPSHOT_STREAM,false
1398,PRE_ELECTION,,60.0,,0,0,0,128,,DEPTH_SNAPSHOT_STREAM,false
1398,ELECTION_DAY_PRE_RESULTS,,11.0,,0,0,0,3,,DEPTH_SNAPSHOT_STREAM,false
1398,ACTIVE_RESULTS,,6.0,,0,0,0,2,,DEPTH_SNAPSHOT_STREAM,false
1398,LATE_COUNT,28.287826,43.0,0.65785642,4662,11,0,2,530.94,BBO_CHANGE_STREAM,false
1398,POST_RESOLUTION_DIAGNOSTIC,,,,0,0,0,0,,DEPTH_SNAPSHOT_STREAM,false
1399,PRE_ELECTION,,60.0,,0,0,0,122,,DEPTH_SNAPSHOT_STREAM,false
1399,ELECTION_DAY_PRE_RESULTS,,11.0,,0,0,0,0,,DEPTH_SNAPSHOT_STREAM,false
1399,ACTIVE_RESULTS,,6.0,,0,0,0,2,,DEPTH_SNAPSHOT_STREAM,false
1399,LATE_COUNT,28.287517,43.0,0.65784923,4662,11,0,2,530.94,BBO_CHANGE_STREAM,false
1399,POST_RESOLUTION_DIAGNOSTIC,,,,0,0,0,0,,DEPTH_SNAPSHOT_STREAM,false
1400,PRE_ELECTION,,60.0,,0,0,0,41,,DEPTH_SNAPSHOT_STREAM,false
1400,ELECTION_DAY_PRE_RESULTS,,11.0,,0,0,0,2,,DEPTH_SNAPSHOT_STREAM,false
1400,ACTIVE_RESULTS,,6.0,,0,0,0,0,,DEPTH_SNAPSHOT_STREAM,false
1400,LATE_COUNT,28.291857,43.0,0.65795016,17643,10,0,1,337.044,BBO_CHANGE_STREAM,false
1400,POST_RESOLUTION_DIAGNOSTIC,,,,0,0,0,0,,DEPTH_SNAPSHOT_STREAM,false
1401,PRE_ELECTION,,60.0,,0,0,0,170,,DEPTH_SNAPSHOT_STREAM,false
1401,ELECTION_DAY_PRE_RESULTS,,11.0,,0,0,0,21,,DEPTH_SNAPSHOT_STREAM,false
1401,ACTIVE_RESULTS,,6.0,,0,0,0,0,,DEPTH_SNAPSHOT_STREAM,false
1401,LATE_COUNT,28.291727,43.0,0.65794714,17643,6,0,1,337.044,BBO_CHANGE_STREAM,false
1401,POST_RESOLUTION_DIAGNOSTIC,,,,0,0,0,0,,DEPTH_SNAPSHOT_STREAM,false
1402,PRE_ELECTION,,60.0,,0,0,0,82,,DEPTH_SNAPSHOT_STREAM,false
1402,ELECTION_DAY_PRE_RESULTS,,11.0,,0,0,0,25,,DEPTH_SNAPSHOT_STREAM,false
1402,ACTIVE_RESULTS,,6.0,,0,0,0,0,,DEPTH_SNAPSHOT_STREAM,false
1402,LATE_COUNT,28.287195,43.0,0.65784174,6169,10,0,0,704.789,BBO_CHANGE_STREAM,false
1402,POST_RESOLUTION_DIAGNOSTIC,,,,0,0,0,0,,DEPTH_SNAPSHOT_STREAM,false
1403,PRE_ELECTION,,60.0,,0,0,0,3,,DEPTH_SNAPSHOT_STREAM,false
1403,ELECTION_DAY_PRE_RESULTS,,11.0,,0,0,0,0,,DEPTH_SNAPSHOT_STREAM,false
1403,ACTIVE_RESULTS,,6.0,,0,0,0,0,,DEPTH_SNAPSHOT_STREAM,false
1403,LATE_COUNT,28.287873,43.0,0.65785751,6169,12,0,0,704.789,BBO_CHANGE_STREAM,false
1403,POST_RESOLUTION_DIAGNOSTIC,,,,0,0,0,0,,DEPTH_SNAPSHOT_STREAM,false
1404,PRE_ELECTION,,60.0,,0,0,0,382,,DEPTH_SNAPSHOT_STREAM,false
1404,ELECTION_DAY_PRE_RESULTS,,11.0,,0,0,0,322,,DEPTH_SNAPSHOT_STREAM,false
1404,ACTIVE_RESULTS,,6.0,,0,0,0,181,,DEPTH_SNAPSHOT_STREAM,false
1404,LATE_COUNT,28.287917,43.0,0.65785853,34309,11,164,413,490.323,BBO_CHANGE_STREAM,false
1404,POST_RESOLUTION_DIAGNOSTIC,,,,0,0,0,0,,DEPTH_SNAPSHOT_STREAM,false
1405,PRE_ELECTION,,60.0,,0,0,0,552,,DEPTH_SNAPSHOT_STREAM,false
1405,ELECTION_DAY_PRE_RESULTS,,11.0,,0,0,0,413,,DEPTH_SNAPSHOT_STREAM,false
1405,ACTIVE_RESULTS,,6.0,,0,0,0,335,,DEPTH_SNAPSHOT_STREAM,false
1405,LATE_COUNT,28.287826,43.0,0.65785642,34303,10,330,1468,490.323,BBO_CHANGE_STREAM,false
1405,POST_RESOLUTION_DIAGNOSTIC,,,,0,0,0,0,,DEPTH_SNAPSHOT_STREAM,false
1406,PRE_ELECTION,,60.0,,0,0,0,44,,DEPTH_SNAPSHOT_STREAM,false
1406,ELECTION_DAY_PRE_RESULTS,,11.0,,0,0,0,0,,DEPTH_SNAPSHOT_STREAM,false
1406,ACTIVE_RESULTS,,6.0,,0,0,0,0,,DEPTH_SNAPSHOT_STREAM,false
1406,LATE_COUNT,28.288507,43.0,0.65787226,17076,12,0,0,327.741,BBO_CHANGE_STREAM,false
1406,POST_RESOLUTION_DIAGNOSTIC,,,,0,0,0,0,,DEPTH_SNAPSHOT_STREAM,false
1407,PRE_ELECTION,,60.0,,0,0,0,165,,DEPTH_SNAPSHOT_STREAM,false
1407,ELECTION_DAY_PRE_RESULTS,,11.0,,0,0,0,4,,DEPTH_SNAPSHOT_STREAM,false
1407,ACTIVE_RESULTS,,6.0,,0,0,0,0,,DEPTH_SNAPSHOT_STREAM,false
1407,LATE_COUNT,28.2887,43.0,0.65787674,17076,6,0,0,327.741,BBO_CHANGE_STREAM,false
1407,POST_RESOLUTION_DIAGNOSTIC,,,,0,0,0,0,,DEPTH_SNAPSHOT_STREAM,false
1408,PRE_ELECTION,,60.0,,0,0,0,58,,DEPTH_SNAPSHOT_STREAM,false
1408,ELECTION_DAY_PRE_RESULTS,,11.0,,0,0,0,13,,DEPTH_SNAPSHOT_STREAM,false
1408,ACTIVE_RESULTS,,6.0,,0,0,0,0,,DEPTH_SNAPSHOT_STREAM,false
1408,LATE_COUNT,28.287195,43.0,0.65784174,5521,8,0,0,628.306,BBO_CHANGE_STREAM,false
1408,POST_RESOLUTION_DIAGNOSTIC,,,,0,0,0,0,,DEPTH_SNAPSHOT_STREAM,false
1409,PRE_ELECTION,,60.0,,0,0,0,209,,DEPTH_SNAPSHOT_STREAM,false
1409,ELECTION_DAY_PRE_RESULTS,,11.0,,0,0,0,50,,DEPTH_SNAPSHOT_STREAM,false
1409,ACTIVE_RESULTS,,6.0,,0,0,0,0,,DEPTH_SNAPSHOT_STREAM,false
1409,LATE_COUNT,28.287957,43.0,0.65785947,5521,8,0,0,628.306,BBO_CHANGE_STREAM,false
1409,POST_RESOLUTION_DIAGNOSTIC,,,,0,0,0,0,,DEPTH_SNAPSHOT_STREAM,false
1410,PRE_ELECTION,,60.0,,0,0,0,12,,DEPTH_SNAPSHOT_STREAM,false
1410,ELECTION_DAY_PRE_RESULTS,,11.0,,0,0,0,0,,DEPTH_SNAPSHOT_STREAM,false
1410,ACTIVE_RESULTS,,6.0,,0,0,0,0,,DEPTH_SNAPSHOT_STREAM,false
1410,LATE_COUNT,28.287917,43.0,0.65785853,3940,12,0,0,720.391,BBO_CHANGE_STREAM,false
1410,POST_RESOLUTION_DIAGNOSTIC,,,,0,0,0,0,,DEPTH_SNAPSHOT_STREAM,false
1411,PRE_ELECTION,,60.0,,0,0,0,94,,DEPTH_SNAPSHOT_STREAM,false
1411,ELECTION_DAY_PRE_RESULTS,,11.0,,0,0,0,25,,DEPTH_SNAPSHOT_STREAM,false
1411,ACTIVE_RESULTS,,6.0,,0,0,0,0,,DEPTH_SNAPSHOT_STREAM,false
1411,LATE_COUNT,28.287764,43.0,0.65785498,3940,9,0,0,720.391,BBO_CHANGE_STREAM,false
1411,POST_RESOLUTION_DIAGNOSTIC,,,,0,0,0,0,,DEPTH_SNAPSHOT_STREAM,false
1412,PRE_ELECTION,,60.0,,0,0,0,108,,DEPTH_SNAPSHOT_STREAM,false
1412,ELECTION_DAY_PRE_RESULTS,,11.0,,0,0,0,0,,DEPTH_SNAPSHOT_STREAM,false
1412,ACTIVE_RESULTS,,6.0,,0,0,0,0,,DEPTH_SNAPSHOT_STREAM,false
1412,LATE_COUNT,28.288115,43.0,0.65786314,8697,7,0,4,361.44,BBO_CHANGE_STREAM,false
1412,POST_RESOLUTION_DIAGNOSTIC,,,,0,0,0,0,,DEPTH_SNAPSHOT_STREAM,false
1413,PRE_ELECTION,,60.0,,0,0,0,172,,DEPTH_SNAPSHOT_STREAM,false
1413,ELECTION_DAY_PRE_RESULTS,,11.0,,0,0,0,9,,DEPTH_SNAPSHOT_STREAM,false
1413,ACTIVE_RESULTS,,6.0,,0,0,0,0,,DEPTH_SNAPSHOT_STREAM,false
1413,LATE_COUNT,28.288101,43.0,0.65786281,8697,7,0,4,361.44,BBO_CHANGE_STREAM,false
1413,POST_RESOLUTION_DIAGNOSTIC,,,,0,0,0,0,,DEPTH_SNAPSHOT_STREAM,false
1414,PRE_ELECTION,,60.0,,0,0,0,99,,DEPTH_SNAPSHOT_STREAM,false
1414,ELECTION_DAY_PRE_RESULTS,,11.0,,0,0,0,19,,DEPTH_SNAPSHOT_STREAM,false
1414,ACTIVE_RESULTS,,6.0,,0,0,0,0,,DEPTH_SNAPSHOT_STREAM,false
1414,LATE_COUNT,28.287983,43.0,0.65786007,4223,10,0,0,614.051,BBO_CHANGE_STREAM,false
1414,POST_RESOLUTION_DIAGNOSTIC,,,,0,0,0,0,,DEPTH_SNAPSHOT_STREAM,false
1415,PRE_ELECTION,,60.0,,0,0,0,30,,DEPTH_SNAPSHOT_STREAM,false
1415,ELECTION_DAY_PRE_RESULTS,,11.0,,0,0,0,0,,DEPTH_SNAPSHOT_STREAM,false
1415,ACTIVE_RESULTS,,6.0,,0,0,0,0,,DEPTH_SNAPSHOT_STREAM,false
1415,LATE_COUNT,28.288025,43.0,0.65786105,4223,12,0,0,614.051,BBO_CHANGE_STREAM,false
1415,POST_RESOLUTION_DIAGNOSTIC,,,,0,0,0,0,,DEPTH_SNAPSHOT_STREAM,false
1416,PRE_ELECTION,,60.0,,0,0,0,109,,DEPTH_SNAPSHOT_STREAM,false
1416,ELECTION_DAY_PRE_RESULTS,,11.0,,0,0,0,41,,DEPTH_SNAPSHOT_STREAM,false
1416,ACTIVE_RESULTS,,6.0,,0,0,0,0,,DEPTH_SNAPSHOT_STREAM,false
1416,LATE_COUNT,28.288094,43.0,0.65786265,4707,13,0,0,646.908,BBO_CHANGE_STREAM,false
1416,POST_RESOLUTION_DIAGNOSTIC,,,,0,0,0,0,,DEPTH_SNAPSHOT_STREAM,false
1417,PRE_ELECTION,,60.0,,0,0,0,22,,DEPTH_SNAPSHOT_STREAM,false
1417,ELECTION_DAY_PRE_RESULTS,,11.0,,0,0,0,0,,DEPTH_SNAPSHOT_STREAM,false
1417,ACTIVE_RESULTS,,6.0,,0,0,0,0,,DEPTH_SNAPSHOT_STREAM,false
1417,LATE_COUNT,28.287906,43.0,0.65785828,4707,11,0,0,646.908,BBO_CHANGE_STREAM,false
1417,POST_RESOLUTION_DIAGNOSTIC,,,,0,0,0,0,,DEPTH_SNAPSHOT_STREAM,false
1418,PRE_ELECTION,,60.0,,0,0,0,171,,DEPTH_SNAPSHOT_STREAM,false
1418,ELECTION_DAY_PRE_RESULTS,,11.0,,0,0,0,99,,DEPTH_SNAPSHOT_STREAM,false
1418,ACTIVE_RESULTS,,6.0,,0,0,0,177,,DEPTH_SNAPSHOT_STREAM,false
1418,LATE_COUNT,28.290313,43.0,0.65791426,146651,6,452,1197,211.658,BBO_CHANGE_STREAM,false
1418,POST_RESOLUTION_DIAGNOSTIC,,,,0,0,0,0,,DEPTH_SNAPSHOT_STREAM,false
1419,PRE_ELECTION,,60.0,,0,0,0,338,,DEPTH_SNAPSHOT_STREAM,false
1419,ELECTION_DAY_PRE_RESULTS,,11.0,,0,0,0,203,,DEPTH_SNAPSHOT_STREAM,false
1419,ACTIVE_RESULTS,,6.0,,0,0,0,307,,DEPTH_SNAPSHOT_STREAM,false
1419,LATE_COUNT,28.29023,43.0,0.65791233,146652,3,767,3388,211.658,BBO_CHANGE_STREAM,false
1419,POST_RESOLUTION_DIAGNOSTIC,,,,0,0,0,0,,DEPTH_SNAPSHOT_STREAM,false
1420,PRE_ELECTION,,60.0,,0,0,0,426,,DEPTH_SNAPSHOT_STREAM,false
1420,ELECTION_DAY_PRE_RESULTS,,11.0,,0,0,0,229,,DEPTH_SNAPSHOT_STREAM,false
1420,ACTIVE_RESULTS,,6.0,,0,0,0,477,,DEPTH_SNAPSHOT_STREAM,false
1420,LATE_COUNT,28.292432,43.0,0.65796353,348169,5,1483,5835,214.739,BBO_CHANGE_STREAM,false
1420,POST_RESOLUTION_DIAGNOSTIC,,,,0,0,0,0,,DEPTH_SNAPSHOT_STREAM,false
1421,PRE_ELECTION,,60.0,,0,0,0,226,,DEPTH_SNAPSHOT_STREAM,false
1421,ELECTION_DAY_PRE_RESULTS,,11.0,,0,0,0,131,,DEPTH_SNAPSHOT_STREAM,false
1421,ACTIVE_RESULTS,,6.0,,0,0,0,304,,DEPTH_SNAPSHOT_STREAM,false
1421,LATE_COUNT,28.29249,43.0,0.65796488,348101,8,1050,3811,214.739,BBO_CHANGE_STREAM,false
1421,POST_RESOLUTION_DIAGNOSTIC,,,,0,0,0,0,,DEPTH_SNAPSHOT_STREAM,false
1422,PRE_ELECTION,,60.0,,0,0,0,96,,DEPTH_SNAPSHOT_STREAM,false
1422,ELECTION_DAY_PRE_RESULTS,,11.0,,0,0,0,41,,DEPTH_SNAPSHOT_STREAM,false
1422,ACTIVE_RESULTS,,6.0,,0,0,0,0,,DEPTH_SNAPSHOT_STREAM,false
1422,LATE_COUNT,28.28808,43.0,0.65786233,11085,12,0,1,435.204,BBO_CHANGE_STREAM,false
1422,POST_RESOLUTION_DIAGNOSTIC,,,,0,0,0,0,,DEPTH_SNAPSHOT_STREAM,false
1423,PRE_ELECTION,,60.0,,0,0,0,14,,DEPTH_SNAPSHOT_STREAM,false
1423,ELECTION_DAY_PRE_RESULTS,,11.0,,0,0,0,1,,DEPTH_SNAPSHOT_STREAM,false
1423,ACTIVE_RESULTS,,6.0,,0,0,0,0,,DEPTH_SNAPSHOT_STREAM,false
1423,LATE_COUNT,28.287997,43.0,0.6578604,11084,7,1,1,435.204,BBO_CHANGE_STREAM,false
1423,POST_RESOLUTION_DIAGNOSTIC,,,,0,0,0,0,,DEPTH_SNAPSHOT_STREAM,false
1424,PRE_ELECTION,,60.0,,0,0,0,0,,DEPTH_SNAPSHOT_STREAM,false
1424,ELECTION_DAY_PRE_RESULTS,,11.0,,0,0,0,0,,DEPTH_SNAPSHOT_STREAM,false
1424,ACTIVE_RESULTS,,6.0,,0,0,0,0,,DEPTH_SNAPSHOT_STREAM,false
1424,LATE_COUNT,,43.0,,0,0,0,0,,DEPTH_SNAPSHOT_STREAM,false
1424,POST_RESOLUTION_DIAGNOSTIC,,,,0,0,0,0,,DEPTH_SNAPSHOT_STREAM,false
1425,PRE_ELECTION,,60.0,,0,0,0,0,,DEPTH_SNAPSHOT_STREAM,false
1425,ELECTION_DAY_PRE_RESULTS,,11.0,,0,0,0,0,,DEPTH_SNAPSHOT_STREAM,false
1425,ACTIVE_RESULTS,,6.0,,0,0,0,0,,DEPTH_SNAPSHOT_STREAM,false
1425,LATE_COUNT,,43.0,,0,0,0,0,,DEPTH_SNAPSHOT_STREAM,false
1425,POST_RESOLUTION_DIAGNOSTIC,,,,0,0,0,0,,DEPTH_SNAPSHOT_STREAM,false
1426,PRE_ELECTION,,60.0,,0,0,0,0,,DEPTH_SNAPSHOT_STREAM,false
1426,ELECTION_DAY_PRE_RESULTS,,11.0,,0,0,0,0,,DEPTH_SNAPSHOT_STREAM,false
1426,ACTIVE_RESULTS,,6.0,,0,0,0,0,,DEPTH_SNAPSHOT_STREAM,false
1426,LATE_COUNT,,43.0,,0,0,0,0,,DEPTH_SNAPSHOT_STREAM,false
1426,POST_RESOLUTION_DIAGNOSTIC,,,,0,0,0,0,,DEPTH_SNAPSHOT_STREAM,false
1427,PRE_ELECTION,,60.0,,0,0,0,0,,DEPTH_SNAPSHOT_STREAM,false
1427,ELECTION_DAY_PRE_RESULTS,,11.0,,0,0,0,0,,DEPTH_SNAPSHOT_STREAM,false
1427,ACTIVE_RESULTS,,6.0,,0,0,0,0,,DEPTH_SNAPSHOT_STREAM,false
1427,LATE_COUNT,,43.0,,0,0,0,0,,DEPTH_SNAPSHOT_STREAM,false
1427,POST_RESOLUTION_DIAGNOSTIC,,,,0,0,0,0,,DEPTH_SNAPSHOT_STREAM,false
1428,PRE_ELECTION,,60.0,,0,0,0,0,,DEPTH_SNAPSHOT_STREAM,false
1428,ELECTION_DAY_PRE_RESULTS,,11.0,,0,0,0,0,,DEPTH_SNAPSHOT_STREAM,false
1428,ACTIVE_RESULTS,,6.0,,0,0,0,0,,DEPTH_SNAPSHOT_STREAM,false
1428,LATE_COUNT,,43.0,,0,0,0,0,,DEPTH_SNAPSHOT_STREAM,false
1428,POST_RESOLUTION_DIAGNOSTIC,,,,0,0,0,0,,DEPTH_SNAPSHOT_STREAM,false
1429,PRE_ELECTION,,60.0,,0,0,0,0,,DEPTH_SNAPSHOT_STREAM,false
1429,ELECTION_DAY_PRE_RESULTS,,11.0,,0,0,0,0,,DEPTH_SNAPSHOT_STREAM,false
1429,ACTIVE_RESULTS,,6.0,,0,0,0,0,,DEPTH_SNAPSHOT_STREAM,false
1429,LATE_COUNT,,43.0,,0,0,0,0,,DEPTH_SNAPSHOT_STREAM,false
1429,POST_RESOLUTION_DIAGNOSTIC,,,,0,0,0,0,,DEPTH_SNAPSHOT_STREAM,false
1430,PRE_ELECTION,,60.0,,0,0,0,0,,DEPTH_SNAPSHOT_STREAM,false
1430,ELECTION_DAY_PRE_RESULTS,,11.0,,0,0,0,0,,DEPTH_SNAPSHOT_STREAM,false
1430,ACTIVE_RESULTS,,6.0,,0,0,0,0,,DEPTH_SNAPSHOT_STREAM,false
1430,LATE_COUNT,,43.0,,0,0,0,0,,DEPTH_SNAPSHOT_STREAM,false
1430,POST_RESOLUTION_DIAGNOSTIC,,,,0,0,0,0,,DEPTH_SNAPSHOT_STREAM,false
1431,PRE_ELECTION,,60.0,,0,0,0,0,,DEPTH_SNAPSHOT_STREAM,false
1431,ELECTION_DAY_PRE_RESULTS,,11.0,,0,0,0,0,,DEPTH_SNAPSHOT_STREAM,false
1431,ACTIVE_RESULTS,,6.0,,0,0,0,0,,DEPTH_SNAPSHOT_STREAM,false
1431,LATE_COUNT,,43.0,,0,0,0,0,,DEPTH_SNAPSHOT_STREAM,false
1431,POST_RESOLUTION_DIAGNOSTIC,,,,0,0,0,0,,DEPTH_SNAPSHOT_STREAM,false
1432,PRE_ELECTION,,60.0,,0,0,0,0,,DEPTH_SNAPSHOT_STREAM,false
1432,ELECTION_DAY_PRE_RESULTS,,11.0,,0,0,0,0,,DEPTH_SNAPSHOT_STREAM,false
1432,ACTIVE_RESULTS,,6.0,,0,0,0,0,,DEPTH_SNAPSHOT_STREAM,false
1432,LATE_COUNT,,43.0,,0,0,0,0,,DEPTH_SNAPSHOT_STREAM,false
1432,POST_RESOLUTION_DIAGNOSTIC,,,,0,0,0,0,,DEPTH_SNAPSHOT_STREAM,false
1433,PRE_ELECTION,,60.0,,0,0,0,0,,DEPTH_SNAPSHOT_STREAM,false
1433,ELECTION_DAY_PRE_RESULTS,,11.0,,0,0,0,0,,DEPTH_SNAPSHOT_STREAM,false
1433,ACTIVE_RESULTS,,6.0,,0,0,0,0,,DEPTH_SNAPSHOT_STREAM,false
1433,LATE_COUNT,,43.0,,0,0,0,0,,DEPTH_SNAPSHOT_STREAM,false
1433,POST_RESOLUTION_DIAGNOSTIC,,,,0,0,0,0,,DEPTH_SNAPSHOT_STREAM,false
1434,PRE_ELECTION,,60.0,,0,0,0,0,,DEPTH_SNAPSHOT_STREAM,false
1434,ELECTION_DAY_PRE_RESULTS,,11.0,,0,0,0,0,,DEPTH_SNAPSHOT_STREAM,false
1434,ACTIVE_RESULTS,,6.0,,0,0,0,0,,DEPTH_SNAPSHOT_STREAM,false
1434,LATE_COUNT,,43.0,,0,0,0,0,,DEPTH_SNAPSHOT_STREAM,false
1434,POST_RESOLUTION_DIAGNOSTIC,,,,0,0,0,0,,DEPTH_SNAPSHOT_STREAM,false
1435,PRE_ELECTION,,60.0,,0,0,0,0,,DEPTH_SNAPSHOT_STREAM,false
1435,ELECTION_DAY_PRE_RESULTS,,11.0,,0,0,0,0,,DEPTH_SNAPSHOT_STREAM,false
1435,ACTIVE_RESULTS,,6.0,,0,0,0,0,,DEPTH_SNAPSHOT_STREAM,false
1435,LATE_COUNT,,43.0,,0,0,0,0,,DEPTH_SNAPSHOT_STREAM,false
1435,POST_RESOLUTION_DIAGNOSTIC,,,,0,0,0,0,,DEPTH_SNAPSHOT_STREAM,false
1436,PRE_ELECTION,,60.0,,0,0,0,0,,DEPTH_SNAPSHOT_STREAM,false
1436,ELECTION_DAY_PRE_RESULTS,,11.0,,0,0,0,0,,DEPTH_SNAPSHOT_STREAM,false
1436,ACTIVE_RESULTS,,6.0,,0,0,0,0,,DEPTH_SNAPSHOT_STREAM,false
1436,LATE_COUNT,,43.0,,0,0,0,0,,DEPTH_SNAPSHOT_STREAM,false
1436,POST_RESOLUTION_DIAGNOSTIC,,,,0,0,0,0,,DEPTH_SNAPSHOT_STREAM,false
1437,PRE_ELECTION,,60.0,,0,0,0,0,,DEPTH_SNAPSHOT_STREAM,false
1437,ELECTION_DAY_PRE_RESULTS,,11.0,,0,0,0,0,,DEPTH_SNAPSHOT_STREAM,false
1437,ACTIVE_RESULTS,,6.0,,0,0,0,0,,DEPTH_SNAPSHOT_STREAM,false
1437,LATE_COUNT,,43.0,,0,0,0,0,,DEPTH_SNAPSHOT_STREAM,false
1437,POST_RESOLUTION_DIAGNOSTIC,,,,0,0,0,0,,DEPTH_SNAPSHOT_STREAM,false
1438,PRE_ELECTION,,60.0,,0,0,0,0,,DEPTH_SNAPSHOT_STREAM,false
1438,ELECTION_DAY_PRE_RESULTS,,11.0,,0,0,0,0,,DEPTH_SNAPSHOT_STREAM,false
1438,ACTIVE_RESULTS,,6.0,,0,0,0,0,,DEPTH_SNAPSHOT_STREAM,false
1438,LATE_COUNT,,43.0,,0,0,0,0,,DEPTH_SNAPSHOT_STREAM,false
1438,POST_RESOLUTION_DIAGNOSTIC,,,,0,0,0,0,,DEPTH_SNAPSHOT_STREAM,false
1439,PRE_ELECTION,,60.0,,0,0,0,0,,DEPTH_SNAPSHOT_STREAM,false
1439,ELECTION_DAY_PRE_RESULTS,,11.0,,0,0,0,0,,DEPTH_SNAPSHOT_STREAM,false
1439,ACTIVE_RESULTS,,6.0,,0,0,0,0,,DEPTH_SNAPSHOT_STREAM,false
1439,LATE_COUNT,,43.0,,0,0,0,0,,DEPTH_SNAPSHOT_STREAM,false
1439,POST_RESOLUTION_DIAGNOSTIC,,,,0,0,0,0,,DEPTH_SNAPSHOT_STREAM,false
1440,PRE_ELECTION,,60.0,,0,0,0,0,,DEPTH_SNAPSHOT_STREAM,false
1440,ELECTION_DAY_PRE_RESULTS,,11.0,,0,0,0,0,,DEPTH_SNAPSHOT_STREAM,false
1440,ACTIVE_RESULTS,,6.0,,0,0,0,0,,DEPTH_SNAPSHOT_STREAM,false
1440,LATE_COUNT,,43.0,,0,0,0,0,,DEPTH_SNAPSHOT_STREAM,false
1440,POST_RESOLUTION_DIAGNOSTIC,,,,0,0,0,0,,DEPTH_SNAPSHOT_STREAM,false
1441,PRE_ELECTION,,60.0,,0,0,0,0,,DEPTH_SNAPSHOT_STREAM,false
1441,ELECTION_DAY_PRE_RESULTS,,11.0,,0,0,0,0,,DEPTH_SNAPSHOT_STREAM,false
1441,ACTIVE_RESULTS,,6.0,,0,0,0,0,,DEPTH_SNAPSHOT_STREAM,false
1441,LATE_COUNT,,43.0,,0,0,0,0,,DEPTH_SNAPSHOT_STREAM,false
1441,POST_RESOLUTION_DIAGNOSTIC,,,,0,0,0,0,,DEPTH_SNAPSHOT_STREAM,false
1442,PRE_ELECTION,,60.0,,0,0,0,0,,DEPTH_SNAPSHOT_STREAM,false
1442,ELECTION_DAY_PRE_RESULTS,,11.0,,0,0,0,0,,DEPTH_SNAPSHOT_STREAM,false
1442,ACTIVE_RESULTS,,6.0,,0,0,0,0,,DEPTH_SNAPSHOT_STREAM,false
1442,LATE_COUNT,,43.0,,0,0,0,0,,DEPTH_SNAPSHOT_STREAM,false
1442,POST_RESOLUTION_DIAGNOSTIC,,,,0,0,0,0,,DEPTH_SNAPSHOT_STREAM,false
1443,PRE_ELECTION,,60.0,,0,0,0,0,,DEPTH_SNAPSHOT_STREAM,false
1443,ELECTION_DAY_PRE_RESULTS,,11.0,,0,0,0,0,,DEPTH_SNAPSHOT_STREAM,false
1443,ACTIVE_RESULTS,,6.0,,0,0,0,0,,DEPTH_SNAPSHOT_STREAM,false
1443,LATE_COUNT,,43.0,,0,0,0,0,,DEPTH_SNAPSHOT_STREAM,false
1443,POST_RESOLUTION_DIAGNOSTIC,,,,0,0,0,0,,DEPTH_SNAPSHOT_STREAM,false
1444,PRE_ELECTION,,60.0,,0,0,0,0,,DEPTH_SNAPSHOT_STREAM,false
1444,ELECTION_DAY_PRE_RESULTS,,11.0,,0,0,0,0,,DEPTH_SNAPSHOT_STREAM,false
1444,ACTIVE_RESULTS,,6.0,,0,0,0,0,,DEPTH_SNAPSHOT_STREAM,false
1444,LATE_COUNT,,43.0,,0,0,0,0,,DEPTH_SNAPSHOT_STREAM,false
1444,POST_RESOLUTION_DIAGNOSTIC,,,,0,0,0,0,,DEPTH_SNAPSHOT_STREAM,false
1445,PRE_ELECTION,,60.0,,0,0,0,0,,DEPTH_SNAPSHOT_STREAM,false
1445,ELECTION_DAY_PRE_RESULTS,,11.0,,0,0,0,0,,DEPTH_SNAPSHOT_STREAM,false
1445,ACTIVE_RESULTS,,6.0,,0,0,0,0,,DEPTH_SNAPSHOT_STREAM,false
1445,LATE_COUNT,,43.0,,0,0,0,0,,DEPTH_SNAPSHOT_STREAM,false
1445,POST_RESOLUTION_DIAGNOSTIC,,,,0,0,0,0,,DEPTH_SNAPSHOT_STREAM,false
1446,PRE_ELECTION,,60.0,,0,0,0,0,,DEPTH_SNAPSHOT_STREAM,false
1446,ELECTION_DAY_PRE_RESULTS,,11.0,,0,0,0,0,,DEPTH_SNAPSHOT_STREAM,false
1446,ACTIVE_RESULTS,,6.0,,0,0,0,0,,DEPTH_SNAPSHOT_STREAM,false
1446,LATE_COUNT,,43.0,,0,0,0,0,,DEPTH_SNAPSHOT_STREAM,false
1446,POST_RESOLUTION_DIAGNOSTIC,,,,0,0,0,0,,DEPTH_SNAPSHOT_STREAM,false
1447,PRE_ELECTION,,60.0,,0,0,0,0,,DEPTH_SNAPSHOT_STREAM,false
1447,ELECTION_DAY_PRE_RESULTS,,11.0,,0,0,0,0,,DEPTH_SNAPSHOT_STREAM,false
1447,ACTIVE_RESULTS,,6.0,,0,0,0,0,,DEPTH_SNAPSHOT_STREAM,false
1447,LATE_COUNT,,43.0,,0,0,0,0,,DEPTH_SNAPSHOT_STREAM,false
1447,POST_RESOLUTION_DIAGNOSTIC,,,,0,0,0,0,,DEPTH_SNAPSHOT_STREAM,false
1448,PRE_ELECTION,,60.0,,0,0,0,0,,DEPTH_SNAPSHOT_STREAM,false
1448,ELECTION_DAY_PRE_RESULTS,,11.0,,0,0,0,0,,DEPTH_SNAPSHOT_STREAM,false
1448,ACTIVE_RESULTS,,6.0,,0,0,0,0,,DEPTH_SNAPSHOT_STREAM,false
1448,LATE_COUNT,,43.0,,0,0,0,0,,DEPTH_SNAPSHOT_STREAM,false
1448,POST_RESOLUTION_DIAGNOSTIC,,,,0,0,0,0,,DEPTH_SNAPSHOT_STREAM,false
1449,PRE_ELECTION,,60.0,,0,0,0,0,,DEPTH_SNAPSHOT_STREAM,false
1449,ELECTION_DAY_PRE_RESULTS,,11.0,,0,0,0,0,,DEPTH_SNAPSHOT_STREAM,false
1449,ACTIVE_RESULTS,,6.0,,0,0,0,0,,DEPTH_SNAPSHOT_STREAM,false
1449,LATE_COUNT,,43.0,,0,0,0,0,,DEPTH_SNAPSHOT_STREAM,false
1449,POST_RESOLUTION_DIAGNOSTIC,,,,0,0,0,0,,DEPTH_SNAPSHOT_STREAM,false
1450,PRE_ELECTION,,60.0,,0,0,0,0,,DEPTH_SNAPSHOT_STREAM,false
1450,ELECTION_DAY_PRE_RESULTS,,11.0,,0,0,0,0,,DEPTH_SNAPSHOT_STREAM,false
1450,ACTIVE_RESULTS,,6.0,,0,0,0,0,,DEPTH_SNAPSHOT_STREAM,false
1450,LATE_COUNT,,43.0,,0,0,0,0,,DEPTH_SNAPSHOT_STREAM,false
1450,POST_RESOLUTION_DIAGNOSTIC,,,,0,0,0,0,,DEPTH_SNAPSHOT_STREAM,false
1451,PRE_ELECTION,,60.0,,0,0,0,0,,DEPTH_SNAPSHOT_STREAM,false
1451,ELECTION_DAY_PRE_RESULTS,,11.0,,0,0,0,0,,DEPTH_SNAPSHOT_STREAM,false
1451,ACTIVE_RESULTS,,6.0,,0,0,0,0,,DEPTH_SNAPSHOT_STREAM,false
1451,LATE_COUNT,,43.0,,0,0,0,0,,DEPTH_SNAPSHOT_STREAM,false
1451,POST_RESOLUTION_DIAGNOSTIC,,,,0,0,0,0,,DEPTH_SNAPSHOT_STREAM,false
1452,PRE_ELECTION,,60.0,,0,0,0,0,,DEPTH_SNAPSHOT_STREAM,false
1452,ELECTION_DAY_PRE_RESULTS,,11.0,,0,0,0,0,,DEPTH_SNAPSHOT_STREAM,false
1452,ACTIVE_RESULTS,,6.0,,0,0,0,0,,DEPTH_SNAPSHOT_STREAM,false
1452,LATE_COUNT,,43.0,,0,0,0,0,,DEPTH_SNAPSHOT_STREAM,false
1452,POST_RESOLUTION_DIAGNOSTIC,,,,0,0,0,0,,DEPTH_SNAPSHOT_STREAM,false
1453,PRE_ELECTION,,60.0,,0,0,0,0,,DEPTH_SNAPSHOT_STREAM,false
1453,ELECTION_DAY_PRE_RESULTS,,11.0,,0,0,0,0,,DEPTH_SNAPSHOT_STREAM,false
1453,ACTIVE_RESULTS,,6.0,,0,0,0,0,,DEPTH_SNAPSHOT_STREAM,false
1453,LATE_COUNT,,43.0,,0,0,0,0,,DEPTH_SNAPSHOT_STREAM,false
1453,POST_RESOLUTION_DIAGNOSTIC,,,,0,0,0,0,,DEPTH_SNAPSHOT_STREAM,false
1454,PRE_ELECTION,,60.0,,0,0,0,0,,DEPTH_SNAPSHOT_STREAM,false
1454,ELECTION_DAY_PRE_RESULTS,,11.0,,0,0,0,0,,DEPTH_SNAPSHOT_STREAM,false
1454,ACTIVE_RESULTS,,6.0,,0,0,0,0,,DEPTH_SNAPSHOT_STREAM,false
1454,LATE_COUNT,,43.0,,0,0,0,0,,DEPTH_SNAPSHOT_STREAM,false
1454,POST_RESOLUTION_DIAGNOSTIC,,,,0,0,0,0,,DEPTH_SNAPSHOT_STREAM,false
1455,PRE_ELECTION,,60.0,,0,0,0,0,,DEPTH_SNAPSHOT_STREAM,false
1455,ELECTION_DAY_PRE_RESULTS,,11.0,,0,0,0,0,,DEPTH_SNAPSHOT_STREAM,false
1455,ACTIVE_RESULTS,,6.0,,0,0,0,0,,DEPTH_SNAPSHOT_STREAM,false
1455,LATE_COUNT,,43.0,,0,0,0,0,,DEPTH_SNAPSHOT_STREAM,false
1455,POST_RESOLUTION_DIAGNOSTIC,,,,0,0,0,0,,DEPTH_SNAPSHOT_STREAM,false
1456,PRE_ELECTION,,60.0,,0,0,0,0,,DEPTH_SNAPSHOT_STREAM,false
1456,ELECTION_DAY_PRE_RESULTS,,11.0,,0,0,0,0,,DEPTH_SNAPSHOT_STREAM,false
1456,ACTIVE_RESULTS,,6.0,,0,0,0,0,,DEPTH_SNAPSHOT_STREAM,false
1456,LATE_COUNT,,43.0,,0,0,0,0,,DEPTH_SNAPSHOT_STREAM,false
1456,POST_RESOLUTION_DIAGNOSTIC,,,,0,0,0,0,,DEPTH_SNAPSHOT_STREAM,false
1457,PRE_ELECTION,,60.0,,0,0,0,0,,DEPTH_SNAPSHOT_STREAM,false
1457,ELECTION_DAY_PRE_RESULTS,,11.0,,0,0,0,0,,DEPTH_SNAPSHOT_STREAM,false
1457,ACTIVE_RESULTS,,6.0,,0,0,0,0,,DEPTH_SNAPSHOT_STREAM,false
1457,LATE_COUNT,,43.0,,0,0,0,0,,DEPTH_SNAPSHOT_STREAM,false
1457,POST_RESOLUTION_DIAGNOSTIC,,,,0,0,0,0,,DEPTH_SNAPSHOT_STREAM,false
1458,PRE_ELECTION,,60.0,,0,0,0,0,,DEPTH_SNAPSHOT_STREAM,false
1458,ELECTION_DAY_PRE_RESULTS,,11.0,,0,0,0,0,,DEPTH_SNAPSHOT_STREAM,false
1458,ACTIVE_RESULTS,,6.0,,0,0,0,0,,DEPTH_SNAPSHOT_STREAM,false
1458,LATE_COUNT,,43.0,,0,0,0,0,,DEPTH_SNAPSHOT_STREAM,false
1458,POST_RESOLUTION_DIAGNOSTIC,,,,0,0,0,0,,DEPTH_SNAPSHOT_STREAM,false
1459,PRE_ELECTION,,60.0,,0,0,0,0,,DEPTH_SNAPSHOT_STREAM,false
1459,ELECTION_DAY_PRE_RESULTS,,11.0,,0,0,0,0,,DEPTH_SNAPSHOT_STREAM,false
1459,ACTIVE_RESULTS,,6.0,,0,0,0,0,,DEPTH_SNAPSHOT_STREAM,false
1459,LATE_COUNT,,43.0,,0,0,0,0,,DEPTH_SNAPSHOT_STREAM,false
1459,POST_RESOLUTION_DIAGNOSTIC,,,,0,0,0,0,,DEPTH_SNAPSHOT_STREAM,false
1460,PRE_ELECTION,,60.0,,0,0,0,0,,DEPTH_SNAPSHOT_STREAM,false
1460,ELECTION_DAY_PRE_RESULTS,,11.0,,0,0,0,0,,DEPTH_SNAPSHOT_STREAM,false
1460,ACTIVE_RESULTS,,6.0,,0,0,0,0,,DEPTH_SNAPSHOT_STREAM,false
1460,LATE_COUNT,,43.0,,0,0,0,0,,DEPTH_SNAPSHOT_STREAM,false
1460,POST_RESOLUTION_DIAGNOSTIC,,,,0,0,0,0,,DEPTH_SNAPSHOT_STREAM,false
1461,PRE_ELECTION,,60.0,,0,0,0,0,,DEPTH_SNAPSHOT_STREAM,false
1461,ELECTION_DAY_PRE_RESULTS,,11.0,,0,0,0,0,,DEPTH_SNAPSHOT_STREAM,false
1461,ACTIVE_RESULTS,,6.0,,0,0,0,0,,DEPTH_SNAPSHOT_STREAM,false
1461,LATE_COUNT,,43.0,,0,0,0,0,,DEPTH_SNAPSHOT_STREAM,false
1461,POST_RESOLUTION_DIAGNOSTIC,,,,0,0,0,0,,DEPTH_SNAPSHOT_STREAM,false
1462,PRE_ELECTION,,60.0,,0,0,0,0,,DEPTH_SNAPSHOT_STREAM,false
1462,ELECTION_DAY_PRE_RESULTS,,11.0,,0,0,0,0,,DEPTH_SNAPSHOT_STREAM,false
1462,ACTIVE_RESULTS,,6.0,,0,0,0,0,,DEPTH_SNAPSHOT_STREAM,false
1462,LATE_COUNT,,43.0,,0,0,0,0,,DEPTH_SNAPSHOT_STREAM,false
1462,POST_RESOLUTION_DIAGNOSTIC,,,,0,0,0,0,,DEPTH_SNAPSHOT_STREAM,false
1463,PRE_ELECTION,,60.0,,0,0,0,0,,DEPTH_SNAPSHOT_STREAM,false
1463,ELECTION_DAY_PRE_RESULTS,,11.0,,0,0,0,0,,DEPTH_SNAPSHOT_STREAM,false
1463,ACTIVE_RESULTS,,6.0,,0,0,0,0,,DEPTH_SNAPSHOT_STREAM,false
1463,LATE_COUNT,,43.0,,0,0,0,0,,DEPTH_SNAPSHOT_STREAM,false
1463,POST_RESOLUTION_DIAGNOSTIC,,,,0,0,0,0,,DEPTH_SNAPSHOT_STREAM,false
1464,PRE_ELECTION,,60.0,,0,0,0,0,,DEPTH_SNAPSHOT_STREAM,false
1464,ELECTION_DAY_PRE_RESULTS,,11.0,,0,0,0,0,,DEPTH_SNAPSHOT_STREAM,false
1464,ACTIVE_RESULTS,,6.0,,0,0,0,0,,DEPTH_SNAPSHOT_STREAM,false
1464,LATE_COUNT,,43.0,,0,0,0,0,,DEPTH_SNAPSHOT_STREAM,false
1464,POST_RESOLUTION_DIAGNOSTIC,,,,0,0,0,0,,DEPTH_SNAPSHOT_STREAM,false
1465,PRE_ELECTION,,60.0,,0,0,0,0,,DEPTH_SNAPSHOT_STREAM,false
1465,ELECTION_DAY_PRE_RESULTS,,11.0,,0,0,0,0,,DEPTH_SNAPSHOT_STREAM,false
1465,ACTIVE_RESULTS,,6.0,,0,0,0,0,,DEPTH_SNAPSHOT_STREAM,false
1465,LATE_COUNT,,43.0,,0,0,0,0,,DEPTH_SNAPSHOT_STREAM,false
1465,POST_RESOLUTION_DIAGNOSTIC,,,,0,0,0,0,,DEPTH_SNAPSHOT_STREAM,false
1466,PRE_ELECTION,,60.0,,0,0,0,0,,DEPTH_SNAPSHOT_STREAM,false
1466,ELECTION_DAY_PRE_RESULTS,,11.0,,0,0,0,0,,DEPTH_SNAPSHOT_STREAM,false
1466,ACTIVE_RESULTS,,6.0,,0,0,0,0,,DEPTH_SNAPSHOT_STREAM,false
1466,LATE_COUNT,,43.0,,0,0,0,0,,DEPTH_SNAPSHOT_STREAM,false
1466,POST_RESOLUTION_DIAGNOSTIC,,,,0,0,0,0,,DEPTH_SNAPSHOT_STREAM,false
1467,PRE_ELECTION,,60.0,,0,0,0,0,,DEPTH_SNAPSHOT_STREAM,false
1467,ELECTION_DAY_PRE_RESULTS,,11.0,,0,0,0,0,,DEPTH_SNAPSHOT_STREAM,false
1467,ACTIVE_RESULTS,,6.0,,0,0,0,0,,DEPTH_SNAPSHOT_STREAM,false
1467,LATE_COUNT,,43.0,,0,0,0,0,,DEPTH_SNAPSHOT_STREAM,false
1467,POST_RESOLUTION_DIAGNOSTIC,,,,0,0,0,0,,DEPTH_SNAPSHOT_STREAM,false
1468,PRE_ELECTION,,60.0,,0,0,0,0,,DEPTH_SNAPSHOT_STREAM,false
1468,ELECTION_DAY_PRE_RESULTS,,11.0,,0,0,0,0,,DEPTH_SNAPSHOT_STREAM,false
1468,ACTIVE_RESULTS,,6.0,,0,0,0,0,,DEPTH_SNAPSHOT_STREAM,false
1468,LATE_COUNT,,43.0,,0,0,0,0,,DEPTH_SNAPSHOT_STREAM,false
1468,POST_RESOLUTION_DIAGNOSTIC,,,,0,0,0,0,,DEPTH_SNAPSHOT_STREAM,false
1469,PRE_ELECTION,,60.0,,0,0,0,0,,DEPTH_SNAPSHOT_STREAM,false
1469,ELECTION_DAY_PRE_RESULTS,,11.0,,0,0,0,0,,DEPTH_SNAPSHOT_STREAM,false
1469,ACTIVE_RESULTS,,6.0,,0,0,0,0,,DEPTH_SNAPSHOT_STREAM,false
1469,LATE_COUNT,,43.0,,0,0,0,0,,DEPTH_SNAPSHOT_STREAM,false
1469,POST_RESOLUTION_DIAGNOSTIC,,,,0,0,0,0,,DEPTH_SNAPSHOT_STREAM,false
1470,PRE_ELECTION,,60.0,,0,0,0,0,,DEPTH_SNAPSHOT_STREAM,false
1470,ELECTION_DAY_PRE_RESULTS,,11.0,,0,0,0,0,,DEPTH_SNAPSHOT_STREAM,false
1470,ACTIVE_RESULTS,,6.0,,0,0,0,0,,DEPTH_SNAPSHOT_STREAM,false
1470,LATE_COUNT,,43.0,,0,0,0,0,,DEPTH_SNAPSHOT_STREAM,false
1470,POST_RESOLUTION_DIAGNOSTIC,,,,0,0,0,0,,DEPTH_SNAPSHOT_STREAM,false
1471,PRE_ELECTION,,60.0,,0,0,0,0,,DEPTH_SNAPSHOT_STREAM,false
1471,ELECTION_DAY_PRE_RESULTS,,11.0,,0,0,0,0,,DEPTH_SNAPSHOT_STREAM,false
1471,ACTIVE_RESULTS,,6.0,,0,0,0,0,,DEPTH_SNAPSHOT_STREAM,false
1471,LATE_COUNT,,43.0,,0,0,0,0,,DEPTH_SNAPSHOT_STREAM,false
1471,POST_RESOLUTION_DIAGNOSTIC,,,,0,0,0,0,,DEPTH_SNAPSHOT_STREAM,false
1472,PRE_ELECTION,,60.0,,0,0,0,0,,DEPTH_SNAPSHOT_STREAM,false
1472,ELECTION_DAY_PRE_RESULTS,,11.0,,0,0,0,0,,DEPTH_SNAPSHOT_STREAM,false
1472,ACTIVE_RESULTS,,6.0,,0,0,0,0,,DEPTH_SNAPSHOT_STREAM,false
1472,LATE_COUNT,,43.0,,0,0,0,0,,DEPTH_SNAPSHOT_STREAM,false
1472,POST_RESOLUTION_DIAGNOSTIC,,,,0,0,0,0,,DEPTH_SNAPSHOT_STREAM,false
1473,PRE_ELECTION,,60.0,,0,0,0,0,,DEPTH_SNAPSHOT_STREAM,false
1473,ELECTION_DAY_PRE_RESULTS,,11.0,,0,0,0,0,,DEPTH_SNAPSHOT_STREAM,false
1473,ACTIVE_RESULTS,,6.0,,0,0,0,0,,DEPTH_SNAPSHOT_STREAM,false
1473,LATE_COUNT,,43.0,,0,0,0,0,,DEPTH_SNAPSHOT_STREAM,false
1473,POST_RESOLUTION_DIAGNOSTIC,,,,0,0,0,0,,DEPTH_SNAPSHOT_STREAM,false
1474,PRE_ELECTION,,60.0,,0,0,0,31,,DEPTH_SNAPSHOT_STREAM,false
1474,ELECTION_DAY_PRE_RESULTS,,11.0,,0,0,0,11,,DEPTH_SNAPSHOT_STREAM,false
1474,ACTIVE_RESULTS,,6.0,,0,0,0,14,,DEPTH_SNAPSHOT_STREAM,false
1474,LATE_COUNT,28.290359,43.0,0.65791533,450005,3,122,674,169.0,BBO_CHANGE_STREAM,false
1474,POST_RESOLUTION_DIAGNOSTIC,,,,0,0,0,0,,DEPTH_SNAPSHOT_STREAM,false
1475,PRE_ELECTION,,60.0,,0,0,0,92,,DEPTH_SNAPSHOT_STREAM,false
1475,ELECTION_DAY_PRE_RESULTS,,11.0,,0,0,0,24,,DEPTH_SNAPSHOT_STREAM,false
1475,ACTIVE_RESULTS,,6.0,,0,0,0,6,,DEPTH_SNAPSHOT_STREAM,false
1475,LATE_COUNT,28.290418,43.0,0.6579167,450004,3,351,1511,169.0,BBO_CHANGE_STREAM,false
1475,POST_RESOLUTION_DIAGNOSTIC,,,,0,0,0,0,,DEPTH_SNAPSHOT_STREAM,false
1476,PRE_ELECTION,,60.0,,0,0,0,42,,DEPTH_SNAPSHOT_STREAM,false
1476,ELECTION_DAY_PRE_RESULTS,,11.0,,0,0,0,5,,DEPTH_SNAPSHOT_STREAM,false
1476,ACTIVE_RESULTS,,6.0,,0,0,0,9,,DEPTH_SNAPSHOT_STREAM,false
1476,LATE_COUNT,28.287906,43.0,0.65785828,42701,8,46,134,811.779,BBO_CHANGE_STREAM,false
1476,POST_RESOLUTION_DIAGNOSTIC,,,,0,0,0,0,,DEPTH_SNAPSHOT_STREAM,false
1477,PRE_ELECTION,,60.0,,0,0,0,67,,DEPTH_SNAPSHOT_STREAM,false
1477,ELECTION_DAY_PRE_RESULTS,,11.0,,0,0,0,6,,DEPTH_SNAPSHOT_STREAM,false
1477,ACTIVE_RESULTS,,6.0,,0,0,0,13,,DEPTH_SNAPSHOT_STREAM,false
1477,LATE_COUNT,28.287957,43.0,0.65785947,42701,6,53,294,811.779,BBO_CHANGE_STREAM,false
1477,POST_RESOLUTION_DIAGNOSTIC,,,,0,0,0,0,,DEPTH_SNAPSHOT_STREAM,false
1478,PRE_ELECTION,,60.0,,0,0,0,10,,DEPTH_SNAPSHOT_STREAM,false
1478,ELECTION_DAY_PRE_RESULTS,,11.0,,0,0,0,2,,DEPTH_SNAPSHOT_STREAM,false
1478,ACTIVE_RESULTS,,6.0,,0,0,0,5,,DEPTH_SNAPSHOT_STREAM,false
1478,LATE_COUNT,28.287873,43.0,0.65785751,39234,8,55,55,431.21,BBO_CHANGE_STREAM,false
1478,POST_RESOLUTION_DIAGNOSTIC,,,,0,0,0,0,,DEPTH_SNAPSHOT_STREAM,false
1479,PRE_ELECTION,,60.0,,0,0,0,36,,DEPTH_SNAPSHOT_STREAM,false
1479,ELECTION_DAY_PRE_RESULTS,,11.0,,0,0,0,8,,DEPTH_SNAPSHOT_STREAM,false
1479,ACTIVE_RESULTS,,6.0,,0,0,0,9,,DEPTH_SNAPSHOT_STREAM,false
1479,LATE_COUNT,28.287861,43.0,0.65785723,39234,7,69,239,431.21,BBO_CHANGE_STREAM,false
1479,POST_RESOLUTION_DIAGNOSTIC,,,,0,0,0,0,,DEPTH_SNAPSHOT_STREAM,false
1480,PRE_ELECTION,,60.0,,0,0,0,58,,DEPTH_SNAPSHOT_STREAM,false
1480,ELECTION_DAY_PRE_RESULTS,,11.0,,0,0,0,12,,DEPTH_SNAPSHOT_STREAM,false
1480,ACTIVE_RESULTS,,6.0,,0,0,0,7,,DEPTH_SNAPSHOT_STREAM,false
1480,LATE_COUNT,28.287851,43.0,0.657857,41445,6,59,75,293.421,BBO_CHANGE_STREAM,false
1480,POST_RESOLUTION_DIAGNOSTIC,,,,0,0,0,0,,DEPTH_SNAPSHOT_STREAM,false
1481,PRE_ELECTION,,60.0,,0,0,0,54,,DEPTH_SNAPSHOT_STREAM,false
1481,ELECTION_DAY_PRE_RESULTS,,11.0,,0,0,0,18,,DEPTH_SNAPSHOT_STREAM,false
1481,ACTIVE_RESULTS,,6.0,,0,0,0,18,,DEPTH_SNAPSHOT_STREAM,false
1481,LATE_COUNT,28.287944,43.0,0.65785916,41446,6,87,294,293.421,BBO_CHANGE_STREAM,false
1481,POST_RESOLUTION_DIAGNOSTIC,,,,0,0,0,0,,DEPTH_SNAPSHOT_STREAM,false
1482,PRE_ELECTION,,60.0,,0,0,0,11,,DEPTH_SNAPSHOT_STREAM,false
1482,ELECTION_DAY_PRE_RESULTS,,11.0,,0,0,0,3,,DEPTH_SNAPSHOT_STREAM,false
1482,ACTIVE_RESULTS,,6.0,,0,0,0,5,,DEPTH_SNAPSHOT_STREAM,false
1482,LATE_COUNT,28.287997,43.0,0.6578604,38507,8,51,53,621.048,BBO_CHANGE_STREAM,false
1482,POST_RESOLUTION_DIAGNOSTIC,,,,0,0,0,0,,DEPTH_SNAPSHOT_STREAM,false
1483,PRE_ELECTION,,60.0,,0,0,0,38,,DEPTH_SNAPSHOT_STREAM,false
1483,ELECTION_DAY_PRE_RESULTS,,11.0,,0,0,0,12,,DEPTH_SNAPSHOT_STREAM,false
1483,ACTIVE_RESULTS,,6.0,,0,0,0,11,,DEPTH_SNAPSHOT_STREAM,false
1483,LATE_COUNT,28.288042,43.0,0.65786144,38507,7,63,223,621.048,BBO_CHANGE_STREAM,false
1483,POST_RESOLUTION_DIAGNOSTIC,,,,0,0,0,0,,DEPTH_SNAPSHOT_STREAM,false
1484,PRE_ELECTION,,60.0,,0,0,0,65,,DEPTH_SNAPSHOT_STREAM,false
1484,ELECTION_DAY_PRE_RESULTS,,11.0,,0,0,0,13,,DEPTH_SNAPSHOT_STREAM,false
1484,ACTIVE_RESULTS,,6.0,,0,0,0,18,,DEPTH_SNAPSHOT_STREAM,false
1484,LATE_COUNT,28.288056,43.0,0.65786177,39145,9,55,326,816.369,BBO_CHANGE_STREAM,false
1484,POST_RESOLUTION_DIAGNOSTIC,,,,0,0,0,0,,DEPTH_SNAPSHOT_STREAM,false
1485,PRE_ELECTION,,60.0,,0,0,0,27,,DEPTH_SNAPSHOT_STREAM,false
1485,ELECTION_DAY_PRE_RESULTS,,11.0,,0,0,0,4,,DEPTH_SNAPSHOT_STREAM,false
1485,ACTIVE_RESULTS,,6.0,,0,0,0,7,,DEPTH_SNAPSHOT_STREAM,false
1485,LATE_COUNT,28.288094,43.0,0.65786265,39145,6,47,116,816.369,BBO_CHANGE_STREAM,false
1485,POST_RESOLUTION_DIAGNOSTIC,,,,0,0,0,0,,DEPTH_SNAPSHOT_STREAM,false
1486,PRE_ELECTION,,60.0,,0,0,0,8,,DEPTH_SNAPSHOT_STREAM,false
1486,ELECTION_DAY_PRE_RESULTS,,11.0,,0,0,0,2,,DEPTH_SNAPSHOT_STREAM,false
1486,ACTIVE_RESULTS,,6.0,,0,0,0,5,,DEPTH_SNAPSHOT_STREAM,false
1486,LATE_COUNT,28.288009,43.0,0.65786067,41414,6,54,83,782.72,BBO_CHANGE_STREAM,false
1486,POST_RESOLUTION_DIAGNOSTIC,,,,0,0,0,0,,DEPTH_SNAPSHOT_STREAM,false
1487,PRE_ELECTION,,60.0,,0,0,0,42,,DEPTH_SNAPSHOT_STREAM,false
1487,ELECTION_DAY_PRE_RESULTS,,11.0,,0,0,0,8,,DEPTH_SNAPSHOT_STREAM,false
1487,ACTIVE_RESULTS,,6.0,,0,0,0,10,,DEPTH_SNAPSHOT_STREAM,false
1487,LATE_COUNT,28.287957,43.0,0.65785947,41416,6,70,212,782.72,BBO_CHANGE_STREAM,false
1487,POST_RESOLUTION_DIAGNOSTIC,,,,0,0,0,0,,DEPTH_SNAPSHOT_STREAM,false
1488,PRE_ELECTION,,60.0,,0,0,0,15,,DEPTH_SNAPSHOT_STREAM,false
1488,ELECTION_DAY_PRE_RESULTS,,11.0,,0,0,0,2,,DEPTH_SNAPSHOT_STREAM,false
1488,ACTIVE_RESULTS,,6.0,,0,0,0,9,,DEPTH_SNAPSHOT_STREAM,false
1488,LATE_COUNT,28.28808,43.0,0.65786233,37045,6,56,58,575.912,BBO_CHANGE_STREAM,false
1488,POST_RESOLUTION_DIAGNOSTIC,,,,0,0,0,0,,DEPTH_SNAPSHOT_STREAM,false
1489,PRE_ELECTION,,60.0,,0,0,0,50,,DEPTH_SNAPSHOT_STREAM,false
1489,ELECTION_DAY_PRE_RESULTS,,11.0,,0,0,0,8,,DEPTH_SNAPSHOT_STREAM,false
1489,ACTIVE_RESULTS,,6.0,,0,0,0,9,,DEPTH_SNAPSHOT_STREAM,false
1489,LATE_COUNT,28.287167,43.0,0.65784109,37045,4,87,278,575.912,BBO_CHANGE_STREAM,false
1489,POST_RESOLUTION_DIAGNOSTIC,,,,0,0,0,0,,DEPTH_SNAPSHOT_STREAM,false
1490,PRE_ELECTION,,60.0,,0,0,0,15,,DEPTH_SNAPSHOT_STREAM,false
1490,ELECTION_DAY_PRE_RESULTS,,11.0,,0,0,0,2,,DEPTH_SNAPSHOT_STREAM,false
1490,ACTIVE_RESULTS,,6.0,,0,0,0,5,,DEPTH_SNAPSHOT_STREAM,false
1490,LATE_COUNT,28.291981,43.0,0.65795305,46955,3,54,63,257.099,BBO_CHANGE_STREAM,false
1490,POST_RESOLUTION_DIAGNOSTIC,,,,0,0,0,0,,DEPTH_SNAPSHOT_STREAM,false
1491,PRE_ELECTION,,60.0,,0,0,0,67,,DEPTH_SNAPSHOT_STREAM,false
1491,ELECTION_DAY_PRE_RESULTS,,11.0,,0,0,0,9,,DEPTH_SNAPSHOT_STREAM,false
1491,ACTIVE_RESULTS,,6.0,,0,0,0,10,,DEPTH_SNAPSHOT_STREAM,false
1491,LATE_COUNT,28.291774,43.0,0.65794823,46955,4,82,253,257.099,BBO_CHANGE_STREAM,false
1491,POST_RESOLUTION_DIAGNOSTIC,,,,0,0,0,0,,DEPTH_SNAPSHOT_STREAM,false
1492,PRE_ELECTION,,60.0,,0,0,0,52,,DEPTH_SNAPSHOT_STREAM,false
1492,ELECTION_DAY_PRE_RESULTS,,11.0,,0,0,0,8,,DEPTH_SNAPSHOT_STREAM,false
1492,ACTIVE_RESULTS,,6.0,,0,0,0,8,,DEPTH_SNAPSHOT_STREAM,false
1492,LATE_COUNT,28.287764,43.0,0.65785498,36911,12,80,247,350.669,BBO_CHANGE_STREAM,false
1492,POST_RESOLUTION_DIAGNOSTIC,,,,0,0,0,0,,DEPTH_SNAPSHOT_STREAM,false
1493,PRE_ELECTION,,60.0,,0,0,0,19,,DEPTH_SNAPSHOT_STREAM,false
1493,ELECTION_DAY_PRE_RESULTS,,11.0,,0,0,0,2,,DEPTH_SNAPSHOT_STREAM,false
1493,ACTIVE_RESULTS,,6.0,,0,0,0,13,,DEPTH_SNAPSHOT_STREAM,false
1493,LATE_COUNT,28.287997,43.0,0.6578604,36909,9,54,81,350.669,BBO_CHANGE_STREAM,false
1493,POST_RESOLUTION_DIAGNOSTIC,,,,0,0,0,0,,DEPTH_SNAPSHOT_STREAM,false
1494,PRE_ELECTION,,60.0,,0,0,0,35,,DEPTH_SNAPSHOT_STREAM,false
1494,ELECTION_DAY_PRE_RESULTS,,11.0,,0,0,0,3,,DEPTH_SNAPSHOT_STREAM,false
1494,ACTIVE_RESULTS,,6.0,,0,0,0,7,,DEPTH_SNAPSHOT_STREAM,false
1494,LATE_COUNT,28.288122,43.0,0.6578633,37610,10,87,276,672.841,BBO_CHANGE_STREAM,false
1494,POST_RESOLUTION_DIAGNOSTIC,,,,0,0,0,0,,DEPTH_SNAPSHOT_STREAM,false
1495,PRE_ELECTION,,60.0,,0,0,0,13,,DEPTH_SNAPSHOT_STREAM,false
1495,ELECTION_DAY_PRE_RESULTS,,11.0,,0,0,0,5,,DEPTH_SNAPSHOT_STREAM,false
1495,ACTIVE_RESULTS,,6.0,,0,0,0,5,,DEPTH_SNAPSHOT_STREAM,false
1495,LATE_COUNT,28.287917,43.0,0.65785853,37609,8,55,57,672.841,BBO_CHANGE_STREAM,false
1495,POST_RESOLUTION_DIAGNOSTIC,,,,0,0,0,0,,DEPTH_SNAPSHOT_STREAM,false
1496,PRE_ELECTION,,60.0,,0,0,0,55,,DEPTH_SNAPSHOT_STREAM,false
1496,ELECTION_DAY_PRE_RESULTS,,11.0,,0,0,0,7,,DEPTH_SNAPSHOT_STREAM,false
1496,ACTIVE_RESULTS,,6.0,,0,0,0,5,,DEPTH_SNAPSHOT_STREAM,false
1496,LATE_COUNT,28.287894,43.0,0.657858,39605,6,97,353,275.565,BBO_CHANGE_STREAM,false
1496,POST_RESOLUTION_DIAGNOSTIC,,,,0,0,0,0,,DEPTH_SNAPSHOT_STREAM,false
1497,PRE_ELECTION,,60.0,,0,0,0,13,,DEPTH_SNAPSHOT_STREAM,false
1497,ELECTION_DAY_PRE_RESULTS,,11.0,,0,0,0,1,,DEPTH_SNAPSHOT_STREAM,false
1497,ACTIVE_RESULTS,,6.0,,0,0,0,5,,DEPTH_SNAPSHOT_STREAM,false
1497,LATE_COUNT,28.287851,43.0,0.657857,39601,7,58,84,275.565,BBO_CHANGE_STREAM,false
1497,POST_RESOLUTION_DIAGNOSTIC,,,,0,0,0,0,,DEPTH_SNAPSHOT_STREAM,false
1498,PRE_ELECTION,,60.0,,0,0,0,17,,DEPTH_SNAPSHOT_STREAM,false
1498,ELECTION_DAY_PRE_RESULTS,,11.0,,0,0,0,3,,DEPTH_SNAPSHOT_STREAM,false
1498,ACTIVE_RESULTS,,6.0,,0,0,0,7,,DEPTH_SNAPSHOT_STREAM,false
1498,LATE_COUNT,28.287851,43.0,0.657857,34676,7,49,54,362.763,BBO_CHANGE_STREAM,false
1498,POST_RESOLUTION_DIAGNOSTIC,,,,0,0,0,0,,DEPTH_SNAPSHOT_STREAM,false
1499,PRE_ELECTION,,60.0,,0,0,0,45,,DEPTH_SNAPSHOT_STREAM,false
1499,ELECTION_DAY_PRE_RESULTS,,11.0,,0,0,0,11,,DEPTH_SNAPSHOT_STREAM,false
1499,ACTIVE_RESULTS,,6.0,,0,0,0,12,,DEPTH_SNAPSHOT_STREAM,false
1499,LATE_COUNT,28.288025,43.0,0.65786105,34679,8,60,222,362.763,BBO_CHANGE_STREAM,false
1499,POST_RESOLUTION_DIAGNOSTIC,,,,0,0,0,0,,DEPTH_SNAPSHOT_STREAM,false
1500,PRE_ELECTION,,60.0,,0,0,0,41,,DEPTH_SNAPSHOT_STREAM,false
1500,ELECTION_DAY_PRE_RESULTS,,11.0,,0,0,0,2,,DEPTH_SNAPSHOT_STREAM,false
1500,ACTIVE_RESULTS,,6.0,,0,0,0,11,,DEPTH_SNAPSHOT_STREAM,false
1500,LATE_COUNT,28.288142,43.0,0.65786377,75406,4,126,286,231.068,BBO_CHANGE_STREAM,false
1500,POST_RESOLUTION_DIAGNOSTIC,,,,0,0,0,0,,DEPTH_SNAPSHOT_STREAM,false
1501,PRE_ELECTION,,60.0,,0,0,0,55,,DEPTH_SNAPSHOT_STREAM,false
1501,ELECTION_DAY_PRE_RESULTS,,11.0,,0,0,0,13,,DEPTH_SNAPSHOT_STREAM,false
1501,ACTIVE_RESULTS,,6.0,,0,0,0,14,,DEPTH_SNAPSHOT_STREAM,false
1501,LATE_COUNT,28.288226,43.0,0.65786572,75403,7,195,1009,231.068,BBO_CHANGE_STREAM,false
1501,POST_RESOLUTION_DIAGNOSTIC,,,,0,0,0,0,,DEPTH_SNAPSHOT_STREAM,false
1502,PRE_ELECTION,,60.0,,0,0,0,26,,DEPTH_SNAPSHOT_STREAM,false
1502,ELECTION_DAY_PRE_RESULTS,,11.0,,0,0,0,2,,DEPTH_SNAPSHOT_STREAM,false
1502,ACTIVE_RESULTS,,6.0,,0,0,0,7,,DEPTH_SNAPSHOT_STREAM,false
1502,LATE_COUNT,28.288094,43.0,0.65786265,39571,10,63,71,352.335,BBO_CHANGE_STREAM,false
1502,POST_RESOLUTION_DIAGNOSTIC,,,,0,0,0,0,,DEPTH_SNAPSHOT_STREAM,false
1503,PRE_ELECTION,,60.0,,0,0,0,76,,DEPTH_SNAPSHOT_STREAM,false
1503,ELECTION_DAY_PRE_RESULTS,,11.0,,0,0,0,8,,DEPTH_SNAPSHOT_STREAM,false
1503,ACTIVE_RESULTS,,6.0,,0,0,0,9,,DEPTH_SNAPSHOT_STREAM,false
1503,LATE_COUNT,28.287968,43.0,0.65785972,39571,4,105,318,352.335,BBO_CHANGE_STREAM,false
1503,POST_RESOLUTION_DIAGNOSTIC,,,,0,0,0,0,,DEPTH_SNAPSHOT_STREAM,false
1504,PRE_ELECTION,,60.0,,0,0,0,54,,DEPTH_SNAPSHOT_STREAM,false
1504,ELECTION_DAY_PRE_RESULTS,,11.0,,0,0,0,7,,DEPTH_SNAPSHOT_STREAM,false
1504,ACTIVE_RESULTS,,6.0,,0,0,0,22,,DEPTH_SNAPSHOT_STREAM,false
1504,LATE_COUNT,28.287764,43.0,0.65785498,38684,4,58,97,504.786,BBO_CHANGE_STREAM,false
1504,POST_RESOLUTION_DIAGNOSTIC,,,,0,0,0,0,,DEPTH_SNAPSHOT_STREAM,false
1505,PRE_ELECTION,,60.0,,0,0,0,54,,DEPTH_SNAPSHOT_STREAM,false
1505,ELECTION_DAY_PRE_RESULTS,,11.0,,0,0,0,3,,DEPTH_SNAPSHOT_STREAM,false
1505,ACTIVE_RESULTS,,6.0,,0,0,0,5,,DEPTH_SNAPSHOT_STREAM,false
1505,LATE_COUNT,28.287794,43.0,0.65785567,38683,7,95,391,504.786,BBO_CHANGE_STREAM,false
1505,POST_RESOLUTION_DIAGNOSTIC,,,,0,0,0,0,,DEPTH_SNAPSHOT_STREAM,false
1506,PRE_ELECTION,,60.0,,0,0,0,54,,DEPTH_SNAPSHOT_STREAM,false
1506,ELECTION_DAY_PRE_RESULTS,,11.0,,0,0,0,7,,DEPTH_SNAPSHOT_STREAM,false
1506,ACTIVE_RESULTS,,6.0,,0,0,0,8,,DEPTH_SNAPSHOT_STREAM,false
1506,LATE_COUNT,28.288025,43.0,0.65786105,43999,6,111,366,520.682,BBO_CHANGE_STREAM,false
1506,POST_RESOLUTION_DIAGNOSTIC,,,,0,0,0,0,,DEPTH_SNAPSHOT_STREAM,false
1507,PRE_ELECTION,,60.0,,0,0,0,19,,DEPTH_SNAPSHOT_STREAM,false
1507,ELECTION_DAY_PRE_RESULTS,,11.0,,0,0,0,1,,DEPTH_SNAPSHOT_STREAM,false
1507,ACTIVE_RESULTS,,6.0,,0,0,0,5,,DEPTH_SNAPSHOT_STREAM,false
1507,LATE_COUNT,28.287917,43.0,0.65785853,44002,5,68,120,520.682,BBO_CHANGE_STREAM,false
1507,POST_RESOLUTION_DIAGNOSTIC,,,,0,0,0,0,,DEPTH_SNAPSHOT_STREAM,false
1508,PRE_ELECTION,,60.0,,0,0,0,52,,DEPTH_SNAPSHOT_STREAM,false
1508,ELECTION_DAY_PRE_RESULTS,,11.0,,0,0,0,6,,DEPTH_SNAPSHOT_STREAM,false
1508,ACTIVE_RESULTS,,6.0,,0,0,0,1,,DEPTH_SNAPSHOT_STREAM,false
1508,LATE_COUNT,28.288056,43.0,0.65786177,36586,8,62,221,327.246,BBO_CHANGE_STREAM,false
1508,POST_RESOLUTION_DIAGNOSTIC,,,,0,0,0,0,,DEPTH_SNAPSHOT_STREAM,false
1509,PRE_ELECTION,,60.0,,0,0,0,21,,DEPTH_SNAPSHOT_STREAM,false
1509,ELECTION_DAY_PRE_RESULTS,,11.0,,0,0,0,3,,DEPTH_SNAPSHOT_STREAM,false
1509,ACTIVE_RESULTS,,6.0,,0,0,0,1,,DEPTH_SNAPSHOT_STREAM,false
1509,LATE_COUNT,28.288094,43.0,0.65786265,36582,8,48,53,327.246,BBO_CHANGE_STREAM,false
1509,POST_RESOLUTION_DIAGNOSTIC,,,,0,0,0,0,,DEPTH_SNAPSHOT_STREAM,false
1510,PRE_ELECTION,,60.0,,0,0,0,15,,DEPTH_SNAPSHOT_STREAM,false
1510,ELECTION_DAY_PRE_RESULTS,,11.0,,0,0,0,8,,DEPTH_SNAPSHOT_STREAM,false
1510,ACTIVE_RESULTS,,6.0,,0,0,0,5,,DEPTH_SNAPSHOT_STREAM,false
1510,LATE_COUNT,28.287167,43.0,0.65784109,39666,7,55,55,746.926,BBO_CHANGE_STREAM,false
1510,POST_RESOLUTION_DIAGNOSTIC,,,,0,0,0,0,,DEPTH_SNAPSHOT_STREAM,false
1511,PRE_ELECTION,,60.0,,0,0,0,43,,DEPTH_SNAPSHOT_STREAM,false
1511,ELECTION_DAY_PRE_RESULTS,,11.0,,0,0,0,4,,DEPTH_SNAPSHOT_STREAM,false
1511,ACTIVE_RESULTS,,6.0,,0,0,0,7,,DEPTH_SNAPSHOT_STREAM,false
1511,LATE_COUNT,28.288122,43.0,0.6578633,39666,11,81,263,746.926,BBO_CHANGE_STREAM,false
1511,POST_RESOLUTION_DIAGNOSTIC,,,,0,0,0,0,,DEPTH_SNAPSHOT_STREAM,false
1512,PRE_ELECTION,,60.0,,0,0,0,36,,DEPTH_SNAPSHOT_STREAM,false
1512,ELECTION_DAY_PRE_RESULTS,,11.0,,0,0,0,16,,DEPTH_SNAPSHOT_STREAM,false
1512,ACTIVE_RESULTS,,6.0,,0,0,0,12,,DEPTH_SNAPSHOT_STREAM,false
1512,LATE_COUNT,28.29191,43.0,0.6579514,48485,5,84,265,402.524,BBO_CHANGE_STREAM,false
1512,POST_RESOLUTION_DIAGNOSTIC,,,,0,0,0,0,,DEPTH_SNAPSHOT_STREAM,false
1513,PRE_ELECTION,,60.0,,0,0,0,8,,DEPTH_SNAPSHOT_STREAM,false
1513,ELECTION_DAY_PRE_RESULTS,,11.0,,0,0,0,5,,DEPTH_SNAPSHOT_STREAM,false
1513,ACTIVE_RESULTS,,6.0,,0,0,0,7,,DEPTH_SNAPSHOT_STREAM,false
1513,LATE_COUNT,28.291664,43.0,0.65794567,48486,8,54,54,402.524,BBO_CHANGE_STREAM,false
1513,POST_RESOLUTION_DIAGNOSTIC,,,,0,0,0,0,,DEPTH_SNAPSHOT_STREAM,false
1514,PRE_ELECTION,,60.0,,0,0,0,102,,DEPTH_SNAPSHOT_STREAM,false
1514,ELECTION_DAY_PRE_RESULTS,,11.0,,0,0,0,12,,DEPTH_SNAPSHOT_STREAM,false
1514,ACTIVE_RESULTS,,6.0,,0,0,0,42,,DEPTH_SNAPSHOT_STREAM,false
1514,LATE_COUNT,28.289445,43.0,0.65789407,459571,3,372,1825,200.72,BBO_CHANGE_STREAM,false
1514,POST_RESOLUTION_DIAGNOSTIC,,,,0,0,0,0,,DEPTH_SNAPSHOT_STREAM,false
1515,PRE_ELECTION,,60.0,,0,0,0,43,,DEPTH_SNAPSHOT_STREAM,false
1515,ELECTION_DAY_PRE_RESULTS,,11.0,,0,0,0,11,,DEPTH_SNAPSHOT_STREAM,false
1515,ACTIVE_RESULTS,,6.0,,0,0,0,30,,DEPTH_SNAPSHOT_STREAM,false
1515,LATE_COUNT,28.289411,43.0,0.65789328,459578,4,229,1472,200.72,BBO_CHANGE_STREAM,false
1515,POST_RESOLUTION_DIAGNOSTIC,,,,0,0,0,0,,DEPTH_SNAPSHOT_STREAM,false
1516,PRE_ELECTION,,60.0,,0,0,0,31,,DEPTH_SNAPSHOT_STREAM,false
1516,ELECTION_DAY_PRE_RESULTS,,11.0,,0,0,0,10,,DEPTH_SNAPSHOT_STREAM,false
1516,ACTIVE_RESULTS,,6.0,,0,0,0,29,,DEPTH_SNAPSHOT_STREAM,false
1516,LATE_COUNT,28.288139,43.0,0.6578637,239244,2,126,430,203.246,BBO_CHANGE_STREAM,false
1516,POST_RESOLUTION_DIAGNOSTIC,,,,0,0,0,0,,DEPTH_SNAPSHOT_STREAM,false
1517,PRE_ELECTION,,60.0,,0,0,0,75,,DEPTH_SNAPSHOT_STREAM,false
1517,ELECTION_DAY_PRE_RESULTS,,11.0,,0,0,0,13,,DEPTH_SNAPSHOT_STREAM,false
1517,ACTIVE_RESULTS,,6.0,,0,0,0,55,,DEPTH_SNAPSHOT_STREAM,false
1517,LATE_COUNT,28.288153,43.0,0.65786402,239243,6,307,1407,203.246,BBO_CHANGE_STREAM,false
1517,POST_RESOLUTION_DIAGNOSTIC,,,,0,0,0,0,,DEPTH_SNAPSHOT_STREAM,false
1518,PRE_ELECTION,,60.0,,0,0,0,41,,DEPTH_SNAPSHOT_STREAM,false
1518,ELECTION_DAY_PRE_RESULTS,,11.0,,0,0,0,8,,DEPTH_SNAPSHOT_STREAM,false
1518,ACTIVE_RESULTS,,6.0,,0,0,0,12,,DEPTH_SNAPSHOT_STREAM,false
1518,LATE_COUNT,28.288056,43.0,0.65786177,39718,5,82,265,814.592,BBO_CHANGE_STREAM,false
1518,POST_RESOLUTION_DIAGNOSTIC,,,,0,0,0,0,,DEPTH_SNAPSHOT_STREAM,false
1519,PRE_ELECTION,,60.0,,0,0,0,9,,DEPTH_SNAPSHOT_STREAM,false
1519,ELECTION_DAY_PRE_RESULTS,,11.0,,0,0,0,2,,DEPTH_SNAPSHOT_STREAM,false
1519,ACTIVE_RESULTS,,6.0,,0,0,0,5,,DEPTH_SNAPSHOT_STREAM,false
1519,LATE_COUNT,28.28791,43.0,0.65785837,39718,9,56,56,814.592,BBO_CHANGE_STREAM,false
1519,POST_RESOLUTION_DIAGNOSTIC,,,,0,0,0,0,,DEPTH_SNAPSHOT_STREAM,false
1520,PRE_ELECTION,,60.0,,0,0,0,0,,DEPTH_SNAPSHOT_STREAM,false
1520,ELECTION_DAY_PRE_RESULTS,,11.0,,0,0,0,0,,DEPTH_SNAPSHOT_STREAM,false
1520,ACTIVE_RESULTS,,6.0,,0,0,0,0,,DEPTH_SNAPSHOT_STREAM,false
1520,LATE_COUNT,,43.0,,0,0,0,0,,DEPTH_SNAPSHOT_STREAM,false
1520,POST_RESOLUTION_DIAGNOSTIC,,,,0,0,0,0,,DEPTH_SNAPSHOT_STREAM,false
1521,PRE_ELECTION,,60.0,,0,0,0,0,,DEPTH_SNAPSHOT_STREAM,false
1521,ELECTION_DAY_PRE_RESULTS,,11.0,,0,0,0,0,,DEPTH_SNAPSHOT_STREAM,false
1521,ACTIVE_RESULTS,,6.0,,0,0,0,0,,DEPTH_SNAPSHOT_STREAM,false
1521,LATE_COUNT,,43.0,,0,0,0,0,,DEPTH_SNAPSHOT_STREAM,false
1521,POST_RESOLUTION_DIAGNOSTIC,,,,0,0,0,0,,DEPTH_SNAPSHOT_STREAM,false
1522,PRE_ELECTION,,60.0,,0,0,0,0,,DEPTH_SNAPSHOT_STREAM,false
1522,ELECTION_DAY_PRE_RESULTS,,11.0,,0,0,0,0,,DEPTH_SNAPSHOT_STREAM,false
1522,ACTIVE_RESULTS,,6.0,,0,0,0,0,,DEPTH_SNAPSHOT_STREAM,false
1522,LATE_COUNT,,43.0,,0,0,0,0,,DEPTH_SNAPSHOT_STREAM,false
1522,POST_RESOLUTION_DIAGNOSTIC,,,,0,0,0,0,,DEPTH_SNAPSHOT_STREAM,false
1523,PRE_ELECTION,,60.0,,0,0,0,0,,DEPTH_SNAPSHOT_STREAM,false
1523,ELECTION_DAY_PRE_RESULTS,,11.0,,0,0,0,0,,DEPTH_SNAPSHOT_STREAM,false
1523,ACTIVE_RESULTS,,6.0,,0,0,0,0,,DEPTH_SNAPSHOT_STREAM,false
1523,LATE_COUNT,,43.0,,0,0,0,0,,DEPTH_SNAPSHOT_STREAM,false
1523,POST_RESOLUTION_DIAGNOSTIC,,,,0,0,0,0,,DEPTH_SNAPSHOT_STREAM,false
1524,PRE_ELECTION,,60.0,,0,0,0,0,,DEPTH_SNAPSHOT_STREAM,false
1524,ELECTION_DAY_PRE_RESULTS,,11.0,,0,0,0,0,,DEPTH_SNAPSHOT_STREAM,false
1524,ACTIVE_RESULTS,,6.0,,0,0,0,0,,DEPTH_SNAPSHOT_STREAM,false
1524,LATE_COUNT,,43.0,,0,0,0,0,,DEPTH_SNAPSHOT_STREAM,false
1524,POST_RESOLUTION_DIAGNOSTIC,,,,0,0,0,0,,DEPTH_SNAPSHOT_STREAM,false
1525,PRE_ELECTION,,60.0,,0,0,0,0,,DEPTH_SNAPSHOT_STREAM,false
1525,ELECTION_DAY_PRE_RESULTS,,11.0,,0,0,0,0,,DEPTH_SNAPSHOT_STREAM,false
1525,ACTIVE_RESULTS,,6.0,,0,0,0,0,,DEPTH_SNAPSHOT_STREAM,false
1525,LATE_COUNT,,43.0,,0,0,0,0,,DEPTH_SNAPSHOT_STREAM,false
1525,POST_RESOLUTION_DIAGNOSTIC,,,,0,0,0,0,,DEPTH_SNAPSHOT_STREAM,false
1526,PRE_ELECTION,,60.0,,0,0,0,0,,DEPTH_SNAPSHOT_STREAM,false
1526,ELECTION_DAY_PRE_RESULTS,,11.0,,0,0,0,0,,DEPTH_SNAPSHOT_STREAM,false
1526,ACTIVE_RESULTS,,6.0,,0,0,0,0,,DEPTH_SNAPSHOT_STREAM,false
1526,LATE_COUNT,,43.0,,0,0,0,0,,DEPTH_SNAPSHOT_STREAM,false
1526,POST_RESOLUTION_DIAGNOSTIC,,,,0,0,0,0,,DEPTH_SNAPSHOT_STREAM,false
1527,PRE_ELECTION,,60.0,,0,0,0,0,,DEPTH_SNAPSHOT_STREAM,false
1527,ELECTION_DAY_PRE_RESULTS,,11.0,,0,0,0,0,,DEPTH_SNAPSHOT_STREAM,false
1527,ACTIVE_RESULTS,,6.0,,0,0,0,0,,DEPTH_SNAPSHOT_STREAM,false
1527,LATE_COUNT,,43.0,,0,0,0,0,,DEPTH_SNAPSHOT_STREAM,false
1527,POST_RESOLUTION_DIAGNOSTIC,,,,0,0,0,0,,DEPTH_SNAPSHOT_STREAM,false
1528,PRE_ELECTION,,60.0,,0,0,0,0,,DEPTH_SNAPSHOT_STREAM,false
1528,ELECTION_DAY_PRE_RESULTS,,11.0,,0,0,0,0,,DEPTH_SNAPSHOT_STREAM,false
1528,ACTIVE_RESULTS,,6.0,,0,0,0,0,,DEPTH_SNAPSHOT_STREAM,false
1528,LATE_COUNT,,43.0,,0,0,0,0,,DEPTH_SNAPSHOT_STREAM,false
1528,POST_RESOLUTION_DIAGNOSTIC,,,,0,0,0,0,,DEPTH_SNAPSHOT_STREAM,false
1529,PRE_ELECTION,,60.0,,0,0,0,0,,DEPTH_SNAPSHOT_STREAM,false
1529,ELECTION_DAY_PRE_RESULTS,,11.0,,0,0,0,0,,DEPTH_SNAPSHOT_STREAM,false
1529,ACTIVE_RESULTS,,6.0,,0,0,0,0,,DEPTH_SNAPSHOT_STREAM,false
1529,LATE_COUNT,,43.0,,0,0,0,0,,DEPTH_SNAPSHOT_STREAM,false
1529,POST_RESOLUTION_DIAGNOSTIC,,,,0,0,0,0,,DEPTH_SNAPSHOT_STREAM,false
1530,PRE_ELECTION,,60.0,,0,0,0,0,,DEPTH_SNAPSHOT_STREAM,false
1530,ELECTION_DAY_PRE_RESULTS,,11.0,,0,0,0,0,,DEPTH_SNAPSHOT_STREAM,false
1530,ACTIVE_RESULTS,,6.0,,0,0,0,0,,DEPTH_SNAPSHOT_STREAM,false
1530,LATE_COUNT,,43.0,,0,0,0,0,,DEPTH_SNAPSHOT_STREAM,false
1530,POST_RESOLUTION_DIAGNOSTIC,,,,0,0,0,0,,DEPTH_SNAPSHOT_STREAM,false
1531,PRE_ELECTION,,60.0,,0,0,0,0,,DEPTH_SNAPSHOT_STREAM,false
1531,ELECTION_DAY_PRE_RESULTS,,11.0,,0,0,0,0,,DEPTH_SNAPSHOT_STREAM,false
1531,ACTIVE_RESULTS,,6.0,,0,0,0,0,,DEPTH_SNAPSHOT_STREAM,false
1531,LATE_COUNT,,43.0,,0,0,0,0,,DEPTH_SNAPSHOT_STREAM,false
1531,POST_RESOLUTION_DIAGNOSTIC,,,,0,0,0,0,,DEPTH_SNAPSHOT_STREAM,false
1532,PRE_ELECTION,,60.0,,0,0,0,0,,DEPTH_SNAPSHOT_STREAM,false
1532,ELECTION_DAY_PRE_RESULTS,,11.0,,0,0,0,0,,DEPTH_SNAPSHOT_STREAM,false
1532,ACTIVE_RESULTS,,6.0,,0,0,0,0,,DEPTH_SNAPSHOT_STREAM,false
1532,LATE_COUNT,,43.0,,0,0,0,0,,DEPTH_SNAPSHOT_STREAM,false
1532,POST_RESOLUTION_DIAGNOSTIC,,,,0,0,0,0,,DEPTH_SNAPSHOT_STREAM,false
1533,PRE_ELECTION,,60.0,,0,0,0,0,,DEPTH_SNAPSHOT_STREAM,false
1533,ELECTION_DAY_PRE_RESULTS,,11.0,,0,0,0,0,,DEPTH_SNAPSHOT_STREAM,false
1533,ACTIVE_RESULTS,,6.0,,0,0,0,0,,DEPTH_SNAPSHOT_STREAM,false
1533,LATE_COUNT,,43.0,,0,0,0,0,,DEPTH_SNAPSHOT_STREAM,false
1533,POST_RESOLUTION_DIAGNOSTIC,,,,0,0,0,0,,DEPTH_SNAPSHOT_STREAM,false
1534,PRE_ELECTION,,60.0,,0,0,0,0,,DEPTH_SNAPSHOT_STREAM,false
1534,ELECTION_DAY_PRE_RESULTS,,11.0,,0,0,0,0,,DEPTH_SNAPSHOT_STREAM,false
1534,ACTIVE_RESULTS,,6.0,,0,0,0,0,,DEPTH_SNAPSHOT_STREAM,false
1534,LATE_COUNT,,43.0,,0,0,0,0,,DEPTH_SNAPSHOT_STREAM,false
1534,POST_RESOLUTION_DIAGNOSTIC,,,,0,0,0,0,,DEPTH_SNAPSHOT_STREAM,false
1535,PRE_ELECTION,,60.0,,0,0,0,0,,DEPTH_SNAPSHOT_STREAM,false
1535,ELECTION_DAY_PRE_RESULTS,,11.0,,0,0,0,0,,DEPTH_SNAPSHOT_STREAM,false
1535,ACTIVE_RESULTS,,6.0,,0,0,0,0,,DEPTH_SNAPSHOT_STREAM,false
1535,LATE_COUNT,,43.0,,0,0,0,0,,DEPTH_SNAPSHOT_STREAM,false
1535,POST_RESOLUTION_DIAGNOSTIC,,,,0,0,0,0,,DEPTH_SNAPSHOT_STREAM,false
1536,PRE_ELECTION,,60.0,,0,0,0,0,,DEPTH_SNAPSHOT_STREAM,false
1536,ELECTION_DAY_PRE_RESULTS,,11.0,,0,0,0,0,,DEPTH_SNAPSHOT_STREAM,false
1536,ACTIVE_RESULTS,,6.0,,0,0,0,0,,DEPTH_SNAPSHOT_STREAM,false
1536,LATE_COUNT,,43.0,,0,0,0,0,,DEPTH_SNAPSHOT_STREAM,false
1536,POST_RESOLUTION_DIAGNOSTIC,,,,0,0,0,0,,DEPTH_SNAPSHOT_STREAM,false
1537,PRE_ELECTION,,60.0,,0,0,0,0,,DEPTH_SNAPSHOT_STREAM,false
1537,ELECTION_DAY_PRE_RESULTS,,11.0,,0,0,0,0,,DEPTH_SNAPSHOT_STREAM,false
1537,ACTIVE_RESULTS,,6.0,,0,0,0,0,,DEPTH_SNAPSHOT_STREAM,false
1537,LATE_COUNT,,43.0,,0,0,0,0,,DEPTH_SNAPSHOT_STREAM,false
1537,POST_RESOLUTION_DIAGNOSTIC,,,,0,0,0,0,,DEPTH_SNAPSHOT_STREAM,false
1538,PRE_ELECTION,,60.0,,0,0,0,0,,DEPTH_SNAPSHOT_STREAM,false
1538,ELECTION_DAY_PRE_RESULTS,,11.0,,0,0,0,0,,DEPTH_SNAPSHOT_STREAM,false
1538,ACTIVE_RESULTS,,6.0,,0,0,0,0,,DEPTH_SNAPSHOT_STREAM,false
1538,LATE_COUNT,,43.0,,0,0,0,0,,DEPTH_SNAPSHOT_STREAM,false
1538,POST_RESOLUTION_DIAGNOSTIC,,,,0,0,0,0,,DEPTH_SNAPSHOT_STREAM,false
1539,PRE_ELECTION,,60.0,,0,0,0,0,,DEPTH_SNAPSHOT_STREAM,false
1539,ELECTION_DAY_PRE_RESULTS,,11.0,,0,0,0,0,,DEPTH_SNAPSHOT_STREAM,false
1539,ACTIVE_RESULTS,,6.0,,0,0,0,0,,DEPTH_SNAPSHOT_STREAM,false
1539,LATE_COUNT,,43.0,,0,0,0,0,,DEPTH_SNAPSHOT_STREAM,false
1539,POST_RESOLUTION_DIAGNOSTIC,,,,0,0,0,0,,DEPTH_SNAPSHOT_STREAM,false
1540,PRE_ELECTION,,60.0,,0,0,0,0,,DEPTH_SNAPSHOT_STREAM,false
1540,ELECTION_DAY_PRE_RESULTS,,11.0,,0,0,0,0,,DEPTH_SNAPSHOT_STREAM,false
1540,ACTIVE_RESULTS,,6.0,,0,0,0,0,,DEPTH_SNAPSHOT_STREAM,false
1540,LATE_COUNT,,43.0,,0,0,0,0,,DEPTH_SNAPSHOT_STREAM,false
1540,POST_RESOLUTION_DIAGNOSTIC,,,,0,0,0,0,,DEPTH_SNAPSHOT_STREAM,false
1541,PRE_ELECTION,,60.0,,0,0,0,0,,DEPTH_SNAPSHOT_STREAM,false
1541,ELECTION_DAY_PRE_RESULTS,,11.0,,0,0,0,0,,DEPTH_SNAPSHOT_STREAM,false
1541,ACTIVE_RESULTS,,6.0,,0,0,0,0,,DEPTH_SNAPSHOT_STREAM,false
1541,LATE_COUNT,,43.0,,0,0,0,0,,DEPTH_SNAPSHOT_STREAM,false
1541,POST_RESOLUTION_DIAGNOSTIC,,,,0,0,0,0,,DEPTH_SNAPSHOT_STREAM,false
1542,PRE_ELECTION,,60.0,,0,0,0,0,,DEPTH_SNAPSHOT_STREAM,false
1542,ELECTION_DAY_PRE_RESULTS,,11.0,,0,0,0,0,,DEPTH_SNAPSHOT_STREAM,false
1542,ACTIVE_RESULTS,,6.0,,0,0,0,0,,DEPTH_SNAPSHOT_STREAM,false
1542,LATE_COUNT,,43.0,,0,0,0,0,,DEPTH_SNAPSHOT_STREAM,false
1542,POST_RESOLUTION_DIAGNOSTIC,,,,0,0,0,0,,DEPTH_SNAPSHOT_STREAM,false
1543,PRE_ELECTION,,60.0,,0,0,0,0,,DEPTH_SNAPSHOT_STREAM,false
1543,ELECTION_DAY_PRE_RESULTS,,11.0,,0,0,0,0,,DEPTH_SNAPSHOT_STREAM,false
1543,ACTIVE_RESULTS,,6.0,,0,0,0,0,,DEPTH_SNAPSHOT_STREAM,false
1543,LATE_COUNT,,43.0,,0,0,0,0,,DEPTH_SNAPSHOT_STREAM,false
1543,POST_RESOLUTION_DIAGNOSTIC,,,,0,0,0,0,,DEPTH_SNAPSHOT_STREAM,false
1544,PRE_ELECTION,,60.0,,0,0,0,0,,DEPTH_SNAPSHOT_STREAM,false
1544,ELECTION_DAY_PRE_RESULTS,,11.0,,0,0,0,0,,DEPTH_SNAPSHOT_STREAM,false
1544,ACTIVE_RESULTS,,6.0,,0,0,0,0,,DEPTH_SNAPSHOT_STREAM,false
1544,LATE_COUNT,,43.0,,0,0,0,0,,DEPTH_SNAPSHOT_STREAM,false
1544,POST_RESOLUTION_DIAGNOSTIC,,,,0,0,0,0,,DEPTH_SNAPSHOT_STREAM,false
1545,PRE_ELECTION,,60.0,,0,0,0,0,,DEPTH_SNAPSHOT_STREAM,false
1545,ELECTION_DAY_PRE_RESULTS,,11.0,,0,0,0,0,,DEPTH_SNAPSHOT_STREAM,false
1545,ACTIVE_RESULTS,,6.0,,0,0,0,0,,DEPTH_SNAPSHOT_STREAM,false
1545,LATE_COUNT,,43.0,,0,0,0,0,,DEPTH_SNAPSHOT_STREAM,false
1545,POST_RESOLUTION_DIAGNOSTIC,,,,0,0,0,0,,DEPTH_SNAPSHOT_STREAM,false
1546,PRE_ELECTION,,60.0,,0,0,0,0,,DEPTH_SNAPSHOT_STREAM,false
1546,ELECTION_DAY_PRE_RESULTS,,11.0,,0,0,0,0,,DEPTH_SNAPSHOT_STREAM,false
1546,ACTIVE_RESULTS,,6.0,,0,0,0,0,,DEPTH_SNAPSHOT_STREAM,false
1546,LATE_COUNT,,43.0,,0,0,0,0,,DEPTH_SNAPSHOT_STREAM,false
1546,POST_RESOLUTION_DIAGNOSTIC,,,,0,0,0,0,,DEPTH_SNAPSHOT_STREAM,false
1547,PRE_ELECTION,,60.0,,0,0,0,0,,DEPTH_SNAPSHOT_STREAM,false
1547,ELECTION_DAY_PRE_RESULTS,,11.0,,0,0,0,0,,DEPTH_SNAPSHOT_STREAM,false
1547,ACTIVE_RESULTS,,6.0,,0,0,0,0,,DEPTH_SNAPSHOT_STREAM,false
1547,LATE_COUNT,,43.0,,0,0,0,0,,DEPTH_SNAPSHOT_STREAM,false
1547,POST_RESOLUTION_DIAGNOSTIC,,,,0,0,0,0,,DEPTH_SNAPSHOT_STREAM,false
1548,PRE_ELECTION,,60.0,,0,0,0,0,,DEPTH_SNAPSHOT_STREAM,false
1548,ELECTION_DAY_PRE_RESULTS,,11.0,,0,0,0,0,,DEPTH_SNAPSHOT_STREAM,false
1548,ACTIVE_RESULTS,,6.0,,0,0,0,0,,DEPTH_SNAPSHOT_STREAM,false
1548,LATE_COUNT,,43.0,,0,0,0,0,,DEPTH_SNAPSHOT_STREAM,false
1548,POST_RESOLUTION_DIAGNOSTIC,,,,0,0,0,0,,DEPTH_SNAPSHOT_STREAM,false
1549,PRE_ELECTION,,60.0,,0,0,0,0,,DEPTH_SNAPSHOT_STREAM,false
1549,ELECTION_DAY_PRE_RESULTS,,11.0,,0,0,0,0,,DEPTH_SNAPSHOT_STREAM,false
1549,ACTIVE_RESULTS,,6.0,,0,0,0,0,,DEPTH_SNAPSHOT_STREAM,false
1549,LATE_COUNT,,43.0,,0,0,0,0,,DEPTH_SNAPSHOT_STREAM,false
1549,POST_RESOLUTION_DIAGNOSTIC,,,,0,0,0,0,,DEPTH_SNAPSHOT_STREAM,false
1550,PRE_ELECTION,,60.0,,0,0,0,0,,DEPTH_SNAPSHOT_STREAM,false
1550,ELECTION_DAY_PRE_RESULTS,,11.0,,0,0,0,0,,DEPTH_SNAPSHOT_STREAM,false
1550,ACTIVE_RESULTS,,6.0,,0,0,0,0,,DEPTH_SNAPSHOT_STREAM,false
1550,LATE_COUNT,,43.0,,0,0,0,0,,DEPTH_SNAPSHOT_STREAM,false
1550,POST_RESOLUTION_DIAGNOSTIC,,,,0,0,0,0,,DEPTH_SNAPSHOT_STREAM,false
1551,PRE_ELECTION,,60.0,,0,0,0,0,,DEPTH_SNAPSHOT_STREAM,false
1551,ELECTION_DAY_PRE_RESULTS,,11.0,,0,0,0,0,,DEPTH_SNAPSHOT_STREAM,false
1551,ACTIVE_RESULTS,,6.0,,0,0,0,0,,DEPTH_SNAPSHOT_STREAM,false
1551,LATE_COUNT,,43.0,,0,0,0,0,,DEPTH_SNAPSHOT_STREAM,false
1551,POST_RESOLUTION_DIAGNOSTIC,,,,0,0,0,0,,DEPTH_SNAPSHOT_STREAM,false
1552,PRE_ELECTION,,60.0,,0,0,0,0,,DEPTH_SNAPSHOT_STREAM,false
1552,ELECTION_DAY_PRE_RESULTS,,11.0,,0,0,0,0,,DEPTH_SNAPSHOT_STREAM,false
1552,ACTIVE_RESULTS,,6.0,,0,0,0,0,,DEPTH_SNAPSHOT_STREAM,false
1552,LATE_COUNT,,43.0,,0,0,0,0,,DEPTH_SNAPSHOT_STREAM,false
1552,POST_RESOLUTION_DIAGNOSTIC,,,,0,0,0,0,,DEPTH_SNAPSHOT_STREAM,false
1553,PRE_ELECTION,,60.0,,0,0,0,0,,DEPTH_SNAPSHOT_STREAM,false
1553,ELECTION_DAY_PRE_RESULTS,,11.0,,0,0,0,0,,DEPTH_SNAPSHOT_STREAM,false
1553,ACTIVE_RESULTS,,6.0,,0,0,0,0,,DEPTH_SNAPSHOT_STREAM,false
1553,LATE_COUNT,,43.0,,0,0,0,0,,DEPTH_SNAPSHOT_STREAM,false
1553,POST_RESOLUTION_DIAGNOSTIC,,,,0,0,0,0,,DEPTH_SNAPSHOT_STREAM,false
1554,PRE_ELECTION,,60.0,,0,0,0,0,,DEPTH_SNAPSHOT_STREAM,false
1554,ELECTION_DAY_PRE_RESULTS,,11.0,,0,0,0,0,,DEPTH_SNAPSHOT_STREAM,false
1554,ACTIVE_RESULTS,,6.0,,0,0,0,0,,DEPTH_SNAPSHOT_STREAM,false
1554,LATE_COUNT,,43.0,,0,0,0,0,,DEPTH_SNAPSHOT_STREAM,false
1554,POST_RESOLUTION_DIAGNOSTIC,,,,0,0,0,0,,DEPTH_SNAPSHOT_STREAM,false
1555,PRE_ELECTION,,60.0,,0,0,0,0,,DEPTH_SNAPSHOT_STREAM,false
1555,ELECTION_DAY_PRE_RESULTS,,11.0,,0,0,0,0,,DEPTH_SNAPSHOT_STREAM,false
1555,ACTIVE_RESULTS,,6.0,,0,0,0,0,,DEPTH_SNAPSHOT_STREAM,false
1555,LATE_COUNT,,43.0,,0,0,0,0,,DEPTH_SNAPSHOT_STREAM,false
1555,POST_RESOLUTION_DIAGNOSTIC,,,,0,0,0,0,,DEPTH_SNAPSHOT_STREAM,false
1556,PRE_ELECTION,,60.0,,0,0,0,0,,DEPTH_SNAPSHOT_STREAM,false
1556,ELECTION_DAY_PRE_RESULTS,,11.0,,0,0,0,0,,DEPTH_SNAPSHOT_STREAM,false
1556,ACTIVE_RESULTS,,6.0,,0,0,0,0,,DEPTH_SNAPSHOT_STREAM,false
1556,LATE_COUNT,,43.0,,0,0,0,0,,DEPTH_SNAPSHOT_STREAM,false
1556,POST_RESOLUTION_DIAGNOSTIC,,,,0,0,0,0,,DEPTH_SNAPSHOT_STREAM,false
1557,PRE_ELECTION,,60.0,,0,0,0,0,,DEPTH_SNAPSHOT_STREAM,false
1557,ELECTION_DAY_PRE_RESULTS,,11.0,,0,0,0,0,,DEPTH_SNAPSHOT_STREAM,false
1557,ACTIVE_RESULTS,,6.0,,0,0,0,0,,DEPTH_SNAPSHOT_STREAM,false
1557,LATE_COUNT,,43.0,,0,0,0,0,,DEPTH_SNAPSHOT_STREAM,false
1557,POST_RESOLUTION_DIAGNOSTIC,,,,0,0,0,0,,DEPTH_SNAPSHOT_STREAM,false
1558,PRE_ELECTION,,60.0,,0,0,0,0,,DEPTH_SNAPSHOT_STREAM,false
1558,ELECTION_DAY_PRE_RESULTS,,11.0,,0,0,0,0,,DEPTH_SNAPSHOT_STREAM,false
1558,ACTIVE_RESULTS,,6.0,,0,0,0,0,,DEPTH_SNAPSHOT_STREAM,false
1558,LATE_COUNT,,43.0,,0,0,0,0,,DEPTH_SNAPSHOT_STREAM,false
1558,POST_RESOLUTION_DIAGNOSTIC,,,,0,0,0,0,,DEPTH_SNAPSHOT_STREAM,false
1559,PRE_ELECTION,,60.0,,0,0,0,0,,DEPTH_SNAPSHOT_STREAM,false
1559,ELECTION_DAY_PRE_RESULTS,,11.0,,0,0,0,0,,DEPTH_SNAPSHOT_STREAM,false
1559,ACTIVE_RESULTS,,6.0,,0,0,0,0,,DEPTH_SNAPSHOT_STREAM,false
1559,LATE_COUNT,,43.0,,0,0,0,0,,DEPTH_SNAPSHOT_STREAM,false
1559,POST_RESOLUTION_DIAGNOSTIC,,,,0,0,0,0,,DEPTH_SNAPSHOT_STREAM,false
1560,PRE_ELECTION,,60.0,,0,0,0,0,,DEPTH_SNAPSHOT_STREAM,false
1560,ELECTION_DAY_PRE_RESULTS,,11.0,,0,0,0,0,,DEPTH_SNAPSHOT_STREAM,false
1560,ACTIVE_RESULTS,,6.0,,0,0,0,0,,DEPTH_SNAPSHOT_STREAM,false
1560,LATE_COUNT,,43.0,,0,0,0,0,,DEPTH_SNAPSHOT_STREAM,false
1560,POST_RESOLUTION_DIAGNOSTIC,,,,0,0,0,0,,DEPTH_SNAPSHOT_STREAM,false
1561,PRE_ELECTION,,60.0,,0,0,0,0,,DEPTH_SNAPSHOT_STREAM,false
1561,ELECTION_DAY_PRE_RESULTS,,11.0,,0,0,0,0,,DEPTH_SNAPSHOT_STREAM,false
1561,ACTIVE_RESULTS,,6.0,,0,0,0,0,,DEPTH_SNAPSHOT_STREAM,false
1561,LATE_COUNT,,43.0,,0,0,0,0,,DEPTH_SNAPSHOT_STREAM,false
1561,POST_RESOLUTION_DIAGNOSTIC,,,,0,0,0,0,,DEPTH_SNAPSHOT_STREAM,false
1562,PRE_ELECTION,,60.0,,0,0,0,0,,DEPTH_SNAPSHOT_STREAM,false
1562,ELECTION_DAY_PRE_RESULTS,,11.0,,0,0,0,0,,DEPTH_SNAPSHOT_STREAM,false
1562,ACTIVE_RESULTS,,6.0,,0,0,0,0,,DEPTH_SNAPSHOT_STREAM,false
1562,LATE_COUNT,,43.0,,0,0,0,0,,DEPTH_SNAPSHOT_STREAM,false
1562,POST_RESOLUTION_DIAGNOSTIC,,,,0,0,0,0,,DEPTH_SNAPSHOT_STREAM,false
1563,PRE_ELECTION,,60.0,,0,0,0,0,,DEPTH_SNAPSHOT_STREAM,false
1563,ELECTION_DAY_PRE_RESULTS,,11.0,,0,0,0,0,,DEPTH_SNAPSHOT_STREAM,false
1563,ACTIVE_RESULTS,,6.0,,0,0,0,0,,DEPTH_SNAPSHOT_STREAM,false
1563,LATE_COUNT,,43.0,,0,0,0,0,,DEPTH_SNAPSHOT_STREAM,false
1563,POST_RESOLUTION_DIAGNOSTIC,,,,0,0,0,0,,DEPTH_SNAPSHOT_STREAM,false
1564,PRE_ELECTION,,60.0,,0,0,0,0,,DEPTH_SNAPSHOT_STREAM,false
1564,ELECTION_DAY_PRE_RESULTS,,11.0,,0,0,0,0,,DEPTH_SNAPSHOT_STREAM,false
1564,ACTIVE_RESULTS,,6.0,,0,0,0,0,,DEPTH_SNAPSHOT_STREAM,false
1564,LATE_COUNT,,43.0,,0,0,0,0,,DEPTH_SNAPSHOT_STREAM,false
1564,POST_RESOLUTION_DIAGNOSTIC,,,,0,0,0,0,,DEPTH_SNAPSHOT_STREAM,false
1565,PRE_ELECTION,,60.0,,0,0,0,0,,DEPTH_SNAPSHOT_STREAM,false
1565,ELECTION_DAY_PRE_RESULTS,,11.0,,0,0,0,0,,DEPTH_SNAPSHOT_STREAM,false
1565,ACTIVE_RESULTS,,6.0,,0,0,0,0,,DEPTH_SNAPSHOT_STREAM,false
1565,LATE_COUNT,,43.0,,0,0,0,0,,DEPTH_SNAPSHOT_STREAM,false
1565,POST_RESOLUTION_DIAGNOSTIC,,,,0,0,0,0,,DEPTH_SNAPSHOT_STREAM,false
1566,PRE_ELECTION,,60.0,,0,0,0,0,,DEPTH_SNAPSHOT_STREAM,false
1566,ELECTION_DAY_PRE_RESULTS,,11.0,,0,0,0,0,,DEPTH_SNAPSHOT_STREAM,false
1566,ACTIVE_RESULTS,,6.0,,0,0,0,0,,DEPTH_SNAPSHOT_STREAM,false
1566,LATE_COUNT,,43.0,,0,0,0,0,,DEPTH_SNAPSHOT_STREAM,false
1566,POST_RESOLUTION_DIAGNOSTIC,,,,0,0,0,0,,DEPTH_SNAPSHOT_STREAM,false
1567,PRE_ELECTION,,60.0,,0,0,0,0,,DEPTH_SNAPSHOT_STREAM,false
1567,ELECTION_DAY_PRE_RESULTS,,11.0,,0,0,0,0,,DEPTH_SNAPSHOT_STREAM,false
1567,ACTIVE_RESULTS,,6.0,,0,0,0,0,,DEPTH_SNAPSHOT_STREAM,false
1567,LATE_COUNT,,43.0,,0,0,0,0,,DEPTH_SNAPSHOT_STREAM,false
1567,POST_RESOLUTION_DIAGNOSTIC,,,,0,0,0,0,,DEPTH_SNAPSHOT_STREAM,false
1568,PRE_ELECTION,,60.0,,0,0,0,0,,DEPTH_SNAPSHOT_STREAM,false
1568,ELECTION_DAY_PRE_RESULTS,,11.0,,0,0,0,0,,DEPTH_SNAPSHOT_STREAM,false
1568,ACTIVE_RESULTS,,6.0,,0,0,0,0,,DEPTH_SNAPSHOT_STREAM,false
1568,LATE_COUNT,,43.0,,0,0,0,0,,DEPTH_SNAPSHOT_STREAM,false
1568,POST_RESOLUTION_DIAGNOSTIC,,,,0,0,0,0,,DEPTH_SNAPSHOT_STREAM,false
1569,PRE_ELECTION,,60.0,,0,0,0,0,,DEPTH_SNAPSHOT_STREAM,false
1569,ELECTION_DAY_PRE_RESULTS,,11.0,,0,0,0,0,,DEPTH_SNAPSHOT_STREAM,false
1569,ACTIVE_RESULTS,,6.0,,0,0,0,0,,DEPTH_SNAPSHOT_STREAM,false
1569,LATE_COUNT,,43.0,,0,0,0,0,,DEPTH_SNAPSHOT_STREAM,false
1569,POST_RESOLUTION_DIAGNOSTIC,,,,0,0,0,0,,DEPTH_SNAPSHOT_STREAM,false
1570,PRE_ELECTION,,60.0,,0,0,0,5,,DEPTH_SNAPSHOT_STREAM,false
1570,ELECTION_DAY_PRE_RESULTS,,11.0,,0,0,0,0,,DEPTH_SNAPSHOT_STREAM,false
1570,ACTIVE_RESULTS,,6.0,,0,0,0,0,,DEPTH_SNAPSHOT_STREAM,false
1570,LATE_COUNT,28.290513,43.0,0.65791891,73805,10,94,211,186.662,BBO_CHANGE_STREAM,false
1570,POST_RESOLUTION_DIAGNOSTIC,,,,0,0,0,0,,DEPTH_SNAPSHOT_STREAM,false
1571,PRE_ELECTION,,60.0,,0,0,0,5,,DEPTH_SNAPSHOT_STREAM,false
1571,ELECTION_DAY_PRE_RESULTS,,11.0,,0,0,0,0,,DEPTH_SNAPSHOT_STREAM,false
1571,ACTIVE_RESULTS,,6.0,,0,0,0,0,,DEPTH_SNAPSHOT_STREAM,false
1571,LATE_COUNT,28.290708,43.0,0.65792344,73803,5,80,378,186.54,BBO_CHANGE_STREAM,false
1571,POST_RESOLUTION_DIAGNOSTIC,,,,0,0,0,0,,DEPTH_SNAPSHOT_STREAM,false
1572,PRE_ELECTION,,60.0,,0,0,0,22,,DEPTH_SNAPSHOT_STREAM,false
1572,ELECTION_DAY_PRE_RESULTS,,11.0,,0,0,0,0,,DEPTH_SNAPSHOT_STREAM,false
1572,ACTIVE_RESULTS,,6.0,,0,0,0,1,,DEPTH_SNAPSHOT_STREAM,false
1572,LATE_COUNT,28.287883,43.0,0.65785774,42291,11,6,45,806.831,BBO_CHANGE_STREAM,false
1572,POST_RESOLUTION_DIAGNOSTIC,,,,0,0,0,0,,DEPTH_SNAPSHOT_STREAM,false
1573,PRE_ELECTION,,60.0,,0,0,0,14,,DEPTH_SNAPSHOT_STREAM,false
1573,ELECTION_DAY_PRE_RESULTS,,11.0,,0,0,0,0,,DEPTH_SNAPSHOT_STREAM,false
1573,ACTIVE_RESULTS,,6.0,,0,0,0,1,,DEPTH_SNAPSHOT_STREAM,false
1573,LATE_COUNT,28.288094,43.0,0.65786265,42280,7,6,26,806.831,BBO_CHANGE_STREAM,false
1573,POST_RESOLUTION_DIAGNOSTIC,,,,0,0,0,0,,DEPTH_SNAPSHOT_STREAM,false
1574,PRE_ELECTION,,60.0,,0,0,0,10,,DEPTH_SNAPSHOT_STREAM,false
1574,ELECTION_DAY_PRE_RESULTS,,11.0,,0,0,0,0,,DEPTH_SNAPSHOT_STREAM,false
1574,ACTIVE_RESULTS,,6.0,,0,0,0,2,,DEPTH_SNAPSHOT_STREAM,false
1574,LATE_COUNT,28.292056,43.0,0.65795479,34207,7,6,39,744.965,BBO_CHANGE_STREAM,false
1574,POST_RESOLUTION_DIAGNOSTIC,,,,0,0,0,0,,DEPTH_SNAPSHOT_STREAM,false
1575,PRE_ELECTION,,60.0,,0,0,0,6,,DEPTH_SNAPSHOT_STREAM,false
1575,ELECTION_DAY_PRE_RESULTS,,11.0,,0,0,0,0,,DEPTH_SNAPSHOT_STREAM,false
1575,ACTIVE_RESULTS,,6.0,,0,0,0,2,,DEPTH_SNAPSHOT_STREAM,false
1575,LATE_COUNT,28.292405,43.0,0.65796291,34207,10,3,12,744.965,BBO_CHANGE_STREAM,false
1575,POST_RESOLUTION_DIAGNOSTIC,,,,0,0,0,0,,DEPTH_SNAPSHOT_STREAM,false
1576,PRE_ELECTION,,60.0,,0,0,0,6,,DEPTH_SNAPSHOT_STREAM,false
1576,ELECTION_DAY_PRE_RESULTS,,11.0,,0,0,0,0,,DEPTH_SNAPSHOT_STREAM,false
1576,ACTIVE_RESULTS,,6.0,,0,0,0,1,,DEPTH_SNAPSHOT_STREAM,false
1576,LATE_COUNT,28.287682,43.0,0.65785307,14452,6,3,16,620.273,BBO_CHANGE_STREAM,false
1576,POST_RESOLUTION_DIAGNOSTIC,,,,0,0,0,0,,DEPTH_SNAPSHOT_STREAM,false
1577,PRE_ELECTION,,60.0,,0,0,0,9,,DEPTH_SNAPSHOT_STREAM,false
1577,ELECTION_DAY_PRE_RESULTS,,11.0,,0,0,0,0,,DEPTH_SNAPSHOT_STREAM,false
1577,ACTIVE_RESULTS,,6.0,,0,0,0,1,,DEPTH_SNAPSHOT_STREAM,false
1577,LATE_COUNT,28.287917,43.0,0.65785853,14452,8,9,66,620.273,BBO_CHANGE_STREAM,false
1577,POST_RESOLUTION_DIAGNOSTIC,,,,0,0,0,0,,DEPTH_SNAPSHOT_STREAM,false
1578,PRE_ELECTION,,60.0,,0,0,0,10,,DEPTH_SNAPSHOT_STREAM,false
1578,ELECTION_DAY_PRE_RESULTS,,11.0,,0,0,0,0,,DEPTH_SNAPSHOT_STREAM,false
1578,ACTIVE_RESULTS,,6.0,,0,0,0,1,,DEPTH_SNAPSHOT_STREAM,false
1578,LATE_COUNT,28.288168,43.0,0.65786437,8030,9,0,27,815.165,BBO_CHANGE_STREAM,false
1578,POST_RESOLUTION_DIAGNOSTIC,,,,0,0,0,0,,DEPTH_SNAPSHOT_STREAM,false
1579,PRE_ELECTION,,60.0,,0,0,0,6,,DEPTH_SNAPSHOT_STREAM,false
1579,ELECTION_DAY_PRE_RESULTS,,11.0,,0,0,0,0,,DEPTH_SNAPSHOT_STREAM,false
1579,ACTIVE_RESULTS,,6.0,,0,0,0,1,,DEPTH_SNAPSHOT_STREAM,false
1579,LATE_COUNT,28.288135,43.0,0.6578636,8030,12,0,10,815.165,BBO_CHANGE_STREAM,false
1579,POST_RESOLUTION_DIAGNOSTIC,,,,0,0,0,0,,DEPTH_SNAPSHOT_STREAM,false
1580,PRE_ELECTION,,60.0,,0,0,0,6,,DEPTH_SNAPSHOT_STREAM,false
1580,ELECTION_DAY_PRE_RESULTS,,11.0,,0,0,0,0,,DEPTH_SNAPSHOT_STREAM,false
1580,ACTIVE_RESULTS,,6.0,,0,0,0,2,,DEPTH_SNAPSHOT_STREAM,false
1580,LATE_COUNT,28.287682,43.0,0.65785307,12401,7,15,60,822.65,BBO_CHANGE_STREAM,false
1580,POST_RESOLUTION_DIAGNOSTIC,,,,0,0,0,0,,DEPTH_SNAPSHOT_STREAM,false
1581,PRE_ELECTION,,60.0,,0,0,0,7,,DEPTH_SNAPSHOT_STREAM,false
1581,ELECTION_DAY_PRE_RESULTS,,11.0,,0,0,0,0,,DEPTH_SNAPSHOT_STREAM,false
1581,ACTIVE_RESULTS,,6.0,,0,0,0,9,,DEPTH_SNAPSHOT_STREAM,false
1581,LATE_COUNT,28.288122,43.0,0.6578633,12401,10,17,79,822.65,BBO_CHANGE_STREAM,false
1581,POST_RESOLUTION_DIAGNOSTIC,,,,0,0,0,0,,DEPTH_SNAPSHOT_STREAM,false
1582,PRE_ELECTION,,60.0,,0,0,0,6,,DEPTH_SNAPSHOT_STREAM,false
1582,ELECTION_DAY_PRE_RESULTS,,11.0,,0,0,0,0,,DEPTH_SNAPSHOT_STREAM,false
1582,ACTIVE_RESULTS,,6.0,,0,0,0,1,,DEPTH_SNAPSHOT_STREAM,false
1582,LATE_COUNT,28.292286,43.0,0.65796014,28309,7,0,0,638.646,BBO_CHANGE_STREAM,false
1582,POST_RESOLUTION_DIAGNOSTIC,,,,0,0,0,0,,DEPTH_SNAPSHOT_STREAM,false
1583,PRE_ELECTION,,60.0,,0,0,0,10,,DEPTH_SNAPSHOT_STREAM,false
1583,ELECTION_DAY_PRE_RESULTS,,11.0,,0,0,0,0,,DEPTH_SNAPSHOT_STREAM,false
1583,ACTIVE_RESULTS,,6.0,,0,0,0,1,,DEPTH_SNAPSHOT_STREAM,false
1583,LATE_COUNT,28.292072,43.0,0.65795516,28306,11,0,5,638.646,BBO_CHANGE_STREAM,false
1583,POST_RESOLUTION_DIAGNOSTIC,,,,0,0,0,0,,DEPTH_SNAPSHOT_STREAM,false
1584,PRE_ELECTION,,60.0,,0,0,0,10,,DEPTH_SNAPSHOT_STREAM,false
1584,ELECTION_DAY_PRE_RESULTS,,11.0,,0,0,0,0,,DEPTH_SNAPSHOT_STREAM,false
1584,ACTIVE_RESULTS,,6.0,,0,0,0,2,,DEPTH_SNAPSHOT_STREAM,false
1584,LATE_COUNT,28.292432,43.0,0.65796353,62816,8,0,11,766.938,BBO_CHANGE_STREAM,false
1584,POST_RESOLUTION_DIAGNOSTIC,,,,0,0,0,0,,DEPTH_SNAPSHOT_STREAM,false
1585,PRE_ELECTION,,60.0,,0,0,0,15,,DEPTH_SNAPSHOT_STREAM,false
1585,ELECTION_DAY_PRE_RESULTS,,11.0,,0,0,0,0,,DEPTH_SNAPSHOT_STREAM,false
1585,ACTIVE_RESULTS,,6.0,,0,0,0,4,,DEPTH_SNAPSHOT_STREAM,false
1585,LATE_COUNT,28.292445,43.0,0.65796384,62816,7,0,15,766.938,BBO_CHANGE_STREAM,false
1585,POST_RESOLUTION_DIAGNOSTIC,,,,0,0,0,0,,DEPTH_SNAPSHOT_STREAM,false
1586,PRE_ELECTION,,60.0,,0,0,0,4,,DEPTH_SNAPSHOT_STREAM,false
1586,ELECTION_DAY_PRE_RESULTS,,11.0,,0,0,0,0,,DEPTH_SNAPSHOT_STREAM,false
1586,ACTIVE_RESULTS,,6.0,,0,0,0,6,,DEPTH_SNAPSHOT_STREAM,false
1586,LATE_COUNT,28.288056,43.0,0.65786177,11462,13,3,10,354.652,BBO_CHANGE_STREAM,false
1586,POST_RESOLUTION_DIAGNOSTIC,,,,0,0,0,0,,DEPTH_SNAPSHOT_STREAM,false
1587,PRE_ELECTION,,60.0,,0,0,0,9,,DEPTH_SNAPSHOT_STREAM,false
1587,ELECTION_DAY_PRE_RESULTS,,11.0,,0,0,0,0,,DEPTH_SNAPSHOT_STREAM,false
1587,ACTIVE_RESULTS,,6.0,,0,0,0,9,,DEPTH_SNAPSHOT_STREAM,false
1587,LATE_COUNT,28.287851,43.0,0.657857,11462,11,6,37,354.652,BBO_CHANGE_STREAM,false
1587,POST_RESOLUTION_DIAGNOSTIC,,,,0,0,0,0,,DEPTH_SNAPSHOT_STREAM,false
1588,PRE_ELECTION,,60.0,,0,0,0,12,,DEPTH_SNAPSHOT_STREAM,false
1588,ELECTION_DAY_PRE_RESULTS,,11.0,,0,0,0,0,,DEPTH_SNAPSHOT_STREAM,false
1588,ACTIVE_RESULTS,,6.0,,0,0,0,1,,DEPTH_SNAPSHOT_STREAM,false
1588,LATE_COUNT,28.287906,43.0,0.65785828,37665,10,6,37,451.493,BBO_CHANGE_STREAM,false
1588,POST_RESOLUTION_DIAGNOSTIC,,,,0,0,0,0,,DEPTH_SNAPSHOT_STREAM,false
1589,PRE_ELECTION,,60.0,,0,0,0,8,,DEPTH_SNAPSHOT_STREAM,false
1589,ELECTION_DAY_PRE_RESULTS,,11.0,,0,0,0,0,,DEPTH_SNAPSHOT_STREAM,false
1589,ACTIVE_RESULTS,,6.0,,0,0,0,1,,DEPTH_SNAPSHOT_STREAM,false
1589,LATE_COUNT,28.28808,43.0,0.65786233,37656,13,3,10,451.493,BBO_CHANGE_STREAM,false
1589,POST_RESOLUTION_DIAGNOSTIC,,,,0,0,0,0,,DEPTH_SNAPSHOT_STREAM,false
1590,PRE_ELECTION,,60.0,,0,0,0,23,,DEPTH_SNAPSHOT_STREAM,false
1590,ELECTION_DAY_PRE_RESULTS,,11.0,,0,0,0,0,,DEPTH_SNAPSHOT_STREAM,false
1590,ACTIVE_RESULTS,,6.0,,0,0,0,2,,DEPTH_SNAPSHOT_STREAM,false
1590,LATE_COUNT,28.287944,43.0,0.65785916,14200,8,6,39,815.165,BBO_CHANGE_STREAM,false
1590,POST_RESOLUTION_DIAGNOSTIC,,,,0,0,0,0,,DEPTH_SNAPSHOT_STREAM,false
1591,PRE_ELECTION,,60.0,,0,0,0,20,,DEPTH_SNAPSHOT_STREAM,false
1591,ELECTION_DAY_PRE_RESULTS,,11.0,,0,0,0,0,,DEPTH_SNAPSHOT_STREAM,false
1591,ACTIVE_RESULTS,,6.0,,0,0,0,2,,DEPTH_SNAPSHOT_STREAM,false
1591,LATE_COUNT,28.287764,43.0,0.65785498,14200,13,3,10,815.165,BBO_CHANGE_STREAM,false
1591,POST_RESOLUTION_DIAGNOSTIC,,,,0,0,0,0,,DEPTH_SNAPSHOT_STREAM,false
1592,PRE_ELECTION,,60.0,,0,0,0,19,,DEPTH_SNAPSHOT_STREAM,false
1592,ELECTION_DAY_PRE_RESULTS,,11.0,,0,0,0,4,,DEPTH_SNAPSHOT_STREAM,false
1592,ACTIVE_RESULTS,,6.0,,0,0,0,3,,DEPTH_SNAPSHOT_STREAM,false
1592,LATE_COUNT,28.291857,43.0,0.65795016,11788,9,6,45,638.331,BBO_CHANGE_STREAM,false
1592,POST_RESOLUTION_DIAGNOSTIC,,,,0,0,0,0,,DEPTH_SNAPSHOT_STREAM,false
1593,PRE_ELECTION,,60.0,,0,0,0,12,,DEPTH_SNAPSHOT_STREAM,false
1593,ELECTION_DAY_PRE_RESULTS,,11.0,,0,0,0,1,,DEPTH_SNAPSHOT_STREAM,false
1593,ACTIVE_RESULTS,,6.0,,0,0,0,2,,DEPTH_SNAPSHOT_STREAM,false
1593,LATE_COUNT,28.291957,43.0,0.65795249,11785,9,3,10,638.331,BBO_CHANGE_STREAM,false
1593,POST_RESOLUTION_DIAGNOSTIC,,,,0,0,0,0,,DEPTH_SNAPSHOT_STREAM,false
1594,PRE_ELECTION,,60.0,,0,0,0,5,,DEPTH_SNAPSHOT_STREAM,false
1594,ELECTION_DAY_PRE_RESULTS,,11.0,,0,0,0,0,,DEPTH_SNAPSHOT_STREAM,false
1594,ACTIVE_RESULTS,,6.0,,0,0,0,1,,DEPTH_SNAPSHOT_STREAM,false
1594,LATE_COUNT,28.287944,43.0,0.65785916,66874,11,3,10,601.435,BBO_CHANGE_STREAM,false
1594,POST_RESOLUTION_DIAGNOSTIC,,,,0,0,0,0,,DEPTH_SNAPSHOT_STREAM,false
1595,PRE_ELECTION,,60.0,,0,0,0,7,,DEPTH_SNAPSHOT_STREAM,false
1595,ELECTION_DAY_PRE_RESULTS,,11.0,,0,0,0,0,,DEPTH_SNAPSHOT_STREAM,false
1595,ACTIVE_RESULTS,,6.0,,0,0,0,1,,DEPTH_SNAPSHOT_STREAM,false
1595,LATE_COUNT,28.287851,43.0,0.657857,66871,8,6,41,601.414,BBO_CHANGE_STREAM,false
1595,POST_RESOLUTION_DIAGNOSTIC,,,,0,0,0,0,,DEPTH_SNAPSHOT_STREAM,false
1596,PRE_ELECTION,,60.0,,0,0,0,12,,DEPTH_SNAPSHOT_STREAM,false
1596,ELECTION_DAY_PRE_RESULTS,,11.0,,0,0,0,6,,DEPTH_SNAPSHOT_STREAM,false
1596,ACTIVE_RESULTS,,6.0,,0,0,0,0,,DEPTH_SNAPSHOT_STREAM,false
1596,LATE_COUNT,28.288016,43.0,0.65786084,75036,6,562,1535,227.607,BBO_CHANGE_STREAM,false
1596,POST_RESOLUTION_DIAGNOSTIC,,,,0,0,0,0,,DEPTH_SNAPSHOT_STREAM,false
1597,PRE_ELECTION,,60.0,,0,0,0,9,,DEPTH_SNAPSHOT_STREAM,false
1597,ELECTION_DAY_PRE_RESULTS,,11.0,,0,0,0,4,,DEPTH_SNAPSHOT_STREAM,false
1597,ACTIVE_RESULTS,,6.0,,0,0,0,0,,DEPTH_SNAPSHOT_STREAM,false
1597,LATE_COUNT,28.287254,43.0,0.65784312,75074,2,151,507,227.607,BBO_CHANGE_STREAM,false
1597,POST_RESOLUTION_DIAGNOSTIC,,,,0,0,0,0,,DEPTH_SNAPSHOT_STREAM,false
1598,PRE_ELECTION,,60.0,,0,0,0,14,,DEPTH_SNAPSHOT_STREAM,false
1598,ELECTION_DAY_PRE_RESULTS,,11.0,,0,0,0,0,,DEPTH_SNAPSHOT_STREAM,false
1598,ACTIVE_RESULTS,,6.0,,0,0,0,1,,DEPTH_SNAPSHOT_STREAM,false
1598,LATE_COUNT,28.288056,43.0,0.65786177,4679,11,0,21,802.305,BBO_CHANGE_STREAM,false
1598,POST_RESOLUTION_DIAGNOSTIC,,,,0,0,0,0,,DEPTH_SNAPSHOT_STREAM,false
1599,PRE_ELECTION,,60.0,,0,0,0,8,,DEPTH_SNAPSHOT_STREAM,false
1599,ELECTION_DAY_PRE_RESULTS,,11.0,,0,0,0,0,,DEPTH_SNAPSHOT_STREAM,false
1599,ACTIVE_RESULTS,,6.0,,0,0,0,1,,DEPTH_SNAPSHOT_STREAM,false
1599,LATE_COUNT,28.287806,43.0,0.65785595,4677,12,0,10,802.305,BBO_CHANGE_STREAM,false
1599,POST_RESOLUTION_DIAGNOSTIC,,,,0,0,0,0,,DEPTH_SNAPSHOT_STREAM,false
1600,PRE_ELECTION,,60.0,,0,0,0,5,,DEPTH_SNAPSHOT_STREAM,false
1600,ELECTION_DAY_PRE_RESULTS,,11.0,,0,0,0,0,,DEPTH_SNAPSHOT_STREAM,false
1600,ACTIVE_RESULTS,,6.0,,0,0,0,6,,DEPTH_SNAPSHOT_STREAM,false
1600,LATE_COUNT,28.292354,43.0,0.65796172,8104,8,0,0,819.965,BBO_CHANGE_STREAM,false
1600,POST_RESOLUTION_DIAGNOSTIC,,,,0,0,0,0,,DEPTH_SNAPSHOT_STREAM,false
1601,PRE_ELECTION,,60.0,,0,0,0,5,,DEPTH_SNAPSHOT_STREAM,false
1601,ELECTION_DAY_PRE_RESULTS,,11.0,,0,0,0,0,,DEPTH_SNAPSHOT_STREAM,false
1601,ACTIVE_RESULTS,,6.0,,0,0,0,11,,DEPTH_SNAPSHOT_STREAM,false
1601,LATE_COUNT,28.29229,43.0,0.65796023,8104,7,0,14,819.965,BBO_CHANGE_STREAM,false
1601,POST_RESOLUTION_DIAGNOSTIC,,,,0,0,0,0,,DEPTH_SNAPSHOT_STREAM,false
1602,PRE_ELECTION,,60.0,,0,0,0,11,,DEPTH_SNAPSHOT_STREAM,false
1602,ELECTION_DAY_PRE_RESULTS,,11.0,,0,0,0,0,,DEPTH_SNAPSHOT_STREAM,false
1602,ACTIVE_RESULTS,,6.0,,0,0,0,1,,DEPTH_SNAPSHOT_STREAM,false
1602,LATE_COUNT,28.292321,43.0,0.65796095,80046,6,0,30,800.341,BBO_CHANGE_STREAM,false
1602,POST_RESOLUTION_DIAGNOSTIC,,,,0,0,0,0,,DEPTH_SNAPSHOT_STREAM,false
1603,PRE_ELECTION,,60.0,,0,0,0,5,,DEPTH_SNAPSHOT_STREAM,false
1603,ELECTION_DAY_PRE_RESULTS,,11.0,,0,0,0,0,,DEPTH_SNAPSHOT_STREAM,false
1603,ACTIVE_RESULTS,,6.0,,0,0,0,1,,DEPTH_SNAPSHOT_STREAM,false
1603,LATE_COUNT,28.292321,43.0,0.65796095,80046,4,0,7,800.341,BBO_CHANGE_STREAM,false
1603,POST_RESOLUTION_DIAGNOSTIC,,,,0,0,0,0,,DEPTH_SNAPSHOT_STREAM,false
1604,PRE_ELECTION,,60.0,,0,0,0,4,,DEPTH_SNAPSHOT_STREAM,false
1604,ELECTION_DAY_PRE_RESULTS,,11.0,,0,0,0,0,,DEPTH_SNAPSHOT_STREAM,false
1604,ACTIVE_RESULTS,,6.0,,0,0,0,2,,DEPTH_SNAPSHOT_STREAM,false
1604,LATE_COUNT,28.291857,43.0,0.65795016,4963,9,0,2,801.311,BBO_CHANGE_STREAM,false
1604,POST_RESOLUTION_DIAGNOSTIC,,,,0,0,0,0,,DEPTH_SNAPSHOT_STREAM,false
1605,PRE_ELECTION,,60.0,,0,0,0,6,,DEPTH_SNAPSHOT_STREAM,false
1605,ELECTION_DAY_PRE_RESULTS,,11.0,,0,0,0,0,,DEPTH_SNAPSHOT_STREAM,false
1605,ACTIVE_RESULTS,,6.0,,0,0,0,2,,DEPTH_SNAPSHOT_STREAM,false
1605,LATE_COUNT,28.291884,43.0,0.65795079,4966,11,0,8,801.311,BBO_CHANGE_STREAM,false
1605,POST_RESOLUTION_DIAGNOSTIC,,,,0,0,0,0,,DEPTH_SNAPSHOT_STREAM,false
1606,PRE_ELECTION,,60.0,,0,0,0,5,,DEPTH_SNAPSHOT_STREAM,false
1606,ELECTION_DAY_PRE_RESULTS,,11.0,,0,0,0,2,,DEPTH_SNAPSHOT_STREAM,false
1606,ACTIVE_RESULTS,,6.0,,0,0,0,1,,DEPTH_SNAPSHOT_STREAM,false
1606,LATE_COUNT,28.292325,43.0,0.65796105,14623,8,6,38,800.113,BBO_CHANGE_STREAM,false
1606,POST_RESOLUTION_DIAGNOSTIC,,,,0,0,0,0,,DEPTH_SNAPSHOT_STREAM,false
1607,PRE_ELECTION,,60.0,,0,0,0,5,,DEPTH_SNAPSHOT_STREAM,false
1607,ELECTION_DAY_PRE_RESULTS,,11.0,,0,0,0,1,,DEPTH_SNAPSHOT_STREAM,false
1607,ACTIVE_RESULTS,,6.0,,0,0,0,1,,DEPTH_SNAPSHOT_STREAM,false
1607,LATE_COUNT,28.291956,43.0,0.65795247,14623,7,3,10,800.113,BBO_CHANGE_STREAM,false
1607,POST_RESOLUTION_DIAGNOSTIC,,,,0,0,0,0,,DEPTH_SNAPSHOT_STREAM,false
1608,PRE_ELECTION,,60.0,,0,0,0,6,,DEPTH_SNAPSHOT_STREAM,false
1608,ELECTION_DAY_PRE_RESULTS,,11.0,,0,0,0,4,,DEPTH_SNAPSHOT_STREAM,false
1608,ACTIVE_RESULTS,,6.0,,0,0,0,2,,DEPTH_SNAPSHOT_STREAM,false
1608,LATE_COUNT,28.292504,43.0,0.65796521,32877,10,6,18,721.136,BBO_CHANGE_STREAM,false
1608,POST_RESOLUTION_DIAGNOSTIC,,,,0,0,0,0,,DEPTH_SNAPSHOT_STREAM,false
1609,PRE_ELECTION,,60.0,,0,0,0,7,,DEPTH_SNAPSHOT_STREAM,false
1609,ELECTION_DAY_PRE_RESULTS,,11.0,,0,0,0,4,,DEPTH_SNAPSHOT_STREAM,false
1609,ACTIVE_RESULTS,,6.0,,0,0,0,2,,DEPTH_SNAPSHOT_STREAM,false
1609,LATE_COUNT,28.292378,43.0,0.65796228,32877,10,6,60,721.136,BBO_CHANGE_STREAM,false
1609,POST_RESOLUTION_DIAGNOSTIC,,,,0,0,0,0,,DEPTH_SNAPSHOT_STREAM,false
1610,PRE_ELECTION,,60.0,,0,0,0,12,,DEPTH_SNAPSHOT_STREAM,false
1610,ELECTION_DAY_PRE_RESULTS,,11.0,,0,0,0,2,,DEPTH_SNAPSHOT_STREAM,false
1610,ACTIVE_RESULTS,,6.0,,0,0,0,0,,DEPTH_SNAPSHOT_STREAM,false
1610,LATE_COUNT,28.287883,43.0,0.65785774,75140,6,97,333,165.109,BBO_CHANGE_STREAM,false
1610,POST_RESOLUTION_DIAGNOSTIC,,,,0,0,0,0,,DEPTH_SNAPSHOT_STREAM,false
1611,PRE_ELECTION,,60.0,,0,0,0,10,,DEPTH_SNAPSHOT_STREAM,false
1611,ELECTION_DAY_PRE_RESULTS,,11.0,,0,0,0,0,,DEPTH_SNAPSHOT_STREAM,false
1611,ACTIVE_RESULTS,,6.0,,0,0,0,2,,DEPTH_SNAPSHOT_STREAM,false
1611,LATE_COUNT,28.287306,43.0,0.65784433,75154,6,94,303,164.462,BBO_CHANGE_STREAM,false
1611,POST_RESOLUTION_DIAGNOSTIC,,,,0,0,0,0,,DEPTH_SNAPSHOT_STREAM,false
1612,PRE_ELECTION,,60.0,,0,0,0,4,,DEPTH_SNAPSHOT_STREAM,false
1612,ELECTION_DAY_PRE_RESULTS,,11.0,,0,0,0,1,,DEPTH_SNAPSHOT_STREAM,false
1612,ACTIVE_RESULTS,,6.0,,0,0,0,0,,DEPTH_SNAPSHOT_STREAM,false
1612,LATE_COUNT,28.28791,43.0,0.65785837,128372,6,113,474,223.456,BBO_CHANGE_STREAM,false
1612,POST_RESOLUTION_DIAGNOSTIC,,,,0,0,0,0,,DEPTH_SNAPSHOT_STREAM,false
1613,PRE_ELECTION,,60.0,,0,0,0,6,,DEPTH_SNAPSHOT_STREAM,false
1613,ELECTION_DAY_PRE_RESULTS,,11.0,,0,0,0,1,,DEPTH_SNAPSHOT_STREAM,false
1613,ACTIVE_RESULTS,,6.0,,0,0,0,0,,DEPTH_SNAPSHOT_STREAM,false
1613,LATE_COUNT,28.28718,43.0,0.6578414,128372,9,157,508,223.456,BBO_CHANGE_STREAM,false
1613,POST_RESOLUTION_DIAGNOSTIC,,,,0,0,0,0,,DEPTH_SNAPSHOT_STREAM,false
1614,PRE_ELECTION,,60.0,,0,0,0,11,,DEPTH_SNAPSHOT_STREAM,false
1614,ELECTION_DAY_PRE_RESULTS,,11.0,,0,0,0,0,,DEPTH_SNAPSHOT_STREAM,false
1614,ACTIVE_RESULTS,,6.0,,0,0,0,1,,DEPTH_SNAPSHOT_STREAM,false
1614,LATE_COUNT,28.291355,43.0,0.65793849,33290,6,3,20,724.144,BBO_CHANGE_STREAM,false
1614,POST_RESOLUTION_DIAGNOSTIC,,,,0,0,0,0,,DEPTH_SNAPSHOT_STREAM,false
1615,PRE_ELECTION,,60.0,,0,0,0,12,,DEPTH_SNAPSHOT_STREAM,false
1615,ELECTION_DAY_PRE_RESULTS,,11.0,,0,0,0,0,,DEPTH_SNAPSHOT_STREAM,false
1615,ACTIVE_RESULTS,,6.0,,0,0,0,3,,DEPTH_SNAPSHOT_STREAM,false
1615,LATE_COUNT,28.29203,43.0,0.65795419,33290,8,6,49,724.144,BBO_CHANGE_STREAM,false
1615,POST_RESOLUTION_DIAGNOSTIC,,,,0,0,0,0,,DEPTH_SNAPSHOT_STREAM,false
1616,PRE_ELECTION,,60.0,,0,0,0,0,,DEPTH_SNAPSHOT_STREAM,false
1616,ELECTION_DAY_PRE_RESULTS,,11.0,,0,0,0,0,,DEPTH_SNAPSHOT_STREAM,false
1616,ACTIVE_RESULTS,,6.0,,0,0,0,0,,DEPTH_SNAPSHOT_STREAM,false
1616,LATE_COUNT,,43.0,,0,0,0,0,,DEPTH_SNAPSHOT_STREAM,false
1616,POST_RESOLUTION_DIAGNOSTIC,,,,0,0,0,0,,DEPTH_SNAPSHOT_STREAM,false
1617,PRE_ELECTION,,60.0,,0,0,0,0,,DEPTH_SNAPSHOT_STREAM,false
1617,ELECTION_DAY_PRE_RESULTS,,11.0,,0,0,0,0,,DEPTH_SNAPSHOT_STREAM,false
1617,ACTIVE_RESULTS,,6.0,,0,0,0,0,,DEPTH_SNAPSHOT_STREAM,false
1617,LATE_COUNT,,43.0,,0,0,0,0,,DEPTH_SNAPSHOT_STREAM,false
1617,POST_RESOLUTION_DIAGNOSTIC,,,,0,0,0,0,,DEPTH_SNAPSHOT_STREAM,false
1618,PRE_ELECTION,,60.0,,0,0,0,0,,DEPTH_SNAPSHOT_STREAM,false
1618,ELECTION_DAY_PRE_RESULTS,,11.0,,0,0,0,0,,DEPTH_SNAPSHOT_STREAM,false
1618,ACTIVE_RESULTS,,6.0,,0,0,0,0,,DEPTH_SNAPSHOT_STREAM,false
1618,LATE_COUNT,,43.0,,0,0,0,0,,DEPTH_SNAPSHOT_STREAM,false
1618,POST_RESOLUTION_DIAGNOSTIC,,,,0,0,0,0,,DEPTH_SNAPSHOT_STREAM,false
1619,PRE_ELECTION,,60.0,,0,0,0,0,,DEPTH_SNAPSHOT_STREAM,false
1619,ELECTION_DAY_PRE_RESULTS,,11.0,,0,0,0,0,,DEPTH_SNAPSHOT_STREAM,false
1619,ACTIVE_RESULTS,,6.0,,0,0,0,0,,DEPTH_SNAPSHOT_STREAM,false
1619,LATE_COUNT,,43.0,,0,0,0,0,,DEPTH_SNAPSHOT_STREAM,false
1619,POST_RESOLUTION_DIAGNOSTIC,,,,0,0,0,0,,DEPTH_SNAPSHOT_STREAM,false
1620,PRE_ELECTION,,60.0,,0,0,0,0,,DEPTH_SNAPSHOT_STREAM,false
1620,ELECTION_DAY_PRE_RESULTS,,11.0,,0,0,0,0,,DEPTH_SNAPSHOT_STREAM,false
1620,ACTIVE_RESULTS,,6.0,,0,0,0,0,,DEPTH_SNAPSHOT_STREAM,false
1620,LATE_COUNT,,43.0,,0,0,0,0,,DEPTH_SNAPSHOT_STREAM,false
1620,POST_RESOLUTION_DIAGNOSTIC,,,,0,0,0,0,,DEPTH_SNAPSHOT_STREAM,false
1621,PRE_ELECTION,,60.0,,0,0,0,0,,DEPTH_SNAPSHOT_STREAM,false
1621,ELECTION_DAY_PRE_RESULTS,,11.0,,0,0,0,0,,DEPTH_SNAPSHOT_STREAM,false
1621,ACTIVE_RESULTS,,6.0,,0,0,0,0,,DEPTH_SNAPSHOT_STREAM,false
1621,LATE_COUNT,,43.0,,0,0,0,0,,DEPTH_SNAPSHOT_STREAM,false
1621,POST_RESOLUTION_DIAGNOSTIC,,,,0,0,0,0,,DEPTH_SNAPSHOT_STREAM,false
1622,PRE_ELECTION,,60.0,,0,0,0,0,,DEPTH_SNAPSHOT_STREAM,false
1622,ELECTION_DAY_PRE_RESULTS,,11.0,,0,0,0,0,,DEPTH_SNAPSHOT_STREAM,false
1622,ACTIVE_RESULTS,,6.0,,0,0,0,0,,DEPTH_SNAPSHOT_STREAM,false
1622,LATE_COUNT,,43.0,,0,0,0,0,,DEPTH_SNAPSHOT_STREAM,false
1622,POST_RESOLUTION_DIAGNOSTIC,,,,0,0,0,0,,DEPTH_SNAPSHOT_STREAM,false
1623,PRE_ELECTION,,60.0,,0,0,0,0,,DEPTH_SNAPSHOT_STREAM,false
1623,ELECTION_DAY_PRE_RESULTS,,11.0,,0,0,0,0,,DEPTH_SNAPSHOT_STREAM,false
1623,ACTIVE_RESULTS,,6.0,,0,0,0,0,,DEPTH_SNAPSHOT_STREAM,false
1623,LATE_COUNT,,43.0,,0,0,0,0,,DEPTH_SNAPSHOT_STREAM,false
1623,POST_RESOLUTION_DIAGNOSTIC,,,,0,0,0,0,,DEPTH_SNAPSHOT_STREAM,false
1624,PRE_ELECTION,,60.0,,0,0,0,0,,DEPTH_SNAPSHOT_STREAM,false
1624,ELECTION_DAY_PRE_RESULTS,,11.0,,0,0,0,0,,DEPTH_SNAPSHOT_STREAM,false
1624,ACTIVE_RESULTS,,6.0,,0,0,0,0,,DEPTH_SNAPSHOT_STREAM,false
1624,LATE_COUNT,,43.0,,0,0,0,0,,DEPTH_SNAPSHOT_STREAM,false
1624,POST_RESOLUTION_DIAGNOSTIC,,,,0,0,0,0,,DEPTH_SNAPSHOT_STREAM,false
1625,PRE_ELECTION,,60.0,,0,0,0,0,,DEPTH_SNAPSHOT_STREAM,false
1625,ELECTION_DAY_PRE_RESULTS,,11.0,,0,0,0,0,,DEPTH_SNAPSHOT_STREAM,false
1625,ACTIVE_RESULTS,,6.0,,0,0,0,0,,DEPTH_SNAPSHOT_STREAM,false
1625,LATE_COUNT,,43.0,,0,0,0,0,,DEPTH_SNAPSHOT_STREAM,false
1625,POST_RESOLUTION_DIAGNOSTIC,,,,0,0,0,0,,DEPTH_SNAPSHOT_STREAM,false
1626,PRE_ELECTION,,60.0,,0,0,0,0,,DEPTH_SNAPSHOT_STREAM,false
1626,ELECTION_DAY_PRE_RESULTS,,11.0,,0,0,0,0,,DEPTH_SNAPSHOT_STREAM,false
1626,ACTIVE_RESULTS,,6.0,,0,0,0,0,,DEPTH_SNAPSHOT_STREAM,false
1626,LATE_COUNT,,43.0,,0,0,0,0,,DEPTH_SNAPSHOT_STREAM,false
1626,POST_RESOLUTION_DIAGNOSTIC,,,,0,0,0,0,,DEPTH_SNAPSHOT_STREAM,false
1627,PRE_ELECTION,,60.0,,0,0,0,0,,DEPTH_SNAPSHOT_STREAM,false
1627,ELECTION_DAY_PRE_RESULTS,,11.0,,0,0,0,0,,DEPTH_SNAPSHOT_STREAM,false
1627,ACTIVE_RESULTS,,6.0,,0,0,0,0,,DEPTH_SNAPSHOT_STREAM,false
1627,LATE_COUNT,,43.0,,0,0,0,0,,DEPTH_SNAPSHOT_STREAM,false
1627,POST_RESOLUTION_DIAGNOSTIC,,,,0,0,0,0,,DEPTH_SNAPSHOT_STREAM,false
1628,PRE_ELECTION,,60.0,,0,0,0,0,,DEPTH_SNAPSHOT_STREAM,false
1628,ELECTION_DAY_PRE_RESULTS,,11.0,,0,0,0,0,,DEPTH_SNAPSHOT_STREAM,false
1628,ACTIVE_RESULTS,,6.0,,0,0,0,0,,DEPTH_SNAPSHOT_STREAM,false
1628,LATE_COUNT,,43.0,,0,0,0,0,,DEPTH_SNAPSHOT_STREAM,false
1628,POST_RESOLUTION_DIAGNOSTIC,,,,0,0,0,0,,DEPTH_SNAPSHOT_STREAM,false
1629,PRE_ELECTION,,60.0,,0,0,0,0,,DEPTH_SNAPSHOT_STREAM,false
1629,ELECTION_DAY_PRE_RESULTS,,11.0,,0,0,0,0,,DEPTH_SNAPSHOT_STREAM,false
1629,ACTIVE_RESULTS,,6.0,,0,0,0,0,,DEPTH_SNAPSHOT_STREAM,false
1629,LATE_COUNT,,43.0,,0,0,0,0,,DEPTH_SNAPSHOT_STREAM,false
1629,POST_RESOLUTION_DIAGNOSTIC,,,,0,0,0,0,,DEPTH_SNAPSHOT_STREAM,false
1630,PRE_ELECTION,,60.0,,0,0,0,0,,DEPTH_SNAPSHOT_STREAM,false
1630,ELECTION_DAY_PRE_RESULTS,,11.0,,0,0,0,0,,DEPTH_SNAPSHOT_STREAM,false
1630,ACTIVE_RESULTS,,6.0,,0,0,0,0,,DEPTH_SNAPSHOT_STREAM,false
1630,LATE_COUNT,,43.0,,0,0,0,0,,DEPTH_SNAPSHOT_STREAM,false
1630,POST_RESOLUTION_DIAGNOSTIC,,,,0,0,0,0,,DEPTH_SNAPSHOT_STREAM,false
1631,PRE_ELECTION,,60.0,,0,0,0,0,,DEPTH_SNAPSHOT_STREAM,false
1631,ELECTION_DAY_PRE_RESULTS,,11.0,,0,0,0,0,,DEPTH_SNAPSHOT_STREAM,false
1631,ACTIVE_RESULTS,,6.0,,0,0,0,0,,DEPTH_SNAPSHOT_STREAM,false
1631,LATE_COUNT,,43.0,,0,0,0,0,,DEPTH_SNAPSHOT_STREAM,false
1631,POST_RESOLUTION_DIAGNOSTIC,,,,0,0,0,0,,DEPTH_SNAPSHOT_STREAM,false
1632,PRE_ELECTION,,60.0,,0,0,0,0,,DEPTH_SNAPSHOT_STREAM,false
1632,ELECTION_DAY_PRE_RESULTS,,11.0,,0,0,0,0,,DEPTH_SNAPSHOT_STREAM,false
1632,ACTIVE_RESULTS,,6.0,,0,0,0,0,,DEPTH_SNAPSHOT_STREAM,false
1632,LATE_COUNT,,43.0,,0,0,0,0,,DEPTH_SNAPSHOT_STREAM,false
1632,POST_RESOLUTION_DIAGNOSTIC,,,,0,0,0,0,,DEPTH_SNAPSHOT_STREAM,false
1633,PRE_ELECTION,,60.0,,0,0,0,0,,DEPTH_SNAPSHOT_STREAM,false
1633,ELECTION_DAY_PRE_RESULTS,,11.0,,0,0,0,0,,DEPTH_SNAPSHOT_STREAM,false
1633,ACTIVE_RESULTS,,6.0,,0,0,0,0,,DEPTH_SNAPSHOT_STREAM,false
1633,LATE_COUNT,,43.0,,0,0,0,0,,DEPTH_SNAPSHOT_STREAM,false
1633,POST_RESOLUTION_DIAGNOSTIC,,,,0,0,0,0,,DEPTH_SNAPSHOT_STREAM,false
1634,PRE_ELECTION,,60.0,,0,0,0,0,,DEPTH_SNAPSHOT_STREAM,false
1634,ELECTION_DAY_PRE_RESULTS,,11.0,,0,0,0,0,,DEPTH_SNAPSHOT_STREAM,false
1634,ACTIVE_RESULTS,,6.0,,0,0,0,0,,DEPTH_SNAPSHOT_STREAM,false
1634,LATE_COUNT,,43.0,,0,0,0,0,,DEPTH_SNAPSHOT_STREAM,false
1634,POST_RESOLUTION_DIAGNOSTIC,,,,0,0,0,0,,DEPTH_SNAPSHOT_STREAM,false
1635,PRE_ELECTION,,60.0,,0,0,0,0,,DEPTH_SNAPSHOT_STREAM,false
1635,ELECTION_DAY_PRE_RESULTS,,11.0,,0,0,0,0,,DEPTH_SNAPSHOT_STREAM,false
1635,ACTIVE_RESULTS,,6.0,,0,0,0,0,,DEPTH_SNAPSHOT_STREAM,false
1635,LATE_COUNT,,43.0,,0,0,0,0,,DEPTH_SNAPSHOT_STREAM,false
1635,POST_RESOLUTION_DIAGNOSTIC,,,,0,0,0,0,,DEPTH_SNAPSHOT_STREAM,false
1636,PRE_ELECTION,,60.0,,0,0,0,0,,DEPTH_SNAPSHOT_STREAM,false
1636,ELECTION_DAY_PRE_RESULTS,,11.0,,0,0,0,0,,DEPTH_SNAPSHOT_STREAM,false
1636,ACTIVE_RESULTS,,6.0,,0,0,0,0,,DEPTH_SNAPSHOT_STREAM,false
1636,LATE_COUNT,,43.0,,0,0,0,0,,DEPTH_SNAPSHOT_STREAM,false
1636,POST_RESOLUTION_DIAGNOSTIC,,,,0,0,0,0,,DEPTH_SNAPSHOT_STREAM,false
1637,PRE_ELECTION,,60.0,,0,0,0,0,,DEPTH_SNAPSHOT_STREAM,false
1637,ELECTION_DAY_PRE_RESULTS,,11.0,,0,0,0,0,,DEPTH_SNAPSHOT_STREAM,false
1637,ACTIVE_RESULTS,,6.0,,0,0,0,0,,DEPTH_SNAPSHOT_STREAM,false
1637,LATE_COUNT,,43.0,,0,0,0,0,,DEPTH_SNAPSHOT_STREAM,false
1637,POST_RESOLUTION_DIAGNOSTIC,,,,0,0,0,0,,DEPTH_SNAPSHOT_STREAM,false
1638,PRE_ELECTION,,60.0,,0,0,0,0,,DEPTH_SNAPSHOT_STREAM,false
1638,ELECTION_DAY_PRE_RESULTS,,11.0,,0,0,0,0,,DEPTH_SNAPSHOT_STREAM,false
1638,ACTIVE_RESULTS,,6.0,,0,0,0,0,,DEPTH_SNAPSHOT_STREAM,false
1638,LATE_COUNT,,43.0,,0,0,0,0,,DEPTH_SNAPSHOT_STREAM,false
1638,POST_RESOLUTION_DIAGNOSTIC,,,,0,0,0,0,,DEPTH_SNAPSHOT_STREAM,false
1639,PRE_ELECTION,,60.0,,0,0,0,0,,DEPTH_SNAPSHOT_STREAM,false
1639,ELECTION_DAY_PRE_RESULTS,,11.0,,0,0,0,0,,DEPTH_SNAPSHOT_STREAM,false
1639,ACTIVE_RESULTS,,6.0,,0,0,0,0,,DEPTH_SNAPSHOT_STREAM,false
1639,LATE_COUNT,,43.0,,0,0,0,0,,DEPTH_SNAPSHOT_STREAM,false
1639,POST_RESOLUTION_DIAGNOSTIC,,,,0,0,0,0,,DEPTH_SNAPSHOT_STREAM,false
1640,PRE_ELECTION,,60.0,,0,0,0,0,,DEPTH_SNAPSHOT_STREAM,false
1640,ELECTION_DAY_PRE_RESULTS,,11.0,,0,0,0,0,,DEPTH_SNAPSHOT_STREAM,false
1640,ACTIVE_RESULTS,,6.0,,0,0,0,0,,DEPTH_SNAPSHOT_STREAM,false
1640,LATE_COUNT,,43.0,,0,0,0,0,,DEPTH_SNAPSHOT_STREAM,false
1640,POST_RESOLUTION_DIAGNOSTIC,,,,0,0,0,0,,DEPTH_SNAPSHOT_STREAM,false
1641,PRE_ELECTION,,60.0,,0,0,0,0,,DEPTH_SNAPSHOT_STREAM,false
1641,ELECTION_DAY_PRE_RESULTS,,11.0,,0,0,0,0,,DEPTH_SNAPSHOT_STREAM,false
1641,ACTIVE_RESULTS,,6.0,,0,0,0,0,,DEPTH_SNAPSHOT_STREAM,false
1641,LATE_COUNT,,43.0,,0,0,0,0,,DEPTH_SNAPSHOT_STREAM,false
1641,POST_RESOLUTION_DIAGNOSTIC,,,,0,0,0,0,,DEPTH_SNAPSHOT_STREAM,false
1642,PRE_ELECTION,,60.0,,0,0,0,0,,DEPTH_SNAPSHOT_STREAM,false
1642,ELECTION_DAY_PRE_RESULTS,,11.0,,0,0,0,0,,DEPTH_SNAPSHOT_STREAM,false
1642,ACTIVE_RESULTS,,6.0,,0,0,0,0,,DEPTH_SNAPSHOT_STREAM,false
1642,LATE_COUNT,,43.0,,0,0,0,0,,DEPTH_SNAPSHOT_STREAM,false
1642,POST_RESOLUTION_DIAGNOSTIC,,,,0,0,0,0,,DEPTH_SNAPSHOT_STREAM,false
1643,PRE_ELECTION,,60.0,,0,0,0,0,,DEPTH_SNAPSHOT_STREAM,false
1643,ELECTION_DAY_PRE_RESULTS,,11.0,,0,0,0,0,,DEPTH_SNAPSHOT_STREAM,false
1643,ACTIVE_RESULTS,,6.0,,0,0,0,0,,DEPTH_SNAPSHOT_STREAM,false
1643,LATE_COUNT,,43.0,,0,0,0,0,,DEPTH_SNAPSHOT_STREAM,false
1643,POST_RESOLUTION_DIAGNOSTIC,,,,0,0,0,0,,DEPTH_SNAPSHOT_STREAM,false
1644,PRE_ELECTION,,60.0,,0,0,0,0,,DEPTH_SNAPSHOT_STREAM,false
1644,ELECTION_DAY_PRE_RESULTS,,11.0,,0,0,0,0,,DEPTH_SNAPSHOT_STREAM,false
1644,ACTIVE_RESULTS,,6.0,,0,0,0,0,,DEPTH_SNAPSHOT_STREAM,false
1644,LATE_COUNT,,43.0,,0,0,0,0,,DEPTH_SNAPSHOT_STREAM,false
1644,POST_RESOLUTION_DIAGNOSTIC,,,,0,0,0,0,,DEPTH_SNAPSHOT_STREAM,false
1645,PRE_ELECTION,,60.0,,0,0,0,0,,DEPTH_SNAPSHOT_STREAM,false
1645,ELECTION_DAY_PRE_RESULTS,,11.0,,0,0,0,0,,DEPTH_SNAPSHOT_STREAM,false
1645,ACTIVE_RESULTS,,6.0,,0,0,0,0,,DEPTH_SNAPSHOT_STREAM,false
1645,LATE_COUNT,,43.0,,0,0,0,0,,DEPTH_SNAPSHOT_STREAM,false
1645,POST_RESOLUTION_DIAGNOSTIC,,,,0,0,0,0,,DEPTH_SNAPSHOT_STREAM,false
1646,PRE_ELECTION,,60.0,,0,0,0,0,,DEPTH_SNAPSHOT_STREAM,false
1646,ELECTION_DAY_PRE_RESULTS,,11.0,,0,0,0,0,,DEPTH_SNAPSHOT_STREAM,false
1646,ACTIVE_RESULTS,,6.0,,0,0,0,0,,DEPTH_SNAPSHOT_STREAM,false
1646,LATE_COUNT,,43.0,,0,0,0,0,,DEPTH_SNAPSHOT_STREAM,false
1646,POST_RESOLUTION_DIAGNOSTIC,,,,0,0,0,0,,DEPTH_SNAPSHOT_STREAM,false
1647,PRE_ELECTION,,60.0,,0,0,0,0,,DEPTH_SNAPSHOT_STREAM,false
1647,ELECTION_DAY_PRE_RESULTS,,11.0,,0,0,0,0,,DEPTH_SNAPSHOT_STREAM,false
1647,ACTIVE_RESULTS,,6.0,,0,0,0,0,,DEPTH_SNAPSHOT_STREAM,false
1647,LATE_COUNT,,43.0,,0,0,0,0,,DEPTH_SNAPSHOT_STREAM,false
1647,POST_RESOLUTION_DIAGNOSTIC,,,,0,0,0,0,,DEPTH_SNAPSHOT_STREAM,false
1648,PRE_ELECTION,,60.0,,0,0,0,0,,DEPTH_SNAPSHOT_STREAM,false
1648,ELECTION_DAY_PRE_RESULTS,,11.0,,0,0,0,0,,DEPTH_SNAPSHOT_STREAM,false
1648,ACTIVE_RESULTS,,6.0,,0,0,0,0,,DEPTH_SNAPSHOT_STREAM,false
1648,LATE_COUNT,,43.0,,0,0,0,0,,DEPTH_SNAPSHOT_STREAM,false
1648,POST_RESOLUTION_DIAGNOSTIC,,,,0,0,0,0,,DEPTH_SNAPSHOT_STREAM,false
1649,PRE_ELECTION,,60.0,,0,0,0,0,,DEPTH_SNAPSHOT_STREAM,false
1649,ELECTION_DAY_PRE_RESULTS,,11.0,,0,0,0,0,,DEPTH_SNAPSHOT_STREAM,false
1649,ACTIVE_RESULTS,,6.0,,0,0,0,0,,DEPTH_SNAPSHOT_STREAM,false
1649,LATE_COUNT,,43.0,,0,0,0,0,,DEPTH_SNAPSHOT_STREAM,false
1649,POST_RESOLUTION_DIAGNOSTIC,,,,0,0,0,0,,DEPTH_SNAPSHOT_STREAM,false
1650,PRE_ELECTION,,60.0,,0,0,0,0,,DEPTH_SNAPSHOT_STREAM,false
1650,ELECTION_DAY_PRE_RESULTS,,11.0,,0,0,0,0,,DEPTH_SNAPSHOT_STREAM,false
1650,ACTIVE_RESULTS,,6.0,,0,0,0,0,,DEPTH_SNAPSHOT_STREAM,false
1650,LATE_COUNT,,43.0,,0,0,0,0,,DEPTH_SNAPSHOT_STREAM,false
1650,POST_RESOLUTION_DIAGNOSTIC,,,,0,0,0,0,,DEPTH_SNAPSHOT_STREAM,false
1651,PRE_ELECTION,,60.0,,0,0,0,0,,DEPTH_SNAPSHOT_STREAM,false
1651,ELECTION_DAY_PRE_RESULTS,,11.0,,0,0,0,0,,DEPTH_SNAPSHOT_STREAM,false
1651,ACTIVE_RESULTS,,6.0,,0,0,0,0,,DEPTH_SNAPSHOT_STREAM,false
1651,LATE_COUNT,,43.0,,0,0,0,0,,DEPTH_SNAPSHOT_STREAM,false
1651,POST_RESOLUTION_DIAGNOSTIC,,,,0,0,0,0,,DEPTH_SNAPSHOT_STREAM,false
1652,PRE_ELECTION,,60.0,,0,0,0,0,,DEPTH_SNAPSHOT_STREAM,false
1652,ELECTION_DAY_PRE_RESULTS,,11.0,,0,0,0,0,,DEPTH_SNAPSHOT_STREAM,false
1652,ACTIVE_RESULTS,,6.0,,0,0,0,0,,DEPTH_SNAPSHOT_STREAM,false
1652,LATE_COUNT,,43.0,,0,0,0,0,,DEPTH_SNAPSHOT_STREAM,false
1652,POST_RESOLUTION_DIAGNOSTIC,,,,0,0,0,0,,DEPTH_SNAPSHOT_STREAM,false
1653,PRE_ELECTION,,60.0,,0,0,0,0,,DEPTH_SNAPSHOT_STREAM,false
1653,ELECTION_DAY_PRE_RESULTS,,11.0,,0,0,0,0,,DEPTH_SNAPSHOT_STREAM,false
1653,ACTIVE_RESULTS,,6.0,,0,0,0,0,,DEPTH_SNAPSHOT_STREAM,false
1653,LATE_COUNT,,43.0,,0,0,0,0,,DEPTH_SNAPSHOT_STREAM,false
1653,POST_RESOLUTION_DIAGNOSTIC,,,,0,0,0,0,,DEPTH_SNAPSHOT_STREAM,false
1654,PRE_ELECTION,,60.0,,0,0,0,0,,DEPTH_SNAPSHOT_STREAM,false
1654,ELECTION_DAY_PRE_RESULTS,,11.0,,0,0,0,0,,DEPTH_SNAPSHOT_STREAM,false
1654,ACTIVE_RESULTS,,6.0,,0,0,0,0,,DEPTH_SNAPSHOT_STREAM,false
1654,LATE_COUNT,,43.0,,0,0,0,0,,DEPTH_SNAPSHOT_STREAM,false
1654,POST_RESOLUTION_DIAGNOSTIC,,,,0,0,0,0,,DEPTH_SNAPSHOT_STREAM,false
1655,PRE_ELECTION,,60.0,,0,0,0,0,,DEPTH_SNAPSHOT_STREAM,false
1655,ELECTION_DAY_PRE_RESULTS,,11.0,,0,0,0,0,,DEPTH_SNAPSHOT_STREAM,false
1655,ACTIVE_RESULTS,,6.0,,0,0,0,0,,DEPTH_SNAPSHOT_STREAM,false
1655,LATE_COUNT,,43.0,,0,0,0,0,,DEPTH_SNAPSHOT_STREAM,false
1655,POST_RESOLUTION_DIAGNOSTIC,,,,0,0,0,0,,DEPTH_SNAPSHOT_STREAM,false
1656,PRE_ELECTION,,60.0,,0,0,0,0,,DEPTH_SNAPSHOT_STREAM,false
1656,ELECTION_DAY_PRE_RESULTS,,11.0,,0,0,0,0,,DEPTH_SNAPSHOT_STREAM,false
1656,ACTIVE_RESULTS,,6.0,,0,0,0,0,,DEPTH_SNAPSHOT_STREAM,false
1656,LATE_COUNT,,43.0,,0,0,0,0,,DEPTH_SNAPSHOT_STREAM,false
1656,POST_RESOLUTION_DIAGNOSTIC,,,,0,0,0,0,,DEPTH_SNAPSHOT_STREAM,false
1657,PRE_ELECTION,,60.0,,0,0,0,0,,DEPTH_SNAPSHOT_STREAM,false
1657,ELECTION_DAY_PRE_RESULTS,,11.0,,0,0,0,0,,DEPTH_SNAPSHOT_STREAM,false
1657,ACTIVE_RESULTS,,6.0,,0,0,0,0,,DEPTH_SNAPSHOT_STREAM,false
1657,LATE_COUNT,,43.0,,0,0,0,0,,DEPTH_SNAPSHOT_STREAM,false
1657,POST_RESOLUTION_DIAGNOSTIC,,,,0,0,0,0,,DEPTH_SNAPSHOT_STREAM,false
1658,PRE_ELECTION,,60.0,,0,0,0,0,,DEPTH_SNAPSHOT_STREAM,false
1658,ELECTION_DAY_PRE_RESULTS,,11.0,,0,0,0,0,,DEPTH_SNAPSHOT_STREAM,false
1658,ACTIVE_RESULTS,,6.0,,0,0,0,0,,DEPTH_SNAPSHOT_STREAM,false
1658,LATE_COUNT,,43.0,,0,0,0,0,,DEPTH_SNAPSHOT_STREAM,false
1658,POST_RESOLUTION_DIAGNOSTIC,,,,0,0,0,0,,DEPTH_SNAPSHOT_STREAM,false
1659,PRE_ELECTION,,60.0,,0,0,0,0,,DEPTH_SNAPSHOT_STREAM,false
1659,ELECTION_DAY_PRE_RESULTS,,11.0,,0,0,0,0,,DEPTH_SNAPSHOT_STREAM,false
1659,ACTIVE_RESULTS,,6.0,,0,0,0,0,,DEPTH_SNAPSHOT_STREAM,false
1659,LATE_COUNT,,43.0,,0,0,0,0,,DEPTH_SNAPSHOT_STREAM,false
1659,POST_RESOLUTION_DIAGNOSTIC,,,,0,0,0,0,,DEPTH_SNAPSHOT_STREAM,false
1660,PRE_ELECTION,,60.0,,0,0,0,0,,DEPTH_SNAPSHOT_STREAM,false
1660,ELECTION_DAY_PRE_RESULTS,,11.0,,0,0,0,0,,DEPTH_SNAPSHOT_STREAM,false
1660,ACTIVE_RESULTS,,6.0,,0,0,0,0,,DEPTH_SNAPSHOT_STREAM,false
1660,LATE_COUNT,,43.0,,0,0,0,0,,DEPTH_SNAPSHOT_STREAM,false
1660,POST_RESOLUTION_DIAGNOSTIC,,,,0,0,0,0,,DEPTH_SNAPSHOT_STREAM,false
1661,PRE_ELECTION,,60.0,,0,0,0,0,,DEPTH_SNAPSHOT_STREAM,false
1661,ELECTION_DAY_PRE_RESULTS,,11.0,,0,0,0,0,,DEPTH_SNAPSHOT_STREAM,false
1661,ACTIVE_RESULTS,,6.0,,0,0,0,0,,DEPTH_SNAPSHOT_STREAM,false
1661,LATE_COUNT,,43.0,,0,0,0,0,,DEPTH_SNAPSHOT_STREAM,false
1661,POST_RESOLUTION_DIAGNOSTIC,,,,0,0,0,0,,DEPTH_SNAPSHOT_STREAM,false
1662,PRE_ELECTION,,60.0,,0,0,0,0,,DEPTH_SNAPSHOT_STREAM,false
1662,ELECTION_DAY_PRE_RESULTS,,11.0,,0,0,0,0,,DEPTH_SNAPSHOT_STREAM,false
1662,ACTIVE_RESULTS,,6.0,,0,0,0,0,,DEPTH_SNAPSHOT_STREAM,false
1662,LATE_COUNT,,43.0,,0,0,0,0,,DEPTH_SNAPSHOT_STREAM,false
1662,POST_RESOLUTION_DIAGNOSTIC,,,,0,0,0,0,,DEPTH_SNAPSHOT_STREAM,false
1663,PRE_ELECTION,,60.0,,0,0,0,0,,DEPTH_SNAPSHOT_STREAM,false
1663,ELECTION_DAY_PRE_RESULTS,,11.0,,0,0,0,0,,DEPTH_SNAPSHOT_STREAM,false
1663,ACTIVE_RESULTS,,6.0,,0,0,0,0,,DEPTH_SNAPSHOT_STREAM,false
1663,LATE_COUNT,,43.0,,0,0,0,0,,DEPTH_SNAPSHOT_STREAM,false
1663,POST_RESOLUTION_DIAGNOSTIC,,,,0,0,0,0,,DEPTH_SNAPSHOT_STREAM,false
1664,PRE_ELECTION,,60.0,,0,0,0,0,,DEPTH_SNAPSHOT_STREAM,false
1664,ELECTION_DAY_PRE_RESULTS,,11.0,,0,0,0,0,,DEPTH_SNAPSHOT_STREAM,false
1664,ACTIVE_RESULTS,,6.0,,0,0,0,0,,DEPTH_SNAPSHOT_STREAM,false
1664,LATE_COUNT,,43.0,,0,0,0,0,,DEPTH_SNAPSHOT_STREAM,false
1664,POST_RESOLUTION_DIAGNOSTIC,,,,0,0,0,0,,DEPTH_SNAPSHOT_STREAM,false
1665,PRE_ELECTION,,60.0,,0,0,0,0,,DEPTH_SNAPSHOT_STREAM,false
1665,ELECTION_DAY_PRE_RESULTS,,11.0,,0,0,0,0,,DEPTH_SNAPSHOT_STREAM,false
1665,ACTIVE_RESULTS,,6.0,,0,0,0,0,,DEPTH_SNAPSHOT_STREAM,false
1665,LATE_COUNT,,43.0,,0,0,0,0,,DEPTH_SNAPSHOT_STREAM,false
1665,POST_RESOLUTION_DIAGNOSTIC,,,,0,0,0,0,,DEPTH_SNAPSHOT_STREAM,false
1666,PRE_ELECTION,,60.0,,0,0,0,580,,DEPTH_SNAPSHOT_STREAM,false
1666,ELECTION_DAY_PRE_RESULTS,,11.0,,0,0,0,377,,DEPTH_SNAPSHOT_STREAM,false
1666,ACTIVE_RESULTS,,6.0,,0,0,0,440,,DEPTH_SNAPSHOT_STREAM,false
1666,LATE_COUNT,28.281152,43.0,0.65770121,12537,9,43,348,1058.885,BBO_CHANGE_STREAM,false
1666,POST_RESOLUTION_DIAGNOSTIC,,,,0,0,0,0,,DEPTH_SNAPSHOT_STREAM,false
1667,PRE_ELECTION,,60.0,,0,0,0,815,,DEPTH_SNAPSHOT_STREAM,false
1667,ELECTION_DAY_PRE_RESULTS,,11.0,,0,0,0,604,,DEPTH_SNAPSHOT_STREAM,false
1667,ACTIVE_RESULTS,,6.0,,0,0,0,767,,DEPTH_SNAPSHOT_STREAM,false
1667,LATE_COUNT,28.281283,43.0,0.65770426,12537,9,87,512,1058.885,BBO_CHANGE_STREAM,false
1667,POST_RESOLUTION_DIAGNOSTIC,,,,0,0,0,0,,DEPTH_SNAPSHOT_STREAM,false
1668,PRE_ELECTION,,60.0,,0,0,0,1305,,DEPTH_SNAPSHOT_STREAM,false
1668,ELECTION_DAY_PRE_RESULTS,,11.0,,0,0,0,639,,DEPTH_SNAPSHOT_STREAM,false
1668,ACTIVE_RESULTS,,6.0,,0,0,0,1056,,DEPTH_SNAPSHOT_STREAM,false
1668,LATE_COUNT,28.009833,43.0,0.65139147,17571,9,194,1049,1139.974,BBO_CHANGE_STREAM,false
1668,POST_RESOLUTION_DIAGNOSTIC,,,,0,0,0,0,,DEPTH_SNAPSHOT_STREAM,false
1669,PRE_ELECTION,,60.0,,0,0,0,1134,,DEPTH_SNAPSHOT_STREAM,false
1669,ELECTION_DAY_PRE_RESULTS,,11.0,,0,0,0,631,,DEPTH_SNAPSHOT_STREAM,false
1669,ACTIVE_RESULTS,,6.0,,0,0,0,856,,DEPTH_SNAPSHOT_STREAM,false
1669,LATE_COUNT,28.010064,43.0,0.65139684,17571,9,73,543,1139.974,BBO_CHANGE_STREAM,false
1669,POST_RESOLUTION_DIAGNOSTIC,,,,0,0,0,0,,DEPTH_SNAPSHOT_STREAM,false
1670,PRE_ELECTION,,60.0,,0,0,0,2,,DEPTH_SNAPSHOT_STREAM,false
1670,ELECTION_DAY_PRE_RESULTS,,11.0,,0,0,0,0,,DEPTH_SNAPSHOT_STREAM,false
1670,ACTIVE_RESULTS,,6.0,,0,0,0,0,,DEPTH_SNAPSHOT_STREAM,false
1670,LATE_COUNT,28.287607,43.0,0.65785133,1934,13,0,0,1140.75,BBO_CHANGE_STREAM,false
1670,POST_RESOLUTION_DIAGNOSTIC,,,,0,0,0,0,,DEPTH_SNAPSHOT_STREAM,false
1671,PRE_ELECTION,,60.0,,0,0,0,3,,DEPTH_SNAPSHOT_STREAM,false
1671,ELECTION_DAY_PRE_RESULTS,,11.0,,0,0,0,29,,DEPTH_SNAPSHOT_STREAM,false
1671,ACTIVE_RESULTS,,6.0,,0,0,0,0,,DEPTH_SNAPSHOT_STREAM,false
1671,LATE_COUNT,28.28808,43.0,0.65786233,1935,8,0,0,1140.75,BBO_CHANGE_STREAM,false
1671,POST_RESOLUTION_DIAGNOSTIC,,,,0,0,0,0,,DEPTH_SNAPSHOT_STREAM,false
1672,PRE_ELECTION,,60.0,,0,0,0,639,,DEPTH_SNAPSHOT_STREAM,false
1672,ELECTION_DAY_PRE_RESULTS,,11.0,,0,0,0,388,,DEPTH_SNAPSHOT_STREAM,false
1672,ACTIVE_RESULTS,,6.0,,0,0,0,125,,DEPTH_SNAPSHOT_STREAM,false
1672,LATE_COUNT,28.288094,43.0,0.65786265,2419,7,0,62,1140.805,BBO_CHANGE_STREAM,false
1672,POST_RESOLUTION_DIAGNOSTIC,,,,0,0,0,0,,DEPTH_SNAPSHOT_STREAM,false
1673,PRE_ELECTION,,60.0,,0,0,0,425,,DEPTH_SNAPSHOT_STREAM,false
1673,ELECTION_DAY_PRE_RESULTS,,11.0,,0,0,0,241,,DEPTH_SNAPSHOT_STREAM,false
1673,ACTIVE_RESULTS,,6.0,,0,0,0,68,,DEPTH_SNAPSHOT_STREAM,false
1673,LATE_COUNT,28.287917,43.0,0.65785853,2419,13,5,33,1140.805,BBO_CHANGE_STREAM,false
1673,POST_RESOLUTION_DIAGNOSTIC,,,,0,0,0,0,,DEPTH_SNAPSHOT_STREAM,false
1674,PRE_ELECTION,,60.0,,0,0,0,2,,DEPTH_SNAPSHOT_STREAM,false
1674,ELECTION_DAY_PRE_RESULTS,,11.0,,0,0,0,52,,DEPTH_SNAPSHOT_STREAM,false
1674,ACTIVE_RESULTS,,6.0,,0,0,0,0,,DEPTH_SNAPSHOT_STREAM,false
1674,LATE_COUNT,28.287764,43.0,0.65785498,1625,10,0,0,1140.822,BBO_CHANGE_STREAM,false
1674,POST_RESOLUTION_DIAGNOSTIC,,,,0,0,0,0,,DEPTH_SNAPSHOT_STREAM,false
1675,PRE_ELECTION,,60.0,,0,0,0,2,,DEPTH_SNAPSHOT_STREAM,false
1675,ELECTION_DAY_PRE_RESULTS,,11.0,,0,0,0,0,,DEPTH_SNAPSHOT_STREAM,false
1675,ACTIVE_RESULTS,,6.0,,0,0,0,0,,DEPTH_SNAPSHOT_STREAM,false
1675,LATE_COUNT,28.287167,43.0,0.65784109,1625,9,0,0,1140.822,BBO_CHANGE_STREAM,false
1675,POST_RESOLUTION_DIAGNOSTIC,,,,0,0,0,0,,DEPTH_SNAPSHOT_STREAM,false
1676,PRE_ELECTION,,60.0,,0,0,0,378,,DEPTH_SNAPSHOT_STREAM,false
1676,ELECTION_DAY_PRE_RESULTS,,11.0,,0,0,0,204,,DEPTH_SNAPSHOT_STREAM,false
1676,ACTIVE_RESULTS,,6.0,,0,0,0,40,,DEPTH_SNAPSHOT_STREAM,false
1676,LATE_COUNT,28.287906,43.0,0.65785828,1402,13,0,55,1140.995,BBO_CHANGE_STREAM,false
1676,POST_RESOLUTION_DIAGNOSTIC,,,,0,0,0,0,,DEPTH_SNAPSHOT_STREAM,false
1677,PRE_ELECTION,,60.0,,0,0,0,214,,DEPTH_SNAPSHOT_STREAM,false
1677,ELECTION_DAY_PRE_RESULTS,,11.0,,0,0,0,158,,DEPTH_SNAPSHOT_STREAM,false
1677,ACTIVE_RESULTS,,6.0,,0,0,0,102,,DEPTH_SNAPSHOT_STREAM,false
1677,LATE_COUNT,28.288122,43.0,0.6578633,1402,6,3,37,1140.995,BBO_CHANGE_STREAM,false
1677,POST_RESOLUTION_DIAGNOSTIC,,,,0,0,0,0,,DEPTH_SNAPSHOT_STREAM,false
1678,PRE_ELECTION,,60.0,,0,0,0,2,,DEPTH_SNAPSHOT_STREAM,false
1678,ELECTION_DAY_PRE_RESULTS,,11.0,,0,0,0,16,,DEPTH_SNAPSHOT_STREAM,false
1678,ACTIVE_RESULTS,,6.0,,0,0,0,0,,DEPTH_SNAPSHOT_STREAM,false
1678,LATE_COUNT,28.291884,43.0,0.65795079,2111,11,0,0,1140.71,BBO_CHANGE_STREAM,false
1678,POST_RESOLUTION_DIAGNOSTIC,,,,0,0,0,0,,DEPTH_SNAPSHOT_STREAM,false
1679,PRE_ELECTION,,60.0,,0,0,0,2,,DEPTH_SNAPSHOT_STREAM,false
1679,ELECTION_DAY_PRE_RESULTS,,11.0,,0,0,0,0,,DEPTH_SNAPSHOT_STREAM,false
1679,ACTIVE_RESULTS,,6.0,,0,0,0,0,,DEPTH_SNAPSHOT_STREAM,false
1679,LATE_COUNT,28.291884,43.0,0.65795079,2111,7,0,0,1140.71,BBO_CHANGE_STREAM,false
1679,POST_RESOLUTION_DIAGNOSTIC,,,,0,0,0,0,,DEPTH_SNAPSHOT_STREAM,false
1680,PRE_ELECTION,,60.0,,0,0,0,2,,DEPTH_SNAPSHOT_STREAM,false
1680,ELECTION_DAY_PRE_RESULTS,,11.0,,0,0,0,0,,DEPTH_SNAPSHOT_STREAM,false
1680,ACTIVE_RESULTS,,6.0,,0,0,0,0,,DEPTH_SNAPSHOT_STREAM,false
1680,LATE_COUNT,28.288094,43.0,0.65786265,2044,9,0,0,1140.651,BBO_CHANGE_STREAM,false
1680,POST_RESOLUTION_DIAGNOSTIC,,,,0,0,0,0,,DEPTH_SNAPSHOT_STREAM,false
1681,PRE_ELECTION,,60.0,,0,0,0,2,,DEPTH_SNAPSHOT_STREAM,false
1681,ELECTION_DAY_PRE_RESULTS,,11.0,,0,0,0,0,,DEPTH_SNAPSHOT_STREAM,false
1681,ACTIVE_RESULTS,,6.0,,0,0,0,0,,DEPTH_SNAPSHOT_STREAM,false
1681,LATE_COUNT,28.287883,43.0,0.65785774,2044,13,0,0,1140.651,BBO_CHANGE_STREAM,false
1681,POST_RESOLUTION_DIAGNOSTIC,,,,0,0,0,0,,DEPTH_SNAPSHOT_STREAM,false
1682,PRE_ELECTION,,60.0,,0,0,0,2,,DEPTH_SNAPSHOT_STREAM,false
1682,ELECTION_DAY_PRE_RESULTS,,11.0,,0,0,0,0,,DEPTH_SNAPSHOT_STREAM,false
1682,ACTIVE_RESULTS,,6.0,,0,0,0,0,,DEPTH_SNAPSHOT_STREAM,false
1682,LATE_COUNT,28.287861,43.0,0.65785723,1584,14,0,0,1140.429,BBO_CHANGE_STREAM,false
1682,POST_RESOLUTION_DIAGNOSTIC,,,,0,0,0,0,,DEPTH_SNAPSHOT_STREAM,false
1683,PRE_ELECTION,,60.0,,0,0,0,2,,DEPTH_SNAPSHOT_STREAM,false
1683,ELECTION_DAY_PRE_RESULTS,,11.0,,0,0,0,0,,DEPTH_SNAPSHOT_STREAM,false
1683,ACTIVE_RESULTS,,6.0,,0,0,0,0,,DEPTH_SNAPSHOT_STREAM,false
1683,LATE_COUNT,28.287764,43.0,0.65785498,1584,9,0,0,1140.429,BBO_CHANGE_STREAM,false
1683,POST_RESOLUTION_DIAGNOSTIC,,,,0,0,0,0,,DEPTH_SNAPSHOT_STREAM,false
1684,PRE_ELECTION,,60.0,,0,0,0,2,,DEPTH_SNAPSHOT_STREAM,false
1684,ELECTION_DAY_PRE_RESULTS,,11.0,,0,0,0,0,,DEPTH_SNAPSHOT_STREAM,false
1684,ACTIVE_RESULTS,,6.0,,0,0,0,0,,DEPTH_SNAPSHOT_STREAM,false
1684,LATE_COUNT,28.287997,43.0,0.6578604,1769,10,0,0,1140.405,BBO_CHANGE_STREAM,false
1684,POST_RESOLUTION_DIAGNOSTIC,,,,0,0,0,0,,DEPTH_SNAPSHOT_STREAM,false
1685,PRE_ELECTION,,60.0,,0,0,0,2,,DEPTH_SNAPSHOT_STREAM,false
1685,ELECTION_DAY_PRE_RESULTS,,11.0,,0,0,0,0,,DEPTH_SNAPSHOT_STREAM,false
1685,ACTIVE_RESULTS,,6.0,,0,0,0,0,,DEPTH_SNAPSHOT_STREAM,false
1685,LATE_COUNT,28.288056,43.0,0.65786177,1769,12,0,0,1140.405,BBO_CHANGE_STREAM,false
1685,POST_RESOLUTION_DIAGNOSTIC,,,,0,0,0,0,,DEPTH_SNAPSHOT_STREAM,false
1686,PRE_ELECTION,,60.0,,0,0,0,2,,DEPTH_SNAPSHOT_STREAM,false
1686,ELECTION_DAY_PRE_RESULTS,,11.0,,0,0,0,0,,DEPTH_SNAPSHOT_STREAM,false
1686,ACTIVE_RESULTS,,6.0,,0,0,0,0,,DEPTH_SNAPSHOT_STREAM,false
1686,LATE_COUNT,28.287944,43.0,0.65785916,1999,9,0,0,1139.843,BBO_CHANGE_STREAM,false
1686,POST_RESOLUTION_DIAGNOSTIC,,,,0,0,0,0,,DEPTH_SNAPSHOT_STREAM,false
1687,PRE_ELECTION,,60.0,,0,0,0,2,,DEPTH_SNAPSHOT_STREAM,false
1687,ELECTION_DAY_PRE_RESULTS,,11.0,,0,0,0,0,,DEPTH_SNAPSHOT_STREAM,false
1687,ACTIVE_RESULTS,,6.0,,0,0,0,0,,DEPTH_SNAPSHOT_STREAM,false
1687,LATE_COUNT,28.287806,43.0,0.65785595,1999,12,0,0,1139.843,BBO_CHANGE_STREAM,false
1687,POST_RESOLUTION_DIAGNOSTIC,,,,0,0,0,0,,DEPTH_SNAPSHOT_STREAM,false
1688,PRE_ELECTION,,60.0,,0,0,0,2,,DEPTH_SNAPSHOT_STREAM,false
1688,ELECTION_DAY_PRE_RESULTS,,11.0,,0,0,0,0,,DEPTH_SNAPSHOT_STREAM,false
1688,ACTIVE_RESULTS,,6.0,,0,0,0,0,,DEPTH_SNAPSHOT_STREAM,false
1688,LATE_COUNT,28.288122,43.0,0.6578633,1848,15,0,0,1140.488,BBO_CHANGE_STREAM,false
1688,POST_RESOLUTION_DIAGNOSTIC,,,,0,0,0,0,,DEPTH_SNAPSHOT_STREAM,false
1689,PRE_ELECTION,,60.0,,0,0,0,20,,DEPTH_SNAPSHOT_STREAM,false
1689,ELECTION_DAY_PRE_RESULTS,,11.0,,0,0,0,17,,DEPTH_SNAPSHOT_STREAM,false
1689,ACTIVE_RESULTS,,6.0,,0,0,0,0,,DEPTH_SNAPSHOT_STREAM,false
1689,LATE_COUNT,28.287883,43.0,0.65785774,1848,7,0,0,1140.488,BBO_CHANGE_STREAM,false
1689,POST_RESOLUTION_DIAGNOSTIC,,,,0,0,0,0,,DEPTH_SNAPSHOT_STREAM,false
1690,PRE_ELECTION,,60.0,,0,0,0,2,,DEPTH_SNAPSHOT_STREAM,false
1690,ELECTION_DAY_PRE_RESULTS,,11.0,,0,0,0,0,,DEPTH_SNAPSHOT_STREAM,false
1690,ACTIVE_RESULTS,,6.0,,0,0,0,0,,DEPTH_SNAPSHOT_STREAM,false
1690,LATE_COUNT,28.287654,43.0,0.65785242,1575,10,0,0,1140.586,BBO_CHANGE_STREAM,false
1690,POST_RESOLUTION_DIAGNOSTIC,,,,0,0,0,0,,DEPTH_SNAPSHOT_STREAM,false
1691,PRE_ELECTION,,60.0,,0,0,0,2,,DEPTH_SNAPSHOT_STREAM,false
1691,ELECTION_DAY_PRE_RESULTS,,11.0,,0,0,0,0,,DEPTH_SNAPSHOT_STREAM,false
1691,ACTIVE_RESULTS,,6.0,,0,0,0,0,,DEPTH_SNAPSHOT_STREAM,false
1691,LATE_COUNT,28.288042,43.0,0.65786144,1575,10,0,0,1140.586,BBO_CHANGE_STREAM,false
1691,POST_RESOLUTION_DIAGNOSTIC,,,,0,0,0,0,,DEPTH_SNAPSHOT_STREAM,false
1692,PRE_ELECTION,,60.0,,0,0,0,812,,DEPTH_SNAPSHOT_STREAM,false
1692,ELECTION_DAY_PRE_RESULTS,,11.0,,0,0,0,517,,DEPTH_SNAPSHOT_STREAM,false
1692,ACTIVE_RESULTS,,6.0,,0,0,0,581,,DEPTH_SNAPSHOT_STREAM,false
1692,LATE_COUNT,28.287917,43.0,0.65785853,1437,12,1,135,1008.978,BBO_CHANGE_STREAM,false
1692,POST_RESOLUTION_DIAGNOSTIC,,,,0,0,0,0,,DEPTH_SNAPSHOT_STREAM,false
1693,PRE_ELECTION,,60.0,,0,0,0,606,,DEPTH_SNAPSHOT_STREAM,false
1693,ELECTION_DAY_PRE_RESULTS,,11.0,,0,0,0,387,,DEPTH_SNAPSHOT_STREAM,false
1693,ACTIVE_RESULTS,,6.0,,0,0,0,329,,DEPTH_SNAPSHOT_STREAM,false
1693,LATE_COUNT,28.287806,43.0,0.65785595,1437,10,8,109,1008.978,BBO_CHANGE_STREAM,false
1693,POST_RESOLUTION_DIAGNOSTIC,,,,0,0,0,0,,DEPTH_SNAPSHOT_STREAM,false
1694,PRE_ELECTION,,60.0,,0,0,0,2,,DEPTH_SNAPSHOT_STREAM,false
1694,ELECTION_DAY_PRE_RESULTS,,11.0,,0,0,0,0,,DEPTH_SNAPSHOT_STREAM,false
1694,ACTIVE_RESULTS,,6.0,,0,0,0,0,,DEPTH_SNAPSHOT_STREAM,false
1694,LATE_COUNT,28.287195,43.0,0.65784174,3410,12,0,0,976.5,BBO_CHANGE_STREAM,false
1694,POST_RESOLUTION_DIAGNOSTIC,,,,0,0,0,0,,DEPTH_SNAPSHOT_STREAM,false
1695,PRE_ELECTION,,60.0,,0,0,0,2,,DEPTH_SNAPSHOT_STREAM,false
1695,ELECTION_DAY_PRE_RESULTS,,11.0,,0,0,0,0,,DEPTH_SNAPSHOT_STREAM,false
1695,ACTIVE_RESULTS,,6.0,,0,0,0,0,,DEPTH_SNAPSHOT_STREAM,false
1695,LATE_COUNT,28.287997,43.0,0.6578604,3410,10,0,0,976.58,BBO_CHANGE_STREAM,false
1695,POST_RESOLUTION_DIAGNOSTIC,,,,0,0,0,0,,DEPTH_SNAPSHOT_STREAM,false
1696,PRE_ELECTION,,60.0,,0,0,0,2,,DEPTH_SNAPSHOT_STREAM,false
1696,ELECTION_DAY_PRE_RESULTS,,11.0,,0,0,0,2,,DEPTH_SNAPSHOT_STREAM,false
1696,ACTIVE_RESULTS,,6.0,,0,0,0,1,,DEPTH_SNAPSHOT_STREAM,false
1696,LATE_COUNT,28.287894,43.0,0.657858,2012,9,0,0,1140.399,BBO_CHANGE_STREAM,false
1696,POST_RESOLUTION_DIAGNOSTIC,,,,0,0,0,0,,DEPTH_SNAPSHOT_STREAM,false
1697,PRE_ELECTION,,60.0,,0,0,0,116,,DEPTH_SNAPSHOT_STREAM,false
1697,ELECTION_DAY_PRE_RESULTS,,11.0,,0,0,0,60,,DEPTH_SNAPSHOT_STREAM,false
1697,ACTIVE_RESULTS,,6.0,,0,0,0,4,,DEPTH_SNAPSHOT_STREAM,false
1697,LATE_COUNT,28.287861,43.0,0.65785723,2012,14,0,0,1140.399,BBO_CHANGE_STREAM,false
1697,POST_RESOLUTION_DIAGNOSTIC,,,,0,0,0,0,,DEPTH_SNAPSHOT_STREAM,false
1698,PRE_ELECTION,,60.0,,0,0,0,2,,DEPTH_SNAPSHOT_STREAM,false
1698,ELECTION_DAY_PRE_RESULTS,,11.0,,0,0,0,0,,DEPTH_SNAPSHOT_STREAM,false
1698,ACTIVE_RESULTS,,6.0,,0,0,0,0,,DEPTH_SNAPSHOT_STREAM,false
1698,LATE_COUNT,28.287894,43.0,0.657858,1873,8,0,0,1140.666,BBO_CHANGE_STREAM,false
1698,POST_RESOLUTION_DIAGNOSTIC,,,,0,0,0,0,,DEPTH_SNAPSHOT_STREAM,false
1699,PRE_ELECTION,,60.0,,0,0,0,12,,DEPTH_SNAPSHOT_STREAM,false
1699,ELECTION_DAY_PRE_RESULTS,,11.0,,0,0,0,0,,DEPTH_SNAPSHOT_STREAM,false
1699,ACTIVE_RESULTS,,6.0,,0,0,0,0,,DEPTH_SNAPSHOT_STREAM,false
1699,LATE_COUNT,28.288122,43.0,0.6578633,1873,13,0,0,1140.666,BBO_CHANGE_STREAM,false
1699,POST_RESOLUTION_DIAGNOSTIC,,,,0,0,0,0,,DEPTH_SNAPSHOT_STREAM,false
1700,PRE_ELECTION,,60.0,,0,0,0,18,,DEPTH_SNAPSHOT_STREAM,false
1700,ELECTION_DAY_PRE_RESULTS,,11.0,,0,0,0,0,,DEPTH_SNAPSHOT_STREAM,false
1700,ACTIVE_RESULTS,,6.0,,0,0,0,0,,DEPTH_SNAPSHOT_STREAM,false
1700,LATE_COUNT,28.291936,43.0,0.657952,1865,9,0,0,1140.743,BBO_CHANGE_STREAM,false
1700,POST_RESOLUTION_DIAGNOSTIC,,,,0,0,0,0,,DEPTH_SNAPSHOT_STREAM,false
1701,PRE_ELECTION,,60.0,,0,0,0,2,,DEPTH_SNAPSHOT_STREAM,false
1701,ELECTION_DAY_PRE_RESULTS,,11.0,,0,0,0,0,,DEPTH_SNAPSHOT_STREAM,false
1701,ACTIVE_RESULTS,,6.0,,0,0,0,0,,DEPTH_SNAPSHOT_STREAM,false
1701,LATE_COUNT,28.291839,43.0,0.65794974,1865,11,0,0,1140.743,BBO_CHANGE_STREAM,false
1701,POST_RESOLUTION_DIAGNOSTIC,,,,0,0,0,0,,DEPTH_SNAPSHOT_STREAM,false
1702,PRE_ELECTION,,60.0,,0,0,0,2,,DEPTH_SNAPSHOT_STREAM,false
1702,ELECTION_DAY_PRE_RESULTS,,11.0,,0,0,0,0,,DEPTH_SNAPSHOT_STREAM,false
1702,ACTIVE_RESULTS,,6.0,,0,0,0,0,,DEPTH_SNAPSHOT_STREAM,false
1702,LATE_COUNT,28.288122,43.0,0.6578633,1872,10,0,0,1140.813,BBO_CHANGE_STREAM,false
1702,POST_RESOLUTION_DIAGNOSTIC,,,,0,0,0,0,,DEPTH_SNAPSHOT_STREAM,false
1703,PRE_ELECTION,,60.0,,0,0,0,2,,DEPTH_SNAPSHOT_STREAM,false
1703,ELECTION_DAY_PRE_RESULTS,,11.0,,0,0,0,0,,DEPTH_SNAPSHOT_STREAM,false
1703,ACTIVE_RESULTS,,6.0,,0,0,0,0,,DEPTH_SNAPSHOT_STREAM,false
1703,LATE_COUNT,28.287957,43.0,0.65785947,1872,8,0,0,1140.813,BBO_CHANGE_STREAM,false
1703,POST_RESOLUTION_DIAGNOSTIC,,,,0,0,0,0,,DEPTH_SNAPSHOT_STREAM,false
1704,PRE_ELECTION,,60.0,,0,0,0,2,,DEPTH_SNAPSHOT_STREAM,false
1704,ELECTION_DAY_PRE_RESULTS,,11.0,,0,0,0,11,,DEPTH_SNAPSHOT_STREAM,false
1704,ACTIVE_RESULTS,,6.0,,0,0,0,0,,DEPTH_SNAPSHOT_STREAM,false
1704,LATE_COUNT,28.287447,43.0,0.6578476,1713,10,0,0,1141.013,BBO_CHANGE_STREAM,false
1704,POST_RESOLUTION_DIAGNOSTIC,,,,0,0,0,0,,DEPTH_SNAPSHOT_STREAM,false
1705,PRE_ELECTION,,60.0,,0,0,0,2,,DEPTH_SNAPSHOT_STREAM,false
1705,ELECTION_DAY_PRE_RESULTS,,11.0,,0,0,0,0,,DEPTH_SNAPSHOT_STREAM,false
1705,ACTIVE_RESULTS,,6.0,,0,0,0,0,,DEPTH_SNAPSHOT_STREAM,false
1705,LATE_COUNT,28.287226,43.0,0.65784247,1713,8,0,0,1141.013,BBO_CHANGE_STREAM,false
1705,POST_RESOLUTION_DIAGNOSTIC,,,,0,0,0,0,,DEPTH_SNAPSHOT_STREAM,false
1706,PRE_ELECTION,,60.0,,0,0,0,417,,DEPTH_SNAPSHOT_STREAM,false
1706,ELECTION_DAY_PRE_RESULTS,,11.0,,0,0,0,287,,DEPTH_SNAPSHOT_STREAM,false
1706,ACTIVE_RESULTS,,6.0,,0,0,0,344,,DEPTH_SNAPSHOT_STREAM,false
1706,LATE_COUNT,28.288115,43.0,0.65786314,5614,8,17,135,1141.109,BBO_CHANGE_STREAM,false
1706,POST_RESOLUTION_DIAGNOSTIC,,,,0,0,0,0,,DEPTH_SNAPSHOT_STREAM,false
1707,PRE_ELECTION,,60.0,,0,0,0,213,,DEPTH_SNAPSHOT_STREAM,false
1707,ELECTION_DAY_PRE_RESULTS,,11.0,,0,0,0,188,,DEPTH_SNAPSHOT_STREAM,false
1707,ACTIVE_RESULTS,,6.0,,0,0,0,175,,DEPTH_SNAPSHOT_STREAM,false
1707,LATE_COUNT,28.287666,43.0,0.6578527,5618,7,15,40,1141.109,BBO_CHANGE_STREAM,false
1707,POST_RESOLUTION_DIAGNOSTIC,,,,0,0,0,0,,DEPTH_SNAPSHOT_STREAM,false
1708,PRE_ELECTION,,60.0,,0,0,0,470,,DEPTH_SNAPSHOT_STREAM,false
1708,ELECTION_DAY_PRE_RESULTS,,11.0,,0,0,0,280,,DEPTH_SNAPSHOT_STREAM,false
1708,ACTIVE_RESULTS,,6.0,,0,0,0,363,,DEPTH_SNAPSHOT_STREAM,false
1708,LATE_COUNT,28.287883,43.0,0.65785774,6135,8,55,374,1034.49,BBO_CHANGE_STREAM,false
1708,POST_RESOLUTION_DIAGNOSTIC,,,,0,0,0,0,,DEPTH_SNAPSHOT_STREAM,false
1709,PRE_ELECTION,,60.0,,0,0,0,443,,DEPTH_SNAPSHOT_STREAM,false
1709,ELECTION_DAY_PRE_RESULTS,,11.0,,0,0,0,155,,DEPTH_SNAPSHOT_STREAM,false
1709,ACTIVE_RESULTS,,6.0,,0,0,0,132,,DEPTH_SNAPSHOT_STREAM,false
1709,LATE_COUNT,28.288009,43.0,0.65786067,6135,13,29,154,1034.49,BBO_CHANGE_STREAM,false
1709,POST_RESOLUTION_DIAGNOSTIC,,,,0,0,0,0,,DEPTH_SNAPSHOT_STREAM,false
1710,PRE_ELECTION,,60.0,,0,0,0,12,,DEPTH_SNAPSHOT_STREAM,false
1710,ELECTION_DAY_PRE_RESULTS,,11.0,,0,0,0,15,,DEPTH_SNAPSHOT_STREAM,false
1710,ACTIVE_RESULTS,,6.0,,0,0,0,0,,DEPTH_SNAPSHOT_STREAM,false
1710,LATE_COUNT,28.291995,43.0,0.65795337,1297,11,0,0,1140.875,BBO_CHANGE_STREAM,false
1710,POST_RESOLUTION_DIAGNOSTIC,,,,0,0,0,0,,DEPTH_SNAPSHOT_STREAM,false
1711,PRE_ELECTION,,60.0,,0,0,0,4,,DEPTH_SNAPSHOT_STREAM,false
1711,ELECTION_DAY_PRE_RESULTS,,11.0,,0,0,0,0,,DEPTH_SNAPSHOT_STREAM,false
1711,ACTIVE_RESULTS,,6.0,,0,0,0,0,,DEPTH_SNAPSHOT_STREAM,false
1711,LATE_COUNT,28.291957,43.0,0.65795249,1297,11,0,0,1140.875,BBO_CHANGE_STREAM,false
1711,POST_RESOLUTION_DIAGNOSTIC,,,,0,0,0,0,,DEPTH_SNAPSHOT_STREAM,false
1712,PRE_ELECTION,,60.0,,0,0,0,0,,DEPTH_SNAPSHOT_STREAM,false
1712,ELECTION_DAY_PRE_RESULTS,,11.0,,0,0,0,0,,DEPTH_SNAPSHOT_STREAM,false
1712,ACTIVE_RESULTS,,6.0,,0,0,0,0,,DEPTH_SNAPSHOT_STREAM,false
1712,LATE_COUNT,,43.0,,0,0,0,0,,DEPTH_SNAPSHOT_STREAM,false
1712,POST_RESOLUTION_DIAGNOSTIC,,,,0,0,0,0,,DEPTH_SNAPSHOT_STREAM,false
1713,PRE_ELECTION,,60.0,,0,0,0,0,,DEPTH_SNAPSHOT_STREAM,false
1713,ELECTION_DAY_PRE_RESULTS,,11.0,,0,0,0,0,,DEPTH_SNAPSHOT_STREAM,false
1713,ACTIVE_RESULTS,,6.0,,0,0,0,0,,DEPTH_SNAPSHOT_STREAM,false
1713,LATE_COUNT,,43.0,,0,0,0,0,,DEPTH_SNAPSHOT_STREAM,false
1713,POST_RESOLUTION_DIAGNOSTIC,,,,0,0,0,0,,DEPTH_SNAPSHOT_STREAM,false
1714,PRE_ELECTION,,60.0,,0,0,0,0,,DEPTH_SNAPSHOT_STREAM,false
1714,ELECTION_DAY_PRE_RESULTS,,11.0,,0,0,0,0,,DEPTH_SNAPSHOT_STREAM,false
1714,ACTIVE_RESULTS,,6.0,,0,0,0,0,,DEPTH_SNAPSHOT_STREAM,false
1714,LATE_COUNT,,43.0,,0,0,0,0,,DEPTH_SNAPSHOT_STREAM,false
1714,POST_RESOLUTION_DIAGNOSTIC,,,,0,0,0,0,,DEPTH_SNAPSHOT_STREAM,false
1715,PRE_ELECTION,,60.0,,0,0,0,0,,DEPTH_SNAPSHOT_STREAM,false
1715,ELECTION_DAY_PRE_RESULTS,,11.0,,0,0,0,0,,DEPTH_SNAPSHOT_STREAM,false
1715,ACTIVE_RESULTS,,6.0,,0,0,0,0,,DEPTH_SNAPSHOT_STREAM,false
1715,LATE_COUNT,,43.0,,0,0,0,0,,DEPTH_SNAPSHOT_STREAM,false
1715,POST_RESOLUTION_DIAGNOSTIC,,,,0,0,0,0,,DEPTH_SNAPSHOT_STREAM,false
1716,PRE_ELECTION,,60.0,,0,0,0,0,,DEPTH_SNAPSHOT_STREAM,false
1716,ELECTION_DAY_PRE_RESULTS,,11.0,,0,0,0,0,,DEPTH_SNAPSHOT_STREAM,false
1716,ACTIVE_RESULTS,,6.0,,0,0,0,0,,DEPTH_SNAPSHOT_STREAM,false
1716,LATE_COUNT,,43.0,,0,0,0,0,,DEPTH_SNAPSHOT_STREAM,false
1716,POST_RESOLUTION_DIAGNOSTIC,,,,0,0,0,0,,DEPTH_SNAPSHOT_STREAM,false
1717,PRE_ELECTION,,60.0,,0,0,0,0,,DEPTH_SNAPSHOT_STREAM,false
1717,ELECTION_DAY_PRE_RESULTS,,11.0,,0,0,0,0,,DEPTH_SNAPSHOT_STREAM,false
1717,ACTIVE_RESULTS,,6.0,,0,0,0,0,,DEPTH_SNAPSHOT_STREAM,false
1717,LATE_COUNT,,43.0,,0,0,0,0,,DEPTH_SNAPSHOT_STREAM,false
1717,POST_RESOLUTION_DIAGNOSTIC,,,,0,0,0,0,,DEPTH_SNAPSHOT_STREAM,false
1718,PRE_ELECTION,,60.0,,0,0,0,0,,DEPTH_SNAPSHOT_STREAM,false
1718,ELECTION_DAY_PRE_RESULTS,,11.0,,0,0,0,0,,DEPTH_SNAPSHOT_STREAM,false
1718,ACTIVE_RESULTS,,6.0,,0,0,0,0,,DEPTH_SNAPSHOT_STREAM,false
1718,LATE_COUNT,,43.0,,0,0,0,0,,DEPTH_SNAPSHOT_STREAM,false
1718,POST_RESOLUTION_DIAGNOSTIC,,,,0,0,0,0,,DEPTH_SNAPSHOT_STREAM,false
1719,PRE_ELECTION,,60.0,,0,0,0,0,,DEPTH_SNAPSHOT_STREAM,false
1719,ELECTION_DAY_PRE_RESULTS,,11.0,,0,0,0,0,,DEPTH_SNAPSHOT_STREAM,false
1719,ACTIVE_RESULTS,,6.0,,0,0,0,0,,DEPTH_SNAPSHOT_STREAM,false
1719,LATE_COUNT,,43.0,,0,0,0,0,,DEPTH_SNAPSHOT_STREAM,false
1719,POST_RESOLUTION_DIAGNOSTIC,,,,0,0,0,0,,DEPTH_SNAPSHOT_STREAM,false
1720,PRE_ELECTION,,60.0,,0,0,0,0,,DEPTH_SNAPSHOT_STREAM,false
1720,ELECTION_DAY_PRE_RESULTS,,11.0,,0,0,0,0,,DEPTH_SNAPSHOT_STREAM,false
1720,ACTIVE_RESULTS,,6.0,,0,0,0,0,,DEPTH_SNAPSHOT_STREAM,false
1720,LATE_COUNT,,43.0,,0,0,0,0,,DEPTH_SNAPSHOT_STREAM,false
1720,POST_RESOLUTION_DIAGNOSTIC,,,,0,0,0,0,,DEPTH_SNAPSHOT_STREAM,false
1721,PRE_ELECTION,,60.0,,0,0,0,0,,DEPTH_SNAPSHOT_STREAM,false
1721,ELECTION_DAY_PRE_RESULTS,,11.0,,0,0,0,0,,DEPTH_SNAPSHOT_STREAM,false
1721,ACTIVE_RESULTS,,6.0,,0,0,0,0,,DEPTH_SNAPSHOT_STREAM,false
1721,LATE_COUNT,,43.0,,0,0,0,0,,DEPTH_SNAPSHOT_STREAM,false
1721,POST_RESOLUTION_DIAGNOSTIC,,,,0,0,0,0,,DEPTH_SNAPSHOT_STREAM,false
1722,PRE_ELECTION,,60.0,,0,0,0,0,,DEPTH_SNAPSHOT_STREAM,false
1722,ELECTION_DAY_PRE_RESULTS,,11.0,,0,0,0,0,,DEPTH_SNAPSHOT_STREAM,false
1722,ACTIVE_RESULTS,,6.0,,0,0,0,0,,DEPTH_SNAPSHOT_STREAM,false
1722,LATE_COUNT,,43.0,,0,0,0,0,,DEPTH_SNAPSHOT_STREAM,false
1722,POST_RESOLUTION_DIAGNOSTIC,,,,0,0,0,0,,DEPTH_SNAPSHOT_STREAM,false
1723,PRE_ELECTION,,60.0,,0,0,0,0,,DEPTH_SNAPSHOT_STREAM,false
1723,ELECTION_DAY_PRE_RESULTS,,11.0,,0,0,0,0,,DEPTH_SNAPSHOT_STREAM,false
1723,ACTIVE_RESULTS,,6.0,,0,0,0,0,,DEPTH_SNAPSHOT_STREAM,false
1723,LATE_COUNT,,43.0,,0,0,0,0,,DEPTH_SNAPSHOT_STREAM,false
1723,POST_RESOLUTION_DIAGNOSTIC,,,,0,0,0,0,,DEPTH_SNAPSHOT_STREAM,false
1724,PRE_ELECTION,,60.0,,0,0,0,0,,DEPTH_SNAPSHOT_STREAM,false
1724,ELECTION_DAY_PRE_RESULTS,,11.0,,0,0,0,0,,DEPTH_SNAPSHOT_STREAM,false
1724,ACTIVE_RESULTS,,6.0,,0,0,0,0,,DEPTH_SNAPSHOT_STREAM,false
1724,LATE_COUNT,,43.0,,0,0,0,0,,DEPTH_SNAPSHOT_STREAM,false
1724,POST_RESOLUTION_DIAGNOSTIC,,,,0,0,0,0,,DEPTH_SNAPSHOT_STREAM,false
1725,PRE_ELECTION,,60.0,,0,0,0,0,,DEPTH_SNAPSHOT_STREAM,false
1725,ELECTION_DAY_PRE_RESULTS,,11.0,,0,0,0,0,,DEPTH_SNAPSHOT_STREAM,false
1725,ACTIVE_RESULTS,,6.0,,0,0,0,0,,DEPTH_SNAPSHOT_STREAM,false
1725,LATE_COUNT,,43.0,,0,0,0,0,,DEPTH_SNAPSHOT_STREAM,false
1725,POST_RESOLUTION_DIAGNOSTIC,,,,0,0,0,0,,DEPTH_SNAPSHOT_STREAM,false
1726,PRE_ELECTION,,60.0,,0,0,0,0,,DEPTH_SNAPSHOT_STREAM,false
1726,ELECTION_DAY_PRE_RESULTS,,11.0,,0,0,0,0,,DEPTH_SNAPSHOT_STREAM,false
1726,ACTIVE_RESULTS,,6.0,,0,0,0,0,,DEPTH_SNAPSHOT_STREAM,false
1726,LATE_COUNT,,43.0,,0,0,0,0,,DEPTH_SNAPSHOT_STREAM,false
1726,POST_RESOLUTION_DIAGNOSTIC,,,,0,0,0,0,,DEPTH_SNAPSHOT_STREAM,false
1727,PRE_ELECTION,,60.0,,0,0,0,0,,DEPTH_SNAPSHOT_STREAM,false
1727,ELECTION_DAY_PRE_RESULTS,,11.0,,0,0,0,0,,DEPTH_SNAPSHOT_STREAM,false
1727,ACTIVE_RESULTS,,6.0,,0,0,0,0,,DEPTH_SNAPSHOT_STREAM,false
1727,LATE_COUNT,,43.0,,0,0,0,0,,DEPTH_SNAPSHOT_STREAM,false
1727,POST_RESOLUTION_DIAGNOSTIC,,,,0,0,0,0,,DEPTH_SNAPSHOT_STREAM,false
1728,PRE_ELECTION,,60.0,,0,0,0,0,,DEPTH_SNAPSHOT_STREAM,false
1728,ELECTION_DAY_PRE_RESULTS,,11.0,,0,0,0,0,,DEPTH_SNAPSHOT_STREAM,false
1728,ACTIVE_RESULTS,,6.0,,0,0,0,0,,DEPTH_SNAPSHOT_STREAM,false
1728,LATE_COUNT,,43.0,,0,0,0,0,,DEPTH_SNAPSHOT_STREAM,false
1728,POST_RESOLUTION_DIAGNOSTIC,,,,0,0,0,0,,DEPTH_SNAPSHOT_STREAM,false
1729,PRE_ELECTION,,60.0,,0,0,0,0,,DEPTH_SNAPSHOT_STREAM,false
1729,ELECTION_DAY_PRE_RESULTS,,11.0,,0,0,0,0,,DEPTH_SNAPSHOT_STREAM,false
1729,ACTIVE_RESULTS,,6.0,,0,0,0,0,,DEPTH_SNAPSHOT_STREAM,false
1729,LATE_COUNT,,43.0,,0,0,0,0,,DEPTH_SNAPSHOT_STREAM,false
1729,POST_RESOLUTION_DIAGNOSTIC,,,,0,0,0,0,,DEPTH_SNAPSHOT_STREAM,false
1730,PRE_ELECTION,,60.0,,0,0,0,0,,DEPTH_SNAPSHOT_STREAM,false
1730,ELECTION_DAY_PRE_RESULTS,,11.0,,0,0,0,0,,DEPTH_SNAPSHOT_STREAM,false
1730,ACTIVE_RESULTS,,6.0,,0,0,0,0,,DEPTH_SNAPSHOT_STREAM,false
1730,LATE_COUNT,,43.0,,0,0,0,0,,DEPTH_SNAPSHOT_STREAM,false
1730,POST_RESOLUTION_DIAGNOSTIC,,,,0,0,0,0,,DEPTH_SNAPSHOT_STREAM,false
1731,PRE_ELECTION,,60.0,,0,0,0,0,,DEPTH_SNAPSHOT_STREAM,false
1731,ELECTION_DAY_PRE_RESULTS,,11.0,,0,0,0,0,,DEPTH_SNAPSHOT_STREAM,false
1731,ACTIVE_RESULTS,,6.0,,0,0,0,0,,DEPTH_SNAPSHOT_STREAM,false
1731,LATE_COUNT,,43.0,,0,0,0,0,,DEPTH_SNAPSHOT_STREAM,false
1731,POST_RESOLUTION_DIAGNOSTIC,,,,0,0,0,0,,DEPTH_SNAPSHOT_STREAM,false
1732,PRE_ELECTION,,60.0,,0,0,0,0,,DEPTH_SNAPSHOT_STREAM,false
1732,ELECTION_DAY_PRE_RESULTS,,11.0,,0,0,0,0,,DEPTH_SNAPSHOT_STREAM,false
1732,ACTIVE_RESULTS,,6.0,,0,0,0,0,,DEPTH_SNAPSHOT_STREAM,false
1732,LATE_COUNT,,43.0,,0,0,0,0,,DEPTH_SNAPSHOT_STREAM,false
1732,POST_RESOLUTION_DIAGNOSTIC,,,,0,0,0,0,,DEPTH_SNAPSHOT_STREAM,false
1733,PRE_ELECTION,,60.0,,0,0,0,0,,DEPTH_SNAPSHOT_STREAM,false
1733,ELECTION_DAY_PRE_RESULTS,,11.0,,0,0,0,0,,DEPTH_SNAPSHOT_STREAM,false
1733,ACTIVE_RESULTS,,6.0,,0,0,0,0,,DEPTH_SNAPSHOT_STREAM,false
1733,LATE_COUNT,,43.0,,0,0,0,0,,DEPTH_SNAPSHOT_STREAM,false
1733,POST_RESOLUTION_DIAGNOSTIC,,,,0,0,0,0,,DEPTH_SNAPSHOT_STREAM,false
1734,PRE_ELECTION,,60.0,,0,0,0,0,,DEPTH_SNAPSHOT_STREAM,false
1734,ELECTION_DAY_PRE_RESULTS,,11.0,,0,0,0,0,,DEPTH_SNAPSHOT_STREAM,false
1734,ACTIVE_RESULTS,,6.0,,0,0,0,0,,DEPTH_SNAPSHOT_STREAM,false
1734,LATE_COUNT,,43.0,,0,0,0,0,,DEPTH_SNAPSHOT_STREAM,false
1734,POST_RESOLUTION_DIAGNOSTIC,,,,0,0,0,0,,DEPTH_SNAPSHOT_STREAM,false
1735,PRE_ELECTION,,60.0,,0,0,0,0,,DEPTH_SNAPSHOT_STREAM,false
1735,ELECTION_DAY_PRE_RESULTS,,11.0,,0,0,0,0,,DEPTH_SNAPSHOT_STREAM,false
1735,ACTIVE_RESULTS,,6.0,,0,0,0,0,,DEPTH_SNAPSHOT_STREAM,false
1735,LATE_COUNT,,43.0,,0,0,0,0,,DEPTH_SNAPSHOT_STREAM,false
1735,POST_RESOLUTION_DIAGNOSTIC,,,,0,0,0,0,,DEPTH_SNAPSHOT_STREAM,false
1736,PRE_ELECTION,,60.0,,0,0,0,0,,DEPTH_SNAPSHOT_STREAM,false
1736,ELECTION_DAY_PRE_RESULTS,,11.0,,0,0,0,0,,DEPTH_SNAPSHOT_STREAM,false
1736,ACTIVE_RESULTS,,6.0,,0,0,0,0,,DEPTH_SNAPSHOT_STREAM,false
1736,LATE_COUNT,,43.0,,0,0,0,0,,DEPTH_SNAPSHOT_STREAM,false
1736,POST_RESOLUTION_DIAGNOSTIC,,,,0,0,0,0,,DEPTH_SNAPSHOT_STREAM,false
1737,PRE_ELECTION,,60.0,,0,0,0,0,,DEPTH_SNAPSHOT_STREAM,false
1737,ELECTION_DAY_PRE_RESULTS,,11.0,,0,0,0,0,,DEPTH_SNAPSHOT_STREAM,false
1737,ACTIVE_RESULTS,,6.0,,0,0,0,0,,DEPTH_SNAPSHOT_STREAM,false
1737,LATE_COUNT,,43.0,,0,0,0,0,,DEPTH_SNAPSHOT_STREAM,false
1737,POST_RESOLUTION_DIAGNOSTIC,,,,0,0,0,0,,DEPTH_SNAPSHOT_STREAM,false
1738,PRE_ELECTION,,60.0,,0,0,0,0,,DEPTH_SNAPSHOT_STREAM,false
1738,ELECTION_DAY_PRE_RESULTS,,11.0,,0,0,0,0,,DEPTH_SNAPSHOT_STREAM,false
1738,ACTIVE_RESULTS,,6.0,,0,0,0,0,,DEPTH_SNAPSHOT_STREAM,false
1738,LATE_COUNT,,43.0,,0,0,0,0,,DEPTH_SNAPSHOT_STREAM,false
1738,POST_RESOLUTION_DIAGNOSTIC,,,,0,0,0,0,,DEPTH_SNAPSHOT_STREAM,false
1739,PRE_ELECTION,,60.0,,0,0,0,0,,DEPTH_SNAPSHOT_STREAM,false
1739,ELECTION_DAY_PRE_RESULTS,,11.0,,0,0,0,0,,DEPTH_SNAPSHOT_STREAM,false
1739,ACTIVE_RESULTS,,6.0,,0,0,0,0,,DEPTH_SNAPSHOT_STREAM,false
1739,LATE_COUNT,,43.0,,0,0,0,0,,DEPTH_SNAPSHOT_STREAM,false
1739,POST_RESOLUTION_DIAGNOSTIC,,,,0,0,0,0,,DEPTH_SNAPSHOT_STREAM,false
1740,PRE_ELECTION,,60.0,,0,0,0,0,,DEPTH_SNAPSHOT_STREAM,false
1740,ELECTION_DAY_PRE_RESULTS,,11.0,,0,0,0,0,,DEPTH_SNAPSHOT_STREAM,false
1740,ACTIVE_RESULTS,,6.0,,0,0,0,0,,DEPTH_SNAPSHOT_STREAM,false
1740,LATE_COUNT,,43.0,,0,0,0,0,,DEPTH_SNAPSHOT_STREAM,false
1740,POST_RESOLUTION_DIAGNOSTIC,,,,0,0,0,0,,DEPTH_SNAPSHOT_STREAM,false
1741,PRE_ELECTION,,60.0,,0,0,0,0,,DEPTH_SNAPSHOT_STREAM,false
1741,ELECTION_DAY_PRE_RESULTS,,11.0,,0,0,0,0,,DEPTH_SNAPSHOT_STREAM,false
1741,ACTIVE_RESULTS,,6.0,,0,0,0,0,,DEPTH_SNAPSHOT_STREAM,false
1741,LATE_COUNT,,43.0,,0,0,0,0,,DEPTH_SNAPSHOT_STREAM,false
1741,POST_RESOLUTION_DIAGNOSTIC,,,,0,0,0,0,,DEPTH_SNAPSHOT_STREAM,false
1742,PRE_ELECTION,,60.0,,0,0,0,0,,DEPTH_SNAPSHOT_STREAM,false
1742,ELECTION_DAY_PRE_RESULTS,,11.0,,0,0,0,0,,DEPTH_SNAPSHOT_STREAM,false
1742,ACTIVE_RESULTS,,6.0,,0,0,0,0,,DEPTH_SNAPSHOT_STREAM,false
1742,LATE_COUNT,,43.0,,0,0,0,0,,DEPTH_SNAPSHOT_STREAM,false
1742,POST_RESOLUTION_DIAGNOSTIC,,,,0,0,0,0,,DEPTH_SNAPSHOT_STREAM,false
1743,PRE_ELECTION,,60.0,,0,0,0,0,,DEPTH_SNAPSHOT_STREAM,false
1743,ELECTION_DAY_PRE_RESULTS,,11.0,,0,0,0,0,,DEPTH_SNAPSHOT_STREAM,false
1743,ACTIVE_RESULTS,,6.0,,0,0,0,0,,DEPTH_SNAPSHOT_STREAM,false
1743,LATE_COUNT,,43.0,,0,0,0,0,,DEPTH_SNAPSHOT_STREAM,false
1743,POST_RESOLUTION_DIAGNOSTIC,,,,0,0,0,0,,DEPTH_SNAPSHOT_STREAM,false
1744,PRE_ELECTION,,60.0,,0,0,0,0,,DEPTH_SNAPSHOT_STREAM,false
1744,ELECTION_DAY_PRE_RESULTS,,11.0,,0,0,0,0,,DEPTH_SNAPSHOT_STREAM,false
1744,ACTIVE_RESULTS,,6.0,,0,0,0,0,,DEPTH_SNAPSHOT_STREAM,false
1744,LATE_COUNT,,43.0,,0,0,0,0,,DEPTH_SNAPSHOT_STREAM,false
1744,POST_RESOLUTION_DIAGNOSTIC,,,,0,0,0,0,,DEPTH_SNAPSHOT_STREAM,false
1745,PRE_ELECTION,,60.0,,0,0,0,0,,DEPTH_SNAPSHOT_STREAM,false
1745,ELECTION_DAY_PRE_RESULTS,,11.0,,0,0,0,0,,DEPTH_SNAPSHOT_STREAM,false
1745,ACTIVE_RESULTS,,6.0,,0,0,0,0,,DEPTH_SNAPSHOT_STREAM,false
1745,LATE_COUNT,,43.0,,0,0,0,0,,DEPTH_SNAPSHOT_STREAM,false
1745,POST_RESOLUTION_DIAGNOSTIC,,,,0,0,0,0,,DEPTH_SNAPSHOT_STREAM,false
1746,PRE_ELECTION,,60.0,,0,0,0,0,,DEPTH_SNAPSHOT_STREAM,false
1746,ELECTION_DAY_PRE_RESULTS,,11.0,,0,0,0,0,,DEPTH_SNAPSHOT_STREAM,false
1746,ACTIVE_RESULTS,,6.0,,0,0,0,0,,DEPTH_SNAPSHOT_STREAM,false
1746,LATE_COUNT,,43.0,,0,0,0,0,,DEPTH_SNAPSHOT_STREAM,false
1746,POST_RESOLUTION_DIAGNOSTIC,,,,0,0,0,0,,DEPTH_SNAPSHOT_STREAM,false
1747,PRE_ELECTION,,60.0,,0,0,0,0,,DEPTH_SNAPSHOT_STREAM,false
1747,ELECTION_DAY_PRE_RESULTS,,11.0,,0,0,0,0,,DEPTH_SNAPSHOT_STREAM,false
1747,ACTIVE_RESULTS,,6.0,,0,0,0,0,,DEPTH_SNAPSHOT_STREAM,false
1747,LATE_COUNT,,43.0,,0,0,0,0,,DEPTH_SNAPSHOT_STREAM,false
1747,POST_RESOLUTION_DIAGNOSTIC,,,,0,0,0,0,,DEPTH_SNAPSHOT_STREAM,false
1748,PRE_ELECTION,,60.0,,0,0,0,0,,DEPTH_SNAPSHOT_STREAM,false
1748,ELECTION_DAY_PRE_RESULTS,,11.0,,0,0,0,0,,DEPTH_SNAPSHOT_STREAM,false
1748,ACTIVE_RESULTS,,6.0,,0,0,0,0,,DEPTH_SNAPSHOT_STREAM,false
1748,LATE_COUNT,,43.0,,0,0,0,0,,DEPTH_SNAPSHOT_STREAM,false
1748,POST_RESOLUTION_DIAGNOSTIC,,,,0,0,0,0,,DEPTH_SNAPSHOT_STREAM,false
1749,PRE_ELECTION,,60.0,,0,0,0,0,,DEPTH_SNAPSHOT_STREAM,false
1749,ELECTION_DAY_PRE_RESULTS,,11.0,,0,0,0,0,,DEPTH_SNAPSHOT_STREAM,false
1749,ACTIVE_RESULTS,,6.0,,0,0,0,0,,DEPTH_SNAPSHOT_STREAM,false
1749,LATE_COUNT,,43.0,,0,0,0,0,,DEPTH_SNAPSHOT_STREAM,false
1749,POST_RESOLUTION_DIAGNOSTIC,,,,0,0,0,0,,DEPTH_SNAPSHOT_STREAM,false
1750,PRE_ELECTION,,60.0,,0,0,0,0,,DEPTH_SNAPSHOT_STREAM,false
1750,ELECTION_DAY_PRE_RESULTS,,11.0,,0,0,0,0,,DEPTH_SNAPSHOT_STREAM,false
1750,ACTIVE_RESULTS,,6.0,,0,0,0,0,,DEPTH_SNAPSHOT_STREAM,false
1750,LATE_COUNT,,43.0,,0,0,0,0,,DEPTH_SNAPSHOT_STREAM,false
1750,POST_RESOLUTION_DIAGNOSTIC,,,,0,0,0,0,,DEPTH_SNAPSHOT_STREAM,false
1751,PRE_ELECTION,,60.0,,0,0,0,0,,DEPTH_SNAPSHOT_STREAM,false
1751,ELECTION_DAY_PRE_RESULTS,,11.0,,0,0,0,0,,DEPTH_SNAPSHOT_STREAM,false
1751,ACTIVE_RESULTS,,6.0,,0,0,0,0,,DEPTH_SNAPSHOT_STREAM,false
1751,LATE_COUNT,,43.0,,0,0,0,0,,DEPTH_SNAPSHOT_STREAM,false
1751,POST_RESOLUTION_DIAGNOSTIC,,,,0,0,0,0,,DEPTH_SNAPSHOT_STREAM,false
1752,PRE_ELECTION,,60.0,,0,0,0,0,,DEPTH_SNAPSHOT_STREAM,false
1752,ELECTION_DAY_PRE_RESULTS,,11.0,,0,0,0,0,,DEPTH_SNAPSHOT_STREAM,false
1752,ACTIVE_RESULTS,,6.0,,0,0,0,0,,DEPTH_SNAPSHOT_STREAM,false
1752,LATE_COUNT,,43.0,,0,0,0,0,,DEPTH_SNAPSHOT_STREAM,false
1752,POST_RESOLUTION_DIAGNOSTIC,,,,0,0,0,0,,DEPTH_SNAPSHOT_STREAM,false
1753,PRE_ELECTION,,60.0,,0,0,0,0,,DEPTH_SNAPSHOT_STREAM,false
1753,ELECTION_DAY_PRE_RESULTS,,11.0,,0,0,0,0,,DEPTH_SNAPSHOT_STREAM,false
1753,ACTIVE_RESULTS,,6.0,,0,0,0,0,,DEPTH_SNAPSHOT_STREAM,false
1753,LATE_COUNT,,43.0,,0,0,0,0,,DEPTH_SNAPSHOT_STREAM,false
1753,POST_RESOLUTION_DIAGNOSTIC,,,,0,0,0,0,,DEPTH_SNAPSHOT_STREAM,false
1754,PRE_ELECTION,,60.0,,0,0,0,0,,DEPTH_SNAPSHOT_STREAM,false
1754,ELECTION_DAY_PRE_RESULTS,,11.0,,0,0,0,0,,DEPTH_SNAPSHOT_STREAM,false
1754,ACTIVE_RESULTS,,6.0,,0,0,0,0,,DEPTH_SNAPSHOT_STREAM,false
1754,LATE_COUNT,,43.0,,0,0,0,0,,DEPTH_SNAPSHOT_STREAM,false
1754,POST_RESOLUTION_DIAGNOSTIC,,,,0,0,0,0,,DEPTH_SNAPSHOT_STREAM,false
1755,PRE_ELECTION,,60.0,,0,0,0,0,,DEPTH_SNAPSHOT_STREAM,false
1755,ELECTION_DAY_PRE_RESULTS,,11.0,,0,0,0,0,,DEPTH_SNAPSHOT_STREAM,false
1755,ACTIVE_RESULTS,,6.0,,0,0,0,0,,DEPTH_SNAPSHOT_STREAM,false
1755,LATE_COUNT,,43.0,,0,0,0,0,,DEPTH_SNAPSHOT_STREAM,false
1755,POST_RESOLUTION_DIAGNOSTIC,,,,0,0,0,0,,DEPTH_SNAPSHOT_STREAM,false
1756,PRE_ELECTION,,60.0,,0,0,0,0,,DEPTH_SNAPSHOT_STREAM,false
1756,ELECTION_DAY_PRE_RESULTS,,11.0,,0,0,0,0,,DEPTH_SNAPSHOT_STREAM,false
1756,ACTIVE_RESULTS,,6.0,,0,0,0,0,,DEPTH_SNAPSHOT_STREAM,false
1756,LATE_COUNT,,43.0,,0,0,0,0,,DEPTH_SNAPSHOT_STREAM,false
1756,POST_RESOLUTION_DIAGNOSTIC,,,,0,0,0,0,,DEPTH_SNAPSHOT_STREAM,false
1757,PRE_ELECTION,,60.0,,0,0,0,0,,DEPTH_SNAPSHOT_STREAM,false
1757,ELECTION_DAY_PRE_RESULTS,,11.0,,0,0,0,0,,DEPTH_SNAPSHOT_STREAM,false
1757,ACTIVE_RESULTS,,6.0,,0,0,0,0,,DEPTH_SNAPSHOT_STREAM,false
1757,LATE_COUNT,,43.0,,0,0,0,0,,DEPTH_SNAPSHOT_STREAM,false
1757,POST_RESOLUTION_DIAGNOSTIC,,,,0,0,0,0,,DEPTH_SNAPSHOT_STREAM,false
1758,PRE_ELECTION,,60.0,,0,0,0,0,,DEPTH_SNAPSHOT_STREAM,false
1758,ELECTION_DAY_PRE_RESULTS,,11.0,,0,0,0,0,,DEPTH_SNAPSHOT_STREAM,false
1758,ACTIVE_RESULTS,,6.0,,0,0,0,0,,DEPTH_SNAPSHOT_STREAM,false
1758,LATE_COUNT,,43.0,,0,0,0,0,,DEPTH_SNAPSHOT_STREAM,false
1758,POST_RESOLUTION_DIAGNOSTIC,,,,0,0,0,0,,DEPTH_SNAPSHOT_STREAM,false
1759,PRE_ELECTION,,60.0,,0,0,0,0,,DEPTH_SNAPSHOT_STREAM,false
1759,ELECTION_DAY_PRE_RESULTS,,11.0,,0,0,0,0,,DEPTH_SNAPSHOT_STREAM,false
1759,ACTIVE_RESULTS,,6.0,,0,0,0,0,,DEPTH_SNAPSHOT_STREAM,false
1759,LATE_COUNT,,43.0,,0,0,0,0,,DEPTH_SNAPSHOT_STREAM,false
1759,POST_RESOLUTION_DIAGNOSTIC,,,,0,0,0,0,,DEPTH_SNAPSHOT_STREAM,false
1760,PRE_ELECTION,,60.0,,0,0,0,0,,DEPTH_SNAPSHOT_STREAM,false
1760,ELECTION_DAY_PRE_RESULTS,,11.0,,0,0,0,0,,DEPTH_SNAPSHOT_STREAM,false
1760,ACTIVE_RESULTS,,6.0,,0,0,0,0,,DEPTH_SNAPSHOT_STREAM,false
1760,LATE_COUNT,,43.0,,0,0,0,0,,DEPTH_SNAPSHOT_STREAM,false
1760,POST_RESOLUTION_DIAGNOSTIC,,,,0,0,0,0,,DEPTH_SNAPSHOT_STREAM,false
1761,PRE_ELECTION,,60.0,,0,0,0,0,,DEPTH_SNAPSHOT_STREAM,false
1761,ELECTION_DAY_PRE_RESULTS,,11.0,,0,0,0,0,,DEPTH_SNAPSHOT_STREAM,false
1761,ACTIVE_RESULTS,,6.0,,0,0,0,0,,DEPTH_SNAPSHOT_STREAM,false
1761,LATE_COUNT,,43.0,,0,0,0,0,,DEPTH_SNAPSHOT_STREAM,false
1761,POST_RESOLUTION_DIAGNOSTIC,,,,0,0,0,0,,DEPTH_SNAPSHOT_STREAM,false
1762,PRE_ELECTION,,60.0,,0,0,0,0,,DEPTH_SNAPSHOT_STREAM,false
1762,ELECTION_DAY_PRE_RESULTS,,11.0,,0,0,0,0,,DEPTH_SNAPSHOT_STREAM,false
1762,ACTIVE_RESULTS,,6.0,,0,0,0,0,,DEPTH_SNAPSHOT_STREAM,false
1762,LATE_COUNT,,43.0,,0,0,0,0,,DEPTH_SNAPSHOT_STREAM,false
1762,POST_RESOLUTION_DIAGNOSTIC,,,,0,0,0,0,,DEPTH_SNAPSHOT_STREAM,false
1763,PRE_ELECTION,,60.0,,0,0,0,0,,DEPTH_SNAPSHOT_STREAM,false
1763,ELECTION_DAY_PRE_RESULTS,,11.0,,0,0,0,0,,DEPTH_SNAPSHOT_STREAM,false
1763,ACTIVE_RESULTS,,6.0,,0,0,0,0,,DEPTH_SNAPSHOT_STREAM,false
1763,LATE_COUNT,,43.0,,0,0,0,0,,DEPTH_SNAPSHOT_STREAM,false
1763,POST_RESOLUTION_DIAGNOSTIC,,,,0,0,0,0,,DEPTH_SNAPSHOT_STREAM,false
1764,PRE_ELECTION,,60.0,,0,0,0,0,,DEPTH_SNAPSHOT_STREAM,false
1764,ELECTION_DAY_PRE_RESULTS,,11.0,,0,0,0,0,,DEPTH_SNAPSHOT_STREAM,false
1764,ACTIVE_RESULTS,,6.0,,0,0,0,0,,DEPTH_SNAPSHOT_STREAM,false
1764,LATE_COUNT,,43.0,,0,0,0,0,,DEPTH_SNAPSHOT_STREAM,false
1764,POST_RESOLUTION_DIAGNOSTIC,,,,0,0,0,0,,DEPTH_SNAPSHOT_STREAM,false
1765,PRE_ELECTION,,60.0,,0,0,0,0,,DEPTH_SNAPSHOT_STREAM,false
1765,ELECTION_DAY_PRE_RESULTS,,11.0,,0,0,0,0,,DEPTH_SNAPSHOT_STREAM,false
1765,ACTIVE_RESULTS,,6.0,,0,0,0,0,,DEPTH_SNAPSHOT_STREAM,false
1765,LATE_COUNT,,43.0,,0,0,0,0,,DEPTH_SNAPSHOT_STREAM,false
1765,POST_RESOLUTION_DIAGNOSTIC,,,,0,0,0,0,,DEPTH_SNAPSHOT_STREAM,false
1766,PRE_ELECTION,,60.0,,0,0,0,0,,DEPTH_SNAPSHOT_STREAM,false
1766,ELECTION_DAY_PRE_RESULTS,,11.0,,0,0,0,0,,DEPTH_SNAPSHOT_STREAM,false
1766,ACTIVE_RESULTS,,6.0,,0,0,0,0,,DEPTH_SNAPSHOT_STREAM,false
1766,LATE_COUNT,,43.0,,0,0,0,0,,DEPTH_SNAPSHOT_STREAM,false
1766,POST_RESOLUTION_DIAGNOSTIC,,,,0,0,0,0,,DEPTH_SNAPSHOT_STREAM,false
1767,PRE_ELECTION,,60.0,,0,0,0,0,,DEPTH_SNAPSHOT_STREAM,false
1767,ELECTION_DAY_PRE_RESULTS,,11.0,,0,0,0,0,,DEPTH_SNAPSHOT_STREAM,false
1767,ACTIVE_RESULTS,,6.0,,0,0,0,0,,DEPTH_SNAPSHOT_STREAM,false
1767,LATE_COUNT,,43.0,,0,0,0,0,,DEPTH_SNAPSHOT_STREAM,false
1767,POST_RESOLUTION_DIAGNOSTIC,,,,0,0,0,0,,DEPTH_SNAPSHOT_STREAM,false
1768,PRE_ELECTION,59.984229,60.0,0.99973715,59716,176,0,130,157.436,BBO_CHANGE_STREAM,true
1768,ELECTION_DAY_PRE_RESULTS,10.97976,11.0,0.99816,8241,44,0,64,193.259,BBO_CHANGE_STREAM,false
1768,ACTIVE_RESULTS,5.999507,6.0,0.99991783,13972,59,0,48,108.427,BBO_CHANGE_STREAM,true
1768,LATE_COUNT,42.998404,43.0,0.99996288,32888,100,20,136,701.916,BBO_CHANGE_STREAM,true
1768,POST_RESOLUTION_DIAGNOSTIC,,,,0,0,0,0,,DEPTH_SNAPSHOT_STREAM,false
1769,PRE_ELECTION,59.984229,60.0,0.99973715,59713,176,0,245,157.436,BBO_CHANGE_STREAM,true
1769,ELECTION_DAY_PRE_RESULTS,10.97976,11.0,0.99816,8241,44,0,23,193.259,BBO_CHANGE_STREAM,false
1769,ACTIVE_RESULTS,5.999507,6.0,0.99991783,13972,59,0,60,108.427,BBO_CHANGE_STREAM,true
1769,LATE_COUNT,42.998404,43.0,0.99996288,32888,102,7,170,701.916,BBO_CHANGE_STREAM,true
1769,POST_RESOLUTION_DIAGNOSTIC,,,,0,0,0,0,,DEPTH_SNAPSHOT_STREAM,false
1770,PRE_ELECTION,59.988989,60.0,0.99981648,47673,25,0,0,227.252,BBO_CHANGE_STREAM,false
1770,ELECTION_DAY_PRE_RESULTS,10.987982,11.0,0.99890745,9104,10,0,0,76.802,BBO_CHANGE_STREAM,false
1770,ACTIVE_RESULTS,5.997486,6.0,0.999581,3777,24,0,0,106.71,BBO_CHANGE_STREAM,true
1770,LATE_COUNT,42.991495,43.0,0.99980221,19600,37,0,0,872.407,BBO_CHANGE_STREAM,true
1770,POST_RESOLUTION_DIAGNOSTIC,,,,0,0,0,0,,DEPTH_SNAPSHOT_STREAM,false
1771,PRE_ELECTION,59.988989,60.0,0.99981648,47673,25,0,0,227.252,BBO_CHANGE_STREAM,false
1771,ELECTION_DAY_PRE_RESULTS,10.987982,11.0,0.99890745,9104,10,0,0,76.802,BBO_CHANGE_STREAM,false
1771,ACTIVE_RESULTS,5.997486,6.0,0.999581,3777,24,0,0,106.71,BBO_CHANGE_STREAM,true
1771,LATE_COUNT,42.991495,43.0,0.99980221,19600,37,0,0,872.407,BBO_CHANGE_STREAM,true
1771,POST_RESOLUTION_DIAGNOSTIC,,,,0,0,0,0,,DEPTH_SNAPSHOT_STREAM,false
1772,PRE_ELECTION,59.995169,60.0,0.99991948,65121,67,0,68,263.207,BBO_CHANGE_STREAM,false
1772,ELECTION_DAY_PRE_RESULTS,10.987963,11.0,0.99890573,9040,10,0,0,76.8,BBO_CHANGE_STREAM,false
1772,ACTIVE_RESULTS,5.997488,6.0,0.99958133,3401,24,0,0,112.291,BBO_CHANGE_STREAM,true
1772,LATE_COUNT,42.946514,43.0,0.99875614,14047,36,0,0,813.307,BBO_CHANGE_STREAM,true
1772,POST_RESOLUTION_DIAGNOSTIC,,,,0,0,0,0,,DEPTH_SNAPSHOT_STREAM,false
1773,PRE_ELECTION,59.995169,60.0,0.99991948,65121,67,0,33,263.207,BBO_CHANGE_STREAM,false
1773,ELECTION_DAY_PRE_RESULTS,10.987963,11.0,0.99890573,9040,10,0,0,76.8,BBO_CHANGE_STREAM,false
1773,ACTIVE_RESULTS,5.997488,6.0,0.99958133,3401,24,0,0,112.291,BBO_CHANGE_STREAM,true
1773,LATE_COUNT,42.946514,43.0,0.99875614,14047,36,0,0,813.307,BBO_CHANGE_STREAM,true
1773,POST_RESOLUTION_DIAGNOSTIC,,,,0,0,0,0,,DEPTH_SNAPSHOT_STREAM,false
1774,PRE_ELECTION,59.996592,60.0,0.9999432,65522,64,0,66,155.59,BBO_CHANGE_STREAM,false
1774,ELECTION_DAY_PRE_RESULTS,10.999269,11.0,0.99993355,27177,13,0,12,72.237,BBO_CHANGE_STREAM,false
1774,ACTIVE_RESULTS,5.998465,6.0,0.99974417,12110,28,0,3,106.5,BBO_CHANGE_STREAM,true
1774,LATE_COUNT,42.981882,43.0,0.99957865,44936,40,0,3,795.111,BBO_CHANGE_STREAM,true
1774,POST_RESOLUTION_DIAGNOSTIC,,,,0,0,0,0,,DEPTH_SNAPSHOT_STREAM,false
1775,PRE_ELECTION,59.996592,60.0,0.9999432,65522,64,0,35,155.59,BBO_CHANGE_STREAM,false
1775,ELECTION_DAY_PRE_RESULTS,10.999269,11.0,0.99993355,27177,13,0,20,72.237,BBO_CHANGE_STREAM,false
1775,ACTIVE_RESULTS,5.998465,6.0,0.99974417,12110,28,0,5,106.5,BBO_CHANGE_STREAM,true
1775,LATE_COUNT,42.981882,43.0,0.99957865,44957,40,0,2,795.111,BBO_CHANGE_STREAM,true
1775,POST_RESOLUTION_DIAGNOSTIC,,,,0,0,0,0,,DEPTH_SNAPSHOT_STREAM,false
1776,PRE_ELECTION,59.989102,60.0,0.99981837,56502,67,0,28,168.918,BBO_CHANGE_STREAM,false
1776,ELECTION_DAY_PRE_RESULTS,10.987974,11.0,0.99890673,9861,17,0,6,76.481,BBO_CHANGE_STREAM,false
1776,ACTIVE_RESULTS,5.996021,6.0,0.99933683,4102,26,0,1,106.71,BBO_CHANGE_STREAM,true
1776,LATE_COUNT,42.970291,43.0,0.99930909,16941,39,1,3,876.921,BBO_CHANGE_STREAM,true
1776,POST_RESOLUTION_DIAGNOSTIC,,,,0,0,0,0,,DEPTH_SNAPSHOT_STREAM,false
1777,PRE_ELECTION,59.989102,60.0,0.99981837,56502,67,0,67,168.918,BBO_CHANGE_STREAM,false
1777,ELECTION_DAY_PRE_RESULTS,10.987974,11.0,0.99890673,9861,17,0,11,76.481,BBO_CHANGE_STREAM,false
1777,ACTIVE_RESULTS,5.996021,6.0,0.99933683,4102,26,0,4,106.71,BBO_CHANGE_STREAM,true
1777,LATE_COUNT,42.970291,43.0,0.99930909,16941,39,0,5,876.921,BBO_CHANGE_STREAM,true
1777,POST_RESOLUTION_DIAGNOSTIC,,,,0,0,0,0,,DEPTH_SNAPSHOT_STREAM,false
1778,PRE_ELECTION,59.994576,60.0,0.9999096,103967,107,0,117,369.755,BBO_CHANGE_STREAM,false
1778,ELECTION_DAY_PRE_RESULTS,10.999599,11.0,0.99996355,26166,32,0,31,300.733,BBO_CHANGE_STREAM,false
1778,ACTIVE_RESULTS,5.999129,6.0,0.99985483,32382,52,0,34,55.313,BBO_CHANGE_STREAM,true
1778,LATE_COUNT,42.999529,43.0,0.99998905,41344,63,10,127,631.982,BBO_CHANGE_STREAM,true
1778,POST_RESOLUTION_DIAGNOSTIC,,,,0,0,0,0,,DEPTH_SNAPSHOT_STREAM,false
1779,PRE_ELECTION,59.994576,60.0,0.9999096,103968,107,0,120,369.755,BBO_CHANGE_STREAM,false
1779,ELECTION_DAY_PRE_RESULTS,10.999599,11.0,0.99996355,26167,32,0,41,300.733,BBO_CHANGE_STREAM,false
1779,ACTIVE_RESULTS,5.999129,6.0,0.99985483,32382,52,0,44,55.313,BBO_CHANGE_STREAM,true
1779,LATE_COUNT,42.999529,43.0,0.99998905,41350,64,2,46,631.982,BBO_CHANGE_STREAM,true
1779,POST_RESOLUTION_DIAGNOSTIC,,,,0,0,0,0,,DEPTH_SNAPSHOT_STREAM,false
1780,PRE_ELECTION,59.995214,60.0,0.99992023,70614,56,0,44,129.341,BBO_CHANGE_STREAM,false
1780,ELECTION_DAY_PRE_RESULTS,10.98798,11.0,0.99890727,10437,12,0,4,68.421,BBO_CHANGE_STREAM,false
1780,ACTIVE_RESULTS,5.995378,6.0,0.99922967,4816,24,0,0,112.29,BBO_CHANGE_STREAM,true
1780,LATE_COUNT,42.991922,43.0,0.99981214,139124,36,0,8,1140.089,BBO_CHANGE_STREAM,true
1780,POST_RESOLUTION_DIAGNOSTIC,,,,0,0,0,0,,DEPTH_SNAPSHOT_STREAM,false
1781,PRE_ELECTION,59.995214,60.0,0.99992023,70614,56,0,24,129.341,BBO_CHANGE_STREAM,false
1781,ELECTION_DAY_PRE_RESULTS,10.98798,11.0,0.99890727,10437,12,0,2,68.421,BBO_CHANGE_STREAM,false
1781,ACTIVE_RESULTS,5.995378,6.0,0.99922967,4816,24,0,0,112.29,BBO_CHANGE_STREAM,true
1781,LATE_COUNT,42.991922,43.0,0.99981214,139149,42,0,5,1140.089,BBO_CHANGE_STREAM,true
1781,POST_RESOLUTION_DIAGNOSTIC,,,,0,0,0,0,,DEPTH_SNAPSHOT_STREAM,false
1782,PRE_ELECTION,59.993445,60.0,0.99989075,53612,39,0,19,111.679,BBO_CHANGE_STREAM,false
1782,ELECTION_DAY_PRE_RESULTS,10.98798,11.0,0.99890727,9278,10,0,0,76.567,BBO_CHANGE_STREAM,false
1782,ACTIVE_RESULTS,5.997401,6.0,0.99956683,3817,24,0,0,138.611,BBO_CHANGE_STREAM,true
1782,LATE_COUNT,42.998563,43.0,0.99996658,23787,33,0,1,870.532,BBO_CHANGE_STREAM,true
1782,POST_RESOLUTION_DIAGNOSTIC,,,,0,0,0,0,,DEPTH_SNAPSHOT_STREAM,false
1783,PRE_ELECTION,59.993445,60.0,0.99989075,53612,39,0,13,111.679,BBO_CHANGE_STREAM,false
1783,ELECTION_DAY_PRE_RESULTS,10.98798,11.0,0.99890727,9278,10,0,0,76.567,BBO_CHANGE_STREAM,false
1783,ACTIVE_RESULTS,5.997401,6.0,0.99956683,3817,24,0,0,138.611,BBO_CHANGE_STREAM,true
1783,LATE_COUNT,42.998563,43.0,0.99996658,23787,35,0,1,870.532,BBO_CHANGE_STREAM,true
1783,POST_RESOLUTION_DIAGNOSTIC,,,,0,0,0,0,,DEPTH_SNAPSHOT_STREAM,false
1784,PRE_ELECTION,59.996298,60.0,0.9999383,58613,119,0,155,414.355,BBO_CHANGE_STREAM,false
1784,ELECTION_DAY_PRE_RESULTS,10.998266,11.0,0.99984236,16696,29,0,23,84.356,BBO_CHANGE_STREAM,false
1784,ACTIVE_RESULTS,5.999406,6.0,0.999901,18513,51,0,46,106.71,BBO_CHANGE_STREAM,true
1784,LATE_COUNT,42.982864,43.0,0.99960149,38147,43,3,36,397.878,BBO_CHANGE_STREAM,true
1784,POST_RESOLUTION_DIAGNOSTIC,,,,0,0,0,0,,DEPTH_SNAPSHOT_STREAM,false
1785,PRE_ELECTION,59.996298,60.0,0.9999383,58615,119,0,87,414.355,BBO_CHANGE_STREAM,false
1785,ELECTION_DAY_PRE_RESULTS,10.998266,11.0,0.99984236,16696,29,0,20,84.356,BBO_CHANGE_STREAM,false
1785,ACTIVE_RESULTS,5.999406,6.0,0.999901,18513,51,0,31,106.71,BBO_CHANGE_STREAM,true
1785,LATE_COUNT,42.982864,43.0,0.99960149,38147,45,0,19,397.878,BBO_CHANGE_STREAM,true
1785,POST_RESOLUTION_DIAGNOSTIC,,,,0,0,0,0,,DEPTH_SNAPSHOT_STREAM,false
1786,PRE_ELECTION,,60.0,,0,0,0,0,,DEPTH_SNAPSHOT_STREAM,false
1786,ELECTION_DAY_PRE_RESULTS,,11.0,,0,0,0,0,,DEPTH_SNAPSHOT_STREAM,false
1786,ACTIVE_RESULTS,,6.0,,0,0,0,0,,DEPTH_SNAPSHOT_STREAM,false
1786,LATE_COUNT,,43.0,,0,0,0,0,,DEPTH_SNAPSHOT_STREAM,false
1786,POST_RESOLUTION_DIAGNOSTIC,,,,0,0,0,0,,DEPTH_SNAPSHOT_STREAM,false
1787,PRE_ELECTION,,60.0,,0,0,0,0,,DEPTH_SNAPSHOT_STREAM,false
1787,ELECTION_DAY_PRE_RESULTS,,11.0,,0,0,0,0,,DEPTH_SNAPSHOT_STREAM,false
1787,ACTIVE_RESULTS,,6.0,,0,0,0,0,,DEPTH_SNAPSHOT_STREAM,false
1787,LATE_COUNT,,43.0,,0,0,0,0,,DEPTH_SNAPSHOT_STREAM,false
1787,POST_RESOLUTION_DIAGNOSTIC,,,,0,0,0,0,,DEPTH_SNAPSHOT_STREAM,false
1788,PRE_ELECTION,,60.0,,0,0,0,0,,DEPTH_SNAPSHOT_STREAM,false
1788,ELECTION_DAY_PRE_RESULTS,,11.0,,0,0,0,0,,DEPTH_SNAPSHOT_STREAM,false
1788,ACTIVE_RESULTS,,6.0,,0,0,0,0,,DEPTH_SNAPSHOT_STREAM,false
1788,LATE_COUNT,,43.0,,0,0,0,0,,DEPTH_SNAPSHOT_STREAM,false
1788,POST_RESOLUTION_DIAGNOSTIC,,,,0,0,0,0,,DEPTH_SNAPSHOT_STREAM,false
1789,PRE_ELECTION,,60.0,,0,0,0,0,,DEPTH_SNAPSHOT_STREAM,false
1789,ELECTION_DAY_PRE_RESULTS,,11.0,,0,0,0,0,,DEPTH_SNAPSHOT_STREAM,false
1789,ACTIVE_RESULTS,,6.0,,0,0,0,0,,DEPTH_SNAPSHOT_STREAM,false
1789,LATE_COUNT,,43.0,,0,0,0,0,,DEPTH_SNAPSHOT_STREAM,false
1789,POST_RESOLUTION_DIAGNOSTIC,,,,0,0,0,0,,DEPTH_SNAPSHOT_STREAM,false
1790,PRE_ELECTION,,60.0,,0,0,0,0,,DEPTH_SNAPSHOT_STREAM,false
1790,ELECTION_DAY_PRE_RESULTS,,11.0,,0,0,0,0,,DEPTH_SNAPSHOT_STREAM,false
1790,ACTIVE_RESULTS,,6.0,,0,0,0,0,,DEPTH_SNAPSHOT_STREAM,false
1790,LATE_COUNT,,43.0,,0,0,0,0,,DEPTH_SNAPSHOT_STREAM,false
1790,POST_RESOLUTION_DIAGNOSTIC,,,,0,0,0,0,,DEPTH_SNAPSHOT_STREAM,false
1791,PRE_ELECTION,,60.0,,0,0,0,0,,DEPTH_SNAPSHOT_STREAM,false
1791,ELECTION_DAY_PRE_RESULTS,,11.0,,0,0,0,0,,DEPTH_SNAPSHOT_STREAM,false
1791,ACTIVE_RESULTS,,6.0,,0,0,0,0,,DEPTH_SNAPSHOT_STREAM,false
1791,LATE_COUNT,,43.0,,0,0,0,0,,DEPTH_SNAPSHOT_STREAM,false
1791,POST_RESOLUTION_DIAGNOSTIC,,,,0,0,0,0,,DEPTH_SNAPSHOT_STREAM,false
1792,PRE_ELECTION,,60.0,,0,0,0,0,,DEPTH_SNAPSHOT_STREAM,false
1792,ELECTION_DAY_PRE_RESULTS,,11.0,,0,0,0,0,,DEPTH_SNAPSHOT_STREAM,false
1792,ACTIVE_RESULTS,,6.0,,0,0,0,0,,DEPTH_SNAPSHOT_STREAM,false
1792,LATE_COUNT,,43.0,,0,0,0,0,,DEPTH_SNAPSHOT_STREAM,false
1792,POST_RESOLUTION_DIAGNOSTIC,,,,0,0,0,0,,DEPTH_SNAPSHOT_STREAM,false
1793,PRE_ELECTION,,60.0,,0,0,0,0,,DEPTH_SNAPSHOT_STREAM,false
1793,ELECTION_DAY_PRE_RESULTS,,11.0,,0,0,0,0,,DEPTH_SNAPSHOT_STREAM,false
1793,ACTIVE_RESULTS,,6.0,,0,0,0,0,,DEPTH_SNAPSHOT_STREAM,false
1793,LATE_COUNT,,43.0,,0,0,0,0,,DEPTH_SNAPSHOT_STREAM,false
1793,POST_RESOLUTION_DIAGNOSTIC,,,,0,0,0,0,,DEPTH_SNAPSHOT_STREAM,false
1794,PRE_ELECTION,,60.0,,0,0,0,0,,DEPTH_SNAPSHOT_STREAM,false
1794,ELECTION_DAY_PRE_RESULTS,,11.0,,0,0,0,0,,DEPTH_SNAPSHOT_STREAM,false
1794,ACTIVE_RESULTS,,6.0,,0,0,0,0,,DEPTH_SNAPSHOT_STREAM,false
1794,LATE_COUNT,,43.0,,0,0,0,0,,DEPTH_SNAPSHOT_STREAM,false
1794,POST_RESOLUTION_DIAGNOSTIC,,,,0,0,0,0,,DEPTH_SNAPSHOT_STREAM,false
1795,PRE_ELECTION,,60.0,,0,0,0,0,,DEPTH_SNAPSHOT_STREAM,false
1795,ELECTION_DAY_PRE_RESULTS,,11.0,,0,0,0,0,,DEPTH_SNAPSHOT_STREAM,false
1795,ACTIVE_RESULTS,,6.0,,0,0,0,0,,DEPTH_SNAPSHOT_STREAM,false
1795,LATE_COUNT,,43.0,,0,0,0,0,,DEPTH_SNAPSHOT_STREAM,false
1795,POST_RESOLUTION_DIAGNOSTIC,,,,0,0,0,0,,DEPTH_SNAPSHOT_STREAM,false
1796,PRE_ELECTION,,60.0,,0,0,0,0,,DEPTH_SNAPSHOT_STREAM,false
1796,ELECTION_DAY_PRE_RESULTS,,11.0,,0,0,0,0,,DEPTH_SNAPSHOT_STREAM,false
1796,ACTIVE_RESULTS,,6.0,,0,0,0,0,,DEPTH_SNAPSHOT_STREAM,false
1796,LATE_COUNT,,43.0,,0,0,0,0,,DEPTH_SNAPSHOT_STREAM,false
1796,POST_RESOLUTION_DIAGNOSTIC,,,,0,0,0,0,,DEPTH_SNAPSHOT_STREAM,false
1797,PRE_ELECTION,,60.0,,0,0,0,0,,DEPTH_SNAPSHOT_STREAM,false
1797,ELECTION_DAY_PRE_RESULTS,,11.0,,0,0,0,0,,DEPTH_SNAPSHOT_STREAM,false
1797,ACTIVE_RESULTS,,6.0,,0,0,0,0,,DEPTH_SNAPSHOT_STREAM,false
1797,LATE_COUNT,,43.0,,0,0,0,0,,DEPTH_SNAPSHOT_STREAM,false
1797,POST_RESOLUTION_DIAGNOSTIC,,,,0,0,0,0,,DEPTH_SNAPSHOT_STREAM,false
1798,PRE_ELECTION,,60.0,,0,0,0,0,,DEPTH_SNAPSHOT_STREAM,false
1798,ELECTION_DAY_PRE_RESULTS,,11.0,,0,0,0,0,,DEPTH_SNAPSHOT_STREAM,false
1798,ACTIVE_RESULTS,,6.0,,0,0,0,0,,DEPTH_SNAPSHOT_STREAM,false
1798,LATE_COUNT,,43.0,,0,0,0,0,,DEPTH_SNAPSHOT_STREAM,false
1798,POST_RESOLUTION_DIAGNOSTIC,,,,0,0,0,0,,DEPTH_SNAPSHOT_STREAM,false
1799,PRE_ELECTION,,60.0,,0,0,0,0,,DEPTH_SNAPSHOT_STREAM,false
1799,ELECTION_DAY_PRE_RESULTS,,11.0,,0,0,0,0,,DEPTH_SNAPSHOT_STREAM,false
1799,ACTIVE_RESULTS,,6.0,,0,0,0,0,,DEPTH_SNAPSHOT_STREAM,false
1799,LATE_COUNT,,43.0,,0,0,0,0,,DEPTH_SNAPSHOT_STREAM,false
1799,POST_RESOLUTION_DIAGNOSTIC,,,,0,0,0,0,,DEPTH_SNAPSHOT_STREAM,false
1800,PRE_ELECTION,,60.0,,0,0,0,0,,DEPTH_SNAPSHOT_STREAM,false
1800,ELECTION_DAY_PRE_RESULTS,,11.0,,0,0,0,0,,DEPTH_SNAPSHOT_STREAM,false
1800,ACTIVE_RESULTS,,6.0,,0,0,0,0,,DEPTH_SNAPSHOT_STREAM,false
1800,LATE_COUNT,,43.0,,0,0,0,0,,DEPTH_SNAPSHOT_STREAM,false
1800,POST_RESOLUTION_DIAGNOSTIC,,,,0,0,0,0,,DEPTH_SNAPSHOT_STREAM,false
1801,PRE_ELECTION,,60.0,,0,0,0,0,,DEPTH_SNAPSHOT_STREAM,false
1801,ELECTION_DAY_PRE_RESULTS,,11.0,,0,0,0,0,,DEPTH_SNAPSHOT_STREAM,false
1801,ACTIVE_RESULTS,,6.0,,0,0,0,0,,DEPTH_SNAPSHOT_STREAM,false
1801,LATE_COUNT,,43.0,,0,0,0,0,,DEPTH_SNAPSHOT_STREAM,false
1801,POST_RESOLUTION_DIAGNOSTIC,,,,0,0,0,0,,DEPTH_SNAPSHOT_STREAM,false
1802,PRE_ELECTION,,60.0,,0,0,0,0,,DEPTH_SNAPSHOT_STREAM,false
1802,ELECTION_DAY_PRE_RESULTS,,11.0,,0,0,0,0,,DEPTH_SNAPSHOT_STREAM,false
1802,ACTIVE_RESULTS,,6.0,,0,0,0,0,,DEPTH_SNAPSHOT_STREAM,false
1802,LATE_COUNT,,43.0,,0,0,0,0,,DEPTH_SNAPSHOT_STREAM,false
1802,POST_RESOLUTION_DIAGNOSTIC,,,,0,0,0,0,,DEPTH_SNAPSHOT_STREAM,false
1803,PRE_ELECTION,,60.0,,0,0,0,0,,DEPTH_SNAPSHOT_STREAM,false
1803,ELECTION_DAY_PRE_RESULTS,,11.0,,0,0,0,0,,DEPTH_SNAPSHOT_STREAM,false
1803,ACTIVE_RESULTS,,6.0,,0,0,0,0,,DEPTH_SNAPSHOT_STREAM,false
1803,LATE_COUNT,,43.0,,0,0,0,0,,DEPTH_SNAPSHOT_STREAM,false
1803,POST_RESOLUTION_DIAGNOSTIC,,,,0,0,0,0,,DEPTH_SNAPSHOT_STREAM,false
1804,PRE_ELECTION,,60.0,,0,0,0,0,,DEPTH_SNAPSHOT_STREAM,false
1804,ELECTION_DAY_PRE_RESULTS,,11.0,,0,0,0,0,,DEPTH_SNAPSHOT_STREAM,false
1804,ACTIVE_RESULTS,,6.0,,0,0,0,0,,DEPTH_SNAPSHOT_STREAM,false
1804,LATE_COUNT,,43.0,,0,0,0,0,,DEPTH_SNAPSHOT_STREAM,false
1804,POST_RESOLUTION_DIAGNOSTIC,,,,0,0,0,0,,DEPTH_SNAPSHOT_STREAM,false
1805,PRE_ELECTION,,60.0,,0,0,0,0,,DEPTH_SNAPSHOT_STREAM,false
1805,ELECTION_DAY_PRE_RESULTS,,11.0,,0,0,0,0,,DEPTH_SNAPSHOT_STREAM,false
1805,ACTIVE_RESULTS,,6.0,,0,0,0,0,,DEPTH_SNAPSHOT_STREAM,false
1805,LATE_COUNT,,43.0,,0,0,0,0,,DEPTH_SNAPSHOT_STREAM,false
1805,POST_RESOLUTION_DIAGNOSTIC,,,,0,0,0,0,,DEPTH_SNAPSHOT_STREAM,false
1806,PRE_ELECTION,,60.0,,0,0,0,0,,DEPTH_SNAPSHOT_STREAM,false
1806,ELECTION_DAY_PRE_RESULTS,,11.0,,0,0,0,0,,DEPTH_SNAPSHOT_STREAM,false
1806,ACTIVE_RESULTS,,6.0,,0,0,0,0,,DEPTH_SNAPSHOT_STREAM,false
1806,LATE_COUNT,,43.0,,0,0,0,0,,DEPTH_SNAPSHOT_STREAM,false
1806,POST_RESOLUTION_DIAGNOSTIC,,,,0,0,0,0,,DEPTH_SNAPSHOT_STREAM,false
1807,PRE_ELECTION,,60.0,,0,0,0,0,,DEPTH_SNAPSHOT_STREAM,false
1807,ELECTION_DAY_PRE_RESULTS,,11.0,,0,0,0,0,,DEPTH_SNAPSHOT_STREAM,false
1807,ACTIVE_RESULTS,,6.0,,0,0,0,0,,DEPTH_SNAPSHOT_STREAM,false
1807,LATE_COUNT,,43.0,,0,0,0,0,,DEPTH_SNAPSHOT_STREAM,false
1807,POST_RESOLUTION_DIAGNOSTIC,,,,0,0,0,0,,DEPTH_SNAPSHOT_STREAM,false
1808,PRE_ELECTION,59.974972,60.0,0.99958287,40979,183,0,185,253.683,BBO_CHANGE_STREAM,true
1808,ELECTION_DAY_PRE_RESULTS,10.959648,11.0,0.99633164,6044,55,0,75,315.846,BBO_CHANGE_STREAM,false
1808,ACTIVE_RESULTS,5.984425,6.0,0.99740417,26500,80,0,73,86.244,BBO_CHANGE_STREAM,true
1808,LATE_COUNT,42.829452,43.0,0.99603377,80951,102,10,203,1140.798,BBO_CHANGE_STREAM,true
1808,POST_RESOLUTION_DIAGNOSTIC,,,,0,0,0,0,,DEPTH_SNAPSHOT_STREAM,false
1809,PRE_ELECTION,59.974972,60.0,0.99958287,40982,183,0,184,253.683,BBO_CHANGE_STREAM,true
1809,ELECTION_DAY_PRE_RESULTS,10.959648,11.0,0.99633164,6046,55,0,35,315.846,BBO_CHANGE_STREAM,false
1809,ACTIVE_RESULTS,5.984425,6.0,0.99740417,26500,80,0,52,86.244,BBO_CHANGE_STREAM,true
1809,LATE_COUNT,42.829452,43.0,0.99603377,80950,99,24,100,1140.798,BBO_CHANGE_STREAM,true
1809,POST_RESOLUTION_DIAGNOSTIC,,,,0,0,0,0,,DEPTH_SNAPSHOT_STREAM,false
1810,PRE_ELECTION,59.985135,60.0,0.99975225,36895,25,0,0,160.945,BBO_CHANGE_STREAM,false
1810,ELECTION_DAY_PRE_RESULTS,10.987982,11.0,0.99890745,9401,10,0,0,73.989,BBO_CHANGE_STREAM,false
1810,ACTIVE_RESULTS,5.999496,6.0,0.999916,4952,24,0,0,82.011,BBO_CHANGE_STREAM,true
1810,LATE_COUNT,42.872506,43.0,0.99703502,12912,39,0,0,1140.941,BBO_CHANGE_STREAM,true
1810,POST_RESOLUTION_DIAGNOSTIC,,,,0,0,0,0,,DEPTH_SNAPSHOT_STREAM,false
1811,PRE_ELECTION,59.985135,60.0,0.99975225,36895,25,0,0,160.945,BBO_CHANGE_STREAM,false
1811,ELECTION_DAY_PRE_RESULTS,10.987982,11.0,0.99890745,9401,10,0,0,73.989,BBO_CHANGE_STREAM,false
1811,ACTIVE_RESULTS,5.999496,6.0,0.999916,4952,24,0,0,82.011,BBO_CHANGE_STREAM,true
1811,LATE_COUNT,42.872506,43.0,0.99703502,12912,37,0,0,1140.941,BBO_CHANGE_STREAM,true
1811,POST_RESOLUTION_DIAGNOSTIC,,,,0,0,0,0,,DEPTH_SNAPSHOT_STREAM,false
1812,PRE_ELECTION,59.980103,60.0,0.99966838,38852,28,0,0,275.969,BBO_CHANGE_STREAM,false
1812,ELECTION_DAY_PRE_RESULTS,10.996521,11.0,0.99968373,11866,10,0,0,71.083,BBO_CHANGE_STREAM,false
1812,ACTIVE_RESULTS,5.997376,6.0,0.99956267,6572,24,0,0,128.218,BBO_CHANGE_STREAM,true
1812,LATE_COUNT,42.964305,43.0,0.99916988,26591,33,0,0,254.751,BBO_CHANGE_STREAM,true
1812,POST_RESOLUTION_DIAGNOSTIC,,,,0,0,0,0,,DEPTH_SNAPSHOT_STREAM,false
1813,PRE_ELECTION,59.980103,60.0,0.99966838,38851,28,0,6,275.97,BBO_CHANGE_STREAM,false
1813,ELECTION_DAY_PRE_RESULTS,10.996521,11.0,0.99968373,11866,10,0,0,71.083,BBO_CHANGE_STREAM,false
1813,ACTIVE_RESULTS,5.997376,6.0,0.99956267,6572,24,0,0,128.218,BBO_CHANGE_STREAM,true
1813,LATE_COUNT,42.964305,43.0,0.99916988,26591,35,0,0,254.751,BBO_CHANGE_STREAM,true
1813,POST_RESOLUTION_DIAGNOSTIC,,,,0,0,0,0,,DEPTH_SNAPSHOT_STREAM,false
1814,PRE_ELECTION,59.971749,60.0,0.99952915,22323,34,0,10,815.267,BBO_CHANGE_STREAM,false
1814,ELECTION_DAY_PRE_RESULTS,10.987286,11.0,0.99884418,7157,16,0,1,108.818,BBO_CHANGE_STREAM,false
1814,ACTIVE_RESULTS,5.997376,6.0,0.99956267,5950,31,0,1,85.315,BBO_CHANGE_STREAM,true
1814,LATE_COUNT,42.818772,43.0,0.9957854,26594,51,3,19,1140.15,BBO_CHANGE_STREAM,true
1814,POST_RESOLUTION_DIAGNOSTIC,,,,0,0,0,0,,DEPTH_SNAPSHOT_STREAM,false
1815,PRE_ELECTION,59.971749,60.0,0.99952915,22323,34,0,11,815.267,BBO_CHANGE_STREAM,false
1815,ELECTION_DAY_PRE_RESULTS,10.987286,11.0,0.99884418,7157,16,0,11,108.818,BBO_CHANGE_STREAM,false
1815,ACTIVE_RESULTS,5.997376,6.0,0.99956267,5950,31,0,13,85.315,BBO_CHANGE_STREAM,true
1815,LATE_COUNT,42.818772,43.0,0.9957854,26594,51,3,25,1140.15,BBO_CHANGE_STREAM,true
1815,POST_RESOLUTION_DIAGNOSTIC,,,,0,0,0,0,,DEPTH_SNAPSHOT_STREAM,false
1816,PRE_ELECTION,59.98577,60.0,0.99976283,71163,26,0,0,187.101,BBO_CHANGE_STREAM,false
1816,ELECTION_DAY_PRE_RESULTS,10.996464,11.0,0.99967855,37556,10,0,0,63.67,BBO_CHANGE_STREAM,false
1816,ACTIVE_RESULTS,5.999819,6.0,0.99996983,17260,24,0,0,66.067,BBO_CHANGE_STREAM,true
1816,LATE_COUNT,42.993147,43.0,0.99984063,70779,33,0,0,252.43,BBO_CHANGE_STREAM,true
1816,POST_RESOLUTION_DIAGNOSTIC,,,,0,0,0,0,,DEPTH_SNAPSHOT_STREAM,false
1817,PRE_ELECTION,59.98577,60.0,0.99976283,71163,26,0,2,187.101,BBO_CHANGE_STREAM,false
1817,ELECTION_DAY_PRE_RESULTS,10.996464,11.0,0.99967855,37556,10,0,0,63.67,BBO_CHANGE_STREAM,false
1817,ACTIVE_RESULTS,5.999819,6.0,0.99996983,17260,24,0,0,66.067,BBO_CHANGE_STREAM,true
1817,LATE_COUNT,42.993147,43.0,0.99984063,70783,34,0,0,252.43,BBO_CHANGE_STREAM,true
1817,POST_RESOLUTION_DIAGNOSTIC,,,,0,0,0,0,,DEPTH_SNAPSHOT_STREAM,false
1818,PRE_ELECTION,59.975463,60.0,0.99959105,45183,119,0,53,474.867,BBO_CHANGE_STREAM,false
1818,ELECTION_DAY_PRE_RESULTS,10.974757,11.0,0.99770518,5540,30,0,22,315.361,BBO_CHANGE_STREAM,false
1818,ACTIVE_RESULTS,5.999207,6.0,0.99986783,17946,35,0,16,59.18,BBO_CHANGE_STREAM,true
1818,LATE_COUNT,42.823117,43.0,0.99588644,49114,54,5,78,1140.285,BBO_CHANGE_STREAM,true
1818,POST_RESOLUTION_DIAGNOSTIC,,,,0,0,0,0,,DEPTH_SNAPSHOT_STREAM,false
1819,PRE_ELECTION,59.975463,60.0,0.99959105,45187,119,0,158,474.867,BBO_CHANGE_STREAM,false
1819,ELECTION_DAY_PRE_RESULTS,10.974757,11.0,0.99770518,5540,30,0,28,315.361,BBO_CHANGE_STREAM,false
1819,ACTIVE_RESULTS,5.999207,6.0,0.99986783,17946,35,0,19,59.18,BBO_CHANGE_STREAM,true
1819,LATE_COUNT,42.823117,43.0,0.99588644,49113,56,7,36,1140.285,BBO_CHANGE_STREAM,true
1819,POST_RESOLUTION_DIAGNOSTIC,,,,0,0,0,0,,DEPTH_SNAPSHOT_STREAM,false
1820,PRE_ELECTION,59.973745,60.0,0.99956242,24249,26,0,1,632.349,BBO_CHANGE_STREAM,false
1820,ELECTION_DAY_PRE_RESULTS,10.988114,11.0,0.99891945,8576,11,0,1,86.282,BBO_CHANGE_STREAM,false
1820,ACTIVE_RESULTS,5.997376,6.0,0.99956267,5071,24,0,0,93.593,BBO_CHANGE_STREAM,true
1820,LATE_COUNT,42.924199,43.0,0.99823719,20068,40,0,0,1140.7,BBO_CHANGE_STREAM,true
1820,POST_RESOLUTION_DIAGNOSTIC,,,,0,0,0,0,,DEPTH_SNAPSHOT_STREAM,false
1821,PRE_ELECTION,59.973745,60.0,0.99956242,24248,26,0,1,632.349,BBO_CHANGE_STREAM,false
1821,ELECTION_DAY_PRE_RESULTS,10.988114,11.0,0.99891945,8577,11,0,1,86.282,BBO_CHANGE_STREAM,false
1821,ACTIVE_RESULTS,5.997376,6.0,0.99956267,5071,24,0,0,93.593,BBO_CHANGE_STREAM,true
1821,LATE_COUNT,42.924199,43.0,0.99823719,20068,39,0,0,1140.718,BBO_CHANGE_STREAM,true
1821,POST_RESOLUTION_DIAGNOSTIC,,,,0,0,0,0,,DEPTH_SNAPSHOT_STREAM,false
1822,PRE_ELECTION,59.985189,60.0,0.99975315,45436,26,0,2,335.021,BBO_CHANGE_STREAM,false
1822,ELECTION_DAY_PRE_RESULTS,10.996581,11.0,0.99968918,9002,10,0,0,85.649,BBO_CHANGE_STREAM,false
1822,ACTIVE_RESULTS,5.999559,6.0,0.9999265,4575,24,0,0,132.713,BBO_CHANGE_STREAM,true
1822,LATE_COUNT,42.968336,43.0,0.99926363,15298,38,0,0,1140.862,BBO_CHANGE_STREAM,true
1822,POST_RESOLUTION_DIAGNOSTIC,,,,0,0,0,0,,DEPTH_SNAPSHOT_STREAM,false
1823,PRE_ELECTION,59.985189,60.0,0.99975315,45436,26,0,0,335.021,BBO_CHANGE_STREAM,false
1823,ELECTION_DAY_PRE_RESULTS,10.996581,11.0,0.99968918,9002,10,0,0,85.649,BBO_CHANGE_STREAM,false
1823,ACTIVE_RESULTS,5.999559,6.0,0.9999265,4575,24,0,0,132.713,BBO_CHANGE_STREAM,true
1823,LATE_COUNT,42.968336,43.0,0.99926363,15298,36,0,0,1140.862,BBO_CHANGE_STREAM,true
1823,POST_RESOLUTION_DIAGNOSTIC,,,,0,0,0,0,,DEPTH_SNAPSHOT_STREAM,false
1824,PRE_ELECTION,59.966847,60.0,0.99944745,32563,67,0,49,328.003,BBO_CHANGE_STREAM,false
1824,ELECTION_DAY_PRE_RESULTS,10.995268,11.0,0.99956982,5393,19,0,13,467.991,BBO_CHANGE_STREAM,false
1824,ACTIVE_RESULTS,5.99728,6.0,0.99954667,21840,37,0,16,58.574,BBO_CHANGE_STREAM,true
1824,LATE_COUNT,42.756744,43.0,0.99434288,56920,58,3,63,1140.923,BBO_CHANGE_STREAM,true
1824,POST_RESOLUTION_DIAGNOSTIC,,,,0,0,0,0,,DEPTH_SNAPSHOT_STREAM,false
1825,PRE_ELECTION,59.966847,60.0,0.99944745,32565,67,0,54,328.003,BBO_CHANGE_STREAM,false
1825,ELECTION_DAY_PRE_RESULTS,10.995268,11.0,0.99956982,5393,19,0,7,467.991,BBO_CHANGE_STREAM,false
1825,ACTIVE_RESULTS,5.997281,6.0,0.99954683,21840,37,0,21,58.574,BBO_CHANGE_STREAM,true
1825,LATE_COUNT,42.756744,43.0,0.99434288,56915,60,6,24,1140.923,BBO_CHANGE_STREAM,true
1825,POST_RESOLUTION_DIAGNOSTIC,,,,0,0,0,0,,DEPTH_SNAPSHOT_STREAM,false
1826,PRE_ELECTION,,60.0,,0,0,0,0,,DEPTH_SNAPSHOT_STREAM,false
1826,ELECTION_DAY_PRE_RESULTS,,11.0,,0,0,0,0,,DEPTH_SNAPSHOT_STREAM,false
1826,ACTIVE_RESULTS,,6.0,,0,0,0,0,,DEPTH_SNAPSHOT_STREAM,false
1826,LATE_COUNT,,43.0,,0,0,0,0,,DEPTH_SNAPSHOT_STREAM,false
1826,POST_RESOLUTION_DIAGNOSTIC,,,,0,0,0,0,,DEPTH_SNAPSHOT_STREAM,false
1827,PRE_ELECTION,,60.0,,0,0,0,0,,DEPTH_SNAPSHOT_STREAM,false
1827,ELECTION_DAY_PRE_RESULTS,,11.0,,0,0,0,0,,DEPTH_SNAPSHOT_STREAM,false
1827,ACTIVE_RESULTS,,6.0,,0,0,0,0,,DEPTH_SNAPSHOT_STREAM,false
1827,LATE_COUNT,,43.0,,0,0,0,0,,DEPTH_SNAPSHOT_STREAM,false
1827,POST_RESOLUTION_DIAGNOSTIC,,,,0,0,0,0,,DEPTH_SNAPSHOT_STREAM,false
1828,PRE_ELECTION,,60.0,,0,0,0,0,,DEPTH_SNAPSHOT_STREAM,false
1828,ELECTION_DAY_PRE_RESULTS,,11.0,,0,0,0,0,,DEPTH_SNAPSHOT_STREAM,false
1828,ACTIVE_RESULTS,,6.0,,0,0,0,0,,DEPTH_SNAPSHOT_STREAM,false
1828,LATE_COUNT,,43.0,,0,0,0,0,,DEPTH_SNAPSHOT_STREAM,false
1828,POST_RESOLUTION_DIAGNOSTIC,,,,0,0,0,0,,DEPTH_SNAPSHOT_STREAM,false
1829,PRE_ELECTION,,60.0,,0,0,0,0,,DEPTH_SNAPSHOT_STREAM,false
1829,ELECTION_DAY_PRE_RESULTS,,11.0,,0,0,0,0,,DEPTH_SNAPSHOT_STREAM,false
1829,ACTIVE_RESULTS,,6.0,,0,0,0,0,,DEPTH_SNAPSHOT_STREAM,false
1829,LATE_COUNT,,43.0,,0,0,0,0,,DEPTH_SNAPSHOT_STREAM,false
1829,POST_RESOLUTION_DIAGNOSTIC,,,,0,0,0,0,,DEPTH_SNAPSHOT_STREAM,false
1830,PRE_ELECTION,,60.0,,0,0,0,0,,DEPTH_SNAPSHOT_STREAM,false
1830,ELECTION_DAY_PRE_RESULTS,,11.0,,0,0,0,0,,DEPTH_SNAPSHOT_STREAM,false
1830,ACTIVE_RESULTS,,6.0,,0,0,0,0,,DEPTH_SNAPSHOT_STREAM,false
1830,LATE_COUNT,,43.0,,0,0,0,0,,DEPTH_SNAPSHOT_STREAM,false
1830,POST_RESOLUTION_DIAGNOSTIC,,,,0,0,0,0,,DEPTH_SNAPSHOT_STREAM,false
1831,PRE_ELECTION,,60.0,,0,0,0,0,,DEPTH_SNAPSHOT_STREAM,false
1831,ELECTION_DAY_PRE_RESULTS,,11.0,,0,0,0,0,,DEPTH_SNAPSHOT_STREAM,false
1831,ACTIVE_RESULTS,,6.0,,0,0,0,0,,DEPTH_SNAPSHOT_STREAM,false
1831,LATE_COUNT,,43.0,,0,0,0,0,,DEPTH_SNAPSHOT_STREAM,false
1831,POST_RESOLUTION_DIAGNOSTIC,,,,0,0,0,0,,DEPTH_SNAPSHOT_STREAM,false
1832,PRE_ELECTION,,60.0,,0,0,0,0,,DEPTH_SNAPSHOT_STREAM,false
1832,ELECTION_DAY_PRE_RESULTS,,11.0,,0,0,0,0,,DEPTH_SNAPSHOT_STREAM,false
1832,ACTIVE_RESULTS,,6.0,,0,0,0,0,,DEPTH_SNAPSHOT_STREAM,false
1832,LATE_COUNT,,43.0,,0,0,0,0,,DEPTH_SNAPSHOT_STREAM,false
1832,POST_RESOLUTION_DIAGNOSTIC,,,,0,0,0,0,,DEPTH_SNAPSHOT_STREAM,false
1833,PRE_ELECTION,,60.0,,0,0,0,0,,DEPTH_SNAPSHOT_STREAM,false
1833,ELECTION_DAY_PRE_RESULTS,,11.0,,0,0,0,0,,DEPTH_SNAPSHOT_STREAM,false
1833,ACTIVE_RESULTS,,6.0,,0,0,0,0,,DEPTH_SNAPSHOT_STREAM,false
1833,LATE_COUNT,,43.0,,0,0,0,0,,DEPTH_SNAPSHOT_STREAM,false
1833,POST_RESOLUTION_DIAGNOSTIC,,,,0,0,0,0,,DEPTH_SNAPSHOT_STREAM,false
1834,PRE_ELECTION,,60.0,,0,0,0,0,,DEPTH_SNAPSHOT_STREAM,false
1834,ELECTION_DAY_PRE_RESULTS,,11.0,,0,0,0,0,,DEPTH_SNAPSHOT_STREAM,false
1834,ACTIVE_RESULTS,,6.0,,0,0,0,0,,DEPTH_SNAPSHOT_STREAM,false
1834,LATE_COUNT,,43.0,,0,0,0,0,,DEPTH_SNAPSHOT_STREAM,false
1834,POST_RESOLUTION_DIAGNOSTIC,,,,0,0,0,0,,DEPTH_SNAPSHOT_STREAM,false
1835,PRE_ELECTION,,60.0,,0,0,0,0,,DEPTH_SNAPSHOT_STREAM,false
1835,ELECTION_DAY_PRE_RESULTS,,11.0,,0,0,0,0,,DEPTH_SNAPSHOT_STREAM,false
1835,ACTIVE_RESULTS,,6.0,,0,0,0,0,,DEPTH_SNAPSHOT_STREAM,false
1835,LATE_COUNT,,43.0,,0,0,0,0,,DEPTH_SNAPSHOT_STREAM,false
1835,POST_RESOLUTION_DIAGNOSTIC,,,,0,0,0,0,,DEPTH_SNAPSHOT_STREAM,false
1836,PRE_ELECTION,,60.0,,0,0,0,0,,DEPTH_SNAPSHOT_STREAM,false
1836,ELECTION_DAY_PRE_RESULTS,,11.0,,0,0,0,0,,DEPTH_SNAPSHOT_STREAM,false
1836,ACTIVE_RESULTS,,6.0,,0,0,0,0,,DEPTH_SNAPSHOT_STREAM,false
1836,LATE_COUNT,,43.0,,0,0,0,0,,DEPTH_SNAPSHOT_STREAM,false
1836,POST_RESOLUTION_DIAGNOSTIC,,,,0,0,0,0,,DEPTH_SNAPSHOT_STREAM,false
1837,PRE_ELECTION,,60.0,,0,0,0,0,,DEPTH_SNAPSHOT_STREAM,false
1837,ELECTION_DAY_PRE_RESULTS,,11.0,,0,0,0,0,,DEPTH_SNAPSHOT_STREAM,false
1837,ACTIVE_RESULTS,,6.0,,0,0,0,0,,DEPTH_SNAPSHOT_STREAM,false
1837,LATE_COUNT,,43.0,,0,0,0,0,,DEPTH_SNAPSHOT_STREAM,false
1837,POST_RESOLUTION_DIAGNOSTIC,,,,0,0,0,0,,DEPTH_SNAPSHOT_STREAM,false
1838,PRE_ELECTION,,60.0,,0,0,0,0,,DEPTH_SNAPSHOT_STREAM,false
1838,ELECTION_DAY_PRE_RESULTS,,11.0,,0,0,0,0,,DEPTH_SNAPSHOT_STREAM,false
1838,ACTIVE_RESULTS,,6.0,,0,0,0,0,,DEPTH_SNAPSHOT_STREAM,false
1838,LATE_COUNT,,43.0,,0,0,0,0,,DEPTH_SNAPSHOT_STREAM,false
1838,POST_RESOLUTION_DIAGNOSTIC,,,,0,0,0,0,,DEPTH_SNAPSHOT_STREAM,false
1839,PRE_ELECTION,,60.0,,0,0,0,0,,DEPTH_SNAPSHOT_STREAM,false
1839,ELECTION_DAY_PRE_RESULTS,,11.0,,0,0,0,0,,DEPTH_SNAPSHOT_STREAM,false
1839,ACTIVE_RESULTS,,6.0,,0,0,0,0,,DEPTH_SNAPSHOT_STREAM,false
1839,LATE_COUNT,,43.0,,0,0,0,0,,DEPTH_SNAPSHOT_STREAM,false
1839,POST_RESOLUTION_DIAGNOSTIC,,,,0,0,0,0,,DEPTH_SNAPSHOT_STREAM,false
1840,PRE_ELECTION,,60.0,,0,0,0,0,,DEPTH_SNAPSHOT_STREAM,false
1840,ELECTION_DAY_PRE_RESULTS,,11.0,,0,0,0,0,,DEPTH_SNAPSHOT_STREAM,false
1840,ACTIVE_RESULTS,,6.0,,0,0,0,0,,DEPTH_SNAPSHOT_STREAM,false
1840,LATE_COUNT,,43.0,,0,0,0,0,,DEPTH_SNAPSHOT_STREAM,false
1840,POST_RESOLUTION_DIAGNOSTIC,,,,0,0,0,0,,DEPTH_SNAPSHOT_STREAM,false
1841,PRE_ELECTION,,60.0,,0,0,0,0,,DEPTH_SNAPSHOT_STREAM,false
1841,ELECTION_DAY_PRE_RESULTS,,11.0,,0,0,0,0,,DEPTH_SNAPSHOT_STREAM,false
1841,ACTIVE_RESULTS,,6.0,,0,0,0,0,,DEPTH_SNAPSHOT_STREAM,false
1841,LATE_COUNT,,43.0,,0,0,0,0,,DEPTH_SNAPSHOT_STREAM,false
1841,POST_RESOLUTION_DIAGNOSTIC,,,,0,0,0,0,,DEPTH_SNAPSHOT_STREAM,false
1842,PRE_ELECTION,,60.0,,0,0,0,0,,DEPTH_SNAPSHOT_STREAM,false
1842,ELECTION_DAY_PRE_RESULTS,,11.0,,0,0,0,0,,DEPTH_SNAPSHOT_STREAM,false
1842,ACTIVE_RESULTS,,6.0,,0,0,0,0,,DEPTH_SNAPSHOT_STREAM,false
1842,LATE_COUNT,,43.0,,0,0,0,0,,DEPTH_SNAPSHOT_STREAM,false
1842,POST_RESOLUTION_DIAGNOSTIC,,,,0,0,0,0,,DEPTH_SNAPSHOT_STREAM,false
1843,PRE_ELECTION,,60.0,,0,0,0,0,,DEPTH_SNAPSHOT_STREAM,false
1843,ELECTION_DAY_PRE_RESULTS,,11.0,,0,0,0,0,,DEPTH_SNAPSHOT_STREAM,false
1843,ACTIVE_RESULTS,,6.0,,0,0,0,0,,DEPTH_SNAPSHOT_STREAM,false
1843,LATE_COUNT,,43.0,,0,0,0,0,,DEPTH_SNAPSHOT_STREAM,false
1843,POST_RESOLUTION_DIAGNOSTIC,,,,0,0,0,0,,DEPTH_SNAPSHOT_STREAM,false
1844,PRE_ELECTION,,60.0,,0,0,0,0,,DEPTH_SNAPSHOT_STREAM,false
1844,ELECTION_DAY_PRE_RESULTS,,11.0,,0,0,0,0,,DEPTH_SNAPSHOT_STREAM,false
1844,ACTIVE_RESULTS,,6.0,,0,0,0,0,,DEPTH_SNAPSHOT_STREAM,false
1844,LATE_COUNT,,43.0,,0,0,0,0,,DEPTH_SNAPSHOT_STREAM,false
1844,POST_RESOLUTION_DIAGNOSTIC,,,,0,0,0,0,,DEPTH_SNAPSHOT_STREAM,false
1845,PRE_ELECTION,,60.0,,0,0,0,0,,DEPTH_SNAPSHOT_STREAM,false
1845,ELECTION_DAY_PRE_RESULTS,,11.0,,0,0,0,0,,DEPTH_SNAPSHOT_STREAM,false
1845,ACTIVE_RESULTS,,6.0,,0,0,0,0,,DEPTH_SNAPSHOT_STREAM,false
1845,LATE_COUNT,,43.0,,0,0,0,0,,DEPTH_SNAPSHOT_STREAM,false
1845,POST_RESOLUTION_DIAGNOSTIC,,,,0,0,0,0,,DEPTH_SNAPSHOT_STREAM,false
1846,PRE_ELECTION,,60.0,,0,0,0,0,,DEPTH_SNAPSHOT_STREAM,false
1846,ELECTION_DAY_PRE_RESULTS,,11.0,,0,0,0,0,,DEPTH_SNAPSHOT_STREAM,false
1846,ACTIVE_RESULTS,,6.0,,0,0,0,0,,DEPTH_SNAPSHOT_STREAM,false
1846,LATE_COUNT,,43.0,,0,0,0,0,,DEPTH_SNAPSHOT_STREAM,false
1846,POST_RESOLUTION_DIAGNOSTIC,,,,0,0,0,0,,DEPTH_SNAPSHOT_STREAM,false
1847,PRE_ELECTION,,60.0,,0,0,0,0,,DEPTH_SNAPSHOT_STREAM,false
1847,ELECTION_DAY_PRE_RESULTS,,11.0,,0,0,0,0,,DEPTH_SNAPSHOT_STREAM,false
1847,ACTIVE_RESULTS,,6.0,,0,0,0,0,,DEPTH_SNAPSHOT_STREAM,false
1847,LATE_COUNT,,43.0,,0,0,0,0,,DEPTH_SNAPSHOT_STREAM,false
1847,POST_RESOLUTION_DIAGNOSTIC,,,,0,0,0,0,,DEPTH_SNAPSHOT_STREAM,false
1848,PRE_ELECTION,59.998042,60.0,0.99996737,252435,2133,0,3474,102.038,BBO_CHANGE_STREAM,true
1848,ELECTION_DAY_PRE_RESULTS,10.998819,11.0,0.99989264,57141,906,0,1282,83.875,BBO_CHANGE_STREAM,false
1848,ACTIVE_RESULTS,5.998161,6.0,0.9996935,37532,1423,0,1886,64.773,BBO_CHANGE_STREAM,true
1848,LATE_COUNT,42.999654,43.0,0.99999195,205140,2526,1751,7335,176.609,BBO_CHANGE_STREAM,true
1848,POST_RESOLUTION_DIAGNOSTIC,,,,0,0,0,0,,DEPTH_SNAPSHOT_STREAM,false
1849,PRE_ELECTION,59.998042,60.0,0.99996737,252434,2133,0,2217,102.038,BBO_CHANGE_STREAM,true
1849,ELECTION_DAY_PRE_RESULTS,10.998819,11.0,0.99989264,57141,906,0,1113,83.875,BBO_CHANGE_STREAM,false
1849,ACTIVE_RESULTS,5.998161,6.0,0.9996935,37531,1423,0,2073,64.773,BBO_CHANGE_STREAM,true
1849,LATE_COUNT,42.999654,43.0,0.99999195,205142,2520,2772,12781,176.609,BBO_CHANGE_STREAM,true
1849,POST_RESOLUTION_DIAGNOSTIC,,,,0,0,0,0,,DEPTH_SNAPSHOT_STREAM,false
1850,PRE_ELECTION,59.997762,60.0,0.9999627,198287,2189,0,3076,83.429,BBO_CHANGE_STREAM,true
1850,ELECTION_DAY_PRE_RESULTS,10.999054,11.0,0.999914,60926,1045,0,1511,60.352,BBO_CHANGE_STREAM,false
1850,ACTIVE_RESULTS,5.998331,6.0,0.99972183,43551,2184,0,2999,54.514,BBO_CHANGE_STREAM,true
1850,LATE_COUNT,42.999709,43.0,0.99999323,211915,2185,2601,10184,164.182,BBO_CHANGE_STREAM,true
1850,POST_RESOLUTION_DIAGNOSTIC,,,,0,0,0,0,,DEPTH_SNAPSHOT_STREAM,false
1851,PRE_ELECTION,59.997762,60.0,0.9999627,198297,2189,0,1837,83.429,BBO_CHANGE_STREAM,true
1851,ELECTION_DAY_PRE_RESULTS,10.999054,11.0,0.999914,60927,1045,0,1111,60.352,BBO_CHANGE_STREAM,false
1851,ACTIVE_RESULTS,5.998331,6.0,0.99972183,43549,2184,0,2333,54.514,BBO_CHANGE_STREAM,true
1851,LATE_COUNT,42.999709,43.0,0.99999323,211916,2193,1938,5517,164.539,BBO_CHANGE_STREAM,true
1851,POST_RESOLUTION_DIAGNOSTIC,,,,0,0,0,0,,DEPTH_SNAPSHOT_STREAM,false
1852,PRE_ELECTION,59.959448,60.0,0.99932413,49536,40,0,11,477.933,BBO_CHANGE_STREAM,false
1852,ELECTION_DAY_PRE_RESULTS,10.992905,11.0,0.999355,9960,10,0,0,300.803,BBO_CHANGE_STREAM,false
1852,ACTIVE_RESULTS,5.995323,6.0,0.9992205,5737,24,0,0,331.941,BBO_CHANGE_STREAM,true
1852,LATE_COUNT,42.985645,43.0,0.99966616,31068,42,1,2,708.36,BBO_CHANGE_STREAM,true
1852,POST_RESOLUTION_DIAGNOSTIC,,,,0,0,0,0,,DEPTH_SNAPSHOT_STREAM,false
1853,PRE_ELECTION,59.959448,60.0,0.99932413,49535,40,0,24,477.933,BBO_CHANGE_STREAM,false
1853,ELECTION_DAY_PRE_RESULTS,10.992905,11.0,0.999355,9960,10,0,0,300.803,BBO_CHANGE_STREAM,false
1853,ACTIVE_RESULTS,5.995323,6.0,0.9992205,5737,24,0,0,331.941,BBO_CHANGE_STREAM,true
1853,LATE_COUNT,42.985645,43.0,0.99966616,31066,34,1,4,708.36,BBO_CHANGE_STREAM,true
1853,POST_RESOLUTION_DIAGNOSTIC,,,,0,0,0,0,,DEPTH_SNAPSHOT_STREAM,false
1854,PRE_ELECTION,59.996256,60.0,0.9999376,329096,3074,0,3296,113.396,BBO_CHANGE_STREAM,true
1854,ELECTION_DAY_PRE_RESULTS,10.998884,11.0,0.99989855,85543,733,0,748,105.142,BBO_CHANGE_STREAM,false
1854,ACTIVE_RESULTS,5.997909,6.0,0.9996515,12753,668,0,520,135.804,BBO_CHANGE_STREAM,true
1854,LATE_COUNT,42.987131,43.0,0.99970072,27040,78,22,57,986.214,BBO_CHANGE_STREAM,true
1854,POST_RESOLUTION_DIAGNOSTIC,,,,0,0,0,0,,DEPTH_SNAPSHOT_STREAM,false
1855,PRE_ELECTION,59.996256,60.0,0.9999376,329094,3074,0,5068,113.396,BBO_CHANGE_STREAM,true
1855,ELECTION_DAY_PRE_RESULTS,10.998884,11.0,0.99989855,85543,733,0,1209,105.142,BBO_CHANGE_STREAM,false
1855,ACTIVE_RESULTS,5.997909,6.0,0.9996515,12753,668,0,1091,135.804,BBO_CHANGE_STREAM,true
1855,LATE_COUNT,42.987131,43.0,0.99970072,27040,72,6,168,986.214,BBO_CHANGE_STREAM,true
1855,POST_RESOLUTION_DIAGNOSTIC,,,,0,0,0,0,,DEPTH_SNAPSHOT_STREAM,false
1856,PRE_ELECTION,59.990564,60.0,0.99984273,61808,114,0,47,334.573,BBO_CHANGE_STREAM,true
1856,ELECTION_DAY_PRE_RESULTS,10.990621,11.0,0.99914736,10222,12,0,2,243.395,BBO_CHANGE_STREAM,false
1856,ACTIVE_RESULTS,5.993425,6.0,0.99890417,5560,26,0,0,306.241,BBO_CHANGE_STREAM,true
1856,LATE_COUNT,42.985893,43.0,0.99967193,31335,35,1,2,1581.446,BBO_CHANGE_STREAM,true
1856,POST_RESOLUTION_DIAGNOSTIC,,,,0,0,0,0,,DEPTH_SNAPSHOT_STREAM,false
1857,PRE_ELECTION,59.990564,60.0,0.99984273,61810,114,0,393,334.573,BBO_CHANGE_STREAM,true
1857,ELECTION_DAY_PRE_RESULTS,10.990621,11.0,0.99914736,10222,12,0,24,243.395,BBO_CHANGE_STREAM,false
1857,ACTIVE_RESULTS,5.993425,6.0,0.99890417,5560,26,0,14,306.242,BBO_CHANGE_STREAM,true
1857,LATE_COUNT,42.985893,43.0,0.99967193,31335,36,2,48,1581.446,BBO_CHANGE_STREAM,true
1857,POST_RESOLUTION_DIAGNOSTIC,,,,0,0,0,0,,DEPTH_SNAPSHOT_STREAM,false
1858,PRE_ELECTION,59.999627,60.0,0.99999378,145256,1389,0,1599,197.692,BBO_CHANGE_STREAM,true
1858,ELECTION_DAY_PRE_RESULTS,10.996493,11.0,0.99968118,34920,458,0,439,129.014,BBO_CHANGE_STREAM,false
1858,ACTIVE_RESULTS,5.996105,6.0,0.99935083,8295,204,0,176,102.112,BBO_CHANGE_STREAM,true
1858,LATE_COUNT,42.980933,43.0,0.99955658,27062,215,24,298,437.992,BBO_CHANGE_STREAM,true
1858,POST_RESOLUTION_DIAGNOSTIC,,,,0,0,0,0,,DEPTH_SNAPSHOT_STREAM,false
1859,PRE_ELECTION,59.999627,60.0,0.99999378,145255,1389,0,2020,197.692,BBO_CHANGE_STREAM,true
1859,ELECTION_DAY_PRE_RESULTS,10.996493,11.0,0.99968118,34920,458,0,659,129.014,BBO_CHANGE_STREAM,false
1859,ACTIVE_RESULTS,5.996105,6.0,0.99935083,8295,204,0,350,102.112,BBO_CHANGE_STREAM,true
1859,LATE_COUNT,42.980933,43.0,0.99955658,27064,215,7,301,437.992,BBO_CHANGE_STREAM,true
1859,POST_RESOLUTION_DIAGNOSTIC,,,,0,0,0,0,,DEPTH_SNAPSHOT_STREAM,false
1860,PRE_ELECTION,59.983135,60.0,0.99971892,50221,41,0,25,799.23,BBO_CHANGE_STREAM,false
1860,ELECTION_DAY_PRE_RESULTS,10.971133,11.0,0.99737573,12002,11,0,2,453.615,BBO_CHANGE_STREAM,false
1860,ACTIVE_RESULTS,5.995049,6.0,0.99917483,6480,26,0,6,303.482,BBO_CHANGE_STREAM,true
1860,LATE_COUNT,42.985832,43.0,0.99967051,33560,36,2,8,1179.494,BBO_CHANGE_STREAM,true
1860,POST_RESOLUTION_DIAGNOSTIC,,,,0,0,0,0,,DEPTH_SNAPSHOT_STREAM,false
1861,PRE_ELECTION,59.983135,60.0,0.99971892,50220,41,0,10,799.23,BBO_CHANGE_STREAM,false
1861,ELECTION_DAY_PRE_RESULTS,10.971133,11.0,0.99737573,12002,11,0,0,453.615,BBO_CHANGE_STREAM,false
1861,ACTIVE_RESULTS,5.995049,6.0,0.99917483,6480,26,0,0,303.482,BBO_CHANGE_STREAM,true
1861,LATE_COUNT,42.985832,43.0,0.99967051,33561,38,0,0,1179.494,BBO_CHANGE_STREAM,true
1861,POST_RESOLUTION_DIAGNOSTIC,,,,0,0,0,0,,DEPTH_SNAPSHOT_STREAM,false
1862,PRE_ELECTION,59.965412,60.0,0.99942353,51087,42,0,11,709.689,BBO_CHANGE_STREAM,false
1862,ELECTION_DAY_PRE_RESULTS,10.927278,11.0,0.99338891,7394,10,0,0,547.771,BBO_CHANGE_STREAM,false
1862,ACTIVE_RESULTS,5.995328,6.0,0.99922133,4346,24,0,0,520.018,BBO_CHANGE_STREAM,true
1862,LATE_COUNT,42.985606,43.0,0.99966526,25828,32,0,0,1088.521,BBO_CHANGE_STREAM,true
1862,POST_RESOLUTION_DIAGNOSTIC,,,,0,0,0,0,,DEPTH_SNAPSHOT_STREAM,false
1863,PRE_ELECTION,59.965412,60.0,0.99942353,51086,42,0,23,709.689,BBO_CHANGE_STREAM,false
1863,ELECTION_DAY_PRE_RESULTS,10.927278,11.0,0.99338891,7394,10,0,0,547.771,BBO_CHANGE_STREAM,false
1863,ACTIVE_RESULTS,5.995328,6.0,0.99922133,4346,24,0,0,520.018,BBO_CHANGE_STREAM,true
1863,LATE_COUNT,42.985606,43.0,0.99966526,25826,36,1,2,1088.521,BBO_CHANGE_STREAM,true
1863,POST_RESOLUTION_DIAGNOSTIC,,,,0,0,0,0,,DEPTH_SNAPSHOT_STREAM,false
1864,PRE_ELECTION,59.992347,60.0,0.99987245,53358,42,0,11,439.566,BBO_CHANGE_STREAM,false
1864,ELECTION_DAY_PRE_RESULTS,10.994581,11.0,0.99950736,12507,10,0,0,602.49,BBO_CHANGE_STREAM,false
1864,ACTIVE_RESULTS,5.993987,6.0,0.99899783,7027,25,0,1,323.869,BBO_CHANGE_STREAM,true
1864,LATE_COUNT,42.985338,43.0,0.99965902,34992,37,1,1,1581.573,BBO_CHANGE_STREAM,true
1864,POST_RESOLUTION_DIAGNOSTIC,,,,0,0,0,0,,DEPTH_SNAPSHOT_STREAM,false
1865,PRE_ELECTION,59.992347,60.0,0.99987245,53353,42,0,71,439.566,BBO_CHANGE_STREAM,false
1865,ELECTION_DAY_PRE_RESULTS,10.994581,11.0,0.99950736,12507,10,0,0,602.49,BBO_CHANGE_STREAM,false
1865,ACTIVE_RESULTS,5.993987,6.0,0.99899783,7027,25,0,1,323.869,BBO_CHANGE_STREAM,true
1865,LATE_COUNT,42.985338,43.0,0.99965902,34992,34,1,3,1581.573,BBO_CHANGE_STREAM,true
1865,POST_RESOLUTION_DIAGNOSTIC,,,,0,0,0,0,,DEPTH_SNAPSHOT_STREAM,false
1866,PRE_ELECTION,59.968753,60.0,0.99947922,49026,41,0,11,450.227,BBO_CHANGE_STREAM,false
1866,ELECTION_DAY_PRE_RESULTS,10.994608,11.0,0.99950982,9117,10,0,0,336.653,BBO_CHANGE_STREAM,false
1866,ACTIVE_RESULTS,5.993781,6.0,0.9989635,6042,25,0,0,188.838,BBO_CHANGE_STREAM,true
1866,LATE_COUNT,42.985788,43.0,0.99966949,28942,33,0,0,1606.441,BBO_CHANGE_STREAM,true
1866,POST_RESOLUTION_DIAGNOSTIC,,,,0,0,0,0,,DEPTH_SNAPSHOT_STREAM,false
1867,PRE_ELECTION,59.968753,60.0,0.99947922,49020,41,0,84,450.227,BBO_CHANGE_STREAM,false
1867,ELECTION_DAY_PRE_RESULTS,10.994608,11.0,0.99950982,9117,10,0,0,336.653,BBO_CHANGE_STREAM,false
1867,ACTIVE_RESULTS,5.993781,6.0,0.9989635,6042,25,0,6,188.838,BBO_CHANGE_STREAM,true
1867,LATE_COUNT,42.985788,43.0,0.99966949,28942,37,2,5,1606.441,BBO_CHANGE_STREAM,true
1867,POST_RESOLUTION_DIAGNOSTIC,,,,0,0,0,0,,DEPTH_SNAPSHOT_STREAM,false
1868,PRE_ELECTION,59.964694,60.0,0.99941157,50140,39,0,10,600.821,BBO_CHANGE_STREAM,false
1868,ELECTION_DAY_PRE_RESULTS,10.927328,11.0,0.99339345,7291,10,0,0,469.086,BBO_CHANGE_STREAM,false
1868,ACTIVE_RESULTS,5.995044,6.0,0.999174,4671,24,0,0,357.018,BBO_CHANGE_STREAM,true
1868,LATE_COUNT,42.985742,43.0,0.99966842,27398,35,1,1,1606.441,BBO_CHANGE_STREAM,true
1868,POST_RESOLUTION_DIAGNOSTIC,,,,0,0,0,0,,DEPTH_SNAPSHOT_STREAM,false
1869,PRE_ELECTION,59.964694,60.0,0.99941157,50137,39,0,34,600.821,BBO_CHANGE_STREAM,false
1869,ELECTION_DAY_PRE_RESULTS,10.927328,11.0,0.99339345,7291,10,0,0,469.086,BBO_CHANGE_STREAM,false
1869,ACTIVE_RESULTS,5.995044,6.0,0.999174,4671,24,0,0,357.018,BBO_CHANGE_STREAM,true
1869,LATE_COUNT,42.985742,43.0,0.99966842,27398,33,2,8,1606.441,BBO_CHANGE_STREAM,true
1869,POST_RESOLUTION_DIAGNOSTIC,,,,0,0,0,0,,DEPTH_SNAPSHOT_STREAM,false
1870,PRE_ELECTION,59.974716,60.0,0.9995786,54077,40,0,10,552.47,BBO_CHANGE_STREAM,false
1870,ELECTION_DAY_PRE_RESULTS,10.997715,11.0,0.99979227,9114,11,0,1,479.178,BBO_CHANGE_STREAM,false
1870,ACTIVE_RESULTS,5.995328,6.0,0.99922133,5215,24,0,0,301.37,BBO_CHANGE_STREAM,true
1870,LATE_COUNT,42.998729,43.0,0.99997044,30410,33,1,1,1402.831,BBO_CHANGE_STREAM,true
1870,POST_RESOLUTION_DIAGNOSTIC,,,,0,0,0,0,,DEPTH_SNAPSHOT_STREAM,false
1871,PRE_ELECTION,59.974716,60.0,0.9995786,54077,40,0,75,552.47,BBO_CHANGE_STREAM,false
1871,ELECTION_DAY_PRE_RESULTS,10.997715,11.0,0.99979227,9114,11,0,1,479.178,BBO_CHANGE_STREAM,false
1871,ACTIVE_RESULTS,5.995328,6.0,0.99922133,5215,24,0,0,301.37,BBO_CHANGE_STREAM,true
1871,LATE_COUNT,42.998729,43.0,0.99997044,30410,35,1,9,1402.831,BBO_CHANGE_STREAM,true
1871,POST_RESOLUTION_DIAGNOSTIC,,,,0,0,0,0,,DEPTH_SNAPSHOT_STREAM,false
1872,PRE_ELECTION,59.949175,60.0,0.99915292,50934,41,0,22,681.124,BBO_CHANGE_STREAM,false
1872,ELECTION_DAY_PRE_RESULTS,10.924076,11.0,0.99309782,7845,10,0,0,416.304,BBO_CHANGE_STREAM,false
1872,ACTIVE_RESULTS,5.993704,6.0,0.99895067,5158,25,0,1,374.004,BBO_CHANGE_STREAM,true
1872,LATE_COUNT,42.985514,43.0,0.99966312,27763,33,1,8,1499.25,BBO_CHANGE_STREAM,true
1872,POST_RESOLUTION_DIAGNOSTIC,,,,0,0,0,0,,DEPTH_SNAPSHOT_STREAM,false
1873,PRE_ELECTION,59.949175,60.0,0.99915292,50934,41,0,12,681.124,BBO_CHANGE_STREAM,false
1873,ELECTION_DAY_PRE_RESULTS,10.924076,11.0,0.99309782,7844,10,0,0,416.304,BBO_CHANGE_STREAM,false
1873,ACTIVE_RESULTS,5.993704,6.0,0.99895067,5158,25,0,1,374.004,BBO_CHANGE_STREAM,true
1873,LATE_COUNT,42.985514,43.0,0.99966312,27763,37,1,1,1499.25,BBO_CHANGE_STREAM,true
1873,POST_RESOLUTION_DIAGNOSTIC,,,,0,0,0,0,,DEPTH_SNAPSHOT_STREAM,false
1874,PRE_ELECTION,59.99435,60.0,0.99990583,267165,2870,0,3593,144.46,BBO_CHANGE_STREAM,true
1874,ELECTION_DAY_PRE_RESULTS,10.99714,11.0,0.99974,70418,1169,0,1206,101.798,BBO_CHANGE_STREAM,false
1874,ACTIVE_RESULTS,5.999014,6.0,0.99983567,47856,1433,0,1580,68.234,BBO_CHANGE_STREAM,true
1874,LATE_COUNT,42.998515,43.0,0.99996547,68672,1099,832,2316,232.893,BBO_CHANGE_STREAM,true
1874,POST_RESOLUTION_DIAGNOSTIC,,,,0,0,0,0,,DEPTH_SNAPSHOT_STREAM,false
1875,PRE_ELECTION,59.99435,60.0,0.99990583,267169,2870,0,4113,144.46,BBO_CHANGE_STREAM,true
1875,ELECTION_DAY_PRE_RESULTS,10.99714,11.0,0.99974,70413,1169,0,1639,101.798,BBO_CHANGE_STREAM,false
1875,ACTIVE_RESULTS,5.999014,6.0,0.99983567,47856,1433,0,2413,68.234,BBO_CHANGE_STREAM,true
1875,LATE_COUNT,42.998515,43.0,0.99996547,68672,1097,581,3595,232.893,BBO_CHANGE_STREAM,true
1875,POST_RESOLUTION_DIAGNOSTIC,,,,0,0,0,0,,DEPTH_SNAPSHOT_STREAM,false
1876,PRE_ELECTION,59.990436,60.0,0.9998406,66941,889,0,515,375.441,BBO_CHANGE_STREAM,false
1876,ELECTION_DAY_PRE_RESULTS,10.994594,11.0,0.99950855,12378,21,0,6,229.838,BBO_CHANGE_STREAM,false
1876,ACTIVE_RESULTS,5.993709,6.0,0.9989515,6940,25,0,2,343.557,BBO_CHANGE_STREAM,true
1876,LATE_COUNT,42.985471,43.0,0.99966212,33205,50,1,15,1606.441,BBO_CHANGE_STREAM,true
1876,POST_RESOLUTION_DIAGNOSTIC,,,,0,0,0,0,,DEPTH_SNAPSHOT_STREAM,false
1877,PRE_ELECTION,59.990436,60.0,0.9998406,66939,889,0,1273,375.441,BBO_CHANGE_STREAM,false
1877,ELECTION_DAY_PRE_RESULTS,10.994594,11.0,0.99950855,12377,21,0,85,229.838,BBO_CHANGE_STREAM,false
1877,ACTIVE_RESULTS,5.993709,6.0,0.9989515,6940,25,0,4,343.557,BBO_CHANGE_STREAM,true
1877,LATE_COUNT,42.985471,43.0,0.99966212,33208,49,1,44,1606.441,BBO_CHANGE_STREAM,true
1877,POST_RESOLUTION_DIAGNOSTIC,,,,0,0,0,0,,DEPTH_SNAPSHOT_STREAM,false
1878,PRE_ELECTION,59.993422,60.0,0.99989037,64198,988,0,1454,310.027,BBO_CHANGE_STREAM,false
1878,ELECTION_DAY_PRE_RESULTS,10.943701,11.0,0.99488191,19249,396,0,494,510.922,BBO_CHANGE_STREAM,false
1878,ACTIVE_RESULTS,5.997794,6.0,0.99963233,5790,223,0,284,531.369,BBO_CHANGE_STREAM,true
1878,LATE_COUNT,42.984661,43.0,0.99964328,24015,58,1,78,918.039,BBO_CHANGE_STREAM,true
1878,POST_RESOLUTION_DIAGNOSTIC,,,,0,0,0,0,,DEPTH_SNAPSHOT_STREAM,false
1879,PRE_ELECTION,59.993422,60.0,0.99989037,64196,988,0,787,310.027,BBO_CHANGE_STREAM,false
1879,ELECTION_DAY_PRE_RESULTS,10.943701,11.0,0.99488191,19249,396,0,364,510.922,BBO_CHANGE_STREAM,false
1879,ACTIVE_RESULTS,5.997794,6.0,0.99963233,5790,223,0,255,531.369,BBO_CHANGE_STREAM,true
1879,LATE_COUNT,42.984661,43.0,0.99964328,24020,58,2,26,918.039,BBO_CHANGE_STREAM,true
1879,POST_RESOLUTION_DIAGNOSTIC,,,,0,0,0,0,,DEPTH_SNAPSHOT_STREAM,false
1880,PRE_ELECTION,59.888821,60.0,0.99814702,46997,35,0,17,823.792,BBO_CHANGE_STREAM,false
1880,ELECTION_DAY_PRE_RESULTS,10.980731,11.0,0.99824827,7248,10,0,0,722.777,BBO_CHANGE_STREAM,false
1880,ACTIVE_RESULTS,5.993952,6.0,0.998992,4165,24,0,1,585.727,BBO_CHANGE_STREAM,true
1880,LATE_COUNT,42.985251,43.0,0.999657,26408,33,1,2,1606.127,BBO_CHANGE_STREAM,true
1880,POST_RESOLUTION_DIAGNOSTIC,,,,0,0,0,0,,DEPTH_SNAPSHOT_STREAM,false
1881,PRE_ELECTION,59.888821,60.0,0.99814702,46996,35,0,6,823.792,BBO_CHANGE_STREAM,false
1881,ELECTION_DAY_PRE_RESULTS,10.980731,11.0,0.99824827,7248,10,0,0,722.777,BBO_CHANGE_STREAM,false
1881,ACTIVE_RESULTS,5.993952,6.0,0.998992,4165,24,0,1,585.727,BBO_CHANGE_STREAM,true
1881,LATE_COUNT,42.985251,43.0,0.999657,26408,37,0,0,1606.127,BBO_CHANGE_STREAM,true
1881,POST_RESOLUTION_DIAGNOSTIC,,,,0,0,0,0,,DEPTH_SNAPSHOT_STREAM,false
1882,PRE_ELECTION,59.99058,60.0,0.999843,59947,475,0,739,680.079,BBO_CHANGE_STREAM,false
1882,ELECTION_DAY_PRE_RESULTS,10.99238,11.0,0.99930727,10823,12,0,4,662.808,BBO_CHANGE_STREAM,false
1882,ACTIVE_RESULTS,5.99398,6.0,0.99899667,5344,24,0,2,487.189,BBO_CHANGE_STREAM,true
1882,LATE_COUNT,42.985426,43.0,0.99966107,32335,34,1,2,1187.588,BBO_CHANGE_STREAM,true
1882,POST_RESOLUTION_DIAGNOSTIC,,,,0,0,0,0,,DEPTH_SNAPSHOT_STREAM,false
1883,PRE_ELECTION,59.99058,60.0,0.999843,59949,475,0,249,680.079,BBO_CHANGE_STREAM,false
1883,ELECTION_DAY_PRE_RESULTS,10.99238,11.0,0.99930727,10822,12,0,0,662.808,BBO_CHANGE_STREAM,false
1883,ACTIVE_RESULTS,5.99398,6.0,0.99899667,5344,24,0,0,487.189,BBO_CHANGE_STREAM,true
1883,LATE_COUNT,42.985426,43.0,0.99966107,32336,39,0,0,1187.588,BBO_CHANGE_STREAM,true
1883,POST_RESOLUTION_DIAGNOSTIC,,,,0,0,0,0,,DEPTH_SNAPSHOT_STREAM,false
1884,PRE_ELECTION,59.995899,60.0,0.99993165,39104,123,0,62,507.906,BBO_CHANGE_STREAM,false
1884,ELECTION_DAY_PRE_RESULTS,10.994602,11.0,0.99950927,5764,11,0,0,646.829,BBO_CHANGE_STREAM,false
1884,ACTIVE_RESULTS,5.993709,6.0,0.9989515,3777,23,0,0,619.948,BBO_CHANGE_STREAM,true
1884,LATE_COUNT,42.993006,43.0,0.99983735,23591,36,0,0,1112.624,BBO_CHANGE_STREAM,true
1884,POST_RESOLUTION_DIAGNOSTIC,,,,0,0,0,0,,DEPTH_SNAPSHOT_STREAM,false
1885,PRE_ELECTION,59.995899,60.0,0.99993165,39107,123,0,139,507.906,BBO_CHANGE_STREAM,false
1885,ELECTION_DAY_PRE_RESULTS,10.994602,11.0,0.99950927,5764,11,0,2,646.829,BBO_CHANGE_STREAM,false
1885,ACTIVE_RESULTS,5.993709,6.0,0.9989515,3777,23,0,0,619.949,BBO_CHANGE_STREAM,true
1885,LATE_COUNT,42.993006,43.0,0.99983735,23594,36,2,4,1112.624,BBO_CHANGE_STREAM,true
1885,POST_RESOLUTION_DIAGNOSTIC,,,,0,0,0,0,,DEPTH_SNAPSHOT_STREAM,false
1886,PRE_ELECTION,59.992759,60.0,0.99987932,78978,941,0,630,305.952,BBO_CHANGE_STREAM,true
1886,ELECTION_DAY_PRE_RESULTS,10.997688,11.0,0.99978982,17022,216,0,166,217.67,BBO_CHANGE_STREAM,false
1886,ACTIVE_RESULTS,5.995606,6.0,0.99926767,7033,28,0,3,180.761,BBO_CHANGE_STREAM,true
1886,LATE_COUNT,42.985208,43.0,0.999656,38601,36,6,11,609.472,BBO_CHANGE_STREAM,true
1886,POST_RESOLUTION_DIAGNOSTIC,,,,0,0,0,0,,DEPTH_SNAPSHOT_STREAM,false
1887,PRE_ELECTION,59.992759,60.0,0.99987932,78979,941,0,1401,305.952,BBO_CHANGE_STREAM,true
1887,ELECTION_DAY_PRE_RESULTS,10.997688,11.0,0.99978982,17022,216,0,305,217.67,BBO_CHANGE_STREAM,false
1887,ACTIVE_RESULTS,5.995606,6.0,0.99926767,7033,28,0,44,180.761,BBO_CHANGE_STREAM,true
1887,LATE_COUNT,42.985208,43.0,0.999656,38599,37,2,33,609.472,BBO_CHANGE_STREAM,true
1887,POST_RESOLUTION_DIAGNOSTIC,,,,0,0,0,0,,DEPTH_SNAPSHOT_STREAM,false
1888,PRE_ELECTION,59.998353,60.0,0.99997255,241871,1960,0,2508,132.02,BBO_CHANGE_STREAM,true
1888,ELECTION_DAY_PRE_RESULTS,10.999723,11.0,0.99997482,121081,657,0,985,82.332,BBO_CHANGE_STREAM,false
1888,ACTIVE_RESULTS,5.998756,6.0,0.99979267,75749,1727,0,3414,108.981,BBO_CHANGE_STREAM,true
1888,LATE_COUNT,42.999596,43.0,0.9999906,180480,1579,1490,7833,159.999,BBO_CHANGE_STREAM,true
1888,POST_RESOLUTION_DIAGNOSTIC,,,,0,0,0,0,,DEPTH_SNAPSHOT_STREAM,false
1889,PRE_ELECTION,59.998353,60.0,0.99997255,241875,1960,0,2594,132.02,BBO_CHANGE_STREAM,true
1889,ELECTION_DAY_PRE_RESULTS,10.999723,11.0,0.99997482,121081,657,0,786,82.332,BBO_CHANGE_STREAM,false
1889,ACTIVE_RESULTS,5.998756,6.0,0.99979267,75749,1728,0,1548,108.981,BBO_CHANGE_STREAM,true
1889,LATE_COUNT,42.999596,43.0,0.9999906,180473,1580,1922,5295,159.999,BBO_CHANGE_STREAM,true
1889,POST_RESOLUTION_DIAGNOSTIC,,,,0,0,0,0,,DEPTH_SNAPSHOT_STREAM,false
1890,PRE_ELECTION,59.99869,60.0,0.99997817,167965,2418,0,3255,180.197,BBO_CHANGE_STREAM,true
1890,ELECTION_DAY_PRE_RESULTS,10.995406,11.0,0.99958236,47074,593,0,942,92.399,BBO_CHANGE_STREAM,false
1890,ACTIVE_RESULTS,5.995338,6.0,0.999223,66255,2462,0,3782,111.999,BBO_CHANGE_STREAM,true
1890,LATE_COUNT,42.999129,43.0,0.99997974,354994,2437,2707,14223,161.303,BBO_CHANGE_STREAM,true
1890,POST_RESOLUTION_DIAGNOSTIC,,,,0,0,0,0,,DEPTH_SNAPSHOT_STREAM,false
1891,PRE_ELECTION,59.99869,60.0,0.99997817,167959,2419,0,2904,180.197,BBO_CHANGE_STREAM,true
1891,ELECTION_DAY_PRE_RESULTS,10.995406,11.0,0.99958236,47078,593,0,647,92.399,BBO_CHANGE_STREAM,false
1891,ACTIVE_RESULTS,5.995338,6.0,0.999223,66254,2462,0,2895,111.999,BBO_CHANGE_STREAM,true
1891,LATE_COUNT,42.999129,43.0,0.99997974,354992,2445,3126,10033,161.303,BBO_CHANGE_STREAM,true
1891,POST_RESOLUTION_DIAGNOSTIC,,,,0,0,0,0,,DEPTH_SNAPSHOT_STREAM,false
1892,PRE_ELECTION,,60.0,,0,0,0,0,,DEPTH_SNAPSHOT_STREAM,false
1892,ELECTION_DAY_PRE_RESULTS,,11.0,,0,0,0,0,,DEPTH_SNAPSHOT_STREAM,false
1892,ACTIVE_RESULTS,,6.0,,0,0,0,0,,DEPTH_SNAPSHOT_STREAM,false
1892,LATE_COUNT,,43.0,,0,0,0,0,,DEPTH_SNAPSHOT_STREAM,false
1892,POST_RESOLUTION_DIAGNOSTIC,,,,0,0,0,0,,DEPTH_SNAPSHOT_STREAM,false
1893,PRE_ELECTION,,60.0,,0,0,0,0,,DEPTH_SNAPSHOT_STREAM,false
1893,ELECTION_DAY_PRE_RESULTS,,11.0,,0,0,0,0,,DEPTH_SNAPSHOT_STREAM,false
1893,ACTIVE_RESULTS,,6.0,,0,0,0,0,,DEPTH_SNAPSHOT_STREAM,false
1893,LATE_COUNT,,43.0,,0,0,0,0,,DEPTH_SNAPSHOT_STREAM,false
1893,POST_RESOLUTION_DIAGNOSTIC,,,,0,0,0,0,,DEPTH_SNAPSHOT_STREAM,false
1894,PRE_ELECTION,,60.0,,0,0,0,284,,DEPTH_SNAPSHOT_STREAM,false
1894,ELECTION_DAY_PRE_RESULTS,,11.0,,0,0,0,3,,DEPTH_SNAPSHOT_STREAM,false
1894,ACTIVE_RESULTS,,6.0,,0,0,0,0,,DEPTH_SNAPSHOT_STREAM,false
1894,LATE_COUNT,28.292255,43.0,0.65795942,25108,9,0,2,1245.795,BBO_CHANGE_STREAM,false
1894,POST_RESOLUTION_DIAGNOSTIC,,,,0,0,0,0,,DEPTH_SNAPSHOT_STREAM,false
1895,PRE_ELECTION,,60.0,,0,0,0,812,,DEPTH_SNAPSHOT_STREAM,false
1895,ELECTION_DAY_PRE_RESULTS,,11.0,,0,0,0,77,,DEPTH_SNAPSHOT_STREAM,false
1895,ACTIVE_RESULTS,,6.0,,0,0,0,0,,DEPTH_SNAPSHOT_STREAM,false
1895,LATE_COUNT,28.291644,43.0,0.65794521,25107,2,1,26,1245.795,BBO_CHANGE_STREAM,false
1895,POST_RESOLUTION_DIAGNOSTIC,,,,0,0,0,0,,DEPTH_SNAPSHOT_STREAM,false
1896,PRE_ELECTION,,60.0,,0,0,0,0,,DEPTH_SNAPSHOT_STREAM,false
1896,ELECTION_DAY_PRE_RESULTS,,11.0,,0,0,0,0,,DEPTH_SNAPSHOT_STREAM,false
1896,ACTIVE_RESULTS,,6.0,,0,0,0,0,,DEPTH_SNAPSHOT_STREAM,false
1896,LATE_COUNT,,43.0,,0,0,0,0,,DEPTH_SNAPSHOT_STREAM,false
1896,POST_RESOLUTION_DIAGNOSTIC,,,,0,0,0,0,,DEPTH_SNAPSHOT_STREAM,false
1897,PRE_ELECTION,,60.0,,0,0,0,0,,DEPTH_SNAPSHOT_STREAM,false
1897,ELECTION_DAY_PRE_RESULTS,,11.0,,0,0,0,0,,DEPTH_SNAPSHOT_STREAM,false
1897,ACTIVE_RESULTS,,6.0,,0,0,0,0,,DEPTH_SNAPSHOT_STREAM,false
1897,LATE_COUNT,,43.0,,0,0,0,0,,DEPTH_SNAPSHOT_STREAM,false
1897,POST_RESOLUTION_DIAGNOSTIC,,,,0,0,0,0,,DEPTH_SNAPSHOT_STREAM,false
1898,PRE_ELECTION,,60.0,,0,0,0,0,,DEPTH_SNAPSHOT_STREAM,false
1898,ELECTION_DAY_PRE_RESULTS,,11.0,,0,0,0,0,,DEPTH_SNAPSHOT_STREAM,false
1898,ACTIVE_RESULTS,,6.0,,0,0,0,0,,DEPTH_SNAPSHOT_STREAM,false
1898,LATE_COUNT,,43.0,,0,0,0,0,,DEPTH_SNAPSHOT_STREAM,false
1898,POST_RESOLUTION_DIAGNOSTIC,,,,0,0,0,0,,DEPTH_SNAPSHOT_STREAM,false
1899,PRE_ELECTION,,60.0,,0,0,0,0,,DEPTH_SNAPSHOT_STREAM,false
1899,ELECTION_DAY_PRE_RESULTS,,11.0,,0,0,0,0,,DEPTH_SNAPSHOT_STREAM,false
1899,ACTIVE_RESULTS,,6.0,,0,0,0,0,,DEPTH_SNAPSHOT_STREAM,false
1899,LATE_COUNT,,43.0,,0,0,0,0,,DEPTH_SNAPSHOT_STREAM,false
1899,POST_RESOLUTION_DIAGNOSTIC,,,,0,0,0,0,,DEPTH_SNAPSHOT_STREAM,false
1900,PRE_ELECTION,,60.0,,0,0,0,0,,DEPTH_SNAPSHOT_STREAM,false
1900,ELECTION_DAY_PRE_RESULTS,,11.0,,0,0,0,0,,DEPTH_SNAPSHOT_STREAM,false
1900,ACTIVE_RESULTS,,6.0,,0,0,0,0,,DEPTH_SNAPSHOT_STREAM,false
1900,LATE_COUNT,,43.0,,0,0,0,0,,DEPTH_SNAPSHOT_STREAM,false
1900,POST_RESOLUTION_DIAGNOSTIC,,,,0,0,0,0,,DEPTH_SNAPSHOT_STREAM,false
1901,PRE_ELECTION,,60.0,,0,0,0,0,,DEPTH_SNAPSHOT_STREAM,false
1901,ELECTION_DAY_PRE_RESULTS,,11.0,,0,0,0,0,,DEPTH_SNAPSHOT_STREAM,false
1901,ACTIVE_RESULTS,,6.0,,0,0,0,0,,DEPTH_SNAPSHOT_STREAM,false
1901,LATE_COUNT,,43.0,,0,0,0,0,,DEPTH_SNAPSHOT_STREAM,false
1901,POST_RESOLUTION_DIAGNOSTIC,,,,0,0,0,0,,DEPTH_SNAPSHOT_STREAM,false
1902,PRE_ELECTION,,60.0,,0,0,0,0,,DEPTH_SNAPSHOT_STREAM,false
1902,ELECTION_DAY_PRE_RESULTS,,11.0,,0,0,0,0,,DEPTH_SNAPSHOT_STREAM,false
1902,ACTIVE_RESULTS,,6.0,,0,0,0,0,,DEPTH_SNAPSHOT_STREAM,false
1902,LATE_COUNT,,43.0,,0,0,0,0,,DEPTH_SNAPSHOT_STREAM,false
1902,POST_RESOLUTION_DIAGNOSTIC,,,,0,0,0,0,,DEPTH_SNAPSHOT_STREAM,false
1903,PRE_ELECTION,,60.0,,0,0,0,0,,DEPTH_SNAPSHOT_STREAM,false
1903,ELECTION_DAY_PRE_RESULTS,,11.0,,0,0,0,0,,DEPTH_SNAPSHOT_STREAM,false
1903,ACTIVE_RESULTS,,6.0,,0,0,0,0,,DEPTH_SNAPSHOT_STREAM,false
1903,LATE_COUNT,,43.0,,0,0,0,0,,DEPTH_SNAPSHOT_STREAM,false
1903,POST_RESOLUTION_DIAGNOSTIC,,,,0,0,0,0,,DEPTH_SNAPSHOT_STREAM,false
1904,PRE_ELECTION,,60.0,,0,0,0,0,,DEPTH_SNAPSHOT_STREAM,false
1904,ELECTION_DAY_PRE_RESULTS,,11.0,,0,0,0,0,,DEPTH_SNAPSHOT_STREAM,false
1904,ACTIVE_RESULTS,,6.0,,0,0,0,0,,DEPTH_SNAPSHOT_STREAM,false
1904,LATE_COUNT,,43.0,,0,0,0,0,,DEPTH_SNAPSHOT_STREAM,false
1904,POST_RESOLUTION_DIAGNOSTIC,,,,0,0,0,0,,DEPTH_SNAPSHOT_STREAM,false
1905,PRE_ELECTION,,60.0,,0,0,0,0,,DEPTH_SNAPSHOT_STREAM,false
1905,ELECTION_DAY_PRE_RESULTS,,11.0,,0,0,0,0,,DEPTH_SNAPSHOT_STREAM,false
1905,ACTIVE_RESULTS,,6.0,,0,0,0,0,,DEPTH_SNAPSHOT_STREAM,false
1905,LATE_COUNT,,43.0,,0,0,0,0,,DEPTH_SNAPSHOT_STREAM,false
1905,POST_RESOLUTION_DIAGNOSTIC,,,,0,0,0,0,,DEPTH_SNAPSHOT_STREAM,false
1906,PRE_ELECTION,,60.0,,0,0,0,0,,DEPTH_SNAPSHOT_STREAM,false
1906,ELECTION_DAY_PRE_RESULTS,,11.0,,0,0,0,0,,DEPTH_SNAPSHOT_STREAM,false
1906,ACTIVE_RESULTS,,6.0,,0,0,0,0,,DEPTH_SNAPSHOT_STREAM,false
1906,LATE_COUNT,,43.0,,0,0,0,0,,DEPTH_SNAPSHOT_STREAM,false
1906,POST_RESOLUTION_DIAGNOSTIC,,,,0,0,0,0,,DEPTH_SNAPSHOT_STREAM,false
1907,PRE_ELECTION,,60.0,,0,0,0,0,,DEPTH_SNAPSHOT_STREAM,false
1907,ELECTION_DAY_PRE_RESULTS,,11.0,,0,0,0,0,,DEPTH_SNAPSHOT_STREAM,false
1907,ACTIVE_RESULTS,,6.0,,0,0,0,0,,DEPTH_SNAPSHOT_STREAM,false
1907,LATE_COUNT,,43.0,,0,0,0,0,,DEPTH_SNAPSHOT_STREAM,false
1907,POST_RESOLUTION_DIAGNOSTIC,,,,0,0,0,0,,DEPTH_SNAPSHOT_STREAM,false
1908,PRE_ELECTION,,60.0,,0,0,0,0,,DEPTH_SNAPSHOT_STREAM,false
1908,ELECTION_DAY_PRE_RESULTS,,11.0,,0,0,0,0,,DEPTH_SNAPSHOT_STREAM,false
1908,ACTIVE_RESULTS,,6.0,,0,0,0,0,,DEPTH_SNAPSHOT_STREAM,false
1908,LATE_COUNT,,43.0,,0,0,0,0,,DEPTH_SNAPSHOT_STREAM,false
1908,POST_RESOLUTION_DIAGNOSTIC,,,,0,0,0,0,,DEPTH_SNAPSHOT_STREAM,false
1909,PRE_ELECTION,,60.0,,0,0,0,0,,DEPTH_SNAPSHOT_STREAM,false
1909,ELECTION_DAY_PRE_RESULTS,,11.0,,0,0,0,0,,DEPTH_SNAPSHOT_STREAM,false
1909,ACTIVE_RESULTS,,6.0,,0,0,0,0,,DEPTH_SNAPSHOT_STREAM,false
1909,LATE_COUNT,,43.0,,0,0,0,0,,DEPTH_SNAPSHOT_STREAM,false
1909,POST_RESOLUTION_DIAGNOSTIC,,,,0,0,0,0,,DEPTH_SNAPSHOT_STREAM,false
1910,PRE_ELECTION,,60.0,,0,0,0,0,,DEPTH_SNAPSHOT_STREAM,false
1910,ELECTION_DAY_PRE_RESULTS,,11.0,,0,0,0,0,,DEPTH_SNAPSHOT_STREAM,false
1910,ACTIVE_RESULTS,,6.0,,0,0,0,0,,DEPTH_SNAPSHOT_STREAM,false
1910,LATE_COUNT,,43.0,,0,0,0,0,,DEPTH_SNAPSHOT_STREAM,false
1910,POST_RESOLUTION_DIAGNOSTIC,,,,0,0,0,0,,DEPTH_SNAPSHOT_STREAM,false
1911,PRE_ELECTION,,60.0,,0,0,0,0,,DEPTH_SNAPSHOT_STREAM,false
1911,ELECTION_DAY_PRE_RESULTS,,11.0,,0,0,0,0,,DEPTH_SNAPSHOT_STREAM,false
1911,ACTIVE_RESULTS,,6.0,,0,0,0,0,,DEPTH_SNAPSHOT_STREAM,false
1911,LATE_COUNT,,43.0,,0,0,0,0,,DEPTH_SNAPSHOT_STREAM,false
1911,POST_RESOLUTION_DIAGNOSTIC,,,,0,0,0,0,,DEPTH_SNAPSHOT_STREAM,false
1912,PRE_ELECTION,,60.0,,0,0,0,0,,DEPTH_SNAPSHOT_STREAM,false
1912,ELECTION_DAY_PRE_RESULTS,,11.0,,0,0,0,0,,DEPTH_SNAPSHOT_STREAM,false
1912,ACTIVE_RESULTS,,6.0,,0,0,0,0,,DEPTH_SNAPSHOT_STREAM,false
1912,LATE_COUNT,,43.0,,0,0,0,0,,DEPTH_SNAPSHOT_STREAM,false
1912,POST_RESOLUTION_DIAGNOSTIC,,,,0,0,0,0,,DEPTH_SNAPSHOT_STREAM,false
1913,PRE_ELECTION,,60.0,,0,0,0,0,,DEPTH_SNAPSHOT_STREAM,false
1913,ELECTION_DAY_PRE_RESULTS,,11.0,,0,0,0,0,,DEPTH_SNAPSHOT_STREAM,false
1913,ACTIVE_RESULTS,,6.0,,0,0,0,0,,DEPTH_SNAPSHOT_STREAM,false
1913,LATE_COUNT,,43.0,,0,0,0,0,,DEPTH_SNAPSHOT_STREAM,false
1913,POST_RESOLUTION_DIAGNOSTIC,,,,0,0,0,0,,DEPTH_SNAPSHOT_STREAM,false
1914,PRE_ELECTION,,60.0,,0,0,0,0,,DEPTH_SNAPSHOT_STREAM,false
1914,ELECTION_DAY_PRE_RESULTS,,11.0,,0,0,0,0,,DEPTH_SNAPSHOT_STREAM,false
1914,ACTIVE_RESULTS,,6.0,,0,0,0,0,,DEPTH_SNAPSHOT_STREAM,false
1914,LATE_COUNT,,43.0,,0,0,0,0,,DEPTH_SNAPSHOT_STREAM,false
1914,POST_RESOLUTION_DIAGNOSTIC,,,,0,0,0,0,,DEPTH_SNAPSHOT_STREAM,false
1915,PRE_ELECTION,,60.0,,0,0,0,0,,DEPTH_SNAPSHOT_STREAM,false
1915,ELECTION_DAY_PRE_RESULTS,,11.0,,0,0,0,0,,DEPTH_SNAPSHOT_STREAM,false
1915,ACTIVE_RESULTS,,6.0,,0,0,0,0,,DEPTH_SNAPSHOT_STREAM,false
1915,LATE_COUNT,,43.0,,0,0,0,0,,DEPTH_SNAPSHOT_STREAM,false
1915,POST_RESOLUTION_DIAGNOSTIC,,,,0,0,0,0,,DEPTH_SNAPSHOT_STREAM,false
1916,PRE_ELECTION,,60.0,,0,0,0,0,,DEPTH_SNAPSHOT_STREAM,false
1916,ELECTION_DAY_PRE_RESULTS,,11.0,,0,0,0,0,,DEPTH_SNAPSHOT_STREAM,false
1916,ACTIVE_RESULTS,,6.0,,0,0,0,0,,DEPTH_SNAPSHOT_STREAM,false
1916,LATE_COUNT,,43.0,,0,0,0,0,,DEPTH_SNAPSHOT_STREAM,false
1916,POST_RESOLUTION_DIAGNOSTIC,,,,0,0,0,0,,DEPTH_SNAPSHOT_STREAM,false
1917,PRE_ELECTION,,60.0,,0,0,0,0,,DEPTH_SNAPSHOT_STREAM,false
1917,ELECTION_DAY_PRE_RESULTS,,11.0,,0,0,0,0,,DEPTH_SNAPSHOT_STREAM,false
1917,ACTIVE_RESULTS,,6.0,,0,0,0,0,,DEPTH_SNAPSHOT_STREAM,false
1917,LATE_COUNT,,43.0,,0,0,0,0,,DEPTH_SNAPSHOT_STREAM,false
1917,POST_RESOLUTION_DIAGNOSTIC,,,,0,0,0,0,,DEPTH_SNAPSHOT_STREAM,false
1918,PRE_ELECTION,,60.0,,0,0,0,0,,DEPTH_SNAPSHOT_STREAM,false
1918,ELECTION_DAY_PRE_RESULTS,,11.0,,0,0,0,0,,DEPTH_SNAPSHOT_STREAM,false
1918,ACTIVE_RESULTS,,6.0,,0,0,0,0,,DEPTH_SNAPSHOT_STREAM,false
1918,LATE_COUNT,,43.0,,0,0,0,0,,DEPTH_SNAPSHOT_STREAM,false
1918,POST_RESOLUTION_DIAGNOSTIC,,,,0,0,0,0,,DEPTH_SNAPSHOT_STREAM,false
1919,PRE_ELECTION,,60.0,,0,0,0,0,,DEPTH_SNAPSHOT_STREAM,false
1919,ELECTION_DAY_PRE_RESULTS,,11.0,,0,0,0,0,,DEPTH_SNAPSHOT_STREAM,false
1919,ACTIVE_RESULTS,,6.0,,0,0,0,0,,DEPTH_SNAPSHOT_STREAM,false
1919,LATE_COUNT,,43.0,,0,0,0,0,,DEPTH_SNAPSHOT_STREAM,false
1919,POST_RESOLUTION_DIAGNOSTIC,,,,0,0,0,0,,DEPTH_SNAPSHOT_STREAM,false
1920,PRE_ELECTION,,60.0,,0,0,0,0,,DEPTH_SNAPSHOT_STREAM,false
1920,ELECTION_DAY_PRE_RESULTS,,11.0,,0,0,0,0,,DEPTH_SNAPSHOT_STREAM,false
1920,ACTIVE_RESULTS,,6.0,,0,0,0,0,,DEPTH_SNAPSHOT_STREAM,false
1920,LATE_COUNT,,43.0,,0,0,0,0,,DEPTH_SNAPSHOT_STREAM,false
1920,POST_RESOLUTION_DIAGNOSTIC,,,,0,0,0,0,,DEPTH_SNAPSHOT_STREAM,false
1921,PRE_ELECTION,,60.0,,0,0,0,0,,DEPTH_SNAPSHOT_STREAM,false
1921,ELECTION_DAY_PRE_RESULTS,,11.0,,0,0,0,0,,DEPTH_SNAPSHOT_STREAM,false
1921,ACTIVE_RESULTS,,6.0,,0,0,0,0,,DEPTH_SNAPSHOT_STREAM,false
1921,LATE_COUNT,,43.0,,0,0,0,0,,DEPTH_SNAPSHOT_STREAM,false
1921,POST_RESOLUTION_DIAGNOSTIC,,,,0,0,0,0,,DEPTH_SNAPSHOT_STREAM,false
1922,PRE_ELECTION,,60.0,,0,0,0,0,,DEPTH_SNAPSHOT_STREAM,false
1922,ELECTION_DAY_PRE_RESULTS,,11.0,,0,0,0,0,,DEPTH_SNAPSHOT_STREAM,false
1922,ACTIVE_RESULTS,,6.0,,0,0,0,0,,DEPTH_SNAPSHOT_STREAM,false
1922,LATE_COUNT,,43.0,,0,0,0,0,,DEPTH_SNAPSHOT_STREAM,false
1922,POST_RESOLUTION_DIAGNOSTIC,,,,0,0,0,0,,DEPTH_SNAPSHOT_STREAM,false
1923,PRE_ELECTION,,60.0,,0,0,0,0,,DEPTH_SNAPSHOT_STREAM,false
1923,ELECTION_DAY_PRE_RESULTS,,11.0,,0,0,0,0,,DEPTH_SNAPSHOT_STREAM,false
1923,ACTIVE_RESULTS,,6.0,,0,0,0,0,,DEPTH_SNAPSHOT_STREAM,false
1923,LATE_COUNT,,43.0,,0,0,0,0,,DEPTH_SNAPSHOT_STREAM,false
1923,POST_RESOLUTION_DIAGNOSTIC,,,,0,0,0,0,,DEPTH_SNAPSHOT_STREAM,false
1924,PRE_ELECTION,,60.0,,0,0,0,0,,DEPTH_SNAPSHOT_STREAM,false
1924,ELECTION_DAY_PRE_RESULTS,,11.0,,0,0,0,0,,DEPTH_SNAPSHOT_STREAM,false
1924,ACTIVE_RESULTS,,6.0,,0,0,0,0,,DEPTH_SNAPSHOT_STREAM,false
1924,LATE_COUNT,,43.0,,0,0,0,0,,DEPTH_SNAPSHOT_STREAM,false
1924,POST_RESOLUTION_DIAGNOSTIC,,,,0,0,0,0,,DEPTH_SNAPSHOT_STREAM,false
1925,PRE_ELECTION,,60.0,,0,0,0,0,,DEPTH_SNAPSHOT_STREAM,false
1925,ELECTION_DAY_PRE_RESULTS,,11.0,,0,0,0,0,,DEPTH_SNAPSHOT_STREAM,false
1925,ACTIVE_RESULTS,,6.0,,0,0,0,0,,DEPTH_SNAPSHOT_STREAM,false
1925,LATE_COUNT,,43.0,,0,0,0,0,,DEPTH_SNAPSHOT_STREAM,false
1925,POST_RESOLUTION_DIAGNOSTIC,,,,0,0,0,0,,DEPTH_SNAPSHOT_STREAM,false
1926,PRE_ELECTION,,60.0,,0,0,0,0,,DEPTH_SNAPSHOT_STREAM,false
1926,ELECTION_DAY_PRE_RESULTS,,11.0,,0,0,0,0,,DEPTH_SNAPSHOT_STREAM,false
1926,ACTIVE_RESULTS,,6.0,,0,0,0,0,,DEPTH_SNAPSHOT_STREAM,false
1926,LATE_COUNT,,43.0,,0,0,0,0,,DEPTH_SNAPSHOT_STREAM,false
1926,POST_RESOLUTION_DIAGNOSTIC,,,,0,0,0,0,,DEPTH_SNAPSHOT_STREAM,false
1927,PRE_ELECTION,,60.0,,0,0,0,0,,DEPTH_SNAPSHOT_STREAM,false
1927,ELECTION_DAY_PRE_RESULTS,,11.0,,0,0,0,0,,DEPTH_SNAPSHOT_STREAM,false
1927,ACTIVE_RESULTS,,6.0,,0,0,0,0,,DEPTH_SNAPSHOT_STREAM,false
1927,LATE_COUNT,,43.0,,0,0,0,0,,DEPTH_SNAPSHOT_STREAM,false
1927,POST_RESOLUTION_DIAGNOSTIC,,,,0,0,0,0,,DEPTH_SNAPSHOT_STREAM,false
1928,PRE_ELECTION,,60.0,,0,0,0,0,,DEPTH_SNAPSHOT_STREAM,false
1928,ELECTION_DAY_PRE_RESULTS,,11.0,,0,0,0,0,,DEPTH_SNAPSHOT_STREAM,false
1928,ACTIVE_RESULTS,,6.0,,0,0,0,0,,DEPTH_SNAPSHOT_STREAM,false
1928,LATE_COUNT,,43.0,,0,0,0,0,,DEPTH_SNAPSHOT_STREAM,false
1928,POST_RESOLUTION_DIAGNOSTIC,,,,0,0,0,0,,DEPTH_SNAPSHOT_STREAM,false
1929,PRE_ELECTION,,60.0,,0,0,0,0,,DEPTH_SNAPSHOT_STREAM,false
1929,ELECTION_DAY_PRE_RESULTS,,11.0,,0,0,0,0,,DEPTH_SNAPSHOT_STREAM,false
1929,ACTIVE_RESULTS,,6.0,,0,0,0,0,,DEPTH_SNAPSHOT_STREAM,false
1929,LATE_COUNT,,43.0,,0,0,0,0,,DEPTH_SNAPSHOT_STREAM,false
1929,POST_RESOLUTION_DIAGNOSTIC,,,,0,0,0,0,,DEPTH_SNAPSHOT_STREAM,false
1930,PRE_ELECTION,,60.0,,0,0,0,0,,DEPTH_SNAPSHOT_STREAM,false
1930,ELECTION_DAY_PRE_RESULTS,,11.0,,0,0,0,0,,DEPTH_SNAPSHOT_STREAM,false
1930,ACTIVE_RESULTS,,6.0,,0,0,0,0,,DEPTH_SNAPSHOT_STREAM,false
1930,LATE_COUNT,,43.0,,0,0,0,0,,DEPTH_SNAPSHOT_STREAM,false
1930,POST_RESOLUTION_DIAGNOSTIC,,,,0,0,0,0,,DEPTH_SNAPSHOT_STREAM,false
1931,PRE_ELECTION,,60.0,,0,0,0,0,,DEPTH_SNAPSHOT_STREAM,false
1931,ELECTION_DAY_PRE_RESULTS,,11.0,,0,0,0,0,,DEPTH_SNAPSHOT_STREAM,false
1931,ACTIVE_RESULTS,,6.0,,0,0,0,0,,DEPTH_SNAPSHOT_STREAM,false
1931,LATE_COUNT,,43.0,,0,0,0,0,,DEPTH_SNAPSHOT_STREAM,false
1931,POST_RESOLUTION_DIAGNOSTIC,,,,0,0,0,0,,DEPTH_SNAPSHOT_STREAM,false
1932,PRE_ELECTION,,60.0,,0,0,0,0,,DEPTH_SNAPSHOT_STREAM,false
1932,ELECTION_DAY_PRE_RESULTS,,11.0,,0,0,0,0,,DEPTH_SNAPSHOT_STREAM,false
1932,ACTIVE_RESULTS,,6.0,,0,0,0,0,,DEPTH_SNAPSHOT_STREAM,false
1932,LATE_COUNT,,43.0,,0,0,0,0,,DEPTH_SNAPSHOT_STREAM,false
1932,POST_RESOLUTION_DIAGNOSTIC,,,,0,0,0,0,,DEPTH_SNAPSHOT_STREAM,false
1933,PRE_ELECTION,,60.0,,0,0,0,0,,DEPTH_SNAPSHOT_STREAM,false
1933,ELECTION_DAY_PRE_RESULTS,,11.0,,0,0,0,0,,DEPTH_SNAPSHOT_STREAM,false
1933,ACTIVE_RESULTS,,6.0,,0,0,0,0,,DEPTH_SNAPSHOT_STREAM,false
1933,LATE_COUNT,,43.0,,0,0,0,0,,DEPTH_SNAPSHOT_STREAM,false
1933,POST_RESOLUTION_DIAGNOSTIC,,,,0,0,0,0,,DEPTH_SNAPSHOT_STREAM,false
1934,PRE_ELECTION,,60.0,,0,0,0,0,,DEPTH_SNAPSHOT_STREAM,false
1934,ELECTION_DAY_PRE_RESULTS,,11.0,,0,0,0,0,,DEPTH_SNAPSHOT_STREAM,false
1934,ACTIVE_RESULTS,,6.0,,0,0,0,0,,DEPTH_SNAPSHOT_STREAM,false
1934,LATE_COUNT,,43.0,,0,0,0,0,,DEPTH_SNAPSHOT_STREAM,false
1934,POST_RESOLUTION_DIAGNOSTIC,,,,0,0,0,0,,DEPTH_SNAPSHOT_STREAM,false
1935,PRE_ELECTION,,60.0,,0,0,0,0,,DEPTH_SNAPSHOT_STREAM,false
1935,ELECTION_DAY_PRE_RESULTS,,11.0,,0,0,0,0,,DEPTH_SNAPSHOT_STREAM,false
1935,ACTIVE_RESULTS,,6.0,,0,0,0,0,,DEPTH_SNAPSHOT_STREAM,false
1935,LATE_COUNT,,43.0,,0,0,0,0,,DEPTH_SNAPSHOT_STREAM,false
1935,POST_RESOLUTION_DIAGNOSTIC,,,,0,0,0,0,,DEPTH_SNAPSHOT_STREAM,false
1936,PRE_ELECTION,,60.0,,0,0,0,0,,DEPTH_SNAPSHOT_STREAM,false
1936,ELECTION_DAY_PRE_RESULTS,,11.0,,0,0,0,0,,DEPTH_SNAPSHOT_STREAM,false
1936,ACTIVE_RESULTS,,6.0,,0,0,0,0,,DEPTH_SNAPSHOT_STREAM,false
1936,LATE_COUNT,,43.0,,0,0,0,0,,DEPTH_SNAPSHOT_STREAM,false
1936,POST_RESOLUTION_DIAGNOSTIC,,,,0,0,0,0,,DEPTH_SNAPSHOT_STREAM,false
1937,PRE_ELECTION,,60.0,,0,0,0,0,,DEPTH_SNAPSHOT_STREAM,false
1937,ELECTION_DAY_PRE_RESULTS,,11.0,,0,0,0,0,,DEPTH_SNAPSHOT_STREAM,false
1937,ACTIVE_RESULTS,,6.0,,0,0,0,0,,DEPTH_SNAPSHOT_STREAM,false
1937,LATE_COUNT,,43.0,,0,0,0,0,,DEPTH_SNAPSHOT_STREAM,false
1937,POST_RESOLUTION_DIAGNOSTIC,,,,0,0,0,0,,DEPTH_SNAPSHOT_STREAM,false
1938,PRE_ELECTION,,60.0,,0,0,0,0,,DEPTH_SNAPSHOT_STREAM,false
1938,ELECTION_DAY_PRE_RESULTS,,11.0,,0,0,0,0,,DEPTH_SNAPSHOT_STREAM,false
1938,ACTIVE_RESULTS,,6.0,,0,0,0,0,,DEPTH_SNAPSHOT_STREAM,false
1938,LATE_COUNT,,43.0,,0,0,0,0,,DEPTH_SNAPSHOT_STREAM,false
1938,POST_RESOLUTION_DIAGNOSTIC,,,,0,0,0,0,,DEPTH_SNAPSHOT_STREAM,false
1939,PRE_ELECTION,,60.0,,0,0,0,0,,DEPTH_SNAPSHOT_STREAM,false
1939,ELECTION_DAY_PRE_RESULTS,,11.0,,0,0,0,0,,DEPTH_SNAPSHOT_STREAM,false
1939,ACTIVE_RESULTS,,6.0,,0,0,0,0,,DEPTH_SNAPSHOT_STREAM,false
1939,LATE_COUNT,,43.0,,0,0,0,0,,DEPTH_SNAPSHOT_STREAM,false
1939,POST_RESOLUTION_DIAGNOSTIC,,,,0,0,0,0,,DEPTH_SNAPSHOT_STREAM,false
1940,PRE_ELECTION,,60.0,,0,0,0,0,,DEPTH_SNAPSHOT_STREAM,false
1940,ELECTION_DAY_PRE_RESULTS,,11.0,,0,0,0,0,,DEPTH_SNAPSHOT_STREAM,false
1940,ACTIVE_RESULTS,,6.0,,0,0,0,0,,DEPTH_SNAPSHOT_STREAM,false
1940,LATE_COUNT,,43.0,,0,0,0,0,,DEPTH_SNAPSHOT_STREAM,false
1940,POST_RESOLUTION_DIAGNOSTIC,,,,0,0,0,0,,DEPTH_SNAPSHOT_STREAM,false
1941,PRE_ELECTION,,60.0,,0,0,0,0,,DEPTH_SNAPSHOT_STREAM,false
1941,ELECTION_DAY_PRE_RESULTS,,11.0,,0,0,0,0,,DEPTH_SNAPSHOT_STREAM,false
1941,ACTIVE_RESULTS,,6.0,,0,0,0,0,,DEPTH_SNAPSHOT_STREAM,false
1941,LATE_COUNT,,43.0,,0,0,0,0,,DEPTH_SNAPSHOT_STREAM,false
1941,POST_RESOLUTION_DIAGNOSTIC,,,,0,0,0,0,,DEPTH_SNAPSHOT_STREAM,false
1942,PRE_ELECTION,,60.0,,0,0,0,0,,DEPTH_SNAPSHOT_STREAM,false
1942,ELECTION_DAY_PRE_RESULTS,,11.0,,0,0,0,0,,DEPTH_SNAPSHOT_STREAM,false
1942,ACTIVE_RESULTS,,6.0,,0,0,0,0,,DEPTH_SNAPSHOT_STREAM,false
1942,LATE_COUNT,,43.0,,0,0,0,0,,DEPTH_SNAPSHOT_STREAM,false
1942,POST_RESOLUTION_DIAGNOSTIC,,,,0,0,0,0,,DEPTH_SNAPSHOT_STREAM,false
1943,PRE_ELECTION,,60.0,,0,0,0,0,,DEPTH_SNAPSHOT_STREAM,false
1943,ELECTION_DAY_PRE_RESULTS,,11.0,,0,0,0,0,,DEPTH_SNAPSHOT_STREAM,false
1943,ACTIVE_RESULTS,,6.0,,0,0,0,0,,DEPTH_SNAPSHOT_STREAM,false
1943,LATE_COUNT,,43.0,,0,0,0,0,,DEPTH_SNAPSHOT_STREAM,false
1943,POST_RESOLUTION_DIAGNOSTIC,,,,0,0,0,0,,DEPTH_SNAPSHOT_STREAM,false
1944,PRE_ELECTION,,60.0,,0,0,0,0,,DEPTH_SNAPSHOT_STREAM,false
1944,ELECTION_DAY_PRE_RESULTS,,11.0,,0,0,0,0,,DEPTH_SNAPSHOT_STREAM,false
1944,ACTIVE_RESULTS,,6.0,,0,0,0,0,,DEPTH_SNAPSHOT_STREAM,false
1944,LATE_COUNT,,43.0,,0,0,0,0,,DEPTH_SNAPSHOT_STREAM,false
1944,POST_RESOLUTION_DIAGNOSTIC,,,,0,0,0,0,,DEPTH_SNAPSHOT_STREAM,false
1945,PRE_ELECTION,,60.0,,0,0,0,0,,DEPTH_SNAPSHOT_STREAM,false
1945,ELECTION_DAY_PRE_RESULTS,,11.0,,0,0,0,0,,DEPTH_SNAPSHOT_STREAM,false
1945,ACTIVE_RESULTS,,6.0,,0,0,0,0,,DEPTH_SNAPSHOT_STREAM,false
1945,LATE_COUNT,,43.0,,0,0,0,0,,DEPTH_SNAPSHOT_STREAM,false
1945,POST_RESOLUTION_DIAGNOSTIC,,,,0,0,0,0,,DEPTH_SNAPSHOT_STREAM,false
1946,PRE_ELECTION,,60.0,,0,0,0,0,,DEPTH_SNAPSHOT_STREAM,false
1946,ELECTION_DAY_PRE_RESULTS,,11.2,,0,0,0,0,,DEPTH_SNAPSHOT_STREAM,false
1946,ACTIVE_RESULTS,,6.0,,0,0,0,0,,DEPTH_SNAPSHOT_STREAM,false
1946,LATE_COUNT,,42.8,,0,0,0,0,,DEPTH_SNAPSHOT_STREAM,false
1946,POST_RESOLUTION_DIAGNOSTIC,,,,0,0,0,0,,DEPTH_SNAPSHOT_STREAM,false
1947,PRE_ELECTION,,60.0,,0,0,0,0,,DEPTH_SNAPSHOT_STREAM,false
1947,ELECTION_DAY_PRE_RESULTS,,11.2,,0,0,0,0,,DEPTH_SNAPSHOT_STREAM,false
1947,ACTIVE_RESULTS,,6.0,,0,0,0,0,,DEPTH_SNAPSHOT_STREAM,false
1947,LATE_COUNT,,42.8,,0,0,0,0,,DEPTH_SNAPSHOT_STREAM,false
1947,POST_RESOLUTION_DIAGNOSTIC,,,,0,0,0,0,,DEPTH_SNAPSHOT_STREAM,false
1948,PRE_ELECTION,,60.0,,0,0,0,0,,DEPTH_SNAPSHOT_STREAM,false
1948,ELECTION_DAY_PRE_RESULTS,,11.2,,0,0,0,0,,DEPTH_SNAPSHOT_STREAM,false
1948,ACTIVE_RESULTS,,6.0,,0,0,0,0,,DEPTH_SNAPSHOT_STREAM,false
1948,LATE_COUNT,,42.8,,0,0,0,0,,DEPTH_SNAPSHOT_STREAM,false
1948,POST_RESOLUTION_DIAGNOSTIC,,,,0,0,0,0,,DEPTH_SNAPSHOT_STREAM,false
1949,PRE_ELECTION,,60.0,,0,0,0,0,,DEPTH_SNAPSHOT_STREAM,false
1949,ELECTION_DAY_PRE_RESULTS,,11.2,,0,0,0,0,,DEPTH_SNAPSHOT_STREAM,false
1949,ACTIVE_RESULTS,,6.0,,0,0,0,0,,DEPTH_SNAPSHOT_STREAM,false
1949,LATE_COUNT,,42.8,,0,0,0,0,,DEPTH_SNAPSHOT_STREAM,false
1949,POST_RESOLUTION_DIAGNOSTIC,,,,0,0,0,0,,DEPTH_SNAPSHOT_STREAM,false
1950,PRE_ELECTION,,60.0,,0,0,0,0,,DEPTH_SNAPSHOT_STREAM,false
1950,ELECTION_DAY_PRE_RESULTS,,11.2,,0,0,0,0,,DEPTH_SNAPSHOT_STREAM,false
1950,ACTIVE_RESULTS,,6.0,,0,0,0,0,,DEPTH_SNAPSHOT_STREAM,false
1950,LATE_COUNT,,42.8,,0,0,0,0,,DEPTH_SNAPSHOT_STREAM,false
1950,POST_RESOLUTION_DIAGNOSTIC,,,,0,0,0,0,,DEPTH_SNAPSHOT_STREAM,false
1951,PRE_ELECTION,,60.0,,0,0,0,0,,DEPTH_SNAPSHOT_STREAM,false
1951,ELECTION_DAY_PRE_RESULTS,,11.2,,0,0,0,0,,DEPTH_SNAPSHOT_STREAM,false
1951,ACTIVE_RESULTS,,6.0,,0,0,0,0,,DEPTH_SNAPSHOT_STREAM,false
1951,LATE_COUNT,,42.8,,0,0,0,0,,DEPTH_SNAPSHOT_STREAM,false
1951,POST_RESOLUTION_DIAGNOSTIC,,,,0,0,0,0,,DEPTH_SNAPSHOT_STREAM,false
1952,PRE_ELECTION,,60.0,,0,0,0,0,,DEPTH_SNAPSHOT_STREAM,false
1952,ELECTION_DAY_PRE_RESULTS,,11.2,,0,0,0,0,,DEPTH_SNAPSHOT_STREAM,false
1952,ACTIVE_RESULTS,,6.0,,0,0,0,0,,DEPTH_SNAPSHOT_STREAM,false
1952,LATE_COUNT,,42.8,,0,0,0,0,,DEPTH_SNAPSHOT_STREAM,false
1952,POST_RESOLUTION_DIAGNOSTIC,,,,0,0,0,0,,DEPTH_SNAPSHOT_STREAM,false
1953,PRE_ELECTION,,60.0,,0,0,0,0,,DEPTH_SNAPSHOT_STREAM,false
1953,ELECTION_DAY_PRE_RESULTS,,11.2,,0,0,0,0,,DEPTH_SNAPSHOT_STREAM,false
1953,ACTIVE_RESULTS,,6.0,,0,0,0,0,,DEPTH_SNAPSHOT_STREAM,false
1953,LATE_COUNT,,42.8,,0,0,0,0,,DEPTH_SNAPSHOT_STREAM,false
1953,POST_RESOLUTION_DIAGNOSTIC,,,,0,0,0,0,,DEPTH_SNAPSHOT_STREAM,false
1954,PRE_ELECTION,,60.0,,0,0,0,0,,DEPTH_SNAPSHOT_STREAM,false
1954,ELECTION_DAY_PRE_RESULTS,,11.2,,0,0,0,0,,DEPTH_SNAPSHOT_STREAM,false
1954,ACTIVE_RESULTS,,6.0,,0,0,0,0,,DEPTH_SNAPSHOT_STREAM,false
1954,LATE_COUNT,,42.8,,0,0,0,0,,DEPTH_SNAPSHOT_STREAM,false
1954,POST_RESOLUTION_DIAGNOSTIC,,,,0,0,0,0,,DEPTH_SNAPSHOT_STREAM,false
1955,PRE_ELECTION,,60.0,,0,0,0,0,,DEPTH_SNAPSHOT_STREAM,false
1955,ELECTION_DAY_PRE_RESULTS,,11.2,,0,0,0,0,,DEPTH_SNAPSHOT_STREAM,false
1955,ACTIVE_RESULTS,,6.0,,0,0,0,0,,DEPTH_SNAPSHOT_STREAM,false
1955,LATE_COUNT,,42.8,,0,0,0,0,,DEPTH_SNAPSHOT_STREAM,false
1955,POST_RESOLUTION_DIAGNOSTIC,,,,0,0,0,0,,DEPTH_SNAPSHOT_STREAM,false
1956,PRE_ELECTION,,60.0,,0,0,0,0,,DEPTH_SNAPSHOT_STREAM,false
1956,ELECTION_DAY_PRE_RESULTS,,11.2,,0,0,0,0,,DEPTH_SNAPSHOT_STREAM,false
1956,ACTIVE_RESULTS,,6.0,,0,0,0,0,,DEPTH_SNAPSHOT_STREAM,false
1956,LATE_COUNT,,42.8,,0,0,0,0,,DEPTH_SNAPSHOT_STREAM,false
1956,POST_RESOLUTION_DIAGNOSTIC,,,,0,0,0,0,,DEPTH_SNAPSHOT_STREAM,false
1957,PRE_ELECTION,,60.0,,0,0,0,0,,DEPTH_SNAPSHOT_STREAM,false
1957,ELECTION_DAY_PRE_RESULTS,,11.2,,0,0,0,0,,DEPTH_SNAPSHOT_STREAM,false
1957,ACTIVE_RESULTS,,6.0,,0,0,0,0,,DEPTH_SNAPSHOT_STREAM,false
1957,LATE_COUNT,,42.8,,0,0,0,0,,DEPTH_SNAPSHOT_STREAM,false
1957,POST_RESOLUTION_DIAGNOSTIC,,,,0,0,0,0,,DEPTH_SNAPSHOT_STREAM,false
1958,PRE_ELECTION,,60.0,,0,0,0,0,,DEPTH_SNAPSHOT_STREAM,false
1958,ELECTION_DAY_PRE_RESULTS,,11.2,,0,0,0,0,,DEPTH_SNAPSHOT_STREAM,false
1958,ACTIVE_RESULTS,,6.0,,0,0,0,0,,DEPTH_SNAPSHOT_STREAM,false
1958,LATE_COUNT,,42.8,,0,0,0,0,,DEPTH_SNAPSHOT_STREAM,false
1958,POST_RESOLUTION_DIAGNOSTIC,,,,0,0,0,0,,DEPTH_SNAPSHOT_STREAM,false
1959,PRE_ELECTION,,60.0,,0,0,0,0,,DEPTH_SNAPSHOT_STREAM,false
1959,ELECTION_DAY_PRE_RESULTS,,11.2,,0,0,0,0,,DEPTH_SNAPSHOT_STREAM,false
1959,ACTIVE_RESULTS,,6.0,,0,0,0,0,,DEPTH_SNAPSHOT_STREAM,false
1959,LATE_COUNT,,42.8,,0,0,0,0,,DEPTH_SNAPSHOT_STREAM,false
1959,POST_RESOLUTION_DIAGNOSTIC,,,,0,0,0,0,,DEPTH_SNAPSHOT_STREAM,false
1960,PRE_ELECTION,,60.0,,0,0,0,0,,DEPTH_SNAPSHOT_STREAM,false
1960,ELECTION_DAY_PRE_RESULTS,,11.2,,0,0,0,0,,DEPTH_SNAPSHOT_STREAM,false
1960,ACTIVE_RESULTS,,6.0,,0,0,0,0,,DEPTH_SNAPSHOT_STREAM,false
1960,LATE_COUNT,,42.8,,0,0,0,0,,DEPTH_SNAPSHOT_STREAM,false
1960,POST_RESOLUTION_DIAGNOSTIC,,,,0,0,0,0,,DEPTH_SNAPSHOT_STREAM,false
1961,PRE_ELECTION,,60.0,,0,0,0,0,,DEPTH_SNAPSHOT_STREAM,false
1961,ELECTION_DAY_PRE_RESULTS,,11.2,,0,0,0,0,,DEPTH_SNAPSHOT_STREAM,false
1961,ACTIVE_RESULTS,,6.0,,0,0,0,0,,DEPTH_SNAPSHOT_STREAM,false
1961,LATE_COUNT,,42.8,,0,0,0,0,,DEPTH_SNAPSHOT_STREAM,false
1961,POST_RESOLUTION_DIAGNOSTIC,,,,0,0,0,0,,DEPTH_SNAPSHOT_STREAM,false
1962,PRE_ELECTION,,60.0,,0,0,0,0,,DEPTH_SNAPSHOT_STREAM,false
1962,ELECTION_DAY_PRE_RESULTS,,11.2,,0,0,0,0,,DEPTH_SNAPSHOT_STREAM,false
1962,ACTIVE_RESULTS,,6.0,,0,0,0,0,,DEPTH_SNAPSHOT_STREAM,false
1962,LATE_COUNT,,42.8,,0,0,0,0,,DEPTH_SNAPSHOT_STREAM,false
1962,POST_RESOLUTION_DIAGNOSTIC,,,,0,0,0,0,,DEPTH_SNAPSHOT_STREAM,false
1963,PRE_ELECTION,,60.0,,0,0,0,0,,DEPTH_SNAPSHOT_STREAM,false
1963,ELECTION_DAY_PRE_RESULTS,,11.2,,0,0,0,0,,DEPTH_SNAPSHOT_STREAM,false
1963,ACTIVE_RESULTS,,6.0,,0,0,0,0,,DEPTH_SNAPSHOT_STREAM,false
1963,LATE_COUNT,,42.8,,0,0,0,0,,DEPTH_SNAPSHOT_STREAM,false
1963,POST_RESOLUTION_DIAGNOSTIC,,,,0,0,0,0,,DEPTH_SNAPSHOT_STREAM,false
1964,PRE_ELECTION,,60.0,,0,0,0,0,,DEPTH_SNAPSHOT_STREAM,false
1964,ELECTION_DAY_PRE_RESULTS,,11.2,,0,0,0,0,,DEPTH_SNAPSHOT_STREAM,false
1964,ACTIVE_RESULTS,,6.0,,0,0,0,0,,DEPTH_SNAPSHOT_STREAM,false
1964,LATE_COUNT,,42.8,,0,0,0,0,,DEPTH_SNAPSHOT_STREAM,false
1964,POST_RESOLUTION_DIAGNOSTIC,,,,0,0,0,0,,DEPTH_SNAPSHOT_STREAM,false
1965,PRE_ELECTION,,60.0,,0,0,0,0,,DEPTH_SNAPSHOT_STREAM,false
1965,ELECTION_DAY_PRE_RESULTS,,11.2,,0,0,0,0,,DEPTH_SNAPSHOT_STREAM,false
1965,ACTIVE_RESULTS,,6.0,,0,0,0,0,,DEPTH_SNAPSHOT_STREAM,false
1965,LATE_COUNT,,42.8,,0,0,0,0,,DEPTH_SNAPSHOT_STREAM,false
1965,POST_RESOLUTION_DIAGNOSTIC,,,,0,0,0,0,,DEPTH_SNAPSHOT_STREAM,false
1966,PRE_ELECTION,,60.0,,0,0,0,0,,DEPTH_SNAPSHOT_STREAM,false
1966,ELECTION_DAY_PRE_RESULTS,,11.2,,0,0,0,0,,DEPTH_SNAPSHOT_STREAM,false
1966,ACTIVE_RESULTS,,6.0,,0,0,0,0,,DEPTH_SNAPSHOT_STREAM,false
1966,LATE_COUNT,,42.8,,0,0,0,0,,DEPTH_SNAPSHOT_STREAM,false
1966,POST_RESOLUTION_DIAGNOSTIC,,,,0,0,0,0,,DEPTH_SNAPSHOT_STREAM,false
1967,PRE_ELECTION,,60.0,,0,0,0,0,,DEPTH_SNAPSHOT_STREAM,false
1967,ELECTION_DAY_PRE_RESULTS,,11.2,,0,0,0,0,,DEPTH_SNAPSHOT_STREAM,false
1967,ACTIVE_RESULTS,,6.0,,0,0,0,0,,DEPTH_SNAPSHOT_STREAM,false
1967,LATE_COUNT,,42.8,,0,0,0,0,,DEPTH_SNAPSHOT_STREAM,false
1967,POST_RESOLUTION_DIAGNOSTIC,,,,0,0,0,0,,DEPTH_SNAPSHOT_STREAM,false
1968,PRE_ELECTION,,60.0,,0,0,0,0,,DEPTH_SNAPSHOT_STREAM,false
1968,ELECTION_DAY_PRE_RESULTS,,11.2,,0,0,0,0,,DEPTH_SNAPSHOT_STREAM,false
1968,ACTIVE_RESULTS,,6.0,,0,0,0,0,,DEPTH_SNAPSHOT_STREAM,false
1968,LATE_COUNT,,42.8,,0,0,0,0,,DEPTH_SNAPSHOT_STREAM,false
1968,POST_RESOLUTION_DIAGNOSTIC,,,,0,0,0,0,,DEPTH_SNAPSHOT_STREAM,false
1969,PRE_ELECTION,,60.0,,0,0,0,0,,DEPTH_SNAPSHOT_STREAM,false
1969,ELECTION_DAY_PRE_RESULTS,,11.2,,0,0,0,0,,DEPTH_SNAPSHOT_STREAM,false
1969,ACTIVE_RESULTS,,6.0,,0,0,0,0,,DEPTH_SNAPSHOT_STREAM,false
1969,LATE_COUNT,,42.8,,0,0,0,0,,DEPTH_SNAPSHOT_STREAM,false
1969,POST_RESOLUTION_DIAGNOSTIC,,,,0,0,0,0,,DEPTH_SNAPSHOT_STREAM,false
1970,PRE_ELECTION,,60.0,,0,0,0,0,,DEPTH_SNAPSHOT_STREAM,false
1970,ELECTION_DAY_PRE_RESULTS,,11.2,,0,0,0,0,,DEPTH_SNAPSHOT_STREAM,false
1970,ACTIVE_RESULTS,,6.0,,0,0,0,0,,DEPTH_SNAPSHOT_STREAM,false
1970,LATE_COUNT,,42.8,,0,0,0,0,,DEPTH_SNAPSHOT_STREAM,false
1970,POST_RESOLUTION_DIAGNOSTIC,,,,0,0,0,0,,DEPTH_SNAPSHOT_STREAM,false
1971,PRE_ELECTION,,60.0,,0,0,0,0,,DEPTH_SNAPSHOT_STREAM,false
1971,ELECTION_DAY_PRE_RESULTS,,11.2,,0,0,0,0,,DEPTH_SNAPSHOT_STREAM,false
1971,ACTIVE_RESULTS,,6.0,,0,0,0,0,,DEPTH_SNAPSHOT_STREAM,false
1971,LATE_COUNT,,42.8,,0,0,0,0,,DEPTH_SNAPSHOT_STREAM,false
1971,POST_RESOLUTION_DIAGNOSTIC,,,,0,0,0,0,,DEPTH_SNAPSHOT_STREAM,false
1972,PRE_ELECTION,,60.0,,0,0,0,0,,DEPTH_SNAPSHOT_STREAM,false
1972,ELECTION_DAY_PRE_RESULTS,,11.2,,0,0,0,0,,DEPTH_SNAPSHOT_STREAM,false
1972,ACTIVE_RESULTS,,6.0,,0,0,0,0,,DEPTH_SNAPSHOT_STREAM,false
1972,LATE_COUNT,,42.8,,0,0,0,0,,DEPTH_SNAPSHOT_STREAM,false
1972,POST_RESOLUTION_DIAGNOSTIC,,,,0,0,0,0,,DEPTH_SNAPSHOT_STREAM,false
1973,PRE_ELECTION,,60.0,,0,0,0,0,,DEPTH_SNAPSHOT_STREAM,false
1973,ELECTION_DAY_PRE_RESULTS,,11.2,,0,0,0,0,,DEPTH_SNAPSHOT_STREAM,false
1973,ACTIVE_RESULTS,,6.0,,0,0,0,0,,DEPTH_SNAPSHOT_STREAM,false
1973,LATE_COUNT,,42.8,,0,0,0,0,,DEPTH_SNAPSHOT_STREAM,false
1973,POST_RESOLUTION_DIAGNOSTIC,,,,0,0,0,0,,DEPTH_SNAPSHOT_STREAM,false
1974,PRE_ELECTION,,60.0,,0,0,0,0,,DEPTH_SNAPSHOT_STREAM,false
1974,ELECTION_DAY_PRE_RESULTS,,11.2,,0,0,0,0,,DEPTH_SNAPSHOT_STREAM,false
1974,ACTIVE_RESULTS,,6.0,,0,0,0,0,,DEPTH_SNAPSHOT_STREAM,false
1974,LATE_COUNT,,42.8,,0,0,0,0,,DEPTH_SNAPSHOT_STREAM,false
1974,POST_RESOLUTION_DIAGNOSTIC,,,,0,0,0,0,,DEPTH_SNAPSHOT_STREAM,false
1975,PRE_ELECTION,,60.0,,0,0,0,0,,DEPTH_SNAPSHOT_STREAM,false
1975,ELECTION_DAY_PRE_RESULTS,,11.2,,0,0,0,0,,DEPTH_SNAPSHOT_STREAM,false
1975,ACTIVE_RESULTS,,6.0,,0,0,0,0,,DEPTH_SNAPSHOT_STREAM,false
1975,LATE_COUNT,,42.8,,0,0,0,0,,DEPTH_SNAPSHOT_STREAM,false
1975,POST_RESOLUTION_DIAGNOSTIC,,,,0,0,0,0,,DEPTH_SNAPSHOT_STREAM,false
1976,PRE_ELECTION,,60.0,,0,0,0,0,,DEPTH_SNAPSHOT_STREAM,false
1976,ELECTION_DAY_PRE_RESULTS,,11.2,,0,0,0,0,,DEPTH_SNAPSHOT_STREAM,false
1976,ACTIVE_RESULTS,,6.0,,0,0,0,0,,DEPTH_SNAPSHOT_STREAM,false
1976,LATE_COUNT,,42.8,,0,0,0,0,,DEPTH_SNAPSHOT_STREAM,false
1976,POST_RESOLUTION_DIAGNOSTIC,,,,0,0,0,0,,DEPTH_SNAPSHOT_STREAM,false
1977,PRE_ELECTION,,60.0,,0,0,0,0,,DEPTH_SNAPSHOT_STREAM,false
1977,ELECTION_DAY_PRE_RESULTS,,11.2,,0,0,0,0,,DEPTH_SNAPSHOT_STREAM,false
1977,ACTIVE_RESULTS,,6.0,,0,0,0,0,,DEPTH_SNAPSHOT_STREAM,false
1977,LATE_COUNT,,42.8,,0,0,0,0,,DEPTH_SNAPSHOT_STREAM,false
1977,POST_RESOLUTION_DIAGNOSTIC,,,,0,0,0,0,,DEPTH_SNAPSHOT_STREAM,false
1978,PRE_ELECTION,,60.0,,0,0,0,0,,DEPTH_SNAPSHOT_STREAM,false
1978,ELECTION_DAY_PRE_RESULTS,,11.2,,0,0,0,0,,DEPTH_SNAPSHOT_STREAM,false
1978,ACTIVE_RESULTS,,6.0,,0,0,0,0,,DEPTH_SNAPSHOT_STREAM,false
1978,LATE_COUNT,,42.8,,0,0,0,0,,DEPTH_SNAPSHOT_STREAM,false
1978,POST_RESOLUTION_DIAGNOSTIC,,,,0,0,0,0,,DEPTH_SNAPSHOT_STREAM,false
1979,PRE_ELECTION,,60.0,,0,0,0,0,,DEPTH_SNAPSHOT_STREAM,false
1979,ELECTION_DAY_PRE_RESULTS,,11.2,,0,0,0,0,,DEPTH_SNAPSHOT_STREAM,false
1979,ACTIVE_RESULTS,,6.0,,0,0,0,0,,DEPTH_SNAPSHOT_STREAM,false
1979,LATE_COUNT,,42.8,,0,0,0,0,,DEPTH_SNAPSHOT_STREAM,false
1979,POST_RESOLUTION_DIAGNOSTIC,,,,0,0,0,0,,DEPTH_SNAPSHOT_STREAM,false
1980,PRE_ELECTION,,60.0,,0,0,0,0,,DEPTH_SNAPSHOT_STREAM,false
1980,ELECTION_DAY_PRE_RESULTS,,11.2,,0,0,0,0,,DEPTH_SNAPSHOT_STREAM,false
1980,ACTIVE_RESULTS,,6.0,,0,0,0,0,,DEPTH_SNAPSHOT_STREAM,false
1980,LATE_COUNT,,42.8,,0,0,0,0,,DEPTH_SNAPSHOT_STREAM,false
1980,POST_RESOLUTION_DIAGNOSTIC,,,,0,0,0,0,,DEPTH_SNAPSHOT_STREAM,false
1981,PRE_ELECTION,,60.0,,0,0,0,0,,DEPTH_SNAPSHOT_STREAM,false
1981,ELECTION_DAY_PRE_RESULTS,,11.2,,0,0,0,0,,DEPTH_SNAPSHOT_STREAM,false
1981,ACTIVE_RESULTS,,6.0,,0,0,0,0,,DEPTH_SNAPSHOT_STREAM,false
1981,LATE_COUNT,,42.8,,0,0,0,0,,DEPTH_SNAPSHOT_STREAM,false
1981,POST_RESOLUTION_DIAGNOSTIC,,,,0,0,0,0,,DEPTH_SNAPSHOT_STREAM,false
1982,PRE_ELECTION,,60.0,,0,0,0,0,,DEPTH_SNAPSHOT_STREAM,false
1982,ELECTION_DAY_PRE_RESULTS,,11.2,,0,0,0,0,,DEPTH_SNAPSHOT_STREAM,false
1982,ACTIVE_RESULTS,,6.0,,0,0,0,0,,DEPTH_SNAPSHOT_STREAM,false
1982,LATE_COUNT,,42.8,,0,0,0,0,,DEPTH_SNAPSHOT_STREAM,false
1982,POST_RESOLUTION_DIAGNOSTIC,,,,0,0,0,0,,DEPTH_SNAPSHOT_STREAM,false
1983,PRE_ELECTION,,60.0,,0,0,0,0,,DEPTH_SNAPSHOT_STREAM,false
1983,ELECTION_DAY_PRE_RESULTS,,11.2,,0,0,0,0,,DEPTH_SNAPSHOT_STREAM,false
1983,ACTIVE_RESULTS,,6.0,,0,0,0,0,,DEPTH_SNAPSHOT_STREAM,false
1983,LATE_COUNT,,42.8,,0,0,0,0,,DEPTH_SNAPSHOT_STREAM,false
1983,POST_RESOLUTION_DIAGNOSTIC,,,,0,0,0,0,,DEPTH_SNAPSHOT_STREAM,false
1984,PRE_ELECTION,,60.0,,0,0,0,0,,DEPTH_SNAPSHOT_STREAM,false
1984,ELECTION_DAY_PRE_RESULTS,,11.2,,0,0,0,0,,DEPTH_SNAPSHOT_STREAM,false
1984,ACTIVE_RESULTS,,6.0,,0,0,0,0,,DEPTH_SNAPSHOT_STREAM,false
1984,LATE_COUNT,,42.8,,0,0,0,0,,DEPTH_SNAPSHOT_STREAM,false
1984,POST_RESOLUTION_DIAGNOSTIC,,,,0,0,0,0,,DEPTH_SNAPSHOT_STREAM,false
1985,PRE_ELECTION,,60.0,,0,0,0,0,,DEPTH_SNAPSHOT_STREAM,false
1985,ELECTION_DAY_PRE_RESULTS,,11.2,,0,0,0,0,,DEPTH_SNAPSHOT_STREAM,false
1985,ACTIVE_RESULTS,,6.0,,0,0,0,0,,DEPTH_SNAPSHOT_STREAM,false
1985,LATE_COUNT,,42.8,,0,0,0,0,,DEPTH_SNAPSHOT_STREAM,false
1985,POST_RESOLUTION_DIAGNOSTIC,,,,0,0,0,0,,DEPTH_SNAPSHOT_STREAM,false
1986,PRE_ELECTION,,60.0,,0,0,0,0,,DEPTH_SNAPSHOT_STREAM,false
1986,ELECTION_DAY_PRE_RESULTS,,11.2,,0,0,0,0,,DEPTH_SNAPSHOT_STREAM,false
1986,ACTIVE_RESULTS,,6.0,,0,0,0,0,,DEPTH_SNAPSHOT_STREAM,false
1986,LATE_COUNT,,42.8,,0,0,0,0,,DEPTH_SNAPSHOT_STREAM,false
1986,POST_RESOLUTION_DIAGNOSTIC,,,,0,0,0,0,,DEPTH_SNAPSHOT_STREAM,false
1987,PRE_ELECTION,,60.0,,0,0,0,0,,DEPTH_SNAPSHOT_STREAM,false
1987,ELECTION_DAY_PRE_RESULTS,,11.2,,0,0,0,0,,DEPTH_SNAPSHOT_STREAM,false
1987,ACTIVE_RESULTS,,6.0,,0,0,0,0,,DEPTH_SNAPSHOT_STREAM,false
1987,LATE_COUNT,,42.8,,0,0,0,0,,DEPTH_SNAPSHOT_STREAM,false
1987,POST_RESOLUTION_DIAGNOSTIC,,,,0,0,0,0,,DEPTH_SNAPSHOT_STREAM,false
1988,PRE_ELECTION,,60.0,,0,0,0,0,,DEPTH_SNAPSHOT_STREAM,false
1988,ELECTION_DAY_PRE_RESULTS,,11.2,,0,0,0,0,,DEPTH_SNAPSHOT_STREAM,false
1988,ACTIVE_RESULTS,,6.0,,0,0,0,0,,DEPTH_SNAPSHOT_STREAM,false
1988,LATE_COUNT,,42.8,,0,0,0,0,,DEPTH_SNAPSHOT_STREAM,false
1988,POST_RESOLUTION_DIAGNOSTIC,,,,0,0,0,0,,DEPTH_SNAPSHOT_STREAM,false
1989,PRE_ELECTION,,60.0,,0,0,0,0,,DEPTH_SNAPSHOT_STREAM,false
1989,ELECTION_DAY_PRE_RESULTS,,11.2,,0,0,0,0,,DEPTH_SNAPSHOT_STREAM,false
1989,ACTIVE_RESULTS,,6.0,,0,0,0,0,,DEPTH_SNAPSHOT_STREAM,false
1989,LATE_COUNT,,42.8,,0,0,0,0,,DEPTH_SNAPSHOT_STREAM,false
1989,POST_RESOLUTION_DIAGNOSTIC,,,,0,0,0,0,,DEPTH_SNAPSHOT_STREAM,false
1990,PRE_ELECTION,,60.0,,0,0,0,0,,DEPTH_SNAPSHOT_STREAM,false
1990,ELECTION_DAY_PRE_RESULTS,,11.2,,0,0,0,0,,DEPTH_SNAPSHOT_STREAM,false
1990,ACTIVE_RESULTS,,6.0,,0,0,0,0,,DEPTH_SNAPSHOT_STREAM,false
1990,LATE_COUNT,,42.8,,0,0,0,0,,DEPTH_SNAPSHOT_STREAM,false
1990,POST_RESOLUTION_DIAGNOSTIC,,,,0,0,0,0,,DEPTH_SNAPSHOT_STREAM,false
1991,PRE_ELECTION,,60.0,,0,0,0,0,,DEPTH_SNAPSHOT_STREAM,false
1991,ELECTION_DAY_PRE_RESULTS,,11.2,,0,0,0,0,,DEPTH_SNAPSHOT_STREAM,false
1991,ACTIVE_RESULTS,,6.0,,0,0,0,0,,DEPTH_SNAPSHOT_STREAM,false
1991,LATE_COUNT,,42.8,,0,0,0,0,,DEPTH_SNAPSHOT_STREAM,false
1991,POST_RESOLUTION_DIAGNOSTIC,,,,0,0,0,0,,DEPTH_SNAPSHOT_STREAM,false
1992,PRE_ELECTION,,60.0,,0,0,0,0,,DEPTH_SNAPSHOT_STREAM,false
1992,ELECTION_DAY_PRE_RESULTS,,11.2,,0,0,0,0,,DEPTH_SNAPSHOT_STREAM,false
1992,ACTIVE_RESULTS,,6.0,,0,0,0,0,,DEPTH_SNAPSHOT_STREAM,false
1992,LATE_COUNT,,42.8,,0,0,0,0,,DEPTH_SNAPSHOT_STREAM,false
1992,POST_RESOLUTION_DIAGNOSTIC,,,,0,0,0,0,,DEPTH_SNAPSHOT_STREAM,false
1993,PRE_ELECTION,,60.0,,0,0,0,0,,DEPTH_SNAPSHOT_STREAM,false
1993,ELECTION_DAY_PRE_RESULTS,,11.2,,0,0,0,0,,DEPTH_SNAPSHOT_STREAM,false
1993,ACTIVE_RESULTS,,6.0,,0,0,0,0,,DEPTH_SNAPSHOT_STREAM,false
1993,LATE_COUNT,,42.8,,0,0,0,0,,DEPTH_SNAPSHOT_STREAM,false
1993,POST_RESOLUTION_DIAGNOSTIC,,,,0,0,0,0,,DEPTH_SNAPSHOT_STREAM,false
1994,PRE_ELECTION,,60.0,,0,0,0,0,,DEPTH_SNAPSHOT_STREAM,false
1994,ELECTION_DAY_PRE_RESULTS,,11.2,,0,0,0,0,,DEPTH_SNAPSHOT_STREAM,false
1994,ACTIVE_RESULTS,,6.0,,0,0,0,0,,DEPTH_SNAPSHOT_STREAM,false
1994,LATE_COUNT,,42.8,,0,0,0,0,,DEPTH_SNAPSHOT_STREAM,false
1994,POST_RESOLUTION_DIAGNOSTIC,,,,0,0,0,0,,DEPTH_SNAPSHOT_STREAM,false
1995,PRE_ELECTION,,60.0,,0,0,0,0,,DEPTH_SNAPSHOT_STREAM,false
1995,ELECTION_DAY_PRE_RESULTS,,11.2,,0,0,0,0,,DEPTH_SNAPSHOT_STREAM,false
1995,ACTIVE_RESULTS,,6.0,,0,0,0,0,,DEPTH_SNAPSHOT_STREAM,false
1995,LATE_COUNT,,42.8,,0,0,0,0,,DEPTH_SNAPSHOT_STREAM,false
1995,POST_RESOLUTION_DIAGNOSTIC,,,,0,0,0,0,,DEPTH_SNAPSHOT_STREAM,false
1996,PRE_ELECTION,,60.0,,0,0,0,0,,DEPTH_SNAPSHOT_STREAM,false
1996,ELECTION_DAY_PRE_RESULTS,,11.2,,0,0,0,0,,DEPTH_SNAPSHOT_STREAM,false
1996,ACTIVE_RESULTS,,6.0,,0,0,0,0,,DEPTH_SNAPSHOT_STREAM,false
1996,LATE_COUNT,,42.8,,0,0,0,0,,DEPTH_SNAPSHOT_STREAM,false
1996,POST_RESOLUTION_DIAGNOSTIC,,,,0,0,0,0,,DEPTH_SNAPSHOT_STREAM,false
1997,PRE_ELECTION,,60.0,,0,0,0,0,,DEPTH_SNAPSHOT_STREAM,false
1997,ELECTION_DAY_PRE_RESULTS,,11.2,,0,0,0,0,,DEPTH_SNAPSHOT_STREAM,false
1997,ACTIVE_RESULTS,,6.0,,0,0,0,0,,DEPTH_SNAPSHOT_STREAM,false
1997,LATE_COUNT,,42.8,,0,0,0,0,,DEPTH_SNAPSHOT_STREAM,false
1997,POST_RESOLUTION_DIAGNOSTIC,,,,0,0,0,0,,DEPTH_SNAPSHOT_STREAM,false
1998,PRE_ELECTION,,60.0,,0,0,0,0,,DEPTH_SNAPSHOT_STREAM,false
1998,ELECTION_DAY_PRE_RESULTS,,11.2,,0,0,0,0,,DEPTH_SNAPSHOT_STREAM,false
1998,ACTIVE_RESULTS,,6.0,,0,0,0,0,,DEPTH_SNAPSHOT_STREAM,false
1998,LATE_COUNT,,42.8,,0,0,0,0,,DEPTH_SNAPSHOT_STREAM,false
1998,POST_RESOLUTION_DIAGNOSTIC,,,,0,0,0,0,,DEPTH_SNAPSHOT_STREAM,false
1999,PRE_ELECTION,,60.0,,0,0,0,0,,DEPTH_SNAPSHOT_STREAM,false
1999,ELECTION_DAY_PRE_RESULTS,,11.2,,0,0,0,0,,DEPTH_SNAPSHOT_STREAM,false
1999,ACTIVE_RESULTS,,6.0,,0,0,0,0,,DEPTH_SNAPSHOT_STREAM,false
1999,LATE_COUNT,,42.8,,0,0,0,0,,DEPTH_SNAPSHOT_STREAM,false
1999,POST_RESOLUTION_DIAGNOSTIC,,,,0,0,0,0,,DEPTH_SNAPSHOT_STREAM,false
2000,PRE_ELECTION,,60.0,,0,0,0,0,,DEPTH_SNAPSHOT_STREAM,false
2000,ELECTION_DAY_PRE_RESULTS,,11.2,,0,0,0,0,,DEPTH_SNAPSHOT_STREAM,false
2000,ACTIVE_RESULTS,,6.0,,0,0,0,0,,DEPTH_SNAPSHOT_STREAM,false
2000,LATE_COUNT,,42.8,,0,0,0,0,,DEPTH_SNAPSHOT_STREAM,false
2000,POST_RESOLUTION_DIAGNOSTIC,,,,0,0,0,0,,DEPTH_SNAPSHOT_STREAM,false
2001,PRE_ELECTION,,60.0,,0,0,0,0,,DEPTH_SNAPSHOT_STREAM,false
2001,ELECTION_DAY_PRE_RESULTS,,11.2,,0,0,0,0,,DEPTH_SNAPSHOT_STREAM,false
2001,ACTIVE_RESULTS,,6.0,,0,0,0,0,,DEPTH_SNAPSHOT_STREAM,false
2001,LATE_COUNT,,42.8,,0,0,0,0,,DEPTH_SNAPSHOT_STREAM,false
2001,POST_RESOLUTION_DIAGNOSTIC,,,,0,0,0,0,,DEPTH_SNAPSHOT_STREAM,false
2002,PRE_ELECTION,,60.0,,0,0,0,0,,DEPTH_SNAPSHOT_STREAM,false
2002,ELECTION_DAY_PRE_RESULTS,,11.2,,0,0,0,0,,DEPTH_SNAPSHOT_STREAM,false
2002,ACTIVE_RESULTS,,6.0,,0,0,0,0,,DEPTH_SNAPSHOT_STREAM,false
2002,LATE_COUNT,,42.8,,0,0,0,0,,DEPTH_SNAPSHOT_STREAM,false
2002,POST_RESOLUTION_DIAGNOSTIC,,,,0,0,0,0,,DEPTH_SNAPSHOT_STREAM,false
2003,PRE_ELECTION,,60.0,,0,0,0,0,,DEPTH_SNAPSHOT_STREAM,false
2003,ELECTION_DAY_PRE_RESULTS,,11.2,,0,0,0,0,,DEPTH_SNAPSHOT_STREAM,false
2003,ACTIVE_RESULTS,,6.0,,0,0,0,0,,DEPTH_SNAPSHOT_STREAM,false
2003,LATE_COUNT,,42.8,,0,0,0,0,,DEPTH_SNAPSHOT_STREAM,false
2003,POST_RESOLUTION_DIAGNOSTIC,,,,0,0,0,0,,DEPTH_SNAPSHOT_STREAM,false
2004,PRE_ELECTION,,60.0,,0,0,0,0,,DEPTH_SNAPSHOT_STREAM,false
2004,ELECTION_DAY_PRE_RESULTS,,11.2,,0,0,0,0,,DEPTH_SNAPSHOT_STREAM,false
2004,ACTIVE_RESULTS,,6.0,,0,0,0,0,,DEPTH_SNAPSHOT_STREAM,false
2004,LATE_COUNT,,42.8,,0,0,0,0,,DEPTH_SNAPSHOT_STREAM,false
2004,POST_RESOLUTION_DIAGNOSTIC,,,,0,0,0,0,,DEPTH_SNAPSHOT_STREAM,false
2005,PRE_ELECTION,,60.0,,0,0,0,0,,DEPTH_SNAPSHOT_STREAM,false
2005,ELECTION_DAY_PRE_RESULTS,,11.2,,0,0,0,0,,DEPTH_SNAPSHOT_STREAM,false
2005,ACTIVE_RESULTS,,6.0,,0,0,0,0,,DEPTH_SNAPSHOT_STREAM,false
2005,LATE_COUNT,,42.8,,0,0,0,0,,DEPTH_SNAPSHOT_STREAM,false
2005,POST_RESOLUTION_DIAGNOSTIC,,,,0,0,0,0,,DEPTH_SNAPSHOT_STREAM,false
2006,PRE_ELECTION,,60.0,,0,0,0,0,,DEPTH_SNAPSHOT_STREAM,false
2006,ELECTION_DAY_PRE_RESULTS,,11.2,,0,0,0,0,,DEPTH_SNAPSHOT_STREAM,false
2006,ACTIVE_RESULTS,,6.0,,0,0,0,0,,DEPTH_SNAPSHOT_STREAM,false
2006,LATE_COUNT,,42.8,,0,0,0,0,,DEPTH_SNAPSHOT_STREAM,false
2006,POST_RESOLUTION_DIAGNOSTIC,,,,0,0,0,0,,DEPTH_SNAPSHOT_STREAM,false
2007,PRE_ELECTION,,60.0,,0,0,0,0,,DEPTH_SNAPSHOT_STREAM,false
2007,ELECTION_DAY_PRE_RESULTS,,11.2,,0,0,0,0,,DEPTH_SNAPSHOT_STREAM,false
2007,ACTIVE_RESULTS,,6.0,,0,0,0,0,,DEPTH_SNAPSHOT_STREAM,false
2007,LATE_COUNT,,42.8,,0,0,0,0,,DEPTH_SNAPSHOT_STREAM,false
2007,POST_RESOLUTION_DIAGNOSTIC,,,,0,0,0,0,,DEPTH_SNAPSHOT_STREAM,false
2008,PRE_ELECTION,,60.0,,0,0,0,0,,DEPTH_SNAPSHOT_STREAM,false
2008,ELECTION_DAY_PRE_RESULTS,,11.2,,0,0,0,0,,DEPTH_SNAPSHOT_STREAM,false
2008,ACTIVE_RESULTS,,6.0,,0,0,0,0,,DEPTH_SNAPSHOT_STREAM,false
2008,LATE_COUNT,,42.8,,0,0,0,0,,DEPTH_SNAPSHOT_STREAM,false
2008,POST_RESOLUTION_DIAGNOSTIC,,,,0,0,0,0,,DEPTH_SNAPSHOT_STREAM,false
2009,PRE_ELECTION,,60.0,,0,0,0,0,,DEPTH_SNAPSHOT_STREAM,false
2009,ELECTION_DAY_PRE_RESULTS,,11.2,,0,0,0,0,,DEPTH_SNAPSHOT_STREAM,false
2009,ACTIVE_RESULTS,,6.0,,0,0,0,0,,DEPTH_SNAPSHOT_STREAM,false
2009,LATE_COUNT,,42.8,,0,0,0,0,,DEPTH_SNAPSHOT_STREAM,false
2009,POST_RESOLUTION_DIAGNOSTIC,,,,0,0,0,0,,DEPTH_SNAPSHOT_STREAM,false
2010,PRE_ELECTION,,60.0,,0,0,0,0,,DEPTH_SNAPSHOT_STREAM,false
2010,ELECTION_DAY_PRE_RESULTS,,11.2,,0,0,0,0,,DEPTH_SNAPSHOT_STREAM,false
2010,ACTIVE_RESULTS,,6.0,,0,0,0,0,,DEPTH_SNAPSHOT_STREAM,false
2010,LATE_COUNT,,42.8,,0,0,0,0,,DEPTH_SNAPSHOT_STREAM,false
2010,POST_RESOLUTION_DIAGNOSTIC,,,,0,0,0,0,,DEPTH_SNAPSHOT_STREAM,false
2011,PRE_ELECTION,,60.0,,0,0,0,0,,DEPTH_SNAPSHOT_STREAM,false
2011,ELECTION_DAY_PRE_RESULTS,,11.2,,0,0,0,0,,DEPTH_SNAPSHOT_STREAM,false
2011,ACTIVE_RESULTS,,6.0,,0,0,0,0,,DEPTH_SNAPSHOT_STREAM,false
2011,LATE_COUNT,,42.8,,0,0,0,0,,DEPTH_SNAPSHOT_STREAM,false
2011,POST_RESOLUTION_DIAGNOSTIC,,,,0,0,0,0,,DEPTH_SNAPSHOT_STREAM,false
2012,PRE_ELECTION,,60.0,,0,0,0,0,,DEPTH_SNAPSHOT_STREAM,false
2012,ELECTION_DAY_PRE_RESULTS,,11.2,,0,0,0,0,,DEPTH_SNAPSHOT_STREAM,false
2012,ACTIVE_RESULTS,,6.0,,0,0,0,0,,DEPTH_SNAPSHOT_STREAM,false
2012,LATE_COUNT,,42.8,,0,0,0,0,,DEPTH_SNAPSHOT_STREAM,false
2012,POST_RESOLUTION_DIAGNOSTIC,,,,0,0,0,0,,DEPTH_SNAPSHOT_STREAM,false
2013,PRE_ELECTION,,60.0,,0,0,0,0,,DEPTH_SNAPSHOT_STREAM,false
2013,ELECTION_DAY_PRE_RESULTS,,11.2,,0,0,0,0,,DEPTH_SNAPSHOT_STREAM,false
2013,ACTIVE_RESULTS,,6.0,,0,0,0,0,,DEPTH_SNAPSHOT_STREAM,false
2013,LATE_COUNT,,42.8,,0,0,0,0,,DEPTH_SNAPSHOT_STREAM,false
2013,POST_RESOLUTION_DIAGNOSTIC,,,,0,0,0,0,,DEPTH_SNAPSHOT_STREAM,false
2014,PRE_ELECTION,,60.0,,0,0,0,0,,DEPTH_SNAPSHOT_STREAM,false
2014,ELECTION_DAY_PRE_RESULTS,,11.2,,0,0,0,0,,DEPTH_SNAPSHOT_STREAM,false
2014,ACTIVE_RESULTS,,6.0,,0,0,0,0,,DEPTH_SNAPSHOT_STREAM,false
2014,LATE_COUNT,,42.8,,0,0,0,0,,DEPTH_SNAPSHOT_STREAM,false
2014,POST_RESOLUTION_DIAGNOSTIC,,,,0,0,0,0,,DEPTH_SNAPSHOT_STREAM,false
2015,PRE_ELECTION,,60.0,,0,0,0,0,,DEPTH_SNAPSHOT_STREAM,false
2015,ELECTION_DAY_PRE_RESULTS,,11.2,,0,0,0,0,,DEPTH_SNAPSHOT_STREAM,false
2015,ACTIVE_RESULTS,,6.0,,0,0,0,0,,DEPTH_SNAPSHOT_STREAM,false
2015,LATE_COUNT,,42.8,,0,0,0,0,,DEPTH_SNAPSHOT_STREAM,false
2015,POST_RESOLUTION_DIAGNOSTIC,,,,0,0,0,0,,DEPTH_SNAPSHOT_STREAM,false
2016,PRE_ELECTION,,60.0,,0,0,0,0,,DEPTH_SNAPSHOT_STREAM,false
2016,ELECTION_DAY_PRE_RESULTS,,11.2,,0,0,0,0,,DEPTH_SNAPSHOT_STREAM,false
2016,ACTIVE_RESULTS,,6.0,,0,0,0,0,,DEPTH_SNAPSHOT_STREAM,false
2016,LATE_COUNT,,42.8,,0,0,0,0,,DEPTH_SNAPSHOT_STREAM,false
2016,POST_RESOLUTION_DIAGNOSTIC,,,,0,0,0,0,,DEPTH_SNAPSHOT_STREAM,false
2017,PRE_ELECTION,,60.0,,0,0,0,0,,DEPTH_SNAPSHOT_STREAM,false
2017,ELECTION_DAY_PRE_RESULTS,,11.2,,0,0,0,0,,DEPTH_SNAPSHOT_STREAM,false
2017,ACTIVE_RESULTS,,6.0,,0,0,0,0,,DEPTH_SNAPSHOT_STREAM,false
2017,LATE_COUNT,,42.8,,0,0,0,0,,DEPTH_SNAPSHOT_STREAM,false
2017,POST_RESOLUTION_DIAGNOSTIC,,,,0,0,0,0,,DEPTH_SNAPSHOT_STREAM,false
2018,PRE_ELECTION,,60.0,,0,0,0,0,,DEPTH_SNAPSHOT_STREAM,false
2018,ELECTION_DAY_PRE_RESULTS,,11.2,,0,0,0,0,,DEPTH_SNAPSHOT_STREAM,false
2018,ACTIVE_RESULTS,,6.0,,0,0,0,0,,DEPTH_SNAPSHOT_STREAM,false
2018,LATE_COUNT,,42.8,,0,0,0,0,,DEPTH_SNAPSHOT_STREAM,false
2018,POST_RESOLUTION_DIAGNOSTIC,,,,0,0,0,0,,DEPTH_SNAPSHOT_STREAM,false
2019,PRE_ELECTION,,60.0,,0,0,0,0,,DEPTH_SNAPSHOT_STREAM,false
2019,ELECTION_DAY_PRE_RESULTS,,11.2,,0,0,0,0,,DEPTH_SNAPSHOT_STREAM,false
2019,ACTIVE_RESULTS,,6.0,,0,0,0,0,,DEPTH_SNAPSHOT_STREAM,false
2019,LATE_COUNT,,42.8,,0,0,0,0,,DEPTH_SNAPSHOT_STREAM,false
2019,POST_RESOLUTION_DIAGNOSTIC,,,,0,0,0,0,,DEPTH_SNAPSHOT_STREAM,false
2020,PRE_ELECTION,,60.0,,0,0,0,0,,DEPTH_SNAPSHOT_STREAM,false
2020,ELECTION_DAY_PRE_RESULTS,,11.2,,0,0,0,0,,DEPTH_SNAPSHOT_STREAM,false
2020,ACTIVE_RESULTS,,6.0,,0,0,0,0,,DEPTH_SNAPSHOT_STREAM,false
2020,LATE_COUNT,,42.8,,0,0,0,0,,DEPTH_SNAPSHOT_STREAM,false
2020,POST_RESOLUTION_DIAGNOSTIC,,,,0,0,0,0,,DEPTH_SNAPSHOT_STREAM,false
2021,PRE_ELECTION,,60.0,,0,0,0,0,,DEPTH_SNAPSHOT_STREAM,false
2021,ELECTION_DAY_PRE_RESULTS,,11.2,,0,0,0,0,,DEPTH_SNAPSHOT_STREAM,false
2021,ACTIVE_RESULTS,,6.0,,0,0,0,0,,DEPTH_SNAPSHOT_STREAM,false
2021,LATE_COUNT,,42.8,,0,0,0,0,,DEPTH_SNAPSHOT_STREAM,false
2021,POST_RESOLUTION_DIAGNOSTIC,,,,0,0,0,0,,DEPTH_SNAPSHOT_STREAM,false
2022,PRE_ELECTION,,60.0,,0,0,0,0,,DEPTH_SNAPSHOT_STREAM,false
2022,ELECTION_DAY_PRE_RESULTS,,11.2,,0,0,0,0,,DEPTH_SNAPSHOT_STREAM,false
2022,ACTIVE_RESULTS,,6.0,,0,0,0,0,,DEPTH_SNAPSHOT_STREAM,false
2022,LATE_COUNT,,42.8,,0,0,0,0,,DEPTH_SNAPSHOT_STREAM,false
2022,POST_RESOLUTION_DIAGNOSTIC,,,,0,0,0,0,,DEPTH_SNAPSHOT_STREAM,false
2023,PRE_ELECTION,,60.0,,0,0,0,0,,DEPTH_SNAPSHOT_STREAM,false
2023,ELECTION_DAY_PRE_RESULTS,,11.2,,0,0,0,0,,DEPTH_SNAPSHOT_STREAM,false
2023,ACTIVE_RESULTS,,6.0,,0,0,0,0,,DEPTH_SNAPSHOT_STREAM,false
2023,LATE_COUNT,23.145029,42.8,0.54077171,36085,70,9,17,801.445,BBO_CHANGE_STREAM,false
2023,POST_RESOLUTION_DIAGNOSTIC,,,,0,0,0,0,,DEPTH_SNAPSHOT_STREAM,false
2024,PRE_ELECTION,,60.0,,0,0,0,0,,DEPTH_SNAPSHOT_STREAM,false
2024,ELECTION_DAY_PRE_RESULTS,,11.2,,0,0,0,0,,DEPTH_SNAPSHOT_STREAM,false
2024,ACTIVE_RESULTS,,6.0,,0,0,0,0,,DEPTH_SNAPSHOT_STREAM,false
2024,LATE_COUNT,,42.8,,0,0,0,0,,DEPTH_SNAPSHOT_STREAM,false
2024,POST_RESOLUTION_DIAGNOSTIC,,,,0,0,0,0,,DEPTH_SNAPSHOT_STREAM,false
2025,PRE_ELECTION,,60.0,,0,0,0,0,,DEPTH_SNAPSHOT_STREAM,false
2025,ELECTION_DAY_PRE_RESULTS,,11.2,,0,0,0,0,,DEPTH_SNAPSHOT_STREAM,false
2025,ACTIVE_RESULTS,,6.0,,0,0,0,0,,DEPTH_SNAPSHOT_STREAM,false
2025,LATE_COUNT,23.145074,42.8,0.54077276,36087,83,7,24,801.445,BBO_CHANGE_STREAM,false
2025,POST_RESOLUTION_DIAGNOSTIC,,,,0,0,0,0,,DEPTH_SNAPSHOT_STREAM,false
2026,PRE_ELECTION,,60.0,,0,0,0,0,,DEPTH_SNAPSHOT_STREAM,false
2026,ELECTION_DAY_PRE_RESULTS,,11.2,,0,0,0,0,,DEPTH_SNAPSHOT_STREAM,false
2026,ACTIVE_RESULTS,,6.0,,0,0,0,0,,DEPTH_SNAPSHOT_STREAM,false
2026,LATE_COUNT,,42.8,,0,0,0,0,,DEPTH_SNAPSHOT_STREAM,false
2026,POST_RESOLUTION_DIAGNOSTIC,,,,0,0,0,0,,DEPTH_SNAPSHOT_STREAM,false
2027,PRE_ELECTION,,60.0,,0,0,0,0,,DEPTH_SNAPSHOT_STREAM,false
2027,ELECTION_DAY_PRE_RESULTS,,11.2,,0,0,0,0,,DEPTH_SNAPSHOT_STREAM,false
2027,ACTIVE_RESULTS,,6.0,,0,0,0,0,,DEPTH_SNAPSHOT_STREAM,false
2027,LATE_COUNT,,42.8,,0,0,0,0,,DEPTH_SNAPSHOT_STREAM,false
2027,POST_RESOLUTION_DIAGNOSTIC,,,,0,0,0,0,,DEPTH_SNAPSHOT_STREAM,false
2028,PRE_ELECTION,,60.0,,0,0,0,0,,DEPTH_SNAPSHOT_STREAM,false
2028,ELECTION_DAY_PRE_RESULTS,,11.2,,0,0,0,0,,DEPTH_SNAPSHOT_STREAM,false
2028,ACTIVE_RESULTS,,6.0,,0,0,0,0,,DEPTH_SNAPSHOT_STREAM,false
2028,LATE_COUNT,,42.8,,0,0,0,0,,DEPTH_SNAPSHOT_STREAM,false
2028,POST_RESOLUTION_DIAGNOSTIC,,,,0,0,0,0,,DEPTH_SNAPSHOT_STREAM,false
2029,PRE_ELECTION,,60.0,,0,0,0,0,,DEPTH_SNAPSHOT_STREAM,false
2029,ELECTION_DAY_PRE_RESULTS,,11.2,,0,0,0,0,,DEPTH_SNAPSHOT_STREAM,false
2029,ACTIVE_RESULTS,,6.0,,0,0,0,0,,DEPTH_SNAPSHOT_STREAM,false
2029,LATE_COUNT,,42.8,,0,0,0,0,,DEPTH_SNAPSHOT_STREAM,false
2029,POST_RESOLUTION_DIAGNOSTIC,,,,0,0,0,0,,DEPTH_SNAPSHOT_STREAM,false
2030,PRE_ELECTION,,60.0,,0,0,0,0,,DEPTH_SNAPSHOT_STREAM,false
2030,ELECTION_DAY_PRE_RESULTS,,11.2,,0,0,0,0,,DEPTH_SNAPSHOT_STREAM,false
2030,ACTIVE_RESULTS,,6.0,,0,0,0,0,,DEPTH_SNAPSHOT_STREAM,false
2030,LATE_COUNT,,42.8,,0,0,0,0,,DEPTH_SNAPSHOT_STREAM,false
2030,POST_RESOLUTION_DIAGNOSTIC,,,,0,0,0,0,,DEPTH_SNAPSHOT_STREAM,false
2031,PRE_ELECTION,,60.0,,0,0,0,0,,DEPTH_SNAPSHOT_STREAM,false
2031,ELECTION_DAY_PRE_RESULTS,,11.2,,0,0,0,0,,DEPTH_SNAPSHOT_STREAM,false
2031,ACTIVE_RESULTS,,6.0,,0,0,0,0,,DEPTH_SNAPSHOT_STREAM,false
2031,LATE_COUNT,,42.8,,0,0,0,0,,DEPTH_SNAPSHOT_STREAM,false
2031,POST_RESOLUTION_DIAGNOSTIC,,,,0,0,0,0,,DEPTH_SNAPSHOT_STREAM,false
2032,PRE_ELECTION,,60.0,,0,0,0,0,,DEPTH_SNAPSHOT_STREAM,false
2032,ELECTION_DAY_PRE_RESULTS,,11.2,,0,0,0,0,,DEPTH_SNAPSHOT_STREAM,false
2032,ACTIVE_RESULTS,,6.0,,0,0,0,0,,DEPTH_SNAPSHOT_STREAM,false
2032,LATE_COUNT,,42.8,,0,0,0,0,,DEPTH_SNAPSHOT_STREAM,false
2032,POST_RESOLUTION_DIAGNOSTIC,,,,0,0,0,0,,DEPTH_SNAPSHOT_STREAM,false
2033,PRE_ELECTION,,60.0,,0,0,0,0,,DEPTH_SNAPSHOT_STREAM,false
2033,ELECTION_DAY_PRE_RESULTS,,11.2,,0,0,0,0,,DEPTH_SNAPSHOT_STREAM,false
2033,ACTIVE_RESULTS,,6.0,,0,0,0,0,,DEPTH_SNAPSHOT_STREAM,false
2033,LATE_COUNT,,42.8,,0,0,0,0,,DEPTH_SNAPSHOT_STREAM,false
2033,POST_RESOLUTION_DIAGNOSTIC,,,,0,0,0,0,,DEPTH_SNAPSHOT_STREAM,false
2034,PRE_ELECTION,,60.0,,0,0,0,0,,DEPTH_SNAPSHOT_STREAM,false
2034,ELECTION_DAY_PRE_RESULTS,,11.2,,0,0,0,0,,DEPTH_SNAPSHOT_STREAM,false
2034,ACTIVE_RESULTS,,6.0,,0,0,0,0,,DEPTH_SNAPSHOT_STREAM,false
2034,LATE_COUNT,,42.8,,0,0,0,0,,DEPTH_SNAPSHOT_STREAM,false
2034,POST_RESOLUTION_DIAGNOSTIC,,,,0,0,0,0,,DEPTH_SNAPSHOT_STREAM,false
2035,PRE_ELECTION,,60.0,,0,0,0,0,,DEPTH_SNAPSHOT_STREAM,false
2035,ELECTION_DAY_PRE_RESULTS,,11.2,,0,0,0,0,,DEPTH_SNAPSHOT_STREAM,false
2035,ACTIVE_RESULTS,,6.0,,0,0,0,0,,DEPTH_SNAPSHOT_STREAM,false
2035,LATE_COUNT,,42.8,,0,0,0,0,,DEPTH_SNAPSHOT_STREAM,false
2035,POST_RESOLUTION_DIAGNOSTIC,,,,0,0,0,0,,DEPTH_SNAPSHOT_STREAM,false
2036,PRE_ELECTION,,60.0,,0,0,0,0,,DEPTH_SNAPSHOT_STREAM,false
2036,ELECTION_DAY_PRE_RESULTS,,11.2,,0,0,0,0,,DEPTH_SNAPSHOT_STREAM,false
2036,ACTIVE_RESULTS,,6.0,,0,0,0,0,,DEPTH_SNAPSHOT_STREAM,false
2036,LATE_COUNT,,42.8,,0,0,0,0,,DEPTH_SNAPSHOT_STREAM,false
2036,POST_RESOLUTION_DIAGNOSTIC,,,,0,0,0,0,,DEPTH_SNAPSHOT_STREAM,false
2037,PRE_ELECTION,,60.0,,0,0,0,0,,DEPTH_SNAPSHOT_STREAM,false
2037,ELECTION_DAY_PRE_RESULTS,,11.2,,0,0,0,0,,DEPTH_SNAPSHOT_STREAM,false
2037,ACTIVE_RESULTS,,6.0,,0,0,0,0,,DEPTH_SNAPSHOT_STREAM,false
2037,LATE_COUNT,,42.8,,0,0,0,0,,DEPTH_SNAPSHOT_STREAM,false
2037,POST_RESOLUTION_DIAGNOSTIC,,,,0,0,0,0,,DEPTH_SNAPSHOT_STREAM,false
2038,PRE_ELECTION,,60.0,,0,0,0,0,,DEPTH_SNAPSHOT_STREAM,false
2038,ELECTION_DAY_PRE_RESULTS,,11.2,,0,0,0,0,,DEPTH_SNAPSHOT_STREAM,false
2038,ACTIVE_RESULTS,,6.0,,0,0,0,0,,DEPTH_SNAPSHOT_STREAM,false
2038,LATE_COUNT,,42.8,,0,0,0,0,,DEPTH_SNAPSHOT_STREAM,false
2038,POST_RESOLUTION_DIAGNOSTIC,,,,0,0,0,0,,DEPTH_SNAPSHOT_STREAM,false
2039,PRE_ELECTION,,60.0,,0,0,0,0,,DEPTH_SNAPSHOT_STREAM,false
2039,ELECTION_DAY_PRE_RESULTS,,11.2,,0,0,0,0,,DEPTH_SNAPSHOT_STREAM,false
2039,ACTIVE_RESULTS,,6.0,,0,0,0,0,,DEPTH_SNAPSHOT_STREAM,false
2039,LATE_COUNT,,42.8,,0,0,0,0,,DEPTH_SNAPSHOT_STREAM,false
2039,POST_RESOLUTION_DIAGNOSTIC,,,,0,0,0,0,,DEPTH_SNAPSHOT_STREAM,false
2040,PRE_ELECTION,,60.0,,0,0,0,0,,DEPTH_SNAPSHOT_STREAM,false
2040,ELECTION_DAY_PRE_RESULTS,,11.2,,0,0,0,0,,DEPTH_SNAPSHOT_STREAM,false
2040,ACTIVE_RESULTS,,6.0,,0,0,0,0,,DEPTH_SNAPSHOT_STREAM,false
2040,LATE_COUNT,,42.8,,0,0,0,0,,DEPTH_SNAPSHOT_STREAM,false
2040,POST_RESOLUTION_DIAGNOSTIC,,,,0,0,0,0,,DEPTH_SNAPSHOT_STREAM,false
2041,PRE_ELECTION,,60.0,,0,0,0,0,,DEPTH_SNAPSHOT_STREAM,false
2041,ELECTION_DAY_PRE_RESULTS,,11.2,,0,0,0,0,,DEPTH_SNAPSHOT_STREAM,false
2041,ACTIVE_RESULTS,,6.0,,0,0,0,0,,DEPTH_SNAPSHOT_STREAM,false
2041,LATE_COUNT,,42.8,,0,0,0,0,,DEPTH_SNAPSHOT_STREAM,false
2041,POST_RESOLUTION_DIAGNOSTIC,,,,0,0,0,0,,DEPTH_SNAPSHOT_STREAM,false
2042,PRE_ELECTION,,60.0,,0,0,0,0,,DEPTH_SNAPSHOT_STREAM,false
2042,ELECTION_DAY_PRE_RESULTS,,11.2,,0,0,0,0,,DEPTH_SNAPSHOT_STREAM,false
2042,ACTIVE_RESULTS,,6.0,,0,0,0,0,,DEPTH_SNAPSHOT_STREAM,false
2042,LATE_COUNT,,42.8,,0,0,0,0,,DEPTH_SNAPSHOT_STREAM,false
2042,POST_RESOLUTION_DIAGNOSTIC,,,,0,0,0,0,,DEPTH_SNAPSHOT_STREAM,false
2043,PRE_ELECTION,,60.0,,0,0,0,0,,DEPTH_SNAPSHOT_STREAM,false
2043,ELECTION_DAY_PRE_RESULTS,,11.2,,0,0,0,0,,DEPTH_SNAPSHOT_STREAM,false
2043,ACTIVE_RESULTS,,6.0,,0,0,0,0,,DEPTH_SNAPSHOT_STREAM,false
2043,LATE_COUNT,,42.8,,0,0,0,0,,DEPTH_SNAPSHOT_STREAM,false
2043,POST_RESOLUTION_DIAGNOSTIC,,,,0,0,0,0,,DEPTH_SNAPSHOT_STREAM,false
2044,PRE_ELECTION,,60.0,,0,0,0,0,,DEPTH_SNAPSHOT_STREAM,false
2044,ELECTION_DAY_PRE_RESULTS,,11.2,,0,0,0,0,,DEPTH_SNAPSHOT_STREAM,false
2044,ACTIVE_RESULTS,,6.0,,0,0,0,0,,DEPTH_SNAPSHOT_STREAM,false
2044,LATE_COUNT,,42.8,,0,0,0,0,,DEPTH_SNAPSHOT_STREAM,false
2044,POST_RESOLUTION_DIAGNOSTIC,,,,0,0,0,0,,DEPTH_SNAPSHOT_STREAM,false
2045,PRE_ELECTION,,60.0,,0,0,0,0,,DEPTH_SNAPSHOT_STREAM,false
2045,ELECTION_DAY_PRE_RESULTS,,11.2,,0,0,0,0,,DEPTH_SNAPSHOT_STREAM,false
2045,ACTIVE_RESULTS,,6.0,,0,0,0,0,,DEPTH_SNAPSHOT_STREAM,false
2045,LATE_COUNT,,42.8,,0,0,0,0,,DEPTH_SNAPSHOT_STREAM,false
2045,POST_RESOLUTION_DIAGNOSTIC,,,,0,0,0,0,,DEPTH_SNAPSHOT_STREAM,false
2046,PRE_ELECTION,,60.0,,0,0,0,0,,DEPTH_SNAPSHOT_STREAM,false
2046,ELECTION_DAY_PRE_RESULTS,,11.2,,0,0,0,0,,DEPTH_SNAPSHOT_STREAM,false
2046,ACTIVE_RESULTS,,6.0,,0,0,0,0,,DEPTH_SNAPSHOT_STREAM,false
2046,LATE_COUNT,,42.8,,0,0,0,0,,DEPTH_SNAPSHOT_STREAM,false
2046,POST_RESOLUTION_DIAGNOSTIC,,,,0,0,0,0,,DEPTH_SNAPSHOT_STREAM,false
2047,PRE_ELECTION,,60.0,,0,0,0,0,,DEPTH_SNAPSHOT_STREAM,false
2047,ELECTION_DAY_PRE_RESULTS,,11.2,,0,0,0,0,,DEPTH_SNAPSHOT_STREAM,false
2047,ACTIVE_RESULTS,,6.0,,0,0,0,0,,DEPTH_SNAPSHOT_STREAM,false
2047,LATE_COUNT,,42.8,,0,0,0,0,,DEPTH_SNAPSHOT_STREAM,false
2047,POST_RESOLUTION_DIAGNOSTIC,,,,0,0,0,0,,DEPTH_SNAPSHOT_STREAM,false
2048,PRE_ELECTION,,60.0,,0,0,0,0,,DEPTH_SNAPSHOT_STREAM,false
2048,ELECTION_DAY_PRE_RESULTS,,11.2,,0,0,0,0,,DEPTH_SNAPSHOT_STREAM,false
2048,ACTIVE_RESULTS,,6.0,,0,0,0,0,,DEPTH_SNAPSHOT_STREAM,false
2048,LATE_COUNT,,42.8,,0,0,0,0,,DEPTH_SNAPSHOT_STREAM,false
2048,POST_RESOLUTION_DIAGNOSTIC,,,,0,0,0,0,,DEPTH_SNAPSHOT_STREAM,false
2049,PRE_ELECTION,,60.0,,0,0,0,0,,DEPTH_SNAPSHOT_STREAM,false
2049,ELECTION_DAY_PRE_RESULTS,,11.2,,0,0,0,0,,DEPTH_SNAPSHOT_STREAM,false
2049,ACTIVE_RESULTS,,6.0,,0,0,0,0,,DEPTH_SNAPSHOT_STREAM,false
2049,LATE_COUNT,,42.8,,0,0,0,0,,DEPTH_SNAPSHOT_STREAM,false
2049,POST_RESOLUTION_DIAGNOSTIC,,,,0,0,0,0,,DEPTH_SNAPSHOT_STREAM,false
2050,PRE_ELECTION,,60.0,,0,0,0,0,,DEPTH_SNAPSHOT_STREAM,false
2050,ELECTION_DAY_PRE_RESULTS,,11.2,,0,0,0,0,,DEPTH_SNAPSHOT_STREAM,false
2050,ACTIVE_RESULTS,,6.0,,0,0,0,0,,DEPTH_SNAPSHOT_STREAM,false
2050,LATE_COUNT,,42.8,,0,0,0,0,,DEPTH_SNAPSHOT_STREAM,false
2050,POST_RESOLUTION_DIAGNOSTIC,,,,0,0,0,0,,DEPTH_SNAPSHOT_STREAM,false
2051,PRE_ELECTION,,60.0,,0,0,0,0,,DEPTH_SNAPSHOT_STREAM,false
2051,ELECTION_DAY_PRE_RESULTS,,11.2,,0,0,0,0,,DEPTH_SNAPSHOT_STREAM,false
2051,ACTIVE_RESULTS,,6.0,,0,0,0,0,,DEPTH_SNAPSHOT_STREAM,false
2051,LATE_COUNT,,42.8,,0,0,0,0,,DEPTH_SNAPSHOT_STREAM,false
2051,POST_RESOLUTION_DIAGNOSTIC,,,,0,0,0,0,,DEPTH_SNAPSHOT_STREAM,false
2052,PRE_ELECTION,,60.0,,0,0,0,0,,DEPTH_SNAPSHOT_STREAM,false
2052,ELECTION_DAY_PRE_RESULTS,,11.2,,0,0,0,0,,DEPTH_SNAPSHOT_STREAM,false
2052,ACTIVE_RESULTS,,6.0,,0,0,0,0,,DEPTH_SNAPSHOT_STREAM,false
2052,LATE_COUNT,,42.8,,0,0,0,0,,DEPTH_SNAPSHOT_STREAM,false
2052,POST_RESOLUTION_DIAGNOSTIC,,,,0,0,0,0,,DEPTH_SNAPSHOT_STREAM,false
2053,PRE_ELECTION,,60.0,,0,0,0,0,,DEPTH_SNAPSHOT_STREAM,false
2053,ELECTION_DAY_PRE_RESULTS,,11.2,,0,0,0,0,,DEPTH_SNAPSHOT_STREAM,false
2053,ACTIVE_RESULTS,,6.0,,0,0,0,0,,DEPTH_SNAPSHOT_STREAM,false
2053,LATE_COUNT,,42.8,,0,0,0,0,,DEPTH_SNAPSHOT_STREAM,false
2053,POST_RESOLUTION_DIAGNOSTIC,,,,0,0,0,0,,DEPTH_SNAPSHOT_STREAM,false
2054,PRE_ELECTION,,60.0,,0,0,0,0,,DEPTH_SNAPSHOT_STREAM,false
2054,ELECTION_DAY_PRE_RESULTS,,11.2,,0,0,0,0,,DEPTH_SNAPSHOT_STREAM,false
2054,ACTIVE_RESULTS,,6.0,,0,0,0,0,,DEPTH_SNAPSHOT_STREAM,false
2054,LATE_COUNT,,42.8,,0,0,0,0,,DEPTH_SNAPSHOT_STREAM,false
2054,POST_RESOLUTION_DIAGNOSTIC,,,,0,0,0,0,,DEPTH_SNAPSHOT_STREAM,false
2055,PRE_ELECTION,,60.0,,0,0,0,0,,DEPTH_SNAPSHOT_STREAM,false
2055,ELECTION_DAY_PRE_RESULTS,,11.2,,0,0,0,0,,DEPTH_SNAPSHOT_STREAM,false
2055,ACTIVE_RESULTS,,6.0,,0,0,0,0,,DEPTH_SNAPSHOT_STREAM,false
2055,LATE_COUNT,,42.8,,0,0,0,0,,DEPTH_SNAPSHOT_STREAM,false
2055,POST_RESOLUTION_DIAGNOSTIC,,,,0,0,0,0,,DEPTH_SNAPSHOT_STREAM,false
2056,PRE_ELECTION,,60.0,,0,0,0,0,,DEPTH_SNAPSHOT_STREAM,false
2056,ELECTION_DAY_PRE_RESULTS,,11.2,,0,0,0,0,,DEPTH_SNAPSHOT_STREAM,false
2056,ACTIVE_RESULTS,,6.0,,0,0,0,0,,DEPTH_SNAPSHOT_STREAM,false
2056,LATE_COUNT,,42.8,,0,0,0,0,,DEPTH_SNAPSHOT_STREAM,false
2056,POST_RESOLUTION_DIAGNOSTIC,,,,0,0,0,0,,DEPTH_SNAPSHOT_STREAM,false
2057,PRE_ELECTION,,60.0,,0,0,0,0,,DEPTH_SNAPSHOT_STREAM,false
2057,ELECTION_DAY_PRE_RESULTS,,11.2,,0,0,0,0,,DEPTH_SNAPSHOT_STREAM,false
2057,ACTIVE_RESULTS,,6.0,,0,0,0,0,,DEPTH_SNAPSHOT_STREAM,false
2057,LATE_COUNT,,42.8,,0,0,0,0,,DEPTH_SNAPSHOT_STREAM,false
2057,POST_RESOLUTION_DIAGNOSTIC,,,,0,0,0,0,,DEPTH_SNAPSHOT_STREAM,false
2058,PRE_ELECTION,,60.0,,0,0,0,0,,DEPTH_SNAPSHOT_STREAM,false
2058,ELECTION_DAY_PRE_RESULTS,,11.2,,0,0,0,0,,DEPTH_SNAPSHOT_STREAM,false
2058,ACTIVE_RESULTS,,6.0,,0,0,0,0,,DEPTH_SNAPSHOT_STREAM,false
2058,LATE_COUNT,,42.8,,0,0,0,0,,DEPTH_SNAPSHOT_STREAM,false
2058,POST_RESOLUTION_DIAGNOSTIC,,,,0,0,0,0,,DEPTH_SNAPSHOT_STREAM,false
2059,PRE_ELECTION,,60.0,,0,0,0,0,,DEPTH_SNAPSHOT_STREAM,false
2059,ELECTION_DAY_PRE_RESULTS,,11.2,,0,0,0,0,,DEPTH_SNAPSHOT_STREAM,false
2059,ACTIVE_RESULTS,,6.0,,0,0,0,0,,DEPTH_SNAPSHOT_STREAM,false
2059,LATE_COUNT,,42.8,,0,0,0,0,,DEPTH_SNAPSHOT_STREAM,false
2059,POST_RESOLUTION_DIAGNOSTIC,,,,0,0,0,0,,DEPTH_SNAPSHOT_STREAM,false
2060,PRE_ELECTION,,60.0,,0,0,0,0,,DEPTH_SNAPSHOT_STREAM,false
2060,ELECTION_DAY_PRE_RESULTS,,11.2,,0,0,0,0,,DEPTH_SNAPSHOT_STREAM,false
2060,ACTIVE_RESULTS,,6.0,,0,0,0,0,,DEPTH_SNAPSHOT_STREAM,false
2060,LATE_COUNT,,42.8,,0,0,0,0,,DEPTH_SNAPSHOT_STREAM,false
2060,POST_RESOLUTION_DIAGNOSTIC,,,,0,0,0,0,,DEPTH_SNAPSHOT_STREAM,false
2061,PRE_ELECTION,,60.0,,0,0,0,0,,DEPTH_SNAPSHOT_STREAM,false
2061,ELECTION_DAY_PRE_RESULTS,,11.2,,0,0,0,0,,DEPTH_SNAPSHOT_STREAM,false
2061,ACTIVE_RESULTS,,6.0,,0,0,0,0,,DEPTH_SNAPSHOT_STREAM,false
2061,LATE_COUNT,,42.8,,0,0,0,0,,DEPTH_SNAPSHOT_STREAM,false
2061,POST_RESOLUTION_DIAGNOSTIC,,,,0,0,0,0,,DEPTH_SNAPSHOT_STREAM,false
2062,PRE_ELECTION,,60.0,,0,0,0,0,,DEPTH_SNAPSHOT_STREAM,false
2062,ELECTION_DAY_PRE_RESULTS,,11.2,,0,0,0,0,,DEPTH_SNAPSHOT_STREAM,false
2062,ACTIVE_RESULTS,,6.0,,0,0,0,0,,DEPTH_SNAPSHOT_STREAM,false
2062,LATE_COUNT,,42.8,,0,0,0,0,,DEPTH_SNAPSHOT_STREAM,false
2062,POST_RESOLUTION_DIAGNOSTIC,,,,0,0,0,0,,DEPTH_SNAPSHOT_STREAM,false
2063,PRE_ELECTION,,60.0,,0,0,0,0,,DEPTH_SNAPSHOT_STREAM,false
2063,ELECTION_DAY_PRE_RESULTS,,11.2,,0,0,0,0,,DEPTH_SNAPSHOT_STREAM,false
2063,ACTIVE_RESULTS,,6.0,,0,0,0,0,,DEPTH_SNAPSHOT_STREAM,false
2063,LATE_COUNT,,42.8,,0,0,0,0,,DEPTH_SNAPSHOT_STREAM,false
2063,POST_RESOLUTION_DIAGNOSTIC,,,,0,0,0,0,,DEPTH_SNAPSHOT_STREAM,false
2064,PRE_ELECTION,,60.0,,0,0,0,0,,DEPTH_SNAPSHOT_STREAM,false
2064,ELECTION_DAY_PRE_RESULTS,,11.2,,0,0,0,0,,DEPTH_SNAPSHOT_STREAM,false
2064,ACTIVE_RESULTS,,6.0,,0,0,0,0,,DEPTH_SNAPSHOT_STREAM,false
2064,LATE_COUNT,,42.8,,0,0,0,0,,DEPTH_SNAPSHOT_STREAM,false
2064,POST_RESOLUTION_DIAGNOSTIC,,,,0,0,0,0,,DEPTH_SNAPSHOT_STREAM,false
2065,PRE_ELECTION,,60.0,,0,0,0,0,,DEPTH_SNAPSHOT_STREAM,false
2065,ELECTION_DAY_PRE_RESULTS,,11.2,,0,0,0,0,,DEPTH_SNAPSHOT_STREAM,false
2065,ACTIVE_RESULTS,,6.0,,0,0,0,0,,DEPTH_SNAPSHOT_STREAM,false
2065,LATE_COUNT,,42.8,,0,0,0,0,,DEPTH_SNAPSHOT_STREAM,false
2065,POST_RESOLUTION_DIAGNOSTIC,,,,0,0,0,0,,DEPTH_SNAPSHOT_STREAM,false
2066,PRE_ELECTION,,60.0,,0,0,0,0,,DEPTH_SNAPSHOT_STREAM,false
2066,ELECTION_DAY_PRE_RESULTS,,11.2,,0,0,0,0,,DEPTH_SNAPSHOT_STREAM,false
2066,ACTIVE_RESULTS,,6.0,,0,0,0,0,,DEPTH_SNAPSHOT_STREAM,false
2066,LATE_COUNT,,42.8,,0,0,0,0,,DEPTH_SNAPSHOT_STREAM,false
2066,POST_RESOLUTION_DIAGNOSTIC,,,,0,0,0,0,,DEPTH_SNAPSHOT_STREAM,false
2067,PRE_ELECTION,,60.0,,0,0,0,0,,DEPTH_SNAPSHOT_STREAM,false
2067,ELECTION_DAY_PRE_RESULTS,,11.2,,0,0,0,0,,DEPTH_SNAPSHOT_STREAM,false
2067,ACTIVE_RESULTS,,6.0,,0,0,0,0,,DEPTH_SNAPSHOT_STREAM,false
2067,LATE_COUNT,,42.8,,0,0,0,0,,DEPTH_SNAPSHOT_STREAM,false
2067,POST_RESOLUTION_DIAGNOSTIC,,,,0,0,0,0,,DEPTH_SNAPSHOT_STREAM,false
2068,PRE_ELECTION,,60.0,,0,0,0,0,,DEPTH_SNAPSHOT_STREAM,false
2068,ELECTION_DAY_PRE_RESULTS,,11.2,,0,0,0,0,,DEPTH_SNAPSHOT_STREAM,false
2068,ACTIVE_RESULTS,,6.0,,0,0,0,0,,DEPTH_SNAPSHOT_STREAM,false
2068,LATE_COUNT,,42.8,,0,0,0,0,,DEPTH_SNAPSHOT_STREAM,false
2068,POST_RESOLUTION_DIAGNOSTIC,,,,0,0,0,0,,DEPTH_SNAPSHOT_STREAM,false
2069,PRE_ELECTION,,60.0,,0,0,0,0,,DEPTH_SNAPSHOT_STREAM,false
2069,ELECTION_DAY_PRE_RESULTS,,11.2,,0,0,0,0,,DEPTH_SNAPSHOT_STREAM,false
2069,ACTIVE_RESULTS,,6.0,,0,0,0,0,,DEPTH_SNAPSHOT_STREAM,false
2069,LATE_COUNT,,42.8,,0,0,0,0,,DEPTH_SNAPSHOT_STREAM,false
2069,POST_RESOLUTION_DIAGNOSTIC,,,,0,0,0,0,,DEPTH_SNAPSHOT_STREAM,false
2070,PRE_ELECTION,,60.0,,0,0,0,0,,DEPTH_SNAPSHOT_STREAM,false
2070,ELECTION_DAY_PRE_RESULTS,,11.2,,0,0,0,0,,DEPTH_SNAPSHOT_STREAM,false
2070,ACTIVE_RESULTS,,6.0,,0,0,0,0,,DEPTH_SNAPSHOT_STREAM,false
2070,LATE_COUNT,,42.8,,0,0,0,0,,DEPTH_SNAPSHOT_STREAM,false
2070,POST_RESOLUTION_DIAGNOSTIC,,,,0,0,0,0,,DEPTH_SNAPSHOT_STREAM,false
2071,PRE_ELECTION,,60.0,,0,0,0,0,,DEPTH_SNAPSHOT_STREAM,false
2071,ELECTION_DAY_PRE_RESULTS,,11.2,,0,0,0,0,,DEPTH_SNAPSHOT_STREAM,false
2071,ACTIVE_RESULTS,,6.0,,0,0,0,0,,DEPTH_SNAPSHOT_STREAM,false
2071,LATE_COUNT,,42.8,,0,0,0,0,,DEPTH_SNAPSHOT_STREAM,false
2071,POST_RESOLUTION_DIAGNOSTIC,,,,0,0,0,0,,DEPTH_SNAPSHOT_STREAM,false
2072,PRE_ELECTION,,60.0,,0,0,0,0,,DEPTH_SNAPSHOT_STREAM,false
2072,ELECTION_DAY_PRE_RESULTS,,11.2,,0,0,0,0,,DEPTH_SNAPSHOT_STREAM,false
2072,ACTIVE_RESULTS,,6.0,,0,0,0,0,,DEPTH_SNAPSHOT_STREAM,false
2072,LATE_COUNT,,42.8,,0,0,0,0,,DEPTH_SNAPSHOT_STREAM,false
2072,POST_RESOLUTION_DIAGNOSTIC,,,,0,0,0,0,,DEPTH_SNAPSHOT_STREAM,false
2073,PRE_ELECTION,,60.0,,0,0,0,0,,DEPTH_SNAPSHOT_STREAM,false
2073,ELECTION_DAY_PRE_RESULTS,,11.2,,0,0,0,0,,DEPTH_SNAPSHOT_STREAM,false
2073,ACTIVE_RESULTS,,6.0,,0,0,0,0,,DEPTH_SNAPSHOT_STREAM,false
2073,LATE_COUNT,,42.8,,0,0,0,0,,DEPTH_SNAPSHOT_STREAM,false
2073,POST_RESOLUTION_DIAGNOSTIC,,,,0,0,0,0,,DEPTH_SNAPSHOT_STREAM,false
2074,PRE_ELECTION,,60.0,,0,0,0,0,,DEPTH_SNAPSHOT_STREAM,false
2074,ELECTION_DAY_PRE_RESULTS,,11.2,,0,0,0,0,,DEPTH_SNAPSHOT_STREAM,false
2074,ACTIVE_RESULTS,,6.0,,0,0,0,0,,DEPTH_SNAPSHOT_STREAM,false
2074,LATE_COUNT,,42.8,,0,0,0,0,,DEPTH_SNAPSHOT_STREAM,false
2074,POST_RESOLUTION_DIAGNOSTIC,,,,0,0,0,0,,DEPTH_SNAPSHOT_STREAM,false
2075,PRE_ELECTION,,60.0,,0,0,0,0,,DEPTH_SNAPSHOT_STREAM,false
2075,ELECTION_DAY_PRE_RESULTS,,11.2,,0,0,0,0,,DEPTH_SNAPSHOT_STREAM,false
2075,ACTIVE_RESULTS,,6.0,,0,0,0,0,,DEPTH_SNAPSHOT_STREAM,false
2075,LATE_COUNT,,42.8,,0,0,0,0,,DEPTH_SNAPSHOT_STREAM,false
2075,POST_RESOLUTION_DIAGNOSTIC,,,,0,0,0,0,,DEPTH_SNAPSHOT_STREAM,false
2076,PRE_ELECTION,,60.0,,0,0,0,0,,DEPTH_SNAPSHOT_STREAM,false
2076,ELECTION_DAY_PRE_RESULTS,,11.2,,0,0,0,0,,DEPTH_SNAPSHOT_STREAM,false
2076,ACTIVE_RESULTS,,6.0,,0,0,0,0,,DEPTH_SNAPSHOT_STREAM,false
2076,LATE_COUNT,,42.8,,0,0,0,0,,DEPTH_SNAPSHOT_STREAM,false
2076,POST_RESOLUTION_DIAGNOSTIC,,,,0,0,0,0,,DEPTH_SNAPSHOT_STREAM,false
2077,PRE_ELECTION,,60.0,,0,0,0,0,,DEPTH_SNAPSHOT_STREAM,false
2077,ELECTION_DAY_PRE_RESULTS,,11.2,,0,0,0,0,,DEPTH_SNAPSHOT_STREAM,false
2077,ACTIVE_RESULTS,,6.0,,0,0,0,0,,DEPTH_SNAPSHOT_STREAM,false
2077,LATE_COUNT,,42.8,,0,0,0,0,,DEPTH_SNAPSHOT_STREAM,false
2077,POST_RESOLUTION_DIAGNOSTIC,,,,0,0,0,0,,DEPTH_SNAPSHOT_STREAM,false
2078,PRE_ELECTION,,60.0,,0,0,0,0,,DEPTH_SNAPSHOT_STREAM,false
2078,ELECTION_DAY_PRE_RESULTS,,11.2,,0,0,0,0,,DEPTH_SNAPSHOT_STREAM,false
2078,ACTIVE_RESULTS,,6.0,,0,0,0,0,,DEPTH_SNAPSHOT_STREAM,false
2078,LATE_COUNT,,42.8,,0,0,0,0,,DEPTH_SNAPSHOT_STREAM,false
2078,POST_RESOLUTION_DIAGNOSTIC,,,,0,0,0,0,,DEPTH_SNAPSHOT_STREAM,false
2079,PRE_ELECTION,,60.0,,0,0,0,0,,DEPTH_SNAPSHOT_STREAM,false
2079,ELECTION_DAY_PRE_RESULTS,,11.2,,0,0,0,0,,DEPTH_SNAPSHOT_STREAM,false
2079,ACTIVE_RESULTS,,6.0,,0,0,0,0,,DEPTH_SNAPSHOT_STREAM,false
2079,LATE_COUNT,,42.8,,0,0,0,0,,DEPTH_SNAPSHOT_STREAM,false
2079,POST_RESOLUTION_DIAGNOSTIC,,,,0,0,0,0,,DEPTH_SNAPSHOT_STREAM,false
2080,PRE_ELECTION,,60.0,,0,0,0,0,,DEPTH_SNAPSHOT_STREAM,false
2080,ELECTION_DAY_PRE_RESULTS,,11.2,,0,0,0,0,,DEPTH_SNAPSHOT_STREAM,false
2080,ACTIVE_RESULTS,,6.0,,0,0,0,0,,DEPTH_SNAPSHOT_STREAM,false
2080,LATE_COUNT,,42.8,,0,0,0,0,,DEPTH_SNAPSHOT_STREAM,false
2080,POST_RESOLUTION_DIAGNOSTIC,,,,0,0,0,0,,DEPTH_SNAPSHOT_STREAM,false
2081,PRE_ELECTION,,60.0,,0,0,0,0,,DEPTH_SNAPSHOT_STREAM,false
2081,ELECTION_DAY_PRE_RESULTS,,11.2,,0,0,0,0,,DEPTH_SNAPSHOT_STREAM,false
2081,ACTIVE_RESULTS,,6.0,,0,0,0,0,,DEPTH_SNAPSHOT_STREAM,false
2081,LATE_COUNT,,42.8,,0,0,0,0,,DEPTH_SNAPSHOT_STREAM,false
2081,POST_RESOLUTION_DIAGNOSTIC,,,,0,0,0,0,,DEPTH_SNAPSHOT_STREAM,false
2082,PRE_ELECTION,,60.0,,0,0,0,0,,DEPTH_SNAPSHOT_STREAM,false
2082,ELECTION_DAY_PRE_RESULTS,,11.2,,0,0,0,0,,DEPTH_SNAPSHOT_STREAM,false
2082,ACTIVE_RESULTS,,6.0,,0,0,0,0,,DEPTH_SNAPSHOT_STREAM,false
2082,LATE_COUNT,,42.8,,0,0,0,0,,DEPTH_SNAPSHOT_STREAM,false
2082,POST_RESOLUTION_DIAGNOSTIC,,,,0,0,0,0,,DEPTH_SNAPSHOT_STREAM,false
2083,PRE_ELECTION,,60.0,,0,0,0,0,,DEPTH_SNAPSHOT_STREAM,false
2083,ELECTION_DAY_PRE_RESULTS,,11.2,,0,0,0,0,,DEPTH_SNAPSHOT_STREAM,false
2083,ACTIVE_RESULTS,,6.0,,0,0,0,0,,DEPTH_SNAPSHOT_STREAM,false
2083,LATE_COUNT,,42.8,,0,0,0,0,,DEPTH_SNAPSHOT_STREAM,false
2083,POST_RESOLUTION_DIAGNOSTIC,,,,0,0,0,0,,DEPTH_SNAPSHOT_STREAM,false
2084,PRE_ELECTION,,60.0,,0,0,0,0,,DEPTH_SNAPSHOT_STREAM,false
2084,ELECTION_DAY_PRE_RESULTS,,11.2,,0,0,0,0,,DEPTH_SNAPSHOT_STREAM,false
2084,ACTIVE_RESULTS,,6.0,,0,0,0,0,,DEPTH_SNAPSHOT_STREAM,false
2084,LATE_COUNT,,42.8,,0,0,0,0,,DEPTH_SNAPSHOT_STREAM,false
2084,POST_RESOLUTION_DIAGNOSTIC,,,,0,0,0,0,,DEPTH_SNAPSHOT_STREAM,false
2085,PRE_ELECTION,,60.0,,0,0,0,0,,DEPTH_SNAPSHOT_STREAM,false
2085,ELECTION_DAY_PRE_RESULTS,,11.2,,0,0,0,0,,DEPTH_SNAPSHOT_STREAM,false
2085,ACTIVE_RESULTS,,6.0,,0,0,0,0,,DEPTH_SNAPSHOT_STREAM,false
2085,LATE_COUNT,,42.8,,0,0,0,0,,DEPTH_SNAPSHOT_STREAM,false
2085,POST_RESOLUTION_DIAGNOSTIC,,,,0,0,0,0,,DEPTH_SNAPSHOT_STREAM,false
2086,PRE_ELECTION,,60.0,,0,0,0,0,,DEPTH_SNAPSHOT_STREAM,false
2086,ELECTION_DAY_PRE_RESULTS,,11.2,,0,0,0,0,,DEPTH_SNAPSHOT_STREAM,false
2086,ACTIVE_RESULTS,,6.0,,0,0,0,0,,DEPTH_SNAPSHOT_STREAM,false
2086,LATE_COUNT,,42.8,,0,0,0,0,,DEPTH_SNAPSHOT_STREAM,false
2086,POST_RESOLUTION_DIAGNOSTIC,,,,0,0,0,0,,DEPTH_SNAPSHOT_STREAM,false
2087,PRE_ELECTION,,60.0,,0,0,0,0,,DEPTH_SNAPSHOT_STREAM,false
2087,ELECTION_DAY_PRE_RESULTS,,11.2,,0,0,0,0,,DEPTH_SNAPSHOT_STREAM,false
2087,ACTIVE_RESULTS,,6.0,,0,0,0,0,,DEPTH_SNAPSHOT_STREAM,false
2087,LATE_COUNT,,42.8,,0,0,0,0,,DEPTH_SNAPSHOT_STREAM,false
2087,POST_RESOLUTION_DIAGNOSTIC,,,,0,0,0,0,,DEPTH_SNAPSHOT_STREAM,false
2088,PRE_ELECTION,,60.0,,0,0,0,0,,DEPTH_SNAPSHOT_STREAM,false
2088,ELECTION_DAY_PRE_RESULTS,,11.2,,0,0,0,0,,DEPTH_SNAPSHOT_STREAM,false
2088,ACTIVE_RESULTS,,6.0,,0,0,0,0,,DEPTH_SNAPSHOT_STREAM,false
2088,LATE_COUNT,,42.8,,0,0,0,0,,DEPTH_SNAPSHOT_STREAM,false
2088,POST_RESOLUTION_DIAGNOSTIC,,,,0,0,0,0,,DEPTH_SNAPSHOT_STREAM,false
2089,PRE_ELECTION,,60.0,,0,0,0,0,,DEPTH_SNAPSHOT_STREAM,false
2089,ELECTION_DAY_PRE_RESULTS,,11.2,,0,0,0,0,,DEPTH_SNAPSHOT_STREAM,false
2089,ACTIVE_RESULTS,,6.0,,0,0,0,0,,DEPTH_SNAPSHOT_STREAM,false
2089,LATE_COUNT,,42.8,,0,0,0,0,,DEPTH_SNAPSHOT_STREAM,false
2089,POST_RESOLUTION_DIAGNOSTIC,,,,0,0,0,0,,DEPTH_SNAPSHOT_STREAM,false
2090,PRE_ELECTION,,60.0,,0,0,0,0,,DEPTH_SNAPSHOT_STREAM,false
2090,ELECTION_DAY_PRE_RESULTS,,11.2,,0,0,0,0,,DEPTH_SNAPSHOT_STREAM,false
2090,ACTIVE_RESULTS,,6.0,,0,0,0,0,,DEPTH_SNAPSHOT_STREAM,false
2090,LATE_COUNT,,42.8,,0,0,0,0,,DEPTH_SNAPSHOT_STREAM,false
2090,POST_RESOLUTION_DIAGNOSTIC,,,,0,0,0,0,,DEPTH_SNAPSHOT_STREAM,false
2091,PRE_ELECTION,,60.0,,0,0,0,0,,DEPTH_SNAPSHOT_STREAM,false
2091,ELECTION_DAY_PRE_RESULTS,,11.2,,0,0,0,0,,DEPTH_SNAPSHOT_STREAM,false
2091,ACTIVE_RESULTS,,6.0,,0,0,0,0,,DEPTH_SNAPSHOT_STREAM,false
2091,LATE_COUNT,,42.8,,0,0,0,0,,DEPTH_SNAPSHOT_STREAM,false
2091,POST_RESOLUTION_DIAGNOSTIC,,,,0,0,0,0,,DEPTH_SNAPSHOT_STREAM,false
2092,PRE_ELECTION,,60.0,,0,0,0,0,,DEPTH_SNAPSHOT_STREAM,false
2092,ELECTION_DAY_PRE_RESULTS,,11.2,,0,0,0,0,,DEPTH_SNAPSHOT_STREAM,false
2092,ACTIVE_RESULTS,,6.0,,0,0,0,0,,DEPTH_SNAPSHOT_STREAM,false
2092,LATE_COUNT,,42.8,,0,0,0,0,,DEPTH_SNAPSHOT_STREAM,false
2092,POST_RESOLUTION_DIAGNOSTIC,,,,0,0,0,0,,DEPTH_SNAPSHOT_STREAM,false
2093,PRE_ELECTION,,60.0,,0,0,0,0,,DEPTH_SNAPSHOT_STREAM,false
2093,ELECTION_DAY_PRE_RESULTS,,11.2,,0,0,0,0,,DEPTH_SNAPSHOT_STREAM,false
2093,ACTIVE_RESULTS,,6.0,,0,0,0,0,,DEPTH_SNAPSHOT_STREAM,false
2093,LATE_COUNT,,42.8,,0,0,0,0,,DEPTH_SNAPSHOT_STREAM,false
2093,POST_RESOLUTION_DIAGNOSTIC,,,,0,0,0,0,,DEPTH_SNAPSHOT_STREAM,false
2094,PRE_ELECTION,,60.0,,0,0,0,0,,DEPTH_SNAPSHOT_STREAM,false
2094,ELECTION_DAY_PRE_RESULTS,,11.2,,0,0,0,0,,DEPTH_SNAPSHOT_STREAM,false
2094,ACTIVE_RESULTS,,6.0,,0,0,0,0,,DEPTH_SNAPSHOT_STREAM,false
2094,LATE_COUNT,,42.8,,0,0,0,0,,DEPTH_SNAPSHOT_STREAM,false
2094,POST_RESOLUTION_DIAGNOSTIC,,,,0,0,0,0,,DEPTH_SNAPSHOT_STREAM,false
2095,PRE_ELECTION,,60.0,,0,0,0,0,,DEPTH_SNAPSHOT_STREAM,false
2095,ELECTION_DAY_PRE_RESULTS,,11.2,,0,0,0,0,,DEPTH_SNAPSHOT_STREAM,false
2095,ACTIVE_RESULTS,,6.0,,0,0,0,0,,DEPTH_SNAPSHOT_STREAM,false
2095,LATE_COUNT,,42.8,,0,0,0,0,,DEPTH_SNAPSHOT_STREAM,false
2095,POST_RESOLUTION_DIAGNOSTIC,,,,0,0,0,0,,DEPTH_SNAPSHOT_STREAM,false
2096,PRE_ELECTION,,60.0,,0,0,0,0,,DEPTH_SNAPSHOT_STREAM,false
2096,ELECTION_DAY_PRE_RESULTS,,11.2,,0,0,0,0,,DEPTH_SNAPSHOT_STREAM,false
2096,ACTIVE_RESULTS,,6.0,,0,0,0,0,,DEPTH_SNAPSHOT_STREAM,false
2096,LATE_COUNT,,42.8,,0,0,0,0,,DEPTH_SNAPSHOT_STREAM,false
2096,POST_RESOLUTION_DIAGNOSTIC,,,,0,0,0,0,,DEPTH_SNAPSHOT_STREAM,false
2097,PRE_ELECTION,,60.0,,0,0,0,0,,DEPTH_SNAPSHOT_STREAM,false
2097,ELECTION_DAY_PRE_RESULTS,,11.2,,0,0,0,0,,DEPTH_SNAPSHOT_STREAM,false
2097,ACTIVE_RESULTS,,6.0,,0,0,0,0,,DEPTH_SNAPSHOT_STREAM,false
2097,LATE_COUNT,,42.8,,0,0,0,0,,DEPTH_SNAPSHOT_STREAM,false
2097,POST_RESOLUTION_DIAGNOSTIC,,,,0,0,0,0,,DEPTH_SNAPSHOT_STREAM,false
2098,PRE_ELECTION,,60.0,,0,0,0,0,,DEPTH_SNAPSHOT_STREAM,false
2098,ELECTION_DAY_PRE_RESULTS,,11.2,,0,0,0,0,,DEPTH_SNAPSHOT_STREAM,false
2098,ACTIVE_RESULTS,,6.0,,0,0,0,0,,DEPTH_SNAPSHOT_STREAM,false
2098,LATE_COUNT,,42.8,,0,0,0,0,,DEPTH_SNAPSHOT_STREAM,false
2098,POST_RESOLUTION_DIAGNOSTIC,,,,0,0,0,0,,DEPTH_SNAPSHOT_STREAM,false
2099,PRE_ELECTION,,60.0,,0,0,0,0,,DEPTH_SNAPSHOT_STREAM,false
2099,ELECTION_DAY_PRE_RESULTS,,11.2,,0,0,0,0,,DEPTH_SNAPSHOT_STREAM,false
2099,ACTIVE_RESULTS,,6.0,,0,0,0,0,,DEPTH_SNAPSHOT_STREAM,false
2099,LATE_COUNT,,42.8,,0,0,0,0,,DEPTH_SNAPSHOT_STREAM,false
2099,POST_RESOLUTION_DIAGNOSTIC,,,,0,0,0,0,,DEPTH_SNAPSHOT_STREAM,false
2100,PRE_ELECTION,,60.0,,0,0,0,0,,DEPTH_SNAPSHOT_STREAM,false
2100,ELECTION_DAY_PRE_RESULTS,,11.2,,0,0,0,0,,DEPTH_SNAPSHOT_STREAM,false
2100,ACTIVE_RESULTS,,6.0,,0,0,0,0,,DEPTH_SNAPSHOT_STREAM,false
2100,LATE_COUNT,,42.8,,0,0,0,0,,DEPTH_SNAPSHOT_STREAM,false
2100,POST_RESOLUTION_DIAGNOSTIC,,,,0,0,0,0,,DEPTH_SNAPSHOT_STREAM,false
2101,PRE_ELECTION,,60.0,,0,0,0,0,,DEPTH_SNAPSHOT_STREAM,false
2101,ELECTION_DAY_PRE_RESULTS,,11.2,,0,0,0,0,,DEPTH_SNAPSHOT_STREAM,false
2101,ACTIVE_RESULTS,,6.0,,0,0,0,0,,DEPTH_SNAPSHOT_STREAM,false
2101,LATE_COUNT,,42.8,,0,0,0,0,,DEPTH_SNAPSHOT_STREAM,false
2101,POST_RESOLUTION_DIAGNOSTIC,,,,0,0,0,0,,DEPTH_SNAPSHOT_STREAM,false
2102,PRE_ELECTION,,60.0,,0,0,0,0,,DEPTH_SNAPSHOT_STREAM,false
2102,ELECTION_DAY_PRE_RESULTS,,11.2,,0,0,0,0,,DEPTH_SNAPSHOT_STREAM,false
2102,ACTIVE_RESULTS,,6.0,,0,0,0,0,,DEPTH_SNAPSHOT_STREAM,false
2102,LATE_COUNT,,42.8,,0,0,0,0,,DEPTH_SNAPSHOT_STREAM,false
2102,POST_RESOLUTION_DIAGNOSTIC,,,,0,0,0,0,,DEPTH_SNAPSHOT_STREAM,false
2103,PRE_ELECTION,,60.0,,0,0,0,0,,DEPTH_SNAPSHOT_STREAM,false
2103,ELECTION_DAY_PRE_RESULTS,,11.2,,0,0,0,0,,DEPTH_SNAPSHOT_STREAM,false
2103,ACTIVE_RESULTS,,6.0,,0,0,0,0,,DEPTH_SNAPSHOT_STREAM,false
2103,LATE_COUNT,,42.8,,0,0,0,0,,DEPTH_SNAPSHOT_STREAM,false
2103,POST_RESOLUTION_DIAGNOSTIC,,,,0,0,0,0,,DEPTH_SNAPSHOT_STREAM,false
2104,PRE_ELECTION,,60.0,,0,0,0,0,,DEPTH_SNAPSHOT_STREAM,false
2104,ELECTION_DAY_PRE_RESULTS,,11.2,,0,0,0,0,,DEPTH_SNAPSHOT_STREAM,false
2104,ACTIVE_RESULTS,,6.0,,0,0,0,0,,DEPTH_SNAPSHOT_STREAM,false
2104,LATE_COUNT,,42.8,,0,0,0,0,,DEPTH_SNAPSHOT_STREAM,false
2104,POST_RESOLUTION_DIAGNOSTIC,,,,0,0,0,0,,DEPTH_SNAPSHOT_STREAM,false
2105,PRE_ELECTION,,60.0,,0,0,0,0,,DEPTH_SNAPSHOT_STREAM,false
2105,ELECTION_DAY_PRE_RESULTS,,11.2,,0,0,0,0,,DEPTH_SNAPSHOT_STREAM,false
2105,ACTIVE_RESULTS,,6.0,,0,0,0,0,,DEPTH_SNAPSHOT_STREAM,false
2105,LATE_COUNT,,42.8,,0,0,0,0,,DEPTH_SNAPSHOT_STREAM,false
2105,POST_RESOLUTION_DIAGNOSTIC,,,,0,0,0,0,,DEPTH_SNAPSHOT_STREAM,false
2106,PRE_ELECTION,,60.0,,0,0,0,0,,DEPTH_SNAPSHOT_STREAM,false
2106,ELECTION_DAY_PRE_RESULTS,,11.2,,0,0,0,0,,DEPTH_SNAPSHOT_STREAM,false
2106,ACTIVE_RESULTS,,6.0,,0,0,0,0,,DEPTH_SNAPSHOT_STREAM,false
2106,LATE_COUNT,,42.8,,0,0,0,0,,DEPTH_SNAPSHOT_STREAM,false
2106,POST_RESOLUTION_DIAGNOSTIC,,,,0,0,0,0,,DEPTH_SNAPSHOT_STREAM,false
2107,PRE_ELECTION,,60.0,,0,0,0,0,,DEPTH_SNAPSHOT_STREAM,false
2107,ELECTION_DAY_PRE_RESULTS,,11.2,,0,0,0,0,,DEPTH_SNAPSHOT_STREAM,false
2107,ACTIVE_RESULTS,,6.0,,0,0,0,0,,DEPTH_SNAPSHOT_STREAM,false
2107,LATE_COUNT,,42.8,,0,0,0,0,,DEPTH_SNAPSHOT_STREAM,false
2107,POST_RESOLUTION_DIAGNOSTIC,,,,0,0,0,0,,DEPTH_SNAPSHOT_STREAM,false
2108,PRE_ELECTION,,60.0,,0,0,0,0,,DEPTH_SNAPSHOT_STREAM,false
2108,ELECTION_DAY_PRE_RESULTS,,11.2,,0,0,0,0,,DEPTH_SNAPSHOT_STREAM,false
2108,ACTIVE_RESULTS,,6.0,,0,0,0,0,,DEPTH_SNAPSHOT_STREAM,false
2108,LATE_COUNT,,42.8,,0,0,0,0,,DEPTH_SNAPSHOT_STREAM,false
2108,POST_RESOLUTION_DIAGNOSTIC,,,,0,0,0,0,,DEPTH_SNAPSHOT_STREAM,false
2109,PRE_ELECTION,,60.0,,0,0,0,0,,DEPTH_SNAPSHOT_STREAM,false
2109,ELECTION_DAY_PRE_RESULTS,,11.2,,0,0,0,0,,DEPTH_SNAPSHOT_STREAM,false
2109,ACTIVE_RESULTS,,6.0,,0,0,0,0,,DEPTH_SNAPSHOT_STREAM,false
2109,LATE_COUNT,,42.8,,0,0,0,0,,DEPTH_SNAPSHOT_STREAM,false
2109,POST_RESOLUTION_DIAGNOSTIC,,,,0,0,0,0,,DEPTH_SNAPSHOT_STREAM,false
2110,PRE_ELECTION,,60.0,,0,0,0,0,,DEPTH_SNAPSHOT_STREAM,false
2110,ELECTION_DAY_PRE_RESULTS,,11.2,,0,0,0,0,,DEPTH_SNAPSHOT_STREAM,false
2110,ACTIVE_RESULTS,,6.0,,0,0,0,0,,DEPTH_SNAPSHOT_STREAM,false
2110,LATE_COUNT,,42.8,,0,0,0,0,,DEPTH_SNAPSHOT_STREAM,false
2110,POST_RESOLUTION_DIAGNOSTIC,,,,0,0,0,0,,DEPTH_SNAPSHOT_STREAM,false
2111,PRE_ELECTION,,60.0,,0,0,0,0,,DEPTH_SNAPSHOT_STREAM,false
2111,ELECTION_DAY_PRE_RESULTS,,11.2,,0,0,0,0,,DEPTH_SNAPSHOT_STREAM,false
2111,ACTIVE_RESULTS,,6.0,,0,0,0,0,,DEPTH_SNAPSHOT_STREAM,false
2111,LATE_COUNT,,42.8,,0,0,0,0,,DEPTH_SNAPSHOT_STREAM,false
2111,POST_RESOLUTION_DIAGNOSTIC,,,,0,0,0,0,,DEPTH_SNAPSHOT_STREAM,false
2112,PRE_ELECTION,,60.0,,0,0,0,0,,DEPTH_SNAPSHOT_STREAM,false
2112,ELECTION_DAY_PRE_RESULTS,,11.2,,0,0,0,0,,DEPTH_SNAPSHOT_STREAM,false
2112,ACTIVE_RESULTS,,6.0,,0,0,0,0,,DEPTH_SNAPSHOT_STREAM,false
2112,LATE_COUNT,,42.8,,0,0,0,0,,DEPTH_SNAPSHOT_STREAM,false
2112,POST_RESOLUTION_DIAGNOSTIC,,,,0,0,0,0,,DEPTH_SNAPSHOT_STREAM,false
2113,PRE_ELECTION,,60.0,,0,0,0,0,,DEPTH_SNAPSHOT_STREAM,false
2113,ELECTION_DAY_PRE_RESULTS,,11.2,,0,0,0,0,,DEPTH_SNAPSHOT_STREAM,false
2113,ACTIVE_RESULTS,,6.0,,0,0,0,0,,DEPTH_SNAPSHOT_STREAM,false
2113,LATE_COUNT,,42.8,,0,0,0,0,,DEPTH_SNAPSHOT_STREAM,false
2113,POST_RESOLUTION_DIAGNOSTIC,,,,0,0,0,0,,DEPTH_SNAPSHOT_STREAM,false
2114,PRE_ELECTION,,60.0,,0,0,0,0,,DEPTH_SNAPSHOT_STREAM,false
2114,ELECTION_DAY_PRE_RESULTS,,11.2,,0,0,0,0,,DEPTH_SNAPSHOT_STREAM,false
2114,ACTIVE_RESULTS,,6.0,,0,0,0,0,,DEPTH_SNAPSHOT_STREAM,false
2114,LATE_COUNT,,42.8,,0,0,0,0,,DEPTH_SNAPSHOT_STREAM,false
2114,POST_RESOLUTION_DIAGNOSTIC,,,,0,0,0,0,,DEPTH_SNAPSHOT_STREAM,false
2115,PRE_ELECTION,,60.0,,0,0,0,0,,DEPTH_SNAPSHOT_STREAM,false
2115,ELECTION_DAY_PRE_RESULTS,,11.2,,0,0,0,0,,DEPTH_SNAPSHOT_STREAM,false
2115,ACTIVE_RESULTS,,6.0,,0,0,0,0,,DEPTH_SNAPSHOT_STREAM,false
2115,LATE_COUNT,,42.8,,0,0,0,0,,DEPTH_SNAPSHOT_STREAM,false
2115,POST_RESOLUTION_DIAGNOSTIC,,,,0,0,0,0,,DEPTH_SNAPSHOT_STREAM,false
2116,PRE_ELECTION,,60.0,,0,0,0,0,,DEPTH_SNAPSHOT_STREAM,false
2116,ELECTION_DAY_PRE_RESULTS,,11.2,,0,0,0,0,,DEPTH_SNAPSHOT_STREAM,false
2116,ACTIVE_RESULTS,,6.0,,0,0,0,0,,DEPTH_SNAPSHOT_STREAM,false
2116,LATE_COUNT,,42.8,,0,0,0,0,,DEPTH_SNAPSHOT_STREAM,false
2116,POST_RESOLUTION_DIAGNOSTIC,,,,0,0,0,0,,DEPTH_SNAPSHOT_STREAM,false
2117,PRE_ELECTION,,60.0,,0,0,0,0,,DEPTH_SNAPSHOT_STREAM,false
2117,ELECTION_DAY_PRE_RESULTS,,11.2,,0,0,0,0,,DEPTH_SNAPSHOT_STREAM,false
2117,ACTIVE_RESULTS,,6.0,,0,0,0,0,,DEPTH_SNAPSHOT_STREAM,false
2117,LATE_COUNT,,42.8,,0,0,0,0,,DEPTH_SNAPSHOT_STREAM,false
2117,POST_RESOLUTION_DIAGNOSTIC,,,,0,0,0,0,,DEPTH_SNAPSHOT_STREAM,false
2118,PRE_ELECTION,,60.0,,0,0,0,0,,DEPTH_SNAPSHOT_STREAM,false
2118,ELECTION_DAY_PRE_RESULTS,,11.2,,0,0,0,0,,DEPTH_SNAPSHOT_STREAM,false
2118,ACTIVE_RESULTS,,6.0,,0,0,0,0,,DEPTH_SNAPSHOT_STREAM,false
2118,LATE_COUNT,,42.8,,0,0,0,0,,DEPTH_SNAPSHOT_STREAM,false
2118,POST_RESOLUTION_DIAGNOSTIC,,,,0,0,0,0,,DEPTH_SNAPSHOT_STREAM,false
2119,PRE_ELECTION,,60.0,,0,0,0,0,,DEPTH_SNAPSHOT_STREAM,false
2119,ELECTION_DAY_PRE_RESULTS,,11.2,,0,0,0,0,,DEPTH_SNAPSHOT_STREAM,false
2119,ACTIVE_RESULTS,,6.0,,0,0,0,0,,DEPTH_SNAPSHOT_STREAM,false
2119,LATE_COUNT,,42.8,,0,0,0,0,,DEPTH_SNAPSHOT_STREAM,false
2119,POST_RESOLUTION_DIAGNOSTIC,,,,0,0,0,0,,DEPTH_SNAPSHOT_STREAM,false
2120,PRE_ELECTION,,60.0,,0,0,0,0,,DEPTH_SNAPSHOT_STREAM,false
2120,ELECTION_DAY_PRE_RESULTS,,11.2,,0,0,0,0,,DEPTH_SNAPSHOT_STREAM,false
2120,ACTIVE_RESULTS,,6.0,,0,0,0,0,,DEPTH_SNAPSHOT_STREAM,false
2120,LATE_COUNT,,42.8,,0,0,0,0,,DEPTH_SNAPSHOT_STREAM,false
2120,POST_RESOLUTION_DIAGNOSTIC,,,,0,0,0,0,,DEPTH_SNAPSHOT_STREAM,false
2121,PRE_ELECTION,,60.0,,0,0,0,0,,DEPTH_SNAPSHOT_STREAM,false
2121,ELECTION_DAY_PRE_RESULTS,,11.2,,0,0,0,0,,DEPTH_SNAPSHOT_STREAM,false
2121,ACTIVE_RESULTS,,6.0,,0,0,0,0,,DEPTH_SNAPSHOT_STREAM,false
2121,LATE_COUNT,,42.8,,0,0,0,0,,DEPTH_SNAPSHOT_STREAM,false
2121,POST_RESOLUTION_DIAGNOSTIC,,,,0,0,0,0,,DEPTH_SNAPSHOT_STREAM,false
2122,PRE_ELECTION,,60.0,,0,0,0,0,,DEPTH_SNAPSHOT_STREAM,false
2122,ELECTION_DAY_PRE_RESULTS,,11.2,,0,0,0,0,,DEPTH_SNAPSHOT_STREAM,false
2122,ACTIVE_RESULTS,,6.0,,0,0,0,0,,DEPTH_SNAPSHOT_STREAM,false
2122,LATE_COUNT,,42.8,,0,0,0,0,,DEPTH_SNAPSHOT_STREAM,false
2122,POST_RESOLUTION_DIAGNOSTIC,,,,0,0,0,0,,DEPTH_SNAPSHOT_STREAM,false
2123,PRE_ELECTION,,60.0,,0,0,0,0,,DEPTH_SNAPSHOT_STREAM,false
2123,ELECTION_DAY_PRE_RESULTS,,11.2,,0,0,0,0,,DEPTH_SNAPSHOT_STREAM,false
2123,ACTIVE_RESULTS,,6.0,,0,0,0,0,,DEPTH_SNAPSHOT_STREAM,false
2123,LATE_COUNT,,42.8,,0,0,0,0,,DEPTH_SNAPSHOT_STREAM,false
2123,POST_RESOLUTION_DIAGNOSTIC,,,,0,0,0,0,,DEPTH_SNAPSHOT_STREAM,false
2124,PRE_ELECTION,,60.0,,0,0,0,0,,DEPTH_SNAPSHOT_STREAM,false
2124,ELECTION_DAY_PRE_RESULTS,,11.2,,0,0,0,0,,DEPTH_SNAPSHOT_STREAM,false
2124,ACTIVE_RESULTS,,6.0,,0,0,0,0,,DEPTH_SNAPSHOT_STREAM,false
2124,LATE_COUNT,,42.8,,0,0,0,0,,DEPTH_SNAPSHOT_STREAM,false
2124,POST_RESOLUTION_DIAGNOSTIC,,,,0,0,0,0,,DEPTH_SNAPSHOT_STREAM,false
2125,PRE_ELECTION,,60.0,,0,0,0,0,,DEPTH_SNAPSHOT_STREAM,false
2125,ELECTION_DAY_PRE_RESULTS,,11.2,,0,0,0,0,,DEPTH_SNAPSHOT_STREAM,false
2125,ACTIVE_RESULTS,,6.0,,0,0,0,0,,DEPTH_SNAPSHOT_STREAM,false
2125,LATE_COUNT,,42.8,,0,0,0,0,,DEPTH_SNAPSHOT_STREAM,false
2125,POST_RESOLUTION_DIAGNOSTIC,,,,0,0,0,0,,DEPTH_SNAPSHOT_STREAM,false
2126,PRE_ELECTION,,60.0,,0,0,0,0,,DEPTH_SNAPSHOT_STREAM,false
2126,ELECTION_DAY_PRE_RESULTS,,11.2,,0,0,0,0,,DEPTH_SNAPSHOT_STREAM,false
2126,ACTIVE_RESULTS,,6.0,,0,0,0,0,,DEPTH_SNAPSHOT_STREAM,false
2126,LATE_COUNT,,42.8,,0,0,0,0,,DEPTH_SNAPSHOT_STREAM,false
2126,POST_RESOLUTION_DIAGNOSTIC,,,,0,0,0,0,,DEPTH_SNAPSHOT_STREAM,false
2127,PRE_ELECTION,,60.0,,0,0,0,0,,DEPTH_SNAPSHOT_STREAM,false
2127,ELECTION_DAY_PRE_RESULTS,,11.2,,0,0,0,0,,DEPTH_SNAPSHOT_STREAM,false
2127,ACTIVE_RESULTS,,6.0,,0,0,0,0,,DEPTH_SNAPSHOT_STREAM,false
2127,LATE_COUNT,,42.8,,0,0,0,0,,DEPTH_SNAPSHOT_STREAM,false
2127,POST_RESOLUTION_DIAGNOSTIC,,,,0,0,0,0,,DEPTH_SNAPSHOT_STREAM,false
2128,PRE_ELECTION,,60.0,,0,0,0,0,,DEPTH_SNAPSHOT_STREAM,false
2128,ELECTION_DAY_PRE_RESULTS,,11.2,,0,0,0,0,,DEPTH_SNAPSHOT_STREAM,false
2128,ACTIVE_RESULTS,,6.0,,0,0,0,0,,DEPTH_SNAPSHOT_STREAM,false
2128,LATE_COUNT,,42.8,,0,0,0,0,,DEPTH_SNAPSHOT_STREAM,false
2128,POST_RESOLUTION_DIAGNOSTIC,,,,0,0,0,0,,DEPTH_SNAPSHOT_STREAM,false
2129,PRE_ELECTION,,60.0,,0,0,0,0,,DEPTH_SNAPSHOT_STREAM,false
2129,ELECTION_DAY_PRE_RESULTS,,11.2,,0,0,0,0,,DEPTH_SNAPSHOT_STREAM,false
2129,ACTIVE_RESULTS,,6.0,,0,0,0,0,,DEPTH_SNAPSHOT_STREAM,false
2129,LATE_COUNT,,42.8,,0,0,0,0,,DEPTH_SNAPSHOT_STREAM,false
2129,POST_RESOLUTION_DIAGNOSTIC,,,,0,0,0,0,,DEPTH_SNAPSHOT_STREAM,false
2130,PRE_ELECTION,,60.0,,0,0,0,0,,DEPTH_SNAPSHOT_STREAM,false
2130,ELECTION_DAY_PRE_RESULTS,,11.2,,0,0,0,0,,DEPTH_SNAPSHOT_STREAM,false
2130,ACTIVE_RESULTS,,6.0,,0,0,0,0,,DEPTH_SNAPSHOT_STREAM,false
2130,LATE_COUNT,,42.8,,0,0,0,0,,DEPTH_SNAPSHOT_STREAM,false
2130,POST_RESOLUTION_DIAGNOSTIC,,,,0,0,0,0,,DEPTH_SNAPSHOT_STREAM,false
2131,PRE_ELECTION,,60.0,,0,0,0,0,,DEPTH_SNAPSHOT_STREAM,false
2131,ELECTION_DAY_PRE_RESULTS,,11.2,,0,0,0,0,,DEPTH_SNAPSHOT_STREAM,false
2131,ACTIVE_RESULTS,,6.0,,0,0,0,0,,DEPTH_SNAPSHOT_STREAM,false
2131,LATE_COUNT,,42.8,,0,0,0,0,,DEPTH_SNAPSHOT_STREAM,false
2131,POST_RESOLUTION_DIAGNOSTIC,,,,0,0,0,0,,DEPTH_SNAPSHOT_STREAM,false
2132,PRE_ELECTION,,60.0,,0,0,0,0,,DEPTH_SNAPSHOT_STREAM,false
2132,ELECTION_DAY_PRE_RESULTS,,11.2,,0,0,0,0,,DEPTH_SNAPSHOT_STREAM,false
2132,ACTIVE_RESULTS,,6.0,,0,0,0,0,,DEPTH_SNAPSHOT_STREAM,false
2132,LATE_COUNT,,42.8,,0,0,0,0,,DEPTH_SNAPSHOT_STREAM,false
2132,POST_RESOLUTION_DIAGNOSTIC,,,,0,0,0,0,,DEPTH_SNAPSHOT_STREAM,false
2133,PRE_ELECTION,,60.0,,0,0,0,0,,DEPTH_SNAPSHOT_STREAM,false
2133,ELECTION_DAY_PRE_RESULTS,,11.2,,0,0,0,0,,DEPTH_SNAPSHOT_STREAM,false
2133,ACTIVE_RESULTS,,6.0,,0,0,0,0,,DEPTH_SNAPSHOT_STREAM,false
2133,LATE_COUNT,,42.8,,0,0,0,0,,DEPTH_SNAPSHOT_STREAM,false
2133,POST_RESOLUTION_DIAGNOSTIC,,,,0,0,0,0,,DEPTH_SNAPSHOT_STREAM,false
2134,PRE_ELECTION,,60.0,,0,0,0,0,,DEPTH_SNAPSHOT_STREAM,false
2134,ELECTION_DAY_PRE_RESULTS,,11.2,,0,0,0,0,,DEPTH_SNAPSHOT_STREAM,false
2134,ACTIVE_RESULTS,,6.0,,0,0,0,0,,DEPTH_SNAPSHOT_STREAM,false
2134,LATE_COUNT,,42.8,,0,0,0,0,,DEPTH_SNAPSHOT_STREAM,false
2134,POST_RESOLUTION_DIAGNOSTIC,,,,0,0,0,0,,DEPTH_SNAPSHOT_STREAM,false
2135,PRE_ELECTION,,60.0,,0,0,0,0,,DEPTH_SNAPSHOT_STREAM,false
2135,ELECTION_DAY_PRE_RESULTS,,11.2,,0,0,0,0,,DEPTH_SNAPSHOT_STREAM,false
2135,ACTIVE_RESULTS,,6.0,,0,0,0,0,,DEPTH_SNAPSHOT_STREAM,false
2135,LATE_COUNT,,42.8,,0,0,0,0,,DEPTH_SNAPSHOT_STREAM,false
2135,POST_RESOLUTION_DIAGNOSTIC,,,,0,0,0,0,,DEPTH_SNAPSHOT_STREAM,false
2136,PRE_ELECTION,,60.0,,0,0,0,0,,DEPTH_SNAPSHOT_STREAM,false
2136,ELECTION_DAY_PRE_RESULTS,,11.2,,0,0,0,0,,DEPTH_SNAPSHOT_STREAM,false
2136,ACTIVE_RESULTS,,6.0,,0,0,0,0,,DEPTH_SNAPSHOT_STREAM,false
2136,LATE_COUNT,,42.8,,0,0,0,0,,DEPTH_SNAPSHOT_STREAM,false
2136,POST_RESOLUTION_DIAGNOSTIC,,,,0,0,0,0,,DEPTH_SNAPSHOT_STREAM,false
2137,PRE_ELECTION,,60.0,,0,0,0,0,,DEPTH_SNAPSHOT_STREAM,false
2137,ELECTION_DAY_PRE_RESULTS,,11.2,,0,0,0,0,,DEPTH_SNAPSHOT_STREAM,false
2137,ACTIVE_RESULTS,,6.0,,0,0,0,0,,DEPTH_SNAPSHOT_STREAM,false
2137,LATE_COUNT,,42.8,,0,0,0,0,,DEPTH_SNAPSHOT_STREAM,false
2137,POST_RESOLUTION_DIAGNOSTIC,,,,0,0,0,0,,DEPTH_SNAPSHOT_STREAM,false
2138,PRE_ELECTION,,60.0,,0,0,0,0,,DEPTH_SNAPSHOT_STREAM,false
2138,ELECTION_DAY_PRE_RESULTS,,11.2,,0,0,0,0,,DEPTH_SNAPSHOT_STREAM,false
2138,ACTIVE_RESULTS,,6.0,,0,0,0,0,,DEPTH_SNAPSHOT_STREAM,false
2138,LATE_COUNT,,42.8,,0,0,0,0,,DEPTH_SNAPSHOT_STREAM,false
2138,POST_RESOLUTION_DIAGNOSTIC,,,,0,0,0,0,,DEPTH_SNAPSHOT_STREAM,false
2139,PRE_ELECTION,,60.0,,0,0,0,0,,DEPTH_SNAPSHOT_STREAM,false
2139,ELECTION_DAY_PRE_RESULTS,,11.2,,0,0,0,0,,DEPTH_SNAPSHOT_STREAM,false
2139,ACTIVE_RESULTS,,6.0,,0,0,0,0,,DEPTH_SNAPSHOT_STREAM,false
2139,LATE_COUNT,,42.8,,0,0,0,0,,DEPTH_SNAPSHOT_STREAM,false
2139,POST_RESOLUTION_DIAGNOSTIC,,,,0,0,0,0,,DEPTH_SNAPSHOT_STREAM,false
2140,PRE_ELECTION,,60.0,,0,0,0,0,,DEPTH_SNAPSHOT_STREAM,false
2140,ELECTION_DAY_PRE_RESULTS,,11.2,,0,0,0,0,,DEPTH_SNAPSHOT_STREAM,false
2140,ACTIVE_RESULTS,,6.0,,0,0,0,0,,DEPTH_SNAPSHOT_STREAM,false
2140,LATE_COUNT,,42.8,,0,0,0,0,,DEPTH_SNAPSHOT_STREAM,false
2140,POST_RESOLUTION_DIAGNOSTIC,,,,0,0,0,0,,DEPTH_SNAPSHOT_STREAM,false
2141,PRE_ELECTION,,60.0,,0,0,0,0,,DEPTH_SNAPSHOT_STREAM,false
2141,ELECTION_DAY_PRE_RESULTS,,11.2,,0,0,0,0,,DEPTH_SNAPSHOT_STREAM,false
2141,ACTIVE_RESULTS,,6.0,,0,0,0,0,,DEPTH_SNAPSHOT_STREAM,false
2141,LATE_COUNT,,42.8,,0,0,0,0,,DEPTH_SNAPSHOT_STREAM,false
2141,POST_RESOLUTION_DIAGNOSTIC,,,,0,0,0,0,,DEPTH_SNAPSHOT_STREAM,false
2142,PRE_ELECTION,,60.0,,0,0,0,0,,DEPTH_SNAPSHOT_STREAM,false
2142,ELECTION_DAY_PRE_RESULTS,,11.2,,0,0,0,0,,DEPTH_SNAPSHOT_STREAM,false
2142,ACTIVE_RESULTS,,6.0,,0,0,0,0,,DEPTH_SNAPSHOT_STREAM,false
2142,LATE_COUNT,,42.8,,0,0,0,0,,DEPTH_SNAPSHOT_STREAM,false
2142,POST_RESOLUTION_DIAGNOSTIC,,,,0,0,0,0,,DEPTH_SNAPSHOT_STREAM,false
2143,PRE_ELECTION,,60.0,,0,0,0,0,,DEPTH_SNAPSHOT_STREAM,false
2143,ELECTION_DAY_PRE_RESULTS,,11.2,,0,0,0,0,,DEPTH_SNAPSHOT_STREAM,false
2143,ACTIVE_RESULTS,,6.0,,0,0,0,0,,DEPTH_SNAPSHOT_STREAM,false
2143,LATE_COUNT,,42.8,,0,0,0,0,,DEPTH_SNAPSHOT_STREAM,false
2143,POST_RESOLUTION_DIAGNOSTIC,,,,0,0,0,0,,DEPTH_SNAPSHOT_STREAM,false
2144,PRE_ELECTION,,60.0,,0,0,0,0,,DEPTH_SNAPSHOT_STREAM,false
2144,ELECTION_DAY_PRE_RESULTS,,11.2,,0,0,0,0,,DEPTH_SNAPSHOT_STREAM,false
2144,ACTIVE_RESULTS,,6.0,,0,0,0,0,,DEPTH_SNAPSHOT_STREAM,false
2144,LATE_COUNT,,42.8,,0,0,0,0,,DEPTH_SNAPSHOT_STREAM,false
2144,POST_RESOLUTION_DIAGNOSTIC,,,,0,0,0,0,,DEPTH_SNAPSHOT_STREAM,false
2145,PRE_ELECTION,,60.0,,0,0,0,0,,DEPTH_SNAPSHOT_STREAM,false
2145,ELECTION_DAY_PRE_RESULTS,,11.2,,0,0,0,0,,DEPTH_SNAPSHOT_STREAM,false
2145,ACTIVE_RESULTS,,6.0,,0,0,0,0,,DEPTH_SNAPSHOT_STREAM,false
2145,LATE_COUNT,,42.8,,0,0,0,0,,DEPTH_SNAPSHOT_STREAM,false
2145,POST_RESOLUTION_DIAGNOSTIC,,,,0,0,0,0,,DEPTH_SNAPSHOT_STREAM,false
2146,PRE_ELECTION,,60.0,,0,0,0,0,,DEPTH_SNAPSHOT_STREAM,false
2146,ELECTION_DAY_PRE_RESULTS,,11.2,,0,0,0,0,,DEPTH_SNAPSHOT_STREAM,false
2146,ACTIVE_RESULTS,,6.0,,0,0,0,0,,DEPTH_SNAPSHOT_STREAM,false
2146,LATE_COUNT,,42.8,,0,0,0,0,,DEPTH_SNAPSHOT_STREAM,false
2146,POST_RESOLUTION_DIAGNOSTIC,,,,0,0,0,0,,DEPTH_SNAPSHOT_STREAM,false
2147,PRE_ELECTION,,60.0,,0,0,0,0,,DEPTH_SNAPSHOT_STREAM,false
2147,ELECTION_DAY_PRE_RESULTS,,11.2,,0,0,0,0,,DEPTH_SNAPSHOT_STREAM,false
2147,ACTIVE_RESULTS,,6.0,,0,0,0,0,,DEPTH_SNAPSHOT_STREAM,false
2147,LATE_COUNT,,42.8,,0,0,0,0,,DEPTH_SNAPSHOT_STREAM,false
2147,POST_RESOLUTION_DIAGNOSTIC,,,,0,0,0,0,,DEPTH_SNAPSHOT_STREAM,false
2148,PRE_ELECTION,,60.0,,0,0,0,0,,DEPTH_SNAPSHOT_STREAM,false
2148,ELECTION_DAY_PRE_RESULTS,,11.2,,0,0,0,0,,DEPTH_SNAPSHOT_STREAM,false
2148,ACTIVE_RESULTS,,6.0,,0,0,0,0,,DEPTH_SNAPSHOT_STREAM,false
2148,LATE_COUNT,,42.8,,0,0,0,0,,DEPTH_SNAPSHOT_STREAM,false
2148,POST_RESOLUTION_DIAGNOSTIC,,,,0,0,0,0,,DEPTH_SNAPSHOT_STREAM,false
2149,PRE_ELECTION,,60.0,,0,0,0,0,,DEPTH_SNAPSHOT_STREAM,false
2149,ELECTION_DAY_PRE_RESULTS,,11.2,,0,0,0,0,,DEPTH_SNAPSHOT_STREAM,false
2149,ACTIVE_RESULTS,,6.0,,0,0,0,0,,DEPTH_SNAPSHOT_STREAM,false
2149,LATE_COUNT,,42.8,,0,0,0,0,,DEPTH_SNAPSHOT_STREAM,false
2149,POST_RESOLUTION_DIAGNOSTIC,,,,0,0,0,0,,DEPTH_SNAPSHOT_STREAM,false
2150,PRE_ELECTION,,60.0,,0,0,0,0,,DEPTH_SNAPSHOT_STREAM,false
2150,ELECTION_DAY_PRE_RESULTS,,11.2,,0,0,0,0,,DEPTH_SNAPSHOT_STREAM,false
2150,ACTIVE_RESULTS,,6.0,,0,0,0,0,,DEPTH_SNAPSHOT_STREAM,false
2150,LATE_COUNT,,42.8,,0,0,0,0,,DEPTH_SNAPSHOT_STREAM,false
2150,POST_RESOLUTION_DIAGNOSTIC,,,,0,0,0,0,,DEPTH_SNAPSHOT_STREAM,false
2151,PRE_ELECTION,,60.0,,0,0,0,0,,DEPTH_SNAPSHOT_STREAM,false
2151,ELECTION_DAY_PRE_RESULTS,,11.2,,0,0,0,0,,DEPTH_SNAPSHOT_STREAM,false
2151,ACTIVE_RESULTS,,6.0,,0,0,0,0,,DEPTH_SNAPSHOT_STREAM,false
2151,LATE_COUNT,,42.8,,0,0,0,0,,DEPTH_SNAPSHOT_STREAM,false
2151,POST_RESOLUTION_DIAGNOSTIC,,,,0,0,0,0,,DEPTH_SNAPSHOT_STREAM,false
2152,PRE_ELECTION,,60.0,,0,0,0,0,,DEPTH_SNAPSHOT_STREAM,false
2152,ELECTION_DAY_PRE_RESULTS,,11.2,,0,0,0,0,,DEPTH_SNAPSHOT_STREAM,false
2152,ACTIVE_RESULTS,,6.0,,0,0,0,0,,DEPTH_SNAPSHOT_STREAM,false
2152,LATE_COUNT,,42.8,,0,0,0,0,,DEPTH_SNAPSHOT_STREAM,false
2152,POST_RESOLUTION_DIAGNOSTIC,,,,0,0,0,0,,DEPTH_SNAPSHOT_STREAM,false
2153,PRE_ELECTION,,60.0,,0,0,0,0,,DEPTH_SNAPSHOT_STREAM,false
2153,ELECTION_DAY_PRE_RESULTS,,11.2,,0,0,0,0,,DEPTH_SNAPSHOT_STREAM,false
2153,ACTIVE_RESULTS,,6.0,,0,0,0,0,,DEPTH_SNAPSHOT_STREAM,false
2153,LATE_COUNT,,42.8,,0,0,0,0,,DEPTH_SNAPSHOT_STREAM,false
2153,POST_RESOLUTION_DIAGNOSTIC,,,,0,0,0,0,,DEPTH_SNAPSHOT_STREAM,false
2154,PRE_ELECTION,,60.0,,0,0,0,0,,DEPTH_SNAPSHOT_STREAM,false
2154,ELECTION_DAY_PRE_RESULTS,,11.2,,0,0,0,0,,DEPTH_SNAPSHOT_STREAM,false
2154,ACTIVE_RESULTS,,6.0,,0,0,0,0,,DEPTH_SNAPSHOT_STREAM,false
2154,LATE_COUNT,,42.8,,0,0,0,0,,DEPTH_SNAPSHOT_STREAM,false
2154,POST_RESOLUTION_DIAGNOSTIC,,,,0,0,0,0,,DEPTH_SNAPSHOT_STREAM,false
2155,PRE_ELECTION,,60.0,,0,0,0,0,,DEPTH_SNAPSHOT_STREAM,false
2155,ELECTION_DAY_PRE_RESULTS,,11.2,,0,0,0,0,,DEPTH_SNAPSHOT_STREAM,false
2155,ACTIVE_RESULTS,,6.0,,0,0,0,0,,DEPTH_SNAPSHOT_STREAM,false
2155,LATE_COUNT,,42.8,,0,0,0,0,,DEPTH_SNAPSHOT_STREAM,false
2155,POST_RESOLUTION_DIAGNOSTIC,,,,0,0,0,0,,DEPTH_SNAPSHOT_STREAM,false
2156,PRE_ELECTION,,60.0,,0,0,0,0,,DEPTH_SNAPSHOT_STREAM,false
2156,ELECTION_DAY_PRE_RESULTS,,11.2,,0,0,0,0,,DEPTH_SNAPSHOT_STREAM,false
2156,ACTIVE_RESULTS,,6.0,,0,0,0,0,,DEPTH_SNAPSHOT_STREAM,false
2156,LATE_COUNT,,42.8,,0,0,0,0,,DEPTH_SNAPSHOT_STREAM,false
2156,POST_RESOLUTION_DIAGNOSTIC,,,,0,0,0,0,,DEPTH_SNAPSHOT_STREAM,false
2157,PRE_ELECTION,,60.0,,0,0,0,0,,DEPTH_SNAPSHOT_STREAM,false
2157,ELECTION_DAY_PRE_RESULTS,,11.2,,0,0,0,0,,DEPTH_SNAPSHOT_STREAM,false
2157,ACTIVE_RESULTS,,6.0,,0,0,0,0,,DEPTH_SNAPSHOT_STREAM,false
2157,LATE_COUNT,,42.8,,0,0,0,0,,DEPTH_SNAPSHOT_STREAM,false
2157,POST_RESOLUTION_DIAGNOSTIC,,,,0,0,0,0,,DEPTH_SNAPSHOT_STREAM,false
2158,PRE_ELECTION,,60.0,,0,0,0,0,,DEPTH_SNAPSHOT_STREAM,false
2158,ELECTION_DAY_PRE_RESULTS,,11.2,,0,0,0,0,,DEPTH_SNAPSHOT_STREAM,false
2158,ACTIVE_RESULTS,,6.0,,0,0,0,0,,DEPTH_SNAPSHOT_STREAM,false
2158,LATE_COUNT,,42.8,,0,0,0,0,,DEPTH_SNAPSHOT_STREAM,false
2158,POST_RESOLUTION_DIAGNOSTIC,,,,0,0,0,0,,DEPTH_SNAPSHOT_STREAM,false
2159,PRE_ELECTION,,60.0,,0,0,0,0,,DEPTH_SNAPSHOT_STREAM,false
2159,ELECTION_DAY_PRE_RESULTS,,11.2,,0,0,0,0,,DEPTH_SNAPSHOT_STREAM,false
2159,ACTIVE_RESULTS,,6.0,,0,0,0,0,,DEPTH_SNAPSHOT_STREAM,false
2159,LATE_COUNT,,42.8,,0,0,0,0,,DEPTH_SNAPSHOT_STREAM,false
2159,POST_RESOLUTION_DIAGNOSTIC,,,,0,0,0,0,,DEPTH_SNAPSHOT_STREAM,false
2160,PRE_ELECTION,,60.0,,0,0,0,0,,DEPTH_SNAPSHOT_STREAM,false
2160,ELECTION_DAY_PRE_RESULTS,,11.2,,0,0,0,0,,DEPTH_SNAPSHOT_STREAM,false
2160,ACTIVE_RESULTS,,6.0,,0,0,0,0,,DEPTH_SNAPSHOT_STREAM,false
2160,LATE_COUNT,,42.8,,0,0,0,0,,DEPTH_SNAPSHOT_STREAM,false
2160,POST_RESOLUTION_DIAGNOSTIC,,,,0,0,0,0,,DEPTH_SNAPSHOT_STREAM,false
2161,PRE_ELECTION,,60.0,,0,0,0,0,,DEPTH_SNAPSHOT_STREAM,false
2161,ELECTION_DAY_PRE_RESULTS,,11.2,,0,0,0,0,,DEPTH_SNAPSHOT_STREAM,false
2161,ACTIVE_RESULTS,,6.0,,0,0,0,0,,DEPTH_SNAPSHOT_STREAM,false
2161,LATE_COUNT,,42.8,,0,0,0,0,,DEPTH_SNAPSHOT_STREAM,false
2161,POST_RESOLUTION_DIAGNOSTIC,,,,0,0,0,0,,DEPTH_SNAPSHOT_STREAM,false
2162,PRE_ELECTION,,60.0,,0,0,0,0,,DEPTH_SNAPSHOT_STREAM,false
2162,ELECTION_DAY_PRE_RESULTS,,11.2,,0,0,0,0,,DEPTH_SNAPSHOT_STREAM,false
2162,ACTIVE_RESULTS,,6.0,,0,0,0,0,,DEPTH_SNAPSHOT_STREAM,false
2162,LATE_COUNT,,42.8,,0,0,0,0,,DEPTH_SNAPSHOT_STREAM,false
2162,POST_RESOLUTION_DIAGNOSTIC,,,,0,0,0,0,,DEPTH_SNAPSHOT_STREAM,false
2163,PRE_ELECTION,,60.0,,0,0,0,0,,DEPTH_SNAPSHOT_STREAM,false
2163,ELECTION_DAY_PRE_RESULTS,,11.2,,0,0,0,0,,DEPTH_SNAPSHOT_STREAM,false
2163,ACTIVE_RESULTS,,6.0,,0,0,0,0,,DEPTH_SNAPSHOT_STREAM,false
2163,LATE_COUNT,,42.8,,0,0,0,0,,DEPTH_SNAPSHOT_STREAM,false
2163,POST_RESOLUTION_DIAGNOSTIC,,,,0,0,0,0,,DEPTH_SNAPSHOT_STREAM,false
2164,PRE_ELECTION,,60.0,,0,0,0,0,,DEPTH_SNAPSHOT_STREAM,false
2164,ELECTION_DAY_PRE_RESULTS,,11.2,,0,0,0,0,,DEPTH_SNAPSHOT_STREAM,false
2164,ACTIVE_RESULTS,,6.0,,0,0,0,0,,DEPTH_SNAPSHOT_STREAM,false
2164,LATE_COUNT,,42.8,,0,0,0,0,,DEPTH_SNAPSHOT_STREAM,false
2164,POST_RESOLUTION_DIAGNOSTIC,,,,0,0,0,0,,DEPTH_SNAPSHOT_STREAM,false
2165,PRE_ELECTION,,60.0,,0,0,0,0,,DEPTH_SNAPSHOT_STREAM,false
2165,ELECTION_DAY_PRE_RESULTS,,11.2,,0,0,0,0,,DEPTH_SNAPSHOT_STREAM,false
2165,ACTIVE_RESULTS,,6.0,,0,0,0,0,,DEPTH_SNAPSHOT_STREAM,false
2165,LATE_COUNT,,42.8,,0,0,0,0,,DEPTH_SNAPSHOT_STREAM,false
2165,POST_RESOLUTION_DIAGNOSTIC,,,,0,0,0,0,,DEPTH_SNAPSHOT_STREAM,false
2166,PRE_ELECTION,,60.0,,0,0,0,0,,DEPTH_SNAPSHOT_STREAM,false
2166,ELECTION_DAY_PRE_RESULTS,,11.2,,0,0,0,0,,DEPTH_SNAPSHOT_STREAM,false
2166,ACTIVE_RESULTS,,6.0,,0,0,0,0,,DEPTH_SNAPSHOT_STREAM,false
2166,LATE_COUNT,,42.8,,0,0,0,0,,DEPTH_SNAPSHOT_STREAM,false
2166,POST_RESOLUTION_DIAGNOSTIC,,,,0,0,0,0,,DEPTH_SNAPSHOT_STREAM,false
2167,PRE_ELECTION,,60.0,,0,0,0,0,,DEPTH_SNAPSHOT_STREAM,false
2167,ELECTION_DAY_PRE_RESULTS,,11.2,,0,0,0,0,,DEPTH_SNAPSHOT_STREAM,false
2167,ACTIVE_RESULTS,,6.0,,0,0,0,0,,DEPTH_SNAPSHOT_STREAM,false
2167,LATE_COUNT,,42.8,,0,0,0,0,,DEPTH_SNAPSHOT_STREAM,false
2167,POST_RESOLUTION_DIAGNOSTIC,,,,0,0,0,0,,DEPTH_SNAPSHOT_STREAM,false
2168,PRE_ELECTION,,60.0,,0,0,0,0,,DEPTH_SNAPSHOT_STREAM,false
2168,ELECTION_DAY_PRE_RESULTS,,11.2,,0,0,0,0,,DEPTH_SNAPSHOT_STREAM,false
2168,ACTIVE_RESULTS,,6.0,,0,0,0,0,,DEPTH_SNAPSHOT_STREAM,false
2168,LATE_COUNT,,42.8,,0,0,0,0,,DEPTH_SNAPSHOT_STREAM,false
2168,POST_RESOLUTION_DIAGNOSTIC,,,,0,0,0,0,,DEPTH_SNAPSHOT_STREAM,false
2169,PRE_ELECTION,,60.0,,0,0,0,0,,DEPTH_SNAPSHOT_STREAM,false
2169,ELECTION_DAY_PRE_RESULTS,,11.2,,0,0,0,0,,DEPTH_SNAPSHOT_STREAM,false
2169,ACTIVE_RESULTS,,6.0,,0,0,0,0,,DEPTH_SNAPSHOT_STREAM,false
2169,LATE_COUNT,,42.8,,0,0,0,0,,DEPTH_SNAPSHOT_STREAM,false
2169,POST_RESOLUTION_DIAGNOSTIC,,,,0,0,0,0,,DEPTH_SNAPSHOT_STREAM,false
2170,PRE_ELECTION,,60.0,,0,0,0,0,,DEPTH_SNAPSHOT_STREAM,false
2170,ELECTION_DAY_PRE_RESULTS,,11.2,,0,0,0,0,,DEPTH_SNAPSHOT_STREAM,false
2170,ACTIVE_RESULTS,,6.0,,0,0,0,0,,DEPTH_SNAPSHOT_STREAM,false
2170,LATE_COUNT,,42.8,,0,0,0,0,,DEPTH_SNAPSHOT_STREAM,false
2170,POST_RESOLUTION_DIAGNOSTIC,,,,0,0,0,0,,DEPTH_SNAPSHOT_STREAM,false
2171,PRE_ELECTION,,60.0,,0,0,0,0,,DEPTH_SNAPSHOT_STREAM,false
2171,ELECTION_DAY_PRE_RESULTS,,11.2,,0,0,0,0,,DEPTH_SNAPSHOT_STREAM,false
2171,ACTIVE_RESULTS,,6.0,,0,0,0,0,,DEPTH_SNAPSHOT_STREAM,false
2171,LATE_COUNT,,42.8,,0,0,0,0,,DEPTH_SNAPSHOT_STREAM,false
2171,POST_RESOLUTION_DIAGNOSTIC,,,,0,0,0,0,,DEPTH_SNAPSHOT_STREAM,false
2172,PRE_ELECTION,,60.0,,0,0,0,0,,DEPTH_SNAPSHOT_STREAM,false
2172,ELECTION_DAY_PRE_RESULTS,,11.2,,0,0,0,0,,DEPTH_SNAPSHOT_STREAM,false
2172,ACTIVE_RESULTS,,6.0,,0,0,0,0,,DEPTH_SNAPSHOT_STREAM,false
2172,LATE_COUNT,,42.8,,0,0,0,0,,DEPTH_SNAPSHOT_STREAM,false
2172,POST_RESOLUTION_DIAGNOSTIC,,,,0,0,0,0,,DEPTH_SNAPSHOT_STREAM,false
2173,PRE_ELECTION,,60.0,,0,0,0,0,,DEPTH_SNAPSHOT_STREAM,false
2173,ELECTION_DAY_PRE_RESULTS,,11.2,,0,0,0,0,,DEPTH_SNAPSHOT_STREAM,false
2173,ACTIVE_RESULTS,,6.0,,0,0,0,0,,DEPTH_SNAPSHOT_STREAM,false
2173,LATE_COUNT,,42.8,,0,0,0,0,,DEPTH_SNAPSHOT_STREAM,false
2173,POST_RESOLUTION_DIAGNOSTIC,,,,0,0,0,0,,DEPTH_SNAPSHOT_STREAM,false
2174,PRE_ELECTION,,60.0,,0,0,0,0,,DEPTH_SNAPSHOT_STREAM,false
2174,ELECTION_DAY_PRE_RESULTS,,11.2,,0,0,0,0,,DEPTH_SNAPSHOT_STREAM,false
2174,ACTIVE_RESULTS,,6.0,,0,0,0,0,,DEPTH_SNAPSHOT_STREAM,false
2174,LATE_COUNT,,42.8,,0,0,0,0,,DEPTH_SNAPSHOT_STREAM,false
2174,POST_RESOLUTION_DIAGNOSTIC,,,,0,0,0,0,,DEPTH_SNAPSHOT_STREAM,false
2175,PRE_ELECTION,,60.0,,0,0,0,0,,DEPTH_SNAPSHOT_STREAM,false
2175,ELECTION_DAY_PRE_RESULTS,,11.2,,0,0,0,0,,DEPTH_SNAPSHOT_STREAM,false
2175,ACTIVE_RESULTS,,6.0,,0,0,0,0,,DEPTH_SNAPSHOT_STREAM,false
2175,LATE_COUNT,,42.8,,0,0,0,0,,DEPTH_SNAPSHOT_STREAM,false
2175,POST_RESOLUTION_DIAGNOSTIC,,,,0,0,0,0,,DEPTH_SNAPSHOT_STREAM,false
2176,PRE_ELECTION,,60.0,,0,0,0,0,,DEPTH_SNAPSHOT_STREAM,false
2176,ELECTION_DAY_PRE_RESULTS,,11.2,,0,0,0,0,,DEPTH_SNAPSHOT_STREAM,false
2176,ACTIVE_RESULTS,,6.0,,0,0,0,0,,DEPTH_SNAPSHOT_STREAM,false
2176,LATE_COUNT,,42.8,,0,0,0,0,,DEPTH_SNAPSHOT_STREAM,false
2176,POST_RESOLUTION_DIAGNOSTIC,,,,0,0,0,0,,DEPTH_SNAPSHOT_STREAM,false
2177,PRE_ELECTION,,60.0,,0,0,0,0,,DEPTH_SNAPSHOT_STREAM,false
2177,ELECTION_DAY_PRE_RESULTS,,11.2,,0,0,0,0,,DEPTH_SNAPSHOT_STREAM,false
2177,ACTIVE_RESULTS,,6.0,,0,0,0,0,,DEPTH_SNAPSHOT_STREAM,false
2177,LATE_COUNT,,42.8,,0,0,0,0,,DEPTH_SNAPSHOT_STREAM,false
2177,POST_RESOLUTION_DIAGNOSTIC,,,,0,0,0,0,,DEPTH_SNAPSHOT_STREAM,false
2178,PRE_ELECTION,,60.0,,0,0,0,0,,DEPTH_SNAPSHOT_STREAM,false
2178,ELECTION_DAY_PRE_RESULTS,,11.2,,0,0,0,0,,DEPTH_SNAPSHOT_STREAM,false
2178,ACTIVE_RESULTS,,6.0,,0,0,0,0,,DEPTH_SNAPSHOT_STREAM,false
2178,LATE_COUNT,,42.8,,0,0,0,0,,DEPTH_SNAPSHOT_STREAM,false
2178,POST_RESOLUTION_DIAGNOSTIC,,,,0,0,0,0,,DEPTH_SNAPSHOT_STREAM,false
2179,PRE_ELECTION,,60.0,,0,0,0,0,,DEPTH_SNAPSHOT_STREAM,false
2179,ELECTION_DAY_PRE_RESULTS,,11.2,,0,0,0,0,,DEPTH_SNAPSHOT_STREAM,false
2179,ACTIVE_RESULTS,,6.0,,0,0,0,0,,DEPTH_SNAPSHOT_STREAM,false
2179,LATE_COUNT,,42.8,,0,0,0,0,,DEPTH_SNAPSHOT_STREAM,false
2179,POST_RESOLUTION_DIAGNOSTIC,,,,0,0,0,0,,DEPTH_SNAPSHOT_STREAM,false
2180,PRE_ELECTION,,60.0,,0,0,0,0,,DEPTH_SNAPSHOT_STREAM,false
2180,ELECTION_DAY_PRE_RESULTS,,11.2,,0,0,0,0,,DEPTH_SNAPSHOT_STREAM,false
2180,ACTIVE_RESULTS,,6.0,,0,0,0,0,,DEPTH_SNAPSHOT_STREAM,false
2180,LATE_COUNT,,42.8,,0,0,0,0,,DEPTH_SNAPSHOT_STREAM,false
2180,POST_RESOLUTION_DIAGNOSTIC,,,,0,0,0,0,,DEPTH_SNAPSHOT_STREAM,false
2181,PRE_ELECTION,,60.0,,0,0,0,0,,DEPTH_SNAPSHOT_STREAM,false
2181,ELECTION_DAY_PRE_RESULTS,,11.2,,0,0,0,0,,DEPTH_SNAPSHOT_STREAM,false
2181,ACTIVE_RESULTS,,6.0,,0,0,0,0,,DEPTH_SNAPSHOT_STREAM,false
2181,LATE_COUNT,,42.8,,0,0,0,0,,DEPTH_SNAPSHOT_STREAM,false
2181,POST_RESOLUTION_DIAGNOSTIC,,,,0,0,0,0,,DEPTH_SNAPSHOT_STREAM,false
2182,PRE_ELECTION,,60.0,,0,0,0,0,,DEPTH_SNAPSHOT_STREAM,false
2182,ELECTION_DAY_PRE_RESULTS,,11.2,,0,0,0,0,,DEPTH_SNAPSHOT_STREAM,false
2182,ACTIVE_RESULTS,,6.0,,0,0,0,0,,DEPTH_SNAPSHOT_STREAM,false
2182,LATE_COUNT,,42.8,,0,0,0,0,,DEPTH_SNAPSHOT_STREAM,false
2182,POST_RESOLUTION_DIAGNOSTIC,,,,0,0,0,0,,DEPTH_SNAPSHOT_STREAM,false
2183,PRE_ELECTION,,60.0,,0,0,0,0,,DEPTH_SNAPSHOT_STREAM,false
2183,ELECTION_DAY_PRE_RESULTS,,11.2,,0,0,0,0,,DEPTH_SNAPSHOT_STREAM,false
2183,ACTIVE_RESULTS,,6.0,,0,0,0,0,,DEPTH_SNAPSHOT_STREAM,false
2183,LATE_COUNT,,42.8,,0,0,0,0,,DEPTH_SNAPSHOT_STREAM,false
2183,POST_RESOLUTION_DIAGNOSTIC,,,,0,0,0,0,,DEPTH_SNAPSHOT_STREAM,false
2184,PRE_ELECTION,,60.0,,0,0,0,0,,DEPTH_SNAPSHOT_STREAM,false
2184,ELECTION_DAY_PRE_RESULTS,,11.2,,0,0,0,0,,DEPTH_SNAPSHOT_STREAM,false
2184,ACTIVE_RESULTS,,6.0,,0,0,0,0,,DEPTH_SNAPSHOT_STREAM,false
2184,LATE_COUNT,,42.8,,0,0,0,0,,DEPTH_SNAPSHOT_STREAM,false
2184,POST_RESOLUTION_DIAGNOSTIC,,,,0,0,0,0,,DEPTH_SNAPSHOT_STREAM,false
2185,PRE_ELECTION,,60.0,,0,0,0,0,,DEPTH_SNAPSHOT_STREAM,false
2185,ELECTION_DAY_PRE_RESULTS,,11.2,,0,0,0,0,,DEPTH_SNAPSHOT_STREAM,false
2185,ACTIVE_RESULTS,,6.0,,0,0,0,0,,DEPTH_SNAPSHOT_STREAM,false
2185,LATE_COUNT,,42.8,,0,0,0,0,,DEPTH_SNAPSHOT_STREAM,false
2185,POST_RESOLUTION_DIAGNOSTIC,,,,0,0,0,0,,DEPTH_SNAPSHOT_STREAM,false
2186,PRE_ELECTION,,60.0,,0,0,0,0,,DEPTH_SNAPSHOT_STREAM,false
2186,ELECTION_DAY_PRE_RESULTS,,11.2,,0,0,0,0,,DEPTH_SNAPSHOT_STREAM,false
2186,ACTIVE_RESULTS,,6.0,,0,0,0,0,,DEPTH_SNAPSHOT_STREAM,false
2186,LATE_COUNT,,42.8,,0,0,0,0,,DEPTH_SNAPSHOT_STREAM,false
2186,POST_RESOLUTION_DIAGNOSTIC,,,,0,0,0,0,,DEPTH_SNAPSHOT_STREAM,false
2187,PRE_ELECTION,,60.0,,0,0,0,0,,DEPTH_SNAPSHOT_STREAM,false
2187,ELECTION_DAY_PRE_RESULTS,,11.2,,0,0,0,0,,DEPTH_SNAPSHOT_STREAM,false
2187,ACTIVE_RESULTS,,6.0,,0,0,0,0,,DEPTH_SNAPSHOT_STREAM,false
2187,LATE_COUNT,,42.8,,0,0,0,0,,DEPTH_SNAPSHOT_STREAM,false
2187,POST_RESOLUTION_DIAGNOSTIC,,,,0,0,0,0,,DEPTH_SNAPSHOT_STREAM,false
2188,PRE_ELECTION,,60.0,,0,0,0,0,,DEPTH_SNAPSHOT_STREAM,false
2188,ELECTION_DAY_PRE_RESULTS,,11.2,,0,0,0,0,,DEPTH_SNAPSHOT_STREAM,false
2188,ACTIVE_RESULTS,,6.0,,0,0,0,0,,DEPTH_SNAPSHOT_STREAM,false
2188,LATE_COUNT,,42.8,,0,0,0,0,,DEPTH_SNAPSHOT_STREAM,false
2188,POST_RESOLUTION_DIAGNOSTIC,,,,0,0,0,0,,DEPTH_SNAPSHOT_STREAM,false
2189,PRE_ELECTION,,60.0,,0,0,0,0,,DEPTH_SNAPSHOT_STREAM,false
2189,ELECTION_DAY_PRE_RESULTS,,11.2,,0,0,0,0,,DEPTH_SNAPSHOT_STREAM,false
2189,ACTIVE_RESULTS,,6.0,,0,0,0,0,,DEPTH_SNAPSHOT_STREAM,false
2189,LATE_COUNT,,42.8,,0,0,0,0,,DEPTH_SNAPSHOT_STREAM,false
2189,POST_RESOLUTION_DIAGNOSTIC,,,,0,0,0,0,,DEPTH_SNAPSHOT_STREAM,false
2190,PRE_ELECTION,,60.0,,0,0,0,0,,DEPTH_SNAPSHOT_STREAM,false
2190,ELECTION_DAY_PRE_RESULTS,,11.2,,0,0,0,0,,DEPTH_SNAPSHOT_STREAM,false
2190,ACTIVE_RESULTS,,6.0,,0,0,0,0,,DEPTH_SNAPSHOT_STREAM,false
2190,LATE_COUNT,,42.8,,0,0,0,0,,DEPTH_SNAPSHOT_STREAM,false
2190,POST_RESOLUTION_DIAGNOSTIC,,,,0,0,0,0,,DEPTH_SNAPSHOT_STREAM,false
2191,PRE_ELECTION,,60.0,,0,0,0,0,,DEPTH_SNAPSHOT_STREAM,false
2191,ELECTION_DAY_PRE_RESULTS,,11.2,,0,0,0,0,,DEPTH_SNAPSHOT_STREAM,false
2191,ACTIVE_RESULTS,,6.0,,0,0,0,0,,DEPTH_SNAPSHOT_STREAM,false
2191,LATE_COUNT,,42.8,,0,0,0,0,,DEPTH_SNAPSHOT_STREAM,false
2191,POST_RESOLUTION_DIAGNOSTIC,,,,0,0,0,0,,DEPTH_SNAPSHOT_STREAM,false
2192,PRE_ELECTION,,60.0,,0,0,0,0,,DEPTH_SNAPSHOT_STREAM,false
2192,ELECTION_DAY_PRE_RESULTS,,11.2,,0,0,0,0,,DEPTH_SNAPSHOT_STREAM,false
2192,ACTIVE_RESULTS,,6.0,,0,0,0,0,,DEPTH_SNAPSHOT_STREAM,false
2192,LATE_COUNT,,42.8,,0,0,0,0,,DEPTH_SNAPSHOT_STREAM,false
2192,POST_RESOLUTION_DIAGNOSTIC,,,,0,0,0,0,,DEPTH_SNAPSHOT_STREAM,false
2193,PRE_ELECTION,,60.0,,0,0,0,0,,DEPTH_SNAPSHOT_STREAM,false
2193,ELECTION_DAY_PRE_RESULTS,,11.2,,0,0,0,0,,DEPTH_SNAPSHOT_STREAM,false
2193,ACTIVE_RESULTS,,6.0,,0,0,0,0,,DEPTH_SNAPSHOT_STREAM,false
2193,LATE_COUNT,,42.8,,0,0,0,0,,DEPTH_SNAPSHOT_STREAM,false
2193,POST_RESOLUTION_DIAGNOSTIC,,,,0,0,0,0,,DEPTH_SNAPSHOT_STREAM,false
2194,PRE_ELECTION,,60.0,,0,0,0,0,,DEPTH_SNAPSHOT_STREAM,false
2194,ELECTION_DAY_PRE_RESULTS,,11.2,,0,0,0,0,,DEPTH_SNAPSHOT_STREAM,false
2194,ACTIVE_RESULTS,,6.0,,0,0,0,0,,DEPTH_SNAPSHOT_STREAM,false
2194,LATE_COUNT,,42.8,,0,0,0,0,,DEPTH_SNAPSHOT_STREAM,false
2194,POST_RESOLUTION_DIAGNOSTIC,,,,0,0,0,0,,DEPTH_SNAPSHOT_STREAM,false
2195,PRE_ELECTION,,60.0,,0,0,0,0,,DEPTH_SNAPSHOT_STREAM,false
2195,ELECTION_DAY_PRE_RESULTS,,11.2,,0,0,0,0,,DEPTH_SNAPSHOT_STREAM,false
2195,ACTIVE_RESULTS,,6.0,,0,0,0,0,,DEPTH_SNAPSHOT_STREAM,false
2195,LATE_COUNT,,42.8,,0,0,0,0,,DEPTH_SNAPSHOT_STREAM,false
2195,POST_RESOLUTION_DIAGNOSTIC,,,,0,0,0,0,,DEPTH_SNAPSHOT_STREAM,false
2196,PRE_ELECTION,,60.0,,0,0,0,0,,DEPTH_SNAPSHOT_STREAM,false
2196,ELECTION_DAY_PRE_RESULTS,,11.2,,0,0,0,0,,DEPTH_SNAPSHOT_STREAM,false
2196,ACTIVE_RESULTS,,6.0,,0,0,0,0,,DEPTH_SNAPSHOT_STREAM,false
2196,LATE_COUNT,,42.8,,0,0,0,0,,DEPTH_SNAPSHOT_STREAM,false
2196,POST_RESOLUTION_DIAGNOSTIC,,,,0,0,0,0,,DEPTH_SNAPSHOT_STREAM,false
2197,PRE_ELECTION,,60.0,,0,0,0,0,,DEPTH_SNAPSHOT_STREAM,false
2197,ELECTION_DAY_PRE_RESULTS,,11.2,,0,0,0,0,,DEPTH_SNAPSHOT_STREAM,false
2197,ACTIVE_RESULTS,,6.0,,0,0,0,0,,DEPTH_SNAPSHOT_STREAM,false
2197,LATE_COUNT,,42.8,,0,0,0,0,,DEPTH_SNAPSHOT_STREAM,false
2197,POST_RESOLUTION_DIAGNOSTIC,,,,0,0,0,0,,DEPTH_SNAPSHOT_STREAM,false
2198,PRE_ELECTION,,60.0,,0,0,0,0,,DEPTH_SNAPSHOT_STREAM,false
2198,ELECTION_DAY_PRE_RESULTS,,11.2,,0,0,0,0,,DEPTH_SNAPSHOT_STREAM,false
2198,ACTIVE_RESULTS,,6.0,,0,0,0,0,,DEPTH_SNAPSHOT_STREAM,false
2198,LATE_COUNT,,42.8,,0,0,0,0,,DEPTH_SNAPSHOT_STREAM,false
2198,POST_RESOLUTION_DIAGNOSTIC,,,,0,0,0,0,,DEPTH_SNAPSHOT_STREAM,false
2199,PRE_ELECTION,,60.0,,0,0,0,0,,DEPTH_SNAPSHOT_STREAM,false
2199,ELECTION_DAY_PRE_RESULTS,,11.2,,0,0,0,0,,DEPTH_SNAPSHOT_STREAM,false
2199,ACTIVE_RESULTS,,6.0,,0,0,0,0,,DEPTH_SNAPSHOT_STREAM,false
2199,LATE_COUNT,,42.8,,0,0,0,0,,DEPTH_SNAPSHOT_STREAM,false
2199,POST_RESOLUTION_DIAGNOSTIC,,,,0,0,0,0,,DEPTH_SNAPSHOT_STREAM,false
2200,PRE_ELECTION,,60.0,,0,0,0,0,,DEPTH_SNAPSHOT_STREAM,false
2200,ELECTION_DAY_PRE_RESULTS,,11.2,,0,0,0,0,,DEPTH_SNAPSHOT_STREAM,false
2200,ACTIVE_RESULTS,,6.0,,0,0,0,0,,DEPTH_SNAPSHOT_STREAM,false
2200,LATE_COUNT,,42.8,,0,0,0,0,,DEPTH_SNAPSHOT_STREAM,false
2200,POST_RESOLUTION_DIAGNOSTIC,,,,0,0,0,0,,DEPTH_SNAPSHOT_STREAM,false
2201,PRE_ELECTION,,60.0,,0,0,0,0,,DEPTH_SNAPSHOT_STREAM,false
2201,ELECTION_DAY_PRE_RESULTS,,11.2,,0,0,0,0,,DEPTH_SNAPSHOT_STREAM,false
2201,ACTIVE_RESULTS,,6.0,,0,0,0,0,,DEPTH_SNAPSHOT_STREAM,false
2201,LATE_COUNT,,42.8,,0,0,0,0,,DEPTH_SNAPSHOT_STREAM,false
2201,POST_RESOLUTION_DIAGNOSTIC,,,,0,0,0,0,,DEPTH_SNAPSHOT_STREAM,false
2202,PRE_ELECTION,,60.0,,0,0,0,0,,DEPTH_SNAPSHOT_STREAM,false
2202,ELECTION_DAY_PRE_RESULTS,,11.2,,0,0,0,0,,DEPTH_SNAPSHOT_STREAM,false
2202,ACTIVE_RESULTS,,6.0,,0,0,0,0,,DEPTH_SNAPSHOT_STREAM,false
2202,LATE_COUNT,,42.8,,0,0,0,0,,DEPTH_SNAPSHOT_STREAM,false
2202,POST_RESOLUTION_DIAGNOSTIC,,,,0,0,0,0,,DEPTH_SNAPSHOT_STREAM,false
2203,PRE_ELECTION,,60.0,,0,0,0,0,,DEPTH_SNAPSHOT_STREAM,false
2203,ELECTION_DAY_PRE_RESULTS,,11.2,,0,0,0,0,,DEPTH_SNAPSHOT_STREAM,false
2203,ACTIVE_RESULTS,,6.0,,0,0,0,0,,DEPTH_SNAPSHOT_STREAM,false
2203,LATE_COUNT,,42.8,,0,0,0,0,,DEPTH_SNAPSHOT_STREAM,false
2203,POST_RESOLUTION_DIAGNOSTIC,,,,0,0,0,0,,DEPTH_SNAPSHOT_STREAM,false
2204,PRE_ELECTION,,60.0,,0,0,0,0,,DEPTH_SNAPSHOT_STREAM,false
2204,ELECTION_DAY_PRE_RESULTS,,11.2,,0,0,0,0,,DEPTH_SNAPSHOT_STREAM,false
2204,ACTIVE_RESULTS,,6.0,,0,0,0,0,,DEPTH_SNAPSHOT_STREAM,false
2204,LATE_COUNT,,42.8,,0,0,0,0,,DEPTH_SNAPSHOT_STREAM,false
2204,POST_RESOLUTION_DIAGNOSTIC,,,,0,0,0,0,,DEPTH_SNAPSHOT_STREAM,false
2205,PRE_ELECTION,,60.0,,0,0,0,0,,DEPTH_SNAPSHOT_STREAM,false
2205,ELECTION_DAY_PRE_RESULTS,,11.2,,0,0,0,0,,DEPTH_SNAPSHOT_STREAM,false
2205,ACTIVE_RESULTS,,6.0,,0,0,0,0,,DEPTH_SNAPSHOT_STREAM,false
2205,LATE_COUNT,,42.8,,0,0,0,0,,DEPTH_SNAPSHOT_STREAM,false
2205,POST_RESOLUTION_DIAGNOSTIC,,,,0,0,0,0,,DEPTH_SNAPSHOT_STREAM,false
2206,PRE_ELECTION,,60.0,,0,0,0,0,,DEPTH_SNAPSHOT_STREAM,false
2206,ELECTION_DAY_PRE_RESULTS,,11.2,,0,0,0,0,,DEPTH_SNAPSHOT_STREAM,false
2206,ACTIVE_RESULTS,,6.0,,0,0,0,0,,DEPTH_SNAPSHOT_STREAM,false
2206,LATE_COUNT,,42.8,,0,0,0,0,,DEPTH_SNAPSHOT_STREAM,false
2206,POST_RESOLUTION_DIAGNOSTIC,,,,0,0,0,0,,DEPTH_SNAPSHOT_STREAM,false
2207,PRE_ELECTION,,60.0,,0,0,0,0,,DEPTH_SNAPSHOT_STREAM,false
2207,ELECTION_DAY_PRE_RESULTS,,11.2,,0,0,0,0,,DEPTH_SNAPSHOT_STREAM,false
2207,ACTIVE_RESULTS,,6.0,,0,0,0,0,,DEPTH_SNAPSHOT_STREAM,false
2207,LATE_COUNT,,42.8,,0,0,0,0,,DEPTH_SNAPSHOT_STREAM,false
2207,POST_RESOLUTION_DIAGNOSTIC,,,,0,0,0,0,,DEPTH_SNAPSHOT_STREAM,false
2208,PRE_ELECTION,,60.0,,0,0,0,0,,DEPTH_SNAPSHOT_STREAM,false
2208,ELECTION_DAY_PRE_RESULTS,,11.2,,0,0,0,0,,DEPTH_SNAPSHOT_STREAM,false
2208,ACTIVE_RESULTS,,6.0,,0,0,0,0,,DEPTH_SNAPSHOT_STREAM,false
2208,LATE_COUNT,,42.8,,0,0,0,0,,DEPTH_SNAPSHOT_STREAM,false
2208,POST_RESOLUTION_DIAGNOSTIC,,,,0,0,0,0,,DEPTH_SNAPSHOT_STREAM,false
2209,PRE_ELECTION,,60.0,,0,0,0,0,,DEPTH_SNAPSHOT_STREAM,false
2209,ELECTION_DAY_PRE_RESULTS,,11.2,,0,0,0,0,,DEPTH_SNAPSHOT_STREAM,false
2209,ACTIVE_RESULTS,,6.0,,0,0,0,0,,DEPTH_SNAPSHOT_STREAM,false
2209,LATE_COUNT,,42.8,,0,0,0,0,,DEPTH_SNAPSHOT_STREAM,false
2209,POST_RESOLUTION_DIAGNOSTIC,,,,0,0,0,0,,DEPTH_SNAPSHOT_STREAM,false
2210,PRE_ELECTION,,60.0,,0,0,0,0,,DEPTH_SNAPSHOT_STREAM,false
2210,ELECTION_DAY_PRE_RESULTS,,11.2,,0,0,0,0,,DEPTH_SNAPSHOT_STREAM,false
2210,ACTIVE_RESULTS,,6.0,,0,0,0,0,,DEPTH_SNAPSHOT_STREAM,false
2210,LATE_COUNT,,42.8,,0,0,0,0,,DEPTH_SNAPSHOT_STREAM,false
2210,POST_RESOLUTION_DIAGNOSTIC,,,,0,0,0,0,,DEPTH_SNAPSHOT_STREAM,false
2211,PRE_ELECTION,,60.0,,0,0,0,0,,DEPTH_SNAPSHOT_STREAM,false
2211,ELECTION_DAY_PRE_RESULTS,,11.2,,0,0,0,0,,DEPTH_SNAPSHOT_STREAM,false
2211,ACTIVE_RESULTS,,6.0,,0,0,0,0,,DEPTH_SNAPSHOT_STREAM,false
2211,LATE_COUNT,,42.8,,0,0,0,0,,DEPTH_SNAPSHOT_STREAM,false
2211,POST_RESOLUTION_DIAGNOSTIC,,,,0,0,0,0,,DEPTH_SNAPSHOT_STREAM,false
2212,PRE_ELECTION,,60.0,,0,0,0,0,,DEPTH_SNAPSHOT_STREAM,false
2212,ELECTION_DAY_PRE_RESULTS,,11.2,,0,0,0,0,,DEPTH_SNAPSHOT_STREAM,false
2212,ACTIVE_RESULTS,,6.0,,0,0,0,0,,DEPTH_SNAPSHOT_STREAM,false
2212,LATE_COUNT,,42.8,,0,0,0,0,,DEPTH_SNAPSHOT_STREAM,false
2212,POST_RESOLUTION_DIAGNOSTIC,,,,0,0,0,0,,DEPTH_SNAPSHOT_STREAM,false
2213,PRE_ELECTION,,60.0,,0,0,0,0,,DEPTH_SNAPSHOT_STREAM,false
2213,ELECTION_DAY_PRE_RESULTS,,11.2,,0,0,0,0,,DEPTH_SNAPSHOT_STREAM,false
2213,ACTIVE_RESULTS,,6.0,,0,0,0,0,,DEPTH_SNAPSHOT_STREAM,false
2213,LATE_COUNT,,42.8,,0,0,0,0,,DEPTH_SNAPSHOT_STREAM,false
2213,POST_RESOLUTION_DIAGNOSTIC,,,,0,0,0,0,,DEPTH_SNAPSHOT_STREAM,false
2214,PRE_ELECTION,,60.0,,0,0,0,0,,DEPTH_SNAPSHOT_STREAM,false
2214,ELECTION_DAY_PRE_RESULTS,,11.2,,0,0,0,0,,DEPTH_SNAPSHOT_STREAM,false
2214,ACTIVE_RESULTS,,6.0,,0,0,0,0,,DEPTH_SNAPSHOT_STREAM,false
2214,LATE_COUNT,,42.8,,0,0,0,0,,DEPTH_SNAPSHOT_STREAM,false
2214,POST_RESOLUTION_DIAGNOSTIC,,,,0,0,0,0,,DEPTH_SNAPSHOT_STREAM,false
2215,PRE_ELECTION,,60.0,,0,0,0,0,,DEPTH_SNAPSHOT_STREAM,false
2215,ELECTION_DAY_PRE_RESULTS,,11.2,,0,0,0,0,,DEPTH_SNAPSHOT_STREAM,false
2215,ACTIVE_RESULTS,,6.0,,0,0,0,0,,DEPTH_SNAPSHOT_STREAM,false
2215,LATE_COUNT,,42.8,,0,0,0,0,,DEPTH_SNAPSHOT_STREAM,false
2215,POST_RESOLUTION_DIAGNOSTIC,,,,0,0,0,0,,DEPTH_SNAPSHOT_STREAM,false
2216,PRE_ELECTION,,60.0,,0,0,0,0,,DEPTH_SNAPSHOT_STREAM,false
2216,ELECTION_DAY_PRE_RESULTS,,11.2,,0,0,0,0,,DEPTH_SNAPSHOT_STREAM,false
2216,ACTIVE_RESULTS,,6.0,,0,0,0,0,,DEPTH_SNAPSHOT_STREAM,false
2216,LATE_COUNT,,42.8,,0,0,0,0,,DEPTH_SNAPSHOT_STREAM,false
2216,POST_RESOLUTION_DIAGNOSTIC,,,,0,0,0,0,,DEPTH_SNAPSHOT_STREAM,false
2217,PRE_ELECTION,,60.0,,0,0,0,0,,DEPTH_SNAPSHOT_STREAM,false
2217,ELECTION_DAY_PRE_RESULTS,,11.2,,0,0,0,0,,DEPTH_SNAPSHOT_STREAM,false
2217,ACTIVE_RESULTS,,6.0,,0,0,0,0,,DEPTH_SNAPSHOT_STREAM,false
2217,LATE_COUNT,,42.8,,0,0,0,0,,DEPTH_SNAPSHOT_STREAM,false
2217,POST_RESOLUTION_DIAGNOSTIC,,,,0,0,0,0,,DEPTH_SNAPSHOT_STREAM,false
2218,PRE_ELECTION,,60.0,,0,0,0,0,,DEPTH_SNAPSHOT_STREAM,false
2218,ELECTION_DAY_PRE_RESULTS,,11.2,,0,0,0,0,,DEPTH_SNAPSHOT_STREAM,false
2218,ACTIVE_RESULTS,,6.0,,0,0,0,0,,DEPTH_SNAPSHOT_STREAM,false
2218,LATE_COUNT,,42.8,,0,0,0,0,,DEPTH_SNAPSHOT_STREAM,false
2218,POST_RESOLUTION_DIAGNOSTIC,,,,0,0,0,0,,DEPTH_SNAPSHOT_STREAM,false
2219,PRE_ELECTION,,60.0,,0,0,0,0,,DEPTH_SNAPSHOT_STREAM,false
2219,ELECTION_DAY_PRE_RESULTS,,11.2,,0,0,0,0,,DEPTH_SNAPSHOT_STREAM,false
2219,ACTIVE_RESULTS,,6.0,,0,0,0,0,,DEPTH_SNAPSHOT_STREAM,false
2219,LATE_COUNT,,42.8,,0,0,0,0,,DEPTH_SNAPSHOT_STREAM,false
2219,POST_RESOLUTION_DIAGNOSTIC,,,,0,0,0,0,,DEPTH_SNAPSHOT_STREAM,false
2220,PRE_ELECTION,,60.0,,0,0,0,0,,DEPTH_SNAPSHOT_STREAM,false
2220,ELECTION_DAY_PRE_RESULTS,,11.2,,0,0,0,0,,DEPTH_SNAPSHOT_STREAM,false
2220,ACTIVE_RESULTS,,6.0,,0,0,0,0,,DEPTH_SNAPSHOT_STREAM,false
2220,LATE_COUNT,,42.8,,0,0,0,0,,DEPTH_SNAPSHOT_STREAM,false
2220,POST_RESOLUTION_DIAGNOSTIC,,,,0,0,0,0,,DEPTH_SNAPSHOT_STREAM,false
2221,PRE_ELECTION,,60.0,,0,0,0,0,,DEPTH_SNAPSHOT_STREAM,false
2221,ELECTION_DAY_PRE_RESULTS,,11.2,,0,0,0,0,,DEPTH_SNAPSHOT_STREAM,false
2221,ACTIVE_RESULTS,,6.0,,0,0,0,0,,DEPTH_SNAPSHOT_STREAM,false
2221,LATE_COUNT,,42.8,,0,0,0,0,,DEPTH_SNAPSHOT_STREAM,false
2221,POST_RESOLUTION_DIAGNOSTIC,,,,0,0,0,0,,DEPTH_SNAPSHOT_STREAM,false
2222,PRE_ELECTION,,60.0,,0,0,0,0,,DEPTH_SNAPSHOT_STREAM,false
2222,ELECTION_DAY_PRE_RESULTS,,11.2,,0,0,0,0,,DEPTH_SNAPSHOT_STREAM,false
2222,ACTIVE_RESULTS,,6.0,,0,0,0,0,,DEPTH_SNAPSHOT_STREAM,false
2222,LATE_COUNT,,42.8,,0,0,0,0,,DEPTH_SNAPSHOT_STREAM,false
2222,POST_RESOLUTION_DIAGNOSTIC,,,,0,0,0,0,,DEPTH_SNAPSHOT_STREAM,false
2223,PRE_ELECTION,,60.0,,0,0,0,0,,DEPTH_SNAPSHOT_STREAM,false
2223,ELECTION_DAY_PRE_RESULTS,,11.2,,0,0,0,0,,DEPTH_SNAPSHOT_STREAM,false
2223,ACTIVE_RESULTS,,6.0,,0,0,0,0,,DEPTH_SNAPSHOT_STREAM,false
2223,LATE_COUNT,,42.8,,0,0,0,0,,DEPTH_SNAPSHOT_STREAM,false
2223,POST_RESOLUTION_DIAGNOSTIC,,,,0,0,0,0,,DEPTH_SNAPSHOT_STREAM,false
2224,PRE_ELECTION,,60.0,,0,0,0,0,,DEPTH_SNAPSHOT_STREAM,false
2224,ELECTION_DAY_PRE_RESULTS,,11.2,,0,0,0,0,,DEPTH_SNAPSHOT_STREAM,false
2224,ACTIVE_RESULTS,,6.0,,0,0,0,0,,DEPTH_SNAPSHOT_STREAM,false
2224,LATE_COUNT,,42.8,,0,0,0,0,,DEPTH_SNAPSHOT_STREAM,false
2224,POST_RESOLUTION_DIAGNOSTIC,,,,0,0,0,0,,DEPTH_SNAPSHOT_STREAM,false
2225,PRE_ELECTION,,60.0,,0,0,0,0,,DEPTH_SNAPSHOT_STREAM,false
2225,ELECTION_DAY_PRE_RESULTS,,11.2,,0,0,0,0,,DEPTH_SNAPSHOT_STREAM,false
2225,ACTIVE_RESULTS,,6.0,,0,0,0,0,,DEPTH_SNAPSHOT_STREAM,false
2225,LATE_COUNT,,42.8,,0,0,0,0,,DEPTH_SNAPSHOT_STREAM,false
2225,POST_RESOLUTION_DIAGNOSTIC,,,,0,0,0,0,,DEPTH_SNAPSHOT_STREAM,false
2226,PRE_ELECTION,,60.0,,0,0,0,0,,DEPTH_SNAPSHOT_STREAM,false
2226,ELECTION_DAY_PRE_RESULTS,,11.2,,0,0,0,0,,DEPTH_SNAPSHOT_STREAM,false
2226,ACTIVE_RESULTS,,6.0,,0,0,0,0,,DEPTH_SNAPSHOT_STREAM,false
2226,LATE_COUNT,,42.8,,0,0,0,0,,DEPTH_SNAPSHOT_STREAM,false
2226,POST_RESOLUTION_DIAGNOSTIC,,,,0,0,0,0,,DEPTH_SNAPSHOT_STREAM,false
2227,PRE_ELECTION,,60.0,,0,0,0,0,,DEPTH_SNAPSHOT_STREAM,false
2227,ELECTION_DAY_PRE_RESULTS,,11.2,,0,0,0,0,,DEPTH_SNAPSHOT_STREAM,false
2227,ACTIVE_RESULTS,,6.0,,0,0,0,0,,DEPTH_SNAPSHOT_STREAM,false
2227,LATE_COUNT,,42.8,,0,0,0,0,,DEPTH_SNAPSHOT_STREAM,false
2227,POST_RESOLUTION_DIAGNOSTIC,,,,0,0,0,0,,DEPTH_SNAPSHOT_STREAM,false
2228,PRE_ELECTION,,60.0,,0,0,0,0,,DEPTH_SNAPSHOT_STREAM,false
2228,ELECTION_DAY_PRE_RESULTS,,11.2,,0,0,0,0,,DEPTH_SNAPSHOT_STREAM,false
2228,ACTIVE_RESULTS,,6.0,,0,0,0,0,,DEPTH_SNAPSHOT_STREAM,false
2228,LATE_COUNT,,42.8,,0,0,0,0,,DEPTH_SNAPSHOT_STREAM,false
2228,POST_RESOLUTION_DIAGNOSTIC,,,,0,0,0,0,,DEPTH_SNAPSHOT_STREAM,false
2229,PRE_ELECTION,,60.0,,0,0,0,0,,DEPTH_SNAPSHOT_STREAM,false
2229,ELECTION_DAY_PRE_RESULTS,,11.2,,0,0,0,0,,DEPTH_SNAPSHOT_STREAM,false
2229,ACTIVE_RESULTS,,6.0,,0,0,0,0,,DEPTH_SNAPSHOT_STREAM,false
2229,LATE_COUNT,,42.8,,0,0,0,0,,DEPTH_SNAPSHOT_STREAM,false
2229,POST_RESOLUTION_DIAGNOSTIC,,,,0,0,0,0,,DEPTH_SNAPSHOT_STREAM,false
2230,PRE_ELECTION,,60.0,,0,0,0,0,,DEPTH_SNAPSHOT_STREAM,false
2230,ELECTION_DAY_PRE_RESULTS,,11.2,,0,0,0,0,,DEPTH_SNAPSHOT_STREAM,false
2230,ACTIVE_RESULTS,,6.0,,0,0,0,0,,DEPTH_SNAPSHOT_STREAM,false
2230,LATE_COUNT,,42.8,,0,0,0,0,,DEPTH_SNAPSHOT_STREAM,false
2230,POST_RESOLUTION_DIAGNOSTIC,,,,0,0,0,0,,DEPTH_SNAPSHOT_STREAM,false
2231,PRE_ELECTION,,60.0,,0,0,0,0,,DEPTH_SNAPSHOT_STREAM,false
2231,ELECTION_DAY_PRE_RESULTS,,11.2,,0,0,0,0,,DEPTH_SNAPSHOT_STREAM,false
2231,ACTIVE_RESULTS,,6.0,,0,0,0,0,,DEPTH_SNAPSHOT_STREAM,false
2231,LATE_COUNT,,42.8,,0,0,0,0,,DEPTH_SNAPSHOT_STREAM,false
2231,POST_RESOLUTION_DIAGNOSTIC,,,,0,0,0,0,,DEPTH_SNAPSHOT_STREAM,false
2232,PRE_ELECTION,,60.0,,0,0,0,0,,DEPTH_SNAPSHOT_STREAM,false
2232,ELECTION_DAY_PRE_RESULTS,,11.2,,0,0,0,0,,DEPTH_SNAPSHOT_STREAM,false
2232,ACTIVE_RESULTS,,6.0,,0,0,0,0,,DEPTH_SNAPSHOT_STREAM,false
2232,LATE_COUNT,,42.8,,0,0,0,0,,DEPTH_SNAPSHOT_STREAM,false
2232,POST_RESOLUTION_DIAGNOSTIC,,,,0,0,0,0,,DEPTH_SNAPSHOT_STREAM,false
2233,PRE_ELECTION,,60.0,,0,0,0,0,,DEPTH_SNAPSHOT_STREAM,false
2233,ELECTION_DAY_PRE_RESULTS,,11.2,,0,0,0,0,,DEPTH_SNAPSHOT_STREAM,false
2233,ACTIVE_RESULTS,,6.0,,0,0,0,0,,DEPTH_SNAPSHOT_STREAM,false
2233,LATE_COUNT,,42.8,,0,0,0,0,,DEPTH_SNAPSHOT_STREAM,false
2233,POST_RESOLUTION_DIAGNOSTIC,,,,0,0,0,0,,DEPTH_SNAPSHOT_STREAM,false
2234,PRE_ELECTION,,60.0,,0,0,0,0,,DEPTH_SNAPSHOT_STREAM,false
2234,ELECTION_DAY_PRE_RESULTS,,11.2,,0,0,0,0,,DEPTH_SNAPSHOT_STREAM,false
2234,ACTIVE_RESULTS,,6.0,,0,0,0,0,,DEPTH_SNAPSHOT_STREAM,false
2234,LATE_COUNT,,42.8,,0,0,0,0,,DEPTH_SNAPSHOT_STREAM,false
2234,POST_RESOLUTION_DIAGNOSTIC,,,,0,0,0,0,,DEPTH_SNAPSHOT_STREAM,false
2235,PRE_ELECTION,,60.0,,0,0,0,0,,DEPTH_SNAPSHOT_STREAM,false
2235,ELECTION_DAY_PRE_RESULTS,,11.2,,0,0,0,0,,DEPTH_SNAPSHOT_STREAM,false
2235,ACTIVE_RESULTS,,6.0,,0,0,0,0,,DEPTH_SNAPSHOT_STREAM,false
2235,LATE_COUNT,,42.8,,0,0,0,0,,DEPTH_SNAPSHOT_STREAM,false
2235,POST_RESOLUTION_DIAGNOSTIC,,,,0,0,0,0,,DEPTH_SNAPSHOT_STREAM,false
2236,PRE_ELECTION,,60.0,,0,0,0,0,,DEPTH_SNAPSHOT_STREAM,false
2236,ELECTION_DAY_PRE_RESULTS,,11.2,,0,0,0,0,,DEPTH_SNAPSHOT_STREAM,false
2236,ACTIVE_RESULTS,,6.0,,0,0,0,0,,DEPTH_SNAPSHOT_STREAM,false
2236,LATE_COUNT,,42.8,,0,0,0,0,,DEPTH_SNAPSHOT_STREAM,false
2236,POST_RESOLUTION_DIAGNOSTIC,,,,0,0,0,0,,DEPTH_SNAPSHOT_STREAM,false
2237,PRE_ELECTION,,60.0,,0,0,0,0,,DEPTH_SNAPSHOT_STREAM,false
2237,ELECTION_DAY_PRE_RESULTS,,11.2,,0,0,0,0,,DEPTH_SNAPSHOT_STREAM,false
2237,ACTIVE_RESULTS,,6.0,,0,0,0,0,,DEPTH_SNAPSHOT_STREAM,false
2237,LATE_COUNT,,42.8,,0,0,0,0,,DEPTH_SNAPSHOT_STREAM,false
2237,POST_RESOLUTION_DIAGNOSTIC,,,,0,0,0,0,,DEPTH_SNAPSHOT_STREAM,false
2238,PRE_ELECTION,,60.0,,0,0,0,0,,DEPTH_SNAPSHOT_STREAM,false
2238,ELECTION_DAY_PRE_RESULTS,,11.2,,0,0,0,0,,DEPTH_SNAPSHOT_STREAM,false
2238,ACTIVE_RESULTS,,6.0,,0,0,0,0,,DEPTH_SNAPSHOT_STREAM,false
2238,LATE_COUNT,,42.8,,0,0,0,0,,DEPTH_SNAPSHOT_STREAM,false
2238,POST_RESOLUTION_DIAGNOSTIC,,,,0,0,0,0,,DEPTH_SNAPSHOT_STREAM,false
2239,PRE_ELECTION,,60.0,,0,0,0,0,,DEPTH_SNAPSHOT_STREAM,false
2239,ELECTION_DAY_PRE_RESULTS,,11.2,,0,0,0,0,,DEPTH_SNAPSHOT_STREAM,false
2239,ACTIVE_RESULTS,,6.0,,0,0,0,0,,DEPTH_SNAPSHOT_STREAM,false
2239,LATE_COUNT,,42.8,,0,0,0,0,,DEPTH_SNAPSHOT_STREAM,false
2239,POST_RESOLUTION_DIAGNOSTIC,,,,0,0,0,0,,DEPTH_SNAPSHOT_STREAM,false
2240,PRE_ELECTION,,60.0,,0,0,0,0,,DEPTH_SNAPSHOT_STREAM,false
2240,ELECTION_DAY_PRE_RESULTS,,11.2,,0,0,0,0,,DEPTH_SNAPSHOT_STREAM,false
2240,ACTIVE_RESULTS,,6.0,,0,0,0,0,,DEPTH_SNAPSHOT_STREAM,false
2240,LATE_COUNT,,42.8,,0,0,0,0,,DEPTH_SNAPSHOT_STREAM,false
2240,POST_RESOLUTION_DIAGNOSTIC,,,,0,0,0,0,,DEPTH_SNAPSHOT_STREAM,false
2241,PRE_ELECTION,,60.0,,0,0,0,0,,DEPTH_SNAPSHOT_STREAM,false
2241,ELECTION_DAY_PRE_RESULTS,,11.2,,0,0,0,0,,DEPTH_SNAPSHOT_STREAM,false
2241,ACTIVE_RESULTS,,6.0,,0,0,0,0,,DEPTH_SNAPSHOT_STREAM,false
2241,LATE_COUNT,,42.8,,0,0,0,0,,DEPTH_SNAPSHOT_STREAM,false
2241,POST_RESOLUTION_DIAGNOSTIC,,,,0,0,0,0,,DEPTH_SNAPSHOT_STREAM,false
2242,PRE_ELECTION,,60.0,,0,0,0,0,,DEPTH_SNAPSHOT_STREAM,false
2242,ELECTION_DAY_PRE_RESULTS,,11.2,,0,0,0,0,,DEPTH_SNAPSHOT_STREAM,false
2242,ACTIVE_RESULTS,,6.0,,0,0,0,0,,DEPTH_SNAPSHOT_STREAM,false
2242,LATE_COUNT,,42.8,,0,0,0,0,,DEPTH_SNAPSHOT_STREAM,false
2242,POST_RESOLUTION_DIAGNOSTIC,,,,0,0,0,0,,DEPTH_SNAPSHOT_STREAM,false
2243,PRE_ELECTION,,60.0,,0,0,0,0,,DEPTH_SNAPSHOT_STREAM,false
2243,ELECTION_DAY_PRE_RESULTS,,11.2,,0,0,0,0,,DEPTH_SNAPSHOT_STREAM,false
2243,ACTIVE_RESULTS,,6.0,,0,0,0,0,,DEPTH_SNAPSHOT_STREAM,false
2243,LATE_COUNT,,42.8,,0,0,0,0,,DEPTH_SNAPSHOT_STREAM,false
2243,POST_RESOLUTION_DIAGNOSTIC,,,,0,0,0,0,,DEPTH_SNAPSHOT_STREAM,false
2244,PRE_ELECTION,,60.0,,0,0,0,0,,DEPTH_SNAPSHOT_STREAM,false
2244,ELECTION_DAY_PRE_RESULTS,,11.2,,0,0,0,0,,DEPTH_SNAPSHOT_STREAM,false
2244,ACTIVE_RESULTS,,6.0,,0,0,0,0,,DEPTH_SNAPSHOT_STREAM,false
2244,LATE_COUNT,,42.8,,0,0,0,0,,DEPTH_SNAPSHOT_STREAM,false
2244,POST_RESOLUTION_DIAGNOSTIC,,,,0,0,0,0,,DEPTH_SNAPSHOT_STREAM,false
2245,PRE_ELECTION,,60.0,,0,0,0,0,,DEPTH_SNAPSHOT_STREAM,false
2245,ELECTION_DAY_PRE_RESULTS,,11.2,,0,0,0,0,,DEPTH_SNAPSHOT_STREAM,false
2245,ACTIVE_RESULTS,,6.0,,0,0,0,0,,DEPTH_SNAPSHOT_STREAM,false
2245,LATE_COUNT,,42.8,,0,0,0,0,,DEPTH_SNAPSHOT_STREAM,false
2245,POST_RESOLUTION_DIAGNOSTIC,,,,0,0,0,0,,DEPTH_SNAPSHOT_STREAM,false
2246,PRE_ELECTION,,60.0,,0,0,0,0,,DEPTH_SNAPSHOT_STREAM,false
2246,ELECTION_DAY_PRE_RESULTS,,11.2,,0,0,0,0,,DEPTH_SNAPSHOT_STREAM,false
2246,ACTIVE_RESULTS,,6.0,,0,0,0,0,,DEPTH_SNAPSHOT_STREAM,false
2246,LATE_COUNT,,42.8,,0,0,0,0,,DEPTH_SNAPSHOT_STREAM,false
2246,POST_RESOLUTION_DIAGNOSTIC,,,,0,0,0,0,,DEPTH_SNAPSHOT_STREAM,false
2247,PRE_ELECTION,,60.0,,0,0,0,0,,DEPTH_SNAPSHOT_STREAM,false
2247,ELECTION_DAY_PRE_RESULTS,,11.2,,0,0,0,0,,DEPTH_SNAPSHOT_STREAM,false
2247,ACTIVE_RESULTS,,6.0,,0,0,0,0,,DEPTH_SNAPSHOT_STREAM,false
2247,LATE_COUNT,,42.8,,0,0,0,0,,DEPTH_SNAPSHOT_STREAM,false
2247,POST_RESOLUTION_DIAGNOSTIC,,,,0,0,0,0,,DEPTH_SNAPSHOT_STREAM,false
2248,PRE_ELECTION,,60.0,,0,0,0,0,,DEPTH_SNAPSHOT_STREAM,false
2248,ELECTION_DAY_PRE_RESULTS,,11.2,,0,0,0,0,,DEPTH_SNAPSHOT_STREAM,false
2248,ACTIVE_RESULTS,,6.0,,0,0,0,0,,DEPTH_SNAPSHOT_STREAM,false
2248,LATE_COUNT,,42.8,,0,0,0,0,,DEPTH_SNAPSHOT_STREAM,false
2248,POST_RESOLUTION_DIAGNOSTIC,,,,0,0,0,0,,DEPTH_SNAPSHOT_STREAM,false
2249,PRE_ELECTION,,60.0,,0,0,0,0,,DEPTH_SNAPSHOT_STREAM,false
2249,ELECTION_DAY_PRE_RESULTS,,11.2,,0,0,0,0,,DEPTH_SNAPSHOT_STREAM,false
2249,ACTIVE_RESULTS,,6.0,,0,0,0,0,,DEPTH_SNAPSHOT_STREAM,false
2249,LATE_COUNT,,42.8,,0,0,0,0,,DEPTH_SNAPSHOT_STREAM,false
2249,POST_RESOLUTION_DIAGNOSTIC,,,,0,0,0,0,,DEPTH_SNAPSHOT_STREAM,false
2250,PRE_ELECTION,,60.0,,0,0,0,0,,DEPTH_SNAPSHOT_STREAM,false
2250,ELECTION_DAY_PRE_RESULTS,,11.2,,0,0,0,0,,DEPTH_SNAPSHOT_STREAM,false
2250,ACTIVE_RESULTS,,6.0,,0,0,0,0,,DEPTH_SNAPSHOT_STREAM,false
2250,LATE_COUNT,,42.8,,0,0,0,0,,DEPTH_SNAPSHOT_STREAM,false
2250,POST_RESOLUTION_DIAGNOSTIC,,,,0,0,0,0,,DEPTH_SNAPSHOT_STREAM,false
2251,PRE_ELECTION,,60.0,,0,0,0,0,,DEPTH_SNAPSHOT_STREAM,false
2251,ELECTION_DAY_PRE_RESULTS,,11.2,,0,0,0,0,,DEPTH_SNAPSHOT_STREAM,false
2251,ACTIVE_RESULTS,,6.0,,0,0,0,0,,DEPTH_SNAPSHOT_STREAM,false
2251,LATE_COUNT,,42.8,,0,0,0,0,,DEPTH_SNAPSHOT_STREAM,false
2251,POST_RESOLUTION_DIAGNOSTIC,,,,0,0,0,0,,DEPTH_SNAPSHOT_STREAM,false
2252,PRE_ELECTION,,60.0,,0,0,0,0,,DEPTH_SNAPSHOT_STREAM,false
2252,ELECTION_DAY_PRE_RESULTS,,11.2,,0,0,0,0,,DEPTH_SNAPSHOT_STREAM,false
2252,ACTIVE_RESULTS,,6.0,,0,0,0,0,,DEPTH_SNAPSHOT_STREAM,false
2252,LATE_COUNT,,42.8,,0,0,0,0,,DEPTH_SNAPSHOT_STREAM,false
2252,POST_RESOLUTION_DIAGNOSTIC,,,,0,0,0,0,,DEPTH_SNAPSHOT_STREAM,false
2253,PRE_ELECTION,,60.0,,0,0,0,0,,DEPTH_SNAPSHOT_STREAM,false
2253,ELECTION_DAY_PRE_RESULTS,,11.2,,0,0,0,0,,DEPTH_SNAPSHOT_STREAM,false
2253,ACTIVE_RESULTS,,6.0,,0,0,0,0,,DEPTH_SNAPSHOT_STREAM,false
2253,LATE_COUNT,,42.8,,0,0,0,0,,DEPTH_SNAPSHOT_STREAM,false
2253,POST_RESOLUTION_DIAGNOSTIC,,,,0,0,0,0,,DEPTH_SNAPSHOT_STREAM,false
2254,PRE_ELECTION,,60.0,,0,0,0,0,,DEPTH_SNAPSHOT_STREAM,false
2254,ELECTION_DAY_PRE_RESULTS,,11.2,,0,0,0,0,,DEPTH_SNAPSHOT_STREAM,false
2254,ACTIVE_RESULTS,,6.0,,0,0,0,0,,DEPTH_SNAPSHOT_STREAM,false
2254,LATE_COUNT,,42.8,,0,0,0,0,,DEPTH_SNAPSHOT_STREAM,false
2254,POST_RESOLUTION_DIAGNOSTIC,,,,0,0,0,0,,DEPTH_SNAPSHOT_STREAM,false
2255,PRE_ELECTION,,60.0,,0,0,0,0,,DEPTH_SNAPSHOT_STREAM,false
2255,ELECTION_DAY_PRE_RESULTS,,11.2,,0,0,0,0,,DEPTH_SNAPSHOT_STREAM,false
2255,ACTIVE_RESULTS,,6.0,,0,0,0,0,,DEPTH_SNAPSHOT_STREAM,false
2255,LATE_COUNT,,42.8,,0,0,0,0,,DEPTH_SNAPSHOT_STREAM,false
2255,POST_RESOLUTION_DIAGNOSTIC,,,,0,0,0,0,,DEPTH_SNAPSHOT_STREAM,false
2256,PRE_ELECTION,,60.0,,0,0,0,0,,DEPTH_SNAPSHOT_STREAM,false
2256,ELECTION_DAY_PRE_RESULTS,,11.2,,0,0,0,0,,DEPTH_SNAPSHOT_STREAM,false
2256,ACTIVE_RESULTS,,6.0,,0,0,0,0,,DEPTH_SNAPSHOT_STREAM,false
2256,LATE_COUNT,,42.8,,0,0,0,0,,DEPTH_SNAPSHOT_STREAM,false
2256,POST_RESOLUTION_DIAGNOSTIC,,,,0,0,0,0,,DEPTH_SNAPSHOT_STREAM,false
2257,PRE_ELECTION,,60.0,,0,0,0,0,,DEPTH_SNAPSHOT_STREAM,false
2257,ELECTION_DAY_PRE_RESULTS,,11.2,,0,0,0,0,,DEPTH_SNAPSHOT_STREAM,false
2257,ACTIVE_RESULTS,,6.0,,0,0,0,0,,DEPTH_SNAPSHOT_STREAM,false
2257,LATE_COUNT,,42.8,,0,0,0,0,,DEPTH_SNAPSHOT_STREAM,false
2257,POST_RESOLUTION_DIAGNOSTIC,,,,0,0,0,0,,DEPTH_SNAPSHOT_STREAM,false
2258,PRE_ELECTION,,60.0,,0,0,0,0,,DEPTH_SNAPSHOT_STREAM,false
2258,ELECTION_DAY_PRE_RESULTS,,11.2,,0,0,0,0,,DEPTH_SNAPSHOT_STREAM,false
2258,ACTIVE_RESULTS,,6.0,,0,0,0,0,,DEPTH_SNAPSHOT_STREAM,false
2258,LATE_COUNT,,42.8,,0,0,0,0,,DEPTH_SNAPSHOT_STREAM,false
2258,POST_RESOLUTION_DIAGNOSTIC,,,,0,0,0,0,,DEPTH_SNAPSHOT_STREAM,false
2259,PRE_ELECTION,,60.0,,0,0,0,0,,DEPTH_SNAPSHOT_STREAM,false
2259,ELECTION_DAY_PRE_RESULTS,,11.2,,0,0,0,0,,DEPTH_SNAPSHOT_STREAM,false
2259,ACTIVE_RESULTS,,6.0,,0,0,0,0,,DEPTH_SNAPSHOT_STREAM,false
2259,LATE_COUNT,,42.8,,0,0,0,0,,DEPTH_SNAPSHOT_STREAM,false
2259,POST_RESOLUTION_DIAGNOSTIC,,,,0,0,0,0,,DEPTH_SNAPSHOT_STREAM,false
2260,PRE_ELECTION,,60.0,,0,0,0,0,,DEPTH_SNAPSHOT_STREAM,false
2260,ELECTION_DAY_PRE_RESULTS,,11.2,,0,0,0,0,,DEPTH_SNAPSHOT_STREAM,false
2260,ACTIVE_RESULTS,,6.0,,0,0,0,0,,DEPTH_SNAPSHOT_STREAM,false
2260,LATE_COUNT,,42.8,,0,0,0,0,,DEPTH_SNAPSHOT_STREAM,false
2260,POST_RESOLUTION_DIAGNOSTIC,,,,0,0,0,0,,DEPTH_SNAPSHOT_STREAM,false
2261,PRE_ELECTION,,60.0,,0,0,0,0,,DEPTH_SNAPSHOT_STREAM,false
2261,ELECTION_DAY_PRE_RESULTS,,11.2,,0,0,0,0,,DEPTH_SNAPSHOT_STREAM,false
2261,ACTIVE_RESULTS,,6.0,,0,0,0,0,,DEPTH_SNAPSHOT_STREAM,false
2261,LATE_COUNT,,42.8,,0,0,0,0,,DEPTH_SNAPSHOT_STREAM,false
2261,POST_RESOLUTION_DIAGNOSTIC,,,,0,0,0,0,,DEPTH_SNAPSHOT_STREAM,false
2262,PRE_ELECTION,,60.0,,0,0,0,0,,DEPTH_SNAPSHOT_STREAM,false
2262,ELECTION_DAY_PRE_RESULTS,,11.2,,0,0,0,0,,DEPTH_SNAPSHOT_STREAM,false
2262,ACTIVE_RESULTS,,6.0,,0,0,0,0,,DEPTH_SNAPSHOT_STREAM,false
2262,LATE_COUNT,,42.8,,0,0,0,0,,DEPTH_SNAPSHOT_STREAM,false
2262,POST_RESOLUTION_DIAGNOSTIC,,,,0,0,0,0,,DEPTH_SNAPSHOT_STREAM,false
2263,PRE_ELECTION,,60.0,,0,0,0,0,,DEPTH_SNAPSHOT_STREAM,false
2263,ELECTION_DAY_PRE_RESULTS,,11.2,,0,0,0,0,,DEPTH_SNAPSHOT_STREAM,false
2263,ACTIVE_RESULTS,,6.0,,0,0,0,0,,DEPTH_SNAPSHOT_STREAM,false
2263,LATE_COUNT,,42.8,,0,0,0,0,,DEPTH_SNAPSHOT_STREAM,false
2263,POST_RESOLUTION_DIAGNOSTIC,,,,0,0,0,0,,DEPTH_SNAPSHOT_STREAM,false
2264,PRE_ELECTION,,60.0,,0,0,0,0,,DEPTH_SNAPSHOT_STREAM,false
2264,ELECTION_DAY_PRE_RESULTS,,11.2,,0,0,0,0,,DEPTH_SNAPSHOT_STREAM,false
2264,ACTIVE_RESULTS,,6.0,,0,0,0,0,,DEPTH_SNAPSHOT_STREAM,false
2264,LATE_COUNT,,42.8,,0,0,0,0,,DEPTH_SNAPSHOT_STREAM,false
2264,POST_RESOLUTION_DIAGNOSTIC,,,,0,0,0,0,,DEPTH_SNAPSHOT_STREAM,false
2265,PRE_ELECTION,,60.0,,0,0,0,0,,DEPTH_SNAPSHOT_STREAM,false
2265,ELECTION_DAY_PRE_RESULTS,,11.2,,0,0,0,0,,DEPTH_SNAPSHOT_STREAM,false
2265,ACTIVE_RESULTS,,6.0,,0,0,0,0,,DEPTH_SNAPSHOT_STREAM,false
2265,LATE_COUNT,,42.8,,0,0,0,0,,DEPTH_SNAPSHOT_STREAM,false
2265,POST_RESOLUTION_DIAGNOSTIC,,,,0,0,0,0,,DEPTH_SNAPSHOT_STREAM,false
2266,PRE_ELECTION,,60.0,,0,0,0,0,,DEPTH_SNAPSHOT_STREAM,false
2266,ELECTION_DAY_PRE_RESULTS,,11.2,,0,0,0,0,,DEPTH_SNAPSHOT_STREAM,false
2266,ACTIVE_RESULTS,,6.0,,0,0,0,0,,DEPTH_SNAPSHOT_STREAM,false
2266,LATE_COUNT,,42.8,,0,0,0,0,,DEPTH_SNAPSHOT_STREAM,false
2266,POST_RESOLUTION_DIAGNOSTIC,,,,0,0,0,0,,DEPTH_SNAPSHOT_STREAM,false
2267,PRE_ELECTION,,60.0,,0,0,0,0,,DEPTH_SNAPSHOT_STREAM,false
2267,ELECTION_DAY_PRE_RESULTS,,11.2,,0,0,0,0,,DEPTH_SNAPSHOT_STREAM,false
2267,ACTIVE_RESULTS,,6.0,,0,0,0,0,,DEPTH_SNAPSHOT_STREAM,false
2267,LATE_COUNT,,42.8,,0,0,0,0,,DEPTH_SNAPSHOT_STREAM,false
2267,POST_RESOLUTION_DIAGNOSTIC,,,,0,0,0,0,,DEPTH_SNAPSHOT_STREAM,false
2268,PRE_ELECTION,,60.0,,0,0,0,0,,DEPTH_SNAPSHOT_STREAM,false
2268,ELECTION_DAY_PRE_RESULTS,,11.2,,0,0,0,0,,DEPTH_SNAPSHOT_STREAM,false
2268,ACTIVE_RESULTS,,6.0,,0,0,0,0,,DEPTH_SNAPSHOT_STREAM,false
2268,LATE_COUNT,,42.8,,0,0,0,0,,DEPTH_SNAPSHOT_STREAM,false
2268,POST_RESOLUTION_DIAGNOSTIC,,,,0,0,0,0,,DEPTH_SNAPSHOT_STREAM,false
2269,PRE_ELECTION,,60.0,,0,0,0,0,,DEPTH_SNAPSHOT_STREAM,false
2269,ELECTION_DAY_PRE_RESULTS,,11.2,,0,0,0,0,,DEPTH_SNAPSHOT_STREAM,false
2269,ACTIVE_RESULTS,,6.0,,0,0,0,0,,DEPTH_SNAPSHOT_STREAM,false
2269,LATE_COUNT,,42.8,,0,0,0,0,,DEPTH_SNAPSHOT_STREAM,false
2269,POST_RESOLUTION_DIAGNOSTIC,,,,0,0,0,0,,DEPTH_SNAPSHOT_STREAM,false
2270,PRE_ELECTION,,60.0,,0,0,0,0,,DEPTH_SNAPSHOT_STREAM,false
2270,ELECTION_DAY_PRE_RESULTS,,11.2,,0,0,0,0,,DEPTH_SNAPSHOT_STREAM,false
2270,ACTIVE_RESULTS,,6.0,,0,0,0,0,,DEPTH_SNAPSHOT_STREAM,false
2270,LATE_COUNT,,42.8,,0,0,0,0,,DEPTH_SNAPSHOT_STREAM,false
2270,POST_RESOLUTION_DIAGNOSTIC,,,,0,0,0,0,,DEPTH_SNAPSHOT_STREAM,false
2271,PRE_ELECTION,,60.0,,0,0,0,0,,DEPTH_SNAPSHOT_STREAM,false
2271,ELECTION_DAY_PRE_RESULTS,,11.2,,0,0,0,0,,DEPTH_SNAPSHOT_STREAM,false
2271,ACTIVE_RESULTS,,6.0,,0,0,0,0,,DEPTH_SNAPSHOT_STREAM,false
2271,LATE_COUNT,,42.8,,0,0,0,0,,DEPTH_SNAPSHOT_STREAM,false
2271,POST_RESOLUTION_DIAGNOSTIC,,,,0,0,0,0,,DEPTH_SNAPSHOT_STREAM,false
2272,PRE_ELECTION,,60.0,,0,0,0,0,,DEPTH_SNAPSHOT_STREAM,false
2272,ELECTION_DAY_PRE_RESULTS,,11.2,,0,0,0,0,,DEPTH_SNAPSHOT_STREAM,false
2272,ACTIVE_RESULTS,,6.0,,0,0,0,0,,DEPTH_SNAPSHOT_STREAM,false
2272,LATE_COUNT,,42.8,,0,0,0,0,,DEPTH_SNAPSHOT_STREAM,false
2272,POST_RESOLUTION_DIAGNOSTIC,,,,0,0,0,0,,DEPTH_SNAPSHOT_STREAM,false
2273,PRE_ELECTION,,60.0,,0,0,0,0,,DEPTH_SNAPSHOT_STREAM,false
2273,ELECTION_DAY_PRE_RESULTS,,11.2,,0,0,0,0,,DEPTH_SNAPSHOT_STREAM,false
2273,ACTIVE_RESULTS,,6.0,,0,0,0,0,,DEPTH_SNAPSHOT_STREAM,false
2273,LATE_COUNT,,42.8,,0,0,0,0,,DEPTH_SNAPSHOT_STREAM,false
2273,POST_RESOLUTION_DIAGNOSTIC,,,,0,0,0,0,,DEPTH_SNAPSHOT_STREAM,false
2274,PRE_ELECTION,,60.0,,0,0,0,0,,DEPTH_SNAPSHOT_STREAM,false
2274,ELECTION_DAY_PRE_RESULTS,,11.2,,0,0,0,0,,DEPTH_SNAPSHOT_STREAM,false
2274,ACTIVE_RESULTS,,6.0,,0,0,0,0,,DEPTH_SNAPSHOT_STREAM,false
2274,LATE_COUNT,,42.8,,0,0,0,0,,DEPTH_SNAPSHOT_STREAM,false
2274,POST_RESOLUTION_DIAGNOSTIC,,,,0,0,0,0,,DEPTH_SNAPSHOT_STREAM,false
2275,PRE_ELECTION,,60.0,,0,0,0,0,,DEPTH_SNAPSHOT_STREAM,false
2275,ELECTION_DAY_PRE_RESULTS,,11.2,,0,0,0,0,,DEPTH_SNAPSHOT_STREAM,false
2275,ACTIVE_RESULTS,,6.0,,0,0,0,0,,DEPTH_SNAPSHOT_STREAM,false
2275,LATE_COUNT,,42.8,,0,0,0,0,,DEPTH_SNAPSHOT_STREAM,false
2275,POST_RESOLUTION_DIAGNOSTIC,,,,0,0,0,0,,DEPTH_SNAPSHOT_STREAM,false
2276,PRE_ELECTION,,60.0,,0,0,0,0,,DEPTH_SNAPSHOT_STREAM,false
2276,ELECTION_DAY_PRE_RESULTS,,11.2,,0,0,0,0,,DEPTH_SNAPSHOT_STREAM,false
2276,ACTIVE_RESULTS,,6.0,,0,0,0,0,,DEPTH_SNAPSHOT_STREAM,false
2276,LATE_COUNT,,42.8,,0,0,0,0,,DEPTH_SNAPSHOT_STREAM,false
2276,POST_RESOLUTION_DIAGNOSTIC,,,,0,0,0,0,,DEPTH_SNAPSHOT_STREAM,false
2277,PRE_ELECTION,,60.0,,0,0,0,0,,DEPTH_SNAPSHOT_STREAM,false
2277,ELECTION_DAY_PRE_RESULTS,,11.2,,0,0,0,0,,DEPTH_SNAPSHOT_STREAM,false
2277,ACTIVE_RESULTS,,6.0,,0,0,0,0,,DEPTH_SNAPSHOT_STREAM,false
2277,LATE_COUNT,,42.8,,0,0,0,0,,DEPTH_SNAPSHOT_STREAM,false
2277,POST_RESOLUTION_DIAGNOSTIC,,,,0,0,0,0,,DEPTH_SNAPSHOT_STREAM,false
2278,PRE_ELECTION,,60.0,,0,0,0,0,,DEPTH_SNAPSHOT_STREAM,false
2278,ELECTION_DAY_PRE_RESULTS,,11.2,,0,0,0,0,,DEPTH_SNAPSHOT_STREAM,false
2278,ACTIVE_RESULTS,,6.0,,0,0,0,0,,DEPTH_SNAPSHOT_STREAM,false
2278,LATE_COUNT,,42.8,,0,0,0,0,,DEPTH_SNAPSHOT_STREAM,false
2278,POST_RESOLUTION_DIAGNOSTIC,,,,0,0,0,0,,DEPTH_SNAPSHOT_STREAM,false
2279,PRE_ELECTION,,60.0,,0,0,0,0,,DEPTH_SNAPSHOT_STREAM,false
2279,ELECTION_DAY_PRE_RESULTS,,11.2,,0,0,0,0,,DEPTH_SNAPSHOT_STREAM,false
2279,ACTIVE_RESULTS,,6.0,,0,0,0,0,,DEPTH_SNAPSHOT_STREAM,false
2279,LATE_COUNT,,42.8,,0,0,0,0,,DEPTH_SNAPSHOT_STREAM,false
2279,POST_RESOLUTION_DIAGNOSTIC,,,,0,0,0,0,,DEPTH_SNAPSHOT_STREAM,false
2280,PRE_ELECTION,,60.0,,0,0,0,0,,DEPTH_SNAPSHOT_STREAM,false
2280,ELECTION_DAY_PRE_RESULTS,,11.2,,0,0,0,0,,DEPTH_SNAPSHOT_STREAM,false
2280,ACTIVE_RESULTS,,6.0,,0,0,0,0,,DEPTH_SNAPSHOT_STREAM,false
2280,LATE_COUNT,,42.8,,0,0,0,0,,DEPTH_SNAPSHOT_STREAM,false
2280,POST_RESOLUTION_DIAGNOSTIC,,,,0,0,0,0,,DEPTH_SNAPSHOT_STREAM,false
2281,PRE_ELECTION,,60.0,,0,0,0,0,,DEPTH_SNAPSHOT_STREAM,false
2281,ELECTION_DAY_PRE_RESULTS,,11.2,,0,0,0,0,,DEPTH_SNAPSHOT_STREAM,false
2281,ACTIVE_RESULTS,,6.0,,0,0,0,0,,DEPTH_SNAPSHOT_STREAM,false
2281,LATE_COUNT,,42.8,,0,0,0,0,,DEPTH_SNAPSHOT_STREAM,false
2281,POST_RESOLUTION_DIAGNOSTIC,,,,0,0,0,0,,DEPTH_SNAPSHOT_STREAM,false
2282,PRE_ELECTION,,60.0,,0,0,0,0,,DEPTH_SNAPSHOT_STREAM,false
2282,ELECTION_DAY_PRE_RESULTS,,11.2,,0,0,0,0,,DEPTH_SNAPSHOT_STREAM,false
2282,ACTIVE_RESULTS,,6.0,,0,0,0,0,,DEPTH_SNAPSHOT_STREAM,false
2282,LATE_COUNT,,42.8,,0,0,0,0,,DEPTH_SNAPSHOT_STREAM,false
2282,POST_RESOLUTION_DIAGNOSTIC,,,,0,0,0,0,,DEPTH_SNAPSHOT_STREAM,false
2283,PRE_ELECTION,,60.0,,0,0,0,0,,DEPTH_SNAPSHOT_STREAM,false
2283,ELECTION_DAY_PRE_RESULTS,,11.2,,0,0,0,0,,DEPTH_SNAPSHOT_STREAM,false
2283,ACTIVE_RESULTS,,6.0,,0,0,0,0,,DEPTH_SNAPSHOT_STREAM,false
2283,LATE_COUNT,,42.8,,0,0,0,0,,DEPTH_SNAPSHOT_STREAM,false
2283,POST_RESOLUTION_DIAGNOSTIC,,,,0,0,0,0,,DEPTH_SNAPSHOT_STREAM,false
2284,PRE_ELECTION,,60.0,,0,0,0,0,,DEPTH_SNAPSHOT_STREAM,false
2284,ELECTION_DAY_PRE_RESULTS,,11.2,,0,0,0,0,,DEPTH_SNAPSHOT_STREAM,false
2284,ACTIVE_RESULTS,,6.0,,0,0,0,0,,DEPTH_SNAPSHOT_STREAM,false
2284,LATE_COUNT,,42.8,,0,0,0,0,,DEPTH_SNAPSHOT_STREAM,false
2284,POST_RESOLUTION_DIAGNOSTIC,,,,0,0,0,0,,DEPTH_SNAPSHOT_STREAM,false
2285,PRE_ELECTION,,60.0,,0,0,0,0,,DEPTH_SNAPSHOT_STREAM,false
2285,ELECTION_DAY_PRE_RESULTS,,11.2,,0,0,0,0,,DEPTH_SNAPSHOT_STREAM,false
2285,ACTIVE_RESULTS,,6.0,,0,0,0,0,,DEPTH_SNAPSHOT_STREAM,false
2285,LATE_COUNT,,42.8,,0,0,0,0,,DEPTH_SNAPSHOT_STREAM,false
2285,POST_RESOLUTION_DIAGNOSTIC,,,,0,0,0,0,,DEPTH_SNAPSHOT_STREAM,false
2286,PRE_ELECTION,,60.0,,0,0,0,0,,DEPTH_SNAPSHOT_STREAM,false
2286,ELECTION_DAY_PRE_RESULTS,,11.2,,0,0,0,0,,DEPTH_SNAPSHOT_STREAM,false
2286,ACTIVE_RESULTS,,6.0,,0,0,0,0,,DEPTH_SNAPSHOT_STREAM,false
2286,LATE_COUNT,,42.8,,0,0,0,0,,DEPTH_SNAPSHOT_STREAM,false
2286,POST_RESOLUTION_DIAGNOSTIC,,,,0,0,0,0,,DEPTH_SNAPSHOT_STREAM,false
2287,PRE_ELECTION,,60.0,,0,0,0,0,,DEPTH_SNAPSHOT_STREAM,false
2287,ELECTION_DAY_PRE_RESULTS,,11.2,,0,0,0,0,,DEPTH_SNAPSHOT_STREAM,false
2287,ACTIVE_RESULTS,,6.0,,0,0,0,0,,DEPTH_SNAPSHOT_STREAM,false
2287,LATE_COUNT,,42.8,,0,0,0,0,,DEPTH_SNAPSHOT_STREAM,false
2287,POST_RESOLUTION_DIAGNOSTIC,,,,0,0,0,0,,DEPTH_SNAPSHOT_STREAM,false
2288,PRE_ELECTION,,60.0,,0,0,0,0,,DEPTH_SNAPSHOT_STREAM,false
2288,ELECTION_DAY_PRE_RESULTS,,11.2,,0,0,0,0,,DEPTH_SNAPSHOT_STREAM,false
2288,ACTIVE_RESULTS,,6.0,,0,0,0,0,,DEPTH_SNAPSHOT_STREAM,false
2288,LATE_COUNT,,42.8,,0,0,0,0,,DEPTH_SNAPSHOT_STREAM,false
2288,POST_RESOLUTION_DIAGNOSTIC,,,,0,0,0,0,,DEPTH_SNAPSHOT_STREAM,false
2289,PRE_ELECTION,,60.0,,0,0,0,0,,DEPTH_SNAPSHOT_STREAM,false
2289,ELECTION_DAY_PRE_RESULTS,,11.2,,0,0,0,0,,DEPTH_SNAPSHOT_STREAM,false
2289,ACTIVE_RESULTS,,6.0,,0,0,0,0,,DEPTH_SNAPSHOT_STREAM,false
2289,LATE_COUNT,,42.8,,0,0,0,0,,DEPTH_SNAPSHOT_STREAM,false
2289,POST_RESOLUTION_DIAGNOSTIC,,,,0,0,0,0,,DEPTH_SNAPSHOT_STREAM,false
2290,PRE_ELECTION,,60.0,,0,0,0,0,,DEPTH_SNAPSHOT_STREAM,false
2290,ELECTION_DAY_PRE_RESULTS,,11.2,,0,0,0,0,,DEPTH_SNAPSHOT_STREAM,false
2290,ACTIVE_RESULTS,,6.0,,0,0,0,0,,DEPTH_SNAPSHOT_STREAM,false
2290,LATE_COUNT,,42.8,,0,0,0,0,,DEPTH_SNAPSHOT_STREAM,false
2290,POST_RESOLUTION_DIAGNOSTIC,,,,0,0,0,0,,DEPTH_SNAPSHOT_STREAM,false
2291,PRE_ELECTION,,60.0,,0,0,0,0,,DEPTH_SNAPSHOT_STREAM,false
2291,ELECTION_DAY_PRE_RESULTS,,11.2,,0,0,0,0,,DEPTH_SNAPSHOT_STREAM,false
2291,ACTIVE_RESULTS,,6.0,,0,0,0,0,,DEPTH_SNAPSHOT_STREAM,false
2291,LATE_COUNT,,42.8,,0,0,0,0,,DEPTH_SNAPSHOT_STREAM,false
2291,POST_RESOLUTION_DIAGNOSTIC,,,,0,0,0,0,,DEPTH_SNAPSHOT_STREAM,false
2292,PRE_ELECTION,,60.0,,0,0,0,0,,DEPTH_SNAPSHOT_STREAM,false
2292,ELECTION_DAY_PRE_RESULTS,,11.2,,0,0,0,0,,DEPTH_SNAPSHOT_STREAM,false
2292,ACTIVE_RESULTS,,6.0,,0,0,0,0,,DEPTH_SNAPSHOT_STREAM,false
2292,LATE_COUNT,,42.8,,0,0,0,0,,DEPTH_SNAPSHOT_STREAM,false
2292,POST_RESOLUTION_DIAGNOSTIC,,,,0,0,0,0,,DEPTH_SNAPSHOT_STREAM,false
2293,PRE_ELECTION,,60.0,,0,0,0,0,,DEPTH_SNAPSHOT_STREAM,false
2293,ELECTION_DAY_PRE_RESULTS,,11.2,,0,0,0,0,,DEPTH_SNAPSHOT_STREAM,false
2293,ACTIVE_RESULTS,,6.0,,0,0,0,0,,DEPTH_SNAPSHOT_STREAM,false
2293,LATE_COUNT,,42.8,,0,0,0,0,,DEPTH_SNAPSHOT_STREAM,false
2293,POST_RESOLUTION_DIAGNOSTIC,,,,0,0,0,0,,DEPTH_SNAPSHOT_STREAM,false
2294,PRE_ELECTION,,60.0,,0,0,0,0,,DEPTH_SNAPSHOT_STREAM,false
2294,ELECTION_DAY_PRE_RESULTS,,11.2,,0,0,0,0,,DEPTH_SNAPSHOT_STREAM,false
2294,ACTIVE_RESULTS,,6.0,,0,0,0,0,,DEPTH_SNAPSHOT_STREAM,false
2294,LATE_COUNT,,42.8,,0,0,0,0,,DEPTH_SNAPSHOT_STREAM,false
2294,POST_RESOLUTION_DIAGNOSTIC,,,,0,0,0,0,,DEPTH_SNAPSHOT_STREAM,false
2295,PRE_ELECTION,,60.0,,0,0,0,0,,DEPTH_SNAPSHOT_STREAM,false
2295,ELECTION_DAY_PRE_RESULTS,,11.2,,0,0,0,0,,DEPTH_SNAPSHOT_STREAM,false
2295,ACTIVE_RESULTS,,6.0,,0,0,0,0,,DEPTH_SNAPSHOT_STREAM,false
2295,LATE_COUNT,,42.8,,0,0,0,0,,DEPTH_SNAPSHOT_STREAM,false
2295,POST_RESOLUTION_DIAGNOSTIC,,,,0,0,0,0,,DEPTH_SNAPSHOT_STREAM,false
2296,PRE_ELECTION,,60.0,,0,0,0,0,,DEPTH_SNAPSHOT_STREAM,false
2296,ELECTION_DAY_PRE_RESULTS,,11.2,,0,0,0,0,,DEPTH_SNAPSHOT_STREAM,false
2296,ACTIVE_RESULTS,,6.0,,0,0,0,0,,DEPTH_SNAPSHOT_STREAM,false
2296,LATE_COUNT,,42.8,,0,0,0,0,,DEPTH_SNAPSHOT_STREAM,false
2296,POST_RESOLUTION_DIAGNOSTIC,,,,0,0,0,0,,DEPTH_SNAPSHOT_STREAM,false
2297,PRE_ELECTION,,60.0,,0,0,0,0,,DEPTH_SNAPSHOT_STREAM,false
2297,ELECTION_DAY_PRE_RESULTS,,11.2,,0,0,0,0,,DEPTH_SNAPSHOT_STREAM,false
2297,ACTIVE_RESULTS,,6.0,,0,0,0,0,,DEPTH_SNAPSHOT_STREAM,false
2297,LATE_COUNT,,42.8,,0,0,0,0,,DEPTH_SNAPSHOT_STREAM,false
2297,POST_RESOLUTION_DIAGNOSTIC,,,,0,0,0,0,,DEPTH_SNAPSHOT_STREAM,false
2298,PRE_ELECTION,,60.0,,0,0,0,0,,DEPTH_SNAPSHOT_STREAM,false
2298,ELECTION_DAY_PRE_RESULTS,,11.2,,0,0,0,0,,DEPTH_SNAPSHOT_STREAM,false
2298,ACTIVE_RESULTS,,6.0,,0,0,0,0,,DEPTH_SNAPSHOT_STREAM,false
2298,LATE_COUNT,,42.8,,0,0,0,0,,DEPTH_SNAPSHOT_STREAM,false
2298,POST_RESOLUTION_DIAGNOSTIC,,,,0,0,0,0,,DEPTH_SNAPSHOT_STREAM,false
2299,PRE_ELECTION,,60.0,,0,0,0,0,,DEPTH_SNAPSHOT_STREAM,false
2299,ELECTION_DAY_PRE_RESULTS,,11.2,,0,0,0,0,,DEPTH_SNAPSHOT_STREAM,false
2299,ACTIVE_RESULTS,,6.0,,0,0,0,0,,DEPTH_SNAPSHOT_STREAM,false
2299,LATE_COUNT,,42.8,,0,0,0,0,,DEPTH_SNAPSHOT_STREAM,false
2299,POST_RESOLUTION_DIAGNOSTIC,,,,0,0,0,0,,DEPTH_SNAPSHOT_STREAM,false
2300,PRE_ELECTION,,60.0,,0,0,0,0,,DEPTH_SNAPSHOT_STREAM,false
2300,ELECTION_DAY_PRE_RESULTS,,11.2,,0,0,0,0,,DEPTH_SNAPSHOT_STREAM,false
2300,ACTIVE_RESULTS,,6.0,,0,0,0,0,,DEPTH_SNAPSHOT_STREAM,false
2300,LATE_COUNT,,42.8,,0,0,0,0,,DEPTH_SNAPSHOT_STREAM,false
2300,POST_RESOLUTION_DIAGNOSTIC,,,,0,0,0,0,,DEPTH_SNAPSHOT_STREAM,false
2301,PRE_ELECTION,,60.0,,0,0,0,0,,DEPTH_SNAPSHOT_STREAM,false
2301,ELECTION_DAY_PRE_RESULTS,,11.2,,0,0,0,0,,DEPTH_SNAPSHOT_STREAM,false
2301,ACTIVE_RESULTS,,6.0,,0,0,0,0,,DEPTH_SNAPSHOT_STREAM,false
2301,LATE_COUNT,,42.8,,0,0,0,0,,DEPTH_SNAPSHOT_STREAM,false
2301,POST_RESOLUTION_DIAGNOSTIC,,,,0,0,0,0,,DEPTH_SNAPSHOT_STREAM,false
2302,PRE_ELECTION,,60.0,,0,0,0,0,,DEPTH_SNAPSHOT_STREAM,false
2302,ELECTION_DAY_PRE_RESULTS,,11.2,,0,0,0,0,,DEPTH_SNAPSHOT_STREAM,false
2302,ACTIVE_RESULTS,,6.0,,0,0,0,0,,DEPTH_SNAPSHOT_STREAM,false
2302,LATE_COUNT,,42.8,,0,0,0,0,,DEPTH_SNAPSHOT_STREAM,false
2302,POST_RESOLUTION_DIAGNOSTIC,,,,0,0,0,0,,DEPTH_SNAPSHOT_STREAM,false
2303,PRE_ELECTION,,60.0,,0,0,0,0,,DEPTH_SNAPSHOT_STREAM,false
2303,ELECTION_DAY_PRE_RESULTS,,11.2,,0,0,0,0,,DEPTH_SNAPSHOT_STREAM,false
2303,ACTIVE_RESULTS,,6.0,,0,0,0,0,,DEPTH_SNAPSHOT_STREAM,false
2303,LATE_COUNT,,42.8,,0,0,0,0,,DEPTH_SNAPSHOT_STREAM,false
2303,POST_RESOLUTION_DIAGNOSTIC,,,,0,0,0,0,,DEPTH_SNAPSHOT_STREAM,false
2304,PRE_ELECTION,,60.0,,0,0,0,0,,DEPTH_SNAPSHOT_STREAM,false
2304,ELECTION_DAY_PRE_RESULTS,,11.2,,0,0,0,0,,DEPTH_SNAPSHOT_STREAM,false
2304,ACTIVE_RESULTS,,6.0,,0,0,0,0,,DEPTH_SNAPSHOT_STREAM,false
2304,LATE_COUNT,,42.8,,0,0,0,0,,DEPTH_SNAPSHOT_STREAM,false
2304,POST_RESOLUTION_DIAGNOSTIC,,,,0,0,0,0,,DEPTH_SNAPSHOT_STREAM,false
2305,PRE_ELECTION,,60.0,,0,0,0,0,,DEPTH_SNAPSHOT_STREAM,false
2305,ELECTION_DAY_PRE_RESULTS,,11.2,,0,0,0,0,,DEPTH_SNAPSHOT_STREAM,false
2305,ACTIVE_RESULTS,,6.0,,0,0,0,0,,DEPTH_SNAPSHOT_STREAM,false
2305,LATE_COUNT,,42.8,,0,0,0,0,,DEPTH_SNAPSHOT_STREAM,false
2305,POST_RESOLUTION_DIAGNOSTIC,,,,0,0,0,0,,DEPTH_SNAPSHOT_STREAM,false
2306,PRE_ELECTION,,60.0,,0,0,0,0,,DEPTH_SNAPSHOT_STREAM,false
2306,ELECTION_DAY_PRE_RESULTS,,11.2,,0,0,0,0,,DEPTH_SNAPSHOT_STREAM,false
2306,ACTIVE_RESULTS,,6.0,,0,0,0,0,,DEPTH_SNAPSHOT_STREAM,false
2306,LATE_COUNT,,42.8,,0,0,0,0,,DEPTH_SNAPSHOT_STREAM,false
2306,POST_RESOLUTION_DIAGNOSTIC,,,,0,0,0,0,,DEPTH_SNAPSHOT_STREAM,false
2307,PRE_ELECTION,,60.0,,0,0,0,0,,DEPTH_SNAPSHOT_STREAM,false
2307,ELECTION_DAY_PRE_RESULTS,,11.2,,0,0,0,0,,DEPTH_SNAPSHOT_STREAM,false
2307,ACTIVE_RESULTS,,6.0,,0,0,0,0,,DEPTH_SNAPSHOT_STREAM,false
2307,LATE_COUNT,,42.8,,0,0,0,0,,DEPTH_SNAPSHOT_STREAM,false
2307,POST_RESOLUTION_DIAGNOSTIC,,,,0,0,0,0,,DEPTH_SNAPSHOT_STREAM,false
2308,PRE_ELECTION,,60.0,,0,0,0,0,,DEPTH_SNAPSHOT_STREAM,false
2308,ELECTION_DAY_PRE_RESULTS,,11.2,,0,0,0,0,,DEPTH_SNAPSHOT_STREAM,false
2308,ACTIVE_RESULTS,,6.0,,0,0,0,0,,DEPTH_SNAPSHOT_STREAM,false
2308,LATE_COUNT,,42.8,,0,0,0,0,,DEPTH_SNAPSHOT_STREAM,false
2308,POST_RESOLUTION_DIAGNOSTIC,,,,0,0,0,0,,DEPTH_SNAPSHOT_STREAM,false
2309,PRE_ELECTION,,60.0,,0,0,0,0,,DEPTH_SNAPSHOT_STREAM,false
2309,ELECTION_DAY_PRE_RESULTS,,11.2,,0,0,0,0,,DEPTH_SNAPSHOT_STREAM,false
2309,ACTIVE_RESULTS,,6.0,,0,0,0,0,,DEPTH_SNAPSHOT_STREAM,false
2309,LATE_COUNT,,42.8,,0,0,0,0,,DEPTH_SNAPSHOT_STREAM,false
2309,POST_RESOLUTION_DIAGNOSTIC,,,,0,0,0,0,,DEPTH_SNAPSHOT_STREAM,false
2310,PRE_ELECTION,,60.0,,0,0,0,0,,DEPTH_SNAPSHOT_STREAM,false
2310,ELECTION_DAY_PRE_RESULTS,,11.2,,0,0,0,0,,DEPTH_SNAPSHOT_STREAM,false
2310,ACTIVE_RESULTS,,6.0,,0,0,0,0,,DEPTH_SNAPSHOT_STREAM,false
2310,LATE_COUNT,,42.8,,0,0,0,0,,DEPTH_SNAPSHOT_STREAM,false
2310,POST_RESOLUTION_DIAGNOSTIC,,,,0,0,0,0,,DEPTH_SNAPSHOT_STREAM,false
2311,PRE_ELECTION,,60.0,,0,0,0,0,,DEPTH_SNAPSHOT_STREAM,false
2311,ELECTION_DAY_PRE_RESULTS,,11.2,,0,0,0,0,,DEPTH_SNAPSHOT_STREAM,false
2311,ACTIVE_RESULTS,,6.0,,0,0,0,0,,DEPTH_SNAPSHOT_STREAM,false
2311,LATE_COUNT,,42.8,,0,0,0,0,,DEPTH_SNAPSHOT_STREAM,false
2311,POST_RESOLUTION_DIAGNOSTIC,,,,0,0,0,0,,DEPTH_SNAPSHOT_STREAM,false
2312,PRE_ELECTION,,60.0,,0,0,0,0,,DEPTH_SNAPSHOT_STREAM,false
2312,ELECTION_DAY_PRE_RESULTS,,11.2,,0,0,0,0,,DEPTH_SNAPSHOT_STREAM,false
2312,ACTIVE_RESULTS,,6.0,,0,0,0,0,,DEPTH_SNAPSHOT_STREAM,false
2312,LATE_COUNT,,42.8,,0,0,0,0,,DEPTH_SNAPSHOT_STREAM,false
2312,POST_RESOLUTION_DIAGNOSTIC,,,,0,0,0,0,,DEPTH_SNAPSHOT_STREAM,false
2313,PRE_ELECTION,,60.0,,0,0,0,0,,DEPTH_SNAPSHOT_STREAM,false
2313,ELECTION_DAY_PRE_RESULTS,,11.2,,0,0,0,0,,DEPTH_SNAPSHOT_STREAM,false
2313,ACTIVE_RESULTS,,6.0,,0,0,0,0,,DEPTH_SNAPSHOT_STREAM,false
2313,LATE_COUNT,,42.8,,0,0,0,0,,DEPTH_SNAPSHOT_STREAM,false
2313,POST_RESOLUTION_DIAGNOSTIC,,,,0,0,0,0,,DEPTH_SNAPSHOT_STREAM,false
2314,PRE_ELECTION,,60.0,,0,0,0,0,,DEPTH_SNAPSHOT_STREAM,false
2314,ELECTION_DAY_PRE_RESULTS,,11.2,,0,0,0,0,,DEPTH_SNAPSHOT_STREAM,false
2314,ACTIVE_RESULTS,,6.0,,0,0,0,0,,DEPTH_SNAPSHOT_STREAM,false
2314,LATE_COUNT,,42.8,,0,0,0,0,,DEPTH_SNAPSHOT_STREAM,false
2314,POST_RESOLUTION_DIAGNOSTIC,,,,0,0,0,0,,DEPTH_SNAPSHOT_STREAM,false
2315,PRE_ELECTION,,60.0,,0,0,0,0,,DEPTH_SNAPSHOT_STREAM,false
2315,ELECTION_DAY_PRE_RESULTS,,11.2,,0,0,0,0,,DEPTH_SNAPSHOT_STREAM,false
2315,ACTIVE_RESULTS,,6.0,,0,0,0,0,,DEPTH_SNAPSHOT_STREAM,false
2315,LATE_COUNT,,42.8,,0,0,0,0,,DEPTH_SNAPSHOT_STREAM,false
2315,POST_RESOLUTION_DIAGNOSTIC,,,,0,0,0,0,,DEPTH_SNAPSHOT_STREAM,false
2316,PRE_ELECTION,,60.0,,0,0,0,0,,DEPTH_SNAPSHOT_STREAM,false
2316,ELECTION_DAY_PRE_RESULTS,,11.2,,0,0,0,0,,DEPTH_SNAPSHOT_STREAM,false
2316,ACTIVE_RESULTS,,6.0,,0,0,0,0,,DEPTH_SNAPSHOT_STREAM,false
2316,LATE_COUNT,,42.8,,0,0,0,0,,DEPTH_SNAPSHOT_STREAM,false
2316,POST_RESOLUTION_DIAGNOSTIC,,,,0,0,0,0,,DEPTH_SNAPSHOT_STREAM,false
2317,PRE_ELECTION,,60.0,,0,0,0,0,,DEPTH_SNAPSHOT_STREAM,false
2317,ELECTION_DAY_PRE_RESULTS,,11.2,,0,0,0,0,,DEPTH_SNAPSHOT_STREAM,false
2317,ACTIVE_RESULTS,,6.0,,0,0,0,0,,DEPTH_SNAPSHOT_STREAM,false
2317,LATE_COUNT,,42.8,,0,0,0,0,,DEPTH_SNAPSHOT_STREAM,false
2317,POST_RESOLUTION_DIAGNOSTIC,,,,0,0,0,0,,DEPTH_SNAPSHOT_STREAM,false
2318,PRE_ELECTION,,60.0,,0,0,0,0,,DEPTH_SNAPSHOT_STREAM,false
2318,ELECTION_DAY_PRE_RESULTS,,11.2,,0,0,0,0,,DEPTH_SNAPSHOT_STREAM,false
2318,ACTIVE_RESULTS,,6.0,,0,0,0,0,,DEPTH_SNAPSHOT_STREAM,false
2318,LATE_COUNT,,42.8,,0,0,0,0,,DEPTH_SNAPSHOT_STREAM,false
2318,POST_RESOLUTION_DIAGNOSTIC,,,,0,0,0,0,,DEPTH_SNAPSHOT_STREAM,false
2319,PRE_ELECTION,,60.0,,0,0,0,0,,DEPTH_SNAPSHOT_STREAM,false
2319,ELECTION_DAY_PRE_RESULTS,,11.2,,0,0,0,0,,DEPTH_SNAPSHOT_STREAM,false
2319,ACTIVE_RESULTS,,6.0,,0,0,0,0,,DEPTH_SNAPSHOT_STREAM,false
2319,LATE_COUNT,,42.8,,0,0,0,0,,DEPTH_SNAPSHOT_STREAM,false
2319,POST_RESOLUTION_DIAGNOSTIC,,,,0,0,0,0,,DEPTH_SNAPSHOT_STREAM,false
2320,PRE_ELECTION,,60.0,,0,0,0,0,,DEPTH_SNAPSHOT_STREAM,false
2320,ELECTION_DAY_PRE_RESULTS,,11.2,,0,0,0,0,,DEPTH_SNAPSHOT_STREAM,false
2320,ACTIVE_RESULTS,,6.0,,0,0,0,0,,DEPTH_SNAPSHOT_STREAM,false
2320,LATE_COUNT,,42.8,,0,0,0,0,,DEPTH_SNAPSHOT_STREAM,false
2320,POST_RESOLUTION_DIAGNOSTIC,,,,0,0,0,0,,DEPTH_SNAPSHOT_STREAM,false
2321,PRE_ELECTION,,60.0,,0,0,0,0,,DEPTH_SNAPSHOT_STREAM,false
2321,ELECTION_DAY_PRE_RESULTS,,11.2,,0,0,0,0,,DEPTH_SNAPSHOT_STREAM,false
2321,ACTIVE_RESULTS,,6.0,,0,0,0,0,,DEPTH_SNAPSHOT_STREAM,false
2321,LATE_COUNT,,42.8,,0,0,0,0,,DEPTH_SNAPSHOT_STREAM,false
2321,POST_RESOLUTION_DIAGNOSTIC,,,,0,0,0,0,,DEPTH_SNAPSHOT_STREAM,false
2322,PRE_ELECTION,,60.0,,0,0,0,0,,DEPTH_SNAPSHOT_STREAM,false
2322,ELECTION_DAY_PRE_RESULTS,,11.2,,0,0,0,0,,DEPTH_SNAPSHOT_STREAM,false
2322,ACTIVE_RESULTS,,6.0,,0,0,0,0,,DEPTH_SNAPSHOT_STREAM,false
2322,LATE_COUNT,,42.8,,0,0,0,0,,DEPTH_SNAPSHOT_STREAM,false
2322,POST_RESOLUTION_DIAGNOSTIC,,,,0,0,0,0,,DEPTH_SNAPSHOT_STREAM,false
2323,PRE_ELECTION,,60.0,,0,0,0,0,,DEPTH_SNAPSHOT_STREAM,false
2323,ELECTION_DAY_PRE_RESULTS,,11.2,,0,0,0,0,,DEPTH_SNAPSHOT_STREAM,false
2323,ACTIVE_RESULTS,,6.0,,0,0,0,0,,DEPTH_SNAPSHOT_STREAM,false
2323,LATE_COUNT,,42.8,,0,0,0,0,,DEPTH_SNAPSHOT_STREAM,false
2323,POST_RESOLUTION_DIAGNOSTIC,,,,0,0,0,0,,DEPTH_SNAPSHOT_STREAM,false
2324,PRE_ELECTION,,60.0,,0,0,0,0,,DEPTH_SNAPSHOT_STREAM,false
2324,ELECTION_DAY_PRE_RESULTS,,11.2,,0,0,0,0,,DEPTH_SNAPSHOT_STREAM,false
2324,ACTIVE_RESULTS,,6.0,,0,0,0,0,,DEPTH_SNAPSHOT_STREAM,false
2324,LATE_COUNT,,42.8,,0,0,0,0,,DEPTH_SNAPSHOT_STREAM,false
2324,POST_RESOLUTION_DIAGNOSTIC,,,,0,0,0,0,,DEPTH_SNAPSHOT_STREAM,false
2325,PRE_ELECTION,,60.0,,0,0,0,0,,DEPTH_SNAPSHOT_STREAM,false
2325,ELECTION_DAY_PRE_RESULTS,,11.2,,0,0,0,0,,DEPTH_SNAPSHOT_STREAM,false
2325,ACTIVE_RESULTS,,6.0,,0,0,0,0,,DEPTH_SNAPSHOT_STREAM,false
2325,LATE_COUNT,,42.8,,0,0,0,0,,DEPTH_SNAPSHOT_STREAM,false
2325,POST_RESOLUTION_DIAGNOSTIC,,,,0,0,0,0,,DEPTH_SNAPSHOT_STREAM,false
2326,PRE_ELECTION,,60.0,,0,0,0,0,,DEPTH_SNAPSHOT_STREAM,false
2326,ELECTION_DAY_PRE_RESULTS,,11.2,,0,0,0,0,,DEPTH_SNAPSHOT_STREAM,false
2326,ACTIVE_RESULTS,,6.0,,0,0,0,0,,DEPTH_SNAPSHOT_STREAM,false
2326,LATE_COUNT,,42.8,,0,0,0,0,,DEPTH_SNAPSHOT_STREAM,false
2326,POST_RESOLUTION_DIAGNOSTIC,,,,0,0,0,0,,DEPTH_SNAPSHOT_STREAM,false
2327,PRE_ELECTION,,60.0,,0,0,0,0,,DEPTH_SNAPSHOT_STREAM,false
2327,ELECTION_DAY_PRE_RESULTS,,11.2,,0,0,0,0,,DEPTH_SNAPSHOT_STREAM,false
2327,ACTIVE_RESULTS,,6.0,,0,0,0,0,,DEPTH_SNAPSHOT_STREAM,false
2327,LATE_COUNT,,42.8,,0,0,0,0,,DEPTH_SNAPSHOT_STREAM,false
2327,POST_RESOLUTION_DIAGNOSTIC,,,,0,0,0,0,,DEPTH_SNAPSHOT_STREAM,false
2328,PRE_ELECTION,,60.0,,0,0,0,0,,DEPTH_SNAPSHOT_STREAM,false
2328,ELECTION_DAY_PRE_RESULTS,,11.2,,0,0,0,0,,DEPTH_SNAPSHOT_STREAM,false
2328,ACTIVE_RESULTS,,6.0,,0,0,0,0,,DEPTH_SNAPSHOT_STREAM,false
2328,LATE_COUNT,,42.8,,0,0,0,0,,DEPTH_SNAPSHOT_STREAM,false
2328,POST_RESOLUTION_DIAGNOSTIC,,,,0,0,0,0,,DEPTH_SNAPSHOT_STREAM,false
2329,PRE_ELECTION,,60.0,,0,0,0,0,,DEPTH_SNAPSHOT_STREAM,false
2329,ELECTION_DAY_PRE_RESULTS,,11.2,,0,0,0,0,,DEPTH_SNAPSHOT_STREAM,false
2329,ACTIVE_RESULTS,,6.0,,0,0,0,0,,DEPTH_SNAPSHOT_STREAM,false
2329,LATE_COUNT,,42.8,,0,0,0,0,,DEPTH_SNAPSHOT_STREAM,false
2329,POST_RESOLUTION_DIAGNOSTIC,,,,0,0,0,0,,DEPTH_SNAPSHOT_STREAM,false
2330,PRE_ELECTION,,60.0,,0,0,0,0,,DEPTH_SNAPSHOT_STREAM,false
2330,ELECTION_DAY_PRE_RESULTS,,11.2,,0,0,0,0,,DEPTH_SNAPSHOT_STREAM,false
2330,ACTIVE_RESULTS,,6.0,,0,0,0,0,,DEPTH_SNAPSHOT_STREAM,false
2330,LATE_COUNT,,42.8,,0,0,0,0,,DEPTH_SNAPSHOT_STREAM,false
2330,POST_RESOLUTION_DIAGNOSTIC,,,,0,0,0,0,,DEPTH_SNAPSHOT_STREAM,false
2331,PRE_ELECTION,,60.0,,0,0,0,0,,DEPTH_SNAPSHOT_STREAM,false
2331,ELECTION_DAY_PRE_RESULTS,,11.2,,0,0,0,0,,DEPTH_SNAPSHOT_STREAM,false
2331,ACTIVE_RESULTS,,6.0,,0,0,0,0,,DEPTH_SNAPSHOT_STREAM,false
2331,LATE_COUNT,,42.8,,0,0,0,0,,DEPTH_SNAPSHOT_STREAM,false
2331,POST_RESOLUTION_DIAGNOSTIC,,,,0,0,0,0,,DEPTH_SNAPSHOT_STREAM,false
2332,PRE_ELECTION,,60.0,,0,0,0,0,,DEPTH_SNAPSHOT_STREAM,false
2332,ELECTION_DAY_PRE_RESULTS,,11.2,,0,0,0,0,,DEPTH_SNAPSHOT_STREAM,false
2332,ACTIVE_RESULTS,,6.0,,0,0,0,0,,DEPTH_SNAPSHOT_STREAM,false
2332,LATE_COUNT,,42.8,,0,0,0,0,,DEPTH_SNAPSHOT_STREAM,false
2332,POST_RESOLUTION_DIAGNOSTIC,,,,0,0,0,0,,DEPTH_SNAPSHOT_STREAM,false
2333,PRE_ELECTION,,60.0,,0,0,0,0,,DEPTH_SNAPSHOT_STREAM,false
2333,ELECTION_DAY_PRE_RESULTS,,11.2,,0,0,0,0,,DEPTH_SNAPSHOT_STREAM,false
2333,ACTIVE_RESULTS,,6.0,,0,0,0,0,,DEPTH_SNAPSHOT_STREAM,false
2333,LATE_COUNT,,42.8,,0,0,0,0,,DEPTH_SNAPSHOT_STREAM,false
2333,POST_RESOLUTION_DIAGNOSTIC,,,,0,0,0,0,,DEPTH_SNAPSHOT_STREAM,false
2334,PRE_ELECTION,,60.0,,0,0,0,0,,DEPTH_SNAPSHOT_STREAM,false
2334,ELECTION_DAY_PRE_RESULTS,,11.2,,0,0,0,0,,DEPTH_SNAPSHOT_STREAM,false
2334,ACTIVE_RESULTS,,6.0,,0,0,0,0,,DEPTH_SNAPSHOT_STREAM,false
2334,LATE_COUNT,,42.8,,0,0,0,0,,DEPTH_SNAPSHOT_STREAM,false
2334,POST_RESOLUTION_DIAGNOSTIC,,,,0,0,0,0,,DEPTH_SNAPSHOT_STREAM,false
2335,PRE_ELECTION,,60.0,,0,0,0,0,,DEPTH_SNAPSHOT_STREAM,false
2335,ELECTION_DAY_PRE_RESULTS,,11.2,,0,0,0,0,,DEPTH_SNAPSHOT_STREAM,false
2335,ACTIVE_RESULTS,,6.0,,0,0,0,0,,DEPTH_SNAPSHOT_STREAM,false
2335,LATE_COUNT,,42.8,,0,0,0,0,,DEPTH_SNAPSHOT_STREAM,false
2335,POST_RESOLUTION_DIAGNOSTIC,,,,0,0,0,0,,DEPTH_SNAPSHOT_STREAM,false
2336,PRE_ELECTION,,60.0,,0,0,0,0,,DEPTH_SNAPSHOT_STREAM,false
2336,ELECTION_DAY_PRE_RESULTS,,11.2,,0,0,0,0,,DEPTH_SNAPSHOT_STREAM,false
2336,ACTIVE_RESULTS,,6.0,,0,0,0,0,,DEPTH_SNAPSHOT_STREAM,false
2336,LATE_COUNT,,42.8,,0,0,0,0,,DEPTH_SNAPSHOT_STREAM,false
2336,POST_RESOLUTION_DIAGNOSTIC,,,,0,0,0,0,,DEPTH_SNAPSHOT_STREAM,false
2337,PRE_ELECTION,,60.0,,0,0,0,0,,DEPTH_SNAPSHOT_STREAM,false
2337,ELECTION_DAY_PRE_RESULTS,,11.2,,0,0,0,0,,DEPTH_SNAPSHOT_STREAM,false
2337,ACTIVE_RESULTS,,6.0,,0,0,0,0,,DEPTH_SNAPSHOT_STREAM,false
2337,LATE_COUNT,,42.8,,0,0,0,0,,DEPTH_SNAPSHOT_STREAM,false
2337,POST_RESOLUTION_DIAGNOSTIC,,,,0,0,0,0,,DEPTH_SNAPSHOT_STREAM,false
2338,PRE_ELECTION,,60.0,,0,0,0,0,,DEPTH_SNAPSHOT_STREAM,false
2338,ELECTION_DAY_PRE_RESULTS,,11.2,,0,0,0,0,,DEPTH_SNAPSHOT_STREAM,false
2338,ACTIVE_RESULTS,,6.0,,0,0,0,0,,DEPTH_SNAPSHOT_STREAM,false
2338,LATE_COUNT,,42.8,,0,0,0,0,,DEPTH_SNAPSHOT_STREAM,false
2338,POST_RESOLUTION_DIAGNOSTIC,,,,0,0,0,0,,DEPTH_SNAPSHOT_STREAM,false
2339,PRE_ELECTION,,60.0,,0,0,0,0,,DEPTH_SNAPSHOT_STREAM,false
2339,ELECTION_DAY_PRE_RESULTS,,11.2,,0,0,0,0,,DEPTH_SNAPSHOT_STREAM,false
2339,ACTIVE_RESULTS,,6.0,,0,0,0,0,,DEPTH_SNAPSHOT_STREAM,false
2339,LATE_COUNT,,42.8,,0,0,0,0,,DEPTH_SNAPSHOT_STREAM,false
2339,POST_RESOLUTION_DIAGNOSTIC,,,,0,0,0,0,,DEPTH_SNAPSHOT_STREAM,false
2340,PRE_ELECTION,,60.0,,0,0,0,0,,DEPTH_SNAPSHOT_STREAM,false
2340,ELECTION_DAY_PRE_RESULTS,,11.2,,0,0,0,0,,DEPTH_SNAPSHOT_STREAM,false
2340,ACTIVE_RESULTS,,6.0,,0,0,0,0,,DEPTH_SNAPSHOT_STREAM,false
2340,LATE_COUNT,,42.8,,0,0,0,0,,DEPTH_SNAPSHOT_STREAM,false
2340,POST_RESOLUTION_DIAGNOSTIC,,,,0,0,0,0,,DEPTH_SNAPSHOT_STREAM,false
2341,PRE_ELECTION,,60.0,,0,0,0,0,,DEPTH_SNAPSHOT_STREAM,false
2341,ELECTION_DAY_PRE_RESULTS,,11.2,,0,0,0,0,,DEPTH_SNAPSHOT_STREAM,false
2341,ACTIVE_RESULTS,,6.0,,0,0,0,0,,DEPTH_SNAPSHOT_STREAM,false
2341,LATE_COUNT,,42.8,,0,0,0,0,,DEPTH_SNAPSHOT_STREAM,false
2341,POST_RESOLUTION_DIAGNOSTIC,,,,0,0,0,0,,DEPTH_SNAPSHOT_STREAM,false
2342,PRE_ELECTION,,60.0,,0,0,0,0,,DEPTH_SNAPSHOT_STREAM,false
2342,ELECTION_DAY_PRE_RESULTS,,11.2,,0,0,0,0,,DEPTH_SNAPSHOT_STREAM,false
2342,ACTIVE_RESULTS,,6.0,,0,0,0,0,,DEPTH_SNAPSHOT_STREAM,false
2342,LATE_COUNT,,42.8,,0,0,0,0,,DEPTH_SNAPSHOT_STREAM,false
2342,POST_RESOLUTION_DIAGNOSTIC,,,,0,0,0,0,,DEPTH_SNAPSHOT_STREAM,false
2343,PRE_ELECTION,,60.0,,0,0,0,0,,DEPTH_SNAPSHOT_STREAM,false
2343,ELECTION_DAY_PRE_RESULTS,,11.2,,0,0,0,0,,DEPTH_SNAPSHOT_STREAM,false
2343,ACTIVE_RESULTS,,6.0,,0,0,0,0,,DEPTH_SNAPSHOT_STREAM,false
2343,LATE_COUNT,,42.8,,0,0,0,0,,DEPTH_SNAPSHOT_STREAM,false
2343,POST_RESOLUTION_DIAGNOSTIC,,,,0,0,0,0,,DEPTH_SNAPSHOT_STREAM,false
2344,PRE_ELECTION,,60.0,,0,0,0,0,,DEPTH_SNAPSHOT_STREAM,false
2344,ELECTION_DAY_PRE_RESULTS,,11.2,,0,0,0,0,,DEPTH_SNAPSHOT_STREAM,false
2344,ACTIVE_RESULTS,,6.0,,0,0,0,0,,DEPTH_SNAPSHOT_STREAM,false
2344,LATE_COUNT,,42.8,,0,0,0,0,,DEPTH_SNAPSHOT_STREAM,false
2344,POST_RESOLUTION_DIAGNOSTIC,,,,0,0,0,0,,DEPTH_SNAPSHOT_STREAM,false
2345,PRE_ELECTION,,60.0,,0,0,0,0,,DEPTH_SNAPSHOT_STREAM,false
2345,ELECTION_DAY_PRE_RESULTS,,11.2,,0,0,0,0,,DEPTH_SNAPSHOT_STREAM,false
2345,ACTIVE_RESULTS,,6.0,,0,0,0,0,,DEPTH_SNAPSHOT_STREAM,false
2345,LATE_COUNT,,42.8,,0,0,0,0,,DEPTH_SNAPSHOT_STREAM,false
2345,POST_RESOLUTION_DIAGNOSTIC,,,,0,0,0,0,,DEPTH_SNAPSHOT_STREAM,false
2346,PRE_ELECTION,,60.0,,0,0,0,0,,DEPTH_SNAPSHOT_STREAM,false
2346,ELECTION_DAY_PRE_RESULTS,,11.2,,0,0,0,0,,DEPTH_SNAPSHOT_STREAM,false
2346,ACTIVE_RESULTS,,6.0,,0,0,0,0,,DEPTH_SNAPSHOT_STREAM,false
2346,LATE_COUNT,,42.8,,0,0,0,0,,DEPTH_SNAPSHOT_STREAM,false
2346,POST_RESOLUTION_DIAGNOSTIC,,,,0,0,0,0,,DEPTH_SNAPSHOT_STREAM,false
2347,PRE_ELECTION,,60.0,,0,0,0,0,,DEPTH_SNAPSHOT_STREAM,false
2347,ELECTION_DAY_PRE_RESULTS,,11.2,,0,0,0,0,,DEPTH_SNAPSHOT_STREAM,false
2347,ACTIVE_RESULTS,,6.0,,0,0,0,0,,DEPTH_SNAPSHOT_STREAM,false
2347,LATE_COUNT,,42.8,,0,0,0,0,,DEPTH_SNAPSHOT_STREAM,false
2347,POST_RESOLUTION_DIAGNOSTIC,,,,0,0,0,0,,DEPTH_SNAPSHOT_STREAM,false
2348,PRE_ELECTION,,60.0,,0,0,0,0,,DEPTH_SNAPSHOT_STREAM,false
2348,ELECTION_DAY_PRE_RESULTS,,11.2,,0,0,0,0,,DEPTH_SNAPSHOT_STREAM,false
2348,ACTIVE_RESULTS,,6.0,,0,0,0,0,,DEPTH_SNAPSHOT_STREAM,false
2348,LATE_COUNT,,42.8,,0,0,0,0,,DEPTH_SNAPSHOT_STREAM,false
2348,POST_RESOLUTION_DIAGNOSTIC,,,,0,0,0,0,,DEPTH_SNAPSHOT_STREAM,false
2349,PRE_ELECTION,,60.0,,0,0,0,0,,DEPTH_SNAPSHOT_STREAM,false
2349,ELECTION_DAY_PRE_RESULTS,,11.2,,0,0,0,0,,DEPTH_SNAPSHOT_STREAM,false
2349,ACTIVE_RESULTS,,6.0,,0,0,0,0,,DEPTH_SNAPSHOT_STREAM,false
2349,LATE_COUNT,,42.8,,0,0,0,0,,DEPTH_SNAPSHOT_STREAM,false
2349,POST_RESOLUTION_DIAGNOSTIC,,,,0,0,0,0,,DEPTH_SNAPSHOT_STREAM,false
2350,PRE_ELECTION,,60.0,,0,0,0,0,,DEPTH_SNAPSHOT_STREAM,false
2350,ELECTION_DAY_PRE_RESULTS,,11.2,,0,0,0,0,,DEPTH_SNAPSHOT_STREAM,false
2350,ACTIVE_RESULTS,,6.0,,0,0,0,0,,DEPTH_SNAPSHOT_STREAM,false
2350,LATE_COUNT,,42.8,,0,0,0,0,,DEPTH_SNAPSHOT_STREAM,false
2350,POST_RESOLUTION_DIAGNOSTIC,,,,0,0,0,0,,DEPTH_SNAPSHOT_STREAM,false
2351,PRE_ELECTION,,60.0,,0,0,0,0,,DEPTH_SNAPSHOT_STREAM,false
2351,ELECTION_DAY_PRE_RESULTS,,11.2,,0,0,0,0,,DEPTH_SNAPSHOT_STREAM,false
2351,ACTIVE_RESULTS,,6.0,,0,0,0,0,,DEPTH_SNAPSHOT_STREAM,false
2351,LATE_COUNT,,42.8,,0,0,0,0,,DEPTH_SNAPSHOT_STREAM,false
2351,POST_RESOLUTION_DIAGNOSTIC,,,,0,0,0,0,,DEPTH_SNAPSHOT_STREAM,false
2352,PRE_ELECTION,,60.0,,0,0,0,0,,DEPTH_SNAPSHOT_STREAM,false
2352,ELECTION_DAY_PRE_RESULTS,,11.2,,0,0,0,0,,DEPTH_SNAPSHOT_STREAM,false
2352,ACTIVE_RESULTS,,6.0,,0,0,0,0,,DEPTH_SNAPSHOT_STREAM,false
2352,LATE_COUNT,,42.8,,0,0,0,0,,DEPTH_SNAPSHOT_STREAM,false
2352,POST_RESOLUTION_DIAGNOSTIC,,,,0,0,0,0,,DEPTH_SNAPSHOT_STREAM,false
2353,PRE_ELECTION,,60.0,,0,0,0,0,,DEPTH_SNAPSHOT_STREAM,false
2353,ELECTION_DAY_PRE_RESULTS,,11.2,,0,0,0,0,,DEPTH_SNAPSHOT_STREAM,false
2353,ACTIVE_RESULTS,,6.0,,0,0,0,0,,DEPTH_SNAPSHOT_STREAM,false
2353,LATE_COUNT,,42.8,,0,0,0,0,,DEPTH_SNAPSHOT_STREAM,false
2353,POST_RESOLUTION_DIAGNOSTIC,,,,0,0,0,0,,DEPTH_SNAPSHOT_STREAM,false
2354,PRE_ELECTION,,60.0,,0,0,0,0,,DEPTH_SNAPSHOT_STREAM,false
2354,ELECTION_DAY_PRE_RESULTS,,11.2,,0,0,0,0,,DEPTH_SNAPSHOT_STREAM,false
2354,ACTIVE_RESULTS,,6.0,,0,0,0,0,,DEPTH_SNAPSHOT_STREAM,false
2354,LATE_COUNT,,42.8,,0,0,0,0,,DEPTH_SNAPSHOT_STREAM,false
2354,POST_RESOLUTION_DIAGNOSTIC,,,,0,0,0,0,,DEPTH_SNAPSHOT_STREAM,false
2355,PRE_ELECTION,,60.0,,0,0,0,0,,DEPTH_SNAPSHOT_STREAM,false
2355,ELECTION_DAY_PRE_RESULTS,,11.2,,0,0,0,0,,DEPTH_SNAPSHOT_STREAM,false
2355,ACTIVE_RESULTS,,6.0,,0,0,0,0,,DEPTH_SNAPSHOT_STREAM,false
2355,LATE_COUNT,,42.8,,0,0,0,0,,DEPTH_SNAPSHOT_STREAM,false
2355,POST_RESOLUTION_DIAGNOSTIC,,,,0,0,0,0,,DEPTH_SNAPSHOT_STREAM,false
2356,PRE_ELECTION,,60.0,,0,0,0,0,,DEPTH_SNAPSHOT_STREAM,false
2356,ELECTION_DAY_PRE_RESULTS,,11.2,,0,0,0,0,,DEPTH_SNAPSHOT_STREAM,false
2356,ACTIVE_RESULTS,,6.0,,0,0,0,0,,DEPTH_SNAPSHOT_STREAM,false
2356,LATE_COUNT,,42.8,,0,0,0,0,,DEPTH_SNAPSHOT_STREAM,false
2356,POST_RESOLUTION_DIAGNOSTIC,,,,0,0,0,0,,DEPTH_SNAPSHOT_STREAM,false
2357,PRE_ELECTION,,60.0,,0,0,0,0,,DEPTH_SNAPSHOT_STREAM,false
2357,ELECTION_DAY_PRE_RESULTS,,11.2,,0,0,0,0,,DEPTH_SNAPSHOT_STREAM,false
2357,ACTIVE_RESULTS,,6.0,,0,0,0,0,,DEPTH_SNAPSHOT_STREAM,false
2357,LATE_COUNT,,42.8,,0,0,0,0,,DEPTH_SNAPSHOT_STREAM,false
2357,POST_RESOLUTION_DIAGNOSTIC,,,,0,0,0,0,,DEPTH_SNAPSHOT_STREAM,false
2358,PRE_ELECTION,,60.0,,0,0,0,0,,DEPTH_SNAPSHOT_STREAM,false
2358,ELECTION_DAY_PRE_RESULTS,,11.2,,0,0,0,0,,DEPTH_SNAPSHOT_STREAM,false
2358,ACTIVE_RESULTS,,6.0,,0,0,0,0,,DEPTH_SNAPSHOT_STREAM,false
2358,LATE_COUNT,,42.8,,0,0,0,0,,DEPTH_SNAPSHOT_STREAM,false
2358,POST_RESOLUTION_DIAGNOSTIC,,,,0,0,0,0,,DEPTH_SNAPSHOT_STREAM,false
2359,PRE_ELECTION,,60.0,,0,0,0,0,,DEPTH_SNAPSHOT_STREAM,false
2359,ELECTION_DAY_PRE_RESULTS,,11.2,,0,0,0,0,,DEPTH_SNAPSHOT_STREAM,false
2359,ACTIVE_RESULTS,,6.0,,0,0,0,0,,DEPTH_SNAPSHOT_STREAM,false
2359,LATE_COUNT,,42.8,,0,0,0,0,,DEPTH_SNAPSHOT_STREAM,false
2359,POST_RESOLUTION_DIAGNOSTIC,,,,0,0,0,0,,DEPTH_SNAPSHOT_STREAM,false
2360,PRE_ELECTION,,60.0,,0,0,0,0,,DEPTH_SNAPSHOT_STREAM,false
2360,ELECTION_DAY_PRE_RESULTS,,11.2,,0,0,0,0,,DEPTH_SNAPSHOT_STREAM,false
2360,ACTIVE_RESULTS,,6.0,,0,0,0,0,,DEPTH_SNAPSHOT_STREAM,false
2360,LATE_COUNT,,42.8,,0,0,0,0,,DEPTH_SNAPSHOT_STREAM,false
2360,POST_RESOLUTION_DIAGNOSTIC,,,,0,0,0,0,,DEPTH_SNAPSHOT_STREAM,false
2361,PRE_ELECTION,,60.0,,0,0,0,0,,DEPTH_SNAPSHOT_STREAM,false
2361,ELECTION_DAY_PRE_RESULTS,,11.2,,0,0,0,0,,DEPTH_SNAPSHOT_STREAM,false
2361,ACTIVE_RESULTS,,6.0,,0,0,0,0,,DEPTH_SNAPSHOT_STREAM,false
2361,LATE_COUNT,,42.8,,0,0,0,0,,DEPTH_SNAPSHOT_STREAM,false
2361,POST_RESOLUTION_DIAGNOSTIC,,,,0,0,0,0,,DEPTH_SNAPSHOT_STREAM,false
2362,PRE_ELECTION,,60.0,,0,0,0,0,,DEPTH_SNAPSHOT_STREAM,false
2362,ELECTION_DAY_PRE_RESULTS,,11.2,,0,0,0,0,,DEPTH_SNAPSHOT_STREAM,false
2362,ACTIVE_RESULTS,,6.0,,0,0,0,0,,DEPTH_SNAPSHOT_STREAM,false
2362,LATE_COUNT,,42.8,,0,0,0,0,,DEPTH_SNAPSHOT_STREAM,false
2362,POST_RESOLUTION_DIAGNOSTIC,,,,0,0,0,0,,DEPTH_SNAPSHOT_STREAM,false
2363,PRE_ELECTION,,60.0,,0,0,0,0,,DEPTH_SNAPSHOT_STREAM,false
2363,ELECTION_DAY_PRE_RESULTS,,11.2,,0,0,0,0,,DEPTH_SNAPSHOT_STREAM,false
2363,ACTIVE_RESULTS,,6.0,,0,0,0,0,,DEPTH_SNAPSHOT_STREAM,false
2363,LATE_COUNT,,42.8,,0,0,0,0,,DEPTH_SNAPSHOT_STREAM,false
2363,POST_RESOLUTION_DIAGNOSTIC,,,,0,0,0,0,,DEPTH_SNAPSHOT_STREAM,false
2364,PRE_ELECTION,,60.0,,0,0,0,0,,DEPTH_SNAPSHOT_STREAM,false
2364,ELECTION_DAY_PRE_RESULTS,,11.2,,0,0,0,0,,DEPTH_SNAPSHOT_STREAM,false
2364,ACTIVE_RESULTS,,6.0,,0,0,0,0,,DEPTH_SNAPSHOT_STREAM,false
2364,LATE_COUNT,,42.8,,0,0,0,0,,DEPTH_SNAPSHOT_STREAM,false
2364,POST_RESOLUTION_DIAGNOSTIC,,,,0,0,0,0,,DEPTH_SNAPSHOT_STREAM,false
2365,PRE_ELECTION,,60.0,,0,0,0,0,,DEPTH_SNAPSHOT_STREAM,false
2365,ELECTION_DAY_PRE_RESULTS,,11.2,,0,0,0,0,,DEPTH_SNAPSHOT_STREAM,false
2365,ACTIVE_RESULTS,,6.0,,0,0,0,0,,DEPTH_SNAPSHOT_STREAM,false
2365,LATE_COUNT,,42.8,,0,0,0,0,,DEPTH_SNAPSHOT_STREAM,false
2365,POST_RESOLUTION_DIAGNOSTIC,,,,0,0,0,0,,DEPTH_SNAPSHOT_STREAM,false
2366,PRE_ELECTION,,60.0,,0,0,0,0,,DEPTH_SNAPSHOT_STREAM,false
2366,ELECTION_DAY_PRE_RESULTS,,11.2,,0,0,0,0,,DEPTH_SNAPSHOT_STREAM,false
2366,ACTIVE_RESULTS,,6.0,,0,0,0,0,,DEPTH_SNAPSHOT_STREAM,false
2366,LATE_COUNT,,42.8,,0,0,0,0,,DEPTH_SNAPSHOT_STREAM,false
2366,POST_RESOLUTION_DIAGNOSTIC,,,,0,0,0,0,,DEPTH_SNAPSHOT_STREAM,false
2367,PRE_ELECTION,,60.0,,0,0,0,0,,DEPTH_SNAPSHOT_STREAM,false
2367,ELECTION_DAY_PRE_RESULTS,,11.2,,0,0,0,0,,DEPTH_SNAPSHOT_STREAM,false
2367,ACTIVE_RESULTS,,6.0,,0,0,0,0,,DEPTH_SNAPSHOT_STREAM,false
2367,LATE_COUNT,,42.8,,0,0,0,0,,DEPTH_SNAPSHOT_STREAM,false
2367,POST_RESOLUTION_DIAGNOSTIC,,,,0,0,0,0,,DEPTH_SNAPSHOT_STREAM,false
2368,PRE_ELECTION,,60.0,,0,0,0,0,,DEPTH_SNAPSHOT_STREAM,false
2368,ELECTION_DAY_PRE_RESULTS,,11.2,,0,0,0,0,,DEPTH_SNAPSHOT_STREAM,false
2368,ACTIVE_RESULTS,,6.0,,0,0,0,0,,DEPTH_SNAPSHOT_STREAM,false
2368,LATE_COUNT,,42.8,,0,0,0,0,,DEPTH_SNAPSHOT_STREAM,false
2368,POST_RESOLUTION_DIAGNOSTIC,,,,0,0,0,0,,DEPTH_SNAPSHOT_STREAM,false
2369,PRE_ELECTION,,60.0,,0,0,0,0,,DEPTH_SNAPSHOT_STREAM,false
2369,ELECTION_DAY_PRE_RESULTS,,11.2,,0,0,0,0,,DEPTH_SNAPSHOT_STREAM,false
2369,ACTIVE_RESULTS,,6.0,,0,0,0,0,,DEPTH_SNAPSHOT_STREAM,false
2369,LATE_COUNT,,42.8,,0,0,0,0,,DEPTH_SNAPSHOT_STREAM,false
2369,POST_RESOLUTION_DIAGNOSTIC,,,,0,0,0,0,,DEPTH_SNAPSHOT_STREAM,false
2370,PRE_ELECTION,,60.0,,0,0,0,0,,DEPTH_SNAPSHOT_STREAM,false
2370,ELECTION_DAY_PRE_RESULTS,,11.2,,0,0,0,0,,DEPTH_SNAPSHOT_STREAM,false
2370,ACTIVE_RESULTS,,6.0,,0,0,0,0,,DEPTH_SNAPSHOT_STREAM,false
2370,LATE_COUNT,,42.8,,0,0,0,0,,DEPTH_SNAPSHOT_STREAM,false
2370,POST_RESOLUTION_DIAGNOSTIC,,,,0,0,0,0,,DEPTH_SNAPSHOT_STREAM,false
2371,PRE_ELECTION,,60.0,,0,0,0,0,,DEPTH_SNAPSHOT_STREAM,false
2371,ELECTION_DAY_PRE_RESULTS,,11.2,,0,0,0,0,,DEPTH_SNAPSHOT_STREAM,false
2371,ACTIVE_RESULTS,,6.0,,0,0,0,0,,DEPTH_SNAPSHOT_STREAM,false
2371,LATE_COUNT,,42.8,,0,0,0,0,,DEPTH_SNAPSHOT_STREAM,false
2371,POST_RESOLUTION_DIAGNOSTIC,,,,0,0,0,0,,DEPTH_SNAPSHOT_STREAM,false
2372,PRE_ELECTION,,60.0,,0,0,0,0,,DEPTH_SNAPSHOT_STREAM,false
2372,ELECTION_DAY_PRE_RESULTS,,11.2,,0,0,0,0,,DEPTH_SNAPSHOT_STREAM,false
2372,ACTIVE_RESULTS,,6.0,,0,0,0,0,,DEPTH_SNAPSHOT_STREAM,false
2372,LATE_COUNT,,42.8,,0,0,0,0,,DEPTH_SNAPSHOT_STREAM,false
2372,POST_RESOLUTION_DIAGNOSTIC,,,,0,0,0,0,,DEPTH_SNAPSHOT_STREAM,false
2373,PRE_ELECTION,,60.0,,0,0,0,0,,DEPTH_SNAPSHOT_STREAM,false
2373,ELECTION_DAY_PRE_RESULTS,,11.2,,0,0,0,0,,DEPTH_SNAPSHOT_STREAM,false
2373,ACTIVE_RESULTS,,6.0,,0,0,0,0,,DEPTH_SNAPSHOT_STREAM,false
2373,LATE_COUNT,,42.8,,0,0,0,0,,DEPTH_SNAPSHOT_STREAM,false
2373,POST_RESOLUTION_DIAGNOSTIC,,,,0,0,0,0,,DEPTH_SNAPSHOT_STREAM,false
2374,PRE_ELECTION,,60.0,,0,0,0,0,,DEPTH_SNAPSHOT_STREAM,false
2374,ELECTION_DAY_PRE_RESULTS,,11.2,,0,0,0,0,,DEPTH_SNAPSHOT_STREAM,false
2374,ACTIVE_RESULTS,,6.0,,0,0,0,0,,DEPTH_SNAPSHOT_STREAM,false
2374,LATE_COUNT,,42.8,,0,0,0,0,,DEPTH_SNAPSHOT_STREAM,false
2374,POST_RESOLUTION_DIAGNOSTIC,,,,0,0,0,0,,DEPTH_SNAPSHOT_STREAM,false
2375,PRE_ELECTION,,60.0,,0,0,0,0,,DEPTH_SNAPSHOT_STREAM,false
2375,ELECTION_DAY_PRE_RESULTS,,11.2,,0,0,0,0,,DEPTH_SNAPSHOT_STREAM,false
2375,ACTIVE_RESULTS,,6.0,,0,0,0,0,,DEPTH_SNAPSHOT_STREAM,false
2375,LATE_COUNT,,42.8,,0,0,0,0,,DEPTH_SNAPSHOT_STREAM,false
2375,POST_RESOLUTION_DIAGNOSTIC,,,,0,0,0,0,,DEPTH_SNAPSHOT_STREAM,false
2376,PRE_ELECTION,,60.0,,0,0,0,0,,DEPTH_SNAPSHOT_STREAM,false
2376,ELECTION_DAY_PRE_RESULTS,,11.2,,0,0,0,0,,DEPTH_SNAPSHOT_STREAM,false
2376,ACTIVE_RESULTS,,6.0,,0,0,0,0,,DEPTH_SNAPSHOT_STREAM,false
2376,LATE_COUNT,,42.8,,0,0,0,0,,DEPTH_SNAPSHOT_STREAM,false
2376,POST_RESOLUTION_DIAGNOSTIC,,,,0,0,0,0,,DEPTH_SNAPSHOT_STREAM,false
2377,PRE_ELECTION,,60.0,,0,0,0,0,,DEPTH_SNAPSHOT_STREAM,false
2377,ELECTION_DAY_PRE_RESULTS,,11.2,,0,0,0,0,,DEPTH_SNAPSHOT_STREAM,false
2377,ACTIVE_RESULTS,,6.0,,0,0,0,0,,DEPTH_SNAPSHOT_STREAM,false
2377,LATE_COUNT,,42.8,,0,0,0,0,,DEPTH_SNAPSHOT_STREAM,false
2377,POST_RESOLUTION_DIAGNOSTIC,,,,0,0,0,0,,DEPTH_SNAPSHOT_STREAM,false
2378,PRE_ELECTION,,60.0,,0,0,0,0,,DEPTH_SNAPSHOT_STREAM,false
2378,ELECTION_DAY_PRE_RESULTS,,11.2,,0,0,0,0,,DEPTH_SNAPSHOT_STREAM,false
2378,ACTIVE_RESULTS,,6.0,,0,0,0,0,,DEPTH_SNAPSHOT_STREAM,false
2378,LATE_COUNT,,42.8,,0,0,0,0,,DEPTH_SNAPSHOT_STREAM,false
2378,POST_RESOLUTION_DIAGNOSTIC,,,,0,0,0,0,,DEPTH_SNAPSHOT_STREAM,false
2379,PRE_ELECTION,,60.0,,0,0,0,0,,DEPTH_SNAPSHOT_STREAM,false
2379,ELECTION_DAY_PRE_RESULTS,,11.2,,0,0,0,0,,DEPTH_SNAPSHOT_STREAM,false
2379,ACTIVE_RESULTS,,6.0,,0,0,0,0,,DEPTH_SNAPSHOT_STREAM,false
2379,LATE_COUNT,,42.8,,0,0,0,0,,DEPTH_SNAPSHOT_STREAM,false
2379,POST_RESOLUTION_DIAGNOSTIC,,,,0,0,0,0,,DEPTH_SNAPSHOT_STREAM,false
2380,PRE_ELECTION,,60.0,,0,0,0,0,,DEPTH_SNAPSHOT_STREAM,false
2380,ELECTION_DAY_PRE_RESULTS,,11.2,,0,0,0,0,,DEPTH_SNAPSHOT_STREAM,false
2380,ACTIVE_RESULTS,,6.0,,0,0,0,0,,DEPTH_SNAPSHOT_STREAM,false
2380,LATE_COUNT,,42.8,,0,0,0,0,,DEPTH_SNAPSHOT_STREAM,false
2380,POST_RESOLUTION_DIAGNOSTIC,,,,0,0,0,0,,DEPTH_SNAPSHOT_STREAM,false
2381,PRE_ELECTION,,60.0,,0,0,0,0,,DEPTH_SNAPSHOT_STREAM,false
2381,ELECTION_DAY_PRE_RESULTS,,11.2,,0,0,0,0,,DEPTH_SNAPSHOT_STREAM,false
2381,ACTIVE_RESULTS,,6.0,,0,0,0,0,,DEPTH_SNAPSHOT_STREAM,false
2381,LATE_COUNT,,42.8,,0,0,0,0,,DEPTH_SNAPSHOT_STREAM,false
2381,POST_RESOLUTION_DIAGNOSTIC,,,,0,0,0,0,,DEPTH_SNAPSHOT_STREAM,false
2382,PRE_ELECTION,,60.0,,0,0,0,0,,DEPTH_SNAPSHOT_STREAM,false
2382,ELECTION_DAY_PRE_RESULTS,,11.2,,0,0,0,0,,DEPTH_SNAPSHOT_STREAM,false
2382,ACTIVE_RESULTS,,6.0,,0,0,0,0,,DEPTH_SNAPSHOT_STREAM,false
2382,LATE_COUNT,,42.8,,0,0,0,0,,DEPTH_SNAPSHOT_STREAM,false
2382,POST_RESOLUTION_DIAGNOSTIC,,,,0,0,0,0,,DEPTH_SNAPSHOT_STREAM,false
2383,PRE_ELECTION,,60.0,,0,0,0,0,,DEPTH_SNAPSHOT_STREAM,false
2383,ELECTION_DAY_PRE_RESULTS,,11.2,,0,0,0,0,,DEPTH_SNAPSHOT_STREAM,false
2383,ACTIVE_RESULTS,,6.0,,0,0,0,0,,DEPTH_SNAPSHOT_STREAM,false
2383,LATE_COUNT,,42.8,,0,0,0,0,,DEPTH_SNAPSHOT_STREAM,false
2383,POST_RESOLUTION_DIAGNOSTIC,,,,0,0,0,0,,DEPTH_SNAPSHOT_STREAM,false
2384,PRE_ELECTION,,60.0,,0,0,0,0,,DEPTH_SNAPSHOT_STREAM,false
2384,ELECTION_DAY_PRE_RESULTS,,11.2,,0,0,0,0,,DEPTH_SNAPSHOT_STREAM,false
2384,ACTIVE_RESULTS,,6.0,,0,0,0,0,,DEPTH_SNAPSHOT_STREAM,false
2384,LATE_COUNT,,42.8,,0,0,0,0,,DEPTH_SNAPSHOT_STREAM,false
2384,POST_RESOLUTION_DIAGNOSTIC,,,,0,0,0,0,,DEPTH_SNAPSHOT_STREAM,false
2385,PRE_ELECTION,,60.0,,0,0,0,0,,DEPTH_SNAPSHOT_STREAM,false
2385,ELECTION_DAY_PRE_RESULTS,,11.2,,0,0,0,0,,DEPTH_SNAPSHOT_STREAM,false
2385,ACTIVE_RESULTS,,6.0,,0,0,0,0,,DEPTH_SNAPSHOT_STREAM,false
2385,LATE_COUNT,,42.8,,0,0,0,0,,DEPTH_SNAPSHOT_STREAM,false
2385,POST_RESOLUTION_DIAGNOSTIC,,,,0,0,0,0,,DEPTH_SNAPSHOT_STREAM,false
2386,PRE_ELECTION,,60.0,,0,0,0,0,,DEPTH_SNAPSHOT_STREAM,false
2386,ELECTION_DAY_PRE_RESULTS,,11.2,,0,0,0,0,,DEPTH_SNAPSHOT_STREAM,false
2386,ACTIVE_RESULTS,,6.0,,0,0,0,0,,DEPTH_SNAPSHOT_STREAM,false
2386,LATE_COUNT,,42.8,,0,0,0,0,,DEPTH_SNAPSHOT_STREAM,false
2386,POST_RESOLUTION_DIAGNOSTIC,,,,0,0,0,0,,DEPTH_SNAPSHOT_STREAM,false
2387,PRE_ELECTION,,60.0,,0,0,0,0,,DEPTH_SNAPSHOT_STREAM,false
2387,ELECTION_DAY_PRE_RESULTS,,11.2,,0,0,0,0,,DEPTH_SNAPSHOT_STREAM,false
2387,ACTIVE_RESULTS,,6.0,,0,0,0,0,,DEPTH_SNAPSHOT_STREAM,false
2387,LATE_COUNT,,42.8,,0,0,0,0,,DEPTH_SNAPSHOT_STREAM,false
2387,POST_RESOLUTION_DIAGNOSTIC,,,,0,0,0,0,,DEPTH_SNAPSHOT_STREAM,false
2388,PRE_ELECTION,,60.0,,0,0,0,0,,DEPTH_SNAPSHOT_STREAM,false
2388,ELECTION_DAY_PRE_RESULTS,,11.2,,0,0,0,0,,DEPTH_SNAPSHOT_STREAM,false
2388,ACTIVE_RESULTS,,6.0,,0,0,0,0,,DEPTH_SNAPSHOT_STREAM,false
2388,LATE_COUNT,,42.8,,0,0,0,0,,DEPTH_SNAPSHOT_STREAM,false
2388,POST_RESOLUTION_DIAGNOSTIC,,,,0,0,0,0,,DEPTH_SNAPSHOT_STREAM,false
2389,PRE_ELECTION,,60.0,,0,0,0,0,,DEPTH_SNAPSHOT_STREAM,false
2389,ELECTION_DAY_PRE_RESULTS,,11.2,,0,0,0,0,,DEPTH_SNAPSHOT_STREAM,false
2389,ACTIVE_RESULTS,,6.0,,0,0,0,0,,DEPTH_SNAPSHOT_STREAM,false
2389,LATE_COUNT,,42.8,,0,0,0,0,,DEPTH_SNAPSHOT_STREAM,false
2389,POST_RESOLUTION_DIAGNOSTIC,,,,0,0,0,0,,DEPTH_SNAPSHOT_STREAM,false
2390,PRE_ELECTION,,60.0,,0,0,0,0,,DEPTH_SNAPSHOT_STREAM,false
2390,ELECTION_DAY_PRE_RESULTS,,11.2,,0,0,0,0,,DEPTH_SNAPSHOT_STREAM,false
2390,ACTIVE_RESULTS,,6.0,,0,0,0,0,,DEPTH_SNAPSHOT_STREAM,false
2390,LATE_COUNT,,42.8,,0,0,0,0,,DEPTH_SNAPSHOT_STREAM,false
2390,POST_RESOLUTION_DIAGNOSTIC,,,,0,0,0,0,,DEPTH_SNAPSHOT_STREAM,false
2391,PRE_ELECTION,,60.0,,0,0,0,0,,DEPTH_SNAPSHOT_STREAM,false
2391,ELECTION_DAY_PRE_RESULTS,,11.2,,0,0,0,0,,DEPTH_SNAPSHOT_STREAM,false
2391,ACTIVE_RESULTS,,6.0,,0,0,0,0,,DEPTH_SNAPSHOT_STREAM,false
2391,LATE_COUNT,,42.8,,0,0,0,0,,DEPTH_SNAPSHOT_STREAM,false
2391,POST_RESOLUTION_DIAGNOSTIC,,,,0,0,0,0,,DEPTH_SNAPSHOT_STREAM,false
2392,PRE_ELECTION,,60.0,,0,0,0,0,,DEPTH_SNAPSHOT_STREAM,false
2392,ELECTION_DAY_PRE_RESULTS,,11.2,,0,0,0,0,,DEPTH_SNAPSHOT_STREAM,false
2392,ACTIVE_RESULTS,,6.0,,0,0,0,0,,DEPTH_SNAPSHOT_STREAM,false
2392,LATE_COUNT,,42.8,,0,0,0,0,,DEPTH_SNAPSHOT_STREAM,false
2392,POST_RESOLUTION_DIAGNOSTIC,,,,0,0,0,0,,DEPTH_SNAPSHOT_STREAM,false
2393,PRE_ELECTION,,60.0,,0,0,0,0,,DEPTH_SNAPSHOT_STREAM,false
2393,ELECTION_DAY_PRE_RESULTS,,11.2,,0,0,0,0,,DEPTH_SNAPSHOT_STREAM,false
2393,ACTIVE_RESULTS,,6.0,,0,0,0,0,,DEPTH_SNAPSHOT_STREAM,false
2393,LATE_COUNT,,42.8,,0,0,0,0,,DEPTH_SNAPSHOT_STREAM,false
2393,POST_RESOLUTION_DIAGNOSTIC,,,,0,0,0,0,,DEPTH_SNAPSHOT_STREAM,false
2394,PRE_ELECTION,,60.0,,0,0,0,0,,DEPTH_SNAPSHOT_STREAM,false
2394,ELECTION_DAY_PRE_RESULTS,,11.2,,0,0,0,0,,DEPTH_SNAPSHOT_STREAM,false
2394,ACTIVE_RESULTS,,6.0,,0,0,0,0,,DEPTH_SNAPSHOT_STREAM,false
2394,LATE_COUNT,,42.8,,0,0,0,0,,DEPTH_SNAPSHOT_STREAM,false
2394,POST_RESOLUTION_DIAGNOSTIC,,,,0,0,0,0,,DEPTH_SNAPSHOT_STREAM,false
2395,PRE_ELECTION,,60.0,,0,0,0,0,,DEPTH_SNAPSHOT_STREAM,false
2395,ELECTION_DAY_PRE_RESULTS,,11.2,,0,0,0,0,,DEPTH_SNAPSHOT_STREAM,false
2395,ACTIVE_RESULTS,,6.0,,0,0,0,0,,DEPTH_SNAPSHOT_STREAM,false
2395,LATE_COUNT,,42.8,,0,0,0,0,,DEPTH_SNAPSHOT_STREAM,false
2395,POST_RESOLUTION_DIAGNOSTIC,,,,0,0,0,0,,DEPTH_SNAPSHOT_STREAM,false
2396,PRE_ELECTION,,60.0,,0,0,0,0,,DEPTH_SNAPSHOT_STREAM,false
2396,ELECTION_DAY_PRE_RESULTS,,11.2,,0,0,0,0,,DEPTH_SNAPSHOT_STREAM,false
2396,ACTIVE_RESULTS,,6.0,,0,0,0,0,,DEPTH_SNAPSHOT_STREAM,false
2396,LATE_COUNT,,42.8,,0,0,0,0,,DEPTH_SNAPSHOT_STREAM,false
2396,POST_RESOLUTION_DIAGNOSTIC,,,,0,0,0,0,,DEPTH_SNAPSHOT_STREAM,false
2397,PRE_ELECTION,,60.0,,0,0,0,0,,DEPTH_SNAPSHOT_STREAM,false
2397,ELECTION_DAY_PRE_RESULTS,,11.2,,0,0,0,0,,DEPTH_SNAPSHOT_STREAM,false
2397,ACTIVE_RESULTS,,6.0,,0,0,0,0,,DEPTH_SNAPSHOT_STREAM,false
2397,LATE_COUNT,,42.8,,0,0,0,0,,DEPTH_SNAPSHOT_STREAM,false
2397,POST_RESOLUTION_DIAGNOSTIC,,,,0,0,0,0,,DEPTH_SNAPSHOT_STREAM,false
2398,PRE_ELECTION,,60.0,,0,0,0,0,,DEPTH_SNAPSHOT_STREAM,false
2398,ELECTION_DAY_PRE_RESULTS,,11.2,,0,0,0,0,,DEPTH_SNAPSHOT_STREAM,false
2398,ACTIVE_RESULTS,,6.0,,0,0,0,0,,DEPTH_SNAPSHOT_STREAM,false
2398,LATE_COUNT,,42.8,,0,0,0,0,,DEPTH_SNAPSHOT_STREAM,false
2398,POST_RESOLUTION_DIAGNOSTIC,,,,0,0,0,0,,DEPTH_SNAPSHOT_STREAM,false
2399,PRE_ELECTION,,60.0,,0,0,0,0,,DEPTH_SNAPSHOT_STREAM,false
2399,ELECTION_DAY_PRE_RESULTS,,11.2,,0,0,0,0,,DEPTH_SNAPSHOT_STREAM,false
2399,ACTIVE_RESULTS,,6.0,,0,0,0,0,,DEPTH_SNAPSHOT_STREAM,false
2399,LATE_COUNT,,42.8,,0,0,0,0,,DEPTH_SNAPSHOT_STREAM,false
2399,POST_RESOLUTION_DIAGNOSTIC,,,,0,0,0,0,,DEPTH_SNAPSHOT_STREAM,false
2400,PRE_ELECTION,,60.0,,0,0,0,0,,DEPTH_SNAPSHOT_STREAM,false
2400,ELECTION_DAY_PRE_RESULTS,,11.2,,0,0,0,0,,DEPTH_SNAPSHOT_STREAM,false
2400,ACTIVE_RESULTS,,6.0,,0,0,0,0,,DEPTH_SNAPSHOT_STREAM,false
2400,LATE_COUNT,,42.8,,0,0,0,0,,DEPTH_SNAPSHOT_STREAM,false
2400,POST_RESOLUTION_DIAGNOSTIC,,,,0,0,0,0,,DEPTH_SNAPSHOT_STREAM,false
2401,PRE_ELECTION,,60.0,,0,0,0,0,,DEPTH_SNAPSHOT_STREAM,false
2401,ELECTION_DAY_PRE_RESULTS,,11.2,,0,0,0,0,,DEPTH_SNAPSHOT_STREAM,false
2401,ACTIVE_RESULTS,,6.0,,0,0,0,0,,DEPTH_SNAPSHOT_STREAM,false
2401,LATE_COUNT,,42.8,,0,0,0,0,,DEPTH_SNAPSHOT_STREAM,false
2401,POST_RESOLUTION_DIAGNOSTIC,,,,0,0,0,0,,DEPTH_SNAPSHOT_STREAM,false
2402,PRE_ELECTION,,60.0,,0,0,0,0,,DEPTH_SNAPSHOT_STREAM,false
2402,ELECTION_DAY_PRE_RESULTS,,11.2,,0,0,0,0,,DEPTH_SNAPSHOT_STREAM,false
2402,ACTIVE_RESULTS,,6.0,,0,0,0,0,,DEPTH_SNAPSHOT_STREAM,false
2402,LATE_COUNT,,42.8,,0,0,0,0,,DEPTH_SNAPSHOT_STREAM,false
2402,POST_RESOLUTION_DIAGNOSTIC,,,,0,0,0,0,,DEPTH_SNAPSHOT_STREAM,false
2403,PRE_ELECTION,,60.0,,0,0,0,0,,DEPTH_SNAPSHOT_STREAM,false
2403,ELECTION_DAY_PRE_RESULTS,,11.2,,0,0,0,0,,DEPTH_SNAPSHOT_STREAM,false
2403,ACTIVE_RESULTS,,6.0,,0,0,0,0,,DEPTH_SNAPSHOT_STREAM,false
2403,LATE_COUNT,,42.8,,0,0,0,0,,DEPTH_SNAPSHOT_STREAM,false
2403,POST_RESOLUTION_DIAGNOSTIC,,,,0,0,0,0,,DEPTH_SNAPSHOT_STREAM,false
2404,PRE_ELECTION,,60.0,,0,0,0,0,,DEPTH_SNAPSHOT_STREAM,false
2404,ELECTION_DAY_PRE_RESULTS,,11.2,,0,0,0,0,,DEPTH_SNAPSHOT_STREAM,false
2404,ACTIVE_RESULTS,,6.0,,0,0,0,0,,DEPTH_SNAPSHOT_STREAM,false
2404,LATE_COUNT,,42.8,,0,0,0,0,,DEPTH_SNAPSHOT_STREAM,false
2404,POST_RESOLUTION_DIAGNOSTIC,,,,0,0,0,0,,DEPTH_SNAPSHOT_STREAM,false
2405,PRE_ELECTION,,60.0,,0,0,0,0,,DEPTH_SNAPSHOT_STREAM,false
2405,ELECTION_DAY_PRE_RESULTS,,11.2,,0,0,0,0,,DEPTH_SNAPSHOT_STREAM,false
2405,ACTIVE_RESULTS,,6.0,,0,0,0,0,,DEPTH_SNAPSHOT_STREAM,false
2405,LATE_COUNT,,42.8,,0,0,0,0,,DEPTH_SNAPSHOT_STREAM,false
2405,POST_RESOLUTION_DIAGNOSTIC,,,,0,0,0,0,,DEPTH_SNAPSHOT_STREAM,false
2406,PRE_ELECTION,,60.0,,0,0,0,0,,DEPTH_SNAPSHOT_STREAM,false
2406,ELECTION_DAY_PRE_RESULTS,,11.2,,0,0,0,0,,DEPTH_SNAPSHOT_STREAM,false
2406,ACTIVE_RESULTS,,6.0,,0,0,0,0,,DEPTH_SNAPSHOT_STREAM,false
2406,LATE_COUNT,,42.8,,0,0,0,0,,DEPTH_SNAPSHOT_STREAM,false
2406,POST_RESOLUTION_DIAGNOSTIC,,,,0,0,0,0,,DEPTH_SNAPSHOT_STREAM,false
2407,PRE_ELECTION,,60.0,,0,0,0,0,,DEPTH_SNAPSHOT_STREAM,false
2407,ELECTION_DAY_PRE_RESULTS,,11.2,,0,0,0,0,,DEPTH_SNAPSHOT_STREAM,false
2407,ACTIVE_RESULTS,,6.0,,0,0,0,0,,DEPTH_SNAPSHOT_STREAM,false
2407,LATE_COUNT,,42.8,,0,0,0,0,,DEPTH_SNAPSHOT_STREAM,false
2407,POST_RESOLUTION_DIAGNOSTIC,,,,0,0,0,0,,DEPTH_SNAPSHOT_STREAM,false
2408,PRE_ELECTION,,60.0,,0,0,0,0,,DEPTH_SNAPSHOT_STREAM,false
2408,ELECTION_DAY_PRE_RESULTS,,11.2,,0,0,0,0,,DEPTH_SNAPSHOT_STREAM,false
2408,ACTIVE_RESULTS,,6.0,,0,0,0,0,,DEPTH_SNAPSHOT_STREAM,false
2408,LATE_COUNT,,42.8,,0,0,0,0,,DEPTH_SNAPSHOT_STREAM,false
2408,POST_RESOLUTION_DIAGNOSTIC,,,,0,0,0,0,,DEPTH_SNAPSHOT_STREAM,false
2409,PRE_ELECTION,,60.0,,0,0,0,0,,DEPTH_SNAPSHOT_STREAM,false
2409,ELECTION_DAY_PRE_RESULTS,,11.2,,0,0,0,0,,DEPTH_SNAPSHOT_STREAM,false
2409,ACTIVE_RESULTS,,6.0,,0,0,0,0,,DEPTH_SNAPSHOT_STREAM,false
2409,LATE_COUNT,,42.8,,0,0,0,0,,DEPTH_SNAPSHOT_STREAM,false
2409,POST_RESOLUTION_DIAGNOSTIC,,,,0,0,0,0,,DEPTH_SNAPSHOT_STREAM,false
2410,PRE_ELECTION,,60.0,,0,0,0,0,,DEPTH_SNAPSHOT_STREAM,false
2410,ELECTION_DAY_PRE_RESULTS,,11.2,,0,0,0,0,,DEPTH_SNAPSHOT_STREAM,false
2410,ACTIVE_RESULTS,,6.0,,0,0,0,0,,DEPTH_SNAPSHOT_STREAM,false
2410,LATE_COUNT,,42.8,,0,0,0,0,,DEPTH_SNAPSHOT_STREAM,false
2410,POST_RESOLUTION_DIAGNOSTIC,,,,0,0,0,0,,DEPTH_SNAPSHOT_STREAM,false
2411,PRE_ELECTION,,60.0,,0,0,0,0,,DEPTH_SNAPSHOT_STREAM,false
2411,ELECTION_DAY_PRE_RESULTS,,11.2,,0,0,0,0,,DEPTH_SNAPSHOT_STREAM,false
2411,ACTIVE_RESULTS,,6.0,,0,0,0,0,,DEPTH_SNAPSHOT_STREAM,false
2411,LATE_COUNT,,42.8,,0,0,0,0,,DEPTH_SNAPSHOT_STREAM,false
2411,POST_RESOLUTION_DIAGNOSTIC,,,,0,0,0,0,,DEPTH_SNAPSHOT_STREAM,false
2412,PRE_ELECTION,,60.0,,0,0,0,0,,DEPTH_SNAPSHOT_STREAM,false
2412,ELECTION_DAY_PRE_RESULTS,,11.2,,0,0,0,0,,DEPTH_SNAPSHOT_STREAM,false
2412,ACTIVE_RESULTS,,6.0,,0,0,0,0,,DEPTH_SNAPSHOT_STREAM,false
2412,LATE_COUNT,,42.8,,0,0,0,0,,DEPTH_SNAPSHOT_STREAM,false
2412,POST_RESOLUTION_DIAGNOSTIC,,,,0,0,0,0,,DEPTH_SNAPSHOT_STREAM,false
2413,PRE_ELECTION,,60.0,,0,0,0,0,,DEPTH_SNAPSHOT_STREAM,false
2413,ELECTION_DAY_PRE_RESULTS,,11.2,,0,0,0,0,,DEPTH_SNAPSHOT_STREAM,false
2413,ACTIVE_RESULTS,,6.0,,0,0,0,0,,DEPTH_SNAPSHOT_STREAM,false
2413,LATE_COUNT,,42.8,,0,0,0,0,,DEPTH_SNAPSHOT_STREAM,false
2413,POST_RESOLUTION_DIAGNOSTIC,,,,0,0,0,0,,DEPTH_SNAPSHOT_STREAM,false
2414,PRE_ELECTION,,60.0,,0,0,0,0,,DEPTH_SNAPSHOT_STREAM,false
2414,ELECTION_DAY_PRE_RESULTS,,11.2,,0,0,0,0,,DEPTH_SNAPSHOT_STREAM,false
2414,ACTIVE_RESULTS,,6.0,,0,0,0,0,,DEPTH_SNAPSHOT_STREAM,false
2414,LATE_COUNT,,42.8,,0,0,0,0,,DEPTH_SNAPSHOT_STREAM,false
2414,POST_RESOLUTION_DIAGNOSTIC,,,,0,0,0,0,,DEPTH_SNAPSHOT_STREAM,false
2415,PRE_ELECTION,,60.0,,0,0,0,0,,DEPTH_SNAPSHOT_STREAM,false
2415,ELECTION_DAY_PRE_RESULTS,,11.2,,0,0,0,0,,DEPTH_SNAPSHOT_STREAM,false
2415,ACTIVE_RESULTS,,6.0,,0,0,0,0,,DEPTH_SNAPSHOT_STREAM,false
2415,LATE_COUNT,,42.8,,0,0,0,0,,DEPTH_SNAPSHOT_STREAM,false
2415,POST_RESOLUTION_DIAGNOSTIC,,,,0,0,0,0,,DEPTH_SNAPSHOT_STREAM,false
2416,PRE_ELECTION,,60.0,,0,0,0,0,,DEPTH_SNAPSHOT_STREAM,false
2416,ELECTION_DAY_PRE_RESULTS,,11.2,,0,0,0,0,,DEPTH_SNAPSHOT_STREAM,false
2416,ACTIVE_RESULTS,,6.0,,0,0,0,0,,DEPTH_SNAPSHOT_STREAM,false
2416,LATE_COUNT,1.098307,42.8,0.02566138,410,3,0,0,333.321,BBO_CHANGE_STREAM,false
2416,POST_RESOLUTION_DIAGNOSTIC,,,,0,0,0,0,,DEPTH_SNAPSHOT_STREAM,false
2417,PRE_ELECTION,,60.0,,0,0,0,0,,DEPTH_SNAPSHOT_STREAM,false
2417,ELECTION_DAY_PRE_RESULTS,,11.2,,0,0,0,0,,DEPTH_SNAPSHOT_STREAM,false
2417,ACTIVE_RESULTS,,6.0,,0,0,0,0,,DEPTH_SNAPSHOT_STREAM,false
2417,LATE_COUNT,1.098307,42.8,0.02566138,410,2,0,0,333.321,BBO_CHANGE_STREAM,false
2417,POST_RESOLUTION_DIAGNOSTIC,,,,0,0,0,0,,DEPTH_SNAPSHOT_STREAM,false
2418,PRE_ELECTION,,60.0,,0,0,0,0,,DEPTH_SNAPSHOT_STREAM,false
2418,ELECTION_DAY_PRE_RESULTS,,11.2,,0,0,0,0,,DEPTH_SNAPSHOT_STREAM,false
2418,ACTIVE_RESULTS,,6.0,,0,0,0,0,,DEPTH_SNAPSHOT_STREAM,false
2418,LATE_COUNT,1.098307,42.8,0.02566138,423,6,0,0,332.972,BBO_CHANGE_STREAM,false
2418,POST_RESOLUTION_DIAGNOSTIC,,,,0,0,0,0,,DEPTH_SNAPSHOT_STREAM,false
2419,PRE_ELECTION,,60.0,,0,0,0,0,,DEPTH_SNAPSHOT_STREAM,false
2419,ELECTION_DAY_PRE_RESULTS,,11.2,,0,0,0,0,,DEPTH_SNAPSHOT_STREAM,false
2419,ACTIVE_RESULTS,,6.0,,0,0,0,0,,DEPTH_SNAPSHOT_STREAM,false
2419,LATE_COUNT,1.098307,42.8,0.02566138,423,5,0,0,332.972,BBO_CHANGE_STREAM,false
2419,POST_RESOLUTION_DIAGNOSTIC,,,,0,0,0,0,,DEPTH_SNAPSHOT_STREAM,false
2420,PRE_ELECTION,,60.0,,0,0,0,0,,DEPTH_SNAPSHOT_STREAM,false
2420,ELECTION_DAY_PRE_RESULTS,,11.2,,0,0,0,0,,DEPTH_SNAPSHOT_STREAM,false
2420,ACTIVE_RESULTS,,6.0,,0,0,0,0,,DEPTH_SNAPSHOT_STREAM,false
2420,LATE_COUNT,1.098255,42.8,0.02566016,838,6,0,0,332.62,BBO_CHANGE_STREAM,false
2420,POST_RESOLUTION_DIAGNOSTIC,,,,0,0,0,0,,DEPTH_SNAPSHOT_STREAM,false
2421,PRE_ELECTION,,60.0,,0,0,0,0,,DEPTH_SNAPSHOT_STREAM,false
2421,ELECTION_DAY_PRE_RESULTS,,11.2,,0,0,0,0,,DEPTH_SNAPSHOT_STREAM,false
2421,ACTIVE_RESULTS,,6.0,,0,0,0,0,,DEPTH_SNAPSHOT_STREAM,false
2421,LATE_COUNT,1.098255,42.8,0.02566016,838,6,0,0,332.62,BBO_CHANGE_STREAM,false
2421,POST_RESOLUTION_DIAGNOSTIC,,,,0,0,0,0,,DEPTH_SNAPSHOT_STREAM,false
2422,PRE_ELECTION,59.98542,60.0,0.999757,43217,170,0,0,949.548,BBO_CHANGE_STREAM,false
2422,ELECTION_DAY_PRE_RESULTS,11.195725,11.2,0.9996183,15661,42,1,3,256.14,BBO_CHANGE_STREAM,false
2422,ACTIVE_RESULTS,5.999654,6.0,0.99994233,21797,8,0,0,20.211,BBO_CHANGE_STREAM,true
2422,LATE_COUNT,42.798986,42.8,0.99997631,72584,109,1,1,116.891,BBO_CHANGE_STREAM,true
2422,POST_RESOLUTION_DIAGNOSTIC,,,,0,0,0,0,,DEPTH_SNAPSHOT_STREAM,false
2423,PRE_ELECTION,59.98542,60.0,0.999757,43232,154,0,0,954.052,BBO_CHANGE_STREAM,false
2423,ELECTION_DAY_PRE_RESULTS,11.19666,11.2,0.99970179,15652,37,0,2,256.583,BBO_CHANGE_STREAM,false
2423,ACTIVE_RESULTS,5.998231,6.0,0.99970517,21786,4,0,0,20.211,BBO_CHANGE_STREAM,true
2423,LATE_COUNT,42.798986,42.8,0.99997631,72528,95,0,1,116.891,BBO_CHANGE_STREAM,true
2423,POST_RESOLUTION_DIAGNOSTIC,,,,0,0,0,0,,DEPTH_SNAPSHOT_STREAM,false
2424,PRE_ELECTION,59.997585,60.0,0.99995975,108744,173,0,0,1192.734,BBO_CHANGE_STREAM,false
2424,ELECTION_DAY_PRE_RESULTS,11.199811,11.2,0.99998313,26356,37,0,0,72.406,BBO_CHANGE_STREAM,false
2424,ACTIVE_RESULTS,5.99757,6.0,0.999595,19157,4,0,0,24.083,BBO_CHANGE_STREAM,true
2424,LATE_COUNT,42.799086,42.8,0.99997864,89457,126,0,0,94.648,BBO_CHANGE_STREAM,true
2424,POST_RESOLUTION_DIAGNOSTIC,,,,0,0,0,0,,DEPTH_SNAPSHOT_STREAM,false
2425,PRE_ELECTION,59.997585,60.0,0.99995975,108728,179,0,0,1195.165,BBO_CHANGE_STREAM,false
2425,ELECTION_DAY_PRE_RESULTS,11.199811,11.2,0.99998313,26350,47,0,0,72.406,BBO_CHANGE_STREAM,false
2425,ACTIVE_RESULTS,5.999745,6.0,0.9999575,19162,6,0,0,24.015,BBO_CHANGE_STREAM,true
2425,LATE_COUNT,42.799086,42.8,0.99997864,89455,110,0,0,94.591,BBO_CHANGE_STREAM,true
2425,POST_RESOLUTION_DIAGNOSTIC,,,,0,0,0,0,,DEPTH_SNAPSHOT_STREAM,false
2426,PRE_ELECTION,59.998236,60.0,0.9999706,99686,159,0,0,1178.78,BBO_CHANGE_STREAM,false
2426,ELECTION_DAY_PRE_RESULTS,11.199108,11.2,0.99992036,27977,38,0,0,82.83,BBO_CHANGE_STREAM,false
2426,ACTIVE_RESULTS,5.999087,6.0,0.99984783,19696,9,0,0,19.475,BBO_CHANGE_STREAM,false
2426,LATE_COUNT,42.798919,42.8,0.99997474,88933,117,0,0,113.808,BBO_CHANGE_STREAM,true
2426,POST_RESOLUTION_DIAGNOSTIC,,,,0,0,0,0,,DEPTH_SNAPSHOT_STREAM,false
2427,PRE_ELECTION,59.998236,60.0,0.9999706,99666,161,0,0,1178.78,BBO_CHANGE_STREAM,false
2427,ELECTION_DAY_PRE_RESULTS,11.199108,11.2,0.99992036,28008,44,0,0,82.83,BBO_CHANGE_STREAM,false
2427,ACTIVE_RESULTS,5.999087,6.0,0.99984783,19689,6,0,0,19.475,BBO_CHANGE_STREAM,true
2427,LATE_COUNT,42.798919,42.8,0.99997474,88921,123,0,0,114.02,BBO_CHANGE_STREAM,true
2427,POST_RESOLUTION_DIAGNOSTIC,,,,0,0,0,0,,DEPTH_SNAPSHOT_STREAM,false
2428,PRE_ELECTION,59.998721,60.0,0.99997868,62341,160,0,0,667.655,BBO_CHANGE_STREAM,false
2428,ELECTION_DAY_PRE_RESULTS,11.196927,11.2,0.99972563,15961,46,0,0,95.53,BBO_CHANGE_STREAM,false
2428,ACTIVE_RESULTS,5.995946,6.0,0.99932433,6176,9,0,0,109.904,BBO_CHANGE_STREAM,true
2428,LATE_COUNT,42.78887,42.8,0.99973995,45395,114,0,0,242.81,BBO_CHANGE_STREAM,true
2428,POST_RESOLUTION_DIAGNOSTIC,,,,0,0,0,0,,DEPTH_SNAPSHOT_STREAM,false
2429,PRE_ELECTION,59.998721,60.0,0.99997868,62319,164,0,0,667.655,BBO_CHANGE_STREAM,false
2429,ELECTION_DAY_PRE_RESULTS,11.196927,11.2,0.99972563,15986,38,0,0,95.53,BBO_CHANGE_STREAM,false
2429,ACTIVE_RESULTS,5.995946,6.0,0.99932433,6177,4,0,0,109.904,BBO_CHANGE_STREAM,false
2429,LATE_COUNT,42.78887,42.8,0.99973995,45342,108,0,0,241.324,BBO_CHANGE_STREAM,true
2429,POST_RESOLUTION_DIAGNOSTIC,,,,0,0,0,0,,DEPTH_SNAPSHOT_STREAM,false
2430,PRE_ELECTION,59.997688,60.0,0.99996147,85743,167,0,0,1104.569,BBO_CHANGE_STREAM,false
2430,ELECTION_DAY_PRE_RESULTS,11.199588,11.2,0.99996321,25651,38,0,0,86.839,BBO_CHANGE_STREAM,false
2430,ACTIVE_RESULTS,5.99757,6.0,0.999595,16959,8,0,0,58.907,BBO_CHANGE_STREAM,false
2430,LATE_COUNT,42.798381,42.8,0.99996217,86022,107,0,0,116.682,BBO_CHANGE_STREAM,true
2430,POST_RESOLUTION_DIAGNOSTIC,,,,0,0,0,0,,DEPTH_SNAPSHOT_STREAM,false
2431,PRE_ELECTION,59.997688,60.0,0.99996147,85754,168,0,0,1106.057,BBO_CHANGE_STREAM,false
2431,ELECTION_DAY_PRE_RESULTS,11.199108,11.2,0.99992036,25616,45,0,0,86.839,BBO_CHANGE_STREAM,false
2431,ACTIVE_RESULTS,5.999745,6.0,0.9999575,16947,6,0,0,58.907,BBO_CHANGE_STREAM,true
2431,LATE_COUNT,42.798381,42.8,0.99996217,85925,128,0,0,116.682,BBO_CHANGE_STREAM,true
2431,POST_RESOLUTION_DIAGNOSTIC,,,,0,0,0,0,,DEPTH_SNAPSHOT_STREAM,false
2432,PRE_ELECTION,59.994757,60.0,0.99991262,63523,166,0,2,800.245,BBO_CHANGE_STREAM,false
2432,ELECTION_DAY_PRE_RESULTS,11.191042,11.2,0.99920018,9932,47,0,0,520.029,BBO_CHANGE_STREAM,false
2432,ACTIVE_RESULTS,5.988361,6.0,0.99806017,6814,8,0,0,67.278,BBO_CHANGE_STREAM,false
2432,LATE_COUNT,42.798076,42.8,0.99995505,45697,128,0,0,150.224,BBO_CHANGE_STREAM,true
2432,POST_RESOLUTION_DIAGNOSTIC,,,,0,0,0,0,,DEPTH_SNAPSHOT_STREAM,false
2433,PRE_ELECTION,59.994757,60.0,0.99991262,63543,175,1,1,797.394,BBO_CHANGE_STREAM,false
2433,ELECTION_DAY_PRE_RESULTS,11.191042,11.2,0.99920018,9931,46,0,0,520.029,BBO_CHANGE_STREAM,false
2433,ACTIVE_RESULTS,5.988361,6.0,0.99806017,6814,9,0,0,67.278,BBO_CHANGE_STREAM,false
2433,LATE_COUNT,42.798076,42.8,0.99995505,45701,132,0,0,150.224,BBO_CHANGE_STREAM,true
2433,POST_RESOLUTION_DIAGNOSTIC,,,,0,0,0,0,,DEPTH_SNAPSHOT_STREAM,false
2434,PRE_ELECTION,59.994611,60.0,0.99991018,103619,160,0,0,1193.673,BBO_CHANGE_STREAM,false
2434,ELECTION_DAY_PRE_RESULTS,11.193687,11.2,0.99943634,29650,36,0,0,70.631,BBO_CHANGE_STREAM,false
2434,ACTIVE_RESULTS,5.999745,6.0,0.9999575,20048,10,0,0,21.351,BBO_CHANGE_STREAM,true
2434,LATE_COUNT,42.798281,42.8,0.99995984,104274,110,0,0,60.801,BBO_CHANGE_STREAM,true
2434,POST_RESOLUTION_DIAGNOSTIC,,,,0,0,0,0,,DEPTH_SNAPSHOT_STREAM,false
2435,PRE_ELECTION,59.994611,60.0,0.99991018,103654,165,0,0,1194.063,BBO_CHANGE_STREAM,false
2435,ELECTION_DAY_PRE_RESULTS,11.193687,11.2,0.99943634,29681,46,0,0,70.631,BBO_CHANGE_STREAM,false
2435,ACTIVE_RESULTS,5.999745,6.0,0.9999575,20057,8,0,0,21.351,BBO_CHANGE_STREAM,false
2435,LATE_COUNT,42.798381,42.8,0.99996217,104426,137,0,0,60.801,BBO_CHANGE_STREAM,true
2435,POST_RESOLUTION_DIAGNOSTIC,,,,0,0,0,0,,DEPTH_SNAPSHOT_STREAM,false
2436,PRE_ELECTION,59.998236,60.0,0.9999706,99688,180,0,0,1207.971,BBO_CHANGE_STREAM,false
2436,ELECTION_DAY_PRE_RESULTS,11.199108,11.2,0.99992036,26292,38,0,0,76.192,BBO_CHANGE_STREAM,false
2436,ACTIVE_RESULTS,5.999123,6.0,0.99985383,17318,8,0,0,19.179,BBO_CHANGE_STREAM,false
2436,LATE_COUNT,42.798919,42.8,0.99997474,79941,121,0,0,76.342,BBO_CHANGE_STREAM,true
2436,POST_RESOLUTION_DIAGNOSTIC,,,,0,0,0,0,,DEPTH_SNAPSHOT_STREAM,false
2437,PRE_ELECTION,59.998236,60.0,0.9999706,99681,164,0,0,1207.032,BBO_CHANGE_STREAM,false
2437,ELECTION_DAY_PRE_RESULTS,11.199588,11.2,0.99996321,26307,37,0,0,76.192,BBO_CHANGE_STREAM,false
2437,ACTIVE_RESULTS,5.999087,6.0,0.99984783,17309,9,0,0,19.179,BBO_CHANGE_STREAM,true
2437,LATE_COUNT,42.798919,42.8,0.99997474,79873,113,0,0,76.342,BBO_CHANGE_STREAM,true
2437,POST_RESOLUTION_DIAGNOSTIC,,,,0,0,0,0,,DEPTH_SNAPSHOT_STREAM,false
2438,PRE_ELECTION,59.997604,60.0,0.99996007,87272,160,0,1,361.669,BBO_CHANGE_STREAM,false
2438,ELECTION_DAY_PRE_RESULTS,11.196927,11.2,0.99972563,19847,40,0,0,76.73,BBO_CHANGE_STREAM,false
2438,ACTIVE_RESULTS,5.997064,6.0,0.99951067,12484,6,0,0,58.759,BBO_CHANGE_STREAM,true
2438,LATE_COUNT,42.798579,42.8,0.9999668,45162,109,0,0,176.707,BBO_CHANGE_STREAM,true
2438,POST_RESOLUTION_DIAGNOSTIC,,,,0,0,0,0,,DEPTH_SNAPSHOT_STREAM,false
2439,PRE_ELECTION,59.997604,60.0,0.99996007,87323,170,1,1,361.669,BBO_CHANGE_STREAM,false
2439,ELECTION_DAY_PRE_RESULTS,11.196927,11.2,0.99972563,19871,41,0,0,76.73,BBO_CHANGE_STREAM,false
2439,ACTIVE_RESULTS,5.997064,6.0,0.99951067,12510,12,0,0,58.759,BBO_CHANGE_STREAM,false
2439,LATE_COUNT,42.798579,42.8,0.9999668,45214,147,0,0,176.707,BBO_CHANGE_STREAM,true
2439,POST_RESOLUTION_DIAGNOSTIC,,,,0,0,0,0,,DEPTH_SNAPSHOT_STREAM,false
2440,PRE_ELECTION,,60.0,,0,0,0,0,,DEPTH_SNAPSHOT_STREAM,false
2440,ELECTION_DAY_PRE_RESULTS,,11.2,,0,0,0,0,,DEPTH_SNAPSHOT_STREAM,false
2440,ACTIVE_RESULTS,,6.0,,0,0,0,0,,DEPTH_SNAPSHOT_STREAM,false
2440,LATE_COUNT,,42.8,,0,0,0,0,,DEPTH_SNAPSHOT_STREAM,false
2440,POST_RESOLUTION_DIAGNOSTIC,,,,0,0,0,0,,DEPTH_SNAPSHOT_STREAM,false
2441,PRE_ELECTION,,60.0,,0,0,0,0,,DEPTH_SNAPSHOT_STREAM,false
2441,ELECTION_DAY_PRE_RESULTS,,11.2,,0,0,0,0,,DEPTH_SNAPSHOT_STREAM,false
2441,ACTIVE_RESULTS,,6.0,,0,0,0,0,,DEPTH_SNAPSHOT_STREAM,false
2441,LATE_COUNT,,42.8,,0,0,0,0,,DEPTH_SNAPSHOT_STREAM,false
2441,POST_RESOLUTION_DIAGNOSTIC,,,,0,0,0,0,,DEPTH_SNAPSHOT_STREAM,false
2442,PRE_ELECTION,,60.0,,0,0,0,0,,DEPTH_SNAPSHOT_STREAM,false
2442,ELECTION_DAY_PRE_RESULTS,,11.2,,0,0,0,0,,DEPTH_SNAPSHOT_STREAM,false
2442,ACTIVE_RESULTS,,6.0,,0,0,0,0,,DEPTH_SNAPSHOT_STREAM,false
2442,LATE_COUNT,,42.8,,0,0,0,0,,DEPTH_SNAPSHOT_STREAM,false
2442,POST_RESOLUTION_DIAGNOSTIC,,,,0,0,0,0,,DEPTH_SNAPSHOT_STREAM,false
2443,PRE_ELECTION,,60.0,,0,0,0,0,,DEPTH_SNAPSHOT_STREAM,false
2443,ELECTION_DAY_PRE_RESULTS,,11.2,,0,0,0,0,,DEPTH_SNAPSHOT_STREAM,false
2443,ACTIVE_RESULTS,,6.0,,0,0,0,0,,DEPTH_SNAPSHOT_STREAM,false
2443,LATE_COUNT,,42.8,,0,0,0,0,,DEPTH_SNAPSHOT_STREAM,false
2443,POST_RESOLUTION_DIAGNOSTIC,,,,0,0,0,0,,DEPTH_SNAPSHOT_STREAM,false
2444,PRE_ELECTION,,60.0,,0,0,0,0,,DEPTH_SNAPSHOT_STREAM,false
2444,ELECTION_DAY_PRE_RESULTS,,11.2,,0,0,0,0,,DEPTH_SNAPSHOT_STREAM,false
2444,ACTIVE_RESULTS,,6.0,,0,0,0,0,,DEPTH_SNAPSHOT_STREAM,false
2444,LATE_COUNT,,42.8,,0,0,0,0,,DEPTH_SNAPSHOT_STREAM,false
2444,POST_RESOLUTION_DIAGNOSTIC,,,,0,0,0,0,,DEPTH_SNAPSHOT_STREAM,false
2445,PRE_ELECTION,,60.0,,0,0,0,0,,DEPTH_SNAPSHOT_STREAM,false
2445,ELECTION_DAY_PRE_RESULTS,,11.2,,0,0,0,0,,DEPTH_SNAPSHOT_STREAM,false
2445,ACTIVE_RESULTS,,6.0,,0,0,0,0,,DEPTH_SNAPSHOT_STREAM,false
2445,LATE_COUNT,,42.8,,0,0,0,0,,DEPTH_SNAPSHOT_STREAM,false
2445,POST_RESOLUTION_DIAGNOSTIC,,,,0,0,0,0,,DEPTH_SNAPSHOT_STREAM,false
2446,PRE_ELECTION,,60.0,,0,0,0,0,,DEPTH_SNAPSHOT_STREAM,false
2446,ELECTION_DAY_PRE_RESULTS,,11.2,,0,0,0,0,,DEPTH_SNAPSHOT_STREAM,false
2446,ACTIVE_RESULTS,,6.0,,0,0,0,0,,DEPTH_SNAPSHOT_STREAM,false
2446,LATE_COUNT,,42.8,,0,0,0,0,,DEPTH_SNAPSHOT_STREAM,false
2446,POST_RESOLUTION_DIAGNOSTIC,,,,0,0,0,0,,DEPTH_SNAPSHOT_STREAM,false
2447,PRE_ELECTION,,60.0,,0,0,0,0,,DEPTH_SNAPSHOT_STREAM,false
2447,ELECTION_DAY_PRE_RESULTS,,11.2,,0,0,0,0,,DEPTH_SNAPSHOT_STREAM,false
2447,ACTIVE_RESULTS,,6.0,,0,0,0,0,,DEPTH_SNAPSHOT_STREAM,false
2447,LATE_COUNT,,42.8,,0,0,0,0,,DEPTH_SNAPSHOT_STREAM,false
2447,POST_RESOLUTION_DIAGNOSTIC,,,,0,0,0,0,,DEPTH_SNAPSHOT_STREAM,false
2448,PRE_ELECTION,,60.0,,0,0,0,0,,DEPTH_SNAPSHOT_STREAM,false
2448,ELECTION_DAY_PRE_RESULTS,,11.2,,0,0,0,0,,DEPTH_SNAPSHOT_STREAM,false
2448,ACTIVE_RESULTS,,6.0,,0,0,0,0,,DEPTH_SNAPSHOT_STREAM,false
2448,LATE_COUNT,,42.8,,0,0,0,0,,DEPTH_SNAPSHOT_STREAM,false
2448,POST_RESOLUTION_DIAGNOSTIC,,,,0,0,0,0,,DEPTH_SNAPSHOT_STREAM,false
2449,PRE_ELECTION,,60.0,,0,0,0,0,,DEPTH_SNAPSHOT_STREAM,false
2449,ELECTION_DAY_PRE_RESULTS,,11.2,,0,0,0,0,,DEPTH_SNAPSHOT_STREAM,false
2449,ACTIVE_RESULTS,,6.0,,0,0,0,0,,DEPTH_SNAPSHOT_STREAM,false
2449,LATE_COUNT,,42.8,,0,0,0,0,,DEPTH_SNAPSHOT_STREAM,false
2449,POST_RESOLUTION_DIAGNOSTIC,,,,0,0,0,0,,DEPTH_SNAPSHOT_STREAM,false
2450,PRE_ELECTION,,60.0,,0,0,0,0,,DEPTH_SNAPSHOT_STREAM,false
2450,ELECTION_DAY_PRE_RESULTS,,11.2,,0,0,0,0,,DEPTH_SNAPSHOT_STREAM,false
2450,ACTIVE_RESULTS,,6.0,,0,0,0,0,,DEPTH_SNAPSHOT_STREAM,false
2450,LATE_COUNT,,42.8,,0,0,0,0,,DEPTH_SNAPSHOT_STREAM,false
2450,POST_RESOLUTION_DIAGNOSTIC,,,,0,0,0,0,,DEPTH_SNAPSHOT_STREAM,false
2451,PRE_ELECTION,,60.0,,0,0,0,0,,DEPTH_SNAPSHOT_STREAM,false
2451,ELECTION_DAY_PRE_RESULTS,,11.2,,0,0,0,0,,DEPTH_SNAPSHOT_STREAM,false
2451,ACTIVE_RESULTS,,6.0,,0,0,0,0,,DEPTH_SNAPSHOT_STREAM,false
2451,LATE_COUNT,,42.8,,0,0,0,0,,DEPTH_SNAPSHOT_STREAM,false
2451,POST_RESOLUTION_DIAGNOSTIC,,,,0,0,0,0,,DEPTH_SNAPSHOT_STREAM,false
2452,PRE_ELECTION,,60.0,,0,0,0,0,,DEPTH_SNAPSHOT_STREAM,false
2452,ELECTION_DAY_PRE_RESULTS,,11.2,,0,0,0,0,,DEPTH_SNAPSHOT_STREAM,false
2452,ACTIVE_RESULTS,,6.0,,0,0,0,0,,DEPTH_SNAPSHOT_STREAM,false
2452,LATE_COUNT,,42.8,,0,0,0,0,,DEPTH_SNAPSHOT_STREAM,false
2452,POST_RESOLUTION_DIAGNOSTIC,,,,0,0,0,0,,DEPTH_SNAPSHOT_STREAM,false
2453,PRE_ELECTION,,60.0,,0,0,0,0,,DEPTH_SNAPSHOT_STREAM,false
2453,ELECTION_DAY_PRE_RESULTS,,11.2,,0,0,0,0,,DEPTH_SNAPSHOT_STREAM,false
2453,ACTIVE_RESULTS,,6.0,,0,0,0,0,,DEPTH_SNAPSHOT_STREAM,false
2453,LATE_COUNT,,42.8,,0,0,0,0,,DEPTH_SNAPSHOT_STREAM,false
2453,POST_RESOLUTION_DIAGNOSTIC,,,,0,0,0,0,,DEPTH_SNAPSHOT_STREAM,false
2454,PRE_ELECTION,,60.0,,0,0,0,0,,DEPTH_SNAPSHOT_STREAM,false
2454,ELECTION_DAY_PRE_RESULTS,,11.2,,0,0,0,0,,DEPTH_SNAPSHOT_STREAM,false
2454,ACTIVE_RESULTS,,6.0,,0,0,0,0,,DEPTH_SNAPSHOT_STREAM,false
2454,LATE_COUNT,,42.8,,0,0,0,0,,DEPTH_SNAPSHOT_STREAM,false
2454,POST_RESOLUTION_DIAGNOSTIC,,,,0,0,0,0,,DEPTH_SNAPSHOT_STREAM,false
2455,PRE_ELECTION,,60.0,,0,0,0,0,,DEPTH_SNAPSHOT_STREAM,false
2455,ELECTION_DAY_PRE_RESULTS,,11.2,,0,0,0,0,,DEPTH_SNAPSHOT_STREAM,false
2455,ACTIVE_RESULTS,,6.0,,0,0,0,0,,DEPTH_SNAPSHOT_STREAM,false
2455,LATE_COUNT,,42.8,,0,0,0,0,,DEPTH_SNAPSHOT_STREAM,false
2455,POST_RESOLUTION_DIAGNOSTIC,,,,0,0,0,0,,DEPTH_SNAPSHOT_STREAM,false
2456,PRE_ELECTION,,60.0,,0,0,0,0,,DEPTH_SNAPSHOT_STREAM,false
2456,ELECTION_DAY_PRE_RESULTS,,11.2,,0,0,0,0,,DEPTH_SNAPSHOT_STREAM,false
2456,ACTIVE_RESULTS,,6.0,,0,0,0,0,,DEPTH_SNAPSHOT_STREAM,false
2456,LATE_COUNT,,42.8,,0,0,0,0,,DEPTH_SNAPSHOT_STREAM,false
2456,POST_RESOLUTION_DIAGNOSTIC,,,,0,0,0,0,,DEPTH_SNAPSHOT_STREAM,false
2457,PRE_ELECTION,,60.0,,0,0,0,0,,DEPTH_SNAPSHOT_STREAM,false
2457,ELECTION_DAY_PRE_RESULTS,,11.2,,0,0,0,0,,DEPTH_SNAPSHOT_STREAM,false
2457,ACTIVE_RESULTS,,6.0,,0,0,0,0,,DEPTH_SNAPSHOT_STREAM,false
2457,LATE_COUNT,,42.8,,0,0,0,0,,DEPTH_SNAPSHOT_STREAM,false
2457,POST_RESOLUTION_DIAGNOSTIC,,,,0,0,0,0,,DEPTH_SNAPSHOT_STREAM,false
2458,PRE_ELECTION,,60.0,,0,0,0,0,,DEPTH_SNAPSHOT_STREAM,false
2458,ELECTION_DAY_PRE_RESULTS,,11.2,,0,0,0,0,,DEPTH_SNAPSHOT_STREAM,false
2458,ACTIVE_RESULTS,,6.0,,0,0,0,0,,DEPTH_SNAPSHOT_STREAM,false
2458,LATE_COUNT,,42.8,,0,0,0,0,,DEPTH_SNAPSHOT_STREAM,false
2458,POST_RESOLUTION_DIAGNOSTIC,,,,0,0,0,0,,DEPTH_SNAPSHOT_STREAM,false
2459,PRE_ELECTION,,60.0,,0,0,0,0,,DEPTH_SNAPSHOT_STREAM,false
2459,ELECTION_DAY_PRE_RESULTS,,11.2,,0,0,0,0,,DEPTH_SNAPSHOT_STREAM,false
2459,ACTIVE_RESULTS,,6.0,,0,0,0,0,,DEPTH_SNAPSHOT_STREAM,false
2459,LATE_COUNT,,42.8,,0,0,0,0,,DEPTH_SNAPSHOT_STREAM,false
2459,POST_RESOLUTION_DIAGNOSTIC,,,,0,0,0,0,,DEPTH_SNAPSHOT_STREAM,false
2460,PRE_ELECTION,,60.0,,0,0,0,0,,DEPTH_SNAPSHOT_STREAM,false
2460,ELECTION_DAY_PRE_RESULTS,,11.2,,0,0,0,0,,DEPTH_SNAPSHOT_STREAM,false
2460,ACTIVE_RESULTS,,6.0,,0,0,0,0,,DEPTH_SNAPSHOT_STREAM,false
2460,LATE_COUNT,,42.8,,0,0,0,0,,DEPTH_SNAPSHOT_STREAM,false
2460,POST_RESOLUTION_DIAGNOSTIC,,,,0,0,0,0,,DEPTH_SNAPSHOT_STREAM,false
2461,PRE_ELECTION,,60.0,,0,0,0,0,,DEPTH_SNAPSHOT_STREAM,false
2461,ELECTION_DAY_PRE_RESULTS,,11.2,,0,0,0,0,,DEPTH_SNAPSHOT_STREAM,false
2461,ACTIVE_RESULTS,,6.0,,0,0,0,0,,DEPTH_SNAPSHOT_STREAM,false
2461,LATE_COUNT,,42.8,,0,0,0,0,,DEPTH_SNAPSHOT_STREAM,false
2461,POST_RESOLUTION_DIAGNOSTIC,,,,0,0,0,0,,DEPTH_SNAPSHOT_STREAM,false
2462,PRE_ELECTION,59.970344,60.0,0.99950573,53391,172,0,0,1630.335,BBO_CHANGE_STREAM,true
2462,ELECTION_DAY_PRE_RESULTS,11.194341,11.2,0.99949473,10391,38,0,3,737.907,BBO_CHANGE_STREAM,false
2462,ACTIVE_RESULTS,5.998231,6.0,0.99970517,20149,10,0,0,49.997,BBO_CHANGE_STREAM,true
2462,LATE_COUNT,42.798919,42.8,0.99997474,174610,114,0,4,105.75,BBO_CHANGE_STREAM,true
2462,POST_RESOLUTION_DIAGNOSTIC,,,,0,0,0,0,,DEPTH_SNAPSHOT_STREAM,false
2463,PRE_ELECTION,59.970344,60.0,0.99950573,53381,180,0,0,1629.279,BBO_CHANGE_STREAM,false
2463,ELECTION_DAY_PRE_RESULTS,11.194341,11.2,0.99949473,10398,46,3,5,737.703,BBO_CHANGE_STREAM,false
2463,ACTIVE_RESULTS,5.998231,6.0,0.99970517,20146,4,0,0,49.997,BBO_CHANGE_STREAM,true
2463,LATE_COUNT,42.798919,42.8,0.99997474,174550,109,5,6,105.75,BBO_CHANGE_STREAM,true
2463,POST_RESOLUTION_DIAGNOSTIC,,,,0,0,0,0,,DEPTH_SNAPSHOT_STREAM,false
2464,PRE_ELECTION,59.999329,60.0,0.99998882,71638,156,0,0,848.508,BBO_CHANGE_STREAM,false
2464,ELECTION_DAY_PRE_RESULTS,11.198248,11.2,0.99984357,12264,49,0,0,585.141,BBO_CHANGE_STREAM,false
2464,ACTIVE_RESULTS,5.999745,6.0,0.9999575,10878,8,0,0,44.661,BBO_CHANGE_STREAM,false
2464,LATE_COUNT,42.798013,42.8,0.99995357,93897,115,0,2,97.326,BBO_CHANGE_STREAM,true
2464,POST_RESOLUTION_DIAGNOSTIC,,,,0,0,0,0,,DEPTH_SNAPSHOT_STREAM,false
2465,PRE_ELECTION,59.999329,60.0,0.99998882,71633,173,0,0,847.388,BBO_CHANGE_STREAM,false
2465,ELECTION_DAY_PRE_RESULTS,11.198248,11.2,0.99984357,12236,47,0,0,585.141,BBO_CHANGE_STREAM,false
2465,ACTIVE_RESULTS,5.999745,6.0,0.9999575,10852,7,0,0,44.661,BBO_CHANGE_STREAM,false
2465,LATE_COUNT,42.798013,42.8,0.99995357,93953,132,1,1,95.471,BBO_CHANGE_STREAM,true
2465,POST_RESOLUTION_DIAGNOSTIC,,,,0,0,0,0,,DEPTH_SNAPSHOT_STREAM,false
2466,PRE_ELECTION,59.998304,60.0,0.99997173,69703,186,2,2,1172.165,BBO_CHANGE_STREAM,false
2466,ELECTION_DAY_PRE_RESULTS,11.199148,11.2,0.99992393,18906,40,0,0,806.096,BBO_CHANGE_STREAM,false
2466,ACTIVE_RESULTS,5.998996,6.0,0.99983267,17625,8,1,1,58.8,BBO_CHANGE_STREAM,false
2466,LATE_COUNT,42.798919,42.8,0.99997474,85619,120,2,2,127.257,BBO_CHANGE_STREAM,true
2466,POST_RESOLUTION_DIAGNOSTIC,,,,0,0,0,0,,DEPTH_SNAPSHOT_STREAM,false
2467,PRE_ELECTION,59.998304,60.0,0.99997173,69610,176,1,4,1169.575,BBO_CHANGE_STREAM,false
2467,ELECTION_DAY_PRE_RESULTS,11.199148,11.2,0.99992393,18937,43,0,0,806.096,BBO_CHANGE_STREAM,false
2467,ACTIVE_RESULTS,5.998996,6.0,0.99983267,17616,10,0,1,58.8,BBO_CHANGE_STREAM,false
2467,LATE_COUNT,42.798919,42.8,0.99997474,85642,129,0,2,127.34,BBO_CHANGE_STREAM,true
2467,POST_RESOLUTION_DIAGNOSTIC,,,,0,0,0,0,,DEPTH_SNAPSHOT_STREAM,false
2468,PRE_ELECTION,59.998483,60.0,0.99997472,106336,174,0,0,616.733,BBO_CHANGE_STREAM,false
2468,ELECTION_DAY_PRE_RESULTS,11.198248,11.2,0.99984357,22748,42,0,0,563.364,BBO_CHANGE_STREAM,false
2468,ACTIVE_RESULTS,5.999968,6.0,0.99999467,21367,4,0,0,82.849,BBO_CHANGE_STREAM,false
2468,LATE_COUNT,42.799123,42.8,0.99997951,162004,106,0,0,128.343,BBO_CHANGE_STREAM,true
2468,POST_RESOLUTION_DIAGNOSTIC,,,,0,0,0,0,,DEPTH_SNAPSHOT_STREAM,false
2469,PRE_ELECTION,59.998483,60.0,0.99997472,106337,168,0,0,616.733,BBO_CHANGE_STREAM,false
2469,ELECTION_DAY_PRE_RESULTS,11.198248,11.2,0.99984357,22752,39,0,0,563.364,BBO_CHANGE_STREAM,false
2469,ACTIVE_RESULTS,5.999968,6.0,0.99999467,21359,11,0,0,82.849,BBO_CHANGE_STREAM,false
2469,LATE_COUNT,42.799123,42.8,0.99997951,162051,128,0,0,128.343,BBO_CHANGE_STREAM,true
2469,POST_RESOLUTION_DIAGNOSTIC,,,,0,0,0,0,,DEPTH_SNAPSHOT_STREAM,false
2470,PRE_ELECTION,59.994686,60.0,0.99991143,65174,164,0,0,370.035,BBO_CHANGE_STREAM,false
2470,ELECTION_DAY_PRE_RESULTS,11.196074,11.2,0.99964946,12330,41,0,0,213.182,BBO_CHANGE_STREAM,false
2470,ACTIVE_RESULTS,5.998231,6.0,0.99970517,8407,5,0,0,45.06,BBO_CHANGE_STREAM,false
2470,LATE_COUNT,42.798919,42.8,0.99997474,63633,122,0,0,108.024,BBO_CHANGE_STREAM,true
2470,POST_RESOLUTION_DIAGNOSTIC,,,,0,0,0,0,,DEPTH_SNAPSHOT_STREAM,false
2471,PRE_ELECTION,59.994686,60.0,0.99991143,65173,166,0,0,370.507,BBO_CHANGE_STREAM,false
2471,ELECTION_DAY_PRE_RESULTS,11.196074,11.2,0.99964946,12325,36,0,0,213.182,BBO_CHANGE_STREAM,false
2471,ACTIVE_RESULTS,5.998231,6.0,0.99970517,8404,8,0,0,45.06,BBO_CHANGE_STREAM,false
2471,LATE_COUNT,42.798986,42.8,0.99997631,63644,131,1,6,108.024,BBO_CHANGE_STREAM,true
2471,POST_RESOLUTION_DIAGNOSTIC,,,,0,0,0,0,,DEPTH_SNAPSHOT_STREAM,false
2472,PRE_ELECTION,59.992849,60.0,0.99988082,81127,175,0,4,1449.224,BBO_CHANGE_STREAM,false
2472,ELECTION_DAY_PRE_RESULTS,11.196789,11.2,0.9997133,23217,52,0,0,552.44,BBO_CHANGE_STREAM,false
2472,ACTIVE_RESULTS,5.998135,6.0,0.99968917,30414,5,0,0,105.525,BBO_CHANGE_STREAM,true
2472,LATE_COUNT,42.798986,42.8,0.99997631,103493,137,1,5,262.756,BBO_CHANGE_STREAM,true
2472,POST_RESOLUTION_DIAGNOSTIC,,,,0,0,0,0,,DEPTH_SNAPSHOT_STREAM,false
2473,PRE_ELECTION,59.992849,60.0,0.99988082,81072,175,4,4,1449.224,BBO_CHANGE_STREAM,false
2473,ELECTION_DAY_PRE_RESULTS,11.196789,11.2,0.9997133,23237,43,0,0,552.44,BBO_CHANGE_STREAM,false
2473,ACTIVE_RESULTS,5.998135,6.0,0.99968917,30412,8,0,0,105.678,BBO_CHANGE_STREAM,true
2473,LATE_COUNT,42.798986,42.8,0.99997631,103554,114,3,3,262.986,BBO_CHANGE_STREAM,true
2473,POST_RESOLUTION_DIAGNOSTIC,,,,0,0,0,0,,DEPTH_SNAPSHOT_STREAM,false
2474,PRE_ELECTION,59.998304,60.0,0.99997173,78189,161,0,0,910.646,BBO_CHANGE_STREAM,false
2474,ELECTION_DAY_PRE_RESULTS,11.193207,11.2,0.99939348,18419,47,0,0,1269.845,BBO_CHANGE_STREAM,false
2474,ACTIVE_RESULTS,5.998996,6.0,0.99983267,18641,8,0,0,87.786,BBO_CHANGE_STREAM,false
2474,LATE_COUNT,42.798076,42.8,0.99995505,106397,118,0,0,79.243,BBO_CHANGE_STREAM,true
2474,POST_RESOLUTION_DIAGNOSTIC,,,,0,0,0,0,,DEPTH_SNAPSHOT_STREAM,false
2475,PRE_ELECTION,59.998304,60.0,0.99997173,78209,181,0,0,909.163,BBO_CHANGE_STREAM,false
2475,ELECTION_DAY_PRE_RESULTS,11.193207,11.2,0.99939348,18405,42,0,0,1269.975,BBO_CHANGE_STREAM,false
2475,ACTIVE_RESULTS,5.999087,6.0,0.99984783,18586,8,0,0,87.786,BBO_CHANGE_STREAM,false
2475,LATE_COUNT,42.798144,42.8,0.99995664,106321,128,0,0,79.577,BBO_CHANGE_STREAM,true
2475,POST_RESOLUTION_DIAGNOSTIC,,,,0,0,0,0,,DEPTH_SNAPSHOT_STREAM,false
2476,PRE_ELECTION,59.99642,60.0,0.99994033,84937,170,0,0,783.751,BBO_CHANGE_STREAM,false
2476,ELECTION_DAY_PRE_RESULTS,11.193299,11.2,0.9994017,16177,45,0,0,372.916,BBO_CHANGE_STREAM,false
2476,ACTIVE_RESULTS,5.998996,6.0,0.99983267,13917,4,0,0,96.914,BBO_CHANGE_STREAM,false
2476,LATE_COUNT,42.798013,42.8,0.99995357,99830,105,0,0,106.851,BBO_CHANGE_STREAM,true
2476,POST_RESOLUTION_DIAGNOSTIC,,,,0,0,0,0,,DEPTH_SNAPSHOT_STREAM,false
2477,PRE_ELECTION,59.99642,60.0,0.99994033,84953,171,0,0,783.751,BBO_CHANGE_STREAM,false
2477,ELECTION_DAY_PRE_RESULTS,11.193207,11.2,0.99939348,16180,34,0,0,372.916,BBO_CHANGE_STREAM,false
2477,ACTIVE_RESULTS,5.999032,6.0,0.99983867,13924,8,0,0,96.914,BBO_CHANGE_STREAM,false
2477,LATE_COUNT,42.798013,42.8,0.99995357,99883,112,0,0,106.851,BBO_CHANGE_STREAM,true
2477,POST_RESOLUTION_DIAGNOSTIC,,,,0,0,0,0,,DEPTH_SNAPSHOT_STREAM,false
2478,PRE_ELECTION,59.99475,60.0,0.9999125,67772,160,0,1,1208.016,BBO_CHANGE_STREAM,false
2478,ELECTION_DAY_PRE_RESULTS,11.199108,11.2,0.99992036,13057,44,0,0,679.304,BBO_CHANGE_STREAM,false
2478,ACTIVE_RESULTS,5.998996,6.0,0.99983267,10672,6,0,0,34.607,BBO_CHANGE_STREAM,false
2478,LATE_COUNT,42.79808,42.8,0.99995514,61764,112,0,0,158.209,BBO_CHANGE_STREAM,true
2478,POST_RESOLUTION_DIAGNOSTIC,,,,0,0,0,0,,DEPTH_SNAPSHOT_STREAM,false
2479,PRE_ELECTION,59.994775,60.0,0.99991292,67760,173,0,1,1211.509,BBO_CHANGE_STREAM,false
2479,ELECTION_DAY_PRE_RESULTS,11.199476,11.2,0.99995321,13073,39,0,0,679.304,BBO_CHANGE_STREAM,false
2479,ACTIVE_RESULTS,5.999032,6.0,0.99983867,10679,4,0,0,34.607,BBO_CHANGE_STREAM,false
2479,LATE_COUNT,42.798013,42.8,0.99995357,61760,127,0,0,158.209,BBO_CHANGE_STREAM,true
2479,POST_RESOLUTION_DIAGNOSTIC,,,,0,0,0,0,,DEPTH_SNAPSHOT_STREAM,false
2480,PRE_ELECTION,,60.0,,0,0,0,0,,DEPTH_SNAPSHOT_STREAM,false
2480,ELECTION_DAY_PRE_RESULTS,,11.2,,0,0,0,0,,DEPTH_SNAPSHOT_STREAM,false
2480,ACTIVE_RESULTS,,6.0,,0,0,0,0,,DEPTH_SNAPSHOT_STREAM,false
2480,LATE_COUNT,,42.8,,0,0,0,0,,DEPTH_SNAPSHOT_STREAM,false
2480,POST_RESOLUTION_DIAGNOSTIC,,,,0,0,0,0,,DEPTH_SNAPSHOT_STREAM,false
2481,PRE_ELECTION,,60.0,,0,0,0,0,,DEPTH_SNAPSHOT_STREAM,false
2481,ELECTION_DAY_PRE_RESULTS,,11.2,,0,0,0,0,,DEPTH_SNAPSHOT_STREAM,false
2481,ACTIVE_RESULTS,,6.0,,0,0,0,0,,DEPTH_SNAPSHOT_STREAM,false
2481,LATE_COUNT,,42.8,,0,0,0,0,,DEPTH_SNAPSHOT_STREAM,false
2481,POST_RESOLUTION_DIAGNOSTIC,,,,0,0,0,0,,DEPTH_SNAPSHOT_STREAM,false
2482,PRE_ELECTION,,60.0,,0,0,0,0,,DEPTH_SNAPSHOT_STREAM,false
2482,ELECTION_DAY_PRE_RESULTS,,11.2,,0,0,0,0,,DEPTH_SNAPSHOT_STREAM,false
2482,ACTIVE_RESULTS,,6.0,,0,0,0,0,,DEPTH_SNAPSHOT_STREAM,false
2482,LATE_COUNT,,42.8,,0,0,0,0,,DEPTH_SNAPSHOT_STREAM,false
2482,POST_RESOLUTION_DIAGNOSTIC,,,,0,0,0,0,,DEPTH_SNAPSHOT_STREAM,false
2483,PRE_ELECTION,,60.0,,0,0,0,0,,DEPTH_SNAPSHOT_STREAM,false
2483,ELECTION_DAY_PRE_RESULTS,,11.2,,0,0,0,0,,DEPTH_SNAPSHOT_STREAM,false
2483,ACTIVE_RESULTS,,6.0,,0,0,0,0,,DEPTH_SNAPSHOT_STREAM,false
2483,LATE_COUNT,,42.8,,0,0,0,0,,DEPTH_SNAPSHOT_STREAM,false
2483,POST_RESOLUTION_DIAGNOSTIC,,,,0,0,0,0,,DEPTH_SNAPSHOT_STREAM,false
2484,PRE_ELECTION,,60.0,,0,0,0,0,,DEPTH_SNAPSHOT_STREAM,false
2484,ELECTION_DAY_PRE_RESULTS,,11.2,,0,0,0,0,,DEPTH_SNAPSHOT_STREAM,false
2484,ACTIVE_RESULTS,,6.0,,0,0,0,0,,DEPTH_SNAPSHOT_STREAM,false
2484,LATE_COUNT,,42.8,,0,0,0,0,,DEPTH_SNAPSHOT_STREAM,false
2484,POST_RESOLUTION_DIAGNOSTIC,,,,0,0,0,0,,DEPTH_SNAPSHOT_STREAM,false
2485,PRE_ELECTION,,60.0,,0,0,0,0,,DEPTH_SNAPSHOT_STREAM,false
2485,ELECTION_DAY_PRE_RESULTS,,11.2,,0,0,0,0,,DEPTH_SNAPSHOT_STREAM,false
2485,ACTIVE_RESULTS,,6.0,,0,0,0,0,,DEPTH_SNAPSHOT_STREAM,false
2485,LATE_COUNT,,42.8,,0,0,0,0,,DEPTH_SNAPSHOT_STREAM,false
2485,POST_RESOLUTION_DIAGNOSTIC,,,,0,0,0,0,,DEPTH_SNAPSHOT_STREAM,false
2486,PRE_ELECTION,,60.0,,0,0,0,0,,DEPTH_SNAPSHOT_STREAM,false
2486,ELECTION_DAY_PRE_RESULTS,,11.2,,0,0,0,0,,DEPTH_SNAPSHOT_STREAM,false
2486,ACTIVE_RESULTS,,6.0,,0,0,0,0,,DEPTH_SNAPSHOT_STREAM,false
2486,LATE_COUNT,,42.8,,0,0,0,0,,DEPTH_SNAPSHOT_STREAM,false
2486,POST_RESOLUTION_DIAGNOSTIC,,,,0,0,0,0,,DEPTH_SNAPSHOT_STREAM,false
2487,PRE_ELECTION,,60.0,,0,0,0,0,,DEPTH_SNAPSHOT_STREAM,false
2487,ELECTION_DAY_PRE_RESULTS,,11.2,,0,0,0,0,,DEPTH_SNAPSHOT_STREAM,false
2487,ACTIVE_RESULTS,,6.0,,0,0,0,0,,DEPTH_SNAPSHOT_STREAM,false
2487,LATE_COUNT,,42.8,,0,0,0,0,,DEPTH_SNAPSHOT_STREAM,false
2487,POST_RESOLUTION_DIAGNOSTIC,,,,0,0,0,0,,DEPTH_SNAPSHOT_STREAM,false
2488,PRE_ELECTION,,60.0,,0,0,0,0,,DEPTH_SNAPSHOT_STREAM,false
2488,ELECTION_DAY_PRE_RESULTS,,11.2,,0,0,0,0,,DEPTH_SNAPSHOT_STREAM,false
2488,ACTIVE_RESULTS,,6.0,,0,0,0,0,,DEPTH_SNAPSHOT_STREAM,false
2488,LATE_COUNT,,42.8,,0,0,0,0,,DEPTH_SNAPSHOT_STREAM,false
2488,POST_RESOLUTION_DIAGNOSTIC,,,,0,0,0,0,,DEPTH_SNAPSHOT_STREAM,false
2489,PRE_ELECTION,,60.0,,0,0,0,0,,DEPTH_SNAPSHOT_STREAM,false
2489,ELECTION_DAY_PRE_RESULTS,,11.2,,0,0,0,0,,DEPTH_SNAPSHOT_STREAM,false
2489,ACTIVE_RESULTS,,6.0,,0,0,0,0,,DEPTH_SNAPSHOT_STREAM,false
2489,LATE_COUNT,,42.8,,0,0,0,0,,DEPTH_SNAPSHOT_STREAM,false
2489,POST_RESOLUTION_DIAGNOSTIC,,,,0,0,0,0,,DEPTH_SNAPSHOT_STREAM,false
2490,PRE_ELECTION,,60.0,,0,0,0,0,,DEPTH_SNAPSHOT_STREAM,false
2490,ELECTION_DAY_PRE_RESULTS,,11.2,,0,0,0,0,,DEPTH_SNAPSHOT_STREAM,false
2490,ACTIVE_RESULTS,,6.0,,0,0,0,0,,DEPTH_SNAPSHOT_STREAM,false
2490,LATE_COUNT,,42.8,,0,0,0,0,,DEPTH_SNAPSHOT_STREAM,false
2490,POST_RESOLUTION_DIAGNOSTIC,,,,0,0,0,0,,DEPTH_SNAPSHOT_STREAM,false
2491,PRE_ELECTION,,60.0,,0,0,0,0,,DEPTH_SNAPSHOT_STREAM,false
2491,ELECTION_DAY_PRE_RESULTS,,11.2,,0,0,0,0,,DEPTH_SNAPSHOT_STREAM,false
2491,ACTIVE_RESULTS,,6.0,,0,0,0,0,,DEPTH_SNAPSHOT_STREAM,false
2491,LATE_COUNT,,42.8,,0,0,0,0,,DEPTH_SNAPSHOT_STREAM,false
2491,POST_RESOLUTION_DIAGNOSTIC,,,,0,0,0,0,,DEPTH_SNAPSHOT_STREAM,false
2492,PRE_ELECTION,,60.0,,0,0,0,0,,DEPTH_SNAPSHOT_STREAM,false
2492,ELECTION_DAY_PRE_RESULTS,,11.2,,0,0,0,0,,DEPTH_SNAPSHOT_STREAM,false
2492,ACTIVE_RESULTS,,6.0,,0,0,0,0,,DEPTH_SNAPSHOT_STREAM,false
2492,LATE_COUNT,,42.8,,0,0,0,0,,DEPTH_SNAPSHOT_STREAM,false
2492,POST_RESOLUTION_DIAGNOSTIC,,,,0,0,0,0,,DEPTH_SNAPSHOT_STREAM,false
2493,PRE_ELECTION,,60.0,,0,0,0,0,,DEPTH_SNAPSHOT_STREAM,false
2493,ELECTION_DAY_PRE_RESULTS,,11.2,,0,0,0,0,,DEPTH_SNAPSHOT_STREAM,false
2493,ACTIVE_RESULTS,,6.0,,0,0,0,0,,DEPTH_SNAPSHOT_STREAM,false
2493,LATE_COUNT,,42.8,,0,0,0,0,,DEPTH_SNAPSHOT_STREAM,false
2493,POST_RESOLUTION_DIAGNOSTIC,,,,0,0,0,0,,DEPTH_SNAPSHOT_STREAM,false
2494,PRE_ELECTION,,60.0,,0,0,0,0,,DEPTH_SNAPSHOT_STREAM,false
2494,ELECTION_DAY_PRE_RESULTS,,11.2,,0,0,0,0,,DEPTH_SNAPSHOT_STREAM,false
2494,ACTIVE_RESULTS,,6.0,,0,0,0,0,,DEPTH_SNAPSHOT_STREAM,false
2494,LATE_COUNT,,42.8,,0,0,0,0,,DEPTH_SNAPSHOT_STREAM,false
2494,POST_RESOLUTION_DIAGNOSTIC,,,,0,0,0,0,,DEPTH_SNAPSHOT_STREAM,false
2495,PRE_ELECTION,,60.0,,0,0,0,0,,DEPTH_SNAPSHOT_STREAM,false
2495,ELECTION_DAY_PRE_RESULTS,,11.2,,0,0,0,0,,DEPTH_SNAPSHOT_STREAM,false
2495,ACTIVE_RESULTS,,6.0,,0,0,0,0,,DEPTH_SNAPSHOT_STREAM,false
2495,LATE_COUNT,,42.8,,0,0,0,0,,DEPTH_SNAPSHOT_STREAM,false
2495,POST_RESOLUTION_DIAGNOSTIC,,,,0,0,0,0,,DEPTH_SNAPSHOT_STREAM,false
2496,PRE_ELECTION,,60.0,,0,0,0,0,,DEPTH_SNAPSHOT_STREAM,false
2496,ELECTION_DAY_PRE_RESULTS,,11.2,,0,0,0,0,,DEPTH_SNAPSHOT_STREAM,false
2496,ACTIVE_RESULTS,,6.0,,0,0,0,0,,DEPTH_SNAPSHOT_STREAM,false
2496,LATE_COUNT,,42.8,,0,0,0,0,,DEPTH_SNAPSHOT_STREAM,false
2496,POST_RESOLUTION_DIAGNOSTIC,,,,0,0,0,0,,DEPTH_SNAPSHOT_STREAM,false
2497,PRE_ELECTION,,60.0,,0,0,0,0,,DEPTH_SNAPSHOT_STREAM,false
2497,ELECTION_DAY_PRE_RESULTS,,11.2,,0,0,0,0,,DEPTH_SNAPSHOT_STREAM,false
2497,ACTIVE_RESULTS,,6.0,,0,0,0,0,,DEPTH_SNAPSHOT_STREAM,false
2497,LATE_COUNT,,42.8,,0,0,0,0,,DEPTH_SNAPSHOT_STREAM,false
2497,POST_RESOLUTION_DIAGNOSTIC,,,,0,0,0,0,,DEPTH_SNAPSHOT_STREAM,false
2498,PRE_ELECTION,,60.0,,0,0,0,0,,DEPTH_SNAPSHOT_STREAM,false
2498,ELECTION_DAY_PRE_RESULTS,,11.2,,0,0,0,0,,DEPTH_SNAPSHOT_STREAM,false
2498,ACTIVE_RESULTS,,6.0,,0,0,0,0,,DEPTH_SNAPSHOT_STREAM,false
2498,LATE_COUNT,,42.8,,0,0,0,0,,DEPTH_SNAPSHOT_STREAM,false
2498,POST_RESOLUTION_DIAGNOSTIC,,,,0,0,0,0,,DEPTH_SNAPSHOT_STREAM,false
2499,PRE_ELECTION,,60.0,,0,0,0,0,,DEPTH_SNAPSHOT_STREAM,false
2499,ELECTION_DAY_PRE_RESULTS,,11.2,,0,0,0,0,,DEPTH_SNAPSHOT_STREAM,false
2499,ACTIVE_RESULTS,,6.0,,0,0,0,0,,DEPTH_SNAPSHOT_STREAM,false
2499,LATE_COUNT,,42.8,,0,0,0,0,,DEPTH_SNAPSHOT_STREAM,false
2499,POST_RESOLUTION_DIAGNOSTIC,,,,0,0,0,0,,DEPTH_SNAPSHOT_STREAM,false
2500,PRE_ELECTION,,60.0,,0,0,0,0,,DEPTH_SNAPSHOT_STREAM,false
2500,ELECTION_DAY_PRE_RESULTS,,11.2,,0,0,0,0,,DEPTH_SNAPSHOT_STREAM,false
2500,ACTIVE_RESULTS,,6.0,,0,0,0,0,,DEPTH_SNAPSHOT_STREAM,false
2500,LATE_COUNT,,42.8,,0,0,0,0,,DEPTH_SNAPSHOT_STREAM,false
2500,POST_RESOLUTION_DIAGNOSTIC,,,,0,0,0,0,,DEPTH_SNAPSHOT_STREAM,false
2501,PRE_ELECTION,,60.0,,0,0,0,0,,DEPTH_SNAPSHOT_STREAM,false
2501,ELECTION_DAY_PRE_RESULTS,,11.2,,0,0,0,0,,DEPTH_SNAPSHOT_STREAM,false
2501,ACTIVE_RESULTS,,6.0,,0,0,0,0,,DEPTH_SNAPSHOT_STREAM,false
2501,LATE_COUNT,,42.8,,0,0,0,0,,DEPTH_SNAPSHOT_STREAM,false
2501,POST_RESOLUTION_DIAGNOSTIC,,,,0,0,0,0,,DEPTH_SNAPSHOT_STREAM,false
2502,PRE_ELECTION,59.998367,60.0,0.99997278,127977,779,566,1132,1206.437,BBO_CHANGE_STREAM,true
2502,ELECTION_DAY_PRE_RESULTS,11.1921,11.2,0.99929464,56484,204,136,266,109.536,BBO_CHANGE_STREAM,false
2502,ACTIVE_RESULTS,5.999447,6.0,0.99990783,35867,63,49,82,60.162,BBO_CHANGE_STREAM,true
2502,LATE_COUNT,42.799033,42.8,0.99997741,201082,240,84,160,74.995,BBO_CHANGE_STREAM,true
2502,POST_RESOLUTION_DIAGNOSTIC,,,,0,0,0,0,,DEPTH_SNAPSHOT_STREAM,false
2503,PRE_ELECTION,59.998367,60.0,0.99997278,127881,783,38,429,1206.094,BBO_CHANGE_STREAM,true
2503,ELECTION_DAY_PRE_RESULTS,11.1921,11.2,0.99929464,56533,212,22,278,109.536,BBO_CHANGE_STREAM,false
2503,ACTIVE_RESULTS,5.999447,6.0,0.99990783,35873,67,6,54,60.162,BBO_CHANGE_STREAM,true
2503,LATE_COUNT,42.799007,42.8,0.9999768,201150,243,36,217,74.995,BBO_CHANGE_STREAM,true
2503,POST_RESOLUTION_DIAGNOSTIC,,,,0,0,0,0,,DEPTH_SNAPSHOT_STREAM,false
2504,PRE_ELECTION,59.997791,60.0,0.99996318,189430,2512,1717,4615,957.241,BBO_CHANGE_STREAM,true
2504,ELECTION_DAY_PRE_RESULTS,11.199022,11.2,0.99991268,65903,1372,1040,3490,64.335,BBO_CHANGE_STREAM,false
2504,ACTIVE_RESULTS,5.999269,6.0,0.99987817,132006,2920,2020,5123,17.963,BBO_CHANGE_STREAM,true
2504,LATE_COUNT,42.799324,42.8,0.99998421,267337,10902,6279,17487,59.875,BBO_CHANGE_STREAM,true
2504,POST_RESOLUTION_DIAGNOSTIC,,,,0,0,0,0,,DEPTH_SNAPSHOT_STREAM,false
2505,PRE_ELECTION,59.997791,60.0,0.99996318,189401,2522,585,1690,958.058,BBO_CHANGE_STREAM,true
2505,ELECTION_DAY_PRE_RESULTS,11.198984,11.2,0.99990929,65932,1372,282,1316,64.335,BBO_CHANGE_STREAM,false
2505,ACTIVE_RESULTS,5.999269,6.0,0.99987817,131980,2920,880,2501,17.402,BBO_CHANGE_STREAM,true
2505,LATE_COUNT,42.799306,42.8,0.99998379,267290,10927,4379,10894,59.814,BBO_CHANGE_STREAM,true
2505,POST_RESOLUTION_DIAGNOSTIC,,,,0,0,0,0,,DEPTH_SNAPSHOT_STREAM,false
2506,PRE_ELECTION,59.954342,60.0,0.99923903,18254,160,0,0,1822.955,BBO_CHANGE_STREAM,false
2506,ELECTION_DAY_PRE_RESULTS,11.148722,11.2,0.99542161,4472,36,0,0,700.83,BBO_CHANGE_STREAM,false
2506,ACTIVE_RESULTS,5.999269,6.0,0.99987817,10714,10,0,0,342.656,BBO_CHANGE_STREAM,true
2506,LATE_COUNT,42.799146,42.8,0.99998005,177506,102,0,0,95.91,BBO_CHANGE_STREAM,true
2506,POST_RESOLUTION_DIAGNOSTIC,,,,0,0,0,0,,DEPTH_SNAPSHOT_STREAM,false
2507,PRE_ELECTION,59.954342,60.0,0.99923903,18264,171,0,0,1823.757,BBO_CHANGE_STREAM,false
2507,ELECTION_DAY_PRE_RESULTS,11.148771,11.2,0.99542598,4479,37,0,0,700.83,BBO_CHANGE_STREAM,false
2507,ACTIVE_RESULTS,5.999269,6.0,0.99987817,10720,7,0,0,342.656,BBO_CHANGE_STREAM,false
2507,LATE_COUNT,42.799064,42.8,0.99997813,177674,115,0,0,95.91,BBO_CHANGE_STREAM,true
2507,POST_RESOLUTION_DIAGNOSTIC,,,,0,0,0,0,,DEPTH_SNAPSHOT_STREAM,false
2508,PRE_ELECTION,59.998949,60.0,0.99998248,257121,393,1,3,1205.572,BBO_CHANGE_STREAM,true
2508,ELECTION_DAY_PRE_RESULTS,11.199448,11.2,0.99995071,62182,112,2,2,253.228,BBO_CHANGE_STREAM,false
2508,ACTIVE_RESULTS,5.999699,6.0,0.99994983,30659,8,0,0,66.016,BBO_CHANGE_STREAM,true
2508,LATE_COUNT,42.798937,42.8,0.99997516,262765,433,1,1,50.783,BBO_CHANGE_STREAM,true
2508,POST_RESOLUTION_DIAGNOSTIC,,,,0,0,0,0,,DEPTH_SNAPSHOT_STREAM,false
2509,PRE_ELECTION,59.998855,60.0,0.99998092,257220,409,222,753,1206.48,BBO_CHANGE_STREAM,true
2509,ELECTION_DAY_PRE_RESULTS,11.199448,11.2,0.99995071,62114,104,69,295,253.228,BBO_CHANGE_STREAM,false
2509,ACTIVE_RESULTS,5.999699,6.0,0.99994983,30642,8,0,0,66.016,BBO_CHANGE_STREAM,true
2509,LATE_COUNT,42.798937,42.8,0.99997516,262707,446,314,1009,50.783,BBO_CHANGE_STREAM,true
2509,POST_RESOLUTION_DIAGNOSTIC,,,,0,0,0,0,,DEPTH_SNAPSHOT_STREAM,false
2510,PRE_ELECTION,59.965598,60.0,0.99942663,45815,162,0,0,1825.694,BBO_CHANGE_STREAM,false
2510,ELECTION_DAY_PRE_RESULTS,11.154009,11.2,0.99589366,4462,40,0,0,616.648,BBO_CHANGE_STREAM,false
2510,ACTIVE_RESULTS,5.999269,6.0,0.99987817,9388,12,0,0,126.205,BBO_CHANGE_STREAM,false
2510,LATE_COUNT,42.798937,42.8,0.99997516,146762,124,0,0,95.91,BBO_CHANGE_STREAM,true
2510,POST_RESOLUTION_DIAGNOSTIC,,,,0,0,0,0,,DEPTH_SNAPSHOT_STREAM,false
2511,PRE_ELECTION,59.965598,60.0,0.99942663,45830,166,0,0,1823.298,BBO_CHANGE_STREAM,false
2511,ELECTION_DAY_PRE_RESULTS,11.154031,11.2,0.99589563,4460,42,0,0,616.211,BBO_CHANGE_STREAM,false
2511,ACTIVE_RESULTS,5.999269,6.0,0.99987817,9381,10,0,0,126.205,BBO_CHANGE_STREAM,true
2511,LATE_COUNT,42.798937,42.8,0.99997516,146856,134,1,33,96.03,BBO_CHANGE_STREAM,true
2511,POST_RESOLUTION_DIAGNOSTIC,,,,0,0,0,0,,DEPTH_SNAPSHOT_STREAM,false
2512,PRE_ELECTION,59.97482,60.0,0.99958033,27545,158,0,1,1899.692,BBO_CHANGE_STREAM,false
2512,ELECTION_DAY_PRE_RESULTS,11.113589,11.2,0.99228473,15387,39,1,1,603.695,BBO_CHANGE_STREAM,false
2512,ACTIVE_RESULTS,5.999269,6.0,0.99987817,24231,9,0,0,166.682,BBO_CHANGE_STREAM,true
2512,LATE_COUNT,42.799508,42.8,0.9999885,167184,130,0,0,155.458,BBO_CHANGE_STREAM,true
2512,POST_RESOLUTION_DIAGNOSTIC,,,,0,0,0,0,,DEPTH_SNAPSHOT_STREAM,false
2513,PRE_ELECTION,59.97482,60.0,0.99958033,27531,179,0,1,1896.382,BBO_CHANGE_STREAM,false
2513,ELECTION_DAY_PRE_RESULTS,11.113786,11.2,0.99230232,15404,40,0,1,603.695,BBO_CHANGE_STREAM,false
2513,ACTIVE_RESULTS,5.999269,6.0,0.99987817,24234,10,0,0,166.682,BBO_CHANGE_STREAM,false
2513,LATE_COUNT,42.799577,42.8,0.99999012,167151,119,0,0,155.458,BBO_CHANGE_STREAM,true
2513,POST_RESOLUTION_DIAGNOSTIC,,,,0,0,0,0,,DEPTH_SNAPSHOT_STREAM,false
2514,PRE_ELECTION,59.963175,60.0,0.99938625,19781,179,0,0,1896.841,BBO_CHANGE_STREAM,false
2514,ELECTION_DAY_PRE_RESULTS,11.180376,11.2,0.99824786,4713,36,0,0,426.142,BBO_CHANGE_STREAM,false
2514,ACTIVE_RESULTS,5.999269,6.0,0.99987817,10623,5,0,0,134.335,BBO_CHANGE_STREAM,true
2514,LATE_COUNT,42.798937,42.8,0.99997516,142854,126,0,0,58.444,BBO_CHANGE_STREAM,true
2514,POST_RESOLUTION_DIAGNOSTIC,,,,0,0,0,0,,DEPTH_SNAPSHOT_STREAM,false
2515,PRE_ELECTION,59.963175,60.0,0.99938625,19776,175,0,0,1896.382,BBO_CHANGE_STREAM,false
2515,ELECTION_DAY_PRE_RESULTS,11.180376,11.2,0.99824786,4722,37,0,0,426.142,BBO_CHANGE_STREAM,false
2515,ACTIVE_RESULTS,5.999269,6.0,0.99987817,10617,8,0,0,134.335,BBO_CHANGE_STREAM,true
2515,LATE_COUNT,42.798937,42.8,0.99997516,142833,117,0,0,58.444,BBO_CHANGE_STREAM,true
2515,POST_RESOLUTION_DIAGNOSTIC,,,,0,0,0,0,,DEPTH_SNAPSHOT_STREAM,false
2516,PRE_ELECTION,59.954342,60.0,0.99923903,19562,165,0,0,1705.993,BBO_CHANGE_STREAM,false
2516,ELECTION_DAY_PRE_RESULTS,11.148731,11.2,0.99542241,4580,40,0,0,517.806,BBO_CHANGE_STREAM,false
2516,ACTIVE_RESULTS,5.999269,6.0,0.99987817,9829,9,0,0,172.431,BBO_CHANGE_STREAM,true
2516,LATE_COUNT,42.798937,42.8,0.99997516,118176,108,0,0,139.765,BBO_CHANGE_STREAM,true
2516,POST_RESOLUTION_DIAGNOSTIC,,,,0,0,0,0,,DEPTH_SNAPSHOT_STREAM,false
2517,PRE_ELECTION,59.954342,60.0,0.99923903,19583,159,0,0,1705.65,BBO_CHANGE_STREAM,false
2517,ELECTION_DAY_PRE_RESULTS,11.148731,11.2,0.99542241,4566,36,0,0,517.806,BBO_CHANGE_STREAM,false
2517,ACTIVE_RESULTS,5.999269,6.0,0.99987817,9792,4,0,0,172.431,BBO_CHANGE_STREAM,false
2517,LATE_COUNT,42.798937,42.8,0.99997516,118195,119,0,0,139.765,BBO_CHANGE_STREAM,true
2517,POST_RESOLUTION_DIAGNOSTIC,,,,0,0,0,0,,DEPTH_SNAPSHOT_STREAM,false
2518,PRE_ELECTION,59.954342,60.0,0.99923903,18412,159,0,0,1897.29,BBO_CHANGE_STREAM,false
2518,ELECTION_DAY_PRE_RESULTS,11.109461,11.2,0.99191616,4681,39,0,0,569.576,BBO_CHANGE_STREAM,false
2518,ACTIVE_RESULTS,5.999305,6.0,0.99988417,12143,6,0,0,148.346,BBO_CHANGE_STREAM,false
2518,LATE_COUNT,42.798869,42.8,0.99997357,182196,126,0,0,147.897,BBO_CHANGE_STREAM,true
2518,POST_RESOLUTION_DIAGNOSTIC,,,,0,0,0,0,,DEPTH_SNAPSHOT_STREAM,false
2519,PRE_ELECTION,59.954286,60.0,0.9992381,18394,170,0,0,1896.039,BBO_CHANGE_STREAM,false
2519,ELECTION_DAY_PRE_RESULTS,11.109461,11.2,0.99191616,4666,35,0,0,569.576,BBO_CHANGE_STREAM,false
2519,ACTIVE_RESULTS,5.999305,6.0,0.99988417,12119,6,0,0,148.346,BBO_CHANGE_STREAM,false
2519,LATE_COUNT,42.798869,42.8,0.99997357,181948,122,0,0,147.897,BBO_CHANGE_STREAM,true
2519,POST_RESOLUTION_DIAGNOSTIC,,,,0,0,0,0,,DEPTH_SNAPSHOT_STREAM,false
2520,PRE_ELECTION,59.954286,60.0,0.9992381,18441,166,0,0,1897.29,BBO_CHANGE_STREAM,false
2520,ELECTION_DAY_PRE_RESULTS,11.112568,11.2,0.99219357,4632,37,0,0,699.583,BBO_CHANGE_STREAM,false
2520,ACTIVE_RESULTS,5.999269,6.0,0.99987817,9449,10,0,0,201.562,BBO_CHANGE_STREAM,false
2520,LATE_COUNT,42.798843,42.8,0.99997297,151140,125,0,0,55.575,BBO_CHANGE_STREAM,true
2520,POST_RESOLUTION_DIAGNOSTIC,,,,0,0,0,0,,DEPTH_SNAPSHOT_STREAM,false
2521,PRE_ELECTION,59.954286,60.0,0.9992381,18458,166,0,0,1897.29,BBO_CHANGE_STREAM,false
2521,ELECTION_DAY_PRE_RESULTS,11.112568,11.2,0.99219357,4645,43,0,0,699.583,BBO_CHANGE_STREAM,false
2521,ACTIVE_RESULTS,5.999269,6.0,0.99987817,9441,8,0,0,201.562,BBO_CHANGE_STREAM,true
2521,LATE_COUNT,42.798843,42.8,0.99997297,151184,113,1,2,55.575,BBO_CHANGE_STREAM,true
2521,POST_RESOLUTION_DIAGNOSTIC,,,,0,0,0,0,,DEPTH_SNAPSHOT_STREAM,false
2522,PRE_ELECTION,59.954342,60.0,0.99923903,18395,168,0,0,1897.29,BBO_CHANGE_STREAM,false
2522,ELECTION_DAY_PRE_RESULTS,11.109156,11.2,0.99188893,4309,44,0,0,569.576,BBO_CHANGE_STREAM,false
2522,ACTIVE_RESULTS,5.999269,6.0,0.99987817,9536,12,0,0,289.053,BBO_CHANGE_STREAM,true
2522,LATE_COUNT,42.798937,42.8,0.99997516,147141,112,0,0,109.881,BBO_CHANGE_STREAM,true
2522,POST_RESOLUTION_DIAGNOSTIC,,,,0,0,0,0,,DEPTH_SNAPSHOT_STREAM,false
2523,PRE_ELECTION,59.954342,60.0,0.99923903,18402,164,0,0,1896.382,BBO_CHANGE_STREAM,false
2523,ELECTION_DAY_PRE_RESULTS,11.109156,11.2,0.99188893,4318,45,0,0,569.576,BBO_CHANGE_STREAM,false
2523,ACTIVE_RESULTS,5.999269,6.0,0.99987817,9536,10,0,0,289.053,BBO_CHANGE_STREAM,true
2523,LATE_COUNT,42.798937,42.8,0.99997516,147119,138,0,0,109.881,BBO_CHANGE_STREAM,true
2523,POST_RESOLUTION_DIAGNOSTIC,,,,0,0,0,0,,DEPTH_SNAPSHOT_STREAM,false
2524,PRE_ELECTION,59.954342,60.0,0.99923903,18628,175,0,0,1896.039,BBO_CHANGE_STREAM,false
2524,ELECTION_DAY_PRE_RESULTS,11.049506,11.2,0.98656304,4409,45,0,0,624.493,BBO_CHANGE_STREAM,false
2524,ACTIVE_RESULTS,5.999269,6.0,0.99987817,10879,6,0,0,200.766,BBO_CHANGE_STREAM,true
2524,LATE_COUNT,42.798937,42.8,0.99997516,173167,108,0,0,58.118,BBO_CHANGE_STREAM,true
2524,POST_RESOLUTION_DIAGNOSTIC,,,,0,0,0,0,,DEPTH_SNAPSHOT_STREAM,false
2525,PRE_ELECTION,59.954342,60.0,0.99923903,18618,156,0,0,1896.039,BBO_CHANGE_STREAM,true
2525,ELECTION_DAY_PRE_RESULTS,11.049506,11.2,0.98656304,4412,37,0,0,624.493,BBO_CHANGE_STREAM,false
2525,ACTIVE_RESULTS,5.999269,6.0,0.99987817,10876,8,0,0,200.556,BBO_CHANGE_STREAM,false
2525,LATE_COUNT,42.798937,42.8,0.99997516,173005,117,0,0,58.118,BBO_CHANGE_STREAM,true
2525,POST_RESOLUTION_DIAGNOSTIC,,,,0,0,0,0,,DEPTH_SNAPSHOT_STREAM,false
2526,PRE_ELECTION,59.96308,60.0,0.99938467,19612,166,0,0,1897.29,BBO_CHANGE_STREAM,false
2526,ELECTION_DAY_PRE_RESULTS,11.180415,11.2,0.99825134,4870,39,0,0,394.649,BBO_CHANGE_STREAM,false
2526,ACTIVE_RESULTS,5.999269,6.0,0.99987817,11446,6,0,0,162.397,BBO_CHANGE_STREAM,true
2526,LATE_COUNT,42.798937,42.8,0.99997516,218379,106,1,3,37.924,BBO_CHANGE_STREAM,true
2526,POST_RESOLUTION_DIAGNOSTIC,,,,0,0,0,0,,DEPTH_SNAPSHOT_STREAM,false
2527,PRE_ELECTION,59.96308,60.0,0.99938467,19635,153,0,0,1897.29,BBO_CHANGE_STREAM,false
2527,ELECTION_DAY_PRE_RESULTS,11.180415,11.2,0.99825134,4871,39,0,0,394.649,BBO_CHANGE_STREAM,false
2527,ACTIVE_RESULTS,5.999269,6.0,0.99987817,11462,4,0,0,162.397,BBO_CHANGE_STREAM,false
2527,LATE_COUNT,42.798937,42.8,0.99997516,218325,122,0,0,37.054,BBO_CHANGE_STREAM,true
2527,POST_RESOLUTION_DIAGNOSTIC,,,,0,0,0,0,,DEPTH_SNAPSHOT_STREAM,false
2528,PRE_ELECTION,59.999329,60.0,0.99998882,62604,165,1,1,949.548,BBO_CHANGE_STREAM,false
2528,ELECTION_DAY_PRE_RESULTS,11.19466,11.2,0.99952321,8857,49,0,0,905.28,BBO_CHANGE_STREAM,false
2528,ACTIVE_RESULTS,5.999447,6.0,0.99990783,9459,5,0,0,178.174,BBO_CHANGE_STREAM,false
2528,LATE_COUNT,42.799053,42.8,0.99997787,143254,114,1,1,65.468,BBO_CHANGE_STREAM,true
2528,POST_RESOLUTION_DIAGNOSTIC,,,,0,0,0,0,,DEPTH_SNAPSHOT_STREAM,false
2529,PRE_ELECTION,59.999329,60.0,0.99998882,62641,168,1,3,949.099,BBO_CHANGE_STREAM,false
2529,ELECTION_DAY_PRE_RESULTS,11.19466,11.2,0.99952321,8862,41,0,0,905.28,BBO_CHANGE_STREAM,false
2529,ACTIVE_RESULTS,5.999447,6.0,0.99990783,9458,8,0,0,178.174,BBO_CHANGE_STREAM,true
2529,LATE_COUNT,42.7991,42.8,0.99997897,143207,116,0,1,65.468,BBO_CHANGE_STREAM,true
2529,POST_RESOLUTION_DIAGNOSTIC,,,,0,0,0,0,,DEPTH_SNAPSHOT_STREAM,false
2530,PRE_ELECTION,59.963119,60.0,0.99938532,23085,161,0,0,1896.841,BBO_CHANGE_STREAM,false
2530,ELECTION_DAY_PRE_RESULTS,11.154915,11.2,0.99597455,4857,33,0,0,699.602,BBO_CHANGE_STREAM,false
2530,ACTIVE_RESULTS,5.999269,6.0,0.99987817,12321,6,0,0,178.174,BBO_CHANGE_STREAM,false
2530,LATE_COUNT,42.798843,42.8,0.99997297,188377,112,0,0,99.446,BBO_CHANGE_STREAM,true
2530,POST_RESOLUTION_DIAGNOSTIC,,,,0,0,0,0,,DEPTH_SNAPSHOT_STREAM,false
2531,PRE_ELECTION,59.963119,60.0,0.99938532,23069,160,0,0,1896.039,BBO_CHANGE_STREAM,false
2531,ELECTION_DAY_PRE_RESULTS,11.154915,11.2,0.99597455,4890,40,0,0,699.756,BBO_CHANGE_STREAM,false
2531,ACTIVE_RESULTS,5.999269,6.0,0.99987817,12315,7,0,0,178.174,BBO_CHANGE_STREAM,true
2531,LATE_COUNT,42.798843,42.8,0.99997297,188408,116,0,0,99.676,BBO_CHANGE_STREAM,true
2531,POST_RESOLUTION_DIAGNOSTIC,,,,0,0,0,0,,DEPTH_SNAPSHOT_STREAM,false
2532,PRE_ELECTION,59.965146,60.0,0.9994191,44512,164,0,1,1896.382,BBO_CHANGE_STREAM,false
2532,ELECTION_DAY_PRE_RESULTS,11.040298,11.2,0.98574089,5153,33,0,0,482.993,BBO_CHANGE_STREAM,false
2532,ACTIVE_RESULTS,5.999305,6.0,0.99988417,9687,12,0,0,126.205,BBO_CHANGE_STREAM,true
2532,LATE_COUNT,42.799146,42.8,0.99998005,117507,140,0,1,98.052,BBO_CHANGE_STREAM,true
2532,POST_RESOLUTION_DIAGNOSTIC,,,,0,0,0,0,,DEPTH_SNAPSHOT_STREAM,false
2533,PRE_ELECTION,59.965146,60.0,0.9994191,44549,167,0,1,1896.039,BBO_CHANGE_STREAM,false
2533,ELECTION_DAY_PRE_RESULTS,11.040298,11.2,0.98574089,5142,40,0,0,482.993,BBO_CHANGE_STREAM,false
2533,ACTIVE_RESULTS,5.999305,6.0,0.99988417,9694,6,0,0,126.205,BBO_CHANGE_STREAM,true
2533,LATE_COUNT,42.799146,42.8,0.99998005,117466,136,1,1,98.052,BBO_CHANGE_STREAM,true
2533,POST_RESOLUTION_DIAGNOSTIC,,,,0,0,0,0,,DEPTH_SNAPSHOT_STREAM,false
2534,PRE_ELECTION,59.965611,60.0,0.99942685,19771,171,0,0,1898.778,BBO_CHANGE_STREAM,false
2534,ELECTION_DAY_PRE_RESULTS,11.180415,11.2,0.99825134,4782,46,0,0,498.719,BBO_CHANGE_STREAM,false
2534,ACTIVE_RESULTS,5.999383,6.0,0.99989717,18661,8,1,2,107.044,BBO_CHANGE_STREAM,true
2534,LATE_COUNT,42.798843,42.8,0.99997297,201412,120,0,0,94.532,BBO_CHANGE_STREAM,true
2534,POST_RESOLUTION_DIAGNOSTIC,,,,0,0,0,0,,DEPTH_SNAPSHOT_STREAM,false
2535,PRE_ELECTION,59.965611,60.0,0.99942685,19788,168,0,0,1896.039,BBO_CHANGE_STREAM,false
2535,ELECTION_DAY_PRE_RESULTS,11.180415,11.2,0.99825134,4775,40,0,0,498.719,BBO_CHANGE_STREAM,false
2535,ACTIVE_RESULTS,5.999383,6.0,0.99989717,18689,9,0,0,107.044,BBO_CHANGE_STREAM,true
2535,LATE_COUNT,42.798869,42.8,0.99997357,201296,106,0,0,94.413,BBO_CHANGE_STREAM,true
2535,POST_RESOLUTION_DIAGNOSTIC,,,,0,0,0,0,,DEPTH_SNAPSHOT_STREAM,false
2536,PRE_ELECTION,59.944394,60.0,0.99907323,20583,170,0,0,1897.29,BBO_CHANGE_STREAM,false
2536,ELECTION_DAY_PRE_RESULTS,11.180415,11.2,0.99825134,5032,37,0,0,519.126,BBO_CHANGE_STREAM,false
2536,ACTIVE_RESULTS,5.999269,6.0,0.99987817,11519,12,0,0,246.744,BBO_CHANGE_STREAM,false
2536,LATE_COUNT,42.799577,42.8,0.99999012,168476,133,0,0,128.205,BBO_CHANGE_STREAM,true
2536,POST_RESOLUTION_DIAGNOSTIC,,,,0,0,0,0,,DEPTH_SNAPSHOT_STREAM,false
2537,PRE_ELECTION,59.944394,60.0,0.99907323,20584,163,0,0,1896.039,BBO_CHANGE_STREAM,false
2537,ELECTION_DAY_PRE_RESULTS,11.180415,11.2,0.99825134,5041,51,0,0,519.284,BBO_CHANGE_STREAM,false
2537,ACTIVE_RESULTS,5.999269,6.0,0.99987817,11504,9,0,0,246.744,BBO_CHANGE_STREAM,false
2537,LATE_COUNT,42.799671,42.8,0.99999231,168445,107,0,0,128.205,BBO_CHANGE_STREAM,true
2537,POST_RESOLUTION_DIAGNOSTIC,,,,0,0,0,0,,DEPTH_SNAPSHOT_STREAM,false
2538,PRE_ELECTION,59.954234,60.0,0.99923723,19592,181,0,0,1896.382,BBO_CHANGE_STREAM,false
2538,ELECTION_DAY_PRE_RESULTS,11.183788,11.2,0.9985525,4430,41,0,0,614.258,BBO_CHANGE_STREAM,false
2538,ACTIVE_RESULTS,5.999269,6.0,0.99987817,10800,8,0,0,287.836,BBO_CHANGE_STREAM,true
2538,LATE_COUNT,42.799104,42.8,0.99997907,172813,138,0,0,64.196,BBO_CHANGE_STREAM,true
2538,POST_RESOLUTION_DIAGNOSTIC,,,,0,0,0,0,,DEPTH_SNAPSHOT_STREAM,false
2539,PRE_ELECTION,59.954234,60.0,0.99923723,19593,178,0,0,1896.841,BBO_CHANGE_STREAM,false
2539,ELECTION_DAY_PRE_RESULTS,11.183788,11.2,0.9985525,4428,43,0,0,614.258,BBO_CHANGE_STREAM,false
2539,ACTIVE_RESULTS,5.999269,6.0,0.99987817,10810,5,0,0,287.78,BBO_CHANGE_STREAM,false
2539,LATE_COUNT,42.799104,42.8,0.99997907,172664,96,0,0,64.306,BBO_CHANGE_STREAM,true
2539,POST_RESOLUTION_DIAGNOSTIC,,,,0,0,0,0,,DEPTH_SNAPSHOT_STREAM,false
2540,PRE_ELECTION,59.972823,60.0,0.99954705,64546,172,0,1,1824.043,BBO_CHANGE_STREAM,false
2540,ELECTION_DAY_PRE_RESULTS,11.148834,11.2,0.99543161,4662,37,0,0,705.197,BBO_CHANGE_STREAM,false
2540,ACTIVE_RESULTS,5.999383,6.0,0.99989717,10011,6,0,0,200.62,BBO_CHANGE_STREAM,false
2540,LATE_COUNT,42.799104,42.8,0.99997907,132399,120,0,0,64.651,BBO_CHANGE_STREAM,true
2540,POST_RESOLUTION_DIAGNOSTIC,,,,0,0,0,0,,DEPTH_SNAPSHOT_STREAM,false
2541,PRE_ELECTION,59.972823,60.0,0.99954705,64536,164,0,1,1823.241,BBO_CHANGE_STREAM,false
2541,ELECTION_DAY_PRE_RESULTS,11.148834,11.2,0.99543161,4686,43,0,0,705.197,BBO_CHANGE_STREAM,false
2541,ACTIVE_RESULTS,5.999383,6.0,0.99989717,10019,8,0,0,200.975,BBO_CHANGE_STREAM,true
2541,LATE_COUNT,42.799104,42.8,0.99997907,132475,135,15,42,64.651,BBO_CHANGE_STREAM,true
2541,POST_RESOLUTION_DIAGNOSTIC,,,,0,0,0,0,,DEPTH_SNAPSHOT_STREAM,false
2542,PRE_ELECTION,59.995163,60.0,0.99991938,41336,182,0,4,1896.039,BBO_CHANGE_STREAM,false
2542,ELECTION_DAY_PRE_RESULTS,11.199148,11.2,0.99992393,20972,37,0,1,397.164,BBO_CHANGE_STREAM,false
2542,ACTIVE_RESULTS,5.999447,6.0,0.99990783,22143,10,0,0,57.347,BBO_CHANGE_STREAM,true
2542,LATE_COUNT,42.798959,42.8,0.99997568,154223,115,0,1,107.193,BBO_CHANGE_STREAM,true
2542,POST_RESOLUTION_DIAGNOSTIC,,,,0,0,0,0,,DEPTH_SNAPSHOT_STREAM,false
2543,PRE_ELECTION,59.995163,60.0,0.99991938,41339,163,4,4,1896.039,BBO_CHANGE_STREAM,false
2543,ELECTION_DAY_PRE_RESULTS,11.199148,11.2,0.99992393,20981,44,1,1,397.034,BBO_CHANGE_STREAM,false
2543,ACTIVE_RESULTS,5.999447,6.0,0.99990783,22128,6,0,0,57.347,BBO_CHANGE_STREAM,true
2543,LATE_COUNT,42.798959,42.8,0.99997568,154183,122,1,1,107.57,BBO_CHANGE_STREAM,true
2543,POST_RESOLUTION_DIAGNOSTIC,,,,0,0,0,0,,DEPTH_SNAPSHOT_STREAM,false
2544,PRE_ELECTION,59.998547,60.0,0.99997578,389780,2252,1520,3985,1205.229,BBO_CHANGE_STREAM,true
2544,ELECTION_DAY_PRE_RESULTS,11.19825,11.2,0.99984375,137777,1121,833,3253,75.652,BBO_CHANGE_STREAM,false
2544,ACTIVE_RESULTS,5.999383,6.0,0.99989717,183507,2737,2143,5057,16.873,BBO_CHANGE_STREAM,true
2544,LATE_COUNT,42.799671,42.8,0.99999231,548328,17498,12733,26536,36.109,BBO_CHANGE_STREAM,true
2544,POST_RESOLUTION_DIAGNOSTIC,,,,0,0,0,0,,DEPTH_SNAPSHOT_STREAM,false
2545,PRE_ELECTION,59.998547,60.0,0.99997578,389612,2246,520,3005,1205.229,BBO_CHANGE_STREAM,true
2545,ELECTION_DAY_PRE_RESULTS,11.19825,11.2,0.99984375,138396,1129,238,1777,75.652,BBO_CHANGE_STREAM,false
2545,ACTIVE_RESULTS,5.999383,6.0,0.99989717,183705,2739,568,3059,16.873,BBO_CHANGE_STREAM,true
2545,LATE_COUNT,42.799671,42.8,0.99999231,548352,17542,4549,23453,36.109,BBO_CHANGE_STREAM,true
2545,POST_RESOLUTION_DIAGNOSTIC,,,,0,0,0,0,,DEPTH_SNAPSHOT_STREAM,false
2546,PRE_ELECTION,,60.0,,0,0,0,0,,DEPTH_SNAPSHOT_STREAM,false
2546,ELECTION_DAY_PRE_RESULTS,,11.2,,0,0,0,0,,DEPTH_SNAPSHOT_STREAM,false
2546,ACTIVE_RESULTS,,6.0,,0,0,0,0,,DEPTH_SNAPSHOT_STREAM,false
2546,LATE_COUNT,,42.8,,0,0,0,0,,DEPTH_SNAPSHOT_STREAM,false
2546,POST_RESOLUTION_DIAGNOSTIC,,,,0,0,0,0,,DEPTH_SNAPSHOT_STREAM,false
2547,PRE_ELECTION,,60.0,,0,0,0,0,,DEPTH_SNAPSHOT_STREAM,false
2547,ELECTION_DAY_PRE_RESULTS,,11.2,,0,0,0,0,,DEPTH_SNAPSHOT_STREAM,false
2547,ACTIVE_RESULTS,,6.0,,0,0,0,0,,DEPTH_SNAPSHOT_STREAM,false
2547,LATE_COUNT,,42.8,,0,0,0,0,,DEPTH_SNAPSHOT_STREAM,false
2547,POST_RESOLUTION_DIAGNOSTIC,,,,0,0,0,0,,DEPTH_SNAPSHOT_STREAM,false
2548,PRE_ELECTION,59.96456,60.0,0.99940933,21185,178,0,0,1898.778,BBO_CHANGE_STREAM,false
2548,ELECTION_DAY_PRE_RESULTS,11.162286,11.2,0.99663268,9629,35,0,0,705.121,BBO_CHANGE_STREAM,false
2548,ACTIVE_RESULTS,5.998462,6.0,0.99974367,25075,7,0,0,82.406,BBO_CHANGE_STREAM,false
2548,LATE_COUNT,42.797159,42.8,0.99993362,180492,139,0,0,95.457,BBO_CHANGE_STREAM,true
2548,POST_RESOLUTION_DIAGNOSTIC,,,,0,0,0,0,,DEPTH_SNAPSHOT_STREAM,false
2549,PRE_ELECTION,59.96456,60.0,0.99940933,21183,160,0,0,1897.29,BBO_CHANGE_STREAM,false
2549,ELECTION_DAY_PRE_RESULTS,11.162286,11.2,0.99663268,9632,39,1,3,705.121,BBO_CHANGE_STREAM,false
2549,ACTIVE_RESULTS,5.998462,6.0,0.99974367,25058,8,0,0,82.406,BBO_CHANGE_STREAM,false
2549,LATE_COUNT,42.798937,42.8,0.99997516,180524,127,1,4,95.457,BBO_CHANGE_STREAM,true
2549,POST_RESOLUTION_DIAGNOSTIC,,,,0,0,0,0,,DEPTH_SNAPSHOT_STREAM,false
2550,PRE_ELECTION,,60.0,,0,0,0,0,,DEPTH_SNAPSHOT_STREAM,false
2550,ELECTION_DAY_PRE_RESULTS,,11.2,,0,0,0,0,,DEPTH_SNAPSHOT_STREAM,false
2550,ACTIVE_RESULTS,,6.0,,0,0,0,0,,DEPTH_SNAPSHOT_STREAM,false
2550,LATE_COUNT,,42.8,,0,0,0,0,,DEPTH_SNAPSHOT_STREAM,false
2550,POST_RESOLUTION_DIAGNOSTIC,,,,0,0,0,0,,DEPTH_SNAPSHOT_STREAM,false
2551,PRE_ELECTION,,60.0,,0,0,0,0,,DEPTH_SNAPSHOT_STREAM,false
2551,ELECTION_DAY_PRE_RESULTS,,11.2,,0,0,0,0,,DEPTH_SNAPSHOT_STREAM,false
2551,ACTIVE_RESULTS,,6.0,,0,0,0,0,,DEPTH_SNAPSHOT_STREAM,false
2551,LATE_COUNT,,42.8,,0,0,0,0,,DEPTH_SNAPSHOT_STREAM,false
2551,POST_RESOLUTION_DIAGNOSTIC,,,,0,0,0,0,,DEPTH_SNAPSHOT_STREAM,false
2552,PRE_ELECTION,,60.0,,0,0,0,0,,DEPTH_SNAPSHOT_STREAM,false
2552,ELECTION_DAY_PRE_RESULTS,,11.2,,0,0,0,0,,DEPTH_SNAPSHOT_STREAM,false
2552,ACTIVE_RESULTS,,6.0,,0,0,0,0,,DEPTH_SNAPSHOT_STREAM,false
2552,LATE_COUNT,,42.8,,0,0,0,0,,DEPTH_SNAPSHOT_STREAM,false
2552,POST_RESOLUTION_DIAGNOSTIC,,,,0,0,0,0,,DEPTH_SNAPSHOT_STREAM,false
2553,PRE_ELECTION,,60.0,,0,0,0,0,,DEPTH_SNAPSHOT_STREAM,false
2553,ELECTION_DAY_PRE_RESULTS,,11.2,,0,0,0,0,,DEPTH_SNAPSHOT_STREAM,false
2553,ACTIVE_RESULTS,,6.0,,0,0,0,0,,DEPTH_SNAPSHOT_STREAM,false
2553,LATE_COUNT,,42.8,,0,0,0,0,,DEPTH_SNAPSHOT_STREAM,false
2553,POST_RESOLUTION_DIAGNOSTIC,,,,0,0,0,0,,DEPTH_SNAPSHOT_STREAM,false
2554,PRE_ELECTION,,60.0,,0,0,0,0,,DEPTH_SNAPSHOT_STREAM,false
2554,ELECTION_DAY_PRE_RESULTS,,11.2,,0,0,0,0,,DEPTH_SNAPSHOT_STREAM,false
2554,ACTIVE_RESULTS,,6.0,,0,0,0,0,,DEPTH_SNAPSHOT_STREAM,false
2554,LATE_COUNT,,42.8,,0,0,0,0,,DEPTH_SNAPSHOT_STREAM,false
2554,POST_RESOLUTION_DIAGNOSTIC,,,,0,0,0,0,,DEPTH_SNAPSHOT_STREAM,false
2555,PRE_ELECTION,,60.0,,0,0,0,0,,DEPTH_SNAPSHOT_STREAM,false
2555,ELECTION_DAY_PRE_RESULTS,,11.2,,0,0,0,0,,DEPTH_SNAPSHOT_STREAM,false
2555,ACTIVE_RESULTS,,6.0,,0,0,0,0,,DEPTH_SNAPSHOT_STREAM,false
2555,LATE_COUNT,,42.8,,0,0,0,0,,DEPTH_SNAPSHOT_STREAM,false
2555,POST_RESOLUTION_DIAGNOSTIC,,,,0,0,0,0,,DEPTH_SNAPSHOT_STREAM,false
2556,PRE_ELECTION,,60.0,,0,0,0,0,,DEPTH_SNAPSHOT_STREAM,false
2556,ELECTION_DAY_PRE_RESULTS,,11.2,,0,0,0,0,,DEPTH_SNAPSHOT_STREAM,false
2556,ACTIVE_RESULTS,,6.0,,0,0,0,0,,DEPTH_SNAPSHOT_STREAM,false
2556,LATE_COUNT,,42.8,,0,0,0,0,,DEPTH_SNAPSHOT_STREAM,false
2556,POST_RESOLUTION_DIAGNOSTIC,,,,0,0,0,0,,DEPTH_SNAPSHOT_STREAM,false
2557,PRE_ELECTION,,60.0,,0,0,0,0,,DEPTH_SNAPSHOT_STREAM,false
2557,ELECTION_DAY_PRE_RESULTS,,11.2,,0,0,0,0,,DEPTH_SNAPSHOT_STREAM,false
2557,ACTIVE_RESULTS,,6.0,,0,0,0,0,,DEPTH_SNAPSHOT_STREAM,false
2557,LATE_COUNT,,42.8,,0,0,0,0,,DEPTH_SNAPSHOT_STREAM,false
2557,POST_RESOLUTION_DIAGNOSTIC,,,,0,0,0,0,,DEPTH_SNAPSHOT_STREAM,false
2558,PRE_ELECTION,,60.0,,0,0,0,0,,DEPTH_SNAPSHOT_STREAM,false
2558,ELECTION_DAY_PRE_RESULTS,,11.2,,0,0,0,0,,DEPTH_SNAPSHOT_STREAM,false
2558,ACTIVE_RESULTS,,6.0,,0,0,0,0,,DEPTH_SNAPSHOT_STREAM,false
2558,LATE_COUNT,,42.8,,0,0,0,0,,DEPTH_SNAPSHOT_STREAM,false
2558,POST_RESOLUTION_DIAGNOSTIC,,,,0,0,0,0,,DEPTH_SNAPSHOT_STREAM,false
2559,PRE_ELECTION,,60.0,,0,0,0,0,,DEPTH_SNAPSHOT_STREAM,false
2559,ELECTION_DAY_PRE_RESULTS,,11.2,,0,0,0,0,,DEPTH_SNAPSHOT_STREAM,false
2559,ACTIVE_RESULTS,,6.0,,0,0,0,0,,DEPTH_SNAPSHOT_STREAM,false
2559,LATE_COUNT,,42.8,,0,0,0,0,,DEPTH_SNAPSHOT_STREAM,false
2559,POST_RESOLUTION_DIAGNOSTIC,,,,0,0,0,0,,DEPTH_SNAPSHOT_STREAM,false
2560,PRE_ELECTION,,60.0,,0,0,0,0,,DEPTH_SNAPSHOT_STREAM,false
2560,ELECTION_DAY_PRE_RESULTS,,11.2,,0,0,0,0,,DEPTH_SNAPSHOT_STREAM,false
2560,ACTIVE_RESULTS,,6.0,,0,0,0,0,,DEPTH_SNAPSHOT_STREAM,false
2560,LATE_COUNT,,42.8,,0,0,0,0,,DEPTH_SNAPSHOT_STREAM,false
2560,POST_RESOLUTION_DIAGNOSTIC,,,,0,0,0,0,,DEPTH_SNAPSHOT_STREAM,false
2561,PRE_ELECTION,,60.0,,0,0,0,0,,DEPTH_SNAPSHOT_STREAM,false
2561,ELECTION_DAY_PRE_RESULTS,,11.2,,0,0,0,0,,DEPTH_SNAPSHOT_STREAM,false
2561,ACTIVE_RESULTS,,6.0,,0,0,0,0,,DEPTH_SNAPSHOT_STREAM,false
2561,LATE_COUNT,,42.8,,0,0,0,0,,DEPTH_SNAPSHOT_STREAM,false
2561,POST_RESOLUTION_DIAGNOSTIC,,,,0,0,0,0,,DEPTH_SNAPSHOT_STREAM,false
2562,PRE_ELECTION,,60.0,,0,0,0,0,,DEPTH_SNAPSHOT_STREAM,false
2562,ELECTION_DAY_PRE_RESULTS,,11.2,,0,0,0,0,,DEPTH_SNAPSHOT_STREAM,false
2562,ACTIVE_RESULTS,,6.0,,0,0,0,0,,DEPTH_SNAPSHOT_STREAM,false
2562,LATE_COUNT,,42.8,,0,0,0,0,,DEPTH_SNAPSHOT_STREAM,false
2562,POST_RESOLUTION_DIAGNOSTIC,,,,0,0,0,0,,DEPTH_SNAPSHOT_STREAM,false
2563,PRE_ELECTION,,60.0,,0,0,0,0,,DEPTH_SNAPSHOT_STREAM,false
2563,ELECTION_DAY_PRE_RESULTS,,11.2,,0,0,0,0,,DEPTH_SNAPSHOT_STREAM,false
2563,ACTIVE_RESULTS,,6.0,,0,0,0,0,,DEPTH_SNAPSHOT_STREAM,false
2563,LATE_COUNT,,42.8,,0,0,0,0,,DEPTH_SNAPSHOT_STREAM,false
2563,POST_RESOLUTION_DIAGNOSTIC,,,,0,0,0,0,,DEPTH_SNAPSHOT_STREAM,false
2564,PRE_ELECTION,,60.0,,0,0,0,0,,DEPTH_SNAPSHOT_STREAM,false
2564,ELECTION_DAY_PRE_RESULTS,,11.2,,0,0,0,0,,DEPTH_SNAPSHOT_STREAM,false
2564,ACTIVE_RESULTS,,6.0,,0,0,0,0,,DEPTH_SNAPSHOT_STREAM,false
2564,LATE_COUNT,,42.8,,0,0,0,0,,DEPTH_SNAPSHOT_STREAM,false
2564,POST_RESOLUTION_DIAGNOSTIC,,,,0,0,0,0,,DEPTH_SNAPSHOT_STREAM,false
2565,PRE_ELECTION,,60.0,,0,0,0,0,,DEPTH_SNAPSHOT_STREAM,false
2565,ELECTION_DAY_PRE_RESULTS,,11.2,,0,0,0,0,,DEPTH_SNAPSHOT_STREAM,false
2565,ACTIVE_RESULTS,,6.0,,0,0,0,0,,DEPTH_SNAPSHOT_STREAM,false
2565,LATE_COUNT,,42.8,,0,0,0,0,,DEPTH_SNAPSHOT_STREAM,false
2565,POST_RESOLUTION_DIAGNOSTIC,,,,0,0,0,0,,DEPTH_SNAPSHOT_STREAM,false
2566,PRE_ELECTION,,60.0,,0,0,0,0,,DEPTH_SNAPSHOT_STREAM,false
2566,ELECTION_DAY_PRE_RESULTS,,11.2,,0,0,0,0,,DEPTH_SNAPSHOT_STREAM,false
2566,ACTIVE_RESULTS,,6.0,,0,0,0,0,,DEPTH_SNAPSHOT_STREAM,false
2566,LATE_COUNT,,42.8,,0,0,0,0,,DEPTH_SNAPSHOT_STREAM,false
2566,POST_RESOLUTION_DIAGNOSTIC,,,,0,0,0,0,,DEPTH_SNAPSHOT_STREAM,false
2567,PRE_ELECTION,,60.0,,0,0,0,0,,DEPTH_SNAPSHOT_STREAM,false
2567,ELECTION_DAY_PRE_RESULTS,,11.2,,0,0,0,0,,DEPTH_SNAPSHOT_STREAM,false
2567,ACTIVE_RESULTS,,6.0,,0,0,0,0,,DEPTH_SNAPSHOT_STREAM,false
2567,LATE_COUNT,,42.8,,0,0,0,0,,DEPTH_SNAPSHOT_STREAM,false
2567,POST_RESOLUTION_DIAGNOSTIC,,,,0,0,0,0,,DEPTH_SNAPSHOT_STREAM,false
2568,PRE_ELECTION,,60.0,,0,0,0,0,,DEPTH_SNAPSHOT_STREAM,false
2568,ELECTION_DAY_PRE_RESULTS,,11.2,,0,0,0,0,,DEPTH_SNAPSHOT_STREAM,false
2568,ACTIVE_RESULTS,,6.0,,0,0,0,0,,DEPTH_SNAPSHOT_STREAM,false
2568,LATE_COUNT,,42.8,,0,0,0,0,,DEPTH_SNAPSHOT_STREAM,false
2568,POST_RESOLUTION_DIAGNOSTIC,,,,0,0,0,0,,DEPTH_SNAPSHOT_STREAM,false
2569,PRE_ELECTION,,60.0,,0,0,0,0,,DEPTH_SNAPSHOT_STREAM,false
2569,ELECTION_DAY_PRE_RESULTS,,11.2,,0,0,0,0,,DEPTH_SNAPSHOT_STREAM,false
2569,ACTIVE_RESULTS,,6.0,,0,0,0,0,,DEPTH_SNAPSHOT_STREAM,false
2569,LATE_COUNT,,42.8,,0,0,0,0,,DEPTH_SNAPSHOT_STREAM,false
2569,POST_RESOLUTION_DIAGNOSTIC,,,,0,0,0,0,,DEPTH_SNAPSHOT_STREAM,false
2570,PRE_ELECTION,,60.0,,0,0,0,0,,DEPTH_SNAPSHOT_STREAM,false
2570,ELECTION_DAY_PRE_RESULTS,,11.2,,0,0,0,0,,DEPTH_SNAPSHOT_STREAM,false
2570,ACTIVE_RESULTS,,6.0,,0,0,0,0,,DEPTH_SNAPSHOT_STREAM,false
2570,LATE_COUNT,,42.8,,0,0,0,0,,DEPTH_SNAPSHOT_STREAM,false
2570,POST_RESOLUTION_DIAGNOSTIC,,,,0,0,0,0,,DEPTH_SNAPSHOT_STREAM,false
2571,PRE_ELECTION,,60.0,,0,0,0,0,,DEPTH_SNAPSHOT_STREAM,false
2571,ELECTION_DAY_PRE_RESULTS,,11.2,,0,0,0,0,,DEPTH_SNAPSHOT_STREAM,false
2571,ACTIVE_RESULTS,,6.0,,0,0,0,0,,DEPTH_SNAPSHOT_STREAM,false
2571,LATE_COUNT,,42.8,,0,0,0,0,,DEPTH_SNAPSHOT_STREAM,false
2571,POST_RESOLUTION_DIAGNOSTIC,,,,0,0,0,0,,DEPTH_SNAPSHOT_STREAM,false
2572,PRE_ELECTION,,60.0,,0,0,0,0,,DEPTH_SNAPSHOT_STREAM,false
2572,ELECTION_DAY_PRE_RESULTS,,11.2,,0,0,0,0,,DEPTH_SNAPSHOT_STREAM,false
2572,ACTIVE_RESULTS,,6.0,,0,0,0,0,,DEPTH_SNAPSHOT_STREAM,false
2572,LATE_COUNT,,42.8,,0,0,0,0,,DEPTH_SNAPSHOT_STREAM,false
2572,POST_RESOLUTION_DIAGNOSTIC,,,,0,0,0,0,,DEPTH_SNAPSHOT_STREAM,false
2573,PRE_ELECTION,,60.0,,0,0,0,0,,DEPTH_SNAPSHOT_STREAM,false
2573,ELECTION_DAY_PRE_RESULTS,,11.2,,0,0,0,0,,DEPTH_SNAPSHOT_STREAM,false
2573,ACTIVE_RESULTS,,6.0,,0,0,0,0,,DEPTH_SNAPSHOT_STREAM,false
2573,LATE_COUNT,,42.8,,0,0,0,0,,DEPTH_SNAPSHOT_STREAM,false
2573,POST_RESOLUTION_DIAGNOSTIC,,,,0,0,0,0,,DEPTH_SNAPSHOT_STREAM,false
2574,PRE_ELECTION,,60.0,,0,0,0,0,,DEPTH_SNAPSHOT_STREAM,false
2574,ELECTION_DAY_PRE_RESULTS,,11.2,,0,0,0,0,,DEPTH_SNAPSHOT_STREAM,false
2574,ACTIVE_RESULTS,,6.0,,0,0,0,0,,DEPTH_SNAPSHOT_STREAM,false
2574,LATE_COUNT,,42.8,,0,0,0,0,,DEPTH_SNAPSHOT_STREAM,false
2574,POST_RESOLUTION_DIAGNOSTIC,,,,0,0,0,0,,DEPTH_SNAPSHOT_STREAM,false
2575,PRE_ELECTION,,60.0,,0,0,0,0,,DEPTH_SNAPSHOT_STREAM,false
2575,ELECTION_DAY_PRE_RESULTS,,11.2,,0,0,0,0,,DEPTH_SNAPSHOT_STREAM,false
2575,ACTIVE_RESULTS,,6.0,,0,0,0,0,,DEPTH_SNAPSHOT_STREAM,false
2575,LATE_COUNT,,42.8,,0,0,0,0,,DEPTH_SNAPSHOT_STREAM,false
2575,POST_RESOLUTION_DIAGNOSTIC,,,,0,0,0,0,,DEPTH_SNAPSHOT_STREAM,false
2576,PRE_ELECTION,,60.0,,0,0,0,0,,DEPTH_SNAPSHOT_STREAM,false
2576,ELECTION_DAY_PRE_RESULTS,,11.2,,0,0,0,0,,DEPTH_SNAPSHOT_STREAM,false
2576,ACTIVE_RESULTS,,6.0,,0,0,0,0,,DEPTH_SNAPSHOT_STREAM,false
2576,LATE_COUNT,,42.8,,0,0,0,0,,DEPTH_SNAPSHOT_STREAM,false
2576,POST_RESOLUTION_DIAGNOSTIC,,,,0,0,0,0,,DEPTH_SNAPSHOT_STREAM,false
2577,PRE_ELECTION,,60.0,,0,0,0,0,,DEPTH_SNAPSHOT_STREAM,false
2577,ELECTION_DAY_PRE_RESULTS,,11.2,,0,0,0,0,,DEPTH_SNAPSHOT_STREAM,false
2577,ACTIVE_RESULTS,,6.0,,0,0,0,0,,DEPTH_SNAPSHOT_STREAM,false
2577,LATE_COUNT,,42.8,,0,0,0,0,,DEPTH_SNAPSHOT_STREAM,false
2577,POST_RESOLUTION_DIAGNOSTIC,,,,0,0,0,0,,DEPTH_SNAPSHOT_STREAM,false
2578,PRE_ELECTION,,60.0,,0,0,0,0,,DEPTH_SNAPSHOT_STREAM,false
2578,ELECTION_DAY_PRE_RESULTS,,11.2,,0,0,0,0,,DEPTH_SNAPSHOT_STREAM,false
2578,ACTIVE_RESULTS,,6.0,,0,0,0,0,,DEPTH_SNAPSHOT_STREAM,false
2578,LATE_COUNT,,42.8,,0,0,0,0,,DEPTH_SNAPSHOT_STREAM,false
2578,POST_RESOLUTION_DIAGNOSTIC,,,,0,0,0,0,,DEPTH_SNAPSHOT_STREAM,false
2579,PRE_ELECTION,,60.0,,0,0,0,0,,DEPTH_SNAPSHOT_STREAM,false
2579,ELECTION_DAY_PRE_RESULTS,,11.2,,0,0,0,0,,DEPTH_SNAPSHOT_STREAM,false
2579,ACTIVE_RESULTS,,6.0,,0,0,0,0,,DEPTH_SNAPSHOT_STREAM,false
2579,LATE_COUNT,,42.8,,0,0,0,0,,DEPTH_SNAPSHOT_STREAM,false
2579,POST_RESOLUTION_DIAGNOSTIC,,,,0,0,0,0,,DEPTH_SNAPSHOT_STREAM,false
2580,PRE_ELECTION,,60.0,,0,0,0,0,,DEPTH_SNAPSHOT_STREAM,false
2580,ELECTION_DAY_PRE_RESULTS,,11.2,,0,0,0,0,,DEPTH_SNAPSHOT_STREAM,false
2580,ACTIVE_RESULTS,,6.0,,0,0,0,0,,DEPTH_SNAPSHOT_STREAM,false
2580,LATE_COUNT,,42.8,,0,0,0,0,,DEPTH_SNAPSHOT_STREAM,false
2580,POST_RESOLUTION_DIAGNOSTIC,,,,0,0,0,0,,DEPTH_SNAPSHOT_STREAM,false
2581,PRE_ELECTION,,60.0,,0,0,0,0,,DEPTH_SNAPSHOT_STREAM,false
2581,ELECTION_DAY_PRE_RESULTS,,11.2,,0,0,0,0,,DEPTH_SNAPSHOT_STREAM,false
2581,ACTIVE_RESULTS,,6.0,,0,0,0,0,,DEPTH_SNAPSHOT_STREAM,false
2581,LATE_COUNT,,42.8,,0,0,0,0,,DEPTH_SNAPSHOT_STREAM,false
2581,POST_RESOLUTION_DIAGNOSTIC,,,,0,0,0,0,,DEPTH_SNAPSHOT_STREAM,false
2582,PRE_ELECTION,,60.0,,0,0,0,0,,DEPTH_SNAPSHOT_STREAM,false
2582,ELECTION_DAY_PRE_RESULTS,,11.2,,0,0,0,0,,DEPTH_SNAPSHOT_STREAM,false
2582,ACTIVE_RESULTS,,6.0,,0,0,0,0,,DEPTH_SNAPSHOT_STREAM,false
2582,LATE_COUNT,,42.8,,0,0,0,0,,DEPTH_SNAPSHOT_STREAM,false
2582,POST_RESOLUTION_DIAGNOSTIC,,,,0,0,0,0,,DEPTH_SNAPSHOT_STREAM,false
2583,PRE_ELECTION,,60.0,,0,0,0,0,,DEPTH_SNAPSHOT_STREAM,false
2583,ELECTION_DAY_PRE_RESULTS,,11.2,,0,0,0,0,,DEPTH_SNAPSHOT_STREAM,false
2583,ACTIVE_RESULTS,,6.0,,0,0,0,0,,DEPTH_SNAPSHOT_STREAM,false
2583,LATE_COUNT,,42.8,,0,0,0,0,,DEPTH_SNAPSHOT_STREAM,false
2583,POST_RESOLUTION_DIAGNOSTIC,,,,0,0,0,0,,DEPTH_SNAPSHOT_STREAM,false
2584,PRE_ELECTION,,60.0,,0,0,0,0,,DEPTH_SNAPSHOT_STREAM,false
2584,ELECTION_DAY_PRE_RESULTS,,11.2,,0,0,0,0,,DEPTH_SNAPSHOT_STREAM,false
2584,ACTIVE_RESULTS,,6.0,,0,0,0,0,,DEPTH_SNAPSHOT_STREAM,false
2584,LATE_COUNT,,42.8,,0,0,0,0,,DEPTH_SNAPSHOT_STREAM,false
2584,POST_RESOLUTION_DIAGNOSTIC,,,,0,0,0,0,,DEPTH_SNAPSHOT_STREAM,false
2585,PRE_ELECTION,,60.0,,0,0,0,0,,DEPTH_SNAPSHOT_STREAM,false
2585,ELECTION_DAY_PRE_RESULTS,,11.2,,0,0,0,0,,DEPTH_SNAPSHOT_STREAM,false
2585,ACTIVE_RESULTS,,6.0,,0,0,0,0,,DEPTH_SNAPSHOT_STREAM,false
2585,LATE_COUNT,,42.8,,0,0,0,0,,DEPTH_SNAPSHOT_STREAM,false
2585,POST_RESOLUTION_DIAGNOSTIC,,,,0,0,0,0,,DEPTH_SNAPSHOT_STREAM,false
2586,PRE_ELECTION,,60.0,,0,0,0,0,,DEPTH_SNAPSHOT_STREAM,false
2586,ELECTION_DAY_PRE_RESULTS,,11.2,,0,0,0,0,,DEPTH_SNAPSHOT_STREAM,false
2586,ACTIVE_RESULTS,,6.0,,0,0,0,0,,DEPTH_SNAPSHOT_STREAM,false
2586,LATE_COUNT,,42.8,,0,0,0,0,,DEPTH_SNAPSHOT_STREAM,false
2586,POST_RESOLUTION_DIAGNOSTIC,,,,0,0,0,0,,DEPTH_SNAPSHOT_STREAM,false
2587,PRE_ELECTION,,60.0,,0,0,0,0,,DEPTH_SNAPSHOT_STREAM,false
2587,ELECTION_DAY_PRE_RESULTS,,11.2,,0,0,0,0,,DEPTH_SNAPSHOT_STREAM,false
2587,ACTIVE_RESULTS,,6.0,,0,0,0,0,,DEPTH_SNAPSHOT_STREAM,false
2587,LATE_COUNT,,42.8,,0,0,0,0,,DEPTH_SNAPSHOT_STREAM,false
2587,POST_RESOLUTION_DIAGNOSTIC,,,,0,0,0,0,,DEPTH_SNAPSHOT_STREAM,false
2588,PRE_ELECTION,,60.0,,0,0,0,0,,DEPTH_SNAPSHOT_STREAM,false
2588,ELECTION_DAY_PRE_RESULTS,,11.2,,0,0,0,0,,DEPTH_SNAPSHOT_STREAM,false
2588,ACTIVE_RESULTS,,6.0,,0,0,0,0,,DEPTH_SNAPSHOT_STREAM,false
2588,LATE_COUNT,,42.8,,0,0,0,0,,DEPTH_SNAPSHOT_STREAM,false
2588,POST_RESOLUTION_DIAGNOSTIC,,,,0,0,0,0,,DEPTH_SNAPSHOT_STREAM,false
2589,PRE_ELECTION,,60.0,,0,0,0,0,,DEPTH_SNAPSHOT_STREAM,false
2589,ELECTION_DAY_PRE_RESULTS,,11.2,,0,0,0,0,,DEPTH_SNAPSHOT_STREAM,false
2589,ACTIVE_RESULTS,,6.0,,0,0,0,0,,DEPTH_SNAPSHOT_STREAM,false
2589,LATE_COUNT,,42.8,,0,0,0,0,,DEPTH_SNAPSHOT_STREAM,false
2589,POST_RESOLUTION_DIAGNOSTIC,,,,0,0,0,0,,DEPTH_SNAPSHOT_STREAM,false
2590,PRE_ELECTION,,60.0,,0,0,0,0,,DEPTH_SNAPSHOT_STREAM,false
2590,ELECTION_DAY_PRE_RESULTS,,11.2,,0,0,0,0,,DEPTH_SNAPSHOT_STREAM,false
2590,ACTIVE_RESULTS,,6.0,,0,0,0,0,,DEPTH_SNAPSHOT_STREAM,false
2590,LATE_COUNT,,42.8,,0,0,0,0,,DEPTH_SNAPSHOT_STREAM,false
2590,POST_RESOLUTION_DIAGNOSTIC,,,,0,0,0,0,,DEPTH_SNAPSHOT_STREAM,false
2591,PRE_ELECTION,,60.0,,0,0,0,0,,DEPTH_SNAPSHOT_STREAM,false
2591,ELECTION_DAY_PRE_RESULTS,,11.2,,0,0,0,0,,DEPTH_SNAPSHOT_STREAM,false
2591,ACTIVE_RESULTS,,6.0,,0,0,0,0,,DEPTH_SNAPSHOT_STREAM,false
2591,LATE_COUNT,,42.8,,0,0,0,0,,DEPTH_SNAPSHOT_STREAM,false
2591,POST_RESOLUTION_DIAGNOSTIC,,,,0,0,0,0,,DEPTH_SNAPSHOT_STREAM,false
2592,PRE_ELECTION,,60.0,,0,0,0,0,,DEPTH_SNAPSHOT_STREAM,false
2592,ELECTION_DAY_PRE_RESULTS,,11.2,,0,0,0,0,,DEPTH_SNAPSHOT_STREAM,false
2592,ACTIVE_RESULTS,,6.0,,0,0,0,0,,DEPTH_SNAPSHOT_STREAM,false
2592,LATE_COUNT,,42.8,,0,0,0,0,,DEPTH_SNAPSHOT_STREAM,false
2592,POST_RESOLUTION_DIAGNOSTIC,,,,0,0,0,0,,DEPTH_SNAPSHOT_STREAM,false
2593,PRE_ELECTION,,60.0,,0,0,0,0,,DEPTH_SNAPSHOT_STREAM,false
2593,ELECTION_DAY_PRE_RESULTS,,11.2,,0,0,0,0,,DEPTH_SNAPSHOT_STREAM,false
2593,ACTIVE_RESULTS,,6.0,,0,0,0,0,,DEPTH_SNAPSHOT_STREAM,false
2593,LATE_COUNT,,42.8,,0,0,0,0,,DEPTH_SNAPSHOT_STREAM,false
2593,POST_RESOLUTION_DIAGNOSTIC,,,,0,0,0,0,,DEPTH_SNAPSHOT_STREAM,false
2594,PRE_ELECTION,,60.0,,0,0,0,0,,DEPTH_SNAPSHOT_STREAM,false
2594,ELECTION_DAY_PRE_RESULTS,,11.2,,0,0,0,0,,DEPTH_SNAPSHOT_STREAM,false
2594,ACTIVE_RESULTS,,6.0,,0,0,0,0,,DEPTH_SNAPSHOT_STREAM,false
2594,LATE_COUNT,,42.8,,0,0,0,0,,DEPTH_SNAPSHOT_STREAM,false
2594,POST_RESOLUTION_DIAGNOSTIC,,,,0,0,0,0,,DEPTH_SNAPSHOT_STREAM,false
2595,PRE_ELECTION,,60.0,,0,0,0,0,,DEPTH_SNAPSHOT_STREAM,false
2595,ELECTION_DAY_PRE_RESULTS,,11.2,,0,0,0,0,,DEPTH_SNAPSHOT_STREAM,false
2595,ACTIVE_RESULTS,,6.0,,0,0,0,0,,DEPTH_SNAPSHOT_STREAM,false
2595,LATE_COUNT,,42.8,,0,0,0,0,,DEPTH_SNAPSHOT_STREAM,false
2595,POST_RESOLUTION_DIAGNOSTIC,,,,0,0,0,0,,DEPTH_SNAPSHOT_STREAM,false
2596,PRE_ELECTION,,60.0,,0,0,0,0,,DEPTH_SNAPSHOT_STREAM,false
2596,ELECTION_DAY_PRE_RESULTS,,11.2,,0,0,0,0,,DEPTH_SNAPSHOT_STREAM,false
2596,ACTIVE_RESULTS,,6.0,,0,0,0,0,,DEPTH_SNAPSHOT_STREAM,false
2596,LATE_COUNT,,42.8,,0,0,0,0,,DEPTH_SNAPSHOT_STREAM,false
2596,POST_RESOLUTION_DIAGNOSTIC,,,,0,0,0,0,,DEPTH_SNAPSHOT_STREAM,false
2597,PRE_ELECTION,,60.0,,0,0,0,0,,DEPTH_SNAPSHOT_STREAM,false
2597,ELECTION_DAY_PRE_RESULTS,,11.2,,0,0,0,0,,DEPTH_SNAPSHOT_STREAM,false
2597,ACTIVE_RESULTS,,6.0,,0,0,0,0,,DEPTH_SNAPSHOT_STREAM,false
2597,LATE_COUNT,,42.8,,0,0,0,0,,DEPTH_SNAPSHOT_STREAM,false
2597,POST_RESOLUTION_DIAGNOSTIC,,,,0,0,0,0,,DEPTH_SNAPSHOT_STREAM,false
2598,PRE_ELECTION,,60.0,,0,0,0,0,,DEPTH_SNAPSHOT_STREAM,false
2598,ELECTION_DAY_PRE_RESULTS,,11.2,,0,0,0,0,,DEPTH_SNAPSHOT_STREAM,false
2598,ACTIVE_RESULTS,,6.0,,0,0,0,0,,DEPTH_SNAPSHOT_STREAM,false
2598,LATE_COUNT,,42.8,,0,0,0,0,,DEPTH_SNAPSHOT_STREAM,false
2598,POST_RESOLUTION_DIAGNOSTIC,,,,0,0,0,0,,DEPTH_SNAPSHOT_STREAM,false
2599,PRE_ELECTION,,60.0,,0,0,0,0,,DEPTH_SNAPSHOT_STREAM,false
2599,ELECTION_DAY_PRE_RESULTS,,11.2,,0,0,0,0,,DEPTH_SNAPSHOT_STREAM,false
2599,ACTIVE_RESULTS,,6.0,,0,0,0,0,,DEPTH_SNAPSHOT_STREAM,false
2599,LATE_COUNT,,42.8,,0,0,0,0,,DEPTH_SNAPSHOT_STREAM,false
2599,POST_RESOLUTION_DIAGNOSTIC,,,,0,0,0,0,,DEPTH_SNAPSHOT_STREAM,false
