regime_id,event_family,market_id,condition_id,token_id,outcome,question,snapshot_count,first_snapshot,last_snapshot,first_midpoint,last_midpoint,last_midpoint_side,baseline_at_result_start,baseline_timestamp,baseline_relation,active_snapshot_count,active_first_midpoint,active_last_midpoint,active_min_midpoint,active_max_midpoint,active_first_logit,active_last_logit,median_active_spread,median_active_top_bid_depth,median_active_top_ask_depth,first_90_toward_last_side,hours_to_90_from_result_start,first_95_toward_last_side,hours_to_95_from_result_start,first_99_toward_last_side,hours_to_99_from_result_start,first_sustained_75_toward_last_side,hours_to_sustained_75_from_result_start,effectively_one_sided_99_observed,diagnostic_only,used_to_choose_regime_boundary,max_abs_midpoint_change_15m,max_abs_logit_change_15m,max_abs_midpoint_change_30m,max_abs_logit_change_30m,max_abs_midpoint_change_1h,max_abs_logit_change_1h,max_abs_midpoint_change_3h,max_abs_logit_change_3h,max_abs_midpoint_change_6h,max_abs_logit_change_6h,max_abs_midpoint_change_12h,max_abs_logit_change_12h,max_abs_midpoint_change_24h,max_abs_logit_change_24h
colombia_first_round,COL_2026,2037914,0x214e38b663643eb8428e7eebc73eada6fe580724ce6ad298e22b04b6ed2af0b9,104120634170391766294745534923968074884644833335532494093680914844279537387792,Yes,Will Sergio Fajardo place 2nd in the 1st round of the 2026 Colombian presidential election?,12,2026-05-30T09:27:08.421000Z,2026-05-31T05:44:50.763000Z,0.0085,0.0475,NO,0.0475,2026-05-31T05:44:50.763000Z,AT_OR_BEFORE_RESULT_START,0,,,,,,,,,,,,,,,,,,false,true,false,,,,,,,,,,,,,,
colombia_first_round,COL_2026,2037914,0x214e38b663643eb8428e7eebc73eada6fe580724ce6ad298e22b04b6ed2af0b9,51478817533267971727964893945813375824876637274065996714709315814131936570088,No,Will Sergio Fajardo place 2nd in the 1st round of the 2026 Colombian presidential election?,10,2026-05-30T09:27:08.421000Z,2026-05-31T05:44:50.763000Z,0.9915,0.9525,YES,0.9525,2026-05-31T05:44:50.763000Z,AT_OR_BEFORE_RESULT_START,0,,,,,,,,,,,,,,,,,,false,true,false,,,,,,,,,,,,,,
colombia_first_round,COL_2026,2037917,0xda907bc72ace0a6ee956394b022dd7a07e23dd7e1f2346ec1d6cef392e87e77d,40612471379175543257454686269876903661266624554019736329691040922411085126433,No,Will Paloma Valencia place 2nd in the 1st round of the 2026 Colombian presidential election?,156,2026-05-29T00:00:55.977000Z,2026-06-02T23:15:19.658000Z,0.956,0.996,YES,0.979,2026-05-31T21:09:55.252000Z,AT_OR_BEFORE_RESULT_START,26,0.979,0.993,0.9785,0.9985,3.8420092,4.95482051,0.001,180.0,2155.885,2026-05-31T21:12:28.466000Z,0.024574,2026-05-31T21:12:28.466000Z,0.024574,2026-05-31T21:21:03.430000Z,0.167619,2026-05-31T21:12:28.466000Z,0.024574,true,true,false,0.0115,0.80490886,0.0195,2.65877984,0.0195,2.65877984,0.0195,2.65877984,0.0195,2.65877984,0.0195,2.65877984,0.0195,2.65877984
colombia_first_round,COL_2026,2037917,0xda907bc72ace0a6ee956394b022dd7a07e23dd7e1f2346ec1d6cef392e87e77d,63853622151739517344845565070031879672648174564960271673236617995513310773183,Yes,Will Paloma Valencia place 2nd in the 1st round of the 2026 Colombian presidential election?,158,2026-05-29T00:00:55.977000Z,2026-06-02T12:21:09.313000Z,0.044,0.005,NO,0.021,2026-05-31T21:09:55.252000Z,AT_OR_BEFORE_RESULT_START,26,0.021,0.007,0.0015,0.0215,-3.8420092,-4.95482051,0.001,2155.885,180.0,2026-05-31T21:12:28.466000Z,0.024574,2026-05-31T21:12:28.466000Z,0.024574,2026-05-31T21:21:03.430000Z,0.167619,2026-05-31T21:12:28.466000Z,0.024574,true,true,false,0.0115,0.80490886,0.0195,2.65877984,0.0195,2.65877984,0.0195,2.65877984,0.0195,2.65877984,0.0195,2.65877984,0.0195,2.65877984
colombia_first_round,COL_2026,2037918,0xd5316f1032d75854eaca7b48150223e5191d43231aa14ee7b2cb8a2186d681a6,74625951734720996156139274995437961112167914312908354373606656149038667957546,Yes,Will Iván Cepeda Castro place 2nd in the 1st round of the 2026 Colombian presidential election?,273,2026-05-29T00:42:34.083000Z,2026-06-02T22:47:40.530000Z,0.285,0.993,YES,0.22,2026-05-31T21:05:14.933000Z,AT_OR_BEFORE_RESULT_START,77,0.2355,0.981,0.2325,0.9935,-1.17751111,3.94413348,0.028,40.19,193.47,2026-05-31T22:02:40.570000Z,0.861269,2026-05-31T22:27:27.663000Z,1.274351,2026-05-31T23:20:46.434000Z,2.162898,2026-05-31T21:55:10.313000Z,0.736198,true,true,false,0.0155,0.08815526,0.21,0.98381522,0.688,3.55512217,0.7735,6.29509826,0.7735,6.29509826,0.7735,6.29509826,0.7735,6.29509826
colombia_first_round,COL_2026,2037918,0xd5316f1032d75854eaca7b48150223e5191d43231aa14ee7b2cb8a2186d681a6,90189960398592066420677355934235451748914482357280884620697709941573940637541,No,Will Iván Cepeda Castro place 2nd in the 1st round of the 2026 Colombian presidential election?,280,2026-05-29T00:59:28.023000Z,2026-06-02T23:20:48.970000Z,0.717,0.007,NO,0.78,2026-05-31T21:05:15.061000Z,AT_OR_BEFORE_RESULT_START,77,0.7645,0.019,0.0065,0.7675,1.17751111,-3.94413348,0.028,193.47,40.19,2026-05-31T22:02:40.570000Z,0.861269,2026-05-31T22:27:27.663000Z,1.274351,2026-05-31T23:20:46.434000Z,2.162898,2026-05-31T21:55:10.313000Z,0.736198,true,true,false,0.0155,0.08815526,0.21,0.98381522,0.688,3.55512217,0.7735,6.29509826,0.7735,6.29509826,0.7735,6.29509826,0.7735,6.29509826
colombia_first_round,COL_2026,2037919,0x4e7ab14e108ea5a9155cec536b435c098b72702639598f0c28349c8bac946d94,102079623168623471273840290882862058479284336255106205460876708374644120043097,No,Will Abelardo de la Espriella place 2nd in the 1st round of the 2026 Colombian presidential election?,255,2026-05-29T01:22:07.959000Z,2026-06-02T23:44:07.492000Z,0.3,0.9945,YES,0.245,2026-05-31T21:01:50.387000Z,AT_OR_BEFORE_RESULT_START,84,0.25,0.9955,0.22,0.9955,-1.09861229,5.39916773,0.06,34.06,165.48,2026-05-31T21:52:59.022000Z,0.699728,2026-05-31T21:52:59.022000Z,0.699728,2026-05-31T23:17:51.516000Z,2.11431,2026-05-31T21:49:06.982000Z,0.635273,true,true,false,0.005,0.02721997,0.355,1.53092465,0.735,5.01727984,0.746,5.8269495,0.7505,6.52462727,0.7505,6.52462727,0.7505,6.52462727
colombia_first_round,COL_2026,2037919,0x4e7ab14e108ea5a9155cec536b435c098b72702639598f0c28349c8bac946d94,10647133337702892106263778573888138658570317713098443417452924210592766368406,Yes,Will Abelardo de la Espriella place 2nd in the 1st round of the 2026 Colombian presidential election?,277,2026-05-29T00:20:22.958000Z,2026-06-02T22:47:30.399000Z,0.7,0.0055,NO,0.755,2026-05-31T21:01:50.387000Z,AT_OR_BEFORE_RESULT_START,84,0.75,0.0045,0.0045,0.78,1.09861229,-5.39916773,0.06,165.48,34.06,2026-05-31T21:52:59.022000Z,0.699728,2026-05-31T21:52:59.022000Z,0.699728,2026-05-31T23:17:51.516000Z,2.11431,2026-05-31T21:49:06.982000Z,0.635273,true,true,false,0.005,0.02721997,0.355,1.53092465,0.735,5.01727984,0.746,5.8269495,0.7505,6.52462727,0.7505,6.52462727,0.7515,6.77694571
colombia_first_round,COL_2026,2252528,0x16442f96848b4442b335774cd10a47bc917ec541130226b45cdc4f26abfbb05a,2744910169025435180867465822005734639824915857729809093127949443344738999140,No,Will Abelardo de la Espriella & Paloma Valencia advance to the second round of the 2026 Colombian presidential election?,8,2026-05-30T09:48:20.135000Z,2026-06-02T10:33:39.488000Z,0.9985,0.9985,YES,0.9985,2026-05-30T21:34:34.288000Z,AT_OR_BEFORE_RESULT_START,0,,,,,,,,,,2026-06-02T10:33:39.488000Z,37.377636,2026-06-02T10:33:39.488000Z,37.377636,2026-06-02T10:33:39.488000Z,37.377636,2026-06-02T10:33:39.488000Z,37.377636,true,true,false,,,,,,,,,,,,,,
colombia_first_round,COL_2026,2252528,0x16442f96848b4442b335774cd10a47bc917ec541130226b45cdc4f26abfbb05a,69354691871414110693522807641531264544288172767412558619166842998812658601653,Yes,Will Abelardo de la Espriella & Paloma Valencia advance to the second round of the 2026 Colombian presidential election?,9,2026-05-30T09:48:20.135000Z,2026-06-02T10:33:39.488000Z,0.0015,0.0015,NO,0.0015,2026-05-30T21:52:57.200000Z,AT_OR_BEFORE_RESULT_START,0,,,,,,,,,,2026-06-02T10:33:39.488000Z,37.377636,2026-06-02T10:33:39.488000Z,37.377636,2026-06-02T10:33:39.488000Z,37.377636,2026-06-02T10:33:39.488000Z,37.377636,true,true,false,,,,,,,,,,,,,,
colombia_first_round,COL_2026,2252529,0x88be7d8303a38d545170ae4e891de00dcdc6e888693dc77c009de08cbdaac6f4,6614587482222729078536160997578397454209802953686498630801497236274921400670,Yes,Will Abelardo de la Espriella & Iván Cepeda Castro advance to the second round of the 2026 Colombian presidential election?,292,2026-05-29T00:18:39.080000Z,2026-06-02T23:58:17.581000Z,0.835,0.9875,YES,0.895,2026-05-31T21:10:50.112000Z,AT_OR_BEFORE_RESULT_START,36,0.9,0.9885,0.9,0.99,2.19722458,4.45384161,0.011,317.58,395.14,2026-05-31T21:18:56.673000Z,0.132409,2026-05-31T21:29:26.540000Z,0.307372,2026-06-01T00:01:59.976000Z,2.849993,2026-05-31T21:18:56.673000Z,0.132409,true,true,false,0.045,0.60867194,0.06,0.91218548,0.08,1.52069828,0.095,2.45225648,0.095,2.45225648,0.095,2.45225648,0.095,2.45225648
colombia_first_round,COL_2026,2252529,0x88be7d8303a38d545170ae4e891de00dcdc6e888693dc77c009de08cbdaac6f4,99913635931667522899500823881252137954914409253514892824010266246173173870853,No,Will Abelardo de la Espriella & Iván Cepeda Castro advance to the second round of the 2026 Colombian presidential election?,269,2026-05-29T00:09:38.125000Z,2026-06-02T22:36:48.013000Z,0.16,0.0125,NO,0.105,2026-05-31T21:10:50.112000Z,AT_OR_BEFORE_RESULT_START,36,0.1,0.0115,0.01,0.1,-2.19722458,-4.45384161,0.011,395.14,317.58,2026-05-31T21:23:24.544000Z,0.206818,2026-05-31T21:29:26.540000Z,0.307372,2026-06-01T00:01:59.976000Z,2.849993,2026-05-31T21:18:56.673000Z,0.132409,true,true,false,0.045,0.60867194,0.06,0.91218548,0.08,1.52069828,0.095,2.45225648,0.095,2.45225648,0.095,2.45225648,0.095,2.45225648
colombia_first_round,COL_2026,2252530,0xa40838c5977d0e3cb4d124b2f3b996779c9a67261c8d25df820a971eac7aa14d,46594719975829147646247805639008469152513561987741072790632219260410445009819,Yes,Will Paloma Valencia & Iván Cepeda Castro advance to the second round of the 2026 Colombian presidential election?,142,2026-05-29T00:29:14.754000Z,2026-06-02T10:34:00.781000Z,0.0375,0.0015,NO,0.0215,2026-05-31T20:36:12.713000Z,AT_OR_BEFORE_RESULT_START,4,0.018,0.0015,0.0015,0.018,-3.99921955,-6.50078904,0.001,16.86,43.66,2026-05-31T21:23:24.544000Z,0.206818,2026-05-31T21:23:24.544000Z,0.206818,2026-05-31T23:16:54.643000Z,2.098512,2026-05-31T21:23:24.544000Z,0.206818,true,true,false,0.0035,0.1812517,0.0035,0.1812517,0.0035,0.1812517,0.02,2.68282119,0.02,2.68282119,0.02,2.68282119,0.02,2.68282119
colombia_first_round,COL_2026,2252530,0xa40838c5977d0e3cb4d124b2f3b996779c9a67261c8d25df820a971eac7aa14d,89503311428451002545094447410862372630083055613010650452067008684684316221101,No,Will Paloma Valencia & Iván Cepeda Castro advance to the second round of the 2026 Colombian presidential election?,127,2026-05-29T00:35:37.870000Z,2026-06-02T10:34:00.781000Z,0.961,0.9985,YES,0.977,2026-05-31T19:50:17.039000Z,AT_OR_BEFORE_RESULT_START,4,0.982,0.9985,0.982,0.9985,3.99921955,6.50078904,0.001,43.66,16.86,2026-05-31T21:23:24.544000Z,0.206818,2026-05-31T21:23:24.544000Z,0.206818,2026-05-31T23:16:54.643000Z,2.098512,2026-05-31T21:23:24.544000Z,0.206818,true,true,false,0.005,0.25022711,0.005,0.25022711,0.005,0.25022711,0.0215,2.75179661,0.0215,2.75179661,0.0215,2.75179661,0.0215,2.75179661
colombia_first_round,COL_2026,2252531,0x725ebbec217503a2423d0407d0b6adcdd809530eb52c6bc7f10049fc256e435a,31048542378510168403209628177033913027396144385984633758100247314026514613191,No,Will someone else advance to the second round of the 2026 Colombian presidential election?,10,2026-05-29T17:44:14.564000Z,2026-06-02T22:37:26.703000Z,0.9935,0.9975,YES,0.9945,2026-05-31T16:46:34.821000Z,AT_OR_BEFORE_RESULT_START,0,,,,,,,,,,2026-06-02T20:05:15.374000Z,46.904271,2026-06-02T20:05:15.374000Z,46.904271,2026-06-02T20:05:15.374000Z,46.904271,2026-06-02T20:05:15.374000Z,46.904271,true,true,false,,,,,,,,,,,,,,
colombia_first_round,COL_2026,2252531,0x725ebbec217503a2423d0407d0b6adcdd809530eb52c6bc7f10049fc256e435a,56353357200751108439804064918299989884298588881627270842017194206692181099973,Yes,Will someone else advance to the second round of the 2026 Colombian presidential election?,13,2026-05-29T17:44:14.564000Z,2026-06-02T20:05:17.203000Z,0.0065,0.002,NO,0.0055,2026-05-31T16:46:34.821000Z,AT_OR_BEFORE_RESULT_START,0,,,,,,,,,,2026-06-01T16:22:04.082000Z,19.184467,2026-06-01T16:22:04.082000Z,19.184467,2026-06-01T16:22:04.082000Z,19.184467,2026-06-01T16:22:04.082000Z,19.184467,true,true,false,,,,,,,,,,,,,0.003,0.79146941
colombia_first_round,COL_2026,2252532,0xe8a896f18ae432d57e58e5ff10e6afc459c2aad377bdb054acdf7206a8d480ad,44935708904002444340516863159202577053258296462818212559658019744535471845726,Yes,Will a candidate win the 2026 Colombian presidential election in the first round?,269,2026-05-29T00:41:05.823000Z,2026-06-02T23:34:31.300000Z,0.138,0.0105,NO,0.0645,2026-05-31T20:51:33.428000Z,AT_OR_BEFORE_RESULT_START,18,0.0615,0.0075,0.0075,0.063,-2.72524568,-4.88532399,0.0275,912.95,20.16,2026-05-31T21:11:03.707000Z,0.00103,2026-05-31T21:58:34.118000Z,0.792811,2026-05-31T22:26:20.984000Z,1.255829,2026-05-31T21:11:03.707000Z,0.00103,true,true,false,0.003,0.05082976,0.003,0.05082976,0.042,1.09706706,0.0565,2.14586564,0.057,2.21090807,0.057,2.21090807,0.0575,2.28040459
colombia_first_round,COL_2026,2252532,0xe8a896f18ae432d57e58e5ff10e6afc459c2aad377bdb054acdf7206a8d480ad,71556542430738638576862351536576793576208285214879984576448214562761983040352,No,Will a candidate win the 2026 Colombian presidential election in the first round?,252,2026-05-29T00:19:28.590000Z,2026-06-02T23:37:40.019000Z,0.862,0.9895,YES,0.9355,2026-05-31T20:51:33.428000Z,AT_OR_BEFORE_RESULT_START,18,0.9385,0.9925,0.937,0.9925,2.72524568,4.88532399,0.0275,20.16,912.95,2026-05-31T21:11:03.707000Z,0.00103,2026-05-31T21:58:34.118000Z,0.792811,2026-05-31T22:26:20.984000Z,1.255829,2026-05-31T21:11:03.707000Z,0.00103,true,true,false,0.003,0.05082976,0.003,0.05082976,0.042,1.09706706,0.0565,2.14586564,0.057,2.21090807,0.057,2.21090807,0.0575,2.28040459
colombia_first_round,COL_2026,2333864,0xc36e1d4ed67ee6c42f2777cd5cce683518b390796dab144ec709e9a4f34384c3,67351153734012798134197684486955267903258625657960931313301724862712650260585,No,Will Vicky Dávila place 3rd in the 1st round of the 2026 Colombian presidential election?,16,2026-05-29T00:31:31.251000Z,2026-05-29T18:45:09.262000Z,0.9825,0.9845,YES,0.9845,2026-05-29T18:45:09.262000Z,AT_OR_BEFORE_RESULT_START,0,,,,,,,,,,,,,,,,,,false,true,false,,,,,,,,,,,,,,
colombia_first_round,COL_2026,2333864,0xc36e1d4ed67ee6c42f2777cd5cce683518b390796dab144ec709e9a4f34384c3,79166795039552586419110446193573290887281569896619088879448406528134277387293,Yes,Will Vicky Dávila place 3rd in the 1st round of the 2026 Colombian presidential election?,16,2026-05-29T01:21:57.511000Z,2026-05-29T18:45:09.262000Z,0.008,0.0155,NO,0.0155,2026-05-29T18:45:09.262000Z,AT_OR_BEFORE_RESULT_START,0,,,,,,,,,,,,,,,,,,false,true,false,,,,,,,,,,,,,,
colombia_first_round,COL_2026,2333865,0x570584e73bb6a809be11d2636c64bf4b74487b612fbf9a7782a32439caea1fe7,30784107834155268010683747974007437163202797356150390767870748631058209969507,Yes,Will Luis Gilberto Murillo place 3rd in the 1st round of the 2026 Colombian presidential election?,53,2026-05-29T00:04:57.538000Z,2026-05-31T19:20:39.793000Z,0.033,0.0015,NO,0.0015,2026-05-31T19:20:39.793000Z,AT_OR_BEFORE_RESULT_START,0,,,,,,,,,,,,,,,,,,false,true,false,,,,,,,,,,,,,,
colombia_first_round,COL_2026,2333865,0x570584e73bb6a809be11d2636c64bf4b74487b612fbf9a7782a32439caea1fe7,46054207991360818981200629995836876456353596967135559498033644278491911925403,No,Will Luis Gilberto Murillo place 3rd in the 1st round of the 2026 Colombian presidential election?,43,2026-05-29T01:22:08.270000Z,2026-05-31T19:16:22.843000Z,0.97,0.9985,YES,0.9985,2026-05-31T19:16:22.843000Z,AT_OR_BEFORE_RESULT_START,0,,,,,,,,,,,,,,,,,,false,true,false,,,,,,,,,,,,,,
colombia_first_round,COL_2026,2333866,0xf7d6807b7ecb261ac1a276dd2f1df36c906939526ed3df0b5aa230a0d372ea8a,115752788042279252236120762560314677226034097843444874369828028226743336984445,No,Will Claudia López place 3rd in the 1st round of the 2026 Colombian presidential election?,60,2026-05-29T01:22:09.598000Z,2026-05-31T19:15:51.516000Z,0.99,0.9985,YES,0.9985,2026-05-31T19:15:51.516000Z,AT_OR_BEFORE_RESULT_START,0,,,,,,,,,,,,,,,,,,false,true,false,,,,,,,,,,,,,,
colombia_first_round,COL_2026,2333866,0xf7d6807b7ecb261ac1a276dd2f1df36c906939526ed3df0b5aa230a0d372ea8a,76491974449817600762917650413926452501950521272868832463734807285601298780466,Yes,Will Claudia López place 3rd in the 1st round of the 2026 Colombian presidential election?,56,2026-05-29T00:01:49.741000Z,2026-05-31T20:15:11.389000Z,0.0345,0.0015,NO,0.0015,2026-05-31T20:15:11.389000Z,AT_OR_BEFORE_RESULT_START,0,,,,,,,,,,,,,,,,,,false,true,false,,,,,,,,,,,,,,
colombia_first_round,COL_2026,2333867,0x6374771cfa8c750ae9b54bc2074ba9d7eefbe40acc2a726c1e23c3ed86ea6c1b,74081466685547945903041555820647899495095268998251758792962208764411530866261,Yes,Will David Luna Sánchez place 3rd in the 1st round of the 2026 Colombian presidential election?,47,2026-05-29T01:13:26.243000Z,2026-05-31T03:20:23.119000Z,0.02,0.0015,NO,0.0015,2026-05-31T03:20:23.119000Z,AT_OR_BEFORE_RESULT_START,0,,,,,,,,,,,,,,,,,,false,true,false,,,,,,,,,,,,,,
colombia_first_round,COL_2026,2333867,0x6374771cfa8c750ae9b54bc2074ba9d7eefbe40acc2a726c1e23c3ed86ea6c1b,93971524882672103113944895823932969624766678743202850845754660516833936433425,No,Will David Luna Sánchez place 3rd in the 1st round of the 2026 Colombian presidential election?,43,2026-05-29T01:22:09.326000Z,2026-05-31T03:20:23.119000Z,0.9805,0.9985,YES,0.9985,2026-05-31T03:20:23.119000Z,AT_OR_BEFORE_RESULT_START,0,,,,,,,,,,,,,,,,,,false,true,false,,,,,,,,,,,,,,
colombia_first_round,COL_2026,2333868,0x963a9e1ddf572f82d03a9f2e82fd7e60986142c499e025f11794824870c928e5,2807055460932208725528057003040755300457645760054071472979600578096078116507,No,Will Juan Daniel Oviedo place 3rd in the 1st round of the 2026 Colombian presidential election?,64,2026-05-29T01:04:59.477000Z,2026-05-31T19:15:43.981000Z,0.972,0.9985,YES,0.9985,2026-05-31T19:15:43.981000Z,AT_OR_BEFORE_RESULT_START,0,,,,,,,,,,,,,,,,,,false,true,false,,,,,,,,,,,,,,
colombia_first_round,COL_2026,2333868,0x963a9e1ddf572f82d03a9f2e82fd7e60986142c499e025f11794824870c928e5,59845078879815002942002008123492015345826765830171817897479452396639162419603,Yes,Will Juan Daniel Oviedo place 3rd in the 1st round of the 2026 Colombian presidential election?,53,2026-05-29T00:39:09.329000Z,2026-05-31T19:43:52.245000Z,0.032,0.0015,NO,0.0015,2026-05-31T19:43:52.245000Z,AT_OR_BEFORE_RESULT_START,0,,,,,,,,,,,,,,,,,,false,true,false,,,,,,,,,,,,,,
colombia_first_round,COL_2026,2333869,0xe06ae046e1268167f4c2ef2f51f9d56f09f82a7df900b01798d4d4fd8b840e52,103108530671272680907540468393824758474681079973076853121413098158786050853712,Yes,Will Gustavo Bolívar place 3rd in the 1st round of the 2026 Colombian presidential election?,22,2026-05-29T00:52:39.894000Z,2026-05-29T18:45:09.262000Z,0.028,0.0125,NO,0.0125,2026-05-29T18:45:09.262000Z,AT_OR_BEFORE_RESULT_START,0,,,,,,,,,,,,,,,,,,false,true,false,,,,,,,,,,,,,,
colombia_first_round,COL_2026,2333869,0xe06ae046e1268167f4c2ef2f51f9d56f09f82a7df900b01798d4d4fd8b840e52,38221471346218877370369398073846702963962518332675922397669386041995365242177,No,Will Gustavo Bolívar place 3rd in the 1st round of the 2026 Colombian presidential election?,17,2026-05-29T00:20:44.015000Z,2026-05-29T18:45:09.262000Z,0.9715,0.9875,YES,0.9875,2026-05-29T18:45:09.262000Z,AT_OR_BEFORE_RESULT_START,0,,,,,,,,,,,,,,,,,,false,true,false,,,,,,,,,,,,,,
colombia_first_round,COL_2026,2333870,0xd6c879f9ce4481fb7f4ba7b5f497f039a969a028a42f122e02ca0c62f2add7f1,111171501390927871892810671698237187509554625817079387154067299543360179247136,No,Will Sergio Fajardo place 3rd in the 1st round of the 2026 Colombian presidential election?,138,2026-05-29T00:05:02.054000Z,2026-06-02T22:58:29.757000Z,0.9495,0.988,YES,0.9215,2026-05-31T21:01:52.132000Z,AT_OR_BEFORE_RESULT_START,9,0.9445,0.9945,0.9445,0.9945,2.83427267,5.19749201,0.039,60.0,557.88,2026-05-31T21:16:54.433000Z,0.098454,2026-05-31T21:49:21.863000Z,0.639406,2026-05-31T21:49:21.863000Z,0.639406,2026-05-31T21:16:54.433000Z,0.098454,true,true,false,0.023,0.37136851,0.023,0.37136851,0.0725,2.64707359,0.0725,2.64707359,0.073,2.73458785,0.073,2.73458785,0.073,2.73458785
colombia_first_round,COL_2026,2333870,0xd6c879f9ce4481fb7f4ba7b5f497f039a969a028a42f122e02ca0c62f2add7f1,46097487828487911398569875551656737358989790690694005757154950076342237735284,Yes,Will Sergio Fajardo place 3rd in the 1st round of the 2026 Colombian presidential election?,155,2026-05-29T00:32:10.809000Z,2026-06-02T20:30:50.461000Z,0.0465,0.0095,NO,0.0785,2026-05-31T21:01:52.132000Z,AT_OR_BEFORE_RESULT_START,10,0.0555,0.0055,0.0055,0.0555,-2.83427267,-5.19749201,0.0405,1462.62,60.0,2026-05-31T21:16:54.433000Z,0.098454,2026-05-31T21:49:21.863000Z,0.639406,2026-05-31T21:49:21.863000Z,0.639406,2026-05-31T21:16:54.433000Z,0.098454,true,true,false,0.023,0.37136851,0.023,0.37136851,0.0725,2.64707359,0.0725,2.64707359,0.073,2.73458785,0.073,2.73458785,0.073,2.73458785
colombia_first_round,COL_2026,2333871,0xdc33419f4040b6041d44594098038513a12aa678a38043b919ebdf071a8dad14,47050080222618489036462214898554765801559988078518696945528218827508242893332,No,Will Juan Manuel Galán place 3rd in the 1st round of the 2026 Colombian presidential election?,62,2026-05-29T00:07:48.693000Z,2026-05-31T06:26:13.447000Z,0.986,0.9985,YES,0.9985,2026-05-31T06:26:13.447000Z,AT_OR_BEFORE_RESULT_START,0,,,,,,,,,,,,,,,,,,false,true,false,,,,,,,,,,,,,,
colombia_first_round,COL_2026,2333871,0xdc33419f4040b6041d44594098038513a12aa678a38043b919ebdf071a8dad14,8567916000145508301912346279966292833255093250578527788113682837667278071288,Yes,Will Juan Manuel Galán place 3rd in the 1st round of the 2026 Colombian presidential election?,56,2026-05-29T00:59:28.023000Z,2026-05-31T10:02:40.665000Z,0.0135,0.0015,NO,0.0015,2026-05-31T10:02:40.665000Z,AT_OR_BEFORE_RESULT_START,0,,,,,,,,,,,,,,,,,,false,true,false,,,,,,,,,,,,,,
colombia_first_round,COL_2026,2333872,0xfd7d39cf9788b0ad29d844a2ae65462dfcd57c1219df1669690271b884ba3b25,51240833216424752022010197879036942714420218167069345597313573592369724572581,Yes,Will Germán Vargas Lleras place 3rd in the 1st round of the 2026 Colombian presidential election?,57,2026-05-29T00:08:59.907000Z,2026-05-30T21:03:58.733000Z,0.0155,0.0015,NO,0.0015,2026-05-30T21:03:58.733000Z,AT_OR_BEFORE_RESULT_START,0,,,,,,,,,,,,,,,,,,false,true,false,,,,,,,,,,,,,,
colombia_first_round,COL_2026,2333872,0xfd7d39cf9788b0ad29d844a2ae65462dfcd57c1219df1669690271b884ba3b25,52100434294934360760432794880440901047643812139925612380366933735400975226710,No,Will Germán Vargas Lleras place 3rd in the 1st round of the 2026 Colombian presidential election?,48,2026-05-29T01:22:07.959000Z,2026-05-30T21:03:58.733000Z,0.991,0.9985,YES,0.9985,2026-05-30T21:03:58.733000Z,AT_OR_BEFORE_RESULT_START,0,,,,,,,,,,,,,,,,,,false,true,false,,,,,,,,,,,,,,
colombia_first_round,COL_2026,2333873,0xc48f1e352e7ef08f2fda326efa7bc7c639cf2700d0a28344d1467bdccf76daa4,109081106914132571114405581459213011502026754392738045472199649082947336083032,Yes,Will Paloma Valencia place 3rd in the 1st round of the 2026 Colombian presidential election?,162,2026-05-29T00:10:56.833000Z,2026-06-02T23:34:09.947000Z,0.93,0.9875,YES,0.925,2026-05-31T21:01:51.956000Z,AT_OR_BEFORE_RESULT_START,8,0.95,0.9955,0.91,0.9955,2.94443898,5.39916773,0.015,34.73,108.21,2026-05-31T21:12:51.242000Z,0.030901,2026-05-31T21:12:51.242000Z,0.030901,2026-06-01T01:29:32.734000Z,4.309093,2026-05-31T21:12:51.242000Z,0.030901,true,true,false,0.025,0.43213336,0.025,0.43213336,0.025,0.43213336,0.025,0.43213336,0.0705,2.8868621,0.0705,2.8868621,0.0705,2.8868621
colombia_first_round,COL_2026,2333873,0xc48f1e352e7ef08f2fda326efa7bc7c639cf2700d0a28344d1467bdccf76daa4,370970784103995528123242285439786657940311847460227096245702313515956207235,No,Will Paloma Valencia place 3rd in the 1st round of the 2026 Colombian presidential election?,140,2026-05-29T00:19:55.539000Z,2026-06-02T23:44:05.349000Z,0.07,0.009,NO,0.075,2026-05-31T21:01:52.132000Z,AT_OR_BEFORE_RESULT_START,9,0.05,0.0045,0.0045,0.09,-2.94443898,-5.39916773,0.02,77.79,21.21,2026-05-31T21:12:51.242000Z,0.030901,2026-05-31T21:12:51.242000Z,0.030901,2026-06-01T01:29:32.734000Z,4.309093,2026-05-31T21:12:51.242000Z,0.030901,true,true,false,0.025,0.43213336,0.025,0.43213336,0.025,0.43213336,0.025,0.43213336,0.0705,2.8868621,0.0705,2.8868621,0.0705,2.8868621
colombia_first_round,COL_2026,2333874,0x1ffa861140b3938290e913f1e8fc09a9402d92b5a77ae7ef04a1bf1984f47124,73623722357385139155184248655502762857722717250404134489597392300966802164164,Yes,Will Iván Cepeda Castro place 3rd in the 1st round of the 2026 Colombian presidential election?,120,2026-05-29T01:12:04.698000Z,2026-06-02T23:55:22.041000Z,0.012,0.0055,NO,0.0055,2026-05-31T21:01:52.132000Z,AT_OR_BEFORE_RESULT_START,3,0.028,0.0215,0.0215,0.028,-3.54715129,-3.81796785,0.041,1928.97,35.95,2026-05-31T21:21:46.552000Z,0.179598,2026-05-31T21:21:46.552000Z,0.179598,2026-06-01T15:17:11.572000Z,18.103214,2026-05-31T21:21:46.552000Z,0.179598,true,true,false,0.0225,1.65034071,0.0225,1.65034071,0.0225,1.65034071,0.0225,1.65034071,0.0225,1.65034071,0.0225,1.65034071,0.0225,1.65034071
colombia_first_round,COL_2026,2333874,0x1ffa861140b3938290e913f1e8fc09a9402d92b5a77ae7ef04a1bf1984f47124,9817226365294261934726881912604722643229405313723567325987764862511927473556,No,Will Iván Cepeda Castro place 3rd in the 1st round of the 2026 Colombian presidential election?,126,2026-05-29T00:02:34.345000Z,2026-06-02T23:59:25.480000Z,0.981,0.9945,YES,0.9945,2026-05-31T21:01:52.132000Z,AT_OR_BEFORE_RESULT_START,3,0.972,0.9785,0.972,0.9785,3.54715129,3.81796785,0.041,35.95,1928.97,2026-05-31T21:21:46.552000Z,0.179598,2026-05-31T21:21:46.552000Z,0.179598,2026-06-01T15:17:11.572000Z,18.103214,2026-05-31T21:21:46.552000Z,0.179598,true,true,false,0.0225,1.65034071,0.0225,1.65034071,0.0225,1.65034071,0.0225,1.65034071,0.0225,1.65034071,0.0225,1.65034071,0.0225,1.65034071
colombia_first_round,COL_2026,2333875,0x6cd7f5a003cad0da9b5c95517f2d64947502ab65c3e7c59f5e80306cbe466306,104248572480405467465158820553794703819681317324427410345775817859278974206745,Yes,Will Abelardo de la Espriella place 3rd in the 1st round of the 2026 Colombian presidential election?,120,2026-05-29T00:18:32.347000Z,2026-06-02T23:45:12.288000Z,0.0195,0.006,NO,0.034,2026-05-31T20:45:24.361000Z,AT_OR_BEFORE_RESULT_START,2,0.077,0.0245,0.0245,0.077,-2.48382381,-3.68427704,0.0985,1637.5,30.0,2026-05-31T21:12:12.950000Z,0.020264,2026-05-31T21:45:17.849000Z,0.571625,2026-06-01T12:17:50.038000Z,15.113899,2026-05-31T21:12:12.950000Z,0.020264,true,true,false,0.043,0.8629795,0.043,0.8629795,0.043,0.8629795,0.043,0.8629795,0.043,0.8629795,0.043,0.8629795,0.043,1.94650152
colombia_first_round,COL_2026,2333875,0x6cd7f5a003cad0da9b5c95517f2d64947502ab65c3e7c59f5e80306cbe466306,69544139795777944282556626010753973006617795326661974005953881135360318249864,No,Will Abelardo de la Espriella place 3rd in the 1st round of the 2026 Colombian presidential election?,103,2026-05-29T00:00:41.876000Z,2026-06-02T22:37:34.913000Z,0.981,0.9885,YES,0.966,2026-05-31T20:45:24.361000Z,AT_OR_BEFORE_RESULT_START,2,0.923,0.9755,0.923,0.9755,2.48382381,3.68427704,0.0985,30.0,1637.5,2026-05-31T21:12:12.950000Z,0.020264,2026-05-31T21:45:17.849000Z,0.571625,2026-06-01T12:17:50.038000Z,15.113899,2026-05-31T21:12:12.950000Z,0.020264,true,true,false,0.043,0.8629795,0.043,0.8629795,0.043,0.8629795,0.043,0.8629795,0.043,0.8629795,0.043,0.8629795,0.043,1.94650152
colombia_first_round,COL_2026,2333876,0x134558df204e69f48e65c4a78b8a2bdfb696edd1e32dcf374582d4172d46e480,106195663937235118001100116011519912903870205974990062985376025242606203122868,No,Will Roy Barreras place 3rd in the 1st round of the 2026 Colombian presidential election?,60,2026-05-29T01:06:23.339000Z,2026-05-31T19:15:33.991000Z,0.969,0.9985,YES,0.9985,2026-05-31T19:15:33.991000Z,AT_OR_BEFORE_RESULT_START,0,,,,,,,,,,,,,,,,,,false,true,false,,,,,,,,,,,,,,
colombia_first_round,COL_2026,2333876,0x134558df204e69f48e65c4a78b8a2bdfb696edd1e32dcf374582d4172d46e480,7253269161954403703332238123834606285309457866515861611962899377270993957034,Yes,Will Roy Barreras place 3rd in the 1st round of the 2026 Colombian presidential election?,60,2026-05-29T00:05:15.810000Z,2026-05-31T20:03:36.298000Z,0.031,0.0015,NO,0.0015,2026-05-31T20:03:36.298000Z,AT_OR_BEFORE_RESULT_START,0,,,,,,,,,,,,,,,,,,false,true,false,,,,,,,,,,,,,,
colombia_first_round,COL_2026,2333877,0x842483006bc18b8d0fa3a78f066e1bf856a5f8cc7ad7b92d3e503c96441a7739,63444021748205677899049091420386555452442526586716299375407040683515511382515,Yes,Will Daniel Quintero place 3rd in the 1st round of the 2026 Colombian presidential election?,60,2026-05-29T00:20:22.192000Z,2026-05-31T03:20:23.119000Z,0.022,0.002,NO,0.002,2026-05-31T03:20:23.119000Z,AT_OR_BEFORE_RESULT_START,0,,,,,,,,,,,,,,,,,,false,true,false,,,,,,,,,,,,,,
colombia_first_round,COL_2026,2333877,0x842483006bc18b8d0fa3a78f066e1bf856a5f8cc7ad7b92d3e503c96441a7739,86263438694213483900662107518231415931796145787404151371087503372298659799323,No,Will Daniel Quintero place 3rd in the 1st round of the 2026 Colombian presidential election?,42,2026-05-29T00:18:39.966000Z,2026-05-31T03:20:23.119000Z,0.978,0.998,YES,0.998,2026-05-31T03:20:23.119000Z,AT_OR_BEFORE_RESULT_START,0,,,,,,,,,,,,,,,,,,false,true,false,,,,,,,,,,,,,,
colombia_first_round,COL_2026,2333878,0x8ba8a9286ae64d997c15b6cef795c93ab2798144cb71b5221fcf0efad164af25,100059462857423527489976071210807434985322908284781168559421899638118807588866,No,Will Juan Carlos Pinzón place 3rd in the 1st round of the 2026 Colombian presidential election?,60,2026-05-29T01:06:44.298000Z,2026-05-31T15:49:28.438000Z,0.99,0.9985,YES,0.9985,2026-05-31T15:49:28.438000Z,AT_OR_BEFORE_RESULT_START,0,,,,,,,,,,,,,,,,,,false,true,false,,,,,,,,,,,,,,
colombia_first_round,COL_2026,2333878,0x8ba8a9286ae64d997c15b6cef795c93ab2798144cb71b5221fcf0efad164af25,99879601252998909183137750993174425421009374698128579208175526311440515004551,Yes,Will Juan Carlos Pinzón place 3rd in the 1st round of the 2026 Colombian presidential election?,50,2026-05-29T01:13:21.608000Z,2026-05-31T15:49:28.438000Z,0.01,0.0015,NO,0.0015,2026-05-31T15:49:28.438000Z,AT_OR_BEFORE_RESULT_START,0,,,,,,,,,,,,,,,,,,false,true,false,,,,,,,,,,,,,,
colombia_first_round,COL_2026,2333879,0x6b018aa0a63272c29ce48e9d662569be6f3115a05296b0268ab798c43fc61f84,4799627587945218593459507050372147267382934962112054007657617310353679573876,Yes,Will Mauricio Cárdenas place 3rd in the 1st round of the 2026 Colombian presidential election?,69,2026-05-29T01:21:55.182000Z,2026-05-31T15:49:38.041000Z,0.0165,0.023,NO,0.023,2026-05-31T15:49:38.041000Z,AT_OR_BEFORE_RESULT_START,0,,,,,,,,,,,,,,,,,,false,true,false,,,,,,,,,,,,,,
colombia_first_round,COL_2026,2333879,0x6b018aa0a63272c29ce48e9d662569be6f3115a05296b0268ab798c43fc61f84,82572190722812246422010883254419245050567443270539454954469261834828718992928,No,Will Mauricio Cárdenas place 3rd in the 1st round of the 2026 Colombian presidential election?,80,2026-05-29T00:29:14.754000Z,2026-05-31T15:49:38.041000Z,0.982,0.977,YES,0.977,2026-05-31T15:49:38.041000Z,AT_OR_BEFORE_RESULT_START,0,,,,,,,,,,,,,,,,,,false,true,false,,,,,,,,,,,,,,
colombia_first_round,COL_2026,2333880,0x5843cca0c3640fa5a0abf2a8db4fdead6b2563e10b4f2e94f36bab5938659e72,1830569144856661066062626983622294651090421826238131365781299498352044270086,No,Will Enrique Peñalosa place 3rd in the 1st round of the 2026 Colombian presidential election?,21,2026-05-29T01:22:09.927000Z,2026-05-29T18:45:09.262000Z,0.987,0.9925,YES,0.9925,2026-05-29T18:45:09.262000Z,AT_OR_BEFORE_RESULT_START,0,,,,,,,,,,,,,,,,,,false,true,false,,,,,,,,,,,,,,
colombia_first_round,COL_2026,2333880,0x5843cca0c3640fa5a0abf2a8db4fdead6b2563e10b4f2e94f36bab5938659e72,27214451748815883698436866174560173787279251220959100994539390887021427727063,Yes,Will Enrique Peñalosa place 3rd in the 1st round of the 2026 Colombian presidential election?,23,2026-05-29T00:05:26.620000Z,2026-05-29T18:45:09.262000Z,0.0165,0.0075,NO,0.0075,2026-05-29T18:45:09.262000Z,AT_OR_BEFORE_RESULT_START,0,,,,,,,,,,,,,,,,,,false,true,false,,,,,,,,,,,,,,
colombia_first_round,COL_2026,2333924,0x7972fa87842db321191effc7803ae758f5a8b944382a703316700c7dc036f8e5,101477488666927972610708720494736659549368515658969894921494071427062676717228,No,Will Vicky Dávila place 1st in the Antioquia Department?,60,2026-05-29T00:54:44.595000Z,2026-06-02T05:17:02.532000Z,0.993,0.9915,YES,0.9915,2026-05-31T20:40:27.469000Z,AT_OR_BEFORE_RESULT_START,0,,,,,,,,,,2026-06-01T14:36:30.446000Z,17.425124,2026-06-01T14:36:30.446000Z,17.425124,2026-06-01T14:36:30.446000Z,17.425124,2026-06-01T14:36:30.446000Z,17.425124,true,true,false,,,,,,,,,,,,,0.0,0.0
colombia_first_round,COL_2026,2333924,0x7972fa87842db321191effc7803ae758f5a8b944382a703316700c7dc036f8e5,56959381062756020263119221303974588403214451335104099062265123230040615612899,Yes,Will Vicky Dávila place 1st in the Antioquia Department?,70,2026-05-29T00:11:25.025000Z,2026-06-02T05:17:09.601000Z,0.007,0.0085,NO,0.0085,2026-05-31T19:39:06.269000Z,AT_OR_BEFORE_RESULT_START,0,,,,,,,,,,2026-06-01T07:40:52.527000Z,10.497924,2026-06-01T07:40:52.527000Z,10.497924,2026-06-01T07:40:52.527000Z,10.497924,2026-06-01T07:40:52.527000Z,10.497924,true,true,false,,,,,,,,,,,0.0,0.0,0.0,0.0
colombia_first_round,COL_2026,2333925,0x4aca3a9a1cf0bd2a5f0b26b2b677c1f68bd386411adbb1a6bb67937deca40c7c,108646943568922211235930346739970024469706840810459262069823144610088444634690,No,Will Luis Gilberto Murillo place 1st in the Antioquia Department?,79,2026-05-29T00:55:19.434000Z,2026-06-02T21:58:19.876000Z,0.998,0.9975,YES,0.998,2026-05-31T19:15:18.921000Z,AT_OR_BEFORE_RESULT_START,0,,,,,,,,,,2026-06-01T16:21:09.773000Z,19.169381,2026-06-01T16:21:09.773000Z,19.169381,2026-06-01T16:21:09.773000Z,19.169381,2026-06-01T16:21:09.773000Z,19.169381,true,true,false,,,,,,,,,,,,,0.0005,0.28818295
colombia_first_round,COL_2026,2333925,0x4aca3a9a1cf0bd2a5f0b26b2b677c1f68bd386411adbb1a6bb67937deca40c7c,58902239124101708668608210519616138658999095812206021255543388621813357749660,Yes,Will Luis Gilberto Murillo place 1st in the Antioquia Department?,77,2026-05-29T00:21:29.339000Z,2026-06-02T21:25:09.511000Z,0.002,0.0055,NO,0.0015,2026-05-31T20:23:08.130000Z,AT_OR_BEFORE_RESULT_START,0,,,,,,,,,,2026-06-01T07:54:54.168000Z,10.731713,2026-06-01T07:54:54.168000Z,10.731713,2026-06-01T07:54:54.168000Z,10.731713,2026-06-01T07:54:54.168000Z,10.731713,true,true,false,,,,,,,,,,,0.0,0.0,0.0,0.0
colombia_first_round,COL_2026,2333926,0xb2c2c26927127b5af69f5544b74de3d81c4e1fb46cc32b7fe060fa261819d5d2,65122701276482158197106704948592191934148120593710364187943747646757644823543,No,Will Claudia López place 1st in the Antioquia Department?,57,2026-05-29T00:05:28.428000Z,2026-06-02T04:44:02.853000Z,0.993,0.993,YES,0.993,2026-05-31T20:15:11.389000Z,AT_OR_BEFORE_RESULT_START,0,,,,,,,,,,2026-06-01T04:50:02.515000Z,7.650699,2026-06-01T04:50:02.515000Z,7.650699,2026-06-01T04:50:02.515000Z,7.650699,2026-06-01T04:50:02.515000Z,7.650699,true,true,false,,,,,,,,,,,0.0,0.0,0.0,0.0
colombia_first_round,COL_2026,2333926,0xb2c2c26927127b5af69f5544b74de3d81c4e1fb46cc32b7fe060fa261819d5d2,95273548887291096566407842151164110689501632351593733611095440302971208736726,Yes,Will Claudia López place 1st in the Antioquia Department?,74,2026-05-29T01:22:05.723000Z,2026-06-02T04:38:33.335000Z,0.007,0.007,NO,0.007,2026-05-31T19:57:08.601000Z,AT_OR_BEFORE_RESULT_START,0,,,,,,,,,,2026-06-01T13:11:19.086000Z,16.005302,2026-06-01T13:11:19.086000Z,16.005302,2026-06-01T13:11:19.086000Z,16.005302,2026-06-01T13:11:19.086000Z,16.005302,true,true,false,,,,,,,,,,,,,0.0,0.0
colombia_first_round,COL_2026,2333927,0x586372b81191e5bbb958a2b7a18f2f982be1e403b2ea0018d2376c400f9498ef,22932168123652109108846786194536677841238341204033890641651923278173587224252,Yes,Will David Luna Sánchez place 1st in the Antioquia Department?,78,2026-05-29T00:35:08.595000Z,2026-06-02T23:57:27.320000Z,0.0015,0.0015,NO,0.0015,2026-05-31T20:09:53.181000Z,AT_OR_BEFORE_RESULT_START,0,,,,,,,,,,2026-06-01T16:14:53.595000Z,19.064888,2026-06-01T16:14:53.595000Z,19.064888,2026-06-01T16:14:53.595000Z,19.064888,2026-06-01T16:14:53.595000Z,19.064888,true,true,false,,,,,,,,,,,,,0.0,0.0
colombia_first_round,COL_2026,2333927,0x586372b81191e5bbb958a2b7a18f2f982be1e403b2ea0018d2376c400f9498ef,5984644885008498407475360081377241842505197090084470645147330151443009718029,No,Will David Luna Sánchez place 1st in the Antioquia Department?,72,2026-05-29T00:10:29.615000Z,2026-06-02T23:56:11.344000Z,0.9985,0.9985,YES,0.9985,2026-05-31T19:16:32.813000Z,AT_OR_BEFORE_RESULT_START,1,0.9985,0.9985,0.9985,0.9985,6.50078904,6.50078904,0.001,359.83,95.7,2026-05-31T21:29:49.566000Z,0.313768,2026-05-31T21:29:49.566000Z,0.313768,2026-05-31T21:29:49.566000Z,0.313768,2026-05-31T21:29:49.566000Z,0.313768,true,true,false,,,0.0,0.0,0.0,0.0,0.0,0.0,0.0,0.0,0.0,0.0,0.0,0.0
colombia_first_round,COL_2026,2333928,0x93e63b60beb5c033a468f2f508126d22af50fd8d8bf8828d0a272f9f4d07710a,50213213944120298033842619985226460160480149430245830900379963805244713667324,No,Will Juan Daniel Oviedo place 1st in the Antioquia Department?,62,2026-05-29T01:21:55.182000Z,2026-06-02T04:51:01.599000Z,0.992,0.9915,YES,0.9915,2026-05-31T19:17:04.274000Z,AT_OR_BEFORE_RESULT_START,0,,,,,,,,,,2026-06-01T16:05:03.192000Z,18.900887,2026-06-01T16:05:03.192000Z,18.900887,2026-06-01T16:05:03.192000Z,18.900887,2026-06-01T16:05:03.192000Z,18.900887,true,true,false,,,,,,,,,,,,,0.0,0.0
colombia_first_round,COL_2026,2333928,0x93e63b60beb5c033a468f2f508126d22af50fd8d8bf8828d0a272f9f4d07710a,97906084535012614201244446760510819385087269650838623092787005207910405559071,Yes,Will Juan Daniel Oviedo place 1st in the Antioquia Department?,49,2026-05-29T00:18:31.830000Z,2026-06-02T01:36:37.723000Z,0.008,0.0085,NO,0.0085,2026-05-31T04:30:25.393000Z,AT_OR_BEFORE_RESULT_START,0,,,,,,,,,,2026-06-01T16:10:46.277000Z,18.996188,2026-06-01T16:10:46.277000Z,18.996188,2026-06-01T16:10:46.277000Z,18.996188,2026-06-01T16:10:46.277000Z,18.996188,true,true,false,,,,,,,,,,,,,0.0,0.0
colombia_first_round,COL_2026,2333930,0xbe304f9a9d1a8f875f0408f7171f187ac23e0b1903b85d100db6ff18e0e3c4ed,105679976022887382046079226558258421904411494459368718780524839700125136597016,Yes,Will Sergio Fajardo place 1st in the Antioquia Department?,37,2026-05-29T07:57:35.223000Z,2026-06-01T14:12:53.065000Z,0.007,0.0155,NO,0.043,2026-05-31T19:57:03.390000Z,AT_OR_BEFORE_RESULT_START,0,,,,,,,,,,2026-06-01T07:52:24.173000Z,10.690048,2026-06-01T07:52:24.173000Z,10.690048,,,2026-06-01T07:52:24.173000Z,10.690048,false,true,false,,,,,,,,,,,0.0205,0.66887971,0.0275,1.0486906
colombia_first_round,COL_2026,2333930,0xbe304f9a9d1a8f875f0408f7171f187ac23e0b1903b85d100db6ff18e0e3c4ed,9574670417588845982365786922211850001450041457801708904425765431825587980695,No,Will Sergio Fajardo place 1st in the Antioquia Department?,30,2026-05-29T07:56:31.067000Z,2026-06-02T19:02:52.083000Z,0.993,0.9845,YES,0.952,2026-05-31T19:02:10.194000Z,AT_OR_BEFORE_RESULT_START,0,,,,,,,,,,2026-06-01T14:12:53.065000Z,17.031407,2026-06-01T14:12:53.065000Z,17.031407,,,2026-06-01T14:12:53.065000Z,17.031407,false,true,false,,,,,,,,,,,,,0.0325,1.16392985
colombia_first_round,COL_2026,2333932,0xc921b0dff5e594362ebe5f05c51b0c8e26b90023bc393332491782e9315c1aba,25812543173332541963668887579824563939480582015824149388239756947224546306125,Yes,Will Germán Vargas Lleras place 1st in the Antioquia Department?,42,2026-05-29T01:13:26.243000Z,2026-05-30T21:04:24.115000Z,0.005,0.005,NO,0.005,2026-05-30T21:04:24.115000Z,AT_OR_BEFORE_RESULT_START,0,,,,,,,,,,,,,,,,,,false,true,false,,,,,,,,,,,,,,
colombia_first_round,COL_2026,2333932,0xc921b0dff5e594362ebe5f05c51b0c8e26b90023bc393332491782e9315c1aba,94999326500639722392111479016647195055734197481015916245459286501203971802792,No,Will Germán Vargas Lleras place 1st in the Antioquia Department?,54,2026-05-29T00:19:28.590000Z,2026-05-30T21:04:24.115000Z,0.995,0.995,YES,0.995,2026-05-30T21:04:24.115000Z,AT_OR_BEFORE_RESULT_START,0,,,,,,,,,,,,,,,,,,false,true,false,,,,,,,,,,,,,,
colombia_first_round,COL_2026,2333933,0xb6c30363d6a3becde03adef9a076af836bd998f60bb72b0706dc7b6386b037fe,35416177409516566096917588959062987776667559630484844564271719163619298141992,No,Will Paloma Valencia place 1st in the Antioquia Department?,98,2026-05-29T00:11:13.784000Z,2026-06-02T23:58:29.090000Z,0.855,0.9975,YES,0.95,2026-05-31T18:23:47.676000Z,AT_OR_BEFORE_RESULT_START,4,0.9455,0.9895,0.9455,0.9895,2.85351319,4.54582451,0.058,30.0,107.595,2026-05-31T22:10:32.631000Z,0.992397,2026-05-31T22:42:28.851000Z,1.524681,2026-06-01T20:06:28.501000Z,22.924584,2026-05-31T22:10:32.631000Z,0.992397,true,true,false,,,,,0.0045,0.09092579,0.0355,1.2745615,0.0395,1.60138553,0.0395,1.60138553,0.0425,1.94088501
colombia_first_round,COL_2026,2333933,0xb6c30363d6a3becde03adef9a076af836bd998f60bb72b0706dc7b6386b037fe,63954079515463041294994899851339167188067106197248161608831551392175893665055,Yes,Will Paloma Valencia place 1st in the Antioquia Department?,101,2026-05-29T00:21:40.935000Z,2026-06-02T23:57:27.320000Z,0.215,0.0025,NO,0.045,2026-05-31T20:09:53.181000Z,AT_OR_BEFORE_RESULT_START,3,0.0545,0.0105,0.0105,0.0545,-2.85351319,-4.54582451,0.089,96.75,30.0,2026-05-31T22:10:32.631000Z,0.992397,2026-05-31T22:42:28.851000Z,1.524681,2026-06-01T20:06:27.856000Z,22.924404,2026-05-31T22:10:32.631000Z,0.992397,true,true,false,,,,,0.0095,0.20153566,0.0095,0.20153566,0.0345,1.49077566,0.0345,1.49077566,0.0375,1.83027514
colombia_first_round,COL_2026,2333934,0x7e6e88538d30ecef848f90bd65542e9aa79dcdf7efe62d93bdd2ee134c5697eb,32905779237899109335192805256416428787187638937657814376992827014384552656851,No,Will Iván Cepeda Castro place 1st in the Antioquia Department?,85,2026-05-29T01:22:09.196000Z,2026-06-02T23:43:52.280000Z,0.9405,0.9805,YES,0.8885,2026-05-31T19:01:19.788000Z,AT_OR_BEFORE_RESULT_START,0,,,,,,,,,,2026-06-01T14:12:46.321000Z,17.029534,2026-06-01T14:12:46.321000Z,17.029534,,,2026-06-01T14:12:46.321000Z,17.029534,false,true,false,,,,,,,,,,,,,0.094,1.95238941
colombia_first_round,COL_2026,2333934,0x7e6e88538d30ecef848f90bd65542e9aa79dcdf7efe62d93bdd2ee134c5697eb,71129833067374070327860893385696970998086996721596884035239611096806214064870,Yes,Will Iván Cepeda Castro place 1st in the Antioquia Department?,58,2026-05-29T01:06:44.298000Z,2026-06-02T22:59:19.055000Z,0.0595,0.019,NO,0.1115,2026-05-31T19:00:49.605000Z,AT_OR_BEFORE_RESULT_START,0,,,,,,,,,,2026-06-01T14:12:46.321000Z,17.029534,2026-06-01T14:12:46.321000Z,17.029534,,,2026-06-01T14:12:46.321000Z,17.029534,false,true,false,,,,,,,,,,,,,0.094,1.95238941
colombia_first_round,COL_2026,2333935,0x7c3b10d67000c0f0589c262b0ee5fbd2b676a8a229efaa0d3860409eb58862e2,46844246682575196208464733368780337880618716847514611626420679186579665424957,No,Will Abelardo de la Espriella place 1st in the Antioquia Department?,95,2026-05-29T00:36:38.772000Z,2026-06-02T21:53:14.069000Z,0.35,0.0275,NO,0.085,2026-05-31T19:15:59.735000Z,AT_OR_BEFORE_RESULT_START,1,0.095,0.095,0.095,0.095,-2.25405805,-2.25405805,0.17,120.0,5.0,2026-05-31T21:37:33.936000Z,0.44276,2026-06-01T03:28:42.202000Z,6.295056,,,2026-05-31T21:37:33.936000Z,0.44276,false,true,false,,,0.01,0.12221476,0.01,0.12221476,0.01,0.12221476,0.01,0.12221476,0.0615,1.35070152,0.0615,1.35070152
colombia_first_round,COL_2026,2333935,0x7c3b10d67000c0f0589c262b0ee5fbd2b676a8a229efaa0d3860409eb58862e2,86735141163492591036846248349906828108819230334754278893808647611772780632642,Yes,Will Abelardo de la Espriella place 1st in the Antioquia Department?,85,2026-05-29T00:31:24.210000Z,2026-06-02T23:21:41.091000Z,0.65,0.973,YES,0.92,2026-05-31T20:23:08.130000Z,AT_OR_BEFORE_RESULT_START,1,0.905,0.905,0.905,0.905,2.25405805,2.25405805,0.17,5.0,120.0,2026-05-31T21:37:33.936000Z,0.44276,2026-06-01T03:28:42.202000Z,6.295056,,,2026-05-31T21:37:33.936000Z,0.44276,false,true,false,,,0.015,0.18828898,0.015,0.18828898,0.015,0.18828898,0.015,0.18828898,0.0565,1.28462729,0.0565,1.28462729
colombia_first_round,COL_2026,2333936,0x5da9a62d107fe1a40b695de4c6a2b4a084489a32b3817fa6af1723c6030fc7a4,53298556313434663039344871389247069060956681971318099357157595542735524411998,Yes,Will Roy Barreras place 1st in the Antioquia Department?,80,2026-05-29T00:36:38.772000Z,2026-06-02T23:41:51.526000Z,0.003,0.0265,NO,0.002,2026-05-31T18:59:36.114000Z,AT_OR_BEFORE_RESULT_START,0,,,,,,,,,,2026-06-01T13:06:05.052000Z,15.91807,2026-06-01T13:06:05.052000Z,15.91807,2026-06-01T13:06:05.052000Z,15.91807,2026-06-01T13:06:05.052000Z,15.91807,true,true,false,,,,,,,,,,,,,0.021,2.46361366
colombia_first_round,COL_2026,2333936,0x5da9a62d107fe1a40b695de4c6a2b4a084489a32b3817fa6af1723c6030fc7a4,68347339044506960669813427919419974078877002814378838984428444635372045170765,No,Will Roy Barreras place 1st in the Antioquia Department?,74,2026-05-29T00:23:25.256000Z,2026-06-02T22:07:00.175000Z,0.997,0.9775,YES,0.9975,2026-05-31T19:21:14.678000Z,AT_OR_BEFORE_RESULT_START,0,,,,,,,,,,2026-06-01T08:26:25.525000Z,11.25709,2026-06-01T08:26:25.525000Z,11.25709,2026-06-01T08:26:25.525000Z,11.25709,2026-06-01T08:26:25.525000Z,11.25709,true,true,false,,,,,,,,,,,0.001,0.51182763,0.0585,3.2550198
colombia_first_round,COL_2026,2333937,0x1dce2fb21c0caca2ff4a99f4dd50af35594b538f90b776fc02054c41a078d0b4,25576030760270949472535201484398537328198968697513174828599064799190324769670,No,Will Daniel Quintero place 1st in the Antioquia Department?,79,2026-05-29T00:05:15.368000Z,2026-06-02T23:10:09.803000Z,0.987,0.9935,YES,0.9895,2026-05-31T19:41:58.977000Z,AT_OR_BEFORE_RESULT_START,0,,,,,,,,,,2026-06-01T08:15:36.902000Z,11.076917,2026-06-01T08:15:36.902000Z,11.076917,2026-06-01T08:15:36.902000Z,11.076917,2026-06-01T08:15:36.902000Z,11.076917,true,true,false,,,,,,,,,,,0.004,0.48360738,0.004,0.48360738
colombia_first_round,COL_2026,2333937,0x1dce2fb21c0caca2ff4a99f4dd50af35594b538f90b776fc02054c41a078d0b4,78748489466052311097028383377840442653725417631344402385314615233352567983747,Yes,Will Daniel Quintero place 1st in the Antioquia Department?,78,2026-05-29T01:22:05.723000Z,2026-06-02T23:34:09.515000Z,0.013,0.0065,NO,0.0105,2026-05-31T21:01:36.658000Z,AT_OR_BEFORE_RESULT_START,0,,,,,,,,,,2026-06-01T04:05:02.640000Z,6.900733,2026-06-01T04:05:02.640000Z,6.900733,2026-06-01T04:05:02.640000Z,6.900733,2026-06-01T04:05:02.640000Z,6.900733,true,true,false,,,,,,,,,,,0.004,0.48360738,0.004,0.48360738
colombia_first_round,COL_2026,2333938,0x1f65f4ac4769dce4ecc5fd5df132eb6e6e94fe1e84863fd55c3f4a858c7bb425,428081008950391192052001333300444267896857211222406099295769012803305510135,No,Will Juan Carlos Pinzón place 1st in the Antioquia Department?,81,2026-05-29T00:05:10.540000Z,2026-06-02T23:38:41.384000Z,0.9985,0.9985,YES,0.9985,2026-05-31T19:06:07.805000Z,AT_OR_BEFORE_RESULT_START,1,0.9985,0.9985,0.9985,0.9985,6.50078904,6.50078904,0.001,358.26,33.0,2026-05-31T23:17:12.498000Z,2.103472,2026-05-31T23:17:12.498000Z,2.103472,2026-05-31T23:17:12.498000Z,2.103472,2026-05-31T23:17:12.498000Z,2.103472,true,true,false,,,,,,,0.0,0.0,0.0,0.0,0.0,0.0,0.0,0.0
colombia_first_round,COL_2026,2333938,0x1f65f4ac4769dce4ecc5fd5df132eb6e6e94fe1e84863fd55c3f4a858c7bb425,75019948041757382065489462523916767035504985914156740906730564940516170614049,Yes,Will Juan Carlos Pinzón place 1st in the Antioquia Department?,77,2026-05-29T00:15:15.782000Z,2026-06-02T23:44:31.340000Z,0.0015,0.0015,NO,0.0015,2026-05-31T13:24:52.813000Z,AT_OR_BEFORE_RESULT_START,0,,,,,,,,,,2026-06-01T14:36:30.446000Z,17.425124,2026-06-01T14:36:30.446000Z,17.425124,2026-06-01T14:36:30.446000Z,17.425124,2026-06-01T14:36:30.446000Z,17.425124,true,true,false,,,,,,,,,,,,,0.0,0.0
colombia_first_round,COL_2026,2333939,0xb9ec914f1d342868f5880aedffbb37133f6c8c76d6b3b36c1cd94a88f75c13f9,107858181144621396037280443838599748911676073053694372865615239559494743882760,Yes,Will Mauricio Cárdenas place 1st in the Antioquia Department?,7,2026-05-30T01:09:51.466000Z,2026-05-30T17:19:08.496000Z,0.0055,0.0055,NO,0.0055,2026-05-30T17:19:08.496000Z,AT_OR_BEFORE_RESULT_START,0,,,,,,,,,,,,,,,,,,false,true,false,,,,,,,,,,,,,,
colombia_first_round,COL_2026,2333939,0xb9ec914f1d342868f5880aedffbb37133f6c8c76d6b3b36c1cd94a88f75c13f9,90819971926649209700768286232674300752107277709413718868867219157741080174165,No,Will Mauricio Cárdenas place 1st in the Antioquia Department?,14,2026-05-29T21:35:59.843000Z,2026-05-30T17:24:34.705000Z,0.9945,0.9945,YES,0.9945,2026-05-30T17:24:34.705000Z,AT_OR_BEFORE_RESULT_START,0,,,,,,,,,,,,,,,,,,false,true,false,,,,,,,,,,,,,,
colombia_first_round,COL_2026,2333940,0x9177138d45eb5184588c3fe629fd4affbc7d64a8b15bc3a4f52053100138bd65,73305113019306091504577664963669728071408890615285704881799110104820184203433,Yes,Will Enrique Peñalosa place 1st in the Antioquia Department?,72,2026-05-29T01:02:59.024000Z,2026-06-02T22:11:32.628000Z,0.005,0.0165,NO,0.005,2026-05-31T19:18:26.518000Z,AT_OR_BEFORE_RESULT_START,0,,,,,,,,,,2026-06-01T08:06:51.820000Z,10.931061,2026-06-01T08:06:51.820000Z,10.931061,2026-06-01T08:06:51.820000Z,10.931061,2026-06-01T08:06:51.820000Z,10.931061,true,true,false,,,,,,,,,,,0.0,0.0,0.0,0.0
colombia_first_round,COL_2026,2333940,0x9177138d45eb5184588c3fe629fd4affbc7d64a8b15bc3a4f52053100138bd65,94171148972121240930511384526600021279974712083572963151420603181191725871204,No,Will Enrique Peñalosa place 1st in the Antioquia Department?,74,2026-05-29T00:04:53.742000Z,2026-06-02T23:01:19.806000Z,0.995,0.9875,YES,0.995,2026-05-31T20:32:11.142000Z,AT_OR_BEFORE_RESULT_START,0,,,,,,,,,,2026-06-01T16:21:15.107000Z,19.170863,2026-06-01T16:21:15.107000Z,19.170863,2026-06-01T16:21:15.107000Z,19.170863,2026-06-01T16:21:15.107000Z,19.170863,true,true,false,,,,,,,,,,,,,0.0,0.0
colombia_first_round,COL_2026,2333982,0x017c92abb97f6a51eb6c3b57986f844a565b341e2202ddd85154438f56f597d6,1900083526703148128084802496536352193862401501135653340857945698750670633916,No,Will Vicky Dávila place 1st in Bogotá?,37,2026-05-29T00:31:02.740000Z,2026-05-31T19:34:16.386000Z,0.986,0.9945,YES,0.9945,2026-05-31T19:34:16.386000Z,AT_OR_BEFORE_RESULT_START,0,,,,,,,,,,,,,,,,,,false,true,false,,,,,,,,,,,,,,
colombia_first_round,COL_2026,2333982,0x017c92abb97f6a51eb6c3b57986f844a565b341e2202ddd85154438f56f597d6,88420609021782927105180592896462097956812731216504672311014751928708191176194,Yes,Will Vicky Dávila place 1st in Bogotá?,31,2026-05-29T01:22:09.598000Z,2026-05-31T19:16:01.200000Z,0.011,0.0055,NO,0.0055,2026-05-31T19:16:01.200000Z,AT_OR_BEFORE_RESULT_START,0,,,,,,,,,,,,,,,,,,false,true,false,,,,,,,,,,,,,,
colombia_first_round,COL_2026,2333983,0xbc0322e415e3dd9306989517dc63d0d06b8c996726c440b6f252930a397ccd36,112125581264682026135542043965469190027964624759966516385318079028909391155770,No,Will Luis Gilberto Murillo place 1st in Bogotá?,51,2026-05-29T00:34:08.681000Z,2026-05-31T19:32:06.240000Z,0.987,0.9905,YES,0.9905,2026-05-31T19:32:06.240000Z,AT_OR_BEFORE_RESULT_START,0,,,,,,,,,,,,,,,,,,false,true,false,,,,,,,,,,,,,,
colombia_first_round,COL_2026,2333983,0xbc0322e415e3dd9306989517dc63d0d06b8c996726c440b6f252930a397ccd36,13330887217209005041575403843370179905989414009684861313539787121413263338246,Yes,Will Luis Gilberto Murillo place 1st in Bogotá?,50,2026-05-29T00:08:19.927000Z,2026-05-31T21:19:09.477000Z,0.0185,0.009,NO,0.0095,2026-05-31T20:25:47.970000Z,AT_OR_BEFORE_RESULT_START,1,0.009,0.009,0.009,0.009,-4.70148996,-4.70148996,0.016,3.0,311.24,2026-05-31T21:19:09.477000Z,0.135966,2026-05-31T21:19:09.477000Z,0.135966,2026-05-31T21:19:09.477000Z,0.135966,2026-05-31T21:19:09.477000Z,0.135966,true,true,false,0.0005,0.05457189,0.0005,0.05457189,0.0005,0.05457189,0.0005,0.05457189,0.0005,0.05457189,0.0005,0.05457189,0.0005,0.05457189
colombia_first_round,COL_2026,2333984,0xda4bfe444069a68d4777022299da268b7976b147ca7acd801a5bc80239065943,23820898870167806959289351742751408909674167965346263282259646556521574755080,No,Will Claudia López place 1st in Bogotá?,49,2026-05-29T00:13:59.324000Z,2026-05-31T19:06:07.805000Z,0.9805,0.9955,YES,0.9955,2026-05-31T19:06:07.805000Z,AT_OR_BEFORE_RESULT_START,0,,,,,,,,,,,,,,,,,,false,true,false,,,,,,,,,,,,,,
colombia_first_round,COL_2026,2333984,0xda4bfe444069a68d4777022299da268b7976b147ca7acd801a5bc80239065943,60112749281637219441622323040056264849466489071605244592381750961165751329343,Yes,Will Claudia López place 1st in Bogotá?,48,2026-05-29T00:05:10.540000Z,2026-05-31T21:04:18.049000Z,0.0195,0.004,NO,0.004,2026-05-31T21:04:18.049000Z,AT_OR_BEFORE_RESULT_START,0,,,,,,,,,,,,,,,,,,false,true,false,,,,,,,,,,,,,,
colombia_first_round,COL_2026,2333985,0x2c00b43dfddc4e2ff16e00a2c4aaa59a75978e693651d454426ecbce7107664a,10175524752780470859813380426156901626697434676400789950907838320962547414835,No,Will David Luna Sánchez place 1st in Bogotá?,51,2026-05-29T00:02:01.862000Z,2026-06-01T00:06:45.162000Z,0.984,0.9985,YES,0.995,2026-05-31T20:33:35.455000Z,AT_OR_BEFORE_RESULT_START,1,0.9985,0.9985,0.9985,0.9985,6.50078904,6.50078904,0.001,247.0,9.76,2026-06-01T00:06:45.162000Z,2.929212,2026-06-01T00:06:45.162000Z,2.929212,2026-06-01T00:06:45.162000Z,2.929212,2026-06-01T00:06:45.162000Z,2.929212,true,true,false,,,,,,,0.0035,1.20748422,0.0035,1.20748422,0.0035,1.20748422,0.0035,1.20748422
colombia_first_round,COL_2026,2333985,0x2c00b43dfddc4e2ff16e00a2c4aaa59a75978e693651d454426ecbce7107664a,90887057050804113519265420623412497183452839038060206558937974396477090101473,Yes,Will David Luna Sánchez place 1st in Bogotá?,46,2026-05-29T00:54:44.595000Z,2026-06-01T00:06:45.162000Z,0.0105,0.0015,NO,0.005,2026-05-31T20:27:29.058000Z,AT_OR_BEFORE_RESULT_START,2,0.005,0.0015,0.0015,0.005,-5.29330482,-6.50078904,0.0045,16.755,301.995,2026-05-31T21:14:27.032000Z,0.057509,2026-05-31T21:14:27.032000Z,0.057509,2026-05-31T21:14:27.032000Z,0.057509,2026-05-31T21:14:27.032000Z,0.057509,true,true,false,0.0,0.0,0.0,0.0,0.0,0.0,0.0035,1.20748422,0.0035,1.20748422,0.0035,1.20748422,0.0035,1.20748422
colombia_first_round,COL_2026,2333986,0x784279c516869c1bfc6ba83dddee6df1870892dd9ada86dd80cfdd751db65431,37300398761479688744380490886559509490208708266634187117971997547329233522668,No,Will Juan Daniel Oviedo place 1st in Bogotá?,53,2026-05-29T00:38:27.339000Z,2026-05-31T20:25:47.970000Z,0.988,0.99,YES,0.99,2026-05-31T20:25:47.970000Z,AT_OR_BEFORE_RESULT_START,0,,,,,,,,,,,,,,,,,,false,true,false,,,,,,,,,,,,,,
colombia_first_round,COL_2026,2333986,0x784279c516869c1bfc6ba83dddee6df1870892dd9ada86dd80cfdd751db65431,45389051112814279310316854069508438461084655334506786053742840624511673670486,Yes,Will Juan Daniel Oviedo place 1st in Bogotá?,42,2026-05-29T00:25:07.638000Z,2026-05-31T19:22:12.716000Z,0.019,0.01,NO,0.01,2026-05-31T19:22:12.716000Z,AT_OR_BEFORE_RESULT_START,0,,,,,,,,,,,,,,,,,,false,true,false,,,,,,,,,,,,,,
colombia_first_round,COL_2026,2333987,0x65762ee948d59d736b4f9afe5342952eee1ecfaf1a0f6b6c5fed3619ab46d256,31625653454924323217507868747419455695757944242036556169659634363446337388326,No,Will Gustavo Bolívar place 1st in Bogotá?,40,2026-05-29T00:29:14.754000Z,2026-05-31T21:37:03.695000Z,0.9805,0.991,YES,0.991,2026-05-31T19:21:07.556000Z,AT_OR_BEFORE_RESULT_START,1,0.991,0.991,0.991,0.991,4.70148996,4.70148996,0.016,345.77,3.0,2026-05-31T21:37:03.695000Z,0.43436,2026-05-31T21:37:03.695000Z,0.43436,2026-05-31T21:37:03.695000Z,0.43436,2026-05-31T21:37:03.695000Z,0.43436,true,true,false,,,0.0,0.0,0.0,0.0,0.0,0.0,0.0,0.0,0.0,0.0,0.0,0.0
colombia_first_round,COL_2026,2333987,0x65762ee948d59d736b4f9afe5342952eee1ecfaf1a0f6b6c5fed3619ab46d256,50516886031185726666190443153327706413025564300097218183538809638482175900778,Yes,Will Gustavo Bolívar place 1st in Bogotá?,57,2026-05-29T00:49:24.298000Z,2026-05-31T21:46:04.216000Z,0.0115,0.009,NO,0.009,2026-05-31T20:32:14.815000Z,AT_OR_BEFORE_RESULT_START,1,0.009,0.009,0.009,0.009,-4.70148996,-4.70148996,0.016,3.0,345.77,2026-05-31T21:46:04.216000Z,0.584504,2026-05-31T21:46:04.216000Z,0.584504,2026-05-31T21:46:04.216000Z,0.584504,2026-05-31T21:46:04.216000Z,0.584504,true,true,false,,,,,0.0,0.0,0.0,0.0,0.0,0.0,0.0,0.0,0.0,0.0
colombia_first_round,COL_2026,2333988,0xa676cd0684d399b5821cf7a2046bc0a9df682dc17cfa83b8fe81e3ee2ec63b5b,114584217876894592277478546613125943188812823467185101515514788799815993329313,Yes,Will Sergio Fajardo place 1st in Bogotá?,38,2026-05-29T00:32:10.809000Z,2026-05-31T23:45:20.114000Z,0.006,0.0015,NO,0.015,2026-05-31T20:45:29.856000Z,AT_OR_BEFORE_RESULT_START,4,0.0145,0.0015,0.0015,0.0145,-4.21900048,-6.50078904,0.005,21.29,181.0,2026-05-31T21:59:24.555000Z,0.806821,2026-05-31T21:59:24.555000Z,0.806821,2026-05-31T22:06:48.547000Z,0.930152,2026-05-31T21:59:24.555000Z,0.806821,true,true,false,,,,,0.005,0.41052841,0.0135,2.3161976,0.0135,2.3161976,0.0135,2.3161976,0.0135,2.3161976
colombia_first_round,COL_2026,2333988,0xa676cd0684d399b5821cf7a2046bc0a9df682dc17cfa83b8fe81e3ee2ec63b5b,85777159878520440113913468212404246387731151527117288350746564448878572740541,No,Will Sergio Fajardo place 1st in Bogotá?,57,2026-05-29T00:02:34.345000Z,2026-05-31T23:45:20.114000Z,0.994,0.9985,YES,0.985,2026-05-31T20:43:25.664000Z,AT_OR_BEFORE_RESULT_START,3,0.9855,0.9985,0.9855,0.9985,4.21900048,6.50078904,0.009,181.0,32.58,2026-05-31T21:59:24.555000Z,0.806821,2026-05-31T21:59:24.555000Z,0.806821,2026-05-31T22:06:48.547000Z,0.930152,2026-05-31T21:59:24.555000Z,0.806821,true,true,false,,,,,0.005,0.41052841,0.0135,2.3161976,0.0135,2.3161976,0.0135,2.3161976,0.0135,2.3161976
colombia_first_round,COL_2026,2333989,0xbcc5d69da6da3977438f99affdcb38df4285ffe992c7597ea808834eed0d74c5,21016944346934552296554189604021551026979888289087542427391012946004580396168,Yes,Will Juan Manuel Galán place 1st in Bogotá?,82,2026-05-29T00:02:01.862000Z,2026-06-02T22:25:24.530000Z,0.016,0.004,NO,0.01,2026-05-31T19:16:17.173000Z,AT_OR_BEFORE_RESULT_START,3,0.0065,0.0065,0.0065,0.0065,-5.02943189,-5.02943189,0.011,31.83,346.9,2026-05-31T22:06:51.010000Z,0.930836,2026-05-31T22:06:51.010000Z,0.930836,2026-05-31T22:06:51.010000Z,0.930836,2026-05-31T22:06:51.010000Z,0.930836,true,true,false,,,,,0.0035,0.43431203,0.0035,0.43431203,0.0035,0.43431203,0.0035,0.43431203,0.006,0.92233305
colombia_first_round,COL_2026,2333989,0xbcc5d69da6da3977438f99affdcb38df4285ffe992c7597ea808834eed0d74c5,64795793834176922090372789509259985018489580542719013370094745110303195349564,No,Will Juan Manuel Galán place 1st in Bogotá?,78,2026-05-29T00:11:55.695000Z,2026-06-02T23:56:43.288000Z,0.984,0.996,YES,0.99,2026-05-31T19:47:12.428000Z,AT_OR_BEFORE_RESULT_START,3,0.9935,0.9935,0.9935,0.9935,5.02943189,5.02943189,0.011,346.9,31.83,2026-05-31T22:06:51.010000Z,0.930836,2026-05-31T22:06:51.010000Z,0.930836,2026-05-31T22:06:51.010000Z,0.930836,2026-05-31T22:06:51.010000Z,0.930836,true,true,false,,,,,0.0035,0.43431203,0.0035,0.43431203,0.0035,0.43431203,0.0035,0.43431203,0.006,0.92233305
colombia_first_round,COL_2026,2333990,0x84b22cea5084b002430bfe86853ea3145295e361915c6383266737055479bb0f,1567949664927593775578009030058407452701579098616683744255259364807873171361,Yes,Will Germán Vargas Lleras place 1st in Bogotá?,39,2026-05-29T01:04:51.693000Z,2026-05-30T21:26:54.985000Z,0.017,0.0095,NO,0.0095,2026-05-30T21:26:54.985000Z,AT_OR_BEFORE_RESULT_START,0,,,,,,,,,,,,,,,,,,false,true,false,,,,,,,,,,,,,,
colombia_first_round,COL_2026,2333990,0x84b22cea5084b002430bfe86853ea3145295e361915c6383266737055479bb0f,63365289289080620970078322061929754055139299260514599781579858404891629242800,No,Will Germán Vargas Lleras place 1st in Bogotá?,39,2026-05-29T00:12:57.932000Z,2026-05-30T21:26:54.985000Z,0.98,0.9905,YES,0.9905,2026-05-30T21:26:54.985000Z,AT_OR_BEFORE_RESULT_START,0,,,,,,,,,,,,,,,,,,false,true,false,,,,,,,,,,,,,,
colombia_first_round,COL_2026,2333991,0x3dce8adbc5aebb7d7bd60ff6fcab32ef0533e9e9475015120b0abab1d38b0909,11352667427369571689839022369152424646478177302042848308849827998758857851210,Yes,Will Paloma Valencia place 1st in Bogotá?,56,2026-05-29T00:25:07.638000Z,2026-05-31T20:06:20.288000Z,0.038,0.017,NO,0.017,2026-05-31T20:06:20.288000Z,AT_OR_BEFORE_RESULT_START,0,,,,,,,,,,,,,,,,,,false,true,false,,,,,,,,,,,,,,
colombia_first_round,COL_2026,2333991,0x3dce8adbc5aebb7d7bd60ff6fcab32ef0533e9e9475015120b0abab1d38b0909,16831389437893005955970490862856925979835807185217127931054156941741591805822,No,Will Paloma Valencia place 1st in Bogotá?,50,2026-05-29T01:13:26.147000Z,2026-05-31T20:45:04.461000Z,0.9545,0.986,YES,0.986,2026-05-31T20:45:04.461000Z,AT_OR_BEFORE_RESULT_START,0,,,,,,,,,,,,,,,,,,false,true,false,,,,,,,,,,,,,,
colombia_first_round,COL_2026,2333992,0x6aee7a669dd941b514661d64c55e7bd63ef7884d5e455c850f1835a8056e7a55,50192917843461008913980030770402312790825197108048084942311427385352595907357,No,Will Iván Cepeda Castro place 1st in Bogotá?,109,2026-05-29T00:12:18.494000Z,2026-06-02T22:25:24.530000Z,0.13,0.005,NO,0.075,2026-05-31T20:43:25.591000Z,AT_OR_BEFORE_RESULT_START,6,0.16,0.0105,0.0105,0.2,-1.65822808,-4.54582451,0.235,68.315,7.14,2026-06-01T01:29:56.792000Z,4.315776,2026-06-01T01:29:56.792000Z,4.315776,2026-06-01T20:18:38.206000Z,23.127279,2026-05-31T21:46:56.084000Z,0.598912,true,true,false,,,,,0.125,1.12601126,0.125,1.12601126,0.125,2.03351888,0.125,2.03351888,0.125,3.13918055
colombia_first_round,COL_2026,2333992,0x6aee7a669dd941b514661d64c55e7bd63ef7884d5e455c850f1835a8056e7a55,7707882609877027151419445009151473858946466475327085396299308696610200951375,Yes,Will Iván Cepeda Castro place 1st in Bogotá?,110,2026-05-29T00:08:00.112000Z,2026-06-02T23:10:08.128000Z,0.88,0.9915,YES,0.925,2026-05-31T20:43:25.591000Z,AT_OR_BEFORE_RESULT_START,7,0.86,0.9895,0.8,0.9895,1.81528997,4.54582451,0.2,7.14,65.0,2026-06-01T01:29:56.792000Z,4.315776,2026-06-01T01:29:56.792000Z,4.315776,2026-06-01T20:18:38.206000Z,23.127279,2026-05-31T21:19:37.554000Z,0.143765,true,true,false,0.065,0.69701566,0.065,0.69701566,0.125,1.12601126,0.125,1.12601126,0.125,2.03351888,0.125,2.03351888,0.125,3.13918055
colombia_first_round,COL_2026,2333993,0xa0ad535200b93734ad3f30c1c4647420d455547e976fc1fbb74d8d064746ecc3,25475812437646380052245134699845899337223501426743781535960514728954785311855,No,Will Abelardo de la Espriella place 1st in Bogotá?,68,2026-05-29T00:01:10.263000Z,2026-06-02T23:38:42.214000Z,0.935,0.9285,YES,0.915,2026-05-31T20:43:25.591000Z,AT_OR_BEFORE_RESULT_START,16,0.87,0.9365,0.765,0.9945,1.90095876,2.69110962,0.195,27.33,19.8,2026-05-31T22:13:10.688000Z,1.036302,2026-05-31T22:20:44.885000Z,1.162468,2026-05-31T22:23:58.184000Z,1.216162,2026-05-31T21:47:11.669000Z,0.603241,true,true,false,,,,,0.15,1.19598249,0.15,2.8212192,0.15,2.8212192,0.15,2.8212192,0.15,2.8212192
colombia_first_round,COL_2026,2333993,0xa0ad535200b93734ad3f30c1c4647420d455547e976fc1fbb74d8d064746ecc3,77550825999155528872052918100335738778028239767248882057114405371905628940971,Yes,Will Abelardo de la Espriella place 1st in Bogotá?,67,2026-05-29T00:30:41.432000Z,2026-06-02T22:25:24.530000Z,0.065,0.0875,NO,0.085,2026-05-31T20:43:25.591000Z,AT_OR_BEFORE_RESULT_START,16,0.13,0.0635,0.0055,0.235,-1.90095876,-2.69110962,0.195,19.8,27.33,2026-05-31T22:13:10.688000Z,1.036302,2026-05-31T22:20:44.885000Z,1.162468,2026-05-31T22:23:58.184000Z,1.216162,2026-05-31T21:47:11.669000Z,0.603241,true,true,false,,,,,0.15,1.19598249,0.15,2.8212192,0.15,2.8212192,0.15,2.8212192,0.15,2.8212192
colombia_first_round,COL_2026,2333994,0xdf6ca172d9fe9ac8a04a637366ee8508c7ee414c4c8e157c43f1e9abb11ae182,114658476795817041511501535056237620309154978413102092681898158788338387966720,Yes,Will Roy Barreras place 1st in Bogotá?,34,2026-05-29T01:07:00.502000Z,2026-05-31T19:15:56.673000Z,0.0115,0.0055,NO,0.0055,2026-05-31T19:15:56.673000Z,AT_OR_BEFORE_RESULT_START,0,,,,,,,,,,,,,,,,,,false,true,false,,,,,,,,,,,,,,
colombia_first_round,COL_2026,2333994,0xdf6ca172d9fe9ac8a04a637366ee8508c7ee414c4c8e157c43f1e9abb11ae182,4233926575371163656902848969301297645016832573517737606382669454257047581635,No,Will Roy Barreras place 1st in Bogotá?,46,2026-05-29T00:10:56.833000Z,2026-05-31T20:31:34.553000Z,0.983,0.9945,YES,0.9945,2026-05-31T20:31:34.553000Z,AT_OR_BEFORE_RESULT_START,0,,,,,,,,,,,,,,,,,,false,true,false,,,,,,,,,,,,,,
colombia_first_round,COL_2026,2333995,0x35acd85a490ff9b0fbc97e545334a0c124b5f2a703d2090523a7fd8ff626ebc1,105341950599762419402436652137823543294951876514711995548040653815338279081943,Yes,Will Daniel Quintero place 1st in Bogotá?,48,2026-05-29T01:21:57.511000Z,2026-05-31T19:01:52.489000Z,0.0105,0.0055,NO,0.0055,2026-05-31T19:01:52.489000Z,AT_OR_BEFORE_RESULT_START,0,,,,,,,,,,,,,,,,,,false,true,false,,,,,,,,,,,,,,
colombia_first_round,COL_2026,2333995,0x35acd85a490ff9b0fbc97e545334a0c124b5f2a703d2090523a7fd8ff626ebc1,43821158281580462196087007766692176097808730041570269051883433897352919754627,No,Will Daniel Quintero place 1st in Bogotá?,41,2026-05-29T00:45:54.284000Z,2026-05-31T21:20:48.280000Z,0.989,0.9945,YES,0.9945,2026-05-31T19:16:01.200000Z,AT_OR_BEFORE_RESULT_START,1,0.9945,0.9945,0.9945,0.9945,5.19749201,5.19749201,0.009,447.0,28.0,2026-05-31T21:20:48.280000Z,0.163411,2026-05-31T21:20:48.280000Z,0.163411,2026-05-31T21:20:48.280000Z,0.163411,2026-05-31T21:20:48.280000Z,0.163411,true,true,false,0.0,0.0,0.0,0.0,0.0,0.0,0.0,0.0,0.0,0.0,0.0,0.0,0.0,0.0
colombia_first_round,COL_2026,2333996,0x0800bd687e4028589e13ea87e9d999ae8495baf34b886cad9aeaca166273fa72,77801891223987841891474930621248532092123386694399544698997121876709615623565,Yes,Will Juan Carlos Pinzón place 1st in Bogotá?,49,2026-05-29T00:13:47.318000Z,2026-05-31T21:07:33.182000Z,0.0185,0.0055,NO,0.0055,2026-05-31T21:07:33.182000Z,AT_OR_BEFORE_RESULT_START,0,,,,,,,,,,,,,,,,,,false,true,false,,,,,,,,,,,,,,
colombia_first_round,COL_2026,2333996,0x0800bd687e4028589e13ea87e9d999ae8495baf34b886cad9aeaca166273fa72,79774248936917677535786289214612350107249875033447978339913670987747541234371,No,Will Juan Carlos Pinzón place 1st in Bogotá?,47,2026-05-29T01:22:08.944000Z,2026-05-31T20:53:00.717000Z,0.989,0.9945,YES,0.9945,2026-05-31T20:53:00.717000Z,AT_OR_BEFORE_RESULT_START,0,,,,,,,,,,,,,,,,,,false,true,false,,,,,,,,,,,,,,
colombia_first_round,COL_2026,2333997,0x49e558a18adbc66d0e4157ba3387d34e14a3911b7e261728fac86c42d5c7133c,12766875175055860764160778665583608934306536119111793498520265084591438289376,No,Will Mauricio Cárdenas place 1st in Bogotá?,58,2026-05-29T00:27:32.162000Z,2026-05-31T21:16:21.428000Z,0.9755,0.9945,YES,0.9945,2026-05-31T19:15:29.010000Z,AT_OR_BEFORE_RESULT_START,1,0.9945,0.9945,0.9945,0.9945,5.19749201,5.19749201,0.009,447.0,28.0,2026-05-31T21:16:21.428000Z,0.089286,2026-05-31T21:16:21.428000Z,0.089286,2026-05-31T21:16:21.428000Z,0.089286,2026-05-31T21:16:21.428000Z,0.089286,true,true,false,0.0,0.0,0.0,0.0,0.0,0.0,0.0,0.0,0.0,0.0,0.0,0.0,0.0,0.0
colombia_first_round,COL_2026,2333997,0x49e558a18adbc66d0e4157ba3387d34e14a3911b7e261728fac86c42d5c7133c,9130297864546634016010618697205752332957366224492537595372007182042730147381,Yes,Will Mauricio Cárdenas place 1st in Bogotá?,47,2026-05-29T00:25:07.638000Z,2026-05-31T19:15:12.254000Z,0.0245,0.0055,NO,0.0055,2026-05-31T19:15:12.254000Z,AT_OR_BEFORE_RESULT_START,0,,,,,,,,,,,,,,,,,,false,true,false,,,,,,,,,,,,,,
colombia_first_round,COL_2026,2333998,0x2a3914b6dd5c7cee95013706205721b7382eb58521f78c2f05aa27d66dbc98ab,40409767179656996491727443577129961128822452085512967205325220979407970324285,No,Will Enrique Peñalosa place 1st in Bogotá?,54,2026-05-29T01:13:50.993000Z,2026-05-31T19:22:24.600000Z,0.989,0.9945,YES,0.9945,2026-05-31T19:22:24.600000Z,AT_OR_BEFORE_RESULT_START,0,,,,,,,,,,,,,,,,,,false,true,false,,,,,,,,,,,,,,
colombia_first_round,COL_2026,2333998,0x2a3914b6dd5c7cee95013706205721b7382eb58521f78c2f05aa27d66dbc98ab,66381795846969032629901430810742945962626578004273330356466856194567141702541,Yes,Will Enrique Peñalosa place 1st in Bogotá?,48,2026-05-29T00:02:21.988000Z,2026-05-31T19:16:13.183000Z,0.011,0.0055,NO,0.0055,2026-05-31T19:16:13.183000Z,AT_OR_BEFORE_RESULT_START,0,,,,,,,,,,,,,,,,,,false,true,false,,,,,,,,,,,,,,
colombia_first_round,COL_2026,2370363,0x5553ac0f0f12152e074acffad5aa883ebbac57d4d56fb87ba44210a9ff1ef763,17771261931070273465412656574855359363377231545699136563559510097663300201862,No,Will Iván Cepeda win less than 30% of votes in the first round of the 2026 Colombian election?,136,2026-05-29T01:01:09.637000Z,2026-06-02T22:54:32.652000Z,0.9465,0.9955,YES,0.951,2026-05-31T19:17:35.260000Z,AT_OR_BEFORE_RESULT_START,17,0.961,0.99,0.9525,0.9925,3.20441276,4.59511985,0.026,50.0,338.16,2026-05-31T21:33:57.626000Z,0.382674,2026-05-31T21:33:57.626000Z,0.382674,2026-05-31T23:29:06.768000Z,2.30188,2026-05-31T21:33:57.626000Z,0.382674,true,true,false,,,0.01,0.238719,0.01,0.238719,0.0415,1.91963023,0.0415,1.91963023,0.0415,1.91963023,0.0415,1.91963023
colombia_first_round,COL_2026,2370363,0x5553ac0f0f12152e074acffad5aa883ebbac57d4d56fb87ba44210a9ff1ef763,80409343233913036431936767840187042078689044235273383609034963566697602886885,Yes,Will Iván Cepeda win less than 30% of votes in the first round of the 2026 Colombian election?,138,2026-05-29T00:01:51.077000Z,2026-06-02T22:41:48.749000Z,0.0545,0.0045,NO,0.0395,2026-05-31T19:15:50.965000Z,AT_OR_BEFORE_RESULT_START,16,0.039,0.01,0.01,0.0475,-3.20441276,-4.59511985,0.026,254.175,50.0,2026-05-31T21:33:57.626000Z,0.382674,2026-05-31T21:33:57.626000Z,0.382674,2026-06-01T02:00:21.918000Z,4.822755,2026-05-31T21:33:57.626000Z,0.382674,true,true,false,,,0.0005,0.01325945,0.008,0.19279291,0.029,1.3546712,0.0295,1.40396654,0.031,1.56799947,0.032,1.69417068
colombia_first_round,COL_2026,2370364,0xc8ff297dc44f45dec9c6096fcda9da812275fa1e4d5ec398f11b201a6c2259a5,37452048138941596601617293147716911929162338284100682320470600889093820004897,Yes,Will Iván Cepeda win between 30% and 35% of votes in the first round of the 2026 Colombian election?,65,2026-05-29T01:22:08.694000Z,2026-05-31T22:39:04.020000Z,0.205,0.009,NO,0.115,2026-05-31T20:36:12.713000Z,AT_OR_BEFORE_RESULT_START,5,0.075,0.009,0.009,0.075,-2.51230562,-4.70148996,0.049,35.0,67.53,2026-05-31T21:34:54.729000Z,0.398536,2026-05-31T22:30:00.260000Z,1.316739,2026-05-31T22:39:04.020000Z,1.467783,2026-05-31T21:34:54.729000Z,0.398536,true,true,false,,,0.04,0.47165011,0.06,0.80319623,0.106,2.66083444,0.106,2.66083444,0.106,2.66083444,0.106,2.66083444
colombia_first_round,COL_2026,2370364,0xc8ff297dc44f45dec9c6096fcda9da812275fa1e4d5ec398f11b201a6c2259a5,73690776259368379285362017139427460145564028354487674876100211783541829907730,No,Will Iván Cepeda win between 30% and 35% of votes in the first round of the 2026 Colombian election?,68,2026-05-29T01:22:08.557000Z,2026-05-31T22:39:04.020000Z,0.795,0.991,YES,0.885,2026-05-31T20:27:29.058000Z,AT_OR_BEFORE_RESULT_START,5,0.925,0.991,0.925,0.991,2.51230562,4.70148996,0.049,67.53,35.0,2026-05-31T21:34:54.729000Z,0.398536,2026-05-31T22:30:00.260000Z,1.316739,2026-05-31T22:39:04.020000Z,1.467783,2026-05-31T21:34:54.729000Z,0.398536,true,true,false,,,0.04,0.47165011,0.06,0.80319623,0.106,2.66083444,0.106,2.66083444,0.106,2.66083444,0.106,2.66083444
colombia_first_round,COL_2026,2370365,0xf44ba6ae238db2cf052a5a496216cab7a8f8b5887d4b800fffcc842ff0a5656d,32538940167097335646273051780361200206495497154660016962319641291380583656648,Yes,Will Iván Cepeda win between 35% and 40% of votes in the first round of the 2026 Colombian election?,114,2026-05-29T00:33:34.172000Z,2026-06-02T22:41:48.749000Z,0.365,0.0075,NO,0.395,2026-05-31T21:02:52.544000Z,AT_OR_BEFORE_RESULT_START,18,0.45,0.0195,0.0145,0.45,-0.2006707,-3.91764818,0.04,78.475,10.0,2026-05-31T22:17:07Z,1.101944,2026-05-31T22:17:07Z,1.101944,2026-06-01T20:58:57.625000Z,23.79934,2026-05-31T22:01:46.311000Z,0.846198,true,true,false,0.055,0.225672,0.055,0.225672,0.255,1.38894727,0.3805,3.79265778,0.3805,3.79265778,0.3805,3.79265778,0.386,4.27514726
colombia_first_round,COL_2026,2370365,0xf44ba6ae238db2cf052a5a496216cab7a8f8b5887d4b800fffcc842ff0a5656d,43569387240980032700972763270434139574832315937970976045877828496080251763118,No,Will Iván Cepeda win between 35% and 40% of votes in the first round of the 2026 Colombian election?,112,2026-05-29T00:19:49.078000Z,2026-06-02T23:32:31.868000Z,0.635,0.9955,YES,0.605,2026-05-31T21:02:52.544000Z,AT_OR_BEFORE_RESULT_START,18,0.55,0.9805,0.55,0.9855,0.2006707,3.91764818,0.04,10.0,78.475,2026-05-31T22:17:07Z,1.101944,2026-05-31T22:17:07Z,1.101944,2026-06-01T20:58:57.625000Z,23.79934,2026-05-31T22:01:46.311000Z,0.846198,true,true,false,0.055,0.225672,0.055,0.225672,0.255,1.38894727,0.3805,3.79265778,0.3805,3.79265778,0.3805,3.79265778,0.386,4.27514726
colombia_first_round,COL_2026,2370366,0xb796aa213c72a50adc3eab3e107f05d2500e084f5245529048d25083b5ee58f6,23532536587635768634392386965780230467726004893924047653522105374551220178823,Yes,Will Iván Cepeda win between 40% and 45% of votes in the first round of the 2026 Colombian election?,155,2026-05-29T00:19:49.078000Z,2026-06-02T23:50:29.818000Z,0.34,0.988,YES,0.39,2026-05-31T20:46:29.844000Z,AT_OR_BEFORE_RESULT_START,28,0.455,0.98,0.455,0.994,-0.18048838,3.8918203,0.055,21.365,42.0,2026-05-31T22:05:55.573000Z,0.915437,2026-05-31T22:14:22.999000Z,1.056389,2026-05-31T22:48:12.712000Z,1.620198,2026-05-31T22:04:01.082000Z,0.883634,true,true,false,0.065,0.26682384,0.065,0.26682384,0.53,2.88965925,0.604,5.55728996,0.604,5.55728996,0.604,5.55728996,0.604,5.55728996
colombia_first_round,COL_2026,2370366,0xb796aa213c72a50adc3eab3e107f05d2500e084f5245529048d25083b5ee58f6,34017516793255944315924905866075445469495510046839923057461503811107765793042,No,Will Iván Cepeda win between 40% and 45% of votes in the first round of the 2026 Colombian election?,152,2026-05-29T00:05:28.428000Z,2026-06-02T23:45:03.272000Z,0.675,0.007,NO,0.605,2026-05-31T19:31:26.198000Z,AT_OR_BEFORE_RESULT_START,28,0.545,0.02,0.006,0.545,0.18048838,-3.8918203,0.055,42.0,21.365,2026-05-31T22:05:55.573000Z,0.915437,2026-05-31T22:14:22.999000Z,1.056389,2026-05-31T22:48:12.712000Z,1.620198,2026-05-31T22:04:01.082000Z,0.883634,true,true,false,0.06,0.24585432,0.06,0.24585432,0.525,2.86868973,0.599,5.53632043,0.599,5.53632043,0.599,5.53632043,0.599,5.53632043
colombia_first_round,COL_2026,2370367,0x79cab4f38cf0f5f5ae6c9e844e29af1ff86505fd8ee7447b510fe899092ea8e2,21242654996158751286546527824285723411357590658494899997066056094795103168326,No,Will Iván Cepeda win between 45% and 50% of votes in the first round of the 2026 Colombian election?,88,2026-05-29T00:07:44.879000Z,2026-06-02T23:58:17.581000Z,0.935,0.9955,YES,0.885,2026-05-31T19:18:26.518000Z,AT_OR_BEFORE_RESULT_START,16,0.925,0.987,0.91,0.987,2.51230562,4.32972068,0.0345,33.0,76.495,2026-05-31T21:45:32.450000Z,0.575681,2026-05-31T22:29:59.980000Z,1.316661,2026-06-02T22:37:26.766000Z,49.440768,2026-05-31T21:45:32.450000Z,0.575681,true,true,false,,,,,0.045,0.54603383,0.102,2.28906517,0.102,2.28906517,0.102,2.28906517,0.102,2.28906517
colombia_first_round,COL_2026,2370367,0x79cab4f38cf0f5f5ae6c9e844e29af1ff86505fd8ee7447b510fe899092ea8e2,8697539857550986832137144276320607178265573681335770267502912415655085842861,Yes,Will Iván Cepeda win between 45% and 50% of votes in the first round of the 2026 Colombian election?,83,2026-05-29T00:07:44.879000Z,2026-06-02T23:37:00.026000Z,0.065,0.0045,NO,0.115,2026-05-31T19:16:11.634000Z,AT_OR_BEFORE_RESULT_START,16,0.075,0.013,0.013,0.09,-2.51230562,-4.32972068,0.0345,76.495,33.0,2026-05-31T21:45:32.450000Z,0.575681,2026-05-31T22:29:59.980000Z,1.316661,2026-06-02T22:20:32.532000Z,49.159037,2026-05-31T21:45:32.450000Z,0.575681,true,true,false,,,,,0.045,0.54603383,0.102,2.28906517,0.102,2.28906517,0.102,2.28906517,0.102,2.28906517
colombia_first_round,COL_2026,2370368,0x26a0f0a0c39f06c80dcfa83ba8b9701973471e097529aadd791b61bada836c20,25690840019062849976496566794963978141818728224461919092756328830681090169797,Yes,Will Iván Cepeda win between 50% and 55% of votes in the first round of the 2026 Colombian election?,121,2026-05-29T01:22:00.757000Z,2026-06-02T23:42:04.672000Z,0.045,0.0045,NO,0.037,2026-05-31T20:46:08.420000Z,AT_OR_BEFORE_RESULT_START,16,0.077,0.014,0.0085,0.077,-2.48382381,-4.25459902,0.028,802.43,20.5,2026-05-31T21:34:48.557000Z,0.396821,2026-05-31T22:25:12.628000Z,1.236841,2026-05-31T22:39:04.020000Z,1.467783,2026-05-31T21:34:48.557000Z,0.396821,true,true,false,,,0.04,0.77531169,0.04,0.77531169,0.04,1.50001729,0.04,1.50001729,0.04,1.50001729,0.04,1.50001729
colombia_first_round,COL_2026,2370368,0x26a0f0a0c39f06c80dcfa83ba8b9701973471e097529aadd791b61bada836c20,70711342151483937699561861579769525426595720303575710642911618019465212044891,No,Will Iván Cepeda win between 50% and 55% of votes in the first round of the 2026 Colombian election?,114,2026-05-29T01:22:00.757000Z,2026-06-02T22:50:12.719000Z,0.955,0.995,YES,0.963,2026-05-31T19:08:07.599000Z,AT_OR_BEFORE_RESULT_START,16,0.923,0.986,0.923,0.9915,2.48382381,4.25459902,0.028,20.5,802.43,2026-05-31T21:34:48.557000Z,0.396821,2026-05-31T22:25:12.628000Z,1.236841,2026-05-31T22:39:04.020000Z,1.467783,2026-05-31T21:34:48.557000Z,0.396821,true,true,false,,,0.04,0.77531169,0.04,0.77531169,0.04,1.50001729,0.04,1.50001729,0.04,1.50001729,0.04,1.56114607
colombia_first_round,COL_2026,2370369,0x631603d3b238dcb3668e70e6bb8951d57d52c419fd9b5f3d63403ad68f264f65,12226423288780599563011475613807642769097724889014707153307653850752788899885,Yes,Will Iván Cepeda win more than 55% of votes in the first round of the 2026 Colombian election?,105,2026-05-29T00:39:20.368000Z,2026-06-02T23:57:50.252000Z,0.0045,0.002,NO,0.0135,2026-05-31T20:36:12.713000Z,AT_OR_BEFORE_RESULT_START,9,0.0065,0.0025,0.0025,0.0065,-5.02943189,-5.98896142,0.001,92.01,391.96,2026-05-31T21:59:38.691000Z,0.810747,2026-05-31T21:59:38.691000Z,0.810747,2026-05-31T21:59:38.691000Z,0.810747,2026-05-31T21:59:38.691000Z,0.810747,true,true,false,,,,,0.007,0.73795825,0.01,1.36001253,0.011,1.69748778,0.012,2.2093154,0.012,2.2093154
colombia_first_round,COL_2026,2370369,0x631603d3b238dcb3668e70e6bb8951d57d52c419fd9b5f3d63403ad68f264f65,20943589593491838109810906648757863845889162000752337520985198737303906129301,No,Will Iván Cepeda win more than 55% of votes in the first round of the 2026 Colombian election?,108,2026-05-29T00:59:45.669000Z,2026-06-02T23:37:40.019000Z,0.996,0.998,YES,0.988,2026-05-31T15:35:28.850000Z,AT_OR_BEFORE_RESULT_START,9,0.9935,0.9975,0.9935,0.9975,5.02943189,5.98896142,0.001,391.96,92.01,2026-05-31T21:59:38.691000Z,0.810747,2026-05-31T21:59:38.691000Z,0.810747,2026-05-31T21:59:38.691000Z,0.810747,2026-05-31T21:59:38.691000Z,0.810747,true,true,false,,,,,0.0055,0.61865584,0.0085,1.24071012,0.0095,1.57818537,0.0095,1.57818537,0.0105,2.090013
colombia_first_round,COL_2026,2370370,0x906773d94ef5fd173005c701dae6b64f2884165cc86a02bcbb780bdacbdaf963,37325027615345403785229529689583734939336027375308624768477741594205185993426,No,Will Abelardo de la Espriella win less than 20% of votes in the first round of the 2026 Colombian election?,53,2026-05-29T00:19:55.539000Z,2026-06-02T14:14:58.752000Z,0.955,0.973,YES,0.9845,2026-05-30T23:16:05.878000Z,AT_OR_BEFORE_RESULT_START,0,,,,,,,,,,2026-06-02T14:14:58.752000Z,41.06632,2026-06-02T14:14:58.752000Z,41.06632,,,2026-06-02T14:14:58.752000Z,41.06632,false,true,false,,,,,,,,,,,,,,
colombia_first_round,COL_2026,2370370,0x906773d94ef5fd173005c701dae6b64f2884165cc86a02bcbb780bdacbdaf963,52544124561027206712683706223708490358158212353354137585418430845021662856222,Yes,Will Abelardo de la Espriella win less than 20% of votes in the first round of the 2026 Colombian election?,46,2026-05-29T00:19:55.539000Z,2026-06-02T14:14:58.752000Z,0.045,0.027,NO,0.0155,2026-05-30T23:16:05.505000Z,AT_OR_BEFORE_RESULT_START,0,,,,,,,,,,2026-06-02T14:14:58.752000Z,41.06632,2026-06-02T14:14:58.752000Z,41.06632,,,2026-06-02T14:14:58.752000Z,41.06632,false,true,false,,,,,,,,,,,,,,
colombia_first_round,COL_2026,2370371,0x39171df906a7d9b43ddf95b2ce7ab44e298a550725eb71dc8b11531aa42fe236,102522220617940917640135349614659857674061664729122958690827267932184772834434,Yes,Will Abelardo de la Espriella win between 20% and 25% of votes in the first round of the 2026 Colombian election?,107,2026-05-29T00:36:38.772000Z,2026-06-02T23:19:49.531000Z,0.051,0.004,NO,0.301,2026-05-31T19:41:08.734000Z,AT_OR_BEFORE_RESULT_START,9,0.1655,0.014,0.014,0.373,-1.61786155,-4.25459902,0.256,14.0,10.0,2026-05-31T22:01:13.067000Z,0.836963,2026-05-31T22:37:50.163000Z,1.447267,2026-06-01T18:38:01.829000Z,21.450508,2026-05-31T21:31:55.648000Z,0.348791,true,true,false,,,0.1425,0.82689094,0.247,2.02071805,0.287,3.41205855,0.287,3.41205855,0.287,3.41205855,0.2945,4.18689141
colombia_first_round,COL_2026,2370371,0x39171df906a7d9b43ddf95b2ce7ab44e298a550725eb71dc8b11531aa42fe236,75514784963273890959399499713376488854370383075496325472954063346318094066231,No,Will Abelardo de la Espriella win between 20% and 25% of votes in the first round of the 2026 Colombian election?,112,2026-05-29T00:28:11.466000Z,2026-06-02T23:30:59.932000Z,0.949,0.996,YES,0.699,2026-05-31T19:41:08.734000Z,AT_OR_BEFORE_RESULT_START,10,0.842,0.965,0.627,0.9825,1.67318498,3.31678004,0.269,12.15,74.82,2026-05-31T22:01:13.067000Z,0.836963,2026-05-31T22:37:50.163000Z,1.447267,2026-06-02T20:30:49.955000Z,47.330543,2026-05-31T21:16:21.428000Z,0.089286,true,true,false,0.143,0.8306445,0.143,0.8306445,0.247,2.02071805,0.2835,3.18535899,0.2835,3.18535899,0.2835,3.18535899,0.2835,3.18535899
colombia_first_round,COL_2026,2370372,0x801f7b19117136c24310006ce4de103f2393f9b7e193f5cd46979f789986d4e5,27569980540816126918913223009069103077803429013709621607972111434973870718622,No,Will Abelardo de la Espriella win between 25% and 30% of votes in the first round of the 2026 Colombian election?,89,2026-05-29T00:06:17.486000Z,2026-06-02T23:56:51.326000Z,0.855,0.9905,YES,0.93,2026-05-31T21:02:40.748000Z,AT_OR_BEFORE_RESULT_START,2,0.935,0.9945,0.935,0.9945,2.66615926,5.19749201,0.0595,55.0,8.0,2026-05-31T21:36:28.857000Z,0.424683,2026-05-31T22:17:35.389000Z,1.10983,2026-05-31T22:17:35.389000Z,1.10983,2026-05-31T21:36:28.857000Z,0.424683,true,true,false,,,0.005,0.07946992,0.005,0.07946992,0.0645,2.61080266,0.0645,2.61080266,0.0645,2.61080266,0.0645,2.61080266
colombia_first_round,COL_2026,2370372,0x801f7b19117136c24310006ce4de103f2393f9b7e193f5cd46979f789986d4e5,31298869100124143495345080948613668059227369900192776063166867588510846016201,Yes,Will Abelardo de la Espriella win between 25% and 30% of votes in the first round of the 2026 Colombian election?,91,2026-05-29T00:15:07.256000Z,2026-06-02T23:57:36.180000Z,0.145,0.0095,NO,0.07,2026-05-31T21:02:40.748000Z,AT_OR_BEFORE_RESULT_START,2,0.065,0.0055,0.0055,0.065,-2.66615926,-5.19749201,0.0595,8.0,55.0,2026-05-31T21:36:28.857000Z,0.424683,2026-05-31T22:17:35.389000Z,1.10983,2026-05-31T22:17:35.389000Z,1.10983,2026-05-31T21:36:28.857000Z,0.424683,true,true,false,,,0.005,0.07946992,0.005,0.07946992,0.0645,2.61080266,0.0645,2.61080266,0.0645,2.61080266,0.0645,2.61080266
colombia_first_round,COL_2026,2370373,0x15bac3fab3754ba57ba328d86b93b296778a1b90c12bafa51f07b3ea79996b4f,106763230704343183453719408887359082927815236992232473300788515686612692073771,Yes,Will Abelardo de la Espriella win between 30% and 35% of votes in the first round of the 2026 Colombian election?,101,2026-05-29T00:02:21.988000Z,2026-06-02T23:34:51.451000Z,0.355,0.0015,NO,0.375,2026-05-31T20:11:54.348000Z,AT_OR_BEFORE_RESULT_START,3,0.305,0.024,0.021,0.305,-0.82360007,-3.70540876,0.044,17.42,49.0,2026-05-31T22:37:50.163000Z,1.447267,2026-05-31T22:37:50.163000Z,1.447267,2026-06-01T07:52:47.366000Z,10.696491,2026-05-31T22:37:50.163000Z,1.447267,true,true,false,,,0.07,0.31277445,0.07,0.31277445,0.354,3.33118358,0.354,3.33118358,0.3695,4.68666638,0.3695,4.68666638
colombia_first_round,COL_2026,2370373,0x15bac3fab3754ba57ba328d86b93b296778a1b90c12bafa51f07b3ea79996b4f,11618145140283274060200253187130030476847871423203649938570348046814275016199,No,Will Abelardo de la Espriella win between 30% and 35% of votes in the first round of the 2026 Colombian election?,104,2026-05-29T00:41:46.463000Z,2026-06-02T23:34:09.515000Z,0.64,0.9985,YES,0.46,2026-05-31T21:01:36.658000Z,AT_OR_BEFORE_RESULT_START,3,0.695,0.976,0.695,0.979,0.82360007,3.70540876,0.044,49.0,17.42,2026-05-31T22:37:50.163000Z,1.447267,2026-05-31T22:37:50.163000Z,1.447267,2026-06-01T04:33:21.471000Z,7.372631,2026-05-31T22:37:50.163000Z,1.447267,true,true,false,,,0.235,0.98394272,0.235,0.98394272,0.519,4.00235185,0.519,4.00235185,0.5345,5.35783466,0.5345,5.35783466
colombia_first_round,COL_2026,2370374,0x7385bdc26ff171d5efebeebf1f8e9699a21877e3706c803341eabfb57fa1ee42,104997868072009015624222294580678450931025984784809139537795507805369124252261,Yes,Will Abelardo de la Espriella win between 35% and 40% of votes in the first round of the 2026 Colombian election?,112,2026-05-29T00:37:00.557000Z,2026-06-02T23:53:33.325000Z,0.315,0.0025,NO,0.29,2026-05-31T20:46:29.844000Z,AT_OR_BEFORE_RESULT_START,3,0.44,0.017,0.017,0.44,-0.24116206,-4.05739578,0.036,89.55,30.64,2026-05-31T22:37:50.163000Z,1.447267,2026-05-31T22:37:50.163000Z,1.447267,2026-06-01T08:04:40.672000Z,10.894631,2026-05-31T22:37:50.163000Z,1.447267,true,true,false,,,,,0.15,0.65422199,0.271,3.04874943,0.273,3.16201173,0.2855,4.50378368,0.287,4.91075443
colombia_first_round,COL_2026,2370374,0x7385bdc26ff171d5efebeebf1f8e9699a21877e3706c803341eabfb57fa1ee42,85852392956929507401323380500070148952293206277203636208052397393223287465901,No,Will Abelardo de la Espriella win between 35% and 40% of votes in the first round of the 2026 Colombian election?,91,2026-05-29T01:22:08.270000Z,2026-06-02T23:39:32.048000Z,0.685,0.9975,YES,0.755,2026-05-31T19:47:56.079000Z,AT_OR_BEFORE_RESULT_START,4,0.56,0.983,0.56,0.984,0.24116206,4.05739578,0.033,19.865,84.97,2026-05-31T22:37:50.163000Z,1.447267,2026-05-31T22:37:50.163000Z,1.447267,2026-06-01T08:21:49.509000Z,11.180419,2026-05-31T22:37:50.163000Z,1.447267,true,true,false,,,,,0.195,0.88429748,0.229,2.99357764,0.229,2.99357764,0.2405,4.27370819,0.242,4.68067894
colombia_first_round,COL_2026,2370375,0x1df87f7e360bcf2a2df38a2ee1bde8d1bff411780fc7e475a4a09a94a9bd3899,108974167068494983977501827601085425117902742141321372239296316608755852846077,Yes,Will Abelardo de la Espriella win between 40% and 45% of votes in the first round of the 2026 Colombian election?,117,2026-05-29T00:38:16.671000Z,2026-06-02T23:47:51.386000Z,0.105,0.9815,YES,0.395,2026-05-31T18:32:53.161000Z,AT_OR_BEFORE_RESULT_START,18,0.35,0.971,0.35,0.979,-0.61903921,3.51103064,0.078,36.515,72.095,2026-05-31T22:23:30.777000Z,1.208549,2026-05-31T22:23:30.777000Z,1.208549,,,2026-05-31T22:01:12.962000Z,0.836934,false,true,false,,,0.045,0.19269652,0.5,2.56920606,0.582,4.17533513,0.584,4.2683519,0.584,4.2683519,0.584,4.2683519
colombia_first_round,COL_2026,2370375,0x1df87f7e360bcf2a2df38a2ee1bde8d1bff411780fc7e475a4a09a94a9bd3899,109435389580424658150493785421168198466327994825138139108960099929552872167974,No,Will Abelardo de la Espriella win between 40% and 45% of votes in the first round of the 2026 Colombian election?,136,2026-05-29T00:08:22.180000Z,2026-06-02T22:54:32.652000Z,0.895,0.019,NO,0.755,2026-05-31T21:00:26.885000Z,AT_OR_BEFORE_RESULT_START,19,0.65,0.029,0.021,0.65,0.61903921,-3.51103064,0.068,60.0,28.03,2026-05-31T22:23:30.777000Z,1.208549,2026-05-31T22:23:30.777000Z,1.208549,,,2026-05-31T22:01:12.962000Z,0.836934,false,true,false,,,0.105,0.50642033,0.65,3.26832291,0.732,4.87445197,0.734,4.96746874,0.734,4.96746874,0.7395,5.27675341
colombia_first_round,COL_2026,2370376,0x13fdd4bd0d84295d0dce1a74f0aeb13c98d8cf742746fd70b22225a9a8b55bdc,106907883654432555669105797640433393860603468575290578144134062016861224644807,No,Will Abelardo de la Espriella win at least 45% of votes in the first round of the 2026 Colombian election?,117,2026-05-29T01:22:09.086000Z,2026-06-02T23:55:21.986000Z,0.94,0.9945,YES,0.855,2026-05-31T19:48:59.368000Z,AT_OR_BEFORE_RESULT_START,14,0.77,0.987,0.77,0.994,1.20831121,4.32972068,0.0425,22.88,90.91,2026-05-31T22:37:50.163000Z,1.447267,2026-05-31T22:37:50.163000Z,1.447267,2026-05-31T23:00:28.251000Z,1.824514,2026-05-31T21:53:02.574000Z,0.700715,true,true,false,,,,,0.085,0.56605652,0.139,3.33561001,0.139,3.33561001,0.139,3.33561001,0.1395,3.42312428
colombia_first_round,COL_2026,2370376,0x13fdd4bd0d84295d0dce1a74f0aeb13c98d8cf742746fd70b22225a9a8b55bdc,59263798627249653735139959425434434938525580867813565742566207804138725744398,Yes,Will Abelardo de la Espriella win at least 45% of votes in the first round of the 2026 Colombian election?,143,2026-05-29T01:06:10.905000Z,2026-06-02T23:58:53.062000Z,0.06,0.0055,NO,0.16,2026-05-31T20:15:11.389000Z,AT_OR_BEFORE_RESULT_START,14,0.23,0.013,0.006,0.23,-1.20831121,-4.32972068,0.0425,90.91,22.88,2026-05-31T22:37:50.163000Z,1.447267,2026-05-31T22:37:50.163000Z,1.447267,2026-05-31T23:00:28.251000Z,1.824514,2026-05-31T21:53:02.574000Z,0.700715,true,true,false,,,,,0.07,0.44991687,0.154,3.45174966,0.154,3.45174966,0.154,3.45174966,0.1545,3.53926393
colombia_first_round,COL_2026,2370502,0x872f86634b7690a5fee7e1972d694a40f2461d51dfe15aac152f837b2f6748f1,28639130410533210543434466322077711630821817868891210659799702200300853393565,Yes,Will Paloma Valencia win less than 10% of votes in the first round of the 2026 Colombian election?,136,2026-05-29T00:05:15.368000Z,2026-06-02T23:58:51.823000Z,0.175,0.99,YES,0.245,2026-05-31T18:59:52.960000Z,AT_OR_BEFORE_RESULT_START,23,0.265,0.9615,0.18,0.975,-1.02014067,3.21783632,0.05,30.0,100.0,2026-05-31T21:51:20.935000Z,0.672482,2026-05-31T21:51:55.235000Z,0.68201,2026-06-02T22:15:42.830000Z,49.078564,2026-05-31T21:49:16.657000Z,0.63796,true,true,false,,,0.27,1.18547755,0.73,4.78902118,0.73,4.78902118,0.73,4.78902118,0.7445,5.67128405,0.7445,5.67128405
colombia_first_round,COL_2026,2370502,0x872f86634b7690a5fee7e1972d694a40f2461d51dfe15aac152f837b2f6748f1,85737988484478023558924814362501719560385425453511632685275732412275213294949,No,Will Paloma Valencia win less than 10% of votes in the first round of the 2026 Colombian election?,124,2026-05-29T00:05:15.368000Z,2026-06-02T23:42:04.326000Z,0.825,0.01,NO,0.755,2026-05-31T19:15:17.103000Z,AT_OR_BEFORE_RESULT_START,24,0.735,0.0385,0.025,0.82,1.02014067,-3.21783632,0.049,100.0,30.0,2026-05-31T21:51:20.935000Z,0.672482,2026-05-31T21:51:55.235000Z,0.68201,2026-06-02T22:15:42.920000Z,49.078589,2026-05-31T21:49:16.657000Z,0.63796,true,true,false,,,0.27,1.18547755,0.73,4.78902118,0.73,4.78902118,0.73,4.78902118,0.7445,5.67128405,0.7445,5.67128405
colombia_first_round,COL_2026,2370503,0x16735442b2bb8ccafb0d588e2c514a5e537710f29eef62b9aceb110927aa0b17,112056089362062494013086287319777463778590557555325123282491093562172424170419,No,Will Paloma Valencia win between 10% and 15% of votes in the first round of the 2026 Colombian election?,110,2026-05-29T01:21:55.182000Z,2026-06-02T23:33:02.076000Z,0.7,0.992,YES,0.595,2026-05-31T19:15:39.374000Z,AT_OR_BEFORE_RESULT_START,15,0.825,0.9665,0.825,0.9855,1.55059741,3.36213586,0.17,150.0,591.91,2026-05-31T21:56:11.460000Z,0.753183,2026-05-31T22:29:32.757000Z,1.309099,2026-06-01T16:07:57.243000Z,18.949234,2026-05-31T21:51:05.156000Z,0.668099,true,true,false,,,,,0.335,2.20201501,0.3845,3.48194301,0.3905,3.83432614,0.3905,3.83432614,0.4005,5.01449339
colombia_first_round,COL_2026,2370503,0x16735442b2bb8ccafb0d588e2c514a5e537710f29eef62b9aceb110927aa0b17,14032565312204116543058042853830508215638603444086721905238406226915307335250,Yes,Will Paloma Valencia win between 10% and 15% of votes in the first round of the 2026 Colombian election?,94,2026-05-29T01:22:07.239000Z,2026-06-02T23:56:21.370000Z,0.3,0.0065,NO,0.405,2026-05-31T20:25:21.484000Z,AT_OR_BEFORE_RESULT_START,14,0.175,0.0335,0.0145,0.175,-1.55059741,-3.36213586,0.17,606.91,150.0,2026-05-31T21:56:11.460000Z,0.753183,2026-06-01T01:28:59.892000Z,4.29997,2026-06-01T16:35:31.371000Z,19.408714,2026-05-31T21:51:05.156000Z,0.668099,true,true,false,,,,,0.335,2.20201501,0.335,2.20201501,0.3905,3.83432614,0.3905,3.83432614,0.4005,5.01449339
colombia_first_round,COL_2026,2370504,0x1fb33c5b0e416bee0294346d5d255b50b9b1b64ebd9f5bfdb18c89aed6b0e40e,59577799598615041474525598766462222441775718236296469685245542779261212208618,No,Will Paloma Valencia win between 15% and 20% of votes in the first round of the 2026 Colombian election?,95,2026-05-29T00:30:41.432000Z,2026-06-02T23:14:50.161000Z,0.74,0.9985,YES,0.595,2026-05-31T19:17:05.772000Z,AT_OR_BEFORE_RESULT_START,5,0.9795,0.9985,0.9795,0.9985,3.86661735,6.50078904,0.001,310.0,184.0,2026-05-31T22:09:27.724000Z,0.974368,2026-05-31T22:09:27.724000Z,0.974368,2026-05-31T22:09:36.261000Z,0.976739,2026-05-31T22:09:27.724000Z,0.974368,true,true,false,,,,,0.3995,4.81281767,0.4035,6.11611471,0.4035,6.11611471,0.4035,6.11611471,0.4035,6.11611471
colombia_first_round,COL_2026,2370504,0x1fb33c5b0e416bee0294346d5d255b50b9b1b64ebd9f5bfdb18c89aed6b0e40e,95397713339867671620267750294638973576062800721731079271432384499852407789018,Yes,Will Paloma Valencia win between 15% and 20% of votes in the first round of the 2026 Colombian election?,73,2026-05-29T00:30:41.432000Z,2026-06-02T23:55:22.041000Z,0.26,0.0015,NO,0.405,2026-05-31T19:16:28.019000Z,AT_OR_BEFORE_RESULT_START,5,0.0205,0.0015,0.0015,0.0205,-3.86661735,-6.50078904,0.001,184.0,310.0,2026-05-31T22:09:27.724000Z,0.974368,2026-05-31T22:09:27.724000Z,0.974368,2026-05-31T22:09:36.261000Z,0.976739,2026-05-31T22:09:27.724000Z,0.974368,true,true,false,,,,,0.3995,4.81281767,0.4035,6.11611471,0.4035,6.11611471,0.4035,6.11611471,0.4035,6.11611471
colombia_first_round,COL_2026,2370505,0x9a42ccba956da0d54d9253c199d034a180ac96653b77073a1d221aa97b776a88,15147161295972211963372390973852928690124020852463670631174162604331699622175,Yes,Will Paloma Valencia win between 20% and 25% of votes in the first round of the 2026 Colombian election?,67,2026-05-29T00:38:04.492000Z,2026-06-01T03:04:14.322000Z,0.125,0.0015,NO,0.05,2026-05-31T20:18:20.886000Z,AT_OR_BEFORE_RESULT_START,10,0.04,0.0015,0.0015,0.04,-3.17805383,-6.50078904,0.001,68.5,307.54,2026-05-31T21:51:05.338000Z,0.668149,2026-05-31T21:51:05.338000Z,0.668149,2026-05-31T22:10:31.631000Z,0.99212,2026-05-31T21:51:05.338000Z,0.668149,true,true,false,,,,,0.0485,3.55635007,0.0485,3.55635007,0.0485,3.55635007,0.0485,3.55635007,0.0485,3.55635007
colombia_first_round,COL_2026,2370505,0x9a42ccba956da0d54d9253c199d034a180ac96653b77073a1d221aa97b776a88,22834006312521616053233215075187785605410449836888045292121536062672403364546,No,Will Paloma Valencia win between 20% and 25% of votes in the first round of the 2026 Colombian election?,63,2026-05-29T00:37:00.557000Z,2026-06-01T03:04:14.322000Z,0.875,0.9985,YES,0.95,2026-05-31T20:10:20.961000Z,AT_OR_BEFORE_RESULT_START,11,0.96,0.9985,0.96,0.9985,3.17805383,6.50078904,0.001,310.0,92.0,2026-05-31T21:51:05.338000Z,0.668149,2026-05-31T21:51:05.338000Z,0.668149,2026-05-31T22:10:31.631000Z,0.99212,2026-05-31T21:51:05.338000Z,0.668149,true,true,false,,,,,0.0485,3.55635007,0.0485,3.55635007,0.0485,3.55635007,0.0485,3.55635007,0.0485,3.55635007
colombia_first_round,COL_2026,2370506,0x679ea1ec612697c2c552f6830a6c899d687b4f8c1c122084102a60aeac4ae0b0,104806624275154607286616795725412753892582363039578754065961750788133732821204,Yes,Will Paloma Valencia win between 25% and 30% of votes in the first round of the 2026 Colombian election?,106,2026-05-29T01:01:40.435000Z,2026-06-02T23:55:39.846000Z,0.038,0.006,NO,0.0445,2026-05-31T14:43:30.173000Z,AT_OR_BEFORE_RESULT_START,8,0.014,0.0015,0.0015,0.014,-4.25459902,-6.50078904,0.0195,129.0,29.72,2026-05-31T21:51:20.935000Z,0.672482,2026-05-31T21:51:20.935000Z,0.672482,2026-06-01T02:22:18.593000Z,5.188498,2026-05-31T21:51:20.935000Z,0.672482,true,true,false,,,,,0.034,1.47907893,0.034,1.47907893,0.043,3.43404347,0.043,3.43404347,0.043,3.43404347
colombia_first_round,COL_2026,2370506,0x679ea1ec612697c2c552f6830a6c899d687b4f8c1c122084102a60aeac4ae0b0,23191703838808454225380460368556849724146928184516119103419008395321462649339,No,Will Paloma Valencia win between 25% and 30% of votes in the first round of the 2026 Colombian election?,107,2026-05-29T01:01:40.435000Z,2026-06-02T23:12:49.546000Z,0.962,0.995,YES,0.9585,2026-05-31T19:19:48.414000Z,AT_OR_BEFORE_RESULT_START,8,0.986,0.9985,0.986,0.9985,4.25459902,6.50078904,0.0195,29.72,129.0,2026-05-31T21:51:20.935000Z,0.672482,2026-05-31T21:51:20.935000Z,0.672482,2026-06-01T02:22:18.593000Z,5.188498,2026-05-31T21:51:20.935000Z,0.672482,true,true,false,,,,,0.031,1.40614837,0.031,1.40614837,0.04,3.36111291,0.04,3.36111291,0.04,3.36111291
colombia_first_round,COL_2026,2370507,0x542631b537143a71ef5959dbfd7b9607a182fdd80bad2b60dc655381f1f429ce,90893386670177214273771810545673145228034466084452958126544077812398425014183,No,Will Paloma Valencia win between 30% and 35% of votes in the first round of the 2026 Colombian election?,94,2026-05-29T01:22:10.491000Z,2026-06-02T22:54:38.083000Z,0.9755,0.9985,YES,0.9715,2026-05-31T14:43:30.258000Z,AT_OR_BEFORE_RESULT_START,3,0.9945,0.9985,0.9945,0.9985,5.19749201,6.50078904,0.004,230.0,104.92,2026-05-31T21:59:28.324000Z,0.807868,2026-05-31T21:59:28.324000Z,0.807868,2026-05-31T21:59:28.324000Z,0.807868,2026-05-31T21:59:28.324000Z,0.807868,true,true,false,,,,,0.0255,2.2772013,0.0255,2.2772013,0.027,2.97185186,0.027,2.97185186,0.027,2.97185186
colombia_first_round,COL_2026,2370507,0x542631b537143a71ef5959dbfd7b9607a182fdd80bad2b60dc655381f1f429ce,92815940510889839254932726913535851147944648711626474958748239873145633832341,Yes,Will Paloma Valencia win between 30% and 35% of votes in the first round of the 2026 Colombian election?,80,2026-05-29T01:22:08.818000Z,2026-06-02T20:30:50.809000Z,0.0245,0.0015,NO,0.0285,2026-05-31T14:43:30.258000Z,AT_OR_BEFORE_RESULT_START,3,0.0055,0.0015,0.0015,0.0055,-5.19749201,-6.50078904,0.004,104.92,230.0,2026-05-31T21:59:28.324000Z,0.807868,2026-05-31T21:59:28.324000Z,0.807868,2026-05-31T21:59:28.324000Z,0.807868,2026-05-31T21:59:28.324000Z,0.807868,true,true,false,,,,,0.0255,2.2772013,0.0255,2.2772013,0.027,2.97185186,0.027,2.97185186,0.027,2.97185186
colombia_first_round,COL_2026,2370508,0xe2b687e0c71b100e0cd3cbe18a7c987e65b811ff8c5e46122ab4d09b798a17bf,32180594845592797839525807733361182805850850061927389881162268757327005013494,Yes,Will Paloma Valencia win more than 35% of votes in the first round of the 2026 Colombian election?,91,2026-05-29T01:04:52.204000Z,2026-06-02T22:23:19.122000Z,0.01,0.0015,NO,0.0085,2026-05-31T14:43:30.513000Z,AT_OR_BEFORE_RESULT_START,6,0.0085,0.0015,0.0015,0.0085,-4.75915278,-6.50078904,0.01,49.345,28.425,2026-05-31T21:51:20.935000Z,0.672482,2026-05-31T21:51:20.935000Z,0.672482,2026-05-31T21:51:20.935000Z,0.672482,2026-05-31T21:51:20.935000Z,0.672482,true,true,false,,,,,0.0025,0.35082495,0.0025,0.35082495,0.007,1.74163626,0.007,1.74163626,0.007,1.74163626
colombia_first_round,COL_2026,2370508,0xe2b687e0c71b100e0cd3cbe18a7c987e65b811ff8c5e46122ab4d09b798a17bf,74740360085827162061295593356487791652114990848076419475754671326159000121191,No,Will Paloma Valencia win more than 35% of votes in the first round of the 2026 Colombian election?,82,2026-05-29T01:04:51.693000Z,2026-06-02T20:30:49.738000Z,0.99,0.9985,YES,0.9915,2026-05-31T19:15:18.595000Z,AT_OR_BEFORE_RESULT_START,7,0.9915,0.9985,0.9915,0.9985,4.75915278,6.50078904,0.01,36.85,49.02,2026-05-31T21:51:20.935000Z,0.672482,2026-05-31T21:51:20.935000Z,0.672482,2026-05-31T21:51:20.935000Z,0.672482,2026-05-31T21:51:20.935000Z,0.672482,true,true,false,,,,,0.0025,0.35082495,0.007,1.74163626,0.007,1.74163626,0.007,1.74163626,0.007,1.74163626
colombia_first_round,COL_2026,569342,0x04e73caf81ef64ce0c612699049d295e18dfe9bdd60d898fd3d8a64cac723661,44674753934222224973645551263585431199862484226841760360632158056570271014639,No,Will Paloma Valencia win the 1st round of the 2026 Colombian presidential election?,827,2026-05-29T00:21:07.203000Z,2026-05-31T18:36:40.465000Z,0.9985,0.9985,YES,0.9985,2026-05-31T18:36:40.465000Z,AT_OR_BEFORE_RESULT_START,0,,,,,,,,,,,,,,,,,,false,true,false,,,,,,,,,,,,,,
colombia_first_round,COL_2026,569342,0x04e73caf81ef64ce0c612699049d295e18dfe9bdd60d898fd3d8a64cac723661,77948970922967013320765099624654609581945232484076127193275914408760472466885,Yes,Will Paloma Valencia win the 1st round of the 2026 Colombian presidential election?,817,2026-05-29T00:21:07.203000Z,2026-05-31T18:36:40.465000Z,0.0015,0.0015,NO,0.0015,2026-05-31T18:36:40.465000Z,AT_OR_BEFORE_RESULT_START,0,,,,,,,,,,,,,,,,,,false,true,false,,,,,,,,,,,,,,
colombia_first_round,COL_2026,569343,0xc00920db6f5e84821a61bd31578499bbc9bd125949572b589b7a9e4b0f13bad3,14091653123981696098149612128638596487728756364185780258208900432349579261611,No,Will Iván Cepeda Castro win the 1st round of the 2026 Colombian presidential election?,2255,2026-05-29T00:11:45.935000Z,2026-06-02T23:53:33.325000Z,0.265,0.9975,YES,0.245,2026-05-31T21:10:52.627000Z,AT_OR_BEFORE_RESULT_START,693,0.245,0.992,0.22,0.9985,-1.12545954,4.82028157,0.02,100.0,413.94,2026-05-31T21:59:37.327000Z,0.810369,2026-05-31T22:01:44.933000Z,0.845815,2026-05-31T22:25:35.318000Z,1.243144,2026-05-31T21:47:45.006000Z,0.612502,true,true,false,0.025,0.14020683,0.24,1.06544153,0.74,5.31005098,0.7535,7.62624858,0.7535,7.62624858,0.7535,7.62624858,0.7535,7.62624858
colombia_first_round,COL_2026,569343,0xc00920db6f5e84821a61bd31578499bbc9bd125949572b589b7a9e4b0f13bad3,97787606698093663746310161655083884268863593082956469376386743061399298825100,Yes,Will Iván Cepeda Castro win the 1st round of the 2026 Colombian presidential election?,2241,2026-05-29T00:14:56.953000Z,2026-06-02T23:48:20.779000Z,0.735,0.0025,NO,0.755,2026-05-31T21:10:52.627000Z,AT_OR_BEFORE_RESULT_START,692,0.755,0.008,0.0015,0.78,1.12545954,-4.82028157,0.02,415.04,100.0,2026-05-31T21:59:43.640000Z,0.812122,2026-05-31T22:01:44.933000Z,0.845815,2026-05-31T22:25:35.318000Z,1.243144,2026-05-31T21:47:45.006000Z,0.612502,true,true,false,0.025,0.14020683,0.24,1.06544153,0.74,5.31005098,0.7535,7.62624858,0.7535,7.62624858,0.7535,7.62624858,0.7535,7.62624858
colombia_first_round,COL_2026,569344,0xb611b3a7173f69e412b55561ed265d849e36693c248ff620d0e981c5b3f2e325,2485184219203170158934346318875050681929324146725920554316117645302722327248,No,Will Abelardo de la Espriella win the 1st round of the 2026 Colombian presidential election?,2623,2026-05-29T00:46:33.612000Z,2026-06-02T23:50:29.818000Z,0.7205,0.0055,NO,0.746,2026-05-31T21:10:54.086000Z,AT_OR_BEFORE_RESULT_START,900,0.7415,0.016,0.0015,0.7645,1.05377947,-4.11903717,0.0135,341.695,676.27,2026-05-31T22:01:04.528000Z,0.834591,2026-05-31T22:02:15.474000Z,0.854298,2026-05-31T22:08:08.960000Z,0.952489,2026-05-31T21:50:09.917000Z,0.652755,true,true,false,0.0185,0.10011978,0.2355,1.03538516,0.737,5.77888129,0.7445,7.57818038,0.7445,7.57818038,0.7445,7.57818038,0.7445,7.57818038
colombia_first_round,COL_2026,569344,0xb611b3a7173f69e412b55561ed265d849e36693c248ff620d0e981c5b3f2e325,33232052119491652564300969744259903933559547696830742958153653325470669042304,Yes,Will Abelardo de la Espriella win the 1st round of the 2026 Colombian presidential election?,2609,2026-05-29T00:35:38.897000Z,2026-06-02T23:30:39.849000Z,0.277,0.9945,YES,0.254,2026-05-31T21:10:54.086000Z,AT_OR_BEFORE_RESULT_START,900,0.2585,0.984,0.2355,0.9985,-1.05377947,4.11903717,0.0135,676.27,341.695,2026-05-31T22:01:04.528000Z,0.834591,2026-05-31T22:02:15.474000Z,0.854298,2026-05-31T22:08:09.178000Z,0.952549,2026-05-31T21:50:09.917000Z,0.652755,true,true,false,0.0185,0.10011978,0.2355,1.03538516,0.737,5.77888129,0.7445,7.57818038,0.7445,7.57818038,0.7445,7.57818038,0.7445,7.57818038
colombia_first_round,COL_2026,569363,0x358a4c706ce29a1847d26244857c6272e5359a17aad079f5672c8fb40d50d66c,16548553332971476957450072608969189877959572767258214935623579207865190962760,No,Will Sergio Fajardo win the 2026 Colombian presidential election?,1006,2026-05-29T04:33:08.880000Z,2026-05-31T21:18:25.986000Z,0.996,0.9985,YES,0.9985,2026-05-31T21:10:52.305000Z,AT_OR_BEFORE_RESULT_START,42,0.9985,0.9985,0.9985,0.9985,6.50078904,6.50078904,0.001,14995.33,4486.48,2026-05-31T21:13:37.629000Z,0.043786,2026-05-31T21:13:37.629000Z,0.043786,2026-05-31T21:13:37.629000Z,0.043786,2026-05-31T21:13:37.629000Z,0.043786,true,true,false,0.0,0.0,0.0,0.0,0.0,0.0,0.0,0.0,0.0,0.0,0.0,0.0,0.0,0.0
colombia_first_round,COL_2026,569363,0x358a4c706ce29a1847d26244857c6272e5359a17aad079f5672c8fb40d50d66c,8068224814554540438878048752492562091284744204380091879028789889702206094159,Yes,Will Sergio Fajardo win the 2026 Colombian presidential election?,1009,2026-05-29T04:33:08.880000Z,2026-05-31T21:18:25.986000Z,0.004,0.0015,NO,0.0015,2026-05-31T21:10:52.305000Z,AT_OR_BEFORE_RESULT_START,42,0.0015,0.0015,0.0015,0.0015,-6.50078904,-6.50078904,0.001,4486.48,14995.33,2026-05-31T21:13:37.629000Z,0.043786,2026-05-31T21:13:37.629000Z,0.043786,2026-05-31T21:13:37.629000Z,0.043786,2026-05-31T21:13:37.629000Z,0.043786,true,true,false,0.0,0.0,0.0,0.0,0.0,0.0,0.0,0.0,0.0,0.0,0.0,0.0,0.0,0.0
colombia_first_round,COL_2026,569366,0xfbe85201ab2b4acff01cd5a3639039fc813d3448c64db081f70926bd9b9e74e9,87037476560262355019736573472997730954875286944171789280729969665019434635807,Yes,Will Abelardo de la Espriella  win the 2026 Colombian presidential election?,4654,2026-05-29T00:04:59.323000Z,2026-06-02T23:44:08.793000Z,0.665,0.805,YES,0.665,2026-05-31T21:10:52.305000Z,AT_OR_BEFORE_RESULT_START,1108,0.665,0.785,0.635,0.895,0.68565651,1.29504569,0.01,1143.13,1101.665,,,,,,,2026-05-31T21:46:32.575000Z,0.592382,false,true,false,0.03,0.13192886,0.075,0.36031205,0.23,1.45720686,0.23,1.45720686,0.23,1.45720686,0.23,1.45720686,0.23,1.45720686
colombia_first_round,COL_2026,569366,0xfbe85201ab2b4acff01cd5a3639039fc813d3448c64db081f70926bd9b9e74e9,93119283163420984666329627600000273753909488383271496422725436610044958733622,No,Will Abelardo de la Espriella  win the 2026 Colombian presidential election?,4647,2026-05-29T00:04:59.323000Z,2026-06-02T23:44:08.793000Z,0.335,0.195,NO,0.335,2026-05-31T21:10:52.305000Z,AT_OR_BEFORE_RESULT_START,1108,0.335,0.215,0.105,0.365,-0.68565651,-1.29504569,0.01,1101.665,1140.76,,,,,,,2026-05-31T21:46:32.575000Z,0.592382,false,true,false,0.03,0.13192886,0.075,0.36031205,0.23,1.45720686,0.23,1.45720686,0.23,1.45720686,0.23,1.45720686,0.23,1.45720686
colombia_first_round,COL_2026,569368,0x0fb006e0c06caa4db12f7e30ec8c2483d658f83eb57b2ee8eb478e39beca3dfd,45225184915026490412090111842887484470550126139644389135401954155408710524398,No,Will Ivan Cepeda Castro win the 2026 Colombian presidential election?,4069,2026-05-29T00:00:57.924000Z,2026-06-02T23:58:51.514000Z,0.675,0.825,YES,0.665,2026-05-31T21:10:52.305000Z,AT_OR_BEFORE_RESULT_START,858,0.665,0.78,0.61,0.925,0.68565651,1.26566637,0.01,561.72,701.095,2026-05-31T21:52:53.275000Z,0.698132,,,,,2026-05-31T21:37:26.367000Z,0.440657,false,true,false,0.05,0.21727758,0.1,0.49463381,0.26,1.82664912,0.26,1.82664912,0.26,1.82664912,0.26,1.82664912,0.26,1.82664912
colombia_first_round,COL_2026,569368,0x0fb006e0c06caa4db12f7e30ec8c2483d658f83eb57b2ee8eb478e39beca3dfd,62374557612691330043510053829591470998236327248924987579815802826988260253261,Yes,Will Ivan Cepeda Castro win the 2026 Colombian presidential election?,4065,2026-05-29T00:00:57.924000Z,2026-06-02T23:47:54.774000Z,0.325,0.175,NO,0.335,2026-05-31T21:10:52.305000Z,AT_OR_BEFORE_RESULT_START,859,0.335,0.22,0.075,0.39,-0.68565651,-1.26566637,0.01,700.75,560.45,2026-05-31T21:52:53.275000Z,0.698132,,,,,2026-05-31T21:37:26.367000Z,0.440657,false,true,false,0.05,0.21727758,0.1,0.49463381,0.26,1.82664912,0.26,1.82664912,0.26,1.82664912,0.26,1.82664912,0.26,1.82664912
colombia_first_round,COL_2026,569373,0xd6591e966aebf061547ef34cdf3494ed318969887c8b7fb53f10ed5d5461a547,62446510551119788095477835528576672715047217994292762496431912510269665561591,Yes,Will Paloma Valencia win the 2026 Colombian presidential election?,2981,2026-05-29T00:03:31.097000Z,2026-05-31T23:09:52.724000Z,0.033,0.0015,NO,0.015,2026-05-31T21:10:52.305000Z,AT_OR_BEFORE_RESULT_START,259,0.013,0.0015,0.0015,0.013,-4.32972068,-6.50078904,0.001,5378.59,2396.08,2026-05-31T21:12:08.408000Z,0.019002,2026-05-31T21:12:08.408000Z,0.019002,2026-05-31T21:13:48.905000Z,0.046918,2026-05-31T21:12:08.408000Z,0.019002,true,true,false,0.0115,1.46689473,0.0135,2.3161976,0.0135,2.3161976,0.0135,2.3161976,0.0135,2.3161976,0.0135,2.3161976,0.0135,2.3161976
colombia_first_round,COL_2026,569373,0xd6591e966aebf061547ef34cdf3494ed318969887c8b7fb53f10ed5d5461a547,85033408490054356469224638555921276992969532989623124901223739012644529258496,No,Will Paloma Valencia win the 2026 Colombian presidential election?,2986,2026-05-29T00:03:31.097000Z,2026-05-31T23:09:52.724000Z,0.967,0.9985,YES,0.985,2026-05-31T21:10:52.305000Z,AT_OR_BEFORE_RESULT_START,259,0.987,0.9985,0.987,0.9985,4.32972068,6.50078904,0.001,2396.08,5378.59,2026-05-31T21:12:08.408000Z,0.019002,2026-05-31T21:12:08.408000Z,0.019002,2026-05-31T21:13:48.905000Z,0.046918,2026-05-31T21:12:08.408000Z,0.019002,true,true,false,0.0115,1.46689473,0.0135,2.3161976,0.0135,2.3161976,0.0135,2.3161976,0.0135,2.3161976,0.0135,2.3161976,0.0135,2.3161976
colombia_first_round,COL_2026,569454,0xab6fb278f753c6c10479d71429d3ef53ed213ddd208b9f4381cecd8db393974c,112000997367369775705892760747740706713090189173150311174658104010356449962658,Yes,Will any presidential candidate win outright in the first round of the Colombia's election?,1247,2026-05-29T00:00:20.036000Z,2026-06-01T21:42:49.491000Z,0.135,0.003,NO,0.116,2026-05-31T21:10:48.654000Z,AT_OR_BEFORE_RESULT_START,255,0.115,0.006,0.0015,0.1895,-2.04065552,-5.10997774,0.007,475.28,1190.36,2026-05-31T21:19:19.222000Z,0.138673,2026-05-31T21:40:19.901000Z,0.488861,2026-05-31T22:00:01.277000Z,0.817021,2026-05-31T21:16:04.989000Z,0.084719,true,true,false,0.0735,0.62709461,0.0785,1.21432626,0.107,2.67062309,0.1145,4.46992217,0.1145,4.46992217,0.1145,4.46992217,0.1145,4.46992217
colombia_first_round,COL_2026,569454,0xab6fb278f753c6c10479d71429d3ef53ed213ddd208b9f4381cecd8db393974c,38866455815587878378722453945405800333983041821938932743625970338528647654130,No,Will any presidential candidate win outright in the first round of the Colombia's election?,1231,2026-05-29T00:00:20.036000Z,2026-06-01T21:42:49.491000Z,0.865,0.997,YES,0.884,2026-05-31T21:10:48.654000Z,AT_OR_BEFORE_RESULT_START,254,0.885,0.994,0.8105,0.9985,2.04065552,5.10997774,0.007,1195.18,463.745,2026-05-31T21:19:19.222000Z,0.138673,2026-05-31T21:40:19.901000Z,0.488861,2026-05-31T22:00:01.277000Z,0.817021,2026-05-31T21:16:04.989000Z,0.084719,true,true,false,0.0735,0.62709461,0.0785,1.21432626,0.107,2.67062309,0.1145,4.46992217,0.1145,4.46992217,0.1145,4.46992217,0.1145,4.46992217
colombia_runoff,COL_2026,2370363,0x5553ac0f0f12152e074acffad5aa883ebbac57d4d56fb87ba44210a9ff1ef763,17771261931070273465412656574855359363377231545699136563559510097663300201862,No,Will Iván Cepeda win less than 30% of votes in the first round of the 2026 Colombian election?,35,2026-06-19T04:15:12.921000Z,2026-06-23T19:25:09Z,0.99,0.99,YES,0.9965,2026-06-20T22:38:32.330000Z,AT_OR_BEFORE_RESULT_START,0,,,,,,,,,,2026-06-22T08:09:34.780000Z,10.976328,2026-06-22T08:09:34.780000Z,10.976328,2026-06-22T08:09:34.780000Z,10.976328,2026-06-22T08:09:34.780000Z,10.976328,true,true,false,,,,,,,,,,,0.0065,1.05636632,0.0065,1.05636632
colombia_runoff,COL_2026,2370363,0x5553ac0f0f12152e074acffad5aa883ebbac57d4d56fb87ba44210a9ff1ef763,80409343233913036431936767840187042078689044235273383609034963566697602886885,Yes,Will Iván Cepeda win less than 30% of votes in the first round of the 2026 Colombian election?,30,2026-06-19T13:09:10.918000Z,2026-06-23T18:14:09.244000Z,0.01,0.011,NO,0.0035,2026-06-20T22:38:32.330000Z,AT_OR_BEFORE_RESULT_START,0,,,,,,,,,,2026-06-22T08:09:34.780000Z,10.976328,2026-06-22T08:09:34.780000Z,10.976328,2026-06-22T08:09:34.780000Z,10.976328,2026-06-22T08:09:34.780000Z,10.976328,true,true,false,,,,,,,,,,,0.006,1.0045681,0.0065,1.05636632
colombia_runoff,COL_2026,2370364,0xc8ff297dc44f45dec9c6096fcda9da812275fa1e4d5ec398f11b201a6c2259a5,37452048138941596601617293147716911929162338284100682320470600889093820004897,Yes,Will Iván Cepeda win between 30% and 35% of votes in the first round of the 2026 Colombian election?,10,2026-06-19T15:45:24.683000Z,2026-06-20T07:13:35.369000Z,0.0015,0.0015,NO,0.0015,2026-06-20T07:13:35.369000Z,AT_OR_BEFORE_RESULT_START,0,,,,,,,,,,,,,,,,,,false,true,false,,,,,,,,,,,,,,
colombia_runoff,COL_2026,2370364,0xc8ff297dc44f45dec9c6096fcda9da812275fa1e4d5ec398f11b201a6c2259a5,73690776259368379285362017139427460145564028354487674876100211783541829907730,No,Will Iván Cepeda win between 30% and 35% of votes in the first round of the 2026 Colombian election?,10,2026-06-19T05:07:48.410000Z,2026-06-20T04:02:50.638000Z,0.9985,0.9985,YES,0.9985,2026-06-20T04:02:50.638000Z,AT_OR_BEFORE_RESULT_START,0,,,,,,,,,,,,,,,,,,false,true,false,,,,,,,,,,,,,,
colombia_runoff,COL_2026,2370365,0xf44ba6ae238db2cf052a5a496216cab7a8f8b5887d4b800fffcc842ff0a5656d,32538940167097335646273051780361200206495497154660016962319641291380583656648,Yes,Will Iván Cepeda win between 35% and 40% of votes in the first round of the 2026 Colombian election?,3,2026-06-22T11:04:17.022000Z,2026-06-23T23:04:31.649000Z,0.2365,0.2775,NO,0.2365,2026-06-22T11:04:17.022000Z,FIRST_AFTER_RESULT_START,0,,,,,,,,,,,,,,,,2026-06-22T11:04:17.022000Z,13.888062,false,true,false,,,,,,,,,,,,,0.0025,0.01389614
colombia_runoff,COL_2026,2370365,0xf44ba6ae238db2cf052a5a496216cab7a8f8b5887d4b800fffcc842ff0a5656d,43569387240980032700972763270434139574832315937970976045877828496080251763118,No,Will Iván Cepeda win between 35% and 40% of votes in the first round of the 2026 Colombian election?,3,2026-06-22T11:04:17.022000Z,2026-06-23T23:04:31.649000Z,0.7635,0.7225,YES,0.7635,2026-06-22T11:04:17.022000Z,FIRST_AFTER_RESULT_START,0,,,,,,,,,,,,,,,,2026-06-22T11:04:17.022000Z,13.888062,false,true,false,,,,,,,,,,,,,0.0025,0.01389614
colombia_runoff,COL_2026,2370366,0xb796aa213c72a50adc3eab3e107f05d2500e084f5245529048d25083b5ee58f6,23532536587635768634392386965780230467726004893924047653522105374551220178823,Yes,Will Iván Cepeda win between 40% and 45% of votes in the first round of the 2026 Colombian election?,34,2026-06-19T02:29:10.253000Z,2026-06-23T18:46:10.606000Z,0.983,0.9865,YES,0.9915,2026-06-21T15:36:06.048000Z,AT_OR_BEFORE_RESULT_START,0,,,,,,,,,,2026-06-22T22:47:40.723000Z,25.611312,2026-06-22T22:47:40.723000Z,25.611312,,,2026-06-22T22:47:40.723000Z,25.611312,false,true,false,,,,,,,,,,,,,,
colombia_runoff,COL_2026,2370366,0xb796aa213c72a50adc3eab3e107f05d2500e084f5245529048d25083b5ee58f6,34017516793255944315924905866075445469495510046839923057461503811107765793042,No,Will Iván Cepeda win between 40% and 45% of votes in the first round of the 2026 Colombian election?,35,2026-06-19T02:29:10.253000Z,2026-06-23T18:03:19.859000Z,0.017,0.014,NO,0.0085,2026-06-21T15:36:06.048000Z,AT_OR_BEFORE_RESULT_START,0,,,,,,,,,,2026-06-23T00:45:16.477000Z,27.571244,2026-06-23T00:45:16.477000Z,27.571244,,,2026-06-23T00:45:16.477000Z,27.571244,false,true,false,,,,,,,,,,,,,,
colombia_runoff,COL_2026,2370367,0x79cab4f38cf0f5f5ae6c9e844e29af1ff86505fd8ee7447b510fe899092ea8e2,21242654996158751286546527824285723411357590658494899997066056094795103168326,No,Will Iván Cepeda win between 45% and 50% of votes in the first round of the 2026 Colombian election?,22,2026-06-20T14:46:26.436000Z,2026-06-23T20:06:58.416000Z,0.95,0.9945,YES,0.9955,2026-06-21T15:39:47.625000Z,AT_OR_BEFORE_RESULT_START,3,0.994,0.994,0.994,0.994,5.10997774,5.10997774,0.008,67.0,50.2,2026-06-21T22:26:59.149000Z,1.26643,2026-06-21T22:26:59.149000Z,1.26643,2026-06-21T22:26:59.149000Z,1.26643,2026-06-21T22:26:59.149000Z,1.26643,true,true,false,,,,,,,0.0015,0.28918999,0.0015,0.28918999,0.0015,0.28918999,0.0015,0.28918999
colombia_runoff,COL_2026,2370367,0x79cab4f38cf0f5f5ae6c9e844e29af1ff86505fd8ee7447b510fe899092ea8e2,8697539857550986832137144276320607178265573681335770267502912415655085842861,Yes,Will Iván Cepeda win between 45% and 50% of votes in the first round of the 2026 Colombian election?,27,2026-06-20T14:46:26.436000Z,2026-06-23T19:01:42.373000Z,0.05,0.0055,NO,0.0045,2026-06-21T15:39:47.625000Z,AT_OR_BEFORE_RESULT_START,3,0.006,0.006,0.006,0.006,-5.10997774,-5.10997774,0.008,50.2,67.0,2026-06-21T22:26:59.149000Z,1.26643,2026-06-21T22:26:59.149000Z,1.26643,2026-06-21T22:26:59.149000Z,1.26643,2026-06-21T22:26:59.149000Z,1.26643,true,true,false,,,,,,,0.0015,0.28918999,0.0015,0.28918999,0.0015,0.28918999,0.0015,0.28918999
colombia_runoff,COL_2026,2370368,0x26a0f0a0c39f06c80dcfa83ba8b9701973471e097529aadd791b61bada836c20,25690840019062849976496566794963978141818728224461919092756328830681090169797,Yes,Will Iván Cepeda win between 50% and 55% of votes in the first round of the 2026 Colombian election?,37,2026-06-19T03:13:20.112000Z,2026-06-21T15:35:43.431000Z,0.0095,0.0115,NO,0.0115,2026-06-21T15:35:43.431000Z,AT_OR_BEFORE_RESULT_START,0,,,,,,,,,,,,,,,,,,false,true,false,,,,,,,,,,,,,,
colombia_runoff,COL_2026,2370368,0x26a0f0a0c39f06c80dcfa83ba8b9701973471e097529aadd791b61bada836c20,70711342151483937699561861579769525426595720303575710642911618019465212044891,No,Will Iván Cepeda win between 50% and 55% of votes in the first round of the 2026 Colombian election?,29,2026-06-19T03:15:27.672000Z,2026-06-21T15:33:09.896000Z,0.99,0.945,YES,0.945,2026-06-21T15:33:09.896000Z,AT_OR_BEFORE_RESULT_START,0,,,,,,,,,,,,,,,,,,false,true,false,,,,,,,,,,,,,,
colombia_runoff,COL_2026,2370369,0x631603d3b238dcb3668e70e6bb8951d57d52c419fd9b5f3d63403ad68f264f65,12226423288780599563011475613807642769097724889014707153307653850752788899885,Yes,Will Iván Cepeda win more than 55% of votes in the first round of the 2026 Colombian election?,12,2026-06-19T04:14:57.316000Z,2026-06-20T14:46:26.396000Z,0.0065,0.002,NO,0.002,2026-06-20T14:46:26.396000Z,AT_OR_BEFORE_RESULT_START,0,,,,,,,,,,,,,,,,,,false,true,false,,,,,,,,,,,,,,
colombia_runoff,COL_2026,2370369,0x631603d3b238dcb3668e70e6bb8951d57d52c419fd9b5f3d63403ad68f264f65,20943589593491838109810906648757863845889162000752337520985198737303906129301,No,Will Iván Cepeda win more than 55% of votes in the first round of the 2026 Colombian election?,9,2026-06-19T04:14:58.424000Z,2026-06-20T14:46:26.396000Z,0.9935,0.998,YES,0.998,2026-06-20T14:46:26.396000Z,AT_OR_BEFORE_RESULT_START,0,,,,,,,,,,,,,,,,,,false,true,false,,,,,,,,,,,,,,
colombia_runoff,COL_2026,2370370,0x906773d94ef5fd173005c701dae6b64f2884165cc86a02bcbb780bdacbdaf963,37325027615345403785229529689583734939336027375308624768477741594205185993426,No,Will Abelardo de la Espriella win less than 20% of votes in the first round of the 2026 Colombian election?,22,2026-06-19T00:06:14.126000Z,2026-06-23T18:15:39.700000Z,0.995,0.9985,YES,0.995,2026-06-19T17:46:29.261000Z,AT_OR_BEFORE_RESULT_START,0,,,,,,,,,,2026-06-22T08:08:00.823000Z,10.950229,2026-06-22T08:08:00.823000Z,10.950229,2026-06-22T08:08:00.823000Z,10.950229,2026-06-22T08:08:00.823000Z,10.950229,true,true,false,,,,,,,,,,,0.0,0.0,0.0035,1.20748422
colombia_runoff,COL_2026,2370370,0x906773d94ef5fd173005c701dae6b64f2884165cc86a02bcbb780bdacbdaf963,52544124561027206712683706223708490358158212353354137585418430845021662856222,Yes,Will Abelardo de la Espriella win less than 20% of votes in the first round of the 2026 Colombian election?,18,2026-06-19T03:13:20.112000Z,2026-06-23T21:50:27.605000Z,0.005,0.0015,NO,0.005,2026-06-19T19:18:56.365000Z,AT_OR_BEFORE_RESULT_START,0,,,,,,,,,,2026-06-23T14:24:05.753000Z,41.218265,2026-06-23T14:24:05.753000Z,41.218265,2026-06-23T14:24:05.753000Z,41.218265,2026-06-23T14:24:05.753000Z,41.218265,true,true,false,,,,,,,,,,,,,,
colombia_runoff,COL_2026,2370371,0x39171df906a7d9b43ddf95b2ce7ab44e298a550725eb71dc8b11531aa42fe236,102522220617940917640135349614659857674061664729122958690827267932184772834434,Yes,Will Abelardo de la Espriella win between 20% and 25% of votes in the first round of the 2026 Colombian election?,22,2026-06-19T04:15:12.921000Z,2026-06-23T19:32:04.289000Z,0.0025,0.0025,NO,0.0025,2026-06-20T17:38:45.162000Z,AT_OR_BEFORE_RESULT_START,0,,,,,,,,,,2026-06-22T03:28:18.439000Z,6.288455,2026-06-22T03:28:18.439000Z,6.288455,2026-06-22T03:28:18.439000Z,6.288455,2026-06-22T03:28:18.439000Z,6.288455,true,true,false,,,,,,,,,,,0.0,0.0,0.0,0.0
colombia_runoff,COL_2026,2370371,0x39171df906a7d9b43ddf95b2ce7ab44e298a550725eb71dc8b11531aa42fe236,75514784963273890959399499713376488854370383075496325472954063346318094066231,No,Will Abelardo de la Espriella win between 20% and 25% of votes in the first round of the 2026 Colombian election?,21,2026-06-19T04:15:12.921000Z,2026-06-23T17:56:50.732000Z,0.9975,0.9975,YES,0.9975,2026-06-20T17:38:42.867000Z,AT_OR_BEFORE_RESULT_START,0,,,,,,,,,,2026-06-22T06:15:57.897000Z,9.082749,2026-06-22T06:15:57.897000Z,9.082749,2026-06-22T06:15:57.897000Z,9.082749,2026-06-22T06:15:57.897000Z,9.082749,true,true,false,,,,,,,,,,,0.0,0.0,0.0,0.0
colombia_runoff,COL_2026,2370375,0x1df87f7e360bcf2a2df38a2ee1bde8d1bff411780fc7e475a4a09a94a9bd3899,108974167068494983977501827601085425117902742141321372239296316608755852846077,Yes,Will Abelardo de la Espriella win between 40% and 45% of votes in the first round of the 2026 Colombian election?,28,2026-06-19T04:14:57.316000Z,2026-06-23T20:02:33.146000Z,0.976,0.9605,YES,0.9755,2026-06-19T17:54:17.930000Z,AT_OR_BEFORE_RESULT_START,1,0.9625,0.9625,0.9625,0.9625,3.24519313,3.24519313,0.069,13.07,177.0,2026-06-22T00:11:57.181000Z,3.015884,2026-06-22T00:11:57.181000Z,3.015884,,,2026-06-22T00:11:57.181000Z,3.015884,false,true,false,,,,,,,,,0.013,0.43908391,0.0135,0.45284875,0.0135,0.45284875
colombia_runoff,COL_2026,2370375,0x1df87f7e360bcf2a2df38a2ee1bde8d1bff411780fc7e475a4a09a94a9bd3899,109435389580424658150493785421168198466327994825138139108960099929552872167974,No,Will Abelardo de la Espriella win between 40% and 45% of votes in the first round of the 2026 Colombian election?,20,2026-06-19T15:45:03.623000Z,2026-06-23T18:13:43.580000Z,0.0115,0.021,NO,0.0095,2026-06-20T00:53:31.299000Z,AT_OR_BEFORE_RESULT_START,0,,,,,,,,,,2026-06-22T09:18:12.632000Z,12.120176,2026-06-22T09:18:12.632000Z,12.120176,,,2026-06-22T09:18:12.632000Z,12.120176,false,true,false,,,,,,,,,,,,,0.03,1.45576476
colombia_runoff,COL_2026,2370376,0x13fdd4bd0d84295d0dce1a74f0aeb13c98d8cf742746fd70b22225a9a8b55bdc,106907883654432555669105797640433393860603468575290578144134062016861224644807,No,Will Abelardo de la Espriella win at least 45% of votes in the first round of the 2026 Colombian election?,27,2026-06-19T15:44:36.065000Z,2026-06-23T17:52:53.507000Z,0.9805,0.9885,YES,0.983,2026-06-21T18:16:35.183000Z,AT_OR_BEFORE_RESULT_START,6,0.9755,0.9755,0.9755,0.9755,3.68427704,3.68427704,0.037,485.39,11.115,2026-06-21T22:11:05.913000Z,1.001642,2026-06-21T22:11:05.913000Z,1.001642,,,2026-06-21T22:11:05.913000Z,1.001642,false,true,false,,,,,,,0.0075,0.37311873,0.0075,0.37311873,0.0075,0.37311873,0.0075,0.37311873
colombia_runoff,COL_2026,2370376,0x13fdd4bd0d84295d0dce1a74f0aeb13c98d8cf742746fd70b22225a9a8b55bdc,59263798627249653735139959425434434938525580867813565742566207804138725744398,Yes,Will Abelardo de la Espriella win at least 45% of votes in the first round of the 2026 Colombian election?,41,2026-06-19T05:07:48.609000Z,2026-06-23T16:41:41.502000Z,0.019,0.0115,NO,0.017,2026-06-21T18:16:35.183000Z,AT_OR_BEFORE_RESULT_START,6,0.0245,0.0245,0.0245,0.0245,-3.68427704,-3.68427704,0.037,11.115,485.39,2026-06-21T22:11:05.913000Z,1.001642,2026-06-21T22:11:05.913000Z,1.001642,,,2026-06-21T22:11:05.913000Z,1.001642,false,true,false,,,,,,,0.0075,0.37311873,0.0075,0.37311873,0.0075,0.37311873,0.0075,0.39644583
colombia_runoff,COL_2026,2370502,0x872f86634b7690a5fee7e1972d694a40f2461d51dfe15aac152f837b2f6748f1,28639130410533210543434466322077711630821817868891210659799702200300853393565,Yes,Will Paloma Valencia win less than 10% of votes in the first round of the 2026 Colombian election?,26,2026-06-19T04:14:58.424000Z,2026-06-23T19:32:05.677000Z,0.965,0.987,YES,0.9885,2026-06-21T13:04:36.468000Z,AT_OR_BEFORE_RESULT_START,1,0.9875,0.9875,0.9875,0.9875,4.36944785,4.36944785,0.015,420.59,30.0,2026-06-21T21:17:17.715000Z,0.104921,2026-06-21T21:17:17.715000Z,0.104921,,,2026-06-21T21:17:17.715000Z,0.104921,false,true,false,0.001,0.08439375,0.001,0.08439375,0.001,0.08439375,0.001,0.08439375,0.001,0.08439375,0.001,0.08439375,0.001,0.08439375
colombia_runoff,COL_2026,2370502,0x872f86634b7690a5fee7e1972d694a40f2461d51dfe15aac152f837b2f6748f1,85737988484478023558924814362501719560385425453511632685275732412275213294949,No,Will Paloma Valencia win less than 10% of votes in the first round of the 2026 Colombian election?,24,2026-06-19T03:57:36.655000Z,2026-06-23T18:24:27.759000Z,0.0345,0.012,NO,0.0115,2026-06-20T12:47:20.384000Z,AT_OR_BEFORE_RESULT_START,1,0.0125,0.0125,0.0125,0.0125,-4.36944785,-4.36944785,0.015,30.0,420.59,2026-06-21T21:17:17.715000Z,0.104921,2026-06-21T21:17:17.715000Z,0.104921,,,2026-06-21T21:17:17.715000Z,0.104921,false,true,false,0.001,0.08439375,0.001,0.08439375,0.001,0.08439375,0.001,0.08439375,0.001,0.08439375,0.001,0.08439375,0.001,0.08439375
colombia_runoff,COL_2026,2370503,0x16735442b2bb8ccafb0d588e2c514a5e537710f29eef62b9aceb110927aa0b17,112056089362062494013086287319777463778590557555325123282491093562172424170419,No,Will Paloma Valencia win between 10% and 15% of votes in the first round of the 2026 Colombian election?,29,2026-06-19T03:57:37.024000Z,2026-06-23T18:14:16.787000Z,0.995,0.995,YES,0.995,2026-06-19T18:40:35.603000Z,AT_OR_BEFORE_RESULT_START,0,,,,,,,,,,2026-06-22T04:35:27.851000Z,7.407736,2026-06-22T04:35:27.851000Z,7.407736,2026-06-22T04:35:27.851000Z,7.407736,2026-06-22T04:35:27.851000Z,7.407736,true,true,false,,,,,,,,,,,0.0,0.0,0.0,0.0
colombia_runoff,COL_2026,2370503,0x16735442b2bb8ccafb0d588e2c514a5e537710f29eef62b9aceb110927aa0b17,14032565312204116543058042853830508215638603444086721905238406226915307335250,Yes,Will Paloma Valencia win between 10% and 15% of votes in the first round of the 2026 Colombian election?,20,2026-06-19T04:14:57.316000Z,2026-06-23T15:20:23.180000Z,0.005,0.005,NO,0.005,2026-06-20T01:44:00.136000Z,AT_OR_BEFORE_RESULT_START,0,,,,,,,,,,2026-06-22T14:23:21.083000Z,17.205856,2026-06-22T14:23:21.083000Z,17.205856,2026-06-22T14:23:21.083000Z,17.205856,2026-06-22T14:23:21.083000Z,17.205856,true,true,false,,,,,,,,,,,,,0.0,0.0
colombia_runoff,COL_2026,2370504,0x1fb33c5b0e416bee0294346d5d255b50b9b1b64ebd9f5bfdb18c89aed6b0e40e,59577799598615041474525598766462222441775718236296469685245542779261212208618,No,Will Paloma Valencia win between 15% and 20% of votes in the first round of the 2026 Colombian election?,18,2026-06-19T03:57:36.550000Z,2026-06-22T14:28:11.659000Z,0.9985,0.723,YES,0.9985,2026-06-20T19:19:15.037000Z,AT_OR_BEFORE_RESULT_START,0,,,,,,,,,,2026-06-22T08:09:44.968000Z,10.979158,2026-06-22T08:09:44.968000Z,10.979158,2026-06-22T08:09:44.968000Z,10.979158,2026-06-22T08:09:44.968000Z,10.979158,true,true,false,,,,,,,,,,,0.0,0.0,0.2755,5.54139733
colombia_runoff,COL_2026,2370504,0x1fb33c5b0e416bee0294346d5d255b50b9b1b64ebd9f5bfdb18c89aed6b0e40e,95397713339867671620267750294638973576062800721731079271432384499852407789018,Yes,Will Paloma Valencia win between 15% and 20% of votes in the first round of the 2026 Colombian election?,28,2026-06-19T04:00:55.635000Z,2026-06-22T14:28:11.659000Z,0.0015,0.277,NO,0.0015,2026-06-21T15:01:46.598000Z,AT_OR_BEFORE_RESULT_START,0,,,,,,,,,,2026-06-22T03:26:33.244000Z,6.259234,2026-06-22T03:26:33.244000Z,6.259234,2026-06-22T03:26:33.244000Z,6.259234,2026-06-22T03:26:33.244000Z,6.259234,true,true,false,,,,,,,,,,,0.0,0.0,0.2755,5.54139733
colombia_runoff,COL_2026,2370506,0x679ea1ec612697c2c552f6830a6c899d687b4f8c1c122084102a60aeac4ae0b0,104806624275154607286616795725412753892582363039578754065961750788133732821204,Yes,Will Paloma Valencia win between 25% and 30% of votes in the first round of the 2026 Colombian election?,21,2026-06-19T14:12:31.912000Z,2026-06-23T18:26:36.457000Z,0.005,0.005,NO,0.005,2026-06-19T18:01:45.140000Z,AT_OR_BEFORE_RESULT_START,0,,,,,,,,,,2026-06-22T14:23:20.691000Z,17.205748,2026-06-22T14:23:20.691000Z,17.205748,2026-06-22T14:23:20.691000Z,17.205748,2026-06-22T14:23:20.691000Z,17.205748,true,true,false,,,,,,,,,,,,,0.0,0.0
colombia_runoff,COL_2026,2370506,0x679ea1ec612697c2c552f6830a6c899d687b4f8c1c122084102a60aeac4ae0b0,23191703838808454225380460368556849724146928184516119103419008395321462649339,No,Will Paloma Valencia win between 25% and 30% of votes in the first round of the 2026 Colombian election?,20,2026-06-19T15:32:57.714000Z,2026-06-23T15:31:07.605000Z,0.995,0.995,YES,0.995,2026-06-21T13:30:41.309000Z,AT_OR_BEFORE_RESULT_START,0,,,,,,,,,,2026-06-22T05:11:12.155000Z,8.003376,2026-06-22T05:11:12.155000Z,8.003376,2026-06-22T05:11:12.155000Z,8.003376,2026-06-22T05:11:12.155000Z,8.003376,true,true,false,,,,,,,,,,,0.0,0.0,0.0,0.0
colombia_runoff,COL_2026,2370507,0x542631b537143a71ef5959dbfd7b9607a182fdd80bad2b60dc655381f1f429ce,90893386670177214273771810545673145228034466084452958126544077812398425014183,No,Will Paloma Valencia win between 30% and 35% of votes in the first round of the 2026 Colombian election?,6,2026-06-19T15:40:05.158000Z,2026-06-22T07:02:23.422000Z,0.9855,0.986,YES,0.9865,2026-06-20T00:53:31.456000Z,AT_OR_BEFORE_RESULT_START,0,,,,,,,,,,2026-06-22T07:02:23.422000Z,9.856506,2026-06-22T07:02:23.422000Z,9.856506,,,2026-06-22T07:02:23.422000Z,9.856506,false,true,false,,,,,,,,,,,0.0005,0.03687462,0.0005,0.03687462
colombia_runoff,COL_2026,2370507,0x542631b537143a71ef5959dbfd7b9607a182fdd80bad2b60dc655381f1f429ce,92815940510889839254932726913535851147944648711626474958748239873145633832341,Yes,Will Paloma Valencia win between 30% and 35% of votes in the first round of the 2026 Colombian election?,17,2026-06-19T03:13:19.891000Z,2026-06-21T13:55:32.287000Z,0.008,0.014,NO,0.014,2026-06-21T13:55:32.287000Z,AT_OR_BEFORE_RESULT_START,0,,,,,,,,,,,,,,,,,,false,true,false,,,,,,,,,,,,,,
colombia_runoff,COL_2026,2446453,0xa7b2cabe6466638637347bf3fac755dc0fa5ed6f31f4e59fef37496eb95dbb10,47637365543602963920225948010612073178457366051413011063071015330636241156349,No,Will Iván Cepeda Castro place 1st in Bogotá in the second round of the 2026 Colombia presidential election?,849,2026-06-19T01:13:16.250000Z,2026-06-23T22:03:28.821000Z,0.585,0.0075,NO,0.41,2026-06-21T21:10:48.701000Z,AT_OR_BEFORE_RESULT_START,287,0.41,0.009,0.007,0.45,-0.36396538,-4.70148996,0.017,125.84,310.0,2026-06-21T21:41:35.486000Z,0.509857,2026-06-21T21:42:29.617000Z,0.524894,2026-06-21T22:16:48.931000Z,1.096925,2026-06-21T21:26:55.173000Z,0.265326,true,true,false,0.04,0.16329468,0.29,1.62846479,0.3965,3.92750826,0.403,4.59085514,0.403,4.59085514,0.4035,4.66546651,0.4035,4.66546651
colombia_runoff,COL_2026,2446453,0xa7b2cabe6466638637347bf3fac755dc0fa5ed6f31f4e59fef37496eb95dbb10,51986373652466077523760166908992553996156559541187887086591038114806922945350,Yes,Will Iván Cepeda Castro place 1st in Bogotá in the second round of the 2026 Colombia presidential election?,851,2026-06-19T01:13:16.250000Z,2026-06-23T22:03:28.821000Z,0.415,0.9925,YES,0.59,2026-06-21T21:10:48.701000Z,AT_OR_BEFORE_RESULT_START,287,0.59,0.991,0.55,0.993,0.36396538,4.70148996,0.017,310.0,125.84,2026-06-21T21:41:35.486000Z,0.509857,2026-06-21T21:42:29.617000Z,0.524894,2026-06-21T22:16:48.931000Z,1.096925,2026-06-21T21:26:55.173000Z,0.265326,true,true,false,0.04,0.16329468,0.29,1.62846479,0.3965,3.92750826,0.403,4.59085514,0.403,4.59085514,0.4035,4.66546651,0.4035,4.66546651
colombia_runoff,COL_2026,2446454,0x065c9c419b6e1efa736760d175f0bb544af3b06c908d2bdcf7a942092faec5a7,73377810827384780824303947274695960562511250713318827027771148534840046107237,No,Will Abelardo de la Espriella place 1st in Bogotá in the second round of the 2026 Colombia presidential election?,600,2026-06-19T04:31:04.950000Z,2026-06-23T22:33:44.477000Z,0.425,0.995,YES,0.56,2026-06-21T21:01:40.421000Z,AT_OR_BEFORE_RESULT_START,205,0.565,0.991,0.55,0.9965,0.2614797,4.70148996,0.02,185.57,79.32,2026-06-21T21:41:56.051000Z,0.51557,2026-06-21T21:42:26.602000Z,0.524056,2026-06-21T22:19:01.522000Z,1.133756,2026-06-21T21:27:57.507000Z,0.282641,true,true,false,0.025,0.10217127,0.32,1.75126811,0.429,4.257637,0.436,5.27629084,0.4365,5.41032411,0.437,5.56497642,0.4375,5.74779936
colombia_runoff,COL_2026,2446454,0x065c9c419b6e1efa736760d175f0bb544af3b06c908d2bdcf7a942092faec5a7,7842998641854640467498864847927196666887026414217538383618059089010287738821,Yes,Will Abelardo de la Espriella place 1st in Bogotá in the second round of the 2026 Colombia presidential election?,605,2026-06-19T04:34:18.196000Z,2026-06-23T22:33:44.477000Z,0.575,0.005,NO,0.44,2026-06-21T21:01:40.421000Z,AT_OR_BEFORE_RESULT_START,205,0.435,0.009,0.0035,0.45,-0.2614797,-4.70148996,0.02,79.32,185.57,2026-06-21T21:41:56.051000Z,0.51557,2026-06-21T21:42:26.602000Z,0.524056,2026-06-21T22:19:01.522000Z,1.133756,2026-06-21T21:27:57.507000Z,0.282641,true,true,false,0.025,0.10217127,0.32,1.75126811,0.429,4.257637,0.436,5.27629084,0.4365,5.41032411,0.437,5.56497642,0.4375,5.74779936
colombia_runoff,COL_2026,2446484,0xacdc566e24af90711ae83e6a0873cb67b6a6a53069e3739864ad65d1e4120815,112264785186588106018367505440311318454063544213217145608970534805652272816477,No,Will Iván Cepeda Castro place 1st in Antioquia in the second round of the 2026 Colombia presidential election?,51,2026-06-19T01:08:55.587000Z,2026-06-23T22:17:01.276000Z,0.9855,0.9925,YES,0.9795,2026-06-21T18:54:05.975000Z,AT_OR_BEFORE_RESULT_START,8,0.975,0.993,0.975,0.994,3.66356165,4.95482051,0.017,21.02,797.865,2026-06-21T21:27:55.465000Z,0.282074,2026-06-21T21:27:55.465000Z,0.282074,2026-06-21T21:57:42.693000Z,0.778526,2026-06-21T21:27:55.465000Z,0.282074,true,true,false,,,0.0045,0.20305571,0.0115,0.83487261,0.0145,1.24336039,0.0145,1.24336039,0.0155,1.42668747,0.0155,1.42668747
colombia_runoff,COL_2026,2446484,0xacdc566e24af90711ae83e6a0873cb67b6a6a53069e3739864ad65d1e4120815,86819946350875288767324363215691582134081710623064650785287749383819250597038,Yes,Will Iván Cepeda Castro place 1st in Antioquia in the second round of the 2026 Colombia presidential election?,38,2026-06-19T01:08:55.735000Z,2026-06-23T19:32:04.738000Z,0.0145,0.0085,NO,0.0205,2026-06-21T18:54:05.975000Z,AT_OR_BEFORE_RESULT_START,8,0.025,0.007,0.006,0.025,-3.66356165,-4.95482051,0.017,797.865,21.02,2026-06-21T21:27:55.465000Z,0.282074,2026-06-21T21:27:55.465000Z,0.282074,2026-06-21T21:57:42.693000Z,0.778526,2026-06-21T21:27:55.465000Z,0.282074,true,true,false,,,0.0045,0.20305571,0.0115,0.83487261,0.0145,1.24336039,0.0145,1.24336039,0.0145,1.24336039,0.0155,1.42668747
colombia_runoff,COL_2026,2446485,0x5853f2059b09a3ad04599874fb206b8355650fd5a401a249766210ebc7ccca2d,32939935417416018152661570888260072137066204711577173091005618090382409196953,Yes,Will Abelardo de la Espriella place 1st in Antioquia in the second round of the 2026 Colombia presidential election?,64,2026-06-19T00:25:20.796000Z,2026-06-23T21:50:27.605000Z,0.978,0.991,YES,0.9825,2026-06-21T19:05:55.072000Z,AT_OR_BEFORE_RESULT_START,11,0.9885,0.992,0.9765,0.992,4.45384161,4.82028157,0.002,19.0,67.24,2026-06-21T21:24:16.101000Z,0.221139,2026-06-21T21:24:16.101000Z,0.221139,2026-06-21T23:14:49.674000Z,2.063798,2026-06-21T21:24:16.101000Z,0.221139,true,true,false,0.006,0.42594214,0.006,0.42594214,0.006,0.42594214,0.0095,0.7923821,0.0095,0.7923821,0.0095,0.7923821,0.0095,0.7923821
colombia_runoff,COL_2026,2446485,0x5853f2059b09a3ad04599874fb206b8355650fd5a401a249766210ebc7ccca2d,69612032745340316669657004700293121994034495226573808416433313199168458684663,No,Will Abelardo de la Espriella place 1st in Antioquia in the second round of the 2026 Colombia presidential election?,65,2026-06-19T00:25:20.796000Z,2026-06-23T17:46:44.163000Z,0.022,0.009,NO,0.0175,2026-06-21T19:05:55.072000Z,AT_OR_BEFORE_RESULT_START,11,0.0115,0.008,0.008,0.0235,-4.45384161,-4.82028157,0.002,67.24,19.0,2026-06-21T21:24:16.101000Z,0.221139,2026-06-21T21:24:16.101000Z,0.221139,2026-06-21T23:14:49.674000Z,2.063798,2026-06-21T21:24:16.101000Z,0.221139,true,true,false,0.006,0.42594214,0.006,0.42594214,0.006,0.42594214,0.0095,0.7923821,0.0095,0.7923821,0.0095,0.7923821,0.0095,0.7923821
colombia_runoff,COL_2026,569366,0xfbe85201ab2b4acff01cd5a3639039fc813d3448c64db081f70926bd9b9e74e9,87037476560262355019736573472997730954875286944171789280729969665019434635807,Yes,Will Abelardo de la Espriella  win the 2026 Colombian presidential election?,5796,2026-06-19T00:02:29.851000Z,2026-06-23T23:57:50.611000Z,0.895,0.9965,YES,0.81,2026-06-21T21:10:47.801000Z,AT_OR_BEFORE_RESULT_START,1597,0.81,0.9915,0.81,0.9925,1.45001018,4.75915278,0.004,4436.73,1734.99,2026-06-21T21:16:44.132000Z,0.095592,2026-06-21T21:26:52.783000Z,0.264662,2026-06-21T21:58:05.050000Z,0.784736,2026-06-21T21:11:03.717000Z,0.001032,true,true,false,0.125,1.21614908,0.165,2.21355147,0.1825,3.43531382,0.1825,3.43531382,0.1825,3.43531382,0.1845,3.74748183,0.1845,3.74748183
colombia_runoff,COL_2026,569366,0xfbe85201ab2b4acff01cd5a3639039fc813d3448c64db081f70926bd9b9e74e9,93119283163420984666329627600000273753909488383271496422725436610044958733622,No,Will Abelardo de la Espriella  win the 2026 Colombian presidential election?,5789,2026-06-19T00:02:29.851000Z,2026-06-23T23:57:50.611000Z,0.105,0.0035,NO,0.19,2026-06-21T21:10:47.801000Z,AT_OR_BEFORE_RESULT_START,1597,0.19,0.0085,0.0075,0.19,-1.45001018,-4.75915278,0.004,1734.99,4436.73,2026-06-21T21:16:44.132000Z,0.095592,2026-06-21T21:26:52.783000Z,0.264662,2026-06-21T21:58:05.050000Z,0.784736,2026-06-21T21:11:03.717000Z,0.001032,true,true,false,0.125,1.21614908,0.165,2.21355147,0.1825,3.43531382,0.1825,3.43531382,0.1825,3.43531382,0.1845,3.74748183,0.1845,3.74748183
colombia_runoff,COL_2026,569368,0x0fb006e0c06caa4db12f7e30ec8c2483d658f83eb57b2ee8eb478e39beca3dfd,45225184915026490412090111842887484470550126139644389135401954155408710524398,No,Will Ivan Cepeda Castro win the 2026 Colombian presidential election?,6509,2026-06-19T00:16:14.034000Z,2026-06-23T23:54:54.496000Z,0.885,0.9965,YES,0.81,2026-06-21T21:10:44.212000Z,AT_OR_BEFORE_RESULT_START,2149,0.815,0.9925,0.805,0.9945,1.48283229,4.88532399,0.004,2250.0,1789.38,2026-06-21T21:20:39.086000Z,0.160857,2026-06-21T21:29:11.031000Z,0.303064,2026-06-21T21:53:50.502000Z,0.714028,2026-06-21T21:11:10.404000Z,0.00289,true,true,false,0.13,1.30152514,0.175,2.73458126,0.184,3.65996756,0.1845,3.74748183,0.1845,3.74748183,0.1845,3.74748183,0.1845,3.74748183
colombia_runoff,COL_2026,569368,0x0fb006e0c06caa4db12f7e30ec8c2483d658f83eb57b2ee8eb478e39beca3dfd,62374557612691330043510053829591470998236327248924987579815802826988260253261,Yes,Will Ivan Cepeda Castro win the 2026 Colombian presidential election?,6505,2026-06-19T00:16:14.034000Z,2026-06-23T23:54:54.496000Z,0.115,0.0035,NO,0.19,2026-06-21T21:10:44.212000Z,AT_OR_BEFORE_RESULT_START,2149,0.185,0.0075,0.0055,0.195,-1.48283229,-4.88532399,0.004,1789.38,2250.0,2026-06-21T21:20:43.719000Z,0.162144,2026-06-21T21:29:11.031000Z,0.303064,2026-06-21T21:53:50.502000Z,0.714028,2026-06-21T21:11:10.404000Z,0.00289,true,true,false,0.13,1.30152514,0.175,2.73458126,0.184,3.65996756,0.1845,3.74748183,0.1845,3.74748183,0.1845,3.74748183,0.1845,3.74748183
hungary_election,HUN_2026,,0x068d4f079da544e312b1a7b86e2c5dd39d3fc6a0f5a21b0ec866d1ff34767839,112334119315898655379557681849814313140380376299028916203775469724730149194325,YES,Will the next Prime Minister of Hungary be István Kapitány?,6564,2026-04-05T00:27:44.385000Z,2026-04-12T19:18:12.592000Z,0.0015,0.0015,NO,0.0015,2026-04-12T18:16:32.334000Z,AT_OR_BEFORE_RESULT_START,449,0.0015,0.0015,0.0015,0.0015,-6.50078904,-6.50078904,0.001,454316.76,299409.81,2026-04-12T18:18:54.068000Z,0.015019,2026-04-12T18:18:54.068000Z,0.015019,2026-04-12T18:18:54.068000Z,0.015019,2026-04-12T18:18:54.068000Z,0.015019,true,true,false,0.0,0.0,0.0,0.0,0.0,0.0,0.0,0.0,0.0,0.0,0.0,0.0,0.0,0.0
hungary_election,HUN_2026,,0x5599856587ed77cf40cf20608448180f6abdcc512027016bcdd68ad73fca3e9f,112536763962112966413913689999835610937825698421206043055719132308018314071040,YES,Will the next Prime Minister of Hungary be Klára Dobrev?,1,2026-04-06T20:02:19.802000Z,2026-04-06T20:02:19.802000Z,0.0015,0.0015,NO,0.0015,2026-04-06T20:02:19.802000Z,AT_OR_BEFORE_RESULT_START,0,,,,,,,,,,,,,,,,,,false,true,false,,,,,,,,,,,,,,
hungary_election,HUN_2026,,0x1480b819d03d4b6388d70e848b0384adf38c38d955cb783cdbcf6d4a436dee14,114802065330196313748583636362219556679241104184345158405411161275523811071216,NO,Will the next Prime Minister of Hungary be Péter Magyar?,27306,2026-04-05T00:01:51.908000Z,2026-04-14T21:37:02.052000Z,0.345,0.0105,NO,0.085,2026-04-12T18:17:59.153000Z,AT_OR_BEFORE_RESULT_START,3583,0.085,0.0105,0.0025,0.085,-2.37627281,-4.54582451,0.001,6905.56,9376.5,2026-04-12T18:18:03.585000Z,0.000996,2026-04-12T18:37:10.587000Z,0.319607,2026-04-12T19:23:39.069000Z,1.094186,2026-04-12T18:18:03.585000Z,0.000996,true,true,false,0.03,0.46757893,0.06,1.28728884,0.073,2.03450324,0.0825,3.61268861,0.0825,3.61268861,0.0825,3.61268861,0.0825,3.61268861
hungary_election,HUN_2026,,0x02aaea36b22da0995fe34fab28a389eec281f056fb86bbc639f86540d7cd9b91,1592834683573483771035121619265751282690565064849706351651204756423621576820,NO,Will the Democratic Coalition (DK) win at least one seat in the next Hungarian parliamentary election?,9,2026-04-13T19:42:27.005000Z,2026-04-14T21:39:34.990000Z,0.997,0.9985,YES,0.997,2026-04-13T19:42:27.005000Z,FIRST_AFTER_RESULT_START,0,,,,,,,,,,2026-04-13T19:42:27.005000Z,25.407501,2026-04-13T19:42:27.005000Z,25.407501,2026-04-13T19:42:27.005000Z,25.407501,2026-04-13T19:42:27.005000Z,25.407501,true,true,false,,,,,,,,,,,,,,
hungary_election,HUN_2026,,0x5ec80dc407457301f282a2b44341947afc700dfaa7923d14c8894e04bc63b03f,16894424691858208925745474726543713759924126381815674402361002638388880101929,YES,Will the next Prime Minister of Hungary be Viktor Orbán?,25354,2026-04-05T00:00:23.084000Z,2026-04-14T21:51:40.619000Z,0.345,0.0055,NO,0.085,2026-04-12T18:17:55.195000Z,AT_OR_BEFORE_RESULT_START,3683,0.08,0.006,0.0025,0.095,-2.44234704,-5.10997774,0.002,12353.67,9862.76,2026-04-12T18:18:06.499000Z,0.001805,2026-04-12T18:37:32.041000Z,0.325567,2026-04-12T19:18:06.209000Z,1.001725,2026-04-12T18:18:06.499000Z,0.001805,true,true,false,0.03,0.46757893,0.061,1.32913595,0.073,2.03450324,0.0825,3.61268861,0.0825,3.61268861,0.0825,3.61268861,0.0825,3.61268861
hungary_election,HUN_2026,,0x5ec80dc407457301f282a2b44341947afc700dfaa7923d14c8894e04bc63b03f,17928724382258631631719579012359945400865032871287932503640701089143599914494,NO,Will the next Prime Minister of Hungary be Viktor Orbán?,25352,2026-04-05T00:00:23.084000Z,2026-04-14T21:17:40.198000Z,0.655,0.994,YES,0.915,2026-04-12T18:17:55.195000Z,AT_OR_BEFORE_RESULT_START,3683,0.92,0.994,0.905,0.9975,2.44234704,5.10997774,0.002,9862.76,12353.67,2026-04-12T18:18:06.499000Z,0.001805,2026-04-12T18:37:32.041000Z,0.325567,2026-04-12T19:18:06.210000Z,1.001725,2026-04-12T18:18:06.499000Z,0.001805,true,true,false,0.03,0.46757893,0.061,1.32913595,0.073,2.03450324,0.0825,3.61268861,0.0825,3.61268861,0.0825,3.61268861,0.0825,3.61268861
hungary_election,HUN_2026,,0x5599856587ed77cf40cf20608448180f6abdcc512027016bcdd68ad73fca3e9f,33006593420020441073522915423328726677372124830096783637646098077801110464339,NO,Will the next Prime Minister of Hungary be Klára Dobrev?,1,2026-04-06T20:02:19.802000Z,2026-04-06T20:02:19.802000Z,0.9985,0.9985,YES,0.9985,2026-04-06T20:02:19.802000Z,AT_OR_BEFORE_RESULT_START,0,,,,,,,,,,,,,,,,,,false,true,false,,,,,,,,,,,,,,
hungary_election,HUN_2026,,0x73e39c98045179951b7c527b749118771c10a15a32eee5ebc98f9e3650a69fe1,41816235129804583132761611821034988200514081417230164418955968670861645554369,NO,Will the next Prime Minister of Hungary be László Toroczkai?,9,2026-04-06T15:21:41.702000Z,2026-04-09T19:30:36.680000Z,0.9985,0.9985,YES,0.9985,2026-04-09T19:30:36.680000Z,AT_OR_BEFORE_RESULT_START,0,,,,,,,,,,,,,,,,,,false,true,false,,,,,,,,,,,,,,
hungary_election,HUN_2026,,0x0e16a806a7d079ad19a18599e800bae595eb99b640c5922e1398e30244a0ea43,51037625779056581606819614184446816710505006861008496087735536016411882582167,YES,Will the next Prime Minister of Hungary be János Lázár?,318,2026-04-05T08:02:50.924000Z,2026-04-11T05:20:23.223000Z,0.0015,0.0015,NO,0.0015,2026-04-11T05:20:23.223000Z,AT_OR_BEFORE_RESULT_START,0,,,,,,,,,,,,,,,,,,false,true,false,,,,,,,,,,,,,,
hungary_election,HUN_2026,,0x0e16a806a7d079ad19a18599e800bae595eb99b640c5922e1398e30244a0ea43,55444694680515482401996405800899743129624381350777829217384920163115683281493,NO,Will the next Prime Minister of Hungary be János Lázár?,318,2026-04-05T08:02:50.924000Z,2026-04-11T05:20:23.223000Z,0.9985,0.9985,YES,0.9985,2026-04-11T05:20:23.223000Z,AT_OR_BEFORE_RESULT_START,0,,,,,,,,,,,,,,,,,,false,true,false,,,,,,,,,,,,,,
hungary_election,HUN_2026,,0x73e39c98045179951b7c527b749118771c10a15a32eee5ebc98f9e3650a69fe1,62276312834902257904558594246531967377131544314278449037472956208145787396192,YES,Will the next Prime Minister of Hungary be László Toroczkai?,9,2026-04-06T15:21:41.702000Z,2026-04-09T19:30:36.679000Z,0.0015,0.0015,NO,0.0015,2026-04-09T19:30:36.679000Z,AT_OR_BEFORE_RESULT_START,0,,,,,,,,,,,,,,,,,,false,true,false,,,,,,,,,,,,,,
hungary_election,HUN_2026,,0x02aaea36b22da0995fe34fab28a389eec281f056fb86bbc639f86540d7cd9b91,92330158591165133505252477346740897375678793166524824994595545700714947117908,YES,Will the Democratic Coalition (DK) win at least one seat in the next Hungarian parliamentary election?,7,2026-04-13T19:42:27.496000Z,2026-04-14T21:25:43.998000Z,0.003,0.0015,NO,0.003,2026-04-13T19:42:27.496000Z,FIRST_AFTER_RESULT_START,0,,,,,,,,,,2026-04-13T19:42:27.496000Z,25.407638,2026-04-13T19:42:27.496000Z,25.407638,2026-04-13T19:42:27.496000Z,25.407638,2026-04-13T19:42:27.496000Z,25.407638,true,true,false,,,,,,,,,,,,,,
hungary_election,HUN_2026,,0x1480b819d03d4b6388d70e848b0384adf38c38d955cb783cdbcf6d4a436dee14,94192784911459194325909253314484842244405314804074606736702592885535642919725,YES,Will the next Prime Minister of Hungary be Péter Magyar?,27309,2026-04-05T00:01:51.907000Z,2026-04-14T21:48:23.033000Z,0.655,0.9895,YES,0.915,2026-04-12T18:17:59.153000Z,AT_OR_BEFORE_RESULT_START,3583,0.915,0.9895,0.915,0.9975,2.37627281,4.54582451,0.001,9376.5,6905.56,2026-04-12T18:18:03.585000Z,0.000996,2026-04-12T18:37:10.587000Z,0.319607,2026-04-12T19:23:39.069000Z,1.094186,2026-04-12T18:18:03.585000Z,0.000996,true,true,false,0.03,0.46757893,0.06,1.28728884,0.073,2.03450324,0.0825,3.61268861,0.0825,3.61268861,0.0825,3.61268861,0.0825,3.61268861
hungary_election,HUN_2026,,0x068d4f079da544e312b1a7b86e2c5dd39d3fc6a0f5a21b0ec866d1ff34767839,9769739137616425702145383342253945344514131626307605267586577941632735221909,NO,Will the next Prime Minister of Hungary be István Kapitány?,6564,2026-04-05T00:27:44.385000Z,2026-04-12T19:18:12.593000Z,0.9985,0.9985,YES,0.9985,2026-04-12T18:16:32.335000Z,AT_OR_BEFORE_RESULT_START,449,0.9985,0.9985,0.9985,0.9985,6.50078904,6.50078904,0.001,299409.81,454316.76,2026-04-12T18:18:54.068000Z,0.015019,2026-04-12T18:18:54.068000Z,0.015019,2026-04-12T18:18:54.068000Z,0.015019,2026-04-12T18:18:54.068000Z,0.015019,true,true,false,0.0,0.0,0.0,0.0,0.0,0.0,0.0,0.0,0.0,0.0,0.0,0.0,0.0,0.0
hungary_election,HUN_2026,1503697,0x49131d36d313837145649d4cd7dcebbda31324435586cf8f102ed753a699c02f,105839270895225421428923010407392581699334769109560634674101085014721426596374,Yes,Will Fidesz–KDNP win the most national list votes in the 2026 Hungarian parliamentary election?,8,2026-04-13T19:42:29.936000Z,2026-04-14T12:17:17.786000Z,0.0015,0.002,NO,0.0015,2026-04-13T19:42:29.936000Z,FIRST_AFTER_RESULT_START,0,,,,,,,,,,2026-04-13T19:42:29.936000Z,25.408316,2026-04-13T19:42:29.936000Z,25.408316,2026-04-13T19:42:29.936000Z,25.408316,2026-04-13T19:42:29.936000Z,25.408316,true,true,false,,,,,,,,,,,,,,
hungary_election,HUN_2026,1503697,0x49131d36d313837145649d4cd7dcebbda31324435586cf8f102ed753a699c02f,17939041209709230158142207256633369876811259252531082643080096427333036714916,No,Will Fidesz–KDNP win the most national list votes in the 2026 Hungarian parliamentary election?,6,2026-04-13T19:42:29.936000Z,2026-04-14T12:17:17.464000Z,0.9985,0.998,YES,0.9985,2026-04-13T19:42:29.936000Z,FIRST_AFTER_RESULT_START,0,,,,,,,,,,2026-04-13T19:42:29.936000Z,25.408316,2026-04-13T19:42:29.936000Z,25.408316,2026-04-13T19:42:29.936000Z,25.408316,2026-04-13T19:42:29.936000Z,25.408316,true,true,false,,,,,,,,,,,,,,
hungary_election,HUN_2026,1503698,0xce4b3c1a4c41e1576598ca465ca327f60240e4033524836e5adfa7ef4f4036e9,110262877708682237012810851456705381999639454890185254208021364473808470300329,Yes,Will Tisza win the most national list votes in the 2026 Hungarian parliamentary election?,13,2026-04-13T19:42:27.050000Z,2026-04-14T21:41:54.305000Z,0.9985,0.9985,YES,0.9985,2026-04-13T19:42:27.050000Z,FIRST_AFTER_RESULT_START,0,,,,,,,,,,2026-04-13T19:42:27.050000Z,25.407514,2026-04-13T19:42:27.050000Z,25.407514,2026-04-13T19:42:27.050000Z,25.407514,2026-04-13T19:42:27.050000Z,25.407514,true,true,false,,,,,,,,,,,,,,
hungary_election,HUN_2026,1503698,0xce4b3c1a4c41e1576598ca465ca327f60240e4033524836e5adfa7ef4f4036e9,110390860403804152016409239623906927290913939776303770732793738821309960956028,No,Will Tisza win the most national list votes in the 2026 Hungarian parliamentary election?,10,2026-04-13T19:42:27.050000Z,2026-04-14T22:01:29.047000Z,0.0015,0.0015,NO,0.0015,2026-04-13T19:42:27.050000Z,FIRST_AFTER_RESULT_START,0,,,,,,,,,,2026-04-13T19:42:27.050000Z,25.407514,2026-04-13T19:42:27.050000Z,25.407514,2026-04-13T19:42:27.050000Z,25.407514,2026-04-13T19:42:27.050000Z,25.407514,true,true,false,,,,,,,,,,,,,,
hungary_election,HUN_2026,1578504,0x33f542bf6dcc1ee06d01baf47df5dc5ccc9b0d7949a5c0e12173beceb9c15d9b,33673776294955124343145793163521519546495983610639216328530639916244597151073,No,Will Fidesz-KDNP win <36% of the national list votes in the 2026 Hungarian Parliamentary election?,3,2026-04-13T19:42:26.889000Z,2026-04-14T12:16:46.681000Z,0.9965,0.996,YES,0.9965,2026-04-13T19:42:26.889000Z,FIRST_AFTER_RESULT_START,0,,,,,,,,,,2026-04-13T19:42:26.889000Z,25.407469,2026-04-13T19:42:26.889000Z,25.407469,2026-04-13T19:42:26.889000Z,25.407469,2026-04-13T19:42:26.889000Z,25.407469,true,true,false,,,,,,,,,,,,,,
hungary_election,HUN_2026,1578504,0x33f542bf6dcc1ee06d01baf47df5dc5ccc9b0d7949a5c0e12173beceb9c15d9b,54136882052474624612827842323548829763095053041986194740928355670733494242705,Yes,Will Fidesz-KDNP win <36% of the national list votes in the 2026 Hungarian Parliamentary election?,4,2026-04-13T19:42:26.949000Z,2026-04-14T12:12:47.051000Z,0.0035,0.004,NO,0.0035,2026-04-13T19:42:26.949000Z,FIRST_AFTER_RESULT_START,0,,,,,,,,,,2026-04-13T19:42:26.949000Z,25.407486,2026-04-13T19:42:26.949000Z,25.407486,2026-04-13T19:42:26.949000Z,25.407486,2026-04-13T19:42:26.949000Z,25.407486,true,true,false,,,,,,,,,,,,,,
hungary_election,HUN_2026,1578505,0xe8abe0a4c0a6e69d5bded5cf336a9db47edc6b67bcc00f97339c001530105cc7,102504522055005885342830450734580618206973171118898075095436078952648222373764,No,Will Fidesz-KDNP win 36-40% of the national list votes in the 2026 Hungarian Parliamentary election?,6,2026-04-13T19:42:27.241000Z,2026-04-14T21:06:42.914000Z,0.026,0.033,NO,0.026,2026-04-13T19:42:27.241000Z,FIRST_AFTER_RESULT_START,0,,,,,,,,,,2026-04-13T19:42:27.241000Z,25.407567,2026-04-13T19:42:27.241000Z,25.407567,,,2026-04-13T19:42:27.241000Z,25.407567,false,true,false,,,,,,,,,,,,,,
hungary_election,HUN_2026,1578505,0xe8abe0a4c0a6e69d5bded5cf336a9db47edc6b67bcc00f97339c001530105cc7,764564931326676240695018446495104275403241691497485042163048009463519874109,Yes,Will Fidesz-KDNP win 36-40% of the national list votes in the 2026 Hungarian Parliamentary election?,8,2026-04-13T19:42:28.779000Z,2026-04-14T21:09:25.629000Z,0.974,0.9675,YES,0.974,2026-04-13T19:42:28.779000Z,FIRST_AFTER_RESULT_START,0,,,,,,,,,,2026-04-13T19:42:28.779000Z,25.407994,2026-04-13T19:42:28.779000Z,25.407994,,,2026-04-13T19:42:28.779000Z,25.407994,false,true,false,,,,,,,,,,,,,,
hungary_election,HUN_2026,1578506,0xd4717f1118a739e898848610e68d74ea6cdf6ded0fedc3940143b9f3d57ff254,36230140438891428310729070812378465936561941608389446455823262314297408936498,No,Will Fidesz-KDNP win 40-44% of the national list votes in the 2026 Hungarian Parliamentary election?,9,2026-04-13T19:42:27.890000Z,2026-04-14T20:47:44.356000Z,0.975,0.975,YES,0.975,2026-04-13T19:42:27.890000Z,FIRST_AFTER_RESULT_START,0,,,,,,,,,,2026-04-13T19:42:27.890000Z,25.407747,2026-04-13T19:42:27.890000Z,25.407747,,,2026-04-13T19:42:27.890000Z,25.407747,false,true,false,,,,,,,,,,,,,,
hungary_election,HUN_2026,1578506,0xd4717f1118a739e898848610e68d74ea6cdf6ded0fedc3940143b9f3d57ff254,78694996123437319422305954714737919307676937331192272808293690260510652252845,Yes,Will Fidesz-KDNP win 40-44% of the national list votes in the 2026 Hungarian Parliamentary election?,6,2026-04-13T19:42:27.421000Z,2026-04-14T21:19:16.244000Z,0.025,0.0245,NO,0.025,2026-04-13T19:42:27.421000Z,FIRST_AFTER_RESULT_START,0,,,,,,,,,,2026-04-13T19:42:27.421000Z,25.407617,2026-04-13T19:42:27.421000Z,25.407617,,,2026-04-13T19:42:27.421000Z,25.407617,false,true,false,,,,,,,,,,,,,,
hungary_election,HUN_2026,1578760,0x5462ac83b5eb0b7d8aeb8d4ce99c05a49cc92dd24a667d60eb911ff96cccfc8a,106963467434894883853006759242778301576108463795671054596964521132724977775668,Yes,Will TISZA win 50-54% of the national list votes in the 2026 Hungarian Parliamentary election?,9,2026-04-13T19:42:26.751000Z,2026-04-14T20:20:47.848000Z,0.9775,0.94,YES,0.9775,2026-04-13T19:42:26.751000Z,FIRST_AFTER_RESULT_START,0,,,,,,,,,,2026-04-13T19:42:26.751000Z,25.407431,2026-04-13T19:42:26.751000Z,25.407431,,,2026-04-13T19:42:26.751000Z,25.407431,false,true,false,,,,,,,,,,,,,,
hungary_election,HUN_2026,1578760,0x5462ac83b5eb0b7d8aeb8d4ce99c05a49cc92dd24a667d60eb911ff96cccfc8a,678746490871676682503067380353578324518482165679490433101570041050033233027,No,Will TISZA win 50-54% of the national list votes in the 2026 Hungarian Parliamentary election?,12,2026-04-13T19:42:27.005000Z,2026-04-14T21:24:58.453000Z,0.0225,0.061,NO,0.0225,2026-04-13T19:42:27.005000Z,FIRST_AFTER_RESULT_START,0,,,,,,,,,,2026-04-13T19:42:27.005000Z,25.407501,2026-04-13T19:42:27.005000Z,25.407501,,,2026-04-13T19:42:27.005000Z,25.407501,false,true,false,,,,,,,,,,,,,,
hungary_election,HUN_2026,1578761,0x829f02bf4995077e03e29c58f20555808061862b8c5a53befe757b84ac10ad93,107508379368853948403453665036323039152963142215097831498413580957931346483367,No,Will TISZA win 54%+ of the national list votes in the 2026 Hungarian Parliamentary election?,9,2026-04-13T19:42:27.736000Z,2026-04-14T21:42:02.357000Z,0.983,0.966,YES,0.983,2026-04-13T19:42:27.736000Z,FIRST_AFTER_RESULT_START,0,,,,,,,,,,2026-04-13T19:42:27.736000Z,25.407704,2026-04-13T19:42:27.736000Z,25.407704,,,2026-04-13T19:42:27.736000Z,25.407704,false,true,false,,,,,,,,,,,,,,
hungary_election,HUN_2026,1578761,0x829f02bf4995077e03e29c58f20555808061862b8c5a53befe757b84ac10ad93,53060508543009064222724388949211941680388334212922946355038911034689205044147,Yes,Will TISZA win 54%+ of the national list votes in the 2026 Hungarian Parliamentary election?,9,2026-04-13T19:42:27.155000Z,2026-04-14T21:29:32.669000Z,0.017,0.036,NO,0.017,2026-04-13T19:42:27.155000Z,FIRST_AFTER_RESULT_START,0,,,,,,,,,,2026-04-13T19:42:27.155000Z,25.407543,2026-04-13T19:42:27.155000Z,25.407543,,,2026-04-13T19:42:27.155000Z,25.407543,false,true,false,,,,,,,,,,,,,,
hungary_election,HUN_2026,948038,0xa312499c150a1ca94b788c99f6ae721cbbdfda7679b5d25580fe79d514fdb930,60429181916537414977280644869591198674637927849363751739424668129720113189410,No,Will Fidesz–KDNP win the most seats in the next Hungarian parliamentary election?,6887,2026-04-05T00:00:20.359000Z,2026-04-12T21:11:06.959000Z,0.685,0.9985,YES,0.935,2026-04-12T18:17:51.205000Z,AT_OR_BEFORE_RESULT_START,651,0.935,0.9985,0.935,0.9985,2.66615926,6.50078904,0.006,1829.43,1129.85,2026-04-12T18:18:07.895000Z,0.002193,2026-04-12T18:22:02.463000Z,0.067351,2026-04-12T18:46:21.094000Z,0.472526,2026-04-12T18:18:07.895000Z,0.002193,true,true,false,0.04,0.99740239,0.055,1.92896059,0.0635,3.83462979,0.0635,3.83462979,0.0635,3.83462979,0.0635,3.83462979,0.0635,3.83462979
hungary_election,HUN_2026,948038,0xa312499c150a1ca94b788c99f6ae721cbbdfda7679b5d25580fe79d514fdb930,81548019791840902517287112193384358135389303980460339107425376112037459333655,Yes,Will Fidesz–KDNP win the most seats in the next Hungarian parliamentary election?,6887,2026-04-05T00:00:20.359000Z,2026-04-12T21:11:06.959000Z,0.315,0.0015,NO,0.065,2026-04-12T18:17:51.205000Z,AT_OR_BEFORE_RESULT_START,651,0.065,0.0015,0.0015,0.065,-2.66615926,-6.50078904,0.006,1129.85,1829.43,2026-04-12T18:18:07.895000Z,0.002193,2026-04-12T18:22:02.463000Z,0.067351,2026-04-12T18:46:21.094000Z,0.472526,2026-04-12T18:18:07.895000Z,0.002193,true,true,false,0.04,0.99740239,0.055,1.92896059,0.0635,3.83462979,0.0635,3.83462979,0.0635,3.83462979,0.0635,3.83462979,0.0635,3.83462979
hungary_election,HUN_2026,948043,0xfcde02af15efe40e336d67f0ef9aa49e9d40c37b92961fb890afc4afdbfe54d6,111152780649996205982553203207944259422420032287038821800558281705730727362744,No,Will TISZA – Respect and Freedom Party (TISZA) win the most seats in the next Hungarian parliamentary election?,8267,2026-04-05T00:00:10.294000Z,2026-04-12T21:11:19.677000Z,0.305,0.0015,NO,0.065,2026-04-12T18:17:51.343000Z,AT_OR_BEFORE_RESULT_START,561,0.055,0.0015,0.0015,0.065,-2.84385174,-6.50078904,0.002,4136.72,4648.25,2026-04-12T18:18:25.110000Z,0.006975,2026-04-12T18:21:57.115000Z,0.065865,2026-04-12T18:46:28.191000Z,0.474498,2026-04-12T18:18:25.110000Z,0.006975,true,true,false,0.04,0.99740239,0.057,2.15412231,0.0625,3.32280216,0.0635,3.83462979,0.0635,3.83462979,0.0635,3.83462979,0.0635,3.83462979
hungary_election,HUN_2026,948043,0xfcde02af15efe40e336d67f0ef9aa49e9d40c37b92961fb890afc4afdbfe54d6,61963573353880265694358880181512412652951688509792017552668784297365342759317,Yes,Will TISZA – Respect and Freedom Party (TISZA) win the most seats in the next Hungarian parliamentary election?,8267,2026-04-05T00:00:10.294000Z,2026-04-12T21:11:19.677000Z,0.695,0.9985,YES,0.935,2026-04-12T18:17:51.343000Z,AT_OR_BEFORE_RESULT_START,561,0.945,0.9985,0.935,0.9985,2.84385174,6.50078904,0.002,4648.25,4136.72,2026-04-12T18:18:25.109000Z,0.006975,2026-04-12T18:21:57.114000Z,0.065865,2026-04-12T18:46:28.191000Z,0.474498,2026-04-12T18:18:25.109000Z,0.006975,true,true,false,0.04,0.99740239,0.057,2.15412231,0.0625,3.32280216,0.0635,3.83462979,0.0635,3.83462979,0.0635,3.83462979,0.0635,3.83462979
hungary_election,HUN_2026,948047,0xc0cb9ecebd7cc0c9db22a4f409e451e76522819e339330c803766891b0b22c0d,30593102304610128263937128634262685426886243180598323141854441703455746504615,Yes,Will Our Homeland Movement (Mi Hazánk) win the most seats in the next Hungarian parliamentary election?,2,2026-04-07T00:30:11.101000Z,2026-04-07T00:30:27.299000Z,0.0015,0.0015,NO,0.0015,2026-04-07T00:30:27.299000Z,AT_OR_BEFORE_RESULT_START,0,,,,,,,,,,,,,,,,,,false,true,false,,,,,,,,,,,,,,
hungary_election,HUN_2026,948047,0xc0cb9ecebd7cc0c9db22a4f409e451e76522819e339330c803766891b0b22c0d,55880020842281172979099943778642126288142438068922521524402026784744618866066,No,Will Our Homeland Movement (Mi Hazánk) win the most seats in the next Hungarian parliamentary election?,2,2026-04-07T00:30:11.101000Z,2026-04-07T00:30:27.300000Z,0.9985,0.9985,YES,0.9985,2026-04-07T00:30:27.300000Z,AT_OR_BEFORE_RESULT_START,0,,,,,,,,,,,,,,,,,,false,true,false,,,,,,,,,,,,,,
peru_first_round,PER_2026,1656056,0xe8f8bc52bb22ad4c03e8bfc045a5dad8081df2ed58d8e8411b29b82d1797bccf,36132077336828691860627869834053703428933999406725972355436911059125862745305,Yes,Will Rafael López Aliaga finish in second place in the first round of the 2026 Peruvian presidential election?,3,2026-04-13T19:42:27.241000Z,2026-04-14T02:32:11.118000Z,0.625,0.655,YES,0.625,2026-04-13T19:42:27.241000Z,FIRST_AFTER_RESULT_START,0,,,,,,,,,,,,,,,,,,false,true,false,,,,,,,,,,,,,0.0,0.0
peru_first_round,PER_2026,1656056,0xe8f8bc52bb22ad4c03e8bfc045a5dad8081df2ed58d8e8411b29b82d1797bccf,97002302699209027113350492821618309378118441722535035929077981735834133911250,No,Will Rafael López Aliaga finish in second place in the first round of the 2026 Peruvian presidential election?,6,2026-04-13T19:42:27.337000Z,2026-04-14T12:17:23.721000Z,0.375,0.585,YES,0.375,2026-04-13T19:42:27.337000Z,FIRST_AFTER_RESULT_START,0,,,,,,,,,,,,,,,,,,false,true,false,,,,,,,,,,,,,0.0,0.0
peru_first_round,PER_2026,1656076,0x75f8b593544f1132e30d9908c57f44ffeb287499d9cb589dfa6cb9bfed23183d,111159599771883628392694226025938454986424718279763532009218944624093465409275,No,Will Ricardo Belmont finish in second place in the first round of the 2026 Peruvian presidential election?,5,2026-04-13T19:42:27.337000Z,2026-04-14T12:17:06.867000Z,0.996,0.9985,YES,0.996,2026-04-13T19:42:27.337000Z,FIRST_AFTER_RESULT_START,0,,,,,,,,,,2026-04-13T19:42:27.337000Z,20.707594,2026-04-13T19:42:27.337000Z,20.707594,2026-04-13T19:42:27.337000Z,20.707594,2026-04-13T19:42:27.337000Z,20.707594,true,true,false,,,,,,,,,,,,,0.0,0.0
peru_first_round,PER_2026,1656076,0x75f8b593544f1132e30d9908c57f44ffeb287499d9cb589dfa6cb9bfed23183d,18022990443329283605600134695379844619365883714586064757823373488797728403012,Yes,Will Ricardo Belmont finish in second place in the first round of the 2026 Peruvian presidential election?,5,2026-04-13T19:42:27.665000Z,2026-04-14T12:17:06.701000Z,0.004,0.0015,NO,0.004,2026-04-13T19:42:27.665000Z,FIRST_AFTER_RESULT_START,0,,,,,,,,,,2026-04-13T19:42:27.665000Z,20.707685,2026-04-13T19:42:27.665000Z,20.707685,2026-04-13T19:42:27.665000Z,20.707685,2026-04-13T19:42:27.665000Z,20.707685,true,true,false,,,,,,,,,,,,,0.0,0.0
peru_first_round,PER_2026,1656086,0xcec5039e455994c6f84662ffd78032e3473cc17deca5e2ccd58c46f99d7e5d9c,111608617583122296319718233930899384204190403432466866015432817309694492990382,No,Will Jorge Nieto finish in second place in the first round of the 2026 Peruvian presidential election?,6,2026-04-13T19:42:26.751000Z,2026-04-14T20:29:22.456000Z,0.956,0.993,YES,0.956,2026-04-13T19:42:26.751000Z,FIRST_AFTER_RESULT_START,0,,,,,,,,,,2026-04-13T19:42:26.751000Z,20.707431,2026-04-13T19:42:26.751000Z,20.707431,2026-04-14T20:29:22.456000Z,45.489571,2026-04-13T19:42:26.751000Z,20.707431,true,true,false,,,,,,,,,,,,,0.0,0.0
peru_first_round,PER_2026,1656086,0xcec5039e455994c6f84662ffd78032e3473cc17deca5e2ccd58c46f99d7e5d9c,94940838371277691070289167186723757004478349101401353884574648859423122955708,Yes,Will Jorge Nieto finish in second place in the first round of the 2026 Peruvian presidential election?,3,2026-04-13T19:42:27.050000Z,2026-04-14T21:28:39.926000Z,0.044,0.012,NO,0.044,2026-04-13T19:42:27.050000Z,FIRST_AFTER_RESULT_START,0,,,,,,,,,,2026-04-13T19:42:27.050000Z,20.707514,2026-04-13T19:42:27.050000Z,20.707514,,,2026-04-13T19:42:27.050000Z,20.707514,false,true,false,,,,,,,,,,,,,0.0,0.0
peru_first_round,PER_2026,1656087,0x432e3bff20596f36c22e015ec23182e591ab7c37367e1ad96db73dc5984ddf5b,102050387779980058053982204048293317397871274479597262029676946390187208574632,Yes,Will Roberto Sánchez Palomino finish in second place in the first round of the 2026 Peruvian presidential election?,5,2026-04-13T19:42:27.099000Z,2026-04-14T11:54:50.049000Z,0.329,0.5365,YES,0.329,2026-04-13T19:42:27.099000Z,FIRST_AFTER_RESULT_START,0,,,,,,,,,,,,,,,,,,false,true,false,,,,,,,,,,,,,0.0,0.0
peru_first_round,PER_2026,1656087,0x432e3bff20596f36c22e015ec23182e591ab7c37367e1ad96db73dc5984ddf5b,87795140423029092105202279745639383208977959464047735608376480395131029648599,No,Will Roberto Sánchez Palomino finish in second place in the first round of the 2026 Peruvian presidential election?,8,2026-04-13T19:42:26.889000Z,2026-04-14T23:18:32.732000Z,0.671,0.2735,NO,0.671,2026-04-13T19:42:26.889000Z,FIRST_AFTER_RESULT_START,0,,,,,,,,,,,,,,,,,,false,true,false,,,,,,,,,,,,,0.062,0.26960068
peru_first_round,PER_2026,1656486,0x9711f881f44c8965ad7c849fd9b441fa7eb6e5606f913b376e317b77a53b0fa5,49490741095745341170497154245967230041533324469598883157541074054378190933316,No,Will Rafael López Aliaga finish in third place in the first round of the 2026 Peruvian presidential election?,3,2026-04-13T19:42:27.050000Z,2026-04-14T21:33:23.198000Z,0.718,0.292,NO,0.718,2026-04-13T19:42:27.050000Z,FIRST_AFTER_RESULT_START,0,,,,,,,,,,,,,,,,,,false,true,false,,,,,,,,,,,,,0.0,0.0
peru_first_round,PER_2026,1656486,0x9711f881f44c8965ad7c849fd9b441fa7eb6e5606f913b376e317b77a53b0fa5,84463073346607350633420220106720408017145401196054649806026567535577655550129,Yes,Will Rafael López Aliaga finish in third place in the first round of the 2026 Peruvian presidential election?,3,2026-04-13T19:42:26.837000Z,2026-04-14T21:26:19.415000Z,0.282,0.7075,YES,0.282,2026-04-13T19:42:26.837000Z,FIRST_AFTER_RESULT_START,0,,,,,,,,,,,,,,,,,,false,true,false,,,,,,,,,,,,,0.0,0.0
peru_first_round,PER_2026,1656488,0xa3cbcad17010b2aad8be838d2338127126a9ed153d7b927b4a2376be4d733d21,1070130149431520454324195571894890241870607355200225570109619843269166778308,No,Will Keiko Fujimori finish in third place in the first round of the 2026 Peruvian presidential election?,3,2026-04-13T19:42:27.379000Z,2026-04-14T06:26:18.238000Z,0.9985,0.9985,YES,0.9985,2026-04-13T19:42:27.379000Z,FIRST_AFTER_RESULT_START,0,,,,,,,,,,2026-04-13T19:42:27.379000Z,20.707605,2026-04-13T19:42:27.379000Z,20.707605,2026-04-13T19:42:27.379000Z,20.707605,2026-04-13T19:42:27.379000Z,20.707605,true,true,false,,,,,,,,,,,,,0.0,0.0
peru_first_round,PER_2026,1656488,0xa3cbcad17010b2aad8be838d2338127126a9ed153d7b927b4a2376be4d733d21,25574254145194799856287003372086817166650160581120494452360276964318500343213,Yes,Will Keiko Fujimori finish in third place in the first round of the 2026 Peruvian presidential election?,1,2026-04-13T19:42:27.195000Z,2026-04-13T19:42:27.195000Z,0.0015,0.0015,NO,0.0015,2026-04-13T19:42:27.195000Z,FIRST_AFTER_RESULT_START,0,,,,,,,,,,2026-04-13T19:42:27.195000Z,20.707554,2026-04-13T19:42:27.195000Z,20.707554,2026-04-13T19:42:27.195000Z,20.707554,2026-04-13T19:42:27.195000Z,20.707554,true,true,false,,,,,,,,,,,,,0.0,0.0
peru_first_round,PER_2026,1656489,0x68028eaee3457027da9bf87982822a90d8fb204698edabd8c65228b2b5309359,106611322194616005763814414170843834957028174432922581807267895665544442870992,No,Will Mario Vizcarra finish in third place in the first round of the 2026 Peruvian presidential election?,4,2026-04-14T06:11:14.191000Z,2026-04-14T12:17:22.262000Z,0.9965,0.9915,YES,0.9965,2026-04-14T06:11:14.191000Z,FIRST_AFTER_RESULT_START,0,,,,,,,,,,2026-04-14T06:11:14.191000Z,31.187275,2026-04-14T06:11:14.191000Z,31.187275,2026-04-14T06:11:14.191000Z,31.187275,2026-04-14T06:11:14.191000Z,31.187275,true,true,false,,,,,,,,,,,,,,
peru_first_round,PER_2026,1656489,0x68028eaee3457027da9bf87982822a90d8fb204698edabd8c65228b2b5309359,66160597150125005813025761541846011381565523352751523634952308575326581061336,Yes,Will Mario Vizcarra finish in third place in the first round of the 2026 Peruvian presidential election?,5,2026-04-14T07:42:47.517000Z,2026-04-14T14:27:42.696000Z,0.003,0.006,NO,0.003,2026-04-14T07:42:47.517000Z,FIRST_AFTER_RESULT_START,0,,,,,,,,,,2026-04-14T07:42:47.517000Z,32.713199,2026-04-14T07:42:47.517000Z,32.713199,2026-04-14T07:42:47.517000Z,32.713199,2026-04-14T07:42:47.517000Z,32.713199,true,true,false,,,,,,,,,,,,,,
peru_first_round,PER_2026,1656491,0x694bb375a2c1ab7eeced24a3adc916938a8c649d421afc583de7942a79d9ac93,28778613035752203901149969479689564526003621630380281288539601229400719653943,No,Will Carlos Álvarez finish in third place in the first round of the 2026 Peruvian presidential election?,3,2026-04-14T11:36:37.742000Z,2026-04-14T20:15:23.896000Z,0.992,0.9985,YES,0.992,2026-04-14T11:36:37.742000Z,FIRST_AFTER_RESULT_START,0,,,,,,,,,,2026-04-14T11:36:37.742000Z,36.610484,2026-04-14T11:36:37.742000Z,36.610484,2026-04-14T11:36:37.742000Z,36.610484,2026-04-14T11:36:37.742000Z,36.610484,true,true,false,,,,,,,,,,,,,,
peru_first_round,PER_2026,1656491,0x694bb375a2c1ab7eeced24a3adc916938a8c649d421afc583de7942a79d9ac93,60202244459212891400310873267914170276813289134934501079034275061280387392168,Yes,Will Carlos Álvarez finish in third place in the first round of the 2026 Peruvian presidential election?,3,2026-04-14T02:27:43.151000Z,2026-04-14T19:59:18.815000Z,0.0015,0.0015,NO,0.0015,2026-04-14T02:27:43.151000Z,FIRST_AFTER_RESULT_START,0,,,,,,,,,,2026-04-14T02:27:43.151000Z,27.461986,2026-04-14T02:27:43.151000Z,27.461986,2026-04-14T02:27:43.151000Z,27.461986,2026-04-14T02:27:43.151000Z,27.461986,true,true,false,,,,,,,,,,,,,,
peru_first_round,PER_2026,1656492,0xf53b2b5e27bfd687d494d6b302fe8848c50523ad627535e242b99197f7b0bf6d,108360521854649244387507833660920715041435983527157357347152766733559282701514,No,Will César Acuña finish in third place in the first round of the 2026 Peruvian presidential election?,1,2026-04-14T12:17:23.721000Z,2026-04-14T12:17:23.721000Z,0.9985,0.9985,YES,0.9985,2026-04-14T12:17:23.721000Z,FIRST_AFTER_RESULT_START,0,,,,,,,,,,2026-04-14T12:17:23.721000Z,37.289922,2026-04-14T12:17:23.721000Z,37.289922,2026-04-14T12:17:23.721000Z,37.289922,2026-04-14T12:17:23.721000Z,37.289922,true,true,false,,,,,,,,,,,,,,
peru_first_round,PER_2026,1656492,0xf53b2b5e27bfd687d494d6b302fe8848c50523ad627535e242b99197f7b0bf6d,68189374515748677337524561786627983726911731633563291538700689576557466820795,Yes,Will César Acuña finish in third place in the first round of the 2026 Peruvian presidential election?,2,2026-04-14T11:53:47.156000Z,2026-04-14T12:17:24.528000Z,0.0015,0.0015,NO,0.0015,2026-04-14T11:53:47.156000Z,FIRST_AFTER_RESULT_START,0,,,,,,,,,,2026-04-14T11:53:47.156000Z,36.896432,2026-04-14T11:53:47.156000Z,36.896432,2026-04-14T11:53:47.156000Z,36.896432,2026-04-14T11:53:47.156000Z,36.896432,true,true,false,,,,,,,,,,,,,,
peru_first_round,PER_2026,1656493,0xc3364f862936218846d59952b1794df4ed3720f8f62c23ca3f0a1e6481e94542,53208843799664014402016508112605023501590605107448093603797288815396527184976,Yes,Will Alfonso López Chau finish in third place in the first round of the 2026 Peruvian presidential election?,4,2026-04-13T19:42:26.837000Z,2026-04-14T11:52:28.968000Z,0.0045,0.0015,NO,0.0045,2026-04-13T19:42:26.837000Z,FIRST_AFTER_RESULT_START,0,,,,,,,,,,2026-04-13T19:42:26.837000Z,20.707455,2026-04-13T19:42:26.837000Z,20.707455,2026-04-13T19:42:26.837000Z,20.707455,2026-04-13T19:42:26.837000Z,20.707455,true,true,false,,,,,,,,,,,,,0.0,0.0
peru_first_round,PER_2026,1656493,0xc3364f862936218846d59952b1794df4ed3720f8f62c23ca3f0a1e6481e94542,66572198699826158975720698914878998779926383884843191092696294261148707525090,No,Will Alfonso López Chau finish in third place in the first round of the 2026 Peruvian presidential election?,3,2026-04-13T19:42:26.699000Z,2026-04-14T11:27:21.115000Z,0.9955,0.9985,YES,0.9955,2026-04-13T19:42:26.699000Z,FIRST_AFTER_RESULT_START,0,,,,,,,,,,2026-04-13T19:42:26.699000Z,20.707416,2026-04-13T19:42:26.699000Z,20.707416,2026-04-13T19:42:26.699000Z,20.707416,2026-04-13T19:42:26.699000Z,20.707416,true,true,false,,,,,,,,,,,,,0.0,0.0
peru_first_round,PER_2026,1656495,0x4b868d7e0b387de7493e591e89fda42a2f8babe8b32ebf4c15af5ae83cdd5584,14011862652656855006127051653679150998906942307102755995752714320411269773667,No,Will Vladimir Cerrón finish in third place in the first round of the 2026 Peruvian presidential election?,3,2026-04-14T12:15:05.024000Z,2026-04-14T12:17:23.959000Z,0.9985,0.9985,YES,0.9985,2026-04-14T12:15:05.024000Z,FIRST_AFTER_RESULT_START,0,,,,,,,,,,2026-04-14T12:15:05.024000Z,37.251396,2026-04-14T12:15:05.024000Z,37.251396,2026-04-14T12:15:05.024000Z,37.251396,2026-04-14T12:15:05.024000Z,37.251396,true,true,false,,,,,,,,,,,,,,
peru_first_round,PER_2026,1656495,0x4b868d7e0b387de7493e591e89fda42a2f8babe8b32ebf4c15af5ae83cdd5584,59570858023185842517870843488431337277633671455736631702268326623708365587538,Yes,Will Vladimir Cerrón finish in third place in the first round of the 2026 Peruvian presidential election?,3,2026-04-14T10:47:14.799000Z,2026-04-14T11:29:23.281000Z,0.0015,0.0015,NO,0.0015,2026-04-14T10:47:14.799000Z,FIRST_AFTER_RESULT_START,0,,,,,,,,,,2026-04-14T10:47:14.799000Z,35.787444,2026-04-14T10:47:14.799000Z,35.787444,2026-04-14T10:47:14.799000Z,35.787444,2026-04-14T10:47:14.799000Z,35.787444,true,true,false,,,,,,,,,,,,,,
peru_first_round,PER_2026,1656496,0xf742394d49961b0cc4766ee3c8229c5ec7cca7ec339f08b41f7c9bb28fc0e126,12305406897908389043036938553119183549216722036766103865021197329102816199480,No,Will José Luna finish in third place in the first round of the 2026 Peruvian presidential election?,5,2026-04-14T04:25:16.443000Z,2026-04-14T21:14:01.993000Z,0.9985,0.9985,YES,0.9985,2026-04-14T04:25:16.443000Z,FIRST_AFTER_RESULT_START,0,,,,,,,,,,2026-04-14T04:25:16.443000Z,29.421234,2026-04-14T04:25:16.443000Z,29.421234,2026-04-14T04:25:16.443000Z,29.421234,2026-04-14T04:25:16.443000Z,29.421234,true,true,false,,,,,,,,,,,,,,
peru_first_round,PER_2026,1656496,0xf742394d49961b0cc4766ee3c8229c5ec7cca7ec339f08b41f7c9bb28fc0e126,71873695595277522842105786723702129593782292720689312674592785618644559034708,Yes,Will José Luna finish in third place in the first round of the 2026 Peruvian presidential election?,3,2026-04-14T11:32:43.554000Z,2026-04-14T15:30:43.922000Z,0.0015,0.0015,NO,0.0015,2026-04-14T11:32:43.554000Z,FIRST_AFTER_RESULT_START,0,,,,,,,,,,2026-04-14T11:32:43.554000Z,36.545432,2026-04-14T11:32:43.554000Z,36.545432,2026-04-14T11:32:43.554000Z,36.545432,2026-04-14T11:32:43.554000Z,36.545432,true,true,false,,,,,,,,,,,,,,
peru_first_round,PER_2026,1656497,0x62ecddfd66cfe53fe5b444855c914247aedf29396f8ebd3373925402afe4d16c,19237707404503420737158021917275251001399539248401497264663452504866554205605,No,Will George Forsyth finish in third place in the first round of the 2026 Peruvian presidential election?,1,2026-04-14T04:01:27.843000Z,2026-04-14T04:01:27.843000Z,0.9985,0.9985,YES,0.9985,2026-04-14T04:01:27.843000Z,FIRST_AFTER_RESULT_START,0,,,,,,,,,,2026-04-14T04:01:27.843000Z,29.024401,2026-04-14T04:01:27.843000Z,29.024401,2026-04-14T04:01:27.843000Z,29.024401,2026-04-14T04:01:27.843000Z,29.024401,true,true,false,,,,,,,,,,,,,,
peru_first_round,PER_2026,1656497,0x62ecddfd66cfe53fe5b444855c914247aedf29396f8ebd3373925402afe4d16c,28477229694919355015404054701807015326788104063540844884548739914181740932043,Yes,Will George Forsyth finish in third place in the first round of the 2026 Peruvian presidential election?,1,2026-04-14T11:32:43.554000Z,2026-04-14T11:32:43.554000Z,0.0015,0.0015,NO,0.0015,2026-04-14T11:32:43.554000Z,FIRST_AFTER_RESULT_START,0,,,,,,,,,,2026-04-14T11:32:43.554000Z,36.545432,2026-04-14T11:32:43.554000Z,36.545432,2026-04-14T11:32:43.554000Z,36.545432,2026-04-14T11:32:43.554000Z,36.545432,true,true,false,,,,,,,,,,,,,,
peru_first_round,PER_2026,1656498,0x1ecb0f4385f625c067f5d3b6388fc46ee67c39cc467ffcc426ffed0c4b790cd8,4219985213725726572900233353437462069764068606077757546878812397311146282985,Yes,Will Roberto Chiabra finish in third place in the first round of the 2026 Peruvian presidential election?,8,2026-04-14T00:08:47.298000Z,2026-04-14T20:09:31.355000Z,0.002,0.0015,NO,0.002,2026-04-14T00:08:47.298000Z,FIRST_AFTER_RESULT_START,0,,,,,,,,,,2026-04-14T00:08:47.298000Z,25.146472,2026-04-14T00:08:47.298000Z,25.146472,2026-04-14T00:08:47.298000Z,25.146472,2026-04-14T00:08:47.298000Z,25.146472,true,true,false,,,,,,,,,,,,,,
peru_first_round,PER_2026,1656498,0x1ecb0f4385f625c067f5d3b6388fc46ee67c39cc467ffcc426ffed0c4b790cd8,82522558914833941859932425306101302246552745810340100885379731059376069281266,No,Will Roberto Chiabra finish in third place in the first round of the 2026 Peruvian presidential election?,6,2026-04-14T01:34:05.141000Z,2026-04-14T11:09:41.011000Z,0.998,0.9985,YES,0.998,2026-04-14T01:34:05.141000Z,FIRST_AFTER_RESULT_START,0,,,,,,,,,,2026-04-14T01:34:05.141000Z,26.568095,2026-04-14T01:34:05.141000Z,26.568095,2026-04-14T01:34:05.141000Z,26.568095,2026-04-14T01:34:05.141000Z,26.568095,true,true,false,,,,,,,,,,,,,,
peru_first_round,PER_2026,1656499,0x62835bd068dc52e723c0fb4cc95b4561eb38742db1bd86ff73b95322e49a5b4d,107852546865334597301868914227394757538876595032108521199910226311613126337155,Yes,Will Enrique Valderrama finish in third place in the first round of the 2026 Peruvian presidential election?,9,2026-04-14T04:51:46.462000Z,2026-04-14T21:23:53.576000Z,0.0015,0.0015,NO,0.0015,2026-04-14T04:51:46.462000Z,FIRST_AFTER_RESULT_START,0,,,,,,,,,,2026-04-14T04:51:46.462000Z,29.862906,2026-04-14T04:51:46.462000Z,29.862906,2026-04-14T04:51:46.462000Z,29.862906,2026-04-14T04:51:46.462000Z,29.862906,true,true,false,,,,,,,,,,,,,,
peru_first_round,PER_2026,1656499,0x62835bd068dc52e723c0fb4cc95b4561eb38742db1bd86ff73b95322e49a5b4d,12641689386954092878588356137284577954579980066794234187235818132974848723582,No,Will Enrique Valderrama finish in third place in the first round of the 2026 Peruvian presidential election?,4,2026-04-14T12:09:30.332000Z,2026-04-14T21:12:51.059000Z,0.9985,0.9985,YES,0.9985,2026-04-14T12:09:30.332000Z,FIRST_AFTER_RESULT_START,0,,,,,,,,,,2026-04-14T12:09:30.332000Z,37.158426,2026-04-14T12:09:30.332000Z,37.158426,2026-04-14T12:09:30.332000Z,37.158426,2026-04-14T12:09:30.332000Z,37.158426,true,true,false,,,,,,,,,,,,,,
peru_first_round,PER_2026,1656500,0xcc3915ef5fe49d2c6caac2f4b3d366d7a78fa9eaf82a7f5a17d690720761e20b,111941676677991737714237751304793197117953084067535074409250068327064338543838,Yes,Will José Williams finish in third place in the first round of the 2026 Peruvian presidential election?,5,2026-04-14T00:08:57.275000Z,2026-04-14T21:31:00.004000Z,0.003,0.0015,NO,0.003,2026-04-14T00:08:57.275000Z,FIRST_AFTER_RESULT_START,0,,,,,,,,,,2026-04-14T00:08:57.275000Z,25.149243,2026-04-14T00:08:57.275000Z,25.149243,2026-04-14T00:08:57.275000Z,25.149243,2026-04-14T00:08:57.275000Z,25.149243,true,true,false,,,,,,,,,,,,,,
peru_first_round,PER_2026,1656500,0xcc3915ef5fe49d2c6caac2f4b3d366d7a78fa9eaf82a7f5a17d690720761e20b,67836258641443779961961326141248480409956601311045126990926942983623283367572,No,Will José Williams finish in third place in the first round of the 2026 Peruvian presidential election?,6,2026-04-14T11:13:26.287000Z,2026-04-14T21:13:22.066000Z,0.9985,0.9985,YES,0.9985,2026-04-14T11:13:26.287000Z,FIRST_AFTER_RESULT_START,0,,,,,,,,,,2026-04-14T11:13:26.287000Z,36.223969,2026-04-14T11:13:26.287000Z,36.223969,2026-04-14T11:13:26.287000Z,36.223969,2026-04-14T11:13:26.287000Z,36.223969,true,true,false,,,,,,,,,,,,,,
peru_first_round,PER_2026,1656501,0xa24a092311ee387cac6575fb4f28acd8b4a33af7cb2e2a1c7160c44d862598ac,12599778276039107379297901439798586628136723113955885791368793992111789681771,No,Will Fiorella Molinelli finish in third place in the first round of the 2026 Peruvian presidential election?,3,2026-04-14T10:37:32.353000Z,2026-04-14T10:55:16.367000Z,0.998,0.998,YES,0.998,2026-04-14T10:37:32.353000Z,FIRST_AFTER_RESULT_START,0,,,,,,,,,,2026-04-14T10:37:32.353000Z,35.625654,2026-04-14T10:37:32.353000Z,35.625654,2026-04-14T10:37:32.353000Z,35.625654,2026-04-14T10:37:32.353000Z,35.625654,true,true,false,,,,,,,,,,,,,,
peru_first_round,PER_2026,1656501,0xa24a092311ee387cac6575fb4f28acd8b4a33af7cb2e2a1c7160c44d862598ac,81880087461263811453320715952811578298376131435413769490514018097499933994450,Yes,Will Fiorella Molinelli finish in third place in the first round of the 2026 Peruvian presidential election?,4,2026-04-14T04:46:16.475000Z,2026-04-14T11:27:18.614000Z,0.0015,0.002,NO,0.0015,2026-04-14T04:46:16.475000Z,FIRST_AFTER_RESULT_START,0,,,,,,,,,,2026-04-14T04:46:16.475000Z,29.771243,2026-04-14T04:46:16.475000Z,29.771243,2026-04-14T04:46:16.475000Z,29.771243,2026-04-14T04:46:16.475000Z,29.771243,true,true,false,,,,,,,,,,,,,,
peru_first_round,PER_2026,1656502,0xafd705682b311b6f65bf4a9610cfca2156ffe03c08cfe14106a1cb7b4d97bedb,81219124492410273916138308771127525500198453268008530121200038337404445543836,No,Will Ricardo Belmont finish in third place in the first round of the 2026 Peruvian presidential election?,4,2026-04-13T19:42:27.050000Z,2026-04-14T21:40:39.293000Z,0.9545,0.9955,YES,0.9545,2026-04-13T19:42:27.050000Z,FIRST_AFTER_RESULT_START,0,,,,,,,,,,2026-04-13T19:42:27.050000Z,20.707514,2026-04-13T19:42:27.050000Z,20.707514,2026-04-14T20:04:11.155000Z,45.069765,2026-04-13T19:42:27.050000Z,20.707514,true,true,false,,,,,,,,,,,,,0.0,0.0
peru_first_round,PER_2026,1656502,0xafd705682b311b6f65bf4a9610cfca2156ffe03c08cfe14106a1cb7b4d97bedb,83569424471152470187050668086916894166241198094969309162593306540377507661843,Yes,Will Ricardo Belmont finish in third place in the first round of the 2026 Peruvian presidential election?,7,2026-04-13T19:42:26.751000Z,2026-04-14T20:57:43.901000Z,0.0455,0.0045,NO,0.0455,2026-04-13T19:42:26.751000Z,FIRST_AFTER_RESULT_START,0,,,,,,,,,,2026-04-13T19:42:26.751000Z,20.707431,2026-04-13T19:42:26.751000Z,20.707431,2026-04-14T11:28:06.229000Z,36.468397,2026-04-13T19:42:26.751000Z,20.707431,true,true,false,,,,,,,,,,,,,0.0,0.0
peru_first_round,PER_2026,1656503,0x49e1ea2dac5d7d1716d48b3fa8fa03a767b30a656a2860e85fbb45872fbba9fb,45418587110356603399160732764173761278478870188701981577202985305426666784442,No,Will Fernando Olivera finish in third place in the first round of the 2026 Peruvian presidential election?,9,2026-04-14T02:28:46.478000Z,2026-04-14T21:25:39.661000Z,0.9975,0.9985,YES,0.9975,2026-04-14T02:28:46.478000Z,FIRST_AFTER_RESULT_START,0,,,,,,,,,,2026-04-14T02:28:46.478000Z,27.479577,2026-04-14T02:28:46.478000Z,27.479577,2026-04-14T02:28:46.478000Z,27.479577,2026-04-14T02:28:46.478000Z,27.479577,true,true,false,,,,,,,,,,,,,,
peru_first_round,PER_2026,1656503,0x49e1ea2dac5d7d1716d48b3fa8fa03a767b30a656a2860e85fbb45872fbba9fb,69243492192511689689636949602062255551519733590643403603175901013241016692618,Yes,Will Fernando Olivera finish in third place in the first round of the 2026 Peruvian presidential election?,3,2026-04-14T11:26:09.178000Z,2026-04-14T21:19:16.244000Z,0.0015,0.0015,NO,0.0015,2026-04-14T11:26:09.178000Z,FIRST_AFTER_RESULT_START,0,,,,,,,,,,2026-04-14T11:26:09.178000Z,36.435883,2026-04-14T11:26:09.178000Z,36.435883,2026-04-14T11:26:09.178000Z,36.435883,2026-04-14T11:26:09.178000Z,36.435883,true,true,false,,,,,,,,,,,,,,
peru_first_round,PER_2026,1656504,0xec23e573ed44f69d0b01c1d9de4e019452245f636f03d1d6f3f963694f2d7c1e,71102834302277171755428859510707879289960829050263777155999472180754869846371,No,Will Carlos Espá finish in third place in the first round of the 2026 Peruvian presidential election?,3,2026-04-14T11:03:26.555000Z,2026-04-14T21:04:15.870000Z,0.9985,0.9985,YES,0.9985,2026-04-14T11:03:26.555000Z,FIRST_AFTER_RESULT_START,0,,,,,,,,,,2026-04-14T11:03:26.555000Z,36.057376,2026-04-14T11:03:26.555000Z,36.057376,2026-04-14T11:03:26.555000Z,36.057376,2026-04-14T11:03:26.555000Z,36.057376,true,true,false,,,,,,,,,,,,,,
peru_first_round,PER_2026,1656504,0xec23e573ed44f69d0b01c1d9de4e019452245f636f03d1d6f3f963694f2d7c1e,91534439892105986741011253544757696197254221877672242864596556847710503091206,Yes,Will Carlos Espá finish in third place in the first round of the 2026 Peruvian presidential election?,6,2026-04-14T03:18:12.232000Z,2026-04-14T20:45:07.270000Z,0.0015,0.0015,NO,0.0015,2026-04-14T03:18:12.232000Z,FIRST_AFTER_RESULT_START,0,,,,,,,,,,2026-04-14T03:18:12.232000Z,28.303398,2026-04-14T03:18:12.232000Z,28.303398,2026-04-14T03:18:12.232000Z,28.303398,2026-04-14T03:18:12.232000Z,28.303398,true,true,false,,,,,,,,,,,,,,
peru_first_round,PER_2026,1656505,0x81716ba8fda2e560590eef2692690bb105bd24e627941f79e8143fa0445a62a3,3008915957565341679572461105942327420545512811572998717426010073109498192030,Yes,Will Rafael Belaúnde Llosa finish in third place in the first round of the 2026 Peruvian presidential election?,5,2026-04-14T11:09:01.219000Z,2026-04-14T21:29:26.937000Z,0.0015,0.0015,NO,0.0015,2026-04-14T11:09:01.219000Z,FIRST_AFTER_RESULT_START,0,,,,,,,,,,2026-04-14T11:09:01.219000Z,36.150339,2026-04-14T11:09:01.219000Z,36.150339,2026-04-14T11:09:01.219000Z,36.150339,2026-04-14T11:09:01.219000Z,36.150339,true,true,false,,,,,,,,,,,,,,
peru_first_round,PER_2026,1656505,0x81716ba8fda2e560590eef2692690bb105bd24e627941f79e8143fa0445a62a3,73730696589848077180352081325250078579205513067287569168518605029166057079343,No,Will Rafael Belaúnde Llosa finish in third place in the first round of the 2026 Peruvian presidential election?,4,2026-04-14T01:36:57.808000Z,2026-04-14T21:43:24.544000Z,0.9975,0.9985,YES,0.9975,2026-04-14T01:36:57.808000Z,FIRST_AFTER_RESULT_START,0,,,,,,,,,,2026-04-14T01:36:57.808000Z,26.616058,2026-04-14T01:36:57.808000Z,26.616058,2026-04-14T01:36:57.808000Z,26.616058,2026-04-14T01:36:57.808000Z,26.616058,true,true,false,,,,,,,,,,,,,,
peru_first_round,PER_2026,1656506,0x2fbbabc415795e823df104c5524e60d8468020dcc0f4c7e5196d99bcf2eea4ac,63784150502153165723659810002614895960992143842645051658922882728198546899277,Yes,Will Yonhy Lescano finish in third place in the first round of the 2026 Peruvian presidential election?,4,2026-04-14T11:01:58.519000Z,2026-04-14T12:02:27.918000Z,0.0015,0.0015,NO,0.0015,2026-04-14T11:01:58.519000Z,FIRST_AFTER_RESULT_START,0,,,,,,,,,,2026-04-14T11:01:58.519000Z,36.032922,2026-04-14T11:01:58.519000Z,36.032922,2026-04-14T11:01:58.519000Z,36.032922,2026-04-14T11:01:58.519000Z,36.032922,true,true,false,,,,,,,,,,,,,,
peru_first_round,PER_2026,1656506,0x2fbbabc415795e823df104c5524e60d8468020dcc0f4c7e5196d99bcf2eea4ac,96471642718017647056692505831444895378360538340470760963542342260013155200638,No,Will Yonhy Lescano finish in third place in the first round of the 2026 Peruvian presidential election?,3,2026-04-14T11:13:48.976000Z,2026-04-14T12:16:44.704000Z,0.9985,0.9985,YES,0.9985,2026-04-14T11:13:48.976000Z,FIRST_AFTER_RESULT_START,0,,,,,,,,,,2026-04-14T11:13:48.976000Z,36.230271,2026-04-14T11:13:48.976000Z,36.230271,2026-04-14T11:13:48.976000Z,36.230271,2026-04-14T11:13:48.976000Z,36.230271,true,true,false,,,,,,,,,,,,,,
peru_first_round,PER_2026,1656507,0x4b6f86f7593e49f286f2e7e57489769cffa49fb7eedb2b0647a0f6e520ae304d,47839790901057113190197382274280651460652584185652426645665448114105772320198,No,Will Mesías Guevara finish in third place in the first round of the 2026 Peruvian presidential election?,4,2026-04-14T01:04:52.781000Z,2026-04-14T20:23:15.471000Z,0.997,0.9985,YES,0.997,2026-04-14T01:04:52.781000Z,FIRST_AFTER_RESULT_START,0,,,,,,,,,,2026-04-14T01:04:52.781000Z,26.081328,2026-04-14T01:04:52.781000Z,26.081328,2026-04-14T01:04:52.781000Z,26.081328,2026-04-14T01:04:52.781000Z,26.081328,true,true,false,,,,,,,,,,,,,,
peru_first_round,PER_2026,1656507,0x4b6f86f7593e49f286f2e7e57489769cffa49fb7eedb2b0647a0f6e520ae304d,50838911812186027061239609230477208870192534146311346616497028001966708181533,Yes,Will Mesías Guevara finish in third place in the first round of the 2026 Peruvian presidential election?,6,2026-04-14T03:19:40.467000Z,2026-04-14T20:07:06.761000Z,0.0015,0.0015,NO,0.0015,2026-04-14T03:19:40.467000Z,FIRST_AFTER_RESULT_START,0,,,,,,,,,,2026-04-14T03:19:40.467000Z,28.327908,2026-04-14T03:19:40.467000Z,28.327908,2026-04-14T03:19:40.467000Z,28.327908,2026-04-14T03:19:40.467000Z,28.327908,true,true,false,,,,,,,,,,,,,,
peru_first_round,PER_2026,1656508,0x6d5a84ef293382be06feb2bc6f85ec1d967e177098622ea190d95b7782d34146,4476380522559557342610564135628786143487151331851721655561883233809770098101,Yes,Will Marisol Pérez Tello finish in third place in the first round of the 2026 Peruvian presidential election?,3,2026-04-14T11:27:21.115000Z,2026-04-14T20:00:37.373000Z,0.0015,0.0015,NO,0.0015,2026-04-14T11:27:21.115000Z,FIRST_AFTER_RESULT_START,0,,,,,,,,,,2026-04-14T11:27:21.115000Z,36.455865,2026-04-14T11:27:21.115000Z,36.455865,2026-04-14T11:27:21.115000Z,36.455865,2026-04-14T11:27:21.115000Z,36.455865,true,true,false,,,,,,,,,,,,,,
peru_first_round,PER_2026,1656508,0x6d5a84ef293382be06feb2bc6f85ec1d967e177098622ea190d95b7782d34146,49076386768982225115298701094140221905224162777787814946900375050735942509247,No,Will Marisol Pérez Tello finish in third place in the first round of the 2026 Peruvian presidential election?,4,2026-04-14T03:35:46.753000Z,2026-04-14T17:05:51.352000Z,0.9985,0.9985,YES,0.9985,2026-04-14T03:35:46.753000Z,FIRST_AFTER_RESULT_START,0,,,,,,,,,,2026-04-14T03:35:46.753000Z,28.59632,2026-04-14T03:35:46.753000Z,28.59632,2026-04-14T03:35:46.753000Z,28.59632,2026-04-14T03:35:46.753000Z,28.59632,true,true,false,,,,,,,,,,,,,,
peru_first_round,PER_2026,1656509,0xb33d7915ed92398557e1e5479c79a2ad09949a8c7d37ae348471d981d67d2219,40872800818599165271399779016075588873926268590845448987100983648327678279854,Yes,Will Jorge Nieto finish in third place in the first round of the 2026 Peruvian presidential election?,3,2026-04-13T19:42:27.337000Z,2026-04-14T21:33:23.198000Z,0.501,0.0585,NO,0.501,2026-04-13T19:42:27.337000Z,FIRST_AFTER_RESULT_START,0,,,,,,,,,,2026-04-14T21:33:23.198000Z,46.556444,,,,,2026-04-14T12:17:19.337000Z,37.288705,false,true,false,,,,,,,,,,,,,0.0,0.0
peru_first_round,PER_2026,1656509,0xb33d7915ed92398557e1e5479c79a2ad09949a8c7d37ae348471d981d67d2219,66719157446975530806866874577710384616272221180141036902458647265655328659656,No,Will Jorge Nieto finish in third place in the first round of the 2026 Peruvian presidential election?,4,2026-04-13T19:42:27.459000Z,2026-04-14T20:56:35.424000Z,0.499,0.939,YES,0.499,2026-04-13T19:42:27.459000Z,FIRST_AFTER_RESULT_START,0,,,,,,,,,,2026-04-14T20:56:35.424000Z,45.943173,,,,,2026-04-14T10:54:32.163000Z,35.908934,false,true,false,,,,,,,,,,,,,0.0,0.0
peru_first_round,PER_2026,1656510,0xcde3c15baa6087fd1458d2b1bad3d76120bd7d89af7aec5744631368730817f7,104085191533213624405773407587498722890669520043604386998741495925553683599869,No,Will Roberto Sánchez Palomino finish in third place in the first round of the 2026 Peruvian presidential election?,2,2026-04-13T19:42:26.751000Z,2026-04-14T21:44:30.072000Z,0.8055,0.768,YES,0.8055,2026-04-13T19:42:26.751000Z,FIRST_AFTER_RESULT_START,0,,,,,,,,,,,,,,,,2026-04-13T19:42:26.751000Z,20.707431,false,true,false,,,,,,,,,,,,,0.0,0.0
peru_first_round,PER_2026,1656510,0xcde3c15baa6087fd1458d2b1bad3d76120bd7d89af7aec5744631368730817f7,86049621300568226139210786767848956466789853191791053036306398979164391329874,Yes,Will Roberto Sánchez Palomino finish in third place in the first round of the 2026 Peruvian presidential election?,6,2026-04-13T19:42:26.699000Z,2026-04-14T21:37:12.783000Z,0.1945,0.232,NO,0.1945,2026-04-13T19:42:26.699000Z,FIRST_AFTER_RESULT_START,0,,,,,,,,,,,,,,,,2026-04-13T19:42:26.699000Z,20.707416,false,true,false,,,,,,,,,,,,,0.0,0.0
peru_first_round,PER_2026,1656511,0x559169dc253010f9f8fed2f52912738a58a7acbbc7c723ef6e36aa4f425ad058,102407131011762190625025274908727181668047342595338940271164167446394909445218,Yes,Will Wolfgang Grozo finish in third place in the first round of the 2026 Peruvian presidential election?,4,2026-04-14T12:07:37.118000Z,2026-04-14T20:22:06.096000Z,0.0015,0.0015,NO,0.0015,2026-04-14T12:07:37.118000Z,FIRST_AFTER_RESULT_START,0,,,,,,,,,,2026-04-14T12:07:37.118000Z,37.126977,2026-04-14T12:07:37.118000Z,37.126977,2026-04-14T12:07:37.118000Z,37.126977,2026-04-14T12:07:37.118000Z,37.126977,true,true,false,,,,,,,,,,,,,,
peru_first_round,PER_2026,1656511,0x559169dc253010f9f8fed2f52912738a58a7acbbc7c723ef6e36aa4f425ad058,50304266130063433362838454843424465280816524273922814043926261248626633530956,No,Will Wolfgang Grozo finish in third place in the first round of the 2026 Peruvian presidential election?,5,2026-04-14T01:04:52.781000Z,2026-04-14T12:17:19.721000Z,0.997,0.9985,YES,0.997,2026-04-14T01:04:52.781000Z,FIRST_AFTER_RESULT_START,0,,,,,,,,,,2026-04-14T01:04:52.781000Z,26.081328,2026-04-14T01:04:52.781000Z,26.081328,2026-04-14T01:04:52.781000Z,26.081328,2026-04-14T01:04:52.781000Z,26.081328,true,true,false,,,,,,,,,,,,,,
peru_first_round,PER_2026,1656575,0x23688e026e556f282a404d570324bd7c2e5c7acfca4ea2fa17a75a5b5c7ec635,30638769078330686264168008635376974926065503190457456891863550781846356100545,No,Will Rafael López Aliaga finish in fourth place in the first round of the 2026 Peruvian presidential election?,10,2026-04-13T19:42:27.538000Z,2026-04-14T20:41:58.746000Z,0.9095,0.951,YES,0.9095,2026-04-13T19:42:27.538000Z,FIRST_AFTER_RESULT_START,0,,,,,,,,,,2026-04-13T19:42:27.538000Z,20.707649,2026-04-14T11:55:53.623000Z,36.931562,,,2026-04-13T19:42:27.538000Z,20.707649,false,true,false,,,,,,,,,,,,,0.0,0.0
peru_first_round,PER_2026,1656575,0x23688e026e556f282a404d570324bd7c2e5c7acfca4ea2fa17a75a5b5c7ec635,35424100866670020205866722182285541935066196773572640891613135678499150960494,Yes,Will Rafael López Aliaga finish in fourth place in the first round of the 2026 Peruvian presidential election?,5,2026-04-13T19:42:26.837000Z,2026-04-14T21:51:56.318000Z,0.0905,0.027,NO,0.0905,2026-04-13T19:42:26.837000Z,FIRST_AFTER_RESULT_START,0,,,,,,,,,,2026-04-13T19:42:26.837000Z,20.707455,2026-04-14T12:17:17.118000Z,37.288088,,,2026-04-13T19:42:26.837000Z,20.707455,false,true,false,,,,,,,,,,,,,0.0,0.0
peru_first_round,PER_2026,1656576,0x0cb257d4aff09fcc0c83cdf101bb70ca0445831941071dff2357cc77543944b3,45040213783402029104588230599512736565245757796436723456128686284627228855172,Yes,Will Keiko Fujimori finish in fourth place in the first round of the 2026 Peruvian presidential election?,1,2026-04-13T19:42:27.459000Z,2026-04-13T19:42:27.459000Z,0.027,0.027,NO,0.027,2026-04-13T19:42:27.459000Z,FIRST_AFTER_RESULT_START,0,,,,,,,,,,2026-04-13T19:42:27.459000Z,20.707628,2026-04-13T19:42:27.459000Z,20.707628,,,2026-04-13T19:42:27.459000Z,20.707628,false,true,false,,,,,,,,,,,,,0.0,0.0
peru_first_round,PER_2026,1656576,0x0cb257d4aff09fcc0c83cdf101bb70ca0445831941071dff2357cc77543944b3,62053803109170007851202771205262074149482497087344468114558122616813227125266,No,Will Keiko Fujimori finish in fourth place in the first round of the 2026 Peruvian presidential election?,1,2026-04-13T19:42:26.699000Z,2026-04-13T19:42:26.699000Z,0.973,0.973,YES,0.973,2026-04-13T19:42:26.699000Z,FIRST_AFTER_RESULT_START,0,,,,,,,,,,2026-04-13T19:42:26.699000Z,20.707416,2026-04-13T19:42:26.699000Z,20.707416,,,2026-04-13T19:42:26.699000Z,20.707416,false,true,false,,,,,,,,,,,,,0.0,0.0
peru_first_round,PER_2026,1656577,0x31e6739664bdc4bfcbdd7e33ebb0a9d55207e6304d21402c682a52ceac1a92d8,14750243694591926975968375148988713682683111899588328860654181305310103961169,Yes,Will Mario Vizcarra finish in fourth place in the first round of the 2026 Peruvian presidential election?,2,2026-04-13T19:42:28.453000Z,2026-04-14T03:36:42.307000Z,0.0015,0.0015,NO,0.0015,2026-04-13T19:42:28.453000Z,FIRST_AFTER_RESULT_START,0,,,,,,,,,,2026-04-13T19:42:28.453000Z,20.707904,2026-04-13T19:42:28.453000Z,20.707904,2026-04-13T19:42:28.453000Z,20.707904,2026-04-13T19:42:28.453000Z,20.707904,true,true,false,,,,,,,,,,,,,0.0,0.0
peru_first_round,PER_2026,1656577,0x31e6739664bdc4bfcbdd7e33ebb0a9d55207e6304d21402c682a52ceac1a92d8,77623887803598511912585348016661227528363645848860148908357349197016757485817,No,Will Mario Vizcarra finish in fourth place in the first round of the 2026 Peruvian presidential election?,2,2026-04-13T19:42:27.195000Z,2026-04-14T01:43:24.318000Z,0.9985,0.9985,YES,0.9985,2026-04-13T19:42:27.195000Z,FIRST_AFTER_RESULT_START,0,,,,,,,,,,2026-04-13T19:42:27.195000Z,20.707554,2026-04-13T19:42:27.195000Z,20.707554,2026-04-13T19:42:27.195000Z,20.707554,2026-04-13T19:42:27.195000Z,20.707554,true,true,false,,,,,,,,,,,,,0.0,0.0
peru_first_round,PER_2026,1656578,0x756054f7366dcc97ccbd53e7400bd3e486c4576fc5e205e6b219061958a35c47,27944683630665738047685111873380162544128543245237967503547958697137742366915,No,Will Carlos Álvarez finish in fourth place in the first round of the 2026 Peruvian presidential election?,1,2026-04-13T19:42:28.183000Z,2026-04-13T19:42:28.183000Z,0.992,0.992,YES,0.992,2026-04-13T19:42:28.183000Z,FIRST_AFTER_RESULT_START,0,,,,,,,,,,2026-04-13T19:42:28.183000Z,20.707829,2026-04-13T19:42:28.183000Z,20.707829,2026-04-13T19:42:28.183000Z,20.707829,2026-04-13T19:42:28.183000Z,20.707829,true,true,false,,,,,,,,,,,,,0.0,0.0
peru_first_round,PER_2026,1656578,0x756054f7366dcc97ccbd53e7400bd3e486c4576fc5e205e6b219061958a35c47,36168214845206734819408814725147371491609603719556167296553036976571721607076,Yes,Will Carlos Álvarez finish in fourth place in the first round of the 2026 Peruvian presidential election?,1,2026-04-13T19:42:27.337000Z,2026-04-13T19:42:27.337000Z,0.008,0.008,NO,0.008,2026-04-13T19:42:27.337000Z,FIRST_AFTER_RESULT_START,0,,,,,,,,,,2026-04-13T19:42:27.337000Z,20.707594,2026-04-13T19:42:27.337000Z,20.707594,2026-04-13T19:42:27.337000Z,20.707594,2026-04-13T19:42:27.337000Z,20.707594,true,true,false,,,,,,,,,,,,,0.0,0.0
peru_first_round,PER_2026,1656580,0xd91e8db1a3a135226e947353e440da73f0faed612ca31a6bd274a3fff78afd7c,105434667052956396908093023907810874844093922928582596999937993316708047995704,No,Will Alfonso López Chau finish in fourth place in the first round of the 2026 Peruvian presidential election?,2,2026-04-13T19:42:28.183000Z,2026-04-14T07:40:13.373000Z,0.995,0.9985,YES,0.995,2026-04-13T19:42:28.183000Z,FIRST_AFTER_RESULT_START,0,,,,,,,,,,2026-04-13T19:42:28.183000Z,20.707829,2026-04-13T19:42:28.183000Z,20.707829,2026-04-13T19:42:28.183000Z,20.707829,2026-04-13T19:42:28.183000Z,20.707829,true,true,false,,,,,,,,,,,,,0.0,0.0
peru_first_round,PER_2026,1656580,0xd91e8db1a3a135226e947353e440da73f0faed612ca31a6bd274a3fff78afd7c,94751359556044982312002649973976812165377839436965388383075232048686728142977,Yes,Will Alfonso López Chau finish in fourth place in the first round of the 2026 Peruvian presidential election?,3,2026-04-13T19:42:26.600000Z,2026-04-14T04:25:49.193000Z,0.005,0.0055,NO,0.005,2026-04-13T19:42:26.600000Z,FIRST_AFTER_RESULT_START,0,,,,,,,,,,2026-04-13T19:42:26.600000Z,20.707389,2026-04-13T19:42:26.600000Z,20.707389,2026-04-13T19:42:26.600000Z,20.707389,2026-04-13T19:42:26.600000Z,20.707389,true,true,false,,,,,,,,,,,,,0.0,0.0
peru_first_round,PER_2026,1656583,0x4da323d212ff1eb5785de9e3ec0b852ed3bd0f84f0b6d1f908e93d82dba47b82,23144316560453200094780924811043736644533679069865594550726503942531990160215,No,Will George Forsyth finish in fourth place in the first round of the 2026 Peruvian presidential election?,4,2026-04-13T19:42:27.050000Z,2026-04-14T05:04:22.920000Z,0.9945,0.996,YES,0.9945,2026-04-13T19:42:27.050000Z,FIRST_AFTER_RESULT_START,0,,,,,,,,,,2026-04-13T19:42:27.050000Z,20.707514,2026-04-13T19:42:27.050000Z,20.707514,2026-04-13T19:42:27.050000Z,20.707514,2026-04-13T19:42:27.050000Z,20.707514,true,true,false,,,,,,,,,,,,,0.0,0.0
peru_first_round,PER_2026,1656583,0x4da323d212ff1eb5785de9e3ec0b852ed3bd0f84f0b6d1f908e93d82dba47b82,57117623667331735297220832995450027619422326715337677748717421189968937068460,Yes,Will George Forsyth finish in fourth place in the first round of the 2026 Peruvian presidential election?,4,2026-04-13T19:42:27.574000Z,2026-04-14T03:13:34.496000Z,0.0055,0.0045,NO,0.0055,2026-04-13T19:42:27.574000Z,FIRST_AFTER_RESULT_START,0,,,,,,,,,,2026-04-13T19:42:27.574000Z,20.707659,2026-04-13T19:42:27.574000Z,20.707659,2026-04-13T19:42:27.574000Z,20.707659,2026-04-13T19:42:27.574000Z,20.707659,true,true,false,,,,,,,,,,,,,0.0,0.0
peru_first_round,PER_2026,1656584,0x433dc2164fa59ba584764579cd1946b66c6812d28b07b113a258d39b8cda528c,14210730732764474449313579917628685525084660130591959539437496438068414679169,Yes,Will Roberto Chiabra finish in fourth place in the first round of the 2026 Peruvian presidential election?,2,2026-04-13T19:42:27.379000Z,2026-04-14T00:17:58.229000Z,0.0025,0.002,NO,0.0025,2026-04-13T19:42:27.379000Z,FIRST_AFTER_RESULT_START,0,,,,,,,,,,2026-04-13T19:42:27.379000Z,20.707605,2026-04-13T19:42:27.379000Z,20.707605,2026-04-13T19:42:27.379000Z,20.707605,2026-04-13T19:42:27.379000Z,20.707605,true,true,false,,,,,,,,,,,,,0.0,0.0
peru_first_round,PER_2026,1656584,0x433dc2164fa59ba584764579cd1946b66c6812d28b07b113a258d39b8cda528c,30717291491625772650990677169204913218210863748521809727873814693171532786307,No,Will Roberto Chiabra finish in fourth place in the first round of the 2026 Peruvian presidential election?,2,2026-04-13T19:42:26.751000Z,2026-04-14T06:09:37.803000Z,0.9975,0.9985,YES,0.9975,2026-04-13T19:42:26.751000Z,FIRST_AFTER_RESULT_START,0,,,,,,,,,,2026-04-13T19:42:26.751000Z,20.707431,2026-04-13T19:42:26.751000Z,20.707431,2026-04-13T19:42:26.751000Z,20.707431,2026-04-13T19:42:26.751000Z,20.707431,true,true,false,,,,,,,,,,,,,0.0,0.0
peru_first_round,PER_2026,1656585,0xa44b4a6a44a46dec47b4faafa8eadd8f7507a55d4b02d9b947ad2d5f67ee8415,19146079744322526138512056516487125059262969631633211386671520280839992264707,Yes,Will Enrique Valderrama finish in fourth place in the first round of the 2026 Peruvian presidential election?,2,2026-04-13T19:42:27.241000Z,2026-04-14T02:32:11.118000Z,0.0015,0.0015,NO,0.0015,2026-04-13T19:42:27.241000Z,FIRST_AFTER_RESULT_START,0,,,,,,,,,,2026-04-13T19:42:27.241000Z,20.707567,2026-04-13T19:42:27.241000Z,20.707567,2026-04-13T19:42:27.241000Z,20.707567,2026-04-13T19:42:27.241000Z,20.707567,true,true,false,,,,,,,,,,,,,0.0,0.0
peru_first_round,PER_2026,1656585,0xa44b4a6a44a46dec47b4faafa8eadd8f7507a55d4b02d9b947ad2d5f67ee8415,36755328477973024458552421157346636748144248574145898470443122322280750198145,No,Will Enrique Valderrama finish in fourth place in the first round of the 2026 Peruvian presidential election?,2,2026-04-13T19:42:27.890000Z,2026-04-14T05:52:46.718000Z,0.9985,0.9985,YES,0.9985,2026-04-13T19:42:27.890000Z,FIRST_AFTER_RESULT_START,0,,,,,,,,,,2026-04-13T19:42:27.890000Z,20.707747,2026-04-13T19:42:27.890000Z,20.707747,2026-04-13T19:42:27.890000Z,20.707747,2026-04-13T19:42:27.890000Z,20.707747,true,true,false,,,,,,,,,,,,,0.0,0.0
peru_first_round,PER_2026,1656586,0x902e8a5b57fa0bfd79625ce7babf14ff76ce7d355e173486f3769d9f6e6383be,71685327812851141828166351708478327534607110580569554786632690063505069928348,Yes,Will José Williams finish in fourth place in the first round of the 2026 Peruvian presidential election?,1,2026-04-13T19:42:27.195000Z,2026-04-13T19:42:27.195000Z,0.0045,0.0045,NO,0.0045,2026-04-13T19:42:27.195000Z,FIRST_AFTER_RESULT_START,0,,,,,,,,,,2026-04-13T19:42:27.195000Z,20.707554,2026-04-13T19:42:27.195000Z,20.707554,2026-04-13T19:42:27.195000Z,20.707554,2026-04-13T19:42:27.195000Z,20.707554,true,true,false,,,,,,,,,,,,,0.0,0.0
peru_first_round,PER_2026,1656586,0x902e8a5b57fa0bfd79625ce7babf14ff76ce7d355e173486f3769d9f6e6383be,90317924707202114018764559598129239453951542885223079373513296740346935565169,No,Will José Williams finish in fourth place in the first round of the 2026 Peruvian presidential election?,1,2026-04-13T19:42:26.837000Z,2026-04-13T19:42:26.837000Z,0.9955,0.9955,YES,0.9955,2026-04-13T19:42:26.837000Z,FIRST_AFTER_RESULT_START,0,,,,,,,,,,2026-04-13T19:42:26.837000Z,20.707455,2026-04-13T19:42:26.837000Z,20.707455,2026-04-13T19:42:26.837000Z,20.707455,2026-04-13T19:42:26.837000Z,20.707455,true,true,false,,,,,,,,,,,,,0.0,0.0
peru_first_round,PER_2026,1656587,0x4de9190d737afc1bc80cd362208aef89d621b1f805d6dc1ffeed722a4fa93597,114016384518675758655044529214635427192063745732978042917472413959877508367155,No,Will Fiorella Molinelli finish in fourth place in the first round of the 2026 Peruvian presidential election?,2,2026-04-13T19:42:27.241000Z,2026-04-14T04:00:05.534000Z,0.9715,0.976,YES,0.9715,2026-04-13T19:42:27.241000Z,FIRST_AFTER_RESULT_START,0,,,,,,,,,,2026-04-13T19:42:27.241000Z,20.707567,2026-04-13T19:42:27.241000Z,20.707567,,,2026-04-13T19:42:27.241000Z,20.707567,false,true,false,,,,,,,,,,,,,0.0,0.0
peru_first_round,PER_2026,1656587,0x4de9190d737afc1bc80cd362208aef89d621b1f805d6dc1ffeed722a4fa93597,49946912550890838294621910823065868853547643360729093813166423493705260721279,Yes,Will Fiorella Molinelli finish in fourth place in the first round of the 2026 Peruvian presidential election?,2,2026-04-13T19:42:27.574000Z,2026-04-14T03:11:08.985000Z,0.0285,0.0125,NO,0.0285,2026-04-13T19:42:27.574000Z,FIRST_AFTER_RESULT_START,0,,,,,,,,,,2026-04-13T19:42:27.574000Z,20.707659,2026-04-13T19:42:27.574000Z,20.707659,,,2026-04-13T19:42:27.574000Z,20.707659,false,true,false,,,,,,,,,,,,,0.0,0.0
peru_first_round,PER_2026,1656588,0xcdda4bb5199a58a816054646d7d45cc3ffd513d21756e92392bdd28ee6496470,3411545603636350139873405094000189128898907791896744670263032822347208640509,Yes,Will Ricardo Belmont finish in fourth place in the first round of the 2026 Peruvian presidential election?,6,2026-04-13T19:42:27.195000Z,2026-04-14T21:15:34.291000Z,0.3205,0.0115,NO,0.3205,2026-04-13T19:42:27.195000Z,FIRST_AFTER_RESULT_START,0,,,,,,,,,,2026-04-14T12:17:17.516000Z,37.288199,2026-04-14T12:17:17.516000Z,37.288199,,,2026-04-14T06:25:41.513000Z,31.428198,false,true,false,,,,,,,,,,,,,0.0,0.0
peru_first_round,PER_2026,1656588,0xcdda4bb5199a58a816054646d7d45cc3ffd513d21756e92392bdd28ee6496470,69920021489689521504508700669739228175887303657832918670789320204942290759905,No,Will Ricardo Belmont finish in fourth place in the first round of the 2026 Peruvian presidential election?,2,2026-04-13T19:42:29.936000Z,2026-04-14T11:18:22.964000Z,0.6795,0.909,YES,0.6795,2026-04-13T19:42:29.936000Z,FIRST_AFTER_RESULT_START,0,,,,,,,,,,2026-04-14T11:18:22.964000Z,36.306379,,,,,2026-04-14T11:18:22.964000Z,36.306379,false,true,false,,,,,,,,,,,,,0.0,0.0
peru_first_round,PER_2026,1656593,0x5705c614c29088c49ba8244545db259b87b6558d5f559a4c1deb4410af5b86ec,64866872424726683838654178059791068204928767127333575689404338548012399128594,Yes,Will Mesías Guevara finish in fourth place in the first round of the 2026 Peruvian presidential election?,1,2026-04-13T19:42:26.699000Z,2026-04-13T19:42:26.699000Z,0.0095,0.0095,NO,0.0095,2026-04-13T19:42:26.699000Z,FIRST_AFTER_RESULT_START,0,,,,,,,,,,2026-04-13T19:42:26.699000Z,20.707416,2026-04-13T19:42:26.699000Z,20.707416,2026-04-13T19:42:26.699000Z,20.707416,2026-04-13T19:42:26.699000Z,20.707416,true,true,false,,,,,,,,,,,,,0.0,0.0
peru_first_round,PER_2026,1656593,0x5705c614c29088c49ba8244545db259b87b6558d5f559a4c1deb4410af5b86ec,71537866831587739610773181525471546991399140001271406872349759046428543891792,No,Will Mesías Guevara finish in fourth place in the first round of the 2026 Peruvian presidential election?,1,2026-04-13T19:42:28.027000Z,2026-04-13T19:42:28.027000Z,0.9905,0.9905,YES,0.9905,2026-04-13T19:42:28.027000Z,FIRST_AFTER_RESULT_START,0,,,,,,,,,,2026-04-13T19:42:28.027000Z,20.707785,2026-04-13T19:42:28.027000Z,20.707785,2026-04-13T19:42:28.027000Z,20.707785,2026-04-13T19:42:28.027000Z,20.707785,true,true,false,,,,,,,,,,,,,0.0,0.0
peru_first_round,PER_2026,1656594,0xd0489819c1fd1c5e413102c3e9970e9bdfd2444afd3bb9f14e7fda3223f1ec79,106065403709584877348572820997339979306082818924047573325730198507277528795828,No,Will Marisol Pérez Tello finish in fourth place in the first round of the 2026 Peruvian presidential election?,3,2026-04-13T19:42:26.837000Z,2026-04-14T01:38:55.015000Z,0.9255,0.9985,YES,0.9255,2026-04-13T19:42:26.837000Z,FIRST_AFTER_RESULT_START,0,,,,,,,,,,2026-04-13T19:42:26.837000Z,20.707455,2026-04-14T00:06:04.767000Z,25.101324,2026-04-14T00:06:04.767000Z,25.101324,2026-04-13T19:42:26.837000Z,20.707455,true,true,false,,,,,,,,,,,,,0.0,0.0
peru_first_round,PER_2026,1656594,0xd0489819c1fd1c5e413102c3e9970e9bdfd2444afd3bb9f14e7fda3223f1ec79,70569045332467798736936014228978941056355476543429219577981472081381053414553,Yes,Will Marisol Pérez Tello finish in fourth place in the first round of the 2026 Peruvian presidential election?,1,2026-04-13T19:42:27.294000Z,2026-04-13T19:42:27.294000Z,0.0745,0.0745,NO,0.0745,2026-04-13T19:42:27.294000Z,FIRST_AFTER_RESULT_START,0,,,,,,,,,,2026-04-13T19:42:27.294000Z,20.707582,,,,,2026-04-13T19:42:27.294000Z,20.707582,false,true,false,,,,,,,,,,,,,0.0,0.0
peru_first_round,PER_2026,1656595,0x11c67c1caab44d83e7ddcc41b88c86927ce16fa92dab87cf5f422d38aa6f9939,73263078561038007803275725649972955314903488998330209206920385638083433666986,No,Will Jorge Nieto finish in fourth place in the first round of the 2026 Peruvian presidential election?,6,2026-04-13T19:42:27.459000Z,2026-04-14T21:44:18.869000Z,0.6315,0.0575,NO,0.6315,2026-04-13T19:42:27.459000Z,FIRST_AFTER_RESULT_START,0,,,,,,,,,,2026-04-14T21:18:04.711000Z,46.301309,,,,,2026-04-14T11:36:38.420000Z,36.610672,false,true,false,,,,,,,,,,,,,0.0,0.0
peru_first_round,PER_2026,1656595,0x11c67c1caab44d83e7ddcc41b88c86927ce16fa92dab87cf5f422d38aa6f9939,7572026079556580122221055967879658531077751692698608451673461083104656023657,Yes,Will Jorge Nieto finish in fourth place in the first round of the 2026 Peruvian presidential election?,6,2026-04-13T19:42:29.538000Z,2026-04-14T20:58:45.095000Z,0.3685,0.892,YES,0.3685,2026-04-13T19:42:29.538000Z,FIRST_AFTER_RESULT_START,0,,,,,,,,,,,,,,,,2026-04-14T06:58:28.252000Z,31.974514,false,true,false,,,,,,,,,,,,,0.0,0.0
peru_first_round,PER_2026,1656596,0x050b59f939be86fe3bd368f6244cd21967d614f4e43e42f069e03e864629bfcf,113760166587971963480335171451776433660390773980323072091964466076316932818612,No,Will Roberto Sánchez Palomino finish in fourth place in the first round of the 2026 Peruvian presidential election?,6,2026-04-13T19:42:27.574000Z,2026-04-14T21:40:39.293000Z,0.7045,0.9845,YES,0.7045,2026-04-13T19:42:27.574000Z,FIRST_AFTER_RESULT_START,0,,,,,,,,,,2026-04-14T11:16:52.438000Z,36.281233,2026-04-14T17:24:37.734000Z,42.410482,,,2026-04-14T11:16:52.438000Z,36.281233,false,true,false,,,,,,,,,,,,,0.0,0.0
peru_first_round,PER_2026,1656596,0x050b59f939be86fe3bd368f6244cd21967d614f4e43e42f069e03e864629bfcf,32710413066461755812466237456530439591537230054745260429557001177572650171108,Yes,Will Roberto Sánchez Palomino finish in fourth place in the first round of the 2026 Peruvian presidential election?,9,2026-04-13T19:42:30.203000Z,2026-04-14T21:41:40.372000Z,0.2955,0.0155,NO,0.2955,2026-04-13T19:42:30.203000Z,FIRST_AFTER_RESULT_START,0,,,,,,,,,,2026-04-14T11:13:25.788000Z,36.22383,2026-04-14T20:43:28.269000Z,45.724519,,,2026-04-14T11:13:25.788000Z,36.22383,false,true,false,,,,,,,,,,,,,0.0,0.0
peru_first_round,PER_2026,1656597,0x0f2de4fe8a3e07fd6d846bc1bba0b22984ac85f67e627214a18f3a20b4d9b4cb,74402661552420091773046785269439205920621714139342862620531159674291562905182,No,Will Wolfgang Grozo finish in fourth place in the first round of the 2026 Peruvian presidential election?,1,2026-04-13T19:42:30.039000Z,2026-04-13T19:42:30.039000Z,0.9985,0.9985,YES,0.9985,2026-04-13T19:42:30.039000Z,FIRST_AFTER_RESULT_START,0,,,,,,,,,,2026-04-13T19:42:30.039000Z,20.708344,2026-04-13T19:42:30.039000Z,20.708344,2026-04-13T19:42:30.039000Z,20.708344,2026-04-13T19:42:30.039000Z,20.708344,true,true,false,,,,,,,,,,,,,0.0,0.0
peru_first_round,PER_2026,1656597,0x0f2de4fe8a3e07fd6d846bc1bba0b22984ac85f67e627214a18f3a20b4d9b4cb,77962061103112839160176005208049807235901952047034903591228861945662712409787,Yes,Will Wolfgang Grozo finish in fourth place in the first round of the 2026 Peruvian presidential election?,2,2026-04-13T19:42:27.609000Z,2026-04-14T06:13:07.520000Z,0.0015,0.0015,NO,0.0015,2026-04-13T19:42:27.609000Z,FIRST_AFTER_RESULT_START,0,,,,,,,,,,2026-04-13T19:42:27.609000Z,20.707669,2026-04-13T19:42:27.609000Z,20.707669,2026-04-13T19:42:27.609000Z,20.707669,2026-04-13T19:42:27.609000Z,20.707669,true,true,false,,,,,,,,,,,,,0.0,0.0
peru_first_round,PER_2026,1656637,0x4bb97d5995fd6e774deb800f347f07d5b448a09a49998917a62c1d1295581b24,24314576075263227381369016930019455052510097753027179439380326835963202154680,No,Will Rafael López Aliaga finish in first place in the first round of the 2026 Peruvian presidential election?,9,2026-04-13T19:42:27.421000Z,2026-04-14T22:01:58.820000Z,0.993,0.9975,YES,0.993,2026-04-13T19:42:27.421000Z,FIRST_AFTER_RESULT_START,0,,,,,,,,,,2026-04-13T19:42:27.421000Z,20.707617,2026-04-13T19:42:27.421000Z,20.707617,2026-04-13T19:42:27.421000Z,20.707617,2026-04-13T19:42:27.421000Z,20.707617,true,true,false,,,,,,,,,,,,,0.0,0.0
peru_first_round,PER_2026,1656637,0x4bb97d5995fd6e774deb800f347f07d5b448a09a49998917a62c1d1295581b24,51526760676688407938881361599919783120573714033353480058779290043441275105116,Yes,Will Rafael López Aliaga finish in first place in the first round of the 2026 Peruvian presidential election?,9,2026-04-13T19:42:26.949000Z,2026-04-14T21:39:04.317000Z,0.007,0.0025,NO,0.007,2026-04-13T19:42:26.949000Z,FIRST_AFTER_RESULT_START,0,,,,,,,,,,2026-04-13T19:42:26.949000Z,20.707486,2026-04-13T19:42:26.949000Z,20.707486,2026-04-13T19:42:26.949000Z,20.707486,2026-04-13T19:42:26.949000Z,20.707486,true,true,false,,,,,,,,,,,,,0.0,0.0
peru_first_round,PER_2026,1656638,0x92f925b3c8c2c17f2b250e5fc2bd2efc4ed73450ca4f503c658286627c63ce07,103918207436665029639828041290061263988171837996219233187467653519681594764146,Yes,Will Keiko Fujimori finish in first place in the first round of the 2026 Peruvian presidential election?,9,2026-04-13T19:42:28.027000Z,2026-04-14T22:00:36.363000Z,0.9895,0.995,YES,0.9895,2026-04-13T19:42:28.027000Z,FIRST_AFTER_RESULT_START,0,,,,,,,,,,2026-04-13T19:42:28.027000Z,20.707785,2026-04-13T19:42:28.027000Z,20.707785,2026-04-14T01:41:45.205000Z,26.69589,2026-04-13T19:42:28.027000Z,20.707785,true,true,false,,,,,,,,,,,,,0.0,0.0
peru_first_round,PER_2026,1656638,0x92f925b3c8c2c17f2b250e5fc2bd2efc4ed73450ca4f503c658286627c63ce07,6052034010456160681877572047311139631588712438727540789175406731197647033553,No,Will Keiko Fujimori finish in first place in the first round of the 2026 Peruvian presidential election?,9,2026-04-13T19:42:27.195000Z,2026-04-14T21:06:16.603000Z,0.0105,0.005,NO,0.0105,2026-04-13T19:42:27.195000Z,FIRST_AFTER_RESULT_START,0,,,,,,,,,,2026-04-13T19:42:27.195000Z,20.707554,2026-04-13T19:42:27.195000Z,20.707554,2026-04-14T06:49:39.034000Z,31.827509,2026-04-13T19:42:27.195000Z,20.707554,true,true,false,,,,,,,,,,,,,0.0,0.0
peru_first_round,PER_2026,1656658,0xe0cd1311e134e6efc4cfa1d4ae29129f2e24e5f2471c3f4dbeb3c57cccfb9d59,24382858618770683581953140426169486676247229658237605682964351068440863558936,Yes,Will Roberto Sánchez Palomino finish in first place in the first round of the 2026 Peruvian presidential election?,8,2026-04-13T19:42:27.459000Z,2026-04-14T20:56:35.424000Z,0.0045,0.002,NO,0.0045,2026-04-13T19:42:27.459000Z,FIRST_AFTER_RESULT_START,0,,,,,,,,,,2026-04-13T19:42:27.459000Z,20.707628,2026-04-13T19:42:27.459000Z,20.707628,2026-04-13T19:42:27.459000Z,20.707628,2026-04-13T19:42:27.459000Z,20.707628,true,true,false,,,,,,,,,,,,,0.0,0.0
peru_first_round,PER_2026,1656658,0xe0cd1311e134e6efc4cfa1d4ae29129f2e24e5f2471c3f4dbeb3c57cccfb9d59,53932490308278070297403582749733042634609609876119855875211071300786699802037,No,Will Roberto Sánchez Palomino finish in first place in the first round of the 2026 Peruvian presidential election?,13,2026-04-13T19:42:27.005000Z,2026-04-14T21:03:50.370000Z,0.9955,0.998,YES,0.9955,2026-04-13T19:42:27.005000Z,FIRST_AFTER_RESULT_START,0,,,,,,,,,,2026-04-13T19:42:27.005000Z,20.707501,2026-04-13T19:42:27.005000Z,20.707501,2026-04-13T19:42:27.005000Z,20.707501,2026-04-13T19:42:27.005000Z,20.707501,true,true,false,,,,,,,,,,,,,0.0,0.0
peru_first_round,PER_2026,947220,0xa44566e684a257c0f0c2a6416edf100722472ca3ecab7ad3222db79bdbe9f3bc,112876813940775838985582641130448954435303590576774760274731014125978645124676,Yes,Will Fuerza Popular (FP) win the most seats in the 2026 Peruvian Senate election?,379,2026-04-10T00:13:27.965000Z,2026-04-14T21:27:53.471000Z,0.735,0.9855,YES,0.905,2026-04-12T22:55:43.147000Z,AT_OR_BEFORE_RESULT_START,59,0.905,0.955,0.905,0.9675,2.25405805,3.05504885,0.026,58.68,49.74,2026-04-12T23:03:58.573000Z,0.06627,2026-04-13T00:04:17.131000Z,1.071425,2026-04-13T05:35:49.081000Z,6.596967,2026-04-12T23:03:58.573000Z,0.06627,true,true,false,0.0,0.0,0.03,0.41210121,0.04,0.58979369,0.0625,1.13941728,0.0625,1.13941728,0.091,3.26339484,0.091,3.26339484
peru_first_round,PER_2026,947220,0xa44566e684a257c0f0c2a6416edf100722472ca3ecab7ad3222db79bdbe9f3bc,36061938192678248985354904225895392778162626073423259693907563475776493805243,No,Will Fuerza Popular (FP) win the most seats in the 2026 Peruvian Senate election?,381,2026-04-10T00:13:27.955000Z,2026-04-14T21:42:02.357000Z,0.265,0.0155,NO,0.095,2026-04-12T22:55:43.146000Z,AT_OR_BEFORE_RESULT_START,59,0.095,0.045,0.0325,0.095,-2.25405805,-3.05504885,0.026,49.74,58.68,2026-04-12T23:03:58.565000Z,0.066268,2026-04-13T00:04:17.131000Z,1.071425,2026-04-13T05:35:49.081000Z,6.596967,2026-04-12T23:03:58.565000Z,0.066268,true,true,false,0.0,0.0,0.03,0.41210121,0.04,0.58979369,0.0625,1.13941728,0.0625,1.13941728,0.091,3.26339484,0.091,3.26339484
peru_first_round,PER_2026,947222,0x12ad7d12be6be9f3822d978dfe51bb1a59d5208422bda6155616a992937a9b9d,34139372490421656658764743748855070175691399946264775613546219286350462486003,Yes,Will Acción Popular (AP) win the most seats in the 2026 Peruvian Senate election?,47,2026-04-10T00:13:27.959000Z,2026-04-12T00:00:06.585000Z,0.0015,0.0015,NO,0.0015,2026-04-12T00:00:06.585000Z,AT_OR_BEFORE_RESULT_START,0,,,,,,,,,,,,,,,,,,false,true,false,,,,,,,,,,,,,,
peru_first_round,PER_2026,947222,0x12ad7d12be6be9f3822d978dfe51bb1a59d5208422bda6155616a992937a9b9d,49492947370491747308083712952332405856024111775528103177793583401520316153938,No,Will Acción Popular (AP) win the most seats in the 2026 Peruvian Senate election?,47,2026-04-10T00:13:27.954000Z,2026-04-12T00:00:06.585000Z,0.9985,0.9985,YES,0.9985,2026-04-12T00:00:06.585000Z,AT_OR_BEFORE_RESULT_START,0,,,,,,,,,,,,,,,,,,false,true,false,,,,,,,,,,,,,,
peru_first_round,PER_2026,947223,0x132225a15f2d05b147a54a7096b3a4100f581eaad079fd64ce5df8082d4b6746,29605412168491604224400515758812221296055736048328687013279325446908697782986,Yes,Will Alianza para el Progreso (APP) win the most seats in the 2026 Peruvian Senate election?,73,2026-04-10T00:13:27.955000Z,2026-04-12T23:45:22.126000Z,0.009,0.0015,NO,0.0075,2026-04-12T22:55:43.148000Z,AT_OR_BEFORE_RESULT_START,7,0.0075,0.0015,0.0015,0.0075,-4.88532399,-6.50078904,0.002,30.0,59.48,2026-04-12T23:03:58.568000Z,0.066269,2026-04-12T23:03:58.568000Z,0.066269,2026-04-12T23:03:58.568000Z,0.066269,2026-04-12T23:03:58.568000Z,0.066269,true,true,false,0.0,0.0,0.0,0.0,0.006,1.61546505,0.006,1.61546505,0.006,1.61546505,0.006,1.61546505,0.006,1.61546505
peru_first_round,PER_2026,947223,0x132225a15f2d05b147a54a7096b3a4100f581eaad079fd64ce5df8082d4b6746,64730959890689760518221048357055895281768332259862787128909604306702942861965,No,Will Alianza para el Progreso (APP) win the most seats in the 2026 Peruvian Senate election?,73,2026-04-10T00:13:27.961000Z,2026-04-12T23:45:22.125000Z,0.991,0.9985,YES,0.9925,2026-04-12T22:55:43.144000Z,AT_OR_BEFORE_RESULT_START,7,0.9925,0.9985,0.9925,0.9985,4.88532399,6.50078904,0.002,59.48,30.0,2026-04-12T23:03:58.570000Z,0.066269,2026-04-12T23:03:58.570000Z,0.066269,2026-04-12T23:03:58.570000Z,0.066269,2026-04-12T23:03:58.570000Z,0.066269,true,true,false,0.0,0.0,0.0,0.0,0.006,1.61546505,0.006,1.61546505,0.006,1.61546505,0.006,1.61546505,0.006,1.61546505
peru_first_round,PER_2026,947224,0x79879ec1f3baa9e40ec709b8cf80b2808f6f55920c31a6cd4fa249f6e9d5be36,5206236671908770956533322859581263525961893951235820324690244172816002300176,No,Will Avanza País – Partido de Integración Social (AvP) win the most seats in the 2026 Peruvian Senate election?,85,2026-04-10T00:13:27.962000Z,2026-04-12T23:45:22.128000Z,0.9925,0.9975,YES,0.9975,2026-04-12T22:55:43.154000Z,AT_OR_BEFORE_RESULT_START,5,0.9975,0.9975,0.9975,0.9975,5.98896142,5.98896142,0.003,168.24,3.47,2026-04-12T23:03:58.573000Z,0.06627,2026-04-12T23:03:58.573000Z,0.06627,2026-04-12T23:03:58.573000Z,0.06627,2026-04-12T23:03:58.573000Z,0.06627,true,true,false,0.0,0.0,0.0,0.0,0.0,0.0,0.0,0.0,0.0,0.0,0.0,0.0,0.0,0.0
peru_first_round,PER_2026,947224,0x79879ec1f3baa9e40ec709b8cf80b2808f6f55920c31a6cd4fa249f6e9d5be36,8841508247493149090572045971327991291897288425911692193387659098920616934960,Yes,Will Avanza País – Partido de Integración Social (AvP) win the most seats in the 2026 Peruvian Senate election?,85,2026-04-10T00:13:27.964000Z,2026-04-12T23:45:22.123000Z,0.0075,0.0025,NO,0.0025,2026-04-12T22:55:43.154000Z,AT_OR_BEFORE_RESULT_START,5,0.0025,0.0025,0.0025,0.0025,-5.98896142,-5.98896142,0.003,3.47,168.24,2026-04-12T23:03:58.572000Z,0.06627,2026-04-12T23:03:58.572000Z,0.06627,2026-04-12T23:03:58.572000Z,0.06627,2026-04-12T23:03:58.572000Z,0.06627,true,true,false,0.0,0.0,0.0,0.0,0.0,0.0,0.0,0.0,0.0,0.0,0.0,0.0,0.0,0.0
peru_first_round,PER_2026,947225,0xc4a9db7a0c81b75bc0b2009481b4e498a63c21e6f24949b6f1758c3986c270eb,111701950417305141513997863408442982759352929259590852621473333625180353072857,Yes,Will Renovación Popular (RP) win the most seats in the 2026 Peruvian Senate election?,251,2026-04-10T00:13:27.967000Z,2026-04-14T20:24:23.809000Z,0.095,0.01,NO,0.069,2026-04-12T22:55:43.149000Z,AT_OR_BEFORE_RESULT_START,52,0.069,0.033,0.0215,0.0695,-2.60215277,-3.37769093,0.024,22.385,12.74,2026-04-12T23:03:58.571000Z,0.06627,2026-04-13T00:41:21.224000Z,1.689229,2026-04-13T05:46:05.143000Z,6.768095,2026-04-12T23:03:58.571000Z,0.06627,true,true,false,0.0,0.0,0.004,0.06400649,0.0055,0.08895684,0.0295,0.58900054,0.0475,1.21581508,0.0675,3.89863627,0.0675,3.89863627
peru_first_round,PER_2026,947225,0xc4a9db7a0c81b75bc0b2009481b4e498a63c21e6f24949b6f1758c3986c270eb,83228401122213155718451217534277093345493327933144801707341676181256461972846,No,Will Renovación Popular (RP) win the most seats in the 2026 Peruvian Senate election?,252,2026-04-10T00:13:27.967000Z,2026-04-14T21:33:23.198000Z,0.905,0.992,YES,0.931,2026-04-12T22:55:43.145000Z,AT_OR_BEFORE_RESULT_START,52,0.931,0.967,0.9305,0.9785,2.60215277,3.37769093,0.024,12.74,22.385,2026-04-12T23:03:58.567000Z,0.066269,2026-04-13T00:41:21.224000Z,1.689229,2026-04-13T05:46:05.143000Z,6.768095,2026-04-12T23:03:58.567000Z,0.066269,true,true,false,0.0,0.0,0.004,0.06400649,0.0055,0.08895684,0.0295,0.58900054,0.0475,1.21581508,0.0675,3.89863627,0.0675,3.89863627
peru_first_round,PER_2026,947226,0x7992be6bdda4f7ab2224831f9bd7cd3192ccb9c02640bcf61ff6c389f7cda056,21548267063852344197294411394442203429665465067575113504945752859692538216489,Yes,Will Somos Perú (SP) win the most seats in the 2026 Peruvian Senate election?,37,2026-04-10T00:13:27.966000Z,2026-04-11T12:44:17.439000Z,0.002,0.0015,NO,0.0015,2026-04-11T12:44:17.439000Z,AT_OR_BEFORE_RESULT_START,0,,,,,,,,,,,,,,,,,,false,true,false,,,,,,,,,,,,,,
peru_first_round,PER_2026,947226,0x7992be6bdda4f7ab2224831f9bd7cd3192ccb9c02640bcf61ff6c389f7cda056,2303465978890391870026436364182166843171422434239795876553072163138980816397,No,Will Somos Perú (SP) win the most seats in the 2026 Peruvian Senate election?,37,2026-04-10T00:13:27.959000Z,2026-04-11T12:44:17.439000Z,0.998,0.9985,YES,0.9985,2026-04-11T12:44:17.439000Z,AT_OR_BEFORE_RESULT_START,0,,,,,,,,,,,,,,,,,,false,true,false,,,,,,,,,,,,,,
peru_first_round,PER_2026,947227,0x94bd997304da0c9f10bab538756814a3a5ce26bd28cf72343a9a5058f58f4db2,108558721460657856931164500269543846812498772937130524933036124977877392070575,Yes,Will Podemos Perú (PP) win the most seats in the 2026 Peruvian Senate election?,20,2026-04-10T00:13:27.963000Z,2026-04-11T11:25:16.491000Z,0.006,0.0015,NO,0.0015,2026-04-11T11:25:16.491000Z,AT_OR_BEFORE_RESULT_START,0,,,,,,,,,,,,,,,,,,false,true,false,,,,,,,,,,,,,,
peru_first_round,PER_2026,947227,0x94bd997304da0c9f10bab538756814a3a5ce26bd28cf72343a9a5058f58f4db2,68984052105422651419562141854742199065969997437126650041092515850170302805067,No,Will Podemos Perú (PP) win the most seats in the 2026 Peruvian Senate election?,20,2026-04-10T00:13:27.960000Z,2026-04-11T11:25:16.492000Z,0.994,0.9985,YES,0.9985,2026-04-11T11:25:16.492000Z,AT_OR_BEFORE_RESULT_START,0,,,,,,,,,,,,,,,,,,false,true,false,,,,,,,,,,,,,,
peru_first_round,PER_2026,947228,0x05b3c4a8779f467c490d05894d66634e7ed0bc982eed4463ca90fd1f59b78d1f,34253026330636554399852514066550450276013246568444914274205167845651811464790,Yes,Will Juntos por el Perú (JP) win the most seats in the 2026 Peruvian Senate election?,242,2026-04-10T00:13:27.953000Z,2026-04-14T21:26:05.155000Z,0.151,0.0055,NO,0.0165,2026-04-12T22:55:43.152000Z,AT_OR_BEFORE_RESULT_START,51,0.0165,0.0095,0.006,0.0415,-4.08775726,-4.64691807,0.015,145.27,32.45,2026-04-12T23:03:58.571000Z,0.06627,2026-04-12T23:03:58.571000Z,0.06627,2026-04-13T00:04:04.289000Z,1.067858,2026-04-12T23:03:58.571000Z,0.06627,true,true,false,0.0,0.0,0.0,0.0,0.0105,0.50321004,0.025,1.02222048,0.025,1.02222048,0.025,1.02222048,0.025,2.41303179
peru_first_round,PER_2026,947228,0x05b3c4a8779f467c490d05894d66634e7ed0bc982eed4463ca90fd1f59b78d1f,74626051770002298735291083534596320297633718750143523873443080158440351160675,No,Will Juntos por el Perú (JP) win the most seats in the 2026 Peruvian Senate election?,244,2026-04-10T00:13:27.956000Z,2026-04-14T21:24:00.577000Z,0.849,0.9945,YES,0.9835,2026-04-12T22:55:43.144000Z,AT_OR_BEFORE_RESULT_START,51,0.9835,0.9905,0.9585,0.994,4.08775726,4.64691807,0.015,32.45,145.27,2026-04-12T23:03:58.566000Z,0.066268,2026-04-12T23:03:58.566000Z,0.066268,2026-04-13T00:04:04.289000Z,1.067858,2026-04-12T23:03:58.566000Z,0.066268,true,true,false,0.0,0.0,0.0,0.0,0.0105,0.50321004,0.025,1.02222048,0.025,1.02222048,0.025,1.02222048,0.025,2.41303179
peru_first_round,PER_2026,947240,0x83b661c9e68dde865ac656f20a57572e7168239445bdbde65ea6665b7a4100e4,25849494491520025004325601421985442513414260041923434930688729800422032150147,No,Will Fuerza Popular (FP) win the most seats in the 2026 Peruvian Chamber of Deputies election?,420,2026-04-10T00:13:27.953000Z,2026-04-14T21:14:41.649000Z,0.11,0.0045,NO,0.055,2026-04-12T22:55:43.147000Z,AT_OR_BEFORE_RESULT_START,80,0.055,0.0405,0.035,0.055,-2.84385174,-3.16511034,0.035,115.57,57.41,2026-04-12T23:03:58.564000Z,0.066268,2026-04-12T23:11:22.267000Z,0.189519,2026-04-13T19:06:25.327000Z,20.107035,2026-04-12T23:03:58.564000Z,0.066268,true,true,false,0.005,0.10058724,0.01,0.21119711,0.015,0.33420209,0.02,0.4729283,0.02,0.4729283,0.0375,1.18404772,0.052,2.96228674
peru_first_round,PER_2026,947240,0x83b661c9e68dde865ac656f20a57572e7168239445bdbde65ea6665b7a4100e4,74500083728733584148299358961366660865158287035584890847432809281060790985243,Yes,Will Fuerza Popular (FP) win the most seats in the 2026 Peruvian Chamber of Deputies election?,417,2026-04-10T00:13:27.955000Z,2026-04-14T21:39:11.768000Z,0.89,0.9955,YES,0.945,2026-04-12T22:55:43.150000Z,AT_OR_BEFORE_RESULT_START,80,0.945,0.9595,0.945,0.965,2.84385174,3.16511034,0.035,57.41,115.57,2026-04-12T23:03:58.569000Z,0.066269,2026-04-12T23:11:22.267000Z,0.189519,2026-04-13T19:06:25.348000Z,20.107041,2026-04-12T23:03:58.569000Z,0.066269,true,true,false,0.005,0.10058724,0.01,0.21119711,0.015,0.33420209,0.02,0.4729283,0.02,0.4729283,0.0375,1.18404772,0.052,2.96228674
peru_first_round,PER_2026,947242,0x5ebc51061f4bc2bd1f50dcd736b43de3cc0e471de8b4d6e6b3951670a57d03eb,61103528961204428436449017288801738534045263541274574470094065985785029924455,No,Will Acción Popular (AP) win the most seats in the 2026 Peruvian Chamber of Deputies election?,1,2026-04-10T00:13:27.959000Z,2026-04-10T00:13:27.959000Z,0.9985,0.9985,YES,0.9985,2026-04-10T00:13:27.959000Z,AT_OR_BEFORE_RESULT_START,0,,,,,,,,,,,,,,,,,,false,true,false,,,,,,,,,,,,,,
peru_first_round,PER_2026,947242,0x5ebc51061f4bc2bd1f50dcd736b43de3cc0e471de8b4d6e6b3951670a57d03eb,92630754815153019913281002984440535410880277334175699573101680610900343162129,Yes,Will Acción Popular (AP) win the most seats in the 2026 Peruvian Chamber of Deputies election?,1,2026-04-10T00:13:27.966000Z,2026-04-10T00:13:27.966000Z,0.0015,0.0015,NO,0.0015,2026-04-10T00:13:27.966000Z,AT_OR_BEFORE_RESULT_START,0,,,,,,,,,,,,,,,,,,false,true,false,,,,,,,,,,,,,,
peru_first_round,PER_2026,947243,0x40a7ea3a3be12c58027b38ad54e67d13e1470a08e2d90b4f755d8583d2e62586,4103584660849016261926899759260907804965204571034760636435809850834353581497,Yes,Will Alianza para el Progreso (APP) win the most seats in the 2026 Peruvian Chamber of Deputies election?,132,2026-04-10T00:13:27.961000Z,2026-04-14T21:54:11.822000Z,0.0015,0.0015,NO,0.0015,2026-04-12T22:55:43.146000Z,AT_OR_BEFORE_RESULT_START,31,0.0015,0.0015,0.0015,0.0015,-6.50078904,-6.50078904,0.001,1613.91,1331.41,2026-04-12T23:03:58.567000Z,0.066269,2026-04-12T23:03:58.567000Z,0.066269,2026-04-12T23:03:58.567000Z,0.066269,2026-04-12T23:03:58.567000Z,0.066269,true,true,false,0.0,0.0,0.0,0.0,0.0,0.0,0.0,0.0,0.0,0.0,0.0,0.0,0.0,0.0
peru_first_round,PER_2026,947243,0x40a7ea3a3be12c58027b38ad54e67d13e1470a08e2d90b4f755d8583d2e62586,53151011326408290509443303941312491470892640406411543784313501731716182355871,No,Will Alianza para el Progreso (APP) win the most seats in the 2026 Peruvian Chamber of Deputies election?,132,2026-04-10T00:13:27.954000Z,2026-04-14T21:56:26.725000Z,0.9985,0.9985,YES,0.9985,2026-04-12T22:55:43.146000Z,AT_OR_BEFORE_RESULT_START,31,0.9985,0.9985,0.9985,0.9985,6.50078904,6.50078904,0.001,1331.41,1613.91,2026-04-12T23:03:58.572000Z,0.06627,2026-04-12T23:03:58.572000Z,0.06627,2026-04-12T23:03:58.572000Z,0.06627,2026-04-12T23:03:58.572000Z,0.06627,true,true,false,0.0,0.0,0.0,0.0,0.0,0.0,0.0,0.0,0.0,0.0,0.0,0.0,0.0,0.0
peru_first_round,PER_2026,947244,0xfd65fcde6ffd88ac7be03616cf44556630bd1f7530d7a9682c45fe8b726ae342,49331057809922116188753559442111718668872440082203031477967708760908895919338,No,Will Avanza País – Partido de Integración Social (AvP) win the most seats in the 2026 Peruvian Chamber of Deputies election?,1,2026-04-10T00:13:27.966000Z,2026-04-10T00:13:27.966000Z,0.9985,0.9985,YES,0.9985,2026-04-10T00:13:27.966000Z,AT_OR_BEFORE_RESULT_START,0,,,,,,,,,,,,,,,,,,false,true,false,,,,,,,,,,,,,,
peru_first_round,PER_2026,947244,0xfd65fcde6ffd88ac7be03616cf44556630bd1f7530d7a9682c45fe8b726ae342,59007735809419567406818128965357322201263386348705659746338440669272269771439,Yes,Will Avanza País – Partido de Integración Social (AvP) win the most seats in the 2026 Peruvian Chamber of Deputies election?,1,2026-04-10T00:13:27.959000Z,2026-04-10T00:13:27.959000Z,0.0015,0.0015,NO,0.0015,2026-04-10T00:13:27.959000Z,AT_OR_BEFORE_RESULT_START,0,,,,,,,,,,,,,,,,,,false,true,false,,,,,,,,,,,,,,
peru_first_round,PER_2026,947245,0x554542102403f12796b0f8b519adbcd966c12f7ec6652392ef78fb653de4f7bf,35032655183130812673570952719969467635956698944748396282601004870737609580612,Yes,Will Renovación Popular (RP) win the most seats in the 2026 Peruvian Chamber of Deputies election?,232,2026-04-10T00:02:35.054000Z,2026-04-14T11:17:14.129000Z,0.065,0.008,NO,0.043,2026-04-12T22:55:43.148000Z,AT_OR_BEFORE_RESULT_START,35,0.043,0.0295,0.011,0.043,-3.10260328,-3.49342114,0.002,160.59,5.0,2026-04-12T23:03:58.569000Z,0.066269,2026-04-12T23:03:58.569000Z,0.066269,2026-04-13T06:02:14.618000Z,7.037394,2026-04-12T23:03:58.569000Z,0.066269,true,true,false,0.001,0.02457488,0.0075,0.19947386,0.009,0.24420003,0.032,1.39619578,0.032,1.39619578,0.0415,3.39818577,0.0415,3.39818577
peru_first_round,PER_2026,947245,0x554542102403f12796b0f8b519adbcd966c12f7ec6652392ef78fb653de4f7bf,91858091952465373327330554200282065876579284773133287865980298779420218080925,No,Will Renovación Popular (RP) win the most seats in the 2026 Peruvian Chamber of Deputies election?,233,2026-04-10T00:02:35.055000Z,2026-04-14T11:30:07.755000Z,0.935,0.992,YES,0.957,2026-04-12T22:55:43.153000Z,AT_OR_BEFORE_RESULT_START,35,0.957,0.9705,0.957,0.989,3.10260328,3.49342114,0.002,5.0,160.59,2026-04-12T23:03:58.565000Z,0.066268,2026-04-12T23:03:58.565000Z,0.066268,2026-04-13T06:02:14.619000Z,7.037394,2026-04-12T23:03:58.565000Z,0.066268,true,true,false,0.001,0.02457488,0.0075,0.19947386,0.009,0.24420003,0.032,1.39619578,0.032,1.39619578,0.0415,3.39818577,0.0415,3.39818577
peru_first_round,PER_2026,947248,0xef6bd8e629dd6f51b02c9c57adc5c6e4251c8d427109eff08bebcdd3462e923b,56456803387650397845761837417809147583449071152814172522951904487087521090322,Yes,Will Juntos por el Perú (JP) win the most seats in the 2026 Peruvian Chamber of Deputies election?,179,2026-04-10T00:13:27.965000Z,2026-04-14T12:17:19.676000Z,0.015,0.0015,NO,0.0165,2026-04-12T22:55:42.967000Z,AT_OR_BEFORE_RESULT_START,37,0.0165,0.029,0.0065,0.037,-4.08775726,-3.51103064,0.036,265.98,64.06,2026-04-12T23:03:58.563000Z,0.066267,2026-04-12T23:03:58.563000Z,0.066267,2026-04-13T00:04:27.377000Z,1.074271,2026-04-12T23:03:58.563000Z,0.066267,true,true,false,0.0,0.0,0.0,0.0,0.009,0.44451119,0.0205,0.94167463,0.0205,0.94167463,0.0205,0.94167463,0.0205,2.12484884
peru_first_round,PER_2026,947248,0xef6bd8e629dd6f51b02c9c57adc5c6e4251c8d427109eff08bebcdd3462e923b,64523872069222310376176878209842081397064012149720732920739116468100201100500,No,Will Juntos por el Perú (JP) win the most seats in the 2026 Peruvian Chamber of Deputies election?,180,2026-04-10T00:13:27.966000Z,2026-04-14T20:00:35.689000Z,0.985,0.9985,YES,0.9835,2026-04-12T22:55:42.979000Z,AT_OR_BEFORE_RESULT_START,37,0.9835,0.971,0.963,0.9935,4.08775726,3.51103064,0.036,64.06,265.98,2026-04-12T23:03:58.569000Z,0.066269,2026-04-12T23:03:58.569000Z,0.066269,2026-04-13T00:04:27.377000Z,1.074271,2026-04-12T23:03:58.569000Z,0.066269,true,true,false,0.0,0.0,0.0,0.0,0.009,0.44451119,0.0205,0.94167463,0.0205,0.94167463,0.0205,0.94167463,0.0205,2.12484884
peru_first_round,PER_2026,947268,0xae6d3d20bc8f742922dc40880cd8a8671c10385a9912fa7cd670fba0643dfe96,25945415793931624559794421130954173506522916582203134613102786444988212496867,No,Will Rafael López Aliaga win the 2026 Peruvian presidential election?,6988,2026-04-10T00:02:26.954000Z,2026-04-14T23:00:48.837000Z,0.835,0.875,YES,0.865,2026-04-12T22:59:35.887000Z,AT_OR_BEFORE_RESULT_START,1423,0.865,0.69,0.64,0.885,1.85745473,0.8001193,0.02,618.79,1190.83,,,,,,,2026-04-13T17:33:36.586000Z,18.560163,false,true,false,0.075,0.53252931,0.075,0.53252931,0.075,0.53252931,0.13,0.83731406,0.225,1.28209058,0.525,2.52074895,0.525,2.52074895
peru_first_round,PER_2026,947268,0xae6d3d20bc8f742922dc40880cd8a8671c10385a9912fa7cd670fba0643dfe96,91464516107556165907566387619157396733019262339196802152206657889196699256450,Yes,Will Rafael López Aliaga win the 2026 Peruvian presidential election?,6982,2026-04-10T00:02:26.954000Z,2026-04-13T19:56:12.224000Z,0.165,0.315,NO,0.135,2026-04-12T22:59:35.887000Z,AT_OR_BEFORE_RESULT_START,1423,0.135,0.31,0.115,0.36,-1.85745473,-0.8001193,0.02,1190.83,618.79,,,,,,,2026-04-13T17:33:36.585000Z,18.560163,false,true,false,0.075,0.53252931,0.075,0.53252931,0.075,0.53252931,0.13,0.83731406,0.225,1.28209058,0.525,2.52074895,0.525,2.52074895
peru_first_round,PER_2026,947269,0xc4c3dbcc37a957a817599b0bf9fb5bd6b62b19210b0f527fec57cb75c7ed150a,64703998724474008677827057135436893758254552168142785204605792475717308499827,Yes,Will Keiko Fujimori win the 2026 Peruvian presidential election?,7603,2026-04-10T00:00:53.972000Z,2026-04-14T12:17:20.353000Z,0.315,0.545,YES,0.39,2026-04-12T22:59:54.280000Z,AT_OR_BEFORE_RESULT_START,2184,0.39,0.435,0.38,0.58,-0.44731222,-0.2614797,0.02,1662.56,598.09,,,,,,,,,false,true,false,0.19,0.77008561,0.19,0.77008561,0.19,0.77008561,0.19,0.77008561,0.19,0.77008561,0.19,0.77008561,0.19,0.77008561
peru_first_round,PER_2026,947269,0xc4c3dbcc37a957a817599b0bf9fb5bd6b62b19210b0f527fec57cb75c7ed150a,92827417009887627656279362525317849309821905918650547490799438436173703158107,No,Will Keiko Fujimori win the 2026 Peruvian presidential election?,7611,2026-04-10T00:00:53.972000Z,2026-04-14T21:57:12.460000Z,0.685,0.395,NO,0.61,2026-04-12T22:59:54.281000Z,AT_OR_BEFORE_RESULT_START,2184,0.61,0.565,0.42,0.62,0.44731222,0.2614797,0.02,598.09,1662.56,,,,,,,,,false,true,false,0.19,0.77008561,0.19,0.77008561,0.19,0.77008561,0.19,0.77008561,0.19,0.77008561,0.19,0.77008561,0.19,0.77008561
peru_first_round,PER_2026,947271,0x9b14ba5cc37a35c0db2c9849e631d98195670be4a0f91233a81529f22a7a5949,100472508023081440560680031809444924589131301345606759263347656652296915854670,No,Will Carlos Álvarez win the 2026 Peruvian presidential election?,4469,2026-04-10T00:04:16.843000Z,2026-04-13T04:23:47.449000Z,0.784,0.9985,YES,0.9125,2026-04-12T22:59:35.963000Z,AT_OR_BEFORE_RESULT_START,662,0.9125,0.9985,0.9125,0.9985,2.34454929,6.50078904,0.001,6653.8,3688.96,2026-04-12T23:00:29.701000Z,0.00825,2026-04-12T23:03:58.603000Z,0.066279,2026-04-12T23:09:10.195000Z,0.152832,2026-04-12T23:00:29.701000Z,0.00825,true,true,false,0.084,3.30693688,0.085,3.64441212,0.086,4.15623975,0.086,4.15623975,0.086,4.15623975,0.086,4.15623975,0.086,4.15623975
peru_first_round,PER_2026,947271,0x9b14ba5cc37a35c0db2c9849e631d98195670be4a0f91233a81529f22a7a5949,96778993542273611384637311499081700062825144626170214374801025348770797572532,Yes,Will Carlos Álvarez win the 2026 Peruvian presidential election?,4469,2026-04-10T00:04:16.842000Z,2026-04-13T04:23:47.434000Z,0.216,0.0015,NO,0.0875,2026-04-12T22:59:35.962000Z,AT_OR_BEFORE_RESULT_START,662,0.0875,0.0015,0.0015,0.0875,-2.34454929,-6.50078904,0.001,3688.96,6653.8,2026-04-12T23:00:29.700000Z,0.00825,2026-04-12T23:03:58.608000Z,0.06628,2026-04-12T23:09:10.195000Z,0.152832,2026-04-12T23:00:29.700000Z,0.00825,true,true,false,0.084,3.30693688,0.085,3.64441212,0.086,4.15623975,0.086,4.15623975,0.086,4.15623975,0.086,4.15623975,0.086,4.15623975
peru_first_round,PER_2026,947272,0xef61cec575ac7260343e1f0c11900fee12a1f30b521b649eec7663ec5424242a,106437503449869126798318748561947971415320337579430634156444932448976881130687,No,Will César Acuña win the 2026 Peruvian presidential election?,57,2026-04-10T00:04:16.825000Z,2026-04-10T02:40:19.668000Z,0.9985,0.9985,YES,0.9985,2026-04-10T02:40:19.668000Z,AT_OR_BEFORE_RESULT_START,0,,,,,,,,,,,,,,,,,,false,true,false,,,,,,,,,,,,,,
peru_first_round,PER_2026,947272,0xef61cec575ac7260343e1f0c11900fee12a1f30b521b649eec7663ec5424242a,50243762671512851167282517271037976718384543563492030616749604530990728402798,Yes,Will César Acuña win the 2026 Peruvian presidential election?,57,2026-04-10T00:04:16.824000Z,2026-04-10T02:40:19.666000Z,0.0015,0.0015,NO,0.0015,2026-04-10T02:40:19.666000Z,AT_OR_BEFORE_RESULT_START,0,,,,,,,,,,,,,,,,,,false,true,false,,,,,,,,,,,,,,
peru_first_round,PER_2026,947273,0x78f5630bafa15147941daa2fd2926b43febe6af1544cd9d8527b226914f3ca11,39116255474725201116938242776380787894386932760243104501094014247828169063490,No,Will Alfonso López Chau win the 2026 Peruvian presidential election?,2182,2026-04-10T00:04:16.811000Z,2026-04-13T13:56:41.667000Z,0.9765,0.9985,YES,0.9815,2026-04-12T22:59:36.233000Z,AT_OR_BEFORE_RESULT_START,152,0.9825,0.9965,0.9825,0.9985,4.02789946,5.65148617,0.006,181.43,3226.08,2026-04-12T23:00:10.755000Z,0.002988,2026-04-12T23:00:10.755000Z,0.002988,2026-04-12T23:03:58.611000Z,0.066281,2026-04-12T23:00:10.755000Z,0.002988,true,true,false,0.017,2.52947776,0.017,2.52947776,0.017,2.52947776,0.017,2.52947776,0.017,2.52947776,0.017,2.52947776,0.017,2.52947776
peru_first_round,PER_2026,947273,0x78f5630bafa15147941daa2fd2926b43febe6af1544cd9d8527b226914f3ca11,9682518067153576122489405729520126083014940106724522567955145436832495666332,Yes,Will Alfonso López Chau win the 2026 Peruvian presidential election?,2182,2026-04-10T00:04:16.810000Z,2026-04-13T13:56:41.667000Z,0.0235,0.0015,NO,0.0185,2026-04-12T22:59:36.233000Z,AT_OR_BEFORE_RESULT_START,152,0.0175,0.0035,0.0015,0.0175,-4.02789946,-5.65148617,0.006,3226.08,181.43,2026-04-12T23:00:10.754000Z,0.002987,2026-04-12T23:00:10.754000Z,0.002987,2026-04-12T23:03:58.605000Z,0.066279,2026-04-12T23:00:10.754000Z,0.002987,true,true,false,0.017,2.52947776,0.017,2.52947776,0.017,2.52947776,0.017,2.52947776,0.017,2.52947776,0.017,2.52947776,0.017,2.52947776
peru_first_round,PER_2026,947281,0x0a10ea4f5d42ac33a29d73b8562f4414f5ea2219afd9da74ba950f7aefe7c630,105584864693626079457859320531036329426880337452305899680113662052236202390504,No,Will Ricardo Belmont win the 2026 Peruvian presidential election?,6566,2026-04-10T00:00:53.112000Z,2026-04-14T11:00:11.062000Z,0.8235,0.9975,YES,0.6845,2026-04-12T22:59:57.879000Z,AT_OR_BEFORE_RESULT_START,1433,0.684,0.958,0.684,0.962,0.7722157,3.12717816,0.008,65.19,266.14,2026-04-12T23:00:57.332000Z,0.015926,2026-04-12T23:00:57.332000Z,0.015926,2026-04-13T05:08:48.533000Z,6.146815,2026-04-12T23:00:37.633000Z,0.010454,true,true,false,0.2695,2.25749231,0.2695,2.25749231,0.2695,2.25749231,0.2695,2.25749231,0.2775,2.45689833,0.31,4.42296204,0.314,5.72625908
peru_first_round,PER_2026,947281,0x0a10ea4f5d42ac33a29d73b8562f4414f5ea2219afd9da74ba950f7aefe7c630,67856043091363573230826787438476899340717171261331542907088468980307686160535,Yes,Will Ricardo Belmont win the 2026 Peruvian presidential election?,6568,2026-04-10T00:00:53.111000Z,2026-04-14T12:17:24.528000Z,0.1765,0.0015,NO,0.3155,2026-04-12T22:59:57.879000Z,AT_OR_BEFORE_RESULT_START,1433,0.316,0.042,0.038,0.316,-0.7722157,-3.12717816,0.008,266.14,65.19,2026-04-12T23:00:57.332000Z,0.015926,2026-04-12T23:00:57.332000Z,0.015926,2026-04-13T05:08:48.533000Z,6.146815,2026-04-12T23:00:37.633000Z,0.010454,true,true,false,0.2695,2.25749231,0.2695,2.25749231,0.2695,2.25749231,0.2695,2.25749231,0.2775,2.45689833,0.31,4.42296204,0.314,5.72625908
peru_first_round,PER_2026,947282,0x24a454785cac9984fde7736d0d4b37929b7253d527d359f547c909eec89862b9,47515547723528341412543209702937596271927058261167837389261437881238696349436,No,Will Fernando Olivera win the 2026 Peruvian presidential election?,887,2026-04-10T00:04:16.841000Z,2026-04-12T10:49:25.656000Z,0.9985,0.9985,YES,0.9985,2026-04-12T10:49:25.656000Z,AT_OR_BEFORE_RESULT_START,0,,,,,,,,,,,,,,,,,,false,true,false,,,,,,,,,,,,,,
peru_first_round,PER_2026,947282,0x24a454785cac9984fde7736d0d4b37929b7253d527d359f547c909eec89862b9,8379837610125291150489935717882363132642018085406636296823338050741934312045,Yes,Will Fernando Olivera win the 2026 Peruvian presidential election?,887,2026-04-10T00:04:16.840000Z,2026-04-12T10:49:25.655000Z,0.0015,0.0015,NO,0.0015,2026-04-12T10:49:25.655000Z,AT_OR_BEFORE_RESULT_START,0,,,,,,,,,,,,,,,,,,false,true,false,,,,,,,,,,,,,,
peru_first_round,PER_2026,947283,0x974dcbcce5e8186e0e273065a60675bc17617897c395eca60478d0c49f80718f,101000035200953616880452761567806635979587850958431667672433526557328036615568,Yes,Will Carlos Espá win the 2026 Peruvian presidential election?,1576,2026-04-10T00:04:16.841000Z,2026-04-13T09:06:08.512000Z,0.003,0.0015,NO,0.0045,2026-04-12T22:59:40.870000Z,AT_OR_BEFORE_RESULT_START,189,0.0045,0.0045,0.0015,0.005,-5.39916773,-5.39916773,0.001,9346.34,4117.2,2026-04-12T23:00:27.076000Z,0.007521,2026-04-12T23:00:27.076000Z,0.007521,2026-04-12T23:00:27.076000Z,0.007521,2026-04-12T23:00:27.076000Z,0.007521,true,true,false,0.003,1.10162132,0.003,1.10162132,0.003,1.10162132,0.003,1.10162132,0.003,1.10162132,0.003,1.10162132,0.003,1.10162132
peru_first_round,PER_2026,947283,0x974dcbcce5e8186e0e273065a60675bc17617897c395eca60478d0c49f80718f,53495956205730282746694729217724329368493486274887420191011592757675411968575,No,Will Carlos Espá win the 2026 Peruvian presidential election?,1576,2026-04-10T00:04:16.842000Z,2026-04-13T09:06:08.504000Z,0.997,0.9985,YES,0.9955,2026-04-12T22:59:40.870000Z,AT_OR_BEFORE_RESULT_START,189,0.9955,0.9955,0.995,0.9985,5.39916773,5.39916773,0.001,4117.2,9346.34,2026-04-12T23:00:27.077000Z,0.007521,2026-04-12T23:00:27.077000Z,0.007521,2026-04-12T23:00:27.077000Z,0.007521,2026-04-12T23:00:27.077000Z,0.007521,true,true,false,0.003,1.10162132,0.003,1.10162132,0.003,1.10162132,0.003,1.10162132,0.003,1.10162132,0.003,1.10162132,0.003,1.10162132
peru_first_round,PER_2026,947285,0x6a58844c4dfdf677adb5e20bcefb851833cb335210e139ce37e63482e0679617,106149607129123969375875674066349472207365000320829658467476477807489090216657,Yes,Will Yonhy Lescano win the 2026 Peruvian presidential election?,450,2026-04-10T00:04:16.825000Z,2026-04-11T11:52:47.195000Z,0.0015,0.0015,NO,0.0015,2026-04-11T11:52:47.195000Z,AT_OR_BEFORE_RESULT_START,0,,,,,,,,,,,,,,,,,,false,true,false,,,,,,,,,,,,,,
peru_first_round,PER_2026,947285,0x6a58844c4dfdf677adb5e20bcefb851833cb335210e139ce37e63482e0679617,14969516031563090270424765470423878757708232459011022842222939621886930920110,No,Will Yonhy Lescano win the 2026 Peruvian presidential election?,450,2026-04-10T00:04:16.841000Z,2026-04-11T11:52:47.195000Z,0.9985,0.9985,YES,0.9985,2026-04-11T11:52:47.195000Z,AT_OR_BEFORE_RESULT_START,0,,,,,,,,,,,,,,,,,,false,true,false,,,,,,,,,,,,,,
peru_first_round,PER_2026,947286,0xb06bd8cd9693172502d649f157283cf4d6b15dc6d595495eed33b70e94b6565e,27410837348419791135166490910686797212346907507240863707906587999545656096009,No,Will Mesías Guevara win the 2026 Peruvian presidential election?,64,2026-04-10T00:04:16.825000Z,2026-04-10T02:40:19.680000Z,0.9985,0.9985,YES,0.9985,2026-04-10T02:40:19.680000Z,AT_OR_BEFORE_RESULT_START,0,,,,,,,,,,,,,,,,,,false,true,false,,,,,,,,,,,,,,
peru_first_round,PER_2026,947286,0xb06bd8cd9693172502d649f157283cf4d6b15dc6d595495eed33b70e94b6565e,71309235606705427471164237240934647738660821324581969500721476070843942340004,Yes,Will Mesías Guevara win the 2026 Peruvian presidential election?,64,2026-04-10T00:04:16.825000Z,2026-04-10T02:40:19.673000Z,0.0015,0.0015,NO,0.0015,2026-04-10T02:40:19.673000Z,AT_OR_BEFORE_RESULT_START,0,,,,,,,,,,,,,,,,,,false,true,false,,,,,,,,,,,,,,
peru_first_round,PER_2026,947287,0x28d4cee5a4bb01e0a7b1a39f8a23b2af657d9cf06d1e0ed8443c6b09329b9be3,30788846969964727903508443161348771288310100447128945399885440063546741603671,No,Will Marisol Pérez Tello win the 2026 Peruvian presidential election?,1147,2026-04-10T00:04:16.844000Z,2026-04-12T22:19:34.839000Z,0.9975,0.9985,YES,0.9985,2026-04-12T22:19:34.839000Z,AT_OR_BEFORE_RESULT_START,0,,,,,,,,,,,,,,,,,,false,true,false,,,,,,,,,,,,,,
peru_first_round,PER_2026,947287,0x28d4cee5a4bb01e0a7b1a39f8a23b2af657d9cf06d1e0ed8443c6b09329b9be3,33676951557383894515546393450532412629166294904696420306881965128761881185587,Yes,Will Marisol Pérez Tello win the 2026 Peruvian presidential election?,1147,2026-04-10T00:04:16.843000Z,2026-04-12T22:19:34.839000Z,0.0025,0.0015,NO,0.0015,2026-04-12T22:19:34.839000Z,AT_OR_BEFORE_RESULT_START,0,,,,,,,,,,,,,,,,,,false,true,false,,,,,,,,,,,,,,
peru_first_round,PER_2026,947288,0x158fdaad572880f8de3d3f00e4d3c2fbbae77108d88c29deb800141928c1e040,4706104298728283330895721401335363991910630839383072913311253715556150302824,Yes,Will Jorge Nieto win the 2026 Peruvian presidential election?,5923,2026-04-10T00:04:16.841000Z,2026-04-14T20:38:30.717000Z,0.026,0.0025,NO,0.0085,2026-04-12T22:59:59.296000Z,AT_OR_BEFORE_RESULT_START,1727,0.0085,0.164,0.0055,0.264,-4.75915278,-1.62876219,0.009,153.51,61.58,2026-04-12T23:00:19.044000Z,0.00529,2026-04-12T23:00:19.044000Z,0.00529,2026-04-12T23:00:19.044000Z,0.00529,2026-04-12T23:00:19.044000Z,0.00529,true,true,false,0.0845,2.48160983,0.123,2.87139205,0.138,2.99683267,0.2555,3.73387177,0.2555,3.73387177,0.2555,3.73387177,0.2555,3.73387177
peru_first_round,PER_2026,947288,0x158fdaad572880f8de3d3f00e4d3c2fbbae77108d88c29deb800141928c1e040,78358410652416917074153480147457833026846238321183973347826605475618415914957,No,Will Jorge Nieto win the 2026 Peruvian presidential election?,5925,2026-04-10T00:04:16.841000Z,2026-04-14T20:05:22.422000Z,0.974,0.9955,YES,0.9915,2026-04-12T22:59:59.296000Z,AT_OR_BEFORE_RESULT_START,1728,0.9915,0.836,0.736,0.9945,4.75915278,1.62876219,0.009,61.685,153.51,2026-04-12T23:00:19.044000Z,0.00529,2026-04-12T23:00:19.044000Z,0.00529,2026-04-12T23:00:19.044000Z,0.00529,2026-04-12T23:00:19.044000Z,0.00529,true,true,false,0.0845,2.48160983,0.123,2.87139205,0.138,2.99683267,0.2555,3.73387177,0.2555,3.73387177,0.2555,3.73387177,0.2555,3.73387177
peru_first_round,PER_2026,947289,0x2cd24d17f5680dc6e7b7d67c712a223ae85550745597e81bd2d2b8d073443951,40073700561695212653451049120779209383948898865772011302940523990213422296817,Yes,Will Roberto Sánchez Palomino win the 2026 Peruvian presidential election?,7910,2026-04-10T00:04:16.823000Z,2026-04-14T12:17:21.016000Z,0.079,0.1675,NO,0.025,2026-04-12T22:59:42.041000Z,AT_OR_BEFORE_RESULT_START,2462,0.0365,0.044,0.0355,0.33,-3.27326023,-3.07856828,0.006,113.0,191.42,2026-04-12T23:00:15.345000Z,0.004262,2026-04-12T23:00:15.345000Z,0.004262,2026-04-13T07:33:05.065000Z,8.551407,2026-04-12T23:00:15.345000Z,0.004262,true,true,false,0.305,2.95537659,0.305,2.95537659,0.305,2.95537659,0.305,2.95537659,0.305,2.95537659,0.305,2.95537659,0.305,2.95537659
peru_first_round,PER_2026,947289,0x2cd24d17f5680dc6e7b7d67c712a223ae85550745597e81bd2d2b8d073443951,46581835831525280126714747999686373127429627947256474439860896007472960168455,No,Will Roberto Sánchez Palomino win the 2026 Peruvian presidential election?,7919,2026-04-10T00:04:16.824000Z,2026-04-14T16:28:50.636000Z,0.921,0.7385,YES,0.975,2026-04-12T22:59:42.041000Z,AT_OR_BEFORE_RESULT_START,2462,0.9635,0.956,0.67,0.9645,3.27326023,3.07856828,0.006,191.42,113.0,2026-04-12T23:00:15.345000Z,0.004262,2026-04-12T23:00:15.345000Z,0.004262,2026-04-13T07:33:05.066000Z,8.551407,2026-04-12T23:00:15.345000Z,0.004262,true,true,false,0.305,2.95537659,0.305,2.95537659,0.305,2.95537659,0.305,2.95537659,0.305,2.95537659,0.305,2.95537659,0.305,2.95537659
peru_runoff,PER_2026,,0x8042f9bc5b551b136dc8f5911ba32101fddbb6f0abf307d4ff5827d020f70b5d,90689703712836273048089958397154641784563387180529642934508142875071239475781,YES,Peru Presidential Election Invalidated?,68,2026-06-09T01:09:43.178000Z,2026-06-09T23:23:55.337000Z,0.12,0.055,NO,0.12,2026-06-09T01:09:43.178000Z,FIRST_AFTER_RESULT_START,0,,,,,,,,,,2026-06-09T01:10:28.858000Z,25.974683,2026-06-09T13:19:40.770000Z,38.127992,,,2026-06-09T01:09:43.178000Z,25.961994,false,true,false,,,,,,,,,,,,,,
peru_runoff,PER_2026,,0x8042f9bc5b551b136dc8f5911ba32101fddbb6f0abf307d4ff5827d020f70b5d,9118431817305641326412443787020783731571788724688712080767969342975402951129,NO,Peru Presidential Election Invalidated?,81,2026-06-09T01:09:40.960000Z,2026-06-09T23:33:29.757000Z,0.88,0.945,YES,0.88,2026-06-09T01:09:40.960000Z,FIRST_AFTER_RESULT_START,0,,,,,,,,,,2026-06-09T01:10:28.858000Z,25.974683,2026-06-09T13:19:40.770000Z,38.127992,,,2026-06-09T01:09:40.960000Z,25.961378,false,true,false,,,,,,,,,,,,,,
peru_runoff,PER_2026,2483767,0x1a3669baa93c63d16c56f7c97327d6369f7fba1a74ed8c969a036e357cacb46d,28722875194591203844350214728422044337137887452608125932934352510820962935431,No,Will the JNE certify results of the second round of the 2026 Peruvian presidential elections by June 30?,3,2026-06-09T22:52:18.972000Z,2026-06-09T23:42:33.009000Z,0.5,0.48,NO,0.5,2026-06-09T22:52:18.972000Z,FIRST_AFTER_RESULT_START,0,,,,,,,,,,,,,,,,,,false,true,false,,,,,,,,,,,,,,
peru_runoff,PER_2026,2483767,0x1a3669baa93c63d16c56f7c97327d6369f7fba1a74ed8c969a036e357cacb46d,84722683664310759169631099874926277159144684066384010275310216769732241662996,Yes,Will the JNE certify results of the second round of the 2026 Peruvian presidential elections by June 30?,2,2026-06-09T22:52:18.972000Z,2026-06-09T23:49:42.008000Z,0.5,0.5,YES,0.5,2026-06-09T22:52:18.972000Z,FIRST_AFTER_RESULT_START,0,,,,,,,,,,,,,,,,,,false,true,false,,,,,,,,,,,,,,
peru_runoff,PER_2026,2483768,0xa8edfe55964eeff0d37f538b3ea25dabf77246ef939a34372c5e94f87723f144,12893854908051185570068288809703624587236188707472832147545254719362960657080,Yes,Will the JNE certify results of the second round of the 2026 Peruvian presidential elections by July 15?,6,2026-06-09T22:52:18.972000Z,2026-06-09T23:51:56.101000Z,0.5,0.5,YES,0.5,2026-06-09T22:52:18.972000Z,FIRST_AFTER_RESULT_START,0,,,,,,,,,,,,,,,,,,false,true,false,,,,,,,,,,,,,,
peru_runoff,PER_2026,2483768,0xa8edfe55964eeff0d37f538b3ea25dabf77246ef939a34372c5e94f87723f144,57362621961597627057940464582144968106892950722790052002061621258150779039689,No,Will the JNE certify results of the second round of the 2026 Peruvian presidential elections by July 15?,5,2026-06-09T22:52:18.972000Z,2026-06-09T23:51:56.101000Z,0.5,0.5,YES,0.5,2026-06-09T22:52:18.972000Z,FIRST_AFTER_RESULT_START,0,,,,,,,,,,,,,,,,,,false,true,false,,,,,,,,,,,,,,
peru_runoff,PER_2026,2483769,0x37fae8ceb9d3067dd8065bb2364bac098ebb0fbbc2fe9e374a7467ee1c8a0120,59808933016461469986732617770386510005353286737041928127338907353909283203932,No,Will the JNE certify results of the second round of the 2026 Peruvian presidential elections by July 27?,6,2026-06-09T22:52:19.157000Z,2026-06-09T23:50:04.161000Z,0.5,0.5,YES,0.5,2026-06-09T22:52:19.157000Z,FIRST_AFTER_RESULT_START,0,,,,,,,,,,,,,,,,,,false,true,false,,,,,,,,,,,,,,
peru_runoff,PER_2026,2483769,0x37fae8ceb9d3067dd8065bb2364bac098ebb0fbbc2fe9e374a7467ee1c8a0120,76622390306274677194136922990243067490720446579612838558231337498466359059572,Yes,Will the JNE certify results of the second round of the 2026 Peruvian presidential elections by July 27?,6,2026-06-09T22:52:19.157000Z,2026-06-09T23:50:04.161000Z,0.5,0.5,YES,0.5,2026-06-09T22:52:19.157000Z,FIRST_AFTER_RESULT_START,0,,,,,,,,,,,,,,,,,,false,true,false,,,,,,,,,,,,,,
peru_runoff,PER_2026,947240,0x83b661c9e68dde865ac656f20a57572e7168239445bdbde65ea6665b7a4100e4,25849494491520025004325601421985442513414260041923434930688729800422032150147,No,Will Fuerza Popular (FP) win the most seats in the 2026 Peruvian Chamber of Deputies election?,334,2026-06-05T01:34:02.650000Z,2026-06-09T23:58:54.768000Z,0.026,0.0035,NO,0.003,2026-06-07T23:08:52.659000Z,AT_OR_BEFORE_RESULT_START,10,0.003,0.0035,0.003,0.0085,-5.80613848,-5.65148617,0.004,57.29,9746.8,2026-06-07T23:29:59.532000Z,0.29987,2026-06-07T23:29:59.532000Z,0.29987,2026-06-07T23:29:59.532000Z,0.29987,2026-06-07T23:29:59.532000Z,0.29987,true,true,false,,,0.0,0.0,0.0,0.0,0.0,0.0,0.0055,1.0469857,0.0055,1.0469857,0.013,1.68710131
peru_runoff,PER_2026,947240,0x83b661c9e68dde865ac656f20a57572e7168239445bdbde65ea6665b7a4100e4,74500083728733584148299358961366660865158287035584890847432809281060790985243,Yes,Will Fuerza Popular (FP) win the most seats in the 2026 Peruvian Chamber of Deputies election?,339,2026-06-05T01:00:51.735000Z,2026-06-09T23:50:32.642000Z,0.974,0.9965,YES,0.997,2026-06-07T23:01:43.387000Z,AT_OR_BEFORE_RESULT_START,4,0.997,0.9965,0.9965,0.997,5.80613848,5.65148617,0.004,9746.8,57.29,2026-06-07T23:30:00.877000Z,0.300244,2026-06-07T23:30:00.877000Z,0.300244,2026-06-07T23:30:00.877000Z,0.300244,2026-06-07T23:30:00.877000Z,0.300244,true,true,false,,,0.0,0.0,0.0,0.0,0.0,0.0,0.0005,0.15465231,0.0005,0.15465231,0.0155,1.8348272
peru_runoff,PER_2026,947242,0x5ebc51061f4bc2bd1f50dcd736b43de3cc0e471de8b4d6e6b3951670a57d03eb,61103528961204428436449017288801738534045263541274574470094065985785029924455,No,Will Acción Popular (AP) win the most seats in the 2026 Peruvian Chamber of Deputies election?,264,2026-06-05T10:48:10.979000Z,2026-06-09T23:46:17.367000Z,0.9945,0.9985,YES,0.9985,2026-06-07T22:39:41.633000Z,AT_OR_BEFORE_RESULT_START,8,0.9985,0.9985,0.9985,0.9985,6.50078904,6.50078904,0.001,34.36,98.37,2026-06-07T23:22:18.962000Z,0.171934,2026-06-07T23:22:18.962000Z,0.171934,2026-06-07T23:22:18.962000Z,0.171934,2026-06-07T23:22:18.962000Z,0.171934,true,true,false,0.0,0.0,0.0,0.0,0.0,0.0,0.0,0.0,0.0,0.0,0.0,0.0,0.0,0.0
peru_runoff,PER_2026,947242,0x5ebc51061f4bc2bd1f50dcd736b43de3cc0e471de8b4d6e6b3951670a57d03eb,92630754815153019913281002984440535410880277334175699573101680610900343162129,Yes,Will Acción Popular (AP) win the most seats in the 2026 Peruvian Chamber of Deputies election?,277,2026-06-05T13:16:46.909000Z,2026-06-09T23:50:48.780000Z,0.0055,0.0015,NO,0.0015,2026-06-07T22:39:41.873000Z,AT_OR_BEFORE_RESULT_START,10,0.0015,0.0015,0.0015,0.0015,-6.50078904,-6.50078904,0.001,98.37,34.36,2026-06-07T23:30:01.406000Z,0.300391,2026-06-07T23:30:01.406000Z,0.300391,2026-06-07T23:30:01.406000Z,0.300391,2026-06-07T23:30:01.406000Z,0.300391,true,true,false,,,0.0,0.0,0.0,0.0,0.0,0.0,0.0,0.0,0.0,0.0,0.0,0.0
peru_runoff,PER_2026,947245,0x554542102403f12796b0f8b519adbcd966c12f7ec6652392ef78fb653de4f7bf,35032655183130812673570952719969467635956698944748396282601004870737609580612,Yes,Will Renovación Popular (RP) win the most seats in the 2026 Peruvian Chamber of Deputies election?,263,2026-06-05T13:16:45.338000Z,2026-06-08T19:49:05.037000Z,0.4145,0.007,NO,0.0015,2026-06-07T23:07:49.028000Z,AT_OR_BEFORE_RESULT_START,5,0.0015,0.003,0.0015,0.008,-6.50078904,-5.80613848,0.001,7.29,50.0,2026-06-07T23:30:12.703000Z,0.303529,2026-06-07T23:30:12.703000Z,0.303529,2026-06-07T23:30:12.703000Z,0.303529,2026-06-07T23:30:12.703000Z,0.303529,true,true,false,,,0.0,0.0,0.0,0.0,0.0,0.0,0.0065,1.68050748,0.01,2.04694744,0.3755,5.99848771
peru_runoff,PER_2026,947245,0x554542102403f12796b0f8b519adbcd966c12f7ec6652392ef78fb653de4f7bf,91858091952465373327330554200282065876579284773133287865980298779420218080925,No,Will Renovación Popular (RP) win the most seats in the 2026 Peruvian Chamber of Deputies election?,256,2026-06-05T13:16:45.858000Z,2026-06-08T19:48:56.399000Z,0.5855,0.993,YES,0.9985,2026-06-07T22:52:51.415000Z,AT_OR_BEFORE_RESULT_START,8,0.9985,0.9975,0.9975,0.9985,6.50078904,5.98896142,0.001,50.0,7.29,2026-06-07T23:18:13.977000Z,0.103882,2026-06-07T23:18:13.977000Z,0.103882,2026-06-07T23:18:13.977000Z,0.103882,2026-06-07T23:18:13.977000Z,0.103882,true,true,false,0.0,0.0,0.0,0.0,0.0,0.0,0.0,0.0,0.001,0.51182763,0.017,2.52947776,0.3755,5.99848771
peru_runoff,PER_2026,947268,0xae6d3d20bc8f742922dc40880cd8a8671c10385a9912fa7cd670fba0643dfe96,25945415793931624559794421130954173506522916582203134613102786444988212496867,No,Will Rafael López Aliaga win the 2026 Peruvian presidential election?,1127,2026-06-05T00:15:24.486000Z,2026-06-09T18:56:56.122000Z,0.9955,0.998,YES,0.9985,2026-06-07T23:05:21.960000Z,AT_OR_BEFORE_RESULT_START,50,0.9985,0.998,0.9975,0.9985,6.50078904,6.2126061,0.002,456.0,10247.395,2026-06-07T23:16:07.095000Z,0.068638,2026-06-07T23:16:07.095000Z,0.068638,2026-06-07T23:16:07.095000Z,0.068638,2026-06-07T23:16:07.095000Z,0.068638,true,true,false,0.0,0.0,0.0,0.0,0.0,0.0,0.001,0.51182763,0.001,0.51182763,0.001,0.51182763,0.001,0.51182763
peru_runoff,PER_2026,947268,0xae6d3d20bc8f742922dc40880cd8a8671c10385a9912fa7cd670fba0643dfe96,91464516107556165907566387619157396733019262339196802152206657889196699256450,Yes,Will Rafael López Aliaga win the 2026 Peruvian presidential election?,1142,2026-06-05T00:15:24.486000Z,2026-06-09T18:56:56.122000Z,0.0045,0.002,NO,0.0015,2026-06-07T23:05:21.960000Z,AT_OR_BEFORE_RESULT_START,54,0.0015,0.002,0.0015,0.0025,-6.50078904,-6.2126061,0.002,10856.84,321.0,2026-06-07T23:17:41.971000Z,0.094992,2026-06-07T23:17:41.971000Z,0.094992,2026-06-07T23:17:41.971000Z,0.094992,2026-06-07T23:17:41.971000Z,0.094992,true,true,false,0.0,0.0,0.0,0.0,0.0,0.0,0.001,0.51182763,0.001,0.51182763,0.001,0.51182763,0.001,0.51182763
peru_runoff,PER_2026,947269,0xc4c3dbcc37a957a817599b0bf9fb5bd6b62b19210b0f527fec57cb75c7ed150a,64703998724474008677827057135436893758254552168142785204605792475717308499827,Yes,Will Keiko Fujimori win the 2026 Peruvian presidential election?,17706,2026-06-05T00:00:43.003000Z,2026-06-09T23:58:54.768000Z,0.685,0.915,YES,0.795,2026-06-07T23:11:54.597000Z,AT_OR_BEFORE_RESULT_START,2920,0.795,0.72,0.245,0.815,1.35533214,0.94446161,0.01,1515.93,1787.585,2026-06-08T20:33:33.208000Z,21.359224,2026-06-09T10:29:16.276000Z,35.287854,,,2026-06-08T09:00:51.631000Z,9.814342,false,true,false,0.02,0.12750015,0.02,0.12750015,0.02,0.12750015,0.525,2.34995471,0.55,2.48079167,0.55,2.48079167,0.55,2.48079167
peru_runoff,PER_2026,947269,0xc4c3dbcc37a957a817599b0bf9fb5bd6b62b19210b0f527fec57cb75c7ed150a,92827417009887627656279362525317849309821905918650547490799438436173703158107,No,Will Keiko Fujimori win the 2026 Peruvian presidential election?,17741,2026-06-05T00:00:43.003000Z,2026-06-09T23:58:54.768000Z,0.315,0.085,NO,0.205,2026-06-07T23:11:54.597000Z,AT_OR_BEFORE_RESULT_START,2920,0.205,0.28,0.185,0.755,-1.35533214,-0.94446161,0.01,1787.585,1504.15,2026-06-08T20:33:32.806000Z,21.359113,2026-06-09T10:29:16.276000Z,35.287854,,,2026-06-08T09:00:51.631000Z,9.814342,false,true,false,0.02,0.12750015,0.02,0.12750015,0.02,0.12750015,0.525,2.34995471,0.55,2.48079167,0.55,2.48079167,0.55,2.48079167
peru_runoff,PER_2026,947289,0x2cd24d17f5680dc6e7b7d67c712a223ae85550745597e81bd2d2b8d073443951,40073700561695212653451049120779209383948898865772011302940523990213422296817,Yes,Will Roberto Sánchez Palomino win the 2026 Peruvian presidential election?,23608,2026-06-05T00:00:19.509000Z,2026-06-09T23:59:44.125000Z,0.3025,0.074,NO,0.214,2026-06-07T23:11:10.732000Z,AT_OR_BEFORE_RESULT_START,2737,0.2145,0.2885,0.1795,0.7265,-1.29801072,-0.90268033,0.016,200.0,341.23,2026-06-08T20:33:43.784000Z,21.362162,2026-06-09T09:31:19.086000Z,34.321968,,,2026-06-08T08:59:08.951000Z,9.78582,false,true,false,0.0295,0.18517118,0.0295,0.18517118,0.0295,0.18517118,0.4675,2.06165455,0.5125,2.27791764,0.5125,2.27791764,0.5125,2.27791764
peru_runoff,PER_2026,947289,0x2cd24d17f5680dc6e7b7d67c712a223ae85550745597e81bd2d2b8d073443951,46581835831525280126714747999686373127429627947256474439860896007472960168455,No,Will Roberto Sánchez Palomino win the 2026 Peruvian presidential election?,23656,2026-06-05T00:00:19.509000Z,2026-06-09T23:59:44.125000Z,0.6975,0.926,YES,0.786,2026-06-07T23:11:10.732000Z,AT_OR_BEFORE_RESULT_START,2739,0.7855,0.7115,0.2735,0.8205,1.29801072,0.90268033,0.016,341.23,200.0,2026-06-08T20:33:43.784000Z,21.362162,2026-06-09T09:31:19.086000Z,34.321968,,,2026-06-08T08:59:08.433000Z,9.785676,false,true,false,0.0295,0.18517118,0.0295,0.18517118,0.0295,0.18517118,0.4675,2.06165455,0.5125,2.27791764,0.5125,2.27791764,0.5125,2.27791764
