event,regime,resolution_seconds,horizon_seconds,metric,tested_ordered_pairs,available_pairs,unavailable_pairs,mean_abs_effect,mean_abs_correlation,unsupported_cells,insufficient_cells
hungary_election,PRE_ELECTION,1,1,price_to_future_price,2,2,0,2.5980664879728447e-06,0.00805575548588635,0,0
hungary_election,PRE_ELECTION,1,1,imbalance_to_future_price,2,2,0,4.68174152250736e-05,0.03609139958034375,0,0
hungary_election,PRE_ELECTION,1,1,price_to_future_imbalance,2,2,0,0.017427071391752504,0.04820219783370659,0,0
hungary_election,PRE_ELECTION,1,1,liquidity_to_future_price,2,2,0,5.371192658865414e-05,0.03799246269758237,0,0
hungary_election,PRE_ELECTION,1,1,activity_to_future_price,2,2,0,1.907766414095277e-06,0.005778196529466735,0,0
hungary_election,PRE_ELECTION,1,1,depth_activity_to_future_price,2,2,0,2.136301014347923e-06,0.005464261869767576,0,0
hungary_election,PRE_ELECTION,1,1,venue_trade_count_to_future_price,2,0,2,,,0,2
hungary_election,PRE_ELECTION,1,1,venue_trade_notional_to_future_price,2,0,2,,,0,2
hungary_election,PRE_ELECTION,1,1,fill_count_to_future_price,2,2,0,1.2715510474679836e-06,0.0032207545372185324,0,0
hungary_election,PRE_ELECTION,1,1,fill_notional_to_future_price,2,2,0,2.342093728055313e-06,0.00611385628320155,0,0
hungary_election,PRE_ELECTION,1,5,price_to_future_price,2,2,0,3.941054526870628e-06,0.0058884279137606955,0,0
hungary_election,PRE_ELECTION,1,5,imbalance_to_future_price,2,2,0,0.00017208887056307666,0.06457530188303698,0,0
hungary_election,PRE_ELECTION,1,5,price_to_future_imbalance,2,2,0,0.016275698477601575,0.04709106760523971,0,0
hungary_election,PRE_ELECTION,1,5,liquidity_to_future_price,2,2,0,9.466742604310382e-05,0.0327703861803417,0,0
hungary_election,PRE_ELECTION,1,5,activity_to_future_price,2,2,0,4.92941744924184e-06,0.007296378713352656,0,0
hungary_election,PRE_ELECTION,1,5,depth_activity_to_future_price,2,2,0,6.3720574337256874e-06,0.009429347239265081,0,0
hungary_election,PRE_ELECTION,1,5,venue_trade_count_to_future_price,2,0,2,,,0,2
hungary_election,PRE_ELECTION,1,5,venue_trade_notional_to_future_price,2,0,2,,,0,2
hungary_election,PRE_ELECTION,1,5,fill_count_to_future_price,2,2,0,2.912013769765835e-06,0.00438928232558409,0,0
hungary_election,PRE_ELECTION,1,5,fill_notional_to_future_price,2,2,0,3.3749549599775265e-06,0.005005126438232766,0,0
hungary_election,PRE_ELECTION,1,15,price_to_future_price,2,2,0,4.075768280829097e-06,0.0038246478936513678,0,0
hungary_election,PRE_ELECTION,1,15,imbalance_to_future_price,2,2,0,0.0002680170043195268,0.07334570317617711,0,0
hungary_election,PRE_ELECTION,1,15,price_to_future_imbalance,2,2,0,0.002970134985645829,0.007775753639007134,0,0
hungary_election,PRE_ELECTION,1,15,liquidity_to_future_price,2,2,0,6.0333687790352686e-05,0.016411665212709585,0,0
hungary_election,PRE_ELECTION,1,15,activity_to_future_price,2,2,0,1.523367354000384e-05,0.014348052554972991,0,0
hungary_election,PRE_ELECTION,1,15,depth_activity_to_future_price,2,2,0,7.804777550473162e-06,0.007419083801334196,0,0
hungary_election,PRE_ELECTION,1,15,venue_trade_count_to_future_price,2,0,2,,,0,2
hungary_election,PRE_ELECTION,1,15,venue_trade_notional_to_future_price,2,0,2,,,0,2
hungary_election,PRE_ELECTION,1,15,fill_count_to_future_price,2,2,0,7.040200117893226e-06,0.006630930278867983,0,0
hungary_election,PRE_ELECTION,1,15,fill_notional_to_future_price,2,2,0,4.424472344419459e-06,0.0041880752217167225,0,0
hungary_election,PRE_ELECTION,1,30,price_to_future_price,2,2,0,8.925889743468965e-06,0.006455841223022908,0,0
hungary_election,PRE_ELECTION,1,30,imbalance_to_future_price,2,2,0,0.00031681693455431017,0.07031635652979906,0,0
hungary_election,PRE_ELECTION,1,30,price_to_future_imbalance,2,2,0,0.0041717784657177015,0.01059248402713562,0,0
hungary_election,PRE_ELECTION,1,30,liquidity_to_future_price,2,2,0,0.0001520005348511939,0.03422355581007541,0,0
hungary_election,PRE_ELECTION,1,30,activity_to_future_price,2,2,0,2.0285403628616756e-05,0.014783502016253357,0,0
hungary_election,PRE_ELECTION,1,30,depth_activity_to_future_price,2,2,0,1.2740886159269498e-05,0.009348675000406917,0,0
hungary_election,PRE_ELECTION,1,30,venue_trade_count_to_future_price,2,0,2,,,0,2
hungary_election,PRE_ELECTION,1,30,venue_trade_notional_to_future_price,2,0,2,,,0,2
hungary_election,PRE_ELECTION,1,30,fill_count_to_future_price,2,2,0,9.707645503230778e-06,0.007018965060466356,0,0
hungary_election,PRE_ELECTION,1,30,fill_notional_to_future_price,2,2,0,6.578310632662878e-06,0.004820573492102084,0,0
hungary_election,PRE_ELECTION,1,60,price_to_future_price,2,2,0,8.234838627770742e-06,0.00448594511852023,0,0
hungary_election,PRE_ELECTION,1,60,imbalance_to_future_price,2,2,0,0.0002409645836902399,0.0476833056768482,0,0
hungary_election,PRE_ELECTION,1,60,price_to_future_imbalance,2,2,0,0.0026979328135183465,0.00738020625903264,0,0
hungary_election,PRE_ELECTION,1,60,liquidity_to_future_price,2,2,0,9.795972432036255e-05,0.0180627865336219,0,0
hungary_election,PRE_ELECTION,1,60,activity_to_future_price,2,2,0,2.672114905351265e-05,0.014713488161076413,0,0
hungary_election,PRE_ELECTION,1,60,depth_activity_to_future_price,2,2,0,2.0689700608804544e-05,0.011366558567950897,0,0
hungary_election,PRE_ELECTION,1,60,venue_trade_count_to_future_price,2,0,2,,,0,2
hungary_election,PRE_ELECTION,1,60,venue_trade_notional_to_future_price,2,0,2,,,0,2
hungary_election,PRE_ELECTION,1,60,fill_count_to_future_price,2,2,0,1.3109936724369129e-05,0.0071275713229608795,0,0
hungary_election,PRE_ELECTION,1,60,fill_notional_to_future_price,2,2,0,9.927064872917685e-06,0.005573373028175923,0,0
hungary_election,PRE_ELECTION,1,120,price_to_future_price,2,2,0,1.4310866093820699e-05,0.0057380832949196214,0,0
hungary_election,PRE_ELECTION,1,120,imbalance_to_future_price,2,2,0,0.0002900262056516284,0.04463287618225908,0,0
hungary_election,PRE_ELECTION,1,120,price_to_future_imbalance,2,2,0,0.03482655537564165,0.1046339483648148,0,0
hungary_election,PRE_ELECTION,1,120,liquidity_to_future_price,2,2,0,0.00014177586956523383,0.021573980641056367,0,0
hungary_election,PRE_ELECTION,1,120,activity_to_future_price,2,2,0,3.665679992299849e-05,0.015082768022171907,0,0
hungary_election,PRE_ELECTION,1,120,depth_activity_to_future_price,2,2,0,1.991481395975546e-05,0.00834010303810807,0,0
hungary_election,PRE_ELECTION,1,120,venue_trade_count_to_future_price,2,0,2,,,0,2
hungary_election,PRE_ELECTION,1,120,venue_trade_notional_to_future_price,2,0,2,,,0,2
hungary_election,PRE_ELECTION,1,120,fill_count_to_future_price,2,2,0,1.6404408286345556e-05,0.006646324233369145,0,0
hungary_election,PRE_ELECTION,1,120,fill_notional_to_future_price,2,2,0,1.053628134471005e-05,0.004335464915782339,0,0
hungary_election,PRE_ELECTION,1,300,price_to_future_price,2,2,0,1.6730215684913723e-05,0.0045006629571278075,0,0
hungary_election,PRE_ELECTION,1,300,imbalance_to_future_price,2,2,0,0.00031005223045421995,0.021779779555492977,0,0
hungary_election,PRE_ELECTION,1,300,price_to_future_imbalance,2,2,0,0.002181232060199608,0.005431080087624956,0,0
hungary_election,PRE_ELECTION,1,300,liquidity_to_future_price,2,2,0,0.0001994489030506232,0.013469221339530142,0,0
hungary_election,PRE_ELECTION,1,300,activity_to_future_price,2,2,0,8.808153745479822e-05,0.023934311572146774,0,0
hungary_election,PRE_ELECTION,1,300,depth_activity_to_future_price,2,2,0,8.861945353452676e-05,0.02402069653785993,0,0
hungary_election,PRE_ELECTION,1,300,venue_trade_count_to_future_price,2,0,2,,,0,2
hungary_election,PRE_ELECTION,1,300,venue_trade_notional_to_future_price,2,0,2,,,0,2
hungary_election,PRE_ELECTION,1,300,fill_count_to_future_price,2,2,0,5.521441782216153e-05,0.01491567923508003,0,0
hungary_election,PRE_ELECTION,1,300,fill_notional_to_future_price,2,2,0,2.8097267802063737e-05,0.007490991951926888,0,0
hungary_election,PRE_ELECTION,5,1,price_to_future_price,2,0,2,,,2,0
hungary_election,PRE_ELECTION,5,1,imbalance_to_future_price,2,0,2,,,2,0
hungary_election,PRE_ELECTION,5,1,price_to_future_imbalance,2,0,2,,,2,0
hungary_election,PRE_ELECTION,5,1,liquidity_to_future_price,2,0,2,,,2,0
hungary_election,PRE_ELECTION,5,1,activity_to_future_price,2,0,2,,,2,0
hungary_election,PRE_ELECTION,5,1,depth_activity_to_future_price,2,0,2,,,2,0
hungary_election,PRE_ELECTION,5,1,venue_trade_count_to_future_price,2,0,2,,,2,0
hungary_election,PRE_ELECTION,5,1,venue_trade_notional_to_future_price,2,0,2,,,2,0
hungary_election,PRE_ELECTION,5,1,fill_count_to_future_price,2,0,2,,,2,0
hungary_election,PRE_ELECTION,5,1,fill_notional_to_future_price,2,0,2,,,2,0
hungary_election,PRE_ELECTION,5,5,price_to_future_price,2,2,0,8.070185179955894e-06,0.01211709426993108,0,0
hungary_election,PRE_ELECTION,5,5,imbalance_to_future_price,2,2,0,2.118276271536591e-05,0.013256274899876132,0,0
hungary_election,PRE_ELECTION,5,5,price_to_future_imbalance,2,2,0,0.00604154153031616,0.01468452431526673,0,0
hungary_election,PRE_ELECTION,5,5,liquidity_to_future_price,2,2,0,8.914321958221574e-05,0.05593844917066097,0,0
hungary_election,PRE_ELECTION,5,5,activity_to_future_price,2,2,0,4.087131769433647e-06,0.006028543162780747,0,0
hungary_election,PRE_ELECTION,5,5,depth_activity_to_future_price,2,2,0,4.281786267012721e-06,0.006354009517160445,0,0
hungary_election,PRE_ELECTION,5,5,venue_trade_count_to_future_price,2,0,2,,,0,2
hungary_election,PRE_ELECTION,5,5,venue_trade_notional_to_future_price,2,0,2,,,0,2
hungary_election,PRE_ELECTION,5,5,fill_count_to_future_price,2,2,0,6.40959014139976e-06,0.00955032746018723,0,0
hungary_election,PRE_ELECTION,5,5,fill_notional_to_future_price,2,2,0,9.835806102673618e-06,0.014525134332461121,0,0
hungary_election,PRE_ELECTION,5,15,price_to_future_price,2,2,0,8.241126789215756e-06,0.00771995160513906,0,0
hungary_election,PRE_ELECTION,5,15,imbalance_to_future_price,2,2,0,5.703260499006487e-05,0.022494911119956097,0,0
hungary_election,PRE_ELECTION,5,15,price_to_future_imbalance,2,2,0,0.006838949466645113,0.016945443109213393,0,0
hungary_election,PRE_ELECTION,5,15,liquidity_to_future_price,2,2,0,0.00011893962938064358,0.05032894240385266,0,0
hungary_election,PRE_ELECTION,5,15,activity_to_future_price,2,2,0,2.2777854283414536e-05,0.021532037087550984,0,0
hungary_election,PRE_ELECTION,5,15,depth_activity_to_future_price,2,2,0,1.5703518983732402e-05,0.014883433053039637,0,0
hungary_election,PRE_ELECTION,5,15,venue_trade_count_to_future_price,2,0,2,,,0,2
hungary_election,PRE_ELECTION,5,15,venue_trade_notional_to_future_price,2,0,2,,,0,2
hungary_election,PRE_ELECTION,5,15,fill_count_to_future_price,2,2,0,1.5163015024387744e-05,0.014319437313031801,0,0
hungary_election,PRE_ELECTION,5,15,fill_notional_to_future_price,2,2,0,1.1742106611199617e-05,0.011101380162614295,0,0
hungary_election,PRE_ELECTION,5,30,price_to_future_price,2,2,0,1.5096972797808096e-05,0.010958076306803729,0,0
hungary_election,PRE_ELECTION,5,30,imbalance_to_future_price,2,2,0,0.00012709992952952647,0.03461174766478724,0,0
hungary_election,PRE_ELECTION,5,30,price_to_future_imbalance,2,2,0,0.005543333708607065,0.013331944042430922,0,0
hungary_election,PRE_ELECTION,5,30,liquidity_to_future_price,2,2,0,0.00011589830991154301,0.03516362371624478,0,0
hungary_election,PRE_ELECTION,5,30,activity_to_future_price,2,2,0,3.048428469244221e-05,0.022307408336982304,0,0
hungary_election,PRE_ELECTION,5,30,depth_activity_to_future_price,2,2,0,2.268200248311664e-05,0.016537155729780283,0,0
hungary_election,PRE_ELECTION,5,30,venue_trade_count_to_future_price,2,0,2,,,0,2
hungary_election,PRE_ELECTION,5,30,venue_trade_notional_to_future_price,2,0,2,,,0,2
hungary_election,PRE_ELECTION,5,30,fill_count_to_future_price,2,2,0,1.959760075713414e-05,0.014194572396317988,0,0
hungary_election,PRE_ELECTION,5,30,fill_notional_to_future_price,2,2,0,1.4688847237641223e-05,0.010766494639894333,0,0
hungary_election,PRE_ELECTION,5,60,price_to_future_price,2,2,0,1.268695235302275e-05,0.006915651743584069,0,0
hungary_election,PRE_ELECTION,5,60,imbalance_to_future_price,2,2,0,5.1001091656371805e-05,0.009966896612290993,0,0
hungary_election,PRE_ELECTION,5,60,price_to_future_imbalance,2,2,0,0.007727589534993964,0.0191103732728264,0,0
hungary_election,PRE_ELECTION,5,60,liquidity_to_future_price,2,2,0,0.00014717356658905305,0.033415064841702986,0,0
hungary_election,PRE_ELECTION,5,60,activity_to_future_price,2,2,0,4.379264733540942e-05,0.024248562967860744,0,0
hungary_election,PRE_ELECTION,5,60,depth_activity_to_future_price,2,2,0,3.4187706105925415e-05,0.01876730333693327,0,0
hungary_election,PRE_ELECTION,5,60,venue_trade_count_to_future_price,2,0,2,,,0,2
hungary_election,PRE_ELECTION,5,60,venue_trade_notional_to_future_price,2,0,2,,,0,2
hungary_election,PRE_ELECTION,5,60,fill_count_to_future_price,2,2,0,2.54850142960646e-05,0.013997176126714802,0,0
hungary_election,PRE_ELECTION,5,60,fill_notional_to_future_price,2,2,0,2.3583979148437194e-05,0.013080214496986903,0,0
hungary_election,PRE_ELECTION,5,120,price_to_future_price,2,2,0,3.0394374178690108e-05,0.012171012191523813,0,0
hungary_election,PRE_ELECTION,5,120,imbalance_to_future_price,2,2,0,0.00011169821938929934,0.019801654440665006,0,0
hungary_election,PRE_ELECTION,5,120,price_to_future_imbalance,2,2,0,0.009681814703059694,0.023733806884703064,0,0
hungary_election,PRE_ELECTION,5,120,liquidity_to_future_price,2,2,0,0.00016790591818868964,0.029596592050026734,0,0
hungary_election,PRE_ELECTION,5,120,activity_to_future_price,2,2,0,5.696531255993421e-05,0.02354062859071654,0,0
hungary_election,PRE_ELECTION,5,120,depth_activity_to_future_price,2,2,0,3.757675320238715e-05,0.015634390323412652,0,0
hungary_election,PRE_ELECTION,5,120,venue_trade_count_to_future_price,2,0,2,,,0,2
hungary_election,PRE_ELECTION,5,120,venue_trade_notional_to_future_price,2,0,2,,,0,2
hungary_election,PRE_ELECTION,5,120,fill_count_to_future_price,2,2,0,3.298879897869222e-05,0.01345077702384884,0,0
hungary_election,PRE_ELECTION,5,120,fill_notional_to_future_price,2,2,0,2.4594696952058215e-05,0.010042160100279581,0,0
hungary_election,PRE_ELECTION,5,300,price_to_future_price,2,2,0,4.1898905686225985e-05,0.011226148299274543,0,0
hungary_election,PRE_ELECTION,5,300,imbalance_to_future_price,2,2,0,0.0003069159918449572,0.03032294517687234,0,0
hungary_election,PRE_ELECTION,5,300,price_to_future_imbalance,2,2,0,0.011347659661172965,0.02795292983033338,0,0
hungary_election,PRE_ELECTION,5,300,liquidity_to_future_price,2,2,0,0.00021861079759483785,0.021497951737939867,0,0
hungary_election,PRE_ELECTION,5,300,activity_to_future_price,2,2,0,0.00015184446353061964,0.041258082683294735,0,0
hungary_election,PRE_ELECTION,5,300,depth_activity_to_future_price,2,2,0,0.0001609269325599828,0.04375210000946163,0,0
hungary_election,PRE_ELECTION,5,300,venue_trade_count_to_future_price,2,0,2,,,0,2
hungary_election,PRE_ELECTION,5,300,venue_trade_notional_to_future_price,2,0,2,,,0,2
hungary_election,PRE_ELECTION,5,300,fill_count_to_future_price,2,2,0,0.00011134123476092008,0.030214322469011103,0,0
hungary_election,PRE_ELECTION,5,300,fill_notional_to_future_price,2,2,0,5.984160913365667e-05,0.01596373531123262,0,0
hungary_election,PRE_ELECTION,30,1,price_to_future_price,2,0,2,,,2,0
hungary_election,PRE_ELECTION,30,1,imbalance_to_future_price,2,0,2,,,2,0
hungary_election,PRE_ELECTION,30,1,price_to_future_imbalance,2,0,2,,,2,0
hungary_election,PRE_ELECTION,30,1,liquidity_to_future_price,2,0,2,,,2,0
hungary_election,PRE_ELECTION,30,1,activity_to_future_price,2,0,2,,,2,0
hungary_election,PRE_ELECTION,30,1,depth_activity_to_future_price,2,0,2,,,2,0
hungary_election,PRE_ELECTION,30,1,venue_trade_count_to_future_price,2,0,2,,,2,0
hungary_election,PRE_ELECTION,30,1,venue_trade_notional_to_future_price,2,0,2,,,2,0
hungary_election,PRE_ELECTION,30,1,fill_count_to_future_price,2,0,2,,,2,0
hungary_election,PRE_ELECTION,30,1,fill_notional_to_future_price,2,0,2,,,2,0
hungary_election,PRE_ELECTION,30,5,price_to_future_price,2,0,2,,,2,0
hungary_election,PRE_ELECTION,30,5,imbalance_to_future_price,2,0,2,,,2,0
hungary_election,PRE_ELECTION,30,5,price_to_future_imbalance,2,0,2,,,2,0
hungary_election,PRE_ELECTION,30,5,liquidity_to_future_price,2,0,2,,,2,0
hungary_election,PRE_ELECTION,30,5,activity_to_future_price,2,0,2,,,2,0
hungary_election,PRE_ELECTION,30,5,depth_activity_to_future_price,2,0,2,,,2,0
hungary_election,PRE_ELECTION,30,5,venue_trade_count_to_future_price,2,0,2,,,2,0
hungary_election,PRE_ELECTION,30,5,venue_trade_notional_to_future_price,2,0,2,,,2,0
hungary_election,PRE_ELECTION,30,5,fill_count_to_future_price,2,0,2,,,2,0
hungary_election,PRE_ELECTION,30,5,fill_notional_to_future_price,2,0,2,,,2,0
hungary_election,PRE_ELECTION,30,15,price_to_future_price,2,0,2,,,2,0
hungary_election,PRE_ELECTION,30,15,imbalance_to_future_price,2,0,2,,,2,0
hungary_election,PRE_ELECTION,30,15,price_to_future_imbalance,2,0,2,,,2,0
hungary_election,PRE_ELECTION,30,15,liquidity_to_future_price,2,0,2,,,2,0
hungary_election,PRE_ELECTION,30,15,activity_to_future_price,2,0,2,,,2,0
hungary_election,PRE_ELECTION,30,15,depth_activity_to_future_price,2,0,2,,,2,0
hungary_election,PRE_ELECTION,30,15,venue_trade_count_to_future_price,2,0,2,,,2,0
hungary_election,PRE_ELECTION,30,15,venue_trade_notional_to_future_price,2,0,2,,,2,0
hungary_election,PRE_ELECTION,30,15,fill_count_to_future_price,2,0,2,,,2,0
hungary_election,PRE_ELECTION,30,15,fill_notional_to_future_price,2,0,2,,,2,0
hungary_election,PRE_ELECTION,30,30,price_to_future_price,2,2,0,4.17627901028557e-05,0.030582065103843058,0,0
hungary_election,PRE_ELECTION,30,30,imbalance_to_future_price,2,2,0,8.633981311062175e-05,0.03482675232306377,0,0
hungary_election,PRE_ELECTION,30,30,price_to_future_imbalance,2,2,0,0.023776842738108112,0.044402958540339564,0,0
hungary_election,PRE_ELECTION,30,30,liquidity_to_future_price,2,2,0,0.00013326020751682608,0.05179701797878895,0,0
hungary_election,PRE_ELECTION,30,30,activity_to_future_price,2,2,0,2.9302121686137754e-05,0.021765545524736325,0,0
hungary_election,PRE_ELECTION,30,30,depth_activity_to_future_price,2,2,0,3.0378357408671153e-05,0.022443972448364446,0,0
hungary_election,PRE_ELECTION,30,30,venue_trade_count_to_future_price,2,0,2,,,0,2
hungary_election,PRE_ELECTION,30,30,venue_trade_notional_to_future_price,2,0,2,,,0,2
hungary_election,PRE_ELECTION,30,30,fill_count_to_future_price,2,2,0,3.0743098306527056e-05,0.02283706562268395,0,0
hungary_election,PRE_ELECTION,30,30,fill_notional_to_future_price,2,2,0,3.748628586585668e-05,0.027929253937223873,0,0
hungary_election,PRE_ELECTION,30,60,price_to_future_price,2,2,0,5.029198873231468e-05,0.027219765269273395,0,0
hungary_election,PRE_ELECTION,30,60,imbalance_to_future_price,2,2,0,3.078773095421179e-05,0.009586310842536548,0,0
hungary_election,PRE_ELECTION,30,60,price_to_future_imbalance,2,2,0,0.03835409828737292,0.07193725255220337,0,0
hungary_election,PRE_ELECTION,30,60,liquidity_to_future_price,2,2,0,0.00021716236956041305,0.06994949260459934,0,0
hungary_election,PRE_ELECTION,30,60,activity_to_future_price,2,2,0,4.588494240486618e-05,0.025355457818661047,0,0
hungary_election,PRE_ELECTION,30,60,depth_activity_to_future_price,2,2,0,2.0394643700783897e-05,0.011355419589288845,0,0
hungary_election,PRE_ELECTION,30,60,venue_trade_count_to_future_price,2,0,2,,,0,2
hungary_election,PRE_ELECTION,30,60,venue_trade_notional_to_future_price,2,0,2,,,0,2
hungary_election,PRE_ELECTION,30,60,fill_count_to_future_price,2,2,0,2.1240354831499405e-05,0.01192674025346106,0,0
hungary_election,PRE_ELECTION,30,60,fill_notional_to_future_price,2,2,0,4.688300631748044e-05,0.02569950716593972,0,0
hungary_election,PRE_ELECTION,30,120,price_to_future_price,2,2,0,9.297240811772403e-05,0.03706461478759008,0,0
hungary_election,PRE_ELECTION,30,120,imbalance_to_future_price,2,2,0,0.00018432209005366722,0.04261726264194124,0,0
hungary_election,PRE_ELECTION,30,120,price_to_future_imbalance,2,2,0,0.011340679409399715,0.0221867127784394,0,0
hungary_election,PRE_ELECTION,30,120,liquidity_to_future_price,2,2,0,0.00024213377774809098,0.05609882472342087,0,0
hungary_election,PRE_ELECTION,30,120,activity_to_future_price,2,2,0,7.051711856241416e-05,0.029290994124037614,0,0
hungary_election,PRE_ELECTION,30,120,depth_activity_to_future_price,2,2,0,5.705317256746503e-05,0.023789245144049287,0,0
hungary_election,PRE_ELECTION,30,120,venue_trade_count_to_future_price,2,0,2,,,0,2
hungary_election,PRE_ELECTION,30,120,venue_trade_notional_to_future_price,2,0,2,,,0,2
hungary_election,PRE_ELECTION,30,120,fill_count_to_future_price,2,2,0,4.901059211555191e-05,0.020321807480404238,0,0
hungary_election,PRE_ELECTION,30,120,fill_notional_to_future_price,2,2,0,5.9451110325318384e-05,0.024072714320958755,0,0
hungary_election,PRE_ELECTION,30,300,price_to_future_price,2,2,0,0.00010089005684465869,0.02711780256732111,0,0
hungary_election,PRE_ELECTION,30,300,imbalance_to_future_price,2,2,0,0.0002585661341819846,0.03558122528673584,0,0
hungary_election,PRE_ELECTION,30,300,price_to_future_imbalance,2,2,0,0.01329265927763727,0.024816702323799893,0,0
hungary_election,PRE_ELECTION,30,300,liquidity_to_future_price,2,2,0,0.00013489898966093612,0.019770548791694806,0,0
hungary_election,PRE_ELECTION,30,300,activity_to_future_price,2,2,0,0.00019821375934731588,0.05402332728812588,0,0
hungary_election,PRE_ELECTION,30,300,depth_activity_to_future_price,2,2,0,0.00025440931378234194,0.06980592628761764,0,0
hungary_election,PRE_ELECTION,30,300,venue_trade_count_to_future_price,2,0,2,,,0,2
hungary_election,PRE_ELECTION,30,300,venue_trade_notional_to_future_price,2,0,2,,,0,2
hungary_election,PRE_ELECTION,30,300,fill_count_to_future_price,2,2,0,0.00017784464963757098,0.048878511013698514,0,0
hungary_election,PRE_ELECTION,30,300,fill_notional_to_future_price,2,2,0,0.0001264089930620607,0.03383259358160299,0,0
hungary_election,PRE_ELECTION,60,1,price_to_future_price,2,0,2,,,2,0
hungary_election,PRE_ELECTION,60,1,imbalance_to_future_price,2,0,2,,,2,0
hungary_election,PRE_ELECTION,60,1,price_to_future_imbalance,2,0,2,,,2,0
hungary_election,PRE_ELECTION,60,1,liquidity_to_future_price,2,0,2,,,2,0
hungary_election,PRE_ELECTION,60,1,activity_to_future_price,2,0,2,,,2,0
hungary_election,PRE_ELECTION,60,1,depth_activity_to_future_price,2,0,2,,,2,0
hungary_election,PRE_ELECTION,60,1,venue_trade_count_to_future_price,2,0,2,,,2,0
hungary_election,PRE_ELECTION,60,1,venue_trade_notional_to_future_price,2,0,2,,,2,0
hungary_election,PRE_ELECTION,60,1,fill_count_to_future_price,2,0,2,,,2,0
hungary_election,PRE_ELECTION,60,1,fill_notional_to_future_price,2,0,2,,,2,0
hungary_election,PRE_ELECTION,60,5,price_to_future_price,2,0,2,,,2,0
hungary_election,PRE_ELECTION,60,5,imbalance_to_future_price,2,0,2,,,2,0
hungary_election,PRE_ELECTION,60,5,price_to_future_imbalance,2,0,2,,,2,0
hungary_election,PRE_ELECTION,60,5,liquidity_to_future_price,2,0,2,,,2,0
hungary_election,PRE_ELECTION,60,5,activity_to_future_price,2,0,2,,,2,0
hungary_election,PRE_ELECTION,60,5,depth_activity_to_future_price,2,0,2,,,2,0
hungary_election,PRE_ELECTION,60,5,venue_trade_count_to_future_price,2,0,2,,,2,0
hungary_election,PRE_ELECTION,60,5,venue_trade_notional_to_future_price,2,0,2,,,2,0
hungary_election,PRE_ELECTION,60,5,fill_count_to_future_price,2,0,2,,,2,0
hungary_election,PRE_ELECTION,60,5,fill_notional_to_future_price,2,0,2,,,2,0
hungary_election,PRE_ELECTION,60,15,price_to_future_price,2,0,2,,,2,0
hungary_election,PRE_ELECTION,60,15,imbalance_to_future_price,2,0,2,,,2,0
hungary_election,PRE_ELECTION,60,15,price_to_future_imbalance,2,0,2,,,2,0
hungary_election,PRE_ELECTION,60,15,liquidity_to_future_price,2,0,2,,,2,0
hungary_election,PRE_ELECTION,60,15,activity_to_future_price,2,0,2,,,2,0
hungary_election,PRE_ELECTION,60,15,depth_activity_to_future_price,2,0,2,,,2,0
hungary_election,PRE_ELECTION,60,15,venue_trade_count_to_future_price,2,0,2,,,2,0
hungary_election,PRE_ELECTION,60,15,venue_trade_notional_to_future_price,2,0,2,,,2,0
hungary_election,PRE_ELECTION,60,15,fill_count_to_future_price,2,0,2,,,2,0
hungary_election,PRE_ELECTION,60,15,fill_notional_to_future_price,2,0,2,,,2,0
hungary_election,PRE_ELECTION,60,30,price_to_future_price,2,0,2,,,2,0
hungary_election,PRE_ELECTION,60,30,imbalance_to_future_price,2,0,2,,,2,0
hungary_election,PRE_ELECTION,60,30,price_to_future_imbalance,2,0,2,,,2,0
hungary_election,PRE_ELECTION,60,30,liquidity_to_future_price,2,0,2,,,2,0
hungary_election,PRE_ELECTION,60,30,activity_to_future_price,2,0,2,,,2,0
hungary_election,PRE_ELECTION,60,30,depth_activity_to_future_price,2,0,2,,,2,0
hungary_election,PRE_ELECTION,60,30,venue_trade_count_to_future_price,2,0,2,,,2,0
hungary_election,PRE_ELECTION,60,30,venue_trade_notional_to_future_price,2,0,2,,,2,0
hungary_election,PRE_ELECTION,60,30,fill_count_to_future_price,2,0,2,,,2,0
hungary_election,PRE_ELECTION,60,30,fill_notional_to_future_price,2,0,2,,,2,0
hungary_election,PRE_ELECTION,60,60,price_to_future_price,2,2,0,5.760602354678428e-05,0.03027511376054897,0,0
hungary_election,PRE_ELECTION,60,60,imbalance_to_future_price,2,2,0,0.00010469952589844115,0.034933836036108674,0,0
hungary_election,PRE_ELECTION,60,60,price_to_future_imbalance,2,2,0,0.023000992630913646,0.044776445408119425,0,0
hungary_election,PRE_ELECTION,60,60,liquidity_to_future_price,2,2,0,9.572133734056615e-05,0.031172849505086225,0,0
hungary_election,PRE_ELECTION,60,60,activity_to_future_price,2,2,0,4.0134244842038705e-05,0.021805171885674355,0,0
hungary_election,PRE_ELECTION,60,60,depth_activity_to_future_price,2,2,0,3.1656028356884586e-05,0.017279913542380017,0,0
hungary_election,PRE_ELECTION,60,60,venue_trade_count_to_future_price,2,0,2,,,0,2
hungary_election,PRE_ELECTION,60,60,venue_trade_notional_to_future_price,2,0,2,,,0,2
hungary_election,PRE_ELECTION,60,60,fill_count_to_future_price,2,2,0,1.785997646324849e-05,0.009926656599084245,0,0
hungary_election,PRE_ELECTION,60,60,fill_notional_to_future_price,2,2,0,3.331987841942973e-05,0.018258857432910103,0,0
hungary_election,PRE_ELECTION,60,120,price_to_future_price,2,2,0,8.66476192187636e-05,0.03389674445630424,0,0
hungary_election,PRE_ELECTION,60,120,imbalance_to_future_price,2,2,0,0.00017356996625176948,0.04195681323603625,0,0
hungary_election,PRE_ELECTION,60,120,price_to_future_imbalance,2,2,0,0.027630862627950406,0.053405320599910946,0,0
hungary_election,PRE_ELECTION,60,120,liquidity_to_future_price,2,2,0,0.00012680507985759256,0.03069711952901026,0,0
hungary_election,PRE_ELECTION,60,120,activity_to_future_price,2,2,0,8.190064381552826e-05,0.033610994046139604,0,0
hungary_election,PRE_ELECTION,60,120,depth_activity_to_future_price,2,2,0,8.761959082967363e-05,0.03610336025414259,0,0
hungary_election,PRE_ELECTION,60,120,venue_trade_count_to_future_price,2,0,2,,,0,2
hungary_election,PRE_ELECTION,60,120,venue_trade_notional_to_future_price,2,0,2,,,0,2
hungary_election,PRE_ELECTION,60,120,fill_count_to_future_price,2,2,0,8.116130124780503e-05,0.03327086236106811,0,0
hungary_election,PRE_ELECTION,60,120,fill_notional_to_future_price,2,2,0,8.112566101988642e-05,0.032306843760678064,0,0
hungary_election,PRE_ELECTION,60,300,price_to_future_price,2,2,0,0.00011292383605761682,0.03019692173745693,0,0
hungary_election,PRE_ELECTION,60,300,imbalance_to_future_price,2,2,0,0.0002650557136345908,0.04457841143532265,0,0
hungary_election,PRE_ELECTION,60,300,price_to_future_imbalance,2,2,0,0.005513006237538103,0.01138745657176358,0,0
hungary_election,PRE_ELECTION,60,300,liquidity_to_future_price,2,2,0,0.00013820944394581433,0.02328234239433717,0,0
hungary_election,PRE_ELECTION,60,300,activity_to_future_price,2,2,0,0.00022905616568706828,0.06195431826111272,0,0
hungary_election,PRE_ELECTION,60,300,depth_activity_to_future_price,2,2,0,0.00033556526154094045,0.09142764554054754,0,0
hungary_election,PRE_ELECTION,60,300,venue_trade_count_to_future_price,2,0,2,,,0,2
hungary_election,PRE_ELECTION,60,300,venue_trade_notional_to_future_price,2,0,2,,,0,2
hungary_election,PRE_ELECTION,60,300,fill_count_to_future_price,2,2,0,0.00023900278637972388,0.06526349908341103,0,0
hungary_election,PRE_ELECTION,60,300,fill_notional_to_future_price,2,2,0,0.0001792761302474787,0.04747249352969131,0,0
hungary_election,PRE_ELECTION,300,1,price_to_future_price,2,0,2,,,2,0
hungary_election,PRE_ELECTION,300,1,imbalance_to_future_price,2,0,2,,,2,0
hungary_election,PRE_ELECTION,300,1,price_to_future_imbalance,2,0,2,,,2,0
hungary_election,PRE_ELECTION,300,1,liquidity_to_future_price,2,0,2,,,2,0
hungary_election,PRE_ELECTION,300,1,activity_to_future_price,2,0,2,,,2,0
hungary_election,PRE_ELECTION,300,1,depth_activity_to_future_price,2,0,2,,,2,0
hungary_election,PRE_ELECTION,300,1,venue_trade_count_to_future_price,2,0,2,,,2,0
hungary_election,PRE_ELECTION,300,1,venue_trade_notional_to_future_price,2,0,2,,,2,0
hungary_election,PRE_ELECTION,300,1,fill_count_to_future_price,2,0,2,,,2,0
hungary_election,PRE_ELECTION,300,1,fill_notional_to_future_price,2,0,2,,,2,0
hungary_election,PRE_ELECTION,300,5,price_to_future_price,2,0,2,,,2,0
hungary_election,PRE_ELECTION,300,5,imbalance_to_future_price,2,0,2,,,2,0
hungary_election,PRE_ELECTION,300,5,price_to_future_imbalance,2,0,2,,,2,0
hungary_election,PRE_ELECTION,300,5,liquidity_to_future_price,2,0,2,,,2,0
hungary_election,PRE_ELECTION,300,5,activity_to_future_price,2,0,2,,,2,0
hungary_election,PRE_ELECTION,300,5,depth_activity_to_future_price,2,0,2,,,2,0
hungary_election,PRE_ELECTION,300,5,venue_trade_count_to_future_price,2,0,2,,,2,0
hungary_election,PRE_ELECTION,300,5,venue_trade_notional_to_future_price,2,0,2,,,2,0
hungary_election,PRE_ELECTION,300,5,fill_count_to_future_price,2,0,2,,,2,0
hungary_election,PRE_ELECTION,300,5,fill_notional_to_future_price,2,0,2,,,2,0
hungary_election,PRE_ELECTION,300,15,price_to_future_price,2,0,2,,,2,0
hungary_election,PRE_ELECTION,300,15,imbalance_to_future_price,2,0,2,,,2,0
hungary_election,PRE_ELECTION,300,15,price_to_future_imbalance,2,0,2,,,2,0
hungary_election,PRE_ELECTION,300,15,liquidity_to_future_price,2,0,2,,,2,0
hungary_election,PRE_ELECTION,300,15,activity_to_future_price,2,0,2,,,2,0
hungary_election,PRE_ELECTION,300,15,depth_activity_to_future_price,2,0,2,,,2,0
hungary_election,PRE_ELECTION,300,15,venue_trade_count_to_future_price,2,0,2,,,2,0
hungary_election,PRE_ELECTION,300,15,venue_trade_notional_to_future_price,2,0,2,,,2,0
hungary_election,PRE_ELECTION,300,15,fill_count_to_future_price,2,0,2,,,2,0
hungary_election,PRE_ELECTION,300,15,fill_notional_to_future_price,2,0,2,,,2,0
hungary_election,PRE_ELECTION,300,30,price_to_future_price,2,0,2,,,2,0
hungary_election,PRE_ELECTION,300,30,imbalance_to_future_price,2,0,2,,,2,0
hungary_election,PRE_ELECTION,300,30,price_to_future_imbalance,2,0,2,,,2,0
hungary_election,PRE_ELECTION,300,30,liquidity_to_future_price,2,0,2,,,2,0
hungary_election,PRE_ELECTION,300,30,activity_to_future_price,2,0,2,,,2,0
hungary_election,PRE_ELECTION,300,30,depth_activity_to_future_price,2,0,2,,,2,0
hungary_election,PRE_ELECTION,300,30,venue_trade_count_to_future_price,2,0,2,,,2,0
hungary_election,PRE_ELECTION,300,30,venue_trade_notional_to_future_price,2,0,2,,,2,0
hungary_election,PRE_ELECTION,300,30,fill_count_to_future_price,2,0,2,,,2,0
hungary_election,PRE_ELECTION,300,30,fill_notional_to_future_price,2,0,2,,,2,0
hungary_election,PRE_ELECTION,300,60,price_to_future_price,2,0,2,,,2,0
hungary_election,PRE_ELECTION,300,60,imbalance_to_future_price,2,0,2,,,2,0
hungary_election,PRE_ELECTION,300,60,price_to_future_imbalance,2,0,2,,,2,0
hungary_election,PRE_ELECTION,300,60,liquidity_to_future_price,2,0,2,,,2,0
hungary_election,PRE_ELECTION,300,60,activity_to_future_price,2,0,2,,,2,0
hungary_election,PRE_ELECTION,300,60,depth_activity_to_future_price,2,0,2,,,2,0
hungary_election,PRE_ELECTION,300,60,venue_trade_count_to_future_price,2,0,2,,,2,0
hungary_election,PRE_ELECTION,300,60,venue_trade_notional_to_future_price,2,0,2,,,2,0
hungary_election,PRE_ELECTION,300,60,fill_count_to_future_price,2,0,2,,,2,0
hungary_election,PRE_ELECTION,300,60,fill_notional_to_future_price,2,0,2,,,2,0
hungary_election,PRE_ELECTION,300,120,price_to_future_price,2,0,2,,,2,0
hungary_election,PRE_ELECTION,300,120,imbalance_to_future_price,2,0,2,,,2,0
hungary_election,PRE_ELECTION,300,120,price_to_future_imbalance,2,0,2,,,2,0
hungary_election,PRE_ELECTION,300,120,liquidity_to_future_price,2,0,2,,,2,0
hungary_election,PRE_ELECTION,300,120,activity_to_future_price,2,0,2,,,2,0
hungary_election,PRE_ELECTION,300,120,depth_activity_to_future_price,2,0,2,,,2,0
hungary_election,PRE_ELECTION,300,120,venue_trade_count_to_future_price,2,0,2,,,2,0
hungary_election,PRE_ELECTION,300,120,venue_trade_notional_to_future_price,2,0,2,,,2,0
hungary_election,PRE_ELECTION,300,120,fill_count_to_future_price,2,0,2,,,2,0
hungary_election,PRE_ELECTION,300,120,fill_notional_to_future_price,2,0,2,,,2,0
hungary_election,PRE_ELECTION,300,300,price_to_future_price,2,2,0,0.00018617104788524167,0.04842399194009944,0,0
hungary_election,PRE_ELECTION,300,300,imbalance_to_future_price,2,2,0,0.00020491201604889764,0.03990027688860211,0,0
hungary_election,PRE_ELECTION,300,300,price_to_future_imbalance,2,2,0,0.0031340476697715855,0.004769619868238083,0,0
hungary_election,PRE_ELECTION,300,300,liquidity_to_future_price,2,2,0,0.00028696057830265793,0.05926069476684644,0,0
hungary_election,PRE_ELECTION,300,300,activity_to_future_price,2,2,0,0.0002782559402268908,0.0723881078283714,0,0
hungary_election,PRE_ELECTION,300,300,depth_activity_to_future_price,2,2,0,0.0003461703954740093,0.09024021027915304,0,0
hungary_election,PRE_ELECTION,300,300,venue_trade_count_to_future_price,2,0,2,,,0,2
hungary_election,PRE_ELECTION,300,300,venue_trade_notional_to_future_price,2,0,2,,,0,2
hungary_election,PRE_ELECTION,300,300,fill_count_to_future_price,2,2,0,0.0002530560152480997,0.06594531209083704,0,0
hungary_election,PRE_ELECTION,300,300,fill_notional_to_future_price,2,2,0,0.00015475498794156146,0.040011798929589754,0,0
hungary_election,ACTIVE_RESULTS,1,1,price_to_future_price,2,2,0,5.228578298467505e-06,0.009849211332483504,0,0
hungary_election,ACTIVE_RESULTS,1,1,imbalance_to_future_price,2,2,0,0.00015708508533184164,0.15688436908997555,0,0
hungary_election,ACTIVE_RESULTS,1,1,price_to_future_imbalance,2,2,0,0.06280828481624531,0.16500619617259876,0,0
hungary_election,ACTIVE_RESULTS,1,1,liquidity_to_future_price,2,2,0,4.82159929444726e-05,0.04759276168846059,0,0
hungary_election,ACTIVE_RESULTS,1,1,activity_to_future_price,2,2,0,1.8470510276942549e-06,0.0036219420980133925,0,0
hungary_election,ACTIVE_RESULTS,1,1,depth_activity_to_future_price,2,2,0,5.0286082682263225e-06,0.010087160989943333,0,0
hungary_election,ACTIVE_RESULTS,1,1,venue_trade_count_to_future_price,2,0,2,,,0,2
hungary_election,ACTIVE_RESULTS,1,1,venue_trade_notional_to_future_price,2,0,2,,,0,2
hungary_election,ACTIVE_RESULTS,1,1,fill_count_to_future_price,2,2,0,9.607400677786724e-06,0.019241911404011935,0,0
hungary_election,ACTIVE_RESULTS,1,1,fill_notional_to_future_price,2,2,0,4.308849039221592e-06,0.008607736955776657,0,0
hungary_election,ACTIVE_RESULTS,1,5,price_to_future_price,2,2,0,2.6988576170702416e-05,0.025061656078683676,0,0
hungary_election,ACTIVE_RESULTS,1,5,imbalance_to_future_price,2,2,0,0.0001558722599461078,0.10636860066312513,0,0
hungary_election,ACTIVE_RESULTS,1,5,price_to_future_imbalance,2,2,0,0.04189634200609995,0.09458037773738594,0,0
hungary_election,ACTIVE_RESULTS,1,5,liquidity_to_future_price,2,2,0,0.00031923801634963655,0.19528459557606215,0,0
hungary_election,ACTIVE_RESULTS,1,5,activity_to_future_price,2,2,0,1.0411831355069133e-05,0.010401427360162637,0,0
hungary_election,ACTIVE_RESULTS,1,5,depth_activity_to_future_price,2,2,0,1.483196262858757e-05,0.013937149637138997,0,0
hungary_election,ACTIVE_RESULTS,1,5,venue_trade_count_to_future_price,2,0,2,,,0,2
hungary_election,ACTIVE_RESULTS,1,5,venue_trade_notional_to_future_price,2,0,2,,,0,2
hungary_election,ACTIVE_RESULTS,1,5,fill_count_to_future_price,2,2,0,3.967393128710495e-05,0.03828769857035312,0,0
hungary_election,ACTIVE_RESULTS,1,5,fill_notional_to_future_price,2,2,0,1.86953877504894e-05,0.018034968560574904,0,0
hungary_election,ACTIVE_RESULTS,1,15,price_to_future_price,2,2,0,6.256242525167787e-05,0.036280559377753124,0,0
hungary_election,ACTIVE_RESULTS,1,15,imbalance_to_future_price,2,2,0,0.0005987738117040171,0.2540456629139333,0,0
hungary_election,ACTIVE_RESULTS,1,15,price_to_future_imbalance,2,2,0,0.0911880826053865,0.2727914129226961,0,0
hungary_election,ACTIVE_RESULTS,1,15,liquidity_to_future_price,2,2,0,6.108837316441564e-05,0.02617955819550022,0,0
hungary_election,ACTIVE_RESULTS,1,15,activity_to_future_price,2,2,0,7.289696478616044e-05,0.046968084960052295,0,0
hungary_election,ACTIVE_RESULTS,1,15,depth_activity_to_future_price,2,2,0,1.8874365128379747e-05,0.010855044894321837,0,0
hungary_election,ACTIVE_RESULTS,1,15,venue_trade_count_to_future_price,2,0,2,,,0,2
hungary_election,ACTIVE_RESULTS,1,15,venue_trade_notional_to_future_price,2,0,2,,,0,2
hungary_election,ACTIVE_RESULTS,1,15,fill_count_to_future_price,2,2,0,4.586661667903902e-05,0.028465725044943206,0,0
hungary_election,ACTIVE_RESULTS,1,15,fill_notional_to_future_price,2,2,0,6.656947519991784e-06,0.004224508644847192,0,0
hungary_election,ACTIVE_RESULTS,1,30,price_to_future_price,2,2,0,7.247063589347201e-05,0.03130649844585922,0,0
hungary_election,ACTIVE_RESULTS,1,30,imbalance_to_future_price,2,2,0,0.00046278246282987356,0.18325577327562612,0,0
hungary_election,ACTIVE_RESULTS,1,30,price_to_future_imbalance,2,2,0,0.03764059595514371,0.06931726953078665,0,0
hungary_election,ACTIVE_RESULTS,1,30,liquidity_to_future_price,2,2,0,0.00016112923528439568,0.06384855183931687,0,0
hungary_election,ACTIVE_RESULTS,1,30,activity_to_future_price,2,2,0,0.000107946456982857,0.05319101269754174,0,0
hungary_election,ACTIVE_RESULTS,1,30,depth_activity_to_future_price,2,2,0,7.362120531948974e-05,0.03523109727453235,0,0
hungary_election,ACTIVE_RESULTS,1,30,venue_trade_count_to_future_price,2,0,2,,,0,2
hungary_election,ACTIVE_RESULTS,1,30,venue_trade_notional_to_future_price,2,0,2,,,0,2
hungary_election,ACTIVE_RESULTS,1,30,fill_count_to_future_price,2,2,0,5.337458042127027e-05,0.02588508667111559,0,0
hungary_election,ACTIVE_RESULTS,1,30,fill_notional_to_future_price,2,2,0,2.0040296897853326e-05,0.008426180630100862,0,0
hungary_election,ACTIVE_RESULTS,1,60,price_to_future_price,2,2,0,5.296067852490338e-05,0.01865983574084247,0,0
hungary_election,ACTIVE_RESULTS,1,60,imbalance_to_future_price,2,2,0,0.0003078639536803745,0.07871537839900206,0,0
hungary_election,ACTIVE_RESULTS,1,60,price_to_future_imbalance,2,2,0,0.06575769757030811,0.14474680821738006,0,0
hungary_election,ACTIVE_RESULTS,1,60,liquidity_to_future_price,2,2,0,0.0002798645297353584,0.07257408720613676,0,0
hungary_election,ACTIVE_RESULTS,1,60,activity_to_future_price,2,2,0,0.00014155802909034804,0.05116550108022057,0,0
hungary_election,ACTIVE_RESULTS,1,60,depth_activity_to_future_price,2,2,0,0.000129675738951688,0.04425331254681797,0,0
hungary_election,ACTIVE_RESULTS,1,60,venue_trade_count_to_future_price,2,0,2,,,0,2
hungary_election,ACTIVE_RESULTS,1,60,venue_trade_notional_to_future_price,2,0,2,,,0,2
hungary_election,ACTIVE_RESULTS,1,60,fill_count_to_future_price,2,2,0,0.00011089919530680523,0.03725917478926405,0,0
hungary_election,ACTIVE_RESULTS,1,60,fill_notional_to_future_price,2,2,0,7.00763113475084e-06,0.002624155907046204,0,0
hungary_election,ACTIVE_RESULTS,1,120,price_to_future_price,2,2,0,5.8557644484847795e-05,0.016098214577098896,0,0
hungary_election,ACTIVE_RESULTS,1,120,imbalance_to_future_price,2,2,0,0.00022741936304053142,0.05388217172365897,0,0
hungary_election,ACTIVE_RESULTS,1,120,price_to_future_imbalance,2,2,0,0.0024062157035096574,0.0064765259458345135,0,0
hungary_election,ACTIVE_RESULTS,1,120,liquidity_to_future_price,2,2,0,0.00024029971164003477,0.06732353988609235,0,0
hungary_election,ACTIVE_RESULTS,1,120,activity_to_future_price,2,2,0,0.0002180064074783187,0.05596805837074049,0,0
hungary_election,ACTIVE_RESULTS,1,120,depth_activity_to_future_price,2,2,0,0.0001703750975140255,0.04071469230422428,0,0
hungary_election,ACTIVE_RESULTS,1,120,venue_trade_count_to_future_price,2,0,2,,,0,2
hungary_election,ACTIVE_RESULTS,1,120,venue_trade_notional_to_future_price,2,0,2,,,0,2
hungary_election,ACTIVE_RESULTS,1,120,fill_count_to_future_price,2,2,0,0.00014794786512195205,0.03412124139704577,0,0
hungary_election,ACTIVE_RESULTS,1,120,fill_notional_to_future_price,2,2,0,3.334641553995681e-05,0.007429404880007305,0,0
hungary_election,ACTIVE_RESULTS,1,300,price_to_future_price,2,2,0,5.059358697909337e-05,0.00871724768613664,0,0
hungary_election,ACTIVE_RESULTS,1,300,imbalance_to_future_price,2,2,0,0.00010150959837869068,0.015880139835193836,0,0
hungary_election,ACTIVE_RESULTS,1,300,price_to_future_imbalance,2,2,0,0.01457038679813042,0.03691276889274782,0,0
hungary_election,ACTIVE_RESULTS,1,300,liquidity_to_future_price,2,2,0,0.0006219058916739434,0.12758221183066937,0,0
hungary_election,ACTIVE_RESULTS,1,300,activity_to_future_price,2,2,0,0.00042393115632740453,0.06915526198012775,0,0
hungary_election,ACTIVE_RESULTS,1,300,depth_activity_to_future_price,2,2,0,0.00013647099721950207,0.024196005562195918,0,0
hungary_election,ACTIVE_RESULTS,1,300,venue_trade_count_to_future_price,2,0,2,,,0,2
hungary_election,ACTIVE_RESULTS,1,300,venue_trade_notional_to_future_price,2,0,2,,,0,2
hungary_election,ACTIVE_RESULTS,1,300,fill_count_to_future_price,2,2,0,8.409161724485095e-05,0.015028027734515047,0,0
hungary_election,ACTIVE_RESULTS,1,300,fill_notional_to_future_price,2,2,0,0.00013404771119533593,0.020526121926875952,0,0
hungary_election,ACTIVE_RESULTS,5,1,price_to_future_price,2,0,2,,,2,0
hungary_election,ACTIVE_RESULTS,5,1,imbalance_to_future_price,2,0,2,,,2,0
hungary_election,ACTIVE_RESULTS,5,1,price_to_future_imbalance,2,0,2,,,2,0
hungary_election,ACTIVE_RESULTS,5,1,liquidity_to_future_price,2,0,2,,,2,0
hungary_election,ACTIVE_RESULTS,5,1,activity_to_future_price,2,0,2,,,2,0
hungary_election,ACTIVE_RESULTS,5,1,depth_activity_to_future_price,2,0,2,,,2,0
hungary_election,ACTIVE_RESULTS,5,1,venue_trade_count_to_future_price,2,0,2,,,2,0
hungary_election,ACTIVE_RESULTS,5,1,venue_trade_notional_to_future_price,2,0,2,,,2,0
hungary_election,ACTIVE_RESULTS,5,1,fill_count_to_future_price,2,0,2,,,2,0
hungary_election,ACTIVE_RESULTS,5,1,fill_notional_to_future_price,2,0,2,,,2,0
hungary_election,ACTIVE_RESULTS,5,5,price_to_future_price,2,2,0,2.4115204933500774e-05,0.022752360536887676,0,0
hungary_election,ACTIVE_RESULTS,5,5,imbalance_to_future_price,2,2,0,0.00044936859302621235,0.292549635941045,0,0
hungary_election,ACTIVE_RESULTS,5,5,price_to_future_imbalance,2,2,0,0.02168644539965229,0.03960299889453768,0,0
hungary_election,ACTIVE_RESULTS,5,5,liquidity_to_future_price,2,2,0,0.0001907897486946774,0.13075099458173056,0,0
hungary_election,ACTIVE_RESULTS,5,5,activity_to_future_price,2,2,0,4.616039671807903e-05,0.044865618010165434,0,0
hungary_election,ACTIVE_RESULTS,5,5,depth_activity_to_future_price,2,2,0,1.8263688716128986e-05,0.017259680399172667,0,0
hungary_election,ACTIVE_RESULTS,5,5,venue_trade_count_to_future_price,2,0,2,,,0,2
hungary_election,ACTIVE_RESULTS,5,5,venue_trade_notional_to_future_price,2,0,2,,,0,2
hungary_election,ACTIVE_RESULTS,5,5,fill_count_to_future_price,2,2,0,4.0178030936128897e-05,0.0382002393900573,0,0
hungary_election,ACTIVE_RESULTS,5,5,fill_notional_to_future_price,2,2,0,3.332146340581753e-05,0.029876849731923748,0,0
hungary_election,ACTIVE_RESULTS,5,15,price_to_future_price,2,2,0,0.00015723478199212299,0.08789641234869741,0,0
hungary_election,ACTIVE_RESULTS,5,15,imbalance_to_future_price,2,2,0,0.00022638486480840863,0.10605584942497469,0,0
hungary_election,ACTIVE_RESULTS,5,15,price_to_future_imbalance,2,2,0,0.06811522116662568,0.10909912748779625,0,0
hungary_election,ACTIVE_RESULTS,5,15,liquidity_to_future_price,2,2,0,0.0003910177416045669,0.1682574523176887,0,0
hungary_election,ACTIVE_RESULTS,5,15,activity_to_future_price,2,2,0,0.00011994012865975138,0.07722620882138573,0,0
hungary_election,ACTIVE_RESULTS,5,15,depth_activity_to_future_price,2,2,0,3.134783189441381e-05,0.019119922164693937,0,0
hungary_election,ACTIVE_RESULTS,5,15,venue_trade_count_to_future_price,2,0,2,,,0,2
hungary_election,ACTIVE_RESULTS,5,15,venue_trade_notional_to_future_price,2,0,2,,,0,2
hungary_election,ACTIVE_RESULTS,5,15,fill_count_to_future_price,2,2,0,7.497225210821188e-05,0.04694019358530885,0,0
hungary_election,ACTIVE_RESULTS,5,15,fill_notional_to_future_price,2,2,0,2.4722122824778842e-05,0.014448782690671173,0,0
hungary_election,ACTIVE_RESULTS,5,30,price_to_future_price,2,2,0,0.00017023997952567241,0.07092741719906887,0,0
hungary_election,ACTIVE_RESULTS,5,30,imbalance_to_future_price,2,2,0,0.0003432318886026493,0.11943523304024993,0,0
hungary_election,ACTIVE_RESULTS,5,30,price_to_future_imbalance,2,2,0,0.02216347038265312,0.037219334764237985,0,0
hungary_election,ACTIVE_RESULTS,5,30,liquidity_to_future_price,2,2,0,0.0004719329210659336,0.16597732361490886,0,0
hungary_election,ACTIVE_RESULTS,5,30,activity_to_future_price,2,2,0,0.00015095959761976898,0.07438047992885105,0,0
hungary_election,ACTIVE_RESULTS,5,30,depth_activity_to_future_price,2,2,0,0.00014857064244695847,0.07113782335491485,0,0
hungary_election,ACTIVE_RESULTS,5,30,venue_trade_count_to_future_price,2,0,2,,,0,2
hungary_election,ACTIVE_RESULTS,5,30,venue_trade_notional_to_future_price,2,0,2,,,0,2
hungary_election,ACTIVE_RESULTS,5,30,fill_count_to_future_price,2,2,0,0.00013347837250248984,0.062176168820401945,0,0
hungary_election,ACTIVE_RESULTS,5,30,fill_notional_to_future_price,2,2,0,1.93115091539917e-05,0.008514065144338948,0,0
hungary_election,ACTIVE_RESULTS,5,60,price_to_future_price,2,2,0,0.00011103573813700844,0.036776779749237626,0,0
hungary_election,ACTIVE_RESULTS,5,60,imbalance_to_future_price,2,2,0,0.0004027482450037715,0.10166573079540857,0,0
hungary_election,ACTIVE_RESULTS,5,60,price_to_future_imbalance,2,2,0,0.004912357768304207,0.009483892226038756,0,0
hungary_election,ACTIVE_RESULTS,5,60,liquidity_to_future_price,2,2,0,0.000340830762779176,0.08529632433477302,0,0
hungary_election,ACTIVE_RESULTS,5,60,activity_to_future_price,2,2,0,0.0001976932348759621,0.0730480178636442,0,0
hungary_election,ACTIVE_RESULTS,5,60,depth_activity_to_future_price,2,2,0,0.00021396603069118246,0.07351739608701817,0,0
hungary_election,ACTIVE_RESULTS,5,60,venue_trade_count_to_future_price,2,0,2,,,0,2
hungary_election,ACTIVE_RESULTS,5,60,venue_trade_notional_to_future_price,2,0,2,,,0,2
hungary_election,ACTIVE_RESULTS,5,60,fill_count_to_future_price,2,2,0,0.00019052633193607525,0.0635336450292617,0,0
hungary_election,ACTIVE_RESULTS,5,60,fill_notional_to_future_price,2,2,0,1.8916904775016823e-05,0.005997010368234078,0,0
hungary_election,ACTIVE_RESULTS,5,120,price_to_future_price,2,2,0,0.00011449447238057257,0.029583272730429086,0,0
hungary_election,ACTIVE_RESULTS,5,120,imbalance_to_future_price,2,2,0,0.00047751289117363427,0.09915571995630301,0,0
hungary_election,ACTIVE_RESULTS,5,120,price_to_future_imbalance,2,2,0,0.024151371321539085,0.043413386128565754,0,0
hungary_election,ACTIVE_RESULTS,5,120,liquidity_to_future_price,2,2,0,0.0006075766443367266,0.11249635391316176,0,0
hungary_election,ACTIVE_RESULTS,5,120,activity_to_future_price,2,2,0,0.0003164499989083773,0.07980152224362405,0,0
hungary_election,ACTIVE_RESULTS,5,120,depth_activity_to_future_price,2,2,0,0.0002218627195182079,0.051986502871483056,0,0
hungary_election,ACTIVE_RESULTS,5,120,venue_trade_count_to_future_price,2,0,2,,,0,2
hungary_election,ACTIVE_RESULTS,5,120,venue_trade_notional_to_future_price,2,0,2,,,0,2
hungary_election,ACTIVE_RESULTS,5,120,fill_count_to_future_price,2,2,0,0.00025551801656894136,0.058418658834506525,0,0
hungary_election,ACTIVE_RESULTS,5,120,fill_notional_to_future_price,2,2,0,8.459284478758378e-05,0.019575008909112287,0,0
hungary_election,ACTIVE_RESULTS,5,300,price_to_future_price,2,2,0,0.00011940632921526424,0.020133317668279156,0,0
hungary_election,ACTIVE_RESULTS,5,300,imbalance_to_future_price,2,2,0,0.00036747225698581813,0.05609502767550581,0,0
hungary_election,ACTIVE_RESULTS,5,300,price_to_future_imbalance,2,2,0,0.01965126488626877,0.03265777960495695,0,0
hungary_election,ACTIVE_RESULTS,5,300,liquidity_to_future_price,2,2,0,0.0005694591080130274,0.09552435459683473,0,0
hungary_election,ACTIVE_RESULTS,5,300,activity_to_future_price,2,2,0,0.0006474122228764961,0.10660995582594511,0,0
hungary_election,ACTIVE_RESULTS,5,300,depth_activity_to_future_price,2,2,0,0.00026654621834388355,0.04747354534679141,0,0
hungary_election,ACTIVE_RESULTS,5,300,venue_trade_count_to_future_price,2,0,2,,,0,2
hungary_election,ACTIVE_RESULTS,5,300,venue_trade_notional_to_future_price,2,0,2,,,0,2
hungary_election,ACTIVE_RESULTS,5,300,fill_count_to_future_price,2,2,0,0.00017350548287213953,0.030674056891015017,0,0
hungary_election,ACTIVE_RESULTS,5,300,fill_notional_to_future_price,2,2,0,0.00027658115617100465,0.04312139231241201,0,0
hungary_election,ACTIVE_RESULTS,30,1,price_to_future_price,2,0,2,,,2,0
hungary_election,ACTIVE_RESULTS,30,1,imbalance_to_future_price,2,0,2,,,2,0
hungary_election,ACTIVE_RESULTS,30,1,price_to_future_imbalance,2,0,2,,,2,0
hungary_election,ACTIVE_RESULTS,30,1,liquidity_to_future_price,2,0,2,,,2,0
hungary_election,ACTIVE_RESULTS,30,1,activity_to_future_price,2,0,2,,,2,0
hungary_election,ACTIVE_RESULTS,30,1,depth_activity_to_future_price,2,0,2,,,2,0
hungary_election,ACTIVE_RESULTS,30,1,venue_trade_count_to_future_price,2,0,2,,,2,0
hungary_election,ACTIVE_RESULTS,30,1,venue_trade_notional_to_future_price,2,0,2,,,2,0
hungary_election,ACTIVE_RESULTS,30,1,fill_count_to_future_price,2,0,2,,,2,0
hungary_election,ACTIVE_RESULTS,30,1,fill_notional_to_future_price,2,0,2,,,2,0
hungary_election,ACTIVE_RESULTS,30,5,price_to_future_price,2,0,2,,,2,0
hungary_election,ACTIVE_RESULTS,30,5,imbalance_to_future_price,2,0,2,,,2,0
hungary_election,ACTIVE_RESULTS,30,5,price_to_future_imbalance,2,0,2,,,2,0
hungary_election,ACTIVE_RESULTS,30,5,liquidity_to_future_price,2,0,2,,,2,0
hungary_election,ACTIVE_RESULTS,30,5,activity_to_future_price,2,0,2,,,2,0
hungary_election,ACTIVE_RESULTS,30,5,depth_activity_to_future_price,2,0,2,,,2,0
hungary_election,ACTIVE_RESULTS,30,5,venue_trade_count_to_future_price,2,0,2,,,2,0
hungary_election,ACTIVE_RESULTS,30,5,venue_trade_notional_to_future_price,2,0,2,,,2,0
hungary_election,ACTIVE_RESULTS,30,5,fill_count_to_future_price,2,0,2,,,2,0
hungary_election,ACTIVE_RESULTS,30,5,fill_notional_to_future_price,2,0,2,,,2,0
hungary_election,ACTIVE_RESULTS,30,15,price_to_future_price,2,0,2,,,2,0
hungary_election,ACTIVE_RESULTS,30,15,imbalance_to_future_price,2,0,2,,,2,0
hungary_election,ACTIVE_RESULTS,30,15,price_to_future_imbalance,2,0,2,,,2,0
hungary_election,ACTIVE_RESULTS,30,15,liquidity_to_future_price,2,0,2,,,2,0
hungary_election,ACTIVE_RESULTS,30,15,activity_to_future_price,2,0,2,,,2,0
hungary_election,ACTIVE_RESULTS,30,15,depth_activity_to_future_price,2,0,2,,,2,0
hungary_election,ACTIVE_RESULTS,30,15,venue_trade_count_to_future_price,2,0,2,,,2,0
hungary_election,ACTIVE_RESULTS,30,15,venue_trade_notional_to_future_price,2,0,2,,,2,0
hungary_election,ACTIVE_RESULTS,30,15,fill_count_to_future_price,2,0,2,,,2,0
hungary_election,ACTIVE_RESULTS,30,15,fill_notional_to_future_price,2,0,2,,,2,0
hungary_election,ACTIVE_RESULTS,30,30,price_to_future_price,2,2,0,0.00027710867627585707,0.1074608959517465,0,0
hungary_election,ACTIVE_RESULTS,30,30,imbalance_to_future_price,2,2,0,0.00041831055696764087,0.12382475394472517,0,0
hungary_election,ACTIVE_RESULTS,30,30,price_to_future_imbalance,2,2,0,0.03944506474850443,0.05383570705005489,0,0
hungary_election,ACTIVE_RESULTS,30,30,liquidity_to_future_price,2,2,0,8.252920301438973e-05,0.025024804530784595,0,0
hungary_election,ACTIVE_RESULTS,30,30,activity_to_future_price,2,2,0,0.00017238631586886832,0.07820739767065947,0,0
hungary_election,ACTIVE_RESULTS,30,30,depth_activity_to_future_price,2,2,0,0.00025100266499300126,0.11185855092540781,0,0
hungary_election,ACTIVE_RESULTS,30,30,venue_trade_count_to_future_price,2,0,2,,,0,2
hungary_election,ACTIVE_RESULTS,30,30,venue_trade_notional_to_future_price,2,0,2,,,0,2
hungary_election,ACTIVE_RESULTS,30,30,fill_count_to_future_price,2,2,0,0.00028801018204069334,0.12044163981048137,0,0
hungary_election,ACTIVE_RESULTS,30,30,fill_notional_to_future_price,2,2,0,4.9824109633054435e-05,0.02109201280449788,0,0
hungary_election,ACTIVE_RESULTS,30,60,price_to_future_price,2,2,0,0.000229971983005742,0.06535154856639697,0,0
hungary_election,ACTIVE_RESULTS,30,60,imbalance_to_future_price,2,2,0,0.00023711244203880483,0.05681492477471627,0,0
hungary_election,ACTIVE_RESULTS,30,60,price_to_future_imbalance,2,2,0,0.014072411279000187,0.02011051067119355,0,0
hungary_election,ACTIVE_RESULTS,30,60,liquidity_to_future_price,2,2,0,0.00011254673063838577,0.03003673067556316,0,0
hungary_election,ACTIVE_RESULTS,30,60,activity_to_future_price,2,2,0,0.00018620763298141728,0.06553152629547165,0,0
hungary_election,ACTIVE_RESULTS,30,60,depth_activity_to_future_price,2,2,0,0.00030279817929139213,0.09789912971699614,0,0
hungary_election,ACTIVE_RESULTS,30,60,venue_trade_count_to_future_price,2,0,2,,,0,2
hungary_election,ACTIVE_RESULTS,30,60,venue_trade_notional_to_future_price,2,0,2,,,0,2
hungary_election,ACTIVE_RESULTS,30,60,fill_count_to_future_price,2,2,0,0.0004626434980475328,0.14442113696872003,0,0
hungary_election,ACTIVE_RESULTS,30,60,fill_notional_to_future_price,2,2,0,0.00013642855236150605,0.04115168230148539,0,0
hungary_election,ACTIVE_RESULTS,30,120,price_to_future_price,2,2,0,0.0005098489363403189,0.10703227542405808,0,0
hungary_election,ACTIVE_RESULTS,30,120,imbalance_to_future_price,2,2,0,0.00045399478511249936,0.07304565380778989,0,0
hungary_election,ACTIVE_RESULTS,30,120,price_to_future_imbalance,2,2,0,0.06590059998998277,0.08995514669141022,0,0
hungary_election,ACTIVE_RESULTS,30,120,liquidity_to_future_price,2,2,0,0.00017385191789352672,0.030489546571234302,0,0
hungary_election,ACTIVE_RESULTS,30,120,activity_to_future_price,2,2,0,0.00035720158751385725,0.08161909612268647,0,0
hungary_election,ACTIVE_RESULTS,30,120,depth_activity_to_future_price,2,2,0,0.00020902294186871898,0.05139880046351948,0,0
hungary_election,ACTIVE_RESULTS,30,120,venue_trade_count_to_future_price,2,0,2,,,0,2
hungary_election,ACTIVE_RESULTS,30,120,venue_trade_notional_to_future_price,2,0,2,,,0,2
hungary_election,ACTIVE_RESULTS,30,120,fill_count_to_future_price,2,2,0,0.00022871450953298168,0.05375286900123778,0,0
hungary_election,ACTIVE_RESULTS,30,120,fill_notional_to_future_price,2,2,0,0.00033817758745071475,0.07361508256804326,0,0
hungary_election,ACTIVE_RESULTS,30,300,price_to_future_price,2,2,0,0.00035545343048371843,0.04979821340788651,0,0
hungary_election,ACTIVE_RESULTS,30,300,imbalance_to_future_price,2,2,0,0.0001556358403221507,0.024532828350327357,0,0
hungary_election,ACTIVE_RESULTS,30,300,price_to_future_imbalance,2,2,0,0.11389033732668329,0.1543826982484271,0,0
hungary_election,ACTIVE_RESULTS,30,300,liquidity_to_future_price,2,2,0,0.0004288119911111739,0.059020225897782205,0,0
hungary_election,ACTIVE_RESULTS,30,300,activity_to_future_price,2,2,0,0.000774027427967768,0.1284018136277467,0,0
hungary_election,ACTIVE_RESULTS,30,300,depth_activity_to_future_price,2,2,0,0.0005081180744806756,0.08840755682268153,0,0
hungary_election,ACTIVE_RESULTS,30,300,venue_trade_count_to_future_price,2,0,2,,,0,2
hungary_election,ACTIVE_RESULTS,30,300,venue_trade_notional_to_future_price,2,0,2,,,0,2
hungary_election,ACTIVE_RESULTS,30,300,fill_count_to_future_price,2,2,0,0.00044973638069678384,0.07519003914886337,0,0
hungary_election,ACTIVE_RESULTS,30,300,fill_notional_to_future_price,2,2,0,0.0007233549292397887,0.11320392771065926,0,0
hungary_election,ACTIVE_RESULTS,60,1,price_to_future_price,2,0,2,,,2,0
hungary_election,ACTIVE_RESULTS,60,1,imbalance_to_future_price,2,0,2,,,2,0
hungary_election,ACTIVE_RESULTS,60,1,price_to_future_imbalance,2,0,2,,,2,0
hungary_election,ACTIVE_RESULTS,60,1,liquidity_to_future_price,2,0,2,,,2,0
hungary_election,ACTIVE_RESULTS,60,1,activity_to_future_price,2,0,2,,,2,0
hungary_election,ACTIVE_RESULTS,60,1,depth_activity_to_future_price,2,0,2,,,2,0
hungary_election,ACTIVE_RESULTS,60,1,venue_trade_count_to_future_price,2,0,2,,,2,0
hungary_election,ACTIVE_RESULTS,60,1,venue_trade_notional_to_future_price,2,0,2,,,2,0
hungary_election,ACTIVE_RESULTS,60,1,fill_count_to_future_price,2,0,2,,,2,0
hungary_election,ACTIVE_RESULTS,60,1,fill_notional_to_future_price,2,0,2,,,2,0
hungary_election,ACTIVE_RESULTS,60,5,price_to_future_price,2,0,2,,,2,0
hungary_election,ACTIVE_RESULTS,60,5,imbalance_to_future_price,2,0,2,,,2,0
hungary_election,ACTIVE_RESULTS,60,5,price_to_future_imbalance,2,0,2,,,2,0
hungary_election,ACTIVE_RESULTS,60,5,liquidity_to_future_price,2,0,2,,,2,0
hungary_election,ACTIVE_RESULTS,60,5,activity_to_future_price,2,0,2,,,2,0
hungary_election,ACTIVE_RESULTS,60,5,depth_activity_to_future_price,2,0,2,,,2,0
hungary_election,ACTIVE_RESULTS,60,5,venue_trade_count_to_future_price,2,0,2,,,2,0
hungary_election,ACTIVE_RESULTS,60,5,venue_trade_notional_to_future_price,2,0,2,,,2,0
hungary_election,ACTIVE_RESULTS,60,5,fill_count_to_future_price,2,0,2,,,2,0
hungary_election,ACTIVE_RESULTS,60,5,fill_notional_to_future_price,2,0,2,,,2,0
hungary_election,ACTIVE_RESULTS,60,15,price_to_future_price,2,0,2,,,2,0
hungary_election,ACTIVE_RESULTS,60,15,imbalance_to_future_price,2,0,2,,,2,0
hungary_election,ACTIVE_RESULTS,60,15,price_to_future_imbalance,2,0,2,,,2,0
hungary_election,ACTIVE_RESULTS,60,15,liquidity_to_future_price,2,0,2,,,2,0
hungary_election,ACTIVE_RESULTS,60,15,activity_to_future_price,2,0,2,,,2,0
hungary_election,ACTIVE_RESULTS,60,15,depth_activity_to_future_price,2,0,2,,,2,0
hungary_election,ACTIVE_RESULTS,60,15,venue_trade_count_to_future_price,2,0,2,,,2,0
hungary_election,ACTIVE_RESULTS,60,15,venue_trade_notional_to_future_price,2,0,2,,,2,0
hungary_election,ACTIVE_RESULTS,60,15,fill_count_to_future_price,2,0,2,,,2,0
hungary_election,ACTIVE_RESULTS,60,15,fill_notional_to_future_price,2,0,2,,,2,0
hungary_election,ACTIVE_RESULTS,60,30,price_to_future_price,2,0,2,,,2,0
hungary_election,ACTIVE_RESULTS,60,30,imbalance_to_future_price,2,0,2,,,2,0
hungary_election,ACTIVE_RESULTS,60,30,price_to_future_imbalance,2,0,2,,,2,0
hungary_election,ACTIVE_RESULTS,60,30,liquidity_to_future_price,2,0,2,,,2,0
hungary_election,ACTIVE_RESULTS,60,30,activity_to_future_price,2,0,2,,,2,0
hungary_election,ACTIVE_RESULTS,60,30,depth_activity_to_future_price,2,0,2,,,2,0
hungary_election,ACTIVE_RESULTS,60,30,venue_trade_count_to_future_price,2,0,2,,,2,0
hungary_election,ACTIVE_RESULTS,60,30,venue_trade_notional_to_future_price,2,0,2,,,2,0
hungary_election,ACTIVE_RESULTS,60,30,fill_count_to_future_price,2,0,2,,,2,0
hungary_election,ACTIVE_RESULTS,60,30,fill_notional_to_future_price,2,0,2,,,2,0
hungary_election,ACTIVE_RESULTS,60,60,price_to_future_price,2,2,0,0.00011093110073281305,0.03723476792304334,0,0
hungary_election,ACTIVE_RESULTS,60,60,imbalance_to_future_price,2,2,0,0.0003524037692042598,0.10110493388116264,0,0
hungary_election,ACTIVE_RESULTS,60,60,price_to_future_imbalance,2,2,0,0.0560063258136181,0.06877339269518032,0,0
hungary_election,ACTIVE_RESULTS,60,60,liquidity_to_future_price,2,2,0,0.00034131025127727015,0.0929541081695004,0,0
hungary_election,ACTIVE_RESULTS,60,60,activity_to_future_price,2,2,0,0.000213323611958934,0.06967328873006677,0,0
hungary_election,ACTIVE_RESULTS,60,60,depth_activity_to_future_price,2,2,0,0.00026095163541563774,0.07922442620989106,0,0
hungary_election,ACTIVE_RESULTS,60,60,venue_trade_count_to_future_price,2,0,2,,,0,2
hungary_election,ACTIVE_RESULTS,60,60,venue_trade_notional_to_future_price,2,0,2,,,0,2
hungary_election,ACTIVE_RESULTS,60,60,fill_count_to_future_price,2,2,0,0.0003733252682895799,0.11059340459314415,0,0
hungary_election,ACTIVE_RESULTS,60,60,fill_notional_to_future_price,2,2,0,0.00018077056011756782,0.05221327089657754,0,0
hungary_election,ACTIVE_RESULTS,60,120,price_to_future_price,2,2,0,0.000575440900835782,0.13062147753521505,0,0
hungary_election,ACTIVE_RESULTS,60,120,imbalance_to_future_price,2,2,0,0.000583777324095765,0.10559074732300452,0,0
hungary_election,ACTIVE_RESULTS,60,120,price_to_future_imbalance,2,2,0,0.0367686602333439,0.045455937577526875,0,0
hungary_election,ACTIVE_RESULTS,60,120,liquidity_to_future_price,2,2,0,0.0010010808242098465,0.16783279831469547,0,0
hungary_election,ACTIVE_RESULTS,60,120,activity_to_future_price,2,2,0,0.0005087512275631152,0.11638099256383375,0,0
hungary_election,ACTIVE_RESULTS,60,120,depth_activity_to_future_price,2,2,0,0.0003354033364500929,0.07835378730916799,0,0
hungary_election,ACTIVE_RESULTS,60,120,venue_trade_count_to_future_price,2,0,2,,,0,2
hungary_election,ACTIVE_RESULTS,60,120,venue_trade_notional_to_future_price,2,0,2,,,0,2
hungary_election,ACTIVE_RESULTS,60,120,fill_count_to_future_price,2,2,0,0.00023143799907390057,0.05570747422623712,0,0
hungary_election,ACTIVE_RESULTS,60,120,fill_notional_to_future_price,2,2,0,0.0006637015987169945,0.1301376919791203,0,0
hungary_election,ACTIVE_RESULTS,60,300,price_to_future_price,2,2,0,0.000373488690049867,0.05086974113098409,0,0
hungary_election,ACTIVE_RESULTS,60,300,imbalance_to_future_price,2,2,0,0.00015065468257111298,0.023131434646604065,0,0
hungary_election,ACTIVE_RESULTS,60,300,price_to_future_imbalance,2,2,0,0.05007732257550844,0.0625244136817932,0,0
hungary_election,ACTIVE_RESULTS,60,300,liquidity_to_future_price,2,2,0,7.818269927110722e-05,0.008752021726682938,0,0
hungary_election,ACTIVE_RESULTS,60,300,activity_to_future_price,2,2,0,0.0011579187865171671,0.18633210849354284,0,0
hungary_election,ACTIVE_RESULTS,60,300,depth_activity_to_future_price,2,2,0,0.0008141182398858038,0.13816023371614586,0,0
hungary_election,ACTIVE_RESULTS,60,300,venue_trade_count_to_future_price,2,0,2,,,0,2
hungary_election,ACTIVE_RESULTS,60,300,venue_trade_notional_to_future_price,2,0,2,,,0,2
hungary_election,ACTIVE_RESULTS,60,300,fill_count_to_future_price,2,2,0,0.0008058574204449545,0.13023398446616136,0,0
hungary_election,ACTIVE_RESULTS,60,300,fill_notional_to_future_price,2,2,0,0.0010731795711873516,0.16512428362131465,0,0
hungary_election,ACTIVE_RESULTS,300,1,price_to_future_price,2,0,2,,,2,0
hungary_election,ACTIVE_RESULTS,300,1,imbalance_to_future_price,2,0,2,,,2,0
hungary_election,ACTIVE_RESULTS,300,1,price_to_future_imbalance,2,0,2,,,2,0
hungary_election,ACTIVE_RESULTS,300,1,liquidity_to_future_price,2,0,2,,,2,0
hungary_election,ACTIVE_RESULTS,300,1,activity_to_future_price,2,0,2,,,2,0
hungary_election,ACTIVE_RESULTS,300,1,depth_activity_to_future_price,2,0,2,,,2,0
hungary_election,ACTIVE_RESULTS,300,1,venue_trade_count_to_future_price,2,0,2,,,2,0
hungary_election,ACTIVE_RESULTS,300,1,venue_trade_notional_to_future_price,2,0,2,,,2,0
hungary_election,ACTIVE_RESULTS,300,1,fill_count_to_future_price,2,0,2,,,2,0
hungary_election,ACTIVE_RESULTS,300,1,fill_notional_to_future_price,2,0,2,,,2,0
hungary_election,ACTIVE_RESULTS,300,5,price_to_future_price,2,0,2,,,2,0
hungary_election,ACTIVE_RESULTS,300,5,imbalance_to_future_price,2,0,2,,,2,0
hungary_election,ACTIVE_RESULTS,300,5,price_to_future_imbalance,2,0,2,,,2,0
hungary_election,ACTIVE_RESULTS,300,5,liquidity_to_future_price,2,0,2,,,2,0
hungary_election,ACTIVE_RESULTS,300,5,activity_to_future_price,2,0,2,,,2,0
hungary_election,ACTIVE_RESULTS,300,5,depth_activity_to_future_price,2,0,2,,,2,0
hungary_election,ACTIVE_RESULTS,300,5,venue_trade_count_to_future_price,2,0,2,,,2,0
hungary_election,ACTIVE_RESULTS,300,5,venue_trade_notional_to_future_price,2,0,2,,,2,0
hungary_election,ACTIVE_RESULTS,300,5,fill_count_to_future_price,2,0,2,,,2,0
hungary_election,ACTIVE_RESULTS,300,5,fill_notional_to_future_price,2,0,2,,,2,0
hungary_election,ACTIVE_RESULTS,300,15,price_to_future_price,2,0,2,,,2,0
hungary_election,ACTIVE_RESULTS,300,15,imbalance_to_future_price,2,0,2,,,2,0
hungary_election,ACTIVE_RESULTS,300,15,price_to_future_imbalance,2,0,2,,,2,0
hungary_election,ACTIVE_RESULTS,300,15,liquidity_to_future_price,2,0,2,,,2,0
hungary_election,ACTIVE_RESULTS,300,15,activity_to_future_price,2,0,2,,,2,0
hungary_election,ACTIVE_RESULTS,300,15,depth_activity_to_future_price,2,0,2,,,2,0
hungary_election,ACTIVE_RESULTS,300,15,venue_trade_count_to_future_price,2,0,2,,,2,0
hungary_election,ACTIVE_RESULTS,300,15,venue_trade_notional_to_future_price,2,0,2,,,2,0
hungary_election,ACTIVE_RESULTS,300,15,fill_count_to_future_price,2,0,2,,,2,0
hungary_election,ACTIVE_RESULTS,300,15,fill_notional_to_future_price,2,0,2,,,2,0
hungary_election,ACTIVE_RESULTS,300,30,price_to_future_price,2,0,2,,,2,0
hungary_election,ACTIVE_RESULTS,300,30,imbalance_to_future_price,2,0,2,,,2,0
hungary_election,ACTIVE_RESULTS,300,30,price_to_future_imbalance,2,0,2,,,2,0
hungary_election,ACTIVE_RESULTS,300,30,liquidity_to_future_price,2,0,2,,,2,0
hungary_election,ACTIVE_RESULTS,300,30,activity_to_future_price,2,0,2,,,2,0
hungary_election,ACTIVE_RESULTS,300,30,depth_activity_to_future_price,2,0,2,,,2,0
hungary_election,ACTIVE_RESULTS,300,30,venue_trade_count_to_future_price,2,0,2,,,2,0
hungary_election,ACTIVE_RESULTS,300,30,venue_trade_notional_to_future_price,2,0,2,,,2,0
hungary_election,ACTIVE_RESULTS,300,30,fill_count_to_future_price,2,0,2,,,2,0
hungary_election,ACTIVE_RESULTS,300,30,fill_notional_to_future_price,2,0,2,,,2,0
hungary_election,ACTIVE_RESULTS,300,60,price_to_future_price,2,0,2,,,2,0
hungary_election,ACTIVE_RESULTS,300,60,imbalance_to_future_price,2,0,2,,,2,0
hungary_election,ACTIVE_RESULTS,300,60,price_to_future_imbalance,2,0,2,,,2,0
hungary_election,ACTIVE_RESULTS,300,60,liquidity_to_future_price,2,0,2,,,2,0
hungary_election,ACTIVE_RESULTS,300,60,activity_to_future_price,2,0,2,,,2,0
hungary_election,ACTIVE_RESULTS,300,60,depth_activity_to_future_price,2,0,2,,,2,0
hungary_election,ACTIVE_RESULTS,300,60,venue_trade_count_to_future_price,2,0,2,,,2,0
hungary_election,ACTIVE_RESULTS,300,60,venue_trade_notional_to_future_price,2,0,2,,,2,0
hungary_election,ACTIVE_RESULTS,300,60,fill_count_to_future_price,2,0,2,,,2,0
hungary_election,ACTIVE_RESULTS,300,60,fill_notional_to_future_price,2,0,2,,,2,0
hungary_election,ACTIVE_RESULTS,300,120,price_to_future_price,2,0,2,,,2,0
hungary_election,ACTIVE_RESULTS,300,120,imbalance_to_future_price,2,0,2,,,2,0
hungary_election,ACTIVE_RESULTS,300,120,price_to_future_imbalance,2,0,2,,,2,0
hungary_election,ACTIVE_RESULTS,300,120,liquidity_to_future_price,2,0,2,,,2,0
hungary_election,ACTIVE_RESULTS,300,120,activity_to_future_price,2,0,2,,,2,0
hungary_election,ACTIVE_RESULTS,300,120,depth_activity_to_future_price,2,0,2,,,2,0
hungary_election,ACTIVE_RESULTS,300,120,venue_trade_count_to_future_price,2,0,2,,,2,0
hungary_election,ACTIVE_RESULTS,300,120,venue_trade_notional_to_future_price,2,0,2,,,2,0
hungary_election,ACTIVE_RESULTS,300,120,fill_count_to_future_price,2,0,2,,,2,0
hungary_election,ACTIVE_RESULTS,300,120,fill_notional_to_future_price,2,0,2,,,2,0
hungary_election,ACTIVE_RESULTS,300,300,price_to_future_price,2,0,2,,,0,2
hungary_election,ACTIVE_RESULTS,300,300,imbalance_to_future_price,2,0,2,,,0,2
hungary_election,ACTIVE_RESULTS,300,300,price_to_future_imbalance,2,0,2,,,0,2
hungary_election,ACTIVE_RESULTS,300,300,liquidity_to_future_price,2,0,2,,,0,2
hungary_election,ACTIVE_RESULTS,300,300,activity_to_future_price,2,0,2,,,0,2
hungary_election,ACTIVE_RESULTS,300,300,depth_activity_to_future_price,2,0,2,,,0,2
hungary_election,ACTIVE_RESULTS,300,300,venue_trade_count_to_future_price,2,0,2,,,0,2
hungary_election,ACTIVE_RESULTS,300,300,venue_trade_notional_to_future_price,2,0,2,,,0,2
hungary_election,ACTIVE_RESULTS,300,300,fill_count_to_future_price,2,0,2,,,0,2
hungary_election,ACTIVE_RESULTS,300,300,fill_notional_to_future_price,2,0,2,,,0,2
peru_first_round,PRE_ELECTION,1,1,price_to_future_price,110,90,20,6.173833522194929e-07,0.00305365408240973,0,20
peru_first_round,PRE_ELECTION,1,1,imbalance_to_future_price,110,49,61,3.7671304001174e-05,0.07164519628345511,0,61
peru_first_round,PRE_ELECTION,1,1,price_to_future_imbalance,110,64,46,0.028618648353318444,0.06549588944380377,0,46
peru_first_round,PRE_ELECTION,1,1,liquidity_to_future_price,110,49,61,2.6567847169532613e-05,0.05256875193859561,0,61
peru_first_round,PRE_ELECTION,1,1,activity_to_future_price,110,100,10,5.090900849548331e-07,0.0027231762668128924,0,10
peru_first_round,PRE_ELECTION,1,1,depth_activity_to_future_price,110,100,10,7.143716746656029e-07,0.0037950914206760157,0,10
peru_first_round,PRE_ELECTION,1,1,venue_trade_count_to_future_price,110,0,110,,,0,110
peru_first_round,PRE_ELECTION,1,1,venue_trade_notional_to_future_price,110,0,110,,,0,110
peru_first_round,PRE_ELECTION,1,1,fill_count_to_future_price,110,100,10,7.814589972425379e-07,0.003361097593227193,0,10
peru_first_round,PRE_ELECTION,1,1,fill_notional_to_future_price,110,100,10,2.0669059674201417e-07,0.0009383791243118184,0,10
peru_first_round,PRE_ELECTION,1,5,price_to_future_price,110,90,20,9.057080219891421e-07,0.0022543198048785,0,20
peru_first_round,PRE_ELECTION,1,5,imbalance_to_future_price,110,65,45,4.209404468318609e-05,0.05770710926526063,0,45
peru_first_round,PRE_ELECTION,1,5,price_to_future_imbalance,110,45,65,0.0365287737453703,0.07492874018740397,0,65
peru_first_round,PRE_ELECTION,1,5,liquidity_to_future_price,110,65,45,3.27071917655663e-05,0.04251979568947224,0,45
peru_first_round,PRE_ELECTION,1,5,activity_to_future_price,110,100,10,1.6548850012666353e-06,0.004140081838778613,0,10
peru_first_round,PRE_ELECTION,1,5,depth_activity_to_future_price,110,100,10,2.0929079488902887e-06,0.0049386482147825515,0,10
peru_first_round,PRE_ELECTION,1,5,venue_trade_count_to_future_price,110,0,110,,,0,110
peru_first_round,PRE_ELECTION,1,5,venue_trade_notional_to_future_price,110,0,110,,,0,110
peru_first_round,PRE_ELECTION,1,5,fill_count_to_future_price,110,100,10,1.1868954584016826e-06,0.0028257709772062977,0,10
peru_first_round,PRE_ELECTION,1,5,fill_notional_to_future_price,110,100,10,4.155333720978476e-07,0.0010837929107416317,0,10
peru_first_round,PRE_ELECTION,1,15,price_to_future_price,110,90,20,1.4534489982043145e-06,0.002195281183454239,0,20
peru_first_round,PRE_ELECTION,1,15,imbalance_to_future_price,110,66,44,7.262268315376278e-05,0.06847631904202242,0,44
peru_first_round,PRE_ELECTION,1,15,price_to_future_imbalance,110,56,54,0.02168173984981691,0.04441986516979925,0,54
peru_first_round,PRE_ELECTION,1,15,liquidity_to_future_price,110,66,44,6.307959166537378e-05,0.05876001297832817,0,44
peru_first_round,PRE_ELECTION,1,15,activity_to_future_price,110,100,10,2.7504850663656717e-06,0.004262114712537738,0,10
peru_first_round,PRE_ELECTION,1,15,depth_activity_to_future_price,110,100,10,3.3155454569916634e-06,0.005085928071458187,0,10
peru_first_round,PRE_ELECTION,1,15,venue_trade_count_to_future_price,110,0,110,,,0,110
peru_first_round,PRE_ELECTION,1,15,venue_trade_notional_to_future_price,110,0,110,,,0,110
peru_first_round,PRE_ELECTION,1,15,fill_count_to_future_price,110,100,10,1.932474683091068e-06,0.003190222460364856,0,10
peru_first_round,PRE_ELECTION,1,15,fill_notional_to_future_price,110,100,10,9.93092335438424e-07,0.0015118363151243241,0,10
peru_first_round,PRE_ELECTION,1,30,price_to_future_price,110,90,20,1.7322733565899746e-06,0.0019728603027983184,0,20
peru_first_round,PRE_ELECTION,1,30,imbalance_to_future_price,110,68,42,7.98341575560641e-05,0.05726642708339297,0,42
peru_first_round,PRE_ELECTION,1,30,price_to_future_imbalance,110,46,64,0.014048169886825045,0.027556669328016842,0,64
peru_first_round,PRE_ELECTION,1,30,liquidity_to_future_price,110,68,42,9.445508688843495e-05,0.06101102512842601,0,42
peru_first_round,PRE_ELECTION,1,30,activity_to_future_price,110,100,10,4.0132453234880334e-06,0.00478241375444743,0,10
peru_first_round,PRE_ELECTION,1,30,depth_activity_to_future_price,110,100,10,3.147017486603431e-06,0.004053862179412801,0,10
peru_first_round,PRE_ELECTION,1,30,venue_trade_count_to_future_price,110,0,110,,,0,110
peru_first_round,PRE_ELECTION,1,30,venue_trade_notional_to_future_price,110,0,110,,,0,110
peru_first_round,PRE_ELECTION,1,30,fill_count_to_future_price,110,100,10,2.250388111867093e-06,0.0030494643000564814,0,10
peru_first_round,PRE_ELECTION,1,30,fill_notional_to_future_price,110,100,10,1.4734672587063941e-06,0.001744130637471356,0,10
peru_first_round,PRE_ELECTION,1,60,price_to_future_price,110,90,20,2.304876653119275e-06,0.0018895721881148004,0,20
peru_first_round,PRE_ELECTION,1,60,imbalance_to_future_price,110,70,40,0.00011498444774459167,0.06517438471300276,0,40
peru_first_round,PRE_ELECTION,1,60,price_to_future_imbalance,110,42,68,0.024413626928413767,0.05574520054900503,0,68
peru_first_round,PRE_ELECTION,1,60,liquidity_to_future_price,110,70,40,0.00010526577511990663,0.05653279329369947,0,40
peru_first_round,PRE_ELECTION,1,60,activity_to_future_price,110,100,10,6.510023141616236e-06,0.005647255299885714,0,10
peru_first_round,PRE_ELECTION,1,60,depth_activity_to_future_price,110,100,10,4.015795546558333e-06,0.0037869902844393805,0,10
peru_first_round,PRE_ELECTION,1,60,venue_trade_count_to_future_price,110,0,110,,,0,110
peru_first_round,PRE_ELECTION,1,60,venue_trade_notional_to_future_price,110,0,110,,,0,110
peru_first_round,PRE_ELECTION,1,60,fill_count_to_future_price,110,100,10,3.1229281079878854e-06,0.0030110677702775285,0,10
peru_first_round,PRE_ELECTION,1,60,fill_notional_to_future_price,110,100,10,2.5201955314476197e-06,0.0020345019696082424,0,10
peru_first_round,PRE_ELECTION,1,120,price_to_future_price,110,90,20,2.8043528522208108e-06,0.0016575962486815538,0,20
peru_first_round,PRE_ELECTION,1,120,imbalance_to_future_price,110,72,38,0.00017712300361522252,0.07649485499634773,0,38
peru_first_round,PRE_ELECTION,1,120,price_to_future_imbalance,110,36,74,0.022192467105127286,0.044360998080553354,0,74
peru_first_round,PRE_ELECTION,1,120,liquidity_to_future_price,110,72,38,0.00014748470708184135,0.06778340202336547,0,38
peru_first_round,PRE_ELECTION,1,120,activity_to_future_price,110,100,10,1.2004591410690996e-05,0.0073132889378321455,0,10
peru_first_round,PRE_ELECTION,1,120,depth_activity_to_future_price,110,100,10,6.239740782627393e-06,0.00388332493656718,0,10
peru_first_round,PRE_ELECTION,1,120,venue_trade_count_to_future_price,110,0,110,,,0,110
peru_first_round,PRE_ELECTION,1,120,venue_trade_notional_to_future_price,110,0,110,,,0,110
peru_first_round,PRE_ELECTION,1,120,fill_count_to_future_price,110,100,10,4.537219134675202e-06,0.002925715812822335,0,10
peru_first_round,PRE_ELECTION,1,120,fill_notional_to_future_price,110,100,10,3.1975257819626353e-06,0.001951085019700647,0,10
peru_first_round,PRE_ELECTION,1,300,price_to_future_price,110,90,20,4.8860233745231705e-06,0.0019057962825217492,0,20
peru_first_round,PRE_ELECTION,1,300,imbalance_to_future_price,110,72,38,0.00017879304853227906,0.056703614998975506,0,38
peru_first_round,PRE_ELECTION,1,300,price_to_future_imbalance,110,45,65,0.022929953634605375,0.04783800075056876,0,65
peru_first_round,PRE_ELECTION,1,300,liquidity_to_future_price,110,72,38,0.00019081506211589012,0.05885120552769961,0,38
peru_first_round,PRE_ELECTION,1,300,activity_to_future_price,110,100,10,2.6441178496597917e-05,0.010608818546074428,0,10
peru_first_round,PRE_ELECTION,1,300,depth_activity_to_future_price,110,100,10,1.0034342928013108e-05,0.004163013371837273,0,10
peru_first_round,PRE_ELECTION,1,300,venue_trade_count_to_future_price,110,0,110,,,0,110
peru_first_round,PRE_ELECTION,1,300,venue_trade_notional_to_future_price,110,0,110,,,0,110
peru_first_round,PRE_ELECTION,1,300,fill_count_to_future_price,110,100,10,8.090098817862037e-06,0.003399100007311602,0,10
peru_first_round,PRE_ELECTION,1,300,fill_notional_to_future_price,110,100,10,5.718273118467232e-06,0.002267953931002155,0,10
peru_first_round,PRE_ELECTION,5,1,price_to_future_price,110,0,110,,,110,0
peru_first_round,PRE_ELECTION,5,1,imbalance_to_future_price,110,0,110,,,110,0
peru_first_round,PRE_ELECTION,5,1,price_to_future_imbalance,110,0,110,,,110,0
peru_first_round,PRE_ELECTION,5,1,liquidity_to_future_price,110,0,110,,,110,0
peru_first_round,PRE_ELECTION,5,1,activity_to_future_price,110,0,110,,,110,0
peru_first_round,PRE_ELECTION,5,1,depth_activity_to_future_price,110,0,110,,,110,0
peru_first_round,PRE_ELECTION,5,1,venue_trade_count_to_future_price,110,0,110,,,110,0
peru_first_round,PRE_ELECTION,5,1,venue_trade_notional_to_future_price,110,0,110,,,110,0
peru_first_round,PRE_ELECTION,5,1,fill_count_to_future_price,110,0,110,,,110,0
peru_first_round,PRE_ELECTION,5,1,fill_notional_to_future_price,110,0,110,,,110,0
peru_first_round,PRE_ELECTION,5,5,price_to_future_price,110,90,20,2.1984303752955575e-06,0.005526393155704268,0,20
peru_first_round,PRE_ELECTION,5,5,imbalance_to_future_price,110,66,44,5.585369456330446e-05,0.08271181827873168,0,44
peru_first_round,PRE_ELECTION,5,5,price_to_future_imbalance,110,70,40,0.03106401630096965,0.06159272184946351,0,40
peru_first_round,PRE_ELECTION,5,5,liquidity_to_future_price,110,66,44,5.389910006101512e-05,0.07538819577682693,0,44
peru_first_round,PRE_ELECTION,5,5,activity_to_future_price,110,100,10,1.9243133756857658e-06,0.00490799838585278,0,10
peru_first_round,PRE_ELECTION,5,5,depth_activity_to_future_price,110,100,10,3.6506729829733604e-06,0.008366015059165842,0,10
peru_first_round,PRE_ELECTION,5,5,venue_trade_count_to_future_price,110,0,110,,,0,110
peru_first_round,PRE_ELECTION,5,5,venue_trade_notional_to_future_price,110,0,110,,,0,110
peru_first_round,PRE_ELECTION,5,5,fill_count_to_future_price,110,100,10,1.633925622103078e-06,0.004837658914687496,0,10
peru_first_round,PRE_ELECTION,5,5,fill_notional_to_future_price,110,100,10,9.720354003078375e-07,0.0024643248693732613,0,10
peru_first_round,PRE_ELECTION,5,15,price_to_future_price,110,90,20,3.7384073141012388e-06,0.00551134067695901,0,20
peru_first_round,PRE_ELECTION,5,15,imbalance_to_future_price,110,69,41,7.686667146090237e-05,0.06943534403052402,0,41
peru_first_round,PRE_ELECTION,5,15,price_to_future_imbalance,110,67,43,0.024467629455995607,0.046961583417925695,0,43
peru_first_round,PRE_ELECTION,5,15,liquidity_to_future_price,110,69,41,7.796184507882847e-05,0.0676423679713534,0,41
peru_first_round,PRE_ELECTION,5,15,activity_to_future_price,110,100,10,3.921695520683334e-06,0.0062110913629362455,0,10
peru_first_round,PRE_ELECTION,5,15,depth_activity_to_future_price,110,100,10,5.5276938495424006e-06,0.008590110394266472,0,10
peru_first_round,PRE_ELECTION,5,15,venue_trade_count_to_future_price,110,0,110,,,0,110
peru_first_round,PRE_ELECTION,5,15,venue_trade_notional_to_future_price,110,0,110,,,0,110
peru_first_round,PRE_ELECTION,5,15,fill_count_to_future_price,110,100,10,3.679841837998025e-06,0.0059871150599848455,0,10
peru_first_round,PRE_ELECTION,5,15,fill_notional_to_future_price,110,100,10,2.4217244000286755e-06,0.003493792431275651,0,10
peru_first_round,PRE_ELECTION,5,30,price_to_future_price,110,90,20,3.9212771450090425e-06,0.004574648030039251,0,20
peru_first_round,PRE_ELECTION,5,30,imbalance_to_future_price,110,69,41,8.874539896914684e-05,0.06344183541279619,0,41
peru_first_round,PRE_ELECTION,5,30,price_to_future_imbalance,110,67,43,0.019044537065275847,0.038982977701975785,0,43
peru_first_round,PRE_ELECTION,5,30,liquidity_to_future_price,110,69,41,9.56539280983834e-05,0.07460772682822313,0,41
peru_first_round,PRE_ELECTION,5,30,activity_to_future_price,110,100,10,6.346738791358866e-06,0.0076846620260257485,0,10
peru_first_round,PRE_ELECTION,5,30,depth_activity_to_future_price,110,100,10,5.472371867178167e-06,0.007536602245845092,0,10
peru_first_round,PRE_ELECTION,5,30,venue_trade_count_to_future_price,110,0,110,,,0,110
peru_first_round,PRE_ELECTION,5,30,venue_trade_notional_to_future_price,110,0,110,,,0,110
peru_first_round,PRE_ELECTION,5,30,fill_count_to_future_price,110,100,10,4.956236795013496e-06,0.006559396170863564,0,10
peru_first_round,PRE_ELECTION,5,30,fill_notional_to_future_price,110,100,10,3.4483895476619327e-06,0.004103964752799193,0,10
peru_first_round,PRE_ELECTION,5,60,price_to_future_price,110,90,20,5.589137476687928e-06,0.004710879969119661,0,20
peru_first_round,PRE_ELECTION,5,60,imbalance_to_future_price,110,72,38,9.896933810725725e-05,0.059214812455510225,0,38
peru_first_round,PRE_ELECTION,5,60,price_to_future_imbalance,110,61,49,0.024073752739555417,0.04665527220643462,0,49
peru_first_round,PRE_ELECTION,5,60,liquidity_to_future_price,110,72,38,0.00011471348391641083,0.06936718983219918,0,38
peru_first_round,PRE_ELECTION,5,60,activity_to_future_price,110,100,10,1.0057916948562895e-05,0.00876812841589971,0,10
peru_first_round,PRE_ELECTION,5,60,depth_activity_to_future_price,110,100,10,7.1762606544341705e-06,0.006781931228690773,0,10
peru_first_round,PRE_ELECTION,5,60,venue_trade_count_to_future_price,110,0,110,,,0,110
peru_first_round,PRE_ELECTION,5,60,venue_trade_notional_to_future_price,110,0,110,,,0,110
peru_first_round,PRE_ELECTION,5,60,fill_count_to_future_price,110,100,10,6.765547077459253e-06,0.006237407036649861,0,10
peru_first_round,PRE_ELECTION,5,60,fill_notional_to_future_price,110,100,10,5.578133211896843e-06,0.004549336313368737,0,10
peru_first_round,PRE_ELECTION,5,120,price_to_future_price,110,90,20,7.279450369084369e-06,0.004263665425588515,0,20
peru_first_round,PRE_ELECTION,5,120,imbalance_to_future_price,110,72,38,0.00013298584276389184,0.06558606412457696,0,38
peru_first_round,PRE_ELECTION,5,120,price_to_future_imbalance,110,63,47,0.030519363692486576,0.060965906510790785,0,47
peru_first_round,PRE_ELECTION,5,120,liquidity_to_future_price,110,72,38,0.00013706883430388627,0.06787093804626101,0,38
peru_first_round,PRE_ELECTION,5,120,activity_to_future_price,110,100,10,1.8330280568737845e-05,0.01127653260193389,0,10
peru_first_round,PRE_ELECTION,5,120,depth_activity_to_future_price,110,100,10,1.1668033760512266e-05,0.007373085461401752,0,10
peru_first_round,PRE_ELECTION,5,120,venue_trade_count_to_future_price,110,0,110,,,0,110
peru_first_round,PRE_ELECTION,5,120,venue_trade_notional_to_future_price,110,0,110,,,0,110
peru_first_round,PRE_ELECTION,5,120,fill_count_to_future_price,110,100,10,9.57175683448354e-06,0.006250319188901774,0,10
peru_first_round,PRE_ELECTION,5,120,fill_notional_to_future_price,110,100,10,7.273932501269615e-06,0.004550805543932418,0,10
peru_first_round,PRE_ELECTION,5,300,price_to_future_price,110,90,20,1.231189087983271e-05,0.0048283243447524785,0,20
peru_first_round,PRE_ELECTION,5,300,imbalance_to_future_price,110,72,38,0.00019739671396240427,0.06499160059717643,0,38
peru_first_round,PRE_ELECTION,5,300,price_to_future_imbalance,110,68,42,0.02447266689711165,0.051888190879266355,0,42
peru_first_round,PRE_ELECTION,5,300,liquidity_to_future_price,110,72,38,0.00019190872226520052,0.06298272453588799,0,38
peru_first_round,PRE_ELECTION,5,300,activity_to_future_price,110,100,10,4.035397783895684e-05,0.016342235685212234,0,10
peru_first_round,PRE_ELECTION,5,300,depth_activity_to_future_price,110,100,10,1.9810581894175865e-05,0.008449722058672327,0,10
peru_first_round,PRE_ELECTION,5,300,venue_trade_count_to_future_price,110,0,110,,,0,110
peru_first_round,PRE_ELECTION,5,300,venue_trade_notional_to_future_price,110,0,110,,,0,110
peru_first_round,PRE_ELECTION,5,300,fill_count_to_future_price,110,100,10,1.715389812450227e-05,0.007256999806980989,0,10
peru_first_round,PRE_ELECTION,5,300,fill_notional_to_future_price,110,100,10,1.2709813234699698e-05,0.005068547921843275,0,10
peru_first_round,PRE_ELECTION,30,1,price_to_future_price,110,0,110,,,110,0
peru_first_round,PRE_ELECTION,30,1,imbalance_to_future_price,110,0,110,,,110,0
peru_first_round,PRE_ELECTION,30,1,price_to_future_imbalance,110,0,110,,,110,0
peru_first_round,PRE_ELECTION,30,1,liquidity_to_future_price,110,0,110,,,110,0
peru_first_round,PRE_ELECTION,30,1,activity_to_future_price,110,0,110,,,110,0
peru_first_round,PRE_ELECTION,30,1,depth_activity_to_future_price,110,0,110,,,110,0
peru_first_round,PRE_ELECTION,30,1,venue_trade_count_to_future_price,110,0,110,,,110,0
peru_first_round,PRE_ELECTION,30,1,venue_trade_notional_to_future_price,110,0,110,,,110,0
peru_first_round,PRE_ELECTION,30,1,fill_count_to_future_price,110,0,110,,,110,0
peru_first_round,PRE_ELECTION,30,1,fill_notional_to_future_price,110,0,110,,,110,0
peru_first_round,PRE_ELECTION,30,5,price_to_future_price,110,0,110,,,110,0
peru_first_round,PRE_ELECTION,30,5,imbalance_to_future_price,110,0,110,,,110,0
peru_first_round,PRE_ELECTION,30,5,price_to_future_imbalance,110,0,110,,,110,0
peru_first_round,PRE_ELECTION,30,5,liquidity_to_future_price,110,0,110,,,110,0
peru_first_round,PRE_ELECTION,30,5,activity_to_future_price,110,0,110,,,110,0
peru_first_round,PRE_ELECTION,30,5,depth_activity_to_future_price,110,0,110,,,110,0
peru_first_round,PRE_ELECTION,30,5,venue_trade_count_to_future_price,110,0,110,,,110,0
peru_first_round,PRE_ELECTION,30,5,venue_trade_notional_to_future_price,110,0,110,,,110,0
peru_first_round,PRE_ELECTION,30,5,fill_count_to_future_price,110,0,110,,,110,0
peru_first_round,PRE_ELECTION,30,5,fill_notional_to_future_price,110,0,110,,,110,0
peru_first_round,PRE_ELECTION,30,15,price_to_future_price,110,0,110,,,110,0
peru_first_round,PRE_ELECTION,30,15,imbalance_to_future_price,110,0,110,,,110,0
peru_first_round,PRE_ELECTION,30,15,price_to_future_imbalance,110,0,110,,,110,0
peru_first_round,PRE_ELECTION,30,15,liquidity_to_future_price,110,0,110,,,110,0
peru_first_round,PRE_ELECTION,30,15,activity_to_future_price,110,0,110,,,110,0
peru_first_round,PRE_ELECTION,30,15,depth_activity_to_future_price,110,0,110,,,110,0
peru_first_round,PRE_ELECTION,30,15,venue_trade_count_to_future_price,110,0,110,,,110,0
peru_first_round,PRE_ELECTION,30,15,venue_trade_notional_to_future_price,110,0,110,,,110,0
peru_first_round,PRE_ELECTION,30,15,fill_count_to_future_price,110,0,110,,,110,0
peru_first_round,PRE_ELECTION,30,15,fill_notional_to_future_price,110,0,110,,,110,0
peru_first_round,PRE_ELECTION,30,30,price_to_future_price,110,90,20,1.192143602146788e-05,0.013748118134852667,0,20
peru_first_round,PRE_ELECTION,30,30,imbalance_to_future_price,110,72,38,4.769565149829556e-05,0.04417233977283821,0,38
peru_first_round,PRE_ELECTION,30,30,price_to_future_imbalance,110,72,38,0.02714455957882086,0.04936862160971035,0,38
peru_first_round,PRE_ELECTION,30,30,liquidity_to_future_price,110,72,38,4.269736223353271e-05,0.04003803746354377,0,38
peru_first_round,PRE_ELECTION,30,30,activity_to_future_price,110,100,10,9.63045309801537e-06,0.01113560543897702,0,10
peru_first_round,PRE_ELECTION,30,30,depth_activity_to_future_price,110,100,10,1.1902157775442261e-05,0.014737835105086826,0,10
peru_first_round,PRE_ELECTION,30,30,venue_trade_count_to_future_price,110,0,110,,,0,110
peru_first_round,PRE_ELECTION,30,30,venue_trade_notional_to_future_price,110,0,110,,,0,110
peru_first_round,PRE_ELECTION,30,30,fill_count_to_future_price,110,100,10,1.2322042210674875e-05,0.013865818879313208,0,10
peru_first_round,PRE_ELECTION,30,30,fill_notional_to_future_price,110,100,10,9.55365210621412e-06,0.010589339827125914,0,10
peru_first_round,PRE_ELECTION,30,60,price_to_future_price,110,90,20,1.329088154149064e-05,0.011206667825889487,0,20
peru_first_round,PRE_ELECTION,30,60,imbalance_to_future_price,110,72,38,7.239598803781487e-05,0.044616708863684976,0,38
peru_first_round,PRE_ELECTION,30,60,price_to_future_imbalance,110,72,38,0.022503913475563506,0.04017395815776575,0,38
peru_first_round,PRE_ELECTION,30,60,liquidity_to_future_price,110,72,38,5.767394805367948e-05,0.03745040965708565,0,38
peru_first_round,PRE_ELECTION,30,60,activity_to_future_price,110,100,10,1.5684967534898578e-05,0.013751438941316717,0,10
peru_first_round,PRE_ELECTION,30,60,depth_activity_to_future_price,110,100,10,1.4519814636836752e-05,0.012970627379241048,0,10
peru_first_round,PRE_ELECTION,30,60,venue_trade_count_to_future_price,110,0,110,,,0,110
peru_first_round,PRE_ELECTION,30,60,venue_trade_notional_to_future_price,110,0,110,,,0,110
peru_first_round,PRE_ELECTION,30,60,fill_count_to_future_price,110,100,10,1.5229348552744617e-05,0.01308168075523227,0,10
peru_first_round,PRE_ELECTION,30,60,fill_notional_to_future_price,110,100,10,1.301324600260528e-05,0.010497158135877555,0,10
peru_first_round,PRE_ELECTION,30,120,price_to_future_price,110,90,20,1.912892921914822e-05,0.011624739425602196,0,20
peru_first_round,PRE_ELECTION,30,120,imbalance_to_future_price,110,72,38,8.802654624203918e-05,0.04385367304291463,0,38
peru_first_round,PRE_ELECTION,30,120,price_to_future_imbalance,110,72,38,0.02705407585588159,0.049580806315231485,0,38
peru_first_round,PRE_ELECTION,30,120,liquidity_to_future_price,110,72,38,7.069396136166692e-05,0.036455620853949676,0,38
peru_first_round,PRE_ELECTION,30,120,activity_to_future_price,110,100,10,2.825635876983367e-05,0.01728720033596025,0,10
peru_first_round,PRE_ELECTION,30,120,depth_activity_to_future_price,110,100,10,2.176403545575021e-05,0.014226201100696953,0,10
peru_first_round,PRE_ELECTION,30,120,venue_trade_count_to_future_price,110,0,110,,,0,110
peru_first_round,PRE_ELECTION,30,120,venue_trade_notional_to_future_price,110,0,110,,,0,110
peru_first_round,PRE_ELECTION,30,120,fill_count_to_future_price,110,100,10,1.923732976493885e-05,0.012867462765308575,0,10
peru_first_round,PRE_ELECTION,30,120,fill_notional_to_future_price,110,100,10,1.644598843967127e-05,0.01037484256804498,0,10
peru_first_round,PRE_ELECTION,30,300,price_to_future_price,110,90,20,3.3987072036124765e-05,0.013887529038439664,0,20
peru_first_round,PRE_ELECTION,30,300,imbalance_to_future_price,110,72,38,0.00013809807494050112,0.04382168291650163,0,38
peru_first_round,PRE_ELECTION,30,300,price_to_future_imbalance,110,71,39,0.027495863583161265,0.0494934432125146,0,39
peru_first_round,PRE_ELECTION,30,300,liquidity_to_future_price,110,72,38,0.00010785907316846708,0.0359873554812479,0,38
peru_first_round,PRE_ELECTION,30,300,activity_to_future_price,110,100,10,5.854469721059271e-05,0.023707916375647307,0,10
peru_first_round,PRE_ELECTION,30,300,depth_activity_to_future_price,110,100,10,4.048743393811918e-05,0.01743942316562279,0,10
peru_first_round,PRE_ELECTION,30,300,venue_trade_count_to_future_price,110,0,110,,,0,110
peru_first_round,PRE_ELECTION,30,300,venue_trade_notional_to_future_price,110,0,110,,,0,110
peru_first_round,PRE_ELECTION,30,300,fill_count_to_future_price,110,100,10,3.5262903202979695e-05,0.015032070279670604,0,10
peru_first_round,PRE_ELECTION,30,300,fill_notional_to_future_price,110,100,10,2.8904368773652687e-05,0.01157775999446644,0,10
peru_first_round,PRE_ELECTION,60,1,price_to_future_price,110,0,110,,,110,0
peru_first_round,PRE_ELECTION,60,1,imbalance_to_future_price,110,0,110,,,110,0
peru_first_round,PRE_ELECTION,60,1,price_to_future_imbalance,110,0,110,,,110,0
peru_first_round,PRE_ELECTION,60,1,liquidity_to_future_price,110,0,110,,,110,0
peru_first_round,PRE_ELECTION,60,1,activity_to_future_price,110,0,110,,,110,0
peru_first_round,PRE_ELECTION,60,1,depth_activity_to_future_price,110,0,110,,,110,0
peru_first_round,PRE_ELECTION,60,1,venue_trade_count_to_future_price,110,0,110,,,110,0
peru_first_round,PRE_ELECTION,60,1,venue_trade_notional_to_future_price,110,0,110,,,110,0
peru_first_round,PRE_ELECTION,60,1,fill_count_to_future_price,110,0,110,,,110,0
peru_first_round,PRE_ELECTION,60,1,fill_notional_to_future_price,110,0,110,,,110,0
peru_first_round,PRE_ELECTION,60,5,price_to_future_price,110,0,110,,,110,0
peru_first_round,PRE_ELECTION,60,5,imbalance_to_future_price,110,0,110,,,110,0
peru_first_round,PRE_ELECTION,60,5,price_to_future_imbalance,110,0,110,,,110,0
peru_first_round,PRE_ELECTION,60,5,liquidity_to_future_price,110,0,110,,,110,0
peru_first_round,PRE_ELECTION,60,5,activity_to_future_price,110,0,110,,,110,0
peru_first_round,PRE_ELECTION,60,5,depth_activity_to_future_price,110,0,110,,,110,0
peru_first_round,PRE_ELECTION,60,5,venue_trade_count_to_future_price,110,0,110,,,110,0
peru_first_round,PRE_ELECTION,60,5,venue_trade_notional_to_future_price,110,0,110,,,110,0
peru_first_round,PRE_ELECTION,60,5,fill_count_to_future_price,110,0,110,,,110,0
peru_first_round,PRE_ELECTION,60,5,fill_notional_to_future_price,110,0,110,,,110,0
peru_first_round,PRE_ELECTION,60,15,price_to_future_price,110,0,110,,,110,0
peru_first_round,PRE_ELECTION,60,15,imbalance_to_future_price,110,0,110,,,110,0
peru_first_round,PRE_ELECTION,60,15,price_to_future_imbalance,110,0,110,,,110,0
peru_first_round,PRE_ELECTION,60,15,liquidity_to_future_price,110,0,110,,,110,0
peru_first_round,PRE_ELECTION,60,15,activity_to_future_price,110,0,110,,,110,0
peru_first_round,PRE_ELECTION,60,15,depth_activity_to_future_price,110,0,110,,,110,0
peru_first_round,PRE_ELECTION,60,15,venue_trade_count_to_future_price,110,0,110,,,110,0
peru_first_round,PRE_ELECTION,60,15,venue_trade_notional_to_future_price,110,0,110,,,110,0
peru_first_round,PRE_ELECTION,60,15,fill_count_to_future_price,110,0,110,,,110,0
peru_first_round,PRE_ELECTION,60,15,fill_notional_to_future_price,110,0,110,,,110,0
peru_first_round,PRE_ELECTION,60,30,price_to_future_price,110,0,110,,,110,0
peru_first_round,PRE_ELECTION,60,30,imbalance_to_future_price,110,0,110,,,110,0
peru_first_round,PRE_ELECTION,60,30,price_to_future_imbalance,110,0,110,,,110,0
peru_first_round,PRE_ELECTION,60,30,liquidity_to_future_price,110,0,110,,,110,0
peru_first_round,PRE_ELECTION,60,30,activity_to_future_price,110,0,110,,,110,0
peru_first_round,PRE_ELECTION,60,30,depth_activity_to_future_price,110,0,110,,,110,0
peru_first_round,PRE_ELECTION,60,30,venue_trade_count_to_future_price,110,0,110,,,110,0
peru_first_round,PRE_ELECTION,60,30,venue_trade_notional_to_future_price,110,0,110,,,110,0
peru_first_round,PRE_ELECTION,60,30,fill_count_to_future_price,110,0,110,,,110,0
peru_first_round,PRE_ELECTION,60,30,fill_notional_to_future_price,110,0,110,,,110,0
peru_first_round,PRE_ELECTION,60,60,price_to_future_price,110,90,20,1.8845145409329837e-05,0.015119891183121884,0,20
peru_first_round,PRE_ELECTION,60,60,imbalance_to_future_price,110,72,38,5.82990560524273e-05,0.04140693605306653,0,38
peru_first_round,PRE_ELECTION,60,60,price_to_future_imbalance,110,72,38,0.02425293759598801,0.04189931777585983,0,38
peru_first_round,PRE_ELECTION,60,60,liquidity_to_future_price,110,72,38,5.1625815663822395e-05,0.03723004869794955,0,38
peru_first_round,PRE_ELECTION,60,60,activity_to_future_price,110,100,10,1.874674625520077e-05,0.01602415938439839,0,10
peru_first_round,PRE_ELECTION,60,60,depth_activity_to_future_price,110,100,10,2.156752772134147e-05,0.017711488679133355,0,10
peru_first_round,PRE_ELECTION,60,60,venue_trade_count_to_future_price,110,0,110,,,0,110
peru_first_round,PRE_ELECTION,60,60,venue_trade_notional_to_future_price,110,0,110,,,0,110
peru_first_round,PRE_ELECTION,60,60,fill_count_to_future_price,110,100,10,1.9180623123430956e-05,0.015682310638605295,0,10
peru_first_round,PRE_ELECTION,60,60,fill_notional_to_future_price,110,100,10,1.5041338204477946e-05,0.012734187474100015,0,10
peru_first_round,PRE_ELECTION,60,120,price_to_future_price,110,90,20,2.5722623892847902e-05,0.016266928123818074,0,20
peru_first_round,PRE_ELECTION,60,120,imbalance_to_future_price,110,72,38,7.79184061738278e-05,0.0419517199557736,0,38
peru_first_round,PRE_ELECTION,60,120,price_to_future_imbalance,110,72,38,0.02336447167889622,0.04094865052183386,0,38
peru_first_round,PRE_ELECTION,60,120,liquidity_to_future_price,110,72,38,6.220524861946023e-05,0.0345223864784189,0,38
peru_first_round,PRE_ELECTION,60,120,activity_to_future_price,110,100,10,3.288184665447626e-05,0.019936832062421618,0,10
peru_first_round,PRE_ELECTION,60,120,depth_activity_to_future_price,110,100,10,2.789721091540224e-05,0.018477528093978488,0,10
peru_first_round,PRE_ELECTION,60,120,venue_trade_count_to_future_price,110,0,110,,,0,110
peru_first_round,PRE_ELECTION,60,120,venue_trade_notional_to_future_price,110,0,110,,,0,110
peru_first_round,PRE_ELECTION,60,120,fill_count_to_future_price,110,100,10,2.7014624734881766e-05,0.017205412892339192,0,10
peru_first_round,PRE_ELECTION,60,120,fill_notional_to_future_price,110,100,10,2.2028923090262326e-05,0.013606413499669066,0,10
peru_first_round,PRE_ELECTION,60,300,price_to_future_price,110,90,20,4.67868532227318e-05,0.01921758952846322,0,20
peru_first_round,PRE_ELECTION,60,300,imbalance_to_future_price,110,72,38,0.00010790582781708871,0.03844254087452731,0,38
peru_first_round,PRE_ELECTION,60,300,price_to_future_imbalance,110,72,38,0.026219904826876177,0.04583216983165763,0,38
peru_first_round,PRE_ELECTION,60,300,liquidity_to_future_price,110,72,38,0.00010110916339634314,0.035435561589380354,0,38
peru_first_round,PRE_ELECTION,60,300,activity_to_future_price,110,100,10,6.93680011728234e-05,0.02788074000913752,0,10
peru_first_round,PRE_ELECTION,60,300,depth_activity_to_future_price,110,100,10,5.7685937469374225e-05,0.02383395482620984,0,10
peru_first_round,PRE_ELECTION,60,300,venue_trade_count_to_future_price,110,0,110,,,0,110
peru_first_round,PRE_ELECTION,60,300,venue_trade_notional_to_future_price,110,0,110,,,0,110
peru_first_round,PRE_ELECTION,60,300,fill_count_to_future_price,110,100,10,4.8878162933913e-05,0.020184476205666574,0,10
peru_first_round,PRE_ELECTION,60,300,fill_notional_to_future_price,110,100,10,4.444409533274636e-05,0.017730196330195565,0,10
peru_first_round,PRE_ELECTION,300,1,price_to_future_price,110,0,110,,,110,0
peru_first_round,PRE_ELECTION,300,1,imbalance_to_future_price,110,0,110,,,110,0
peru_first_round,PRE_ELECTION,300,1,price_to_future_imbalance,110,0,110,,,110,0
peru_first_round,PRE_ELECTION,300,1,liquidity_to_future_price,110,0,110,,,110,0
peru_first_round,PRE_ELECTION,300,1,activity_to_future_price,110,0,110,,,110,0
peru_first_round,PRE_ELECTION,300,1,depth_activity_to_future_price,110,0,110,,,110,0
peru_first_round,PRE_ELECTION,300,1,venue_trade_count_to_future_price,110,0,110,,,110,0
peru_first_round,PRE_ELECTION,300,1,venue_trade_notional_to_future_price,110,0,110,,,110,0
peru_first_round,PRE_ELECTION,300,1,fill_count_to_future_price,110,0,110,,,110,0
peru_first_round,PRE_ELECTION,300,1,fill_notional_to_future_price,110,0,110,,,110,0
peru_first_round,PRE_ELECTION,300,5,price_to_future_price,110,0,110,,,110,0
peru_first_round,PRE_ELECTION,300,5,imbalance_to_future_price,110,0,110,,,110,0
peru_first_round,PRE_ELECTION,300,5,price_to_future_imbalance,110,0,110,,,110,0
peru_first_round,PRE_ELECTION,300,5,liquidity_to_future_price,110,0,110,,,110,0
peru_first_round,PRE_ELECTION,300,5,activity_to_future_price,110,0,110,,,110,0
peru_first_round,PRE_ELECTION,300,5,depth_activity_to_future_price,110,0,110,,,110,0
peru_first_round,PRE_ELECTION,300,5,venue_trade_count_to_future_price,110,0,110,,,110,0
peru_first_round,PRE_ELECTION,300,5,venue_trade_notional_to_future_price,110,0,110,,,110,0
peru_first_round,PRE_ELECTION,300,5,fill_count_to_future_price,110,0,110,,,110,0
peru_first_round,PRE_ELECTION,300,5,fill_notional_to_future_price,110,0,110,,,110,0
peru_first_round,PRE_ELECTION,300,15,price_to_future_price,110,0,110,,,110,0
peru_first_round,PRE_ELECTION,300,15,imbalance_to_future_price,110,0,110,,,110,0
peru_first_round,PRE_ELECTION,300,15,price_to_future_imbalance,110,0,110,,,110,0
peru_first_round,PRE_ELECTION,300,15,liquidity_to_future_price,110,0,110,,,110,0
peru_first_round,PRE_ELECTION,300,15,activity_to_future_price,110,0,110,,,110,0
peru_first_round,PRE_ELECTION,300,15,depth_activity_to_future_price,110,0,110,,,110,0
peru_first_round,PRE_ELECTION,300,15,venue_trade_count_to_future_price,110,0,110,,,110,0
peru_first_round,PRE_ELECTION,300,15,venue_trade_notional_to_future_price,110,0,110,,,110,0
peru_first_round,PRE_ELECTION,300,15,fill_count_to_future_price,110,0,110,,,110,0
peru_first_round,PRE_ELECTION,300,15,fill_notional_to_future_price,110,0,110,,,110,0
peru_first_round,PRE_ELECTION,300,30,price_to_future_price,110,0,110,,,110,0
peru_first_round,PRE_ELECTION,300,30,imbalance_to_future_price,110,0,110,,,110,0
peru_first_round,PRE_ELECTION,300,30,price_to_future_imbalance,110,0,110,,,110,0
peru_first_round,PRE_ELECTION,300,30,liquidity_to_future_price,110,0,110,,,110,0
peru_first_round,PRE_ELECTION,300,30,activity_to_future_price,110,0,110,,,110,0
peru_first_round,PRE_ELECTION,300,30,depth_activity_to_future_price,110,0,110,,,110,0
peru_first_round,PRE_ELECTION,300,30,venue_trade_count_to_future_price,110,0,110,,,110,0
peru_first_round,PRE_ELECTION,300,30,venue_trade_notional_to_future_price,110,0,110,,,110,0
peru_first_round,PRE_ELECTION,300,30,fill_count_to_future_price,110,0,110,,,110,0
peru_first_round,PRE_ELECTION,300,30,fill_notional_to_future_price,110,0,110,,,110,0
peru_first_round,PRE_ELECTION,300,60,price_to_future_price,110,0,110,,,110,0
peru_first_round,PRE_ELECTION,300,60,imbalance_to_future_price,110,0,110,,,110,0
peru_first_round,PRE_ELECTION,300,60,price_to_future_imbalance,110,0,110,,,110,0
peru_first_round,PRE_ELECTION,300,60,liquidity_to_future_price,110,0,110,,,110,0
peru_first_round,PRE_ELECTION,300,60,activity_to_future_price,110,0,110,,,110,0
peru_first_round,PRE_ELECTION,300,60,depth_activity_to_future_price,110,0,110,,,110,0
peru_first_round,PRE_ELECTION,300,60,venue_trade_count_to_future_price,110,0,110,,,110,0
peru_first_round,PRE_ELECTION,300,60,venue_trade_notional_to_future_price,110,0,110,,,110,0
peru_first_round,PRE_ELECTION,300,60,fill_count_to_future_price,110,0,110,,,110,0
peru_first_round,PRE_ELECTION,300,60,fill_notional_to_future_price,110,0,110,,,110,0
peru_first_round,PRE_ELECTION,300,120,price_to_future_price,110,0,110,,,110,0
peru_first_round,PRE_ELECTION,300,120,imbalance_to_future_price,110,0,110,,,110,0
peru_first_round,PRE_ELECTION,300,120,price_to_future_imbalance,110,0,110,,,110,0
peru_first_round,PRE_ELECTION,300,120,liquidity_to_future_price,110,0,110,,,110,0
peru_first_round,PRE_ELECTION,300,120,activity_to_future_price,110,0,110,,,110,0
peru_first_round,PRE_ELECTION,300,120,depth_activity_to_future_price,110,0,110,,,110,0
peru_first_round,PRE_ELECTION,300,120,venue_trade_count_to_future_price,110,0,110,,,110,0
peru_first_round,PRE_ELECTION,300,120,venue_trade_notional_to_future_price,110,0,110,,,110,0
peru_first_round,PRE_ELECTION,300,120,fill_count_to_future_price,110,0,110,,,110,0
peru_first_round,PRE_ELECTION,300,120,fill_notional_to_future_price,110,0,110,,,110,0
peru_first_round,PRE_ELECTION,300,300,price_to_future_price,110,90,20,9.842554462784054e-05,0.040699796029590105,0,20
peru_first_round,PRE_ELECTION,300,300,imbalance_to_future_price,110,90,20,0.00015412873433974733,0.061911460820034916,0,20
peru_first_round,PRE_ELECTION,300,300,price_to_future_imbalance,110,90,20,0.03892141810444396,0.06284315781501694,0,20
peru_first_round,PRE_ELECTION,300,300,liquidity_to_future_price,110,90,20,0.00016710932290491564,0.07026263881294655,0,20
peru_first_round,PRE_ELECTION,300,300,activity_to_future_price,110,100,10,8.322596578595168e-05,0.03358638502398282,0,10
peru_first_round,PRE_ELECTION,300,300,depth_activity_to_future_price,110,100,10,0.00010073480080519569,0.04099466161075486,0,10
peru_first_round,PRE_ELECTION,300,300,venue_trade_count_to_future_price,110,0,110,,,0,110
peru_first_round,PRE_ELECTION,300,300,venue_trade_notional_to_future_price,110,0,110,,,0,110
peru_first_round,PRE_ELECTION,300,300,fill_count_to_future_price,110,100,10,8.036999094899753e-05,0.03345037036105547,0,10
peru_first_round,PRE_ELECTION,300,300,fill_notional_to_future_price,110,100,10,8.984756064939209e-05,0.036787559108453466,0,10
peru_first_round,ACTIVE_RESULTS,1,1,price_to_future_price,1560,210,1350,9.716250077989871e-06,0.011964501575153198,0,1350
peru_first_round,ACTIVE_RESULTS,1,1,imbalance_to_future_price,1560,74,1486,0.00010014662584628556,0.05982704135184024,0,1486
peru_first_round,ACTIVE_RESULTS,1,1,price_to_future_imbalance,1560,80,1480,0.031617926404498134,0.05721284577644362,0,1480
peru_first_round,ACTIVE_RESULTS,1,1,liquidity_to_future_price,1560,74,1486,0.00010157640626883657,0.05790321338296936,0,1486
peru_first_round,ACTIVE_RESULTS,1,1,activity_to_future_price,1560,585,975,6.9598588537347865e-06,0.009545324651441566,0,975
peru_first_round,ACTIVE_RESULTS,1,1,depth_activity_to_future_price,1560,585,975,9.855988314595866e-06,0.01904684560297619,0,975
peru_first_round,ACTIVE_RESULTS,1,1,venue_trade_count_to_future_price,1560,0,1560,,,0,1560
peru_first_round,ACTIVE_RESULTS,1,1,venue_trade_notional_to_future_price,1560,0,1560,,,0,1560
peru_first_round,ACTIVE_RESULTS,1,1,fill_count_to_future_price,1560,345,1215,4.06359879844419e-06,0.005210096901130649,0,1215
peru_first_round,ACTIVE_RESULTS,1,1,fill_notional_to_future_price,1560,345,1215,3.570507798366452e-06,0.00393368928212269,0,1215
peru_first_round,ACTIVE_RESULTS,1,5,price_to_future_price,1560,210,1350,3.0131478532640088e-05,0.011105264622136037,0,1350
peru_first_round,ACTIVE_RESULTS,1,5,imbalance_to_future_price,1560,81,1479,0.00021703884644297768,0.05673412529742783,0,1479
peru_first_round,ACTIVE_RESULTS,1,5,price_to_future_imbalance,1560,78,1482,0.039011174180188846,0.07327802320935933,0,1482
peru_first_round,ACTIVE_RESULTS,1,5,liquidity_to_future_price,1560,81,1479,0.0001888117994348308,0.05678712376368491,0,1479
peru_first_round,ACTIVE_RESULTS,1,5,activity_to_future_price,1560,585,975,2.0666466814594038e-05,0.011882724477442678,0,975
peru_first_round,ACTIVE_RESULTS,1,5,depth_activity_to_future_price,1560,585,975,1.5796093093795845e-05,0.012334439040953202,0,975
peru_first_round,ACTIVE_RESULTS,1,5,venue_trade_count_to_future_price,1560,0,1560,,,0,1560
peru_first_round,ACTIVE_RESULTS,1,5,venue_trade_notional_to_future_price,1560,0,1560,,,0,1560
peru_first_round,ACTIVE_RESULTS,1,5,fill_count_to_future_price,1560,344,1216,9.292343450442462e-06,0.006472323722880866,0,1216
peru_first_round,ACTIVE_RESULTS,1,5,fill_notional_to_future_price,1560,344,1216,9.396584023422752e-06,0.005657955227895462,0,1216
peru_first_round,ACTIVE_RESULTS,1,15,price_to_future_price,1560,210,1350,4.133826420945393e-05,0.010270911391642759,0,1350
peru_first_round,ACTIVE_RESULTS,1,15,imbalance_to_future_price,1560,82,1478,0.00024009030141938992,0.06107162475316733,0,1478
peru_first_round,ACTIVE_RESULTS,1,15,price_to_future_imbalance,1560,74,1486,0.03068277645366779,0.0563973485277023,0,1486
peru_first_round,ACTIVE_RESULTS,1,15,liquidity_to_future_price,1560,82,1478,0.000202370310113216,0.053255453221680425,0,1478
peru_first_round,ACTIVE_RESULTS,1,15,activity_to_future_price,1560,585,975,3.625913255453298e-05,0.01408851475920904,0,975
peru_first_round,ACTIVE_RESULTS,1,15,depth_activity_to_future_price,1560,585,975,2.1661967430039254e-05,0.013939250613714304,0,975
peru_first_round,ACTIVE_RESULTS,1,15,venue_trade_count_to_future_price,1560,0,1560,,,0,1560
peru_first_round,ACTIVE_RESULTS,1,15,venue_trade_notional_to_future_price,1560,0,1560,,,0,1560
peru_first_round,ACTIVE_RESULTS,1,15,fill_count_to_future_price,1560,345,1215,2.1226772945083616e-05,0.008291982127373112,0,1215
peru_first_round,ACTIVE_RESULTS,1,15,fill_notional_to_future_price,1560,345,1215,1.6952288727627903e-05,0.0060511618561452304,0,1215
peru_first_round,ACTIVE_RESULTS,1,30,price_to_future_price,1560,210,1350,4.80013826009393e-05,0.009702647955528021,0,1350
peru_first_round,ACTIVE_RESULTS,1,30,imbalance_to_future_price,1560,83,1477,0.000213898186924207,0.05439624692482048,0,1477
peru_first_round,ACTIVE_RESULTS,1,30,price_to_future_imbalance,1560,71,1489,0.022690975105453436,0.043494549120754386,0,1489
peru_first_round,ACTIVE_RESULTS,1,30,liquidity_to_future_price,1560,83,1477,0.000265343493242931,0.051191272142687774,0,1477
peru_first_round,ACTIVE_RESULTS,1,30,activity_to_future_price,1560,585,975,7.305046575150067e-05,0.018982644165880573,0,975
peru_first_round,ACTIVE_RESULTS,1,30,depth_activity_to_future_price,1560,585,975,3.0024802912633223e-05,0.012756744594267719,0,975
peru_first_round,ACTIVE_RESULTS,1,30,venue_trade_count_to_future_price,1560,0,1560,,,0,1560
peru_first_round,ACTIVE_RESULTS,1,30,venue_trade_notional_to_future_price,1560,0,1560,,,0,1560
peru_first_round,ACTIVE_RESULTS,1,30,fill_count_to_future_price,1560,345,1215,3.465879594263998e-05,0.01145481539487209,0,1215
peru_first_round,ACTIVE_RESULTS,1,30,fill_notional_to_future_price,1560,345,1215,2.8366612189774652e-05,0.008148724232645439,0,1215
peru_first_round,ACTIVE_RESULTS,1,60,price_to_future_price,1560,210,1350,6.24233102357668e-05,0.009313703293246479,0,1350
peru_first_round,ACTIVE_RESULTS,1,60,imbalance_to_future_price,1560,83,1477,0.0002839788831219478,0.05342861441029615,0,1477
peru_first_round,ACTIVE_RESULTS,1,60,price_to_future_imbalance,1560,75,1485,0.03137995736296777,0.05779448821035665,0,1485
peru_first_round,ACTIVE_RESULTS,1,60,liquidity_to_future_price,1560,83,1477,0.0003110972074679396,0.04229375535205067,0,1477
peru_first_round,ACTIVE_RESULTS,1,60,activity_to_future_price,1560,585,975,9.80899691166564e-05,0.021340295083336232,0,975
peru_first_round,ACTIVE_RESULTS,1,60,depth_activity_to_future_price,1560,585,975,4.308702336747229e-05,0.012730883816785395,0,975
peru_first_round,ACTIVE_RESULTS,1,60,venue_trade_count_to_future_price,1560,0,1560,,,0,1560
peru_first_round,ACTIVE_RESULTS,1,60,venue_trade_notional_to_future_price,1560,0,1560,,,0,1560
peru_first_round,ACTIVE_RESULTS,1,60,fill_count_to_future_price,1560,343,1217,4.523467772928881e-05,0.011617159116168884,0,1217
peru_first_round,ACTIVE_RESULTS,1,60,fill_notional_to_future_price,1560,343,1217,3.7228255045878544e-05,0.008582021868169159,0,1217
peru_first_round,ACTIVE_RESULTS,1,120,price_to_future_price,1560,209,1351,7.436858926119008e-05,0.009410447921421122,0,1351
peru_first_round,ACTIVE_RESULTS,1,120,imbalance_to_future_price,1560,83,1477,0.0004414616762253181,0.0545092513634818,0,1477
peru_first_round,ACTIVE_RESULTS,1,120,price_to_future_imbalance,1560,68,1492,0.02967154705516841,0.05891444080631718,0,1492
peru_first_round,ACTIVE_RESULTS,1,120,liquidity_to_future_price,1560,83,1477,0.00034202072184033616,0.04812753822041611,0,1477
peru_first_round,ACTIVE_RESULTS,1,120,activity_to_future_price,1560,585,975,0.00011811339504870649,0.024205695524879223,0,975
peru_first_round,ACTIVE_RESULTS,1,120,depth_activity_to_future_price,1560,585,975,5.749703734093808e-05,0.01327292422557106,0,975
peru_first_round,ACTIVE_RESULTS,1,120,venue_trade_count_to_future_price,1560,0,1560,,,0,1560
peru_first_round,ACTIVE_RESULTS,1,120,venue_trade_notional_to_future_price,1560,0,1560,,,0,1560
peru_first_round,ACTIVE_RESULTS,1,120,fill_count_to_future_price,1560,342,1218,6.615316740758216e-05,0.012755356679882765,0,1218
peru_first_round,ACTIVE_RESULTS,1,120,fill_notional_to_future_price,1560,342,1218,4.857457627665899e-05,0.00918576292666099,0,1218
peru_first_round,ACTIVE_RESULTS,1,300,price_to_future_price,1560,209,1351,0.00010530362125123972,0.009532969919616283,0,1351
peru_first_round,ACTIVE_RESULTS,1,300,imbalance_to_future_price,1560,83,1477,0.0005887908564667635,0.05741547711265874,0,1477
peru_first_round,ACTIVE_RESULTS,1,300,price_to_future_imbalance,1560,65,1495,0.027639022927199743,0.05188000786191717,0,1495
peru_first_round,ACTIVE_RESULTS,1,300,liquidity_to_future_price,1560,83,1477,0.00046605713634905225,0.05393519271508707,0,1477
peru_first_round,ACTIVE_RESULTS,1,300,activity_to_future_price,1560,585,975,0.0001960899823141296,0.02971138245916825,0,975
peru_first_round,ACTIVE_RESULTS,1,300,depth_activity_to_future_price,1560,585,975,8.755543600608182e-05,0.013227554211627487,0,975
peru_first_round,ACTIVE_RESULTS,1,300,venue_trade_count_to_future_price,1560,0,1560,,,0,1560
peru_first_round,ACTIVE_RESULTS,1,300,venue_trade_notional_to_future_price,1560,0,1560,,,0,1560
peru_first_round,ACTIVE_RESULTS,1,300,fill_count_to_future_price,1560,342,1218,0.0001344225497613374,0.01790847304419641,0,1218
peru_first_round,ACTIVE_RESULTS,1,300,fill_notional_to_future_price,1560,342,1218,9.435136472656485e-05,0.011357563726319016,0,1218
peru_first_round,ACTIVE_RESULTS,5,1,price_to_future_price,1560,0,1560,,,1560,0
peru_first_round,ACTIVE_RESULTS,5,1,imbalance_to_future_price,1560,0,1560,,,1560,0
peru_first_round,ACTIVE_RESULTS,5,1,price_to_future_imbalance,1560,0,1560,,,1560,0
peru_first_round,ACTIVE_RESULTS,5,1,liquidity_to_future_price,1560,0,1560,,,1560,0
peru_first_round,ACTIVE_RESULTS,5,1,activity_to_future_price,1560,0,1560,,,1560,0
peru_first_round,ACTIVE_RESULTS,5,1,depth_activity_to_future_price,1560,0,1560,,,1560,0
peru_first_round,ACTIVE_RESULTS,5,1,venue_trade_count_to_future_price,1560,0,1560,,,1560,0
peru_first_round,ACTIVE_RESULTS,5,1,venue_trade_notional_to_future_price,1560,0,1560,,,1560,0
peru_first_round,ACTIVE_RESULTS,5,1,fill_count_to_future_price,1560,0,1560,,,1560,0
peru_first_round,ACTIVE_RESULTS,5,1,fill_notional_to_future_price,1560,0,1560,,,1560,0
peru_first_round,ACTIVE_RESULTS,5,5,price_to_future_price,1560,208,1352,6.319980875675267e-05,0.022103407584092436,0,1352
peru_first_round,ACTIVE_RESULTS,5,5,imbalance_to_future_price,1560,91,1469,0.0003963279095501673,0.08313681762086202,0,1469
peru_first_round,ACTIVE_RESULTS,5,5,price_to_future_imbalance,1560,93,1467,0.03305420376330049,0.0597839891558232,0,1467
peru_first_round,ACTIVE_RESULTS,5,5,liquidity_to_future_price,1560,91,1469,0.0002552303952943134,0.05622278235661709,0,1469
peru_first_round,ACTIVE_RESULTS,5,5,activity_to_future_price,1560,585,975,2.977871199878774e-05,0.018959091283984604,0,975
peru_first_round,ACTIVE_RESULTS,5,5,depth_activity_to_future_price,1560,585,975,1.688081662038352e-05,0.011097910838396263,0,975
peru_first_round,ACTIVE_RESULTS,5,5,venue_trade_count_to_future_price,1560,0,1560,,,0,1560
peru_first_round,ACTIVE_RESULTS,5,5,venue_trade_notional_to_future_price,1560,0,1560,,,0,1560
peru_first_round,ACTIVE_RESULTS,5,5,fill_count_to_future_price,1560,344,1216,2.1449150051853305e-05,0.01464466556231716,0,1216
peru_first_round,ACTIVE_RESULTS,5,5,fill_notional_to_future_price,1560,344,1216,2.092731305863573e-05,0.011398510476743179,0,1216
peru_first_round,ACTIVE_RESULTS,5,15,price_to_future_price,1560,208,1352,7.936498615903851e-05,0.01943486148928432,0,1352
peru_first_round,ACTIVE_RESULTS,5,15,imbalance_to_future_price,1560,96,1464,0.0003306514224714098,0.054384708284509226,0,1464
peru_first_round,ACTIVE_RESULTS,5,15,price_to_future_imbalance,1560,91,1469,0.03768243604620309,0.0717966313763809,0,1469
peru_first_round,ACTIVE_RESULTS,5,15,liquidity_to_future_price,1560,96,1464,0.00021154066135682507,0.04890207925878812,0,1464
peru_first_round,ACTIVE_RESULTS,5,15,activity_to_future_price,1560,585,975,7.216661542543937e-05,0.02551865503035532,0,975
peru_first_round,ACTIVE_RESULTS,5,15,depth_activity_to_future_price,1560,585,975,3.962607260876011e-05,0.022722762991815013,0,975
peru_first_round,ACTIVE_RESULTS,5,15,venue_trade_count_to_future_price,1560,0,1560,,,0,1560
peru_first_round,ACTIVE_RESULTS,5,15,venue_trade_notional_to_future_price,1560,0,1560,,,0,1560
peru_first_round,ACTIVE_RESULTS,5,15,fill_count_to_future_price,1560,345,1215,5.741568914438166e-05,0.02218499123952211,0,1215
peru_first_round,ACTIVE_RESULTS,5,15,fill_notional_to_future_price,1560,345,1215,4.2138169008223854e-05,0.01500237168525703,0,1215
peru_first_round,ACTIVE_RESULTS,5,30,price_to_future_price,1560,208,1352,0.00010743802225206934,0.020796244706689584,0,1352
peru_first_round,ACTIVE_RESULTS,5,30,imbalance_to_future_price,1560,96,1464,0.0004121175645702086,0.05347073634831856,0,1464
peru_first_round,ACTIVE_RESULTS,5,30,price_to_future_imbalance,1560,89,1471,0.03012585504899303,0.049337252072277085,0,1471
peru_first_round,ACTIVE_RESULTS,5,30,liquidity_to_future_price,1560,96,1464,0.000240422811742102,0.046617581533008934,0,1464
peru_first_round,ACTIVE_RESULTS,5,30,activity_to_future_price,1560,585,975,0.00012957333621465403,0.03327802211870316,0,975
peru_first_round,ACTIVE_RESULTS,5,30,depth_activity_to_future_price,1560,585,975,5.8435101927768836e-05,0.023354567166895532,0,975
peru_first_round,ACTIVE_RESULTS,5,30,venue_trade_count_to_future_price,1560,0,1560,,,0,1560
peru_first_round,ACTIVE_RESULTS,5,30,venue_trade_notional_to_future_price,1560,0,1560,,,0,1560
peru_first_round,ACTIVE_RESULTS,5,30,fill_count_to_future_price,1560,345,1215,7.78379783554909e-05,0.02470535179552713,0,1215
peru_first_round,ACTIVE_RESULTS,5,30,fill_notional_to_future_price,1560,345,1215,6.750297759527896e-05,0.01801364840535811,0,1215
peru_first_round,ACTIVE_RESULTS,5,60,price_to_future_price,1560,208,1352,0.00015035044725305447,0.02163564735710244,0,1352
peru_first_round,ACTIVE_RESULTS,5,60,imbalance_to_future_price,1560,97,1463,0.000637683592546977,0.05135366753291489,0,1463
peru_first_round,ACTIVE_RESULTS,5,60,price_to_future_imbalance,1560,96,1464,0.027872278072252583,0.04841501636623998,0,1464
peru_first_round,ACTIVE_RESULTS,5,60,liquidity_to_future_price,1560,97,1463,0.0004939897426956133,0.044462255787822404,0,1463
peru_first_round,ACTIVE_RESULTS,5,60,activity_to_future_price,1560,585,975,0.00015808157479146087,0.03592007686469861,0,975
peru_first_round,ACTIVE_RESULTS,5,60,depth_activity_to_future_price,1560,585,975,7.930737350792075e-05,0.021040706597889685,0,975
peru_first_round,ACTIVE_RESULTS,5,60,venue_trade_count_to_future_price,1560,0,1560,,,0,1560
peru_first_round,ACTIVE_RESULTS,5,60,venue_trade_notional_to_future_price,1560,0,1560,,,0,1560
peru_first_round,ACTIVE_RESULTS,5,60,fill_count_to_future_price,1560,342,1218,9.40778200672768e-05,0.02420292353151374,0,1218
peru_first_round,ACTIVE_RESULTS,5,60,fill_notional_to_future_price,1560,342,1218,8.218151486793959e-05,0.018349657256663272,0,1218
peru_first_round,ACTIVE_RESULTS,5,120,price_to_future_price,1560,207,1353,0.0001738951004400966,0.021868280310201486,0,1353
peru_first_round,ACTIVE_RESULTS,5,120,imbalance_to_future_price,1560,97,1463,0.0005893596497992243,0.053814118884008645,0,1463
peru_first_round,ACTIVE_RESULTS,5,120,price_to_future_imbalance,1560,91,1469,0.034327730239899296,0.058180580102561046,0,1469
peru_first_round,ACTIVE_RESULTS,5,120,liquidity_to_future_price,1560,97,1463,0.0005933948079743265,0.05205294958310796,0,1463
peru_first_round,ACTIVE_RESULTS,5,120,activity_to_future_price,1560,585,975,0.00019533454902010309,0.03986659250410813,0,975
peru_first_round,ACTIVE_RESULTS,5,120,depth_activity_to_future_price,1560,585,975,0.00011852998822958734,0.024635770337487557,0,975
peru_first_round,ACTIVE_RESULTS,5,120,venue_trade_count_to_future_price,1560,0,1560,,,0,1560
peru_first_round,ACTIVE_RESULTS,5,120,venue_trade_notional_to_future_price,1560,0,1560,,,0,1560
peru_first_round,ACTIVE_RESULTS,5,120,fill_count_to_future_price,1560,342,1218,0.0001409500909804239,0.027591115545253876,0,1218
peru_first_round,ACTIVE_RESULTS,5,120,fill_notional_to_future_price,1560,342,1218,0.00011157152463659924,0.021004465024162967,0,1218
peru_first_round,ACTIVE_RESULTS,5,300,price_to_future_price,1560,207,1353,0.00021908436350531765,0.02019592179310503,0,1353
peru_first_round,ACTIVE_RESULTS,5,300,imbalance_to_future_price,1560,97,1463,0.0008787169402516211,0.05585698295793645,0,1463
peru_first_round,ACTIVE_RESULTS,5,300,price_to_future_imbalance,1560,87,1473,0.03674173281203993,0.059891560740732715,0,1473
peru_first_round,ACTIVE_RESULTS,5,300,liquidity_to_future_price,1560,97,1463,0.0008633674570019473,0.05222846287415596,0,1463
peru_first_round,ACTIVE_RESULTS,5,300,activity_to_future_price,1560,585,975,0.00032108688586020783,0.04912188732273003,0,975
peru_first_round,ACTIVE_RESULTS,5,300,depth_activity_to_future_price,1560,585,975,0.0001716248472122021,0.023780072965761,0,975
peru_first_round,ACTIVE_RESULTS,5,300,venue_trade_count_to_future_price,1560,0,1560,,,0,1560
peru_first_round,ACTIVE_RESULTS,5,300,venue_trade_notional_to_future_price,1560,0,1560,,,0,1560
peru_first_round,ACTIVE_RESULTS,5,300,fill_count_to_future_price,1560,343,1217,0.0002667167688268714,0.03628892876413472,0,1217
peru_first_round,ACTIVE_RESULTS,5,300,fill_notional_to_future_price,1560,343,1217,0.00019827397561340487,0.02455973639597033,0,1217
peru_first_round,ACTIVE_RESULTS,30,1,price_to_future_price,1560,0,1560,,,1560,0
peru_first_round,ACTIVE_RESULTS,30,1,imbalance_to_future_price,1560,0,1560,,,1560,0
peru_first_round,ACTIVE_RESULTS,30,1,price_to_future_imbalance,1560,0,1560,,,1560,0
peru_first_round,ACTIVE_RESULTS,30,1,liquidity_to_future_price,1560,0,1560,,,1560,0
peru_first_round,ACTIVE_RESULTS,30,1,activity_to_future_price,1560,0,1560,,,1560,0
peru_first_round,ACTIVE_RESULTS,30,1,depth_activity_to_future_price,1560,0,1560,,,1560,0
peru_first_round,ACTIVE_RESULTS,30,1,venue_trade_count_to_future_price,1560,0,1560,,,1560,0
peru_first_round,ACTIVE_RESULTS,30,1,venue_trade_notional_to_future_price,1560,0,1560,,,1560,0
peru_first_round,ACTIVE_RESULTS,30,1,fill_count_to_future_price,1560,0,1560,,,1560,0
peru_first_round,ACTIVE_RESULTS,30,1,fill_notional_to_future_price,1560,0,1560,,,1560,0
peru_first_round,ACTIVE_RESULTS,30,5,price_to_future_price,1560,0,1560,,,1560,0
peru_first_round,ACTIVE_RESULTS,30,5,imbalance_to_future_price,1560,0,1560,,,1560,0
peru_first_round,ACTIVE_RESULTS,30,5,price_to_future_imbalance,1560,0,1560,,,1560,0
peru_first_round,ACTIVE_RESULTS,30,5,liquidity_to_future_price,1560,0,1560,,,1560,0
peru_first_round,ACTIVE_RESULTS,30,5,activity_to_future_price,1560,0,1560,,,1560,0
peru_first_round,ACTIVE_RESULTS,30,5,depth_activity_to_future_price,1560,0,1560,,,1560,0
peru_first_round,ACTIVE_RESULTS,30,5,venue_trade_count_to_future_price,1560,0,1560,,,1560,0
peru_first_round,ACTIVE_RESULTS,30,5,venue_trade_notional_to_future_price,1560,0,1560,,,1560,0
peru_first_round,ACTIVE_RESULTS,30,5,fill_count_to_future_price,1560,0,1560,,,1560,0
peru_first_round,ACTIVE_RESULTS,30,5,fill_notional_to_future_price,1560,0,1560,,,1560,0
peru_first_round,ACTIVE_RESULTS,30,15,price_to_future_price,1560,0,1560,,,1560,0
peru_first_round,ACTIVE_RESULTS,30,15,imbalance_to_future_price,1560,0,1560,,,1560,0
peru_first_round,ACTIVE_RESULTS,30,15,price_to_future_imbalance,1560,0,1560,,,1560,0
peru_first_round,ACTIVE_RESULTS,30,15,liquidity_to_future_price,1560,0,1560,,,1560,0
peru_first_round,ACTIVE_RESULTS,30,15,activity_to_future_price,1560,0,1560,,,1560,0
peru_first_round,ACTIVE_RESULTS,30,15,depth_activity_to_future_price,1560,0,1560,,,1560,0
peru_first_round,ACTIVE_RESULTS,30,15,venue_trade_count_to_future_price,1560,0,1560,,,1560,0
peru_first_round,ACTIVE_RESULTS,30,15,venue_trade_notional_to_future_price,1560,0,1560,,,1560,0
peru_first_round,ACTIVE_RESULTS,30,15,fill_count_to_future_price,1560,0,1560,,,1560,0
peru_first_round,ACTIVE_RESULTS,30,15,fill_notional_to_future_price,1560,0,1560,,,1560,0
peru_first_round,ACTIVE_RESULTS,30,30,price_to_future_price,1560,206,1354,0.00017654618096955743,0.048816164906898246,0,1354
peru_first_round,ACTIVE_RESULTS,30,30,imbalance_to_future_price,1560,84,1476,0.00024223758700564927,0.0648560535413482,0,1476
peru_first_round,ACTIVE_RESULTS,30,30,price_to_future_imbalance,1560,84,1476,0.049546733231312104,0.06747554432619661,0,1476
peru_first_round,ACTIVE_RESULTS,30,30,liquidity_to_future_price,1560,84,1476,0.00011718730292809289,0.03528124917116306,0,1476
peru_first_round,ACTIVE_RESULTS,30,30,activity_to_future_price,1560,585,975,0.0001594114545990929,0.0454209421495719,0,975
peru_first_round,ACTIVE_RESULTS,30,30,depth_activity_to_future_price,1560,585,975,9.586950582623847e-05,0.047830922407166625,0,975
peru_first_round,ACTIVE_RESULTS,30,30,venue_trade_count_to_future_price,1560,0,1560,,,0,1560
peru_first_round,ACTIVE_RESULTS,30,30,venue_trade_notional_to_future_price,1560,0,1560,,,0,1560
peru_first_round,ACTIVE_RESULTS,30,30,fill_count_to_future_price,1560,344,1216,0.00010811714836412938,0.03192823045751315,0,1216
peru_first_round,ACTIVE_RESULTS,30,30,fill_notional_to_future_price,1560,344,1216,0.00010981307412780589,0.028829278464705396,0,1216
peru_first_round,ACTIVE_RESULTS,30,60,price_to_future_price,1560,205,1355,0.00032685425042797714,0.05512439876438551,0,1355
peru_first_round,ACTIVE_RESULTS,30,60,imbalance_to_future_price,1560,84,1476,0.00029187852215695166,0.05919313415103062,0,1476
peru_first_round,ACTIVE_RESULTS,30,60,price_to_future_imbalance,1560,84,1476,0.0417756959002081,0.05600014832000707,0,1476
peru_first_round,ACTIVE_RESULTS,30,60,liquidity_to_future_price,1560,84,1476,0.00017914503901156936,0.04056846936476921,0,1476
peru_first_round,ACTIVE_RESULTS,30,60,activity_to_future_price,1560,585,975,0.00020333878118755386,0.05634565995714125,0,975
peru_first_round,ACTIVE_RESULTS,30,60,depth_activity_to_future_price,1560,585,975,0.00019263656610470203,0.04907976627551918,0,975
peru_first_round,ACTIVE_RESULTS,30,60,venue_trade_count_to_future_price,1560,0,1560,,,0,1560
peru_first_round,ACTIVE_RESULTS,30,60,venue_trade_notional_to_future_price,1560,0,1560,,,0,1560
peru_first_round,ACTIVE_RESULTS,30,60,fill_count_to_future_price,1560,343,1217,0.00019521418452182304,0.04049092323838502,0,1217
peru_first_round,ACTIVE_RESULTS,30,60,fill_notional_to_future_price,1560,343,1217,0.00017502608601076375,0.03876558715969865,0,1217
peru_first_round,ACTIVE_RESULTS,30,120,price_to_future_price,1560,205,1355,0.0004647112986623636,0.05861703436132615,0,1355
peru_first_round,ACTIVE_RESULTS,30,120,imbalance_to_future_price,1560,84,1476,0.0003466360263417972,0.05102291744801602,0,1476
peru_first_round,ACTIVE_RESULTS,30,120,price_to_future_imbalance,1560,84,1476,0.04282485400530293,0.05968678155395679,0,1476
peru_first_round,ACTIVE_RESULTS,30,120,liquidity_to_future_price,1560,84,1476,0.00020102633256480852,0.04118887044834162,0,1476
peru_first_round,ACTIVE_RESULTS,30,120,activity_to_future_price,1560,585,975,0.00031536143542123797,0.06548154220393902,0,975
peru_first_round,ACTIVE_RESULTS,30,120,depth_activity_to_future_price,1560,585,975,0.0002934391239204741,0.058896296253243254,0,975
peru_first_round,ACTIVE_RESULTS,30,120,venue_trade_count_to_future_price,1560,0,1560,,,0,1560
peru_first_round,ACTIVE_RESULTS,30,120,venue_trade_notional_to_future_price,1560,0,1560,,,0,1560
peru_first_round,ACTIVE_RESULTS,30,120,fill_count_to_future_price,1560,343,1217,0.00031531747869098715,0.04977971798168912,0,1217
peru_first_round,ACTIVE_RESULTS,30,120,fill_notional_to_future_price,1560,343,1217,0.0002653069614769395,0.0443807087870037,0,1217
peru_first_round,ACTIVE_RESULTS,30,300,price_to_future_price,1560,205,1355,0.0005714674055228239,0.049502005814346786,0,1355
peru_first_round,ACTIVE_RESULTS,30,300,imbalance_to_future_price,1560,83,1477,0.0003641757036978171,0.04121573949420483,0,1477
peru_first_round,ACTIVE_RESULTS,30,300,price_to_future_imbalance,1560,84,1476,0.04635191449264588,0.06524475024148849,0,1476
peru_first_round,ACTIVE_RESULTS,30,300,liquidity_to_future_price,1560,83,1477,0.0002750422018213116,0.02948019294564711,0,1477
peru_first_round,ACTIVE_RESULTS,30,300,activity_to_future_price,1560,585,975,0.0005353418960246293,0.08170568389895538,0,975
peru_first_round,ACTIVE_RESULTS,30,300,depth_activity_to_future_price,1560,585,975,0.00042839496038733077,0.05441274406769237,0,975
peru_first_round,ACTIVE_RESULTS,30,300,venue_trade_count_to_future_price,1560,0,1560,,,0,1560
peru_first_round,ACTIVE_RESULTS,30,300,venue_trade_notional_to_future_price,1560,0,1560,,,0,1560
peru_first_round,ACTIVE_RESULTS,30,300,fill_count_to_future_price,1560,343,1217,0.0005597763841644362,0.06758804519131012,0,1217
peru_first_round,ACTIVE_RESULTS,30,300,fill_notional_to_future_price,1560,343,1217,0.0004330059123590065,0.050655974741673424,0,1217
peru_first_round,ACTIVE_RESULTS,60,1,price_to_future_price,1560,0,1560,,,1560,0
peru_first_round,ACTIVE_RESULTS,60,1,imbalance_to_future_price,1560,0,1560,,,1560,0
peru_first_round,ACTIVE_RESULTS,60,1,price_to_future_imbalance,1560,0,1560,,,1560,0
peru_first_round,ACTIVE_RESULTS,60,1,liquidity_to_future_price,1560,0,1560,,,1560,0
peru_first_round,ACTIVE_RESULTS,60,1,activity_to_future_price,1560,0,1560,,,1560,0
peru_first_round,ACTIVE_RESULTS,60,1,depth_activity_to_future_price,1560,0,1560,,,1560,0
peru_first_round,ACTIVE_RESULTS,60,1,venue_trade_count_to_future_price,1560,0,1560,,,1560,0
peru_first_round,ACTIVE_RESULTS,60,1,venue_trade_notional_to_future_price,1560,0,1560,,,1560,0
peru_first_round,ACTIVE_RESULTS,60,1,fill_count_to_future_price,1560,0,1560,,,1560,0
peru_first_round,ACTIVE_RESULTS,60,1,fill_notional_to_future_price,1560,0,1560,,,1560,0
peru_first_round,ACTIVE_RESULTS,60,5,price_to_future_price,1560,0,1560,,,1560,0
peru_first_round,ACTIVE_RESULTS,60,5,imbalance_to_future_price,1560,0,1560,,,1560,0
peru_first_round,ACTIVE_RESULTS,60,5,price_to_future_imbalance,1560,0,1560,,,1560,0
peru_first_round,ACTIVE_RESULTS,60,5,liquidity_to_future_price,1560,0,1560,,,1560,0
peru_first_round,ACTIVE_RESULTS,60,5,activity_to_future_price,1560,0,1560,,,1560,0
peru_first_round,ACTIVE_RESULTS,60,5,depth_activity_to_future_price,1560,0,1560,,,1560,0
peru_first_round,ACTIVE_RESULTS,60,5,venue_trade_count_to_future_price,1560,0,1560,,,1560,0
peru_first_round,ACTIVE_RESULTS,60,5,venue_trade_notional_to_future_price,1560,0,1560,,,1560,0
peru_first_round,ACTIVE_RESULTS,60,5,fill_count_to_future_price,1560,0,1560,,,1560,0
peru_first_round,ACTIVE_RESULTS,60,5,fill_notional_to_future_price,1560,0,1560,,,1560,0
peru_first_round,ACTIVE_RESULTS,60,15,price_to_future_price,1560,0,1560,,,1560,0
peru_first_round,ACTIVE_RESULTS,60,15,imbalance_to_future_price,1560,0,1560,,,1560,0
peru_first_round,ACTIVE_RESULTS,60,15,price_to_future_imbalance,1560,0,1560,,,1560,0
peru_first_round,ACTIVE_RESULTS,60,15,liquidity_to_future_price,1560,0,1560,,,1560,0
peru_first_round,ACTIVE_RESULTS,60,15,activity_to_future_price,1560,0,1560,,,1560,0
peru_first_round,ACTIVE_RESULTS,60,15,depth_activity_to_future_price,1560,0,1560,,,1560,0
peru_first_round,ACTIVE_RESULTS,60,15,venue_trade_count_to_future_price,1560,0,1560,,,1560,0
peru_first_round,ACTIVE_RESULTS,60,15,venue_trade_notional_to_future_price,1560,0,1560,,,1560,0
peru_first_round,ACTIVE_RESULTS,60,15,fill_count_to_future_price,1560,0,1560,,,1560,0
peru_first_round,ACTIVE_RESULTS,60,15,fill_notional_to_future_price,1560,0,1560,,,1560,0
peru_first_round,ACTIVE_RESULTS,60,30,price_to_future_price,1560,0,1560,,,1560,0
peru_first_round,ACTIVE_RESULTS,60,30,imbalance_to_future_price,1560,0,1560,,,1560,0
peru_first_round,ACTIVE_RESULTS,60,30,price_to_future_imbalance,1560,0,1560,,,1560,0
peru_first_round,ACTIVE_RESULTS,60,30,liquidity_to_future_price,1560,0,1560,,,1560,0
peru_first_round,ACTIVE_RESULTS,60,30,activity_to_future_price,1560,0,1560,,,1560,0
peru_first_round,ACTIVE_RESULTS,60,30,depth_activity_to_future_price,1560,0,1560,,,1560,0
peru_first_round,ACTIVE_RESULTS,60,30,venue_trade_count_to_future_price,1560,0,1560,,,1560,0
peru_first_round,ACTIVE_RESULTS,60,30,venue_trade_notional_to_future_price,1560,0,1560,,,1560,0
peru_first_round,ACTIVE_RESULTS,60,30,fill_count_to_future_price,1560,0,1560,,,1560,0
peru_first_round,ACTIVE_RESULTS,60,30,fill_notional_to_future_price,1560,0,1560,,,1560,0
peru_first_round,ACTIVE_RESULTS,60,60,price_to_future_price,1560,205,1355,0.0004341410986549032,0.07588747485468002,0,1355
peru_first_round,ACTIVE_RESULTS,60,60,imbalance_to_future_price,1560,83,1477,0.00029691181517810575,0.08471743010786258,0,1477
peru_first_round,ACTIVE_RESULTS,60,60,price_to_future_imbalance,1560,83,1477,0.045104959155078186,0.05839462724145288,0,1477
peru_first_round,ACTIVE_RESULTS,60,60,liquidity_to_future_price,1560,83,1477,0.00022101273847939014,0.06197116895640773,0,1477
peru_first_round,ACTIVE_RESULTS,60,60,activity_to_future_price,1560,585,975,0.000305698710258152,0.07967597802920556,0,975
peru_first_round,ACTIVE_RESULTS,60,60,depth_activity_to_future_price,1560,585,975,0.0002529358515903114,0.06870567929915404,0,975
peru_first_round,ACTIVE_RESULTS,60,60,venue_trade_count_to_future_price,1560,0,1560,,,0,1560
peru_first_round,ACTIVE_RESULTS,60,60,venue_trade_notional_to_future_price,1560,0,1560,,,0,1560
peru_first_round,ACTIVE_RESULTS,60,60,fill_count_to_future_price,1560,343,1217,0.00024201349673000887,0.052372016282992706,0,1217
peru_first_round,ACTIVE_RESULTS,60,60,fill_notional_to_future_price,1560,343,1217,0.00022487236289120467,0.053078602957234745,0,1217
peru_first_round,ACTIVE_RESULTS,60,120,price_to_future_price,1560,205,1355,0.0005654331952684014,0.08614562765145177,0,1355
peru_first_round,ACTIVE_RESULTS,60,120,imbalance_to_future_price,1560,83,1477,0.0003482421859350714,0.07130537166337814,0,1477
peru_first_round,ACTIVE_RESULTS,60,120,price_to_future_imbalance,1560,83,1477,0.05642076940199746,0.07610615562457342,0,1477
peru_first_round,ACTIVE_RESULTS,60,120,liquidity_to_future_price,1560,83,1477,0.00023114994491945504,0.053227253094716605,0,1477
peru_first_round,ACTIVE_RESULTS,60,120,activity_to_future_price,1560,585,975,0.0004604736579629167,0.08772846644435726,0,975
peru_first_round,ACTIVE_RESULTS,60,120,depth_activity_to_future_price,1560,585,975,0.00040768508503103275,0.08364503469664539,0,975
peru_first_round,ACTIVE_RESULTS,60,120,venue_trade_count_to_future_price,1560,0,1560,,,0,1560
peru_first_round,ACTIVE_RESULTS,60,120,venue_trade_notional_to_future_price,1560,0,1560,,,0,1560
peru_first_round,ACTIVE_RESULTS,60,120,fill_count_to_future_price,1560,343,1217,0.00038968206925211996,0.06214456576367726,0,1217
peru_first_round,ACTIVE_RESULTS,60,120,fill_notional_to_future_price,1560,343,1217,0.0003443013665458371,0.057235281370171906,0,1217
peru_first_round,ACTIVE_RESULTS,60,300,price_to_future_price,1560,205,1355,0.0006666515997449172,0.08049710059363305,0,1355
peru_first_round,ACTIVE_RESULTS,60,300,imbalance_to_future_price,1560,83,1477,0.0003115637224793501,0.054608819860906606,0,1477
peru_first_round,ACTIVE_RESULTS,60,300,price_to_future_imbalance,1560,83,1477,0.04988302202722586,0.06973488980135766,0,1477
peru_first_round,ACTIVE_RESULTS,60,300,liquidity_to_future_price,1560,83,1477,0.00027493709974159427,0.04408280846407364,0,1477
peru_first_round,ACTIVE_RESULTS,60,300,activity_to_future_price,1560,585,975,0.000678319247481712,0.10625302407848816,0,975
peru_first_round,ACTIVE_RESULTS,60,300,depth_activity_to_future_price,1560,585,975,0.0005190149963128531,0.07255224656673126,0,975
peru_first_round,ACTIVE_RESULTS,60,300,venue_trade_count_to_future_price,1560,0,1560,,,0,1560
peru_first_round,ACTIVE_RESULTS,60,300,venue_trade_notional_to_future_price,1560,0,1560,,,0,1560
peru_first_round,ACTIVE_RESULTS,60,300,fill_count_to_future_price,1560,343,1217,0.0006772795759027181,0.08515703052358478,0,1217
peru_first_round,ACTIVE_RESULTS,60,300,fill_notional_to_future_price,1560,343,1217,0.0005702456869963966,0.06600548663568305,0,1217
peru_first_round,ACTIVE_RESULTS,300,1,price_to_future_price,1560,0,1560,,,1560,0
peru_first_round,ACTIVE_RESULTS,300,1,imbalance_to_future_price,1560,0,1560,,,1560,0
peru_first_round,ACTIVE_RESULTS,300,1,price_to_future_imbalance,1560,0,1560,,,1560,0
peru_first_round,ACTIVE_RESULTS,300,1,liquidity_to_future_price,1560,0,1560,,,1560,0
peru_first_round,ACTIVE_RESULTS,300,1,activity_to_future_price,1560,0,1560,,,1560,0
peru_first_round,ACTIVE_RESULTS,300,1,depth_activity_to_future_price,1560,0,1560,,,1560,0
peru_first_round,ACTIVE_RESULTS,300,1,venue_trade_count_to_future_price,1560,0,1560,,,1560,0
peru_first_round,ACTIVE_RESULTS,300,1,venue_trade_notional_to_future_price,1560,0,1560,,,1560,0
peru_first_round,ACTIVE_RESULTS,300,1,fill_count_to_future_price,1560,0,1560,,,1560,0
peru_first_round,ACTIVE_RESULTS,300,1,fill_notional_to_future_price,1560,0,1560,,,1560,0
peru_first_round,ACTIVE_RESULTS,300,5,price_to_future_price,1560,0,1560,,,1560,0
peru_first_round,ACTIVE_RESULTS,300,5,imbalance_to_future_price,1560,0,1560,,,1560,0
peru_first_round,ACTIVE_RESULTS,300,5,price_to_future_imbalance,1560,0,1560,,,1560,0
peru_first_round,ACTIVE_RESULTS,300,5,liquidity_to_future_price,1560,0,1560,,,1560,0
peru_first_round,ACTIVE_RESULTS,300,5,activity_to_future_price,1560,0,1560,,,1560,0
peru_first_round,ACTIVE_RESULTS,300,5,depth_activity_to_future_price,1560,0,1560,,,1560,0
peru_first_round,ACTIVE_RESULTS,300,5,venue_trade_count_to_future_price,1560,0,1560,,,1560,0
peru_first_round,ACTIVE_RESULTS,300,5,venue_trade_notional_to_future_price,1560,0,1560,,,1560,0
peru_first_round,ACTIVE_RESULTS,300,5,fill_count_to_future_price,1560,0,1560,,,1560,0
peru_first_round,ACTIVE_RESULTS,300,5,fill_notional_to_future_price,1560,0,1560,,,1560,0
peru_first_round,ACTIVE_RESULTS,300,15,price_to_future_price,1560,0,1560,,,1560,0
peru_first_round,ACTIVE_RESULTS,300,15,imbalance_to_future_price,1560,0,1560,,,1560,0
peru_first_round,ACTIVE_RESULTS,300,15,price_to_future_imbalance,1560,0,1560,,,1560,0
peru_first_round,ACTIVE_RESULTS,300,15,liquidity_to_future_price,1560,0,1560,,,1560,0
peru_first_round,ACTIVE_RESULTS,300,15,activity_to_future_price,1560,0,1560,,,1560,0
peru_first_round,ACTIVE_RESULTS,300,15,depth_activity_to_future_price,1560,0,1560,,,1560,0
peru_first_round,ACTIVE_RESULTS,300,15,venue_trade_count_to_future_price,1560,0,1560,,,1560,0
peru_first_round,ACTIVE_RESULTS,300,15,venue_trade_notional_to_future_price,1560,0,1560,,,1560,0
peru_first_round,ACTIVE_RESULTS,300,15,fill_count_to_future_price,1560,0,1560,,,1560,0
peru_first_round,ACTIVE_RESULTS,300,15,fill_notional_to_future_price,1560,0,1560,,,1560,0
peru_first_round,ACTIVE_RESULTS,300,30,price_to_future_price,1560,0,1560,,,1560,0
peru_first_round,ACTIVE_RESULTS,300,30,imbalance_to_future_price,1560,0,1560,,,1560,0
peru_first_round,ACTIVE_RESULTS,300,30,price_to_future_imbalance,1560,0,1560,,,1560,0
peru_first_round,ACTIVE_RESULTS,300,30,liquidity_to_future_price,1560,0,1560,,,1560,0
peru_first_round,ACTIVE_RESULTS,300,30,activity_to_future_price,1560,0,1560,,,1560,0
peru_first_round,ACTIVE_RESULTS,300,30,depth_activity_to_future_price,1560,0,1560,,,1560,0
peru_first_round,ACTIVE_RESULTS,300,30,venue_trade_count_to_future_price,1560,0,1560,,,1560,0
peru_first_round,ACTIVE_RESULTS,300,30,venue_trade_notional_to_future_price,1560,0,1560,,,1560,0
peru_first_round,ACTIVE_RESULTS,300,30,fill_count_to_future_price,1560,0,1560,,,1560,0
peru_first_round,ACTIVE_RESULTS,300,30,fill_notional_to_future_price,1560,0,1560,,,1560,0
peru_first_round,ACTIVE_RESULTS,300,60,price_to_future_price,1560,0,1560,,,1560,0
peru_first_round,ACTIVE_RESULTS,300,60,imbalance_to_future_price,1560,0,1560,,,1560,0
peru_first_round,ACTIVE_RESULTS,300,60,price_to_future_imbalance,1560,0,1560,,,1560,0
peru_first_round,ACTIVE_RESULTS,300,60,liquidity_to_future_price,1560,0,1560,,,1560,0
peru_first_round,ACTIVE_RESULTS,300,60,activity_to_future_price,1560,0,1560,,,1560,0
peru_first_round,ACTIVE_RESULTS,300,60,depth_activity_to_future_price,1560,0,1560,,,1560,0
peru_first_round,ACTIVE_RESULTS,300,60,venue_trade_count_to_future_price,1560,0,1560,,,1560,0
peru_first_round,ACTIVE_RESULTS,300,60,venue_trade_notional_to_future_price,1560,0,1560,,,1560,0
peru_first_round,ACTIVE_RESULTS,300,60,fill_count_to_future_price,1560,0,1560,,,1560,0
peru_first_round,ACTIVE_RESULTS,300,60,fill_notional_to_future_price,1560,0,1560,,,1560,0
peru_first_round,ACTIVE_RESULTS,300,120,price_to_future_price,1560,0,1560,,,1560,0
peru_first_round,ACTIVE_RESULTS,300,120,imbalance_to_future_price,1560,0,1560,,,1560,0
peru_first_round,ACTIVE_RESULTS,300,120,price_to_future_imbalance,1560,0,1560,,,1560,0
peru_first_round,ACTIVE_RESULTS,300,120,liquidity_to_future_price,1560,0,1560,,,1560,0
peru_first_round,ACTIVE_RESULTS,300,120,activity_to_future_price,1560,0,1560,,,1560,0
peru_first_round,ACTIVE_RESULTS,300,120,depth_activity_to_future_price,1560,0,1560,,,1560,0
peru_first_round,ACTIVE_RESULTS,300,120,venue_trade_count_to_future_price,1560,0,1560,,,1560,0
peru_first_round,ACTIVE_RESULTS,300,120,venue_trade_notional_to_future_price,1560,0,1560,,,1560,0
peru_first_round,ACTIVE_RESULTS,300,120,fill_count_to_future_price,1560,0,1560,,,1560,0
peru_first_round,ACTIVE_RESULTS,300,120,fill_notional_to_future_price,1560,0,1560,,,1560,0
peru_first_round,ACTIVE_RESULTS,300,300,price_to_future_price,1560,132,1428,0.0008590109799834472,0.12290762963960136,0,1428
peru_first_round,ACTIVE_RESULTS,300,300,imbalance_to_future_price,1560,66,1494,0.0006964937894679891,0.10879326193705614,0,1494
peru_first_round,ACTIVE_RESULTS,300,300,price_to_future_imbalance,1560,66,1494,0.08105598865662018,0.10674842793755368,0,1494
peru_first_round,ACTIVE_RESULTS,300,300,liquidity_to_future_price,1560,66,1494,0.0006339983213137011,0.08953766673382073,0,1494
peru_first_round,ACTIVE_RESULTS,300,300,activity_to_future_price,1560,468,1092,0.0008573007943928725,0.11252194804657314,0,1092
peru_first_round,ACTIVE_RESULTS,300,300,depth_activity_to_future_price,1560,468,1092,0.0006714974047431614,0.0933160903305851,0,1092
peru_first_round,ACTIVE_RESULTS,300,300,venue_trade_count_to_future_price,1560,0,1560,,,0,1560
peru_first_round,ACTIVE_RESULTS,300,300,venue_trade_notional_to_future_price,1560,0,1560,,,0,1560
peru_first_round,ACTIVE_RESULTS,300,300,fill_count_to_future_price,1560,299,1261,0.0008241969682203641,0.10414668189158109,0,1261
peru_first_round,ACTIVE_RESULTS,300,300,fill_notional_to_future_price,1560,299,1261,0.0008489978722337308,0.09972325951020766,0,1261
