event,event_family,regime,condition_id,market_id,market_family,canonical_token_id,counterpart_token_id,admitted,exclusion_reason
hungary_election,HUN_2026,PRE_ELECTION,0x006ef368088542d145dcbd49391ff1547a4edc0b6a9321b1ee9357898e6faf26,948051,SEAT_COUNT_OR_RANK,106161223674004002616656551038809864097549731863320874583963113188589399557545,93038467396925294955975819198517348496718803250556569210444932120982516394567,false,PRE_ELECTION_NOT_USABLE
hungary_election,HUN_2026,PRE_ELECTION,0x01510d4f36a4055795345072479f71f432533d2c2bf2f3265eaa142d34306914,1570886,SEAT_COUNT_OR_RANK,95559652341802952589655277858533995738145976919497885798487573566445470354568,43396639951321448398587099380587854110933901202047602994694820504818569400410,false,PRE_ELECTION_NOT_USABLE
hungary_election,HUN_2026,PRE_ELECTION,0x01606fbace8001359218704e2ff3e490ca3bb3fbaead11bcd0d7d692143e9479,1666630,SEAT_COUNT_OR_RANK,62952815646642565064509333070562484714526581048725057416697688532853757026810,51030461988220438065278302899014687200196948875476085428281599301206528562828,false,PRE_ELECTION_NOT_USABLE
hungary_election,HUN_2026,PRE_ELECTION,0x0258f47973df582d7e9b659ce402024ceb3354376d95c1ba035c89f0f161357c,948044,SEAT_COUNT_OR_RANK,33701066276383305269517075379512794589524111386609901148067785771510122210214,41253930337363811719163997438055249029676041183246361954681253799664523046577,false,PRE_ELECTION_NOT_USABLE
hungary_election,HUN_2026,PRE_ELECTION,0x02621af583d4e7babc37544f25d5b3849710458c1d95e766238d0237b668b583,948073,SEAT_COUNT_OR_RANK,115709990684627190562693216491883670829694041842871241245128177283627660237978,109266238608379713314486390190859422000724400783296550891262794005102273604971,false,PRE_ELECTION_NOT_USABLE
hungary_election,HUN_2026,PRE_ELECTION,0x02aaea36b22da0995fe34fab28a389eec281f056fb86bbc639f86540d7cd9b91,,,,,false,CANONICAL_YES_FAILED_CLOSED
hungary_election,HUN_2026,PRE_ELECTION,0x036b793008715890debb8f3758af442a28cf1c64505e7140a9ff394589beacc9,948074,SEAT_COUNT_OR_RANK,37988110561473301486352206040110468356688303135253822937427150136017429967105,55724340255834977989171311368251031861639475420385863091109088540020549704531,false,PRE_ELECTION_NOT_USABLE
hungary_election,HUN_2026,PRE_ELECTION,0x0383facf325ea0d4bb4b6e14c542c0d14d6b3c0437de10695417b63cefd8814c,1570890,SEAT_COUNT_OR_RANK,30392280822769812467222878799102531591365609316169257647738422234928774948985,671068016050325596267912230520067632260976378061181789257660991410565217373,false,PRE_ELECTION_NOT_USABLE
hungary_election,HUN_2026,PRE_ELECTION,0x045c7f9e33454cdd6caa07971ee66b5b694e03d29ddb3614cbb0dbbe2e5d0c47,948070,SEAT_COUNT_OR_RANK,83445168469333569901855449808860679626328022016269129773616738872498242545248,64509747209810700913315405215412000848376371898599085335860326783722818503563,false,PRE_ELECTION_NOT_USABLE
hungary_election,HUN_2026,PRE_ELECTION,0x05158420ee9986574cb4f0f9b7d9837b7144dd2f1cbf3bb98d396e0007eee229,1666599,SEAT_COUNT_OR_RANK,23825857154744642820838716810752056677765867958848248487819875918541770347871,77913526644677221908430024032696459820827730830263859948234075286988400877281,false,PRE_ELECTION_NOT_USABLE
hungary_election,HUN_2026,PRE_ELECTION,0x0537e7e478a7aa47c037aa99b25eed2ee7b6a687ab5b6543091c946b3df0800c,1666464,SEAT_COUNT_OR_RANK,93600556278554150507968640243793084710591896756585718010785192587020272770171,32154490231071621687051871034853070380416198354027241655211875173615500914824,false,PRE_ELECTION_NOT_USABLE
hungary_election,HUN_2026,PRE_ELECTION,0x068d4f079da544e312b1a7b86e2c5dd39d3fc6a0f5a21b0ec866d1ff34767839,,,,,false,CANONICAL_YES_FAILED_CLOSED
hungary_election,HUN_2026,PRE_ELECTION,0x075ae2cdcffcb34a504b51f3f65e50b31c68665cbb4ccb4d7f3db46412214fc2,,,,,false,CANONICAL_YES_FAILED_CLOSED
hungary_election,HUN_2026,PRE_ELECTION,0x0a0855311dd10949eb02a41b6268d3e7698b76bd6d58bdc1c80e1d472f3e29fc,1666619,SEAT_COUNT_OR_RANK,29591660272964936458136760824287868584382401316372023919957282374142431189673,106065778214934164255326249811507362260449906626491676522729314789809127144158,false,PRE_ELECTION_NOT_USABLE
hungary_election,HUN_2026,PRE_ELECTION,0x0d5e405a7ad802309508d4f2bc3c04b8d6e6e3b6f632dd91b94f5995f3aae630,948042,SEAT_COUNT_OR_RANK,93953210425001630882390558717433145795369934633177193647737909000045852063346,21110280704452505817780141811781357467555774028962558839103723407923180154652,false,PRE_ELECTION_NOT_USABLE
hungary_election,HUN_2026,PRE_ELECTION,0x0e16a806a7d079ad19a18599e800bae595eb99b640c5922e1398e30244a0ea43,,,,,false,CANONICAL_YES_FAILED_CLOSED
hungary_election,HUN_2026,PRE_ELECTION,0x0e47ad377273a39833506ca16c597c7eccdee686375b30f1910f3ef3ff734f4e,1579023,SEAT_COUNT_OR_RANK,38682154117717169146231293723735580430526845725832450611137930653036350923557,35538912002321880301848956355879389234334418034326242573043886206544533352287,false,PRE_ELECTION_NOT_USABLE
hungary_election,HUN_2026,PRE_ELECTION,0x0e5a27334244a00baa67a520cdf9404684d2e6fb3610bd8f1d918cc7faec0903,948040,GOVERNMENT_FORMATION,37654263301652169455218962004270870247868994865836101066625038864863642356316,44269988183361244992510124244246605132457836717209610747424699388443853291206,false,PRE_ELECTION_NOT_USABLE
hungary_election,HUN_2026,PRE_ELECTION,0x1060db34fa0c4c889dddb703594058244c46c88adf2f6f2863c95cdd5fa7d5ed,1578508,VOTE_SHARE_OR_POPULAR_VOTE,83892279429755121038095127859495844892185654425644846288830896688955343489441,31532780441978456735429083368008142198381558885828615825879333747915707835911,false,PRE_ELECTION_NOT_USABLE
hungary_election,HUN_2026,PRE_ELECTION,0x113fff39c8c2fdd269b189434d84fc9fa93199c322b39d899c41e668139dd3a3,1570163,SEAT_COUNT_OR_RANK,106294555749290068094203311005332964666814778324770423708780182065418526627469,71732265776030742182624725560156374994812145496234993113936312263612343481282,false,PRE_ELECTION_NOT_USABLE
hungary_election,HUN_2026,PRE_ELECTION,0x12431289c190b53824412aeba2177b49829a07c9f7b238c42c81807e85240938,1579021,SEAT_COUNT_OR_RANK,36112063952512327514679858566031554083891262131527857900272308322900286034681,97664784370807841142707964737081665627344934031049263962508132420739217665692,false,PRE_ELECTION_NOT_USABLE
hungary_election,HUN_2026,PRE_ELECTION,0x13496fa2338f07e366c573f3e274ba4966fdffcb8dd76d5aea98d35ac36ae783,948046,SEAT_COUNT_OR_RANK,70502362111037557690872376093830156080180966461780810463183055982822634657262,75269111922284627734537279206896483540956683816637285619383407108550865234871,false,PRE_ELECTION_NOT_USABLE
hungary_election,HUN_2026,PRE_ELECTION,0x1480b819d03d4b6388d70e848b0384adf38c38d955cb783cdbcf6d4a436dee14,,,,,false,CANONICAL_YES_FAILED_CLOSED
hungary_election,HUN_2026,PRE_ELECTION,0x14e084f7ef784233a8f42ce3bc24826b958798bca1dbf009bbe169535cf2a170,1570885,SEAT_COUNT_OR_RANK,21954132542762894964212524932164176960841601224262401647965898274997470037373,81935338367445042131499374997761131111069101734964637267318453143561197169707,false,PRE_ELECTION_NOT_USABLE
hungary_election,HUN_2026,PRE_ELECTION,0x187f28579669fe7cedfee17fdf9356b4687cf81870e6e221f1ab90225de8aee9,1666448,SEAT_COUNT_OR_RANK,25199167824423231117528990429057475965142213646423955708207691648156736139684,79822793516645788968831028988140217525465287121571136499555992070359527442312,false,PRE_ELECTION_NOT_USABLE
hungary_election,HUN_2026,PRE_ELECTION,0x1af9ccf88083dd0291d31f53c09b3d6d80fffed00ae465357ddb0fb7911771fd,948060,SEAT_COUNT_OR_RANK,77698532317185323480789367234012316330168346248351822406568300895290086164733,29139613335304156172629175998981167415569526222716638906844864325095435488528,false,PRE_ELECTION_NOT_USABLE
hungary_election,HUN_2026,PRE_ELECTION,0x1b41ade9c062daaac43c0697fef4c6639476392cb2d3fb3b1599895e8a693903,948059,SEAT_COUNT_OR_RANK,20325340379494589684955687011754477590796645659142762966713345952109753258706,62871090243074836420773953546613617358098102839462065646018939431347742999838,false,PRE_ELECTION_NOT_USABLE
hungary_election,HUN_2026,PRE_ELECTION,0x1c19736704d44a6c12b28c80780f3443f90da3bd5f515198bc4fb48e0151367a,1666462,SEAT_COUNT_OR_RANK,1999668943811422692410654782546179708504296986055905784028493330144493892579,31751677203580662582278077303635996860837189347494458599308164058943176115418,false,PRE_ELECTION_NOT_USABLE
hungary_election,HUN_2026,PRE_ELECTION,0x1dc04a447123f0a7ecf7ac388ee591fb4fc67fb79eb07e8ef77d7ead38ca3b39,1666629,SEAT_COUNT_OR_RANK,22928308872364672863924171360473168309778263543372816465657784728551121298675,109609839964834933077498153858524298135461864293765732925244608903755132731126,false,PRE_ELECTION_NOT_USABLE
hungary_election,HUN_2026,PRE_ELECTION,0x1e644cbc4a9465d38fadf5816aea4d7408f0347cc66c33f74418c0b6665ccfa7,948066,SEAT_COUNT_OR_RANK,33104098486398326305042806463488303431104364978220263384774857422719867970663,7994775122189670877736180312414114222996206705218329830568599582484992235245,false,PRE_ELECTION_NOT_USABLE
hungary_election,HUN_2026,PRE_ELECTION,0x20e1754cefba0f34b610b20bdac331b99adfe7df11c69da5c2c20edf159415ab,1666597,SEAT_COUNT_OR_RANK,31833331019105750571672053833659039600337039033800758572035822889456419230177,91825505022843217425486360403692988424439369458031876999998626071092834837305,false,PRE_ELECTION_NOT_USABLE
hungary_election,HUN_2026,PRE_ELECTION,0x216da290ea27fad4c1f50ea01793611c547bbfaf388dac82d1f4e645ca3b6ea7,1578507,VOTE_SHARE_OR_POPULAR_VOTE,108098932088367182440741768713641216334823691465093776802059393811939274300005,96489893487535432267593538684681657860387225264335539862236462381557065400303,false,PRE_ELECTION_NOT_USABLE
hungary_election,HUN_2026,PRE_ELECTION,0x22a6788e30520a31998489d7b1a132f551ed64d917b9b57f8346e021820cb78c,1811274,SEAT_COUNT_OR_RANK,94271656533532307036793224832788715209887263061601654668721932780096301850390,111803731784817772593079994236841918554128783898004383106061958001191020396622,false,PRE_ELECTION_NOT_USABLE
hungary_election,HUN_2026,PRE_ELECTION,0x2639d3f26e5e9bac86f2aa040ebfe237fe9c181ed830afe1a3e0d75acc5f52c7,1666446,SEAT_COUNT_OR_RANK,34109835458490622519211118539784789678494907763267541192997689755893183819295,46014210998046894390837028373805545130011008783623665082065474320287282904875,false,PRE_ELECTION_NOT_USABLE
hungary_election,HUN_2026,PRE_ELECTION,0x28b4b30e67b1f270deb026a0f57d45c081a9dc4e3443b0ce427674d30896c06c,,,,,false,CANONICAL_YES_FAILED_CLOSED
hungary_election,HUN_2026,PRE_ELECTION,0x2bde712392e6c8c324ee036bbd84b4575cff5f21fafd8a8c52202efaaefd72f5,948054,SEAT_COUNT_OR_RANK,69733375661060193033017060483787703128756814614272149242088594189854545860575,65107612832616461606796007450911015359614369649776523575583798194432527729336,false,PRE_ELECTION_NOT_USABLE
hungary_election,HUN_2026,PRE_ELECTION,0x2c9f34a7ca3d42d22d80c8376e15561d7e576887df246d2bcce3a774dfb26a83,1570168,SEAT_COUNT_OR_RANK,60595928534574322497923950671575085337782318770638281143538886581972416433049,87658547462080396308673872775603378330013827007407422411568236222974623195477,false,PRE_ELECTION_NOT_USABLE
hungary_election,HUN_2026,PRE_ELECTION,0x2eaa1b7d4878815ee60a240460dcbe8a201ef9be30e17888d10e1e1022d2c72c,,,,,false,CANONICAL_YES_FAILED_CLOSED
hungary_election,HUN_2026,PRE_ELECTION,0x2ed2dc9dd07c9aa7d0c26657d440dda2aba2804d800b5f261aff965f5ac4a862,1570888,SEAT_COUNT_OR_RANK,19456256954787290675226398203810859779622163189894080036344170441447847779957,25082762081734650783833218208699013981311217683336325151818354617513538880103,false,PRE_ELECTION_NOT_USABLE
hungary_election,HUN_2026,PRE_ELECTION,0x2ee3d2f002266cec11a2858032a392a10357e94a8e25cc733d2d02a6cdc995a0,1578757,VOTE_SHARE_OR_POPULAR_VOTE,106894316578275945898449030427101829542774827607846588130136248055394082903144,17905231683731705055017958416754862905436170315270868143047520934040578914773,false,PRE_ELECTION_NOT_USABLE
hungary_election,HUN_2026,PRE_ELECTION,0x2f2b608e0a767d2778113b3d51cf18c555622632c74c665648539b0807b7b034,1666425,SEAT_COUNT_OR_RANK,43490838294343229712080069722624463230407055285394250450747453286854046855778,114647295263811421125806670323125238181664726329189992522017983524578423798593,false,PRE_ELECTION_NOT_USABLE
hungary_election,HUN_2026,PRE_ELECTION,0x30ab11254fc7ae50503e8f4ad02f20b921ba1292555d35efd0a1bd592b149ca2,1666458,SEAT_COUNT_OR_RANK,55310857486548321219643457267345999799589564079761851177461752698096381511259,88197418553000052949656171842373096671763578984929893055990954713139395150248,false,PRE_ELECTION_NOT_USABLE
hungary_election,HUN_2026,PRE_ELECTION,0x33c1fa638633b15eea9037de3d9002aabe2d39adeb19087d80c35a5e97a9c070,1666442,SEAT_COUNT_OR_RANK,76721309182549480933438526576107964901183685423701351735139350246098918549334,9325494265933867940930223771635295185552057377574033600989373319124250461798,false,PRE_ELECTION_NOT_USABLE
hungary_election,HUN_2026,PRE_ELECTION,0x33f542bf6dcc1ee06d01baf47df5dc5ccc9b0d7949a5c0e12173beceb9c15d9b,1578504,VOTE_SHARE_OR_POPULAR_VOTE,54136882052474624612827842323548829763095053041986194740928355670733494242705,33673776294955124343145793163521519546495983610639216328530639916244597151073,false,PRE_ELECTION_NOT_USABLE
hungary_election,HUN_2026,PRE_ELECTION,0x39e7c54ed76792e33a464ed547bc899f2668432cdd0f620176d7a8b4ef4fa073,1666600,SEAT_COUNT_OR_RANK,95223575968813395891219831413376328597296433840517908093363458317318510508124,30772548883091744913858801978204823197553991917310481031024212548367958179959,false,PRE_ELECTION_NOT_USABLE
hungary_election,HUN_2026,PRE_ELECTION,0x3d418a3caa9a19037d40461032e4b18daefc08373ada02d584b9261d7e13c8f6,1579027,SEAT_COUNT_OR_RANK,35929170832390807459346813186496282165582625687971855469090150663234197169035,39864403347835060318999713231440230150977272911721414524674748542762138013355,false,PRE_ELECTION_NOT_USABLE
hungary_election,HUN_2026,PRE_ELECTION,0x3d776739e7359348074926110855b65524f98e5b0c0671de45869b1bd472ac67,948055,SEAT_COUNT_OR_RANK,48509266894132080292276156251801450145559871005701803322555916755143390751708,87248426813031890401882505560862657363279548153811541103894509979682154067453,false,PRE_ELECTION_NOT_USABLE
hungary_election,HUN_2026,PRE_ELECTION,0x3e9997b1cdfa58e6706104fbcf37c98b0eb2e57f6ee28eeb0a9c96b932a4e0e3,1666459,SEAT_COUNT_OR_RANK,79660289726490448642078722367474838182686207337649001848263333757489231845907,99135157741990926492219598022058101678028118994752351093956930301549221105414,false,PRE_ELECTION_NOT_USABLE
hungary_election,HUN_2026,PRE_ELECTION,0x3ed8d5fa242785890944bb7c388a22056ad54a378dc21ccfd6507939459ee4e0,1579022,SEAT_COUNT_OR_RANK,51545423913182123924490519418790772637911331975740675015194873029073130014866,104578165648142192315614918587674778441806406670239806839986220073158520155072,false,PRE_ELECTION_NOT_USABLE
hungary_election,HUN_2026,PRE_ELECTION,0x42c21bd74895ca4d8290fc01ab624cc3417272279c2603c1f3555aa191abab08,1666429,SEAT_COUNT_OR_RANK,66360067045806201485515414286141402267597912824830116247597636305466420071740,80889100185853244728314475774359917681466373645076513122395837624067488384212,false,PRE_ELECTION_NOT_USABLE
hungary_election,HUN_2026,PRE_ELECTION,0x4466afaac1cdbfe4649e7780c355a4be7be5ebc812371d29499d666035d1256f,,,,,false,CANONICAL_YES_FAILED_CLOSED
hungary_election,HUN_2026,PRE_ELECTION,0x49131d36d313837145649d4cd7dcebbda31324435586cf8f102ed753a699c02f,1503697,VOTE_SHARE_OR_POPULAR_VOTE,105839270895225421428923010407392581699334769109560634674101085014721426596374,17939041209709230158142207256633369876811259252531082643080096427333036714916,false,PRE_ELECTION_NOT_USABLE
hungary_election,HUN_2026,PRE_ELECTION,0x4adf64232c8b91900e0b48a81d68b3f08c0e0c57da9bc575b890dee39df219ae,948045,SEAT_COUNT_OR_RANK,30849933191316686435782664908401890804163810081470441695928144220535231269695,52007040390240268041235785750806922647862387092936200192192228912357135484566,false,PRE_ELECTION_NOT_USABLE
hungary_election,HUN_2026,PRE_ELECTION,0x520e2f27b3528a9950d1fa706745a4952feb5799e413ec3a0c1cc9ff7b805e7c,1666461,SEAT_COUNT_OR_RANK,504000959376818021343399415118622047521553992126643019089323961379726908992,97755861064929031279626083606436822190119569974026651549503251568358537562698,false,PRE_ELECTION_NOT_USABLE
hungary_election,HUN_2026,PRE_ELECTION,0x5462ac83b5eb0b7d8aeb8d4ce99c05a49cc92dd24a667d60eb911ff96cccfc8a,1578760,VOTE_SHARE_OR_POPULAR_VOTE,106963467434894883853006759242778301576108463795671054596964521132724977775668,678746490871676682503067380353578324518482165679490433101570041050033233027,false,PRE_ELECTION_NOT_USABLE
hungary_election,HUN_2026,PRE_ELECTION,0x5599856587ed77cf40cf20608448180f6abdcc512027016bcdd68ad73fca3e9f,,,,,false,CANONICAL_YES_FAILED_CLOSED
hungary_election,HUN_2026,PRE_ELECTION,0x56025e0cc306226bfa2bf1cbcc786162f4bf326f38011730647615f8bd22c0d7,1666615,SEAT_COUNT_OR_RANK,99738636086733627250081845129372653197023369942139464471741087980533137051107,97188632433021454387945254882094294335875640423524049474968419451496069830433,false,PRE_ELECTION_NOT_USABLE
hungary_election,HUN_2026,PRE_ELECTION,0x5652287f541322e632d238a306e1f626cb53d0bbf342d5ea1cf817279e3ff999,1666621,SEAT_COUNT_OR_RANK,3086985108592702215003663732706398109684456455468571414280971700964250585169,84151140372992688813971143358268260991324287522950171999574223820818347167415,false,PRE_ELECTION_NOT_USABLE
hungary_election,HUN_2026,PRE_ELECTION,0x59c8bf6de58ca2e27896c11055b4f0c9f7e48f492dc9c5d01024549b8b9cef8e,1666444,SEAT_COUNT_OR_RANK,8547112559287781066654012052146288964324151378208039953005829221125611702173,99415036781881797559713923764591723526761341140672136290894354450412690118106,false,PRE_ELECTION_NOT_USABLE
hungary_election,HUN_2026,PRE_ELECTION,0x5bc9358855a51271fc548778595fa9f8626d84f6d030694bd98eaee2051127c5,,,,,false,CANONICAL_YES_FAILED_CLOSED
hungary_election,HUN_2026,PRE_ELECTION,0x5db62f22f30d136b5610bfe336e9c42072877b28ab14915654b76ed5fad0df68,948061,SEAT_COUNT_OR_RANK,19955394246347349668055734128775423766330580179374436134880652337932392453545,92400810044680158685266444917140115949179632310693339925383723664323509462143,false,PRE_ELECTION_NOT_USABLE
hungary_election,HUN_2026,PRE_ELECTION,0x5ec80dc407457301f282a2b44341947afc700dfaa7923d14c8894e04bc63b03f,,,,,false,CANONICAL_YES_FAILED_CLOSED
hungary_election,HUN_2026,PRE_ELECTION,0x63fcca6e7225ed32564acd890897f9c929a0d9e43e032bb642157cc2daacfee6,1666465,SEAT_COUNT_OR_RANK,32510707347773164736920385141164674713888945945358078138649377631617139131374,108239564021179025105407563786761498467927749171038528330713819834232543396782,false,PRE_ELECTION_NOT_USABLE
hungary_election,HUN_2026,PRE_ELECTION,0x66201b0cefc26a0daab805bcd0c05ac67d2eb5f10211b9b89298436629c1eef3,1666613,SEAT_COUNT_OR_RANK,44499627200498067662704679511576088298316606500424538710925031503969954993825,68040634304373318872397123839113060209375602473879357216221503408372250469029,false,PRE_ELECTION_NOT_USABLE
hungary_election,HUN_2026,PRE_ELECTION,0x66a38e0bc088b810069eff1a5a8a2c8ef88056925f32930136d801294f2fff35,1666467,SEAT_COUNT_OR_RANK,57745047579959127876784343284896832338982636195895128077820259850038903145865,66387499861864793765758064522887177791275977757213052033106893171621235713690,false,PRE_ELECTION_NOT_USABLE
hungary_election,HUN_2026,PRE_ELECTION,0x677004594de72bcf3eccecabb02417321327e346d4f319c0c67f860aa54d98de,1570165,SEAT_COUNT_OR_RANK,66805363240264598015003237173408450891633559963269231709445243023982843050451,24230244897635144429856330837167890420659904925743498377004299693119043985147,false,PRE_ELECTION_NOT_USABLE
hungary_election,HUN_2026,PRE_ELECTION,0x67a776c285676937265be323be8de1021dc3f44bbb0ded250d7e579b8411bbb3,1666426,GOVERNMENT_FORMATION,65936843966752873313638712673895628621006860444030793074714115039067739709293,50977804284853231783496722893685711574899323880478453541876898367125277763180,false,PRE_ELECTION_NOT_USABLE
hungary_election,HUN_2026,PRE_ELECTION,0x67ca01f75ad56b885aedae60d2a28c4569a69cf4e5814c356a95be28fb47678d,1570164,SEAT_COUNT_OR_RANK,40769575643391973969004186964867167488631235375429955907992719779253186624627,106719872722863650317762855188582971405597688170544876478220324044807203129678,false,PRE_ELECTION_NOT_USABLE
hungary_election,HUN_2026,PRE_ELECTION,0x6987ef479ab612194d6052f4326dcf9d9ace1913d07476d13d961d3ebf0947cd,1666595,SEAT_COUNT_OR_RANK,114393828084915559955942677234871480457042306928185527693922036270795814624085,11339702909885958476641968541529182129257111847073990482043324054919105551730,false,PRE_ELECTION_NOT_USABLE
hungary_election,HUN_2026,PRE_ELECTION,0x6a2b1e99603786c62f31134b68c599701ab20974717e61480fab1668bac479d3,948072,SEAT_COUNT_OR_RANK,44436984657256836079512161671134702953478489797688580840124831999192619351765,38517612625672160715980631573753737425279842303110554689346318001719063234842,false,PRE_ELECTION_NOT_USABLE
hungary_election,HUN_2026,PRE_ELECTION,0x6aa5e3f58080a2fbb35bee826abe845739911f29992d2db53c658d5d15cec458,1579029,SEAT_COUNT_OR_RANK,111076194324484464706588974777433873138847348516134559602996511659101987436414,80402705672123482971336658157389092472111291912429629046757468908609532141420,false,PRE_ELECTION_NOT_USABLE
hungary_election,HUN_2026,PRE_ELECTION,0x6fca3f95e425d26f1fad16220cabd5e25d8fec4ceffcb7b49c2f7562242e5c5e,1666447,SEAT_COUNT_OR_RANK,79057291021807408146226631351391470382643268962979982253592453117131235964501,18900108126837954583413916203484739734218210450432958614982943846831736170898,false,PRE_ELECTION_NOT_USABLE
hungary_election,HUN_2026,PRE_ELECTION,0x73e39c98045179951b7c527b749118771c10a15a32eee5ebc98f9e3650a69fe1,,,,,false,CANONICAL_YES_FAILED_CLOSED
hungary_election,HUN_2026,PRE_ELECTION,0x75798a1f866047ea70668371459d7fa979214151138907c9af472be5e0b3b0d0,948056,SEAT_COUNT_OR_RANK,60082990152662159992845191857104067899318396195933366515395112169014470821810,75476320837617396084867528015218951514490420361939569974631131987090240820565,false,PRE_ELECTION_NOT_USABLE
hungary_election,HUN_2026,PRE_ELECTION,0x77b894271b51686dcb0785cf69b39f33e550378a6e7bd3d847f616aef5c90609,1579020,SEAT_COUNT_OR_RANK,103665812093740152060776699837817052449604025198870275200813790681772204108668,59194319125126330221566071325854370609247723521329811989292814208985123389467,false,PRE_ELECTION_NOT_USABLE
hungary_election,HUN_2026,PRE_ELECTION,0x791544cfc1dc15d6a45f6a908bfa252cba6c93e916b859331634e1c9b7601b83,1666449,SEAT_COUNT_OR_RANK,54991545507487270323568560359784484743816194176505421892805179697463213860830,56495738639816050266616933352072244886755082411264081059123343858872180948455,false,PRE_ELECTION_NOT_USABLE
hungary_election,HUN_2026,PRE_ELECTION,0x79b7a536af4d7fb226abf72f84d8fb6f717d0f0c8833070ea25e2bdb66f3f52f,1666435,SEAT_COUNT_OR_RANK,89219325494125740004596769865256689010458425814896830889194286137968663448088,26087449086848785609792329558830789757362663900514010806149955384719769029761,false,PRE_ELECTION_NOT_USABLE
hungary_election,HUN_2026,PRE_ELECTION,0x7a8ce88fd6942ce377a056eb2c7e315ed2818e23f7807b6c5232a4e36f866cda,1666433,SEAT_COUNT_OR_RANK,94991305678862417051793426471424653946619919026687622044357607420635265690258,101928083171266462057494145551820750466266481015358547340539565478974000376939,false,PRE_ELECTION_NOT_USABLE
hungary_election,HUN_2026,PRE_ELECTION,0x7acc9d4b61238509b78c191b27f3292a2079291c839e8640e6586099e9f54ca7,1570887,SEAT_COUNT_OR_RANK,84699937784574125622904963766357111891766999301222124163528860853804144809103,105432983640220155908184568222954469289985555650573043198856626234818328368718,false,PRE_ELECTION_NOT_USABLE
hungary_election,HUN_2026,PRE_ELECTION,0x7c2fbdd38a913e087f03d10887891061aa5051fe376b7bf6c3990a68fe2ad670,1666430,SEAT_COUNT_OR_RANK,11079235027864525103642154970638414008127035658623467070898089880440321078940,288118926566506847593534637053231179957980484549926810065266512386930105607,false,PRE_ELECTION_NOT_USABLE
hungary_election,HUN_2026,PRE_ELECTION,0x7cc68557b02ccfef72793a3e717f1de59e3bf15b49280077b0bca77ee78cb501,1666627,SEAT_COUNT_OR_RANK,86812494301341141656871415726359284444995338496652772185359367842850385442808,39088519786969250147315315013368660742872401702662558620030432722861465450368,false,PRE_ELECTION_NOT_USABLE
hungary_election,HUN_2026,PRE_ELECTION,0x7d13a21cbd483d2bc53e36c91c94f09e6140c6f67b3920001df44151020878b3,,,,,false,CANONICAL_YES_FAILED_CLOSED
hungary_election,HUN_2026,PRE_ELECTION,0x7d48e5f9f978ae1bad0795078ef582a1ecb46a30790ad27955dc0d0a221ee88f,1666602,SEAT_COUNT_OR_RANK,93149336882795283949661331256608142830153920576683715256965193952367437934497,97639169055319032011982269036801139735118215802401696587770602805736573076389,false,PRE_ELECTION_NOT_USABLE
hungary_election,HUN_2026,PRE_ELECTION,0x81331cde2f55ae269b684d922175c4cbd5a6fbc1fdd0ed6391bbf24460ca7b73,948050,SEAT_COUNT_OR_RANK,23854844373091712100025277085762088409853844869956631441513884907068003776283,10033562054372880891695975118494108305956488360120391588966961787127837187116,false,PRE_ELECTION_NOT_USABLE
hungary_election,HUN_2026,PRE_ELECTION,0x814cccd741cec4b0d042acb0e67101c7c9585af01c10373cd44414b118331ec6,948039,SEAT_COUNT_OR_RANK,22662725037098818983291780163969341890772637829907188327093453342843727361849,11443330989721920473862823191930334275670329074701762721207194983527350623367,false,PRE_ELECTION_NOT_USABLE
hungary_election,HUN_2026,PRE_ELECTION,0x827f934c395476c3c0bb080640ea34c6f5fb69f0567d2d96c1547fb16226c7db,1578758,VOTE_SHARE_OR_POPULAR_VOTE,100755414245035254896064619037394704678641006442030035395994932423634526202892,81536965195709789930693075387512851740448638326732712593770174058762157148359,false,PRE_ELECTION_NOT_USABLE
hungary_election,HUN_2026,PRE_ELECTION,0x829f02bf4995077e03e29c58f20555808061862b8c5a53befe757b84ac10ad93,1578761,VOTE_SHARE_OR_POPULAR_VOTE,53060508543009064222724388949211941680388334212922946355038911034689205044147,107508379368853948403453665036323039152963142215097831498413580957931346483367,false,PRE_ELECTION_NOT_USABLE
hungary_election,HUN_2026,PRE_ELECTION,0x83a55156056596a6cd6f9e06a854c3e1908a2e1dbd8c16057fc099477e9d3b31,1579019,SEAT_COUNT_OR_RANK,38833112859489047599718191089999584582762243616104311669172022806605242852281,65980833784812902316319770718859827113896665655049962757857352876906271100538,false,PRE_ELECTION_NOT_USABLE
hungary_election,HUN_2026,PRE_ELECTION,0x83e0999fad067bfa7213444cd7dd55f4480d381fefa3656c38aa13ee0deaf970,1666596,GOVERNMENT_FORMATION,10269485705133867426994911237587641676816132374862957467261285355441989926388,11336631678270355390415722467865558241327913394954641756198501800758040166660,false,PRE_ELECTION_NOT_USABLE
hungary_election,HUN_2026,PRE_ELECTION,0x86701c475b4b2e5fc055bdfbdcfd86ce36852ceea103fd20416f69430059e852,1666620,SEAT_COUNT_OR_RANK,29447136154585025270218914827184247604863294101726987805270215405271121848298,32975386652018851233478714550746967977801164193014184895411577866999360804253,false,PRE_ELECTION_NOT_USABLE
hungary_election,HUN_2026,PRE_ELECTION,0x87a9882a9231ab11cb8f63f7377ec7fb3b04045fbf967dd24a2df8ca33c86d86,1666432,SEAT_COUNT_OR_RANK,88304407865407004651648729140247748606380940178605868607464346130274468546949,111818341302813426433927587458771483940863542686706721387602763773584272838954,false,PRE_ELECTION_NOT_USABLE
hungary_election,HUN_2026,PRE_ELECTION,0x888efae7180e29ffab82dbcf990ee0046dad5d27f1736c67f389156858a72e5b,,,,,false,CANONICAL_YES_FAILED_CLOSED
hungary_election,HUN_2026,PRE_ELECTION,0x8a03cbd6ff9a0f11496fe3d129bae447af4726d391a159e990820580e6998527,1666460,SEAT_COUNT_OR_RANK,50344156350333032626060775190380437062111264047820033084187580660447399667901,95578734951049751192700027420110019708403265623985592168254554717925641073962,false,PRE_ELECTION_NOT_USABLE
hungary_election,HUN_2026,PRE_ELECTION,0x8a5d5e386afdf7a56d4958d8652e8b5e3fa1ae4201c2344a7121e9ef246372f4,,,,,false,CANONICAL_YES_FAILED_CLOSED
hungary_election,HUN_2026,PRE_ELECTION,0x8a6477b06fc6554ae4e4309345468140b7e18ca04e4d635068845179485fca32,1570889,SEAT_COUNT_OR_RANK,22648839339110608794147552245283213118219487030983347866066259169440562150438,70345555640962456338097469818719945846357730931427720745960993468839983349838,false,PRE_ELECTION_NOT_USABLE
hungary_election,HUN_2026,PRE_ELECTION,0x8b607f0fea628d29c578efee6c10f326164e5a144cc8cc9b840c09279a00ee5f,1666625,SEAT_COUNT_OR_RANK,60873439266980299600614101218137748701578781517008562969052709389529436901649,108865715244798410437339252175307390175228431119021541729065279041197631532841,false,PRE_ELECTION_NOT_USABLE
hungary_election,HUN_2026,PRE_ELECTION,0x8d133a319194ba74f167345bbd18e99c1624be76d7c673a260c308566236cef0,,,,,false,CANONICAL_YES_FAILED_CLOSED
hungary_election,HUN_2026,PRE_ELECTION,0x8d92eb9745314b8ca825960c783d4f97ecdd000c55ea09f3231184dc69e5738e,1666438,SEAT_COUNT_OR_RANK,111617040263165113765610593470221714634119721564515083590440339004899334300587,65022417941698132447207851586242354139098924744761313855024666168390617240958,false,PRE_ELECTION_NOT_USABLE
hungary_election,HUN_2026,PRE_ELECTION,0x8ef543f7dc52b358801025afe39950567798d6b48ebc836a43bfa8a8eb93c5b6,1666618,SEAT_COUNT_OR_RANK,113206816205327918581187707305688970923887228932638933380951008430142960718323,293862377584511825261624401369351817414177393306889268177706036464757296243,false,PRE_ELECTION_NOT_USABLE
hungary_election,HUN_2026,PRE_ELECTION,0x8fa16f5d7165f4fc999bf0a6d6f1659df604c20b866aa36d1413431330151958,1666603,SEAT_COUNT_OR_RANK,23972011494868579163627008472017529754463851657635978118923979632162469515768,5787888912877631968366039958090220169170047268089181878086416380440168702132,false,PRE_ELECTION_NOT_USABLE
hungary_election,HUN_2026,PRE_ELECTION,0x9195b4d243ec4d88ceee544e31da39f4dbcf1dace1d88939dd72b7c385d9d1bf,1666445,SEAT_COUNT_OR_RANK,90329756196420666285456307147810547431180815819804342686045767535911138925981,48510606052506673864104188260154746305369935252561542107373400233911353439079,false,PRE_ELECTION_NOT_USABLE
hungary_election,HUN_2026,PRE_ELECTION,0x92d7e0bbf5bd208f41f0bf1c97ae8d99db7cebb5b73caabad5d68bb45d78bf30,1666616,SEAT_COUNT_OR_RANK,106380336947766901120293986111286068188629489304962897828967660713480556025411,67109290724140876589640189128598729814467602135884114957325225783977354720286,false,PRE_ELECTION_NOT_USABLE
hungary_election,HUN_2026,PRE_ELECTION,0x931ef2c80dc10b2200b955915864e2ae58d3d7d68fca25a10a71b6d00428f07f,1666610,SEAT_COUNT_OR_RANK,24175255647902336505373974228291279669401743793822366510555080399690420102812,8931284995927408939007897879450906920756042532797644738376363095727246478857,false,PRE_ELECTION_NOT_USABLE
hungary_election,HUN_2026,PRE_ELECTION,0x943f34fd44112c4c696a9647b7608d38d2dab2fb9ea77f7838fc523288b3013e,,,,,false,CANONICAL_YES_FAILED_CLOSED
hungary_election,HUN_2026,PRE_ELECTION,0x94772362a2c947a76e7b0a6707d571df59c66ef69aa15ad738259b2d08c92b7b,1666606,SEAT_COUNT_OR_RANK,35479823052425754230642537225535573298788372623131397374873958218367973765959,110752425615402522141002642746321389477635839333859486725232030005515962315412,false,PRE_ELECTION_NOT_USABLE
hungary_election,HUN_2026,PRE_ELECTION,0x9d463622b84fcf10cb4f33f97c61ed1c1bef8bf767852979f73f32ec946e8ed6,948071,SEAT_COUNT_OR_RANK,19863192915282175058559086653934211575054487551645662234372292923480034491379,111073079180512055280689842181957221986614466285328123265795109376153847007991,false,PRE_ELECTION_NOT_USABLE
hungary_election,HUN_2026,PRE_ELECTION,0x9d9f75ad779414f35ed8cba39b336ff9d680b458076d086d575e7fdcd242dc82,1570161,SEAT_COUNT_OR_RANK,91165959089808398446337849048944925642622066694689077051146935971308633667298,75214102080756671611264980196287689344832601221449994983782031199116259409243,false,PRE_ELECTION_NOT_USABLE
hungary_election,HUN_2026,PRE_ELECTION,0x9de7d6295c6e0477c0e594a211263cbbe41749ec6fd59697220a2cc05b7e2cdb,1503699,VOTE_SHARE_OR_POPULAR_VOTE,2855118890557108353799616078878181656086674012042505590004054873085053199589,7010363085127357722216334168770772420039061982407763424516676343974511877715,false,PRE_ELECTION_NOT_USABLE
hungary_election,HUN_2026,PRE_ELECTION,0x9fc757a13488543bffde8f60c1cc350aa979eca22957bfc3e724e2e60ea6c8f3,948064,SEAT_COUNT_OR_RANK,12943050544967897870010158712234452039384305001681973372699340728194030292550,80237927033115234153321190797626029808667563430555191937758658614339828647173,false,PRE_ELECTION_NOT_USABLE
hungary_election,HUN_2026,PRE_ELECTION,0xa1c4cc8c77be8789faf9a4034928996b79d6f961931e27c58414089b36a7603f,1666440,SEAT_COUNT_OR_RANK,70803897392879009995488683019838693194648561177453281859972164369575041525840,88565933042454832680296777859304509040982118417658172413783164725672405214012,false,PRE_ELECTION_NOT_USABLE
hungary_election,HUN_2026,PRE_ELECTION,0xa312499c150a1ca94b788c99f6ae721cbbdfda7679b5d25580fe79d514fdb930,948038,SEAT_COUNT_OR_RANK,81548019791840902517287112193384358135389303980460339107425376112037459333655,60429181916537414977280644869591198674637927849363751739424668129720113189410,true,
hungary_election,HUN_2026,PRE_ELECTION,0xa41e44f0a69a87fa2c6cb8c9e166210eed6c01f640f4f07a04ec8bb217a5fecc,1666443,SEAT_COUNT_OR_RANK,52917674898264065678493929993386444754818105248304088570624338024569436253286,109315219899005274280654894487873665905737362650909760848056042503957271058073,false,PRE_ELECTION_NOT_USABLE
hungary_election,HUN_2026,PRE_ELECTION,0xa69868340072875c668648e61ecdf7491c6e0e81577a4f1c166f36c1741c0ee8,,,,,false,CANONICAL_YES_FAILED_CLOSED
hungary_election,HUN_2026,PRE_ELECTION,0xa7d7f7073038039c49a4d2c71932193bda249e4c93e519ee4494154b7c6d08d2,948057,SEAT_COUNT_OR_RANK,110835547964721454398630094805999354583136116019879966634667981269995523455238,48185781851157030383617143245178238181613077617013564574522492290039496069892,false,PRE_ELECTION_NOT_USABLE
hungary_election,HUN_2026,PRE_ELECTION,0xa9dc6e8fe3c0eef1d6557a00c5813100134936b9aac78cdd512fca584fc1bd50,1666612,SEAT_COUNT_OR_RANK,103237657446672718646621726554802680412520306969678400525435516050421050773655,24733385194711545259591010032458675962794635316697049543022308629974070905328,false,PRE_ELECTION_NOT_USABLE
hungary_election,HUN_2026,PRE_ELECTION,0xacfd66ef0458582c0795be95b6169fd9dd3ecad029950c71d8d20766e719d44c,1666628,SEAT_COUNT_OR_RANK,82017465524644246035695257480736680524031771807423381830062163424268998885557,102683134691603732051944493897449177102740230143039777669303864464911800856875,false,PRE_ELECTION_NOT_USABLE
hungary_election,HUN_2026,PRE_ELECTION,0xaeaf19bac7b633b976bb37ee13518d1e81f5f08032970aefde8b4664fab88f0f,1811289,SEAT_COUNT_OR_RANK,62294924174654074040383452156827588862007975494171567781009100977104671095173,107178708518212144543205437534361526713669735205523207734454869207962048377947,false,PRE_ELECTION_NOT_USABLE
hungary_election,HUN_2026,PRE_ELECTION,0xb3bb3afb2c6e1a713a7b857bc3bf632a69a194954bd99fd4dc5853a1cccdf95e,1666623,SEAT_COUNT_OR_RANK,39625268365933071223663557900288693540758284180747365490498240892983328393565,93208289322904084693584242478060110107490720761419878642333757242656650531424,false,PRE_ELECTION_NOT_USABLE
hungary_election,HUN_2026,PRE_ELECTION,0xb418ec5494f6cc82f0ff5a82c71a151e75ad766dcc82ca31c932fe91584d3abe,1579028,SEAT_COUNT_OR_RANK,2007474157847691201025225536602471952776171748695495850760471945054927974880,52508995623998625929900609025109274283890232269840333936549016076966579110604,false,PRE_ELECTION_NOT_USABLE
hungary_election,HUN_2026,PRE_ELECTION,0xb4c4334a6047a599886917fc59695d75071c4d2b9aa6dd79f46c4a4ef7627c26,,,,,false,CANONICAL_YES_FAILED_CLOSED
hungary_election,HUN_2026,PRE_ELECTION,0xb78d0ec5aae53a1d0b3fa9ee37cf7be179a5dfbe91a822d0f907ac1b14780a3e,948053,SEAT_COUNT_OR_RANK,51118547927709235837442965869575207938609523552741411566339985676252063575321,2608967718906773027109901962495012167100132674178591145706418723848490593307,false,PRE_ELECTION_NOT_USABLE
hungary_election,HUN_2026,PRE_ELECTION,0xbd72b9c57b1ea7182e4573c200ba0992c87e050fb74a742912907f9d381a83c8,,,,,false,CANONICAL_YES_FAILED_CLOSED
hungary_election,HUN_2026,PRE_ELECTION,0xbf896a8d8c18ee950c7a08b0ed9418ab1ef322487e50200f34b341b32c587ba0,1666614,SEAT_COUNT_OR_RANK,20330120354886590789350724199008306851881992764260314770613654825238108428029,107337656126409715475146157595743673779075134432520140384789313315973350514955,false,PRE_ELECTION_NOT_USABLE
hungary_election,HUN_2026,PRE_ELECTION,0xc0cb9ecebd7cc0c9db22a4f409e451e76522819e339330c803766891b0b22c0d,948047,SEAT_COUNT_OR_RANK,30593102304610128263937128634262685426886243180598323141854441703455746504615,55880020842281172979099943778642126288142438068922521524402026784744618866066,false,PRE_ELECTION_NOT_USABLE
hungary_election,HUN_2026,PRE_ELECTION,0xc1c3f77502b2fcef544ff5d92f2fa14e1a529c555997e758860b1ef92821f8ae,1666617,SEAT_COUNT_OR_RANK,85939867814969614252084880203031425196448304678628460587486468563812085668159,56923402363399676684614111322532887379796217072172171886895407545418190423543,false,PRE_ELECTION_NOT_USABLE
hungary_election,HUN_2026,PRE_ELECTION,0xc42423362e882219682f268a07a46f261042d9e60e0d5e1a94d5231a27f172ef,,,,,false,CANONICAL_YES_FAILED_CLOSED
hungary_election,HUN_2026,PRE_ELECTION,0xc4bb75ca720b7b3cb308723db72b91fd3055e1465f71a8361eecea76d0c6ac01,1666626,SEAT_COUNT_OR_RANK,101858633627781439419698737489473340123015787990405524834525493399598270671245,33068412812874450873170919114129286599050371729206698412316326199339895860272,false,PRE_ELECTION_NOT_USABLE
hungary_election,HUN_2026,PRE_ELECTION,0xc4e44bf70467fcb8097d4fb2a0d7be28aa827739a28f2eb07c1966eeb34572d6,948062,SEAT_COUNT_OR_RANK,8776826666903533322928726593962832185981795568237671727653303431346378959076,76650461655399676168199964776187090909519146320379544309810743033586945705508,false,PRE_ELECTION_NOT_USABLE
hungary_election,HUN_2026,PRE_ELECTION,0xc7d083193037de160b739d30e0ca05ab114361e4ad34e71c00155eb6b050aa1a,1666428,SEAT_COUNT_OR_RANK,50190362374519769095210470260723493824447442080529632682201626852444527184543,87301496819048310814478966359429072698419937416841380506474488608840576169048,false,PRE_ELECTION_NOT_USABLE
hungary_election,HUN_2026,PRE_ELECTION,0xc7e1ba691d0d620e52b8ef09c52f0ae90222aa55765b6325e75739e7056ae523,,,,,false,CANONICAL_YES_FAILED_CLOSED
hungary_election,HUN_2026,PRE_ELECTION,0xc9629ce1fc4eecd1eaa4be52a673e80da465c9850bae7250d6adef1b3d9c0903,948067,SEAT_COUNT_OR_RANK,49496235308688462996581714836977877645012140260541540288405134684381802301483,27041039385336777884073537168759037470098281349157974192656399199498380890794,false,PRE_ELECTION_NOT_USABLE
hungary_election,HUN_2026,PRE_ELECTION,0xcb016005f94f86786edc4bf61857dd1d33703976aadb889d6cba8e10164dbbe1,1666624,SEAT_COUNT_OR_RANK,86789291205900689242893102199261257367580298308847837584347927614474970999390,56876974643679533551269479031485754086271591214123277774282587758572039964326,false,PRE_ELECTION_NOT_USABLE
hungary_election,HUN_2026,PRE_ELECTION,0xcb7b7cb5f9286c392793ee82e17549376fbf7b73e008f81c4d4b3757fd594607,,,,,false,CANONICAL_YES_FAILED_CLOSED
hungary_election,HUN_2026,PRE_ELECTION,0xcb85aab42249e733ecffed7618b419df1be5da1874ce7ffe35dac66d8a9a65bc,1666431,SEAT_COUNT_OR_RANK,107019547153104504882686751530769475422829487519826925043007058159096697287435,54542790888750229960301148330558867560061410702435267419681917829715865953308,false,PRE_ELECTION_NOT_USABLE
hungary_election,HUN_2026,PRE_ELECTION,0xcb951bbdbb2bbc31803745656c98fb1cf0c0d4243c2650418e0f452ce35aae7b,1570162,SEAT_COUNT_OR_RANK,83055908441264540841921233882933278672268147017775925454483191794986530300065,20147411760853828607390454857807627352643474883320257528710509864025063086323,false,PRE_ELECTION_NOT_USABLE
hungary_election,HUN_2026,PRE_ELECTION,0xcb9560ce15d11786ff071719c2ec004b054cb1bcebba13393967aa5a21e140cd,948068,SEAT_COUNT_OR_RANK,29474870331910650501718459248307475582647395593450603996284370391453268305860,58256387891049407259768562266524210991965110568003257701660036231297362704269,false,PRE_ELECTION_NOT_USABLE
hungary_election,HUN_2026,PRE_ELECTION,0xcbbc6245b9ab5d5e5d94d5470290f3475d1e57a7847fe5fac4c5a8de464d1cc0,1666436,SEAT_COUNT_OR_RANK,87172017934443769612168978409188900146573280459431117135112190131966744817091,108047980594369065554625738955108321338335815351477942630714268357848771709603,false,PRE_ELECTION_NOT_USABLE
hungary_election,HUN_2026,PRE_ELECTION,0xcc2ad4f6c615a02bc36ccd560bcd7806297387e310ed74b17b94ddf5635152fa,1666605,SEAT_COUNT_OR_RANK,24859011432299932864668717737541310351035958892463701516507050354439404350327,44857550490903385823994764806335118754555122017788633629055917885171600623718,false,PRE_ELECTION_NOT_USABLE
hungary_election,HUN_2026,PRE_ELECTION,0xce4b3c1a4c41e1576598ca465ca327f60240e4033524836e5adfa7ef4f4036e9,1503698,VOTE_SHARE_OR_POPULAR_VOTE,110262877708682237012810851456705381999639454890185254208021364473808470300329,110390860403804152016409239623906927290913939776303770732793738821309960956028,false,PRE_ELECTION_NOT_USABLE
hungary_election,HUN_2026,PRE_ELECTION,0xce9789b76afc917871b840c8c8636288610d8afe9510409997edafc2a8a8c13e,1666437,SEAT_COUNT_OR_RANK,13844967371355914275220469406773108045838929809999472725177891679503825704130,97282127784505531600903140235578635902761013757425994387996284769996622661284,false,PRE_ELECTION_NOT_USABLE
hungary_election,HUN_2026,PRE_ELECTION,0xcf03e0ecfbf883498561d2a4711bd0cfc1c1c046db075cf0019aa9de344e95be,,,,,false,CANONICAL_YES_FAILED_CLOSED
hungary_election,HUN_2026,PRE_ELECTION,0xcf1cf7a066a68b6ccb8228408d53d1f12e668cc87b43ccf619ec4d0cea4471b8,1666453,SEAT_COUNT_OR_RANK,15774986865124643559433846834107267233535227323297116627967434181868424248328,43622326428597158568738852554456271930556971652555612873939929998302930766711,false,PRE_ELECTION_NOT_USABLE
hungary_election,HUN_2026,PRE_ELECTION,0xcfe5939aad572d9940891338e4a44ed8b96d6f091ae660b0a6d65f992b12ac18,1666439,SEAT_COUNT_OR_RANK,57959597833182019695962830019794318178431591558987862778323157656713772160698,30872372273397872327814575931578969105103314393992152382383099708976826363257,false,PRE_ELECTION_NOT_USABLE
hungary_election,HUN_2026,PRE_ELECTION,0xd1b20422c4b8099ef73c23cb3e1e8873876c71650bcfa29840b40559b3bd38c6,1666604,SEAT_COUNT_OR_RANK,56560279363216575583177839764467245728153165048226541623941107536056878033888,24072488638346241865817297487127667189955977862375952645492888459269203904887,false,PRE_ELECTION_NOT_USABLE
hungary_election,HUN_2026,PRE_ELECTION,0xd1be730a48717a314ff2517a084ce8f262de13c01f539eec908dce2707800806,1666609,SEAT_COUNT_OR_RANK,29381498451513908600603044695437046151418188550734021605894873362516023361996,21901286376662741689708817225072398891273280630780449796143226881688985203596,false,PRE_ELECTION_NOT_USABLE
hungary_election,HUN_2026,PRE_ELECTION,0xd4717f1118a739e898848610e68d74ea6cdf6ded0fedc3940143b9f3d57ff254,1578506,VOTE_SHARE_OR_POPULAR_VOTE,78694996123437319422305954714737919307676937331192272808293690260510652252845,36230140438891428310729070812378465936561941608389446455823262314297408936498,false,PRE_ELECTION_NOT_USABLE
hungary_election,HUN_2026,PRE_ELECTION,0xd664b5cd40f7aacf0644cfa60e282ad51a1fb05bb172684c9309dc6d4a11d538,,,,,false,CANONICAL_YES_FAILED_CLOSED
hungary_election,HUN_2026,PRE_ELECTION,0xd680823bb11675c7eff9c7e7f9b229a18dce1adcee0596e35f38663e40ec3b1d,1666601,SEAT_COUNT_OR_RANK,95842054762993057679336889048739294971183781225825446325161702648528652608321,81305292456219243564280449538527800224729676537403160845377944546531300507063,false,PRE_ELECTION_NOT_USABLE
hungary_election,HUN_2026,PRE_ELECTION,0xdb47101970a5555d9edcf9f1f812c49b2d45070ddb084e3dcd392c7ce4b8bdcd,1666434,SEAT_COUNT_OR_RANK,70938097772154517339270839545434979499383775110315659547221113989518268026541,108700555235065874341661281803892790598922137356974036083797741359384945613738,false,PRE_ELECTION_NOT_USABLE
hungary_election,HUN_2026,PRE_ELECTION,0xdb71e1a683eac9b4c091eec6b80c4c30451b229da006f2a4e15d2f4d30a82cc0,948058,SEAT_COUNT_OR_RANK,13595494744813883880866808312043407355054051715242410204203797031791234321258,18872700349279227913504367213091235276631893853021379253029779097141979734269,false,PRE_ELECTION_NOT_USABLE
hungary_election,HUN_2026,PRE_ELECTION,0xdc8b79a2c67505209fa2e66fba6bf27731013f807ab106648acab384a255f95d,,,,,false,CANONICAL_YES_FAILED_CLOSED
hungary_election,HUN_2026,PRE_ELECTION,0xe3a3311fc810d35560065ea7758c3a5ec9e8e0b4751392d6a0dc7375b08e8eb2,1666608,SEAT_COUNT_OR_RANK,7906296250056419230727077874464372825538208064816362497685894917891875674776,49926845176761385018644503912196124392743608824089125535563441924169222005387,false,PRE_ELECTION_NOT_USABLE
hungary_election,HUN_2026,PRE_ELECTION,0xe513384e1b9a4dcd3b2e260b0909bfe129fde31a26171982ae3e47cefc10c8c3,1578759,VOTE_SHARE_OR_POPULAR_VOTE,102953750840940549970441209490485977996141317804487249937515404463810694282562,47064950557236942167519043667666035237551518326214220623970638471126223112142,false,PRE_ELECTION_NOT_USABLE
hungary_election,HUN_2026,PRE_ELECTION,0xe871d96ae8df69912f9c38cc25ccb389e0adb2e95a8e39a99dd1509565e1623b,1666466,SEAT_COUNT_OR_RANK,25805593798894405825472001373131541317858316222475442182494128234806791725010,11999970422249275501118886184095416307307106753609266364520136829282378787304,false,PRE_ELECTION_NOT_USABLE
hungary_election,HUN_2026,PRE_ELECTION,0xe8abe0a4c0a6e69d5bded5cf336a9db47edc6b67bcc00f97339c001530105cc7,1578505,VOTE_SHARE_OR_POPULAR_VOTE,764564931326676240695018446495104275403241691497485042163048009463519874109,102504522055005885342830450734580618206973171118898075095436078952648222373764,false,PRE_ELECTION_NOT_USABLE
hungary_election,HUN_2026,PRE_ELECTION,0xeaa747d03aaf674bd8824221a95bac71af0372513e2fe4496af131c0c9329517,1666441,SEAT_COUNT_OR_RANK,74266276071113248411831566275749696034801017369131745176445157940374431459340,18308108740148542434663762303929585613700507769049698556396307673836008858085,false,PRE_ELECTION_NOT_USABLE
hungary_election,HUN_2026,PRE_ELECTION,0xeaf781a11e6bba7c064a522c07d3baf841cbb3cb3356848b332b6eaf21d8c01c,1666607,SEAT_COUNT_OR_RANK,90320940734590583868122778101817996286155575848365228559491123869767975886227,102777614233028982952697916215349801390829676451114474523604497736599036197026,false,PRE_ELECTION_NOT_USABLE
hungary_election,HUN_2026,PRE_ELECTION,0xeb860d02c249ec6ee2bada650e0ed8e8208df2854b708cd440d176983e94ae84,948069,SEAT_COUNT_OR_RANK,114136354282102074416305984362641910827485759922073634616654282890987643661731,67275874798916353060612810833970505173949925087202185704912922287056920447498,false,PRE_ELECTION_NOT_USABLE
hungary_election,HUN_2026,PRE_ELECTION,0xebd294a23be509e7a8f7b02c36c67639d165393992bedf2325eb038402de7b6f,948052,SEAT_COUNT_OR_RANK,90243044546149417559095947116676604557813617991328009708269708543445265094673,55501371731710872572089929240359994095281424140903226979305953376627004845953,false,PRE_ELECTION_NOT_USABLE
hungary_election,HUN_2026,PRE_ELECTION,0xec26b60dd4f90cc76aeb77f68cb6f8874883f8e16d46fbcfc51ee1ce8a0c01f3,948063,SEAT_COUNT_OR_RANK,65770061722666527012246022939566806003374606147636031942304809598267097474746,105103582563387723037424199241205759646289909446244061514334054536437774854059,false,PRE_ELECTION_NOT_USABLE
hungary_election,HUN_2026,PRE_ELECTION,0xed647287b04a0f8f755f22dcba850b998896c43f98c322b7dac92928617f05cd,1570166,SEAT_COUNT_OR_RANK,102201524199603310464659784133894302631006007560544137907027711056594447696005,84419903668083569136162459275894284337925448732014526046182717568524944948736,false,PRE_ELECTION_NOT_USABLE
hungary_election,HUN_2026,PRE_ELECTION,0xee395896b099a018985ebaac41ad999d494a2a6a343237fcc2459ba50aa2934f,,,,,false,CANONICAL_YES_FAILED_CLOSED
hungary_election,HUN_2026,PRE_ELECTION,0xeea09313468e3b385ced580898e02c27a747651e333665ff8a6bc43a36e9d3b1,1666427,SEAT_COUNT_OR_RANK,97437486785593187346571000134742207411338306007709259203334448727087066739967,37172029955252270940441291033139499189261165900053371014856351124177078134739,false,PRE_ELECTION_NOT_USABLE
hungary_election,HUN_2026,PRE_ELECTION,0xeecd44689018299e5bb500c12796b6bc0c279086b15623c358fa2a9aa1cbf4d7,1570167,SEAT_COUNT_OR_RANK,30932391081687479302919142648665012982731431637173268974760815846565607085007,102308490924847370455488958209584039522656918281204859620281092368398128414535,false,PRE_ELECTION_NOT_USABLE
hungary_election,HUN_2026,PRE_ELECTION,0xf1ab27231df078f67aedb2e864eeb19db26e0a7542a089d6f892168b90ec50cc,1666611,SEAT_COUNT_OR_RANK,44701670847171710826606413767340281688170073436281125510955579026743577864175,33932425647136555016930723711866337106678280244208176357199473774930508734038,false,PRE_ELECTION_NOT_USABLE
hungary_election,HUN_2026,PRE_ELECTION,0xf21582b79101460c225684f3588b52a78b467ca3050d2106cef13b4f9777b778,948065,SEAT_COUNT_OR_RANK,49150526519941888387146214188773236846617919021682107861100732830499771186603,64034670634301735069282982622019591509512458786579775804496324567927857294911,false,PRE_ELECTION_NOT_USABLE
hungary_election,HUN_2026,PRE_ELECTION,0xf36c9554c0d5eec41293403fc58fdf1ae2d3101f9f2d0af9dce9d3fd4c6bf925,1666463,SEAT_COUNT_OR_RANK,47231762137287420902135219557832127448577618815189979426327587451979879723811,9775645073822871173909664742304330750219653512890504230065532084806388214945,false,PRE_ELECTION_NOT_USABLE
hungary_election,HUN_2026,PRE_ELECTION,0xf44a96163b31f370c1bf960f149ae1bc19a6ec2de2d854e9abdb87444a175d3f,948048,SEAT_COUNT_OR_RANK,111885854343765800550281176201736566601702308860944459632560323189164287214012,52424081375640480605778699398401957401184678665436986584876844883276877777056,false,PRE_ELECTION_NOT_USABLE
hungary_election,HUN_2026,PRE_ELECTION,0xf493d343a2588ec38173edee124b25a9a891b8149080564fa25c2b50cf126bde,1579030,SEAT_COUNT_OR_RANK,75722521248572613385737056866385174096438583832126171960700208047371174847767,10467639988080999549902916509550096428600720337024327883167162998905372917692,false,PRE_ELECTION_NOT_USABLE
hungary_election,HUN_2026,PRE_ELECTION,0xf6029a46780c97604b24344a40ddf84b723b8651f4db76ef80f4a122039f50e9,1666598,SEAT_COUNT_OR_RANK,1372773407804805401778162093569605272331355196061535259759457895064242762171,82591027558186951409440383743988754014993186035365700802347272040949966014994,false,PRE_ELECTION_NOT_USABLE
hungary_election,HUN_2026,PRE_ELECTION,0xf92ee6ea78a223b52bbec63ddc073ddb86a2b045428c5d8e07705a1a37bff990,948049,SEAT_COUNT_OR_RANK,60884203079845929151758750288419400084051160092171918249163684960946991230942,38669013601359723502637899207659682552840305770968885478669583790995882174591,false,PRE_ELECTION_NOT_USABLE
hungary_election,HUN_2026,PRE_ELECTION,0xfb923c5072c6dd6487b21313c764a888ee736dc886ffdd5adeedc52e513d900f,948041,SEAT_COUNT_OR_RANK,26344788795933151633161150081578456204082483782223329869729946340061735203256,21444210566797845534573954706998363289340016614737227712156077537826720378977,false,PRE_ELECTION_NOT_USABLE
hungary_election,HUN_2026,PRE_ELECTION,0xfc1a6269c0392c3fe0c483fb625c6b7bae4a5be6366b7969ef05d8aaf57e53e3,1666622,SEAT_COUNT_OR_RANK,24703071176539157816875138509566453529977349205158655390906605830631562344218,73639086263598773470213252541461367694909819164647673174811843426225619936866,false,PRE_ELECTION_NOT_USABLE
hungary_election,HUN_2026,PRE_ELECTION,0xfcde02af15efe40e336d67f0ef9aa49e9d40c37b92961fb890afc4afdbfe54d6,948043,SEAT_COUNT_OR_RANK,61963573353880265694358880181512412652951688509792017552668784297365342759317,111152780649996205982553203207944259422420032287038821800558281705730727362744,true,
hungary_election,HUN_2026,ACTIVE_RESULTS,0x006ef368088542d145dcbd49391ff1547a4edc0b6a9321b1ee9357898e6faf26,948051,SEAT_COUNT_OR_RANK,106161223674004002616656551038809864097549731863320874583963113188589399557545,93038467396925294955975819198517348496718803250556569210444932120982516394567,false,ACTIVE_RESULTS_NOT_USABLE
hungary_election,HUN_2026,ACTIVE_RESULTS,0x01510d4f36a4055795345072479f71f432533d2c2bf2f3265eaa142d34306914,1570886,SEAT_COUNT_OR_RANK,95559652341802952589655277858533995738145976919497885798487573566445470354568,43396639951321448398587099380587854110933901202047602994694820504818569400410,false,ACTIVE_RESULTS_NOT_USABLE
hungary_election,HUN_2026,ACTIVE_RESULTS,0x01606fbace8001359218704e2ff3e490ca3bb3fbaead11bcd0d7d692143e9479,1666630,SEAT_COUNT_OR_RANK,62952815646642565064509333070562484714526581048725057416697688532853757026810,51030461988220438065278302899014687200196948875476085428281599301206528562828,false,ACTIVE_RESULTS_NOT_USABLE
hungary_election,HUN_2026,ACTIVE_RESULTS,0x0258f47973df582d7e9b659ce402024ceb3354376d95c1ba035c89f0f161357c,948044,SEAT_COUNT_OR_RANK,33701066276383305269517075379512794589524111386609901148067785771510122210214,41253930337363811719163997438055249029676041183246361954681253799664523046577,false,ACTIVE_RESULTS_NOT_USABLE
hungary_election,HUN_2026,ACTIVE_RESULTS,0x02621af583d4e7babc37544f25d5b3849710458c1d95e766238d0237b668b583,948073,SEAT_COUNT_OR_RANK,115709990684627190562693216491883670829694041842871241245128177283627660237978,109266238608379713314486390190859422000724400783296550891262794005102273604971,false,ACTIVE_RESULTS_NOT_USABLE
hungary_election,HUN_2026,ACTIVE_RESULTS,0x02aaea36b22da0995fe34fab28a389eec281f056fb86bbc639f86540d7cd9b91,,,,,false,CANONICAL_YES_FAILED_CLOSED
hungary_election,HUN_2026,ACTIVE_RESULTS,0x036b793008715890debb8f3758af442a28cf1c64505e7140a9ff394589beacc9,948074,SEAT_COUNT_OR_RANK,37988110561473301486352206040110468356688303135253822937427150136017429967105,55724340255834977989171311368251031861639475420385863091109088540020549704531,false,ACTIVE_RESULTS_NOT_USABLE
hungary_election,HUN_2026,ACTIVE_RESULTS,0x0383facf325ea0d4bb4b6e14c542c0d14d6b3c0437de10695417b63cefd8814c,1570890,SEAT_COUNT_OR_RANK,30392280822769812467222878799102531591365609316169257647738422234928774948985,671068016050325596267912230520067632260976378061181789257660991410565217373,false,ACTIVE_RESULTS_NOT_USABLE
hungary_election,HUN_2026,ACTIVE_RESULTS,0x045c7f9e33454cdd6caa07971ee66b5b694e03d29ddb3614cbb0dbbe2e5d0c47,948070,SEAT_COUNT_OR_RANK,83445168469333569901855449808860679626328022016269129773616738872498242545248,64509747209810700913315405215412000848376371898599085335860326783722818503563,false,ACTIVE_RESULTS_NOT_USABLE
hungary_election,HUN_2026,ACTIVE_RESULTS,0x05158420ee9986574cb4f0f9b7d9837b7144dd2f1cbf3bb98d396e0007eee229,1666599,SEAT_COUNT_OR_RANK,23825857154744642820838716810752056677765867958848248487819875918541770347871,77913526644677221908430024032696459820827730830263859948234075286988400877281,false,ACTIVE_RESULTS_NOT_USABLE
hungary_election,HUN_2026,ACTIVE_RESULTS,0x0537e7e478a7aa47c037aa99b25eed2ee7b6a687ab5b6543091c946b3df0800c,1666464,SEAT_COUNT_OR_RANK,93600556278554150507968640243793084710591896756585718010785192587020272770171,32154490231071621687051871034853070380416198354027241655211875173615500914824,false,ACTIVE_RESULTS_NOT_USABLE
hungary_election,HUN_2026,ACTIVE_RESULTS,0x068d4f079da544e312b1a7b86e2c5dd39d3fc6a0f5a21b0ec866d1ff34767839,,,,,false,CANONICAL_YES_FAILED_CLOSED
hungary_election,HUN_2026,ACTIVE_RESULTS,0x075ae2cdcffcb34a504b51f3f65e50b31c68665cbb4ccb4d7f3db46412214fc2,,,,,false,CANONICAL_YES_FAILED_CLOSED
hungary_election,HUN_2026,ACTIVE_RESULTS,0x0a0855311dd10949eb02a41b6268d3e7698b76bd6d58bdc1c80e1d472f3e29fc,1666619,SEAT_COUNT_OR_RANK,29591660272964936458136760824287868584382401316372023919957282374142431189673,106065778214934164255326249811507362260449906626491676522729314789809127144158,false,ACTIVE_RESULTS_NOT_USABLE
hungary_election,HUN_2026,ACTIVE_RESULTS,0x0d5e405a7ad802309508d4f2bc3c04b8d6e6e3b6f632dd91b94f5995f3aae630,948042,SEAT_COUNT_OR_RANK,93953210425001630882390558717433145795369934633177193647737909000045852063346,21110280704452505817780141811781357467555774028962558839103723407923180154652,false,ACTIVE_RESULTS_NOT_USABLE
hungary_election,HUN_2026,ACTIVE_RESULTS,0x0e16a806a7d079ad19a18599e800bae595eb99b640c5922e1398e30244a0ea43,,,,,false,CANONICAL_YES_FAILED_CLOSED
hungary_election,HUN_2026,ACTIVE_RESULTS,0x0e47ad377273a39833506ca16c597c7eccdee686375b30f1910f3ef3ff734f4e,1579023,SEAT_COUNT_OR_RANK,38682154117717169146231293723735580430526845725832450611137930653036350923557,35538912002321880301848956355879389234334418034326242573043886206544533352287,false,ACTIVE_RESULTS_NOT_USABLE
hungary_election,HUN_2026,ACTIVE_RESULTS,0x0e5a27334244a00baa67a520cdf9404684d2e6fb3610bd8f1d918cc7faec0903,948040,GOVERNMENT_FORMATION,37654263301652169455218962004270870247868994865836101066625038864863642356316,44269988183361244992510124244246605132457836717209610747424699388443853291206,false,ACTIVE_RESULTS_NOT_USABLE
hungary_election,HUN_2026,ACTIVE_RESULTS,0x1060db34fa0c4c889dddb703594058244c46c88adf2f6f2863c95cdd5fa7d5ed,1578508,VOTE_SHARE_OR_POPULAR_VOTE,83892279429755121038095127859495844892185654425644846288830896688955343489441,31532780441978456735429083368008142198381558885828615825879333747915707835911,false,ACTIVE_RESULTS_NOT_USABLE
hungary_election,HUN_2026,ACTIVE_RESULTS,0x113fff39c8c2fdd269b189434d84fc9fa93199c322b39d899c41e668139dd3a3,1570163,SEAT_COUNT_OR_RANK,106294555749290068094203311005332964666814778324770423708780182065418526627469,71732265776030742182624725560156374994812145496234993113936312263612343481282,false,ACTIVE_RESULTS_NOT_USABLE
hungary_election,HUN_2026,ACTIVE_RESULTS,0x12431289c190b53824412aeba2177b49829a07c9f7b238c42c81807e85240938,1579021,SEAT_COUNT_OR_RANK,36112063952512327514679858566031554083891262131527857900272308322900286034681,97664784370807841142707964737081665627344934031049263962508132420739217665692,false,ACTIVE_RESULTS_NOT_USABLE
hungary_election,HUN_2026,ACTIVE_RESULTS,0x13496fa2338f07e366c573f3e274ba4966fdffcb8dd76d5aea98d35ac36ae783,948046,SEAT_COUNT_OR_RANK,70502362111037557690872376093830156080180966461780810463183055982822634657262,75269111922284627734537279206896483540956683816637285619383407108550865234871,false,ACTIVE_RESULTS_NOT_USABLE
hungary_election,HUN_2026,ACTIVE_RESULTS,0x1480b819d03d4b6388d70e848b0384adf38c38d955cb783cdbcf6d4a436dee14,,,,,false,CANONICAL_YES_FAILED_CLOSED
hungary_election,HUN_2026,ACTIVE_RESULTS,0x14e084f7ef784233a8f42ce3bc24826b958798bca1dbf009bbe169535cf2a170,1570885,SEAT_COUNT_OR_RANK,21954132542762894964212524932164176960841601224262401647965898274997470037373,81935338367445042131499374997761131111069101734964637267318453143561197169707,false,ACTIVE_RESULTS_NOT_USABLE
hungary_election,HUN_2026,ACTIVE_RESULTS,0x187f28579669fe7cedfee17fdf9356b4687cf81870e6e221f1ab90225de8aee9,1666448,SEAT_COUNT_OR_RANK,25199167824423231117528990429057475965142213646423955708207691648156736139684,79822793516645788968831028988140217525465287121571136499555992070359527442312,false,ACTIVE_RESULTS_NOT_USABLE
hungary_election,HUN_2026,ACTIVE_RESULTS,0x1af9ccf88083dd0291d31f53c09b3d6d80fffed00ae465357ddb0fb7911771fd,948060,SEAT_COUNT_OR_RANK,77698532317185323480789367234012316330168346248351822406568300895290086164733,29139613335304156172629175998981167415569526222716638906844864325095435488528,false,ACTIVE_RESULTS_NOT_USABLE
hungary_election,HUN_2026,ACTIVE_RESULTS,0x1b41ade9c062daaac43c0697fef4c6639476392cb2d3fb3b1599895e8a693903,948059,SEAT_COUNT_OR_RANK,20325340379494589684955687011754477590796645659142762966713345952109753258706,62871090243074836420773953546613617358098102839462065646018939431347742999838,false,ACTIVE_RESULTS_NOT_USABLE
hungary_election,HUN_2026,ACTIVE_RESULTS,0x1c19736704d44a6c12b28c80780f3443f90da3bd5f515198bc4fb48e0151367a,1666462,SEAT_COUNT_OR_RANK,1999668943811422692410654782546179708504296986055905784028493330144493892579,31751677203580662582278077303635996860837189347494458599308164058943176115418,false,ACTIVE_RESULTS_NOT_USABLE
hungary_election,HUN_2026,ACTIVE_RESULTS,0x1dc04a447123f0a7ecf7ac388ee591fb4fc67fb79eb07e8ef77d7ead38ca3b39,1666629,SEAT_COUNT_OR_RANK,22928308872364672863924171360473168309778263543372816465657784728551121298675,109609839964834933077498153858524298135461864293765732925244608903755132731126,false,ACTIVE_RESULTS_NOT_USABLE
hungary_election,HUN_2026,ACTIVE_RESULTS,0x1e644cbc4a9465d38fadf5816aea4d7408f0347cc66c33f74418c0b6665ccfa7,948066,SEAT_COUNT_OR_RANK,33104098486398326305042806463488303431104364978220263384774857422719867970663,7994775122189670877736180312414114222996206705218329830568599582484992235245,false,ACTIVE_RESULTS_NOT_USABLE
hungary_election,HUN_2026,ACTIVE_RESULTS,0x20e1754cefba0f34b610b20bdac331b99adfe7df11c69da5c2c20edf159415ab,1666597,SEAT_COUNT_OR_RANK,31833331019105750571672053833659039600337039033800758572035822889456419230177,91825505022843217425486360403692988424439369458031876999998626071092834837305,false,ACTIVE_RESULTS_NOT_USABLE
hungary_election,HUN_2026,ACTIVE_RESULTS,0x216da290ea27fad4c1f50ea01793611c547bbfaf388dac82d1f4e645ca3b6ea7,1578507,VOTE_SHARE_OR_POPULAR_VOTE,108098932088367182440741768713641216334823691465093776802059393811939274300005,96489893487535432267593538684681657860387225264335539862236462381557065400303,false,ACTIVE_RESULTS_NOT_USABLE
hungary_election,HUN_2026,ACTIVE_RESULTS,0x22a6788e30520a31998489d7b1a132f551ed64d917b9b57f8346e021820cb78c,1811274,SEAT_COUNT_OR_RANK,94271656533532307036793224832788715209887263061601654668721932780096301850390,111803731784817772593079994236841918554128783898004383106061958001191020396622,false,ACTIVE_RESULTS_NOT_USABLE
hungary_election,HUN_2026,ACTIVE_RESULTS,0x2639d3f26e5e9bac86f2aa040ebfe237fe9c181ed830afe1a3e0d75acc5f52c7,1666446,SEAT_COUNT_OR_RANK,34109835458490622519211118539784789678494907763267541192997689755893183819295,46014210998046894390837028373805545130011008783623665082065474320287282904875,false,ACTIVE_RESULTS_NOT_USABLE
hungary_election,HUN_2026,ACTIVE_RESULTS,0x28b4b30e67b1f270deb026a0f57d45c081a9dc4e3443b0ce427674d30896c06c,,,,,false,CANONICAL_YES_FAILED_CLOSED
hungary_election,HUN_2026,ACTIVE_RESULTS,0x2bde712392e6c8c324ee036bbd84b4575cff5f21fafd8a8c52202efaaefd72f5,948054,SEAT_COUNT_OR_RANK,69733375661060193033017060483787703128756814614272149242088594189854545860575,65107612832616461606796007450911015359614369649776523575583798194432527729336,false,ACTIVE_RESULTS_NOT_USABLE
hungary_election,HUN_2026,ACTIVE_RESULTS,0x2c9f34a7ca3d42d22d80c8376e15561d7e576887df246d2bcce3a774dfb26a83,1570168,SEAT_COUNT_OR_RANK,60595928534574322497923950671575085337782318770638281143538886581972416433049,87658547462080396308673872775603378330013827007407422411568236222974623195477,false,ACTIVE_RESULTS_NOT_USABLE
hungary_election,HUN_2026,ACTIVE_RESULTS,0x2eaa1b7d4878815ee60a240460dcbe8a201ef9be30e17888d10e1e1022d2c72c,,,,,false,CANONICAL_YES_FAILED_CLOSED
hungary_election,HUN_2026,ACTIVE_RESULTS,0x2ed2dc9dd07c9aa7d0c26657d440dda2aba2804d800b5f261aff965f5ac4a862,1570888,SEAT_COUNT_OR_RANK,19456256954787290675226398203810859779622163189894080036344170441447847779957,25082762081734650783833218208699013981311217683336325151818354617513538880103,false,ACTIVE_RESULTS_NOT_USABLE
hungary_election,HUN_2026,ACTIVE_RESULTS,0x2ee3d2f002266cec11a2858032a392a10357e94a8e25cc733d2d02a6cdc995a0,1578757,VOTE_SHARE_OR_POPULAR_VOTE,106894316578275945898449030427101829542774827607846588130136248055394082903144,17905231683731705055017958416754862905436170315270868143047520934040578914773,false,ACTIVE_RESULTS_NOT_USABLE
hungary_election,HUN_2026,ACTIVE_RESULTS,0x2f2b608e0a767d2778113b3d51cf18c555622632c74c665648539b0807b7b034,1666425,SEAT_COUNT_OR_RANK,43490838294343229712080069722624463230407055285394250450747453286854046855778,114647295263811421125806670323125238181664726329189992522017983524578423798593,false,ACTIVE_RESULTS_NOT_USABLE
hungary_election,HUN_2026,ACTIVE_RESULTS,0x30ab11254fc7ae50503e8f4ad02f20b921ba1292555d35efd0a1bd592b149ca2,1666458,SEAT_COUNT_OR_RANK,55310857486548321219643457267345999799589564079761851177461752698096381511259,88197418553000052949656171842373096671763578984929893055990954713139395150248,false,ACTIVE_RESULTS_NOT_USABLE
hungary_election,HUN_2026,ACTIVE_RESULTS,0x33c1fa638633b15eea9037de3d9002aabe2d39adeb19087d80c35a5e97a9c070,1666442,SEAT_COUNT_OR_RANK,76721309182549480933438526576107964901183685423701351735139350246098918549334,9325494265933867940930223771635295185552057377574033600989373319124250461798,false,ACTIVE_RESULTS_NOT_USABLE
hungary_election,HUN_2026,ACTIVE_RESULTS,0x33f542bf6dcc1ee06d01baf47df5dc5ccc9b0d7949a5c0e12173beceb9c15d9b,1578504,VOTE_SHARE_OR_POPULAR_VOTE,54136882052474624612827842323548829763095053041986194740928355670733494242705,33673776294955124343145793163521519546495983610639216328530639916244597151073,false,ACTIVE_RESULTS_NOT_USABLE
hungary_election,HUN_2026,ACTIVE_RESULTS,0x39e7c54ed76792e33a464ed547bc899f2668432cdd0f620176d7a8b4ef4fa073,1666600,SEAT_COUNT_OR_RANK,95223575968813395891219831413376328597296433840517908093363458317318510508124,30772548883091744913858801978204823197553991917310481031024212548367958179959,false,ACTIVE_RESULTS_NOT_USABLE
hungary_election,HUN_2026,ACTIVE_RESULTS,0x3d418a3caa9a19037d40461032e4b18daefc08373ada02d584b9261d7e13c8f6,1579027,SEAT_COUNT_OR_RANK,35929170832390807459346813186496282165582625687971855469090150663234197169035,39864403347835060318999713231440230150977272911721414524674748542762138013355,false,ACTIVE_RESULTS_NOT_USABLE
hungary_election,HUN_2026,ACTIVE_RESULTS,0x3d776739e7359348074926110855b65524f98e5b0c0671de45869b1bd472ac67,948055,SEAT_COUNT_OR_RANK,48509266894132080292276156251801450145559871005701803322555916755143390751708,87248426813031890401882505560862657363279548153811541103894509979682154067453,false,ACTIVE_RESULTS_NOT_USABLE
hungary_election,HUN_2026,ACTIVE_RESULTS,0x3e9997b1cdfa58e6706104fbcf37c98b0eb2e57f6ee28eeb0a9c96b932a4e0e3,1666459,SEAT_COUNT_OR_RANK,79660289726490448642078722367474838182686207337649001848263333757489231845907,99135157741990926492219598022058101678028118994752351093956930301549221105414,false,ACTIVE_RESULTS_NOT_USABLE
hungary_election,HUN_2026,ACTIVE_RESULTS,0x3ed8d5fa242785890944bb7c388a22056ad54a378dc21ccfd6507939459ee4e0,1579022,SEAT_COUNT_OR_RANK,51545423913182123924490519418790772637911331975740675015194873029073130014866,104578165648142192315614918587674778441806406670239806839986220073158520155072,false,ACTIVE_RESULTS_NOT_USABLE
hungary_election,HUN_2026,ACTIVE_RESULTS,0x42c21bd74895ca4d8290fc01ab624cc3417272279c2603c1f3555aa191abab08,1666429,SEAT_COUNT_OR_RANK,66360067045806201485515414286141402267597912824830116247597636305466420071740,80889100185853244728314475774359917681466373645076513122395837624067488384212,false,ACTIVE_RESULTS_NOT_USABLE
hungary_election,HUN_2026,ACTIVE_RESULTS,0x4466afaac1cdbfe4649e7780c355a4be7be5ebc812371d29499d666035d1256f,,,,,false,CANONICAL_YES_FAILED_CLOSED
hungary_election,HUN_2026,ACTIVE_RESULTS,0x49131d36d313837145649d4cd7dcebbda31324435586cf8f102ed753a699c02f,1503697,VOTE_SHARE_OR_POPULAR_VOTE,105839270895225421428923010407392581699334769109560634674101085014721426596374,17939041209709230158142207256633369876811259252531082643080096427333036714916,false,ACTIVE_RESULTS_NOT_USABLE
hungary_election,HUN_2026,ACTIVE_RESULTS,0x4adf64232c8b91900e0b48a81d68b3f08c0e0c57da9bc575b890dee39df219ae,948045,SEAT_COUNT_OR_RANK,30849933191316686435782664908401890804163810081470441695928144220535231269695,52007040390240268041235785750806922647862387092936200192192228912357135484566,false,ACTIVE_RESULTS_NOT_USABLE
hungary_election,HUN_2026,ACTIVE_RESULTS,0x520e2f27b3528a9950d1fa706745a4952feb5799e413ec3a0c1cc9ff7b805e7c,1666461,SEAT_COUNT_OR_RANK,504000959376818021343399415118622047521553992126643019089323961379726908992,97755861064929031279626083606436822190119569974026651549503251568358537562698,false,ACTIVE_RESULTS_NOT_USABLE
hungary_election,HUN_2026,ACTIVE_RESULTS,0x5462ac83b5eb0b7d8aeb8d4ce99c05a49cc92dd24a667d60eb911ff96cccfc8a,1578760,VOTE_SHARE_OR_POPULAR_VOTE,106963467434894883853006759242778301576108463795671054596964521132724977775668,678746490871676682503067380353578324518482165679490433101570041050033233027,false,ACTIVE_RESULTS_NOT_USABLE
hungary_election,HUN_2026,ACTIVE_RESULTS,0x5599856587ed77cf40cf20608448180f6abdcc512027016bcdd68ad73fca3e9f,,,,,false,CANONICAL_YES_FAILED_CLOSED
hungary_election,HUN_2026,ACTIVE_RESULTS,0x56025e0cc306226bfa2bf1cbcc786162f4bf326f38011730647615f8bd22c0d7,1666615,SEAT_COUNT_OR_RANK,99738636086733627250081845129372653197023369942139464471741087980533137051107,97188632433021454387945254882094294335875640423524049474968419451496069830433,false,ACTIVE_RESULTS_NOT_USABLE
hungary_election,HUN_2026,ACTIVE_RESULTS,0x5652287f541322e632d238a306e1f626cb53d0bbf342d5ea1cf817279e3ff999,1666621,SEAT_COUNT_OR_RANK,3086985108592702215003663732706398109684456455468571414280971700964250585169,84151140372992688813971143358268260991324287522950171999574223820818347167415,false,ACTIVE_RESULTS_NOT_USABLE
hungary_election,HUN_2026,ACTIVE_RESULTS,0x59c8bf6de58ca2e27896c11055b4f0c9f7e48f492dc9c5d01024549b8b9cef8e,1666444,SEAT_COUNT_OR_RANK,8547112559287781066654012052146288964324151378208039953005829221125611702173,99415036781881797559713923764591723526761341140672136290894354450412690118106,false,ACTIVE_RESULTS_NOT_USABLE
hungary_election,HUN_2026,ACTIVE_RESULTS,0x5bc9358855a51271fc548778595fa9f8626d84f6d030694bd98eaee2051127c5,,,,,false,CANONICAL_YES_FAILED_CLOSED
hungary_election,HUN_2026,ACTIVE_RESULTS,0x5db62f22f30d136b5610bfe336e9c42072877b28ab14915654b76ed5fad0df68,948061,SEAT_COUNT_OR_RANK,19955394246347349668055734128775423766330580179374436134880652337932392453545,92400810044680158685266444917140115949179632310693339925383723664323509462143,false,ACTIVE_RESULTS_NOT_USABLE
hungary_election,HUN_2026,ACTIVE_RESULTS,0x5ec80dc407457301f282a2b44341947afc700dfaa7923d14c8894e04bc63b03f,,,,,false,CANONICAL_YES_FAILED_CLOSED
hungary_election,HUN_2026,ACTIVE_RESULTS,0x63fcca6e7225ed32564acd890897f9c929a0d9e43e032bb642157cc2daacfee6,1666465,SEAT_COUNT_OR_RANK,32510707347773164736920385141164674713888945945358078138649377631617139131374,108239564021179025105407563786761498467927749171038528330713819834232543396782,false,ACTIVE_RESULTS_NOT_USABLE
hungary_election,HUN_2026,ACTIVE_RESULTS,0x66201b0cefc26a0daab805bcd0c05ac67d2eb5f10211b9b89298436629c1eef3,1666613,SEAT_COUNT_OR_RANK,44499627200498067662704679511576088298316606500424538710925031503969954993825,68040634304373318872397123839113060209375602473879357216221503408372250469029,false,ACTIVE_RESULTS_NOT_USABLE
hungary_election,HUN_2026,ACTIVE_RESULTS,0x66a38e0bc088b810069eff1a5a8a2c8ef88056925f32930136d801294f2fff35,1666467,SEAT_COUNT_OR_RANK,57745047579959127876784343284896832338982636195895128077820259850038903145865,66387499861864793765758064522887177791275977757213052033106893171621235713690,false,ACTIVE_RESULTS_NOT_USABLE
hungary_election,HUN_2026,ACTIVE_RESULTS,0x677004594de72bcf3eccecabb02417321327e346d4f319c0c67f860aa54d98de,1570165,SEAT_COUNT_OR_RANK,66805363240264598015003237173408450891633559963269231709445243023982843050451,24230244897635144429856330837167890420659904925743498377004299693119043985147,false,ACTIVE_RESULTS_NOT_USABLE
hungary_election,HUN_2026,ACTIVE_RESULTS,0x67a776c285676937265be323be8de1021dc3f44bbb0ded250d7e579b8411bbb3,1666426,GOVERNMENT_FORMATION,65936843966752873313638712673895628621006860444030793074714115039067739709293,50977804284853231783496722893685711574899323880478453541876898367125277763180,false,ACTIVE_RESULTS_NOT_USABLE
hungary_election,HUN_2026,ACTIVE_RESULTS,0x67ca01f75ad56b885aedae60d2a28c4569a69cf4e5814c356a95be28fb47678d,1570164,SEAT_COUNT_OR_RANK,40769575643391973969004186964867167488631235375429955907992719779253186624627,106719872722863650317762855188582971405597688170544876478220324044807203129678,false,ACTIVE_RESULTS_NOT_USABLE
hungary_election,HUN_2026,ACTIVE_RESULTS,0x6987ef479ab612194d6052f4326dcf9d9ace1913d07476d13d961d3ebf0947cd,1666595,SEAT_COUNT_OR_RANK,114393828084915559955942677234871480457042306928185527693922036270795814624085,11339702909885958476641968541529182129257111847073990482043324054919105551730,false,ACTIVE_RESULTS_NOT_USABLE
hungary_election,HUN_2026,ACTIVE_RESULTS,0x6a2b1e99603786c62f31134b68c599701ab20974717e61480fab1668bac479d3,948072,SEAT_COUNT_OR_RANK,44436984657256836079512161671134702953478489797688580840124831999192619351765,38517612625672160715980631573753737425279842303110554689346318001719063234842,false,ACTIVE_RESULTS_NOT_USABLE
hungary_election,HUN_2026,ACTIVE_RESULTS,0x6aa5e3f58080a2fbb35bee826abe845739911f29992d2db53c658d5d15cec458,1579029,SEAT_COUNT_OR_RANK,111076194324484464706588974777433873138847348516134559602996511659101987436414,80402705672123482971336658157389092472111291912429629046757468908609532141420,false,ACTIVE_RESULTS_NOT_USABLE
hungary_election,HUN_2026,ACTIVE_RESULTS,0x6fca3f95e425d26f1fad16220cabd5e25d8fec4ceffcb7b49c2f7562242e5c5e,1666447,SEAT_COUNT_OR_RANK,79057291021807408146226631351391470382643268962979982253592453117131235964501,18900108126837954583413916203484739734218210450432958614982943846831736170898,false,ACTIVE_RESULTS_NOT_USABLE
hungary_election,HUN_2026,ACTIVE_RESULTS,0x73e39c98045179951b7c527b749118771c10a15a32eee5ebc98f9e3650a69fe1,,,,,false,CANONICAL_YES_FAILED_CLOSED
hungary_election,HUN_2026,ACTIVE_RESULTS,0x75798a1f866047ea70668371459d7fa979214151138907c9af472be5e0b3b0d0,948056,SEAT_COUNT_OR_RANK,60082990152662159992845191857104067899318396195933366515395112169014470821810,75476320837617396084867528015218951514490420361939569974631131987090240820565,false,ACTIVE_RESULTS_NOT_USABLE
hungary_election,HUN_2026,ACTIVE_RESULTS,0x77b894271b51686dcb0785cf69b39f33e550378a6e7bd3d847f616aef5c90609,1579020,SEAT_COUNT_OR_RANK,103665812093740152060776699837817052449604025198870275200813790681772204108668,59194319125126330221566071325854370609247723521329811989292814208985123389467,false,ACTIVE_RESULTS_NOT_USABLE
hungary_election,HUN_2026,ACTIVE_RESULTS,0x791544cfc1dc15d6a45f6a908bfa252cba6c93e916b859331634e1c9b7601b83,1666449,SEAT_COUNT_OR_RANK,54991545507487270323568560359784484743816194176505421892805179697463213860830,56495738639816050266616933352072244886755082411264081059123343858872180948455,false,ACTIVE_RESULTS_NOT_USABLE
hungary_election,HUN_2026,ACTIVE_RESULTS,0x79b7a536af4d7fb226abf72f84d8fb6f717d0f0c8833070ea25e2bdb66f3f52f,1666435,SEAT_COUNT_OR_RANK,89219325494125740004596769865256689010458425814896830889194286137968663448088,26087449086848785609792329558830789757362663900514010806149955384719769029761,false,ACTIVE_RESULTS_NOT_USABLE
hungary_election,HUN_2026,ACTIVE_RESULTS,0x7a8ce88fd6942ce377a056eb2c7e315ed2818e23f7807b6c5232a4e36f866cda,1666433,SEAT_COUNT_OR_RANK,94991305678862417051793426471424653946619919026687622044357607420635265690258,101928083171266462057494145551820750466266481015358547340539565478974000376939,false,ACTIVE_RESULTS_NOT_USABLE
hungary_election,HUN_2026,ACTIVE_RESULTS,0x7acc9d4b61238509b78c191b27f3292a2079291c839e8640e6586099e9f54ca7,1570887,SEAT_COUNT_OR_RANK,84699937784574125622904963766357111891766999301222124163528860853804144809103,105432983640220155908184568222954469289985555650573043198856626234818328368718,false,ACTIVE_RESULTS_NOT_USABLE
hungary_election,HUN_2026,ACTIVE_RESULTS,0x7c2fbdd38a913e087f03d10887891061aa5051fe376b7bf6c3990a68fe2ad670,1666430,SEAT_COUNT_OR_RANK,11079235027864525103642154970638414008127035658623467070898089880440321078940,288118926566506847593534637053231179957980484549926810065266512386930105607,false,ACTIVE_RESULTS_NOT_USABLE
hungary_election,HUN_2026,ACTIVE_RESULTS,0x7cc68557b02ccfef72793a3e717f1de59e3bf15b49280077b0bca77ee78cb501,1666627,SEAT_COUNT_OR_RANK,86812494301341141656871415726359284444995338496652772185359367842850385442808,39088519786969250147315315013368660742872401702662558620030432722861465450368,false,ACTIVE_RESULTS_NOT_USABLE
hungary_election,HUN_2026,ACTIVE_RESULTS,0x7d13a21cbd483d2bc53e36c91c94f09e6140c6f67b3920001df44151020878b3,,,,,false,CANONICAL_YES_FAILED_CLOSED
hungary_election,HUN_2026,ACTIVE_RESULTS,0x7d48e5f9f978ae1bad0795078ef582a1ecb46a30790ad27955dc0d0a221ee88f,1666602,SEAT_COUNT_OR_RANK,93149336882795283949661331256608142830153920576683715256965193952367437934497,97639169055319032011982269036801139735118215802401696587770602805736573076389,false,ACTIVE_RESULTS_NOT_USABLE
hungary_election,HUN_2026,ACTIVE_RESULTS,0x81331cde2f55ae269b684d922175c4cbd5a6fbc1fdd0ed6391bbf24460ca7b73,948050,SEAT_COUNT_OR_RANK,23854844373091712100025277085762088409853844869956631441513884907068003776283,10033562054372880891695975118494108305956488360120391588966961787127837187116,false,ACTIVE_RESULTS_NOT_USABLE
hungary_election,HUN_2026,ACTIVE_RESULTS,0x814cccd741cec4b0d042acb0e67101c7c9585af01c10373cd44414b118331ec6,948039,SEAT_COUNT_OR_RANK,22662725037098818983291780163969341890772637829907188327093453342843727361849,11443330989721920473862823191930334275670329074701762721207194983527350623367,false,ACTIVE_RESULTS_NOT_USABLE
hungary_election,HUN_2026,ACTIVE_RESULTS,0x827f934c395476c3c0bb080640ea34c6f5fb69f0567d2d96c1547fb16226c7db,1578758,VOTE_SHARE_OR_POPULAR_VOTE,100755414245035254896064619037394704678641006442030035395994932423634526202892,81536965195709789930693075387512851740448638326732712593770174058762157148359,false,ACTIVE_RESULTS_NOT_USABLE
hungary_election,HUN_2026,ACTIVE_RESULTS,0x829f02bf4995077e03e29c58f20555808061862b8c5a53befe757b84ac10ad93,1578761,VOTE_SHARE_OR_POPULAR_VOTE,53060508543009064222724388949211941680388334212922946355038911034689205044147,107508379368853948403453665036323039152963142215097831498413580957931346483367,false,ACTIVE_RESULTS_NOT_USABLE
hungary_election,HUN_2026,ACTIVE_RESULTS,0x83a55156056596a6cd6f9e06a854c3e1908a2e1dbd8c16057fc099477e9d3b31,1579019,SEAT_COUNT_OR_RANK,38833112859489047599718191089999584582762243616104311669172022806605242852281,65980833784812902316319770718859827113896665655049962757857352876906271100538,false,ACTIVE_RESULTS_NOT_USABLE
hungary_election,HUN_2026,ACTIVE_RESULTS,0x83e0999fad067bfa7213444cd7dd55f4480d381fefa3656c38aa13ee0deaf970,1666596,GOVERNMENT_FORMATION,10269485705133867426994911237587641676816132374862957467261285355441989926388,11336631678270355390415722467865558241327913394954641756198501800758040166660,false,ACTIVE_RESULTS_NOT_USABLE
hungary_election,HUN_2026,ACTIVE_RESULTS,0x86701c475b4b2e5fc055bdfbdcfd86ce36852ceea103fd20416f69430059e852,1666620,SEAT_COUNT_OR_RANK,29447136154585025270218914827184247604863294101726987805270215405271121848298,32975386652018851233478714550746967977801164193014184895411577866999360804253,false,ACTIVE_RESULTS_NOT_USABLE
hungary_election,HUN_2026,ACTIVE_RESULTS,0x87a9882a9231ab11cb8f63f7377ec7fb3b04045fbf967dd24a2df8ca33c86d86,1666432,SEAT_COUNT_OR_RANK,88304407865407004651648729140247748606380940178605868607464346130274468546949,111818341302813426433927587458771483940863542686706721387602763773584272838954,false,ACTIVE_RESULTS_NOT_USABLE
hungary_election,HUN_2026,ACTIVE_RESULTS,0x888efae7180e29ffab82dbcf990ee0046dad5d27f1736c67f389156858a72e5b,,,,,false,CANONICAL_YES_FAILED_CLOSED
hungary_election,HUN_2026,ACTIVE_RESULTS,0x8a03cbd6ff9a0f11496fe3d129bae447af4726d391a159e990820580e6998527,1666460,SEAT_COUNT_OR_RANK,50344156350333032626060775190380437062111264047820033084187580660447399667901,95578734951049751192700027420110019708403265623985592168254554717925641073962,false,ACTIVE_RESULTS_NOT_USABLE
hungary_election,HUN_2026,ACTIVE_RESULTS,0x8a5d5e386afdf7a56d4958d8652e8b5e3fa1ae4201c2344a7121e9ef246372f4,,,,,false,CANONICAL_YES_FAILED_CLOSED
hungary_election,HUN_2026,ACTIVE_RESULTS,0x8a6477b06fc6554ae4e4309345468140b7e18ca04e4d635068845179485fca32,1570889,SEAT_COUNT_OR_RANK,22648839339110608794147552245283213118219487030983347866066259169440562150438,70345555640962456338097469818719945846357730931427720745960993468839983349838,false,ACTIVE_RESULTS_NOT_USABLE
hungary_election,HUN_2026,ACTIVE_RESULTS,0x8b607f0fea628d29c578efee6c10f326164e5a144cc8cc9b840c09279a00ee5f,1666625,SEAT_COUNT_OR_RANK,60873439266980299600614101218137748701578781517008562969052709389529436901649,108865715244798410437339252175307390175228431119021541729065279041197631532841,false,ACTIVE_RESULTS_NOT_USABLE
hungary_election,HUN_2026,ACTIVE_RESULTS,0x8d133a319194ba74f167345bbd18e99c1624be76d7c673a260c308566236cef0,,,,,false,CANONICAL_YES_FAILED_CLOSED
hungary_election,HUN_2026,ACTIVE_RESULTS,0x8d92eb9745314b8ca825960c783d4f97ecdd000c55ea09f3231184dc69e5738e,1666438,SEAT_COUNT_OR_RANK,111617040263165113765610593470221714634119721564515083590440339004899334300587,65022417941698132447207851586242354139098924744761313855024666168390617240958,false,ACTIVE_RESULTS_NOT_USABLE
hungary_election,HUN_2026,ACTIVE_RESULTS,0x8ef543f7dc52b358801025afe39950567798d6b48ebc836a43bfa8a8eb93c5b6,1666618,SEAT_COUNT_OR_RANK,113206816205327918581187707305688970923887228932638933380951008430142960718323,293862377584511825261624401369351817414177393306889268177706036464757296243,false,ACTIVE_RESULTS_NOT_USABLE
hungary_election,HUN_2026,ACTIVE_RESULTS,0x8fa16f5d7165f4fc999bf0a6d6f1659df604c20b866aa36d1413431330151958,1666603,SEAT_COUNT_OR_RANK,23972011494868579163627008472017529754463851657635978118923979632162469515768,5787888912877631968366039958090220169170047268089181878086416380440168702132,false,ACTIVE_RESULTS_NOT_USABLE
hungary_election,HUN_2026,ACTIVE_RESULTS,0x9195b4d243ec4d88ceee544e31da39f4dbcf1dace1d88939dd72b7c385d9d1bf,1666445,SEAT_COUNT_OR_RANK,90329756196420666285456307147810547431180815819804342686045767535911138925981,48510606052506673864104188260154746305369935252561542107373400233911353439079,false,ACTIVE_RESULTS_NOT_USABLE
hungary_election,HUN_2026,ACTIVE_RESULTS,0x92d7e0bbf5bd208f41f0bf1c97ae8d99db7cebb5b73caabad5d68bb45d78bf30,1666616,SEAT_COUNT_OR_RANK,106380336947766901120293986111286068188629489304962897828967660713480556025411,67109290724140876589640189128598729814467602135884114957325225783977354720286,false,ACTIVE_RESULTS_NOT_USABLE
hungary_election,HUN_2026,ACTIVE_RESULTS,0x931ef2c80dc10b2200b955915864e2ae58d3d7d68fca25a10a71b6d00428f07f,1666610,SEAT_COUNT_OR_RANK,24175255647902336505373974228291279669401743793822366510555080399690420102812,8931284995927408939007897879450906920756042532797644738376363095727246478857,false,ACTIVE_RESULTS_NOT_USABLE
hungary_election,HUN_2026,ACTIVE_RESULTS,0x943f34fd44112c4c696a9647b7608d38d2dab2fb9ea77f7838fc523288b3013e,,,,,false,CANONICAL_YES_FAILED_CLOSED
hungary_election,HUN_2026,ACTIVE_RESULTS,0x94772362a2c947a76e7b0a6707d571df59c66ef69aa15ad738259b2d08c92b7b,1666606,SEAT_COUNT_OR_RANK,35479823052425754230642537225535573298788372623131397374873958218367973765959,110752425615402522141002642746321389477635839333859486725232030005515962315412,false,ACTIVE_RESULTS_NOT_USABLE
hungary_election,HUN_2026,ACTIVE_RESULTS,0x9d463622b84fcf10cb4f33f97c61ed1c1bef8bf767852979f73f32ec946e8ed6,948071,SEAT_COUNT_OR_RANK,19863192915282175058559086653934211575054487551645662234372292923480034491379,111073079180512055280689842181957221986614466285328123265795109376153847007991,false,ACTIVE_RESULTS_NOT_USABLE
hungary_election,HUN_2026,ACTIVE_RESULTS,0x9d9f75ad779414f35ed8cba39b336ff9d680b458076d086d575e7fdcd242dc82,1570161,SEAT_COUNT_OR_RANK,91165959089808398446337849048944925642622066694689077051146935971308633667298,75214102080756671611264980196287689344832601221449994983782031199116259409243,false,ACTIVE_RESULTS_NOT_USABLE
hungary_election,HUN_2026,ACTIVE_RESULTS,0x9de7d6295c6e0477c0e594a211263cbbe41749ec6fd59697220a2cc05b7e2cdb,1503699,VOTE_SHARE_OR_POPULAR_VOTE,2855118890557108353799616078878181656086674012042505590004054873085053199589,7010363085127357722216334168770772420039061982407763424516676343974511877715,false,ACTIVE_RESULTS_NOT_USABLE
hungary_election,HUN_2026,ACTIVE_RESULTS,0x9fc757a13488543bffde8f60c1cc350aa979eca22957bfc3e724e2e60ea6c8f3,948064,SEAT_COUNT_OR_RANK,12943050544967897870010158712234452039384305001681973372699340728194030292550,80237927033115234153321190797626029808667563430555191937758658614339828647173,false,ACTIVE_RESULTS_NOT_USABLE
hungary_election,HUN_2026,ACTIVE_RESULTS,0xa1c4cc8c77be8789faf9a4034928996b79d6f961931e27c58414089b36a7603f,1666440,SEAT_COUNT_OR_RANK,70803897392879009995488683019838693194648561177453281859972164369575041525840,88565933042454832680296777859304509040982118417658172413783164725672405214012,false,ACTIVE_RESULTS_NOT_USABLE
hungary_election,HUN_2026,ACTIVE_RESULTS,0xa312499c150a1ca94b788c99f6ae721cbbdfda7679b5d25580fe79d514fdb930,948038,SEAT_COUNT_OR_RANK,81548019791840902517287112193384358135389303980460339107425376112037459333655,60429181916537414977280644869591198674637927849363751739424668129720113189410,true,
hungary_election,HUN_2026,ACTIVE_RESULTS,0xa41e44f0a69a87fa2c6cb8c9e166210eed6c01f640f4f07a04ec8bb217a5fecc,1666443,SEAT_COUNT_OR_RANK,52917674898264065678493929993386444754818105248304088570624338024569436253286,109315219899005274280654894487873665905737362650909760848056042503957271058073,false,ACTIVE_RESULTS_NOT_USABLE
hungary_election,HUN_2026,ACTIVE_RESULTS,0xa69868340072875c668648e61ecdf7491c6e0e81577a4f1c166f36c1741c0ee8,,,,,false,CANONICAL_YES_FAILED_CLOSED
hungary_election,HUN_2026,ACTIVE_RESULTS,0xa7d7f7073038039c49a4d2c71932193bda249e4c93e519ee4494154b7c6d08d2,948057,SEAT_COUNT_OR_RANK,110835547964721454398630094805999354583136116019879966634667981269995523455238,48185781851157030383617143245178238181613077617013564574522492290039496069892,false,ACTIVE_RESULTS_NOT_USABLE
hungary_election,HUN_2026,ACTIVE_RESULTS,0xa9dc6e8fe3c0eef1d6557a00c5813100134936b9aac78cdd512fca584fc1bd50,1666612,SEAT_COUNT_OR_RANK,103237657446672718646621726554802680412520306969678400525435516050421050773655,24733385194711545259591010032458675962794635316697049543022308629974070905328,false,ACTIVE_RESULTS_NOT_USABLE
hungary_election,HUN_2026,ACTIVE_RESULTS,0xacfd66ef0458582c0795be95b6169fd9dd3ecad029950c71d8d20766e719d44c,1666628,SEAT_COUNT_OR_RANK,82017465524644246035695257480736680524031771807423381830062163424268998885557,102683134691603732051944493897449177102740230143039777669303864464911800856875,false,ACTIVE_RESULTS_NOT_USABLE
hungary_election,HUN_2026,ACTIVE_RESULTS,0xaeaf19bac7b633b976bb37ee13518d1e81f5f08032970aefde8b4664fab88f0f,1811289,SEAT_COUNT_OR_RANK,62294924174654074040383452156827588862007975494171567781009100977104671095173,107178708518212144543205437534361526713669735205523207734454869207962048377947,false,ACTIVE_RESULTS_NOT_USABLE
hungary_election,HUN_2026,ACTIVE_RESULTS,0xb3bb3afb2c6e1a713a7b857bc3bf632a69a194954bd99fd4dc5853a1cccdf95e,1666623,SEAT_COUNT_OR_RANK,39625268365933071223663557900288693540758284180747365490498240892983328393565,93208289322904084693584242478060110107490720761419878642333757242656650531424,false,ACTIVE_RESULTS_NOT_USABLE
hungary_election,HUN_2026,ACTIVE_RESULTS,0xb418ec5494f6cc82f0ff5a82c71a151e75ad766dcc82ca31c932fe91584d3abe,1579028,SEAT_COUNT_OR_RANK,2007474157847691201025225536602471952776171748695495850760471945054927974880,52508995623998625929900609025109274283890232269840333936549016076966579110604,false,ACTIVE_RESULTS_NOT_USABLE
hungary_election,HUN_2026,ACTIVE_RESULTS,0xb4c4334a6047a599886917fc59695d75071c4d2b9aa6dd79f46c4a4ef7627c26,,,,,false,CANONICAL_YES_FAILED_CLOSED
hungary_election,HUN_2026,ACTIVE_RESULTS,0xb78d0ec5aae53a1d0b3fa9ee37cf7be179a5dfbe91a822d0f907ac1b14780a3e,948053,SEAT_COUNT_OR_RANK,51118547927709235837442965869575207938609523552741411566339985676252063575321,2608967718906773027109901962495012167100132674178591145706418723848490593307,false,ACTIVE_RESULTS_NOT_USABLE
hungary_election,HUN_2026,ACTIVE_RESULTS,0xbd72b9c57b1ea7182e4573c200ba0992c87e050fb74a742912907f9d381a83c8,,,,,false,CANONICAL_YES_FAILED_CLOSED
hungary_election,HUN_2026,ACTIVE_RESULTS,0xbf896a8d8c18ee950c7a08b0ed9418ab1ef322487e50200f34b341b32c587ba0,1666614,SEAT_COUNT_OR_RANK,20330120354886590789350724199008306851881992764260314770613654825238108428029,107337656126409715475146157595743673779075134432520140384789313315973350514955,false,ACTIVE_RESULTS_NOT_USABLE
hungary_election,HUN_2026,ACTIVE_RESULTS,0xc0cb9ecebd7cc0c9db22a4f409e451e76522819e339330c803766891b0b22c0d,948047,SEAT_COUNT_OR_RANK,30593102304610128263937128634262685426886243180598323141854441703455746504615,55880020842281172979099943778642126288142438068922521524402026784744618866066,false,ACTIVE_RESULTS_NOT_USABLE
hungary_election,HUN_2026,ACTIVE_RESULTS,0xc1c3f77502b2fcef544ff5d92f2fa14e1a529c555997e758860b1ef92821f8ae,1666617,SEAT_COUNT_OR_RANK,85939867814969614252084880203031425196448304678628460587486468563812085668159,56923402363399676684614111322532887379796217072172171886895407545418190423543,false,ACTIVE_RESULTS_NOT_USABLE
hungary_election,HUN_2026,ACTIVE_RESULTS,0xc42423362e882219682f268a07a46f261042d9e60e0d5e1a94d5231a27f172ef,,,,,false,CANONICAL_YES_FAILED_CLOSED
hungary_election,HUN_2026,ACTIVE_RESULTS,0xc4bb75ca720b7b3cb308723db72b91fd3055e1465f71a8361eecea76d0c6ac01,1666626,SEAT_COUNT_OR_RANK,101858633627781439419698737489473340123015787990405524834525493399598270671245,33068412812874450873170919114129286599050371729206698412316326199339895860272,false,ACTIVE_RESULTS_NOT_USABLE
hungary_election,HUN_2026,ACTIVE_RESULTS,0xc4e44bf70467fcb8097d4fb2a0d7be28aa827739a28f2eb07c1966eeb34572d6,948062,SEAT_COUNT_OR_RANK,8776826666903533322928726593962832185981795568237671727653303431346378959076,76650461655399676168199964776187090909519146320379544309810743033586945705508,false,ACTIVE_RESULTS_NOT_USABLE
hungary_election,HUN_2026,ACTIVE_RESULTS,0xc7d083193037de160b739d30e0ca05ab114361e4ad34e71c00155eb6b050aa1a,1666428,SEAT_COUNT_OR_RANK,50190362374519769095210470260723493824447442080529632682201626852444527184543,87301496819048310814478966359429072698419937416841380506474488608840576169048,false,ACTIVE_RESULTS_NOT_USABLE
hungary_election,HUN_2026,ACTIVE_RESULTS,0xc7e1ba691d0d620e52b8ef09c52f0ae90222aa55765b6325e75739e7056ae523,,,,,false,CANONICAL_YES_FAILED_CLOSED
hungary_election,HUN_2026,ACTIVE_RESULTS,0xc9629ce1fc4eecd1eaa4be52a673e80da465c9850bae7250d6adef1b3d9c0903,948067,SEAT_COUNT_OR_RANK,49496235308688462996581714836977877645012140260541540288405134684381802301483,27041039385336777884073537168759037470098281349157974192656399199498380890794,false,ACTIVE_RESULTS_NOT_USABLE
hungary_election,HUN_2026,ACTIVE_RESULTS,0xcb016005f94f86786edc4bf61857dd1d33703976aadb889d6cba8e10164dbbe1,1666624,SEAT_COUNT_OR_RANK,86789291205900689242893102199261257367580298308847837584347927614474970999390,56876974643679533551269479031485754086271591214123277774282587758572039964326,false,ACTIVE_RESULTS_NOT_USABLE
hungary_election,HUN_2026,ACTIVE_RESULTS,0xcb7b7cb5f9286c392793ee82e17549376fbf7b73e008f81c4d4b3757fd594607,,,,,false,CANONICAL_YES_FAILED_CLOSED
hungary_election,HUN_2026,ACTIVE_RESULTS,0xcb85aab42249e733ecffed7618b419df1be5da1874ce7ffe35dac66d8a9a65bc,1666431,SEAT_COUNT_OR_RANK,107019547153104504882686751530769475422829487519826925043007058159096697287435,54542790888750229960301148330558867560061410702435267419681917829715865953308,false,ACTIVE_RESULTS_NOT_USABLE
hungary_election,HUN_2026,ACTIVE_RESULTS,0xcb951bbdbb2bbc31803745656c98fb1cf0c0d4243c2650418e0f452ce35aae7b,1570162,SEAT_COUNT_OR_RANK,83055908441264540841921233882933278672268147017775925454483191794986530300065,20147411760853828607390454857807627352643474883320257528710509864025063086323,false,ACTIVE_RESULTS_NOT_USABLE
hungary_election,HUN_2026,ACTIVE_RESULTS,0xcb9560ce15d11786ff071719c2ec004b054cb1bcebba13393967aa5a21e140cd,948068,SEAT_COUNT_OR_RANK,29474870331910650501718459248307475582647395593450603996284370391453268305860,58256387891049407259768562266524210991965110568003257701660036231297362704269,false,ACTIVE_RESULTS_NOT_USABLE
hungary_election,HUN_2026,ACTIVE_RESULTS,0xcbbc6245b9ab5d5e5d94d5470290f3475d1e57a7847fe5fac4c5a8de464d1cc0,1666436,SEAT_COUNT_OR_RANK,87172017934443769612168978409188900146573280459431117135112190131966744817091,108047980594369065554625738955108321338335815351477942630714268357848771709603,false,ACTIVE_RESULTS_NOT_USABLE
hungary_election,HUN_2026,ACTIVE_RESULTS,0xcc2ad4f6c615a02bc36ccd560bcd7806297387e310ed74b17b94ddf5635152fa,1666605,SEAT_COUNT_OR_RANK,24859011432299932864668717737541310351035958892463701516507050354439404350327,44857550490903385823994764806335118754555122017788633629055917885171600623718,false,ACTIVE_RESULTS_NOT_USABLE
hungary_election,HUN_2026,ACTIVE_RESULTS,0xce4b3c1a4c41e1576598ca465ca327f60240e4033524836e5adfa7ef4f4036e9,1503698,VOTE_SHARE_OR_POPULAR_VOTE,110262877708682237012810851456705381999639454890185254208021364473808470300329,110390860403804152016409239623906927290913939776303770732793738821309960956028,false,ACTIVE_RESULTS_NOT_USABLE
hungary_election,HUN_2026,ACTIVE_RESULTS,0xce9789b76afc917871b840c8c8636288610d8afe9510409997edafc2a8a8c13e,1666437,SEAT_COUNT_OR_RANK,13844967371355914275220469406773108045838929809999472725177891679503825704130,97282127784505531600903140235578635902761013757425994387996284769996622661284,false,ACTIVE_RESULTS_NOT_USABLE
hungary_election,HUN_2026,ACTIVE_RESULTS,0xcf03e0ecfbf883498561d2a4711bd0cfc1c1c046db075cf0019aa9de344e95be,,,,,false,CANONICAL_YES_FAILED_CLOSED
hungary_election,HUN_2026,ACTIVE_RESULTS,0xcf1cf7a066a68b6ccb8228408d53d1f12e668cc87b43ccf619ec4d0cea4471b8,1666453,SEAT_COUNT_OR_RANK,15774986865124643559433846834107267233535227323297116627967434181868424248328,43622326428597158568738852554456271930556971652555612873939929998302930766711,false,ACTIVE_RESULTS_NOT_USABLE
hungary_election,HUN_2026,ACTIVE_RESULTS,0xcfe5939aad572d9940891338e4a44ed8b96d6f091ae660b0a6d65f992b12ac18,1666439,SEAT_COUNT_OR_RANK,57959597833182019695962830019794318178431591558987862778323157656713772160698,30872372273397872327814575931578969105103314393992152382383099708976826363257,false,ACTIVE_RESULTS_NOT_USABLE
hungary_election,HUN_2026,ACTIVE_RESULTS,0xd1b20422c4b8099ef73c23cb3e1e8873876c71650bcfa29840b40559b3bd38c6,1666604,SEAT_COUNT_OR_RANK,56560279363216575583177839764467245728153165048226541623941107536056878033888,24072488638346241865817297487127667189955977862375952645492888459269203904887,false,ACTIVE_RESULTS_NOT_USABLE
hungary_election,HUN_2026,ACTIVE_RESULTS,0xd1be730a48717a314ff2517a084ce8f262de13c01f539eec908dce2707800806,1666609,SEAT_COUNT_OR_RANK,29381498451513908600603044695437046151418188550734021605894873362516023361996,21901286376662741689708817225072398891273280630780449796143226881688985203596,false,ACTIVE_RESULTS_NOT_USABLE
hungary_election,HUN_2026,ACTIVE_RESULTS,0xd4717f1118a739e898848610e68d74ea6cdf6ded0fedc3940143b9f3d57ff254,1578506,VOTE_SHARE_OR_POPULAR_VOTE,78694996123437319422305954714737919307676937331192272808293690260510652252845,36230140438891428310729070812378465936561941608389446455823262314297408936498,false,ACTIVE_RESULTS_NOT_USABLE
hungary_election,HUN_2026,ACTIVE_RESULTS,0xd664b5cd40f7aacf0644cfa60e282ad51a1fb05bb172684c9309dc6d4a11d538,,,,,false,CANONICAL_YES_FAILED_CLOSED
hungary_election,HUN_2026,ACTIVE_RESULTS,0xd680823bb11675c7eff9c7e7f9b229a18dce1adcee0596e35f38663e40ec3b1d,1666601,SEAT_COUNT_OR_RANK,95842054762993057679336889048739294971183781225825446325161702648528652608321,81305292456219243564280449538527800224729676537403160845377944546531300507063,false,ACTIVE_RESULTS_NOT_USABLE
hungary_election,HUN_2026,ACTIVE_RESULTS,0xdb47101970a5555d9edcf9f1f812c49b2d45070ddb084e3dcd392c7ce4b8bdcd,1666434,SEAT_COUNT_OR_RANK,70938097772154517339270839545434979499383775110315659547221113989518268026541,108700555235065874341661281803892790598922137356974036083797741359384945613738,false,ACTIVE_RESULTS_NOT_USABLE
hungary_election,HUN_2026,ACTIVE_RESULTS,0xdb71e1a683eac9b4c091eec6b80c4c30451b229da006f2a4e15d2f4d30a82cc0,948058,SEAT_COUNT_OR_RANK,13595494744813883880866808312043407355054051715242410204203797031791234321258,18872700349279227913504367213091235276631893853021379253029779097141979734269,false,ACTIVE_RESULTS_NOT_USABLE
hungary_election,HUN_2026,ACTIVE_RESULTS,0xdc8b79a2c67505209fa2e66fba6bf27731013f807ab106648acab384a255f95d,,,,,false,CANONICAL_YES_FAILED_CLOSED
hungary_election,HUN_2026,ACTIVE_RESULTS,0xe3a3311fc810d35560065ea7758c3a5ec9e8e0b4751392d6a0dc7375b08e8eb2,1666608,SEAT_COUNT_OR_RANK,7906296250056419230727077874464372825538208064816362497685894917891875674776,49926845176761385018644503912196124392743608824089125535563441924169222005387,false,ACTIVE_RESULTS_NOT_USABLE
hungary_election,HUN_2026,ACTIVE_RESULTS,0xe513384e1b9a4dcd3b2e260b0909bfe129fde31a26171982ae3e47cefc10c8c3,1578759,VOTE_SHARE_OR_POPULAR_VOTE,102953750840940549970441209490485977996141317804487249937515404463810694282562,47064950557236942167519043667666035237551518326214220623970638471126223112142,false,ACTIVE_RESULTS_NOT_USABLE
hungary_election,HUN_2026,ACTIVE_RESULTS,0xe871d96ae8df69912f9c38cc25ccb389e0adb2e95a8e39a99dd1509565e1623b,1666466,SEAT_COUNT_OR_RANK,25805593798894405825472001373131541317858316222475442182494128234806791725010,11999970422249275501118886184095416307307106753609266364520136829282378787304,false,ACTIVE_RESULTS_NOT_USABLE
hungary_election,HUN_2026,ACTIVE_RESULTS,0xe8abe0a4c0a6e69d5bded5cf336a9db47edc6b67bcc00f97339c001530105cc7,1578505,VOTE_SHARE_OR_POPULAR_VOTE,764564931326676240695018446495104275403241691497485042163048009463519874109,102504522055005885342830450734580618206973171118898075095436078952648222373764,false,ACTIVE_RESULTS_NOT_USABLE
hungary_election,HUN_2026,ACTIVE_RESULTS,0xeaa747d03aaf674bd8824221a95bac71af0372513e2fe4496af131c0c9329517,1666441,SEAT_COUNT_OR_RANK,74266276071113248411831566275749696034801017369131745176445157940374431459340,18308108740148542434663762303929585613700507769049698556396307673836008858085,false,ACTIVE_RESULTS_NOT_USABLE
hungary_election,HUN_2026,ACTIVE_RESULTS,0xeaf781a11e6bba7c064a522c07d3baf841cbb3cb3356848b332b6eaf21d8c01c,1666607,SEAT_COUNT_OR_RANK,90320940734590583868122778101817996286155575848365228559491123869767975886227,102777614233028982952697916215349801390829676451114474523604497736599036197026,false,ACTIVE_RESULTS_NOT_USABLE
hungary_election,HUN_2026,ACTIVE_RESULTS,0xeb860d02c249ec6ee2bada650e0ed8e8208df2854b708cd440d176983e94ae84,948069,SEAT_COUNT_OR_RANK,114136354282102074416305984362641910827485759922073634616654282890987643661731,67275874798916353060612810833970505173949925087202185704912922287056920447498,false,ACTIVE_RESULTS_NOT_USABLE
hungary_election,HUN_2026,ACTIVE_RESULTS,0xebd294a23be509e7a8f7b02c36c67639d165393992bedf2325eb038402de7b6f,948052,SEAT_COUNT_OR_RANK,90243044546149417559095947116676604557813617991328009708269708543445265094673,55501371731710872572089929240359994095281424140903226979305953376627004845953,false,ACTIVE_RESULTS_NOT_USABLE
hungary_election,HUN_2026,ACTIVE_RESULTS,0xec26b60dd4f90cc76aeb77f68cb6f8874883f8e16d46fbcfc51ee1ce8a0c01f3,948063,SEAT_COUNT_OR_RANK,65770061722666527012246022939566806003374606147636031942304809598267097474746,105103582563387723037424199241205759646289909446244061514334054536437774854059,false,ACTIVE_RESULTS_NOT_USABLE
hungary_election,HUN_2026,ACTIVE_RESULTS,0xed647287b04a0f8f755f22dcba850b998896c43f98c322b7dac92928617f05cd,1570166,SEAT_COUNT_OR_RANK,102201524199603310464659784133894302631006007560544137907027711056594447696005,84419903668083569136162459275894284337925448732014526046182717568524944948736,false,ACTIVE_RESULTS_NOT_USABLE
hungary_election,HUN_2026,ACTIVE_RESULTS,0xee395896b099a018985ebaac41ad999d494a2a6a343237fcc2459ba50aa2934f,,,,,false,CANONICAL_YES_FAILED_CLOSED
hungary_election,HUN_2026,ACTIVE_RESULTS,0xeea09313468e3b385ced580898e02c27a747651e333665ff8a6bc43a36e9d3b1,1666427,SEAT_COUNT_OR_RANK,97437486785593187346571000134742207411338306007709259203334448727087066739967,37172029955252270940441291033139499189261165900053371014856351124177078134739,false,ACTIVE_RESULTS_NOT_USABLE
hungary_election,HUN_2026,ACTIVE_RESULTS,0xeecd44689018299e5bb500c12796b6bc0c279086b15623c358fa2a9aa1cbf4d7,1570167,SEAT_COUNT_OR_RANK,30932391081687479302919142648665012982731431637173268974760815846565607085007,102308490924847370455488958209584039522656918281204859620281092368398128414535,false,ACTIVE_RESULTS_NOT_USABLE
hungary_election,HUN_2026,ACTIVE_RESULTS,0xf1ab27231df078f67aedb2e864eeb19db26e0a7542a089d6f892168b90ec50cc,1666611,SEAT_COUNT_OR_RANK,44701670847171710826606413767340281688170073436281125510955579026743577864175,33932425647136555016930723711866337106678280244208176357199473774930508734038,false,ACTIVE_RESULTS_NOT_USABLE
hungary_election,HUN_2026,ACTIVE_RESULTS,0xf21582b79101460c225684f3588b52a78b467ca3050d2106cef13b4f9777b778,948065,SEAT_COUNT_OR_RANK,49150526519941888387146214188773236846617919021682107861100732830499771186603,64034670634301735069282982622019591509512458786579775804496324567927857294911,false,ACTIVE_RESULTS_NOT_USABLE
hungary_election,HUN_2026,ACTIVE_RESULTS,0xf36c9554c0d5eec41293403fc58fdf1ae2d3101f9f2d0af9dce9d3fd4c6bf925,1666463,SEAT_COUNT_OR_RANK,47231762137287420902135219557832127448577618815189979426327587451979879723811,9775645073822871173909664742304330750219653512890504230065532084806388214945,false,ACTIVE_RESULTS_NOT_USABLE
hungary_election,HUN_2026,ACTIVE_RESULTS,0xf44a96163b31f370c1bf960f149ae1bc19a6ec2de2d854e9abdb87444a175d3f,948048,SEAT_COUNT_OR_RANK,111885854343765800550281176201736566601702308860944459632560323189164287214012,52424081375640480605778699398401957401184678665436986584876844883276877777056,false,ACTIVE_RESULTS_NOT_USABLE
hungary_election,HUN_2026,ACTIVE_RESULTS,0xf493d343a2588ec38173edee124b25a9a891b8149080564fa25c2b50cf126bde,1579030,SEAT_COUNT_OR_RANK,75722521248572613385737056866385174096438583832126171960700208047371174847767,10467639988080999549902916509550096428600720337024327883167162998905372917692,false,ACTIVE_RESULTS_NOT_USABLE
hungary_election,HUN_2026,ACTIVE_RESULTS,0xf6029a46780c97604b24344a40ddf84b723b8651f4db76ef80f4a122039f50e9,1666598,SEAT_COUNT_OR_RANK,1372773407804805401778162093569605272331355196061535259759457895064242762171,82591027558186951409440383743988754014993186035365700802347272040949966014994,false,ACTIVE_RESULTS_NOT_USABLE
hungary_election,HUN_2026,ACTIVE_RESULTS,0xf92ee6ea78a223b52bbec63ddc073ddb86a2b045428c5d8e07705a1a37bff990,948049,SEAT_COUNT_OR_RANK,60884203079845929151758750288419400084051160092171918249163684960946991230942,38669013601359723502637899207659682552840305770968885478669583790995882174591,false,ACTIVE_RESULTS_NOT_USABLE
hungary_election,HUN_2026,ACTIVE_RESULTS,0xfb923c5072c6dd6487b21313c764a888ee736dc886ffdd5adeedc52e513d900f,948041,SEAT_COUNT_OR_RANK,26344788795933151633161150081578456204082483782223329869729946340061735203256,21444210566797845534573954706998363289340016614737227712156077537826720378977,false,ACTIVE_RESULTS_NOT_USABLE
hungary_election,HUN_2026,ACTIVE_RESULTS,0xfc1a6269c0392c3fe0c483fb625c6b7bae4a5be6366b7969ef05d8aaf57e53e3,1666622,SEAT_COUNT_OR_RANK,24703071176539157816875138509566453529977349205158655390906605830631562344218,73639086263598773470213252541461367694909819164647673174811843426225619936866,false,ACTIVE_RESULTS_NOT_USABLE
hungary_election,HUN_2026,ACTIVE_RESULTS,0xfcde02af15efe40e336d67f0ef9aa49e9d40c37b92961fb890afc4afdbfe54d6,948043,SEAT_COUNT_OR_RANK,61963573353880265694358880181512412652951688509792017552668784297365342759317,111152780649996205982553203207944259422420032287038821800558281705730727362744,true,
peru_first_round,PER_2026,PRE_ELECTION,0x02162eccc29d09628ba3938e155a10d49fcb17b9ae3789aa9794205b5829d3d4,,,,,false,CANONICAL_YES_FAILED_CLOSED
peru_first_round,PER_2026,PRE_ELECTION,0x035ba35e7eb0c9ff4afcc6735edf265d5f077d5afb30f371cd490dddf37be9b3,1656073,PRESIDENTIAL_FIRST_ROUND,72320200633565835604101157163750244453897592128425638049315351738490579063347,45210807606716734316378479904951730590676881280130456565582917386631954337585,false,PRE_ELECTION_NOT_USABLE
peru_first_round,PER_2026,PRE_ELECTION,0x03d5699cbee1018272b863bdf258251dce2103c6935dfe1e9178f0fdc33acb37,,,,,false,CANONICAL_YES_FAILED_CLOSED
peru_first_round,PER_2026,PRE_ELECTION,0x050b59f939be86fe3bd368f6244cd21967d614f4e43e42f069e03e864629bfcf,1656596,PRESIDENTIAL_FIRST_ROUND,32710413066461755812466237456530439591537230054745260429557001177572650171108,113760166587971963480335171451776433660390773980323072091964466076316932818612,false,PRE_ELECTION_NOT_USABLE
peru_first_round,PER_2026,PRE_ELECTION,0x05347b99afe166460607383ff61a796cb5f413a5a15504874bc9f587a1d5fb12,947241,HOUSE_OR_LOWER_CHAMBER,13055152962610574593867994764467771836800261376951918221710397856946000291756,72618202774094269521872135869384009717566047420734958044658172320599961066775,false,PRE_ELECTION_NOT_USABLE
peru_first_round,PER_2026,PRE_ELECTION,0x05b3c4a8779f467c490d05894d66634e7ed0bc982eed4463ca90fd1f59b78d1f,947228,SENATE_OR_UPPER_CHAMBER,34253026330636554399852514066550450276013246568444914274205167845651811464790,74626051770002298735291083534596320297633718750143523873443080158440351160675,false,PRE_ELECTION_NOT_USABLE
peru_first_round,PER_2026,PRE_ELECTION,0x05f51666151abf55aa75ea50237c50f9e1c56818bbe92cb7f9fb30db5c041f43,1656606,PRESIDENTIAL_FIRST_ROUND,98960749808594585350155696486359143902613668991897060048779845387176387934158,45485536479251980119167737354651625041171774058185311162529295593068975549968,false,PRE_ELECTION_NOT_USABLE
peru_first_round,PER_2026,PRE_ELECTION,0x06342949d8fbca3c0a6d1d837cd84e725e4cb3624a445e1a189514403eff7846,1656065,PRESIDENTIAL_FIRST_ROUND,85926547978130488311881494480415968073709939787363981326448864841875609410509,76132031834930786842232364179162761827664506850659164552628312917678233364435,false,PRE_ELECTION_NOT_USABLE
peru_first_round,PER_2026,PRE_ELECTION,0x06cf00ade0067d7e56846a1ad2ca1c5e6eea50977369df67b7211247c2da93d1,,,,,false,CANONICAL_YES_FAILED_CLOSED
peru_first_round,PER_2026,PRE_ELECTION,0x0756808ffc3025dfb9120b3e0ee3320587df8ade23edd0aa7f581bb42fac0454,1656097,PRESIDENTIAL_FIRST_ROUND,112187065253679610774271300587529152826044459224721824345050937716476115988563,67505283649042312284534364075576543948924879137748913918060476438828862828623,false,PRE_ELECTION_NOT_USABLE
peru_first_round,PER_2026,PRE_ELECTION,0x08101c885c6da9dce2bba80a30d2a9d4133f35e282e06ab6cb93aff4a6e43c5c,947301,PRESIDENTIAL_RESULT,54670577470927424772373585932755240890840941658716067756076058086762790526918,43574816792650917685264525397634892350751055322880820104787623900654736567033,false,PRE_ELECTION_NOT_USABLE
peru_first_round,PER_2026,PRE_ELECTION,0x08c91ef5915e8818dd139200dce282cd6164f043c7a1e4ed1b8ef7069df0c870,947314,PRESIDENTIAL_RESULT,1369204985332865068758790042166011073941912489747164323229251110693108195789,17227309854820685689041901118625322621465348840961834798314764256752259344198,false,PRE_ELECTION_NOT_USABLE
peru_first_round,PER_2026,PRE_ELECTION,0x0963cb65133771d8d1e8de101e66b474ff561a1403259872187bd0e353b645e4,1656514,PRESIDENTIAL_FIRST_ROUND,98055573695017714503799189747297217767783927030526054267051644953353785511800,97678698766451046212952054241399913459458399156948811102883918357678360371284,false,PRE_ELECTION_NOT_USABLE
peru_first_round,PER_2026,PRE_ELECTION,0x09a59ab1f0879621c98228edf85f3bfa7521c70b20912c80decdee330ed994d3,,,,,false,CANONICAL_YES_FAILED_CLOSED
peru_first_round,PER_2026,PRE_ELECTION,0x0a10ea4f5d42ac33a29d73b8562f4414f5ea2219afd9da74ba950f7aefe7c630,947281,PRESIDENTIAL_RESULT,67856043091363573230826787438476899340717171261331542907088468980307686160535,105584864693626079457859320531036329426880337452305899680113662052236202390504,true,
peru_first_round,PER_2026,PRE_ELECTION,0x0a14be39673df915f25b91da46694e552c0197edf6cd11dac89f357064b37cc4,,,,,false,CANONICAL_YES_FAILED_CLOSED
peru_first_round,PER_2026,PRE_ELECTION,0x0b17fc639ecea1086ef07ba6f6770af882fa245b94a13d7cb4ab04f87df5a09d,1656059,PRESIDENTIAL_FIRST_ROUND,59240600851816212345187595247638534234076715129163142284154474210818456893733,100534651321341991748467602852338895963800446819298467880986878186003201617424,false,PRE_ELECTION_NOT_USABLE
peru_first_round,PER_2026,PRE_ELECTION,0x0bc5896a5571e93fdb77a24f855aa6eb3efa479908342796e7ee4e5d330a0f1d,947238,SENATE_OR_UPPER_CHAMBER,2363577040988753002254458058776200133646161500675374390640878469110941846571,23084904175056160736313272544872391145651954243637859173575200415806262694384,false,PRE_ELECTION_NOT_USABLE
peru_first_round,PER_2026,PRE_ELECTION,0x0c1e953c948687cbbfa5521a79bd066aa97c197fac57b089a7d0926639ed391f,1656673,PRESIDENTIAL_FIRST_ROUND,110638562528764292629327711179559476651070192600854190454872420495252960041903,29882683818600743425253842194790822330834004690598801333950862839688773326438,false,PRE_ELECTION_NOT_USABLE
peru_first_round,PER_2026,PRE_ELECTION,0x0cb257d4aff09fcc0c83cdf101bb70ca0445831941071dff2357cc77543944b3,1656576,PRESIDENTIAL_FIRST_ROUND,45040213783402029104588230599512736565245757796436723456128686284627228855172,62053803109170007851202771205262074149482497087344468114558122616813227125266,false,PRE_ELECTION_NOT_USABLE
peru_first_round,PER_2026,PRE_ELECTION,0x0d10750c99733c221b69dd5722ceaa42aa4b352645cf5f091a3bbcedcf097ef6,1656660,PRESIDENTIAL_FIRST_ROUND,16044697684992259100813652931321641434635861125908334773992243754767595241797,17746667981792146451158251660665330066508274106590685724434995520992927741012,false,PRE_ELECTION_NOT_USABLE
peru_first_round,PER_2026,PRE_ELECTION,0x0d9309f683e3b47460c5c5ed18651282e9de266d3eeff037c8d3afa2b941fe3d,1656096,PRESIDENTIAL_FIRST_ROUND,61445559186009828908862533520620185596158299434430227042659706803005043201103,105892332034459710443256828392010947207824320012186516947094589755799920573596,false,PRE_ELECTION_NOT_USABLE
peru_first_round,PER_2026,PRE_ELECTION,0x0db744d92c7add3b208dbd6af647e642d7e92069a61edfd9df465503c9347846,947306,PRESIDENTIAL_RESULT,12699108982247352157367058814183064932790603347780702044786352465284142868672,72438402371211075304620381687800802324133037618541114549839051577339565752561,false,PRE_ELECTION_NOT_USABLE
peru_first_round,PER_2026,PRE_ELECTION,0x0e7f0ffe845b05bdbd172958464fa20bcd9a048781d73e4090e07b03a4da254f,947270,PRESIDENTIAL_RESULT,76647756421777021750296882729097877947244398058587662047702870166960832653622,27366653964774546140102997231724638660416990841421465294477604815259121786658,false,PRE_ELECTION_NOT_USABLE
peru_first_round,PER_2026,PRE_ELECTION,0x0f2de4fe8a3e07fd6d846bc1bba0b22984ac85f67e627214a18f3a20b4d9b4cb,1656597,PRESIDENTIAL_FIRST_ROUND,77962061103112839160176005208049807235901952047034903591228861945662712409787,74402661552420091773046785269439205920621714139342862620531159674291562905182,false,PRE_ELECTION_NOT_USABLE
peru_first_round,PER_2026,PRE_ELECTION,0x11c67c1caab44d83e7ddcc41b88c86927ce16fa92dab87cf5f422d38aa6f9939,1656595,PRESIDENTIAL_FIRST_ROUND,7572026079556580122221055967879658531077751692698608451673461083104656023657,73263078561038007803275725649972955314903488998330209206920385638083433666986,false,PRE_ELECTION_NOT_USABLE
peru_first_round,PER_2026,PRE_ELECTION,0x12ad7d12be6be9f3822d978dfe51bb1a59d5208422bda6155616a992937a9b9d,947222,SENATE_OR_UPPER_CHAMBER,34139372490421656658764743748855070175691399946264775613546219286350462486003,49492947370491747308083712952332405856024111775528103177793583401520316153938,false,PRE_ELECTION_NOT_USABLE
peru_first_round,PER_2026,PRE_ELECTION,0x132225a15f2d05b147a54a7096b3a4100f581eaad079fd64ce5df8082d4b6746,947223,SENATE_OR_UPPER_CHAMBER,29605412168491604224400515758812221296055736048328687013279325446908697782986,64730959890689760518221048357055895281768332259862787128909604306702942861965,false,PRE_ELECTION_NOT_USABLE
peru_first_round,PER_2026,PRE_ELECTION,0x134644a677209eebe924d5f859c5ec83555b41dad03649da22f52de327926c82,1656107,PRESIDENTIAL_FIRST_ROUND,46148009204137662219591656906704791903375943242984703117131134729178671639514,89039793220531122041129434243623543343722846584704038710755329105662721921413,false,PRE_ELECTION_NOT_USABLE
peru_first_round,PER_2026,PRE_ELECTION,0x1406a9bfcbad9134bd7cdb0f191283b30459613ad5995592d93359e65be494c9,,,,,false,CANONICAL_YES_FAILED_CLOSED
peru_first_round,PER_2026,PRE_ELECTION,0x14843fe2c81e4c0ac1408aabfcdecc74dcf92935a4bc386069776daeb6bacf5c,1656667,PRESIDENTIAL_FIRST_ROUND,62669990831730087473356261555516614495339010773216026387848560409581194469013,69598471371192773872328840122973031966527588836598894800710758996451085320036,false,PRE_ELECTION_NOT_USABLE
peru_first_round,PER_2026,PRE_ELECTION,0x14f9d80529bde2ac699827392b7b4ce232299c4b0f7561df957dd0513639186b,1656074,PRESIDENTIAL_FIRST_ROUND,15105154955526079629929994661198233528919971439347710507284078609812230173229,47095739176130842800424368819143337580281078386641697400192071263728021048169,false,PRE_ELECTION_NOT_USABLE
peru_first_round,PER_2026,PRE_ELECTION,0x158fdaad572880f8de3d3f00e4d3c2fbbae77108d88c29deb800141928c1e040,947288,PRESIDENTIAL_RESULT,4706104298728283330895721401335363991910630839383072913311253715556150302824,78358410652416917074153480147457833026846238321183973347826605475618415914957,true,
peru_first_round,PER_2026,PRE_ELECTION,0x16b77c8423aea7bac65e682ef2208ac9951d2cf19af3f7ac987f05eb6863f046,1656651,PRESIDENTIAL_FIRST_ROUND,11929561869933191380346632153758334391409946146698631866604792533633967867831,12826885711850049489761555302518022490637052510589938687913875222535097128436,false,PRE_ELECTION_NOT_USABLE
peru_first_round,PER_2026,PRE_ELECTION,0x17b5835f7388fa666b0fb20215a9bd761608feb6c7f38e329f9f7db5783a5d9c,1656615,PRESIDENTIAL_FIRST_ROUND,58527278236079064831034214592973156369998719456177269036690003534304492748477,16487400525520994144608437296353531200600426700040950821515564436154220884750,false,PRE_ELECTION_NOT_USABLE
peru_first_round,PER_2026,PRE_ELECTION,0x18f074b5cf50d0127398c643c05441f9ae47837e191f2c57c9153d3314811170,1656088,PRESIDENTIAL_FIRST_ROUND,107954047442511434205582707306295726797110925529432001822486248882987544098945,19766663477750505240691875615637713708292385272354531990019271306066841845605,false,PRE_ELECTION_NOT_USABLE
peru_first_round,PER_2026,PRE_ELECTION,0x197b7af5ea2fa9f15e1e8ebee3831282127b3b29e3a75d8352eadd2255ccdafb,947296,PRESIDENTIAL_RESULT,30458292229140547782050347121644777099966705607340492560764178473922342446460,22405772940175819581525842572782469198711915740889287606626560046481843943184,false,PRE_ELECTION_NOT_USABLE
peru_first_round,PER_2026,PRE_ELECTION,0x1999b97e56a4ccca02b3868daa2d78244363235297440ad7e2308d6a50889e27,,,,,false,CANONICAL_YES_FAILED_CLOSED
peru_first_round,PER_2026,PRE_ELECTION,0x19fc62d9523b53885c2495cd74cdcdb3d0293fb99f6c1806d43193724fb3fdf0,1656079,PRESIDENTIAL_FIRST_ROUND,27468266815007453156101390986006364243238586575624159181233244070125203701751,106444197795314134894051783199589785537845695754557288878064861449383101045915,false,PRE_ELECTION_NOT_USABLE
peru_first_round,PER_2026,PRE_ELECTION,0x1a3669baa93c63d16c56f7c97327d6369f7fba1a74ed8c969a036e357cacb46d,2483767,PRESIDENTIAL_RUNOFF,84722683664310759169631099874926277159144684066384010275310216769732241662996,28722875194591203844350214728422044337137887452608125932934352510820962935431,false,PRE_ELECTION_NOT_USABLE
peru_first_round,PER_2026,PRE_ELECTION,0x1a6a5a988948ef6803d203df60cb742cc2a6c55fc76ff16476eafd90c1fd5ddb,947312,PRESIDENTIAL_RESULT,41551749867935717621028886175759248291727415681934601741882009608160214973705,17515067578380546963916361478868566684194672143361490801148753197531889279611,false,PRE_ELECTION_NOT_USABLE
peru_first_round,PER_2026,PRE_ELECTION,0x1c509a248d1ac734b8d858d2d931de3e09de68868fb8826ab8890b2870f93ce1,1656590,PRESIDENTIAL_FIRST_ROUND,35214175349736474911938876739557585283332403939067618558413363873233226061913,18919564035894642556678922141958333341404414864285930544751856325162186205689,false,PRE_ELECTION_NOT_USABLE
peru_first_round,PER_2026,PRE_ELECTION,0x1ecb0f4385f625c067f5d3b6388fc46ee67c39cc467ffcc426ffed0c4b790cd8,1656498,PRESIDENTIAL_FIRST_ROUND,4219985213725726572900233353437462069764068606077757546878812397311146282985,82522558914833941859932425306101302246552745810340100885379731059376069281266,false,PRE_ELECTION_NOT_USABLE
peru_first_round,PER_2026,PRE_ELECTION,0x1f3e8f9c11eeae32d518f6275dce89884ba0729103837d7ae577d67b730c5a86,947257,HOUSE_OR_LOWER_CHAMBER,115408563027826266657109116044802922776597563102487591421779627554912543192562,42768236773447218444545892335814639181774137944635780841380883949022377496929,false,PRE_ELECTION_NOT_USABLE
peru_first_round,PER_2026,PRE_ELECTION,0x1fe4d43d954193db65c1518fbac929a485305924ce2645b8077772b76d63821b,1656095,PRESIDENTIAL_FIRST_ROUND,107219160843706389906266156225487728735774298025008788338001565931063486864056,69554069995538957078428567100577630599558105268028792973341299165949737446586,false,PRE_ELECTION_NOT_USABLE
peru_first_round,PER_2026,PRE_ELECTION,0x1ff90b3af55846972c3c264e02f0078a7c0821c864fc62cd4b98b17242296678,947221,SENATE_OR_UPPER_CHAMBER,70028221582838046561445868277002018252780286287731811276738642910841587382392,13473104021860440271082649384805301139210638677720036969708950044144219799268,false,PRE_ELECTION_NOT_USABLE
peru_first_round,PER_2026,PRE_ELECTION,0x21abd4deb9b5e848b403f46f7739467690d16ad34feceb80d973ad63ed9ac81b,,,,,false,CANONICAL_YES_FAILED_CLOSED
peru_first_round,PER_2026,PRE_ELECTION,0x2265cfeca7cb3df1821aa43ce1a0871634dbc5d6fd661ca5234b3b60cbd138f0,1656513,PRESIDENTIAL_FIRST_ROUND,23704375730023492676164236224753378650111207072085704130440450768481177466524,103582045293921238931844431845971033518522405138490035800237522981472966496296,false,PRE_ELECTION_NOT_USABLE
peru_first_round,PER_2026,PRE_ELECTION,0x23688e026e556f282a404d570324bd7c2e5c7acfca4ea2fa17a75a5b5c7ec635,1656575,PRESIDENTIAL_FIRST_ROUND,35424100866670020205866722182285541935066196773572640891613135678499150960494,30638769078330686264168008635376974926065503190457456891863550781846356100545,false,PRE_ELECTION_NOT_USABLE
peru_first_round,PER_2026,PRE_ELECTION,0x24a454785cac9984fde7736d0d4b37929b7253d527d359f547c909eec89862b9,947282,PRESIDENTIAL_RESULT,8379837610125291150489935717882363132642018085406636296823338050741934312045,47515547723528341412543209702937596271927058261167837389261437881238696349436,false,PRE_ELECTION_NOT_USABLE
peru_first_round,PER_2026,PRE_ELECTION,0x24c61274a302798ea6a2d2779a624a427fcfe9690f853ec7d42e088a72ddbfc6,947299,PRESIDENTIAL_RESULT,83130901126238392120475914478315084222857432362480969562523282498025424381645,28894225378676146560823422947567932330633045207405024095568155667437832938659,false,PRE_ELECTION_NOT_USABLE
peru_first_round,PER_2026,PRE_ELECTION,0x2735b9eb85b0f7b80db62207d7f332b610a4b0b2a32119d5bd6621c0d94158d5,,,,,false,CANONICAL_YES_FAILED_CLOSED
peru_first_round,PER_2026,PRE_ELECTION,0x27b697a0d60c46d4b10fa3f934e1d1d2204226548dda54f9a9d050be61a426ad,1656532,PRESIDENTIAL_FIRST_ROUND,73424893473731608145461251909317313232937949332319001308094194368692771074743,54731876617576402881382616209399394355005900608717887953614776466593759657704,false,PRE_ELECTION_NOT_USABLE
peru_first_round,PER_2026,PRE_ELECTION,0x27eb762da42ad481b87268a7030c49b6c542e6420cf42993d0eca8a53d279d62,947290,PRESIDENTIAL_RESULT,82946642323332192607961224268305092625940990224501888469319296995106766437597,20959099358072403244994120415846110854330513734764160823751622024617635092795,false,PRE_ELECTION_NOT_USABLE
peru_first_round,PER_2026,PRE_ELECTION,0x28d4cee5a4bb01e0a7b1a39f8a23b2af657d9cf06d1e0ed8443c6b09329b9be3,947287,PRESIDENTIAL_RESULT,33676951557383894515546393450532412629166294904696420306881965128761881185587,30788846969964727903508443161348771288310100447128945399885440063546741603671,true,
peru_first_round,PER_2026,PRE_ELECTION,0x29daa83884b79f80fba7fedb69ac3db4b8a933fd7726427a1de6681ccb0821c0,1656602,PRESIDENTIAL_FIRST_ROUND,93233092238037664581841151767829760079421752848920542912085868506525471384530,53470596109178149714296206091039989937598612173967935937804323662043837333148,false,PRE_ELECTION_NOT_USABLE
peru_first_round,PER_2026,PRE_ELECTION,0x29e6732af6e27705419434514e56b24105c0b59c75a392d1b34d11e86a267a33,1656654,PRESIDENTIAL_FIRST_ROUND,107679593055521061608345201397433604380043908125229590659648088341257563312115,45551748874674503655546867263957525114231969998656026642330249320027815596338,false,PRE_ELECTION_NOT_USABLE
peru_first_round,PER_2026,PRE_ELECTION,0x2ae7dc6435210e95d8bc870f4981ba4be3bba180dd9580372c87da6de6674ca0,1656110,PRESIDENTIAL_FIRST_ROUND,46102896892264280362262016917387922697979087536266709666453428684663107234825,95046717927581753274723602958046979931508784268591399639183643065172913640631,false,PRE_ELECTION_NOT_USABLE
peru_first_round,PER_2026,PRE_ELECTION,0x2cd24d17f5680dc6e7b7d67c712a223ae85550745597e81bd2d2b8d073443951,947289,PRESIDENTIAL_RESULT,40073700561695212653451049120779209383948898865772011302940523990213422296817,46581835831525280126714747999686373127429627947256474439860896007472960168455,true,
peru_first_round,PER_2026,PRE_ELECTION,0x2d34bd02ac41827f92356d8d6fe491f553d8dae0e6b10d136120a29f91411c0d,1656661,PRESIDENTIAL_FIRST_ROUND,32677005595023110868742257564029774093429143861850369748824019727520475710,72043640680721424744242522917855774342689843821498431027780546226439196721707,false,PRE_ELECTION_NOT_USABLE
peru_first_round,PER_2026,PRE_ELECTION,0x2e1d5d3bc218a34cca38c44957e6b90f292f8cfd63e8f2f3340c695300540495,1656091,PRESIDENTIAL_FIRST_ROUND,19563166585407028028260945093722081746349565072205441783405816389408664837111,42705726258837606963786292211664219025708523176895861904849170538623491628512,false,PRE_ELECTION_NOT_USABLE
peru_first_round,PER_2026,PRE_ELECTION,0x2eade5a95caecb7597740869423e5db001a77e67e271fd4d9362a4b1a2e84b35,1656538,PRESIDENTIAL_FIRST_ROUND,50215433413978036645799329568733968918037059064769354665229832612182421343874,101258810327239630482273753890060446017055134941562712835272088637112261475997,false,PRE_ELECTION_NOT_USABLE
peru_first_round,PER_2026,PRE_ELECTION,0x2ed5a189c5265a2712548809b360ccb275f66e31e08a76bccb53859ac7dd87b9,1656100,PRESIDENTIAL_FIRST_ROUND,15945126125074633281233500013321123351480510655144714955612150077151086769526,8298088105108625342625659838285845731100539271885848638724025752035756706951,false,PRE_ELECTION_NOT_USABLE
peru_first_round,PER_2026,PRE_ELECTION,0x2fbbabc415795e823df104c5524e60d8468020dcc0f4c7e5196d99bcf2eea4ac,1656506,PRESIDENTIAL_FIRST_ROUND,63784150502153165723659810002614895960992143842645051658922882728198546899277,96471642718017647056692505831444895378360538340470760963542342260013155200638,false,PRE_ELECTION_NOT_USABLE
peru_first_round,PER_2026,PRE_ELECTION,0x306297e5d44ab540192cab8bda33c1f2ef2afd4503f797d19cf7053dc66dac14,,,,,false,CANONICAL_YES_FAILED_CLOSED
peru_first_round,PER_2026,PRE_ELECTION,0x30a81bb91e50023f39ec0addae3d679c5997b1926dc4852a32fdd90cab3bd4d7,947231,SENATE_OR_UPPER_CHAMBER,66423340068906670982477336529738843742269058064668691612569872472612376275919,70964254615679049373739041470882080908487284289012954787354912989250745195640,false,PRE_ELECTION_NOT_USABLE
peru_first_round,PER_2026,PRE_ELECTION,0x31bc719248d9499ab18c3546632e005a9564b17baeb343df125609c252d62b2a,1656612,PRESIDENTIAL_FIRST_ROUND,99854719684500233552956438303745096496878079144309843550355102887549084481663,67934172756823651467296874671508859490891471224497866587988076006113824822660,false,PRE_ELECTION_NOT_USABLE
peru_first_round,PER_2026,PRE_ELECTION,0x31e6739664bdc4bfcbdd7e33ebb0a9d55207e6304d21402c682a52ceac1a92d8,1656577,PRESIDENTIAL_FIRST_ROUND,14750243694591926975968375148988713682683111899588328860654181305310103961169,77623887803598511912585348016661227528363645848860148908357349197016757485817,false,PRE_ELECTION_NOT_USABLE
peru_first_round,PER_2026,PRE_ELECTION,0x330d025cc8e824f6b7b028f1ae2508743ab11de449b22dfe04795258e1b6a5c9,,,,,false,CANONICAL_YES_FAILED_CLOSED
peru_first_round,PER_2026,PRE_ELECTION,0x341274e58537e8e5ad03f4750284341da35dcc4003acce8901d1838ac53128ca,1656536,PRESIDENTIAL_FIRST_ROUND,113122151949482909924880550959119739962601138968837819317896510653787301310355,400888525240457149731144678827991907211965782818387491489292783293031593973,false,PRE_ELECTION_NOT_USABLE
peru_first_round,PER_2026,PRE_ELECTION,0x34513d1737443a4487536227bb36aedcc5ac32fd8226c55537169a4a28e167f9,1656589,PRESIDENTIAL_FIRST_ROUND,35208769897939112772648778492062058892660141203790951377876341979688826583666,56686160838934154531387688036892669435593648755338230218971545405797026661821,false,PRE_ELECTION_NOT_USABLE
peru_first_round,PER_2026,PRE_ELECTION,0x345e333b43cf5634e559414f5209e2b8346f38c75f2e6dbaf8b6eb79a11c944d,1656080,PRESIDENTIAL_FIRST_ROUND,78333628587488429381618820842635976129245710496073552765768823052716310103791,20984173324190698858037561862801077481577568024185482456461078794089234187110,false,PRE_ELECTION_NOT_USABLE
peru_first_round,PER_2026,PRE_ELECTION,0x35ccc1642ee9d8067402b3117bf0f61d638deece559197638446e86c5d4aa695,1656071,PRESIDENTIAL_FIRST_ROUND,112531256313027322603252751695224530959195680357394303591176175431999965289501,88615377598960610872814459426940045858089490440843431207524648263479521846421,false,PRE_ELECTION_NOT_USABLE
peru_first_round,PER_2026,PRE_ELECTION,0x365a25fcdf1ede86f32f2faf90cb58592919df9174202fd574ee38dde9f91076,1656094,PRESIDENTIAL_FIRST_ROUND,74896134903088005177746765957422289255736279541360925265338936893946496126500,49013258654483803681615006023005088286096228072818206602041901728119140264611,false,PRE_ELECTION_NOT_USABLE
peru_first_round,PER_2026,PRE_ELECTION,0x36c233eb5eeec3300332ee463027adb6a7bb521df9780d9e7e0c028c7f1d0b9d,947246,HOUSE_OR_LOWER_CHAMBER,18437570836798015508413588163545824725618221508204528541518274807911968426256,2822597212294683709377210936675099388306806247992179496447231194913755062404,false,PRE_ELECTION_NOT_USABLE
peru_first_round,PER_2026,PRE_ELECTION,0x376c0c0a9da2c81cc1faa8c48aa4815b12c6b9bba54ef9fe4bd2663159ba3b9e,1656644,PRESIDENTIAL_FIRST_ROUND,28770257381209525364735053341087553571804797769836417671010607065265038107541,13925779649113810391354205739196364780496594808125299839580474699763817316424,false,PRE_ELECTION_NOT_USABLE
peru_first_round,PER_2026,PRE_ELECTION,0x37fae8ceb9d3067dd8065bb2364bac098ebb0fbbc2fe9e374a7467ee1c8a0120,2483769,PRESIDENTIAL_RUNOFF,76622390306274677194136922990243067490720446579612838558231337498466359059572,59808933016461469986732617770386510005353286737041928127338907353909283203932,false,PRE_ELECTION_NOT_USABLE
peru_first_round,PER_2026,PRE_ELECTION,0x3a92bd4f458a902f13b7029102d6eff165098ce8b23b3abb0ebc195d8ec1ae5a,1656666,PRESIDENTIAL_FIRST_ROUND,106184988316967414270937784377776153312978748957674928637302025717039502043342,9814575385569085295455892845013789298430499211221429743434063573697087766763,false,PRE_ELECTION_NOT_USABLE
peru_first_round,PER_2026,PRE_ELECTION,0x3aec41fee9edc59c2b98d439dba86debe339e35f62ac4cdc8de01ab1a5b93f21,947277,PRESIDENTIAL_RESULT,16452855558136653776561048576768137577528096989756809438471103880971273573161,107331660375502705357117385329474376336418685911490580766538280226777407259357,false,PRE_ELECTION_NOT_USABLE
peru_first_round,PER_2026,PRE_ELECTION,0x3b9ab62c2618673915d70501ad4c8440142721c3b041a3e9d4e10e41e643f0b4,947229,SENATE_OR_UPPER_CHAMBER,44261736463145083749880986877209938233006752440239790516976842846680588189210,67493399015803557130744952245556440628421251799139215841574360432690704016990,false,PRE_ELECTION_NOT_USABLE
peru_first_round,PER_2026,PRE_ELECTION,0x3c5d75f013552994b2b27948d591ce5c7e3102fdbd6168121e0bc786ec2544fc,,,,,false,CANONICAL_YES_FAILED_CLOSED
peru_first_round,PER_2026,PRE_ELECTION,0x3d3e672106e4a704bc05c680e7c33ade4c7d422a47b1e29978f50c840bd494fd,,,,,false,CANONICAL_YES_FAILED_CLOSED
peru_first_round,PER_2026,PRE_ELECTION,0x3d654127d7476032a550f6ada1135f0e0e323457f0c31f7fc34f1cc87ad6b1de,1656618,PRESIDENTIAL_FIRST_ROUND,2637733578591743963168751835681026291359891898612006458850071889095095131737,22794614925714520837030500569806909200618809505195062917281166216044770664727,false,PRE_ELECTION_NOT_USABLE
peru_first_round,PER_2026,PRE_ELECTION,0x3df010d36e5abc23b2a479508538ba89afb816a248685ef8bda3971c8cf37a8a,1656668,PRESIDENTIAL_FIRST_ROUND,68783151736097753706667946682202504744315976849716791979442216508580712271370,13376251147082105429166098726134933515744612625245787007264651121036379222979,false,PRE_ELECTION_NOT_USABLE
peru_first_round,PER_2026,PRE_ELECTION,0x4025073cedd026e9adb9ccff3821779c00792854e7754daa3eafed301e41edb6,947305,PRESIDENTIAL_RESULT,104684177361879293772451967369395447852198309451265624296636331715537531335257,100361975084631441882392825306826553731934596012534969070900596262835759520005,false,PRE_ELECTION_NOT_USABLE
peru_first_round,PER_2026,PRE_ELECTION,0x40a7ea3a3be12c58027b38ad54e67d13e1470a08e2d90b4f755d8583d2e62586,947243,HOUSE_OR_LOWER_CHAMBER,4103584660849016261926899759260907804965204571034760636435809850834353581497,53151011326408290509443303941312491470892640406411543784313501731716182355871,false,PRE_ELECTION_NOT_USABLE
peru_first_round,PER_2026,PRE_ELECTION,0x41432f60cff78fa0e2da59012711172a6a356a7edb9a6384ca20d69bd26ea7ba,947247,HOUSE_OR_LOWER_CHAMBER,57042034049005848559977466041602099612634118358272974129997354272684145047793,23874645243575764208526651218082973092836882796222141904845803575226764206411,false,PRE_ELECTION_NOT_USABLE
peru_first_round,PER_2026,PRE_ELECTION,0x432e3bff20596f36c22e015ec23182e591ab7c37367e1ad96db73dc5984ddf5b,1656087,PRESIDENTIAL_FIRST_ROUND,102050387779980058053982204048293317397871274479597262029676946390187208574632,87795140423029092105202279745639383208977959464047735608376480395131029648599,false,PRE_ELECTION_NOT_USABLE
peru_first_round,PER_2026,PRE_ELECTION,0x433dc2164fa59ba584764579cd1946b66c6812d28b07b113a258d39b8cda528c,1656584,PRESIDENTIAL_FIRST_ROUND,14210730732764474449313579917628685525084660130591959539437496438068414679169,30717291491625772650990677169204913218210863748521809727873814693171532786307,false,PRE_ELECTION_NOT_USABLE
peru_first_round,PER_2026,PRE_ELECTION,0x43c5da95a4aa4c6ca5d9b135afd6a98789a2c71d261c312f0b9e0fc8d5363dad,947233,SENATE_OR_UPPER_CHAMBER,47080922912641147770694786385733537681952071827462878898679058540253086374192,17454305746943056096745489796274632993772498514333519731240566852994761845851,false,PRE_ELECTION_NOT_USABLE
peru_first_round,PER_2026,PRE_ELECTION,0x452c7d686e8e3daade7142157dacc541632bbf8a201d5f4a290b3bc1ab8fa0ca,1656093,PRESIDENTIAL_FIRST_ROUND,46440998649347121908889433106162516612360394088587047839076836545508242420177,37978070179543594897236953141883655204348805643182609839349099517797718106483,false,PRE_ELECTION_NOT_USABLE
peru_first_round,PER_2026,PRE_ELECTION,0x4560e68d83bb06638480ef68919036da150cd28b85a19248e401162d037d5326,1656603,PRESIDENTIAL_FIRST_ROUND,78362339450962939442121486021741229632599109643809901558787866858261751626223,109777766389746219835853582158231802455247180494693694820581517991786016480650,false,PRE_ELECTION_NOT_USABLE
peru_first_round,PER_2026,PRE_ELECTION,0x46fab0575f0cefd9a12febe60567a4155d54602869ee739adb76f81eed2c3c8f,1656535,PRESIDENTIAL_FIRST_ROUND,43607760705878381273557992785446637476051583340459869732578975540320570107068,55348461762646570790861364449189083922496724573689115238569969391094977104341,false,PRE_ELECTION_NOT_USABLE
peru_first_round,PER_2026,PRE_ELECTION,0x48b918dabeed4d55564acde888189e3e6dd225df1aa9644e02cb31ccb8762f6f,1656656,PRESIDENTIAL_FIRST_ROUND,19983354572636791975062075685708592257095143452306825830647129496294634827570,84559679811008365219332218084240528788056526649874654603779506421845904401156,false,PRE_ELECTION_NOT_USABLE
peru_first_round,PER_2026,PRE_ELECTION,0x48e9ded29eafc04dc92a76ca21a7af0991c7937a654de70ce29b7f79dca9f55d,1656642,PRESIDENTIAL_FIRST_ROUND,23372257061026697787000258809898604337402323665127992994044470665872956161452,51679123559852796773360199551102900221817429320826983452951572960491406680571,false,PRE_ELECTION_NOT_USABLE
peru_first_round,PER_2026,PRE_ELECTION,0x49e1ea2dac5d7d1716d48b3fa8fa03a767b30a656a2860e85fbb45872fbba9fb,1656503,PRESIDENTIAL_FIRST_ROUND,69243492192511689689636949602062255551519733590643403603175901013241016692618,45418587110356603399160732764173761278478870188701981577202985305426666784442,false,PRE_ELECTION_NOT_USABLE
peru_first_round,PER_2026,PRE_ELECTION,0x4a44b6932afb5e921705dab625ba8899473a169dd7eac9b6d33dcc31814099c1,,,,,false,CANONICAL_YES_FAILED_CLOSED
peru_first_round,PER_2026,PRE_ELECTION,0x4ad87cdac42bf6e14f7a56ca5eb20408c03305a556bb506b0d7ed16892ebd104,947234,SENATE_OR_UPPER_CHAMBER,104547248054397669918775193610635467603684517368430778185595558322684171273788,28041471557661184741302119816853365580047912041215682389991838879484458251951,false,PRE_ELECTION_NOT_USABLE
peru_first_round,PER_2026,PRE_ELECTION,0x4b6f86f7593e49f286f2e7e57489769cffa49fb7eedb2b0647a0f6e520ae304d,1656507,PRESIDENTIAL_FIRST_ROUND,50838911812186027061239609230477208870192534146311346616497028001966708181533,47839790901057113190197382274280651460652584185652426645665448114105772320198,false,PRE_ELECTION_NOT_USABLE
peru_first_round,PER_2026,PRE_ELECTION,0x4b868d7e0b387de7493e591e89fda42a2f8babe8b32ebf4c15af5ae83cdd5584,1656495,PRESIDENTIAL_FIRST_ROUND,59570858023185842517870843488431337277633671455736631702268326623708365587538,14011862652656855006127051653679150998906942307102755995752714320411269773667,false,PRE_ELECTION_NOT_USABLE
peru_first_round,PER_2026,PRE_ELECTION,0x4bb97d5995fd6e774deb800f347f07d5b448a09a49998917a62c1d1295581b24,1656637,PRESIDENTIAL_FIRST_ROUND,51526760676688407938881361599919783120573714033353480058779290043441275105116,24314576075263227381369016930019455052510097753027179439380326835963202154680,false,PRE_ELECTION_NOT_USABLE
peru_first_round,PER_2026,PRE_ELECTION,0x4c26eba7a5ea4105b863882f26d1f770e67f0859d0858b28c48cdf5502630990,1656582,PRESIDENTIAL_FIRST_ROUND,8078426731411685685528244695437186598890338581566943378189712282919907029271,28382437685083101839880865383507422066672730245006809008672241836207194442750,false,PRE_ELECTION_NOT_USABLE
peru_first_round,PER_2026,PRE_ELECTION,0x4d422c62ab2779cef04e89786fccad31fb8254ec6a5e25b3ed47b142f88d5f80,1656639,PRESIDENTIAL_FIRST_ROUND,65737044589045584577766276986821794687526103004203994468494860397105549087149,35142851834292797405754001239506195058745465517189288946424837986146570522614,false,PRE_ELECTION_NOT_USABLE
peru_first_round,PER_2026,PRE_ELECTION,0x4da323d212ff1eb5785de9e3ec0b852ed3bd0f84f0b6d1f908e93d82dba47b82,1656583,PRESIDENTIAL_FIRST_ROUND,57117623667331735297220832995450027619422326715337677748717421189968937068460,23144316560453200094780924811043736644533679069865594550726503942531990160215,false,PRE_ELECTION_NOT_USABLE
peru_first_round,PER_2026,PRE_ELECTION,0x4de9190d737afc1bc80cd362208aef89d621b1f805d6dc1ffeed722a4fa93597,1656587,PRESIDENTIAL_FIRST_ROUND,49946912550890838294621910823065868853547643360729093813166423493705260721279,114016384518675758655044529214635427192063745732978042917472413959877508367155,false,PRE_ELECTION_NOT_USABLE
peru_first_round,PER_2026,PRE_ELECTION,0x4e7de7bb389911c12825a628d2524e96de4dac3b25a4778947d23e86781a7de4,947256,HOUSE_OR_LOWER_CHAMBER,51746453725550649140677539689140912110205625798646393135466571652451251312662,92626439022882906587582725957553692569008424879065234056698341799560160273613,false,PRE_ELECTION_NOT_USABLE
peru_first_round,PER_2026,PRE_ELECTION,0x4f249a6b22cbe35d650075d041dd18d4d322967d1e543a4bc5708be2cb6ba9c2,1656678,PRESIDENTIAL_FIRST_ROUND,51926977012593725226487226602000675291648429354539227670346368857938156017804,69809320739500090065743412589692375649714354203133799725571919752676338310668,false,PRE_ELECTION_NOT_USABLE
peru_first_round,PER_2026,PRE_ELECTION,0x4f78635e32e7daf41e44e890a857318a9a83dc51c011bab566e49fc4889156de,1656526,PRESIDENTIAL_FIRST_ROUND,50282189946792908735871963681295529252244920419359132302910161531495370603078,19646036008514707253384785277012303509020477117632510169754428334008851838191,false,PRE_ELECTION_NOT_USABLE
peru_first_round,PER_2026,PRE_ELECTION,0x4fb9865bd3cfe4f0376d137f782eef23e1900d942c8a1bcf9cee163bffabccc5,947308,PRESIDENTIAL_RESULT,66038109323947187552336312360737292300202393337799564108283168357122249760602,17258915299972566645739165942127442544048660003384222864629421729295418014945,false,PRE_ELECTION_NOT_USABLE
peru_first_round,PER_2026,PRE_ELECTION,0x5023ce6ae3684d40d9edb5cb3cb5ed79a1d3f77c06eab00d8c013f1dfbc1e1d4,1656664,PRESIDENTIAL_FIRST_ROUND,70070802100213973026300305358501270649253414331375184249476190545189706999427,84954523669328989535033911456246538700114576453528058299968059857933549754453,false,PRE_ELECTION_NOT_USABLE
peru_first_round,PER_2026,PRE_ELECTION,0x5046d76b50d1b4f6f1e6d64047f4737d4809396e0adb9225ae4f093a2a240248,1656620,PRESIDENTIAL_FIRST_ROUND,107825900821854820774284176405401344088149492224666265276496873681185672117145,82849156005700583296648769630056186360022497287275025430754731236588230336785,false,PRE_ELECTION_NOT_USABLE
peru_first_round,PER_2026,PRE_ELECTION,0x505ccaddb2165d87a3326405dfdfd3ffcca5055e74288bdcc3457c0d86564031,947307,PRESIDENTIAL_RESULT,67843309233200723328462101623859116081789261352602486452858124345763745522718,99375452436992660795928663270262388125591742348425366002556688709595866730919,false,PRE_ELECTION_NOT_USABLE
peru_first_round,PER_2026,PRE_ELECTION,0x50644511ec007a5ee06e97c2fbb033a0f4ad0842e86e48b805bdff1a10dc83d1,,,,,false,CANONICAL_YES_FAILED_CLOSED
peru_first_round,PER_2026,PRE_ELECTION,0x5099576cead6e75f0b10cbabce844892b035a55eed47e8d0b50946f003b182d0,947239,SENATE_OR_UPPER_CHAMBER,73969824101293234002217684501244553092563472982763961189200497483890820776025,87049799605130840648120552194028851695498003461549378352407672251525621083881,false,PRE_ELECTION_NOT_USABLE
peru_first_round,PER_2026,PRE_ELECTION,0x53dca3c8ac0d5af9fcad470067edbfae1784186f51a5680813c5c364428420dd,,,,,false,CANONICAL_YES_FAILED_CLOSED
peru_first_round,PER_2026,PRE_ELECTION,0x540c10db3c4cf6fc38e9ccb34c92f89041f173b9289feb6e5ddd1a92b90ddc7e,1656598,PRESIDENTIAL_FIRST_ROUND,85887505920224736906942641663620585562362199241311522503354301534035377032510,113172920372584616801630925685487362701058908495445094901920336430424286160589,false,PRE_ELECTION_NOT_USABLE
peru_first_round,PER_2026,PRE_ELECTION,0x548c375c04905c75363931e5fcd7d0194d69c427c1d161e029d33ecce0812264,1656529,PRESIDENTIAL_FIRST_ROUND,96448127851385183103993150659362532531424355899374045343643607904791270599053,19317257672667328680110137822520358244180024146176284908029280673035867336949,false,PRE_ELECTION_NOT_USABLE
peru_first_round,PER_2026,PRE_ELECTION,0x54ad34c26d8988063f54f28fcf7fca9287866328a203abda00ab9c07a4ecd3b8,1656677,PRESIDENTIAL_FIRST_ROUND,13632462743795947505981783295513475020777014140682378574804744520599276668933,64932992489330516068632151335392878301666762035334182608868748373713871134533,false,PRE_ELECTION_NOT_USABLE
peru_first_round,PER_2026,PRE_ELECTION,0x5503e0e6e343788fc77ec8152e7b25ea86212101419d74a25007b0cb8f41f3c7,1656669,PRESIDENTIAL_FIRST_ROUND,73561632456086702051161983601178980555366505199323862448949873891390490970656,35570589175126659689005587770739433928272198883206476965935196712214432638015,false,PRE_ELECTION_NOT_USABLE
peru_first_round,PER_2026,PRE_ELECTION,0x551f70a07519a9cc1cf5c5b98151a09c6034592af5bfa606a226ece87fade4f9,1656670,PRESIDENTIAL_FIRST_ROUND,71893590118789497184788735482804745435353891665508773858029053762642189006918,72607246380820910228615585779355679310592783187524586153722417304029465178170,false,PRE_ELECTION_NOT_USABLE
peru_first_round,PER_2026,PRE_ELECTION,0x554542102403f12796b0f8b519adbcd966c12f7ec6652392ef78fb653de4f7bf,947245,HOUSE_OR_LOWER_CHAMBER,35032655183130812673570952719969467635956698944748396282601004870737609580612,91858091952465373327330554200282065876579284773133287865980298779420218080925,false,PRE_ELECTION_NOT_USABLE
peru_first_round,PER_2026,PRE_ELECTION,0x559169dc253010f9f8fed2f52912738a58a7acbbc7c723ef6e36aa4f425ad058,1656511,PRESIDENTIAL_FIRST_ROUND,102407131011762190625025274908727181668047342595338940271164167446394909445218,50304266130063433362838454843424465280816524273922814043926261248626633530956,false,PRE_ELECTION_NOT_USABLE
peru_first_round,PER_2026,PRE_ELECTION,0x5705c614c29088c49ba8244545db259b87b6558d5f559a4c1deb4410af5b86ec,1656593,PRESIDENTIAL_FIRST_ROUND,64866872424726683838654178059791068204928767127333575689404338548012399128594,71537866831587739610773181525471546991399140001271406872349759046428543891792,false,PRE_ELECTION_NOT_USABLE
peru_first_round,PER_2026,PRE_ELECTION,0x57b819288ecaa4eb9bb6fa4e2b4dcc233baafdb6571f94f7393d01e235ac13a5,,,,,false,CANONICAL_YES_FAILED_CLOSED
peru_first_round,PER_2026,PRE_ELECTION,0x580baecc0ea01d32d608fcc55699593f83866f03d5f7601172ff1be18e781c07,1656592,PRESIDENTIAL_FIRST_ROUND,98961969927651322882437980864806922516677051950709245896233047388110416610749,97228686899820777862539836150740653286555879950747266173836641922267184216383,false,PRE_ELECTION_NOT_USABLE
peru_first_round,PER_2026,PRE_ELECTION,0x5823ed8612ae0047a21fc48b771776b63844c73d55fa71c122227efb1bf6bc57,947309,PRESIDENTIAL_RESULT,67903633202977737833402986689912361990598575279638982611591192564125522188777,96329095456081537397818303286729700630507818842673318422239713272159386384532,false,PRE_ELECTION_NOT_USABLE
peru_first_round,PER_2026,PRE_ELECTION,0x5951bc8b879e742cd41bdfc1f7a5536811bf7a9c58de021395c796798340285b,1656579,PRESIDENTIAL_FIRST_ROUND,12195464566033820649522860577139752897855294565306308774615951975020179809760,38110978645939228512930062366178905154753186689599595380849322334840772796424,false,PRE_ELECTION_NOT_USABLE
peru_first_round,PER_2026,PRE_ELECTION,0x59bce90d9a5df1b2aedbb01a6b17cce37439439208f64219c5b9b9ccc1838489,947304,PRESIDENTIAL_RESULT,39466632769343460539651910163076069182347797009774435770751792396354719087298,4077515590371658885204167812255532666974534108716309391487761682432545328621,false,PRE_ELECTION_NOT_USABLE
peru_first_round,PER_2026,PRE_ELECTION,0x59f7aeb8024c3f6fbef1aa759ebfc3ad0263a4699d2cf278bd3358d789b03a15,947316,PRESIDENTIAL_RESULT,44140973261077485817720945110307626268479384775387671029952471641824200595783,23818702176176805932042292757368821747968172741992054172479933851973356677151,false,PRE_ELECTION_NOT_USABLE
peru_first_round,PER_2026,PRE_ELECTION,0x5a3c6591dced00006653110e358c49cffd646d274c4642e4c42d80ebaa500c10,947313,PRESIDENTIAL_RESULT,59465215195177089414832170328356296006437043433624480720057475227899872295108,31180245202825905020097980866556116459070604752923122903312803758171671738161,false,PRE_ELECTION_NOT_USABLE
peru_first_round,PER_2026,PRE_ELECTION,0x5b046c471c54dcfc4ae8d953eb1543973c5a2f36e3cb7ddfde250c100a370de8,,,,,false,CANONICAL_YES_FAILED_CLOSED
peru_first_round,PER_2026,PRE_ELECTION,0x5d7d7b69fa01de364783610f92e722b63f2e7a2586128e43dbf391d975315b72,1656545,PRESIDENTIAL_FIRST_ROUND,41999312639774574883018497876396616660580930651911607702848868249785659221883,30207535111583990409831722225979156736207382331807324016366490232314474862285,false,PRE_ELECTION_NOT_USABLE
peru_first_round,PER_2026,PRE_ELECTION,0x5d9b91f695735bb149bbe57d5cad3886639563e957d5f564384779b959bc4b3d,1656077,PRESIDENTIAL_FIRST_ROUND,80947756194353850489867444710122711580181727730278152038516846567035796092774,78919744820614246173589976473987070527297796440147509710750207505563617298087,false,PRE_ELECTION_NOT_USABLE
peru_first_round,PER_2026,PRE_ELECTION,0x5e7d3b7cf87325cee6ae6c7417d6e9d7250c4cc2dc912b18ce5cdafba4e6a647,947280,PRESIDENTIAL_RESULT,13489012588233322368311367883402374394605806123068707609937025667605598991327,90345128748583198863370606568494221504139539681370131445138326065698729118736,false,PRE_ELECTION_NOT_USABLE
peru_first_round,PER_2026,PRE_ELECTION,0x5ebc51061f4bc2bd1f50dcd736b43de3cc0e471de8b4d6e6b3951670a57d03eb,947242,HOUSE_OR_LOWER_CHAMBER,92630754815153019913281002984440535410880277334175699573101680610900343162129,61103528961204428436449017288801738534045263541274574470094065985785029924455,false,PRE_ELECTION_NOT_USABLE
peru_first_round,PER_2026,PRE_ELECTION,0x62835bd068dc52e723c0fb4cc95b4561eb38742db1bd86ff73b95322e49a5b4d,1656499,PRESIDENTIAL_FIRST_ROUND,107852546865334597301868914227394757538876595032108521199910226311613126337155,12641689386954092878588356137284577954579980066794234187235818132974848723582,false,PRE_ELECTION_NOT_USABLE
peru_first_round,PER_2026,PRE_ELECTION,0x62ecddfd66cfe53fe5b444855c914247aedf29396f8ebd3373925402afe4d16c,1656497,PRESIDENTIAL_FIRST_ROUND,28477229694919355015404054701807015326788104063540844884548739914181740932043,19237707404503420737158021917275251001399539248401497264663452504866554205605,false,PRE_ELECTION_NOT_USABLE
peru_first_round,PER_2026,PRE_ELECTION,0x655efe3c27db7b67ce2ed887cf090382b97ef58e3fdcae1a5be8b7b91b8f38fb,1656647,PRESIDENTIAL_FIRST_ROUND,77170949983561020924071252726702386119367884110948908019044083084762986404835,4126152831700975226958991891424965942768588777902285875461780025059948902898,false,PRE_ELECTION_NOT_USABLE
peru_first_round,PER_2026,PRE_ELECTION,0x65a4face198cfc34611e388f305d1a1d800cc9610f4bc29de7648aad37e85833,1656616,PRESIDENTIAL_FIRST_ROUND,15269885001159465269385057662890717849729428793838226746163272579676842464343,72679211952832559510545639405872442588593499845843340084648765514853535566114,false,PRE_ELECTION_NOT_USABLE
peru_first_round,PER_2026,PRE_ELECTION,0x68028eaee3457027da9bf87982822a90d8fb204698edabd8c65228b2b5309359,1656489,PRESIDENTIAL_FIRST_ROUND,66160597150125005813025761541846011381565523352751523634952308575326581061336,106611322194616005763814414170843834957028174432922581807267895665544442870992,false,PRE_ELECTION_NOT_USABLE
peru_first_round,PER_2026,PRE_ELECTION,0x694bb375a2c1ab7eeced24a3adc916938a8c649d421afc583de7942a79d9ac93,1656491,PRESIDENTIAL_FIRST_ROUND,60202244459212891400310873267914170276813289134934501079034275061280387392168,28778613035752203901149969479689564526003621630380281288539601229400719653943,false,PRE_ELECTION_NOT_USABLE
peru_first_round,PER_2026,PRE_ELECTION,0x6a58844c4dfdf677adb5e20bcefb851833cb335210e139ce37e63482e0679617,947285,PRESIDENTIAL_RESULT,106149607129123969375875674066349472207365000320829658467476477807489090216657,14969516031563090270424765470423878757708232459011022842222939621886930920110,false,PRE_ELECTION_NOT_USABLE
peru_first_round,PER_2026,PRE_ELECTION,0x6b7c917854a1b60cfccbf500f6fcfe52b02a9cffdc7255db0ae523f1b99d13e3,947298,PRESIDENTIAL_RESULT,48001836685838243403631083225691634640603844570321145475000594824841338214434,31740843303184891681924494883386194716189013801794494288204007649435969967194,false,PRE_ELECTION_NOT_USABLE
peru_first_round,PER_2026,PRE_ELECTION,0x6c68ce2edd28f995a823173ad0b148e617f97f165d89e6fd2587b4566f4c4e71,1656614,PRESIDENTIAL_FIRST_ROUND,53312187574796522171335088540162798712735610967260709509781916221689617443896,100620895053851362808677813988879397166237625834079272579937698901334391675384,false,PRE_ELECTION_NOT_USABLE
peru_first_round,PER_2026,PRE_ELECTION,0x6d5a84ef293382be06feb2bc6f85ec1d967e177098622ea190d95b7782d34146,1656508,PRESIDENTIAL_FIRST_ROUND,4476380522559557342610564135628786143487151331851721655561883233809770098101,49076386768982225115298701094140221905224162777787814946900375050735942509247,false,PRE_ELECTION_NOT_USABLE
peru_first_round,PER_2026,PRE_ELECTION,0x6ebd86ea338e324343544dbd541263f5577d9efc66f11be8dea3bc2d14f4aad1,,,,,false,CANONICAL_YES_FAILED_CLOSED
peru_first_round,PER_2026,PRE_ELECTION,0x6f0b9e1c094bb7078e701286ec59ceb3716145fd91e06edc1b401037c06e794b,1656659,PRESIDENTIAL_FIRST_ROUND,80140785028320777161112164733118312662803177273475812044295157019920791918573,99832617644461320335763406620957162140896488614945366985839515766941160697420,false,PRE_ELECTION_NOT_USABLE
peru_first_round,PER_2026,PRE_ELECTION,0x6ffe7fcd3448d3543086fc7dd4f43850fbdf047afde2da76474b370c24c9bfcb,1656681,PRESIDENTIAL_FIRST_ROUND,71933129824535956235631440810859871143588363317792701888378323307163374102119,63513787942243084939008044642933927662920608119037457224213978525620876683544,false,PRE_ELECTION_NOT_USABLE
peru_first_round,PER_2026,PRE_ELECTION,0x718b4dc215cc619fe202f7769c6e46c6868fa6591878549d66b90355e15ed01e,,,,,false,CANONICAL_YES_FAILED_CLOSED
peru_first_round,PER_2026,PRE_ELECTION,0x756054f7366dcc97ccbd53e7400bd3e486c4576fc5e205e6b219061958a35c47,1656578,PRESIDENTIAL_FIRST_ROUND,36168214845206734819408814725147371491609603719556167296553036976571721607076,27944683630665738047685111873380162544128543245237967503547958697137742366915,false,PRE_ELECTION_NOT_USABLE
peru_first_round,PER_2026,PRE_ELECTION,0x75f8b593544f1132e30d9908c57f44ffeb287499d9cb589dfa6cb9bfed23183d,1656076,PRESIDENTIAL_FIRST_ROUND,18022990443329283605600134695379844619365883714586064757823373488797728403012,111159599771883628392694226025938454986424718279763532009218944624093465409275,false,PRE_ELECTION_NOT_USABLE
peru_first_round,PER_2026,PRE_ELECTION,0x7630e4e68082fe2e8885ac490b61841cf1e28caa6af45f481c809eb6d8fcc1c8,,,,,false,CANONICAL_YES_FAILED_CLOSED
peru_first_round,PER_2026,PRE_ELECTION,0x76ed1542e304be8e7f8b03eaf9293aae7139d4fa30741a6762833763f76c51ef,1656676,PRESIDENTIAL_FIRST_ROUND,18712957620523210747619990987974943077830254157284274182216538823025759969974,99353367238793176774638043494826944591224881329063693475998772542667774774805,false,PRE_ELECTION_NOT_USABLE
peru_first_round,PER_2026,PRE_ELECTION,0x77d052cca87a43a5c9e278582c2b34ed228ebfd8cb94168d4ba4e7759c913d7d,,,,,false,CANONICAL_YES_FAILED_CLOSED
peru_first_round,PER_2026,PRE_ELECTION,0x78f5630bafa15147941daa2fd2926b43febe6af1544cd9d8527b226914f3ca11,947273,PRESIDENTIAL_RESULT,9682518067153576122489405729520126083014940106724522567955145436832495666332,39116255474725201116938242776380787894386932760243104501094014247828169063490,true,
peru_first_round,PER_2026,PRE_ELECTION,0x790d04324ceda5e7fd3b2e62cf043d45b74a9d88921b6b250212d0c9b8ba1afd,947284,PRESIDENTIAL_RESULT,79792255824743933242473584104148817428360729889676194064736978155093841181512,84111261424138725920819001498152283086592130527818581691512605079488523639157,false,PRE_ELECTION_NOT_USABLE
peru_first_round,PER_2026,PRE_ELECTION,0x7965575591c9229a2c75c881555403f5e867cd5759545619d8ec061b2b08135f,947279,PRESIDENTIAL_RESULT,78299862190151688660680397893688466572696604800286917240516494924076147885439,41096463624503861532466033221737024440959770389240094367827254704799007044828,false,PRE_ELECTION_NOT_USABLE
peru_first_round,PER_2026,PRE_ELECTION,0x79879ec1f3baa9e40ec709b8cf80b2808f6f55920c31a6cd4fa249f6e9d5be36,947224,SENATE_OR_UPPER_CHAMBER,8841508247493149090572045971327991291897288425911692193387659098920616934960,5206236671908770956533322859581263525961893951235820324690244172816002300176,false,PRE_ELECTION_NOT_USABLE
peru_first_round,PER_2026,PRE_ELECTION,0x7992be6bdda4f7ab2224831f9bd7cd3192ccb9c02640bcf61ff6c389f7cda056,947226,SENATE_OR_UPPER_CHAMBER,21548267063852344197294411394442203429665465067575113504945752859692538216489,2303465978890391870026436364182166843171422434239795876553072163138980816397,false,PRE_ELECTION_NOT_USABLE
peru_first_round,PER_2026,PRE_ELECTION,0x7a1561e746a33e811a736d9f6051b33c3e93a7034fa6697c085e6eb583d353cb,,,,,false,CANONICAL_YES_FAILED_CLOSED
peru_first_round,PER_2026,PRE_ELECTION,0x7c67fa47ca157b99813c44719e80a78d085b2f24978debf5b6894342cb925716,1656604,PRESIDENTIAL_FIRST_ROUND,62955396929202244050987317418324544224250146712129313833468518758954137004519,17950827891635046728148544443765550179069394862481341758595281644614441491772,false,PRE_ELECTION_NOT_USABLE
peru_first_round,PER_2026,PRE_ELECTION,0x7de48a6042551ed9a7b5a66a521fef2c737508f88e2e806a79fe42424417b1fe,1656108,PRESIDENTIAL_FIRST_ROUND,92678766736509866439096640432420122791284016386572301981119297893027046647336,57209002243517499896023466931942039317155130715969048094671965789217747049148,false,PRE_ELECTION_NOT_USABLE
peru_first_round,PER_2026,PRE_ELECTION,0x7e507354cd91f6fa0e6fd304481a4c623d46f95dd898399705aa87fd639939d0,,,,,false,CANONICAL_YES_FAILED_CLOSED
peru_first_round,PER_2026,PRE_ELECTION,0x7e54ac62666223c780c0f0f6a9aa42e255c9701b3d2933055a01f9e1c6e32ef5,1656600,PRESIDENTIAL_FIRST_ROUND,85510503821345864429450440223161346863463140676628716636784836273988204525431,96168932802019771214531994430827360749179395851802681107563446944724739805187,false,PRE_ELECTION_NOT_USABLE
peru_first_round,PER_2026,PRE_ELECTION,0x7f6a29b631d9470dc64853abd5c6a12c2705933d31aab6fb729c923dff4ab7ac,,,,,false,CANONICAL_YES_FAILED_CLOSED
peru_first_round,PER_2026,PRE_ELECTION,0x7ff3358caa9d675558bde5c54a7f69ffb5597a8962c9171397a00cbba37fad6d,947249,HOUSE_OR_LOWER_CHAMBER,57833085672651787358627917822717588852962283260386259384993601239329477191467,9186486492289786649466889060688445082313065122826386244014573585285508972551,false,PRE_ELECTION_NOT_USABLE
peru_first_round,PER_2026,PRE_ELECTION,0x8042f9bc5b551b136dc8f5911ba32101fddbb6f0abf307d4ff5827d020f70b5d,,,,,false,CANONICAL_YES_FAILED_CLOSED
peru_first_round,PER_2026,PRE_ELECTION,0x80e91f08bda2f25782cf24ccc19afed05193dcf19c19a8b7b4c869c4489e768b,1656671,PRESIDENTIAL_FIRST_ROUND,3956562691065967164380016937151075911028423873541769283700894435593024392615,23031593593238681211583031352468454936403988471344517885631737838088988538721,false,PRE_ELECTION_NOT_USABLE
peru_first_round,PER_2026,PRE_ELECTION,0x814e9e8e97b4e2d80d464130fbf5b39ac3b284a80c033a79dddc9c6b31cc450f,,,,,false,CANONICAL_YES_FAILED_CLOSED
peru_first_round,PER_2026,PRE_ELECTION,0x81716ba8fda2e560590eef2692690bb105bd24e627941f79e8143fa0445a62a3,1656505,PRESIDENTIAL_FIRST_ROUND,3008915957565341679572461105942327420545512811572998717426010073109498192030,73730696589848077180352081325250078579205513067287569168518605029166057079343,false,PRE_ELECTION_NOT_USABLE
peru_first_round,PER_2026,PRE_ELECTION,0x81f7bb14105bf7e539517d286c31ccc8016ee82c26e443d90d28ef05382fa930,1656525,PRESIDENTIAL_FIRST_ROUND,51955104706219760935498657930228586948089738957155028470747915868786153696072,10175891504459102109019792798495557174475835637420081782582631616087607489696,false,PRE_ELECTION_NOT_USABLE
peru_first_round,PER_2026,PRE_ELECTION,0x82170dca58986ff34f6000f5a397a8f950f51cb5088012242f1eddf2cae3a85f,,,,,false,CANONICAL_YES_FAILED_CLOSED
peru_first_round,PER_2026,PRE_ELECTION,0x82425bc0a3f62b018a880a3bc847133625015f2d710c111a39788e833126059e,1656090,PRESIDENTIAL_FIRST_ROUND,46187813824060621698569480451251285923297185073512332679589460879452032629076,16396777935399471171335907814302696578120785593906410609141830723884146033827,false,PRE_ELECTION_NOT_USABLE
peru_first_round,PER_2026,PRE_ELECTION,0x828f0240553f9b3c5346b58cabc03454319febcbb45d63cff3c35e62f73921b9,1656617,PRESIDENTIAL_FIRST_ROUND,58648725199867592408578643745514035016792388762481898752898825888108067962550,53898771932988102642643028208667661649179467295209610908065868250152550885765,false,PRE_ELECTION_NOT_USABLE
peru_first_round,PER_2026,PRE_ELECTION,0x82d5ffbcda5dc4cb5039bd59224c732c465dc6c052af3257f38055e8dc66b0bf,947276,PRESIDENTIAL_RESULT,68553529382068345183582892420839184781828369905058541872190738963134845555492,25777483678068537216302564805867161972132517562255796698395298673113246094964,false,PRE_ELECTION_NOT_USABLE
peru_first_round,PER_2026,PRE_ELECTION,0x83b661c9e68dde865ac656f20a57572e7168239445bdbde65ea6665b7a4100e4,947240,HOUSE_OR_LOWER_CHAMBER,74500083728733584148299358961366660865158287035584890847432809281060790985243,25849494491520025004325601421985442513414260041923434930688729800422032150147,true,
peru_first_round,PER_2026,PRE_ELECTION,0x84d4ec83244de33efd992beaf5980c6e5adbe8861850af5904b2540faa8d688c,1656653,PRESIDENTIAL_FIRST_ROUND,79098213769192995828277190629595627810113214331482712674050603613261822999884,75612176731043948188647222893300742347420481463028469527804333876934854892243,false,PRE_ELECTION_NOT_USABLE
peru_first_round,PER_2026,PRE_ELECTION,0x8597636da5c88fac4cde994e5766b8942447566954371a35aa14ee3b600f1738,1656067,PRESIDENTIAL_FIRST_ROUND,75570012865475719929842556760742549668199450147011073843273436256166271010980,92694699130916384128185282165488976785171203946038279125700031826528816268106,false,PRE_ELECTION_NOT_USABLE
peru_first_round,PER_2026,PRE_ELECTION,0x8632d968a446553e44b08c9da139c3b8d093e79a873c2ea1b859e84bb1365a1e,,,,,false,CANONICAL_YES_FAILED_CLOSED
peru_first_round,PER_2026,PRE_ELECTION,0x87ffd647d774ae3042e5aab6b519da5fc9951dbbdac36c4a2c9e9c78e2e95daf,1656674,PRESIDENTIAL_FIRST_ROUND,73674887830687673221508573366816418104037721663266941501971372939729142687097,4194194192835091124731608659712017243036275498571202637422965856866566417428,false,PRE_ELECTION_NOT_USABLE
peru_first_round,PER_2026,PRE_ELECTION,0x88ea450ae9e9ffcf378d7c31538f6a0b460edf81e89bdd0124b53901d1fa074e,947252,HOUSE_OR_LOWER_CHAMBER,67906182462394896231327744094979404462710776445221043858980719516848050336620,6303773219959594879861061442956984047091172851970512098508049540383870642137,false,PRE_ELECTION_NOT_USABLE
peru_first_round,PER_2026,PRE_ELECTION,0x89036c378fa58f1e5ef07f42abaa3da60ed1d383b3986b2019005f54f6d00caf,947236,SENATE_OR_UPPER_CHAMBER,99686359086306145390701715937694251909831340731667208920978385026662076223651,83476937279274665285102795882127792136204274879828011609529670309854373271202,false,PRE_ELECTION_NOT_USABLE
peru_first_round,PER_2026,PRE_ELECTION,0x890e42f02a492c38dad5ad7f4b29eff4d728cf8c4e058de3fb05f0f2dd310abb,1656522,PRESIDENTIAL_FIRST_ROUND,81256551284270693979321722920472588940427327317897682458617365343062072417513,81376585702721771532209205422458586524564048771753332805067591033606027579101,false,PRE_ELECTION_NOT_USABLE
peru_first_round,PER_2026,PRE_ELECTION,0x8a734546fad5aed891f291fe595aba9d53dd7ed0b83e017ea0dd66a29b707475,947258,HOUSE_OR_LOWER_CHAMBER,33027571364325727076398521759420402314018493637265067505601509820459598018597,34839627488565958704171961288698401466653884279700173632444462704557591361317,false,PRE_ELECTION_NOT_USABLE
peru_first_round,PER_2026,PRE_ELECTION,0x8c64594d9b0538d259920162959a43dbf5fb055c49c1aa049d9003dd6952611f,1656103,PRESIDENTIAL_FIRST_ROUND,82431167838501357265575792077167948980173351567615061710087257087476905749445,107473763613324691971875164918806443096552238361078600272514070478798539282476,false,PRE_ELECTION_NOT_USABLE
peru_first_round,PER_2026,PRE_ELECTION,0x8d0e1877a90ae8a8a82d58802eed21bc5b74554fde0e4ef240a8409b6f143262,1656591,PRESIDENTIAL_FIRST_ROUND,67152332531720263429770959908532645283024428368763997192947586338254024758255,8519513567012886077801771173017562287773236217106680896356166240797971565846,false,PRE_ELECTION_NOT_USABLE
peru_first_round,PER_2026,PRE_ELECTION,0x8e63651ff842a838f708e3b73da1eecaca9341dcefaacec092b011bbe4c90f00,1656543,PRESIDENTIAL_FIRST_ROUND,3369903743111264306605732789602208532654873627646751127217117431458849885823,37825226423076123323767101448613129347878501948346856159783411060186211333432,false,PRE_ELECTION_NOT_USABLE
peru_first_round,PER_2026,PRE_ELECTION,0x902e8a5b57fa0bfd79625ce7babf14ff76ce7d355e173486f3769d9f6e6383be,1656586,PRESIDENTIAL_FIRST_ROUND,71685327812851141828166351708478327534607110580569554786632690063505069928348,90317924707202114018764559598129239453951542885223079373513296740346935565169,false,PRE_ELECTION_NOT_USABLE
peru_first_round,PER_2026,PRE_ELECTION,0x906a65452c3d74daa060ed61fa00f235145ca56edc115d59784722c3ac71c239,1656523,PRESIDENTIAL_FIRST_ROUND,113260272792148233680833024224048783212631439438069029223231530286980846540923,21039921743796724780027391648426554888350174972913876680638170723670587050033,false,PRE_ELECTION_NOT_USABLE
peru_first_round,PER_2026,PRE_ELECTION,0x925a6d3f369d56c9499a491f557f3989698b7514bdacb01bfb76c4764dff83f5,1656605,PRESIDENTIAL_FIRST_ROUND,71759967624281095633798090692718093254032609619640556918047908547698239099243,90466961293689191511350004608721693880378395141219681072084928230506987237470,false,PRE_ELECTION_NOT_USABLE
peru_first_round,PER_2026,PRE_ELECTION,0x92f213dc9f591c4dfea99f8fe3dc9e63a4156c04d922be40edbecace540cc78b,1656608,PRESIDENTIAL_FIRST_ROUND,101038419348889095943424373003329275351208430570240187612166616373518838513576,44521916093623726364888688452271150819171511208065932972704347549091876384472,false,PRE_ELECTION_NOT_USABLE
peru_first_round,PER_2026,PRE_ELECTION,0x92f925b3c8c2c17f2b250e5fc2bd2efc4ed73450ca4f503c658286627c63ce07,1656638,PRESIDENTIAL_FIRST_ROUND,103918207436665029639828041290061263988171837996219233187467653519681594764146,6052034010456160681877572047311139631588712438727540789175406731197647033553,false,PRE_ELECTION_NOT_USABLE
peru_first_round,PER_2026,PRE_ELECTION,0x93fe9d5ddef61d65a55671b8614045f256b00728b41685afcd9233013414396d,1656541,PRESIDENTIAL_FIRST_ROUND,89926570021269153150158732327299603523543737206883035197218263891624826749228,61753513871338818838697508246554063820414411109849125227601785350879175466100,false,PRE_ELECTION_NOT_USABLE
peru_first_round,PER_2026,PRE_ELECTION,0x94bd997304da0c9f10bab538756814a3a5ce26bd28cf72343a9a5058f58f4db2,947227,SENATE_OR_UPPER_CHAMBER,108558721460657856931164500269543846812498772937130524933036124977877392070575,68984052105422651419562141854742199065969997437126650041092515850170302805067,false,PRE_ELECTION_NOT_USABLE
peru_first_round,PER_2026,PRE_ELECTION,0x952da17df020b977013ef0326327f6278d059f6fa14233434bcb3bdd3be9aff1,947310,PRESIDENTIAL_RESULT,97284199732094555587429981781719656091917418680948022208865602570892508303736,59040259268077156238843663571333760902368799491794882679329919197960567770112,false,PRE_ELECTION_NOT_USABLE
peru_first_round,PER_2026,PRE_ELECTION,0x95708bc5698ecb92f1bde8a8b1d80d97d544cb24c7a3f5b8789edc49f2ada15f,1656621,PRESIDENTIAL_FIRST_ROUND,69346887084316245560150235240727384567674974662348775476578711106340787220926,77169823606465725664035244949655785993591922887126513850212140147740352550207,false,PRE_ELECTION_NOT_USABLE
peru_first_round,PER_2026,PRE_ELECTION,0x96e5650cc486767b4366f7446b4fcfe378fdc2cadec02cc4f298bcb4d7e7c174,1656622,PRESIDENTIAL_FIRST_ROUND,24543501050226221119548424583924316563428854742674495445305257515728728474341,96265078156104957717169920936428007462799549605586036854114469450348575312251,false,PRE_ELECTION_NOT_USABLE
peru_first_round,PER_2026,PRE_ELECTION,0x9711f881f44c8965ad7c849fd9b441fa7eb6e5606f913b376e317b77a53b0fa5,1656486,PRESIDENTIAL_FIRST_ROUND,84463073346607350633420220106720408017145401196054649806026567535577655550129,49490741095745341170497154245967230041533324469598883157541074054378190933316,false,PRE_ELECTION_NOT_USABLE
peru_first_round,PER_2026,PRE_ELECTION,0x97305428c1a06473513068dea7f724765c30c1c866700d752aed1b1957c8e9a9,1656609,PRESIDENTIAL_FIRST_ROUND,72844126215573010595912063873230189585339943954309485994297298962447376747294,114680482440779702166097337749943224870482549879306904907775664487360483593628,false,PRE_ELECTION_NOT_USABLE
peru_first_round,PER_2026,PRE_ELECTION,0x974dcbcce5e8186e0e273065a60675bc17617897c395eca60478d0c49f80718f,947283,PRESIDENTIAL_RESULT,101000035200953616880452761567806635979587850958431667672433526557328036615568,53495956205730282746694729217724329368493486274887420191011592757675411968575,false,PRE_ELECTION_NOT_USABLE
peru_first_round,PER_2026,PRE_ELECTION,0x97bc6f7e015756c513645ce90ad06d32135172b83ba1b445ddf67c53bfd534ad,947303,PRESIDENTIAL_RESULT,71176174423151280197164247918860341160808955229121022028107133176582980047775,101030202834440662988913344010152865826725402430067992434698884834482265873513,false,PRE_ELECTION_NOT_USABLE
peru_first_round,PER_2026,PRE_ELECTION,0x97c15902892cb52d8b2286572b0486ca5c87144084de5e338e371258bf56533f,947292,PRESIDENTIAL_RESULT,115494672493172005086216674575987368212947598299640166671686168243542814875282,60529060284495320533757248116006809136770496517347229181201557236634315522342,false,PRE_ELECTION_NOT_USABLE
peru_first_round,PER_2026,PRE_ELECTION,0x9b14ba5cc37a35c0db2c9849e631d98195670be4a0f91233a81529f22a7a5949,947271,PRESIDENTIAL_RESULT,96778993542273611384637311499081700062825144626170214374801025348770797572532,100472508023081440560680031809444924589131301345606759263347656652296915854670,true,
peru_first_round,PER_2026,PRE_ELECTION,0x9c5cc21a1553f5a750d607063c963851d684205d020a44a498b401582dd4430d,1656640,PRESIDENTIAL_FIRST_ROUND,103999159301680039906446069571846387207780055578205767519431146672749000897271,20791799237447660076487909304890552961452027394265360103915636271876750157772,false,PRE_ELECTION_NOT_USABLE
peru_first_round,PER_2026,PRE_ELECTION,0x9dcb8374d0a213115c345835b7c72ca962d6145434737d94525326ff6edc2e8f,1656515,PRESIDENTIAL_FIRST_ROUND,79568959319501438957002355410731606383617523946375111581865855000426799895461,10451738842994488174147939054890873024631908654845206423388610893574915050504,false,PRE_ELECTION_NOT_USABLE
peru_first_round,PER_2026,PRE_ELECTION,0x9dcf2170db118484ea53fad9e0f35706619f0360bfb01f99b252e3c8999486a6,947294,PRESIDENTIAL_RESULT,114922109877354768386490877891875068354191818109176886465769521979033065664033,93065995192544024026106738965032156052925974398703599795445635537672220727831,false,PRE_ELECTION_NOT_USABLE
peru_first_round,PER_2026,PRE_ELECTION,0xa089364d920da75466335299e536308a6fb38e3b59059ea9e94a6d302804278b,1656089,PRESIDENTIAL_FIRST_ROUND,37712213738726239236255256031839566332969194902715067167673570155296364625434,62303112552776893947273447903818107018226721912370506490314239563638930018686,false,PRE_ELECTION_NOT_USABLE
peru_first_round,PER_2026,PRE_ELECTION,0xa24a092311ee387cac6575fb4f28acd8b4a33af7cb2e2a1c7160c44d862598ac,1656501,PRESIDENTIAL_FIRST_ROUND,81880087461263811453320715952811578298376131435413769490514018097499933994450,12599778276039107379297901439798586628136723113955885791368793992111789681771,false,PRE_ELECTION_NOT_USABLE
peru_first_round,PER_2026,PRE_ELECTION,0xa30948990ff884b977a1149d18c82479766bf02892d3894587f3aae086c00ea6,947259,HOUSE_OR_LOWER_CHAMBER,103361674488796196138624663224952706162528065265720624272755365511845139895212,18714058701960875652376344900190026010419254800221875002833863628794954066926,false,PRE_ELECTION_NOT_USABLE
peru_first_round,PER_2026,PRE_ELECTION,0xa3ae9e0f502b62165675943c25556a1092092be3d0c6ea28b3f401b5ca9b3801,,,,,false,CANONICAL_YES_FAILED_CLOSED
peru_first_round,PER_2026,PRE_ELECTION,0xa3cbcad17010b2aad8be838d2338127126a9ed153d7b927b4a2376be4d733d21,1656488,PRESIDENTIAL_FIRST_ROUND,25574254145194799856287003372086817166650160581120494452360276964318500343213,1070130149431520454324195571894890241870607355200225570109619843269166778308,false,PRE_ELECTION_NOT_USABLE
peru_first_round,PER_2026,PRE_ELECTION,0xa3f1f3ba3aa91a85a29ca81efa4aa299aad8b9ac8583b32d1ae021e9fe006ca9,1656665,PRESIDENTIAL_FIRST_ROUND,4898564463648264280709164576171867641081100534166134879529750310228502064832,55026837141382353587915137738505417949761454715753159906245591980221025313993,false,PRE_ELECTION_NOT_USABLE
peru_first_round,PER_2026,PRE_ELECTION,0xa40c298fe831b9452e9b9397c67e07ea407e9731fd975ad5af8bba6851bb3284,947293,PRESIDENTIAL_RESULT,80329527945902462769630161057517925515139502584648320740456614607282512052183,58297061751385821324452589710511228842395924274990679355593812386997716736355,false,PRE_ELECTION_NOT_USABLE
peru_first_round,PER_2026,PRE_ELECTION,0xa44566e684a257c0f0c2a6416edf100722472ca3ecab7ad3222db79bdbe9f3bc,947220,SENATE_OR_UPPER_CHAMBER,112876813940775838985582641130448954435303590576774760274731014125978645124676,36061938192678248985354904225895392778162626073423259693907563475776493805243,true,
peru_first_round,PER_2026,PRE_ELECTION,0xa44b4a6a44a46dec47b4faafa8eadd8f7507a55d4b02d9b947ad2d5f67ee8415,1656585,PRESIDENTIAL_FIRST_ROUND,19146079744322526138512056516487125059262969631633211386671520280839992264707,36755328477973024458552421157346636748144248574145898470443122322280750198145,false,PRE_ELECTION_NOT_USABLE
peru_first_round,PER_2026,PRE_ELECTION,0xa61438a389267c7deafc9d04cd6d0dc597d70253eb94702c0f5be458d75719a2,947274,PRESIDENTIAL_RESULT,31366905060250352809933074814832465062746377846325454298457938183906229951978,58313658732966216375348509995594475587541642658522212146544390950518831262677,false,PRE_ELECTION_NOT_USABLE
peru_first_round,PER_2026,PRE_ELECTION,0xa768375b7cc1b3e1164989b3cf5794c59bb901da4895eb72852b897ad7450986,947250,HOUSE_OR_LOWER_CHAMBER,36607004145052696763577577535097399257183097494145798150493796090313077730987,23199190709215337376785917864966704354505440355808695111428190550601826041447,false,PRE_ELECTION_NOT_USABLE
peru_first_round,PER_2026,PRE_ELECTION,0xa7b2c6bae0676769ab1d419eb3c0b2156d7a57104a3b735fb4f071b85c3de78b,1656648,PRESIDENTIAL_FIRST_ROUND,94959390391844360680415016332173740686210384968797549951540874540233104579774,51571572303119937878593891490597215034625428615435073653477474051349361362758,false,PRE_ELECTION_NOT_USABLE
peru_first_round,PER_2026,PRE_ELECTION,0xa85be4e7d08d6bfcf2222e842aaaae53100c24ef6ff27a00370836b361a71995,1656099,PRESIDENTIAL_FIRST_ROUND,45785443852042938755726284642969736353560439529164909831903697068515960419696,79146284023583434619105592802584756522962546623944019444111222829569563048767,false,PRE_ELECTION_NOT_USABLE
peru_first_round,PER_2026,PRE_ELECTION,0xa86d9a8bd89aeaa5c9811e3ec7df7f1cfef7ef051458102c81675ea9833a6017,947300,PRESIDENTIAL_RESULT,59154836693879455888153975881155818194488591184787303957648737523196630077827,39099591022798542229436995963714046055088149627170235369752657409150562797688,false,PRE_ELECTION_NOT_USABLE
peru_first_round,PER_2026,PRE_ELECTION,0xa8edfe55964eeff0d37f538b3ea25dabf77246ef939a34372c5e94f87723f144,2483768,PRESIDENTIAL_RUNOFF,12893854908051185570068288809703624587236188707472832147545254719362960657080,57362621961597627057940464582144968106892950722790052002061621258150779039689,false,PRE_ELECTION_NOT_USABLE
peru_first_round,PER_2026,PRE_ELECTION,0xaac611149128256883650fb703c24dcee3a2c3006d14b5f5f9e74acb46d5af36,1656657,PRESIDENTIAL_FIRST_ROUND,15538885939273101088219845483763949035816295406078351786451603255915083166705,17411284561196948581739667225696574665054724919651988025417012532845170682735,false,PRE_ELECTION_NOT_USABLE
peru_first_round,PER_2026,PRE_ELECTION,0xabe02ebad9fb7877998decbc2c5b34d0db8d28c236271e05fa77948a52e6ca2c,1656679,PRESIDENTIAL_FIRST_ROUND,53457361903698102256367304376172497737821723459756289951950432998367172952205,2511818357933258160942377612497424819509450510473866146378252398275008426926,false,PRE_ELECTION_NOT_USABLE
peru_first_round,PER_2026,PRE_ELECTION,0xace20e425294b55e50b6f0a1bff4c5bfdae2192886e006de161fbf5cbbcf7392,1656683,PRESIDENTIAL_FIRST_ROUND,22926419017393633230334080048689169121233493571626871033849752705764162270498,19753277579303136311462164196696552822647734433841494761127645246410392032424,false,PRE_ELECTION_NOT_USABLE
peru_first_round,PER_2026,PRE_ELECTION,0xae6d3d20bc8f742922dc40880cd8a8671c10385a9912fa7cd670fba0643dfe96,947268,PRESIDENTIAL_RESULT,91464516107556165907566387619157396733019262339196802152206657889196699256450,25945415793931624559794421130954173506522916582203134613102786444988212496867,true,
peru_first_round,PER_2026,PRE_ELECTION,0xaf8ef6e8f71e7019a8918f5434b6733ff5cbec30e2ed2ecd050b4a8c1b2eae0d,947297,PRESIDENTIAL_RESULT,7499127960390188494581583623973520256130934937673017679049717147681771389244,77382194473649992598276798887109433667407944532823831514954974238601785232446,false,PRE_ELECTION_NOT_USABLE
peru_first_round,PER_2026,PRE_ELECTION,0xafd705682b311b6f65bf4a9610cfca2156ffe03c08cfe14106a1cb7b4d97bedb,1656502,PRESIDENTIAL_FIRST_ROUND,83569424471152470187050668086916894166241198094969309162593306540377507661843,81219124492410273916138308771127525500198453268008530121200038337404445543836,false,PRE_ELECTION_NOT_USABLE
peru_first_round,PER_2026,PRE_ELECTION,0xaffa1105c3edea739de24097256362916fa7f776070b54ef183d9dc64a122122,1656070,PRESIDENTIAL_FIRST_ROUND,113471315542367696914255759753979316530891306966705552842385732297475108230335,106792171343020133076202709341589458314443687402088858556416304979718778937015,false,PRE_ELECTION_NOT_USABLE
peru_first_round,PER_2026,PRE_ELECTION,0xb061aadaf93714d7d092233982bd4316e454734b4710ef10795f18787e8d33f3,1656111,PRESIDENTIAL_FIRST_ROUND,76431769741870922058286459131002679696348675442472432414890037234101134959078,61564268658360822820664163198538702814580440614021856394260002393997307446220,false,PRE_ELECTION_NOT_USABLE
peru_first_round,PER_2026,PRE_ELECTION,0xb06bd8cd9693172502d649f157283cf4d6b15dc6d595495eed33b70e94b6565e,947286,PRESIDENTIAL_RESULT,71309235606705427471164237240934647738660821324581969500721476070843942340004,27410837348419791135166490910686797212346907507240863707906587999545656096009,false,PRE_ELECTION_NOT_USABLE
peru_first_round,PER_2026,PRE_ELECTION,0xb0c54f1629581fb7c6e50613328ea11636853a581cc158d94c33681edfd3bfac,,,,,false,CANONICAL_YES_FAILED_CLOSED
peru_first_round,PER_2026,PRE_ELECTION,0xb33d7915ed92398557e1e5479c79a2ad09949a8c7d37ae348471d981d67d2219,1656509,PRESIDENTIAL_FIRST_ROUND,40872800818599165271399779016075588873926268590845448987100983648327678279854,66719157446975530806866874577710384616272221180141036902458647265655328659656,false,PRE_ELECTION_NOT_USABLE
peru_first_round,PER_2026,PRE_ELECTION,0xb4697c399fe33072b2738e535e26142edce765497eb20424cc43e8a19bf48293,1656081,PRESIDENTIAL_FIRST_ROUND,32672079512210303693577214584517169257850122946956824230914460334034311356951,108202103821340449157006304204397936311454415596985732636968019824288355691572,false,PRE_ELECTION_NOT_USABLE
peru_first_round,PER_2026,PRE_ELECTION,0xb4e9927aa079fd09d5db095f284081cebbe4d1216f8c8982a29ccd8a33213add,1656083,PRESIDENTIAL_FIRST_ROUND,1271479036853795490387104219237632265476494936201737259577517328115251313927,2586302298670036831252550425306193484335773700855650415586902178061979064697,false,PRE_ELECTION_NOT_USABLE
peru_first_round,PER_2026,PRE_ELECTION,0xb4ea030a8092c6ad55991b626eb6df0911a29aa338366d9601c0106a1bed271a,1656528,PRESIDENTIAL_FIRST_ROUND,69729546243743258999676935103483278430319848512218722725017635129333869823683,1881221706647781256832050766505586268960662312446239288051109705998459346113,false,PRE_ELECTION_NOT_USABLE
peru_first_round,PER_2026,PRE_ELECTION,0xb77ed2ac22a81f7179a1fb97a198547ed52c658ccf31da7ed0690b1fe40e8461,947254,HOUSE_OR_LOWER_CHAMBER,101480419889743881306044690312614618349757255842444458866844395377323695020908,65959797332331599577100404131739595748844945121607705172812248881638378213156,false,PRE_ELECTION_NOT_USABLE
peru_first_round,PER_2026,PRE_ELECTION,0xbaca6ec0fd213cd34c664e85e8142cf8b3944dc9a83ec7e1fdfc8dddca0bcc0b,1656650,PRESIDENTIAL_FIRST_ROUND,112641039176789137137910166760880168883108281711640622679360549516033282602539,43187610880916152434386341539717308136812548024990763248464523308814230778674,false,PRE_ELECTION_NOT_USABLE
peru_first_round,PER_2026,PRE_ELECTION,0xbbada8e75f85c15b5aba430f687d20590c7cbc1eca0b608d6f59933097fc8b02,,,,,false,CANONICAL_YES_FAILED_CLOSED
peru_first_round,PER_2026,PRE_ELECTION,0xbbddc666689792c0ff9b15c11e83ee1836ab7a7b0556220c96b2862dce5e1cf4,1656101,PRESIDENTIAL_FIRST_ROUND,40087824987903192832944283762407927664365837335021942880062043890063657528920,75436844820252411804929958569742432044670542859949764448477329916490191238630,false,PRE_ELECTION_NOT_USABLE
peru_first_round,PER_2026,PRE_ELECTION,0xbbf49facbdbcca98d7375491199d77f48a4b1eb09c0ffb40d2db720b80d74ba0,947230,SENATE_OR_UPPER_CHAMBER,59342937992282280342765858979482780514247175533021397702887991268764067849161,21104528498661810603880267286148253758791230697707733083672011338017467517410,false,PRE_ELECTION_NOT_USABLE
peru_first_round,PER_2026,PRE_ELECTION,0xbc5a5f0f3d0a423fe85c57c375aa574654820c13314dd7396fcd1bc91dcc9660,1656533,PRESIDENTIAL_FIRST_ROUND,13264520963567909611072511439264934060714641037803715757391915429955800188891,45193312713935096081405284068701653428314251168236510575473244766733195690707,false,PRE_ELECTION_NOT_USABLE
peru_first_round,PER_2026,PRE_ELECTION,0xbd2dc774207eeee3f7e2fe517f2b59a88618c52d80604bbe8f7c55d8717d22c2,947237,SENATE_OR_UPPER_CHAMBER,78405719453264842472073357555916720688273376596183254814554814527559829090937,91063480249959197504681034339266119580961962577283935437311053754945686797368,false,PRE_ELECTION_NOT_USABLE
peru_first_round,PER_2026,PRE_ELECTION,0xbd771e84e19abc18ed098672eed8dbb4871da4fc3a6fb360ffa2cf4b47be5295,1656531,PRESIDENTIAL_FIRST_ROUND,76349286835503501049529776444974905438448858554008373143589408159222546583818,52657948914149789600396690879690378253610634492361129433372132364581237490014,false,PRE_ELECTION_NOT_USABLE
peru_first_round,PER_2026,PRE_ELECTION,0xbe29f83c6537d99156d333e4f09e29309ad8476af35547e80e3a3091da5e0e3f,947302,PRESIDENTIAL_RESULT,91474417257743220852196528659661077880238049188663489035123582470330224687079,22032446622540683616698324569362738168298993276218084134247585230633503686590,false,PRE_ELECTION_NOT_USABLE
peru_first_round,PER_2026,PRE_ELECTION,0xc064c6f8b3d39f54d89151813b848f3606554a55839cdab1b106564a74e5c40c,947295,PRESIDENTIAL_RESULT,75699045963869660719509086375150742324925677978622468271400410708854955275859,81401953277486776642260027279693730580196350801865824181291904834812896471148,false,PRE_ELECTION_NOT_USABLE
peru_first_round,PER_2026,PRE_ELECTION,0xc1aea61ca23e47a112965f76005838360bc48cfe406469aaf4037d4be2cc8dda,947251,HOUSE_OR_LOWER_CHAMBER,48771195966410681339233042822508378893003341451084624540629797925273960243598,37563732434494446589496948339124408785099931200785195994325418938401665879583,false,PRE_ELECTION_NOT_USABLE
peru_first_round,PER_2026,PRE_ELECTION,0xc1b2a390837ab5e5060978b4e37917fac169772f23ef8ac7c6c1d8b849e80a80,1656113,PRESIDENTIAL_FIRST_ROUND,106275268977802313319959257436227570264877408795879104119824584490825226369671,57327670599341175909944638783348272374700320257313357409869453276265680795123,false,PRE_ELECTION_NOT_USABLE
peru_first_round,PER_2026,PRE_ELECTION,0xc3364f862936218846d59952b1794df4ed3720f8f62c23ca3f0a1e6481e94542,1656493,PRESIDENTIAL_FIRST_ROUND,53208843799664014402016508112605023501590605107448093603797288815396527184976,66572198699826158975720698914878998779926383884843191092696294261148707525090,false,PRE_ELECTION_NOT_USABLE
peru_first_round,PER_2026,PRE_ELECTION,0xc4a9db7a0c81b75bc0b2009481b4e498a63c21e6f24949b6f1758c3986c270eb,947225,SENATE_OR_UPPER_CHAMBER,111701950417305141513997863408442982759352929259590852621473333625180353072857,83228401122213155718451217534277093345493327933144801707341676181256461972846,false,PRE_ELECTION_NOT_USABLE
peru_first_round,PER_2026,PRE_ELECTION,0xc4c3dbcc37a957a817599b0bf9fb5bd6b62b19210b0f527fec57cb75c7ed150a,947269,PRESIDENTIAL_RESULT,64703998724474008677827057135436893758254552168142785204605792475717308499827,92827417009887627656279362525317849309821905918650547490799438436173703158107,true,
peru_first_round,PER_2026,PRE_ELECTION,0xc551420275c24cd31d2efa28bf28d7445e58aa8ebdcc5b56fe440ea8ebcec3d4,1656061,PRESIDENTIAL_FIRST_ROUND,63762434079450166040994571380280569213982997914274023026895292347181421261712,52342047960757683620970068631427343695171727792388316790403962243263227967666,false,PRE_ELECTION_NOT_USABLE
peru_first_round,PER_2026,PRE_ELECTION,0xc7bbd51c1b62b1037ce3f43c0f140c9f5892b6c6257859cc90db3eefb09fbb2a,1656064,PRESIDENTIAL_FIRST_ROUND,24769725700546587329759219324340612529023810444316744206503743527198223624453,46970990842989483762866761554792381418187214890690179552521842494063683144036,false,PRE_ELECTION_NOT_USABLE
peru_first_round,PER_2026,PRE_ELECTION,0xc8d321534c01fb4674befe80221acb2994cd73218bd9b40f10c063223ac2b955,1656613,PRESIDENTIAL_FIRST_ROUND,95089233850824302725815252803691113357105193318941241955346213682404456927732,61615300822372297659701260948215177306816016642290773049931832701719763329467,false,PRE_ELECTION_NOT_USABLE
peru_first_round,PER_2026,PRE_ELECTION,0xc8ea4de614c306940955c67e37330e5ac41e1139c930495752ab492cb9ba2478,,,,,false,CANONICAL_YES_FAILED_CLOSED
peru_first_round,PER_2026,PRE_ELECTION,0xc96dcf8329a31d6460c477a732839828e26f3881553fd0980b0c2be223f84228,1656684,PRESIDENTIAL_FIRST_ROUND,72889794016709261205556187632463808604655327769759896020550426871565901902628,110056797009356440958648367298747138064697262831036208181775625633006447290981,false,PRE_ELECTION_NOT_USABLE
peru_first_round,PER_2026,PRE_ELECTION,0xca0dcdf24e65b143c8049050bce0d6072edbef7a9de55973a94acba312d3fd39,1656672,PRESIDENTIAL_FIRST_ROUND,15214332035978919353336324622326100880368535831344926958945948989504285086906,62315949623935770124471385837156488460458355747811011899361685832882114204863,false,PRE_ELECTION_NOT_USABLE
peru_first_round,PER_2026,PRE_ELECTION,0xcc3915ef5fe49d2c6caac2f4b3d366d7a78fa9eaf82a7f5a17d690720761e20b,1656500,PRESIDENTIAL_FIRST_ROUND,111941676677991737714237751304793197117953084067535074409250068327064338543838,67836258641443779961961326141248480409956601311045126990926942983623283367572,false,PRE_ELECTION_NOT_USABLE
peru_first_round,PER_2026,PRE_ELECTION,0xccfae422e415525c804b9aaea27353aaf3c9717ca09edc28ac84c922d7d6fb39,1656645,PRESIDENTIAL_FIRST_ROUND,20631186390690053953207826909465618259468951775548171834293784363765172169369,30100497697926599373424876725362653930817090281120235777888202518500898535042,false,PRE_ELECTION_NOT_USABLE
peru_first_round,PER_2026,PRE_ELECTION,0xcd7a52625617073d3dc681cca27e68be86f51e0493c1c32fe34b788adae0153d,1656675,PRESIDENTIAL_FIRST_ROUND,56985499038939198203836068401260343770242740523964834801049704945945713400145,43859529457452226269219919830797983209966137425110930571369463130321315422685,false,PRE_ELECTION_NOT_USABLE
peru_first_round,PER_2026,PRE_ELECTION,0xcdda4bb5199a58a816054646d7d45cc3ffd513d21756e92392bdd28ee6496470,1656588,PRESIDENTIAL_FIRST_ROUND,3411545603636350139873405094000189128898907791896744670263032822347208640509,69920021489689521504508700669739228175887303657832918670789320204942290759905,false,PRE_ELECTION_NOT_USABLE
peru_first_round,PER_2026,PRE_ELECTION,0xcde3c15baa6087fd1458d2b1bad3d76120bd7d89af7aec5744631368730817f7,1656510,PRESIDENTIAL_FIRST_ROUND,86049621300568226139210786767848956466789853191791053036306398979164391329874,104085191533213624405773407587498722890669520043604386998741495925553683599869,false,PRE_ELECTION_NOT_USABLE
peru_first_round,PER_2026,PRE_ELECTION,0xce73e7ebf919c4f1e188d8004b756d538195642444df5837817103832d14ab62,1656058,PRESIDENTIAL_FIRST_ROUND,43454379308068201680923358297655710491100289250414634177674843006804769698999,53911621277580373581151955361091963156833876538084280760489241454293633436724,false,PRE_ELECTION_NOT_USABLE
peru_first_round,PER_2026,PRE_ELECTION,0xcec5039e455994c6f84662ffd78032e3473cc17deca5e2ccd58c46f99d7e5d9c,1656086,PRESIDENTIAL_FIRST_ROUND,94940838371277691070289167186723757004478349101401353884574648859423122955708,111608617583122296319718233930899384204190403432466866015432817309694492990382,false,PRE_ELECTION_NOT_USABLE
peru_first_round,PER_2026,PRE_ELECTION,0xcf8bae53088e784072732a728698988ea600eb40a898d77ca2b445fed2171e9a,1656062,PRESIDENTIAL_FIRST_ROUND,37921486406670289458237739998913449536824464003904236094881586707250372051038,86151845103542397499030290518190577866855650112869911131499617546383935861282,false,PRE_ELECTION_NOT_USABLE
peru_first_round,PER_2026,PRE_ELECTION,0xd00bb2c78080e92035f4e846fbb2319af057b851f0c4d811b1feebbedea4b313,1656581,PRESIDENTIAL_FIRST_ROUND,39253119316383734457119848214127768273834689932113255951234708647363257637095,35051589496300111282603086705727507025033077303798962782237351135830729066520,false,PRE_ELECTION_NOT_USABLE
peru_first_round,PER_2026,PRE_ELECTION,0xd02123c122ad6f5b83f50bcc62500be79fb6d9636fc5af7c9713e7e29cd16e27,1656599,PRESIDENTIAL_FIRST_ROUND,107522397237731903324803210332894807666130404202527685235213148475973821468278,83198051928031687057179676341715562354974313673193499837560839253924318737640,false,PRE_ELECTION_NOT_USABLE
peru_first_round,PER_2026,PRE_ELECTION,0xd0489819c1fd1c5e413102c3e9970e9bdfd2444afd3bb9f14e7fda3223f1ec79,1656594,PRESIDENTIAL_FIRST_ROUND,70569045332467798736936014228978941056355476543429219577981472081381053414553,106065403709584877348572820997339979306082818924047573325730198507277528795828,false,PRE_ELECTION_NOT_USABLE
peru_first_round,PER_2026,PRE_ELECTION,0xd0642efda91a4f5e2cb99d3ad613998e5ad4f9c8fd9e4d96ecaf8560d4196c48,,,,,false,CANONICAL_YES_FAILED_CLOSED
peru_first_round,PER_2026,PRE_ELECTION,0xd10e996ef9f4197b80fb9746fdcbe5f7117ebdec47573dbbc22fea4b73d8d306,1656112,PRESIDENTIAL_FIRST_ROUND,11163169938718034804000557379070930309305658528779373951321472150415702230175,100941059831803585995072529592826488562657298197421847310280360190144585266245,false,PRE_ELECTION_NOT_USABLE
peru_first_round,PER_2026,PRE_ELECTION,0xd149b38c9da6bacbdc0068b579f8d255196f8c2ed6a5df67f5f3064dd00733e9,947278,PRESIDENTIAL_RESULT,88830008994939255030108226010888813127369861666100484617000813260227025912888,68640431911214316867430994968635027974911125987558780921553956425356957260157,false,PRE_ELECTION_NOT_USABLE
peru_first_round,PER_2026,PRE_ELECTION,0xd3ec6c0792e500039e4d937cf33d5375a16bc44d0a997162968948b605c8b64e,1656105,PRESIDENTIAL_FIRST_ROUND,92582470918907903184394542870745113064062815273841613030818486476183852299248,60624880823038172397576634670374209532313422305959983393633762968067379362554,false,PRE_ELECTION_NOT_USABLE
peru_first_round,PER_2026,PRE_ELECTION,0xd45a86cd98be462bba39f8599e6bed08f0ae77ce7d7a7de23810976360b16f8b,1656542,PRESIDENTIAL_FIRST_ROUND,31132997260033426690019720935296290727328727786643206499606136077828566565744,4589693152610125060712339276684407402651126753390284245174763349968161596243,false,PRE_ELECTION_NOT_USABLE
peru_first_round,PER_2026,PRE_ELECTION,0xd5070d10de52247fc40d24115489e71f9a889d70ac80826fad537cffbba2fe8e,1656518,PRESIDENTIAL_FIRST_ROUND,84724713621227319101758470959714523673713461940176406876173637610698989748132,85102961186587620478110181082410113014186789661678751061908200702478873659972,false,PRE_ELECTION_NOT_USABLE
peru_first_round,PER_2026,PRE_ELECTION,0xd52c48980d9ccb236ebf5f09bfcf8d88392bebfde06afd8b0e11c259648fc8d5,,,,,false,CANONICAL_YES_FAILED_CLOSED
peru_first_round,PER_2026,PRE_ELECTION,0xd56b8ed9520068e3b527864daf384338df8d8c6b7e2f0d87e50ab4bf34e527d0,1656682,PRESIDENTIAL_FIRST_ROUND,62286421093054597408982095161621471433317445826925089900679810800018990750775,72042274056207722347131323122647526773808517505342739367970186166375592700326,false,PRE_ELECTION_NOT_USABLE
peru_first_round,PER_2026,PRE_ELECTION,0xd591c5ed7b87640fef92d0828fbe4c04a830c76f8097a452ca990c72c0cda9fb,1656680,PRESIDENTIAL_FIRST_ROUND,96948702649764974339580309666319984067000290244761933509608059850719860793758,18314033519730938521288163621457273607019196876711670405054209644886580826141,false,PRE_ELECTION_NOT_USABLE
peru_first_round,PER_2026,PRE_ELECTION,0xd64c19eeace51247978518e1ca313d648b3dfe3a620cec8c497d89ecc0669a5b,,,,,false,CANONICAL_YES_FAILED_CLOSED
peru_first_round,PER_2026,PRE_ELECTION,0xd6c7a46386c257185886116b4474cf90962d8990da265edfec5816142e1c3e42,1656102,PRESIDENTIAL_FIRST_ROUND,81095874218981436462055046428785221076543594898660093926267979870961055600606,50408785363415287052563316753068297370434772393455872235073033127381646889717,false,PRE_ELECTION_NOT_USABLE
peru_first_round,PER_2026,PRE_ELECTION,0xd91e8db1a3a135226e947353e440da73f0faed612ca31a6bd274a3fff78afd7c,1656580,PRESIDENTIAL_FIRST_ROUND,94751359556044982312002649973976812165377839436965388383075232048686728142977,105434667052956396908093023907810874844093922928582596999937993316708047995704,false,PRE_ELECTION_NOT_USABLE
peru_first_round,PER_2026,PRE_ELECTION,0xd990c978601d2574ea185e180a5104e189d5b0942d33a8549174b65b95c0e2b5,1656619,PRESIDENTIAL_FIRST_ROUND,65595948729512389955939254373732745417286331496482698866043132462070435613035,77456710325707901479273606200479394888268317192557896919326889729686817570178,false,PRE_ELECTION_NOT_USABLE
peru_first_round,PER_2026,PRE_ELECTION,0xd9df649870ba3fc517a6584cad46cd5f862a9297caddf1b53ea65ba1a36d8629,1656512,PRESIDENTIAL_FIRST_ROUND,20738431860264963887073621323269099641059649220662196156689150865335706334519,79048432249014894682463683115899063912176601120089322914574774154826854744727,false,PRE_ELECTION_NOT_USABLE
peru_first_round,PER_2026,PRE_ELECTION,0xdb9a31a15731bb3eaba3279db6d9d5f9ced4ca843397fca33e3586a93b671719,1656641,PRESIDENTIAL_FIRST_ROUND,13041338583297471956109455548021156613329967039176259556479047451026454738195,93208928217229852113180125719261724027047108389266147494426056098339456334687,false,PRE_ELECTION_NOT_USABLE
peru_first_round,PER_2026,PRE_ELECTION,0xdb9ba4520a9b0981d61464cede94a695b7c0a37d5df4f462f09a7fd7d93c2de5,,,,,false,CANONICAL_YES_FAILED_CLOSED
peru_first_round,PER_2026,PRE_ELECTION,0xdecf03a5472d11e25d230c07c77783ec27281a243e89e4e0479630a8b687412d,,,,,false,CANONICAL_YES_FAILED_CLOSED
peru_first_round,PER_2026,PRE_ELECTION,0xe04f2af37735f3437a84e253eb67bcf7c99b0af287cd09aaee2536928a3e3351,1656109,PRESIDENTIAL_FIRST_ROUND,39916852343044928083401627894499237315195903714013029141593269291466435539606,90639944525847645154221255639820113511977299452466007803057918722823325719051,false,PRE_ELECTION_NOT_USABLE
peru_first_round,PER_2026,PRE_ELECTION,0xe0cd1311e134e6efc4cfa1d4ae29129f2e24e5f2471c3f4dbeb3c57cccfb9d59,1656658,PRESIDENTIAL_FIRST_ROUND,24382858618770683581953140426169486676247229658237605682964351068440863558936,53932490308278070297403582749733042634609609876119855875211071300786699802037,false,PRE_ELECTION_NOT_USABLE
peru_first_round,PER_2026,PRE_ELECTION,0xe116526ae48797730b102d2d31ab97e8aa0bb95e0534ec0d9ebf11d6c54d2afd,1656098,PRESIDENTIAL_FIRST_ROUND,63411249628328628537282111878279217588800267161900723818029732692816059011581,110672951248787026951770472853936780410704093844378787280498299049043990967578,false,PRE_ELECTION_NOT_USABLE
peru_first_round,PER_2026,PRE_ELECTION,0xe126d7362772fa787af7c3467c0ebcacbaebcf80aa7bc2f1028d35e883e31711,,,,,false,CANONICAL_YES_FAILED_CLOSED
peru_first_round,PER_2026,PRE_ELECTION,0xe18a1286c10eb4e5d6b67a81e0164425366e5dc08f9cf36e979c48d24eca569d,947291,PRESIDENTIAL_RESULT,37054672673240893716147212545578261558108422916710328334838178765603659455400,106079005172417711637793169595302923169474263707066496426477614121824032044602,false,PRE_ELECTION_NOT_USABLE
peru_first_round,PER_2026,PRE_ELECTION,0xe27ac37b05bb38fb3dac08bc729de436e883658b4a9e175423230a493b35876b,947315,PRESIDENTIAL_RESULT,85061842390195981842588019598418332689727631855536460661576405961217120511895,101745545075289706294835612865955117526770965773798849434535057828292086959175,false,PRE_ELECTION_NOT_USABLE
peru_first_round,PER_2026,PRE_ELECTION,0xe3b9d19488a84b5b9c4a03487595fd5bc70a04ce0ec6a30568bb5aba5803a9cb,1656646,PRESIDENTIAL_FIRST_ROUND,111227101002758441443601610898429320768731308881146639625009245911858503122268,37742644549369255655588752178983143025548478665790682919893340291811376720815,false,PRE_ELECTION_NOT_USABLE
peru_first_round,PER_2026,PRE_ELECTION,0xe8f8bc52bb22ad4c03e8bfc045a5dad8081df2ed58d8e8411b29b82d1797bccf,1656056,PRESIDENTIAL_FIRST_ROUND,36132077336828691860627869834053703428933999406725972355436911059125862745305,97002302699209027113350492821618309378118441722535035929077981735834133911250,false,PRE_ELECTION_NOT_USABLE
peru_first_round,PER_2026,PRE_ELECTION,0xe972a8ff16b672af0fcb4bad67b6185fb5c490fd6cf74c2768435e45c016274e,1656521,PRESIDENTIAL_FIRST_ROUND,29727794788496023794871708776302477673966876720513377965304085567351761690717,17419457934765910278971704761552149020218609570345455102915045188300104758127,false,PRE_ELECTION_NOT_USABLE
peru_first_round,PER_2026,PRE_ELECTION,0xe9db532205b7296d32b71eb3a24a4a748bb2a77475bcb1f208aa3ed8bc7685e8,947255,HOUSE_OR_LOWER_CHAMBER,100993176266349984213470704237875918357016544091343151189046801510111502938244,60016073023457946339060519468621452285973558751510637306268891360441161248173,false,PRE_ELECTION_NOT_USABLE
peru_first_round,PER_2026,PRE_ELECTION,0xeb0161bd6aa0da4e7a62799ad515888e436e36104e79510bb992c999a2981778,,,,,false,CANONICAL_YES_FAILED_CLOSED
peru_first_round,PER_2026,PRE_ELECTION,0xeb0a6b44978e32089ebfc4a09e9c34e3669f4ccab988cb9db7a620aa87cf773d,1656084,PRESIDENTIAL_FIRST_ROUND,103025658404153563744518884955805954390283511979266943511001392952949627585960,57286409390752992519728862811488003458864625638631428876361397453487130708696,false,PRE_ELECTION_NOT_USABLE
peru_first_round,PER_2026,PRE_ELECTION,0xec0866bd4dc6295a55d7f5c6aa506bb1b6afd3acc9de6853aeabe89ace344fa4,1656663,PRESIDENTIAL_FIRST_ROUND,34707721501461973104498870903064824511826761900186294599634106945587321631480,71099812043807257519089920064162912595319242423729195688924962302499919324977,false,PRE_ELECTION_NOT_USABLE
peru_first_round,PER_2026,PRE_ELECTION,0xec23e573ed44f69d0b01c1d9de4e019452245f636f03d1d6f3f963694f2d7c1e,1656504,PRESIDENTIAL_FIRST_ROUND,91534439892105986741011253544757696197254221877672242864596556847710503091206,71102834302277171755428859510707879289960829050263777155999472180754869846371,false,PRE_ELECTION_NOT_USABLE
peru_first_round,PER_2026,PRE_ELECTION,0xed5b9cc405a18de33cc052fbe5f7c800850828057efaa55fbdf242b21d8f2be0,947253,HOUSE_OR_LOWER_CHAMBER,91481015014632243092562697676267278933815099899077251972026022265597791873816,104024101892116209436190363382006312126766477160579348301425507214714957592688,false,PRE_ELECTION_NOT_USABLE
peru_first_round,PER_2026,PRE_ELECTION,0xee7bc648dc809048ba5c9cee2497344ac72859c0cac0ef276c86e5744b52a6a7,947311,PRESIDENTIAL_RESULT,44712757105045591689338108615801731552024492498999025475604038297181499023223,112446116722733160209430333686105557006779526436994828502323710275733220698603,false,PRE_ELECTION_NOT_USABLE
peru_first_round,PER_2026,PRE_ELECTION,0xee98bde75e6b2ce8e496f6d2c107858290c6370a6306d2c2eceeae7a7dfdc3c5,1656610,PRESIDENTIAL_FIRST_ROUND,17289821388800663985124066983270947233124468876325593639674919944406315619937,100917948879862933493450426562556655853281376127714087683657817744717778656034,false,PRE_ELECTION_NOT_USABLE
peru_first_round,PER_2026,PRE_ELECTION,0xef41beca68ba75083e07d8f9ad8f9e62259eaac5b3e3b4c0902accd878f2c8d6,1656643,PRESIDENTIAL_FIRST_ROUND,15127459231704361163580805365214582489709332788784180889563211000091501703575,76715293813557892678684884837100621024512521565756691112082620572860925819921,false,PRE_ELECTION_NOT_USABLE
peru_first_round,PER_2026,PRE_ELECTION,0xef61cec575ac7260343e1f0c11900fee12a1f30b521b649eec7663ec5424242a,947272,PRESIDENTIAL_RESULT,50243762671512851167282517271037976718384543563492030616749604530990728402798,106437503449869126798318748561947971415320337579430634156444932448976881130687,true,
peru_first_round,PER_2026,PRE_ELECTION,0xef6bd8e629dd6f51b02c9c57adc5c6e4251c8d427109eff08bebcdd3462e923b,947248,HOUSE_OR_LOWER_CHAMBER,56456803387650397845761837417809147583449071152814172522951904487087521090322,64523872069222310376176878209842081397064012149720732920739116468100201100500,false,PRE_ELECTION_NOT_USABLE
peru_first_round,PER_2026,PRE_ELECTION,0xf03acd991ff8a9dfeaced717628b4feb3e9991994d77c257f45db40a9f218ad9,1656519,PRESIDENTIAL_FIRST_ROUND,61452470266348853620877779611471860901427112142516189964930973270481084945767,11652301515948394262559016886045757695497068846866835441059888805811738696855,false,PRE_ELECTION_NOT_USABLE
peru_first_round,PER_2026,PRE_ELECTION,0xf07e529d8494022282bba5908e166e7f45183c91ccdc0cfc21fe1ffd758fb461,1656607,PRESIDENTIAL_FIRST_ROUND,26113897852597005860455242981829615084663343836652972058009917954461509279131,74497006541757297874061308307112855652111256796048502879291064710635166207698,false,PRE_ELECTION_NOT_USABLE
peru_first_round,PER_2026,PRE_ELECTION,0xf0d39ea3a73ddb89ecb1d7d576450662071b2ad1267e70180103f1a9e771d5e5,947232,SENATE_OR_UPPER_CHAMBER,7967030346269335047899630315279430183390020328524361210428571451060873899572,4488013281316569460602755037145835894244962570969659011962254786143369617988,false,PRE_ELECTION_NOT_USABLE
peru_first_round,PER_2026,PRE_ELECTION,0xf142b2b9bbe0c5d5c1bce843050bc399babf1690c611cd3c1e6f00901fc1e96b,1656652,PRESIDENTIAL_FIRST_ROUND,24559541494035337415514530563011532470979790430032951228793970627028540014645,109348852599288951895687775165648693416914873486367220166342318815379970030700,false,PRE_ELECTION_NOT_USABLE
peru_first_round,PER_2026,PRE_ELECTION,0xf39b33c106ce62d418a4de61393ca322ec026b5254af98691c7e4ee687ffee67,1656655,PRESIDENTIAL_FIRST_ROUND,78885319598457595048741940066175443119373530260735525626412833946145214314328,36504031934218863081218936908152586171029431277245788559468083383345575811831,false,PRE_ELECTION_NOT_USABLE
peru_first_round,PER_2026,PRE_ELECTION,0xf47be710ceb8ce77c77ab0e8b14399e4c8320aeb4334bd18206bc3021c07d0c5,1656106,PRESIDENTIAL_FIRST_ROUND,52411408480441641824574925348111557709091845308614258902062167001752888773509,95364624806881616367123070489007982362368334268948671416179891958425291027511,false,PRE_ELECTION_NOT_USABLE
peru_first_round,PER_2026,PRE_ELECTION,0xf4d34e226d47ade913696f094d770de9ee694278af8519ae993f5cb3807676bb,1656611,PRESIDENTIAL_FIRST_ROUND,102953299418599698896684670786001084225903796756639114001784002320590805555644,76965832567797114265453619401093339475730046289865498799159533063683994476247,false,PRE_ELECTION_NOT_USABLE
peru_first_round,PER_2026,PRE_ELECTION,0xf53b2b5e27bfd687d494d6b302fe8848c50523ad627535e242b99197f7b0bf6d,1656492,PRESIDENTIAL_FIRST_ROUND,68189374515748677337524561786627983726911731633563291538700689576557466820795,108360521854649244387507833660920715041435983527157357347152766733559282701514,false,PRE_ELECTION_NOT_USABLE
peru_first_round,PER_2026,PRE_ELECTION,0xf5d8106426faab18067c415c1677c1e08f5905200fe49f874cfd957da6787c90,1656601,PRESIDENTIAL_FIRST_ROUND,103894042733599424585812204654888170782011785900283941512221247318914369364622,26636482730650514007526200022316824947273442952839712762042736442210736909695,false,PRE_ELECTION_NOT_USABLE
peru_first_round,PER_2026,PRE_ELECTION,0xf6e83e768923d85ab2a8ba7b912c3c95d132276a6d7d63d592e35c754d87b7d5,1656516,PRESIDENTIAL_FIRST_ROUND,34278569887086069482900974745929802823175821627652293089836358065348614969998,67002154717076505206950347742803078190743465806389963870181461350685183087740,false,PRE_ELECTION_NOT_USABLE
peru_first_round,PER_2026,PRE_ELECTION,0xf73e2e231d324cb662ad80eefdd90bba5007fc4df45bc2c7bab90d83693cc4ee,947275,PRESIDENTIAL_RESULT,6200507252841835595951008504441149768354972632973075259527756928392759138736,112878248181235577893718476117848068375752867388876637354725020175995521912093,false,PRE_ELECTION_NOT_USABLE
peru_first_round,PER_2026,PRE_ELECTION,0xf742394d49961b0cc4766ee3c8229c5ec7cca7ec339f08b41f7c9bb28fc0e126,1656496,PRESIDENTIAL_FIRST_ROUND,71873695595277522842105786723702129593782292720689312674592785618644559034708,12305406897908389043036938553119183549216722036766103865021197329102816199480,false,PRE_ELECTION_NOT_USABLE
peru_first_round,PER_2026,PRE_ELECTION,0xf8b25fc66327161be0d3f2f65ba8e407f74e1fe763d49fecd477c81d1fd32dd4,,,,,false,CANONICAL_YES_FAILED_CLOSED
peru_first_round,PER_2026,PRE_ELECTION,0xf8bff559fdb02c9d94b46153b781f20feaacdc5a5729130c64e2a4f1a6848cfa,1656539,PRESIDENTIAL_FIRST_ROUND,7445282112299481768703564190520530791841931525515311591385484981270209273992,44966780708986915822416822614009780778554359637697137739580934741916938923486,false,PRE_ELECTION_NOT_USABLE
peru_first_round,PER_2026,PRE_ELECTION,0xf925700da113bf5e9af4b5db9bcc0d211ff7525fde10012dc704e5eeca36527f,1656104,PRESIDENTIAL_FIRST_ROUND,69305344418246484736510389852010806993328149611616446069964794446409240350474,74708133207907221991624720891390444430164571773994562762643376300932731556980,false,PRE_ELECTION_NOT_USABLE
peru_first_round,PER_2026,PRE_ELECTION,0xf963a355c120619a5989cd570ca4d81db9ca1c0428057729ce39012441dafd07,1656092,PRESIDENTIAL_FIRST_ROUND,86019106265800181356168227029320405631864574463912867339830829817958461658030,23476721444407913146315023310289813392286693093127151770012427636822004496977,false,PRE_ELECTION_NOT_USABLE
peru_first_round,PER_2026,PRE_ELECTION,0xfa5b14bb102776c8a1be006d3568b215466bde3c18e5a3226841a0dc8144cbac,1656662,PRESIDENTIAL_FIRST_ROUND,8678026338004648207598474416242816178661894523547681060811757456447250520278,16575372560720191435288591939028890195134172954056828232289813815480062417697,false,PRE_ELECTION_NOT_USABLE
peru_first_round,PER_2026,PRE_ELECTION,0xfabb44349d9efae987031d3d1d29c72a10835c975229a22169b41da7337d4330,,,,,false,CANONICAL_YES_FAILED_CLOSED
peru_first_round,PER_2026,PRE_ELECTION,0xfc9ee82e1ee613462e017f7b045336aa833fb539aaf955af522a00dacd5584fe,,,,,false,CANONICAL_YES_FAILED_CLOSED
peru_first_round,PER_2026,PRE_ELECTION,0xfcfb4de7450796136ba9456f7001f97abfc7a2f38f4c41e3aca98bca50c94fbf,1656068,PRESIDENTIAL_FIRST_ROUND,1569034882987238301061171471814877252282058651984292522898316469131262384238,18810937144349075449915254601958654810999798503554373740384266031071554523285,false,PRE_ELECTION_NOT_USABLE
peru_first_round,PER_2026,PRE_ELECTION,0xfd65fcde6ffd88ac7be03616cf44556630bd1f7530d7a9682c45fe8b726ae342,947244,HOUSE_OR_LOWER_CHAMBER,59007735809419567406818128965357322201263386348705659746338440669272269771439,49331057809922116188753559442111718668872440082203031477967708760908895919338,false,PRE_ELECTION_NOT_USABLE
peru_first_round,PER_2026,PRE_ELECTION,0xff201c1ef5556c63141d367cd4b362163584e0d8fd3a86ac1d7420d28511f66b,1656649,PRESIDENTIAL_FIRST_ROUND,2616437442862187478870264717046956569028378235927066845214827441191751035453,24587901766003064266815367395020961858699469333823406923812643680020700691745,false,PRE_ELECTION_NOT_USABLE
peru_first_round,PER_2026,PRE_ELECTION,0xffe54246ee4a420004baafef5463000a8dd335d69aad69579dc1a4ff0cd7cf5e,947235,SENATE_OR_UPPER_CHAMBER,29552960598050897125399431759407039830551094150618789169821377729037136008568,11215188509591939055593666450665834010380326383564065632172816484965773618473,false,PRE_ELECTION_NOT_USABLE
peru_first_round,PER_2026,ACTIVE_RESULTS,0x02162eccc29d09628ba3938e155a10d49fcb17b9ae3789aa9794205b5829d3d4,,,,,false,CANONICAL_YES_FAILED_CLOSED
peru_first_round,PER_2026,ACTIVE_RESULTS,0x035ba35e7eb0c9ff4afcc6735edf265d5f077d5afb30f371cd490dddf37be9b3,1656073,PRESIDENTIAL_FIRST_ROUND,72320200633565835604101157163750244453897592128425638049315351738490579063347,45210807606716734316378479904951730590676881280130456565582917386631954337585,false,ACTIVE_RESULTS_NOT_USABLE
peru_first_round,PER_2026,ACTIVE_RESULTS,0x03d5699cbee1018272b863bdf258251dce2103c6935dfe1e9178f0fdc33acb37,,,,,false,CANONICAL_YES_FAILED_CLOSED
peru_first_round,PER_2026,ACTIVE_RESULTS,0x050b59f939be86fe3bd368f6244cd21967d614f4e43e42f069e03e864629bfcf,1656596,PRESIDENTIAL_FIRST_ROUND,32710413066461755812466237456530439591537230054745260429557001177572650171108,113760166587971963480335171451776433660390773980323072091964466076316932818612,false,ACTIVE_RESULTS_NOT_USABLE
peru_first_round,PER_2026,ACTIVE_RESULTS,0x05347b99afe166460607383ff61a796cb5f413a5a15504874bc9f587a1d5fb12,947241,HOUSE_OR_LOWER_CHAMBER,13055152962610574593867994764467771836800261376951918221710397856946000291756,72618202774094269521872135869384009717566047420734958044658172320599961066775,true,
peru_first_round,PER_2026,ACTIVE_RESULTS,0x05b3c4a8779f467c490d05894d66634e7ed0bc982eed4463ca90fd1f59b78d1f,947228,SENATE_OR_UPPER_CHAMBER,34253026330636554399852514066550450276013246568444914274205167845651811464790,74626051770002298735291083534596320297633718750143523873443080158440351160675,true,
peru_first_round,PER_2026,ACTIVE_RESULTS,0x05f51666151abf55aa75ea50237c50f9e1c56818bbe92cb7f9fb30db5c041f43,1656606,PRESIDENTIAL_FIRST_ROUND,98960749808594585350155696486359143902613668991897060048779845387176387934158,45485536479251980119167737354651625041171774058185311162529295593068975549968,false,ACTIVE_RESULTS_NOT_USABLE
peru_first_round,PER_2026,ACTIVE_RESULTS,0x06342949d8fbca3c0a6d1d837cd84e725e4cb3624a445e1a189514403eff7846,1656065,PRESIDENTIAL_FIRST_ROUND,85926547978130488311881494480415968073709939787363981326448864841875609410509,76132031834930786842232364179162761827664506850659164552628312917678233364435,false,ACTIVE_RESULTS_NOT_USABLE
peru_first_round,PER_2026,ACTIVE_RESULTS,0x06cf00ade0067d7e56846a1ad2ca1c5e6eea50977369df67b7211247c2da93d1,,,,,false,CANONICAL_YES_FAILED_CLOSED
peru_first_round,PER_2026,ACTIVE_RESULTS,0x0756808ffc3025dfb9120b3e0ee3320587df8ade23edd0aa7f581bb42fac0454,1656097,PRESIDENTIAL_FIRST_ROUND,112187065253679610774271300587529152826044459224721824345050937716476115988563,67505283649042312284534364075576543948924879137748913918060476438828862828623,false,ACTIVE_RESULTS_NOT_USABLE
peru_first_round,PER_2026,ACTIVE_RESULTS,0x08101c885c6da9dce2bba80a30d2a9d4133f35e282e06ab6cb93aff4a6e43c5c,947301,PRESIDENTIAL_RESULT,54670577470927424772373585932755240890840941658716067756076058086762790526918,43574816792650917685264525397634892350751055322880820104787623900654736567033,false,ACTIVE_RESULTS_NOT_USABLE
peru_first_round,PER_2026,ACTIVE_RESULTS,0x08c91ef5915e8818dd139200dce282cd6164f043c7a1e4ed1b8ef7069df0c870,947314,PRESIDENTIAL_RESULT,1369204985332865068758790042166011073941912489747164323229251110693108195789,17227309854820685689041901118625322621465348840961834798314764256752259344198,false,ACTIVE_RESULTS_NOT_USABLE
peru_first_round,PER_2026,ACTIVE_RESULTS,0x0963cb65133771d8d1e8de101e66b474ff561a1403259872187bd0e353b645e4,1656514,PRESIDENTIAL_FIRST_ROUND,98055573695017714503799189747297217767783927030526054267051644953353785511800,97678698766451046212952054241399913459458399156948811102883918357678360371284,false,ACTIVE_RESULTS_NOT_USABLE
peru_first_round,PER_2026,ACTIVE_RESULTS,0x09a59ab1f0879621c98228edf85f3bfa7521c70b20912c80decdee330ed994d3,,,,,false,CANONICAL_YES_FAILED_CLOSED
peru_first_round,PER_2026,ACTIVE_RESULTS,0x0a10ea4f5d42ac33a29d73b8562f4414f5ea2219afd9da74ba950f7aefe7c630,947281,PRESIDENTIAL_RESULT,67856043091363573230826787438476899340717171261331542907088468980307686160535,105584864693626079457859320531036329426880337452305899680113662052236202390504,true,
peru_first_round,PER_2026,ACTIVE_RESULTS,0x0a14be39673df915f25b91da46694e552c0197edf6cd11dac89f357064b37cc4,,,,,false,CANONICAL_YES_FAILED_CLOSED
peru_first_round,PER_2026,ACTIVE_RESULTS,0x0b17fc639ecea1086ef07ba6f6770af882fa245b94a13d7cb4ab04f87df5a09d,1656059,PRESIDENTIAL_FIRST_ROUND,59240600851816212345187595247638534234076715129163142284154474210818456893733,100534651321341991748467602852338895963800446819298467880986878186003201617424,false,ACTIVE_RESULTS_NOT_USABLE
peru_first_round,PER_2026,ACTIVE_RESULTS,0x0bc5896a5571e93fdb77a24f855aa6eb3efa479908342796e7ee4e5d330a0f1d,947238,SENATE_OR_UPPER_CHAMBER,2363577040988753002254458058776200133646161500675374390640878469110941846571,23084904175056160736313272544872391145651954243637859173575200415806262694384,false,ACTIVE_RESULTS_NOT_USABLE
peru_first_round,PER_2026,ACTIVE_RESULTS,0x0c1e953c948687cbbfa5521a79bd066aa97c197fac57b089a7d0926639ed391f,1656673,PRESIDENTIAL_FIRST_ROUND,110638562528764292629327711179559476651070192600854190454872420495252960041903,29882683818600743425253842194790822330834004690598801333950862839688773326438,false,ACTIVE_RESULTS_NOT_USABLE
peru_first_round,PER_2026,ACTIVE_RESULTS,0x0cb257d4aff09fcc0c83cdf101bb70ca0445831941071dff2357cc77543944b3,1656576,PRESIDENTIAL_FIRST_ROUND,45040213783402029104588230599512736565245757796436723456128686284627228855172,62053803109170007851202771205262074149482497087344468114558122616813227125266,false,ACTIVE_RESULTS_NOT_USABLE
peru_first_round,PER_2026,ACTIVE_RESULTS,0x0d10750c99733c221b69dd5722ceaa42aa4b352645cf5f091a3bbcedcf097ef6,1656660,PRESIDENTIAL_FIRST_ROUND,16044697684992259100813652931321641434635861125908334773992243754767595241797,17746667981792146451158251660665330066508274106590685724434995520992927741012,false,ACTIVE_RESULTS_NOT_USABLE
peru_first_round,PER_2026,ACTIVE_RESULTS,0x0d9309f683e3b47460c5c5ed18651282e9de266d3eeff037c8d3afa2b941fe3d,1656096,PRESIDENTIAL_FIRST_ROUND,61445559186009828908862533520620185596158299434430227042659706803005043201103,105892332034459710443256828392010947207824320012186516947094589755799920573596,false,ACTIVE_RESULTS_NOT_USABLE
peru_first_round,PER_2026,ACTIVE_RESULTS,0x0db744d92c7add3b208dbd6af647e642d7e92069a61edfd9df465503c9347846,947306,PRESIDENTIAL_RESULT,12699108982247352157367058814183064932790603347780702044786352465284142868672,72438402371211075304620381687800802324133037618541114549839051577339565752561,false,ACTIVE_RESULTS_NOT_USABLE
peru_first_round,PER_2026,ACTIVE_RESULTS,0x0e7f0ffe845b05bdbd172958464fa20bcd9a048781d73e4090e07b03a4da254f,947270,PRESIDENTIAL_RESULT,76647756421777021750296882729097877947244398058587662047702870166960832653622,27366653964774546140102997231724638660416990841421465294477604815259121786658,true,
peru_first_round,PER_2026,ACTIVE_RESULTS,0x0f2de4fe8a3e07fd6d846bc1bba0b22984ac85f67e627214a18f3a20b4d9b4cb,1656597,PRESIDENTIAL_FIRST_ROUND,77962061103112839160176005208049807235901952047034903591228861945662712409787,74402661552420091773046785269439205920621714139342862620531159674291562905182,false,ACTIVE_RESULTS_NOT_USABLE
peru_first_round,PER_2026,ACTIVE_RESULTS,0x11c67c1caab44d83e7ddcc41b88c86927ce16fa92dab87cf5f422d38aa6f9939,1656595,PRESIDENTIAL_FIRST_ROUND,7572026079556580122221055967879658531077751692698608451673461083104656023657,73263078561038007803275725649972955314903488998330209206920385638083433666986,false,ACTIVE_RESULTS_NOT_USABLE
peru_first_round,PER_2026,ACTIVE_RESULTS,0x12ad7d12be6be9f3822d978dfe51bb1a59d5208422bda6155616a992937a9b9d,947222,SENATE_OR_UPPER_CHAMBER,34139372490421656658764743748855070175691399946264775613546219286350462486003,49492947370491747308083712952332405856024111775528103177793583401520316153938,true,
peru_first_round,PER_2026,ACTIVE_RESULTS,0x132225a15f2d05b147a54a7096b3a4100f581eaad079fd64ce5df8082d4b6746,947223,SENATE_OR_UPPER_CHAMBER,29605412168491604224400515758812221296055736048328687013279325446908697782986,64730959890689760518221048357055895281768332259862787128909604306702942861965,true,
peru_first_round,PER_2026,ACTIVE_RESULTS,0x134644a677209eebe924d5f859c5ec83555b41dad03649da22f52de327926c82,1656107,PRESIDENTIAL_FIRST_ROUND,46148009204137662219591656906704791903375943242984703117131134729178671639514,89039793220531122041129434243623543343722846584704038710755329105662721921413,false,ACTIVE_RESULTS_NOT_USABLE
peru_first_round,PER_2026,ACTIVE_RESULTS,0x1406a9bfcbad9134bd7cdb0f191283b30459613ad5995592d93359e65be494c9,,,,,false,CANONICAL_YES_FAILED_CLOSED
peru_first_round,PER_2026,ACTIVE_RESULTS,0x14843fe2c81e4c0ac1408aabfcdecc74dcf92935a4bc386069776daeb6bacf5c,1656667,PRESIDENTIAL_FIRST_ROUND,62669990831730087473356261555516614495339010773216026387848560409581194469013,69598471371192773872328840122973031966527588836598894800710758996451085320036,false,ACTIVE_RESULTS_NOT_USABLE
peru_first_round,PER_2026,ACTIVE_RESULTS,0x14f9d80529bde2ac699827392b7b4ce232299c4b0f7561df957dd0513639186b,1656074,PRESIDENTIAL_FIRST_ROUND,15105154955526079629929994661198233528919971439347710507284078609812230173229,47095739176130842800424368819143337580281078386641697400192071263728021048169,false,ACTIVE_RESULTS_NOT_USABLE
peru_first_round,PER_2026,ACTIVE_RESULTS,0x158fdaad572880f8de3d3f00e4d3c2fbbae77108d88c29deb800141928c1e040,947288,PRESIDENTIAL_RESULT,4706104298728283330895721401335363991910630839383072913311253715556150302824,78358410652416917074153480147457833026846238321183973347826605475618415914957,true,
peru_first_round,PER_2026,ACTIVE_RESULTS,0x16b77c8423aea7bac65e682ef2208ac9951d2cf19af3f7ac987f05eb6863f046,1656651,PRESIDENTIAL_FIRST_ROUND,11929561869933191380346632153758334391409946146698631866604792533633967867831,12826885711850049489761555302518022490637052510589938687913875222535097128436,false,ACTIVE_RESULTS_NOT_USABLE
peru_first_round,PER_2026,ACTIVE_RESULTS,0x17b5835f7388fa666b0fb20215a9bd761608feb6c7f38e329f9f7db5783a5d9c,1656615,PRESIDENTIAL_FIRST_ROUND,58527278236079064831034214592973156369998719456177269036690003534304492748477,16487400525520994144608437296353531200600426700040950821515564436154220884750,false,ACTIVE_RESULTS_NOT_USABLE
peru_first_round,PER_2026,ACTIVE_RESULTS,0x18f074b5cf50d0127398c643c05441f9ae47837e191f2c57c9153d3314811170,1656088,PRESIDENTIAL_FIRST_ROUND,107954047442511434205582707306295726797110925529432001822486248882987544098945,19766663477750505240691875615637713708292385272354531990019271306066841845605,false,ACTIVE_RESULTS_NOT_USABLE
peru_first_round,PER_2026,ACTIVE_RESULTS,0x197b7af5ea2fa9f15e1e8ebee3831282127b3b29e3a75d8352eadd2255ccdafb,947296,PRESIDENTIAL_RESULT,30458292229140547782050347121644777099966705607340492560764178473922342446460,22405772940175819581525842572782469198711915740889287606626560046481843943184,false,ACTIVE_RESULTS_NOT_USABLE
peru_first_round,PER_2026,ACTIVE_RESULTS,0x1999b97e56a4ccca02b3868daa2d78244363235297440ad7e2308d6a50889e27,,,,,false,CANONICAL_YES_FAILED_CLOSED
peru_first_round,PER_2026,ACTIVE_RESULTS,0x19fc62d9523b53885c2495cd74cdcdb3d0293fb99f6c1806d43193724fb3fdf0,1656079,PRESIDENTIAL_FIRST_ROUND,27468266815007453156101390986006364243238586575624159181233244070125203701751,106444197795314134894051783199589785537845695754557288878064861449383101045915,false,ACTIVE_RESULTS_NOT_USABLE
peru_first_round,PER_2026,ACTIVE_RESULTS,0x1a3669baa93c63d16c56f7c97327d6369f7fba1a74ed8c969a036e357cacb46d,2483767,PRESIDENTIAL_RUNOFF,84722683664310759169631099874926277159144684066384010275310216769732241662996,28722875194591203844350214728422044337137887452608125932934352510820962935431,false,ACTIVE_RESULTS_NOT_USABLE
peru_first_round,PER_2026,ACTIVE_RESULTS,0x1a6a5a988948ef6803d203df60cb742cc2a6c55fc76ff16476eafd90c1fd5ddb,947312,PRESIDENTIAL_RESULT,41551749867935717621028886175759248291727415681934601741882009608160214973705,17515067578380546963916361478868566684194672143361490801148753197531889279611,false,ACTIVE_RESULTS_NOT_USABLE
peru_first_round,PER_2026,ACTIVE_RESULTS,0x1c509a248d1ac734b8d858d2d931de3e09de68868fb8826ab8890b2870f93ce1,1656590,PRESIDENTIAL_FIRST_ROUND,35214175349736474911938876739557585283332403939067618558413363873233226061913,18919564035894642556678922141958333341404414864285930544751856325162186205689,false,ACTIVE_RESULTS_NOT_USABLE
peru_first_round,PER_2026,ACTIVE_RESULTS,0x1ecb0f4385f625c067f5d3b6388fc46ee67c39cc467ffcc426ffed0c4b790cd8,1656498,PRESIDENTIAL_FIRST_ROUND,4219985213725726572900233353437462069764068606077757546878812397311146282985,82522558914833941859932425306101302246552745810340100885379731059376069281266,false,ACTIVE_RESULTS_NOT_USABLE
peru_first_round,PER_2026,ACTIVE_RESULTS,0x1f3e8f9c11eeae32d518f6275dce89884ba0729103837d7ae577d67b730c5a86,947257,HOUSE_OR_LOWER_CHAMBER,115408563027826266657109116044802922776597563102487591421779627554912543192562,42768236773447218444545892335814639181774137944635780841380883949022377496929,false,ACTIVE_RESULTS_NOT_USABLE
peru_first_round,PER_2026,ACTIVE_RESULTS,0x1fe4d43d954193db65c1518fbac929a485305924ce2645b8077772b76d63821b,1656095,PRESIDENTIAL_FIRST_ROUND,107219160843706389906266156225487728735774298025008788338001565931063486864056,69554069995538957078428567100577630599558105268028792973341299165949737446586,false,ACTIVE_RESULTS_NOT_USABLE
peru_first_round,PER_2026,ACTIVE_RESULTS,0x1ff90b3af55846972c3c264e02f0078a7c0821c864fc62cd4b98b17242296678,947221,SENATE_OR_UPPER_CHAMBER,70028221582838046561445868277002018252780286287731811276738642910841587382392,13473104021860440271082649384805301139210638677720036969708950044144219799268,true,
peru_first_round,PER_2026,ACTIVE_RESULTS,0x21abd4deb9b5e848b403f46f7739467690d16ad34feceb80d973ad63ed9ac81b,,,,,false,CANONICAL_YES_FAILED_CLOSED
peru_first_round,PER_2026,ACTIVE_RESULTS,0x2265cfeca7cb3df1821aa43ce1a0871634dbc5d6fd661ca5234b3b60cbd138f0,1656513,PRESIDENTIAL_FIRST_ROUND,23704375730023492676164236224753378650111207072085704130440450768481177466524,103582045293921238931844431845971033518522405138490035800237522981472966496296,false,ACTIVE_RESULTS_NOT_USABLE
peru_first_round,PER_2026,ACTIVE_RESULTS,0x23688e026e556f282a404d570324bd7c2e5c7acfca4ea2fa17a75a5b5c7ec635,1656575,PRESIDENTIAL_FIRST_ROUND,35424100866670020205866722182285541935066196773572640891613135678499150960494,30638769078330686264168008635376974926065503190457456891863550781846356100545,false,ACTIVE_RESULTS_NOT_USABLE
peru_first_round,PER_2026,ACTIVE_RESULTS,0x24a454785cac9984fde7736d0d4b37929b7253d527d359f547c909eec89862b9,947282,PRESIDENTIAL_RESULT,8379837610125291150489935717882363132642018085406636296823338050741934312045,47515547723528341412543209702937596271927058261167837389261437881238696349436,true,
peru_first_round,PER_2026,ACTIVE_RESULTS,0x24c61274a302798ea6a2d2779a624a427fcfe9690f853ec7d42e088a72ddbfc6,947299,PRESIDENTIAL_RESULT,83130901126238392120475914478315084222857432362480969562523282498025424381645,28894225378676146560823422947567932330633045207405024095568155667437832938659,false,ACTIVE_RESULTS_NOT_USABLE
peru_first_round,PER_2026,ACTIVE_RESULTS,0x2735b9eb85b0f7b80db62207d7f332b610a4b0b2a32119d5bd6621c0d94158d5,,,,,false,CANONICAL_YES_FAILED_CLOSED
peru_first_round,PER_2026,ACTIVE_RESULTS,0x27b697a0d60c46d4b10fa3f934e1d1d2204226548dda54f9a9d050be61a426ad,1656532,PRESIDENTIAL_FIRST_ROUND,73424893473731608145461251909317313232937949332319001308094194368692771074743,54731876617576402881382616209399394355005900608717887953614776466593759657704,false,ACTIVE_RESULTS_NOT_USABLE
peru_first_round,PER_2026,ACTIVE_RESULTS,0x27eb762da42ad481b87268a7030c49b6c542e6420cf42993d0eca8a53d279d62,947290,PRESIDENTIAL_RESULT,82946642323332192607961224268305092625940990224501888469319296995106766437597,20959099358072403244994120415846110854330513734764160823751622024617635092795,false,ACTIVE_RESULTS_NOT_USABLE
peru_first_round,PER_2026,ACTIVE_RESULTS,0x28d4cee5a4bb01e0a7b1a39f8a23b2af657d9cf06d1e0ed8443c6b09329b9be3,947287,PRESIDENTIAL_RESULT,33676951557383894515546393450532412629166294904696420306881965128761881185587,30788846969964727903508443161348771288310100447128945399885440063546741603671,true,
peru_first_round,PER_2026,ACTIVE_RESULTS,0x29daa83884b79f80fba7fedb69ac3db4b8a933fd7726427a1de6681ccb0821c0,1656602,PRESIDENTIAL_FIRST_ROUND,93233092238037664581841151767829760079421752848920542912085868506525471384530,53470596109178149714296206091039989937598612173967935937804323662043837333148,false,ACTIVE_RESULTS_NOT_USABLE
peru_first_round,PER_2026,ACTIVE_RESULTS,0x29e6732af6e27705419434514e56b24105c0b59c75a392d1b34d11e86a267a33,1656654,PRESIDENTIAL_FIRST_ROUND,107679593055521061608345201397433604380043908125229590659648088341257563312115,45551748874674503655546867263957525114231969998656026642330249320027815596338,false,ACTIVE_RESULTS_NOT_USABLE
peru_first_round,PER_2026,ACTIVE_RESULTS,0x2ae7dc6435210e95d8bc870f4981ba4be3bba180dd9580372c87da6de6674ca0,1656110,PRESIDENTIAL_FIRST_ROUND,46102896892264280362262016917387922697979087536266709666453428684663107234825,95046717927581753274723602958046979931508784268591399639183643065172913640631,false,ACTIVE_RESULTS_NOT_USABLE
peru_first_round,PER_2026,ACTIVE_RESULTS,0x2cd24d17f5680dc6e7b7d67c712a223ae85550745597e81bd2d2b8d073443951,947289,PRESIDENTIAL_RESULT,40073700561695212653451049120779209383948898865772011302940523990213422296817,46581835831525280126714747999686373127429627947256474439860896007472960168455,true,
peru_first_round,PER_2026,ACTIVE_RESULTS,0x2d34bd02ac41827f92356d8d6fe491f553d8dae0e6b10d136120a29f91411c0d,1656661,PRESIDENTIAL_FIRST_ROUND,32677005595023110868742257564029774093429143861850369748824019727520475710,72043640680721424744242522917855774342689843821498431027780546226439196721707,false,ACTIVE_RESULTS_NOT_USABLE
peru_first_round,PER_2026,ACTIVE_RESULTS,0x2e1d5d3bc218a34cca38c44957e6b90f292f8cfd63e8f2f3340c695300540495,1656091,PRESIDENTIAL_FIRST_ROUND,19563166585407028028260945093722081746349565072205441783405816389408664837111,42705726258837606963786292211664219025708523176895861904849170538623491628512,false,ACTIVE_RESULTS_NOT_USABLE
peru_first_round,PER_2026,ACTIVE_RESULTS,0x2eade5a95caecb7597740869423e5db001a77e67e271fd4d9362a4b1a2e84b35,1656538,PRESIDENTIAL_FIRST_ROUND,50215433413978036645799329568733968918037059064769354665229832612182421343874,101258810327239630482273753890060446017055134941562712835272088637112261475997,false,ACTIVE_RESULTS_NOT_USABLE
peru_first_round,PER_2026,ACTIVE_RESULTS,0x2ed5a189c5265a2712548809b360ccb275f66e31e08a76bccb53859ac7dd87b9,1656100,PRESIDENTIAL_FIRST_ROUND,15945126125074633281233500013321123351480510655144714955612150077151086769526,8298088105108625342625659838285845731100539271885848638724025752035756706951,false,ACTIVE_RESULTS_NOT_USABLE
peru_first_round,PER_2026,ACTIVE_RESULTS,0x2fbbabc415795e823df104c5524e60d8468020dcc0f4c7e5196d99bcf2eea4ac,1656506,PRESIDENTIAL_FIRST_ROUND,63784150502153165723659810002614895960992143842645051658922882728198546899277,96471642718017647056692505831444895378360538340470760963542342260013155200638,false,ACTIVE_RESULTS_NOT_USABLE
peru_first_round,PER_2026,ACTIVE_RESULTS,0x306297e5d44ab540192cab8bda33c1f2ef2afd4503f797d19cf7053dc66dac14,,,,,false,CANONICAL_YES_FAILED_CLOSED
peru_first_round,PER_2026,ACTIVE_RESULTS,0x30a81bb91e50023f39ec0addae3d679c5997b1926dc4852a32fdd90cab3bd4d7,947231,SENATE_OR_UPPER_CHAMBER,66423340068906670982477336529738843742269058064668691612569872472612376275919,70964254615679049373739041470882080908487284289012954787354912989250745195640,false,ACTIVE_RESULTS_NOT_USABLE
peru_first_round,PER_2026,ACTIVE_RESULTS,0x31bc719248d9499ab18c3546632e005a9564b17baeb343df125609c252d62b2a,1656612,PRESIDENTIAL_FIRST_ROUND,99854719684500233552956438303745096496878079144309843550355102887549084481663,67934172756823651467296874671508859490891471224497866587988076006113824822660,false,ACTIVE_RESULTS_NOT_USABLE
peru_first_round,PER_2026,ACTIVE_RESULTS,0x31e6739664bdc4bfcbdd7e33ebb0a9d55207e6304d21402c682a52ceac1a92d8,1656577,PRESIDENTIAL_FIRST_ROUND,14750243694591926975968375148988713682683111899588328860654181305310103961169,77623887803598511912585348016661227528363645848860148908357349197016757485817,false,ACTIVE_RESULTS_NOT_USABLE
peru_first_round,PER_2026,ACTIVE_RESULTS,0x330d025cc8e824f6b7b028f1ae2508743ab11de449b22dfe04795258e1b6a5c9,,,,,false,CANONICAL_YES_FAILED_CLOSED
peru_first_round,PER_2026,ACTIVE_RESULTS,0x341274e58537e8e5ad03f4750284341da35dcc4003acce8901d1838ac53128ca,1656536,PRESIDENTIAL_FIRST_ROUND,113122151949482909924880550959119739962601138968837819317896510653787301310355,400888525240457149731144678827991907211965782818387491489292783293031593973,false,ACTIVE_RESULTS_NOT_USABLE
peru_first_round,PER_2026,ACTIVE_RESULTS,0x34513d1737443a4487536227bb36aedcc5ac32fd8226c55537169a4a28e167f9,1656589,PRESIDENTIAL_FIRST_ROUND,35208769897939112772648778492062058892660141203790951377876341979688826583666,56686160838934154531387688036892669435593648755338230218971545405797026661821,false,ACTIVE_RESULTS_NOT_USABLE
peru_first_round,PER_2026,ACTIVE_RESULTS,0x345e333b43cf5634e559414f5209e2b8346f38c75f2e6dbaf8b6eb79a11c944d,1656080,PRESIDENTIAL_FIRST_ROUND,78333628587488429381618820842635976129245710496073552765768823052716310103791,20984173324190698858037561862801077481577568024185482456461078794089234187110,false,ACTIVE_RESULTS_NOT_USABLE
peru_first_round,PER_2026,ACTIVE_RESULTS,0x35ccc1642ee9d8067402b3117bf0f61d638deece559197638446e86c5d4aa695,1656071,PRESIDENTIAL_FIRST_ROUND,112531256313027322603252751695224530959195680357394303591176175431999965289501,88615377598960610872814459426940045858089490440843431207524648263479521846421,false,ACTIVE_RESULTS_NOT_USABLE
peru_first_round,PER_2026,ACTIVE_RESULTS,0x365a25fcdf1ede86f32f2faf90cb58592919df9174202fd574ee38dde9f91076,1656094,PRESIDENTIAL_FIRST_ROUND,74896134903088005177746765957422289255736279541360925265338936893946496126500,49013258654483803681615006023005088286096228072818206602041901728119140264611,false,ACTIVE_RESULTS_NOT_USABLE
peru_first_round,PER_2026,ACTIVE_RESULTS,0x36c233eb5eeec3300332ee463027adb6a7bb521df9780d9e7e0c028c7f1d0b9d,947246,HOUSE_OR_LOWER_CHAMBER,18437570836798015508413588163545824725618221508204528541518274807911968426256,2822597212294683709377210936675099388306806247992179496447231194913755062404,true,
peru_first_round,PER_2026,ACTIVE_RESULTS,0x376c0c0a9da2c81cc1faa8c48aa4815b12c6b9bba54ef9fe4bd2663159ba3b9e,1656644,PRESIDENTIAL_FIRST_ROUND,28770257381209525364735053341087553571804797769836417671010607065265038107541,13925779649113810391354205739196364780496594808125299839580474699763817316424,false,ACTIVE_RESULTS_NOT_USABLE
peru_first_round,PER_2026,ACTIVE_RESULTS,0x37fae8ceb9d3067dd8065bb2364bac098ebb0fbbc2fe9e374a7467ee1c8a0120,2483769,PRESIDENTIAL_RUNOFF,76622390306274677194136922990243067490720446579612838558231337498466359059572,59808933016461469986732617770386510005353286737041928127338907353909283203932,false,ACTIVE_RESULTS_NOT_USABLE
peru_first_round,PER_2026,ACTIVE_RESULTS,0x3a92bd4f458a902f13b7029102d6eff165098ce8b23b3abb0ebc195d8ec1ae5a,1656666,PRESIDENTIAL_FIRST_ROUND,106184988316967414270937784377776153312978748957674928637302025717039502043342,9814575385569085295455892845013789298430499211221429743434063573697087766763,false,ACTIVE_RESULTS_NOT_USABLE
peru_first_round,PER_2026,ACTIVE_RESULTS,0x3aec41fee9edc59c2b98d439dba86debe339e35f62ac4cdc8de01ab1a5b93f21,947277,PRESIDENTIAL_RESULT,16452855558136653776561048576768137577528096989756809438471103880971273573161,107331660375502705357117385329474376336418685911490580766538280226777407259357,true,
peru_first_round,PER_2026,ACTIVE_RESULTS,0x3b9ab62c2618673915d70501ad4c8440142721c3b041a3e9d4e10e41e643f0b4,947229,SENATE_OR_UPPER_CHAMBER,44261736463145083749880986877209938233006752440239790516976842846680588189210,67493399015803557130744952245556440628421251799139215841574360432690704016990,false,ACTIVE_RESULTS_NOT_USABLE
peru_first_round,PER_2026,ACTIVE_RESULTS,0x3c5d75f013552994b2b27948d591ce5c7e3102fdbd6168121e0bc786ec2544fc,,,,,false,CANONICAL_YES_FAILED_CLOSED
peru_first_round,PER_2026,ACTIVE_RESULTS,0x3d3e672106e4a704bc05c680e7c33ade4c7d422a47b1e29978f50c840bd494fd,,,,,false,CANONICAL_YES_FAILED_CLOSED
peru_first_round,PER_2026,ACTIVE_RESULTS,0x3d654127d7476032a550f6ada1135f0e0e323457f0c31f7fc34f1cc87ad6b1de,1656618,PRESIDENTIAL_FIRST_ROUND,2637733578591743963168751835681026291359891898612006458850071889095095131737,22794614925714520837030500569806909200618809505195062917281166216044770664727,false,ACTIVE_RESULTS_NOT_USABLE
peru_first_round,PER_2026,ACTIVE_RESULTS,0x3df010d36e5abc23b2a479508538ba89afb816a248685ef8bda3971c8cf37a8a,1656668,PRESIDENTIAL_FIRST_ROUND,68783151736097753706667946682202504744315976849716791979442216508580712271370,13376251147082105429166098726134933515744612625245787007264651121036379222979,false,ACTIVE_RESULTS_NOT_USABLE
peru_first_round,PER_2026,ACTIVE_RESULTS,0x4025073cedd026e9adb9ccff3821779c00792854e7754daa3eafed301e41edb6,947305,PRESIDENTIAL_RESULT,104684177361879293772451967369395447852198309451265624296636331715537531335257,100361975084631441882392825306826553731934596012534969070900596262835759520005,false,ACTIVE_RESULTS_NOT_USABLE
peru_first_round,PER_2026,ACTIVE_RESULTS,0x40a7ea3a3be12c58027b38ad54e67d13e1470a08e2d90b4f755d8583d2e62586,947243,HOUSE_OR_LOWER_CHAMBER,4103584660849016261926899759260907804965204571034760636435809850834353581497,53151011326408290509443303941312491470892640406411543784313501731716182355871,true,
peru_first_round,PER_2026,ACTIVE_RESULTS,0x41432f60cff78fa0e2da59012711172a6a356a7edb9a6384ca20d69bd26ea7ba,947247,HOUSE_OR_LOWER_CHAMBER,57042034049005848559977466041602099612634118358272974129997354272684145047793,23874645243575764208526651218082973092836882796222141904845803575226764206411,true,
peru_first_round,PER_2026,ACTIVE_RESULTS,0x432e3bff20596f36c22e015ec23182e591ab7c37367e1ad96db73dc5984ddf5b,1656087,PRESIDENTIAL_FIRST_ROUND,102050387779980058053982204048293317397871274479597262029676946390187208574632,87795140423029092105202279745639383208977959464047735608376480395131029648599,false,ACTIVE_RESULTS_NOT_USABLE
peru_first_round,PER_2026,ACTIVE_RESULTS,0x433dc2164fa59ba584764579cd1946b66c6812d28b07b113a258d39b8cda528c,1656584,PRESIDENTIAL_FIRST_ROUND,14210730732764474449313579917628685525084660130591959539437496438068414679169,30717291491625772650990677169204913218210863748521809727873814693171532786307,false,ACTIVE_RESULTS_NOT_USABLE
peru_first_round,PER_2026,ACTIVE_RESULTS,0x43c5da95a4aa4c6ca5d9b135afd6a98789a2c71d261c312f0b9e0fc8d5363dad,947233,SENATE_OR_UPPER_CHAMBER,47080922912641147770694786385733537681952071827462878898679058540253086374192,17454305746943056096745489796274632993772498514333519731240566852994761845851,false,ACTIVE_RESULTS_NOT_USABLE
peru_first_round,PER_2026,ACTIVE_RESULTS,0x452c7d686e8e3daade7142157dacc541632bbf8a201d5f4a290b3bc1ab8fa0ca,1656093,PRESIDENTIAL_FIRST_ROUND,46440998649347121908889433106162516612360394088587047839076836545508242420177,37978070179543594897236953141883655204348805643182609839349099517797718106483,false,ACTIVE_RESULTS_NOT_USABLE
peru_first_round,PER_2026,ACTIVE_RESULTS,0x4560e68d83bb06638480ef68919036da150cd28b85a19248e401162d037d5326,1656603,PRESIDENTIAL_FIRST_ROUND,78362339450962939442121486021741229632599109643809901558787866858261751626223,109777766389746219835853582158231802455247180494693694820581517991786016480650,false,ACTIVE_RESULTS_NOT_USABLE
peru_first_round,PER_2026,ACTIVE_RESULTS,0x46fab0575f0cefd9a12febe60567a4155d54602869ee739adb76f81eed2c3c8f,1656535,PRESIDENTIAL_FIRST_ROUND,43607760705878381273557992785446637476051583340459869732578975540320570107068,55348461762646570790861364449189083922496724573689115238569969391094977104341,false,ACTIVE_RESULTS_NOT_USABLE
peru_first_round,PER_2026,ACTIVE_RESULTS,0x48b918dabeed4d55564acde888189e3e6dd225df1aa9644e02cb31ccb8762f6f,1656656,PRESIDENTIAL_FIRST_ROUND,19983354572636791975062075685708592257095143452306825830647129496294634827570,84559679811008365219332218084240528788056526649874654603779506421845904401156,false,ACTIVE_RESULTS_NOT_USABLE
peru_first_round,PER_2026,ACTIVE_RESULTS,0x48e9ded29eafc04dc92a76ca21a7af0991c7937a654de70ce29b7f79dca9f55d,1656642,PRESIDENTIAL_FIRST_ROUND,23372257061026697787000258809898604337402323665127992994044470665872956161452,51679123559852796773360199551102900221817429320826983452951572960491406680571,false,ACTIVE_RESULTS_NOT_USABLE
peru_first_round,PER_2026,ACTIVE_RESULTS,0x49e1ea2dac5d7d1716d48b3fa8fa03a767b30a656a2860e85fbb45872fbba9fb,1656503,PRESIDENTIAL_FIRST_ROUND,69243492192511689689636949602062255551519733590643403603175901013241016692618,45418587110356603399160732764173761278478870188701981577202985305426666784442,false,ACTIVE_RESULTS_NOT_USABLE
peru_first_round,PER_2026,ACTIVE_RESULTS,0x4a44b6932afb5e921705dab625ba8899473a169dd7eac9b6d33dcc31814099c1,,,,,false,CANONICAL_YES_FAILED_CLOSED
peru_first_round,PER_2026,ACTIVE_RESULTS,0x4ad87cdac42bf6e14f7a56ca5eb20408c03305a556bb506b0d7ed16892ebd104,947234,SENATE_OR_UPPER_CHAMBER,104547248054397669918775193610635467603684517368430778185595558322684171273788,28041471557661184741302119816853365580047912041215682389991838879484458251951,false,ACTIVE_RESULTS_NOT_USABLE
peru_first_round,PER_2026,ACTIVE_RESULTS,0x4b6f86f7593e49f286f2e7e57489769cffa49fb7eedb2b0647a0f6e520ae304d,1656507,PRESIDENTIAL_FIRST_ROUND,50838911812186027061239609230477208870192534146311346616497028001966708181533,47839790901057113190197382274280651460652584185652426645665448114105772320198,false,ACTIVE_RESULTS_NOT_USABLE
peru_first_round,PER_2026,ACTIVE_RESULTS,0x4b868d7e0b387de7493e591e89fda42a2f8babe8b32ebf4c15af5ae83cdd5584,1656495,PRESIDENTIAL_FIRST_ROUND,59570858023185842517870843488431337277633671455736631702268326623708365587538,14011862652656855006127051653679150998906942307102755995752714320411269773667,false,ACTIVE_RESULTS_NOT_USABLE
peru_first_round,PER_2026,ACTIVE_RESULTS,0x4bb97d5995fd6e774deb800f347f07d5b448a09a49998917a62c1d1295581b24,1656637,PRESIDENTIAL_FIRST_ROUND,51526760676688407938881361599919783120573714033353480058779290043441275105116,24314576075263227381369016930019455052510097753027179439380326835963202154680,false,ACTIVE_RESULTS_NOT_USABLE
peru_first_round,PER_2026,ACTIVE_RESULTS,0x4c26eba7a5ea4105b863882f26d1f770e67f0859d0858b28c48cdf5502630990,1656582,PRESIDENTIAL_FIRST_ROUND,8078426731411685685528244695437186598890338581566943378189712282919907029271,28382437685083101839880865383507422066672730245006809008672241836207194442750,false,ACTIVE_RESULTS_NOT_USABLE
peru_first_round,PER_2026,ACTIVE_RESULTS,0x4d422c62ab2779cef04e89786fccad31fb8254ec6a5e25b3ed47b142f88d5f80,1656639,PRESIDENTIAL_FIRST_ROUND,65737044589045584577766276986821794687526103004203994468494860397105549087149,35142851834292797405754001239506195058745465517189288946424837986146570522614,false,ACTIVE_RESULTS_NOT_USABLE
peru_first_round,PER_2026,ACTIVE_RESULTS,0x4da323d212ff1eb5785de9e3ec0b852ed3bd0f84f0b6d1f908e93d82dba47b82,1656583,PRESIDENTIAL_FIRST_ROUND,57117623667331735297220832995450027619422326715337677748717421189968937068460,23144316560453200094780924811043736644533679069865594550726503942531990160215,false,ACTIVE_RESULTS_NOT_USABLE
peru_first_round,PER_2026,ACTIVE_RESULTS,0x4de9190d737afc1bc80cd362208aef89d621b1f805d6dc1ffeed722a4fa93597,1656587,PRESIDENTIAL_FIRST_ROUND,49946912550890838294621910823065868853547643360729093813166423493705260721279,114016384518675758655044529214635427192063745732978042917472413959877508367155,false,ACTIVE_RESULTS_NOT_USABLE
peru_first_round,PER_2026,ACTIVE_RESULTS,0x4e7de7bb389911c12825a628d2524e96de4dac3b25a4778947d23e86781a7de4,947256,HOUSE_OR_LOWER_CHAMBER,51746453725550649140677539689140912110205625798646393135466571652451251312662,92626439022882906587582725957553692569008424879065234056698341799560160273613,false,ACTIVE_RESULTS_NOT_USABLE
peru_first_round,PER_2026,ACTIVE_RESULTS,0x4f249a6b22cbe35d650075d041dd18d4d322967d1e543a4bc5708be2cb6ba9c2,1656678,PRESIDENTIAL_FIRST_ROUND,51926977012593725226487226602000675291648429354539227670346368857938156017804,69809320739500090065743412589692375649714354203133799725571919752676338310668,false,ACTIVE_RESULTS_NOT_USABLE
peru_first_round,PER_2026,ACTIVE_RESULTS,0x4f78635e32e7daf41e44e890a857318a9a83dc51c011bab566e49fc4889156de,1656526,PRESIDENTIAL_FIRST_ROUND,50282189946792908735871963681295529252244920419359132302910161531495370603078,19646036008514707253384785277012303509020477117632510169754428334008851838191,false,ACTIVE_RESULTS_NOT_USABLE
peru_first_round,PER_2026,ACTIVE_RESULTS,0x4fb9865bd3cfe4f0376d137f782eef23e1900d942c8a1bcf9cee163bffabccc5,947308,PRESIDENTIAL_RESULT,66038109323947187552336312360737292300202393337799564108283168357122249760602,17258915299972566645739165942127442544048660003384222864629421729295418014945,false,ACTIVE_RESULTS_NOT_USABLE
peru_first_round,PER_2026,ACTIVE_RESULTS,0x5023ce6ae3684d40d9edb5cb3cb5ed79a1d3f77c06eab00d8c013f1dfbc1e1d4,1656664,PRESIDENTIAL_FIRST_ROUND,70070802100213973026300305358501270649253414331375184249476190545189706999427,84954523669328989535033911456246538700114576453528058299968059857933549754453,false,ACTIVE_RESULTS_NOT_USABLE
peru_first_round,PER_2026,ACTIVE_RESULTS,0x5046d76b50d1b4f6f1e6d64047f4737d4809396e0adb9225ae4f093a2a240248,1656620,PRESIDENTIAL_FIRST_ROUND,107825900821854820774284176405401344088149492224666265276496873681185672117145,82849156005700583296648769630056186360022497287275025430754731236588230336785,false,ACTIVE_RESULTS_NOT_USABLE
peru_first_round,PER_2026,ACTIVE_RESULTS,0x505ccaddb2165d87a3326405dfdfd3ffcca5055e74288bdcc3457c0d86564031,947307,PRESIDENTIAL_RESULT,67843309233200723328462101623859116081789261352602486452858124345763745522718,99375452436992660795928663270262388125591742348425366002556688709595866730919,false,ACTIVE_RESULTS_NOT_USABLE
peru_first_round,PER_2026,ACTIVE_RESULTS,0x50644511ec007a5ee06e97c2fbb033a0f4ad0842e86e48b805bdff1a10dc83d1,,,,,false,CANONICAL_YES_FAILED_CLOSED
peru_first_round,PER_2026,ACTIVE_RESULTS,0x5099576cead6e75f0b10cbabce844892b035a55eed47e8d0b50946f003b182d0,947239,SENATE_OR_UPPER_CHAMBER,73969824101293234002217684501244553092563472982763961189200497483890820776025,87049799605130840648120552194028851695498003461549378352407672251525621083881,false,ACTIVE_RESULTS_NOT_USABLE
peru_first_round,PER_2026,ACTIVE_RESULTS,0x53dca3c8ac0d5af9fcad470067edbfae1784186f51a5680813c5c364428420dd,,,,,false,CANONICAL_YES_FAILED_CLOSED
peru_first_round,PER_2026,ACTIVE_RESULTS,0x540c10db3c4cf6fc38e9ccb34c92f89041f173b9289feb6e5ddd1a92b90ddc7e,1656598,PRESIDENTIAL_FIRST_ROUND,85887505920224736906942641663620585562362199241311522503354301534035377032510,113172920372584616801630925685487362701058908495445094901920336430424286160589,false,ACTIVE_RESULTS_NOT_USABLE
peru_first_round,PER_2026,ACTIVE_RESULTS,0x548c375c04905c75363931e5fcd7d0194d69c427c1d161e029d33ecce0812264,1656529,PRESIDENTIAL_FIRST_ROUND,96448127851385183103993150659362532531424355899374045343643607904791270599053,19317257672667328680110137822520358244180024146176284908029280673035867336949,false,ACTIVE_RESULTS_NOT_USABLE
peru_first_round,PER_2026,ACTIVE_RESULTS,0x54ad34c26d8988063f54f28fcf7fca9287866328a203abda00ab9c07a4ecd3b8,1656677,PRESIDENTIAL_FIRST_ROUND,13632462743795947505981783295513475020777014140682378574804744520599276668933,64932992489330516068632151335392878301666762035334182608868748373713871134533,false,ACTIVE_RESULTS_NOT_USABLE
peru_first_round,PER_2026,ACTIVE_RESULTS,0x5503e0e6e343788fc77ec8152e7b25ea86212101419d74a25007b0cb8f41f3c7,1656669,PRESIDENTIAL_FIRST_ROUND,73561632456086702051161983601178980555366505199323862448949873891390490970656,35570589175126659689005587770739433928272198883206476965935196712214432638015,false,ACTIVE_RESULTS_NOT_USABLE
peru_first_round,PER_2026,ACTIVE_RESULTS,0x551f70a07519a9cc1cf5c5b98151a09c6034592af5bfa606a226ece87fade4f9,1656670,PRESIDENTIAL_FIRST_ROUND,71893590118789497184788735482804745435353891665508773858029053762642189006918,72607246380820910228615585779355679310592783187524586153722417304029465178170,false,ACTIVE_RESULTS_NOT_USABLE
peru_first_round,PER_2026,ACTIVE_RESULTS,0x554542102403f12796b0f8b519adbcd966c12f7ec6652392ef78fb653de4f7bf,947245,HOUSE_OR_LOWER_CHAMBER,35032655183130812673570952719969467635956698944748396282601004870737609580612,91858091952465373327330554200282065876579284773133287865980298779420218080925,true,
peru_first_round,PER_2026,ACTIVE_RESULTS,0x559169dc253010f9f8fed2f52912738a58a7acbbc7c723ef6e36aa4f425ad058,1656511,PRESIDENTIAL_FIRST_ROUND,102407131011762190625025274908727181668047342595338940271164167446394909445218,50304266130063433362838454843424465280816524273922814043926261248626633530956,false,ACTIVE_RESULTS_NOT_USABLE
peru_first_round,PER_2026,ACTIVE_RESULTS,0x5705c614c29088c49ba8244545db259b87b6558d5f559a4c1deb4410af5b86ec,1656593,PRESIDENTIAL_FIRST_ROUND,64866872424726683838654178059791068204928767127333575689404338548012399128594,71537866831587739610773181525471546991399140001271406872349759046428543891792,false,ACTIVE_RESULTS_NOT_USABLE
peru_first_round,PER_2026,ACTIVE_RESULTS,0x57b819288ecaa4eb9bb6fa4e2b4dcc233baafdb6571f94f7393d01e235ac13a5,,,,,false,CANONICAL_YES_FAILED_CLOSED
peru_first_round,PER_2026,ACTIVE_RESULTS,0x580baecc0ea01d32d608fcc55699593f83866f03d5f7601172ff1be18e781c07,1656592,PRESIDENTIAL_FIRST_ROUND,98961969927651322882437980864806922516677051950709245896233047388110416610749,97228686899820777862539836150740653286555879950747266173836641922267184216383,false,ACTIVE_RESULTS_NOT_USABLE
peru_first_round,PER_2026,ACTIVE_RESULTS,0x5823ed8612ae0047a21fc48b771776b63844c73d55fa71c122227efb1bf6bc57,947309,PRESIDENTIAL_RESULT,67903633202977737833402986689912361990598575279638982611591192564125522188777,96329095456081537397818303286729700630507818842673318422239713272159386384532,false,ACTIVE_RESULTS_NOT_USABLE
peru_first_round,PER_2026,ACTIVE_RESULTS,0x5951bc8b879e742cd41bdfc1f7a5536811bf7a9c58de021395c796798340285b,1656579,PRESIDENTIAL_FIRST_ROUND,12195464566033820649522860577139752897855294565306308774615951975020179809760,38110978645939228512930062366178905154753186689599595380849322334840772796424,false,ACTIVE_RESULTS_NOT_USABLE
peru_first_round,PER_2026,ACTIVE_RESULTS,0x59bce90d9a5df1b2aedbb01a6b17cce37439439208f64219c5b9b9ccc1838489,947304,PRESIDENTIAL_RESULT,39466632769343460539651910163076069182347797009774435770751792396354719087298,4077515590371658885204167812255532666974534108716309391487761682432545328621,false,ACTIVE_RESULTS_NOT_USABLE
peru_first_round,PER_2026,ACTIVE_RESULTS,0x59f7aeb8024c3f6fbef1aa759ebfc3ad0263a4699d2cf278bd3358d789b03a15,947316,PRESIDENTIAL_RESULT,44140973261077485817720945110307626268479384775387671029952471641824200595783,23818702176176805932042292757368821747968172741992054172479933851973356677151,false,ACTIVE_RESULTS_NOT_USABLE
peru_first_round,PER_2026,ACTIVE_RESULTS,0x5a3c6591dced00006653110e358c49cffd646d274c4642e4c42d80ebaa500c10,947313,PRESIDENTIAL_RESULT,59465215195177089414832170328356296006437043433624480720057475227899872295108,31180245202825905020097980866556116459070604752923122903312803758171671738161,false,ACTIVE_RESULTS_NOT_USABLE
peru_first_round,PER_2026,ACTIVE_RESULTS,0x5b046c471c54dcfc4ae8d953eb1543973c5a2f36e3cb7ddfde250c100a370de8,,,,,false,CANONICAL_YES_FAILED_CLOSED
peru_first_round,PER_2026,ACTIVE_RESULTS,0x5d7d7b69fa01de364783610f92e722b63f2e7a2586128e43dbf391d975315b72,1656545,PRESIDENTIAL_FIRST_ROUND,41999312639774574883018497876396616660580930651911607702848868249785659221883,30207535111583990409831722225979156736207382331807324016366490232314474862285,false,ACTIVE_RESULTS_NOT_USABLE
peru_first_round,PER_2026,ACTIVE_RESULTS,0x5d9b91f695735bb149bbe57d5cad3886639563e957d5f564384779b959bc4b3d,1656077,PRESIDENTIAL_FIRST_ROUND,80947756194353850489867444710122711580181727730278152038516846567035796092774,78919744820614246173589976473987070527297796440147509710750207505563617298087,false,ACTIVE_RESULTS_NOT_USABLE
peru_first_round,PER_2026,ACTIVE_RESULTS,0x5e7d3b7cf87325cee6ae6c7417d6e9d7250c4cc2dc912b18ce5cdafba4e6a647,947280,PRESIDENTIAL_RESULT,13489012588233322368311367883402374394605806123068707609937025667605598991327,90345128748583198863370606568494221504139539681370131445138326065698729118736,true,
peru_first_round,PER_2026,ACTIVE_RESULTS,0x5ebc51061f4bc2bd1f50dcd736b43de3cc0e471de8b4d6e6b3951670a57d03eb,947242,HOUSE_OR_LOWER_CHAMBER,92630754815153019913281002984440535410880277334175699573101680610900343162129,61103528961204428436449017288801738534045263541274574470094065985785029924455,true,
peru_first_round,PER_2026,ACTIVE_RESULTS,0x62835bd068dc52e723c0fb4cc95b4561eb38742db1bd86ff73b95322e49a5b4d,1656499,PRESIDENTIAL_FIRST_ROUND,107852546865334597301868914227394757538876595032108521199910226311613126337155,12641689386954092878588356137284577954579980066794234187235818132974848723582,false,ACTIVE_RESULTS_NOT_USABLE
peru_first_round,PER_2026,ACTIVE_RESULTS,0x62ecddfd66cfe53fe5b444855c914247aedf29396f8ebd3373925402afe4d16c,1656497,PRESIDENTIAL_FIRST_ROUND,28477229694919355015404054701807015326788104063540844884548739914181740932043,19237707404503420737158021917275251001399539248401497264663452504866554205605,false,ACTIVE_RESULTS_NOT_USABLE
peru_first_round,PER_2026,ACTIVE_RESULTS,0x655efe3c27db7b67ce2ed887cf090382b97ef58e3fdcae1a5be8b7b91b8f38fb,1656647,PRESIDENTIAL_FIRST_ROUND,77170949983561020924071252726702386119367884110948908019044083084762986404835,4126152831700975226958991891424965942768588777902285875461780025059948902898,false,ACTIVE_RESULTS_NOT_USABLE
peru_first_round,PER_2026,ACTIVE_RESULTS,0x65a4face198cfc34611e388f305d1a1d800cc9610f4bc29de7648aad37e85833,1656616,PRESIDENTIAL_FIRST_ROUND,15269885001159465269385057662890717849729428793838226746163272579676842464343,72679211952832559510545639405872442588593499845843340084648765514853535566114,false,ACTIVE_RESULTS_NOT_USABLE
peru_first_round,PER_2026,ACTIVE_RESULTS,0x68028eaee3457027da9bf87982822a90d8fb204698edabd8c65228b2b5309359,1656489,PRESIDENTIAL_FIRST_ROUND,66160597150125005813025761541846011381565523352751523634952308575326581061336,106611322194616005763814414170843834957028174432922581807267895665544442870992,false,ACTIVE_RESULTS_NOT_USABLE
peru_first_round,PER_2026,ACTIVE_RESULTS,0x694bb375a2c1ab7eeced24a3adc916938a8c649d421afc583de7942a79d9ac93,1656491,PRESIDENTIAL_FIRST_ROUND,60202244459212891400310873267914170276813289134934501079034275061280387392168,28778613035752203901149969479689564526003621630380281288539601229400719653943,false,ACTIVE_RESULTS_NOT_USABLE
peru_first_round,PER_2026,ACTIVE_RESULTS,0x6a58844c4dfdf677adb5e20bcefb851833cb335210e139ce37e63482e0679617,947285,PRESIDENTIAL_RESULT,106149607129123969375875674066349472207365000320829658467476477807489090216657,14969516031563090270424765470423878757708232459011022842222939621886930920110,true,
peru_first_round,PER_2026,ACTIVE_RESULTS,0x6b7c917854a1b60cfccbf500f6fcfe52b02a9cffdc7255db0ae523f1b99d13e3,947298,PRESIDENTIAL_RESULT,48001836685838243403631083225691634640603844570321145475000594824841338214434,31740843303184891681924494883386194716189013801794494288204007649435969967194,false,ACTIVE_RESULTS_NOT_USABLE
peru_first_round,PER_2026,ACTIVE_RESULTS,0x6c68ce2edd28f995a823173ad0b148e617f97f165d89e6fd2587b4566f4c4e71,1656614,PRESIDENTIAL_FIRST_ROUND,53312187574796522171335088540162798712735610967260709509781916221689617443896,100620895053851362808677813988879397166237625834079272579937698901334391675384,false,ACTIVE_RESULTS_NOT_USABLE
peru_first_round,PER_2026,ACTIVE_RESULTS,0x6d5a84ef293382be06feb2bc6f85ec1d967e177098622ea190d95b7782d34146,1656508,PRESIDENTIAL_FIRST_ROUND,4476380522559557342610564135628786143487151331851721655561883233809770098101,49076386768982225115298701094140221905224162777787814946900375050735942509247,false,ACTIVE_RESULTS_NOT_USABLE
peru_first_round,PER_2026,ACTIVE_RESULTS,0x6ebd86ea338e324343544dbd541263f5577d9efc66f11be8dea3bc2d14f4aad1,,,,,false,CANONICAL_YES_FAILED_CLOSED
peru_first_round,PER_2026,ACTIVE_RESULTS,0x6f0b9e1c094bb7078e701286ec59ceb3716145fd91e06edc1b401037c06e794b,1656659,PRESIDENTIAL_FIRST_ROUND,80140785028320777161112164733118312662803177273475812044295157019920791918573,99832617644461320335763406620957162140896488614945366985839515766941160697420,false,ACTIVE_RESULTS_NOT_USABLE
peru_first_round,PER_2026,ACTIVE_RESULTS,0x6ffe7fcd3448d3543086fc7dd4f43850fbdf047afde2da76474b370c24c9bfcb,1656681,PRESIDENTIAL_FIRST_ROUND,71933129824535956235631440810859871143588363317792701888378323307163374102119,63513787942243084939008044642933927662920608119037457224213978525620876683544,false,ACTIVE_RESULTS_NOT_USABLE
peru_first_round,PER_2026,ACTIVE_RESULTS,0x718b4dc215cc619fe202f7769c6e46c6868fa6591878549d66b90355e15ed01e,,,,,false,CANONICAL_YES_FAILED_CLOSED
peru_first_round,PER_2026,ACTIVE_RESULTS,0x756054f7366dcc97ccbd53e7400bd3e486c4576fc5e205e6b219061958a35c47,1656578,PRESIDENTIAL_FIRST_ROUND,36168214845206734819408814725147371491609603719556167296553036976571721607076,27944683630665738047685111873380162544128543245237967503547958697137742366915,false,ACTIVE_RESULTS_NOT_USABLE
peru_first_round,PER_2026,ACTIVE_RESULTS,0x75f8b593544f1132e30d9908c57f44ffeb287499d9cb589dfa6cb9bfed23183d,1656076,PRESIDENTIAL_FIRST_ROUND,18022990443329283605600134695379844619365883714586064757823373488797728403012,111159599771883628392694226025938454986424718279763532009218944624093465409275,false,ACTIVE_RESULTS_NOT_USABLE
peru_first_round,PER_2026,ACTIVE_RESULTS,0x7630e4e68082fe2e8885ac490b61841cf1e28caa6af45f481c809eb6d8fcc1c8,,,,,false,CANONICAL_YES_FAILED_CLOSED
peru_first_round,PER_2026,ACTIVE_RESULTS,0x76ed1542e304be8e7f8b03eaf9293aae7139d4fa30741a6762833763f76c51ef,1656676,PRESIDENTIAL_FIRST_ROUND,18712957620523210747619990987974943077830254157284274182216538823025759969974,99353367238793176774638043494826944591224881329063693475998772542667774774805,false,ACTIVE_RESULTS_NOT_USABLE
peru_first_round,PER_2026,ACTIVE_RESULTS,0x77d052cca87a43a5c9e278582c2b34ed228ebfd8cb94168d4ba4e7759c913d7d,,,,,false,CANONICAL_YES_FAILED_CLOSED
peru_first_round,PER_2026,ACTIVE_RESULTS,0x78f5630bafa15147941daa2fd2926b43febe6af1544cd9d8527b226914f3ca11,947273,PRESIDENTIAL_RESULT,9682518067153576122489405729520126083014940106724522567955145436832495666332,39116255474725201116938242776380787894386932760243104501094014247828169063490,true,
peru_first_round,PER_2026,ACTIVE_RESULTS,0x790d04324ceda5e7fd3b2e62cf043d45b74a9d88921b6b250212d0c9b8ba1afd,947284,PRESIDENTIAL_RESULT,79792255824743933242473584104148817428360729889676194064736978155093841181512,84111261424138725920819001498152283086592130527818581691512605079488523639157,true,
peru_first_round,PER_2026,ACTIVE_RESULTS,0x7965575591c9229a2c75c881555403f5e867cd5759545619d8ec061b2b08135f,947279,PRESIDENTIAL_RESULT,78299862190151688660680397893688466572696604800286917240516494924076147885439,41096463624503861532466033221737024440959770389240094367827254704799007044828,true,
peru_first_round,PER_2026,ACTIVE_RESULTS,0x79879ec1f3baa9e40ec709b8cf80b2808f6f55920c31a6cd4fa249f6e9d5be36,947224,SENATE_OR_UPPER_CHAMBER,8841508247493149090572045971327991291897288425911692193387659098920616934960,5206236671908770956533322859581263525961893951235820324690244172816002300176,true,
peru_first_round,PER_2026,ACTIVE_RESULTS,0x7992be6bdda4f7ab2224831f9bd7cd3192ccb9c02640bcf61ff6c389f7cda056,947226,SENATE_OR_UPPER_CHAMBER,21548267063852344197294411394442203429665465067575113504945752859692538216489,2303465978890391870026436364182166843171422434239795876553072163138980816397,true,
peru_first_round,PER_2026,ACTIVE_RESULTS,0x7a1561e746a33e811a736d9f6051b33c3e93a7034fa6697c085e6eb583d353cb,,,,,false,CANONICAL_YES_FAILED_CLOSED
peru_first_round,PER_2026,ACTIVE_RESULTS,0x7c67fa47ca157b99813c44719e80a78d085b2f24978debf5b6894342cb925716,1656604,PRESIDENTIAL_FIRST_ROUND,62955396929202244050987317418324544224250146712129313833468518758954137004519,17950827891635046728148544443765550179069394862481341758595281644614441491772,false,ACTIVE_RESULTS_NOT_USABLE
peru_first_round,PER_2026,ACTIVE_RESULTS,0x7de48a6042551ed9a7b5a66a521fef2c737508f88e2e806a79fe42424417b1fe,1656108,PRESIDENTIAL_FIRST_ROUND,92678766736509866439096640432420122791284016386572301981119297893027046647336,57209002243517499896023466931942039317155130715969048094671965789217747049148,false,ACTIVE_RESULTS_NOT_USABLE
peru_first_round,PER_2026,ACTIVE_RESULTS,0x7e507354cd91f6fa0e6fd304481a4c623d46f95dd898399705aa87fd639939d0,,,,,false,CANONICAL_YES_FAILED_CLOSED
peru_first_round,PER_2026,ACTIVE_RESULTS,0x7e54ac62666223c780c0f0f6a9aa42e255c9701b3d2933055a01f9e1c6e32ef5,1656600,PRESIDENTIAL_FIRST_ROUND,85510503821345864429450440223161346863463140676628716636784836273988204525431,96168932802019771214531994430827360749179395851802681107563446944724739805187,false,ACTIVE_RESULTS_NOT_USABLE
peru_first_round,PER_2026,ACTIVE_RESULTS,0x7f6a29b631d9470dc64853abd5c6a12c2705933d31aab6fb729c923dff4ab7ac,,,,,false,CANONICAL_YES_FAILED_CLOSED
peru_first_round,PER_2026,ACTIVE_RESULTS,0x7ff3358caa9d675558bde5c54a7f69ffb5597a8962c9171397a00cbba37fad6d,947249,HOUSE_OR_LOWER_CHAMBER,57833085672651787358627917822717588852962283260386259384993601239329477191467,9186486492289786649466889060688445082313065122826386244014573585285508972551,false,ACTIVE_RESULTS_NOT_USABLE
peru_first_round,PER_2026,ACTIVE_RESULTS,0x8042f9bc5b551b136dc8f5911ba32101fddbb6f0abf307d4ff5827d020f70b5d,,,,,false,CANONICAL_YES_FAILED_CLOSED
peru_first_round,PER_2026,ACTIVE_RESULTS,0x80e91f08bda2f25782cf24ccc19afed05193dcf19c19a8b7b4c869c4489e768b,1656671,PRESIDENTIAL_FIRST_ROUND,3956562691065967164380016937151075911028423873541769283700894435593024392615,23031593593238681211583031352468454936403988471344517885631737838088988538721,false,ACTIVE_RESULTS_NOT_USABLE
peru_first_round,PER_2026,ACTIVE_RESULTS,0x814e9e8e97b4e2d80d464130fbf5b39ac3b284a80c033a79dddc9c6b31cc450f,,,,,false,CANONICAL_YES_FAILED_CLOSED
peru_first_round,PER_2026,ACTIVE_RESULTS,0x81716ba8fda2e560590eef2692690bb105bd24e627941f79e8143fa0445a62a3,1656505,PRESIDENTIAL_FIRST_ROUND,3008915957565341679572461105942327420545512811572998717426010073109498192030,73730696589848077180352081325250078579205513067287569168518605029166057079343,false,ACTIVE_RESULTS_NOT_USABLE
peru_first_round,PER_2026,ACTIVE_RESULTS,0x81f7bb14105bf7e539517d286c31ccc8016ee82c26e443d90d28ef05382fa930,1656525,PRESIDENTIAL_FIRST_ROUND,51955104706219760935498657930228586948089738957155028470747915868786153696072,10175891504459102109019792798495557174475835637420081782582631616087607489696,false,ACTIVE_RESULTS_NOT_USABLE
peru_first_round,PER_2026,ACTIVE_RESULTS,0x82170dca58986ff34f6000f5a397a8f950f51cb5088012242f1eddf2cae3a85f,,,,,false,CANONICAL_YES_FAILED_CLOSED
peru_first_round,PER_2026,ACTIVE_RESULTS,0x82425bc0a3f62b018a880a3bc847133625015f2d710c111a39788e833126059e,1656090,PRESIDENTIAL_FIRST_ROUND,46187813824060621698569480451251285923297185073512332679589460879452032629076,16396777935399471171335907814302696578120785593906410609141830723884146033827,false,ACTIVE_RESULTS_NOT_USABLE
peru_first_round,PER_2026,ACTIVE_RESULTS,0x828f0240553f9b3c5346b58cabc03454319febcbb45d63cff3c35e62f73921b9,1656617,PRESIDENTIAL_FIRST_ROUND,58648725199867592408578643745514035016792388762481898752898825888108067962550,53898771932988102642643028208667661649179467295209610908065868250152550885765,false,ACTIVE_RESULTS_NOT_USABLE
peru_first_round,PER_2026,ACTIVE_RESULTS,0x82d5ffbcda5dc4cb5039bd59224c732c465dc6c052af3257f38055e8dc66b0bf,947276,PRESIDENTIAL_RESULT,68553529382068345183582892420839184781828369905058541872190738963134845555492,25777483678068537216302564805867161972132517562255796698395298673113246094964,true,
peru_first_round,PER_2026,ACTIVE_RESULTS,0x83b661c9e68dde865ac656f20a57572e7168239445bdbde65ea6665b7a4100e4,947240,HOUSE_OR_LOWER_CHAMBER,74500083728733584148299358961366660865158287035584890847432809281060790985243,25849494491520025004325601421985442513414260041923434930688729800422032150147,true,
peru_first_round,PER_2026,ACTIVE_RESULTS,0x84d4ec83244de33efd992beaf5980c6e5adbe8861850af5904b2540faa8d688c,1656653,PRESIDENTIAL_FIRST_ROUND,79098213769192995828277190629595627810113214331482712674050603613261822999884,75612176731043948188647222893300742347420481463028469527804333876934854892243,false,ACTIVE_RESULTS_NOT_USABLE
peru_first_round,PER_2026,ACTIVE_RESULTS,0x8597636da5c88fac4cde994e5766b8942447566954371a35aa14ee3b600f1738,1656067,PRESIDENTIAL_FIRST_ROUND,75570012865475719929842556760742549668199450147011073843273436256166271010980,92694699130916384128185282165488976785171203946038279125700031826528816268106,false,ACTIVE_RESULTS_NOT_USABLE
peru_first_round,PER_2026,ACTIVE_RESULTS,0x8632d968a446553e44b08c9da139c3b8d093e79a873c2ea1b859e84bb1365a1e,,,,,false,CANONICAL_YES_FAILED_CLOSED
peru_first_round,PER_2026,ACTIVE_RESULTS,0x87ffd647d774ae3042e5aab6b519da5fc9951dbbdac36c4a2c9e9c78e2e95daf,1656674,PRESIDENTIAL_FIRST_ROUND,73674887830687673221508573366816418104037721663266941501971372939729142687097,4194194192835091124731608659712017243036275498571202637422965856866566417428,false,ACTIVE_RESULTS_NOT_USABLE
peru_first_round,PER_2026,ACTIVE_RESULTS,0x88ea450ae9e9ffcf378d7c31538f6a0b460edf81e89bdd0124b53901d1fa074e,947252,HOUSE_OR_LOWER_CHAMBER,67906182462394896231327744094979404462710776445221043858980719516848050336620,6303773219959594879861061442956984047091172851970512098508049540383870642137,false,ACTIVE_RESULTS_NOT_USABLE
peru_first_round,PER_2026,ACTIVE_RESULTS,0x89036c378fa58f1e5ef07f42abaa3da60ed1d383b3986b2019005f54f6d00caf,947236,SENATE_OR_UPPER_CHAMBER,99686359086306145390701715937694251909831340731667208920978385026662076223651,83476937279274665285102795882127792136204274879828011609529670309854373271202,false,ACTIVE_RESULTS_NOT_USABLE
peru_first_round,PER_2026,ACTIVE_RESULTS,0x890e42f02a492c38dad5ad7f4b29eff4d728cf8c4e058de3fb05f0f2dd310abb,1656522,PRESIDENTIAL_FIRST_ROUND,81256551284270693979321722920472588940427327317897682458617365343062072417513,81376585702721771532209205422458586524564048771753332805067591033606027579101,false,ACTIVE_RESULTS_NOT_USABLE
peru_first_round,PER_2026,ACTIVE_RESULTS,0x8a734546fad5aed891f291fe595aba9d53dd7ed0b83e017ea0dd66a29b707475,947258,HOUSE_OR_LOWER_CHAMBER,33027571364325727076398521759420402314018493637265067505601509820459598018597,34839627488565958704171961288698401466653884279700173632444462704557591361317,false,ACTIVE_RESULTS_NOT_USABLE
peru_first_round,PER_2026,ACTIVE_RESULTS,0x8c64594d9b0538d259920162959a43dbf5fb055c49c1aa049d9003dd6952611f,1656103,PRESIDENTIAL_FIRST_ROUND,82431167838501357265575792077167948980173351567615061710087257087476905749445,107473763613324691971875164918806443096552238361078600272514070478798539282476,false,ACTIVE_RESULTS_NOT_USABLE
peru_first_round,PER_2026,ACTIVE_RESULTS,0x8d0e1877a90ae8a8a82d58802eed21bc5b74554fde0e4ef240a8409b6f143262,1656591,PRESIDENTIAL_FIRST_ROUND,67152332531720263429770959908532645283024428368763997192947586338254024758255,8519513567012886077801771173017562287773236217106680896356166240797971565846,false,ACTIVE_RESULTS_NOT_USABLE
peru_first_round,PER_2026,ACTIVE_RESULTS,0x8e63651ff842a838f708e3b73da1eecaca9341dcefaacec092b011bbe4c90f00,1656543,PRESIDENTIAL_FIRST_ROUND,3369903743111264306605732789602208532654873627646751127217117431458849885823,37825226423076123323767101448613129347878501948346856159783411060186211333432,false,ACTIVE_RESULTS_NOT_USABLE
peru_first_round,PER_2026,ACTIVE_RESULTS,0x902e8a5b57fa0bfd79625ce7babf14ff76ce7d355e173486f3769d9f6e6383be,1656586,PRESIDENTIAL_FIRST_ROUND,71685327812851141828166351708478327534607110580569554786632690063505069928348,90317924707202114018764559598129239453951542885223079373513296740346935565169,false,ACTIVE_RESULTS_NOT_USABLE
peru_first_round,PER_2026,ACTIVE_RESULTS,0x906a65452c3d74daa060ed61fa00f235145ca56edc115d59784722c3ac71c239,1656523,PRESIDENTIAL_FIRST_ROUND,113260272792148233680833024224048783212631439438069029223231530286980846540923,21039921743796724780027391648426554888350174972913876680638170723670587050033,false,ACTIVE_RESULTS_NOT_USABLE
peru_first_round,PER_2026,ACTIVE_RESULTS,0x925a6d3f369d56c9499a491f557f3989698b7514bdacb01bfb76c4764dff83f5,1656605,PRESIDENTIAL_FIRST_ROUND,71759967624281095633798090692718093254032609619640556918047908547698239099243,90466961293689191511350004608721693880378395141219681072084928230506987237470,false,ACTIVE_RESULTS_NOT_USABLE
peru_first_round,PER_2026,ACTIVE_RESULTS,0x92f213dc9f591c4dfea99f8fe3dc9e63a4156c04d922be40edbecace540cc78b,1656608,PRESIDENTIAL_FIRST_ROUND,101038419348889095943424373003329275351208430570240187612166616373518838513576,44521916093623726364888688452271150819171511208065932972704347549091876384472,false,ACTIVE_RESULTS_NOT_USABLE
peru_first_round,PER_2026,ACTIVE_RESULTS,0x92f925b3c8c2c17f2b250e5fc2bd2efc4ed73450ca4f503c658286627c63ce07,1656638,PRESIDENTIAL_FIRST_ROUND,103918207436665029639828041290061263988171837996219233187467653519681594764146,6052034010456160681877572047311139631588712438727540789175406731197647033553,false,ACTIVE_RESULTS_NOT_USABLE
peru_first_round,PER_2026,ACTIVE_RESULTS,0x93fe9d5ddef61d65a55671b8614045f256b00728b41685afcd9233013414396d,1656541,PRESIDENTIAL_FIRST_ROUND,89926570021269153150158732327299603523543737206883035197218263891624826749228,61753513871338818838697508246554063820414411109849125227601785350879175466100,false,ACTIVE_RESULTS_NOT_USABLE
peru_first_round,PER_2026,ACTIVE_RESULTS,0x94bd997304da0c9f10bab538756814a3a5ce26bd28cf72343a9a5058f58f4db2,947227,SENATE_OR_UPPER_CHAMBER,108558721460657856931164500269543846812498772937130524933036124977877392070575,68984052105422651419562141854742199065969997437126650041092515850170302805067,true,
peru_first_round,PER_2026,ACTIVE_RESULTS,0x952da17df020b977013ef0326327f6278d059f6fa14233434bcb3bdd3be9aff1,947310,PRESIDENTIAL_RESULT,97284199732094555587429981781719656091917418680948022208865602570892508303736,59040259268077156238843663571333760902368799491794882679329919197960567770112,false,ACTIVE_RESULTS_NOT_USABLE
peru_first_round,PER_2026,ACTIVE_RESULTS,0x95708bc5698ecb92f1bde8a8b1d80d97d544cb24c7a3f5b8789edc49f2ada15f,1656621,PRESIDENTIAL_FIRST_ROUND,69346887084316245560150235240727384567674974662348775476578711106340787220926,77169823606465725664035244949655785993591922887126513850212140147740352550207,false,ACTIVE_RESULTS_NOT_USABLE
peru_first_round,PER_2026,ACTIVE_RESULTS,0x96e5650cc486767b4366f7446b4fcfe378fdc2cadec02cc4f298bcb4d7e7c174,1656622,PRESIDENTIAL_FIRST_ROUND,24543501050226221119548424583924316563428854742674495445305257515728728474341,96265078156104957717169920936428007462799549605586036854114469450348575312251,false,ACTIVE_RESULTS_NOT_USABLE
peru_first_round,PER_2026,ACTIVE_RESULTS,0x9711f881f44c8965ad7c849fd9b441fa7eb6e5606f913b376e317b77a53b0fa5,1656486,PRESIDENTIAL_FIRST_ROUND,84463073346607350633420220106720408017145401196054649806026567535577655550129,49490741095745341170497154245967230041533324469598883157541074054378190933316,false,ACTIVE_RESULTS_NOT_USABLE
peru_first_round,PER_2026,ACTIVE_RESULTS,0x97305428c1a06473513068dea7f724765c30c1c866700d752aed1b1957c8e9a9,1656609,PRESIDENTIAL_FIRST_ROUND,72844126215573010595912063873230189585339943954309485994297298962447376747294,114680482440779702166097337749943224870482549879306904907775664487360483593628,false,ACTIVE_RESULTS_NOT_USABLE
peru_first_round,PER_2026,ACTIVE_RESULTS,0x974dcbcce5e8186e0e273065a60675bc17617897c395eca60478d0c49f80718f,947283,PRESIDENTIAL_RESULT,101000035200953616880452761567806635979587850958431667672433526557328036615568,53495956205730282746694729217724329368493486274887420191011592757675411968575,true,
peru_first_round,PER_2026,ACTIVE_RESULTS,0x97bc6f7e015756c513645ce90ad06d32135172b83ba1b445ddf67c53bfd534ad,947303,PRESIDENTIAL_RESULT,71176174423151280197164247918860341160808955229121022028107133176582980047775,101030202834440662988913344010152865826725402430067992434698884834482265873513,false,ACTIVE_RESULTS_NOT_USABLE
peru_first_round,PER_2026,ACTIVE_RESULTS,0x97c15902892cb52d8b2286572b0486ca5c87144084de5e338e371258bf56533f,947292,PRESIDENTIAL_RESULT,115494672493172005086216674575987368212947598299640166671686168243542814875282,60529060284495320533757248116006809136770496517347229181201557236634315522342,false,ACTIVE_RESULTS_NOT_USABLE
peru_first_round,PER_2026,ACTIVE_RESULTS,0x9b14ba5cc37a35c0db2c9849e631d98195670be4a0f91233a81529f22a7a5949,947271,PRESIDENTIAL_RESULT,96778993542273611384637311499081700062825144626170214374801025348770797572532,100472508023081440560680031809444924589131301345606759263347656652296915854670,true,
peru_first_round,PER_2026,ACTIVE_RESULTS,0x9c5cc21a1553f5a750d607063c963851d684205d020a44a498b401582dd4430d,1656640,PRESIDENTIAL_FIRST_ROUND,103999159301680039906446069571846387207780055578205767519431146672749000897271,20791799237447660076487909304890552961452027394265360103915636271876750157772,false,ACTIVE_RESULTS_NOT_USABLE
peru_first_round,PER_2026,ACTIVE_RESULTS,0x9dcb8374d0a213115c345835b7c72ca962d6145434737d94525326ff6edc2e8f,1656515,PRESIDENTIAL_FIRST_ROUND,79568959319501438957002355410731606383617523946375111581865855000426799895461,10451738842994488174147939054890873024631908654845206423388610893574915050504,false,ACTIVE_RESULTS_NOT_USABLE
peru_first_round,PER_2026,ACTIVE_RESULTS,0x9dcf2170db118484ea53fad9e0f35706619f0360bfb01f99b252e3c8999486a6,947294,PRESIDENTIAL_RESULT,114922109877354768386490877891875068354191818109176886465769521979033065664033,93065995192544024026106738965032156052925974398703599795445635537672220727831,false,ACTIVE_RESULTS_NOT_USABLE
peru_first_round,PER_2026,ACTIVE_RESULTS,0xa089364d920da75466335299e536308a6fb38e3b59059ea9e94a6d302804278b,1656089,PRESIDENTIAL_FIRST_ROUND,37712213738726239236255256031839566332969194902715067167673570155296364625434,62303112552776893947273447903818107018226721912370506490314239563638930018686,false,ACTIVE_RESULTS_NOT_USABLE
peru_first_round,PER_2026,ACTIVE_RESULTS,0xa24a092311ee387cac6575fb4f28acd8b4a33af7cb2e2a1c7160c44d862598ac,1656501,PRESIDENTIAL_FIRST_ROUND,81880087461263811453320715952811578298376131435413769490514018097499933994450,12599778276039107379297901439798586628136723113955885791368793992111789681771,false,ACTIVE_RESULTS_NOT_USABLE
peru_first_round,PER_2026,ACTIVE_RESULTS,0xa30948990ff884b977a1149d18c82479766bf02892d3894587f3aae086c00ea6,947259,HOUSE_OR_LOWER_CHAMBER,103361674488796196138624663224952706162528065265720624272755365511845139895212,18714058701960875652376344900190026010419254800221875002833863628794954066926,false,ACTIVE_RESULTS_NOT_USABLE
peru_first_round,PER_2026,ACTIVE_RESULTS,0xa3ae9e0f502b62165675943c25556a1092092be3d0c6ea28b3f401b5ca9b3801,,,,,false,CANONICAL_YES_FAILED_CLOSED
peru_first_round,PER_2026,ACTIVE_RESULTS,0xa3cbcad17010b2aad8be838d2338127126a9ed153d7b927b4a2376be4d733d21,1656488,PRESIDENTIAL_FIRST_ROUND,25574254145194799856287003372086817166650160581120494452360276964318500343213,1070130149431520454324195571894890241870607355200225570109619843269166778308,false,ACTIVE_RESULTS_NOT_USABLE
peru_first_round,PER_2026,ACTIVE_RESULTS,0xa3f1f3ba3aa91a85a29ca81efa4aa299aad8b9ac8583b32d1ae021e9fe006ca9,1656665,PRESIDENTIAL_FIRST_ROUND,4898564463648264280709164576171867641081100534166134879529750310228502064832,55026837141382353587915137738505417949761454715753159906245591980221025313993,false,ACTIVE_RESULTS_NOT_USABLE
peru_first_round,PER_2026,ACTIVE_RESULTS,0xa40c298fe831b9452e9b9397c67e07ea407e9731fd975ad5af8bba6851bb3284,947293,PRESIDENTIAL_RESULT,80329527945902462769630161057517925515139502584648320740456614607282512052183,58297061751385821324452589710511228842395924274990679355593812386997716736355,false,ACTIVE_RESULTS_NOT_USABLE
peru_first_round,PER_2026,ACTIVE_RESULTS,0xa44566e684a257c0f0c2a6416edf100722472ca3ecab7ad3222db79bdbe9f3bc,947220,SENATE_OR_UPPER_CHAMBER,112876813940775838985582641130448954435303590576774760274731014125978645124676,36061938192678248985354904225895392778162626073423259693907563475776493805243,true,
peru_first_round,PER_2026,ACTIVE_RESULTS,0xa44b4a6a44a46dec47b4faafa8eadd8f7507a55d4b02d9b947ad2d5f67ee8415,1656585,PRESIDENTIAL_FIRST_ROUND,19146079744322526138512056516487125059262969631633211386671520280839992264707,36755328477973024458552421157346636748144248574145898470443122322280750198145,false,ACTIVE_RESULTS_NOT_USABLE
peru_first_round,PER_2026,ACTIVE_RESULTS,0xa61438a389267c7deafc9d04cd6d0dc597d70253eb94702c0f5be458d75719a2,947274,PRESIDENTIAL_RESULT,31366905060250352809933074814832465062746377846325454298457938183906229951978,58313658732966216375348509995594475587541642658522212146544390950518831262677,true,
peru_first_round,PER_2026,ACTIVE_RESULTS,0xa768375b7cc1b3e1164989b3cf5794c59bb901da4895eb72852b897ad7450986,947250,HOUSE_OR_LOWER_CHAMBER,36607004145052696763577577535097399257183097494145798150493796090313077730987,23199190709215337376785917864966704354505440355808695111428190550601826041447,false,ACTIVE_RESULTS_NOT_USABLE
peru_first_round,PER_2026,ACTIVE_RESULTS,0xa7b2c6bae0676769ab1d419eb3c0b2156d7a57104a3b735fb4f071b85c3de78b,1656648,PRESIDENTIAL_FIRST_ROUND,94959390391844360680415016332173740686210384968797549951540874540233104579774,51571572303119937878593891490597215034625428615435073653477474051349361362758,false,ACTIVE_RESULTS_NOT_USABLE
peru_first_round,PER_2026,ACTIVE_RESULTS,0xa85be4e7d08d6bfcf2222e842aaaae53100c24ef6ff27a00370836b361a71995,1656099,PRESIDENTIAL_FIRST_ROUND,45785443852042938755726284642969736353560439529164909831903697068515960419696,79146284023583434619105592802584756522962546623944019444111222829569563048767,false,ACTIVE_RESULTS_NOT_USABLE
peru_first_round,PER_2026,ACTIVE_RESULTS,0xa86d9a8bd89aeaa5c9811e3ec7df7f1cfef7ef051458102c81675ea9833a6017,947300,PRESIDENTIAL_RESULT,59154836693879455888153975881155818194488591184787303957648737523196630077827,39099591022798542229436995963714046055088149627170235369752657409150562797688,false,ACTIVE_RESULTS_NOT_USABLE
peru_first_round,PER_2026,ACTIVE_RESULTS,0xa8edfe55964eeff0d37f538b3ea25dabf77246ef939a34372c5e94f87723f144,2483768,PRESIDENTIAL_RUNOFF,12893854908051185570068288809703624587236188707472832147545254719362960657080,57362621961597627057940464582144968106892950722790052002061621258150779039689,false,ACTIVE_RESULTS_NOT_USABLE
peru_first_round,PER_2026,ACTIVE_RESULTS,0xaac611149128256883650fb703c24dcee3a2c3006d14b5f5f9e74acb46d5af36,1656657,PRESIDENTIAL_FIRST_ROUND,15538885939273101088219845483763949035816295406078351786451603255915083166705,17411284561196948581739667225696574665054724919651988025417012532845170682735,false,ACTIVE_RESULTS_NOT_USABLE
peru_first_round,PER_2026,ACTIVE_RESULTS,0xabe02ebad9fb7877998decbc2c5b34d0db8d28c236271e05fa77948a52e6ca2c,1656679,PRESIDENTIAL_FIRST_ROUND,53457361903698102256367304376172497737821723459756289951950432998367172952205,2511818357933258160942377612497424819509450510473866146378252398275008426926,false,ACTIVE_RESULTS_NOT_USABLE
peru_first_round,PER_2026,ACTIVE_RESULTS,0xace20e425294b55e50b6f0a1bff4c5bfdae2192886e006de161fbf5cbbcf7392,1656683,PRESIDENTIAL_FIRST_ROUND,22926419017393633230334080048689169121233493571626871033849752705764162270498,19753277579303136311462164196696552822647734433841494761127645246410392032424,false,ACTIVE_RESULTS_NOT_USABLE
peru_first_round,PER_2026,ACTIVE_RESULTS,0xae6d3d20bc8f742922dc40880cd8a8671c10385a9912fa7cd670fba0643dfe96,947268,PRESIDENTIAL_RESULT,91464516107556165907566387619157396733019262339196802152206657889196699256450,25945415793931624559794421130954173506522916582203134613102786444988212496867,true,
peru_first_round,PER_2026,ACTIVE_RESULTS,0xaf8ef6e8f71e7019a8918f5434b6733ff5cbec30e2ed2ecd050b4a8c1b2eae0d,947297,PRESIDENTIAL_RESULT,7499127960390188494581583623973520256130934937673017679049717147681771389244,77382194473649992598276798887109433667407944532823831514954974238601785232446,false,ACTIVE_RESULTS_NOT_USABLE
peru_first_round,PER_2026,ACTIVE_RESULTS,0xafd705682b311b6f65bf4a9610cfca2156ffe03c08cfe14106a1cb7b4d97bedb,1656502,PRESIDENTIAL_FIRST_ROUND,83569424471152470187050668086916894166241198094969309162593306540377507661843,81219124492410273916138308771127525500198453268008530121200038337404445543836,false,ACTIVE_RESULTS_NOT_USABLE
peru_first_round,PER_2026,ACTIVE_RESULTS,0xaffa1105c3edea739de24097256362916fa7f776070b54ef183d9dc64a122122,1656070,PRESIDENTIAL_FIRST_ROUND,113471315542367696914255759753979316530891306966705552842385732297475108230335,106792171343020133076202709341589458314443687402088858556416304979718778937015,false,ACTIVE_RESULTS_NOT_USABLE
peru_first_round,PER_2026,ACTIVE_RESULTS,0xb061aadaf93714d7d092233982bd4316e454734b4710ef10795f18787e8d33f3,1656111,PRESIDENTIAL_FIRST_ROUND,76431769741870922058286459131002679696348675442472432414890037234101134959078,61564268658360822820664163198538702814580440614021856394260002393997307446220,false,ACTIVE_RESULTS_NOT_USABLE
peru_first_round,PER_2026,ACTIVE_RESULTS,0xb06bd8cd9693172502d649f157283cf4d6b15dc6d595495eed33b70e94b6565e,947286,PRESIDENTIAL_RESULT,71309235606705427471164237240934647738660821324581969500721476070843942340004,27410837348419791135166490910686797212346907507240863707906587999545656096009,true,
peru_first_round,PER_2026,ACTIVE_RESULTS,0xb0c54f1629581fb7c6e50613328ea11636853a581cc158d94c33681edfd3bfac,,,,,false,CANONICAL_YES_FAILED_CLOSED
peru_first_round,PER_2026,ACTIVE_RESULTS,0xb33d7915ed92398557e1e5479c79a2ad09949a8c7d37ae348471d981d67d2219,1656509,PRESIDENTIAL_FIRST_ROUND,40872800818599165271399779016075588873926268590845448987100983648327678279854,66719157446975530806866874577710384616272221180141036902458647265655328659656,false,ACTIVE_RESULTS_NOT_USABLE
peru_first_round,PER_2026,ACTIVE_RESULTS,0xb4697c399fe33072b2738e535e26142edce765497eb20424cc43e8a19bf48293,1656081,PRESIDENTIAL_FIRST_ROUND,32672079512210303693577214584517169257850122946956824230914460334034311356951,108202103821340449157006304204397936311454415596985732636968019824288355691572,false,ACTIVE_RESULTS_NOT_USABLE
peru_first_round,PER_2026,ACTIVE_RESULTS,0xb4e9927aa079fd09d5db095f284081cebbe4d1216f8c8982a29ccd8a33213add,1656083,PRESIDENTIAL_FIRST_ROUND,1271479036853795490387104219237632265476494936201737259577517328115251313927,2586302298670036831252550425306193484335773700855650415586902178061979064697,false,ACTIVE_RESULTS_NOT_USABLE
peru_first_round,PER_2026,ACTIVE_RESULTS,0xb4ea030a8092c6ad55991b626eb6df0911a29aa338366d9601c0106a1bed271a,1656528,PRESIDENTIAL_FIRST_ROUND,69729546243743258999676935103483278430319848512218722725017635129333869823683,1881221706647781256832050766505586268960662312446239288051109705998459346113,false,ACTIVE_RESULTS_NOT_USABLE
peru_first_round,PER_2026,ACTIVE_RESULTS,0xb77ed2ac22a81f7179a1fb97a198547ed52c658ccf31da7ed0690b1fe40e8461,947254,HOUSE_OR_LOWER_CHAMBER,101480419889743881306044690312614618349757255842444458866844395377323695020908,65959797332331599577100404131739595748844945121607705172812248881638378213156,false,ACTIVE_RESULTS_NOT_USABLE
peru_first_round,PER_2026,ACTIVE_RESULTS,0xbaca6ec0fd213cd34c664e85e8142cf8b3944dc9a83ec7e1fdfc8dddca0bcc0b,1656650,PRESIDENTIAL_FIRST_ROUND,112641039176789137137910166760880168883108281711640622679360549516033282602539,43187610880916152434386341539717308136812548024990763248464523308814230778674,false,ACTIVE_RESULTS_NOT_USABLE
peru_first_round,PER_2026,ACTIVE_RESULTS,0xbbada8e75f85c15b5aba430f687d20590c7cbc1eca0b608d6f59933097fc8b02,,,,,false,CANONICAL_YES_FAILED_CLOSED
peru_first_round,PER_2026,ACTIVE_RESULTS,0xbbddc666689792c0ff9b15c11e83ee1836ab7a7b0556220c96b2862dce5e1cf4,1656101,PRESIDENTIAL_FIRST_ROUND,40087824987903192832944283762407927664365837335021942880062043890063657528920,75436844820252411804929958569742432044670542859949764448477329916490191238630,false,ACTIVE_RESULTS_NOT_USABLE
peru_first_round,PER_2026,ACTIVE_RESULTS,0xbbf49facbdbcca98d7375491199d77f48a4b1eb09c0ffb40d2db720b80d74ba0,947230,SENATE_OR_UPPER_CHAMBER,59342937992282280342765858979482780514247175533021397702887991268764067849161,21104528498661810603880267286148253758791230697707733083672011338017467517410,false,ACTIVE_RESULTS_NOT_USABLE
peru_first_round,PER_2026,ACTIVE_RESULTS,0xbc5a5f0f3d0a423fe85c57c375aa574654820c13314dd7396fcd1bc91dcc9660,1656533,PRESIDENTIAL_FIRST_ROUND,13264520963567909611072511439264934060714641037803715757391915429955800188891,45193312713935096081405284068701653428314251168236510575473244766733195690707,false,ACTIVE_RESULTS_NOT_USABLE
peru_first_round,PER_2026,ACTIVE_RESULTS,0xbd2dc774207eeee3f7e2fe517f2b59a88618c52d80604bbe8f7c55d8717d22c2,947237,SENATE_OR_UPPER_CHAMBER,78405719453264842472073357555916720688273376596183254814554814527559829090937,91063480249959197504681034339266119580961962577283935437311053754945686797368,false,ACTIVE_RESULTS_NOT_USABLE
peru_first_round,PER_2026,ACTIVE_RESULTS,0xbd771e84e19abc18ed098672eed8dbb4871da4fc3a6fb360ffa2cf4b47be5295,1656531,PRESIDENTIAL_FIRST_ROUND,76349286835503501049529776444974905438448858554008373143589408159222546583818,52657948914149789600396690879690378253610634492361129433372132364581237490014,false,ACTIVE_RESULTS_NOT_USABLE
peru_first_round,PER_2026,ACTIVE_RESULTS,0xbe29f83c6537d99156d333e4f09e29309ad8476af35547e80e3a3091da5e0e3f,947302,PRESIDENTIAL_RESULT,91474417257743220852196528659661077880238049188663489035123582470330224687079,22032446622540683616698324569362738168298993276218084134247585230633503686590,false,ACTIVE_RESULTS_NOT_USABLE
peru_first_round,PER_2026,ACTIVE_RESULTS,0xc064c6f8b3d39f54d89151813b848f3606554a55839cdab1b106564a74e5c40c,947295,PRESIDENTIAL_RESULT,75699045963869660719509086375150742324925677978622468271400410708854955275859,81401953277486776642260027279693730580196350801865824181291904834812896471148,false,ACTIVE_RESULTS_NOT_USABLE
peru_first_round,PER_2026,ACTIVE_RESULTS,0xc1aea61ca23e47a112965f76005838360bc48cfe406469aaf4037d4be2cc8dda,947251,HOUSE_OR_LOWER_CHAMBER,48771195966410681339233042822508378893003341451084624540629797925273960243598,37563732434494446589496948339124408785099931200785195994325418938401665879583,false,ACTIVE_RESULTS_NOT_USABLE
peru_first_round,PER_2026,ACTIVE_RESULTS,0xc1b2a390837ab5e5060978b4e37917fac169772f23ef8ac7c6c1d8b849e80a80,1656113,PRESIDENTIAL_FIRST_ROUND,106275268977802313319959257436227570264877408795879104119824584490825226369671,57327670599341175909944638783348272374700320257313357409869453276265680795123,false,ACTIVE_RESULTS_NOT_USABLE
peru_first_round,PER_2026,ACTIVE_RESULTS,0xc3364f862936218846d59952b1794df4ed3720f8f62c23ca3f0a1e6481e94542,1656493,PRESIDENTIAL_FIRST_ROUND,53208843799664014402016508112605023501590605107448093603797288815396527184976,66572198699826158975720698914878998779926383884843191092696294261148707525090,false,ACTIVE_RESULTS_NOT_USABLE
peru_first_round,PER_2026,ACTIVE_RESULTS,0xc4a9db7a0c81b75bc0b2009481b4e498a63c21e6f24949b6f1758c3986c270eb,947225,SENATE_OR_UPPER_CHAMBER,111701950417305141513997863408442982759352929259590852621473333625180353072857,83228401122213155718451217534277093345493327933144801707341676181256461972846,true,
peru_first_round,PER_2026,ACTIVE_RESULTS,0xc4c3dbcc37a957a817599b0bf9fb5bd6b62b19210b0f527fec57cb75c7ed150a,947269,PRESIDENTIAL_RESULT,64703998724474008677827057135436893758254552168142785204605792475717308499827,92827417009887627656279362525317849309821905918650547490799438436173703158107,true,
peru_first_round,PER_2026,ACTIVE_RESULTS,0xc551420275c24cd31d2efa28bf28d7445e58aa8ebdcc5b56fe440ea8ebcec3d4,1656061,PRESIDENTIAL_FIRST_ROUND,63762434079450166040994571380280569213982997914274023026895292347181421261712,52342047960757683620970068631427343695171727792388316790403962243263227967666,false,ACTIVE_RESULTS_NOT_USABLE
peru_first_round,PER_2026,ACTIVE_RESULTS,0xc7bbd51c1b62b1037ce3f43c0f140c9f5892b6c6257859cc90db3eefb09fbb2a,1656064,PRESIDENTIAL_FIRST_ROUND,24769725700546587329759219324340612529023810444316744206503743527198223624453,46970990842989483762866761554792381418187214890690179552521842494063683144036,false,ACTIVE_RESULTS_NOT_USABLE
peru_first_round,PER_2026,ACTIVE_RESULTS,0xc8d321534c01fb4674befe80221acb2994cd73218bd9b40f10c063223ac2b955,1656613,PRESIDENTIAL_FIRST_ROUND,95089233850824302725815252803691113357105193318941241955346213682404456927732,61615300822372297659701260948215177306816016642290773049931832701719763329467,false,ACTIVE_RESULTS_NOT_USABLE
peru_first_round,PER_2026,ACTIVE_RESULTS,0xc8ea4de614c306940955c67e37330e5ac41e1139c930495752ab492cb9ba2478,,,,,false,CANONICAL_YES_FAILED_CLOSED
peru_first_round,PER_2026,ACTIVE_RESULTS,0xc96dcf8329a31d6460c477a732839828e26f3881553fd0980b0c2be223f84228,1656684,PRESIDENTIAL_FIRST_ROUND,72889794016709261205556187632463808604655327769759896020550426871565901902628,110056797009356440958648367298747138064697262831036208181775625633006447290981,false,ACTIVE_RESULTS_NOT_USABLE
peru_first_round,PER_2026,ACTIVE_RESULTS,0xca0dcdf24e65b143c8049050bce0d6072edbef7a9de55973a94acba312d3fd39,1656672,PRESIDENTIAL_FIRST_ROUND,15214332035978919353336324622326100880368535831344926958945948989504285086906,62315949623935770124471385837156488460458355747811011899361685832882114204863,false,ACTIVE_RESULTS_NOT_USABLE
peru_first_round,PER_2026,ACTIVE_RESULTS,0xcc3915ef5fe49d2c6caac2f4b3d366d7a78fa9eaf82a7f5a17d690720761e20b,1656500,PRESIDENTIAL_FIRST_ROUND,111941676677991737714237751304793197117953084067535074409250068327064338543838,67836258641443779961961326141248480409956601311045126990926942983623283367572,false,ACTIVE_RESULTS_NOT_USABLE
peru_first_round,PER_2026,ACTIVE_RESULTS,0xccfae422e415525c804b9aaea27353aaf3c9717ca09edc28ac84c922d7d6fb39,1656645,PRESIDENTIAL_FIRST_ROUND,20631186390690053953207826909465618259468951775548171834293784363765172169369,30100497697926599373424876725362653930817090281120235777888202518500898535042,false,ACTIVE_RESULTS_NOT_USABLE
peru_first_round,PER_2026,ACTIVE_RESULTS,0xcd7a52625617073d3dc681cca27e68be86f51e0493c1c32fe34b788adae0153d,1656675,PRESIDENTIAL_FIRST_ROUND,56985499038939198203836068401260343770242740523964834801049704945945713400145,43859529457452226269219919830797983209966137425110930571369463130321315422685,false,ACTIVE_RESULTS_NOT_USABLE
peru_first_round,PER_2026,ACTIVE_RESULTS,0xcdda4bb5199a58a816054646d7d45cc3ffd513d21756e92392bdd28ee6496470,1656588,PRESIDENTIAL_FIRST_ROUND,3411545603636350139873405094000189128898907791896744670263032822347208640509,69920021489689521504508700669739228175887303657832918670789320204942290759905,false,ACTIVE_RESULTS_NOT_USABLE
peru_first_round,PER_2026,ACTIVE_RESULTS,0xcde3c15baa6087fd1458d2b1bad3d76120bd7d89af7aec5744631368730817f7,1656510,PRESIDENTIAL_FIRST_ROUND,86049621300568226139210786767848956466789853191791053036306398979164391329874,104085191533213624405773407587498722890669520043604386998741495925553683599869,false,ACTIVE_RESULTS_NOT_USABLE
peru_first_round,PER_2026,ACTIVE_RESULTS,0xce73e7ebf919c4f1e188d8004b756d538195642444df5837817103832d14ab62,1656058,PRESIDENTIAL_FIRST_ROUND,43454379308068201680923358297655710491100289250414634177674843006804769698999,53911621277580373581151955361091963156833876538084280760489241454293633436724,false,ACTIVE_RESULTS_NOT_USABLE
peru_first_round,PER_2026,ACTIVE_RESULTS,0xcec5039e455994c6f84662ffd78032e3473cc17deca5e2ccd58c46f99d7e5d9c,1656086,PRESIDENTIAL_FIRST_ROUND,94940838371277691070289167186723757004478349101401353884574648859423122955708,111608617583122296319718233930899384204190403432466866015432817309694492990382,false,ACTIVE_RESULTS_NOT_USABLE
peru_first_round,PER_2026,ACTIVE_RESULTS,0xcf8bae53088e784072732a728698988ea600eb40a898d77ca2b445fed2171e9a,1656062,PRESIDENTIAL_FIRST_ROUND,37921486406670289458237739998913449536824464003904236094881586707250372051038,86151845103542397499030290518190577866855650112869911131499617546383935861282,false,ACTIVE_RESULTS_NOT_USABLE
peru_first_round,PER_2026,ACTIVE_RESULTS,0xd00bb2c78080e92035f4e846fbb2319af057b851f0c4d811b1feebbedea4b313,1656581,PRESIDENTIAL_FIRST_ROUND,39253119316383734457119848214127768273834689932113255951234708647363257637095,35051589496300111282603086705727507025033077303798962782237351135830729066520,false,ACTIVE_RESULTS_NOT_USABLE
peru_first_round,PER_2026,ACTIVE_RESULTS,0xd02123c122ad6f5b83f50bcc62500be79fb6d9636fc5af7c9713e7e29cd16e27,1656599,PRESIDENTIAL_FIRST_ROUND,107522397237731903324803210332894807666130404202527685235213148475973821468278,83198051928031687057179676341715562354974313673193499837560839253924318737640,false,ACTIVE_RESULTS_NOT_USABLE
peru_first_round,PER_2026,ACTIVE_RESULTS,0xd0489819c1fd1c5e413102c3e9970e9bdfd2444afd3bb9f14e7fda3223f1ec79,1656594,PRESIDENTIAL_FIRST_ROUND,70569045332467798736936014228978941056355476543429219577981472081381053414553,106065403709584877348572820997339979306082818924047573325730198507277528795828,false,ACTIVE_RESULTS_NOT_USABLE
peru_first_round,PER_2026,ACTIVE_RESULTS,0xd0642efda91a4f5e2cb99d3ad613998e5ad4f9c8fd9e4d96ecaf8560d4196c48,,,,,false,CANONICAL_YES_FAILED_CLOSED
peru_first_round,PER_2026,ACTIVE_RESULTS,0xd10e996ef9f4197b80fb9746fdcbe5f7117ebdec47573dbbc22fea4b73d8d306,1656112,PRESIDENTIAL_FIRST_ROUND,11163169938718034804000557379070930309305658528779373951321472150415702230175,100941059831803585995072529592826488562657298197421847310280360190144585266245,false,ACTIVE_RESULTS_NOT_USABLE
peru_first_round,PER_2026,ACTIVE_RESULTS,0xd149b38c9da6bacbdc0068b579f8d255196f8c2ed6a5df67f5f3064dd00733e9,947278,PRESIDENTIAL_RESULT,88830008994939255030108226010888813127369861666100484617000813260227025912888,68640431911214316867430994968635027974911125987558780921553956425356957260157,true,
peru_first_round,PER_2026,ACTIVE_RESULTS,0xd3ec6c0792e500039e4d937cf33d5375a16bc44d0a997162968948b605c8b64e,1656105,PRESIDENTIAL_FIRST_ROUND,92582470918907903184394542870745113064062815273841613030818486476183852299248,60624880823038172397576634670374209532313422305959983393633762968067379362554,false,ACTIVE_RESULTS_NOT_USABLE
peru_first_round,PER_2026,ACTIVE_RESULTS,0xd45a86cd98be462bba39f8599e6bed08f0ae77ce7d7a7de23810976360b16f8b,1656542,PRESIDENTIAL_FIRST_ROUND,31132997260033426690019720935296290727328727786643206499606136077828566565744,4589693152610125060712339276684407402651126753390284245174763349968161596243,false,ACTIVE_RESULTS_NOT_USABLE
peru_first_round,PER_2026,ACTIVE_RESULTS,0xd5070d10de52247fc40d24115489e71f9a889d70ac80826fad537cffbba2fe8e,1656518,PRESIDENTIAL_FIRST_ROUND,84724713621227319101758470959714523673713461940176406876173637610698989748132,85102961186587620478110181082410113014186789661678751061908200702478873659972,false,ACTIVE_RESULTS_NOT_USABLE
peru_first_round,PER_2026,ACTIVE_RESULTS,0xd52c48980d9ccb236ebf5f09bfcf8d88392bebfde06afd8b0e11c259648fc8d5,,,,,false,CANONICAL_YES_FAILED_CLOSED
peru_first_round,PER_2026,ACTIVE_RESULTS,0xd56b8ed9520068e3b527864daf384338df8d8c6b7e2f0d87e50ab4bf34e527d0,1656682,PRESIDENTIAL_FIRST_ROUND,62286421093054597408982095161621471433317445826925089900679810800018990750775,72042274056207722347131323122647526773808517505342739367970186166375592700326,false,ACTIVE_RESULTS_NOT_USABLE
peru_first_round,PER_2026,ACTIVE_RESULTS,0xd591c5ed7b87640fef92d0828fbe4c04a830c76f8097a452ca990c72c0cda9fb,1656680,PRESIDENTIAL_FIRST_ROUND,96948702649764974339580309666319984067000290244761933509608059850719860793758,18314033519730938521288163621457273607019196876711670405054209644886580826141,false,ACTIVE_RESULTS_NOT_USABLE
peru_first_round,PER_2026,ACTIVE_RESULTS,0xd64c19eeace51247978518e1ca313d648b3dfe3a620cec8c497d89ecc0669a5b,,,,,false,CANONICAL_YES_FAILED_CLOSED
peru_first_round,PER_2026,ACTIVE_RESULTS,0xd6c7a46386c257185886116b4474cf90962d8990da265edfec5816142e1c3e42,1656102,PRESIDENTIAL_FIRST_ROUND,81095874218981436462055046428785221076543594898660093926267979870961055600606,50408785363415287052563316753068297370434772393455872235073033127381646889717,false,ACTIVE_RESULTS_NOT_USABLE
peru_first_round,PER_2026,ACTIVE_RESULTS,0xd91e8db1a3a135226e947353e440da73f0faed612ca31a6bd274a3fff78afd7c,1656580,PRESIDENTIAL_FIRST_ROUND,94751359556044982312002649973976812165377839436965388383075232048686728142977,105434667052956396908093023907810874844093922928582596999937993316708047995704,false,ACTIVE_RESULTS_NOT_USABLE
peru_first_round,PER_2026,ACTIVE_RESULTS,0xd990c978601d2574ea185e180a5104e189d5b0942d33a8549174b65b95c0e2b5,1656619,PRESIDENTIAL_FIRST_ROUND,65595948729512389955939254373732745417286331496482698866043132462070435613035,77456710325707901479273606200479394888268317192557896919326889729686817570178,false,ACTIVE_RESULTS_NOT_USABLE
peru_first_round,PER_2026,ACTIVE_RESULTS,0xd9df649870ba3fc517a6584cad46cd5f862a9297caddf1b53ea65ba1a36d8629,1656512,PRESIDENTIAL_FIRST_ROUND,20738431860264963887073621323269099641059649220662196156689150865335706334519,79048432249014894682463683115899063912176601120089322914574774154826854744727,false,ACTIVE_RESULTS_NOT_USABLE
peru_first_round,PER_2026,ACTIVE_RESULTS,0xdb9a31a15731bb3eaba3279db6d9d5f9ced4ca843397fca33e3586a93b671719,1656641,PRESIDENTIAL_FIRST_ROUND,13041338583297471956109455548021156613329967039176259556479047451026454738195,93208928217229852113180125719261724027047108389266147494426056098339456334687,false,ACTIVE_RESULTS_NOT_USABLE
peru_first_round,PER_2026,ACTIVE_RESULTS,0xdb9ba4520a9b0981d61464cede94a695b7c0a37d5df4f462f09a7fd7d93c2de5,,,,,false,CANONICAL_YES_FAILED_CLOSED
peru_first_round,PER_2026,ACTIVE_RESULTS,0xdecf03a5472d11e25d230c07c77783ec27281a243e89e4e0479630a8b687412d,,,,,false,CANONICAL_YES_FAILED_CLOSED
peru_first_round,PER_2026,ACTIVE_RESULTS,0xe04f2af37735f3437a84e253eb67bcf7c99b0af287cd09aaee2536928a3e3351,1656109,PRESIDENTIAL_FIRST_ROUND,39916852343044928083401627894499237315195903714013029141593269291466435539606,90639944525847645154221255639820113511977299452466007803057918722823325719051,false,ACTIVE_RESULTS_NOT_USABLE
peru_first_round,PER_2026,ACTIVE_RESULTS,0xe0cd1311e134e6efc4cfa1d4ae29129f2e24e5f2471c3f4dbeb3c57cccfb9d59,1656658,PRESIDENTIAL_FIRST_ROUND,24382858618770683581953140426169486676247229658237605682964351068440863558936,53932490308278070297403582749733042634609609876119855875211071300786699802037,false,ACTIVE_RESULTS_NOT_USABLE
peru_first_round,PER_2026,ACTIVE_RESULTS,0xe116526ae48797730b102d2d31ab97e8aa0bb95e0534ec0d9ebf11d6c54d2afd,1656098,PRESIDENTIAL_FIRST_ROUND,63411249628328628537282111878279217588800267161900723818029732692816059011581,110672951248787026951770472853936780410704093844378787280498299049043990967578,false,ACTIVE_RESULTS_NOT_USABLE
peru_first_round,PER_2026,ACTIVE_RESULTS,0xe126d7362772fa787af7c3467c0ebcacbaebcf80aa7bc2f1028d35e883e31711,,,,,false,CANONICAL_YES_FAILED_CLOSED
peru_first_round,PER_2026,ACTIVE_RESULTS,0xe18a1286c10eb4e5d6b67a81e0164425366e5dc08f9cf36e979c48d24eca569d,947291,PRESIDENTIAL_RESULT,37054672673240893716147212545578261558108422916710328334838178765603659455400,106079005172417711637793169595302923169474263707066496426477614121824032044602,false,ACTIVE_RESULTS_NOT_USABLE
peru_first_round,PER_2026,ACTIVE_RESULTS,0xe27ac37b05bb38fb3dac08bc729de436e883658b4a9e175423230a493b35876b,947315,PRESIDENTIAL_RESULT,85061842390195981842588019598418332689727631855536460661576405961217120511895,101745545075289706294835612865955117526770965773798849434535057828292086959175,false,ACTIVE_RESULTS_NOT_USABLE
peru_first_round,PER_2026,ACTIVE_RESULTS,0xe3b9d19488a84b5b9c4a03487595fd5bc70a04ce0ec6a30568bb5aba5803a9cb,1656646,PRESIDENTIAL_FIRST_ROUND,111227101002758441443601610898429320768731308881146639625009245911858503122268,37742644549369255655588752178983143025548478665790682919893340291811376720815,false,ACTIVE_RESULTS_NOT_USABLE
peru_first_round,PER_2026,ACTIVE_RESULTS,0xe8f8bc52bb22ad4c03e8bfc045a5dad8081df2ed58d8e8411b29b82d1797bccf,1656056,PRESIDENTIAL_FIRST_ROUND,36132077336828691860627869834053703428933999406725972355436911059125862745305,97002302699209027113350492821618309378118441722535035929077981735834133911250,false,ACTIVE_RESULTS_NOT_USABLE
peru_first_round,PER_2026,ACTIVE_RESULTS,0xe972a8ff16b672af0fcb4bad67b6185fb5c490fd6cf74c2768435e45c016274e,1656521,PRESIDENTIAL_FIRST_ROUND,29727794788496023794871708776302477673966876720513377965304085567351761690717,17419457934765910278971704761552149020218609570345455102915045188300104758127,false,ACTIVE_RESULTS_NOT_USABLE
peru_first_round,PER_2026,ACTIVE_RESULTS,0xe9db532205b7296d32b71eb3a24a4a748bb2a77475bcb1f208aa3ed8bc7685e8,947255,HOUSE_OR_LOWER_CHAMBER,100993176266349984213470704237875918357016544091343151189046801510111502938244,60016073023457946339060519468621452285973558751510637306268891360441161248173,false,ACTIVE_RESULTS_NOT_USABLE
peru_first_round,PER_2026,ACTIVE_RESULTS,0xeb0161bd6aa0da4e7a62799ad515888e436e36104e79510bb992c999a2981778,,,,,false,CANONICAL_YES_FAILED_CLOSED
peru_first_round,PER_2026,ACTIVE_RESULTS,0xeb0a6b44978e32089ebfc4a09e9c34e3669f4ccab988cb9db7a620aa87cf773d,1656084,PRESIDENTIAL_FIRST_ROUND,103025658404153563744518884955805954390283511979266943511001392952949627585960,57286409390752992519728862811488003458864625638631428876361397453487130708696,false,ACTIVE_RESULTS_NOT_USABLE
peru_first_round,PER_2026,ACTIVE_RESULTS,0xec0866bd4dc6295a55d7f5c6aa506bb1b6afd3acc9de6853aeabe89ace344fa4,1656663,PRESIDENTIAL_FIRST_ROUND,34707721501461973104498870903064824511826761900186294599634106945587321631480,71099812043807257519089920064162912595319242423729195688924962302499919324977,false,ACTIVE_RESULTS_NOT_USABLE
peru_first_round,PER_2026,ACTIVE_RESULTS,0xec23e573ed44f69d0b01c1d9de4e019452245f636f03d1d6f3f963694f2d7c1e,1656504,PRESIDENTIAL_FIRST_ROUND,91534439892105986741011253544757696197254221877672242864596556847710503091206,71102834302277171755428859510707879289960829050263777155999472180754869846371,false,ACTIVE_RESULTS_NOT_USABLE
peru_first_round,PER_2026,ACTIVE_RESULTS,0xed5b9cc405a18de33cc052fbe5f7c800850828057efaa55fbdf242b21d8f2be0,947253,HOUSE_OR_LOWER_CHAMBER,91481015014632243092562697676267278933815099899077251972026022265597791873816,104024101892116209436190363382006312126766477160579348301425507214714957592688,false,ACTIVE_RESULTS_NOT_USABLE
peru_first_round,PER_2026,ACTIVE_RESULTS,0xee7bc648dc809048ba5c9cee2497344ac72859c0cac0ef276c86e5744b52a6a7,947311,PRESIDENTIAL_RESULT,44712757105045591689338108615801731552024492498999025475604038297181499023223,112446116722733160209430333686105557006779526436994828502323710275733220698603,false,ACTIVE_RESULTS_NOT_USABLE
peru_first_round,PER_2026,ACTIVE_RESULTS,0xee98bde75e6b2ce8e496f6d2c107858290c6370a6306d2c2eceeae7a7dfdc3c5,1656610,PRESIDENTIAL_FIRST_ROUND,17289821388800663985124066983270947233124468876325593639674919944406315619937,100917948879862933493450426562556655853281376127714087683657817744717778656034,false,ACTIVE_RESULTS_NOT_USABLE
peru_first_round,PER_2026,ACTIVE_RESULTS,0xef41beca68ba75083e07d8f9ad8f9e62259eaac5b3e3b4c0902accd878f2c8d6,1656643,PRESIDENTIAL_FIRST_ROUND,15127459231704361163580805365214582489709332788784180889563211000091501703575,76715293813557892678684884837100621024512521565756691112082620572860925819921,false,ACTIVE_RESULTS_NOT_USABLE
peru_first_round,PER_2026,ACTIVE_RESULTS,0xef61cec575ac7260343e1f0c11900fee12a1f30b521b649eec7663ec5424242a,947272,PRESIDENTIAL_RESULT,50243762671512851167282517271037976718384543563492030616749604530990728402798,106437503449869126798318748561947971415320337579430634156444932448976881130687,true,
peru_first_round,PER_2026,ACTIVE_RESULTS,0xef6bd8e629dd6f51b02c9c57adc5c6e4251c8d427109eff08bebcdd3462e923b,947248,HOUSE_OR_LOWER_CHAMBER,56456803387650397845761837417809147583449071152814172522951904487087521090322,64523872069222310376176878209842081397064012149720732920739116468100201100500,true,
peru_first_round,PER_2026,ACTIVE_RESULTS,0xf03acd991ff8a9dfeaced717628b4feb3e9991994d77c257f45db40a9f218ad9,1656519,PRESIDENTIAL_FIRST_ROUND,61452470266348853620877779611471860901427112142516189964930973270481084945767,11652301515948394262559016886045757695497068846866835441059888805811738696855,false,ACTIVE_RESULTS_NOT_USABLE
peru_first_round,PER_2026,ACTIVE_RESULTS,0xf07e529d8494022282bba5908e166e7f45183c91ccdc0cfc21fe1ffd758fb461,1656607,PRESIDENTIAL_FIRST_ROUND,26113897852597005860455242981829615084663343836652972058009917954461509279131,74497006541757297874061308307112855652111256796048502879291064710635166207698,false,ACTIVE_RESULTS_NOT_USABLE
peru_first_round,PER_2026,ACTIVE_RESULTS,0xf0d39ea3a73ddb89ecb1d7d576450662071b2ad1267e70180103f1a9e771d5e5,947232,SENATE_OR_UPPER_CHAMBER,7967030346269335047899630315279430183390020328524361210428571451060873899572,4488013281316569460602755037145835894244962570969659011962254786143369617988,false,ACTIVE_RESULTS_NOT_USABLE
peru_first_round,PER_2026,ACTIVE_RESULTS,0xf142b2b9bbe0c5d5c1bce843050bc399babf1690c611cd3c1e6f00901fc1e96b,1656652,PRESIDENTIAL_FIRST_ROUND,24559541494035337415514530563011532470979790430032951228793970627028540014645,109348852599288951895687775165648693416914873486367220166342318815379970030700,false,ACTIVE_RESULTS_NOT_USABLE
peru_first_round,PER_2026,ACTIVE_RESULTS,0xf39b33c106ce62d418a4de61393ca322ec026b5254af98691c7e4ee687ffee67,1656655,PRESIDENTIAL_FIRST_ROUND,78885319598457595048741940066175443119373530260735525626412833946145214314328,36504031934218863081218936908152586171029431277245788559468083383345575811831,false,ACTIVE_RESULTS_NOT_USABLE
peru_first_round,PER_2026,ACTIVE_RESULTS,0xf47be710ceb8ce77c77ab0e8b14399e4c8320aeb4334bd18206bc3021c07d0c5,1656106,PRESIDENTIAL_FIRST_ROUND,52411408480441641824574925348111557709091845308614258902062167001752888773509,95364624806881616367123070489007982362368334268948671416179891958425291027511,false,ACTIVE_RESULTS_NOT_USABLE
peru_first_round,PER_2026,ACTIVE_RESULTS,0xf4d34e226d47ade913696f094d770de9ee694278af8519ae993f5cb3807676bb,1656611,PRESIDENTIAL_FIRST_ROUND,102953299418599698896684670786001084225903796756639114001784002320590805555644,76965832567797114265453619401093339475730046289865498799159533063683994476247,false,ACTIVE_RESULTS_NOT_USABLE
peru_first_round,PER_2026,ACTIVE_RESULTS,0xf53b2b5e27bfd687d494d6b302fe8848c50523ad627535e242b99197f7b0bf6d,1656492,PRESIDENTIAL_FIRST_ROUND,68189374515748677337524561786627983726911731633563291538700689576557466820795,108360521854649244387507833660920715041435983527157357347152766733559282701514,false,ACTIVE_RESULTS_NOT_USABLE
peru_first_round,PER_2026,ACTIVE_RESULTS,0xf5d8106426faab18067c415c1677c1e08f5905200fe49f874cfd957da6787c90,1656601,PRESIDENTIAL_FIRST_ROUND,103894042733599424585812204654888170782011785900283941512221247318914369364622,26636482730650514007526200022316824947273442952839712762042736442210736909695,false,ACTIVE_RESULTS_NOT_USABLE
peru_first_round,PER_2026,ACTIVE_RESULTS,0xf6e83e768923d85ab2a8ba7b912c3c95d132276a6d7d63d592e35c754d87b7d5,1656516,PRESIDENTIAL_FIRST_ROUND,34278569887086069482900974745929802823175821627652293089836358065348614969998,67002154717076505206950347742803078190743465806389963870181461350685183087740,false,ACTIVE_RESULTS_NOT_USABLE
peru_first_round,PER_2026,ACTIVE_RESULTS,0xf73e2e231d324cb662ad80eefdd90bba5007fc4df45bc2c7bab90d83693cc4ee,947275,PRESIDENTIAL_RESULT,6200507252841835595951008504441149768354972632973075259527756928392759138736,112878248181235577893718476117848068375752867388876637354725020175995521912093,true,
peru_first_round,PER_2026,ACTIVE_RESULTS,0xf742394d49961b0cc4766ee3c8229c5ec7cca7ec339f08b41f7c9bb28fc0e126,1656496,PRESIDENTIAL_FIRST_ROUND,71873695595277522842105786723702129593782292720689312674592785618644559034708,12305406897908389043036938553119183549216722036766103865021197329102816199480,false,ACTIVE_RESULTS_NOT_USABLE
peru_first_round,PER_2026,ACTIVE_RESULTS,0xf8b25fc66327161be0d3f2f65ba8e407f74e1fe763d49fecd477c81d1fd32dd4,,,,,false,CANONICAL_YES_FAILED_CLOSED
peru_first_round,PER_2026,ACTIVE_RESULTS,0xf8bff559fdb02c9d94b46153b781f20feaacdc5a5729130c64e2a4f1a6848cfa,1656539,PRESIDENTIAL_FIRST_ROUND,7445282112299481768703564190520530791841931525515311591385484981270209273992,44966780708986915822416822614009780778554359637697137739580934741916938923486,false,ACTIVE_RESULTS_NOT_USABLE
peru_first_round,PER_2026,ACTIVE_RESULTS,0xf925700da113bf5e9af4b5db9bcc0d211ff7525fde10012dc704e5eeca36527f,1656104,PRESIDENTIAL_FIRST_ROUND,69305344418246484736510389852010806993328149611616446069964794446409240350474,74708133207907221991624720891390444430164571773994562762643376300932731556980,false,ACTIVE_RESULTS_NOT_USABLE
peru_first_round,PER_2026,ACTIVE_RESULTS,0xf963a355c120619a5989cd570ca4d81db9ca1c0428057729ce39012441dafd07,1656092,PRESIDENTIAL_FIRST_ROUND,86019106265800181356168227029320405631864574463912867339830829817958461658030,23476721444407913146315023310289813392286693093127151770012427636822004496977,false,ACTIVE_RESULTS_NOT_USABLE
peru_first_round,PER_2026,ACTIVE_RESULTS,0xfa5b14bb102776c8a1be006d3568b215466bde3c18e5a3226841a0dc8144cbac,1656662,PRESIDENTIAL_FIRST_ROUND,8678026338004648207598474416242816178661894523547681060811757456447250520278,16575372560720191435288591939028890195134172954056828232289813815480062417697,false,ACTIVE_RESULTS_NOT_USABLE
peru_first_round,PER_2026,ACTIVE_RESULTS,0xfabb44349d9efae987031d3d1d29c72a10835c975229a22169b41da7337d4330,,,,,false,CANONICAL_YES_FAILED_CLOSED
peru_first_round,PER_2026,ACTIVE_RESULTS,0xfc9ee82e1ee613462e017f7b045336aa833fb539aaf955af522a00dacd5584fe,,,,,false,CANONICAL_YES_FAILED_CLOSED
peru_first_round,PER_2026,ACTIVE_RESULTS,0xfcfb4de7450796136ba9456f7001f97abfc7a2f38f4c41e3aca98bca50c94fbf,1656068,PRESIDENTIAL_FIRST_ROUND,1569034882987238301061171471814877252282058651984292522898316469131262384238,18810937144349075449915254601958654810999798503554373740384266031071554523285,false,ACTIVE_RESULTS_NOT_USABLE
peru_first_round,PER_2026,ACTIVE_RESULTS,0xfd65fcde6ffd88ac7be03616cf44556630bd1f7530d7a9682c45fe8b726ae342,947244,HOUSE_OR_LOWER_CHAMBER,59007735809419567406818128965357322201263386348705659746338440669272269771439,49331057809922116188753559442111718668872440082203031477967708760908895919338,true,
peru_first_round,PER_2026,ACTIVE_RESULTS,0xff201c1ef5556c63141d367cd4b362163584e0d8fd3a86ac1d7420d28511f66b,1656649,PRESIDENTIAL_FIRST_ROUND,2616437442862187478870264717046956569028378235927066845214827441191751035453,24587901766003064266815367395020961858699469333823406923812643680020700691745,false,ACTIVE_RESULTS_NOT_USABLE
peru_first_round,PER_2026,ACTIVE_RESULTS,0xffe54246ee4a420004baafef5463000a8dd335d69aad69579dc1a4ff0cd7cf5e,947235,SENATE_OR_UPPER_CHAMBER,29552960598050897125399431759407039830551094150618789169821377729037136008568,11215188509591939055593666450665834010380326383564065632172816484965773618473,false,ACTIVE_RESULTS_NOT_USABLE
colombia_first_round,COL_2026,PRE_ELECTION,0x00a14a56bedb50c9fe1ba6a7439b867764144817bf9df2b4f8d5dc20a2cc8486,569683,PRESIDENTIAL_RESULT,62327952739423226724129205800593953439110252380391880894136295328277849923687,82697751914471515482975394698986811926531949849935219052904303789335138314053,false,PRE_ELECTION_NOT_USABLE
colombia_first_round,COL_2026,PRE_ELECTION,0x00dbeee0d75b64ac2fcbda9e0b228efd811f57891ec60597f94d704157e1cf0e,2037913,PRESIDENTIAL_FIRST_ROUND,67653359164066022037584214393317245900795445630715680215846687562858333665468,106669893920545988503595471454383796504893438254853457897294774712051839819641,false,PRE_ELECTION_NOT_USABLE
colombia_first_round,COL_2026,PRE_ELECTION,0x0106c99eee7a0649366815bec6cbdcbafc2629562d48fec7a0b54879deeb049e,2037936,PRESIDENTIAL_FIRST_ROUND,100703279858690959458190208526109876748745820218074829115667506342019730348958,6137108549751367824522720747871433599555029100103419795068096970439355080814,false,PRE_ELECTION_NOT_USABLE
colombia_first_round,COL_2026,PRE_ELECTION,0x017c92abb97f6a51eb6c3b57986f844a565b341e2202ddd85154438f56f597d6,2333982,PRESIDENTIAL_FIRST_ROUND,88420609021782927105180592896462097956812731216504672311014751928708191176194,1900083526703148128084802496536352193862401501135653340857945698750670633916,false,PRE_ELECTION_NOT_USABLE
colombia_first_round,COL_2026,PRE_ELECTION,0x01cdf8941ffd7b36d40b858d6d346610e28c47634a6eb69b341b6da40e181a2f,2333950,PRESIDENTIAL_FIRST_ROUND,49690112916489451949296667467909564012568297466401642896119638306683189782108,37857071945186714679861246249922637208884269467245056813717230291513237601012,false,PRE_ELECTION_NOT_USABLE
colombia_first_round,COL_2026,PRE_ELECTION,0x04ad247146c2e2c6b1240af1d6fcdbf6b893ad4af03558c73b85cf214dacdcb9,2037926,PRESIDENTIAL_FIRST_ROUND,92439600558413151279456702840942230272457188248761822216128378235592169953844,45865545533411841932559872267971561687270367301574371238982635738774821585900,false,PRE_ELECTION_NOT_USABLE
colombia_first_round,COL_2026,PRE_ELECTION,0x04e73caf81ef64ce0c612699049d295e18dfe9bdd60d898fd3d8a64cac723661,569342,PRESIDENTIAL_FIRST_ROUND,77948970922967013320765099624654609581945232484076127193275914408760472466885,44674753934222224973645551263585431199862484226841760360632158056570271014639,true,
colombia_first_round,COL_2026,PRE_ELECTION,0x0622b01925e56a091f248c42fb194d3b86d58165f6647d6bcb7afc6fb4638531,569367,PRESIDENTIAL_RESULT,100491958886776974191121583503513146470234388396360962605267069217658465802580,82503349357181056398149908255365503506981833559023213427675200732940959552735,false,PRE_ELECTION_NOT_USABLE
colombia_first_round,COL_2026,PRE_ELECTION,0x065c9c419b6e1efa736760d175f0bb544af3b06c908d2bdcf7a942092faec5a7,2446454,PRESIDENTIAL_RUNOFF,7842998641854640467498864847927196666887026414217538383618059089010287738821,73377810827384780824303947274695960562511250713318827027771148534840046107237,false,PRE_ELECTION_NOT_USABLE
colombia_first_round,COL_2026,PRE_ELECTION,0x066968a0782400de3de2361116a0b65a0f596f52541aa47b7141a24ca99d2c7a,2334016,PRESIDENTIAL_FIRST_ROUND,11781705372887088419510717222413316365659704221785840568892902962488478023870,30129847144254064992260751098606878832796611898324689556110935735579948046767,false,PRE_ELECTION_NOT_USABLE
colombia_first_round,COL_2026,PRE_ELECTION,0x06fd167abf1870e59a2cfa0993fcba313296445d800a2a796df349de4d453b1a,569351,PRESIDENTIAL_FIRST_ROUND,49717584418487044513717863276516405463966260892819520159064698592829653119144,38630829436467708561145688553877980393399758676690044755109421253879766025075,false,PRE_ELECTION_NOT_USABLE
colombia_first_round,COL_2026,PRE_ELECTION,0x079756094f8f3f2f1c27c3c81a222b2211a2d57a1de72f36afaddcee8692db5c,2037908,PRESIDENTIAL_FIRST_ROUND,26737880624473827032663360845894123316722347696680032251589703832735493100304,45421871262879598219487062236304156481950759351622300698091157652906301040611,false,PRE_ELECTION_NOT_USABLE
colombia_first_round,COL_2026,PRE_ELECTION,0x0800bd687e4028589e13ea87e9d999ae8495baf34b886cad9aeaca166273fa72,2333996,PRESIDENTIAL_FIRST_ROUND,77801891223987841891474930621248532092123386694399544698997121876709615623565,79774248936917677535786289214612350107249875033447978339913670987747541234371,false,PRE_ELECTION_NOT_USABLE
colombia_first_round,COL_2026,PRE_ELECTION,0x0d2496544913dd1efdc093d296e366b4de344adeecc45d84cb4ab26433f335d1,569348,PRESIDENTIAL_FIRST_ROUND,72774350053906879890006453324691552555097045786061116921411542398714774240040,25245826787224338410010088676982472331814131701235656578925446163384798724305,false,PRE_ELECTION_NOT_USABLE
colombia_first_round,COL_2026,PRE_ELECTION,0x0f8307d8ac0573ba6495eef430d494716afa6019bb9fe059409653cbf1fe3c26,2334006,PRESIDENTIAL_FIRST_ROUND,109396079339670134267026895477341251318298298810359408106350415412049883203994,5900216445606360244565092745250598981651924056364882335184389504782667595305,false,PRE_ELECTION_NOT_USABLE
colombia_first_round,COL_2026,PRE_ELECTION,0x0fb006e0c06caa4db12f7e30ec8c2483d658f83eb57b2ee8eb478e39beca3dfd,569368,PRESIDENTIAL_RESULT,62374557612691330043510053829591470998236327248924987579815802826988260253261,45225184915026490412090111842887484470550126139644389135401954155408710524398,true,
colombia_first_round,COL_2026,PRE_ELECTION,0x109985b203700a3201125daee47e511f6de4ff2cf138d66a3f2adb557c36c0eb,569372,PRESIDENTIAL_RESULT,54150466123374773726738402962617014073469969105711615831248994920187304132512,13078858863233902852171878057565223170342271482379627448610126588212958283632,false,PRE_ELECTION_NOT_USABLE
colombia_first_round,COL_2026,PRE_ELECTION,0x11557bc4108eb3a0c095cce4bdfe3aef3706d9a323468d4a3fdf34abbf031c61,2037941,PRESIDENTIAL_FIRST_ROUND,32509149864066409743918236029964748712437195867638555282675937116511182256138,79961504106196749925007563577577293162219935628795595694451830915360865260523,false,PRE_ELECTION_NOT_USABLE
colombia_first_round,COL_2026,PRE_ELECTION,0x13122f23a3ec3d047910eb1c806738135515a8cc7c73704b70df6816f3832d01,2334002,PRESIDENTIAL_FIRST_ROUND,94556209340454165880345312250734643981747440062393825117083360543833752783226,22200512612568968902623011778589006136021375383650276532998557240188966065128,false,PRE_ELECTION_NOT_USABLE
colombia_first_round,COL_2026,PRE_ELECTION,0x134558df204e69f48e65c4a78b8a2bdfb696edd1e32dcf374582d4172d46e480,2333876,PRESIDENTIAL_FIRST_ROUND,7253269161954403703332238123834606285309457866515861611962899377270993957034,106195663937235118001100116011519912903870205974990062985376025242606203122868,false,PRE_ELECTION_NOT_USABLE
colombia_first_round,COL_2026,PRE_ELECTION,0x13fdd4bd0d84295d0dce1a74f0aeb13c98d8cf742746fd70b22225a9a8b55bdc,2370376,PRESIDENTIAL_FIRST_ROUND,59263798627249653735139959425434434938525580867813565742566207804138725744398,106907883654432555669105797640433393860603468575290578144134062016861224644807,false,PRE_ELECTION_NOT_USABLE
colombia_first_round,COL_2026,PRE_ELECTION,0x140f399dfb1bcebb1a0a8b287b9582b56a8347f8263843062d4c7341d60f24bd,2333906,PRESIDENTIAL_FIRST_ROUND,19872350398921714127744586988634099423923686591421430630787622118952123734352,8788236363524947485861079686558881748305798325253847460913746823751794666044,false,PRE_ELECTION_NOT_USABLE
colombia_first_round,COL_2026,PRE_ELECTION,0x1487020a35d9222a0f53d7a432b59e52041ae61086a1ffbea94d723b84ae203f,2333904,PRESIDENTIAL_FIRST_ROUND,36911343263732025547434327913640862187300895675420273945247834963787649733036,34893683973991935828332308014334218695058850542179922726756230627982217050144,false,PRE_ELECTION_NOT_USABLE
colombia_first_round,COL_2026,PRE_ELECTION,0x15bac3fab3754ba57ba328d86b93b296778a1b90c12bafa51f07b3ea79996b4f,2370373,PRESIDENTIAL_FIRST_ROUND,106763230704343183453719408887359082927815236992232473300788515686612692073771,11618145140283274060200253187130030476847871423203649938570348046814275016199,false,PRE_ELECTION_NOT_USABLE
colombia_first_round,COL_2026,PRE_ELECTION,0x16442f96848b4442b335774cd10a47bc917ec541130226b45cdc4f26abfbb05a,2252528,RUNOFF_QUALIFICATION_OR_PAIR,69354691871414110693522807641531264544288172767412558619166842998812658601653,2744910169025435180867465822005734639824915857729809093127949443344738999140,false,PRE_ELECTION_NOT_USABLE
colombia_first_round,COL_2026,PRE_ELECTION,0x16735442b2bb8ccafb0d588e2c514a5e537710f29eef62b9aceb110927aa0b17,2370503,PRESIDENTIAL_FIRST_ROUND,14032565312204116543058042853830508215638603444086721905238406226915307335250,112056089362062494013086287319777463778590557555325123282491093562172424170419,false,PRE_ELECTION_NOT_USABLE
colombia_first_round,COL_2026,PRE_ELECTION,0x1701b80d6df629d7b30967c7abed55c62b553f8f1b653ee69bb1c2078ab1222a,2037923,PRESIDENTIAL_FIRST_ROUND,41152046852821706027739182697692490036748225025281658843268438477766746657620,34393477159277850446203391159737931012767707336058320832180008063876251323527,false,PRE_ELECTION_NOT_USABLE
colombia_first_round,COL_2026,PRE_ELECTION,0x192e9cdfdf73c5be0123885cf069cb30c74196e72f3bea981ea245907c584103,569375,PRESIDENTIAL_RESULT,15952309044564592061707548788230769719958492797769308291116294264840870699738,50248943920534936026560510175588177476394368593498716063735193505706494883399,false,PRE_ELECTION_NOT_USABLE
colombia_first_round,COL_2026,PRE_ELECTION,0x1b52ae0ad863224eb8f63d17a48a6962111ac91b5cd3bd34449c02b7129b6523,2037938,PRESIDENTIAL_FIRST_ROUND,81816373486469789635838968973862753367247327643189074297016045282206730563405,7390802298625925415689880929753760034654483570394113687070191004223187019573,false,PRE_ELECTION_NOT_USABLE
colombia_first_round,COL_2026,PRE_ELECTION,0x1dce2fb21c0caca2ff4a99f4dd50af35594b538f90b776fc02054c41a078d0b4,2333937,PRESIDENTIAL_FIRST_ROUND,78748489466052311097028383377840442653725417631344402385314615233352567983747,25576030760270949472535201484398537328198968697513174828599064799190324769670,false,PRE_ELECTION_NOT_USABLE
colombia_first_round,COL_2026,PRE_ELECTION,0x1df87f7e360bcf2a2df38a2ee1bde8d1bff411780fc7e475a4a09a94a9bd3899,2370375,PRESIDENTIAL_FIRST_ROUND,108974167068494983977501827601085425117902742141321372239296316608755852846077,109435389580424658150493785421168198466327994825138139108960099929552872167974,false,PRE_ELECTION_NOT_USABLE
colombia_first_round,COL_2026,PRE_ELECTION,0x1f65f4ac4769dce4ecc5fd5df132eb6e6e94fe1e84863fd55c3f4a858c7bb425,2333938,PRESIDENTIAL_FIRST_ROUND,75019948041757382065489462523916767035504985914156740906730564940516170614049,428081008950391192052001333300444267896857211222406099295769012803305510135,false,PRE_ELECTION_NOT_USABLE
colombia_first_round,COL_2026,PRE_ELECTION,0x1fb33c5b0e416bee0294346d5d255b50b9b1b64ebd9f5bfdb18c89aed6b0e40e,2370504,PRESIDENTIAL_FIRST_ROUND,95397713339867671620267750294638973576062800721731079271432384499852407789018,59577799598615041474525598766462222441775718236296469685245542779261212208618,false,PRE_ELECTION_NOT_USABLE
colombia_first_round,COL_2026,PRE_ELECTION,0x1ffa861140b3938290e913f1e8fc09a9402d92b5a77ae7ef04a1bf1984f47124,2333874,PRESIDENTIAL_FIRST_ROUND,73623722357385139155184248655502762857722717250404134489597392300966802164164,9817226365294261934726881912604722643229405313723567325987764862511927473556,false,PRE_ELECTION_NOT_USABLE
colombia_first_round,COL_2026,PRE_ELECTION,0x2016b5e71ce635ead2d9d57a7235c634d7d8b13701892cbdbb3461a9a2fae342,2446492,PRESIDENTIAL_RUNOFF,112323293761407449932638593473133795457880106836849108920917453782926381146085,107334393118155912715030788823887377098927087752221659734421204748971634393761,false,PRE_ELECTION_NOT_USABLE
colombia_first_round,COL_2026,PRE_ELECTION,0x202af343a370924358b0397efd5b812affec245fd60a9f7bdcadc914b6179a3d,569365,PRESIDENTIAL_RESULT,80201140209960826248352000586932595636659282485774269449093899277382388462647,110257447605175414142409437826201644413797605873205278809974239027558213454512,false,PRE_ELECTION_NOT_USABLE
colombia_first_round,COL_2026,PRE_ELECTION,0x20f7429a43b2cd9e85d5457b05dce090076101c4af2ebc87939e33fa5bbcb474,2333890,PRESIDENTIAL_FIRST_ROUND,1078478351008778866690037740299609888947648072547291962568627039600427590283,88384321750597173643728369378083181554832385402359916762417309734831615255978,false,PRE_ELECTION_NOT_USABLE
colombia_first_round,COL_2026,PRE_ELECTION,0x214e38b663643eb8428e7eebc73eada6fe580724ce6ad298e22b04b6ed2af0b9,2037914,PRESIDENTIAL_FIRST_ROUND,104120634170391766294745534923968074884644833335532494093680914844279537387792,51478817533267971727964893945813375824876637274065996714709315814131936570088,false,PRE_ELECTION_NOT_USABLE
colombia_first_round,COL_2026,PRE_ELECTION,0x2291649b1f3bbbd1348dcb7400a9d239fc403a88489ea6d2b523db272a4f5d15,2333883,PRESIDENTIAL_FIRST_ROUND,41677755529161538623285741830045706935631847977044006880022105582468945252017,19672903945844730210426597254715410372669041375450446930672691256532458942082,false,PRE_ELECTION_NOT_USABLE
colombia_first_round,COL_2026,PRE_ELECTION,0x26a0f0a0c39f06c80dcfa83ba8b9701973471e097529aadd791b61bada836c20,2370368,PRESIDENTIAL_FIRST_ROUND,25690840019062849976496566794963978141818728224461919092756328830681090169797,70711342151483937699561861579769525426595720303575710642911618019465212044891,false,PRE_ELECTION_NOT_USABLE
colombia_first_round,COL_2026,PRE_ELECTION,0x2890121a9277d619b936695405544bda9f80d184b05d9503fd8f173c52867365,569341,PRESIDENTIAL_FIRST_ROUND,91061986285111660506709592119475475293178445047267552942031473045846880257562,47634466547617839934032219229279945162541382502913745126666974137002716262684,false,PRE_ELECTION_NOT_USABLE
colombia_first_round,COL_2026,PRE_ELECTION,0x28ee5befbb4642b7fb682d904d96375fff2290ab924d77024586185d1b68530a,2333885,PRESIDENTIAL_FIRST_ROUND,26305959153302334489897721619801514327439942531863552746872334003234759235395,6468979929223138465593425154646016866970325298229487948093436692333676835217,false,PRE_ELECTION_NOT_USABLE
colombia_first_round,COL_2026,PRE_ELECTION,0x2a3914b6dd5c7cee95013706205721b7382eb58521f78c2f05aa27d66dbc98ab,2333998,PRESIDENTIAL_FIRST_ROUND,66381795846969032629901430810742945962626578004273330356466856194567141702541,40409767179656996491727443577129961128822452085512967205325220979407970324285,false,PRE_ELECTION_NOT_USABLE
colombia_first_round,COL_2026,PRE_ELECTION,0x2c00b43dfddc4e2ff16e00a2c4aaa59a75978e693651d454426ecbce7107664a,2333985,PRESIDENTIAL_FIRST_ROUND,90887057050804113519265420623412497183452839038060206558937974396477090101473,10175524752780470859813380426156901626697434676400789950907838320962547414835,false,PRE_ELECTION_NOT_USABLE
colombia_first_round,COL_2026,PRE_ELECTION,0x2e2125a3d313f17fe3d301b05685d939aaa7c1b0541183108e7a471541b1143a,2446461,PRESIDENTIAL_RUNOFF,90911638330815022745723177109126619053681521039738438662830585746510558614815,4164174185561595497823941618642956639869906996394235318393454589478231246770,false,PRE_ELECTION_NOT_USABLE
colombia_first_round,COL_2026,PRE_ELECTION,0x2f932d721e4f15f90c23488ca79167661d11cdf3f4e70b133c03a1dd40f5767b,2037909,PRESIDENTIAL_FIRST_ROUND,65801053936630475337253265637587750169980419433235190392847718276767934340006,78315262461738504589301281853980470907983972045284437433552488491405105855170,false,PRE_ELECTION_NOT_USABLE
colombia_first_round,COL_2026,PRE_ELECTION,0x30c832f25d94330ff3de64f5dc4dbfb18223120069cdd41c64badec23a651d1c,2334010,PRESIDENTIAL_FIRST_ROUND,89216459400416278970752549736182845674936683948150686940422944436972102599161,9846885350683254353720933894247170453773589259249512972752088088243713448428,false,PRE_ELECTION_NOT_USABLE
colombia_first_round,COL_2026,PRE_ELECTION,0x339df241ecdf5119d616e6a263411b36cc6265d66431f939429595ea3f25165c,569378,PRESIDENTIAL_RESULT,50904860313941056616337244037140417510300046769518001741853498208438107484878,54650874419190726488429331845837298890322423771237910031862078351950599869520,false,PRE_ELECTION_NOT_USABLE
colombia_first_round,COL_2026,PRE_ELECTION,0x33b9298257eac39553c008b882ac333d2538bd493689d6710d3986d890580033,569334,PRESIDENTIAL_FIRST_ROUND,12516303356363467179885576472702473520609540998008534980142053225514923736128,56392837461754577010918753297684469288092009718829208653365190771739352467707,false,PRE_ELECTION_NOT_USABLE
colombia_first_round,COL_2026,PRE_ELECTION,0x33d57c8656390946c46e608d0b2ed56b8f27d86bd7444a90c691dec4d81a09ba,2333888,PRESIDENTIAL_FIRST_ROUND,43594109551379622502089261633704395774795471425871617618226578487205946510029,45151676639365925805826073756726143239152343539658560368148033304484256679156,false,PRE_ELECTION_NOT_USABLE
colombia_first_round,COL_2026,PRE_ELECTION,0x358a4c706ce29a1847d26244857c6272e5359a17aad079f5672c8fb40d50d66c,569363,PRESIDENTIAL_RESULT,8068224814554540438878048752492562091284744204380091879028789889702206094159,16548553332971476957450072608969189877959572767258214935623579207865190962760,true,
colombia_first_round,COL_2026,PRE_ELECTION,0x35acd85a490ff9b0fbc97e545334a0c124b5f2a703d2090523a7fd8ff626ebc1,2333995,PRESIDENTIAL_FIRST_ROUND,105341950599762419402436652137823543294951876514711995548040653815338279081943,43821158281580462196087007766692176097808730041570269051883433897352919754627,false,PRE_ELECTION_NOT_USABLE
colombia_first_round,COL_2026,PRE_ELECTION,0x3605db298c2c3987326802df95a0c99985174c4323b1cac8941f02a0b84efb69,2333889,PRESIDENTIAL_FIRST_ROUND,1483867935326814451604802032734008601109939300874157392810420055852722805915,15250560151825477381637303467226811024776502005579949979438286031025192354041,false,PRE_ELECTION_NOT_USABLE
colombia_first_round,COL_2026,PRE_ELECTION,0x37eae0ea720d356202b6ea7a60cdfb01bec864732263d570e1b9d2cae2673dd5,569377,PRESIDENTIAL_RESULT,35576386648968576566688560536354233813249129897893663189690996601696599407931,96109665264862080475376393531955100987957944681847649669531300877467560053535,false,PRE_ELECTION_NOT_USABLE
colombia_first_round,COL_2026,PRE_ELECTION,0x39171df906a7d9b43ddf95b2ce7ab44e298a550725eb71dc8b11531aa42fe236,2370371,PRESIDENTIAL_FIRST_ROUND,102522220617940917640135349614659857674061664729122958690827267932184772834434,75514784963273890959399499713376488854370383075496325472954063346318094066231,false,PRE_ELECTION_NOT_USABLE
colombia_first_round,COL_2026,PRE_ELECTION,0x3af66859d08bf41ae115b1492c9b310bb46d90542a370a9519b8be57d6c98e85,2037931,PRESIDENTIAL_FIRST_ROUND,7661824453015520128804094464968738886264147068088724947746909918004220880782,86233090752301391913217963266284886376166918356609573777794451399638360613138,false,PRE_ELECTION_NOT_USABLE
colombia_first_round,COL_2026,PRE_ELECTION,0x3baca5b0070978e7518ec4fbaf7ac79e30eb8adc48534e0004780fca2a59a2f2,569335,PRESIDENTIAL_FIRST_ROUND,48659756136284565019223821348790383206344687947238147520094323320808293530767,41734055192506875703233086051416193321915697699493712397770194153998142718833,false,PRE_ELECTION_NOT_USABLE
colombia_first_round,COL_2026,PRE_ELECTION,0x3bb61959c0e73b68ea71933dc256f136929ed3fbd50d6670539266a9bcaba622,2334001,PRESIDENTIAL_FIRST_ROUND,105313164158348972746104289549133013429598578863021292722124253105017475313134,103878437342836445165759126640218652517109291505029792573004417700660602360208,false,PRE_ELECTION_NOT_USABLE
colombia_first_round,COL_2026,PRE_ELECTION,0x3d0365ae242cbde4034b3ea20e3b0a79f2890f9fb830fbe7e0c79b77dcd3aa69,2333947,PRESIDENTIAL_FIRST_ROUND,65350650080222031414651846750572761951589809609132231875659672907042741710065,39764462074217506973788820792223315818779454812083295273577545164012715674700,false,PRE_ELECTION_NOT_USABLE
colombia_first_round,COL_2026,PRE_ELECTION,0x3dce8adbc5aebb7d7bd60ff6fcab32ef0533e9e9475015120b0abab1d38b0909,2333991,PRESIDENTIAL_FIRST_ROUND,11352667427369571689839022369152424646478177302042848308849827998758857851210,16831389437893005955970490862856925979835807185217127931054156941741591805822,false,PRE_ELECTION_NOT_USABLE
colombia_first_round,COL_2026,PRE_ELECTION,0x40b8399d2b500f8b09da21f76739f58161ac24ccbb2c6aa5df3b3a71bd2128a2,2334011,PRESIDENTIAL_FIRST_ROUND,20608811740831745084777743211572799072737980712474618087083284606889984956657,62613009560964240273763218588168047196705130569258470410748637080831125528826,false,PRE_ELECTION_NOT_USABLE
colombia_first_round,COL_2026,PRE_ELECTION,0x45795a86fe0275182fe3466101b5255dcea67d323d0000f8b4d38513f7ebda64,2446489,PRESIDENTIAL_RUNOFF,94851948724629005472778191056598169532602024635153602269000577525895573713913,19342166706538371110301882523296985923053826328856416982415725431143168146121,false,PRE_ELECTION_NOT_USABLE
colombia_first_round,COL_2026,PRE_ELECTION,0x49e558a18adbc66d0e4157ba3387d34e14a3911b7e261728fac86c42d5c7133c,2333997,PRESIDENTIAL_FIRST_ROUND,9130297864546634016010618697205752332957366224492537595372007182042730147381,12766875175055860764160778665583608934306536119111793498520265084591438289376,false,PRE_ELECTION_NOT_USABLE
colombia_first_round,COL_2026,PRE_ELECTION,0x49ed66968bfb4058a43bcf7bc664cb879e93a3e51bd10d844e3f8662febe9fd4,569338,PRESIDENTIAL_FIRST_ROUND,109710008834411230337090857031488261059821089034726354248807420936018491444380,110944128767750526318450684005515594109905850132487212860536527315959904068270,false,PRE_ELECTION_NOT_USABLE
colombia_first_round,COL_2026,PRE_ELECTION,0x4aca3a9a1cf0bd2a5f0b26b2b677c1f68bd386411adbb1a6bb67937deca40c7c,2333925,PRESIDENTIAL_FIRST_ROUND,58902239124101708668608210519616138658999095812206021255543388621813357749660,108646943568922211235930346739970024469706840810459262069823144610088444634690,false,PRE_ELECTION_NOT_USABLE
colombia_first_round,COL_2026,PRE_ELECTION,0x4b4cbf5395b513b8fade88255533471727a0af51fe950054f93b2e0133f3d286,2037925,PRESIDENTIAL_FIRST_ROUND,53761725662687322223463092511809846719448449750472948909973299308108480174389,45054013742955105900382384033446478098222319254880444431026309617262564787138,false,PRE_ELECTION_NOT_USABLE
colombia_first_round,COL_2026,PRE_ELECTION,0x4c7e5139ca38b08d51ac7d5ab3d15a2ba77ec1f99ee206ca28cd2e160ff8c657,2334000,PRESIDENTIAL_FIRST_ROUND,84558917960422464502952129255871655078984864658860262766178279458450916297861,62111932535811317539346616869497390377875419271804579357828963108951375912744,false,PRE_ELECTION_NOT_USABLE
colombia_first_round,COL_2026,PRE_ELECTION,0x4c99c057d8c04802c654623c8c7fdc40fcc979a3599dff331c5e1aa20a382834,2037935,PRESIDENTIAL_FIRST_ROUND,57172221598532081764295448994534056723478965228523862284455540719534237523960,14259199111157075064382019708111347596578325071281975856847787733735294058032,false,PRE_ELECTION_NOT_USABLE
colombia_first_round,COL_2026,PRE_ELECTION,0x4e7ab14e108ea5a9155cec536b435c098b72702639598f0c28349c8bac946d94,2037919,PRESIDENTIAL_FIRST_ROUND,10647133337702892106263778573888138658570317713098443417452924210592766368406,102079623168623471273840290882862058479284336255106205460876708374644120043097,false,PRE_ELECTION_NOT_USABLE
colombia_first_round,COL_2026,PRE_ELECTION,0x4ea073c06f5bcc307cb4f351e08c5deffd69613f37c651775b2d2f4391b68990,2037915,PRESIDENTIAL_FIRST_ROUND,18743268952767029977873726300637995594341325813891053487160767721400543542361,114220989310925891771558225464740684305589081400589078124850438578778113902108,false,PRE_ELECTION_NOT_USABLE
colombia_first_round,COL_2026,PRE_ELECTION,0x4ec869aeebf64753b780bdb334d2377e99f381d4a5cc83469a6882a1fe336784,2446459,PRESIDENTIAL_RUNOFF,20677053970747892267275906445449479173373738971385900183747685029984688159677,70082181591084950244365636335964030067781194952832822466968105366770178443320,false,PRE_ELECTION_NOT_USABLE
colombia_first_round,COL_2026,PRE_ELECTION,0x4f62215eff94ab3f33405596b373eeccf65bf38a1f996730dc544f934522f076,2333954,PRESIDENTIAL_FIRST_ROUND,62301175332378592230515056834457664793940969911818973871393126855246014596501,83050978721057089796567497752074464462808607858951190314332183331641129306517,false,PRE_ELECTION_NOT_USABLE
colombia_first_round,COL_2026,PRE_ELECTION,0x5037195eafd98f9d50ef8d5700abcaaa7351cc53bfdb1df23fd28fd35eb94e9b,569349,PRESIDENTIAL_FIRST_ROUND,13029278070705688134577821030612277494815895676220866840087054352558704333924,3539761353871947758222904778438532904194418510639880694720927872335191948765,false,PRE_ELECTION_NOT_USABLE
colombia_first_round,COL_2026,PRE_ELECTION,0x53cc1ab913aa7e50c1baab8eebc513a868b854fb1c78781446c42e09dea81764,2333884,PRESIDENTIAL_FIRST_ROUND,50087352993243361968708897880768307880130828363273697884735769217952246350381,54159019525017821909362363264090508987876461534355590554567740118116619534249,false,PRE_ELECTION_NOT_USABLE
colombia_first_round,COL_2026,PRE_ELECTION,0x542631b537143a71ef5959dbfd7b9607a182fdd80bad2b60dc655381f1f429ce,2370507,PRESIDENTIAL_FIRST_ROUND,92815940510889839254932726913535851147944648711626474958748239873145633832341,90893386670177214273771810545673145228034466084452958126544077812398425014183,false,PRE_ELECTION_NOT_USABLE
colombia_first_round,COL_2026,PRE_ELECTION,0x5525bb24ae27c09792c6916b8965e379e877d3da8526183c41f75c510cf391cf,569376,PRESIDENTIAL_RESULT,89694553118673733656678168830633286324312515199800945171852589630303595592081,45947837297819623832751853070957796549644165438317730076415117509643335719678,false,PRE_ELECTION_NOT_USABLE
colombia_first_round,COL_2026,PRE_ELECTION,0x5553ac0f0f12152e074acffad5aa883ebbac57d4d56fb87ba44210a9ff1ef763,2370363,PRESIDENTIAL_FIRST_ROUND,80409343233913036431936767840187042078689044235273383609034963566697602886885,17771261931070273465412656574855359363377231545699136563559510097663300201862,false,PRE_ELECTION_NOT_USABLE
colombia_first_round,COL_2026,PRE_ELECTION,0x55eab99b65f18398a73395d38c50d0b93b2f6fdaedbfdbe7790a30fc073f6e60,2037916,PRESIDENTIAL_FIRST_ROUND,49961881732702835671103659041936946434233949332234829274061522102899378016289,99751667353675366875078820485258424108240560988546214537577783943322961392572,false,PRE_ELECTION_NOT_USABLE
colombia_first_round,COL_2026,PRE_ELECTION,0x566196aaed496a8454b0dd572e88dbc096f13631589b8401efb942bbd4e07cdf,569369,PRESIDENTIAL_RESULT,36553834009124167357981460132800746681781045509640776189348736916365216865880,84932927190840068977064610674468659068085725951047956935296135607430523036808,false,PRE_ELECTION_NOT_USABLE
colombia_first_round,COL_2026,PRE_ELECTION,0x56d3614b2a31f92909d6c8d9674b8a4b642ed8a84e54f44023327cb31c30a6fc,569347,PRESIDENTIAL_FIRST_ROUND,9923011246923572238814851524588176780015983689281865964356210838183555284870,84074974758210511873081721199244479422288283449071936927279030379789309265836,false,PRE_ELECTION_NOT_USABLE
colombia_first_round,COL_2026,PRE_ELECTION,0x570584e73bb6a809be11d2636c64bf4b74487b612fbf9a7782a32439caea1fe7,2333865,PRESIDENTIAL_FIRST_ROUND,30784107834155268010683747974007437163202797356150390767870748631058209969507,46054207991360818981200629995836876456353596967135559498033644278491911925403,false,PRE_ELECTION_NOT_USABLE
colombia_first_round,COL_2026,PRE_ELECTION,0x5843cca0c3640fa5a0abf2a8db4fdead6b2563e10b4f2e94f36bab5938659e72,2333880,PRESIDENTIAL_FIRST_ROUND,27214451748815883698436866174560173787279251220959100994539390887021427727063,1830569144856661066062626983622294651090421826238131365781299498352044270086,false,PRE_ELECTION_NOT_USABLE
colombia_first_round,COL_2026,PRE_ELECTION,0x5853f2059b09a3ad04599874fb206b8355650fd5a401a249766210ebc7ccca2d,2446485,PRESIDENTIAL_RUNOFF,32939935417416018152661570888260072137066204711577173091005618090382409196953,69612032745340316669657004700293121994034495226573808416433313199168458684663,false,PRE_ELECTION_NOT_USABLE
colombia_first_round,COL_2026,PRE_ELECTION,0x586372b81191e5bbb958a2b7a18f2f982be1e403b2ea0018d2376c400f9498ef,2333927,PRESIDENTIAL_FIRST_ROUND,22932168123652109108846786194536677841238341204033890641651923278173587224252,5984644885008498407475360081377241842505197090084470645147330151443009718029,false,PRE_ELECTION_NOT_USABLE
colombia_first_round,COL_2026,PRE_ELECTION,0x5a0d158a808f0a45b67c365842b70333c5f635794e1e5e429e2baa6c248897f9,2446490,PRESIDENTIAL_RUNOFF,95276622400222816458281111118707471184247849196074751637912327207991383475319,61597249738888741474720552609738101803134454641620895957513869429584646446764,false,PRE_ELECTION_NOT_USABLE
colombia_first_round,COL_2026,PRE_ELECTION,0x5da9a62d107fe1a40b695de4c6a2b4a084489a32b3817fa6af1723c6030fc7a4,2333936,PRESIDENTIAL_FIRST_ROUND,53298556313434663039344871389247069060956681971318099357157595542735524411998,68347339044506960669813427919419974078877002814378838984428444635372045170765,true,
colombia_first_round,COL_2026,PRE_ELECTION,0x5e415f07db360cd4dd71eafedb3e93863d6343b26416a9e3b6e58d876084960b,2333894,PRESIDENTIAL_FIRST_ROUND,20181848462410226439564525792176096351130630909797345060481734429103191822039,86196059661466793367678210623434415639683773948739631189399126279666437382016,false,PRE_ELECTION_NOT_USABLE
colombia_first_round,COL_2026,PRE_ELECTION,0x60084cd46b5b91797ad397f4c1ffb5d3fcec7c134b705d2796c0f571eedad3b7,569362,PRESIDENTIAL_RESULT,90597192178681015689649221295046634532475085163327739303111514887963871088190,12096880073482366155184747709735877109433940251536294092423818517825981404883,false,PRE_ELECTION_NOT_USABLE
colombia_first_round,COL_2026,PRE_ELECTION,0x62bce58b3b0ed9b3c4f87126578bd02005e0cdde4fb0ee1baf1c86b6ebaa278d,2333949,PRESIDENTIAL_FIRST_ROUND,90588697084819071042080393524262855090019602509424115878611677169238300233609,52286408964546455012082329720115695041605124501534438238759703559568997245597,false,PRE_ELECTION_NOT_USABLE
colombia_first_round,COL_2026,PRE_ELECTION,0x631603d3b238dcb3668e70e6bb8951d57d52c419fd9b5f3d63403ad68f264f65,2370369,PRESIDENTIAL_FIRST_ROUND,12226423288780599563011475613807642769097724889014707153307653850752788899885,20943589593491838109810906648757863845889162000752337520985198737303906129301,false,PRE_ELECTION_NOT_USABLE
colombia_first_round,COL_2026,PRE_ELECTION,0x6374771cfa8c750ae9b54bc2074ba9d7eefbe40acc2a726c1e23c3ed86ea6c1b,2333867,PRESIDENTIAL_FIRST_ROUND,74081466685547945903041555820647899495095268998251758792962208764411530866261,93971524882672103113944895823932969624766678743202850845754660516833936433425,false,PRE_ELECTION_NOT_USABLE
colombia_first_round,COL_2026,PRE_ELECTION,0x6419acec3e5111e2ebef300fbddd5aea62a9cebced2f54bf36460d43af845183,2037937,PRESIDENTIAL_FIRST_ROUND,65391964259760855699974928756361287949434802685966662084801580556068678363198,80412670826045734551836159123617977056106987429899656948727989292587758965349,false,PRE_ELECTION_NOT_USABLE
colombia_first_round,COL_2026,PRE_ELECTION,0x65762ee948d59d736b4f9afe5342952eee1ecfaf1a0f6b6c5fed3619ab46d256,2333987,PRESIDENTIAL_FIRST_ROUND,50516886031185726666190443153327706413025564300097218183538809638482175900778,31625653454924323217507868747419455695757944242036556169659634363446337388326,false,PRE_ELECTION_NOT_USABLE
colombia_first_round,COL_2026,PRE_ELECTION,0x65c68c23598d83ce911ab07dbff389ce34b2b353065433431ed9702b86c89446,2037922,PRESIDENTIAL_FIRST_ROUND,11802337274768352575849698254061068996020131052342372548979525368246415074812,79633727667236071326398953014157129853941509077805551801608825297620046004760,false,PRE_ELECTION_NOT_USABLE
colombia_first_round,COL_2026,PRE_ELECTION,0x676f1f848d78647c77f0bc952071cafe6c9bbeed19c7e9597a6cdf004e21f415,2037929,PRESIDENTIAL_FIRST_ROUND,106999260143163150591713457623943682746001421724813780030701779327685439290534,31666445195127050234559675685788567791954972757743062958584635541566604287884,false,PRE_ELECTION_NOT_USABLE
colombia_first_round,COL_2026,PRE_ELECTION,0x679ea1ec612697c2c552f6830a6c899d687b4f8c1c122084102a60aeac4ae0b0,2370506,PRESIDENTIAL_FIRST_ROUND,104806624275154607286616795725412753892582363039578754065961750788133732821204,23191703838808454225380460368556849724146928184516119103419008395321462649339,false,PRE_ELECTION_NOT_USABLE
colombia_first_round,COL_2026,PRE_ELECTION,0x680df8049d50778dc21840331788079dcf2f987057196799d77c820a8ecf4954,2333929,PRESIDENTIAL_FIRST_ROUND,21721004858927411564263202194256388606949363475485674470053507337544788873342,20039786102274790629687449439378774674320115339696514807542047988833616568572,false,PRE_ELECTION_NOT_USABLE
colombia_first_round,COL_2026,PRE_ELECTION,0x68539c2e807f807bcb330ff83ab020973e544ab4b377b7946339964d66148a8b,2333887,PRESIDENTIAL_FIRST_ROUND,99999473772810828853982592117593985277302342753733679108375835780647689539135,43349849544466366683484578295365996497107110629794846812216563102829517095353,false,PRE_ELECTION_NOT_USABLE
colombia_first_round,COL_2026,PRE_ELECTION,0x6aee7a669dd941b514661d64c55e7bd63ef7884d5e455c850f1835a8056e7a55,2333992,PRESIDENTIAL_FIRST_ROUND,7707882609877027151419445009151473858946466475327085396299308696610200951375,50192917843461008913980030770402312790825197108048084942311427385352595907357,false,PRE_ELECTION_NOT_USABLE
colombia_first_round,COL_2026,PRE_ELECTION,0x6b018aa0a63272c29ce48e9d662569be6f3115a05296b0268ab798c43fc61f84,2333879,PRESIDENTIAL_FIRST_ROUND,4799627587945218593459507050372147267382934962112054007657617310353679573876,82572190722812246422010883254419245050567443270539454954469261834828718992928,false,PRE_ELECTION_NOT_USABLE
colombia_first_round,COL_2026,PRE_ELECTION,0x6b98b6acf1dbf405c189176529f77ff5356b2dc9c2a5f15012c0e2df3f561d2b,569340,PRESIDENTIAL_FIRST_ROUND,34438409845535751191341828081530593695046286317271306160707054286296479165842,67014052427936754158975926764028330028925047597536858092189886153214819212250,false,PRE_ELECTION_NOT_USABLE
colombia_first_round,COL_2026,PRE_ELECTION,0x6cd7f5a003cad0da9b5c95517f2d64947502ab65c3e7c59f5e80306cbe466306,2333875,PRESIDENTIAL_FIRST_ROUND,104248572480405467465158820553794703819681317324427410345775817859278974206745,69544139795777944282556626010753973006617795326661974005953881135360318249864,false,PRE_ELECTION_NOT_USABLE
colombia_first_round,COL_2026,PRE_ELECTION,0x6e30592e839d340023578a8aaaf2b992230c325c876fefa899d4db22e5888b5f,2333891,PRESIDENTIAL_FIRST_ROUND,46313092681355734469888435582730152303074066748693088941913950550740056534548,5558344805037350974801151040275399166362682601965288401856525160383694416967,false,PRE_ELECTION_NOT_USABLE
colombia_first_round,COL_2026,PRE_ELECTION,0x725ebbec217503a2423d0407d0b6adcdd809530eb52c6bc7f10049fc256e435a,2252531,RUNOFF_QUALIFICATION_OR_PAIR,56353357200751108439804064918299989884298588881627270842017194206692181099973,31048542378510168403209628177033913027396144385984633758100247314026514613191,false,PRE_ELECTION_NOT_USABLE
colombia_first_round,COL_2026,PRE_ELECTION,0x7376a7afb937c4a38ac81ec7051d1e0e6fdffe5b97bf5ed7a2e12c1c5370c62f,569686,PRESIDENTIAL_RESULT,107203275994336680755362619429685368760341961297047164144282479976375180962769,107275340423664982104221867157381456551284001087268578844523243661762442257053,false,PRE_ELECTION_NOT_USABLE
colombia_first_round,COL_2026,PRE_ELECTION,0x7385bdc26ff171d5efebeebf1f8e9699a21877e3706c803341eabfb57fa1ee42,2370374,PRESIDENTIAL_FIRST_ROUND,104997868072009015624222294580678450931025984784809139537795507805369124252261,85852392956929507401323380500070148952293206277203636208052397393223287465901,false,PRE_ELECTION_NOT_USABLE
colombia_first_round,COL_2026,PRE_ELECTION,0x7574909ead279859db12d838f1e0476b0f23d153afedadae68df0c0e2ec8ec58,2446464,PRESIDENTIAL_RUNOFF,11274273763737538316872146622557302470817685997156433493407781286477705432333,108687425285203904787070519572148981571941531130497332012799390206624444674224,false,PRE_ELECTION_NOT_USABLE
colombia_first_round,COL_2026,PRE_ELECTION,0x77b1512402d2b2590f65d22f4fb1d2ce29f3fd2d6516429928f430ddfc2215b3,569339,PRESIDENTIAL_FIRST_ROUND,22771558623355089707681429633836704882116031403343361257897294847540582889503,107183232420594046830622467775492543003026301644990203406740060907014867972010,false,PRE_ELECTION_NOT_USABLE
colombia_first_round,COL_2026,PRE_ELECTION,0x77b97aa108a2ac6cc060a25b0b20c42abc17f2903ef6451a2aa67c32eb4984e0,569350,PRESIDENTIAL_FIRST_ROUND,113836288239785197682391524481339003867134526445368134944975045094673243345123,109256075227728709762370351672752038056874760557940148781327635649962539417803,false,PRE_ELECTION_NOT_USABLE
colombia_first_round,COL_2026,PRE_ELECTION,0x784279c516869c1bfc6ba83dddee6df1870892dd9ada86dd80cfdd751db65431,2333986,PRESIDENTIAL_FIRST_ROUND,45389051112814279310316854069508438461084655334506786053742840624511673670486,37300398761479688744380490886559509490208708266634187117971997547329233522668,false,PRE_ELECTION_NOT_USABLE
colombia_first_round,COL_2026,PRE_ELECTION,0x7972fa87842db321191effc7803ae758f5a8b944382a703316700c7dc036f8e5,2333924,PRESIDENTIAL_FIRST_ROUND,56959381062756020263119221303974588403214451335104099062265123230040615612899,101477488666927972610708720494736659549368515658969894921494071427062676717228,false,PRE_ELECTION_NOT_USABLE
colombia_first_round,COL_2026,PRE_ELECTION,0x799c5a37d34ca45f7241cf19fd64fa0ae3b40d76f3ea020f31538aecabc9a700,2037942,PRESIDENTIAL_FIRST_ROUND,41862162996749049618282724714983963639380035766878654964972757213646461374247,16564407659095389621217568504797942152874087858546695804280374435155386988932,false,PRE_ELECTION_NOT_USABLE
colombia_first_round,COL_2026,PRE_ELECTION,0x79cab4f38cf0f5f5ae6c9e844e29af1ff86505fd8ee7447b510fe899092ea8e2,2370367,PRESIDENTIAL_FIRST_ROUND,8697539857550986832137144276320607178265573681335770267502912415655085842861,21242654996158751286546527824285723411357590658494899997066056094795103168326,false,PRE_ELECTION_NOT_USABLE
colombia_first_round,COL_2026,PRE_ELECTION,0x7a9ae8397405ef2677c61dbd837eae56b16166a912300c7ea64c888c20f097e1,2446458,PRESIDENTIAL_RUNOFF,34499247694672682441715815336155601084968230854199054363173214152067717469184,36060178114704868363456329411507810874354258399508747190212373853421040620589,false,PRE_ELECTION_NOT_USABLE
colombia_first_round,COL_2026,PRE_ELECTION,0x7c3b10d67000c0f0589c262b0ee5fbd2b676a8a229efaa0d3860409eb58862e2,2333935,PRESIDENTIAL_FIRST_ROUND,86735141163492591036846248349906828108819230334754278893808647611772780632642,46844246682575196208464733368780337880618716847514611626420679186579665424957,false,PRE_ELECTION_NOT_USABLE
colombia_first_round,COL_2026,PRE_ELECTION,0x7c795144bf0351e82c85f844de81f29f482aaefc3b544eddeb8b7932887649e4,569332,PRESIDENTIAL_FIRST_ROUND,39801986283615413172004632209722689673630350670628652772852050084294532881656,86801759735305303057401841706783381396664997150506153743488239476725002518854,false,PRE_ELECTION_NOT_USABLE
colombia_first_round,COL_2026,PRE_ELECTION,0x7ce21332ecca3948da5ecf5e626b16938ba1487ce07d1579d869f25045002200,569346,PRESIDENTIAL_FIRST_ROUND,87678849706704552441529840256129995088714454521339794038868863045951701650099,47017405184502675981467508075775615441360798090463694595132629118753589748231,false,PRE_ELECTION_NOT_USABLE
colombia_first_round,COL_2026,PRE_ELECTION,0x7e6e88538d30ecef848f90bd65542e9aa79dcdf7efe62d93bdd2ee134c5697eb,2333934,PRESIDENTIAL_FIRST_ROUND,71129833067374070327860893385696970998086996721596884035239611096806214064870,32905779237899109335192805256416428787187638937657814376992827014384552656851,false,PRE_ELECTION_NOT_USABLE
colombia_first_round,COL_2026,PRE_ELECTION,0x7e9a46bacc3e728c91471981c12ce8f02e0a2a137e629dbf87fc407e030c2894,2446488,PRESIDENTIAL_RUNOFF,31951791421348148306261065506468191035597940333258356002176420113059149291334,73405993615498470700214341569373306548464124990807946283472006473375600682199,false,PRE_ELECTION_NOT_USABLE
colombia_first_round,COL_2026,PRE_ELECTION,0x801f7b19117136c24310006ce4de103f2393f9b7e193f5cd46979f789986d4e5,2370372,PRESIDENTIAL_FIRST_ROUND,31298869100124143495345080948613668059227369900192776063166867588510846016201,27569980540816126918913223009069103077803429013709621607972111434973870718622,false,PRE_ELECTION_NOT_USABLE
colombia_first_round,COL_2026,PRE_ELECTION,0x802be8c1af51ca1211e2c83c21302c986c3c88e1c6b32725fbbabd7aba215b6f,2037930,PRESIDENTIAL_FIRST_ROUND,29640882301506764333584337718624910877832813850860465342547044587081918064622,24872067212131170188095456446409532379798132110041576299337652781449842994966,false,PRE_ELECTION_NOT_USABLE
colombia_first_round,COL_2026,PRE_ELECTION,0x83cc31d5a91fe84ca3033fbed6d8fd4b632ce112b72430478c80cd99d1755944,2333952,PRESIDENTIAL_FIRST_ROUND,79684699678658186591236460503332216117484799022122854316237102780738225158821,75351774721290338044792972159278951514728501507297210166834989027740161610611,false,PRE_ELECTION_NOT_USABLE
colombia_first_round,COL_2026,PRE_ELECTION,0x83f95fa7915aa717bb25ac9fbe5d84b235d57459cae3610606e416515a3cb668,2037928,PRESIDENTIAL_FIRST_ROUND,75943551717686589015006159724056257193600392422316355038857081755055236481305,906837801242739762079085471415449500295959862576781914267022160188338702052,false,PRE_ELECTION_NOT_USABLE
colombia_first_round,COL_2026,PRE_ELECTION,0x842483006bc18b8d0fa3a78f066e1bf856a5f8cc7ad7b92d3e503c96441a7739,2333877,PRESIDENTIAL_FIRST_ROUND,63444021748205677899049091420386555452442526586716299375407040683515511382515,86263438694213483900662107518231415931796145787404151371087503372298659799323,false,PRE_ELECTION_NOT_USABLE
colombia_first_round,COL_2026,PRE_ELECTION,0x849a3e762977a9ad6b8e5f449ac7c8abb2756409a1b55759e00262e072bd81a7,569356,PRESIDENTIAL_RESULT,111233749945390693132335511891715724694881884819987764738034083584495542889312,96773893512589764869155803687774017846749249748001852862755144389935842815761,false,PRE_ELECTION_NOT_USABLE
colombia_first_round,COL_2026,PRE_ELECTION,0x84b22cea5084b002430bfe86853ea3145295e361915c6383266737055479bb0f,2333990,PRESIDENTIAL_FIRST_ROUND,1567949664927593775578009030058407452701579098616683744255259364807873171361,63365289289080620970078322061929754055139299260514599781579858404891629242800,false,PRE_ELECTION_NOT_USABLE
colombia_first_round,COL_2026,PRE_ELECTION,0x85530f4ac81f03b94a4573a42741a4a23686d691181b463d2dc1dbe2671b4032,2333956,PRESIDENTIAL_FIRST_ROUND,85166954989864940692711000540204017116302666260175436279239962388874358837799,64536742526170476726882458272417733053404519481455780543597512489736143390896,false,PRE_ELECTION_NOT_USABLE
colombia_first_round,COL_2026,PRE_ELECTION,0x8658223099a8577961ac12f2e19d37e455087e17ca59937888f4964cd0d1d160,2333943,PRESIDENTIAL_FIRST_ROUND,5351388601231175311752346989823704626607539048157156223217651698827659517062,60242354550432134776278017124266966233532105702778308349312231055122283647056,false,PRE_ELECTION_NOT_USABLE
colombia_first_round,COL_2026,PRE_ELECTION,0x872f86634b7690a5fee7e1972d694a40f2461d51dfe15aac152f837b2f6748f1,2370502,PRESIDENTIAL_FIRST_ROUND,28639130410533210543434466322077711630821817868891210659799702200300853393565,85737988484478023558924814362501719560385425453511632685275732412275213294949,false,PRE_ELECTION_NOT_USABLE
colombia_first_round,COL_2026,PRE_ELECTION,0x87559f42aec2607d25936d9f5c024e14698e06b9ba15a8985c43012c0cfdee01,2446463,PRESIDENTIAL_RUNOFF,65300986435015710236227490575382603986234449935565028764611587576069910101761,87177736184507303594974182283058504107049055184751080320867295771841508498167,false,PRE_ELECTION_NOT_USABLE
colombia_first_round,COL_2026,PRE_ELECTION,0x88735a48de2db72b4185afbea77b050b2295835af7786a0e165d3da51db78ad7,569354,PRESIDENTIAL_FIRST_ROUND,75440693400626017346428900378689692443986059485621824231993978727613057361900,12115216461080312954703153537759603145972427566218427458077342115574402688316,false,PRE_ELECTION_NOT_USABLE
colombia_first_round,COL_2026,PRE_ELECTION,0x88be7d8303a38d545170ae4e891de00dcdc6e888693dc77c009de08cbdaac6f4,2252529,RUNOFF_QUALIFICATION_OR_PAIR,6614587482222729078536160997578397454209802953686498630801497236274921400670,99913635931667522899500823881252137954914409253514892824010266246173173870853,false,PRE_ELECTION_NOT_USABLE
colombia_first_round,COL_2026,PRE_ELECTION,0x8ab5e6a6a76c64d4cba200b02bcbdd86e33db46c5b3eac9787d95243d29dc0b7,2333951,PRESIDENTIAL_FIRST_ROUND,57328563170401172191951336064880800049450442860438216375381038679993338808971,59277127668796662783420392366329812033220034268882251262513588768238952570868,false,PRE_ELECTION_NOT_USABLE
colombia_first_round,COL_2026,PRE_ELECTION,0x8b181f5d7c7a42f8fd613f18fa3fdb2f0a80c661c1a511503ef0ab4a37dc0b62,2446460,PRESIDENTIAL_RUNOFF,56815285048340797054707606253886132309427409405786254550087664615957546043839,37945546361543920646821916133138458379925765925703010528254534559513549763981,false,PRE_ELECTION_NOT_USABLE
colombia_first_round,COL_2026,PRE_ELECTION,0x8ba8a9286ae64d997c15b6cef795c93ab2798144cb71b5221fcf0efad164af25,2333878,PRESIDENTIAL_FIRST_ROUND,99879601252998909183137750993174425421009374698128579208175526311440515004551,100059462857423527489976071210807434985322908284781168559421899638118807588866,false,PRE_ELECTION_NOT_USABLE
colombia_first_round,COL_2026,PRE_ELECTION,0x906773d94ef5fd173005c701dae6b64f2884165cc86a02bcbb780bdacbdaf963,2370370,PRESIDENTIAL_FIRST_ROUND,52544124561027206712683706223708490358158212353354137585418430845021662856222,37325027615345403785229529689583734939336027375308624768477741594205185993426,false,PRE_ELECTION_NOT_USABLE
colombia_first_round,COL_2026,PRE_ELECTION,0x9177138d45eb5184588c3fe629fd4affbc7d64a8b15bc3a4f52053100138bd65,2333940,PRESIDENTIAL_FIRST_ROUND,73305113019306091504577664963669728071408890615285704881799110104820184203433,94171148972121240930511384526600021279974712083572963151420603181191725871204,false,PRE_ELECTION_NOT_USABLE
colombia_first_round,COL_2026,PRE_ELECTION,0x92d04b1675ac7f66f0020c0a1cbf1920c065bcfe69820df15ba6a5a46b92aad4,2333895,PRESIDENTIAL_FIRST_ROUND,97095507925616985956685599482852118534381496487417554970771497316702333082711,83430770885212196141270646373761519374581484917604993242183583309356194981204,false,PRE_ELECTION_NOT_USABLE
colombia_first_round,COL_2026,PRE_ELECTION,0x93e63b60beb5c033a468f2f508126d22af50fd8d8bf8828d0a272f9f4d07710a,2333928,PRESIDENTIAL_FIRST_ROUND,97906084535012614201244446760510819385087269650838623092787005207910405559071,50213213944120298033842619985226460160480149430245830900379963805244713667324,false,PRE_ELECTION_NOT_USABLE
colombia_first_round,COL_2026,PRE_ELECTION,0x963a9e1ddf572f82d03a9f2e82fd7e60986142c499e025f11794824870c928e5,2333868,PRESIDENTIAL_FIRST_ROUND,59845078879815002942002008123492015345826765830171817897479452396639162419603,2807055460932208725528057003040755300457645760054071472979600578096078116507,false,PRE_ELECTION_NOT_USABLE
colombia_first_round,COL_2026,PRE_ELECTION,0x96f228c948500afdd4eec4c7e5d708e774af29f6639e24136dc95d31cf850986,569688,PRESIDENTIAL_RESULT,57142653322482858174247839253798358956366114728998893785652245963209756040059,37130290494079829800363946232079553537040897546596165505492362826262485705186,false,PRE_ELECTION_NOT_USABLE
colombia_first_round,COL_2026,PRE_ELECTION,0x9714c7fe6abc381277370c4287f8b2d30dffddd040565266d0274e67028b5197,569358,PRESIDENTIAL_RESULT,8704105627729187158244464441676617275507746943882460083674867791526057508646,51657774144847449013019462609046133072861570692491359164131282566688013261172,false,PRE_ELECTION_NOT_USABLE
colombia_first_round,COL_2026,PRE_ELECTION,0x98b4635663a7526f7190d7cd871ab1c50488392c016f8cff115f23bdb87c8d7f,2334014,PRESIDENTIAL_FIRST_ROUND,31535650879141782941774911203760212593443871223990809243062530223149899053357,65459190584806451245417138677706320910311205167179997022205292243779319803504,false,PRE_ELECTION_NOT_USABLE
colombia_first_round,COL_2026,PRE_ELECTION,0x997e8046072e03ac736750e4e814c3761344230d4b797067051d40da9a81eeb3,2037932,PRESIDENTIAL_FIRST_ROUND,98455585905415700863503434319958688561396982968320442260979238749239741903790,70212737903311066598198846367829115718016533197847622253240746058775955977447,false,PRE_ELECTION_NOT_USABLE
colombia_first_round,COL_2026,PRE_ELECTION,0x9a42ccba956da0d54d9253c199d034a180ac96653b77073a1d221aa97b776a88,2370505,PRESIDENTIAL_FIRST_ROUND,15147161295972211963372390973852928690124020852463670631174162604331699622175,22834006312521616053233215075187785605410449836888045292121536062672403364546,false,PRE_ELECTION_NOT_USABLE
colombia_first_round,COL_2026,PRE_ELECTION,0x9b1e7d5697aa10204ccbf370d3ae010e9aa2c9397d7ad31b4834a2a923b3d731,2037921,PRESIDENTIAL_FIRST_ROUND,27240772368842340548393958038359200077022257197570320676979474039971830802302,33657678411548069412646838419011738363351964246263910293068444617014480555282,false,PRE_ELECTION_NOT_USABLE
colombia_first_round,COL_2026,PRE_ELECTION,0x9f631099f050f6b7097069b0266c0d20b3639ae8eb8517f9f46671670c430c84,2334005,PRESIDENTIAL_FIRST_ROUND,29445882123675015399300281333162053778313579091604411296276002334899721739987,57298231772520808650310387506481241734766593363014944214601916761811544915324,false,PRE_ELECTION_NOT_USABLE
colombia_first_round,COL_2026,PRE_ELECTION,0xa06998bb820a98f3d471f0773ba8382630eb7c9d6f46d3a1e464c25bf9ab1161,569353,PRESIDENTIAL_FIRST_ROUND,18427181292982332563056200989021608489201752516361707345627423463462795637055,84821959084452914284366723735989575912467746467267540760959046455259292079244,false,PRE_ELECTION_NOT_USABLE
colombia_first_round,COL_2026,PRE_ELECTION,0xa0ad535200b93734ad3f30c1c4647420d455547e976fc1fbb74d8d064746ecc3,2333993,PRESIDENTIAL_FIRST_ROUND,77550825999155528872052918100335738778028239767248882057114405371905628940971,25475812437646380052245134699845899337223501426743781535960514728954785311855,false,PRE_ELECTION_NOT_USABLE
colombia_first_round,COL_2026,PRE_ELECTION,0xa3e404ff4252d1338889447be6ba85ba49ad41847245c46486aa267844240883,2037911,PRESIDENTIAL_FIRST_ROUND,4448101913018627200032304165170255365008384991657752181048517595135568745465,111129161276072215036203105491663766428360453487151793397810467155437249621097,false,PRE_ELECTION_NOT_USABLE
colombia_first_round,COL_2026,PRE_ELECTION,0xa40838c5977d0e3cb4d124b2f3b996779c9a67261c8d25df820a971eac7aa14d,2252530,RUNOFF_QUALIFICATION_OR_PAIR,46594719975829147646247805639008469152513561987741072790632219260410445009819,89503311428451002545094447410862372630083055613010650452067008684684316221101,false,PRE_ELECTION_NOT_USABLE
colombia_first_round,COL_2026,PRE_ELECTION,0xa49b0ff03849e65874b48e3d6084ae0be798079fa1bd1562d28728b8bf7d4b17,2333900,PRESIDENTIAL_FIRST_ROUND,58275330276773712320868487273739123432011980555494591430069319950578156598441,20606821600806388655221953003564803075773547578501276434625379449391482223226,false,PRE_ELECTION_NOT_USABLE
colombia_first_round,COL_2026,PRE_ELECTION,0xa5b21a5fba9c9da91f62cedca9d28747816a514050140708a2300cdecef87f78,569333,PRESIDENTIAL_FIRST_ROUND,101472336359145774296027429436400506992904652049782535544126746198476695802182,55765847355741097780600930565608518744585604458569127909454911647199765501966,false,PRE_ELECTION_NOT_USABLE
colombia_first_round,COL_2026,PRE_ELECTION,0xa676cd0684d399b5821cf7a2046bc0a9df682dc17cfa83b8fe81e3ee2ec63b5b,2333988,PRESIDENTIAL_FIRST_ROUND,114584217876894592277478546613125943188812823467185101515514788799815993329313,85777159878520440113913468212404246387731151527117288350746564448878572740541,false,PRE_ELECTION_NOT_USABLE
colombia_first_round,COL_2026,PRE_ELECTION,0xa67adf5ccd4fe39cf878102bc8407c77010e2fae22bd05cedf492892a33db656,569336,PRESIDENTIAL_FIRST_ROUND,102456955097401421651876446896034115681794561141893258504967065325508688692283,103476391763139479627203990709117570439574688856799911163032565546117197493154,false,PRE_ELECTION_NOT_USABLE
colombia_first_round,COL_2026,PRE_ELECTION,0xa7b2cabe6466638637347bf3fac755dc0fa5ed6f31f4e59fef37496eb95dbb10,2446453,PRESIDENTIAL_RUNOFF,51986373652466077523760166908992553996156559541187887086591038114806922945350,47637365543602963920225948010612073178457366051413011063071015330636241156349,false,PRE_ELECTION_NOT_USABLE
colombia_first_round,COL_2026,PRE_ELECTION,0xa9077ebb8d839b7f02e20ff50bac3925c43b129bf8bbac46445f3a7b6b5a4113,2334008,PRESIDENTIAL_FIRST_ROUND,32005151994562299849835676181821303340881239584650224929261953583096174847532,17501655136084264612132352237381345578706030695551260857303521406107612210743,false,PRE_ELECTION_NOT_USABLE
colombia_first_round,COL_2026,PRE_ELECTION,0xa9f1a081579a933c38f2178d7da1e1dbb9cbc834a284821a528156e84a20147d,2334012,PRESIDENTIAL_FIRST_ROUND,103749737098689140420366006836347993787100030895303387941956122624994836757287,40021864105182582875024453427142175759355260271065322300427327164136204399906,false,PRE_ELECTION_NOT_USABLE
colombia_first_round,COL_2026,PRE_ELECTION,0xab6fb278f753c6c10479d71429d3ef53ed213ddd208b9f4381cecd8db393974c,569454,PRESIDENTIAL_FIRST_ROUND,112000997367369775705892760747740706713090189173150311174658104010356449962658,38866455815587878378722453945405800333983041821938932743625970338528647654130,true,
colombia_first_round,COL_2026,PRE_ELECTION,0xac414ed384106887b7727929c2ed21e3d99d48220c2a8c0c72f0dcc1c1103eda,2333948,PRESIDENTIAL_FIRST_ROUND,76868876473086108390359029084545768150554551401436485879235728876174855349977,4710256578451199321809560418412789136011536139649866152272665684468621309007,false,PRE_ELECTION_NOT_USABLE
colombia_first_round,COL_2026,PRE_ELECTION,0xaca9a00f4a6d0fa8705836a641b744e55592960f6f0ecb4597c8a5670bbb9049,2037939,PRESIDENTIAL_FIRST_ROUND,27672783335074468026746232675588840290608642460221432764882205114163997382480,24290731989718504980625865032553304098338082552895563004657911462142892728048,false,PRE_ELECTION_NOT_USABLE
colombia_first_round,COL_2026,PRE_ELECTION,0xacdc566e24af90711ae83e6a0873cb67b6a6a53069e3739864ad65d1e4120815,2446484,PRESIDENTIAL_RUNOFF,86819946350875288767324363215691582134081710623064650785287749383819250597038,112264785186588106018367505440311318454063544213217145608970534805652272816477,false,PRE_ELECTION_NOT_USABLE
colombia_first_round,COL_2026,PRE_ELECTION,0xacf132b0ed53795e183140cbdedf2f3eb7416212198e5fd0ae4bc03e1a63d1ed,2037912,PRESIDENTIAL_FIRST_ROUND,2855102624980567032665038318115666655140225068103927917328149625397242493118,73900162361398737417755245053292450499989326348589737850099205305971972593820,false,PRE_ELECTION_NOT_USABLE
colombia_first_round,COL_2026,PRE_ELECTION,0xb0606d2dd145dc9039ac47f30c5e18f695b74d0a144d78a4e70806b0345a491b,2037910,PRESIDENTIAL_FIRST_ROUND,106011884611905234636494454277815080908750869467580677883961052221936348791069,11260474094267709801125653908339478842218450969151437050979868779641234532887,false,PRE_ELECTION_NOT_USABLE
colombia_first_round,COL_2026,PRE_ELECTION,0xb08abbfff91741bf5fdadf8c68fac95052c7e55b5a4b56011f7c079359e3123c,2333893,PRESIDENTIAL_FIRST_ROUND,55282824914083178663753857296580259579007732128575019900606291420006071797603,42388174485401754647305191568903979768619133072300398684211560980135658897169,false,PRE_ELECTION_NOT_USABLE
colombia_first_round,COL_2026,PRE_ELECTION,0xb1d54104b9e56cf8f633b737d91bf1745bee4eff6009794cbc0ffd4640ae382e,2037940,PRESIDENTIAL_FIRST_ROUND,74633830455019974828323402319234894845454711148456411110105610883331743907944,52022620218579133445036791518042607457884519025307741117460122253023487053531,false,PRE_ELECTION_NOT_USABLE
colombia_first_round,COL_2026,PRE_ELECTION,0xb21bc2b511694c76f3ff6664836dd3561a916acf59b405b8f21f2ae8af7016fd,569364,PRESIDENTIAL_RESULT,75712298340810272859765060308006832993211601931382911468417184675550881103879,60355982308671943244417528557799286832639920129047623000841136522535665575022,false,PRE_ELECTION_NOT_USABLE
colombia_first_round,COL_2026,PRE_ELECTION,0xb2c2c26927127b5af69f5544b74de3d81c4e1fb46cc32b7fe060fa261819d5d2,2333926,PRESIDENTIAL_FIRST_ROUND,95273548887291096566407842151164110689501632351593733611095440302971208736726,65122701276482158197106704948592191934148120593710364187943747646757644823543,false,PRE_ELECTION_NOT_USABLE
colombia_first_round,COL_2026,PRE_ELECTION,0xb611b3a7173f69e412b55561ed265d849e36693c248ff620d0e981c5b3f2e325,569344,PRESIDENTIAL_FIRST_ROUND,33232052119491652564300969744259903933559547696830742958153653325470669042304,2485184219203170158934346318875050681929324146725920554316117645302722327248,true,
colombia_first_round,COL_2026,PRE_ELECTION,0xb6c30363d6a3becde03adef9a076af836bd998f60bb72b0706dc7b6386b037fe,2333933,PRESIDENTIAL_FIRST_ROUND,63954079515463041294994899851339167188067106197248161608831551392175893665055,35416177409516566096917588959062987776667559630484844564271719163619298141992,false,PRE_ELECTION_NOT_USABLE
colombia_first_round,COL_2026,PRE_ELECTION,0xb796aa213c72a50adc3eab3e107f05d2500e084f5245529048d25083b5ee58f6,2370366,PRESIDENTIAL_FIRST_ROUND,23532536587635768634392386965780230467726004893924047653522105374551220178823,34017516793255944315924905866075445469495510046839923057461503811107765793042,false,PRE_ELECTION_NOT_USABLE
colombia_first_round,COL_2026,PRE_ELECTION,0xb7c5a867df20d136c67ddcd0bed0d952fbd562e5328181779efa9a14a93257a0,2334007,PRESIDENTIAL_FIRST_ROUND,57115988639183639108549376444056313796137846128471770467225866566235598015798,36962996098407325291538284762291049104164828534768607547839123773791333398054,false,PRE_ELECTION_NOT_USABLE
colombia_first_round,COL_2026,PRE_ELECTION,0xb9ec914f1d342868f5880aedffbb37133f6c8c76d6b3b36c1cd94a88f75c13f9,2333939,PRESIDENTIAL_FIRST_ROUND,107858181144621396037280443838599748911676073053694372865615239559494743882760,90819971926649209700768286232674300752107277709413718868867219157741080174165,false,PRE_ELECTION_NOT_USABLE
colombia_first_round,COL_2026,PRE_ELECTION,0xba75e6ba41372e351ed4755f183c1cdb082bd7cf6182a6d80dc445869c09de10,569357,PRESIDENTIAL_RESULT,33053388922196452557261107683035649080682228011295662021241156014202987636793,33578657378897454999186968365859716253889818838582419902565051151084133472698,false,PRE_ELECTION_NOT_USABLE
colombia_first_round,COL_2026,PRE_ELECTION,0xbc0322e415e3dd9306989517dc63d0d06b8c996726c440b6f252930a397ccd36,2333983,PRESIDENTIAL_FIRST_ROUND,13330887217209005041575403843370179905989414009684861313539787121413263338246,112125581264682026135542043965469190027964624759966516385318079028909391155770,false,PRE_ELECTION_NOT_USABLE
colombia_first_round,COL_2026,PRE_ELECTION,0xbcc5d69da6da3977438f99affdcb38df4285ffe992c7597ea808834eed0d74c5,2333989,PRESIDENTIAL_FIRST_ROUND,21016944346934552296554189604021551026979888289087542427391012946004580396168,64795793834176922090372789509259985018489580542719013370094745110303195349564,false,PRE_ELECTION_NOT_USABLE
colombia_first_round,COL_2026,PRE_ELECTION,0xbd79bf08c536feb824f83d32b4513148bef7881279ef3f053e89bf66d85491d1,2037920,PRESIDENTIAL_FIRST_ROUND,77261445149870078829903865281527891117287249880386243756697303613873113475403,87149658367305168576754568870069924269601645434807263925298989927652912214569,false,PRE_ELECTION_NOT_USABLE
colombia_first_round,COL_2026,PRE_ELECTION,0xbe304f9a9d1a8f875f0408f7171f187ac23e0b1903b85d100db6ff18e0e3c4ed,2333930,PRESIDENTIAL_FIRST_ROUND,105679976022887382046079226558258421904411494459368718780524839700125136597016,9574670417588845982365786922211850001450041457801708904425765431825587980695,false,PRE_ELECTION_NOT_USABLE
colombia_first_round,COL_2026,PRE_ELECTION,0xc00920db6f5e84821a61bd31578499bbc9bd125949572b589b7a9e4b0f13bad3,569343,PRESIDENTIAL_FIRST_ROUND,97787606698093663746310161655083884268863593082956469376386743061399298825100,14091653123981696098149612128638596487728756364185780258208900432349579261611,true,
colombia_first_round,COL_2026,PRE_ELECTION,0xc300aabaeda58d414accb8138505854240bfd285beb083326920f24e44a0a672,2446462,PRESIDENTIAL_RUNOFF,24477892886547006396367923358300253458743244988635657616120499497967101321615,99624160788418750568158565525630583549782394175433890097017003258255472311904,false,PRE_ELECTION_NOT_USABLE
colombia_first_round,COL_2026,PRE_ELECTION,0xc36e1d4ed67ee6c42f2777cd5cce683518b390796dab144ec709e9a4f34384c3,2333864,PRESIDENTIAL_FIRST_ROUND,79166795039552586419110446193573290887281569896619088879448406528134277387293,67351153734012798134197684486955267903258625657960931313301724862712650260585,false,PRE_ELECTION_NOT_USABLE
colombia_first_round,COL_2026,PRE_ELECTION,0xc3f8668f0ccf6594dd5ef23daece312dc811d55490a4bad3dda12e90447eb874,2333892,PRESIDENTIAL_FIRST_ROUND,56440710290516486569358152484924349223231420327527010772513245988751261747476,84819475887087630005733934908549359948967431102488798784441371575319582969942,false,PRE_ELECTION_NOT_USABLE
colombia_first_round,COL_2026,PRE_ELECTION,0xc48f1e352e7ef08f2fda326efa7bc7c639cf2700d0a28344d1467bdccf76daa4,2333873,PRESIDENTIAL_FIRST_ROUND,109081106914132571114405581459213011502026754392738045472199649082947336083032,370970784103995528123242285439786657940311847460227096245702313515956207235,false,PRE_ELECTION_NOT_USABLE
colombia_first_round,COL_2026,PRE_ELECTION,0xc4dc02534496651129757e1d821e620fcc5473c666f727ce9112e430fcc934be,2334013,PRESIDENTIAL_FIRST_ROUND,43970210572307875375446776963380874673042057280164298465709660335911831763093,114571895952940326801827542074303880284620206219611141181825689264997515642754,false,PRE_ELECTION_NOT_USABLE
colombia_first_round,COL_2026,PRE_ELECTION,0xc5fde9e3301c3950e995c74a08defc97a53867e26003632ebe4bfcb88c5f5c78,2334015,PRESIDENTIAL_FIRST_ROUND,40871448141697274629230639237226576517103152649850878830548880194367507083559,2198719277079458610847712130972933522070732587807447317825325524030593597157,false,PRE_ELECTION_NOT_USABLE
colombia_first_round,COL_2026,PRE_ELECTION,0xc6f32ab8ecbbcfa4745316fcb9b21709b586c4b180c340f82103bc78d1b4795c,2446487,PRESIDENTIAL_RUNOFF,17264069370852303611374181458867624374152970026966161769875109130877749004806,100304088753402653369062261675798844435388317469115657893868316288530111528894,false,PRE_ELECTION_NOT_USABLE
colombia_first_round,COL_2026,PRE_ELECTION,0xc859fbe952c45f06a357a3b3c8be32b7b505cd81058cfcca09bfe33794f7c4bb,2333882,PRESIDENTIAL_FIRST_ROUND,106249814016877099833332801553405904753516453081639146648255363305223834572453,54127787718239746992181170517463418122035979404032352927062208656626950192242,false,PRE_ELECTION_NOT_USABLE
colombia_first_round,COL_2026,PRE_ELECTION,0xc8e76b10cf418f0a76fbfd25d84a729bbe77b9b27be80090c70673ead17b1bc3,2333957,PRESIDENTIAL_FIRST_ROUND,21082674982042453979674441464318916536811428791946087584560122628180754507013,73620428788512904883761131027051568882349005436442933410705163192561874350904,false,PRE_ELECTION_NOT_USABLE
colombia_first_round,COL_2026,PRE_ELECTION,0xc8ff297dc44f45dec9c6096fcda9da812275fa1e4d5ec398f11b201a6c2259a5,2370364,PRESIDENTIAL_FIRST_ROUND,37452048138941596601617293147716911929162338284100682320470600889093820004897,73690776259368379285362017139427460145564028354487674876100211783541829907730,false,PRE_ELECTION_NOT_USABLE
colombia_first_round,COL_2026,PRE_ELECTION,0xc921b0dff5e594362ebe5f05c51b0c8e26b90023bc393332491782e9315c1aba,2333932,PRESIDENTIAL_FIRST_ROUND,25812543173332541963668887579824563939480582015824149388239756947224546306125,94999326500639722392111479016647195055734197481015916245459286501203971802792,false,PRE_ELECTION_NOT_USABLE
colombia_first_round,COL_2026,PRE_ELECTION,0xd0282264ee769e9a77dc5e168cfe7966841955a4b3555485cfbddc6961198ae0,569370,PRESIDENTIAL_RESULT,89197674428783317925181961175064005674601073120281612991629461250109749011039,103084986467583599565059165186892712607361135369415200921705505694813670497163,false,PRE_ELECTION_NOT_USABLE
colombia_first_round,COL_2026,PRE_ELECTION,0xd06bc440907eabdafca44241579ad6b6ec58a4293d45547fa53cdfde10fdd417,2037933,PRESIDENTIAL_FIRST_ROUND,37852621666214120227666955058912089199157742105093705466713790070373784000032,36701893292533536489222940076754051946700208041785572593716595957914337824392,false,PRE_ELECTION_NOT_USABLE
colombia_first_round,COL_2026,PRE_ELECTION,0xd5316f1032d75854eaca7b48150223e5191d43231aa14ee7b2cb8a2186d681a6,2037918,PRESIDENTIAL_FIRST_ROUND,74625951734720996156139274995437961112167914312908354373606656149038667957546,90189960398592066420677355934235451748914482357280884620697709941573940637541,false,PRE_ELECTION_NOT_USABLE
colombia_first_round,COL_2026,PRE_ELECTION,0xd64a31a028387b640ca102f1398148dbe97775d7fad47c06e0cb0e52b61e0b5c,2333955,PRESIDENTIAL_FIRST_ROUND,62700108399671631625065627766431947016988861832474420611571550803072150126126,553288479436211980560999628160252761025350864656487474391185572979963238980,false,PRE_ELECTION_NOT_USABLE
colombia_first_round,COL_2026,PRE_ELECTION,0xd6591e966aebf061547ef34cdf3494ed318969887c8b7fb53f10ed5d5461a547,569373,PRESIDENTIAL_RESULT,62446510551119788095477835528576672715047217994292762496431912510269665561591,85033408490054356469224638555921276992969532989623124901223739012644529258496,true,
colombia_first_round,COL_2026,PRE_ELECTION,0xd6bd3fa5b04acc90c32f5da74a8c9c3ff941fe474eb0525f83306b97a3da195f,2334003,PRESIDENTIAL_FIRST_ROUND,29895125603758441006148322845132516764248737764621275910080383826706543942323,113761271336619183059398686864693018465812213162646300270280390930644342453987,false,PRE_ELECTION_NOT_USABLE
colombia_first_round,COL_2026,PRE_ELECTION,0xd6c879f9ce4481fb7f4ba7b5f497f039a969a028a42f122e02ca0c62f2add7f1,2333870,PRESIDENTIAL_FIRST_ROUND,46097487828487911398569875551656737358989790690694005757154950076342237735284,111171501390927871892810671698237187509554625817079387154067299543360179247136,false,PRE_ELECTION_NOT_USABLE
colombia_first_round,COL_2026,PRE_ELECTION,0xd6fe31c89d7cc81e2febbea48a36668aa3aaa2b11bd6835307acac27df279fa5,2446491,PRESIDENTIAL_RUNOFF,50006148771186996558060844193186109404560207046079026383587967284035134932360,2184546184920522476117703742555756891216247578661813323336180263758987947688,false,PRE_ELECTION_NOT_USABLE
colombia_first_round,COL_2026,PRE_ELECTION,0xd76ad771017061e6507a69b404580a340e87f7b5a9ee04caa9133342cc8da64e,569352,PRESIDENTIAL_FIRST_ROUND,88387532258279785609513298743212938636989211030702852463852027752010357947581,49893653644119849073329148614515672704213080200844437267150123145253082815555,false,PRE_ELECTION_NOT_USABLE
colombia_first_round,COL_2026,PRE_ELECTION,0xd7a21acaa97c34933ff1fa85692efd628a89c87092c7c907a16a626babfbd20f,2333958,PRESIDENTIAL_FIRST_ROUND,76137689055764312818627271714841996973825573678225548291288620800279445734592,106666234206259484833544512309466462133515614772514055065158293773104039343856,false,PRE_ELECTION_NOT_USABLE
colombia_first_round,COL_2026,PRE_ELECTION,0xd895ddeca6475c710507bdb2640e42bad884a0ab4f4feecd9d1deeb642c1018a,2333946,PRESIDENTIAL_FIRST_ROUND,42022163234176732806374481584493052985558189979141486437234794774605368551064,24404766892104326532337919629307820817287723961260878450960853740986574078814,false,PRE_ELECTION_NOT_USABLE
colombia_first_round,COL_2026,PRE_ELECTION,0xd8f77503edba0515f30d6c97da303e6d95f290ba52042d3553da5012df1c9fcb,569371,PRESIDENTIAL_RESULT,107683978284338345514269480869866022278445451292438352236628035370370763457098,17380112191702902708390407796057273077768301343386290992356300868784167383442,false,PRE_ELECTION_NOT_USABLE
colombia_first_round,COL_2026,PRE_ELECTION,0xd9a76977c8e2fcf15402feb8e74445b583aa1dba257841ba8305b08967ea2187,2333941,PRESIDENTIAL_FIRST_ROUND,69656473207448980247788794771894814809695531065081760650819147764093304251954,63977788395002491653542766075567709046389958805382461975926180324051240189527,false,PRE_ELECTION_NOT_USABLE
colombia_first_round,COL_2026,PRE_ELECTION,0xda4bfe444069a68d4777022299da268b7976b147ca7acd801a5bc80239065943,2333984,PRESIDENTIAL_FIRST_ROUND,60112749281637219441622323040056264849466489071605244592381750961165751329343,23820898870167806959289351742751408909674167965346263282259646556521574755080,false,PRE_ELECTION_NOT_USABLE
colombia_first_round,COL_2026,PRE_ELECTION,0xda907bc72ace0a6ee956394b022dd7a07e23dd7e1f2346ec1d6cef392e87e77d,2037917,PRESIDENTIAL_FIRST_ROUND,63853622151739517344845565070031879672648174564960271673236617995513310773183,40612471379175543257454686269876903661266624554019736329691040922411085126433,false,PRE_ELECTION_NOT_USABLE
colombia_first_round,COL_2026,PRE_ELECTION,0xdbe32090d1a0d13cc93c4ec5b67d3970f379ae348c5d3d7fac359958f84e287f,2333953,PRESIDENTIAL_FIRST_ROUND,90757829191821593850907959787862751867559466617788082800787215894943532405760,88734652745800878091696879847698753088875174942819391735881793589630702921929,false,PRE_ELECTION_NOT_USABLE
colombia_first_round,COL_2026,PRE_ELECTION,0xdc33419f4040b6041d44594098038513a12aa678a38043b919ebdf071a8dad14,2333871,PRESIDENTIAL_FIRST_ROUND,8567916000145508301912346279966292833255093250578527788113682837667278071288,47050080222618489036462214898554765801559988078518696945528218827508242893332,false,PRE_ELECTION_NOT_USABLE
colombia_first_round,COL_2026,PRE_ELECTION,0xde676a8e09cf2abef31b8f4c5a94e4853780c3625b152fdbe1740d6508903562,2446486,PRESIDENTIAL_RUNOFF,108311285461981798525402301649801906700902905168339811176085182392079444663806,88151914712744204214496578769752524885258626890712156600333903107507187758214,false,PRE_ELECTION_NOT_USABLE
colombia_first_round,COL_2026,PRE_ELECTION,0xdedef5719a21db8c17a43b9a53558b0ef775f03a1f8efe16960929556b90e29a,569374,PRESIDENTIAL_RESULT,21277635529916941493247806594681449972370468950858577155451325042563981647561,21143180283166516014556355841998657824661527943932031898882704168739181545926,false,PRE_ELECTION_NOT_USABLE
colombia_first_round,COL_2026,PRE_ELECTION,0xdee5fc2bd09ccddc33f20d513303b0e9388e3893d2b48263dfd93730c2a7a436,2333942,PRESIDENTIAL_FIRST_ROUND,105283938687540193833761808218810134659241584253046579544142797214379547922543,94281085599971550538677482904913037256997212105134694617177008589127121423831,false,PRE_ELECTION_NOT_USABLE
colombia_first_round,COL_2026,PRE_ELECTION,0xdf6ca172d9fe9ac8a04a637366ee8508c7ee414c4c8e157c43f1e9abb11ae182,2333994,PRESIDENTIAL_FIRST_ROUND,114658476795817041511501535056237620309154978413102092681898158788338387966720,4233926575371163656902848969301297645016832573517737606382669454257047581635,false,PRE_ELECTION_NOT_USABLE
colombia_first_round,COL_2026,PRE_ELECTION,0xe06ae046e1268167f4c2ef2f51f9d56f09f82a7df900b01798d4d4fd8b840e52,2333869,PRESIDENTIAL_FIRST_ROUND,103108530671272680907540468393824758474681079973076853121413098158786050853712,38221471346218877370369398073846702963962518332675922397669386041995365242177,false,PRE_ELECTION_NOT_USABLE
colombia_first_round,COL_2026,PRE_ELECTION,0xe2b687e0c71b100e0cd3cbe18a7c987e65b811ff8c5e46122ab4d09b798a17bf,2370508,PRESIDENTIAL_FIRST_ROUND,32180594845592797839525807733361182805850850061927389881162268757327005013494,74740360085827162061295593356487791652114990848076419475754671326159000121191,false,PRE_ELECTION_NOT_USABLE
colombia_first_round,COL_2026,PRE_ELECTION,0xe4b42b620dca78c3b2579b684f4e65088ce7532b96db3ecb00631b7ef35b4a77,2334009,PRESIDENTIAL_FIRST_ROUND,47897546945736600959927552390135648192696635732835315735486287940449785992161,24617512272086806124883324420908181972061163828967729589789943437238257897561,false,PRE_ELECTION_NOT_USABLE
colombia_first_round,COL_2026,PRE_ELECTION,0xe59f59145045f82f8408f1fc5041d33c2c2b1de8ffaf7a4c450c638f5b038079,569360,PRESIDENTIAL_RESULT,112555322065982091470513953234842603626356443236936103808494470812727562408795,17462248665475661730089152347530240415030558210901742597225360396397836807289,false,PRE_ELECTION_NOT_USABLE
colombia_first_round,COL_2026,PRE_ELECTION,0xe79972d28e543046c88cb43847a06f46fd85930a3ad0b71a1339fc5973e5a815,569361,PRESIDENTIAL_RESULT,69060624533458831267076172458605848920773380331333194595024649229425386165146,15487192675541459606401906861836353466424708956224441056848209225570558254344,false,PRE_ELECTION_NOT_USABLE
colombia_first_round,COL_2026,PRE_ELECTION,0xe8a896f18ae432d57e58e5ff10e6afc459c2aad377bdb054acdf7206a8d480ad,2252532,RUNOFF_QUALIFICATION_OR_PAIR,44935708904002444340516863159202577053258296462818212559658019744535471845726,71556542430738638576862351536576793576208285214879984576448214562761983040352,false,PRE_ELECTION_NOT_USABLE
colombia_first_round,COL_2026,PRE_ELECTION,0xea98756b85ccf017c644c63bf803d7756643176539c7004eb5413e08b48a5d50,2037934,PRESIDENTIAL_FIRST_ROUND,106795881863033826598771100081816542510146021998971946649001264066704087784521,9858460498396419228974309041049027985558518411183846099150893367042181205056,false,PRE_ELECTION_NOT_USABLE
colombia_first_round,COL_2026,PRE_ELECTION,0xeae8d09170bc56ee8ba9676b4a2f6d1a45c69084172ee7cc8a022197c2db191a,569345,PRESIDENTIAL_FIRST_ROUND,43406345570240507916710279610949015003758662253082068993250923591377249551960,102447579374170701068873021654048989952660764659006305952410860896511921232343,false,PRE_ELECTION_NOT_USABLE
colombia_first_round,COL_2026,PRE_ELECTION,0xecafba67d89b63e1b714cde74e247e811564c086d3f1f97d7896de1a47d8651e,2333999,PRESIDENTIAL_FIRST_ROUND,25207952510851483624031163054012162455762294831744832765870581510718171172945,94543039646232547098913723512896360507796255534321191663802551824994012860856,false,PRE_ELECTION_NOT_USABLE
colombia_first_round,COL_2026,PRE_ELECTION,0xef75ecbf6882759df055672c2a4136d7bdf8c97fe077bc8eae98d6b53af54cd3,569337,PRESIDENTIAL_FIRST_ROUND,45160140663506097504077183036117285299289312543403903721950916310809748446118,113804717603660968272462301400655115525330325661568497078154339615910486920045,false,PRE_ELECTION_NOT_USABLE
colombia_first_round,COL_2026,PRE_ELECTION,0xf21ddf2b752143a015baa6f248aa563e85a329593ce02b124453a445a1882c41,2333896,PRESIDENTIAL_FIRST_ROUND,4117929730748315182048867979753480239601475750178625855683950971707100457442,97550819452013695363842328344068891973521623167980723892907472496822838932304,false,PRE_ELECTION_NOT_USABLE
colombia_first_round,COL_2026,PRE_ELECTION,0xf24b5462262639b800f06204dbfc1dc3199b870d6d1a860cbc4a638f6cc3796d,2333945,PRESIDENTIAL_FIRST_ROUND,45371902856625202302357471983618910991858931640251988075642106700345904205855,55307234835744195203317971742466258884060743646695643348090192877567255549334,false,PRE_ELECTION_NOT_USABLE
colombia_first_round,COL_2026,PRE_ELECTION,0xf44ba6ae238db2cf052a5a496216cab7a8f8b5887d4b800fffcc842ff0a5656d,2370365,PRESIDENTIAL_FIRST_ROUND,32538940167097335646273051780361200206495497154660016962319641291380583656648,43569387240980032700972763270434139574832315937970976045877828496080251763118,false,PRE_ELECTION_NOT_USABLE
colombia_first_round,COL_2026,PRE_ELECTION,0xf50ca60f332eb790f6894cd790d048a4675713319d520ab5f09a3a3cdf3b792c,569461,PRESIDENTIAL_RESULT,77438090585410330640421443482029906935758023903362649354498953129763522752004,61585502197988158535084689180452867497542885295017861877121845766424136281562,false,PRE_ELECTION_NOT_USABLE
colombia_first_round,COL_2026,PRE_ELECTION,0xf547bd8a2933fe031e82ca4a3007cd7fe1c0f9ea350ca9d43e58796ab52609c9,2333931,PRESIDENTIAL_FIRST_ROUND,20033819847871707265444411946940223563470920586696284236275884271080028978375,23626703080388417272361238390502666118710107002105466314836581093884592316945,false,PRE_ELECTION_NOT_USABLE
colombia_first_round,COL_2026,PRE_ELECTION,0xf5c2044c6beca6d4c7dbc0b605ddb060e771b914abc90ed25c38d7e457e6af6b,2037927,PRESIDENTIAL_FIRST_ROUND,82461648641575087025989509433054418608876548663281542231147145157107584163643,62506019110560649552977561726060370226697399335090452817731419747655959188383,false,PRE_ELECTION_NOT_USABLE
colombia_first_round,COL_2026,PRE_ELECTION,0xf63b20e72086547c789e93d744f811c20d9c0b14be0501599cd4c1c5853c9bd5,569359,PRESIDENTIAL_RESULT,29634269883198564591373707667338539580309224908853967914175595169149205026965,113630684119636954008427466663789572421109143380566071176127696686852604518694,false,PRE_ELECTION_NOT_USABLE
colombia_first_round,COL_2026,PRE_ELECTION,0xf6c62a7b65eb3bc38a264376aa50167c842708da1dc68afeff33e0242598e6d2,2333944,PRESIDENTIAL_FIRST_ROUND,109583432058730231946631746664202734273451642905745508189261820630236387624344,46470148673985116821420156774865640461881934089373881555229435787132972483747,false,PRE_ELECTION_NOT_USABLE
colombia_first_round,COL_2026,PRE_ELECTION,0xf741224f35e68f564d92b471d2348e2827bc6ce053a425447eb5f8f623ccc82d,2333886,PRESIDENTIAL_FIRST_ROUND,4278126771908445150600376043825533380177025460164334111362445094195184689542,88232014330582837891082632632700605169540608950461057607463295899136051155240,false,PRE_ELECTION_NOT_USABLE
colombia_first_round,COL_2026,PRE_ELECTION,0xf7d6807b7ecb261ac1a276dd2f1df36c906939526ed3df0b5aa230a0d372ea8a,2333866,PRESIDENTIAL_FIRST_ROUND,76491974449817600762917650413926452501950521272868832463734807285601298780466,115752788042279252236120762560314677226034097843444874369828028226743336984445,false,PRE_ELECTION_NOT_USABLE
colombia_first_round,COL_2026,PRE_ELECTION,0xf89680a45564488c6c252c9ec4e5d0b00894b271105ba4fcb7d756a464da9559,2334004,PRESIDENTIAL_FIRST_ROUND,1157644991647249478870609515779411852869488466978346906522805667986694289127,94778143699538287173709751333002229544839387747308156887174694299645076677395,false,PRE_ELECTION_NOT_USABLE
colombia_first_round,COL_2026,PRE_ELECTION,0xfa380be4603f43fdfddc0c370bf1b0d04a5510b380b79acf875d9e84a20c053c,2037924,PRESIDENTIAL_FIRST_ROUND,115591228253857510463121359616151399251965220444534603253400483502757171946793,5947513206887020624164094363567117900347110739040532677516810832788930381530,false,PRE_ELECTION_NOT_USABLE
colombia_first_round,COL_2026,PRE_ELECTION,0xfa5ff0fd23ca119f93bafb9fa36f9a3433efb43257ec77f3005ac6302283d6c5,569687,PRESIDENTIAL_RESULT,77537635956562217433074459245188520320002811084784515839804431636217705533315,69329321831306718004014560153659304675741633375001337339869160312719980273626,false,PRE_ELECTION_NOT_USABLE
colombia_first_round,COL_2026,PRE_ELECTION,0xfbe85201ab2b4acff01cd5a3639039fc813d3448c64db081f70926bd9b9e74e9,569366,PRESIDENTIAL_RESULT,87037476560262355019736573472997730954875286944171789280729969665019434635807,93119283163420984666329627600000273753909488383271496422725436610044958733622,true,
colombia_first_round,COL_2026,PRE_ELECTION,0xfd7d39cf9788b0ad29d844a2ae65462dfcd57c1219df1669690271b884ba3b25,2333872,PRESIDENTIAL_FIRST_ROUND,51240833216424752022010197879036942714420218167069345597313573592369724572581,52100434294934360760432794880440901047643812139925612380366933735400975226710,false,PRE_ELECTION_NOT_USABLE
colombia_first_round,COL_2026,ACTIVE_RESULTS,0x00a14a56bedb50c9fe1ba6a7439b867764144817bf9df2b4f8d5dc20a2cc8486,569683,PRESIDENTIAL_RESULT,62327952739423226724129205800593953439110252380391880894136295328277849923687,82697751914471515482975394698986811926531949849935219052904303789335138314053,false,ACTIVE_RESULTS_NOT_USABLE
colombia_first_round,COL_2026,ACTIVE_RESULTS,0x00dbeee0d75b64ac2fcbda9e0b228efd811f57891ec60597f94d704157e1cf0e,2037913,PRESIDENTIAL_FIRST_ROUND,67653359164066022037584214393317245900795445630715680215846687562858333665468,106669893920545988503595471454383796504893438254853457897294774712051839819641,false,ACTIVE_RESULTS_NOT_USABLE
colombia_first_round,COL_2026,ACTIVE_RESULTS,0x0106c99eee7a0649366815bec6cbdcbafc2629562d48fec7a0b54879deeb049e,2037936,PRESIDENTIAL_FIRST_ROUND,100703279858690959458190208526109876748745820218074829115667506342019730348958,6137108549751367824522720747871433599555029100103419795068096970439355080814,false,ACTIVE_RESULTS_NOT_USABLE
colombia_first_round,COL_2026,ACTIVE_RESULTS,0x017c92abb97f6a51eb6c3b57986f844a565b341e2202ddd85154438f56f597d6,2333982,PRESIDENTIAL_FIRST_ROUND,88420609021782927105180592896462097956812731216504672311014751928708191176194,1900083526703148128084802496536352193862401501135653340857945698750670633916,false,ACTIVE_RESULTS_NOT_USABLE
colombia_first_round,COL_2026,ACTIVE_RESULTS,0x01cdf8941ffd7b36d40b858d6d346610e28c47634a6eb69b341b6da40e181a2f,2333950,PRESIDENTIAL_FIRST_ROUND,49690112916489451949296667467909564012568297466401642896119638306683189782108,37857071945186714679861246249922637208884269467245056813717230291513237601012,false,ACTIVE_RESULTS_NOT_USABLE
colombia_first_round,COL_2026,ACTIVE_RESULTS,0x04ad247146c2e2c6b1240af1d6fcdbf6b893ad4af03558c73b85cf214dacdcb9,2037926,PRESIDENTIAL_FIRST_ROUND,92439600558413151279456702840942230272457188248761822216128378235592169953844,45865545533411841932559872267971561687270367301574371238982635738774821585900,false,ACTIVE_RESULTS_NOT_USABLE
colombia_first_round,COL_2026,ACTIVE_RESULTS,0x04e73caf81ef64ce0c612699049d295e18dfe9bdd60d898fd3d8a64cac723661,569342,PRESIDENTIAL_FIRST_ROUND,77948970922967013320765099624654609581945232484076127193275914408760472466885,44674753934222224973645551263585431199862484226841760360632158056570271014639,false,ACTIVE_RESULTS_NOT_USABLE
colombia_first_round,COL_2026,ACTIVE_RESULTS,0x0622b01925e56a091f248c42fb194d3b86d58165f6647d6bcb7afc6fb4638531,569367,PRESIDENTIAL_RESULT,100491958886776974191121583503513146470234388396360962605267069217658465802580,82503349357181056398149908255365503506981833559023213427675200732940959552735,false,ACTIVE_RESULTS_NOT_USABLE
colombia_first_round,COL_2026,ACTIVE_RESULTS,0x065c9c419b6e1efa736760d175f0bb544af3b06c908d2bdcf7a942092faec5a7,2446454,PRESIDENTIAL_RUNOFF,7842998641854640467498864847927196666887026414217538383618059089010287738821,73377810827384780824303947274695960562511250713318827027771148534840046107237,false,ACTIVE_RESULTS_NOT_USABLE
colombia_first_round,COL_2026,ACTIVE_RESULTS,0x066968a0782400de3de2361116a0b65a0f596f52541aa47b7141a24ca99d2c7a,2334016,PRESIDENTIAL_FIRST_ROUND,11781705372887088419510717222413316365659704221785840568892902962488478023870,30129847144254064992260751098606878832796611898324689556110935735579948046767,false,ACTIVE_RESULTS_NOT_USABLE
colombia_first_round,COL_2026,ACTIVE_RESULTS,0x06fd167abf1870e59a2cfa0993fcba313296445d800a2a796df349de4d453b1a,569351,PRESIDENTIAL_FIRST_ROUND,49717584418487044513717863276516405463966260892819520159064698592829653119144,38630829436467708561145688553877980393399758676690044755109421253879766025075,false,ACTIVE_RESULTS_NOT_USABLE
colombia_first_round,COL_2026,ACTIVE_RESULTS,0x079756094f8f3f2f1c27c3c81a222b2211a2d57a1de72f36afaddcee8692db5c,2037908,PRESIDENTIAL_FIRST_ROUND,26737880624473827032663360845894123316722347696680032251589703832735493100304,45421871262879598219487062236304156481950759351622300698091157652906301040611,false,ACTIVE_RESULTS_NOT_USABLE
colombia_first_round,COL_2026,ACTIVE_RESULTS,0x0800bd687e4028589e13ea87e9d999ae8495baf34b886cad9aeaca166273fa72,2333996,PRESIDENTIAL_FIRST_ROUND,77801891223987841891474930621248532092123386694399544698997121876709615623565,79774248936917677535786289214612350107249875033447978339913670987747541234371,true,
colombia_first_round,COL_2026,ACTIVE_RESULTS,0x0d2496544913dd1efdc093d296e366b4de344adeecc45d84cb4ab26433f335d1,569348,PRESIDENTIAL_FIRST_ROUND,72774350053906879890006453324691552555097045786061116921411542398714774240040,25245826787224338410010088676982472331814131701235656578925446163384798724305,false,ACTIVE_RESULTS_NOT_USABLE
colombia_first_round,COL_2026,ACTIVE_RESULTS,0x0f8307d8ac0573ba6495eef430d494716afa6019bb9fe059409653cbf1fe3c26,2334006,PRESIDENTIAL_FIRST_ROUND,109396079339670134267026895477341251318298298810359408106350415412049883203994,5900216445606360244565092745250598981651924056364882335184389504782667595305,false,ACTIVE_RESULTS_NOT_USABLE
colombia_first_round,COL_2026,ACTIVE_RESULTS,0x0fb006e0c06caa4db12f7e30ec8c2483d658f83eb57b2ee8eb478e39beca3dfd,569368,PRESIDENTIAL_RESULT,62374557612691330043510053829591470998236327248924987579815802826988260253261,45225184915026490412090111842887484470550126139644389135401954155408710524398,true,
colombia_first_round,COL_2026,ACTIVE_RESULTS,0x109985b203700a3201125daee47e511f6de4ff2cf138d66a3f2adb557c36c0eb,569372,PRESIDENTIAL_RESULT,54150466123374773726738402962617014073469969105711615831248994920187304132512,13078858863233902852171878057565223170342271482379627448610126588212958283632,false,ACTIVE_RESULTS_NOT_USABLE
colombia_first_round,COL_2026,ACTIVE_RESULTS,0x11557bc4108eb3a0c095cce4bdfe3aef3706d9a323468d4a3fdf34abbf031c61,2037941,PRESIDENTIAL_FIRST_ROUND,32509149864066409743918236029964748712437195867638555282675937116511182256138,79961504106196749925007563577577293162219935628795595694451830915360865260523,false,ACTIVE_RESULTS_NOT_USABLE
colombia_first_round,COL_2026,ACTIVE_RESULTS,0x13122f23a3ec3d047910eb1c806738135515a8cc7c73704b70df6816f3832d01,2334002,PRESIDENTIAL_FIRST_ROUND,94556209340454165880345312250734643981747440062393825117083360543833752783226,22200512612568968902623011778589006136021375383650276532998557240188966065128,false,ACTIVE_RESULTS_NOT_USABLE
colombia_first_round,COL_2026,ACTIVE_RESULTS,0x134558df204e69f48e65c4a78b8a2bdfb696edd1e32dcf374582d4172d46e480,2333876,PRESIDENTIAL_FIRST_ROUND,7253269161954403703332238123834606285309457866515861611962899377270993957034,106195663937235118001100116011519912903870205974990062985376025242606203122868,false,ACTIVE_RESULTS_NOT_USABLE
colombia_first_round,COL_2026,ACTIVE_RESULTS,0x13fdd4bd0d84295d0dce1a74f0aeb13c98d8cf742746fd70b22225a9a8b55bdc,2370376,PRESIDENTIAL_FIRST_ROUND,59263798627249653735139959425434434938525580867813565742566207804138725744398,106907883654432555669105797640433393860603468575290578144134062016861224644807,false,ACTIVE_RESULTS_NOT_USABLE
colombia_first_round,COL_2026,ACTIVE_RESULTS,0x140f399dfb1bcebb1a0a8b287b9582b56a8347f8263843062d4c7341d60f24bd,2333906,PRESIDENTIAL_FIRST_ROUND,19872350398921714127744586988634099423923686591421430630787622118952123734352,8788236363524947485861079686558881748305798325253847460913746823751794666044,false,ACTIVE_RESULTS_NOT_USABLE
colombia_first_round,COL_2026,ACTIVE_RESULTS,0x1487020a35d9222a0f53d7a432b59e52041ae61086a1ffbea94d723b84ae203f,2333904,PRESIDENTIAL_FIRST_ROUND,36911343263732025547434327913640862187300895675420273945247834963787649733036,34893683973991935828332308014334218695058850542179922726756230627982217050144,false,ACTIVE_RESULTS_NOT_USABLE
colombia_first_round,COL_2026,ACTIVE_RESULTS,0x15bac3fab3754ba57ba328d86b93b296778a1b90c12bafa51f07b3ea79996b4f,2370373,PRESIDENTIAL_FIRST_ROUND,106763230704343183453719408887359082927815236992232473300788515686612692073771,11618145140283274060200253187130030476847871423203649938570348046814275016199,false,ACTIVE_RESULTS_NOT_USABLE
colombia_first_round,COL_2026,ACTIVE_RESULTS,0x16442f96848b4442b335774cd10a47bc917ec541130226b45cdc4f26abfbb05a,2252528,RUNOFF_QUALIFICATION_OR_PAIR,69354691871414110693522807641531264544288172767412558619166842998812658601653,2744910169025435180867465822005734639824915857729809093127949443344738999140,false,ACTIVE_RESULTS_NOT_USABLE
colombia_first_round,COL_2026,ACTIVE_RESULTS,0x16735442b2bb8ccafb0d588e2c514a5e537710f29eef62b9aceb110927aa0b17,2370503,PRESIDENTIAL_FIRST_ROUND,14032565312204116543058042853830508215638603444086721905238406226915307335250,112056089362062494013086287319777463778590557555325123282491093562172424170419,false,ACTIVE_RESULTS_NOT_USABLE
colombia_first_round,COL_2026,ACTIVE_RESULTS,0x1701b80d6df629d7b30967c7abed55c62b553f8f1b653ee69bb1c2078ab1222a,2037923,PRESIDENTIAL_FIRST_ROUND,41152046852821706027739182697692490036748225025281658843268438477766746657620,34393477159277850446203391159737931012767707336058320832180008063876251323527,false,ACTIVE_RESULTS_NOT_USABLE
colombia_first_round,COL_2026,ACTIVE_RESULTS,0x192e9cdfdf73c5be0123885cf069cb30c74196e72f3bea981ea245907c584103,569375,PRESIDENTIAL_RESULT,15952309044564592061707548788230769719958492797769308291116294264840870699738,50248943920534936026560510175588177476394368593498716063735193505706494883399,false,ACTIVE_RESULTS_NOT_USABLE
colombia_first_round,COL_2026,ACTIVE_RESULTS,0x1b52ae0ad863224eb8f63d17a48a6962111ac91b5cd3bd34449c02b7129b6523,2037938,PRESIDENTIAL_FIRST_ROUND,81816373486469789635838968973862753367247327643189074297016045282206730563405,7390802298625925415689880929753760034654483570394113687070191004223187019573,false,ACTIVE_RESULTS_NOT_USABLE
colombia_first_round,COL_2026,ACTIVE_RESULTS,0x1dce2fb21c0caca2ff4a99f4dd50af35594b538f90b776fc02054c41a078d0b4,2333937,PRESIDENTIAL_FIRST_ROUND,78748489466052311097028383377840442653725417631344402385314615233352567983747,25576030760270949472535201484398537328198968697513174828599064799190324769670,false,ACTIVE_RESULTS_NOT_USABLE
colombia_first_round,COL_2026,ACTIVE_RESULTS,0x1df87f7e360bcf2a2df38a2ee1bde8d1bff411780fc7e475a4a09a94a9bd3899,2370375,PRESIDENTIAL_FIRST_ROUND,108974167068494983977501827601085425117902742141321372239296316608755852846077,109435389580424658150493785421168198466327994825138139108960099929552872167974,false,ACTIVE_RESULTS_NOT_USABLE
colombia_first_round,COL_2026,ACTIVE_RESULTS,0x1f65f4ac4769dce4ecc5fd5df132eb6e6e94fe1e84863fd55c3f4a858c7bb425,2333938,PRESIDENTIAL_FIRST_ROUND,75019948041757382065489462523916767035504985914156740906730564940516170614049,428081008950391192052001333300444267896857211222406099295769012803305510135,false,ACTIVE_RESULTS_NOT_USABLE
colombia_first_round,COL_2026,ACTIVE_RESULTS,0x1fb33c5b0e416bee0294346d5d255b50b9b1b64ebd9f5bfdb18c89aed6b0e40e,2370504,PRESIDENTIAL_FIRST_ROUND,95397713339867671620267750294638973576062800721731079271432384499852407789018,59577799598615041474525598766462222441775718236296469685245542779261212208618,false,ACTIVE_RESULTS_NOT_USABLE
colombia_first_round,COL_2026,ACTIVE_RESULTS,0x1ffa861140b3938290e913f1e8fc09a9402d92b5a77ae7ef04a1bf1984f47124,2333874,PRESIDENTIAL_FIRST_ROUND,73623722357385139155184248655502762857722717250404134489597392300966802164164,9817226365294261934726881912604722643229405313723567325987764862511927473556,true,
colombia_first_round,COL_2026,ACTIVE_RESULTS,0x2016b5e71ce635ead2d9d57a7235c634d7d8b13701892cbdbb3461a9a2fae342,2446492,PRESIDENTIAL_RUNOFF,112323293761407449932638593473133795457880106836849108920917453782926381146085,107334393118155912715030788823887377098927087752221659734421204748971634393761,false,ACTIVE_RESULTS_NOT_USABLE
colombia_first_round,COL_2026,ACTIVE_RESULTS,0x202af343a370924358b0397efd5b812affec245fd60a9f7bdcadc914b6179a3d,569365,PRESIDENTIAL_RESULT,80201140209960826248352000586932595636659282485774269449093899277382388462647,110257447605175414142409437826201644413797605873205278809974239027558213454512,false,ACTIVE_RESULTS_NOT_USABLE
colombia_first_round,COL_2026,ACTIVE_RESULTS,0x20f7429a43b2cd9e85d5457b05dce090076101c4af2ebc87939e33fa5bbcb474,2333890,PRESIDENTIAL_FIRST_ROUND,1078478351008778866690037740299609888947648072547291962568627039600427590283,88384321750597173643728369378083181554832385402359916762417309734831615255978,false,ACTIVE_RESULTS_NOT_USABLE
colombia_first_round,COL_2026,ACTIVE_RESULTS,0x214e38b663643eb8428e7eebc73eada6fe580724ce6ad298e22b04b6ed2af0b9,2037914,PRESIDENTIAL_FIRST_ROUND,104120634170391766294745534923968074884644833335532494093680914844279537387792,51478817533267971727964893945813375824876637274065996714709315814131936570088,false,ACTIVE_RESULTS_NOT_USABLE
colombia_first_round,COL_2026,ACTIVE_RESULTS,0x2291649b1f3bbbd1348dcb7400a9d239fc403a88489ea6d2b523db272a4f5d15,2333883,PRESIDENTIAL_FIRST_ROUND,41677755529161538623285741830045706935631847977044006880022105582468945252017,19672903945844730210426597254715410372669041375450446930672691256532458942082,false,ACTIVE_RESULTS_NOT_USABLE
colombia_first_round,COL_2026,ACTIVE_RESULTS,0x26a0f0a0c39f06c80dcfa83ba8b9701973471e097529aadd791b61bada836c20,2370368,PRESIDENTIAL_FIRST_ROUND,25690840019062849976496566794963978141818728224461919092756328830681090169797,70711342151483937699561861579769525426595720303575710642911618019465212044891,true,
colombia_first_round,COL_2026,ACTIVE_RESULTS,0x2890121a9277d619b936695405544bda9f80d184b05d9503fd8f173c52867365,569341,PRESIDENTIAL_FIRST_ROUND,91061986285111660506709592119475475293178445047267552942031473045846880257562,47634466547617839934032219229279945162541382502913745126666974137002716262684,false,ACTIVE_RESULTS_NOT_USABLE
colombia_first_round,COL_2026,ACTIVE_RESULTS,0x28ee5befbb4642b7fb682d904d96375fff2290ab924d77024586185d1b68530a,2333885,PRESIDENTIAL_FIRST_ROUND,26305959153302334489897721619801514327439942531863552746872334003234759235395,6468979929223138465593425154646016866970325298229487948093436692333676835217,false,ACTIVE_RESULTS_NOT_USABLE
colombia_first_round,COL_2026,ACTIVE_RESULTS,0x2a3914b6dd5c7cee95013706205721b7382eb58521f78c2f05aa27d66dbc98ab,2333998,PRESIDENTIAL_FIRST_ROUND,66381795846969032629901430810742945962626578004273330356466856194567141702541,40409767179656996491727443577129961128822452085512967205325220979407970324285,false,ACTIVE_RESULTS_NOT_USABLE
colombia_first_round,COL_2026,ACTIVE_RESULTS,0x2c00b43dfddc4e2ff16e00a2c4aaa59a75978e693651d454426ecbce7107664a,2333985,PRESIDENTIAL_FIRST_ROUND,90887057050804113519265420623412497183452839038060206558937974396477090101473,10175524752780470859813380426156901626697434676400789950907838320962547414835,false,ACTIVE_RESULTS_NOT_USABLE
colombia_first_round,COL_2026,ACTIVE_RESULTS,0x2e2125a3d313f17fe3d301b05685d939aaa7c1b0541183108e7a471541b1143a,2446461,PRESIDENTIAL_RUNOFF,90911638330815022745723177109126619053681521039738438662830585746510558614815,4164174185561595497823941618642956639869906996394235318393454589478231246770,false,ACTIVE_RESULTS_NOT_USABLE
colombia_first_round,COL_2026,ACTIVE_RESULTS,0x2f932d721e4f15f90c23488ca79167661d11cdf3f4e70b133c03a1dd40f5767b,2037909,PRESIDENTIAL_FIRST_ROUND,65801053936630475337253265637587750169980419433235190392847718276767934340006,78315262461738504589301281853980470907983972045284437433552488491405105855170,false,ACTIVE_RESULTS_NOT_USABLE
colombia_first_round,COL_2026,ACTIVE_RESULTS,0x30c832f25d94330ff3de64f5dc4dbfb18223120069cdd41c64badec23a651d1c,2334010,PRESIDENTIAL_FIRST_ROUND,89216459400416278970752549736182845674936683948150686940422944436972102599161,9846885350683254353720933894247170453773589259249512972752088088243713448428,false,ACTIVE_RESULTS_NOT_USABLE
colombia_first_round,COL_2026,ACTIVE_RESULTS,0x339df241ecdf5119d616e6a263411b36cc6265d66431f939429595ea3f25165c,569378,PRESIDENTIAL_RESULT,50904860313941056616337244037140417510300046769518001741853498208438107484878,54650874419190726488429331845837298890322423771237910031862078351950599869520,false,ACTIVE_RESULTS_NOT_USABLE
colombia_first_round,COL_2026,ACTIVE_RESULTS,0x33b9298257eac39553c008b882ac333d2538bd493689d6710d3986d890580033,569334,PRESIDENTIAL_FIRST_ROUND,12516303356363467179885576472702473520609540998008534980142053225514923736128,56392837461754577010918753297684469288092009718829208653365190771739352467707,false,ACTIVE_RESULTS_NOT_USABLE
colombia_first_round,COL_2026,ACTIVE_RESULTS,0x33d57c8656390946c46e608d0b2ed56b8f27d86bd7444a90c691dec4d81a09ba,2333888,PRESIDENTIAL_FIRST_ROUND,43594109551379622502089261633704395774795471425871617618226578487205946510029,45151676639365925805826073756726143239152343539658560368148033304484256679156,false,ACTIVE_RESULTS_NOT_USABLE
colombia_first_round,COL_2026,ACTIVE_RESULTS,0x358a4c706ce29a1847d26244857c6272e5359a17aad079f5672c8fb40d50d66c,569363,PRESIDENTIAL_RESULT,8068224814554540438878048752492562091284744204380091879028789889702206094159,16548553332971476957450072608969189877959572767258214935623579207865190962760,true,
colombia_first_round,COL_2026,ACTIVE_RESULTS,0x35acd85a490ff9b0fbc97e545334a0c124b5f2a703d2090523a7fd8ff626ebc1,2333995,PRESIDENTIAL_FIRST_ROUND,105341950599762419402436652137823543294951876514711995548040653815338279081943,43821158281580462196087007766692176097808730041570269051883433897352919754627,false,ACTIVE_RESULTS_NOT_USABLE
colombia_first_round,COL_2026,ACTIVE_RESULTS,0x3605db298c2c3987326802df95a0c99985174c4323b1cac8941f02a0b84efb69,2333889,PRESIDENTIAL_FIRST_ROUND,1483867935326814451604802032734008601109939300874157392810420055852722805915,15250560151825477381637303467226811024776502005579949979438286031025192354041,false,ACTIVE_RESULTS_NOT_USABLE
colombia_first_round,COL_2026,ACTIVE_RESULTS,0x37eae0ea720d356202b6ea7a60cdfb01bec864732263d570e1b9d2cae2673dd5,569377,PRESIDENTIAL_RESULT,35576386648968576566688560536354233813249129897893663189690996601696599407931,96109665264862080475376393531955100987957944681847649669531300877467560053535,false,ACTIVE_RESULTS_NOT_USABLE
colombia_first_round,COL_2026,ACTIVE_RESULTS,0x39171df906a7d9b43ddf95b2ce7ab44e298a550725eb71dc8b11531aa42fe236,2370371,PRESIDENTIAL_FIRST_ROUND,102522220617940917640135349614659857674061664729122958690827267932184772834434,75514784963273890959399499713376488854370383075496325472954063346318094066231,false,ACTIVE_RESULTS_NOT_USABLE
colombia_first_round,COL_2026,ACTIVE_RESULTS,0x3af66859d08bf41ae115b1492c9b310bb46d90542a370a9519b8be57d6c98e85,2037931,PRESIDENTIAL_FIRST_ROUND,7661824453015520128804094464968738886264147068088724947746909918004220880782,86233090752301391913217963266284886376166918356609573777794451399638360613138,false,ACTIVE_RESULTS_NOT_USABLE
colombia_first_round,COL_2026,ACTIVE_RESULTS,0x3baca5b0070978e7518ec4fbaf7ac79e30eb8adc48534e0004780fca2a59a2f2,569335,PRESIDENTIAL_FIRST_ROUND,48659756136284565019223821348790383206344687947238147520094323320808293530767,41734055192506875703233086051416193321915697699493712397770194153998142718833,false,ACTIVE_RESULTS_NOT_USABLE
colombia_first_round,COL_2026,ACTIVE_RESULTS,0x3bb61959c0e73b68ea71933dc256f136929ed3fbd50d6670539266a9bcaba622,2334001,PRESIDENTIAL_FIRST_ROUND,105313164158348972746104289549133013429598578863021292722124253105017475313134,103878437342836445165759126640218652517109291505029792573004417700660602360208,false,ACTIVE_RESULTS_NOT_USABLE
colombia_first_round,COL_2026,ACTIVE_RESULTS,0x3d0365ae242cbde4034b3ea20e3b0a79f2890f9fb830fbe7e0c79b77dcd3aa69,2333947,PRESIDENTIAL_FIRST_ROUND,65350650080222031414651846750572761951589809609132231875659672907042741710065,39764462074217506973788820792223315818779454812083295273577545164012715674700,false,ACTIVE_RESULTS_NOT_USABLE
colombia_first_round,COL_2026,ACTIVE_RESULTS,0x3dce8adbc5aebb7d7bd60ff6fcab32ef0533e9e9475015120b0abab1d38b0909,2333991,PRESIDENTIAL_FIRST_ROUND,11352667427369571689839022369152424646478177302042848308849827998758857851210,16831389437893005955970490862856925979835807185217127931054156941741591805822,false,ACTIVE_RESULTS_NOT_USABLE
colombia_first_round,COL_2026,ACTIVE_RESULTS,0x40b8399d2b500f8b09da21f76739f58161ac24ccbb2c6aa5df3b3a71bd2128a2,2334011,PRESIDENTIAL_FIRST_ROUND,20608811740831745084777743211572799072737980712474618087083284606889984956657,62613009560964240273763218588168047196705130569258470410748637080831125528826,false,ACTIVE_RESULTS_NOT_USABLE
colombia_first_round,COL_2026,ACTIVE_RESULTS,0x45795a86fe0275182fe3466101b5255dcea67d323d0000f8b4d38513f7ebda64,2446489,PRESIDENTIAL_RUNOFF,94851948724629005472778191056598169532602024635153602269000577525895573713913,19342166706538371110301882523296985923053826328856416982415725431143168146121,false,ACTIVE_RESULTS_NOT_USABLE
colombia_first_round,COL_2026,ACTIVE_RESULTS,0x49e558a18adbc66d0e4157ba3387d34e14a3911b7e261728fac86c42d5c7133c,2333997,PRESIDENTIAL_FIRST_ROUND,9130297864546634016010618697205752332957366224492537595372007182042730147381,12766875175055860764160778665583608934306536119111793498520265084591438289376,false,ACTIVE_RESULTS_NOT_USABLE
colombia_first_round,COL_2026,ACTIVE_RESULTS,0x49ed66968bfb4058a43bcf7bc664cb879e93a3e51bd10d844e3f8662febe9fd4,569338,PRESIDENTIAL_FIRST_ROUND,109710008834411230337090857031488261059821089034726354248807420936018491444380,110944128767750526318450684005515594109905850132487212860536527315959904068270,false,ACTIVE_RESULTS_NOT_USABLE
colombia_first_round,COL_2026,ACTIVE_RESULTS,0x4aca3a9a1cf0bd2a5f0b26b2b677c1f68bd386411adbb1a6bb67937deca40c7c,2333925,PRESIDENTIAL_FIRST_ROUND,58902239124101708668608210519616138658999095812206021255543388621813357749660,108646943568922211235930346739970024469706840810459262069823144610088444634690,false,ACTIVE_RESULTS_NOT_USABLE
colombia_first_round,COL_2026,ACTIVE_RESULTS,0x4b4cbf5395b513b8fade88255533471727a0af51fe950054f93b2e0133f3d286,2037925,PRESIDENTIAL_FIRST_ROUND,53761725662687322223463092511809846719448449750472948909973299308108480174389,45054013742955105900382384033446478098222319254880444431026309617262564787138,false,ACTIVE_RESULTS_NOT_USABLE
colombia_first_round,COL_2026,ACTIVE_RESULTS,0x4c7e5139ca38b08d51ac7d5ab3d15a2ba77ec1f99ee206ca28cd2e160ff8c657,2334000,PRESIDENTIAL_FIRST_ROUND,84558917960422464502952129255871655078984864658860262766178279458450916297861,62111932535811317539346616869497390377875419271804579357828963108951375912744,false,ACTIVE_RESULTS_NOT_USABLE
colombia_first_round,COL_2026,ACTIVE_RESULTS,0x4c99c057d8c04802c654623c8c7fdc40fcc979a3599dff331c5e1aa20a382834,2037935,PRESIDENTIAL_FIRST_ROUND,57172221598532081764295448994534056723478965228523862284455540719534237523960,14259199111157075064382019708111347596578325071281975856847787733735294058032,false,ACTIVE_RESULTS_NOT_USABLE
colombia_first_round,COL_2026,ACTIVE_RESULTS,0x4e7ab14e108ea5a9155cec536b435c098b72702639598f0c28349c8bac946d94,2037919,PRESIDENTIAL_FIRST_ROUND,10647133337702892106263778573888138658570317713098443417452924210592766368406,102079623168623471273840290882862058479284336255106205460876708374644120043097,true,
colombia_first_round,COL_2026,ACTIVE_RESULTS,0x4ea073c06f5bcc307cb4f351e08c5deffd69613f37c651775b2d2f4391b68990,2037915,PRESIDENTIAL_FIRST_ROUND,18743268952767029977873726300637995594341325813891053487160767721400543542361,114220989310925891771558225464740684305589081400589078124850438578778113902108,false,ACTIVE_RESULTS_NOT_USABLE
colombia_first_round,COL_2026,ACTIVE_RESULTS,0x4ec869aeebf64753b780bdb334d2377e99f381d4a5cc83469a6882a1fe336784,2446459,PRESIDENTIAL_RUNOFF,20677053970747892267275906445449479173373738971385900183747685029984688159677,70082181591084950244365636335964030067781194952832822466968105366770178443320,false,ACTIVE_RESULTS_NOT_USABLE
colombia_first_round,COL_2026,ACTIVE_RESULTS,0x4f62215eff94ab3f33405596b373eeccf65bf38a1f996730dc544f934522f076,2333954,PRESIDENTIAL_FIRST_ROUND,62301175332378592230515056834457664793940969911818973871393126855246014596501,83050978721057089796567497752074464462808607858951190314332183331641129306517,false,ACTIVE_RESULTS_NOT_USABLE
colombia_first_round,COL_2026,ACTIVE_RESULTS,0x5037195eafd98f9d50ef8d5700abcaaa7351cc53bfdb1df23fd28fd35eb94e9b,569349,PRESIDENTIAL_FIRST_ROUND,13029278070705688134577821030612277494815895676220866840087054352558704333924,3539761353871947758222904778438532904194418510639880694720927872335191948765,false,ACTIVE_RESULTS_NOT_USABLE
colombia_first_round,COL_2026,ACTIVE_RESULTS,0x53cc1ab913aa7e50c1baab8eebc513a868b854fb1c78781446c42e09dea81764,2333884,PRESIDENTIAL_FIRST_ROUND,50087352993243361968708897880768307880130828363273697884735769217952246350381,54159019525017821909362363264090508987876461534355590554567740118116619534249,false,ACTIVE_RESULTS_NOT_USABLE
colombia_first_round,COL_2026,ACTIVE_RESULTS,0x542631b537143a71ef5959dbfd7b9607a182fdd80bad2b60dc655381f1f429ce,2370507,PRESIDENTIAL_FIRST_ROUND,92815940510889839254932726913535851147944648711626474958748239873145633832341,90893386670177214273771810545673145228034466084452958126544077812398425014183,false,ACTIVE_RESULTS_NOT_USABLE
colombia_first_round,COL_2026,ACTIVE_RESULTS,0x5525bb24ae27c09792c6916b8965e379e877d3da8526183c41f75c510cf391cf,569376,PRESIDENTIAL_RESULT,89694553118673733656678168830633286324312515199800945171852589630303595592081,45947837297819623832751853070957796549644165438317730076415117509643335719678,false,ACTIVE_RESULTS_NOT_USABLE
colombia_first_round,COL_2026,ACTIVE_RESULTS,0x5553ac0f0f12152e074acffad5aa883ebbac57d4d56fb87ba44210a9ff1ef763,2370363,PRESIDENTIAL_FIRST_ROUND,80409343233913036431936767840187042078689044235273383609034963566697602886885,17771261931070273465412656574855359363377231545699136563559510097663300201862,false,ACTIVE_RESULTS_NOT_USABLE
colombia_first_round,COL_2026,ACTIVE_RESULTS,0x55eab99b65f18398a73395d38c50d0b93b2f6fdaedbfdbe7790a30fc073f6e60,2037916,PRESIDENTIAL_FIRST_ROUND,49961881732702835671103659041936946434233949332234829274061522102899378016289,99751667353675366875078820485258424108240560988546214537577783943322961392572,false,ACTIVE_RESULTS_NOT_USABLE
colombia_first_round,COL_2026,ACTIVE_RESULTS,0x566196aaed496a8454b0dd572e88dbc096f13631589b8401efb942bbd4e07cdf,569369,PRESIDENTIAL_RESULT,36553834009124167357981460132800746681781045509640776189348736916365216865880,84932927190840068977064610674468659068085725951047956935296135607430523036808,false,ACTIVE_RESULTS_NOT_USABLE
colombia_first_round,COL_2026,ACTIVE_RESULTS,0x56d3614b2a31f92909d6c8d9674b8a4b642ed8a84e54f44023327cb31c30a6fc,569347,PRESIDENTIAL_FIRST_ROUND,9923011246923572238814851524588176780015983689281865964356210838183555284870,84074974758210511873081721199244479422288283449071936927279030379789309265836,false,ACTIVE_RESULTS_NOT_USABLE
colombia_first_round,COL_2026,ACTIVE_RESULTS,0x570584e73bb6a809be11d2636c64bf4b74487b612fbf9a7782a32439caea1fe7,2333865,PRESIDENTIAL_FIRST_ROUND,30784107834155268010683747974007437163202797356150390767870748631058209969507,46054207991360818981200629995836876456353596967135559498033644278491911925403,false,ACTIVE_RESULTS_NOT_USABLE
colombia_first_round,COL_2026,ACTIVE_RESULTS,0x5843cca0c3640fa5a0abf2a8db4fdead6b2563e10b4f2e94f36bab5938659e72,2333880,PRESIDENTIAL_FIRST_ROUND,27214451748815883698436866174560173787279251220959100994539390887021427727063,1830569144856661066062626983622294651090421826238131365781299498352044270086,false,ACTIVE_RESULTS_NOT_USABLE
colombia_first_round,COL_2026,ACTIVE_RESULTS,0x5853f2059b09a3ad04599874fb206b8355650fd5a401a249766210ebc7ccca2d,2446485,PRESIDENTIAL_RUNOFF,32939935417416018152661570888260072137066204711577173091005618090382409196953,69612032745340316669657004700293121994034495226573808416433313199168458684663,false,ACTIVE_RESULTS_NOT_USABLE
colombia_first_round,COL_2026,ACTIVE_RESULTS,0x586372b81191e5bbb958a2b7a18f2f982be1e403b2ea0018d2376c400f9498ef,2333927,PRESIDENTIAL_FIRST_ROUND,22932168123652109108846786194536677841238341204033890641651923278173587224252,5984644885008498407475360081377241842505197090084470645147330151443009718029,false,ACTIVE_RESULTS_NOT_USABLE
colombia_first_round,COL_2026,ACTIVE_RESULTS,0x5a0d158a808f0a45b67c365842b70333c5f635794e1e5e429e2baa6c248897f9,2446490,PRESIDENTIAL_RUNOFF,95276622400222816458281111118707471184247849196074751637912327207991383475319,61597249738888741474720552609738101803134454641620895957513869429584646446764,false,ACTIVE_RESULTS_NOT_USABLE
colombia_first_round,COL_2026,ACTIVE_RESULTS,0x5da9a62d107fe1a40b695de4c6a2b4a084489a32b3817fa6af1723c6030fc7a4,2333936,PRESIDENTIAL_FIRST_ROUND,53298556313434663039344871389247069060956681971318099357157595542735524411998,68347339044506960669813427919419974078877002814378838984428444635372045170765,false,ACTIVE_RESULTS_NOT_USABLE
colombia_first_round,COL_2026,ACTIVE_RESULTS,0x5e415f07db360cd4dd71eafedb3e93863d6343b26416a9e3b6e58d876084960b,2333894,PRESIDENTIAL_FIRST_ROUND,20181848462410226439564525792176096351130630909797345060481734429103191822039,86196059661466793367678210623434415639683773948739631189399126279666437382016,false,ACTIVE_RESULTS_NOT_USABLE
colombia_first_round,COL_2026,ACTIVE_RESULTS,0x60084cd46b5b91797ad397f4c1ffb5d3fcec7c134b705d2796c0f571eedad3b7,569362,PRESIDENTIAL_RESULT,90597192178681015689649221295046634532475085163327739303111514887963871088190,12096880073482366155184747709735877109433940251536294092423818517825981404883,false,ACTIVE_RESULTS_NOT_USABLE
colombia_first_round,COL_2026,ACTIVE_RESULTS,0x62bce58b3b0ed9b3c4f87126578bd02005e0cdde4fb0ee1baf1c86b6ebaa278d,2333949,PRESIDENTIAL_FIRST_ROUND,90588697084819071042080393524262855090019602509424115878611677169238300233609,52286408964546455012082329720115695041605124501534438238759703559568997245597,false,ACTIVE_RESULTS_NOT_USABLE
colombia_first_round,COL_2026,ACTIVE_RESULTS,0x631603d3b238dcb3668e70e6bb8951d57d52c419fd9b5f3d63403ad68f264f65,2370369,PRESIDENTIAL_FIRST_ROUND,12226423288780599563011475613807642769097724889014707153307653850752788899885,20943589593491838109810906648757863845889162000752337520985198737303906129301,false,ACTIVE_RESULTS_NOT_USABLE
colombia_first_round,COL_2026,ACTIVE_RESULTS,0x6374771cfa8c750ae9b54bc2074ba9d7eefbe40acc2a726c1e23c3ed86ea6c1b,2333867,PRESIDENTIAL_FIRST_ROUND,74081466685547945903041555820647899495095268998251758792962208764411530866261,93971524882672103113944895823932969624766678743202850845754660516833936433425,false,ACTIVE_RESULTS_NOT_USABLE
colombia_first_round,COL_2026,ACTIVE_RESULTS,0x6419acec3e5111e2ebef300fbddd5aea62a9cebced2f54bf36460d43af845183,2037937,PRESIDENTIAL_FIRST_ROUND,65391964259760855699974928756361287949434802685966662084801580556068678363198,80412670826045734551836159123617977056106987429899656948727989292587758965349,false,ACTIVE_RESULTS_NOT_USABLE
colombia_first_round,COL_2026,ACTIVE_RESULTS,0x65762ee948d59d736b4f9afe5342952eee1ecfaf1a0f6b6c5fed3619ab46d256,2333987,PRESIDENTIAL_FIRST_ROUND,50516886031185726666190443153327706413025564300097218183538809638482175900778,31625653454924323217507868747419455695757944242036556169659634363446337388326,false,ACTIVE_RESULTS_NOT_USABLE
colombia_first_round,COL_2026,ACTIVE_RESULTS,0x65c68c23598d83ce911ab07dbff389ce34b2b353065433431ed9702b86c89446,2037922,PRESIDENTIAL_FIRST_ROUND,11802337274768352575849698254061068996020131052342372548979525368246415074812,79633727667236071326398953014157129853941509077805551801608825297620046004760,false,ACTIVE_RESULTS_NOT_USABLE
colombia_first_round,COL_2026,ACTIVE_RESULTS,0x676f1f848d78647c77f0bc952071cafe6c9bbeed19c7e9597a6cdf004e21f415,2037929,PRESIDENTIAL_FIRST_ROUND,106999260143163150591713457623943682746001421724813780030701779327685439290534,31666445195127050234559675685788567791954972757743062958584635541566604287884,false,ACTIVE_RESULTS_NOT_USABLE
colombia_first_round,COL_2026,ACTIVE_RESULTS,0x679ea1ec612697c2c552f6830a6c899d687b4f8c1c122084102a60aeac4ae0b0,2370506,PRESIDENTIAL_FIRST_ROUND,104806624275154607286616795725412753892582363039578754065961750788133732821204,23191703838808454225380460368556849724146928184516119103419008395321462649339,false,ACTIVE_RESULTS_NOT_USABLE
colombia_first_round,COL_2026,ACTIVE_RESULTS,0x680df8049d50778dc21840331788079dcf2f987057196799d77c820a8ecf4954,2333929,PRESIDENTIAL_FIRST_ROUND,21721004858927411564263202194256388606949363475485674470053507337544788873342,20039786102274790629687449439378774674320115339696514807542047988833616568572,false,ACTIVE_RESULTS_NOT_USABLE
colombia_first_round,COL_2026,ACTIVE_RESULTS,0x68539c2e807f807bcb330ff83ab020973e544ab4b377b7946339964d66148a8b,2333887,PRESIDENTIAL_FIRST_ROUND,99999473772810828853982592117593985277302342753733679108375835780647689539135,43349849544466366683484578295365996497107110629794846812216563102829517095353,false,ACTIVE_RESULTS_NOT_USABLE
colombia_first_round,COL_2026,ACTIVE_RESULTS,0x6aee7a669dd941b514661d64c55e7bd63ef7884d5e455c850f1835a8056e7a55,2333992,PRESIDENTIAL_FIRST_ROUND,7707882609877027151419445009151473858946466475327085396299308696610200951375,50192917843461008913980030770402312790825197108048084942311427385352595907357,true,
colombia_first_round,COL_2026,ACTIVE_RESULTS,0x6b018aa0a63272c29ce48e9d662569be6f3115a05296b0268ab798c43fc61f84,2333879,PRESIDENTIAL_FIRST_ROUND,4799627587945218593459507050372147267382934962112054007657617310353679573876,82572190722812246422010883254419245050567443270539454954469261834828718992928,false,ACTIVE_RESULTS_NOT_USABLE
colombia_first_round,COL_2026,ACTIVE_RESULTS,0x6b98b6acf1dbf405c189176529f77ff5356b2dc9c2a5f15012c0e2df3f561d2b,569340,PRESIDENTIAL_FIRST_ROUND,34438409845535751191341828081530593695046286317271306160707054286296479165842,67014052427936754158975926764028330028925047597536858092189886153214819212250,false,ACTIVE_RESULTS_NOT_USABLE
colombia_first_round,COL_2026,ACTIVE_RESULTS,0x6cd7f5a003cad0da9b5c95517f2d64947502ab65c3e7c59f5e80306cbe466306,2333875,PRESIDENTIAL_FIRST_ROUND,104248572480405467465158820553794703819681317324427410345775817859278974206745,69544139795777944282556626010753973006617795326661974005953881135360318249864,true,
colombia_first_round,COL_2026,ACTIVE_RESULTS,0x6e30592e839d340023578a8aaaf2b992230c325c876fefa899d4db22e5888b5f,2333891,PRESIDENTIAL_FIRST_ROUND,46313092681355734469888435582730152303074066748693088941913950550740056534548,5558344805037350974801151040275399166362682601965288401856525160383694416967,false,ACTIVE_RESULTS_NOT_USABLE
colombia_first_round,COL_2026,ACTIVE_RESULTS,0x725ebbec217503a2423d0407d0b6adcdd809530eb52c6bc7f10049fc256e435a,2252531,RUNOFF_QUALIFICATION_OR_PAIR,56353357200751108439804064918299989884298588881627270842017194206692181099973,31048542378510168403209628177033913027396144385984633758100247314026514613191,false,ACTIVE_RESULTS_NOT_USABLE
colombia_first_round,COL_2026,ACTIVE_RESULTS,0x7376a7afb937c4a38ac81ec7051d1e0e6fdffe5b97bf5ed7a2e12c1c5370c62f,569686,PRESIDENTIAL_RESULT,107203275994336680755362619429685368760341961297047164144282479976375180962769,107275340423664982104221867157381456551284001087268578844523243661762442257053,false,ACTIVE_RESULTS_NOT_USABLE
colombia_first_round,COL_2026,ACTIVE_RESULTS,0x7385bdc26ff171d5efebeebf1f8e9699a21877e3706c803341eabfb57fa1ee42,2370374,PRESIDENTIAL_FIRST_ROUND,104997868072009015624222294580678450931025984784809139537795507805369124252261,85852392956929507401323380500070148952293206277203636208052397393223287465901,true,
colombia_first_round,COL_2026,ACTIVE_RESULTS,0x7574909ead279859db12d838f1e0476b0f23d153afedadae68df0c0e2ec8ec58,2446464,PRESIDENTIAL_RUNOFF,11274273763737538316872146622557302470817685997156433493407781286477705432333,108687425285203904787070519572148981571941531130497332012799390206624444674224,false,ACTIVE_RESULTS_NOT_USABLE
colombia_first_round,COL_2026,ACTIVE_RESULTS,0x77b1512402d2b2590f65d22f4fb1d2ce29f3fd2d6516429928f430ddfc2215b3,569339,PRESIDENTIAL_FIRST_ROUND,22771558623355089707681429633836704882116031403343361257897294847540582889503,107183232420594046830622467775492543003026301644990203406740060907014867972010,false,ACTIVE_RESULTS_NOT_USABLE
colombia_first_round,COL_2026,ACTIVE_RESULTS,0x77b97aa108a2ac6cc060a25b0b20c42abc17f2903ef6451a2aa67c32eb4984e0,569350,PRESIDENTIAL_FIRST_ROUND,113836288239785197682391524481339003867134526445368134944975045094673243345123,109256075227728709762370351672752038056874760557940148781327635649962539417803,false,ACTIVE_RESULTS_NOT_USABLE
colombia_first_round,COL_2026,ACTIVE_RESULTS,0x784279c516869c1bfc6ba83dddee6df1870892dd9ada86dd80cfdd751db65431,2333986,PRESIDENTIAL_FIRST_ROUND,45389051112814279310316854069508438461084655334506786053742840624511673670486,37300398761479688744380490886559509490208708266634187117971997547329233522668,false,ACTIVE_RESULTS_NOT_USABLE
colombia_first_round,COL_2026,ACTIVE_RESULTS,0x7972fa87842db321191effc7803ae758f5a8b944382a703316700c7dc036f8e5,2333924,PRESIDENTIAL_FIRST_ROUND,56959381062756020263119221303974588403214451335104099062265123230040615612899,101477488666927972610708720494736659549368515658969894921494071427062676717228,false,ACTIVE_RESULTS_NOT_USABLE
colombia_first_round,COL_2026,ACTIVE_RESULTS,0x799c5a37d34ca45f7241cf19fd64fa0ae3b40d76f3ea020f31538aecabc9a700,2037942,PRESIDENTIAL_FIRST_ROUND,41862162996749049618282724714983963639380035766878654964972757213646461374247,16564407659095389621217568504797942152874087858546695804280374435155386988932,false,ACTIVE_RESULTS_NOT_USABLE
colombia_first_round,COL_2026,ACTIVE_RESULTS,0x79cab4f38cf0f5f5ae6c9e844e29af1ff86505fd8ee7447b510fe899092ea8e2,2370367,PRESIDENTIAL_FIRST_ROUND,8697539857550986832137144276320607178265573681335770267502912415655085842861,21242654996158751286546527824285723411357590658494899997066056094795103168326,false,ACTIVE_RESULTS_NOT_USABLE
colombia_first_round,COL_2026,ACTIVE_RESULTS,0x7a9ae8397405ef2677c61dbd837eae56b16166a912300c7ea64c888c20f097e1,2446458,PRESIDENTIAL_RUNOFF,34499247694672682441715815336155601084968230854199054363173214152067717469184,36060178114704868363456329411507810874354258399508747190212373853421040620589,false,ACTIVE_RESULTS_NOT_USABLE
colombia_first_round,COL_2026,ACTIVE_RESULTS,0x7c3b10d67000c0f0589c262b0ee5fbd2b676a8a229efaa0d3860409eb58862e2,2333935,PRESIDENTIAL_FIRST_ROUND,86735141163492591036846248349906828108819230334754278893808647611772780632642,46844246682575196208464733368780337880618716847514611626420679186579665424957,false,ACTIVE_RESULTS_NOT_USABLE
colombia_first_round,COL_2026,ACTIVE_RESULTS,0x7c795144bf0351e82c85f844de81f29f482aaefc3b544eddeb8b7932887649e4,569332,PRESIDENTIAL_FIRST_ROUND,39801986283615413172004632209722689673630350670628652772852050084294532881656,86801759735305303057401841706783381396664997150506153743488239476725002518854,false,ACTIVE_RESULTS_NOT_USABLE
colombia_first_round,COL_2026,ACTIVE_RESULTS,0x7ce21332ecca3948da5ecf5e626b16938ba1487ce07d1579d869f25045002200,569346,PRESIDENTIAL_FIRST_ROUND,87678849706704552441529840256129995088714454521339794038868863045951701650099,47017405184502675981467508075775615441360798090463694595132629118753589748231,false,ACTIVE_RESULTS_NOT_USABLE
colombia_first_round,COL_2026,ACTIVE_RESULTS,0x7e6e88538d30ecef848f90bd65542e9aa79dcdf7efe62d93bdd2ee134c5697eb,2333934,PRESIDENTIAL_FIRST_ROUND,71129833067374070327860893385696970998086996721596884035239611096806214064870,32905779237899109335192805256416428787187638937657814376992827014384552656851,false,ACTIVE_RESULTS_NOT_USABLE
colombia_first_round,COL_2026,ACTIVE_RESULTS,0x7e9a46bacc3e728c91471981c12ce8f02e0a2a137e629dbf87fc407e030c2894,2446488,PRESIDENTIAL_RUNOFF,31951791421348148306261065506468191035597940333258356002176420113059149291334,73405993615498470700214341569373306548464124990807946283472006473375600682199,false,ACTIVE_RESULTS_NOT_USABLE
colombia_first_round,COL_2026,ACTIVE_RESULTS,0x801f7b19117136c24310006ce4de103f2393f9b7e193f5cd46979f789986d4e5,2370372,PRESIDENTIAL_FIRST_ROUND,31298869100124143495345080948613668059227369900192776063166867588510846016201,27569980540816126918913223009069103077803429013709621607972111434973870718622,true,
colombia_first_round,COL_2026,ACTIVE_RESULTS,0x802be8c1af51ca1211e2c83c21302c986c3c88e1c6b32725fbbabd7aba215b6f,2037930,PRESIDENTIAL_FIRST_ROUND,29640882301506764333584337718624910877832813850860465342547044587081918064622,24872067212131170188095456446409532379798132110041576299337652781449842994966,false,ACTIVE_RESULTS_NOT_USABLE
colombia_first_round,COL_2026,ACTIVE_RESULTS,0x83cc31d5a91fe84ca3033fbed6d8fd4b632ce112b72430478c80cd99d1755944,2333952,PRESIDENTIAL_FIRST_ROUND,79684699678658186591236460503332216117484799022122854316237102780738225158821,75351774721290338044792972159278951514728501507297210166834989027740161610611,false,ACTIVE_RESULTS_NOT_USABLE
colombia_first_round,COL_2026,ACTIVE_RESULTS,0x83f95fa7915aa717bb25ac9fbe5d84b235d57459cae3610606e416515a3cb668,2037928,PRESIDENTIAL_FIRST_ROUND,75943551717686589015006159724056257193600392422316355038857081755055236481305,906837801242739762079085471415449500295959862576781914267022160188338702052,false,ACTIVE_RESULTS_NOT_USABLE
colombia_first_round,COL_2026,ACTIVE_RESULTS,0x842483006bc18b8d0fa3a78f066e1bf856a5f8cc7ad7b92d3e503c96441a7739,2333877,PRESIDENTIAL_FIRST_ROUND,63444021748205677899049091420386555452442526586716299375407040683515511382515,86263438694213483900662107518231415931796145787404151371087503372298659799323,false,ACTIVE_RESULTS_NOT_USABLE
colombia_first_round,COL_2026,ACTIVE_RESULTS,0x849a3e762977a9ad6b8e5f449ac7c8abb2756409a1b55759e00262e072bd81a7,569356,PRESIDENTIAL_RESULT,111233749945390693132335511891715724694881884819987764738034083584495542889312,96773893512589764869155803687774017846749249748001852862755144389935842815761,false,ACTIVE_RESULTS_NOT_USABLE
colombia_first_round,COL_2026,ACTIVE_RESULTS,0x84b22cea5084b002430bfe86853ea3145295e361915c6383266737055479bb0f,2333990,PRESIDENTIAL_FIRST_ROUND,1567949664927593775578009030058407452701579098616683744255259364807873171361,63365289289080620970078322061929754055139299260514599781579858404891629242800,false,ACTIVE_RESULTS_NOT_USABLE
colombia_first_round,COL_2026,ACTIVE_RESULTS,0x85530f4ac81f03b94a4573a42741a4a23686d691181b463d2dc1dbe2671b4032,2333956,PRESIDENTIAL_FIRST_ROUND,85166954989864940692711000540204017116302666260175436279239962388874358837799,64536742526170476726882458272417733053404519481455780543597512489736143390896,false,ACTIVE_RESULTS_NOT_USABLE
colombia_first_round,COL_2026,ACTIVE_RESULTS,0x8658223099a8577961ac12f2e19d37e455087e17ca59937888f4964cd0d1d160,2333943,PRESIDENTIAL_FIRST_ROUND,5351388601231175311752346989823704626607539048157156223217651698827659517062,60242354550432134776278017124266966233532105702778308349312231055122283647056,false,ACTIVE_RESULTS_NOT_USABLE
colombia_first_round,COL_2026,ACTIVE_RESULTS,0x872f86634b7690a5fee7e1972d694a40f2461d51dfe15aac152f837b2f6748f1,2370502,PRESIDENTIAL_FIRST_ROUND,28639130410533210543434466322077711630821817868891210659799702200300853393565,85737988484478023558924814362501719560385425453511632685275732412275213294949,false,ACTIVE_RESULTS_NOT_USABLE
colombia_first_round,COL_2026,ACTIVE_RESULTS,0x87559f42aec2607d25936d9f5c024e14698e06b9ba15a8985c43012c0cfdee01,2446463,PRESIDENTIAL_RUNOFF,65300986435015710236227490575382603986234449935565028764611587576069910101761,87177736184507303594974182283058504107049055184751080320867295771841508498167,false,ACTIVE_RESULTS_NOT_USABLE
colombia_first_round,COL_2026,ACTIVE_RESULTS,0x88735a48de2db72b4185afbea77b050b2295835af7786a0e165d3da51db78ad7,569354,PRESIDENTIAL_FIRST_ROUND,75440693400626017346428900378689692443986059485621824231993978727613057361900,12115216461080312954703153537759603145972427566218427458077342115574402688316,false,ACTIVE_RESULTS_NOT_USABLE
colombia_first_round,COL_2026,ACTIVE_RESULTS,0x88be7d8303a38d545170ae4e891de00dcdc6e888693dc77c009de08cbdaac6f4,2252529,RUNOFF_QUALIFICATION_OR_PAIR,6614587482222729078536160997578397454209802953686498630801497236274921400670,99913635931667522899500823881252137954914409253514892824010266246173173870853,true,
colombia_first_round,COL_2026,ACTIVE_RESULTS,0x8ab5e6a6a76c64d4cba200b02bcbdd86e33db46c5b3eac9787d95243d29dc0b7,2333951,PRESIDENTIAL_FIRST_ROUND,57328563170401172191951336064880800049450442860438216375381038679993338808971,59277127668796662783420392366329812033220034268882251262513588768238952570868,false,ACTIVE_RESULTS_NOT_USABLE
colombia_first_round,COL_2026,ACTIVE_RESULTS,0x8b181f5d7c7a42f8fd613f18fa3fdb2f0a80c661c1a511503ef0ab4a37dc0b62,2446460,PRESIDENTIAL_RUNOFF,56815285048340797054707606253886132309427409405786254550087664615957546043839,37945546361543920646821916133138458379925765925703010528254534559513549763981,false,ACTIVE_RESULTS_NOT_USABLE
colombia_first_round,COL_2026,ACTIVE_RESULTS,0x8ba8a9286ae64d997c15b6cef795c93ab2798144cb71b5221fcf0efad164af25,2333878,PRESIDENTIAL_FIRST_ROUND,99879601252998909183137750993174425421009374698128579208175526311440515004551,100059462857423527489976071210807434985322908284781168559421899638118807588866,false,ACTIVE_RESULTS_NOT_USABLE
colombia_first_round,COL_2026,ACTIVE_RESULTS,0x906773d94ef5fd173005c701dae6b64f2884165cc86a02bcbb780bdacbdaf963,2370370,PRESIDENTIAL_FIRST_ROUND,52544124561027206712683706223708490358158212353354137585418430845021662856222,37325027615345403785229529689583734939336027375308624768477741594205185993426,false,ACTIVE_RESULTS_NOT_USABLE
colombia_first_round,COL_2026,ACTIVE_RESULTS,0x9177138d45eb5184588c3fe629fd4affbc7d64a8b15bc3a4f52053100138bd65,2333940,PRESIDENTIAL_FIRST_ROUND,73305113019306091504577664963669728071408890615285704881799110104820184203433,94171148972121240930511384526600021279974712083572963151420603181191725871204,false,ACTIVE_RESULTS_NOT_USABLE
colombia_first_round,COL_2026,ACTIVE_RESULTS,0x92d04b1675ac7f66f0020c0a1cbf1920c065bcfe69820df15ba6a5a46b92aad4,2333895,PRESIDENTIAL_FIRST_ROUND,97095507925616985956685599482852118534381496487417554970771497316702333082711,83430770885212196141270646373761519374581484917604993242183583309356194981204,false,ACTIVE_RESULTS_NOT_USABLE
colombia_first_round,COL_2026,ACTIVE_RESULTS,0x93e63b60beb5c033a468f2f508126d22af50fd8d8bf8828d0a272f9f4d07710a,2333928,PRESIDENTIAL_FIRST_ROUND,97906084535012614201244446760510819385087269650838623092787005207910405559071,50213213944120298033842619985226460160480149430245830900379963805244713667324,false,ACTIVE_RESULTS_NOT_USABLE
colombia_first_round,COL_2026,ACTIVE_RESULTS,0x963a9e1ddf572f82d03a9f2e82fd7e60986142c499e025f11794824870c928e5,2333868,PRESIDENTIAL_FIRST_ROUND,59845078879815002942002008123492015345826765830171817897479452396639162419603,2807055460932208725528057003040755300457645760054071472979600578096078116507,false,ACTIVE_RESULTS_NOT_USABLE
colombia_first_round,COL_2026,ACTIVE_RESULTS,0x96f228c948500afdd4eec4c7e5d708e774af29f6639e24136dc95d31cf850986,569688,PRESIDENTIAL_RESULT,57142653322482858174247839253798358956366114728998893785652245963209756040059,37130290494079829800363946232079553537040897546596165505492362826262485705186,false,ACTIVE_RESULTS_NOT_USABLE
colombia_first_round,COL_2026,ACTIVE_RESULTS,0x9714c7fe6abc381277370c4287f8b2d30dffddd040565266d0274e67028b5197,569358,PRESIDENTIAL_RESULT,8704105627729187158244464441676617275507746943882460083674867791526057508646,51657774144847449013019462609046133072861570692491359164131282566688013261172,false,ACTIVE_RESULTS_NOT_USABLE
colombia_first_round,COL_2026,ACTIVE_RESULTS,0x98b4635663a7526f7190d7cd871ab1c50488392c016f8cff115f23bdb87c8d7f,2334014,PRESIDENTIAL_FIRST_ROUND,31535650879141782941774911203760212593443871223990809243062530223149899053357,65459190584806451245417138677706320910311205167179997022205292243779319803504,false,ACTIVE_RESULTS_NOT_USABLE
colombia_first_round,COL_2026,ACTIVE_RESULTS,0x997e8046072e03ac736750e4e814c3761344230d4b797067051d40da9a81eeb3,2037932,PRESIDENTIAL_FIRST_ROUND,98455585905415700863503434319958688561396982968320442260979238749239741903790,70212737903311066598198846367829115718016533197847622253240746058775955977447,false,ACTIVE_RESULTS_NOT_USABLE
colombia_first_round,COL_2026,ACTIVE_RESULTS,0x9a42ccba956da0d54d9253c199d034a180ac96653b77073a1d221aa97b776a88,2370505,PRESIDENTIAL_FIRST_ROUND,15147161295972211963372390973852928690124020852463670631174162604331699622175,22834006312521616053233215075187785605410449836888045292121536062672403364546,false,ACTIVE_RESULTS_NOT_USABLE
colombia_first_round,COL_2026,ACTIVE_RESULTS,0x9b1e7d5697aa10204ccbf370d3ae010e9aa2c9397d7ad31b4834a2a923b3d731,2037921,PRESIDENTIAL_FIRST_ROUND,27240772368842340548393958038359200077022257197570320676979474039971830802302,33657678411548069412646838419011738363351964246263910293068444617014480555282,false,ACTIVE_RESULTS_NOT_USABLE
colombia_first_round,COL_2026,ACTIVE_RESULTS,0x9f631099f050f6b7097069b0266c0d20b3639ae8eb8517f9f46671670c430c84,2334005,PRESIDENTIAL_FIRST_ROUND,29445882123675015399300281333162053778313579091604411296276002334899721739987,57298231772520808650310387506481241734766593363014944214601916761811544915324,false,ACTIVE_RESULTS_NOT_USABLE
colombia_first_round,COL_2026,ACTIVE_RESULTS,0xa06998bb820a98f3d471f0773ba8382630eb7c9d6f46d3a1e464c25bf9ab1161,569353,PRESIDENTIAL_FIRST_ROUND,18427181292982332563056200989021608489201752516361707345627423463462795637055,84821959084452914284366723735989575912467746467267540760959046455259292079244,false,ACTIVE_RESULTS_NOT_USABLE
colombia_first_round,COL_2026,ACTIVE_RESULTS,0xa0ad535200b93734ad3f30c1c4647420d455547e976fc1fbb74d8d064746ecc3,2333993,PRESIDENTIAL_FIRST_ROUND,77550825999155528872052918100335738778028239767248882057114405371905628940971,25475812437646380052245134699845899337223501426743781535960514728954785311855,false,ACTIVE_RESULTS_NOT_USABLE
colombia_first_round,COL_2026,ACTIVE_RESULTS,0xa3e404ff4252d1338889447be6ba85ba49ad41847245c46486aa267844240883,2037911,PRESIDENTIAL_FIRST_ROUND,4448101913018627200032304165170255365008384991657752181048517595135568745465,111129161276072215036203105491663766428360453487151793397810467155437249621097,false,ACTIVE_RESULTS_NOT_USABLE
colombia_first_round,COL_2026,ACTIVE_RESULTS,0xa40838c5977d0e3cb4d124b2f3b996779c9a67261c8d25df820a971eac7aa14d,2252530,RUNOFF_QUALIFICATION_OR_PAIR,46594719975829147646247805639008469152513561987741072790632219260410445009819,89503311428451002545094447410862372630083055613010650452067008684684316221101,false,ACTIVE_RESULTS_NOT_USABLE
colombia_first_round,COL_2026,ACTIVE_RESULTS,0xa49b0ff03849e65874b48e3d6084ae0be798079fa1bd1562d28728b8bf7d4b17,2333900,PRESIDENTIAL_FIRST_ROUND,58275330276773712320868487273739123432011980555494591430069319950578156598441,20606821600806388655221953003564803075773547578501276434625379449391482223226,false,ACTIVE_RESULTS_NOT_USABLE
colombia_first_round,COL_2026,ACTIVE_RESULTS,0xa5b21a5fba9c9da91f62cedca9d28747816a514050140708a2300cdecef87f78,569333,PRESIDENTIAL_FIRST_ROUND,101472336359145774296027429436400506992904652049782535544126746198476695802182,55765847355741097780600930565608518744585604458569127909454911647199765501966,false,ACTIVE_RESULTS_NOT_USABLE
colombia_first_round,COL_2026,ACTIVE_RESULTS,0xa676cd0684d399b5821cf7a2046bc0a9df682dc17cfa83b8fe81e3ee2ec63b5b,2333988,PRESIDENTIAL_FIRST_ROUND,114584217876894592277478546613125943188812823467185101515514788799815993329313,85777159878520440113913468212404246387731151527117288350746564448878572740541,false,ACTIVE_RESULTS_NOT_USABLE
colombia_first_round,COL_2026,ACTIVE_RESULTS,0xa67adf5ccd4fe39cf878102bc8407c77010e2fae22bd05cedf492892a33db656,569336,PRESIDENTIAL_FIRST_ROUND,102456955097401421651876446896034115681794561141893258504967065325508688692283,103476391763139479627203990709117570439574688856799911163032565546117197493154,false,ACTIVE_RESULTS_NOT_USABLE
colombia_first_round,COL_2026,ACTIVE_RESULTS,0xa7b2cabe6466638637347bf3fac755dc0fa5ed6f31f4e59fef37496eb95dbb10,2446453,PRESIDENTIAL_RUNOFF,51986373652466077523760166908992553996156559541187887086591038114806922945350,47637365543602963920225948010612073178457366051413011063071015330636241156349,false,ACTIVE_RESULTS_NOT_USABLE
colombia_first_round,COL_2026,ACTIVE_RESULTS,0xa9077ebb8d839b7f02e20ff50bac3925c43b129bf8bbac46445f3a7b6b5a4113,2334008,PRESIDENTIAL_FIRST_ROUND,32005151994562299849835676181821303340881239584650224929261953583096174847532,17501655136084264612132352237381345578706030695551260857303521406107612210743,false,ACTIVE_RESULTS_NOT_USABLE
colombia_first_round,COL_2026,ACTIVE_RESULTS,0xa9f1a081579a933c38f2178d7da1e1dbb9cbc834a284821a528156e84a20147d,2334012,PRESIDENTIAL_FIRST_ROUND,103749737098689140420366006836347993787100030895303387941956122624994836757287,40021864105182582875024453427142175759355260271065322300427327164136204399906,false,ACTIVE_RESULTS_NOT_USABLE
colombia_first_round,COL_2026,ACTIVE_RESULTS,0xab6fb278f753c6c10479d71429d3ef53ed213ddd208b9f4381cecd8db393974c,569454,PRESIDENTIAL_FIRST_ROUND,112000997367369775705892760747740706713090189173150311174658104010356449962658,38866455815587878378722453945405800333983041821938932743625970338528647654130,true,
colombia_first_round,COL_2026,ACTIVE_RESULTS,0xac414ed384106887b7727929c2ed21e3d99d48220c2a8c0c72f0dcc1c1103eda,2333948,PRESIDENTIAL_FIRST_ROUND,76868876473086108390359029084545768150554551401436485879235728876174855349977,4710256578451199321809560418412789136011536139649866152272665684468621309007,false,ACTIVE_RESULTS_NOT_USABLE
colombia_first_round,COL_2026,ACTIVE_RESULTS,0xaca9a00f4a6d0fa8705836a641b744e55592960f6f0ecb4597c8a5670bbb9049,2037939,PRESIDENTIAL_FIRST_ROUND,27672783335074468026746232675588840290608642460221432764882205114163997382480,24290731989718504980625865032553304098338082552895563004657911462142892728048,false,ACTIVE_RESULTS_NOT_USABLE
colombia_first_round,COL_2026,ACTIVE_RESULTS,0xacdc566e24af90711ae83e6a0873cb67b6a6a53069e3739864ad65d1e4120815,2446484,PRESIDENTIAL_RUNOFF,86819946350875288767324363215691582134081710623064650785287749383819250597038,112264785186588106018367505440311318454063544213217145608970534805652272816477,false,ACTIVE_RESULTS_NOT_USABLE
colombia_first_round,COL_2026,ACTIVE_RESULTS,0xacf132b0ed53795e183140cbdedf2f3eb7416212198e5fd0ae4bc03e1a63d1ed,2037912,PRESIDENTIAL_FIRST_ROUND,2855102624980567032665038318115666655140225068103927917328149625397242493118,73900162361398737417755245053292450499989326348589737850099205305971972593820,false,ACTIVE_RESULTS_NOT_USABLE
colombia_first_round,COL_2026,ACTIVE_RESULTS,0xb0606d2dd145dc9039ac47f30c5e18f695b74d0a144d78a4e70806b0345a491b,2037910,PRESIDENTIAL_FIRST_ROUND,106011884611905234636494454277815080908750869467580677883961052221936348791069,11260474094267709801125653908339478842218450969151437050979868779641234532887,false,ACTIVE_RESULTS_NOT_USABLE
colombia_first_round,COL_2026,ACTIVE_RESULTS,0xb08abbfff91741bf5fdadf8c68fac95052c7e55b5a4b56011f7c079359e3123c,2333893,PRESIDENTIAL_FIRST_ROUND,55282824914083178663753857296580259579007732128575019900606291420006071797603,42388174485401754647305191568903979768619133072300398684211560980135658897169,false,ACTIVE_RESULTS_NOT_USABLE
colombia_first_round,COL_2026,ACTIVE_RESULTS,0xb1d54104b9e56cf8f633b737d91bf1745bee4eff6009794cbc0ffd4640ae382e,2037940,PRESIDENTIAL_FIRST_ROUND,74633830455019974828323402319234894845454711148456411110105610883331743907944,52022620218579133445036791518042607457884519025307741117460122253023487053531,false,ACTIVE_RESULTS_NOT_USABLE
colombia_first_round,COL_2026,ACTIVE_RESULTS,0xb21bc2b511694c76f3ff6664836dd3561a916acf59b405b8f21f2ae8af7016fd,569364,PRESIDENTIAL_RESULT,75712298340810272859765060308006832993211601931382911468417184675550881103879,60355982308671943244417528557799286832639920129047623000841136522535665575022,false,ACTIVE_RESULTS_NOT_USABLE
colombia_first_round,COL_2026,ACTIVE_RESULTS,0xb2c2c26927127b5af69f5544b74de3d81c4e1fb46cc32b7fe060fa261819d5d2,2333926,PRESIDENTIAL_FIRST_ROUND,95273548887291096566407842151164110689501632351593733611095440302971208736726,65122701276482158197106704948592191934148120593710364187943747646757644823543,false,ACTIVE_RESULTS_NOT_USABLE
colombia_first_round,COL_2026,ACTIVE_RESULTS,0xb611b3a7173f69e412b55561ed265d849e36693c248ff620d0e981c5b3f2e325,569344,PRESIDENTIAL_FIRST_ROUND,33232052119491652564300969744259903933559547696830742958153653325470669042304,2485184219203170158934346318875050681929324146725920554316117645302722327248,true,
colombia_first_round,COL_2026,ACTIVE_RESULTS,0xb6c30363d6a3becde03adef9a076af836bd998f60bb72b0706dc7b6386b037fe,2333933,PRESIDENTIAL_FIRST_ROUND,63954079515463041294994899851339167188067106197248161608831551392175893665055,35416177409516566096917588959062987776667559630484844564271719163619298141992,false,ACTIVE_RESULTS_NOT_USABLE
colombia_first_round,COL_2026,ACTIVE_RESULTS,0xb796aa213c72a50adc3eab3e107f05d2500e084f5245529048d25083b5ee58f6,2370366,PRESIDENTIAL_FIRST_ROUND,23532536587635768634392386965780230467726004893924047653522105374551220178823,34017516793255944315924905866075445469495510046839923057461503811107765793042,true,
colombia_first_round,COL_2026,ACTIVE_RESULTS,0xb7c5a867df20d136c67ddcd0bed0d952fbd562e5328181779efa9a14a93257a0,2334007,PRESIDENTIAL_FIRST_ROUND,57115988639183639108549376444056313796137846128471770467225866566235598015798,36962996098407325291538284762291049104164828534768607547839123773791333398054,false,ACTIVE_RESULTS_NOT_USABLE
colombia_first_round,COL_2026,ACTIVE_RESULTS,0xb9ec914f1d342868f5880aedffbb37133f6c8c76d6b3b36c1cd94a88f75c13f9,2333939,PRESIDENTIAL_FIRST_ROUND,107858181144621396037280443838599748911676073053694372865615239559494743882760,90819971926649209700768286232674300752107277709413718868867219157741080174165,false,ACTIVE_RESULTS_NOT_USABLE
colombia_first_round,COL_2026,ACTIVE_RESULTS,0xba75e6ba41372e351ed4755f183c1cdb082bd7cf6182a6d80dc445869c09de10,569357,PRESIDENTIAL_RESULT,33053388922196452557261107683035649080682228011295662021241156014202987636793,33578657378897454999186968365859716253889818838582419902565051151084133472698,false,ACTIVE_RESULTS_NOT_USABLE
colombia_first_round,COL_2026,ACTIVE_RESULTS,0xbc0322e415e3dd9306989517dc63d0d06b8c996726c440b6f252930a397ccd36,2333983,PRESIDENTIAL_FIRST_ROUND,13330887217209005041575403843370179905989414009684861313539787121413263338246,112125581264682026135542043965469190027964624759966516385318079028909391155770,false,ACTIVE_RESULTS_NOT_USABLE
colombia_first_round,COL_2026,ACTIVE_RESULTS,0xbcc5d69da6da3977438f99affdcb38df4285ffe992c7597ea808834eed0d74c5,2333989,PRESIDENTIAL_FIRST_ROUND,21016944346934552296554189604021551026979888289087542427391012946004580396168,64795793834176922090372789509259985018489580542719013370094745110303195349564,false,ACTIVE_RESULTS_NOT_USABLE
colombia_first_round,COL_2026,ACTIVE_RESULTS,0xbd79bf08c536feb824f83d32b4513148bef7881279ef3f053e89bf66d85491d1,2037920,PRESIDENTIAL_FIRST_ROUND,77261445149870078829903865281527891117287249880386243756697303613873113475403,87149658367305168576754568870069924269601645434807263925298989927652912214569,false,ACTIVE_RESULTS_NOT_USABLE
colombia_first_round,COL_2026,ACTIVE_RESULTS,0xbe304f9a9d1a8f875f0408f7171f187ac23e0b1903b85d100db6ff18e0e3c4ed,2333930,PRESIDENTIAL_FIRST_ROUND,105679976022887382046079226558258421904411494459368718780524839700125136597016,9574670417588845982365786922211850001450041457801708904425765431825587980695,false,ACTIVE_RESULTS_NOT_USABLE
colombia_first_round,COL_2026,ACTIVE_RESULTS,0xc00920db6f5e84821a61bd31578499bbc9bd125949572b589b7a9e4b0f13bad3,569343,PRESIDENTIAL_FIRST_ROUND,97787606698093663746310161655083884268863593082956469376386743061399298825100,14091653123981696098149612128638596487728756364185780258208900432349579261611,true,
colombia_first_round,COL_2026,ACTIVE_RESULTS,0xc300aabaeda58d414accb8138505854240bfd285beb083326920f24e44a0a672,2446462,PRESIDENTIAL_RUNOFF,24477892886547006396367923358300253458743244988635657616120499497967101321615,99624160788418750568158565525630583549782394175433890097017003258255472311904,false,ACTIVE_RESULTS_NOT_USABLE
colombia_first_round,COL_2026,ACTIVE_RESULTS,0xc36e1d4ed67ee6c42f2777cd5cce683518b390796dab144ec709e9a4f34384c3,2333864,PRESIDENTIAL_FIRST_ROUND,79166795039552586419110446193573290887281569896619088879448406528134277387293,67351153734012798134197684486955267903258625657960931313301724862712650260585,false,ACTIVE_RESULTS_NOT_USABLE
colombia_first_round,COL_2026,ACTIVE_RESULTS,0xc3f8668f0ccf6594dd5ef23daece312dc811d55490a4bad3dda12e90447eb874,2333892,PRESIDENTIAL_FIRST_ROUND,56440710290516486569358152484924349223231420327527010772513245988751261747476,84819475887087630005733934908549359948967431102488798784441371575319582969942,false,ACTIVE_RESULTS_NOT_USABLE
colombia_first_round,COL_2026,ACTIVE_RESULTS,0xc48f1e352e7ef08f2fda326efa7bc7c639cf2700d0a28344d1467bdccf76daa4,2333873,PRESIDENTIAL_FIRST_ROUND,109081106914132571114405581459213011502026754392738045472199649082947336083032,370970784103995528123242285439786657940311847460227096245702313515956207235,true,
colombia_first_round,COL_2026,ACTIVE_RESULTS,0xc4dc02534496651129757e1d821e620fcc5473c666f727ce9112e430fcc934be,2334013,PRESIDENTIAL_FIRST_ROUND,43970210572307875375446776963380874673042057280164298465709660335911831763093,114571895952940326801827542074303880284620206219611141181825689264997515642754,false,ACTIVE_RESULTS_NOT_USABLE
colombia_first_round,COL_2026,ACTIVE_RESULTS,0xc5fde9e3301c3950e995c74a08defc97a53867e26003632ebe4bfcb88c5f5c78,2334015,PRESIDENTIAL_FIRST_ROUND,40871448141697274629230639237226576517103152649850878830548880194367507083559,2198719277079458610847712130972933522070732587807447317825325524030593597157,false,ACTIVE_RESULTS_NOT_USABLE
colombia_first_round,COL_2026,ACTIVE_RESULTS,0xc6f32ab8ecbbcfa4745316fcb9b21709b586c4b180c340f82103bc78d1b4795c,2446487,PRESIDENTIAL_RUNOFF,17264069370852303611374181458867624374152970026966161769875109130877749004806,100304088753402653369062261675798844435388317469115657893868316288530111528894,false,ACTIVE_RESULTS_NOT_USABLE
colombia_first_round,COL_2026,ACTIVE_RESULTS,0xc859fbe952c45f06a357a3b3c8be32b7b505cd81058cfcca09bfe33794f7c4bb,2333882,PRESIDENTIAL_FIRST_ROUND,106249814016877099833332801553405904753516453081639146648255363305223834572453,54127787718239746992181170517463418122035979404032352927062208656626950192242,false,ACTIVE_RESULTS_NOT_USABLE
colombia_first_round,COL_2026,ACTIVE_RESULTS,0xc8e76b10cf418f0a76fbfd25d84a729bbe77b9b27be80090c70673ead17b1bc3,2333957,PRESIDENTIAL_FIRST_ROUND,21082674982042453979674441464318916536811428791946087584560122628180754507013,73620428788512904883761131027051568882349005436442933410705163192561874350904,false,ACTIVE_RESULTS_NOT_USABLE
colombia_first_round,COL_2026,ACTIVE_RESULTS,0xc8ff297dc44f45dec9c6096fcda9da812275fa1e4d5ec398f11b201a6c2259a5,2370364,PRESIDENTIAL_FIRST_ROUND,37452048138941596601617293147716911929162338284100682320470600889093820004897,73690776259368379285362017139427460145564028354487674876100211783541829907730,false,ACTIVE_RESULTS_NOT_USABLE
colombia_first_round,COL_2026,ACTIVE_RESULTS,0xc921b0dff5e594362ebe5f05c51b0c8e26b90023bc393332491782e9315c1aba,2333932,PRESIDENTIAL_FIRST_ROUND,25812543173332541963668887579824563939480582015824149388239756947224546306125,94999326500639722392111479016647195055734197481015916245459286501203971802792,false,ACTIVE_RESULTS_NOT_USABLE
colombia_first_round,COL_2026,ACTIVE_RESULTS,0xd0282264ee769e9a77dc5e168cfe7966841955a4b3555485cfbddc6961198ae0,569370,PRESIDENTIAL_RESULT,89197674428783317925181961175064005674601073120281612991629461250109749011039,103084986467583599565059165186892712607361135369415200921705505694813670497163,false,ACTIVE_RESULTS_NOT_USABLE
colombia_first_round,COL_2026,ACTIVE_RESULTS,0xd06bc440907eabdafca44241579ad6b6ec58a4293d45547fa53cdfde10fdd417,2037933,PRESIDENTIAL_FIRST_ROUND,37852621666214120227666955058912089199157742105093705466713790070373784000032,36701893292533536489222940076754051946700208041785572593716595957914337824392,false,ACTIVE_RESULTS_NOT_USABLE
colombia_first_round,COL_2026,ACTIVE_RESULTS,0xd5316f1032d75854eaca7b48150223e5191d43231aa14ee7b2cb8a2186d681a6,2037918,PRESIDENTIAL_FIRST_ROUND,74625951734720996156139274995437961112167914312908354373606656149038667957546,90189960398592066420677355934235451748914482357280884620697709941573940637541,true,
colombia_first_round,COL_2026,ACTIVE_RESULTS,0xd64a31a028387b640ca102f1398148dbe97775d7fad47c06e0cb0e52b61e0b5c,2333955,PRESIDENTIAL_FIRST_ROUND,62700108399671631625065627766431947016988861832474420611571550803072150126126,553288479436211980560999628160252761025350864656487474391185572979963238980,false,ACTIVE_RESULTS_NOT_USABLE
colombia_first_round,COL_2026,ACTIVE_RESULTS,0xd6591e966aebf061547ef34cdf3494ed318969887c8b7fb53f10ed5d5461a547,569373,PRESIDENTIAL_RESULT,62446510551119788095477835528576672715047217994292762496431912510269665561591,85033408490054356469224638555921276992969532989623124901223739012644529258496,true,
colombia_first_round,COL_2026,ACTIVE_RESULTS,0xd6bd3fa5b04acc90c32f5da74a8c9c3ff941fe474eb0525f83306b97a3da195f,2334003,PRESIDENTIAL_FIRST_ROUND,29895125603758441006148322845132516764248737764621275910080383826706543942323,113761271336619183059398686864693018465812213162646300270280390930644342453987,false,ACTIVE_RESULTS_NOT_USABLE
colombia_first_round,COL_2026,ACTIVE_RESULTS,0xd6c879f9ce4481fb7f4ba7b5f497f039a969a028a42f122e02ca0c62f2add7f1,2333870,PRESIDENTIAL_FIRST_ROUND,46097487828487911398569875551656737358989790690694005757154950076342237735284,111171501390927871892810671698237187509554625817079387154067299543360179247136,true,
colombia_first_round,COL_2026,ACTIVE_RESULTS,0xd6fe31c89d7cc81e2febbea48a36668aa3aaa2b11bd6835307acac27df279fa5,2446491,PRESIDENTIAL_RUNOFF,50006148771186996558060844193186109404560207046079026383587967284035134932360,2184546184920522476117703742555756891216247578661813323336180263758987947688,false,ACTIVE_RESULTS_NOT_USABLE
colombia_first_round,COL_2026,ACTIVE_RESULTS,0xd76ad771017061e6507a69b404580a340e87f7b5a9ee04caa9133342cc8da64e,569352,PRESIDENTIAL_FIRST_ROUND,88387532258279785609513298743212938636989211030702852463852027752010357947581,49893653644119849073329148614515672704213080200844437267150123145253082815555,false,ACTIVE_RESULTS_NOT_USABLE
colombia_first_round,COL_2026,ACTIVE_RESULTS,0xd7a21acaa97c34933ff1fa85692efd628a89c87092c7c907a16a626babfbd20f,2333958,PRESIDENTIAL_FIRST_ROUND,76137689055764312818627271714841996973825573678225548291288620800279445734592,106666234206259484833544512309466462133515614772514055065158293773104039343856,false,ACTIVE_RESULTS_NOT_USABLE
colombia_first_round,COL_2026,ACTIVE_RESULTS,0xd895ddeca6475c710507bdb2640e42bad884a0ab4f4feecd9d1deeb642c1018a,2333946,PRESIDENTIAL_FIRST_ROUND,42022163234176732806374481584493052985558189979141486437234794774605368551064,24404766892104326532337919629307820817287723961260878450960853740986574078814,false,ACTIVE_RESULTS_NOT_USABLE
colombia_first_round,COL_2026,ACTIVE_RESULTS,0xd8f77503edba0515f30d6c97da303e6d95f290ba52042d3553da5012df1c9fcb,569371,PRESIDENTIAL_RESULT,107683978284338345514269480869866022278445451292438352236628035370370763457098,17380112191702902708390407796057273077768301343386290992356300868784167383442,false,ACTIVE_RESULTS_NOT_USABLE
colombia_first_round,COL_2026,ACTIVE_RESULTS,0xd9a76977c8e2fcf15402feb8e74445b583aa1dba257841ba8305b08967ea2187,2333941,PRESIDENTIAL_FIRST_ROUND,69656473207448980247788794771894814809695531065081760650819147764093304251954,63977788395002491653542766075567709046389958805382461975926180324051240189527,false,ACTIVE_RESULTS_NOT_USABLE
colombia_first_round,COL_2026,ACTIVE_RESULTS,0xda4bfe444069a68d4777022299da268b7976b147ca7acd801a5bc80239065943,2333984,PRESIDENTIAL_FIRST_ROUND,60112749281637219441622323040056264849466489071605244592381750961165751329343,23820898870167806959289351742751408909674167965346263282259646556521574755080,false,ACTIVE_RESULTS_NOT_USABLE
colombia_first_round,COL_2026,ACTIVE_RESULTS,0xda907bc72ace0a6ee956394b022dd7a07e23dd7e1f2346ec1d6cef392e87e77d,2037917,PRESIDENTIAL_FIRST_ROUND,63853622151739517344845565070031879672648174564960271673236617995513310773183,40612471379175543257454686269876903661266624554019736329691040922411085126433,true,
colombia_first_round,COL_2026,ACTIVE_RESULTS,0xdbe32090d1a0d13cc93c4ec5b67d3970f379ae348c5d3d7fac359958f84e287f,2333953,PRESIDENTIAL_FIRST_ROUND,90757829191821593850907959787862751867559466617788082800787215894943532405760,88734652745800878091696879847698753088875174942819391735881793589630702921929,false,ACTIVE_RESULTS_NOT_USABLE
colombia_first_round,COL_2026,ACTIVE_RESULTS,0xdc33419f4040b6041d44594098038513a12aa678a38043b919ebdf071a8dad14,2333871,PRESIDENTIAL_FIRST_ROUND,8567916000145508301912346279966292833255093250578527788113682837667278071288,47050080222618489036462214898554765801559988078518696945528218827508242893332,false,ACTIVE_RESULTS_NOT_USABLE
colombia_first_round,COL_2026,ACTIVE_RESULTS,0xde676a8e09cf2abef31b8f4c5a94e4853780c3625b152fdbe1740d6508903562,2446486,PRESIDENTIAL_RUNOFF,108311285461981798525402301649801906700902905168339811176085182392079444663806,88151914712744204214496578769752524885258626890712156600333903107507187758214,false,ACTIVE_RESULTS_NOT_USABLE
colombia_first_round,COL_2026,ACTIVE_RESULTS,0xdedef5719a21db8c17a43b9a53558b0ef775f03a1f8efe16960929556b90e29a,569374,PRESIDENTIAL_RESULT,21277635529916941493247806594681449972370468950858577155451325042563981647561,21143180283166516014556355841998657824661527943932031898882704168739181545926,false,ACTIVE_RESULTS_NOT_USABLE
colombia_first_round,COL_2026,ACTIVE_RESULTS,0xdee5fc2bd09ccddc33f20d513303b0e9388e3893d2b48263dfd93730c2a7a436,2333942,PRESIDENTIAL_FIRST_ROUND,105283938687540193833761808218810134659241584253046579544142797214379547922543,94281085599971550538677482904913037256997212105134694617177008589127121423831,false,ACTIVE_RESULTS_NOT_USABLE
colombia_first_round,COL_2026,ACTIVE_RESULTS,0xdf6ca172d9fe9ac8a04a637366ee8508c7ee414c4c8e157c43f1e9abb11ae182,2333994,PRESIDENTIAL_FIRST_ROUND,114658476795817041511501535056237620309154978413102092681898158788338387966720,4233926575371163656902848969301297645016832573517737606382669454257047581635,false,ACTIVE_RESULTS_NOT_USABLE
colombia_first_round,COL_2026,ACTIVE_RESULTS,0xe06ae046e1268167f4c2ef2f51f9d56f09f82a7df900b01798d4d4fd8b840e52,2333869,PRESIDENTIAL_FIRST_ROUND,103108530671272680907540468393824758474681079973076853121413098158786050853712,38221471346218877370369398073846702963962518332675922397669386041995365242177,false,ACTIVE_RESULTS_NOT_USABLE
colombia_first_round,COL_2026,ACTIVE_RESULTS,0xe2b687e0c71b100e0cd3cbe18a7c987e65b811ff8c5e46122ab4d09b798a17bf,2370508,PRESIDENTIAL_FIRST_ROUND,32180594845592797839525807733361182805850850061927389881162268757327005013494,74740360085827162061295593356487791652114990848076419475754671326159000121191,false,ACTIVE_RESULTS_NOT_USABLE
colombia_first_round,COL_2026,ACTIVE_RESULTS,0xe4b42b620dca78c3b2579b684f4e65088ce7532b96db3ecb00631b7ef35b4a77,2334009,PRESIDENTIAL_FIRST_ROUND,47897546945736600959927552390135648192696635732835315735486287940449785992161,24617512272086806124883324420908181972061163828967729589789943437238257897561,false,ACTIVE_RESULTS_NOT_USABLE
colombia_first_round,COL_2026,ACTIVE_RESULTS,0xe59f59145045f82f8408f1fc5041d33c2c2b1de8ffaf7a4c450c638f5b038079,569360,PRESIDENTIAL_RESULT,112555322065982091470513953234842603626356443236936103808494470812727562408795,17462248665475661730089152347530240415030558210901742597225360396397836807289,false,ACTIVE_RESULTS_NOT_USABLE
colombia_first_round,COL_2026,ACTIVE_RESULTS,0xe79972d28e543046c88cb43847a06f46fd85930a3ad0b71a1339fc5973e5a815,569361,PRESIDENTIAL_RESULT,69060624533458831267076172458605848920773380331333194595024649229425386165146,15487192675541459606401906861836353466424708956224441056848209225570558254344,false,ACTIVE_RESULTS_NOT_USABLE
colombia_first_round,COL_2026,ACTIVE_RESULTS,0xe8a896f18ae432d57e58e5ff10e6afc459c2aad377bdb054acdf7206a8d480ad,2252532,RUNOFF_QUALIFICATION_OR_PAIR,44935708904002444340516863159202577053258296462818212559658019744535471845726,71556542430738638576862351536576793576208285214879984576448214562761983040352,true,
colombia_first_round,COL_2026,ACTIVE_RESULTS,0xea98756b85ccf017c644c63bf803d7756643176539c7004eb5413e08b48a5d50,2037934,PRESIDENTIAL_FIRST_ROUND,106795881863033826598771100081816542510146021998971946649001264066704087784521,9858460498396419228974309041049027985558518411183846099150893367042181205056,false,ACTIVE_RESULTS_NOT_USABLE
colombia_first_round,COL_2026,ACTIVE_RESULTS,0xeae8d09170bc56ee8ba9676b4a2f6d1a45c69084172ee7cc8a022197c2db191a,569345,PRESIDENTIAL_FIRST_ROUND,43406345570240507916710279610949015003758662253082068993250923591377249551960,102447579374170701068873021654048989952660764659006305952410860896511921232343,false,ACTIVE_RESULTS_NOT_USABLE
colombia_first_round,COL_2026,ACTIVE_RESULTS,0xecafba67d89b63e1b714cde74e247e811564c086d3f1f97d7896de1a47d8651e,2333999,PRESIDENTIAL_FIRST_ROUND,25207952510851483624031163054012162455762294831744832765870581510718171172945,94543039646232547098913723512896360507796255534321191663802551824994012860856,false,ACTIVE_RESULTS_NOT_USABLE
colombia_first_round,COL_2026,ACTIVE_RESULTS,0xef75ecbf6882759df055672c2a4136d7bdf8c97fe077bc8eae98d6b53af54cd3,569337,PRESIDENTIAL_FIRST_ROUND,45160140663506097504077183036117285299289312543403903721950916310809748446118,113804717603660968272462301400655115525330325661568497078154339615910486920045,false,ACTIVE_RESULTS_NOT_USABLE
colombia_first_round,COL_2026,ACTIVE_RESULTS,0xf21ddf2b752143a015baa6f248aa563e85a329593ce02b124453a445a1882c41,2333896,PRESIDENTIAL_FIRST_ROUND,4117929730748315182048867979753480239601475750178625855683950971707100457442,97550819452013695363842328344068891973521623167980723892907472496822838932304,false,ACTIVE_RESULTS_NOT_USABLE
colombia_first_round,COL_2026,ACTIVE_RESULTS,0xf24b5462262639b800f06204dbfc1dc3199b870d6d1a860cbc4a638f6cc3796d,2333945,PRESIDENTIAL_FIRST_ROUND,45371902856625202302357471983618910991858931640251988075642106700345904205855,55307234835744195203317971742466258884060743646695643348090192877567255549334,false,ACTIVE_RESULTS_NOT_USABLE
colombia_first_round,COL_2026,ACTIVE_RESULTS,0xf44ba6ae238db2cf052a5a496216cab7a8f8b5887d4b800fffcc842ff0a5656d,2370365,PRESIDENTIAL_FIRST_ROUND,32538940167097335646273051780361200206495497154660016962319641291380583656648,43569387240980032700972763270434139574832315937970976045877828496080251763118,true,
colombia_first_round,COL_2026,ACTIVE_RESULTS,0xf50ca60f332eb790f6894cd790d048a4675713319d520ab5f09a3a3cdf3b792c,569461,PRESIDENTIAL_RESULT,77438090585410330640421443482029906935758023903362649354498953129763522752004,61585502197988158535084689180452867497542885295017861877121845766424136281562,false,ACTIVE_RESULTS_NOT_USABLE
colombia_first_round,COL_2026,ACTIVE_RESULTS,0xf547bd8a2933fe031e82ca4a3007cd7fe1c0f9ea350ca9d43e58796ab52609c9,2333931,PRESIDENTIAL_FIRST_ROUND,20033819847871707265444411946940223563470920586696284236275884271080028978375,23626703080388417272361238390502666118710107002105466314836581093884592316945,false,ACTIVE_RESULTS_NOT_USABLE
colombia_first_round,COL_2026,ACTIVE_RESULTS,0xf5c2044c6beca6d4c7dbc0b605ddb060e771b914abc90ed25c38d7e457e6af6b,2037927,PRESIDENTIAL_FIRST_ROUND,82461648641575087025989509433054418608876548663281542231147145157107584163643,62506019110560649552977561726060370226697399335090452817731419747655959188383,false,ACTIVE_RESULTS_NOT_USABLE
colombia_first_round,COL_2026,ACTIVE_RESULTS,0xf63b20e72086547c789e93d744f811c20d9c0b14be0501599cd4c1c5853c9bd5,569359,PRESIDENTIAL_RESULT,29634269883198564591373707667338539580309224908853967914175595169149205026965,113630684119636954008427466663789572421109143380566071176127696686852604518694,false,ACTIVE_RESULTS_NOT_USABLE
colombia_first_round,COL_2026,ACTIVE_RESULTS,0xf6c62a7b65eb3bc38a264376aa50167c842708da1dc68afeff33e0242598e6d2,2333944,PRESIDENTIAL_FIRST_ROUND,109583432058730231946631746664202734273451642905745508189261820630236387624344,46470148673985116821420156774865640461881934089373881555229435787132972483747,false,ACTIVE_RESULTS_NOT_USABLE
colombia_first_round,COL_2026,ACTIVE_RESULTS,0xf741224f35e68f564d92b471d2348e2827bc6ce053a425447eb5f8f623ccc82d,2333886,PRESIDENTIAL_FIRST_ROUND,4278126771908445150600376043825533380177025460164334111362445094195184689542,88232014330582837891082632632700605169540608950461057607463295899136051155240,false,ACTIVE_RESULTS_NOT_USABLE
colombia_first_round,COL_2026,ACTIVE_RESULTS,0xf7d6807b7ecb261ac1a276dd2f1df36c906939526ed3df0b5aa230a0d372ea8a,2333866,PRESIDENTIAL_FIRST_ROUND,76491974449817600762917650413926452501950521272868832463734807285601298780466,115752788042279252236120762560314677226034097843444874369828028226743336984445,false,ACTIVE_RESULTS_NOT_USABLE
colombia_first_round,COL_2026,ACTIVE_RESULTS,0xf89680a45564488c6c252c9ec4e5d0b00894b271105ba4fcb7d756a464da9559,2334004,PRESIDENTIAL_FIRST_ROUND,1157644991647249478870609515779411852869488466978346906522805667986694289127,94778143699538287173709751333002229544839387747308156887174694299645076677395,false,ACTIVE_RESULTS_NOT_USABLE
colombia_first_round,COL_2026,ACTIVE_RESULTS,0xfa380be4603f43fdfddc0c370bf1b0d04a5510b380b79acf875d9e84a20c053c,2037924,PRESIDENTIAL_FIRST_ROUND,115591228253857510463121359616151399251965220444534603253400483502757171946793,5947513206887020624164094363567117900347110739040532677516810832788930381530,false,ACTIVE_RESULTS_NOT_USABLE
colombia_first_round,COL_2026,ACTIVE_RESULTS,0xfa5ff0fd23ca119f93bafb9fa36f9a3433efb43257ec77f3005ac6302283d6c5,569687,PRESIDENTIAL_RESULT,77537635956562217433074459245188520320002811084784515839804431636217705533315,69329321831306718004014560153659304675741633375001337339869160312719980273626,false,ACTIVE_RESULTS_NOT_USABLE
colombia_first_round,COL_2026,ACTIVE_RESULTS,0xfbe85201ab2b4acff01cd5a3639039fc813d3448c64db081f70926bd9b9e74e9,569366,PRESIDENTIAL_RESULT,87037476560262355019736573472997730954875286944171789280729969665019434635807,93119283163420984666329627600000273753909488383271496422725436610044958733622,true,
colombia_first_round,COL_2026,ACTIVE_RESULTS,0xfd7d39cf9788b0ad29d844a2ae65462dfcd57c1219df1669690271b884ba3b25,2333872,PRESIDENTIAL_FIRST_ROUND,51240833216424752022010197879036942714420218167069345597313573592369724572581,52100434294934360760432794880440901047643812139925612380366933735400975226710,false,ACTIVE_RESULTS_NOT_USABLE
peru_runoff,PER_2026,PRE_ELECTION,0x02162eccc29d09628ba3938e155a10d49fcb17b9ae3789aa9794205b5829d3d4,,,,,false,CANONICAL_YES_FAILED_CLOSED
peru_runoff,PER_2026,PRE_ELECTION,0x035ba35e7eb0c9ff4afcc6735edf265d5f077d5afb30f371cd490dddf37be9b3,1656073,PRESIDENTIAL_FIRST_ROUND,72320200633565835604101157163750244453897592128425638049315351738490579063347,45210807606716734316378479904951730590676881280130456565582917386631954337585,false,PRE_ELECTION_NOT_USABLE
peru_runoff,PER_2026,PRE_ELECTION,0x03d5699cbee1018272b863bdf258251dce2103c6935dfe1e9178f0fdc33acb37,,,,,false,CANONICAL_YES_FAILED_CLOSED
peru_runoff,PER_2026,PRE_ELECTION,0x050b59f939be86fe3bd368f6244cd21967d614f4e43e42f069e03e864629bfcf,1656596,PRESIDENTIAL_FIRST_ROUND,32710413066461755812466237456530439591537230054745260429557001177572650171108,113760166587971963480335171451776433660390773980323072091964466076316932818612,false,PRE_ELECTION_NOT_USABLE
peru_runoff,PER_2026,PRE_ELECTION,0x05347b99afe166460607383ff61a796cb5f413a5a15504874bc9f587a1d5fb12,947241,HOUSE_OR_LOWER_CHAMBER,13055152962610574593867994764467771836800261376951918221710397856946000291756,72618202774094269521872135869384009717566047420734958044658172320599961066775,false,PRE_ELECTION_NOT_USABLE
peru_runoff,PER_2026,PRE_ELECTION,0x05b3c4a8779f467c490d05894d66634e7ed0bc982eed4463ca90fd1f59b78d1f,947228,SENATE_OR_UPPER_CHAMBER,34253026330636554399852514066550450276013246568444914274205167845651811464790,74626051770002298735291083534596320297633718750143523873443080158440351160675,false,PRE_ELECTION_NOT_USABLE
peru_runoff,PER_2026,PRE_ELECTION,0x05f51666151abf55aa75ea50237c50f9e1c56818bbe92cb7f9fb30db5c041f43,1656606,PRESIDENTIAL_FIRST_ROUND,98960749808594585350155696486359143902613668991897060048779845387176387934158,45485536479251980119167737354651625041171774058185311162529295593068975549968,false,PRE_ELECTION_NOT_USABLE
peru_runoff,PER_2026,PRE_ELECTION,0x06342949d8fbca3c0a6d1d837cd84e725e4cb3624a445e1a189514403eff7846,1656065,PRESIDENTIAL_FIRST_ROUND,85926547978130488311881494480415968073709939787363981326448864841875609410509,76132031834930786842232364179162761827664506850659164552628312917678233364435,false,PRE_ELECTION_NOT_USABLE
peru_runoff,PER_2026,PRE_ELECTION,0x06cf00ade0067d7e56846a1ad2ca1c5e6eea50977369df67b7211247c2da93d1,,,,,false,CANONICAL_YES_FAILED_CLOSED
peru_runoff,PER_2026,PRE_ELECTION,0x0756808ffc3025dfb9120b3e0ee3320587df8ade23edd0aa7f581bb42fac0454,1656097,PRESIDENTIAL_FIRST_ROUND,112187065253679610774271300587529152826044459224721824345050937716476115988563,67505283649042312284534364075576543948924879137748913918060476438828862828623,false,PRE_ELECTION_NOT_USABLE
peru_runoff,PER_2026,PRE_ELECTION,0x08101c885c6da9dce2bba80a30d2a9d4133f35e282e06ab6cb93aff4a6e43c5c,947301,PRESIDENTIAL_RESULT,54670577470927424772373585932755240890840941658716067756076058086762790526918,43574816792650917685264525397634892350751055322880820104787623900654736567033,false,PRE_ELECTION_NOT_USABLE
peru_runoff,PER_2026,PRE_ELECTION,0x08c91ef5915e8818dd139200dce282cd6164f043c7a1e4ed1b8ef7069df0c870,947314,PRESIDENTIAL_RESULT,1369204985332865068758790042166011073941912489747164323229251110693108195789,17227309854820685689041901118625322621465348840961834798314764256752259344198,false,PRE_ELECTION_NOT_USABLE
peru_runoff,PER_2026,PRE_ELECTION,0x0963cb65133771d8d1e8de101e66b474ff561a1403259872187bd0e353b645e4,1656514,PRESIDENTIAL_FIRST_ROUND,98055573695017714503799189747297217767783927030526054267051644953353785511800,97678698766451046212952054241399913459458399156948811102883918357678360371284,false,PRE_ELECTION_NOT_USABLE
peru_runoff,PER_2026,PRE_ELECTION,0x09a59ab1f0879621c98228edf85f3bfa7521c70b20912c80decdee330ed994d3,,,,,false,CANONICAL_YES_FAILED_CLOSED
peru_runoff,PER_2026,PRE_ELECTION,0x0a10ea4f5d42ac33a29d73b8562f4414f5ea2219afd9da74ba950f7aefe7c630,947281,PRESIDENTIAL_RESULT,67856043091363573230826787438476899340717171261331542907088468980307686160535,105584864693626079457859320531036329426880337452305899680113662052236202390504,false,PRE_ELECTION_NOT_USABLE
peru_runoff,PER_2026,PRE_ELECTION,0x0a14be39673df915f25b91da46694e552c0197edf6cd11dac89f357064b37cc4,,,,,false,CANONICAL_YES_FAILED_CLOSED
peru_runoff,PER_2026,PRE_ELECTION,0x0b17fc639ecea1086ef07ba6f6770af882fa245b94a13d7cb4ab04f87df5a09d,1656059,PRESIDENTIAL_FIRST_ROUND,59240600851816212345187595247638534234076715129163142284154474210818456893733,100534651321341991748467602852338895963800446819298467880986878186003201617424,false,PRE_ELECTION_NOT_USABLE
peru_runoff,PER_2026,PRE_ELECTION,0x0bc5896a5571e93fdb77a24f855aa6eb3efa479908342796e7ee4e5d330a0f1d,947238,SENATE_OR_UPPER_CHAMBER,2363577040988753002254458058776200133646161500675374390640878469110941846571,23084904175056160736313272544872391145651954243637859173575200415806262694384,false,PRE_ELECTION_NOT_USABLE
peru_runoff,PER_2026,PRE_ELECTION,0x0c1e953c948687cbbfa5521a79bd066aa97c197fac57b089a7d0926639ed391f,1656673,PRESIDENTIAL_FIRST_ROUND,110638562528764292629327711179559476651070192600854190454872420495252960041903,29882683818600743425253842194790822330834004690598801333950862839688773326438,false,PRE_ELECTION_NOT_USABLE
peru_runoff,PER_2026,PRE_ELECTION,0x0cb257d4aff09fcc0c83cdf101bb70ca0445831941071dff2357cc77543944b3,1656576,PRESIDENTIAL_FIRST_ROUND,45040213783402029104588230599512736565245757796436723456128686284627228855172,62053803109170007851202771205262074149482497087344468114558122616813227125266,false,PRE_ELECTION_NOT_USABLE
peru_runoff,PER_2026,PRE_ELECTION,0x0d10750c99733c221b69dd5722ceaa42aa4b352645cf5f091a3bbcedcf097ef6,1656660,PRESIDENTIAL_FIRST_ROUND,16044697684992259100813652931321641434635861125908334773992243754767595241797,17746667981792146451158251660665330066508274106590685724434995520992927741012,false,PRE_ELECTION_NOT_USABLE
peru_runoff,PER_2026,PRE_ELECTION,0x0d9309f683e3b47460c5c5ed18651282e9de266d3eeff037c8d3afa2b941fe3d,1656096,PRESIDENTIAL_FIRST_ROUND,61445559186009828908862533520620185596158299434430227042659706803005043201103,105892332034459710443256828392010947207824320012186516947094589755799920573596,false,PRE_ELECTION_NOT_USABLE
peru_runoff,PER_2026,PRE_ELECTION,0x0db744d92c7add3b208dbd6af647e642d7e92069a61edfd9df465503c9347846,947306,PRESIDENTIAL_RESULT,12699108982247352157367058814183064932790603347780702044786352465284142868672,72438402371211075304620381687800802324133037618541114549839051577339565752561,false,PRE_ELECTION_NOT_USABLE
peru_runoff,PER_2026,PRE_ELECTION,0x0e7f0ffe845b05bdbd172958464fa20bcd9a048781d73e4090e07b03a4da254f,947270,PRESIDENTIAL_RESULT,76647756421777021750296882729097877947244398058587662047702870166960832653622,27366653964774546140102997231724638660416990841421465294477604815259121786658,false,PRE_ELECTION_NOT_USABLE
peru_runoff,PER_2026,PRE_ELECTION,0x0f2de4fe8a3e07fd6d846bc1bba0b22984ac85f67e627214a18f3a20b4d9b4cb,1656597,PRESIDENTIAL_FIRST_ROUND,77962061103112839160176005208049807235901952047034903591228861945662712409787,74402661552420091773046785269439205920621714139342862620531159674291562905182,false,PRE_ELECTION_NOT_USABLE
peru_runoff,PER_2026,PRE_ELECTION,0x11c67c1caab44d83e7ddcc41b88c86927ce16fa92dab87cf5f422d38aa6f9939,1656595,PRESIDENTIAL_FIRST_ROUND,7572026079556580122221055967879658531077751692698608451673461083104656023657,73263078561038007803275725649972955314903488998330209206920385638083433666986,false,PRE_ELECTION_NOT_USABLE
peru_runoff,PER_2026,PRE_ELECTION,0x12ad7d12be6be9f3822d978dfe51bb1a59d5208422bda6155616a992937a9b9d,947222,SENATE_OR_UPPER_CHAMBER,34139372490421656658764743748855070175691399946264775613546219286350462486003,49492947370491747308083712952332405856024111775528103177793583401520316153938,false,PRE_ELECTION_NOT_USABLE
peru_runoff,PER_2026,PRE_ELECTION,0x132225a15f2d05b147a54a7096b3a4100f581eaad079fd64ce5df8082d4b6746,947223,SENATE_OR_UPPER_CHAMBER,29605412168491604224400515758812221296055736048328687013279325446908697782986,64730959890689760518221048357055895281768332259862787128909604306702942861965,false,PRE_ELECTION_NOT_USABLE
peru_runoff,PER_2026,PRE_ELECTION,0x134644a677209eebe924d5f859c5ec83555b41dad03649da22f52de327926c82,1656107,PRESIDENTIAL_FIRST_ROUND,46148009204137662219591656906704791903375943242984703117131134729178671639514,89039793220531122041129434243623543343722846584704038710755329105662721921413,false,PRE_ELECTION_NOT_USABLE
peru_runoff,PER_2026,PRE_ELECTION,0x1406a9bfcbad9134bd7cdb0f191283b30459613ad5995592d93359e65be494c9,,,,,false,CANONICAL_YES_FAILED_CLOSED
peru_runoff,PER_2026,PRE_ELECTION,0x14843fe2c81e4c0ac1408aabfcdecc74dcf92935a4bc386069776daeb6bacf5c,1656667,PRESIDENTIAL_FIRST_ROUND,62669990831730087473356261555516614495339010773216026387848560409581194469013,69598471371192773872328840122973031966527588836598894800710758996451085320036,false,PRE_ELECTION_NOT_USABLE
peru_runoff,PER_2026,PRE_ELECTION,0x14f9d80529bde2ac699827392b7b4ce232299c4b0f7561df957dd0513639186b,1656074,PRESIDENTIAL_FIRST_ROUND,15105154955526079629929994661198233528919971439347710507284078609812230173229,47095739176130842800424368819143337580281078386641697400192071263728021048169,false,PRE_ELECTION_NOT_USABLE
peru_runoff,PER_2026,PRE_ELECTION,0x158fdaad572880f8de3d3f00e4d3c2fbbae77108d88c29deb800141928c1e040,947288,PRESIDENTIAL_RESULT,4706104298728283330895721401335363991910630839383072913311253715556150302824,78358410652416917074153480147457833026846238321183973347826605475618415914957,false,PRE_ELECTION_NOT_USABLE
peru_runoff,PER_2026,PRE_ELECTION,0x16b77c8423aea7bac65e682ef2208ac9951d2cf19af3f7ac987f05eb6863f046,1656651,PRESIDENTIAL_FIRST_ROUND,11929561869933191380346632153758334391409946146698631866604792533633967867831,12826885711850049489761555302518022490637052510589938687913875222535097128436,false,PRE_ELECTION_NOT_USABLE
peru_runoff,PER_2026,PRE_ELECTION,0x17b5835f7388fa666b0fb20215a9bd761608feb6c7f38e329f9f7db5783a5d9c,1656615,PRESIDENTIAL_FIRST_ROUND,58527278236079064831034214592973156369998719456177269036690003534304492748477,16487400525520994144608437296353531200600426700040950821515564436154220884750,false,PRE_ELECTION_NOT_USABLE
peru_runoff,PER_2026,PRE_ELECTION,0x18f074b5cf50d0127398c643c05441f9ae47837e191f2c57c9153d3314811170,1656088,PRESIDENTIAL_FIRST_ROUND,107954047442511434205582707306295726797110925529432001822486248882987544098945,19766663477750505240691875615637713708292385272354531990019271306066841845605,false,PRE_ELECTION_NOT_USABLE
peru_runoff,PER_2026,PRE_ELECTION,0x197b7af5ea2fa9f15e1e8ebee3831282127b3b29e3a75d8352eadd2255ccdafb,947296,PRESIDENTIAL_RESULT,30458292229140547782050347121644777099966705607340492560764178473922342446460,22405772940175819581525842572782469198711915740889287606626560046481843943184,false,PRE_ELECTION_NOT_USABLE
peru_runoff,PER_2026,PRE_ELECTION,0x1999b97e56a4ccca02b3868daa2d78244363235297440ad7e2308d6a50889e27,,,,,false,CANONICAL_YES_FAILED_CLOSED
peru_runoff,PER_2026,PRE_ELECTION,0x19fc62d9523b53885c2495cd74cdcdb3d0293fb99f6c1806d43193724fb3fdf0,1656079,PRESIDENTIAL_FIRST_ROUND,27468266815007453156101390986006364243238586575624159181233244070125203701751,106444197795314134894051783199589785537845695754557288878064861449383101045915,false,PRE_ELECTION_NOT_USABLE
peru_runoff,PER_2026,PRE_ELECTION,0x1a3669baa93c63d16c56f7c97327d6369f7fba1a74ed8c969a036e357cacb46d,2483767,PRESIDENTIAL_RUNOFF,84722683664310759169631099874926277159144684066384010275310216769732241662996,28722875194591203844350214728422044337137887452608125932934352510820962935431,false,PRE_ELECTION_NOT_USABLE
peru_runoff,PER_2026,PRE_ELECTION,0x1a6a5a988948ef6803d203df60cb742cc2a6c55fc76ff16476eafd90c1fd5ddb,947312,PRESIDENTIAL_RESULT,41551749867935717621028886175759248291727415681934601741882009608160214973705,17515067578380546963916361478868566684194672143361490801148753197531889279611,false,PRE_ELECTION_NOT_USABLE
peru_runoff,PER_2026,PRE_ELECTION,0x1c509a248d1ac734b8d858d2d931de3e09de68868fb8826ab8890b2870f93ce1,1656590,PRESIDENTIAL_FIRST_ROUND,35214175349736474911938876739557585283332403939067618558413363873233226061913,18919564035894642556678922141958333341404414864285930544751856325162186205689,false,PRE_ELECTION_NOT_USABLE
peru_runoff,PER_2026,PRE_ELECTION,0x1ecb0f4385f625c067f5d3b6388fc46ee67c39cc467ffcc426ffed0c4b790cd8,1656498,PRESIDENTIAL_FIRST_ROUND,4219985213725726572900233353437462069764068606077757546878812397311146282985,82522558914833941859932425306101302246552745810340100885379731059376069281266,false,PRE_ELECTION_NOT_USABLE
peru_runoff,PER_2026,PRE_ELECTION,0x1f3e8f9c11eeae32d518f6275dce89884ba0729103837d7ae577d67b730c5a86,947257,HOUSE_OR_LOWER_CHAMBER,115408563027826266657109116044802922776597563102487591421779627554912543192562,42768236773447218444545892335814639181774137944635780841380883949022377496929,false,PRE_ELECTION_NOT_USABLE
peru_runoff,PER_2026,PRE_ELECTION,0x1fe4d43d954193db65c1518fbac929a485305924ce2645b8077772b76d63821b,1656095,PRESIDENTIAL_FIRST_ROUND,107219160843706389906266156225487728735774298025008788338001565931063486864056,69554069995538957078428567100577630599558105268028792973341299165949737446586,false,PRE_ELECTION_NOT_USABLE
peru_runoff,PER_2026,PRE_ELECTION,0x1ff90b3af55846972c3c264e02f0078a7c0821c864fc62cd4b98b17242296678,947221,SENATE_OR_UPPER_CHAMBER,70028221582838046561445868277002018252780286287731811276738642910841587382392,13473104021860440271082649384805301139210638677720036969708950044144219799268,false,PRE_ELECTION_NOT_USABLE
peru_runoff,PER_2026,PRE_ELECTION,0x21abd4deb9b5e848b403f46f7739467690d16ad34feceb80d973ad63ed9ac81b,,,,,false,CANONICAL_YES_FAILED_CLOSED
peru_runoff,PER_2026,PRE_ELECTION,0x2265cfeca7cb3df1821aa43ce1a0871634dbc5d6fd661ca5234b3b60cbd138f0,1656513,PRESIDENTIAL_FIRST_ROUND,23704375730023492676164236224753378650111207072085704130440450768481177466524,103582045293921238931844431845971033518522405138490035800237522981472966496296,false,PRE_ELECTION_NOT_USABLE
peru_runoff,PER_2026,PRE_ELECTION,0x23688e026e556f282a404d570324bd7c2e5c7acfca4ea2fa17a75a5b5c7ec635,1656575,PRESIDENTIAL_FIRST_ROUND,35424100866670020205866722182285541935066196773572640891613135678499150960494,30638769078330686264168008635376974926065503190457456891863550781846356100545,false,PRE_ELECTION_NOT_USABLE
peru_runoff,PER_2026,PRE_ELECTION,0x24a454785cac9984fde7736d0d4b37929b7253d527d359f547c909eec89862b9,947282,PRESIDENTIAL_RESULT,8379837610125291150489935717882363132642018085406636296823338050741934312045,47515547723528341412543209702937596271927058261167837389261437881238696349436,false,PRE_ELECTION_NOT_USABLE
peru_runoff,PER_2026,PRE_ELECTION,0x24c61274a302798ea6a2d2779a624a427fcfe9690f853ec7d42e088a72ddbfc6,947299,PRESIDENTIAL_RESULT,83130901126238392120475914478315084222857432362480969562523282498025424381645,28894225378676146560823422947567932330633045207405024095568155667437832938659,false,PRE_ELECTION_NOT_USABLE
peru_runoff,PER_2026,PRE_ELECTION,0x2735b9eb85b0f7b80db62207d7f332b610a4b0b2a32119d5bd6621c0d94158d5,,,,,false,CANONICAL_YES_FAILED_CLOSED
peru_runoff,PER_2026,PRE_ELECTION,0x27b697a0d60c46d4b10fa3f934e1d1d2204226548dda54f9a9d050be61a426ad,1656532,PRESIDENTIAL_FIRST_ROUND,73424893473731608145461251909317313232937949332319001308094194368692771074743,54731876617576402881382616209399394355005900608717887953614776466593759657704,false,PRE_ELECTION_NOT_USABLE
peru_runoff,PER_2026,PRE_ELECTION,0x27eb762da42ad481b87268a7030c49b6c542e6420cf42993d0eca8a53d279d62,947290,PRESIDENTIAL_RESULT,82946642323332192607961224268305092625940990224501888469319296995106766437597,20959099358072403244994120415846110854330513734764160823751622024617635092795,false,PRE_ELECTION_NOT_USABLE
peru_runoff,PER_2026,PRE_ELECTION,0x28d4cee5a4bb01e0a7b1a39f8a23b2af657d9cf06d1e0ed8443c6b09329b9be3,947287,PRESIDENTIAL_RESULT,33676951557383894515546393450532412629166294904696420306881965128761881185587,30788846969964727903508443161348771288310100447128945399885440063546741603671,false,PRE_ELECTION_NOT_USABLE
peru_runoff,PER_2026,PRE_ELECTION,0x29daa83884b79f80fba7fedb69ac3db4b8a933fd7726427a1de6681ccb0821c0,1656602,PRESIDENTIAL_FIRST_ROUND,93233092238037664581841151767829760079421752848920542912085868506525471384530,53470596109178149714296206091039989937598612173967935937804323662043837333148,false,PRE_ELECTION_NOT_USABLE
peru_runoff,PER_2026,PRE_ELECTION,0x29e6732af6e27705419434514e56b24105c0b59c75a392d1b34d11e86a267a33,1656654,PRESIDENTIAL_FIRST_ROUND,107679593055521061608345201397433604380043908125229590659648088341257563312115,45551748874674503655546867263957525114231969998656026642330249320027815596338,false,PRE_ELECTION_NOT_USABLE
peru_runoff,PER_2026,PRE_ELECTION,0x2ae7dc6435210e95d8bc870f4981ba4be3bba180dd9580372c87da6de6674ca0,1656110,PRESIDENTIAL_FIRST_ROUND,46102896892264280362262016917387922697979087536266709666453428684663107234825,95046717927581753274723602958046979931508784268591399639183643065172913640631,false,PRE_ELECTION_NOT_USABLE
peru_runoff,PER_2026,PRE_ELECTION,0x2cd24d17f5680dc6e7b7d67c712a223ae85550745597e81bd2d2b8d073443951,947289,PRESIDENTIAL_RESULT,40073700561695212653451049120779209383948898865772011302940523990213422296817,46581835831525280126714747999686373127429627947256474439860896007472960168455,true,
peru_runoff,PER_2026,PRE_ELECTION,0x2d34bd02ac41827f92356d8d6fe491f553d8dae0e6b10d136120a29f91411c0d,1656661,PRESIDENTIAL_FIRST_ROUND,32677005595023110868742257564029774093429143861850369748824019727520475710,72043640680721424744242522917855774342689843821498431027780546226439196721707,false,PRE_ELECTION_NOT_USABLE
peru_runoff,PER_2026,PRE_ELECTION,0x2e1d5d3bc218a34cca38c44957e6b90f292f8cfd63e8f2f3340c695300540495,1656091,PRESIDENTIAL_FIRST_ROUND,19563166585407028028260945093722081746349565072205441783405816389408664837111,42705726258837606963786292211664219025708523176895861904849170538623491628512,false,PRE_ELECTION_NOT_USABLE
peru_runoff,PER_2026,PRE_ELECTION,0x2eade5a95caecb7597740869423e5db001a77e67e271fd4d9362a4b1a2e84b35,1656538,PRESIDENTIAL_FIRST_ROUND,50215433413978036645799329568733968918037059064769354665229832612182421343874,101258810327239630482273753890060446017055134941562712835272088637112261475997,false,PRE_ELECTION_NOT_USABLE
peru_runoff,PER_2026,PRE_ELECTION,0x2ed5a189c5265a2712548809b360ccb275f66e31e08a76bccb53859ac7dd87b9,1656100,PRESIDENTIAL_FIRST_ROUND,15945126125074633281233500013321123351480510655144714955612150077151086769526,8298088105108625342625659838285845731100539271885848638724025752035756706951,false,PRE_ELECTION_NOT_USABLE
peru_runoff,PER_2026,PRE_ELECTION,0x2fbbabc415795e823df104c5524e60d8468020dcc0f4c7e5196d99bcf2eea4ac,1656506,PRESIDENTIAL_FIRST_ROUND,63784150502153165723659810002614895960992143842645051658922882728198546899277,96471642718017647056692505831444895378360538340470760963542342260013155200638,false,PRE_ELECTION_NOT_USABLE
peru_runoff,PER_2026,PRE_ELECTION,0x306297e5d44ab540192cab8bda33c1f2ef2afd4503f797d19cf7053dc66dac14,,,,,false,CANONICAL_YES_FAILED_CLOSED
peru_runoff,PER_2026,PRE_ELECTION,0x30a81bb91e50023f39ec0addae3d679c5997b1926dc4852a32fdd90cab3bd4d7,947231,SENATE_OR_UPPER_CHAMBER,66423340068906670982477336529738843742269058064668691612569872472612376275919,70964254615679049373739041470882080908487284289012954787354912989250745195640,false,PRE_ELECTION_NOT_USABLE
peru_runoff,PER_2026,PRE_ELECTION,0x31bc719248d9499ab18c3546632e005a9564b17baeb343df125609c252d62b2a,1656612,PRESIDENTIAL_FIRST_ROUND,99854719684500233552956438303745096496878079144309843550355102887549084481663,67934172756823651467296874671508859490891471224497866587988076006113824822660,false,PRE_ELECTION_NOT_USABLE
peru_runoff,PER_2026,PRE_ELECTION,0x31e6739664bdc4bfcbdd7e33ebb0a9d55207e6304d21402c682a52ceac1a92d8,1656577,PRESIDENTIAL_FIRST_ROUND,14750243694591926975968375148988713682683111899588328860654181305310103961169,77623887803598511912585348016661227528363645848860148908357349197016757485817,false,PRE_ELECTION_NOT_USABLE
peru_runoff,PER_2026,PRE_ELECTION,0x330d025cc8e824f6b7b028f1ae2508743ab11de449b22dfe04795258e1b6a5c9,,,,,false,CANONICAL_YES_FAILED_CLOSED
peru_runoff,PER_2026,PRE_ELECTION,0x341274e58537e8e5ad03f4750284341da35dcc4003acce8901d1838ac53128ca,1656536,PRESIDENTIAL_FIRST_ROUND,113122151949482909924880550959119739962601138968837819317896510653787301310355,400888525240457149731144678827991907211965782818387491489292783293031593973,false,PRE_ELECTION_NOT_USABLE
peru_runoff,PER_2026,PRE_ELECTION,0x34513d1737443a4487536227bb36aedcc5ac32fd8226c55537169a4a28e167f9,1656589,PRESIDENTIAL_FIRST_ROUND,35208769897939112772648778492062058892660141203790951377876341979688826583666,56686160838934154531387688036892669435593648755338230218971545405797026661821,false,PRE_ELECTION_NOT_USABLE
peru_runoff,PER_2026,PRE_ELECTION,0x345e333b43cf5634e559414f5209e2b8346f38c75f2e6dbaf8b6eb79a11c944d,1656080,PRESIDENTIAL_FIRST_ROUND,78333628587488429381618820842635976129245710496073552765768823052716310103791,20984173324190698858037561862801077481577568024185482456461078794089234187110,false,PRE_ELECTION_NOT_USABLE
peru_runoff,PER_2026,PRE_ELECTION,0x35ccc1642ee9d8067402b3117bf0f61d638deece559197638446e86c5d4aa695,1656071,PRESIDENTIAL_FIRST_ROUND,112531256313027322603252751695224530959195680357394303591176175431999965289501,88615377598960610872814459426940045858089490440843431207524648263479521846421,false,PRE_ELECTION_NOT_USABLE
peru_runoff,PER_2026,PRE_ELECTION,0x365a25fcdf1ede86f32f2faf90cb58592919df9174202fd574ee38dde9f91076,1656094,PRESIDENTIAL_FIRST_ROUND,74896134903088005177746765957422289255736279541360925265338936893946496126500,49013258654483803681615006023005088286096228072818206602041901728119140264611,false,PRE_ELECTION_NOT_USABLE
peru_runoff,PER_2026,PRE_ELECTION,0x36c233eb5eeec3300332ee463027adb6a7bb521df9780d9e7e0c028c7f1d0b9d,947246,HOUSE_OR_LOWER_CHAMBER,18437570836798015508413588163545824725618221508204528541518274807911968426256,2822597212294683709377210936675099388306806247992179496447231194913755062404,false,PRE_ELECTION_NOT_USABLE
peru_runoff,PER_2026,PRE_ELECTION,0x376c0c0a9da2c81cc1faa8c48aa4815b12c6b9bba54ef9fe4bd2663159ba3b9e,1656644,PRESIDENTIAL_FIRST_ROUND,28770257381209525364735053341087553571804797769836417671010607065265038107541,13925779649113810391354205739196364780496594808125299839580474699763817316424,false,PRE_ELECTION_NOT_USABLE
peru_runoff,PER_2026,PRE_ELECTION,0x37fae8ceb9d3067dd8065bb2364bac098ebb0fbbc2fe9e374a7467ee1c8a0120,2483769,PRESIDENTIAL_RUNOFF,76622390306274677194136922990243067490720446579612838558231337498466359059572,59808933016461469986732617770386510005353286737041928127338907353909283203932,false,PRE_ELECTION_NOT_USABLE
peru_runoff,PER_2026,PRE_ELECTION,0x3a92bd4f458a902f13b7029102d6eff165098ce8b23b3abb0ebc195d8ec1ae5a,1656666,PRESIDENTIAL_FIRST_ROUND,106184988316967414270937784377776153312978748957674928637302025717039502043342,9814575385569085295455892845013789298430499211221429743434063573697087766763,false,PRE_ELECTION_NOT_USABLE
peru_runoff,PER_2026,PRE_ELECTION,0x3aec41fee9edc59c2b98d439dba86debe339e35f62ac4cdc8de01ab1a5b93f21,947277,PRESIDENTIAL_RESULT,16452855558136653776561048576768137577528096989756809438471103880971273573161,107331660375502705357117385329474376336418685911490580766538280226777407259357,false,PRE_ELECTION_NOT_USABLE
peru_runoff,PER_2026,PRE_ELECTION,0x3b9ab62c2618673915d70501ad4c8440142721c3b041a3e9d4e10e41e643f0b4,947229,SENATE_OR_UPPER_CHAMBER,44261736463145083749880986877209938233006752440239790516976842846680588189210,67493399015803557130744952245556440628421251799139215841574360432690704016990,false,PRE_ELECTION_NOT_USABLE
peru_runoff,PER_2026,PRE_ELECTION,0x3c5d75f013552994b2b27948d591ce5c7e3102fdbd6168121e0bc786ec2544fc,,,,,false,CANONICAL_YES_FAILED_CLOSED
peru_runoff,PER_2026,PRE_ELECTION,0x3d3e672106e4a704bc05c680e7c33ade4c7d422a47b1e29978f50c840bd494fd,,,,,false,CANONICAL_YES_FAILED_CLOSED
peru_runoff,PER_2026,PRE_ELECTION,0x3d654127d7476032a550f6ada1135f0e0e323457f0c31f7fc34f1cc87ad6b1de,1656618,PRESIDENTIAL_FIRST_ROUND,2637733578591743963168751835681026291359891898612006458850071889095095131737,22794614925714520837030500569806909200618809505195062917281166216044770664727,false,PRE_ELECTION_NOT_USABLE
peru_runoff,PER_2026,PRE_ELECTION,0x3df010d36e5abc23b2a479508538ba89afb816a248685ef8bda3971c8cf37a8a,1656668,PRESIDENTIAL_FIRST_ROUND,68783151736097753706667946682202504744315976849716791979442216508580712271370,13376251147082105429166098726134933515744612625245787007264651121036379222979,false,PRE_ELECTION_NOT_USABLE
peru_runoff,PER_2026,PRE_ELECTION,0x4025073cedd026e9adb9ccff3821779c00792854e7754daa3eafed301e41edb6,947305,PRESIDENTIAL_RESULT,104684177361879293772451967369395447852198309451265624296636331715537531335257,100361975084631441882392825306826553731934596012534969070900596262835759520005,false,PRE_ELECTION_NOT_USABLE
peru_runoff,PER_2026,PRE_ELECTION,0x40a7ea3a3be12c58027b38ad54e67d13e1470a08e2d90b4f755d8583d2e62586,947243,HOUSE_OR_LOWER_CHAMBER,4103584660849016261926899759260907804965204571034760636435809850834353581497,53151011326408290509443303941312491470892640406411543784313501731716182355871,false,PRE_ELECTION_NOT_USABLE
peru_runoff,PER_2026,PRE_ELECTION,0x41432f60cff78fa0e2da59012711172a6a356a7edb9a6384ca20d69bd26ea7ba,947247,HOUSE_OR_LOWER_CHAMBER,57042034049005848559977466041602099612634118358272974129997354272684145047793,23874645243575764208526651218082973092836882796222141904845803575226764206411,false,PRE_ELECTION_NOT_USABLE
peru_runoff,PER_2026,PRE_ELECTION,0x432e3bff20596f36c22e015ec23182e591ab7c37367e1ad96db73dc5984ddf5b,1656087,PRESIDENTIAL_FIRST_ROUND,102050387779980058053982204048293317397871274479597262029676946390187208574632,87795140423029092105202279745639383208977959464047735608376480395131029648599,false,PRE_ELECTION_NOT_USABLE
peru_runoff,PER_2026,PRE_ELECTION,0x433dc2164fa59ba584764579cd1946b66c6812d28b07b113a258d39b8cda528c,1656584,PRESIDENTIAL_FIRST_ROUND,14210730732764474449313579917628685525084660130591959539437496438068414679169,30717291491625772650990677169204913218210863748521809727873814693171532786307,false,PRE_ELECTION_NOT_USABLE
peru_runoff,PER_2026,PRE_ELECTION,0x43c5da95a4aa4c6ca5d9b135afd6a98789a2c71d261c312f0b9e0fc8d5363dad,947233,SENATE_OR_UPPER_CHAMBER,47080922912641147770694786385733537681952071827462878898679058540253086374192,17454305746943056096745489796274632993772498514333519731240566852994761845851,false,PRE_ELECTION_NOT_USABLE
peru_runoff,PER_2026,PRE_ELECTION,0x452c7d686e8e3daade7142157dacc541632bbf8a201d5f4a290b3bc1ab8fa0ca,1656093,PRESIDENTIAL_FIRST_ROUND,46440998649347121908889433106162516612360394088587047839076836545508242420177,37978070179543594897236953141883655204348805643182609839349099517797718106483,false,PRE_ELECTION_NOT_USABLE
peru_runoff,PER_2026,PRE_ELECTION,0x4560e68d83bb06638480ef68919036da150cd28b85a19248e401162d037d5326,1656603,PRESIDENTIAL_FIRST_ROUND,78362339450962939442121486021741229632599109643809901558787866858261751626223,109777766389746219835853582158231802455247180494693694820581517991786016480650,false,PRE_ELECTION_NOT_USABLE
peru_runoff,PER_2026,PRE_ELECTION,0x46fab0575f0cefd9a12febe60567a4155d54602869ee739adb76f81eed2c3c8f,1656535,PRESIDENTIAL_FIRST_ROUND,43607760705878381273557992785446637476051583340459869732578975540320570107068,55348461762646570790861364449189083922496724573689115238569969391094977104341,false,PRE_ELECTION_NOT_USABLE
peru_runoff,PER_2026,PRE_ELECTION,0x48b918dabeed4d55564acde888189e3e6dd225df1aa9644e02cb31ccb8762f6f,1656656,PRESIDENTIAL_FIRST_ROUND,19983354572636791975062075685708592257095143452306825830647129496294634827570,84559679811008365219332218084240528788056526649874654603779506421845904401156,false,PRE_ELECTION_NOT_USABLE
peru_runoff,PER_2026,PRE_ELECTION,0x48e9ded29eafc04dc92a76ca21a7af0991c7937a654de70ce29b7f79dca9f55d,1656642,PRESIDENTIAL_FIRST_ROUND,23372257061026697787000258809898604337402323665127992994044470665872956161452,51679123559852796773360199551102900221817429320826983452951572960491406680571,false,PRE_ELECTION_NOT_USABLE
peru_runoff,PER_2026,PRE_ELECTION,0x49e1ea2dac5d7d1716d48b3fa8fa03a767b30a656a2860e85fbb45872fbba9fb,1656503,PRESIDENTIAL_FIRST_ROUND,69243492192511689689636949602062255551519733590643403603175901013241016692618,45418587110356603399160732764173761278478870188701981577202985305426666784442,false,PRE_ELECTION_NOT_USABLE
peru_runoff,PER_2026,PRE_ELECTION,0x4a44b6932afb5e921705dab625ba8899473a169dd7eac9b6d33dcc31814099c1,,,,,false,CANONICAL_YES_FAILED_CLOSED
peru_runoff,PER_2026,PRE_ELECTION,0x4ad87cdac42bf6e14f7a56ca5eb20408c03305a556bb506b0d7ed16892ebd104,947234,SENATE_OR_UPPER_CHAMBER,104547248054397669918775193610635467603684517368430778185595558322684171273788,28041471557661184741302119816853365580047912041215682389991838879484458251951,false,PRE_ELECTION_NOT_USABLE
peru_runoff,PER_2026,PRE_ELECTION,0x4b6f86f7593e49f286f2e7e57489769cffa49fb7eedb2b0647a0f6e520ae304d,1656507,PRESIDENTIAL_FIRST_ROUND,50838911812186027061239609230477208870192534146311346616497028001966708181533,47839790901057113190197382274280651460652584185652426645665448114105772320198,false,PRE_ELECTION_NOT_USABLE
peru_runoff,PER_2026,PRE_ELECTION,0x4b868d7e0b387de7493e591e89fda42a2f8babe8b32ebf4c15af5ae83cdd5584,1656495,PRESIDENTIAL_FIRST_ROUND,59570858023185842517870843488431337277633671455736631702268326623708365587538,14011862652656855006127051653679150998906942307102755995752714320411269773667,false,PRE_ELECTION_NOT_USABLE
peru_runoff,PER_2026,PRE_ELECTION,0x4bb97d5995fd6e774deb800f347f07d5b448a09a49998917a62c1d1295581b24,1656637,PRESIDENTIAL_FIRST_ROUND,51526760676688407938881361599919783120573714033353480058779290043441275105116,24314576075263227381369016930019455052510097753027179439380326835963202154680,false,PRE_ELECTION_NOT_USABLE
peru_runoff,PER_2026,PRE_ELECTION,0x4c26eba7a5ea4105b863882f26d1f770e67f0859d0858b28c48cdf5502630990,1656582,PRESIDENTIAL_FIRST_ROUND,8078426731411685685528244695437186598890338581566943378189712282919907029271,28382437685083101839880865383507422066672730245006809008672241836207194442750,false,PRE_ELECTION_NOT_USABLE
peru_runoff,PER_2026,PRE_ELECTION,0x4d422c62ab2779cef04e89786fccad31fb8254ec6a5e25b3ed47b142f88d5f80,1656639,PRESIDENTIAL_FIRST_ROUND,65737044589045584577766276986821794687526103004203994468494860397105549087149,35142851834292797405754001239506195058745465517189288946424837986146570522614,false,PRE_ELECTION_NOT_USABLE
peru_runoff,PER_2026,PRE_ELECTION,0x4da323d212ff1eb5785de9e3ec0b852ed3bd0f84f0b6d1f908e93d82dba47b82,1656583,PRESIDENTIAL_FIRST_ROUND,57117623667331735297220832995450027619422326715337677748717421189968937068460,23144316560453200094780924811043736644533679069865594550726503942531990160215,false,PRE_ELECTION_NOT_USABLE
peru_runoff,PER_2026,PRE_ELECTION,0x4de9190d737afc1bc80cd362208aef89d621b1f805d6dc1ffeed722a4fa93597,1656587,PRESIDENTIAL_FIRST_ROUND,49946912550890838294621910823065868853547643360729093813166423493705260721279,114016384518675758655044529214635427192063745732978042917472413959877508367155,false,PRE_ELECTION_NOT_USABLE
peru_runoff,PER_2026,PRE_ELECTION,0x4e7de7bb389911c12825a628d2524e96de4dac3b25a4778947d23e86781a7de4,947256,HOUSE_OR_LOWER_CHAMBER,51746453725550649140677539689140912110205625798646393135466571652451251312662,92626439022882906587582725957553692569008424879065234056698341799560160273613,false,PRE_ELECTION_NOT_USABLE
peru_runoff,PER_2026,PRE_ELECTION,0x4f249a6b22cbe35d650075d041dd18d4d322967d1e543a4bc5708be2cb6ba9c2,1656678,PRESIDENTIAL_FIRST_ROUND,51926977012593725226487226602000675291648429354539227670346368857938156017804,69809320739500090065743412589692375649714354203133799725571919752676338310668,false,PRE_ELECTION_NOT_USABLE
peru_runoff,PER_2026,PRE_ELECTION,0x4f78635e32e7daf41e44e890a857318a9a83dc51c011bab566e49fc4889156de,1656526,PRESIDENTIAL_FIRST_ROUND,50282189946792908735871963681295529252244920419359132302910161531495370603078,19646036008514707253384785277012303509020477117632510169754428334008851838191,false,PRE_ELECTION_NOT_USABLE
peru_runoff,PER_2026,PRE_ELECTION,0x4fb9865bd3cfe4f0376d137f782eef23e1900d942c8a1bcf9cee163bffabccc5,947308,PRESIDENTIAL_RESULT,66038109323947187552336312360737292300202393337799564108283168357122249760602,17258915299972566645739165942127442544048660003384222864629421729295418014945,false,PRE_ELECTION_NOT_USABLE
peru_runoff,PER_2026,PRE_ELECTION,0x5023ce6ae3684d40d9edb5cb3cb5ed79a1d3f77c06eab00d8c013f1dfbc1e1d4,1656664,PRESIDENTIAL_FIRST_ROUND,70070802100213973026300305358501270649253414331375184249476190545189706999427,84954523669328989535033911456246538700114576453528058299968059857933549754453,false,PRE_ELECTION_NOT_USABLE
peru_runoff,PER_2026,PRE_ELECTION,0x5046d76b50d1b4f6f1e6d64047f4737d4809396e0adb9225ae4f093a2a240248,1656620,PRESIDENTIAL_FIRST_ROUND,107825900821854820774284176405401344088149492224666265276496873681185672117145,82849156005700583296648769630056186360022497287275025430754731236588230336785,false,PRE_ELECTION_NOT_USABLE
peru_runoff,PER_2026,PRE_ELECTION,0x505ccaddb2165d87a3326405dfdfd3ffcca5055e74288bdcc3457c0d86564031,947307,PRESIDENTIAL_RESULT,67843309233200723328462101623859116081789261352602486452858124345763745522718,99375452436992660795928663270262388125591742348425366002556688709595866730919,false,PRE_ELECTION_NOT_USABLE
peru_runoff,PER_2026,PRE_ELECTION,0x50644511ec007a5ee06e97c2fbb033a0f4ad0842e86e48b805bdff1a10dc83d1,,,,,false,CANONICAL_YES_FAILED_CLOSED
peru_runoff,PER_2026,PRE_ELECTION,0x5099576cead6e75f0b10cbabce844892b035a55eed47e8d0b50946f003b182d0,947239,SENATE_OR_UPPER_CHAMBER,73969824101293234002217684501244553092563472982763961189200497483890820776025,87049799605130840648120552194028851695498003461549378352407672251525621083881,false,PRE_ELECTION_NOT_USABLE
peru_runoff,PER_2026,PRE_ELECTION,0x53dca3c8ac0d5af9fcad470067edbfae1784186f51a5680813c5c364428420dd,,,,,false,CANONICAL_YES_FAILED_CLOSED
peru_runoff,PER_2026,PRE_ELECTION,0x540c10db3c4cf6fc38e9ccb34c92f89041f173b9289feb6e5ddd1a92b90ddc7e,1656598,PRESIDENTIAL_FIRST_ROUND,85887505920224736906942641663620585562362199241311522503354301534035377032510,113172920372584616801630925685487362701058908495445094901920336430424286160589,false,PRE_ELECTION_NOT_USABLE
peru_runoff,PER_2026,PRE_ELECTION,0x548c375c04905c75363931e5fcd7d0194d69c427c1d161e029d33ecce0812264,1656529,PRESIDENTIAL_FIRST_ROUND,96448127851385183103993150659362532531424355899374045343643607904791270599053,19317257672667328680110137822520358244180024146176284908029280673035867336949,false,PRE_ELECTION_NOT_USABLE
peru_runoff,PER_2026,PRE_ELECTION,0x54ad34c26d8988063f54f28fcf7fca9287866328a203abda00ab9c07a4ecd3b8,1656677,PRESIDENTIAL_FIRST_ROUND,13632462743795947505981783295513475020777014140682378574804744520599276668933,64932992489330516068632151335392878301666762035334182608868748373713871134533,false,PRE_ELECTION_NOT_USABLE
peru_runoff,PER_2026,PRE_ELECTION,0x5503e0e6e343788fc77ec8152e7b25ea86212101419d74a25007b0cb8f41f3c7,1656669,PRESIDENTIAL_FIRST_ROUND,73561632456086702051161983601178980555366505199323862448949873891390490970656,35570589175126659689005587770739433928272198883206476965935196712214432638015,false,PRE_ELECTION_NOT_USABLE
peru_runoff,PER_2026,PRE_ELECTION,0x551f70a07519a9cc1cf5c5b98151a09c6034592af5bfa606a226ece87fade4f9,1656670,PRESIDENTIAL_FIRST_ROUND,71893590118789497184788735482804745435353891665508773858029053762642189006918,72607246380820910228615585779355679310592783187524586153722417304029465178170,false,PRE_ELECTION_NOT_USABLE
peru_runoff,PER_2026,PRE_ELECTION,0x554542102403f12796b0f8b519adbcd966c12f7ec6652392ef78fb653de4f7bf,947245,HOUSE_OR_LOWER_CHAMBER,35032655183130812673570952719969467635956698944748396282601004870737609580612,91858091952465373327330554200282065876579284773133287865980298779420218080925,false,PRE_ELECTION_NOT_USABLE
peru_runoff,PER_2026,PRE_ELECTION,0x559169dc253010f9f8fed2f52912738a58a7acbbc7c723ef6e36aa4f425ad058,1656511,PRESIDENTIAL_FIRST_ROUND,102407131011762190625025274908727181668047342595338940271164167446394909445218,50304266130063433362838454843424465280816524273922814043926261248626633530956,false,PRE_ELECTION_NOT_USABLE
peru_runoff,PER_2026,PRE_ELECTION,0x5705c614c29088c49ba8244545db259b87b6558d5f559a4c1deb4410af5b86ec,1656593,PRESIDENTIAL_FIRST_ROUND,64866872424726683838654178059791068204928767127333575689404338548012399128594,71537866831587739610773181525471546991399140001271406872349759046428543891792,false,PRE_ELECTION_NOT_USABLE
peru_runoff,PER_2026,PRE_ELECTION,0x57b819288ecaa4eb9bb6fa4e2b4dcc233baafdb6571f94f7393d01e235ac13a5,,,,,false,CANONICAL_YES_FAILED_CLOSED
peru_runoff,PER_2026,PRE_ELECTION,0x580baecc0ea01d32d608fcc55699593f83866f03d5f7601172ff1be18e781c07,1656592,PRESIDENTIAL_FIRST_ROUND,98961969927651322882437980864806922516677051950709245896233047388110416610749,97228686899820777862539836150740653286555879950747266173836641922267184216383,false,PRE_ELECTION_NOT_USABLE
peru_runoff,PER_2026,PRE_ELECTION,0x5823ed8612ae0047a21fc48b771776b63844c73d55fa71c122227efb1bf6bc57,947309,PRESIDENTIAL_RESULT,67903633202977737833402986689912361990598575279638982611591192564125522188777,96329095456081537397818303286729700630507818842673318422239713272159386384532,false,PRE_ELECTION_NOT_USABLE
peru_runoff,PER_2026,PRE_ELECTION,0x5951bc8b879e742cd41bdfc1f7a5536811bf7a9c58de021395c796798340285b,1656579,PRESIDENTIAL_FIRST_ROUND,12195464566033820649522860577139752897855294565306308774615951975020179809760,38110978645939228512930062366178905154753186689599595380849322334840772796424,false,PRE_ELECTION_NOT_USABLE
peru_runoff,PER_2026,PRE_ELECTION,0x59bce90d9a5df1b2aedbb01a6b17cce37439439208f64219c5b9b9ccc1838489,947304,PRESIDENTIAL_RESULT,39466632769343460539651910163076069182347797009774435770751792396354719087298,4077515590371658885204167812255532666974534108716309391487761682432545328621,false,PRE_ELECTION_NOT_USABLE
peru_runoff,PER_2026,PRE_ELECTION,0x59f7aeb8024c3f6fbef1aa759ebfc3ad0263a4699d2cf278bd3358d789b03a15,947316,PRESIDENTIAL_RESULT,44140973261077485817720945110307626268479384775387671029952471641824200595783,23818702176176805932042292757368821747968172741992054172479933851973356677151,false,PRE_ELECTION_NOT_USABLE
peru_runoff,PER_2026,PRE_ELECTION,0x5a3c6591dced00006653110e358c49cffd646d274c4642e4c42d80ebaa500c10,947313,PRESIDENTIAL_RESULT,59465215195177089414832170328356296006437043433624480720057475227899872295108,31180245202825905020097980866556116459070604752923122903312803758171671738161,false,PRE_ELECTION_NOT_USABLE
peru_runoff,PER_2026,PRE_ELECTION,0x5b046c471c54dcfc4ae8d953eb1543973c5a2f36e3cb7ddfde250c100a370de8,,,,,false,CANONICAL_YES_FAILED_CLOSED
peru_runoff,PER_2026,PRE_ELECTION,0x5d7d7b69fa01de364783610f92e722b63f2e7a2586128e43dbf391d975315b72,1656545,PRESIDENTIAL_FIRST_ROUND,41999312639774574883018497876396616660580930651911607702848868249785659221883,30207535111583990409831722225979156736207382331807324016366490232314474862285,false,PRE_ELECTION_NOT_USABLE
peru_runoff,PER_2026,PRE_ELECTION,0x5d9b91f695735bb149bbe57d5cad3886639563e957d5f564384779b959bc4b3d,1656077,PRESIDENTIAL_FIRST_ROUND,80947756194353850489867444710122711580181727730278152038516846567035796092774,78919744820614246173589976473987070527297796440147509710750207505563617298087,false,PRE_ELECTION_NOT_USABLE
peru_runoff,PER_2026,PRE_ELECTION,0x5e7d3b7cf87325cee6ae6c7417d6e9d7250c4cc2dc912b18ce5cdafba4e6a647,947280,PRESIDENTIAL_RESULT,13489012588233322368311367883402374394605806123068707609937025667605598991327,90345128748583198863370606568494221504139539681370131445138326065698729118736,false,PRE_ELECTION_NOT_USABLE
peru_runoff,PER_2026,PRE_ELECTION,0x5ebc51061f4bc2bd1f50dcd736b43de3cc0e471de8b4d6e6b3951670a57d03eb,947242,HOUSE_OR_LOWER_CHAMBER,92630754815153019913281002984440535410880277334175699573101680610900343162129,61103528961204428436449017288801738534045263541274574470094065985785029924455,false,PRE_ELECTION_NOT_USABLE
peru_runoff,PER_2026,PRE_ELECTION,0x62835bd068dc52e723c0fb4cc95b4561eb38742db1bd86ff73b95322e49a5b4d,1656499,PRESIDENTIAL_FIRST_ROUND,107852546865334597301868914227394757538876595032108521199910226311613126337155,12641689386954092878588356137284577954579980066794234187235818132974848723582,false,PRE_ELECTION_NOT_USABLE
peru_runoff,PER_2026,PRE_ELECTION,0x62ecddfd66cfe53fe5b444855c914247aedf29396f8ebd3373925402afe4d16c,1656497,PRESIDENTIAL_FIRST_ROUND,28477229694919355015404054701807015326788104063540844884548739914181740932043,19237707404503420737158021917275251001399539248401497264663452504866554205605,false,PRE_ELECTION_NOT_USABLE
peru_runoff,PER_2026,PRE_ELECTION,0x655efe3c27db7b67ce2ed887cf090382b97ef58e3fdcae1a5be8b7b91b8f38fb,1656647,PRESIDENTIAL_FIRST_ROUND,77170949983561020924071252726702386119367884110948908019044083084762986404835,4126152831700975226958991891424965942768588777902285875461780025059948902898,false,PRE_ELECTION_NOT_USABLE
peru_runoff,PER_2026,PRE_ELECTION,0x65a4face198cfc34611e388f305d1a1d800cc9610f4bc29de7648aad37e85833,1656616,PRESIDENTIAL_FIRST_ROUND,15269885001159465269385057662890717849729428793838226746163272579676842464343,72679211952832559510545639405872442588593499845843340084648765514853535566114,false,PRE_ELECTION_NOT_USABLE
peru_runoff,PER_2026,PRE_ELECTION,0x68028eaee3457027da9bf87982822a90d8fb204698edabd8c65228b2b5309359,1656489,PRESIDENTIAL_FIRST_ROUND,66160597150125005813025761541846011381565523352751523634952308575326581061336,106611322194616005763814414170843834957028174432922581807267895665544442870992,false,PRE_ELECTION_NOT_USABLE
peru_runoff,PER_2026,PRE_ELECTION,0x694bb375a2c1ab7eeced24a3adc916938a8c649d421afc583de7942a79d9ac93,1656491,PRESIDENTIAL_FIRST_ROUND,60202244459212891400310873267914170276813289134934501079034275061280387392168,28778613035752203901149969479689564526003621630380281288539601229400719653943,false,PRE_ELECTION_NOT_USABLE
peru_runoff,PER_2026,PRE_ELECTION,0x6a58844c4dfdf677adb5e20bcefb851833cb335210e139ce37e63482e0679617,947285,PRESIDENTIAL_RESULT,106149607129123969375875674066349472207365000320829658467476477807489090216657,14969516031563090270424765470423878757708232459011022842222939621886930920110,false,PRE_ELECTION_NOT_USABLE
peru_runoff,PER_2026,PRE_ELECTION,0x6b7c917854a1b60cfccbf500f6fcfe52b02a9cffdc7255db0ae523f1b99d13e3,947298,PRESIDENTIAL_RESULT,48001836685838243403631083225691634640603844570321145475000594824841338214434,31740843303184891681924494883386194716189013801794494288204007649435969967194,false,PRE_ELECTION_NOT_USABLE
peru_runoff,PER_2026,PRE_ELECTION,0x6c68ce2edd28f995a823173ad0b148e617f97f165d89e6fd2587b4566f4c4e71,1656614,PRESIDENTIAL_FIRST_ROUND,53312187574796522171335088540162798712735610967260709509781916221689617443896,100620895053851362808677813988879397166237625834079272579937698901334391675384,false,PRE_ELECTION_NOT_USABLE
peru_runoff,PER_2026,PRE_ELECTION,0x6d5a84ef293382be06feb2bc6f85ec1d967e177098622ea190d95b7782d34146,1656508,PRESIDENTIAL_FIRST_ROUND,4476380522559557342610564135628786143487151331851721655561883233809770098101,49076386768982225115298701094140221905224162777787814946900375050735942509247,false,PRE_ELECTION_NOT_USABLE
peru_runoff,PER_2026,PRE_ELECTION,0x6ebd86ea338e324343544dbd541263f5577d9efc66f11be8dea3bc2d14f4aad1,,,,,false,CANONICAL_YES_FAILED_CLOSED
peru_runoff,PER_2026,PRE_ELECTION,0x6f0b9e1c094bb7078e701286ec59ceb3716145fd91e06edc1b401037c06e794b,1656659,PRESIDENTIAL_FIRST_ROUND,80140785028320777161112164733118312662803177273475812044295157019920791918573,99832617644461320335763406620957162140896488614945366985839515766941160697420,false,PRE_ELECTION_NOT_USABLE
peru_runoff,PER_2026,PRE_ELECTION,0x6ffe7fcd3448d3543086fc7dd4f43850fbdf047afde2da76474b370c24c9bfcb,1656681,PRESIDENTIAL_FIRST_ROUND,71933129824535956235631440810859871143588363317792701888378323307163374102119,63513787942243084939008044642933927662920608119037457224213978525620876683544,false,PRE_ELECTION_NOT_USABLE
peru_runoff,PER_2026,PRE_ELECTION,0x718b4dc215cc619fe202f7769c6e46c6868fa6591878549d66b90355e15ed01e,,,,,false,CANONICAL_YES_FAILED_CLOSED
peru_runoff,PER_2026,PRE_ELECTION,0x756054f7366dcc97ccbd53e7400bd3e486c4576fc5e205e6b219061958a35c47,1656578,PRESIDENTIAL_FIRST_ROUND,36168214845206734819408814725147371491609603719556167296553036976571721607076,27944683630665738047685111873380162544128543245237967503547958697137742366915,false,PRE_ELECTION_NOT_USABLE
peru_runoff,PER_2026,PRE_ELECTION,0x75f8b593544f1132e30d9908c57f44ffeb287499d9cb589dfa6cb9bfed23183d,1656076,PRESIDENTIAL_FIRST_ROUND,18022990443329283605600134695379844619365883714586064757823373488797728403012,111159599771883628392694226025938454986424718279763532009218944624093465409275,false,PRE_ELECTION_NOT_USABLE
peru_runoff,PER_2026,PRE_ELECTION,0x7630e4e68082fe2e8885ac490b61841cf1e28caa6af45f481c809eb6d8fcc1c8,,,,,false,CANONICAL_YES_FAILED_CLOSED
peru_runoff,PER_2026,PRE_ELECTION,0x76ed1542e304be8e7f8b03eaf9293aae7139d4fa30741a6762833763f76c51ef,1656676,PRESIDENTIAL_FIRST_ROUND,18712957620523210747619990987974943077830254157284274182216538823025759969974,99353367238793176774638043494826944591224881329063693475998772542667774774805,false,PRE_ELECTION_NOT_USABLE
peru_runoff,PER_2026,PRE_ELECTION,0x77d052cca87a43a5c9e278582c2b34ed228ebfd8cb94168d4ba4e7759c913d7d,,,,,false,CANONICAL_YES_FAILED_CLOSED
peru_runoff,PER_2026,PRE_ELECTION,0x78f5630bafa15147941daa2fd2926b43febe6af1544cd9d8527b226914f3ca11,947273,PRESIDENTIAL_RESULT,9682518067153576122489405729520126083014940106724522567955145436832495666332,39116255474725201116938242776380787894386932760243104501094014247828169063490,false,PRE_ELECTION_NOT_USABLE
peru_runoff,PER_2026,PRE_ELECTION,0x790d04324ceda5e7fd3b2e62cf043d45b74a9d88921b6b250212d0c9b8ba1afd,947284,PRESIDENTIAL_RESULT,79792255824743933242473584104148817428360729889676194064736978155093841181512,84111261424138725920819001498152283086592130527818581691512605079488523639157,false,PRE_ELECTION_NOT_USABLE
peru_runoff,PER_2026,PRE_ELECTION,0x7965575591c9229a2c75c881555403f5e867cd5759545619d8ec061b2b08135f,947279,PRESIDENTIAL_RESULT,78299862190151688660680397893688466572696604800286917240516494924076147885439,41096463624503861532466033221737024440959770389240094367827254704799007044828,true,
peru_runoff,PER_2026,PRE_ELECTION,0x79879ec1f3baa9e40ec709b8cf80b2808f6f55920c31a6cd4fa249f6e9d5be36,947224,SENATE_OR_UPPER_CHAMBER,8841508247493149090572045971327991291897288425911692193387659098920616934960,5206236671908770956533322859581263525961893951235820324690244172816002300176,false,PRE_ELECTION_NOT_USABLE
peru_runoff,PER_2026,PRE_ELECTION,0x7992be6bdda4f7ab2224831f9bd7cd3192ccb9c02640bcf61ff6c389f7cda056,947226,SENATE_OR_UPPER_CHAMBER,21548267063852344197294411394442203429665465067575113504945752859692538216489,2303465978890391870026436364182166843171422434239795876553072163138980816397,false,PRE_ELECTION_NOT_USABLE
peru_runoff,PER_2026,PRE_ELECTION,0x7a1561e746a33e811a736d9f6051b33c3e93a7034fa6697c085e6eb583d353cb,,,,,false,CANONICAL_YES_FAILED_CLOSED
peru_runoff,PER_2026,PRE_ELECTION,0x7c67fa47ca157b99813c44719e80a78d085b2f24978debf5b6894342cb925716,1656604,PRESIDENTIAL_FIRST_ROUND,62955396929202244050987317418324544224250146712129313833468518758954137004519,17950827891635046728148544443765550179069394862481341758595281644614441491772,false,PRE_ELECTION_NOT_USABLE
peru_runoff,PER_2026,PRE_ELECTION,0x7de48a6042551ed9a7b5a66a521fef2c737508f88e2e806a79fe42424417b1fe,1656108,PRESIDENTIAL_FIRST_ROUND,92678766736509866439096640432420122791284016386572301981119297893027046647336,57209002243517499896023466931942039317155130715969048094671965789217747049148,false,PRE_ELECTION_NOT_USABLE
peru_runoff,PER_2026,PRE_ELECTION,0x7e507354cd91f6fa0e6fd304481a4c623d46f95dd898399705aa87fd639939d0,,,,,false,CANONICAL_YES_FAILED_CLOSED
peru_runoff,PER_2026,PRE_ELECTION,0x7e54ac62666223c780c0f0f6a9aa42e255c9701b3d2933055a01f9e1c6e32ef5,1656600,PRESIDENTIAL_FIRST_ROUND,85510503821345864429450440223161346863463140676628716636784836273988204525431,96168932802019771214531994430827360749179395851802681107563446944724739805187,false,PRE_ELECTION_NOT_USABLE
peru_runoff,PER_2026,PRE_ELECTION,0x7f6a29b631d9470dc64853abd5c6a12c2705933d31aab6fb729c923dff4ab7ac,,,,,false,CANONICAL_YES_FAILED_CLOSED
peru_runoff,PER_2026,PRE_ELECTION,0x7ff3358caa9d675558bde5c54a7f69ffb5597a8962c9171397a00cbba37fad6d,947249,HOUSE_OR_LOWER_CHAMBER,57833085672651787358627917822717588852962283260386259384993601239329477191467,9186486492289786649466889060688445082313065122826386244014573585285508972551,false,PRE_ELECTION_NOT_USABLE
peru_runoff,PER_2026,PRE_ELECTION,0x8042f9bc5b551b136dc8f5911ba32101fddbb6f0abf307d4ff5827d020f70b5d,,,,,false,CANONICAL_YES_FAILED_CLOSED
peru_runoff,PER_2026,PRE_ELECTION,0x80e91f08bda2f25782cf24ccc19afed05193dcf19c19a8b7b4c869c4489e768b,1656671,PRESIDENTIAL_FIRST_ROUND,3956562691065967164380016937151075911028423873541769283700894435593024392615,23031593593238681211583031352468454936403988471344517885631737838088988538721,false,PRE_ELECTION_NOT_USABLE
peru_runoff,PER_2026,PRE_ELECTION,0x814e9e8e97b4e2d80d464130fbf5b39ac3b284a80c033a79dddc9c6b31cc450f,,,,,false,CANONICAL_YES_FAILED_CLOSED
peru_runoff,PER_2026,PRE_ELECTION,0x81716ba8fda2e560590eef2692690bb105bd24e627941f79e8143fa0445a62a3,1656505,PRESIDENTIAL_FIRST_ROUND,3008915957565341679572461105942327420545512811572998717426010073109498192030,73730696589848077180352081325250078579205513067287569168518605029166057079343,false,PRE_ELECTION_NOT_USABLE
peru_runoff,PER_2026,PRE_ELECTION,0x81f7bb14105bf7e539517d286c31ccc8016ee82c26e443d90d28ef05382fa930,1656525,PRESIDENTIAL_FIRST_ROUND,51955104706219760935498657930228586948089738957155028470747915868786153696072,10175891504459102109019792798495557174475835637420081782582631616087607489696,false,PRE_ELECTION_NOT_USABLE
peru_runoff,PER_2026,PRE_ELECTION,0x82170dca58986ff34f6000f5a397a8f950f51cb5088012242f1eddf2cae3a85f,,,,,false,CANONICAL_YES_FAILED_CLOSED
peru_runoff,PER_2026,PRE_ELECTION,0x82425bc0a3f62b018a880a3bc847133625015f2d710c111a39788e833126059e,1656090,PRESIDENTIAL_FIRST_ROUND,46187813824060621698569480451251285923297185073512332679589460879452032629076,16396777935399471171335907814302696578120785593906410609141830723884146033827,false,PRE_ELECTION_NOT_USABLE
peru_runoff,PER_2026,PRE_ELECTION,0x828f0240553f9b3c5346b58cabc03454319febcbb45d63cff3c35e62f73921b9,1656617,PRESIDENTIAL_FIRST_ROUND,58648725199867592408578643745514035016792388762481898752898825888108067962550,53898771932988102642643028208667661649179467295209610908065868250152550885765,false,PRE_ELECTION_NOT_USABLE
peru_runoff,PER_2026,PRE_ELECTION,0x82d5ffbcda5dc4cb5039bd59224c732c465dc6c052af3257f38055e8dc66b0bf,947276,PRESIDENTIAL_RESULT,68553529382068345183582892420839184781828369905058541872190738963134845555492,25777483678068537216302564805867161972132517562255796698395298673113246094964,false,PRE_ELECTION_NOT_USABLE
peru_runoff,PER_2026,PRE_ELECTION,0x83b661c9e68dde865ac656f20a57572e7168239445bdbde65ea6665b7a4100e4,947240,HOUSE_OR_LOWER_CHAMBER,74500083728733584148299358961366660865158287035584890847432809281060790985243,25849494491520025004325601421985442513414260041923434930688729800422032150147,false,PRE_ELECTION_NOT_USABLE
peru_runoff,PER_2026,PRE_ELECTION,0x84d4ec83244de33efd992beaf5980c6e5adbe8861850af5904b2540faa8d688c,1656653,PRESIDENTIAL_FIRST_ROUND,79098213769192995828277190629595627810113214331482712674050603613261822999884,75612176731043948188647222893300742347420481463028469527804333876934854892243,false,PRE_ELECTION_NOT_USABLE
peru_runoff,PER_2026,PRE_ELECTION,0x8597636da5c88fac4cde994e5766b8942447566954371a35aa14ee3b600f1738,1656067,PRESIDENTIAL_FIRST_ROUND,75570012865475719929842556760742549668199450147011073843273436256166271010980,92694699130916384128185282165488976785171203946038279125700031826528816268106,false,PRE_ELECTION_NOT_USABLE
peru_runoff,PER_2026,PRE_ELECTION,0x8632d968a446553e44b08c9da139c3b8d093e79a873c2ea1b859e84bb1365a1e,,,,,false,CANONICAL_YES_FAILED_CLOSED
peru_runoff,PER_2026,PRE_ELECTION,0x87ffd647d774ae3042e5aab6b519da5fc9951dbbdac36c4a2c9e9c78e2e95daf,1656674,PRESIDENTIAL_FIRST_ROUND,73674887830687673221508573366816418104037721663266941501971372939729142687097,4194194192835091124731608659712017243036275498571202637422965856866566417428,false,PRE_ELECTION_NOT_USABLE
peru_runoff,PER_2026,PRE_ELECTION,0x88ea450ae9e9ffcf378d7c31538f6a0b460edf81e89bdd0124b53901d1fa074e,947252,HOUSE_OR_LOWER_CHAMBER,67906182462394896231327744094979404462710776445221043858980719516848050336620,6303773219959594879861061442956984047091172851970512098508049540383870642137,false,PRE_ELECTION_NOT_USABLE
peru_runoff,PER_2026,PRE_ELECTION,0x89036c378fa58f1e5ef07f42abaa3da60ed1d383b3986b2019005f54f6d00caf,947236,SENATE_OR_UPPER_CHAMBER,99686359086306145390701715937694251909831340731667208920978385026662076223651,83476937279274665285102795882127792136204274879828011609529670309854373271202,false,PRE_ELECTION_NOT_USABLE
peru_runoff,PER_2026,PRE_ELECTION,0x890e42f02a492c38dad5ad7f4b29eff4d728cf8c4e058de3fb05f0f2dd310abb,1656522,PRESIDENTIAL_FIRST_ROUND,81256551284270693979321722920472588940427327317897682458617365343062072417513,81376585702721771532209205422458586524564048771753332805067591033606027579101,false,PRE_ELECTION_NOT_USABLE
peru_runoff,PER_2026,PRE_ELECTION,0x8a734546fad5aed891f291fe595aba9d53dd7ed0b83e017ea0dd66a29b707475,947258,HOUSE_OR_LOWER_CHAMBER,33027571364325727076398521759420402314018493637265067505601509820459598018597,34839627488565958704171961288698401466653884279700173632444462704557591361317,false,PRE_ELECTION_NOT_USABLE
peru_runoff,PER_2026,PRE_ELECTION,0x8c64594d9b0538d259920162959a43dbf5fb055c49c1aa049d9003dd6952611f,1656103,PRESIDENTIAL_FIRST_ROUND,82431167838501357265575792077167948980173351567615061710087257087476905749445,107473763613324691971875164918806443096552238361078600272514070478798539282476,false,PRE_ELECTION_NOT_USABLE
peru_runoff,PER_2026,PRE_ELECTION,0x8d0e1877a90ae8a8a82d58802eed21bc5b74554fde0e4ef240a8409b6f143262,1656591,PRESIDENTIAL_FIRST_ROUND,67152332531720263429770959908532645283024428368763997192947586338254024758255,8519513567012886077801771173017562287773236217106680896356166240797971565846,false,PRE_ELECTION_NOT_USABLE
peru_runoff,PER_2026,PRE_ELECTION,0x8e63651ff842a838f708e3b73da1eecaca9341dcefaacec092b011bbe4c90f00,1656543,PRESIDENTIAL_FIRST_ROUND,3369903743111264306605732789602208532654873627646751127217117431458849885823,37825226423076123323767101448613129347878501948346856159783411060186211333432,false,PRE_ELECTION_NOT_USABLE
peru_runoff,PER_2026,PRE_ELECTION,0x902e8a5b57fa0bfd79625ce7babf14ff76ce7d355e173486f3769d9f6e6383be,1656586,PRESIDENTIAL_FIRST_ROUND,71685327812851141828166351708478327534607110580569554786632690063505069928348,90317924707202114018764559598129239453951542885223079373513296740346935565169,false,PRE_ELECTION_NOT_USABLE
peru_runoff,PER_2026,PRE_ELECTION,0x906a65452c3d74daa060ed61fa00f235145ca56edc115d59784722c3ac71c239,1656523,PRESIDENTIAL_FIRST_ROUND,113260272792148233680833024224048783212631439438069029223231530286980846540923,21039921743796724780027391648426554888350174972913876680638170723670587050033,false,PRE_ELECTION_NOT_USABLE
peru_runoff,PER_2026,PRE_ELECTION,0x925a6d3f369d56c9499a491f557f3989698b7514bdacb01bfb76c4764dff83f5,1656605,PRESIDENTIAL_FIRST_ROUND,71759967624281095633798090692718093254032609619640556918047908547698239099243,90466961293689191511350004608721693880378395141219681072084928230506987237470,false,PRE_ELECTION_NOT_USABLE
peru_runoff,PER_2026,PRE_ELECTION,0x92f213dc9f591c4dfea99f8fe3dc9e63a4156c04d922be40edbecace540cc78b,1656608,PRESIDENTIAL_FIRST_ROUND,101038419348889095943424373003329275351208430570240187612166616373518838513576,44521916093623726364888688452271150819171511208065932972704347549091876384472,false,PRE_ELECTION_NOT_USABLE
peru_runoff,PER_2026,PRE_ELECTION,0x92f925b3c8c2c17f2b250e5fc2bd2efc4ed73450ca4f503c658286627c63ce07,1656638,PRESIDENTIAL_FIRST_ROUND,103918207436665029639828041290061263988171837996219233187467653519681594764146,6052034010456160681877572047311139631588712438727540789175406731197647033553,false,PRE_ELECTION_NOT_USABLE
peru_runoff,PER_2026,PRE_ELECTION,0x93fe9d5ddef61d65a55671b8614045f256b00728b41685afcd9233013414396d,1656541,PRESIDENTIAL_FIRST_ROUND,89926570021269153150158732327299603523543737206883035197218263891624826749228,61753513871338818838697508246554063820414411109849125227601785350879175466100,false,PRE_ELECTION_NOT_USABLE
peru_runoff,PER_2026,PRE_ELECTION,0x94bd997304da0c9f10bab538756814a3a5ce26bd28cf72343a9a5058f58f4db2,947227,SENATE_OR_UPPER_CHAMBER,108558721460657856931164500269543846812498772937130524933036124977877392070575,68984052105422651419562141854742199065969997437126650041092515850170302805067,false,PRE_ELECTION_NOT_USABLE
peru_runoff,PER_2026,PRE_ELECTION,0x952da17df020b977013ef0326327f6278d059f6fa14233434bcb3bdd3be9aff1,947310,PRESIDENTIAL_RESULT,97284199732094555587429981781719656091917418680948022208865602570892508303736,59040259268077156238843663571333760902368799491794882679329919197960567770112,false,PRE_ELECTION_NOT_USABLE
peru_runoff,PER_2026,PRE_ELECTION,0x95708bc5698ecb92f1bde8a8b1d80d97d544cb24c7a3f5b8789edc49f2ada15f,1656621,PRESIDENTIAL_FIRST_ROUND,69346887084316245560150235240727384567674974662348775476578711106340787220926,77169823606465725664035244949655785993591922887126513850212140147740352550207,false,PRE_ELECTION_NOT_USABLE
peru_runoff,PER_2026,PRE_ELECTION,0x96e5650cc486767b4366f7446b4fcfe378fdc2cadec02cc4f298bcb4d7e7c174,1656622,PRESIDENTIAL_FIRST_ROUND,24543501050226221119548424583924316563428854742674495445305257515728728474341,96265078156104957717169920936428007462799549605586036854114469450348575312251,false,PRE_ELECTION_NOT_USABLE
peru_runoff,PER_2026,PRE_ELECTION,0x9711f881f44c8965ad7c849fd9b441fa7eb6e5606f913b376e317b77a53b0fa5,1656486,PRESIDENTIAL_FIRST_ROUND,84463073346607350633420220106720408017145401196054649806026567535577655550129,49490741095745341170497154245967230041533324469598883157541074054378190933316,false,PRE_ELECTION_NOT_USABLE
peru_runoff,PER_2026,PRE_ELECTION,0x97305428c1a06473513068dea7f724765c30c1c866700d752aed1b1957c8e9a9,1656609,PRESIDENTIAL_FIRST_ROUND,72844126215573010595912063873230189585339943954309485994297298962447376747294,114680482440779702166097337749943224870482549879306904907775664487360483593628,false,PRE_ELECTION_NOT_USABLE
peru_runoff,PER_2026,PRE_ELECTION,0x974dcbcce5e8186e0e273065a60675bc17617897c395eca60478d0c49f80718f,947283,PRESIDENTIAL_RESULT,101000035200953616880452761567806635979587850958431667672433526557328036615568,53495956205730282746694729217724329368493486274887420191011592757675411968575,false,PRE_ELECTION_NOT_USABLE
peru_runoff,PER_2026,PRE_ELECTION,0x97bc6f7e015756c513645ce90ad06d32135172b83ba1b445ddf67c53bfd534ad,947303,PRESIDENTIAL_RESULT,71176174423151280197164247918860341160808955229121022028107133176582980047775,101030202834440662988913344010152865826725402430067992434698884834482265873513,false,PRE_ELECTION_NOT_USABLE
peru_runoff,PER_2026,PRE_ELECTION,0x97c15902892cb52d8b2286572b0486ca5c87144084de5e338e371258bf56533f,947292,PRESIDENTIAL_RESULT,115494672493172005086216674575987368212947598299640166671686168243542814875282,60529060284495320533757248116006809136770496517347229181201557236634315522342,false,PRE_ELECTION_NOT_USABLE
peru_runoff,PER_2026,PRE_ELECTION,0x9b14ba5cc37a35c0db2c9849e631d98195670be4a0f91233a81529f22a7a5949,947271,PRESIDENTIAL_RESULT,96778993542273611384637311499081700062825144626170214374801025348770797572532,100472508023081440560680031809444924589131301345606759263347656652296915854670,true,
peru_runoff,PER_2026,PRE_ELECTION,0x9c5cc21a1553f5a750d607063c963851d684205d020a44a498b401582dd4430d,1656640,PRESIDENTIAL_FIRST_ROUND,103999159301680039906446069571846387207780055578205767519431146672749000897271,20791799237447660076487909304890552961452027394265360103915636271876750157772,false,PRE_ELECTION_NOT_USABLE
peru_runoff,PER_2026,PRE_ELECTION,0x9dcb8374d0a213115c345835b7c72ca962d6145434737d94525326ff6edc2e8f,1656515,PRESIDENTIAL_FIRST_ROUND,79568959319501438957002355410731606383617523946375111581865855000426799895461,10451738842994488174147939054890873024631908654845206423388610893574915050504,false,PRE_ELECTION_NOT_USABLE
peru_runoff,PER_2026,PRE_ELECTION,0x9dcf2170db118484ea53fad9e0f35706619f0360bfb01f99b252e3c8999486a6,947294,PRESIDENTIAL_RESULT,114922109877354768386490877891875068354191818109176886465769521979033065664033,93065995192544024026106738965032156052925974398703599795445635537672220727831,false,PRE_ELECTION_NOT_USABLE
peru_runoff,PER_2026,PRE_ELECTION,0xa089364d920da75466335299e536308a6fb38e3b59059ea9e94a6d302804278b,1656089,PRESIDENTIAL_FIRST_ROUND,37712213738726239236255256031839566332969194902715067167673570155296364625434,62303112552776893947273447903818107018226721912370506490314239563638930018686,false,PRE_ELECTION_NOT_USABLE
peru_runoff,PER_2026,PRE_ELECTION,0xa24a092311ee387cac6575fb4f28acd8b4a33af7cb2e2a1c7160c44d862598ac,1656501,PRESIDENTIAL_FIRST_ROUND,81880087461263811453320715952811578298376131435413769490514018097499933994450,12599778276039107379297901439798586628136723113955885791368793992111789681771,false,PRE_ELECTION_NOT_USABLE
peru_runoff,PER_2026,PRE_ELECTION,0xa30948990ff884b977a1149d18c82479766bf02892d3894587f3aae086c00ea6,947259,HOUSE_OR_LOWER_CHAMBER,103361674488796196138624663224952706162528065265720624272755365511845139895212,18714058701960875652376344900190026010419254800221875002833863628794954066926,false,PRE_ELECTION_NOT_USABLE
peru_runoff,PER_2026,PRE_ELECTION,0xa3ae9e0f502b62165675943c25556a1092092be3d0c6ea28b3f401b5ca9b3801,,,,,false,CANONICAL_YES_FAILED_CLOSED
peru_runoff,PER_2026,PRE_ELECTION,0xa3cbcad17010b2aad8be838d2338127126a9ed153d7b927b4a2376be4d733d21,1656488,PRESIDENTIAL_FIRST_ROUND,25574254145194799856287003372086817166650160581120494452360276964318500343213,1070130149431520454324195571894890241870607355200225570109619843269166778308,false,PRE_ELECTION_NOT_USABLE
peru_runoff,PER_2026,PRE_ELECTION,0xa3f1f3ba3aa91a85a29ca81efa4aa299aad8b9ac8583b32d1ae021e9fe006ca9,1656665,PRESIDENTIAL_FIRST_ROUND,4898564463648264280709164576171867641081100534166134879529750310228502064832,55026837141382353587915137738505417949761454715753159906245591980221025313993,false,PRE_ELECTION_NOT_USABLE
peru_runoff,PER_2026,PRE_ELECTION,0xa40c298fe831b9452e9b9397c67e07ea407e9731fd975ad5af8bba6851bb3284,947293,PRESIDENTIAL_RESULT,80329527945902462769630161057517925515139502584648320740456614607282512052183,58297061751385821324452589710511228842395924274990679355593812386997716736355,false,PRE_ELECTION_NOT_USABLE
peru_runoff,PER_2026,PRE_ELECTION,0xa44566e684a257c0f0c2a6416edf100722472ca3ecab7ad3222db79bdbe9f3bc,947220,SENATE_OR_UPPER_CHAMBER,112876813940775838985582641130448954435303590576774760274731014125978645124676,36061938192678248985354904225895392778162626073423259693907563475776493805243,false,PRE_ELECTION_NOT_USABLE
peru_runoff,PER_2026,PRE_ELECTION,0xa44b4a6a44a46dec47b4faafa8eadd8f7507a55d4b02d9b947ad2d5f67ee8415,1656585,PRESIDENTIAL_FIRST_ROUND,19146079744322526138512056516487125059262969631633211386671520280839992264707,36755328477973024458552421157346636748144248574145898470443122322280750198145,false,PRE_ELECTION_NOT_USABLE
peru_runoff,PER_2026,PRE_ELECTION,0xa61438a389267c7deafc9d04cd6d0dc597d70253eb94702c0f5be458d75719a2,947274,PRESIDENTIAL_RESULT,31366905060250352809933074814832465062746377846325454298457938183906229951978,58313658732966216375348509995594475587541642658522212146544390950518831262677,false,PRE_ELECTION_NOT_USABLE
peru_runoff,PER_2026,PRE_ELECTION,0xa768375b7cc1b3e1164989b3cf5794c59bb901da4895eb72852b897ad7450986,947250,HOUSE_OR_LOWER_CHAMBER,36607004145052696763577577535097399257183097494145798150493796090313077730987,23199190709215337376785917864966704354505440355808695111428190550601826041447,false,PRE_ELECTION_NOT_USABLE
peru_runoff,PER_2026,PRE_ELECTION,0xa7b2c6bae0676769ab1d419eb3c0b2156d7a57104a3b735fb4f071b85c3de78b,1656648,PRESIDENTIAL_FIRST_ROUND,94959390391844360680415016332173740686210384968797549951540874540233104579774,51571572303119937878593891490597215034625428615435073653477474051349361362758,false,PRE_ELECTION_NOT_USABLE
peru_runoff,PER_2026,PRE_ELECTION,0xa85be4e7d08d6bfcf2222e842aaaae53100c24ef6ff27a00370836b361a71995,1656099,PRESIDENTIAL_FIRST_ROUND,45785443852042938755726284642969736353560439529164909831903697068515960419696,79146284023583434619105592802584756522962546623944019444111222829569563048767,false,PRE_ELECTION_NOT_USABLE
peru_runoff,PER_2026,PRE_ELECTION,0xa86d9a8bd89aeaa5c9811e3ec7df7f1cfef7ef051458102c81675ea9833a6017,947300,PRESIDENTIAL_RESULT,59154836693879455888153975881155818194488591184787303957648737523196630077827,39099591022798542229436995963714046055088149627170235369752657409150562797688,false,PRE_ELECTION_NOT_USABLE
peru_runoff,PER_2026,PRE_ELECTION,0xa8edfe55964eeff0d37f538b3ea25dabf77246ef939a34372c5e94f87723f144,2483768,PRESIDENTIAL_RUNOFF,12893854908051185570068288809703624587236188707472832147545254719362960657080,57362621961597627057940464582144968106892950722790052002061621258150779039689,false,PRE_ELECTION_NOT_USABLE
peru_runoff,PER_2026,PRE_ELECTION,0xaac611149128256883650fb703c24dcee3a2c3006d14b5f5f9e74acb46d5af36,1656657,PRESIDENTIAL_FIRST_ROUND,15538885939273101088219845483763949035816295406078351786451603255915083166705,17411284561196948581739667225696574665054724919651988025417012532845170682735,false,PRE_ELECTION_NOT_USABLE
peru_runoff,PER_2026,PRE_ELECTION,0xabe02ebad9fb7877998decbc2c5b34d0db8d28c236271e05fa77948a52e6ca2c,1656679,PRESIDENTIAL_FIRST_ROUND,53457361903698102256367304376172497737821723459756289951950432998367172952205,2511818357933258160942377612497424819509450510473866146378252398275008426926,false,PRE_ELECTION_NOT_USABLE
peru_runoff,PER_2026,PRE_ELECTION,0xace20e425294b55e50b6f0a1bff4c5bfdae2192886e006de161fbf5cbbcf7392,1656683,PRESIDENTIAL_FIRST_ROUND,22926419017393633230334080048689169121233493571626871033849752705764162270498,19753277579303136311462164196696552822647734433841494761127645246410392032424,false,PRE_ELECTION_NOT_USABLE
peru_runoff,PER_2026,PRE_ELECTION,0xae6d3d20bc8f742922dc40880cd8a8671c10385a9912fa7cd670fba0643dfe96,947268,PRESIDENTIAL_RESULT,91464516107556165907566387619157396733019262339196802152206657889196699256450,25945415793931624559794421130954173506522916582203134613102786444988212496867,true,
peru_runoff,PER_2026,PRE_ELECTION,0xaf8ef6e8f71e7019a8918f5434b6733ff5cbec30e2ed2ecd050b4a8c1b2eae0d,947297,PRESIDENTIAL_RESULT,7499127960390188494581583623973520256130934937673017679049717147681771389244,77382194473649992598276798887109433667407944532823831514954974238601785232446,false,PRE_ELECTION_NOT_USABLE
peru_runoff,PER_2026,PRE_ELECTION,0xafd705682b311b6f65bf4a9610cfca2156ffe03c08cfe14106a1cb7b4d97bedb,1656502,PRESIDENTIAL_FIRST_ROUND,83569424471152470187050668086916894166241198094969309162593306540377507661843,81219124492410273916138308771127525500198453268008530121200038337404445543836,false,PRE_ELECTION_NOT_USABLE
peru_runoff,PER_2026,PRE_ELECTION,0xaffa1105c3edea739de24097256362916fa7f776070b54ef183d9dc64a122122,1656070,PRESIDENTIAL_FIRST_ROUND,113471315542367696914255759753979316530891306966705552842385732297475108230335,106792171343020133076202709341589458314443687402088858556416304979718778937015,false,PRE_ELECTION_NOT_USABLE
peru_runoff,PER_2026,PRE_ELECTION,0xb061aadaf93714d7d092233982bd4316e454734b4710ef10795f18787e8d33f3,1656111,PRESIDENTIAL_FIRST_ROUND,76431769741870922058286459131002679696348675442472432414890037234101134959078,61564268658360822820664163198538702814580440614021856394260002393997307446220,false,PRE_ELECTION_NOT_USABLE
peru_runoff,PER_2026,PRE_ELECTION,0xb06bd8cd9693172502d649f157283cf4d6b15dc6d595495eed33b70e94b6565e,947286,PRESIDENTIAL_RESULT,71309235606705427471164237240934647738660821324581969500721476070843942340004,27410837348419791135166490910686797212346907507240863707906587999545656096009,false,PRE_ELECTION_NOT_USABLE
peru_runoff,PER_2026,PRE_ELECTION,0xb0c54f1629581fb7c6e50613328ea11636853a581cc158d94c33681edfd3bfac,,,,,false,CANONICAL_YES_FAILED_CLOSED
peru_runoff,PER_2026,PRE_ELECTION,0xb33d7915ed92398557e1e5479c79a2ad09949a8c7d37ae348471d981d67d2219,1656509,PRESIDENTIAL_FIRST_ROUND,40872800818599165271399779016075588873926268590845448987100983648327678279854,66719157446975530806866874577710384616272221180141036902458647265655328659656,false,PRE_ELECTION_NOT_USABLE
peru_runoff,PER_2026,PRE_ELECTION,0xb4697c399fe33072b2738e535e26142edce765497eb20424cc43e8a19bf48293,1656081,PRESIDENTIAL_FIRST_ROUND,32672079512210303693577214584517169257850122946956824230914460334034311356951,108202103821340449157006304204397936311454415596985732636968019824288355691572,false,PRE_ELECTION_NOT_USABLE
peru_runoff,PER_2026,PRE_ELECTION,0xb4e9927aa079fd09d5db095f284081cebbe4d1216f8c8982a29ccd8a33213add,1656083,PRESIDENTIAL_FIRST_ROUND,1271479036853795490387104219237632265476494936201737259577517328115251313927,2586302298670036831252550425306193484335773700855650415586902178061979064697,false,PRE_ELECTION_NOT_USABLE
peru_runoff,PER_2026,PRE_ELECTION,0xb4ea030a8092c6ad55991b626eb6df0911a29aa338366d9601c0106a1bed271a,1656528,PRESIDENTIAL_FIRST_ROUND,69729546243743258999676935103483278430319848512218722725017635129333869823683,1881221706647781256832050766505586268960662312446239288051109705998459346113,false,PRE_ELECTION_NOT_USABLE
peru_runoff,PER_2026,PRE_ELECTION,0xb77ed2ac22a81f7179a1fb97a198547ed52c658ccf31da7ed0690b1fe40e8461,947254,HOUSE_OR_LOWER_CHAMBER,101480419889743881306044690312614618349757255842444458866844395377323695020908,65959797332331599577100404131739595748844945121607705172812248881638378213156,false,PRE_ELECTION_NOT_USABLE
peru_runoff,PER_2026,PRE_ELECTION,0xbaca6ec0fd213cd34c664e85e8142cf8b3944dc9a83ec7e1fdfc8dddca0bcc0b,1656650,PRESIDENTIAL_FIRST_ROUND,112641039176789137137910166760880168883108281711640622679360549516033282602539,43187610880916152434386341539717308136812548024990763248464523308814230778674,false,PRE_ELECTION_NOT_USABLE
peru_runoff,PER_2026,PRE_ELECTION,0xbbada8e75f85c15b5aba430f687d20590c7cbc1eca0b608d6f59933097fc8b02,,,,,false,CANONICAL_YES_FAILED_CLOSED
peru_runoff,PER_2026,PRE_ELECTION,0xbbddc666689792c0ff9b15c11e83ee1836ab7a7b0556220c96b2862dce5e1cf4,1656101,PRESIDENTIAL_FIRST_ROUND,40087824987903192832944283762407927664365837335021942880062043890063657528920,75436844820252411804929958569742432044670542859949764448477329916490191238630,false,PRE_ELECTION_NOT_USABLE
peru_runoff,PER_2026,PRE_ELECTION,0xbbf49facbdbcca98d7375491199d77f48a4b1eb09c0ffb40d2db720b80d74ba0,947230,SENATE_OR_UPPER_CHAMBER,59342937992282280342765858979482780514247175533021397702887991268764067849161,21104528498661810603880267286148253758791230697707733083672011338017467517410,false,PRE_ELECTION_NOT_USABLE
peru_runoff,PER_2026,PRE_ELECTION,0xbc5a5f0f3d0a423fe85c57c375aa574654820c13314dd7396fcd1bc91dcc9660,1656533,PRESIDENTIAL_FIRST_ROUND,13264520963567909611072511439264934060714641037803715757391915429955800188891,45193312713935096081405284068701653428314251168236510575473244766733195690707,false,PRE_ELECTION_NOT_USABLE
peru_runoff,PER_2026,PRE_ELECTION,0xbd2dc774207eeee3f7e2fe517f2b59a88618c52d80604bbe8f7c55d8717d22c2,947237,SENATE_OR_UPPER_CHAMBER,78405719453264842472073357555916720688273376596183254814554814527559829090937,91063480249959197504681034339266119580961962577283935437311053754945686797368,false,PRE_ELECTION_NOT_USABLE
peru_runoff,PER_2026,PRE_ELECTION,0xbd771e84e19abc18ed098672eed8dbb4871da4fc3a6fb360ffa2cf4b47be5295,1656531,PRESIDENTIAL_FIRST_ROUND,76349286835503501049529776444974905438448858554008373143589408159222546583818,52657948914149789600396690879690378253610634492361129433372132364581237490014,false,PRE_ELECTION_NOT_USABLE
peru_runoff,PER_2026,PRE_ELECTION,0xbe29f83c6537d99156d333e4f09e29309ad8476af35547e80e3a3091da5e0e3f,947302,PRESIDENTIAL_RESULT,91474417257743220852196528659661077880238049188663489035123582470330224687079,22032446622540683616698324569362738168298993276218084134247585230633503686590,false,PRE_ELECTION_NOT_USABLE
peru_runoff,PER_2026,PRE_ELECTION,0xc064c6f8b3d39f54d89151813b848f3606554a55839cdab1b106564a74e5c40c,947295,PRESIDENTIAL_RESULT,75699045963869660719509086375150742324925677978622468271400410708854955275859,81401953277486776642260027279693730580196350801865824181291904834812896471148,false,PRE_ELECTION_NOT_USABLE
peru_runoff,PER_2026,PRE_ELECTION,0xc1aea61ca23e47a112965f76005838360bc48cfe406469aaf4037d4be2cc8dda,947251,HOUSE_OR_LOWER_CHAMBER,48771195966410681339233042822508378893003341451084624540629797925273960243598,37563732434494446589496948339124408785099931200785195994325418938401665879583,false,PRE_ELECTION_NOT_USABLE
peru_runoff,PER_2026,PRE_ELECTION,0xc1b2a390837ab5e5060978b4e37917fac169772f23ef8ac7c6c1d8b849e80a80,1656113,PRESIDENTIAL_FIRST_ROUND,106275268977802313319959257436227570264877408795879104119824584490825226369671,57327670599341175909944638783348272374700320257313357409869453276265680795123,false,PRE_ELECTION_NOT_USABLE
peru_runoff,PER_2026,PRE_ELECTION,0xc3364f862936218846d59952b1794df4ed3720f8f62c23ca3f0a1e6481e94542,1656493,PRESIDENTIAL_FIRST_ROUND,53208843799664014402016508112605023501590605107448093603797288815396527184976,66572198699826158975720698914878998779926383884843191092696294261148707525090,false,PRE_ELECTION_NOT_USABLE
peru_runoff,PER_2026,PRE_ELECTION,0xc4a9db7a0c81b75bc0b2009481b4e498a63c21e6f24949b6f1758c3986c270eb,947225,SENATE_OR_UPPER_CHAMBER,111701950417305141513997863408442982759352929259590852621473333625180353072857,83228401122213155718451217534277093345493327933144801707341676181256461972846,false,PRE_ELECTION_NOT_USABLE
peru_runoff,PER_2026,PRE_ELECTION,0xc4c3dbcc37a957a817599b0bf9fb5bd6b62b19210b0f527fec57cb75c7ed150a,947269,PRESIDENTIAL_RESULT,64703998724474008677827057135436893758254552168142785204605792475717308499827,92827417009887627656279362525317849309821905918650547490799438436173703158107,true,
peru_runoff,PER_2026,PRE_ELECTION,0xc551420275c24cd31d2efa28bf28d7445e58aa8ebdcc5b56fe440ea8ebcec3d4,1656061,PRESIDENTIAL_FIRST_ROUND,63762434079450166040994571380280569213982997914274023026895292347181421261712,52342047960757683620970068631427343695171727792388316790403962243263227967666,false,PRE_ELECTION_NOT_USABLE
peru_runoff,PER_2026,PRE_ELECTION,0xc7bbd51c1b62b1037ce3f43c0f140c9f5892b6c6257859cc90db3eefb09fbb2a,1656064,PRESIDENTIAL_FIRST_ROUND,24769725700546587329759219324340612529023810444316744206503743527198223624453,46970990842989483762866761554792381418187214890690179552521842494063683144036,false,PRE_ELECTION_NOT_USABLE
peru_runoff,PER_2026,PRE_ELECTION,0xc8d321534c01fb4674befe80221acb2994cd73218bd9b40f10c063223ac2b955,1656613,PRESIDENTIAL_FIRST_ROUND,95089233850824302725815252803691113357105193318941241955346213682404456927732,61615300822372297659701260948215177306816016642290773049931832701719763329467,false,PRE_ELECTION_NOT_USABLE
peru_runoff,PER_2026,PRE_ELECTION,0xc8ea4de614c306940955c67e37330e5ac41e1139c930495752ab492cb9ba2478,,,,,false,CANONICAL_YES_FAILED_CLOSED
peru_runoff,PER_2026,PRE_ELECTION,0xc96dcf8329a31d6460c477a732839828e26f3881553fd0980b0c2be223f84228,1656684,PRESIDENTIAL_FIRST_ROUND,72889794016709261205556187632463808604655327769759896020550426871565901902628,110056797009356440958648367298747138064697262831036208181775625633006447290981,false,PRE_ELECTION_NOT_USABLE
peru_runoff,PER_2026,PRE_ELECTION,0xca0dcdf24e65b143c8049050bce0d6072edbef7a9de55973a94acba312d3fd39,1656672,PRESIDENTIAL_FIRST_ROUND,15214332035978919353336324622326100880368535831344926958945948989504285086906,62315949623935770124471385837156488460458355747811011899361685832882114204863,false,PRE_ELECTION_NOT_USABLE
peru_runoff,PER_2026,PRE_ELECTION,0xcc3915ef5fe49d2c6caac2f4b3d366d7a78fa9eaf82a7f5a17d690720761e20b,1656500,PRESIDENTIAL_FIRST_ROUND,111941676677991737714237751304793197117953084067535074409250068327064338543838,67836258641443779961961326141248480409956601311045126990926942983623283367572,false,PRE_ELECTION_NOT_USABLE
peru_runoff,PER_2026,PRE_ELECTION,0xccfae422e415525c804b9aaea27353aaf3c9717ca09edc28ac84c922d7d6fb39,1656645,PRESIDENTIAL_FIRST_ROUND,20631186390690053953207826909465618259468951775548171834293784363765172169369,30100497697926599373424876725362653930817090281120235777888202518500898535042,false,PRE_ELECTION_NOT_USABLE
peru_runoff,PER_2026,PRE_ELECTION,0xcd7a52625617073d3dc681cca27e68be86f51e0493c1c32fe34b788adae0153d,1656675,PRESIDENTIAL_FIRST_ROUND,56985499038939198203836068401260343770242740523964834801049704945945713400145,43859529457452226269219919830797983209966137425110930571369463130321315422685,false,PRE_ELECTION_NOT_USABLE
peru_runoff,PER_2026,PRE_ELECTION,0xcdda4bb5199a58a816054646d7d45cc3ffd513d21756e92392bdd28ee6496470,1656588,PRESIDENTIAL_FIRST_ROUND,3411545603636350139873405094000189128898907791896744670263032822347208640509,69920021489689521504508700669739228175887303657832918670789320204942290759905,false,PRE_ELECTION_NOT_USABLE
peru_runoff,PER_2026,PRE_ELECTION,0xcde3c15baa6087fd1458d2b1bad3d76120bd7d89af7aec5744631368730817f7,1656510,PRESIDENTIAL_FIRST_ROUND,86049621300568226139210786767848956466789853191791053036306398979164391329874,104085191533213624405773407587498722890669520043604386998741495925553683599869,false,PRE_ELECTION_NOT_USABLE
peru_runoff,PER_2026,PRE_ELECTION,0xce73e7ebf919c4f1e188d8004b756d538195642444df5837817103832d14ab62,1656058,PRESIDENTIAL_FIRST_ROUND,43454379308068201680923358297655710491100289250414634177674843006804769698999,53911621277580373581151955361091963156833876538084280760489241454293633436724,false,PRE_ELECTION_NOT_USABLE
peru_runoff,PER_2026,PRE_ELECTION,0xcec5039e455994c6f84662ffd78032e3473cc17deca5e2ccd58c46f99d7e5d9c,1656086,PRESIDENTIAL_FIRST_ROUND,94940838371277691070289167186723757004478349101401353884574648859423122955708,111608617583122296319718233930899384204190403432466866015432817309694492990382,false,PRE_ELECTION_NOT_USABLE
peru_runoff,PER_2026,PRE_ELECTION,0xcf8bae53088e784072732a728698988ea600eb40a898d77ca2b445fed2171e9a,1656062,PRESIDENTIAL_FIRST_ROUND,37921486406670289458237739998913449536824464003904236094881586707250372051038,86151845103542397499030290518190577866855650112869911131499617546383935861282,false,PRE_ELECTION_NOT_USABLE
peru_runoff,PER_2026,PRE_ELECTION,0xd00bb2c78080e92035f4e846fbb2319af057b851f0c4d811b1feebbedea4b313,1656581,PRESIDENTIAL_FIRST_ROUND,39253119316383734457119848214127768273834689932113255951234708647363257637095,35051589496300111282603086705727507025033077303798962782237351135830729066520,false,PRE_ELECTION_NOT_USABLE
peru_runoff,PER_2026,PRE_ELECTION,0xd02123c122ad6f5b83f50bcc62500be79fb6d9636fc5af7c9713e7e29cd16e27,1656599,PRESIDENTIAL_FIRST_ROUND,107522397237731903324803210332894807666130404202527685235213148475973821468278,83198051928031687057179676341715562354974313673193499837560839253924318737640,false,PRE_ELECTION_NOT_USABLE
peru_runoff,PER_2026,PRE_ELECTION,0xd0489819c1fd1c5e413102c3e9970e9bdfd2444afd3bb9f14e7fda3223f1ec79,1656594,PRESIDENTIAL_FIRST_ROUND,70569045332467798736936014228978941056355476543429219577981472081381053414553,106065403709584877348572820997339979306082818924047573325730198507277528795828,false,PRE_ELECTION_NOT_USABLE
peru_runoff,PER_2026,PRE_ELECTION,0xd0642efda91a4f5e2cb99d3ad613998e5ad4f9c8fd9e4d96ecaf8560d4196c48,,,,,false,CANONICAL_YES_FAILED_CLOSED
peru_runoff,PER_2026,PRE_ELECTION,0xd10e996ef9f4197b80fb9746fdcbe5f7117ebdec47573dbbc22fea4b73d8d306,1656112,PRESIDENTIAL_FIRST_ROUND,11163169938718034804000557379070930309305658528779373951321472150415702230175,100941059831803585995072529592826488562657298197421847310280360190144585266245,false,PRE_ELECTION_NOT_USABLE
peru_runoff,PER_2026,PRE_ELECTION,0xd149b38c9da6bacbdc0068b579f8d255196f8c2ed6a5df67f5f3064dd00733e9,947278,PRESIDENTIAL_RESULT,88830008994939255030108226010888813127369861666100484617000813260227025912888,68640431911214316867430994968635027974911125987558780921553956425356957260157,false,PRE_ELECTION_NOT_USABLE
peru_runoff,PER_2026,PRE_ELECTION,0xd3ec6c0792e500039e4d937cf33d5375a16bc44d0a997162968948b605c8b64e,1656105,PRESIDENTIAL_FIRST_ROUND,92582470918907903184394542870745113064062815273841613030818486476183852299248,60624880823038172397576634670374209532313422305959983393633762968067379362554,false,PRE_ELECTION_NOT_USABLE
peru_runoff,PER_2026,PRE_ELECTION,0xd45a86cd98be462bba39f8599e6bed08f0ae77ce7d7a7de23810976360b16f8b,1656542,PRESIDENTIAL_FIRST_ROUND,31132997260033426690019720935296290727328727786643206499606136077828566565744,4589693152610125060712339276684407402651126753390284245174763349968161596243,false,PRE_ELECTION_NOT_USABLE
peru_runoff,PER_2026,PRE_ELECTION,0xd5070d10de52247fc40d24115489e71f9a889d70ac80826fad537cffbba2fe8e,1656518,PRESIDENTIAL_FIRST_ROUND,84724713621227319101758470959714523673713461940176406876173637610698989748132,85102961186587620478110181082410113014186789661678751061908200702478873659972,false,PRE_ELECTION_NOT_USABLE
peru_runoff,PER_2026,PRE_ELECTION,0xd52c48980d9ccb236ebf5f09bfcf8d88392bebfde06afd8b0e11c259648fc8d5,,,,,false,CANONICAL_YES_FAILED_CLOSED
peru_runoff,PER_2026,PRE_ELECTION,0xd56b8ed9520068e3b527864daf384338df8d8c6b7e2f0d87e50ab4bf34e527d0,1656682,PRESIDENTIAL_FIRST_ROUND,62286421093054597408982095161621471433317445826925089900679810800018990750775,72042274056207722347131323122647526773808517505342739367970186166375592700326,false,PRE_ELECTION_NOT_USABLE
peru_runoff,PER_2026,PRE_ELECTION,0xd591c5ed7b87640fef92d0828fbe4c04a830c76f8097a452ca990c72c0cda9fb,1656680,PRESIDENTIAL_FIRST_ROUND,96948702649764974339580309666319984067000290244761933509608059850719860793758,18314033519730938521288163621457273607019196876711670405054209644886580826141,false,PRE_ELECTION_NOT_USABLE
peru_runoff,PER_2026,PRE_ELECTION,0xd64c19eeace51247978518e1ca313d648b3dfe3a620cec8c497d89ecc0669a5b,,,,,false,CANONICAL_YES_FAILED_CLOSED
peru_runoff,PER_2026,PRE_ELECTION,0xd6c7a46386c257185886116b4474cf90962d8990da265edfec5816142e1c3e42,1656102,PRESIDENTIAL_FIRST_ROUND,81095874218981436462055046428785221076543594898660093926267979870961055600606,50408785363415287052563316753068297370434772393455872235073033127381646889717,false,PRE_ELECTION_NOT_USABLE
peru_runoff,PER_2026,PRE_ELECTION,0xd91e8db1a3a135226e947353e440da73f0faed612ca31a6bd274a3fff78afd7c,1656580,PRESIDENTIAL_FIRST_ROUND,94751359556044982312002649973976812165377839436965388383075232048686728142977,105434667052956396908093023907810874844093922928582596999937993316708047995704,false,PRE_ELECTION_NOT_USABLE
peru_runoff,PER_2026,PRE_ELECTION,0xd990c978601d2574ea185e180a5104e189d5b0942d33a8549174b65b95c0e2b5,1656619,PRESIDENTIAL_FIRST_ROUND,65595948729512389955939254373732745417286331496482698866043132462070435613035,77456710325707901479273606200479394888268317192557896919326889729686817570178,false,PRE_ELECTION_NOT_USABLE
peru_runoff,PER_2026,PRE_ELECTION,0xd9df649870ba3fc517a6584cad46cd5f862a9297caddf1b53ea65ba1a36d8629,1656512,PRESIDENTIAL_FIRST_ROUND,20738431860264963887073621323269099641059649220662196156689150865335706334519,79048432249014894682463683115899063912176601120089322914574774154826854744727,false,PRE_ELECTION_NOT_USABLE
peru_runoff,PER_2026,PRE_ELECTION,0xdb9a31a15731bb3eaba3279db6d9d5f9ced4ca843397fca33e3586a93b671719,1656641,PRESIDENTIAL_FIRST_ROUND,13041338583297471956109455548021156613329967039176259556479047451026454738195,93208928217229852113180125719261724027047108389266147494426056098339456334687,false,PRE_ELECTION_NOT_USABLE
peru_runoff,PER_2026,PRE_ELECTION,0xdb9ba4520a9b0981d61464cede94a695b7c0a37d5df4f462f09a7fd7d93c2de5,,,,,false,CANONICAL_YES_FAILED_CLOSED
peru_runoff,PER_2026,PRE_ELECTION,0xdecf03a5472d11e25d230c07c77783ec27281a243e89e4e0479630a8b687412d,,,,,false,CANONICAL_YES_FAILED_CLOSED
peru_runoff,PER_2026,PRE_ELECTION,0xe04f2af37735f3437a84e253eb67bcf7c99b0af287cd09aaee2536928a3e3351,1656109,PRESIDENTIAL_FIRST_ROUND,39916852343044928083401627894499237315195903714013029141593269291466435539606,90639944525847645154221255639820113511977299452466007803057918722823325719051,false,PRE_ELECTION_NOT_USABLE
peru_runoff,PER_2026,PRE_ELECTION,0xe0cd1311e134e6efc4cfa1d4ae29129f2e24e5f2471c3f4dbeb3c57cccfb9d59,1656658,PRESIDENTIAL_FIRST_ROUND,24382858618770683581953140426169486676247229658237605682964351068440863558936,53932490308278070297403582749733042634609609876119855875211071300786699802037,false,PRE_ELECTION_NOT_USABLE
peru_runoff,PER_2026,PRE_ELECTION,0xe116526ae48797730b102d2d31ab97e8aa0bb95e0534ec0d9ebf11d6c54d2afd,1656098,PRESIDENTIAL_FIRST_ROUND,63411249628328628537282111878279217588800267161900723818029732692816059011581,110672951248787026951770472853936780410704093844378787280498299049043990967578,false,PRE_ELECTION_NOT_USABLE
peru_runoff,PER_2026,PRE_ELECTION,0xe126d7362772fa787af7c3467c0ebcacbaebcf80aa7bc2f1028d35e883e31711,,,,,false,CANONICAL_YES_FAILED_CLOSED
peru_runoff,PER_2026,PRE_ELECTION,0xe18a1286c10eb4e5d6b67a81e0164425366e5dc08f9cf36e979c48d24eca569d,947291,PRESIDENTIAL_RESULT,37054672673240893716147212545578261558108422916710328334838178765603659455400,106079005172417711637793169595302923169474263707066496426477614121824032044602,false,PRE_ELECTION_NOT_USABLE
peru_runoff,PER_2026,PRE_ELECTION,0xe27ac37b05bb38fb3dac08bc729de436e883658b4a9e175423230a493b35876b,947315,PRESIDENTIAL_RESULT,85061842390195981842588019598418332689727631855536460661576405961217120511895,101745545075289706294835612865955117526770965773798849434535057828292086959175,false,PRE_ELECTION_NOT_USABLE
peru_runoff,PER_2026,PRE_ELECTION,0xe3b9d19488a84b5b9c4a03487595fd5bc70a04ce0ec6a30568bb5aba5803a9cb,1656646,PRESIDENTIAL_FIRST_ROUND,111227101002758441443601610898429320768731308881146639625009245911858503122268,37742644549369255655588752178983143025548478665790682919893340291811376720815,false,PRE_ELECTION_NOT_USABLE
peru_runoff,PER_2026,PRE_ELECTION,0xe8f8bc52bb22ad4c03e8bfc045a5dad8081df2ed58d8e8411b29b82d1797bccf,1656056,PRESIDENTIAL_FIRST_ROUND,36132077336828691860627869834053703428933999406725972355436911059125862745305,97002302699209027113350492821618309378118441722535035929077981735834133911250,false,PRE_ELECTION_NOT_USABLE
peru_runoff,PER_2026,PRE_ELECTION,0xe972a8ff16b672af0fcb4bad67b6185fb5c490fd6cf74c2768435e45c016274e,1656521,PRESIDENTIAL_FIRST_ROUND,29727794788496023794871708776302477673966876720513377965304085567351761690717,17419457934765910278971704761552149020218609570345455102915045188300104758127,false,PRE_ELECTION_NOT_USABLE
peru_runoff,PER_2026,PRE_ELECTION,0xe9db532205b7296d32b71eb3a24a4a748bb2a77475bcb1f208aa3ed8bc7685e8,947255,HOUSE_OR_LOWER_CHAMBER,100993176266349984213470704237875918357016544091343151189046801510111502938244,60016073023457946339060519468621452285973558751510637306268891360441161248173,false,PRE_ELECTION_NOT_USABLE
peru_runoff,PER_2026,PRE_ELECTION,0xeb0161bd6aa0da4e7a62799ad515888e436e36104e79510bb992c999a2981778,,,,,false,CANONICAL_YES_FAILED_CLOSED
peru_runoff,PER_2026,PRE_ELECTION,0xeb0a6b44978e32089ebfc4a09e9c34e3669f4ccab988cb9db7a620aa87cf773d,1656084,PRESIDENTIAL_FIRST_ROUND,103025658404153563744518884955805954390283511979266943511001392952949627585960,57286409390752992519728862811488003458864625638631428876361397453487130708696,false,PRE_ELECTION_NOT_USABLE
peru_runoff,PER_2026,PRE_ELECTION,0xec0866bd4dc6295a55d7f5c6aa506bb1b6afd3acc9de6853aeabe89ace344fa4,1656663,PRESIDENTIAL_FIRST_ROUND,34707721501461973104498870903064824511826761900186294599634106945587321631480,71099812043807257519089920064162912595319242423729195688924962302499919324977,false,PRE_ELECTION_NOT_USABLE
peru_runoff,PER_2026,PRE_ELECTION,0xec23e573ed44f69d0b01c1d9de4e019452245f636f03d1d6f3f963694f2d7c1e,1656504,PRESIDENTIAL_FIRST_ROUND,91534439892105986741011253544757696197254221877672242864596556847710503091206,71102834302277171755428859510707879289960829050263777155999472180754869846371,false,PRE_ELECTION_NOT_USABLE
peru_runoff,PER_2026,PRE_ELECTION,0xed5b9cc405a18de33cc052fbe5f7c800850828057efaa55fbdf242b21d8f2be0,947253,HOUSE_OR_LOWER_CHAMBER,91481015014632243092562697676267278933815099899077251972026022265597791873816,104024101892116209436190363382006312126766477160579348301425507214714957592688,false,PRE_ELECTION_NOT_USABLE
peru_runoff,PER_2026,PRE_ELECTION,0xee7bc648dc809048ba5c9cee2497344ac72859c0cac0ef276c86e5744b52a6a7,947311,PRESIDENTIAL_RESULT,44712757105045591689338108615801731552024492498999025475604038297181499023223,112446116722733160209430333686105557006779526436994828502323710275733220698603,false,PRE_ELECTION_NOT_USABLE
peru_runoff,PER_2026,PRE_ELECTION,0xee98bde75e6b2ce8e496f6d2c107858290c6370a6306d2c2eceeae7a7dfdc3c5,1656610,PRESIDENTIAL_FIRST_ROUND,17289821388800663985124066983270947233124468876325593639674919944406315619937,100917948879862933493450426562556655853281376127714087683657817744717778656034,false,PRE_ELECTION_NOT_USABLE
peru_runoff,PER_2026,PRE_ELECTION,0xef41beca68ba75083e07d8f9ad8f9e62259eaac5b3e3b4c0902accd878f2c8d6,1656643,PRESIDENTIAL_FIRST_ROUND,15127459231704361163580805365214582489709332788784180889563211000091501703575,76715293813557892678684884837100621024512521565756691112082620572860925819921,false,PRE_ELECTION_NOT_USABLE
peru_runoff,PER_2026,PRE_ELECTION,0xef61cec575ac7260343e1f0c11900fee12a1f30b521b649eec7663ec5424242a,947272,PRESIDENTIAL_RESULT,50243762671512851167282517271037976718384543563492030616749604530990728402798,106437503449869126798318748561947971415320337579430634156444932448976881130687,false,PRE_ELECTION_NOT_USABLE
peru_runoff,PER_2026,PRE_ELECTION,0xef6bd8e629dd6f51b02c9c57adc5c6e4251c8d427109eff08bebcdd3462e923b,947248,HOUSE_OR_LOWER_CHAMBER,56456803387650397845761837417809147583449071152814172522951904487087521090322,64523872069222310376176878209842081397064012149720732920739116468100201100500,false,PRE_ELECTION_NOT_USABLE
peru_runoff,PER_2026,PRE_ELECTION,0xf03acd991ff8a9dfeaced717628b4feb3e9991994d77c257f45db40a9f218ad9,1656519,PRESIDENTIAL_FIRST_ROUND,61452470266348853620877779611471860901427112142516189964930973270481084945767,11652301515948394262559016886045757695497068846866835441059888805811738696855,false,PRE_ELECTION_NOT_USABLE
peru_runoff,PER_2026,PRE_ELECTION,0xf07e529d8494022282bba5908e166e7f45183c91ccdc0cfc21fe1ffd758fb461,1656607,PRESIDENTIAL_FIRST_ROUND,26113897852597005860455242981829615084663343836652972058009917954461509279131,74497006541757297874061308307112855652111256796048502879291064710635166207698,false,PRE_ELECTION_NOT_USABLE
peru_runoff,PER_2026,PRE_ELECTION,0xf0d39ea3a73ddb89ecb1d7d576450662071b2ad1267e70180103f1a9e771d5e5,947232,SENATE_OR_UPPER_CHAMBER,7967030346269335047899630315279430183390020328524361210428571451060873899572,4488013281316569460602755037145835894244962570969659011962254786143369617988,false,PRE_ELECTION_NOT_USABLE
peru_runoff,PER_2026,PRE_ELECTION,0xf142b2b9bbe0c5d5c1bce843050bc399babf1690c611cd3c1e6f00901fc1e96b,1656652,PRESIDENTIAL_FIRST_ROUND,24559541494035337415514530563011532470979790430032951228793970627028540014645,109348852599288951895687775165648693416914873486367220166342318815379970030700,false,PRE_ELECTION_NOT_USABLE
peru_runoff,PER_2026,PRE_ELECTION,0xf39b33c106ce62d418a4de61393ca322ec026b5254af98691c7e4ee687ffee67,1656655,PRESIDENTIAL_FIRST_ROUND,78885319598457595048741940066175443119373530260735525626412833946145214314328,36504031934218863081218936908152586171029431277245788559468083383345575811831,false,PRE_ELECTION_NOT_USABLE
peru_runoff,PER_2026,PRE_ELECTION,0xf47be710ceb8ce77c77ab0e8b14399e4c8320aeb4334bd18206bc3021c07d0c5,1656106,PRESIDENTIAL_FIRST_ROUND,52411408480441641824574925348111557709091845308614258902062167001752888773509,95364624806881616367123070489007982362368334268948671416179891958425291027511,false,PRE_ELECTION_NOT_USABLE
peru_runoff,PER_2026,PRE_ELECTION,0xf4d34e226d47ade913696f094d770de9ee694278af8519ae993f5cb3807676bb,1656611,PRESIDENTIAL_FIRST_ROUND,102953299418599698896684670786001084225903796756639114001784002320590805555644,76965832567797114265453619401093339475730046289865498799159533063683994476247,false,PRE_ELECTION_NOT_USABLE
peru_runoff,PER_2026,PRE_ELECTION,0xf53b2b5e27bfd687d494d6b302fe8848c50523ad627535e242b99197f7b0bf6d,1656492,PRESIDENTIAL_FIRST_ROUND,68189374515748677337524561786627983726911731633563291538700689576557466820795,108360521854649244387507833660920715041435983527157357347152766733559282701514,false,PRE_ELECTION_NOT_USABLE
peru_runoff,PER_2026,PRE_ELECTION,0xf5d8106426faab18067c415c1677c1e08f5905200fe49f874cfd957da6787c90,1656601,PRESIDENTIAL_FIRST_ROUND,103894042733599424585812204654888170782011785900283941512221247318914369364622,26636482730650514007526200022316824947273442952839712762042736442210736909695,false,PRE_ELECTION_NOT_USABLE
peru_runoff,PER_2026,PRE_ELECTION,0xf6e83e768923d85ab2a8ba7b912c3c95d132276a6d7d63d592e35c754d87b7d5,1656516,PRESIDENTIAL_FIRST_ROUND,34278569887086069482900974745929802823175821627652293089836358065348614969998,67002154717076505206950347742803078190743465806389963870181461350685183087740,false,PRE_ELECTION_NOT_USABLE
peru_runoff,PER_2026,PRE_ELECTION,0xf73e2e231d324cb662ad80eefdd90bba5007fc4df45bc2c7bab90d83693cc4ee,947275,PRESIDENTIAL_RESULT,6200507252841835595951008504441149768354972632973075259527756928392759138736,112878248181235577893718476117848068375752867388876637354725020175995521912093,false,PRE_ELECTION_NOT_USABLE
peru_runoff,PER_2026,PRE_ELECTION,0xf742394d49961b0cc4766ee3c8229c5ec7cca7ec339f08b41f7c9bb28fc0e126,1656496,PRESIDENTIAL_FIRST_ROUND,71873695595277522842105786723702129593782292720689312674592785618644559034708,12305406897908389043036938553119183549216722036766103865021197329102816199480,false,PRE_ELECTION_NOT_USABLE
peru_runoff,PER_2026,PRE_ELECTION,0xf8b25fc66327161be0d3f2f65ba8e407f74e1fe763d49fecd477c81d1fd32dd4,,,,,false,CANONICAL_YES_FAILED_CLOSED
peru_runoff,PER_2026,PRE_ELECTION,0xf8bff559fdb02c9d94b46153b781f20feaacdc5a5729130c64e2a4f1a6848cfa,1656539,PRESIDENTIAL_FIRST_ROUND,7445282112299481768703564190520530791841931525515311591385484981270209273992,44966780708986915822416822614009780778554359637697137739580934741916938923486,false,PRE_ELECTION_NOT_USABLE
peru_runoff,PER_2026,PRE_ELECTION,0xf925700da113bf5e9af4b5db9bcc0d211ff7525fde10012dc704e5eeca36527f,1656104,PRESIDENTIAL_FIRST_ROUND,69305344418246484736510389852010806993328149611616446069964794446409240350474,74708133207907221991624720891390444430164571773994562762643376300932731556980,false,PRE_ELECTION_NOT_USABLE
peru_runoff,PER_2026,PRE_ELECTION,0xf963a355c120619a5989cd570ca4d81db9ca1c0428057729ce39012441dafd07,1656092,PRESIDENTIAL_FIRST_ROUND,86019106265800181356168227029320405631864574463912867339830829817958461658030,23476721444407913146315023310289813392286693093127151770012427636822004496977,false,PRE_ELECTION_NOT_USABLE
peru_runoff,PER_2026,PRE_ELECTION,0xfa5b14bb102776c8a1be006d3568b215466bde3c18e5a3226841a0dc8144cbac,1656662,PRESIDENTIAL_FIRST_ROUND,8678026338004648207598474416242816178661894523547681060811757456447250520278,16575372560720191435288591939028890195134172954056828232289813815480062417697,false,PRE_ELECTION_NOT_USABLE
peru_runoff,PER_2026,PRE_ELECTION,0xfabb44349d9efae987031d3d1d29c72a10835c975229a22169b41da7337d4330,,,,,false,CANONICAL_YES_FAILED_CLOSED
peru_runoff,PER_2026,PRE_ELECTION,0xfc9ee82e1ee613462e017f7b045336aa833fb539aaf955af522a00dacd5584fe,,,,,false,CANONICAL_YES_FAILED_CLOSED
peru_runoff,PER_2026,PRE_ELECTION,0xfcfb4de7450796136ba9456f7001f97abfc7a2f38f4c41e3aca98bca50c94fbf,1656068,PRESIDENTIAL_FIRST_ROUND,1569034882987238301061171471814877252282058651984292522898316469131262384238,18810937144349075449915254601958654810999798503554373740384266031071554523285,false,PRE_ELECTION_NOT_USABLE
peru_runoff,PER_2026,PRE_ELECTION,0xfd65fcde6ffd88ac7be03616cf44556630bd1f7530d7a9682c45fe8b726ae342,947244,HOUSE_OR_LOWER_CHAMBER,59007735809419567406818128965357322201263386348705659746338440669272269771439,49331057809922116188753559442111718668872440082203031477967708760908895919338,false,PRE_ELECTION_NOT_USABLE
peru_runoff,PER_2026,PRE_ELECTION,0xff201c1ef5556c63141d367cd4b362163584e0d8fd3a86ac1d7420d28511f66b,1656649,PRESIDENTIAL_FIRST_ROUND,2616437442862187478870264717046956569028378235927066845214827441191751035453,24587901766003064266815367395020961858699469333823406923812643680020700691745,false,PRE_ELECTION_NOT_USABLE
peru_runoff,PER_2026,PRE_ELECTION,0xffe54246ee4a420004baafef5463000a8dd335d69aad69579dc1a4ff0cd7cf5e,947235,SENATE_OR_UPPER_CHAMBER,29552960598050897125399431759407039830551094150618789169821377729037136008568,11215188509591939055593666450665834010380326383564065632172816484965773618473,false,PRE_ELECTION_NOT_USABLE
peru_runoff,PER_2026,ACTIVE_RESULTS,0x02162eccc29d09628ba3938e155a10d49fcb17b9ae3789aa9794205b5829d3d4,,,,,false,CANONICAL_YES_FAILED_CLOSED
peru_runoff,PER_2026,ACTIVE_RESULTS,0x035ba35e7eb0c9ff4afcc6735edf265d5f077d5afb30f371cd490dddf37be9b3,1656073,PRESIDENTIAL_FIRST_ROUND,72320200633565835604101157163750244453897592128425638049315351738490579063347,45210807606716734316378479904951730590676881280130456565582917386631954337585,false,ACTIVE_RESULTS_NOT_USABLE
peru_runoff,PER_2026,ACTIVE_RESULTS,0x03d5699cbee1018272b863bdf258251dce2103c6935dfe1e9178f0fdc33acb37,,,,,false,CANONICAL_YES_FAILED_CLOSED
peru_runoff,PER_2026,ACTIVE_RESULTS,0x050b59f939be86fe3bd368f6244cd21967d614f4e43e42f069e03e864629bfcf,1656596,PRESIDENTIAL_FIRST_ROUND,32710413066461755812466237456530439591537230054745260429557001177572650171108,113760166587971963480335171451776433660390773980323072091964466076316932818612,false,ACTIVE_RESULTS_NOT_USABLE
peru_runoff,PER_2026,ACTIVE_RESULTS,0x05347b99afe166460607383ff61a796cb5f413a5a15504874bc9f587a1d5fb12,947241,HOUSE_OR_LOWER_CHAMBER,13055152962610574593867994764467771836800261376951918221710397856946000291756,72618202774094269521872135869384009717566047420734958044658172320599961066775,false,ACTIVE_RESULTS_NOT_USABLE
peru_runoff,PER_2026,ACTIVE_RESULTS,0x05b3c4a8779f467c490d05894d66634e7ed0bc982eed4463ca90fd1f59b78d1f,947228,SENATE_OR_UPPER_CHAMBER,34253026330636554399852514066550450276013246568444914274205167845651811464790,74626051770002298735291083534596320297633718750143523873443080158440351160675,true,
peru_runoff,PER_2026,ACTIVE_RESULTS,0x05f51666151abf55aa75ea50237c50f9e1c56818bbe92cb7f9fb30db5c041f43,1656606,PRESIDENTIAL_FIRST_ROUND,98960749808594585350155696486359143902613668991897060048779845387176387934158,45485536479251980119167737354651625041171774058185311162529295593068975549968,false,ACTIVE_RESULTS_NOT_USABLE
peru_runoff,PER_2026,ACTIVE_RESULTS,0x06342949d8fbca3c0a6d1d837cd84e725e4cb3624a445e1a189514403eff7846,1656065,PRESIDENTIAL_FIRST_ROUND,85926547978130488311881494480415968073709939787363981326448864841875609410509,76132031834930786842232364179162761827664506850659164552628312917678233364435,false,ACTIVE_RESULTS_NOT_USABLE
peru_runoff,PER_2026,ACTIVE_RESULTS,0x06cf00ade0067d7e56846a1ad2ca1c5e6eea50977369df67b7211247c2da93d1,,,,,false,CANONICAL_YES_FAILED_CLOSED
peru_runoff,PER_2026,ACTIVE_RESULTS,0x0756808ffc3025dfb9120b3e0ee3320587df8ade23edd0aa7f581bb42fac0454,1656097,PRESIDENTIAL_FIRST_ROUND,112187065253679610774271300587529152826044459224721824345050937716476115988563,67505283649042312284534364075576543948924879137748913918060476438828862828623,false,ACTIVE_RESULTS_NOT_USABLE
peru_runoff,PER_2026,ACTIVE_RESULTS,0x08101c885c6da9dce2bba80a30d2a9d4133f35e282e06ab6cb93aff4a6e43c5c,947301,PRESIDENTIAL_RESULT,54670577470927424772373585932755240890840941658716067756076058086762790526918,43574816792650917685264525397634892350751055322880820104787623900654736567033,false,ACTIVE_RESULTS_NOT_USABLE
peru_runoff,PER_2026,ACTIVE_RESULTS,0x08c91ef5915e8818dd139200dce282cd6164f043c7a1e4ed1b8ef7069df0c870,947314,PRESIDENTIAL_RESULT,1369204985332865068758790042166011073941912489747164323229251110693108195789,17227309854820685689041901118625322621465348840961834798314764256752259344198,false,ACTIVE_RESULTS_NOT_USABLE
peru_runoff,PER_2026,ACTIVE_RESULTS,0x0963cb65133771d8d1e8de101e66b474ff561a1403259872187bd0e353b645e4,1656514,PRESIDENTIAL_FIRST_ROUND,98055573695017714503799189747297217767783927030526054267051644953353785511800,97678698766451046212952054241399913459458399156948811102883918357678360371284,false,ACTIVE_RESULTS_NOT_USABLE
peru_runoff,PER_2026,ACTIVE_RESULTS,0x09a59ab1f0879621c98228edf85f3bfa7521c70b20912c80decdee330ed994d3,,,,,false,CANONICAL_YES_FAILED_CLOSED
peru_runoff,PER_2026,ACTIVE_RESULTS,0x0a10ea4f5d42ac33a29d73b8562f4414f5ea2219afd9da74ba950f7aefe7c630,947281,PRESIDENTIAL_RESULT,67856043091363573230826787438476899340717171261331542907088468980307686160535,105584864693626079457859320531036329426880337452305899680113662052236202390504,true,
peru_runoff,PER_2026,ACTIVE_RESULTS,0x0a14be39673df915f25b91da46694e552c0197edf6cd11dac89f357064b37cc4,,,,,false,CANONICAL_YES_FAILED_CLOSED
peru_runoff,PER_2026,ACTIVE_RESULTS,0x0b17fc639ecea1086ef07ba6f6770af882fa245b94a13d7cb4ab04f87df5a09d,1656059,PRESIDENTIAL_FIRST_ROUND,59240600851816212345187595247638534234076715129163142284154474210818456893733,100534651321341991748467602852338895963800446819298467880986878186003201617424,false,ACTIVE_RESULTS_NOT_USABLE
peru_runoff,PER_2026,ACTIVE_RESULTS,0x0bc5896a5571e93fdb77a24f855aa6eb3efa479908342796e7ee4e5d330a0f1d,947238,SENATE_OR_UPPER_CHAMBER,2363577040988753002254458058776200133646161500675374390640878469110941846571,23084904175056160736313272544872391145651954243637859173575200415806262694384,false,ACTIVE_RESULTS_NOT_USABLE
peru_runoff,PER_2026,ACTIVE_RESULTS,0x0c1e953c948687cbbfa5521a79bd066aa97c197fac57b089a7d0926639ed391f,1656673,PRESIDENTIAL_FIRST_ROUND,110638562528764292629327711179559476651070192600854190454872420495252960041903,29882683818600743425253842194790822330834004690598801333950862839688773326438,false,ACTIVE_RESULTS_NOT_USABLE
peru_runoff,PER_2026,ACTIVE_RESULTS,0x0cb257d4aff09fcc0c83cdf101bb70ca0445831941071dff2357cc77543944b3,1656576,PRESIDENTIAL_FIRST_ROUND,45040213783402029104588230599512736565245757796436723456128686284627228855172,62053803109170007851202771205262074149482497087344468114558122616813227125266,false,ACTIVE_RESULTS_NOT_USABLE
peru_runoff,PER_2026,ACTIVE_RESULTS,0x0d10750c99733c221b69dd5722ceaa42aa4b352645cf5f091a3bbcedcf097ef6,1656660,PRESIDENTIAL_FIRST_ROUND,16044697684992259100813652931321641434635861125908334773992243754767595241797,17746667981792146451158251660665330066508274106590685724434995520992927741012,false,ACTIVE_RESULTS_NOT_USABLE
peru_runoff,PER_2026,ACTIVE_RESULTS,0x0d9309f683e3b47460c5c5ed18651282e9de266d3eeff037c8d3afa2b941fe3d,1656096,PRESIDENTIAL_FIRST_ROUND,61445559186009828908862533520620185596158299434430227042659706803005043201103,105892332034459710443256828392010947207824320012186516947094589755799920573596,false,ACTIVE_RESULTS_NOT_USABLE
peru_runoff,PER_2026,ACTIVE_RESULTS,0x0db744d92c7add3b208dbd6af647e642d7e92069a61edfd9df465503c9347846,947306,PRESIDENTIAL_RESULT,12699108982247352157367058814183064932790603347780702044786352465284142868672,72438402371211075304620381687800802324133037618541114549839051577339565752561,false,ACTIVE_RESULTS_NOT_USABLE
peru_runoff,PER_2026,ACTIVE_RESULTS,0x0e7f0ffe845b05bdbd172958464fa20bcd9a048781d73e4090e07b03a4da254f,947270,PRESIDENTIAL_RESULT,76647756421777021750296882729097877947244398058587662047702870166960832653622,27366653964774546140102997231724638660416990841421465294477604815259121786658,false,ACTIVE_RESULTS_NOT_USABLE
peru_runoff,PER_2026,ACTIVE_RESULTS,0x0f2de4fe8a3e07fd6d846bc1bba0b22984ac85f67e627214a18f3a20b4d9b4cb,1656597,PRESIDENTIAL_FIRST_ROUND,77962061103112839160176005208049807235901952047034903591228861945662712409787,74402661552420091773046785269439205920621714139342862620531159674291562905182,false,ACTIVE_RESULTS_NOT_USABLE
peru_runoff,PER_2026,ACTIVE_RESULTS,0x11c67c1caab44d83e7ddcc41b88c86927ce16fa92dab87cf5f422d38aa6f9939,1656595,PRESIDENTIAL_FIRST_ROUND,7572026079556580122221055967879658531077751692698608451673461083104656023657,73263078561038007803275725649972955314903488998330209206920385638083433666986,false,ACTIVE_RESULTS_NOT_USABLE
peru_runoff,PER_2026,ACTIVE_RESULTS,0x12ad7d12be6be9f3822d978dfe51bb1a59d5208422bda6155616a992937a9b9d,947222,SENATE_OR_UPPER_CHAMBER,34139372490421656658764743748855070175691399946264775613546219286350462486003,49492947370491747308083712952332405856024111775528103177793583401520316153938,false,ACTIVE_RESULTS_NOT_USABLE
peru_runoff,PER_2026,ACTIVE_RESULTS,0x132225a15f2d05b147a54a7096b3a4100f581eaad079fd64ce5df8082d4b6746,947223,SENATE_OR_UPPER_CHAMBER,29605412168491604224400515758812221296055736048328687013279325446908697782986,64730959890689760518221048357055895281768332259862787128909604306702942861965,true,
peru_runoff,PER_2026,ACTIVE_RESULTS,0x134644a677209eebe924d5f859c5ec83555b41dad03649da22f52de327926c82,1656107,PRESIDENTIAL_FIRST_ROUND,46148009204137662219591656906704791903375943242984703117131134729178671639514,89039793220531122041129434243623543343722846584704038710755329105662721921413,false,ACTIVE_RESULTS_NOT_USABLE
peru_runoff,PER_2026,ACTIVE_RESULTS,0x1406a9bfcbad9134bd7cdb0f191283b30459613ad5995592d93359e65be494c9,,,,,false,CANONICAL_YES_FAILED_CLOSED
peru_runoff,PER_2026,ACTIVE_RESULTS,0x14843fe2c81e4c0ac1408aabfcdecc74dcf92935a4bc386069776daeb6bacf5c,1656667,PRESIDENTIAL_FIRST_ROUND,62669990831730087473356261555516614495339010773216026387848560409581194469013,69598471371192773872328840122973031966527588836598894800710758996451085320036,false,ACTIVE_RESULTS_NOT_USABLE
peru_runoff,PER_2026,ACTIVE_RESULTS,0x14f9d80529bde2ac699827392b7b4ce232299c4b0f7561df957dd0513639186b,1656074,PRESIDENTIAL_FIRST_ROUND,15105154955526079629929994661198233528919971439347710507284078609812230173229,47095739176130842800424368819143337580281078386641697400192071263728021048169,false,ACTIVE_RESULTS_NOT_USABLE
peru_runoff,PER_2026,ACTIVE_RESULTS,0x158fdaad572880f8de3d3f00e4d3c2fbbae77108d88c29deb800141928c1e040,947288,PRESIDENTIAL_RESULT,4706104298728283330895721401335363991910630839383072913311253715556150302824,78358410652416917074153480147457833026846238321183973347826605475618415914957,true,
peru_runoff,PER_2026,ACTIVE_RESULTS,0x16b77c8423aea7bac65e682ef2208ac9951d2cf19af3f7ac987f05eb6863f046,1656651,PRESIDENTIAL_FIRST_ROUND,11929561869933191380346632153758334391409946146698631866604792533633967867831,12826885711850049489761555302518022490637052510589938687913875222535097128436,false,ACTIVE_RESULTS_NOT_USABLE
peru_runoff,PER_2026,ACTIVE_RESULTS,0x17b5835f7388fa666b0fb20215a9bd761608feb6c7f38e329f9f7db5783a5d9c,1656615,PRESIDENTIAL_FIRST_ROUND,58527278236079064831034214592973156369998719456177269036690003534304492748477,16487400525520994144608437296353531200600426700040950821515564436154220884750,false,ACTIVE_RESULTS_NOT_USABLE
peru_runoff,PER_2026,ACTIVE_RESULTS,0x18f074b5cf50d0127398c643c05441f9ae47837e191f2c57c9153d3314811170,1656088,PRESIDENTIAL_FIRST_ROUND,107954047442511434205582707306295726797110925529432001822486248882987544098945,19766663477750505240691875615637713708292385272354531990019271306066841845605,false,ACTIVE_RESULTS_NOT_USABLE
peru_runoff,PER_2026,ACTIVE_RESULTS,0x197b7af5ea2fa9f15e1e8ebee3831282127b3b29e3a75d8352eadd2255ccdafb,947296,PRESIDENTIAL_RESULT,30458292229140547782050347121644777099966705607340492560764178473922342446460,22405772940175819581525842572782469198711915740889287606626560046481843943184,false,ACTIVE_RESULTS_NOT_USABLE
peru_runoff,PER_2026,ACTIVE_RESULTS,0x1999b97e56a4ccca02b3868daa2d78244363235297440ad7e2308d6a50889e27,,,,,false,CANONICAL_YES_FAILED_CLOSED
peru_runoff,PER_2026,ACTIVE_RESULTS,0x19fc62d9523b53885c2495cd74cdcdb3d0293fb99f6c1806d43193724fb3fdf0,1656079,PRESIDENTIAL_FIRST_ROUND,27468266815007453156101390986006364243238586575624159181233244070125203701751,106444197795314134894051783199589785537845695754557288878064861449383101045915,false,ACTIVE_RESULTS_NOT_USABLE
peru_runoff,PER_2026,ACTIVE_RESULTS,0x1a3669baa93c63d16c56f7c97327d6369f7fba1a74ed8c969a036e357cacb46d,2483767,PRESIDENTIAL_RUNOFF,84722683664310759169631099874926277159144684066384010275310216769732241662996,28722875194591203844350214728422044337137887452608125932934352510820962935431,false,ACTIVE_RESULTS_NOT_USABLE
peru_runoff,PER_2026,ACTIVE_RESULTS,0x1a6a5a988948ef6803d203df60cb742cc2a6c55fc76ff16476eafd90c1fd5ddb,947312,PRESIDENTIAL_RESULT,41551749867935717621028886175759248291727415681934601741882009608160214973705,17515067578380546963916361478868566684194672143361490801148753197531889279611,false,ACTIVE_RESULTS_NOT_USABLE
peru_runoff,PER_2026,ACTIVE_RESULTS,0x1c509a248d1ac734b8d858d2d931de3e09de68868fb8826ab8890b2870f93ce1,1656590,PRESIDENTIAL_FIRST_ROUND,35214175349736474911938876739557585283332403939067618558413363873233226061913,18919564035894642556678922141958333341404414864285930544751856325162186205689,false,ACTIVE_RESULTS_NOT_USABLE
peru_runoff,PER_2026,ACTIVE_RESULTS,0x1ecb0f4385f625c067f5d3b6388fc46ee67c39cc467ffcc426ffed0c4b790cd8,1656498,PRESIDENTIAL_FIRST_ROUND,4219985213725726572900233353437462069764068606077757546878812397311146282985,82522558914833941859932425306101302246552745810340100885379731059376069281266,false,ACTIVE_RESULTS_NOT_USABLE
peru_runoff,PER_2026,ACTIVE_RESULTS,0x1f3e8f9c11eeae32d518f6275dce89884ba0729103837d7ae577d67b730c5a86,947257,HOUSE_OR_LOWER_CHAMBER,115408563027826266657109116044802922776597563102487591421779627554912543192562,42768236773447218444545892335814639181774137944635780841380883949022377496929,false,ACTIVE_RESULTS_NOT_USABLE
peru_runoff,PER_2026,ACTIVE_RESULTS,0x1fe4d43d954193db65c1518fbac929a485305924ce2645b8077772b76d63821b,1656095,PRESIDENTIAL_FIRST_ROUND,107219160843706389906266156225487728735774298025008788338001565931063486864056,69554069995538957078428567100577630599558105268028792973341299165949737446586,false,ACTIVE_RESULTS_NOT_USABLE
peru_runoff,PER_2026,ACTIVE_RESULTS,0x1ff90b3af55846972c3c264e02f0078a7c0821c864fc62cd4b98b17242296678,947221,SENATE_OR_UPPER_CHAMBER,70028221582838046561445868277002018252780286287731811276738642910841587382392,13473104021860440271082649384805301139210638677720036969708950044144219799268,true,
peru_runoff,PER_2026,ACTIVE_RESULTS,0x21abd4deb9b5e848b403f46f7739467690d16ad34feceb80d973ad63ed9ac81b,,,,,false,CANONICAL_YES_FAILED_CLOSED
peru_runoff,PER_2026,ACTIVE_RESULTS,0x2265cfeca7cb3df1821aa43ce1a0871634dbc5d6fd661ca5234b3b60cbd138f0,1656513,PRESIDENTIAL_FIRST_ROUND,23704375730023492676164236224753378650111207072085704130440450768481177466524,103582045293921238931844431845971033518522405138490035800237522981472966496296,false,ACTIVE_RESULTS_NOT_USABLE
peru_runoff,PER_2026,ACTIVE_RESULTS,0x23688e026e556f282a404d570324bd7c2e5c7acfca4ea2fa17a75a5b5c7ec635,1656575,PRESIDENTIAL_FIRST_ROUND,35424100866670020205866722182285541935066196773572640891613135678499150960494,30638769078330686264168008635376974926065503190457456891863550781846356100545,false,ACTIVE_RESULTS_NOT_USABLE
peru_runoff,PER_2026,ACTIVE_RESULTS,0x24a454785cac9984fde7736d0d4b37929b7253d527d359f547c909eec89862b9,947282,PRESIDENTIAL_RESULT,8379837610125291150489935717882363132642018085406636296823338050741934312045,47515547723528341412543209702937596271927058261167837389261437881238696349436,true,
peru_runoff,PER_2026,ACTIVE_RESULTS,0x24c61274a302798ea6a2d2779a624a427fcfe9690f853ec7d42e088a72ddbfc6,947299,PRESIDENTIAL_RESULT,83130901126238392120475914478315084222857432362480969562523282498025424381645,28894225378676146560823422947567932330633045207405024095568155667437832938659,false,ACTIVE_RESULTS_NOT_USABLE
peru_runoff,PER_2026,ACTIVE_RESULTS,0x2735b9eb85b0f7b80db62207d7f332b610a4b0b2a32119d5bd6621c0d94158d5,,,,,false,CANONICAL_YES_FAILED_CLOSED
peru_runoff,PER_2026,ACTIVE_RESULTS,0x27b697a0d60c46d4b10fa3f934e1d1d2204226548dda54f9a9d050be61a426ad,1656532,PRESIDENTIAL_FIRST_ROUND,73424893473731608145461251909317313232937949332319001308094194368692771074743,54731876617576402881382616209399394355005900608717887953614776466593759657704,false,ACTIVE_RESULTS_NOT_USABLE
peru_runoff,PER_2026,ACTIVE_RESULTS,0x27eb762da42ad481b87268a7030c49b6c542e6420cf42993d0eca8a53d279d62,947290,PRESIDENTIAL_RESULT,82946642323332192607961224268305092625940990224501888469319296995106766437597,20959099358072403244994120415846110854330513734764160823751622024617635092795,false,ACTIVE_RESULTS_NOT_USABLE
peru_runoff,PER_2026,ACTIVE_RESULTS,0x28d4cee5a4bb01e0a7b1a39f8a23b2af657d9cf06d1e0ed8443c6b09329b9be3,947287,PRESIDENTIAL_RESULT,33676951557383894515546393450532412629166294904696420306881965128761881185587,30788846969964727903508443161348771288310100447128945399885440063546741603671,true,
peru_runoff,PER_2026,ACTIVE_RESULTS,0x29daa83884b79f80fba7fedb69ac3db4b8a933fd7726427a1de6681ccb0821c0,1656602,PRESIDENTIAL_FIRST_ROUND,93233092238037664581841151767829760079421752848920542912085868506525471384530,53470596109178149714296206091039989937598612173967935937804323662043837333148,false,ACTIVE_RESULTS_NOT_USABLE
peru_runoff,PER_2026,ACTIVE_RESULTS,0x29e6732af6e27705419434514e56b24105c0b59c75a392d1b34d11e86a267a33,1656654,PRESIDENTIAL_FIRST_ROUND,107679593055521061608345201397433604380043908125229590659648088341257563312115,45551748874674503655546867263957525114231969998656026642330249320027815596338,false,ACTIVE_RESULTS_NOT_USABLE
peru_runoff,PER_2026,ACTIVE_RESULTS,0x2ae7dc6435210e95d8bc870f4981ba4be3bba180dd9580372c87da6de6674ca0,1656110,PRESIDENTIAL_FIRST_ROUND,46102896892264280362262016917387922697979087536266709666453428684663107234825,95046717927581753274723602958046979931508784268591399639183643065172913640631,false,ACTIVE_RESULTS_NOT_USABLE
peru_runoff,PER_2026,ACTIVE_RESULTS,0x2cd24d17f5680dc6e7b7d67c712a223ae85550745597e81bd2d2b8d073443951,947289,PRESIDENTIAL_RESULT,40073700561695212653451049120779209383948898865772011302940523990213422296817,46581835831525280126714747999686373127429627947256474439860896007472960168455,true,
peru_runoff,PER_2026,ACTIVE_RESULTS,0x2d34bd02ac41827f92356d8d6fe491f553d8dae0e6b10d136120a29f91411c0d,1656661,PRESIDENTIAL_FIRST_ROUND,32677005595023110868742257564029774093429143861850369748824019727520475710,72043640680721424744242522917855774342689843821498431027780546226439196721707,false,ACTIVE_RESULTS_NOT_USABLE
peru_runoff,PER_2026,ACTIVE_RESULTS,0x2e1d5d3bc218a34cca38c44957e6b90f292f8cfd63e8f2f3340c695300540495,1656091,PRESIDENTIAL_FIRST_ROUND,19563166585407028028260945093722081746349565072205441783405816389408664837111,42705726258837606963786292211664219025708523176895861904849170538623491628512,false,ACTIVE_RESULTS_NOT_USABLE
peru_runoff,PER_2026,ACTIVE_RESULTS,0x2eade5a95caecb7597740869423e5db001a77e67e271fd4d9362a4b1a2e84b35,1656538,PRESIDENTIAL_FIRST_ROUND,50215433413978036645799329568733968918037059064769354665229832612182421343874,101258810327239630482273753890060446017055134941562712835272088637112261475997,false,ACTIVE_RESULTS_NOT_USABLE
peru_runoff,PER_2026,ACTIVE_RESULTS,0x2ed5a189c5265a2712548809b360ccb275f66e31e08a76bccb53859ac7dd87b9,1656100,PRESIDENTIAL_FIRST_ROUND,15945126125074633281233500013321123351480510655144714955612150077151086769526,8298088105108625342625659838285845731100539271885848638724025752035756706951,false,ACTIVE_RESULTS_NOT_USABLE
peru_runoff,PER_2026,ACTIVE_RESULTS,0x2fbbabc415795e823df104c5524e60d8468020dcc0f4c7e5196d99bcf2eea4ac,1656506,PRESIDENTIAL_FIRST_ROUND,63784150502153165723659810002614895960992143842645051658922882728198546899277,96471642718017647056692505831444895378360538340470760963542342260013155200638,false,ACTIVE_RESULTS_NOT_USABLE
peru_runoff,PER_2026,ACTIVE_RESULTS,0x306297e5d44ab540192cab8bda33c1f2ef2afd4503f797d19cf7053dc66dac14,,,,,false,CANONICAL_YES_FAILED_CLOSED
peru_runoff,PER_2026,ACTIVE_RESULTS,0x30a81bb91e50023f39ec0addae3d679c5997b1926dc4852a32fdd90cab3bd4d7,947231,SENATE_OR_UPPER_CHAMBER,66423340068906670982477336529738843742269058064668691612569872472612376275919,70964254615679049373739041470882080908487284289012954787354912989250745195640,false,ACTIVE_RESULTS_NOT_USABLE
peru_runoff,PER_2026,ACTIVE_RESULTS,0x31bc719248d9499ab18c3546632e005a9564b17baeb343df125609c252d62b2a,1656612,PRESIDENTIAL_FIRST_ROUND,99854719684500233552956438303745096496878079144309843550355102887549084481663,67934172756823651467296874671508859490891471224497866587988076006113824822660,false,ACTIVE_RESULTS_NOT_USABLE
peru_runoff,PER_2026,ACTIVE_RESULTS,0x31e6739664bdc4bfcbdd7e33ebb0a9d55207e6304d21402c682a52ceac1a92d8,1656577,PRESIDENTIAL_FIRST_ROUND,14750243694591926975968375148988713682683111899588328860654181305310103961169,77623887803598511912585348016661227528363645848860148908357349197016757485817,false,ACTIVE_RESULTS_NOT_USABLE
peru_runoff,PER_2026,ACTIVE_RESULTS,0x330d025cc8e824f6b7b028f1ae2508743ab11de449b22dfe04795258e1b6a5c9,,,,,false,CANONICAL_YES_FAILED_CLOSED
peru_runoff,PER_2026,ACTIVE_RESULTS,0x341274e58537e8e5ad03f4750284341da35dcc4003acce8901d1838ac53128ca,1656536,PRESIDENTIAL_FIRST_ROUND,113122151949482909924880550959119739962601138968837819317896510653787301310355,400888525240457149731144678827991907211965782818387491489292783293031593973,false,ACTIVE_RESULTS_NOT_USABLE
peru_runoff,PER_2026,ACTIVE_RESULTS,0x34513d1737443a4487536227bb36aedcc5ac32fd8226c55537169a4a28e167f9,1656589,PRESIDENTIAL_FIRST_ROUND,35208769897939112772648778492062058892660141203790951377876341979688826583666,56686160838934154531387688036892669435593648755338230218971545405797026661821,false,ACTIVE_RESULTS_NOT_USABLE
peru_runoff,PER_2026,ACTIVE_RESULTS,0x345e333b43cf5634e559414f5209e2b8346f38c75f2e6dbaf8b6eb79a11c944d,1656080,PRESIDENTIAL_FIRST_ROUND,78333628587488429381618820842635976129245710496073552765768823052716310103791,20984173324190698858037561862801077481577568024185482456461078794089234187110,false,ACTIVE_RESULTS_NOT_USABLE
peru_runoff,PER_2026,ACTIVE_RESULTS,0x35ccc1642ee9d8067402b3117bf0f61d638deece559197638446e86c5d4aa695,1656071,PRESIDENTIAL_FIRST_ROUND,112531256313027322603252751695224530959195680357394303591176175431999965289501,88615377598960610872814459426940045858089490440843431207524648263479521846421,false,ACTIVE_RESULTS_NOT_USABLE
peru_runoff,PER_2026,ACTIVE_RESULTS,0x365a25fcdf1ede86f32f2faf90cb58592919df9174202fd574ee38dde9f91076,1656094,PRESIDENTIAL_FIRST_ROUND,74896134903088005177746765957422289255736279541360925265338936893946496126500,49013258654483803681615006023005088286096228072818206602041901728119140264611,false,ACTIVE_RESULTS_NOT_USABLE
peru_runoff,PER_2026,ACTIVE_RESULTS,0x36c233eb5eeec3300332ee463027adb6a7bb521df9780d9e7e0c028c7f1d0b9d,947246,HOUSE_OR_LOWER_CHAMBER,18437570836798015508413588163545824725618221508204528541518274807911968426256,2822597212294683709377210936675099388306806247992179496447231194913755062404,false,ACTIVE_RESULTS_NOT_USABLE
peru_runoff,PER_2026,ACTIVE_RESULTS,0x376c0c0a9da2c81cc1faa8c48aa4815b12c6b9bba54ef9fe4bd2663159ba3b9e,1656644,PRESIDENTIAL_FIRST_ROUND,28770257381209525364735053341087553571804797769836417671010607065265038107541,13925779649113810391354205739196364780496594808125299839580474699763817316424,false,ACTIVE_RESULTS_NOT_USABLE
peru_runoff,PER_2026,ACTIVE_RESULTS,0x37fae8ceb9d3067dd8065bb2364bac098ebb0fbbc2fe9e374a7467ee1c8a0120,2483769,PRESIDENTIAL_RUNOFF,76622390306274677194136922990243067490720446579612838558231337498466359059572,59808933016461469986732617770386510005353286737041928127338907353909283203932,false,ACTIVE_RESULTS_NOT_USABLE
peru_runoff,PER_2026,ACTIVE_RESULTS,0x3a92bd4f458a902f13b7029102d6eff165098ce8b23b3abb0ebc195d8ec1ae5a,1656666,PRESIDENTIAL_FIRST_ROUND,106184988316967414270937784377776153312978748957674928637302025717039502043342,9814575385569085295455892845013789298430499211221429743434063573697087766763,false,ACTIVE_RESULTS_NOT_USABLE
peru_runoff,PER_2026,ACTIVE_RESULTS,0x3aec41fee9edc59c2b98d439dba86debe339e35f62ac4cdc8de01ab1a5b93f21,947277,PRESIDENTIAL_RESULT,16452855558136653776561048576768137577528096989756809438471103880971273573161,107331660375502705357117385329474376336418685911490580766538280226777407259357,true,
peru_runoff,PER_2026,ACTIVE_RESULTS,0x3b9ab62c2618673915d70501ad4c8440142721c3b041a3e9d4e10e41e643f0b4,947229,SENATE_OR_UPPER_CHAMBER,44261736463145083749880986877209938233006752440239790516976842846680588189210,67493399015803557130744952245556440628421251799139215841574360432690704016990,false,ACTIVE_RESULTS_NOT_USABLE
peru_runoff,PER_2026,ACTIVE_RESULTS,0x3c5d75f013552994b2b27948d591ce5c7e3102fdbd6168121e0bc786ec2544fc,,,,,false,CANONICAL_YES_FAILED_CLOSED
peru_runoff,PER_2026,ACTIVE_RESULTS,0x3d3e672106e4a704bc05c680e7c33ade4c7d422a47b1e29978f50c840bd494fd,,,,,false,CANONICAL_YES_FAILED_CLOSED
peru_runoff,PER_2026,ACTIVE_RESULTS,0x3d654127d7476032a550f6ada1135f0e0e323457f0c31f7fc34f1cc87ad6b1de,1656618,PRESIDENTIAL_FIRST_ROUND,2637733578591743963168751835681026291359891898612006458850071889095095131737,22794614925714520837030500569806909200618809505195062917281166216044770664727,false,ACTIVE_RESULTS_NOT_USABLE
peru_runoff,PER_2026,ACTIVE_RESULTS,0x3df010d36e5abc23b2a479508538ba89afb816a248685ef8bda3971c8cf37a8a,1656668,PRESIDENTIAL_FIRST_ROUND,68783151736097753706667946682202504744315976849716791979442216508580712271370,13376251147082105429166098726134933515744612625245787007264651121036379222979,false,ACTIVE_RESULTS_NOT_USABLE
peru_runoff,PER_2026,ACTIVE_RESULTS,0x4025073cedd026e9adb9ccff3821779c00792854e7754daa3eafed301e41edb6,947305,PRESIDENTIAL_RESULT,104684177361879293772451967369395447852198309451265624296636331715537531335257,100361975084631441882392825306826553731934596012534969070900596262835759520005,false,ACTIVE_RESULTS_NOT_USABLE
peru_runoff,PER_2026,ACTIVE_RESULTS,0x40a7ea3a3be12c58027b38ad54e67d13e1470a08e2d90b4f755d8583d2e62586,947243,HOUSE_OR_LOWER_CHAMBER,4103584660849016261926899759260907804965204571034760636435809850834353581497,53151011326408290509443303941312491470892640406411543784313501731716182355871,false,ACTIVE_RESULTS_NOT_USABLE
peru_runoff,PER_2026,ACTIVE_RESULTS,0x41432f60cff78fa0e2da59012711172a6a356a7edb9a6384ca20d69bd26ea7ba,947247,HOUSE_OR_LOWER_CHAMBER,57042034049005848559977466041602099612634118358272974129997354272684145047793,23874645243575764208526651218082973092836882796222141904845803575226764206411,false,ACTIVE_RESULTS_NOT_USABLE
peru_runoff,PER_2026,ACTIVE_RESULTS,0x432e3bff20596f36c22e015ec23182e591ab7c37367e1ad96db73dc5984ddf5b,1656087,PRESIDENTIAL_FIRST_ROUND,102050387779980058053982204048293317397871274479597262029676946390187208574632,87795140423029092105202279745639383208977959464047735608376480395131029648599,false,ACTIVE_RESULTS_NOT_USABLE
peru_runoff,PER_2026,ACTIVE_RESULTS,0x433dc2164fa59ba584764579cd1946b66c6812d28b07b113a258d39b8cda528c,1656584,PRESIDENTIAL_FIRST_ROUND,14210730732764474449313579917628685525084660130591959539437496438068414679169,30717291491625772650990677169204913218210863748521809727873814693171532786307,false,ACTIVE_RESULTS_NOT_USABLE
peru_runoff,PER_2026,ACTIVE_RESULTS,0x43c5da95a4aa4c6ca5d9b135afd6a98789a2c71d261c312f0b9e0fc8d5363dad,947233,SENATE_OR_UPPER_CHAMBER,47080922912641147770694786385733537681952071827462878898679058540253086374192,17454305746943056096745489796274632993772498514333519731240566852994761845851,false,ACTIVE_RESULTS_NOT_USABLE
peru_runoff,PER_2026,ACTIVE_RESULTS,0x452c7d686e8e3daade7142157dacc541632bbf8a201d5f4a290b3bc1ab8fa0ca,1656093,PRESIDENTIAL_FIRST_ROUND,46440998649347121908889433106162516612360394088587047839076836545508242420177,37978070179543594897236953141883655204348805643182609839349099517797718106483,false,ACTIVE_RESULTS_NOT_USABLE
peru_runoff,PER_2026,ACTIVE_RESULTS,0x4560e68d83bb06638480ef68919036da150cd28b85a19248e401162d037d5326,1656603,PRESIDENTIAL_FIRST_ROUND,78362339450962939442121486021741229632599109643809901558787866858261751626223,109777766389746219835853582158231802455247180494693694820581517991786016480650,false,ACTIVE_RESULTS_NOT_USABLE
peru_runoff,PER_2026,ACTIVE_RESULTS,0x46fab0575f0cefd9a12febe60567a4155d54602869ee739adb76f81eed2c3c8f,1656535,PRESIDENTIAL_FIRST_ROUND,43607760705878381273557992785446637476051583340459869732578975540320570107068,55348461762646570790861364449189083922496724573689115238569969391094977104341,false,ACTIVE_RESULTS_NOT_USABLE
peru_runoff,PER_2026,ACTIVE_RESULTS,0x48b918dabeed4d55564acde888189e3e6dd225df1aa9644e02cb31ccb8762f6f,1656656,PRESIDENTIAL_FIRST_ROUND,19983354572636791975062075685708592257095143452306825830647129496294634827570,84559679811008365219332218084240528788056526649874654603779506421845904401156,false,ACTIVE_RESULTS_NOT_USABLE
peru_runoff,PER_2026,ACTIVE_RESULTS,0x48e9ded29eafc04dc92a76ca21a7af0991c7937a654de70ce29b7f79dca9f55d,1656642,PRESIDENTIAL_FIRST_ROUND,23372257061026697787000258809898604337402323665127992994044470665872956161452,51679123559852796773360199551102900221817429320826983452951572960491406680571,false,ACTIVE_RESULTS_NOT_USABLE
peru_runoff,PER_2026,ACTIVE_RESULTS,0x49e1ea2dac5d7d1716d48b3fa8fa03a767b30a656a2860e85fbb45872fbba9fb,1656503,PRESIDENTIAL_FIRST_ROUND,69243492192511689689636949602062255551519733590643403603175901013241016692618,45418587110356603399160732764173761278478870188701981577202985305426666784442,false,ACTIVE_RESULTS_NOT_USABLE
peru_runoff,PER_2026,ACTIVE_RESULTS,0x4a44b6932afb5e921705dab625ba8899473a169dd7eac9b6d33dcc31814099c1,,,,,false,CANONICAL_YES_FAILED_CLOSED
peru_runoff,PER_2026,ACTIVE_RESULTS,0x4ad87cdac42bf6e14f7a56ca5eb20408c03305a556bb506b0d7ed16892ebd104,947234,SENATE_OR_UPPER_CHAMBER,104547248054397669918775193610635467603684517368430778185595558322684171273788,28041471557661184741302119816853365580047912041215682389991838879484458251951,false,ACTIVE_RESULTS_NOT_USABLE
peru_runoff,PER_2026,ACTIVE_RESULTS,0x4b6f86f7593e49f286f2e7e57489769cffa49fb7eedb2b0647a0f6e520ae304d,1656507,PRESIDENTIAL_FIRST_ROUND,50838911812186027061239609230477208870192534146311346616497028001966708181533,47839790901057113190197382274280651460652584185652426645665448114105772320198,false,ACTIVE_RESULTS_NOT_USABLE
peru_runoff,PER_2026,ACTIVE_RESULTS,0x4b868d7e0b387de7493e591e89fda42a2f8babe8b32ebf4c15af5ae83cdd5584,1656495,PRESIDENTIAL_FIRST_ROUND,59570858023185842517870843488431337277633671455736631702268326623708365587538,14011862652656855006127051653679150998906942307102755995752714320411269773667,false,ACTIVE_RESULTS_NOT_USABLE
peru_runoff,PER_2026,ACTIVE_RESULTS,0x4bb97d5995fd6e774deb800f347f07d5b448a09a49998917a62c1d1295581b24,1656637,PRESIDENTIAL_FIRST_ROUND,51526760676688407938881361599919783120573714033353480058779290043441275105116,24314576075263227381369016930019455052510097753027179439380326835963202154680,false,ACTIVE_RESULTS_NOT_USABLE
peru_runoff,PER_2026,ACTIVE_RESULTS,0x4c26eba7a5ea4105b863882f26d1f770e67f0859d0858b28c48cdf5502630990,1656582,PRESIDENTIAL_FIRST_ROUND,8078426731411685685528244695437186598890338581566943378189712282919907029271,28382437685083101839880865383507422066672730245006809008672241836207194442750,false,ACTIVE_RESULTS_NOT_USABLE
peru_runoff,PER_2026,ACTIVE_RESULTS,0x4d422c62ab2779cef04e89786fccad31fb8254ec6a5e25b3ed47b142f88d5f80,1656639,PRESIDENTIAL_FIRST_ROUND,65737044589045584577766276986821794687526103004203994468494860397105549087149,35142851834292797405754001239506195058745465517189288946424837986146570522614,false,ACTIVE_RESULTS_NOT_USABLE
peru_runoff,PER_2026,ACTIVE_RESULTS,0x4da323d212ff1eb5785de9e3ec0b852ed3bd0f84f0b6d1f908e93d82dba47b82,1656583,PRESIDENTIAL_FIRST_ROUND,57117623667331735297220832995450027619422326715337677748717421189968937068460,23144316560453200094780924811043736644533679069865594550726503942531990160215,false,ACTIVE_RESULTS_NOT_USABLE
peru_runoff,PER_2026,ACTIVE_RESULTS,0x4de9190d737afc1bc80cd362208aef89d621b1f805d6dc1ffeed722a4fa93597,1656587,PRESIDENTIAL_FIRST_ROUND,49946912550890838294621910823065868853547643360729093813166423493705260721279,114016384518675758655044529214635427192063745732978042917472413959877508367155,false,ACTIVE_RESULTS_NOT_USABLE
peru_runoff,PER_2026,ACTIVE_RESULTS,0x4e7de7bb389911c12825a628d2524e96de4dac3b25a4778947d23e86781a7de4,947256,HOUSE_OR_LOWER_CHAMBER,51746453725550649140677539689140912110205625798646393135466571652451251312662,92626439022882906587582725957553692569008424879065234056698341799560160273613,false,ACTIVE_RESULTS_NOT_USABLE
peru_runoff,PER_2026,ACTIVE_RESULTS,0x4f249a6b22cbe35d650075d041dd18d4d322967d1e543a4bc5708be2cb6ba9c2,1656678,PRESIDENTIAL_FIRST_ROUND,51926977012593725226487226602000675291648429354539227670346368857938156017804,69809320739500090065743412589692375649714354203133799725571919752676338310668,false,ACTIVE_RESULTS_NOT_USABLE
peru_runoff,PER_2026,ACTIVE_RESULTS,0x4f78635e32e7daf41e44e890a857318a9a83dc51c011bab566e49fc4889156de,1656526,PRESIDENTIAL_FIRST_ROUND,50282189946792908735871963681295529252244920419359132302910161531495370603078,19646036008514707253384785277012303509020477117632510169754428334008851838191,false,ACTIVE_RESULTS_NOT_USABLE
peru_runoff,PER_2026,ACTIVE_RESULTS,0x4fb9865bd3cfe4f0376d137f782eef23e1900d942c8a1bcf9cee163bffabccc5,947308,PRESIDENTIAL_RESULT,66038109323947187552336312360737292300202393337799564108283168357122249760602,17258915299972566645739165942127442544048660003384222864629421729295418014945,false,ACTIVE_RESULTS_NOT_USABLE
peru_runoff,PER_2026,ACTIVE_RESULTS,0x5023ce6ae3684d40d9edb5cb3cb5ed79a1d3f77c06eab00d8c013f1dfbc1e1d4,1656664,PRESIDENTIAL_FIRST_ROUND,70070802100213973026300305358501270649253414331375184249476190545189706999427,84954523669328989535033911456246538700114576453528058299968059857933549754453,false,ACTIVE_RESULTS_NOT_USABLE
peru_runoff,PER_2026,ACTIVE_RESULTS,0x5046d76b50d1b4f6f1e6d64047f4737d4809396e0adb9225ae4f093a2a240248,1656620,PRESIDENTIAL_FIRST_ROUND,107825900821854820774284176405401344088149492224666265276496873681185672117145,82849156005700583296648769630056186360022497287275025430754731236588230336785,false,ACTIVE_RESULTS_NOT_USABLE
peru_runoff,PER_2026,ACTIVE_RESULTS,0x505ccaddb2165d87a3326405dfdfd3ffcca5055e74288bdcc3457c0d86564031,947307,PRESIDENTIAL_RESULT,67843309233200723328462101623859116081789261352602486452858124345763745522718,99375452436992660795928663270262388125591742348425366002556688709595866730919,false,ACTIVE_RESULTS_NOT_USABLE
peru_runoff,PER_2026,ACTIVE_RESULTS,0x50644511ec007a5ee06e97c2fbb033a0f4ad0842e86e48b805bdff1a10dc83d1,,,,,false,CANONICAL_YES_FAILED_CLOSED
peru_runoff,PER_2026,ACTIVE_RESULTS,0x5099576cead6e75f0b10cbabce844892b035a55eed47e8d0b50946f003b182d0,947239,SENATE_OR_UPPER_CHAMBER,73969824101293234002217684501244553092563472982763961189200497483890820776025,87049799605130840648120552194028851695498003461549378352407672251525621083881,false,ACTIVE_RESULTS_NOT_USABLE
peru_runoff,PER_2026,ACTIVE_RESULTS,0x53dca3c8ac0d5af9fcad470067edbfae1784186f51a5680813c5c364428420dd,,,,,false,CANONICAL_YES_FAILED_CLOSED
peru_runoff,PER_2026,ACTIVE_RESULTS,0x540c10db3c4cf6fc38e9ccb34c92f89041f173b9289feb6e5ddd1a92b90ddc7e,1656598,PRESIDENTIAL_FIRST_ROUND,85887505920224736906942641663620585562362199241311522503354301534035377032510,113172920372584616801630925685487362701058908495445094901920336430424286160589,false,ACTIVE_RESULTS_NOT_USABLE
peru_runoff,PER_2026,ACTIVE_RESULTS,0x548c375c04905c75363931e5fcd7d0194d69c427c1d161e029d33ecce0812264,1656529,PRESIDENTIAL_FIRST_ROUND,96448127851385183103993150659362532531424355899374045343643607904791270599053,19317257672667328680110137822520358244180024146176284908029280673035867336949,false,ACTIVE_RESULTS_NOT_USABLE
peru_runoff,PER_2026,ACTIVE_RESULTS,0x54ad34c26d8988063f54f28fcf7fca9287866328a203abda00ab9c07a4ecd3b8,1656677,PRESIDENTIAL_FIRST_ROUND,13632462743795947505981783295513475020777014140682378574804744520599276668933,64932992489330516068632151335392878301666762035334182608868748373713871134533,false,ACTIVE_RESULTS_NOT_USABLE
peru_runoff,PER_2026,ACTIVE_RESULTS,0x5503e0e6e343788fc77ec8152e7b25ea86212101419d74a25007b0cb8f41f3c7,1656669,PRESIDENTIAL_FIRST_ROUND,73561632456086702051161983601178980555366505199323862448949873891390490970656,35570589175126659689005587770739433928272198883206476965935196712214432638015,false,ACTIVE_RESULTS_NOT_USABLE
peru_runoff,PER_2026,ACTIVE_RESULTS,0x551f70a07519a9cc1cf5c5b98151a09c6034592af5bfa606a226ece87fade4f9,1656670,PRESIDENTIAL_FIRST_ROUND,71893590118789497184788735482804745435353891665508773858029053762642189006918,72607246380820910228615585779355679310592783187524586153722417304029465178170,false,ACTIVE_RESULTS_NOT_USABLE
peru_runoff,PER_2026,ACTIVE_RESULTS,0x554542102403f12796b0f8b519adbcd966c12f7ec6652392ef78fb653de4f7bf,947245,HOUSE_OR_LOWER_CHAMBER,35032655183130812673570952719969467635956698944748396282601004870737609580612,91858091952465373327330554200282065876579284773133287865980298779420218080925,true,
peru_runoff,PER_2026,ACTIVE_RESULTS,0x559169dc253010f9f8fed2f52912738a58a7acbbc7c723ef6e36aa4f425ad058,1656511,PRESIDENTIAL_FIRST_ROUND,102407131011762190625025274908727181668047342595338940271164167446394909445218,50304266130063433362838454843424465280816524273922814043926261248626633530956,false,ACTIVE_RESULTS_NOT_USABLE
peru_runoff,PER_2026,ACTIVE_RESULTS,0x5705c614c29088c49ba8244545db259b87b6558d5f559a4c1deb4410af5b86ec,1656593,PRESIDENTIAL_FIRST_ROUND,64866872424726683838654178059791068204928767127333575689404338548012399128594,71537866831587739610773181525471546991399140001271406872349759046428543891792,false,ACTIVE_RESULTS_NOT_USABLE
peru_runoff,PER_2026,ACTIVE_RESULTS,0x57b819288ecaa4eb9bb6fa4e2b4dcc233baafdb6571f94f7393d01e235ac13a5,,,,,false,CANONICAL_YES_FAILED_CLOSED
peru_runoff,PER_2026,ACTIVE_RESULTS,0x580baecc0ea01d32d608fcc55699593f83866f03d5f7601172ff1be18e781c07,1656592,PRESIDENTIAL_FIRST_ROUND,98961969927651322882437980864806922516677051950709245896233047388110416610749,97228686899820777862539836150740653286555879950747266173836641922267184216383,false,ACTIVE_RESULTS_NOT_USABLE
peru_runoff,PER_2026,ACTIVE_RESULTS,0x5823ed8612ae0047a21fc48b771776b63844c73d55fa71c122227efb1bf6bc57,947309,PRESIDENTIAL_RESULT,67903633202977737833402986689912361990598575279638982611591192564125522188777,96329095456081537397818303286729700630507818842673318422239713272159386384532,false,ACTIVE_RESULTS_NOT_USABLE
peru_runoff,PER_2026,ACTIVE_RESULTS,0x5951bc8b879e742cd41bdfc1f7a5536811bf7a9c58de021395c796798340285b,1656579,PRESIDENTIAL_FIRST_ROUND,12195464566033820649522860577139752897855294565306308774615951975020179809760,38110978645939228512930062366178905154753186689599595380849322334840772796424,false,ACTIVE_RESULTS_NOT_USABLE
peru_runoff,PER_2026,ACTIVE_RESULTS,0x59bce90d9a5df1b2aedbb01a6b17cce37439439208f64219c5b9b9ccc1838489,947304,PRESIDENTIAL_RESULT,39466632769343460539651910163076069182347797009774435770751792396354719087298,4077515590371658885204167812255532666974534108716309391487761682432545328621,false,ACTIVE_RESULTS_NOT_USABLE
peru_runoff,PER_2026,ACTIVE_RESULTS,0x59f7aeb8024c3f6fbef1aa759ebfc3ad0263a4699d2cf278bd3358d789b03a15,947316,PRESIDENTIAL_RESULT,44140973261077485817720945110307626268479384775387671029952471641824200595783,23818702176176805932042292757368821747968172741992054172479933851973356677151,false,ACTIVE_RESULTS_NOT_USABLE
peru_runoff,PER_2026,ACTIVE_RESULTS,0x5a3c6591dced00006653110e358c49cffd646d274c4642e4c42d80ebaa500c10,947313,PRESIDENTIAL_RESULT,59465215195177089414832170328356296006437043433624480720057475227899872295108,31180245202825905020097980866556116459070604752923122903312803758171671738161,false,ACTIVE_RESULTS_NOT_USABLE
peru_runoff,PER_2026,ACTIVE_RESULTS,0x5b046c471c54dcfc4ae8d953eb1543973c5a2f36e3cb7ddfde250c100a370de8,,,,,false,CANONICAL_YES_FAILED_CLOSED
peru_runoff,PER_2026,ACTIVE_RESULTS,0x5d7d7b69fa01de364783610f92e722b63f2e7a2586128e43dbf391d975315b72,1656545,PRESIDENTIAL_FIRST_ROUND,41999312639774574883018497876396616660580930651911607702848868249785659221883,30207535111583990409831722225979156736207382331807324016366490232314474862285,false,ACTIVE_RESULTS_NOT_USABLE
peru_runoff,PER_2026,ACTIVE_RESULTS,0x5d9b91f695735bb149bbe57d5cad3886639563e957d5f564384779b959bc4b3d,1656077,PRESIDENTIAL_FIRST_ROUND,80947756194353850489867444710122711580181727730278152038516846567035796092774,78919744820614246173589976473987070527297796440147509710750207505563617298087,false,ACTIVE_RESULTS_NOT_USABLE
peru_runoff,PER_2026,ACTIVE_RESULTS,0x5e7d3b7cf87325cee6ae6c7417d6e9d7250c4cc2dc912b18ce5cdafba4e6a647,947280,PRESIDENTIAL_RESULT,13489012588233322368311367883402374394605806123068707609937025667605598991327,90345128748583198863370606568494221504139539681370131445138326065698729118736,true,
peru_runoff,PER_2026,ACTIVE_RESULTS,0x5ebc51061f4bc2bd1f50dcd736b43de3cc0e471de8b4d6e6b3951670a57d03eb,947242,HOUSE_OR_LOWER_CHAMBER,92630754815153019913281002984440535410880277334175699573101680610900343162129,61103528961204428436449017288801738534045263541274574470094065985785029924455,false,ACTIVE_RESULTS_NOT_USABLE
peru_runoff,PER_2026,ACTIVE_RESULTS,0x62835bd068dc52e723c0fb4cc95b4561eb38742db1bd86ff73b95322e49a5b4d,1656499,PRESIDENTIAL_FIRST_ROUND,107852546865334597301868914227394757538876595032108521199910226311613126337155,12641689386954092878588356137284577954579980066794234187235818132974848723582,false,ACTIVE_RESULTS_NOT_USABLE
peru_runoff,PER_2026,ACTIVE_RESULTS,0x62ecddfd66cfe53fe5b444855c914247aedf29396f8ebd3373925402afe4d16c,1656497,PRESIDENTIAL_FIRST_ROUND,28477229694919355015404054701807015326788104063540844884548739914181740932043,19237707404503420737158021917275251001399539248401497264663452504866554205605,false,ACTIVE_RESULTS_NOT_USABLE
peru_runoff,PER_2026,ACTIVE_RESULTS,0x655efe3c27db7b67ce2ed887cf090382b97ef58e3fdcae1a5be8b7b91b8f38fb,1656647,PRESIDENTIAL_FIRST_ROUND,77170949983561020924071252726702386119367884110948908019044083084762986404835,4126152831700975226958991891424965942768588777902285875461780025059948902898,false,ACTIVE_RESULTS_NOT_USABLE
peru_runoff,PER_2026,ACTIVE_RESULTS,0x65a4face198cfc34611e388f305d1a1d800cc9610f4bc29de7648aad37e85833,1656616,PRESIDENTIAL_FIRST_ROUND,15269885001159465269385057662890717849729428793838226746163272579676842464343,72679211952832559510545639405872442588593499845843340084648765514853535566114,false,ACTIVE_RESULTS_NOT_USABLE
peru_runoff,PER_2026,ACTIVE_RESULTS,0x68028eaee3457027da9bf87982822a90d8fb204698edabd8c65228b2b5309359,1656489,PRESIDENTIAL_FIRST_ROUND,66160597150125005813025761541846011381565523352751523634952308575326581061336,106611322194616005763814414170843834957028174432922581807267895665544442870992,false,ACTIVE_RESULTS_NOT_USABLE
peru_runoff,PER_2026,ACTIVE_RESULTS,0x694bb375a2c1ab7eeced24a3adc916938a8c649d421afc583de7942a79d9ac93,1656491,PRESIDENTIAL_FIRST_ROUND,60202244459212891400310873267914170276813289134934501079034275061280387392168,28778613035752203901149969479689564526003621630380281288539601229400719653943,false,ACTIVE_RESULTS_NOT_USABLE
peru_runoff,PER_2026,ACTIVE_RESULTS,0x6a58844c4dfdf677adb5e20bcefb851833cb335210e139ce37e63482e0679617,947285,PRESIDENTIAL_RESULT,106149607129123969375875674066349472207365000320829658467476477807489090216657,14969516031563090270424765470423878757708232459011022842222939621886930920110,false,ACTIVE_RESULTS_NOT_USABLE
peru_runoff,PER_2026,ACTIVE_RESULTS,0x6b7c917854a1b60cfccbf500f6fcfe52b02a9cffdc7255db0ae523f1b99d13e3,947298,PRESIDENTIAL_RESULT,48001836685838243403631083225691634640603844570321145475000594824841338214434,31740843303184891681924494883386194716189013801794494288204007649435969967194,false,ACTIVE_RESULTS_NOT_USABLE
peru_runoff,PER_2026,ACTIVE_RESULTS,0x6c68ce2edd28f995a823173ad0b148e617f97f165d89e6fd2587b4566f4c4e71,1656614,PRESIDENTIAL_FIRST_ROUND,53312187574796522171335088540162798712735610967260709509781916221689617443896,100620895053851362808677813988879397166237625834079272579937698901334391675384,false,ACTIVE_RESULTS_NOT_USABLE
peru_runoff,PER_2026,ACTIVE_RESULTS,0x6d5a84ef293382be06feb2bc6f85ec1d967e177098622ea190d95b7782d34146,1656508,PRESIDENTIAL_FIRST_ROUND,4476380522559557342610564135628786143487151331851721655561883233809770098101,49076386768982225115298701094140221905224162777787814946900375050735942509247,false,ACTIVE_RESULTS_NOT_USABLE
peru_runoff,PER_2026,ACTIVE_RESULTS,0x6ebd86ea338e324343544dbd541263f5577d9efc66f11be8dea3bc2d14f4aad1,,,,,false,CANONICAL_YES_FAILED_CLOSED
peru_runoff,PER_2026,ACTIVE_RESULTS,0x6f0b9e1c094bb7078e701286ec59ceb3716145fd91e06edc1b401037c06e794b,1656659,PRESIDENTIAL_FIRST_ROUND,80140785028320777161112164733118312662803177273475812044295157019920791918573,99832617644461320335763406620957162140896488614945366985839515766941160697420,false,ACTIVE_RESULTS_NOT_USABLE
peru_runoff,PER_2026,ACTIVE_RESULTS,0x6ffe7fcd3448d3543086fc7dd4f43850fbdf047afde2da76474b370c24c9bfcb,1656681,PRESIDENTIAL_FIRST_ROUND,71933129824535956235631440810859871143588363317792701888378323307163374102119,63513787942243084939008044642933927662920608119037457224213978525620876683544,false,ACTIVE_RESULTS_NOT_USABLE
peru_runoff,PER_2026,ACTIVE_RESULTS,0x718b4dc215cc619fe202f7769c6e46c6868fa6591878549d66b90355e15ed01e,,,,,false,CANONICAL_YES_FAILED_CLOSED
peru_runoff,PER_2026,ACTIVE_RESULTS,0x756054f7366dcc97ccbd53e7400bd3e486c4576fc5e205e6b219061958a35c47,1656578,PRESIDENTIAL_FIRST_ROUND,36168214845206734819408814725147371491609603719556167296553036976571721607076,27944683630665738047685111873380162544128543245237967503547958697137742366915,false,ACTIVE_RESULTS_NOT_USABLE
peru_runoff,PER_2026,ACTIVE_RESULTS,0x75f8b593544f1132e30d9908c57f44ffeb287499d9cb589dfa6cb9bfed23183d,1656076,PRESIDENTIAL_FIRST_ROUND,18022990443329283605600134695379844619365883714586064757823373488797728403012,111159599771883628392694226025938454986424718279763532009218944624093465409275,false,ACTIVE_RESULTS_NOT_USABLE
peru_runoff,PER_2026,ACTIVE_RESULTS,0x7630e4e68082fe2e8885ac490b61841cf1e28caa6af45f481c809eb6d8fcc1c8,,,,,false,CANONICAL_YES_FAILED_CLOSED
peru_runoff,PER_2026,ACTIVE_RESULTS,0x76ed1542e304be8e7f8b03eaf9293aae7139d4fa30741a6762833763f76c51ef,1656676,PRESIDENTIAL_FIRST_ROUND,18712957620523210747619990987974943077830254157284274182216538823025759969974,99353367238793176774638043494826944591224881329063693475998772542667774774805,false,ACTIVE_RESULTS_NOT_USABLE
peru_runoff,PER_2026,ACTIVE_RESULTS,0x77d052cca87a43a5c9e278582c2b34ed228ebfd8cb94168d4ba4e7759c913d7d,,,,,false,CANONICAL_YES_FAILED_CLOSED
peru_runoff,PER_2026,ACTIVE_RESULTS,0x78f5630bafa15147941daa2fd2926b43febe6af1544cd9d8527b226914f3ca11,947273,PRESIDENTIAL_RESULT,9682518067153576122489405729520126083014940106724522567955145436832495666332,39116255474725201116938242776380787894386932760243104501094014247828169063490,false,ACTIVE_RESULTS_NOT_USABLE
peru_runoff,PER_2026,ACTIVE_RESULTS,0x790d04324ceda5e7fd3b2e62cf043d45b74a9d88921b6b250212d0c9b8ba1afd,947284,PRESIDENTIAL_RESULT,79792255824743933242473584104148817428360729889676194064736978155093841181512,84111261424138725920819001498152283086592130527818581691512605079488523639157,true,
peru_runoff,PER_2026,ACTIVE_RESULTS,0x7965575591c9229a2c75c881555403f5e867cd5759545619d8ec061b2b08135f,947279,PRESIDENTIAL_RESULT,78299862190151688660680397893688466572696604800286917240516494924076147885439,41096463624503861532466033221737024440959770389240094367827254704799007044828,false,ACTIVE_RESULTS_NOT_USABLE
peru_runoff,PER_2026,ACTIVE_RESULTS,0x79879ec1f3baa9e40ec709b8cf80b2808f6f55920c31a6cd4fa249f6e9d5be36,947224,SENATE_OR_UPPER_CHAMBER,8841508247493149090572045971327991291897288425911692193387659098920616934960,5206236671908770956533322859581263525961893951235820324690244172816002300176,true,
peru_runoff,PER_2026,ACTIVE_RESULTS,0x7992be6bdda4f7ab2224831f9bd7cd3192ccb9c02640bcf61ff6c389f7cda056,947226,SENATE_OR_UPPER_CHAMBER,21548267063852344197294411394442203429665465067575113504945752859692538216489,2303465978890391870026436364182166843171422434239795876553072163138980816397,true,
peru_runoff,PER_2026,ACTIVE_RESULTS,0x7a1561e746a33e811a736d9f6051b33c3e93a7034fa6697c085e6eb583d353cb,,,,,false,CANONICAL_YES_FAILED_CLOSED
peru_runoff,PER_2026,ACTIVE_RESULTS,0x7c67fa47ca157b99813c44719e80a78d085b2f24978debf5b6894342cb925716,1656604,PRESIDENTIAL_FIRST_ROUND,62955396929202244050987317418324544224250146712129313833468518758954137004519,17950827891635046728148544443765550179069394862481341758595281644614441491772,false,ACTIVE_RESULTS_NOT_USABLE
peru_runoff,PER_2026,ACTIVE_RESULTS,0x7de48a6042551ed9a7b5a66a521fef2c737508f88e2e806a79fe42424417b1fe,1656108,PRESIDENTIAL_FIRST_ROUND,92678766736509866439096640432420122791284016386572301981119297893027046647336,57209002243517499896023466931942039317155130715969048094671965789217747049148,false,ACTIVE_RESULTS_NOT_USABLE
peru_runoff,PER_2026,ACTIVE_RESULTS,0x7e507354cd91f6fa0e6fd304481a4c623d46f95dd898399705aa87fd639939d0,,,,,false,CANONICAL_YES_FAILED_CLOSED
peru_runoff,PER_2026,ACTIVE_RESULTS,0x7e54ac62666223c780c0f0f6a9aa42e255c9701b3d2933055a01f9e1c6e32ef5,1656600,PRESIDENTIAL_FIRST_ROUND,85510503821345864429450440223161346863463140676628716636784836273988204525431,96168932802019771214531994430827360749179395851802681107563446944724739805187,false,ACTIVE_RESULTS_NOT_USABLE
peru_runoff,PER_2026,ACTIVE_RESULTS,0x7f6a29b631d9470dc64853abd5c6a12c2705933d31aab6fb729c923dff4ab7ac,,,,,false,CANONICAL_YES_FAILED_CLOSED
peru_runoff,PER_2026,ACTIVE_RESULTS,0x7ff3358caa9d675558bde5c54a7f69ffb5597a8962c9171397a00cbba37fad6d,947249,HOUSE_OR_LOWER_CHAMBER,57833085672651787358627917822717588852962283260386259384993601239329477191467,9186486492289786649466889060688445082313065122826386244014573585285508972551,false,ACTIVE_RESULTS_NOT_USABLE
peru_runoff,PER_2026,ACTIVE_RESULTS,0x8042f9bc5b551b136dc8f5911ba32101fddbb6f0abf307d4ff5827d020f70b5d,,,,,false,CANONICAL_YES_FAILED_CLOSED
peru_runoff,PER_2026,ACTIVE_RESULTS,0x80e91f08bda2f25782cf24ccc19afed05193dcf19c19a8b7b4c869c4489e768b,1656671,PRESIDENTIAL_FIRST_ROUND,3956562691065967164380016937151075911028423873541769283700894435593024392615,23031593593238681211583031352468454936403988471344517885631737838088988538721,false,ACTIVE_RESULTS_NOT_USABLE
peru_runoff,PER_2026,ACTIVE_RESULTS,0x814e9e8e97b4e2d80d464130fbf5b39ac3b284a80c033a79dddc9c6b31cc450f,,,,,false,CANONICAL_YES_FAILED_CLOSED
peru_runoff,PER_2026,ACTIVE_RESULTS,0x81716ba8fda2e560590eef2692690bb105bd24e627941f79e8143fa0445a62a3,1656505,PRESIDENTIAL_FIRST_ROUND,3008915957565341679572461105942327420545512811572998717426010073109498192030,73730696589848077180352081325250078579205513067287569168518605029166057079343,false,ACTIVE_RESULTS_NOT_USABLE
peru_runoff,PER_2026,ACTIVE_RESULTS,0x81f7bb14105bf7e539517d286c31ccc8016ee82c26e443d90d28ef05382fa930,1656525,PRESIDENTIAL_FIRST_ROUND,51955104706219760935498657930228586948089738957155028470747915868786153696072,10175891504459102109019792798495557174475835637420081782582631616087607489696,false,ACTIVE_RESULTS_NOT_USABLE
peru_runoff,PER_2026,ACTIVE_RESULTS,0x82170dca58986ff34f6000f5a397a8f950f51cb5088012242f1eddf2cae3a85f,,,,,false,CANONICAL_YES_FAILED_CLOSED
peru_runoff,PER_2026,ACTIVE_RESULTS,0x82425bc0a3f62b018a880a3bc847133625015f2d710c111a39788e833126059e,1656090,PRESIDENTIAL_FIRST_ROUND,46187813824060621698569480451251285923297185073512332679589460879452032629076,16396777935399471171335907814302696578120785593906410609141830723884146033827,false,ACTIVE_RESULTS_NOT_USABLE
peru_runoff,PER_2026,ACTIVE_RESULTS,0x828f0240553f9b3c5346b58cabc03454319febcbb45d63cff3c35e62f73921b9,1656617,PRESIDENTIAL_FIRST_ROUND,58648725199867592408578643745514035016792388762481898752898825888108067962550,53898771932988102642643028208667661649179467295209610908065868250152550885765,false,ACTIVE_RESULTS_NOT_USABLE
peru_runoff,PER_2026,ACTIVE_RESULTS,0x82d5ffbcda5dc4cb5039bd59224c732c465dc6c052af3257f38055e8dc66b0bf,947276,PRESIDENTIAL_RESULT,68553529382068345183582892420839184781828369905058541872190738963134845555492,25777483678068537216302564805867161972132517562255796698395298673113246094964,false,ACTIVE_RESULTS_NOT_USABLE
peru_runoff,PER_2026,ACTIVE_RESULTS,0x83b661c9e68dde865ac656f20a57572e7168239445bdbde65ea6665b7a4100e4,947240,HOUSE_OR_LOWER_CHAMBER,74500083728733584148299358961366660865158287035584890847432809281060790985243,25849494491520025004325601421985442513414260041923434930688729800422032150147,true,
peru_runoff,PER_2026,ACTIVE_RESULTS,0x84d4ec83244de33efd992beaf5980c6e5adbe8861850af5904b2540faa8d688c,1656653,PRESIDENTIAL_FIRST_ROUND,79098213769192995828277190629595627810113214331482712674050603613261822999884,75612176731043948188647222893300742347420481463028469527804333876934854892243,false,ACTIVE_RESULTS_NOT_USABLE
peru_runoff,PER_2026,ACTIVE_RESULTS,0x8597636da5c88fac4cde994e5766b8942447566954371a35aa14ee3b600f1738,1656067,PRESIDENTIAL_FIRST_ROUND,75570012865475719929842556760742549668199450147011073843273436256166271010980,92694699130916384128185282165488976785171203946038279125700031826528816268106,false,ACTIVE_RESULTS_NOT_USABLE
peru_runoff,PER_2026,ACTIVE_RESULTS,0x8632d968a446553e44b08c9da139c3b8d093e79a873c2ea1b859e84bb1365a1e,,,,,false,CANONICAL_YES_FAILED_CLOSED
peru_runoff,PER_2026,ACTIVE_RESULTS,0x87ffd647d774ae3042e5aab6b519da5fc9951dbbdac36c4a2c9e9c78e2e95daf,1656674,PRESIDENTIAL_FIRST_ROUND,73674887830687673221508573366816418104037721663266941501971372939729142687097,4194194192835091124731608659712017243036275498571202637422965856866566417428,false,ACTIVE_RESULTS_NOT_USABLE
peru_runoff,PER_2026,ACTIVE_RESULTS,0x88ea450ae9e9ffcf378d7c31538f6a0b460edf81e89bdd0124b53901d1fa074e,947252,HOUSE_OR_LOWER_CHAMBER,67906182462394896231327744094979404462710776445221043858980719516848050336620,6303773219959594879861061442956984047091172851970512098508049540383870642137,false,ACTIVE_RESULTS_NOT_USABLE
peru_runoff,PER_2026,ACTIVE_RESULTS,0x89036c378fa58f1e5ef07f42abaa3da60ed1d383b3986b2019005f54f6d00caf,947236,SENATE_OR_UPPER_CHAMBER,99686359086306145390701715937694251909831340731667208920978385026662076223651,83476937279274665285102795882127792136204274879828011609529670309854373271202,false,ACTIVE_RESULTS_NOT_USABLE
peru_runoff,PER_2026,ACTIVE_RESULTS,0x890e42f02a492c38dad5ad7f4b29eff4d728cf8c4e058de3fb05f0f2dd310abb,1656522,PRESIDENTIAL_FIRST_ROUND,81256551284270693979321722920472588940427327317897682458617365343062072417513,81376585702721771532209205422458586524564048771753332805067591033606027579101,false,ACTIVE_RESULTS_NOT_USABLE
peru_runoff,PER_2026,ACTIVE_RESULTS,0x8a734546fad5aed891f291fe595aba9d53dd7ed0b83e017ea0dd66a29b707475,947258,HOUSE_OR_LOWER_CHAMBER,33027571364325727076398521759420402314018493637265067505601509820459598018597,34839627488565958704171961288698401466653884279700173632444462704557591361317,false,ACTIVE_RESULTS_NOT_USABLE
peru_runoff,PER_2026,ACTIVE_RESULTS,0x8c64594d9b0538d259920162959a43dbf5fb055c49c1aa049d9003dd6952611f,1656103,PRESIDENTIAL_FIRST_ROUND,82431167838501357265575792077167948980173351567615061710087257087476905749445,107473763613324691971875164918806443096552238361078600272514070478798539282476,false,ACTIVE_RESULTS_NOT_USABLE
peru_runoff,PER_2026,ACTIVE_RESULTS,0x8d0e1877a90ae8a8a82d58802eed21bc5b74554fde0e4ef240a8409b6f143262,1656591,PRESIDENTIAL_FIRST_ROUND,67152332531720263429770959908532645283024428368763997192947586338254024758255,8519513567012886077801771173017562287773236217106680896356166240797971565846,false,ACTIVE_RESULTS_NOT_USABLE
peru_runoff,PER_2026,ACTIVE_RESULTS,0x8e63651ff842a838f708e3b73da1eecaca9341dcefaacec092b011bbe4c90f00,1656543,PRESIDENTIAL_FIRST_ROUND,3369903743111264306605732789602208532654873627646751127217117431458849885823,37825226423076123323767101448613129347878501948346856159783411060186211333432,false,ACTIVE_RESULTS_NOT_USABLE
peru_runoff,PER_2026,ACTIVE_RESULTS,0x902e8a5b57fa0bfd79625ce7babf14ff76ce7d355e173486f3769d9f6e6383be,1656586,PRESIDENTIAL_FIRST_ROUND,71685327812851141828166351708478327534607110580569554786632690063505069928348,90317924707202114018764559598129239453951542885223079373513296740346935565169,false,ACTIVE_RESULTS_NOT_USABLE
peru_runoff,PER_2026,ACTIVE_RESULTS,0x906a65452c3d74daa060ed61fa00f235145ca56edc115d59784722c3ac71c239,1656523,PRESIDENTIAL_FIRST_ROUND,113260272792148233680833024224048783212631439438069029223231530286980846540923,21039921743796724780027391648426554888350174972913876680638170723670587050033,false,ACTIVE_RESULTS_NOT_USABLE
peru_runoff,PER_2026,ACTIVE_RESULTS,0x925a6d3f369d56c9499a491f557f3989698b7514bdacb01bfb76c4764dff83f5,1656605,PRESIDENTIAL_FIRST_ROUND,71759967624281095633798090692718093254032609619640556918047908547698239099243,90466961293689191511350004608721693880378395141219681072084928230506987237470,false,ACTIVE_RESULTS_NOT_USABLE
peru_runoff,PER_2026,ACTIVE_RESULTS,0x92f213dc9f591c4dfea99f8fe3dc9e63a4156c04d922be40edbecace540cc78b,1656608,PRESIDENTIAL_FIRST_ROUND,101038419348889095943424373003329275351208430570240187612166616373518838513576,44521916093623726364888688452271150819171511208065932972704347549091876384472,false,ACTIVE_RESULTS_NOT_USABLE
peru_runoff,PER_2026,ACTIVE_RESULTS,0x92f925b3c8c2c17f2b250e5fc2bd2efc4ed73450ca4f503c658286627c63ce07,1656638,PRESIDENTIAL_FIRST_ROUND,103918207436665029639828041290061263988171837996219233187467653519681594764146,6052034010456160681877572047311139631588712438727540789175406731197647033553,false,ACTIVE_RESULTS_NOT_USABLE
peru_runoff,PER_2026,ACTIVE_RESULTS,0x93fe9d5ddef61d65a55671b8614045f256b00728b41685afcd9233013414396d,1656541,PRESIDENTIAL_FIRST_ROUND,89926570021269153150158732327299603523543737206883035197218263891624826749228,61753513871338818838697508246554063820414411109849125227601785350879175466100,false,ACTIVE_RESULTS_NOT_USABLE
peru_runoff,PER_2026,ACTIVE_RESULTS,0x94bd997304da0c9f10bab538756814a3a5ce26bd28cf72343a9a5058f58f4db2,947227,SENATE_OR_UPPER_CHAMBER,108558721460657856931164500269543846812498772937130524933036124977877392070575,68984052105422651419562141854742199065969997437126650041092515850170302805067,false,ACTIVE_RESULTS_NOT_USABLE
peru_runoff,PER_2026,ACTIVE_RESULTS,0x952da17df020b977013ef0326327f6278d059f6fa14233434bcb3bdd3be9aff1,947310,PRESIDENTIAL_RESULT,97284199732094555587429981781719656091917418680948022208865602570892508303736,59040259268077156238843663571333760902368799491794882679329919197960567770112,false,ACTIVE_RESULTS_NOT_USABLE
peru_runoff,PER_2026,ACTIVE_RESULTS,0x95708bc5698ecb92f1bde8a8b1d80d97d544cb24c7a3f5b8789edc49f2ada15f,1656621,PRESIDENTIAL_FIRST_ROUND,69346887084316245560150235240727384567674974662348775476578711106340787220926,77169823606465725664035244949655785993591922887126513850212140147740352550207,false,ACTIVE_RESULTS_NOT_USABLE
peru_runoff,PER_2026,ACTIVE_RESULTS,0x96e5650cc486767b4366f7446b4fcfe378fdc2cadec02cc4f298bcb4d7e7c174,1656622,PRESIDENTIAL_FIRST_ROUND,24543501050226221119548424583924316563428854742674495445305257515728728474341,96265078156104957717169920936428007462799549605586036854114469450348575312251,false,ACTIVE_RESULTS_NOT_USABLE
peru_runoff,PER_2026,ACTIVE_RESULTS,0x9711f881f44c8965ad7c849fd9b441fa7eb6e5606f913b376e317b77a53b0fa5,1656486,PRESIDENTIAL_FIRST_ROUND,84463073346607350633420220106720408017145401196054649806026567535577655550129,49490741095745341170497154245967230041533324469598883157541074054378190933316,false,ACTIVE_RESULTS_NOT_USABLE
peru_runoff,PER_2026,ACTIVE_RESULTS,0x97305428c1a06473513068dea7f724765c30c1c866700d752aed1b1957c8e9a9,1656609,PRESIDENTIAL_FIRST_ROUND,72844126215573010595912063873230189585339943954309485994297298962447376747294,114680482440779702166097337749943224870482549879306904907775664487360483593628,false,ACTIVE_RESULTS_NOT_USABLE
peru_runoff,PER_2026,ACTIVE_RESULTS,0x974dcbcce5e8186e0e273065a60675bc17617897c395eca60478d0c49f80718f,947283,PRESIDENTIAL_RESULT,101000035200953616880452761567806635979587850958431667672433526557328036615568,53495956205730282746694729217724329368493486274887420191011592757675411968575,true,
peru_runoff,PER_2026,ACTIVE_RESULTS,0x97bc6f7e015756c513645ce90ad06d32135172b83ba1b445ddf67c53bfd534ad,947303,PRESIDENTIAL_RESULT,71176174423151280197164247918860341160808955229121022028107133176582980047775,101030202834440662988913344010152865826725402430067992434698884834482265873513,false,ACTIVE_RESULTS_NOT_USABLE
peru_runoff,PER_2026,ACTIVE_RESULTS,0x97c15902892cb52d8b2286572b0486ca5c87144084de5e338e371258bf56533f,947292,PRESIDENTIAL_RESULT,115494672493172005086216674575987368212947598299640166671686168243542814875282,60529060284495320533757248116006809136770496517347229181201557236634315522342,false,ACTIVE_RESULTS_NOT_USABLE
peru_runoff,PER_2026,ACTIVE_RESULTS,0x9b14ba5cc37a35c0db2c9849e631d98195670be4a0f91233a81529f22a7a5949,947271,PRESIDENTIAL_RESULT,96778993542273611384637311499081700062825144626170214374801025348770797572532,100472508023081440560680031809444924589131301345606759263347656652296915854670,true,
peru_runoff,PER_2026,ACTIVE_RESULTS,0x9c5cc21a1553f5a750d607063c963851d684205d020a44a498b401582dd4430d,1656640,PRESIDENTIAL_FIRST_ROUND,103999159301680039906446069571846387207780055578205767519431146672749000897271,20791799237447660076487909304890552961452027394265360103915636271876750157772,false,ACTIVE_RESULTS_NOT_USABLE
peru_runoff,PER_2026,ACTIVE_RESULTS,0x9dcb8374d0a213115c345835b7c72ca962d6145434737d94525326ff6edc2e8f,1656515,PRESIDENTIAL_FIRST_ROUND,79568959319501438957002355410731606383617523946375111581865855000426799895461,10451738842994488174147939054890873024631908654845206423388610893574915050504,false,ACTIVE_RESULTS_NOT_USABLE
peru_runoff,PER_2026,ACTIVE_RESULTS,0x9dcf2170db118484ea53fad9e0f35706619f0360bfb01f99b252e3c8999486a6,947294,PRESIDENTIAL_RESULT,114922109877354768386490877891875068354191818109176886465769521979033065664033,93065995192544024026106738965032156052925974398703599795445635537672220727831,false,ACTIVE_RESULTS_NOT_USABLE
peru_runoff,PER_2026,ACTIVE_RESULTS,0xa089364d920da75466335299e536308a6fb38e3b59059ea9e94a6d302804278b,1656089,PRESIDENTIAL_FIRST_ROUND,37712213738726239236255256031839566332969194902715067167673570155296364625434,62303112552776893947273447903818107018226721912370506490314239563638930018686,false,ACTIVE_RESULTS_NOT_USABLE
peru_runoff,PER_2026,ACTIVE_RESULTS,0xa24a092311ee387cac6575fb4f28acd8b4a33af7cb2e2a1c7160c44d862598ac,1656501,PRESIDENTIAL_FIRST_ROUND,81880087461263811453320715952811578298376131435413769490514018097499933994450,12599778276039107379297901439798586628136723113955885791368793992111789681771,false,ACTIVE_RESULTS_NOT_USABLE
peru_runoff,PER_2026,ACTIVE_RESULTS,0xa30948990ff884b977a1149d18c82479766bf02892d3894587f3aae086c00ea6,947259,HOUSE_OR_LOWER_CHAMBER,103361674488796196138624663224952706162528065265720624272755365511845139895212,18714058701960875652376344900190026010419254800221875002833863628794954066926,false,ACTIVE_RESULTS_NOT_USABLE
peru_runoff,PER_2026,ACTIVE_RESULTS,0xa3ae9e0f502b62165675943c25556a1092092be3d0c6ea28b3f401b5ca9b3801,,,,,false,CANONICAL_YES_FAILED_CLOSED
peru_runoff,PER_2026,ACTIVE_RESULTS,0xa3cbcad17010b2aad8be838d2338127126a9ed153d7b927b4a2376be4d733d21,1656488,PRESIDENTIAL_FIRST_ROUND,25574254145194799856287003372086817166650160581120494452360276964318500343213,1070130149431520454324195571894890241870607355200225570109619843269166778308,false,ACTIVE_RESULTS_NOT_USABLE
peru_runoff,PER_2026,ACTIVE_RESULTS,0xa3f1f3ba3aa91a85a29ca81efa4aa299aad8b9ac8583b32d1ae021e9fe006ca9,1656665,PRESIDENTIAL_FIRST_ROUND,4898564463648264280709164576171867641081100534166134879529750310228502064832,55026837141382353587915137738505417949761454715753159906245591980221025313993,false,ACTIVE_RESULTS_NOT_USABLE
peru_runoff,PER_2026,ACTIVE_RESULTS,0xa40c298fe831b9452e9b9397c67e07ea407e9731fd975ad5af8bba6851bb3284,947293,PRESIDENTIAL_RESULT,80329527945902462769630161057517925515139502584648320740456614607282512052183,58297061751385821324452589710511228842395924274990679355593812386997716736355,false,ACTIVE_RESULTS_NOT_USABLE
peru_runoff,PER_2026,ACTIVE_RESULTS,0xa44566e684a257c0f0c2a6416edf100722472ca3ecab7ad3222db79bdbe9f3bc,947220,SENATE_OR_UPPER_CHAMBER,112876813940775838985582641130448954435303590576774760274731014125978645124676,36061938192678248985354904225895392778162626073423259693907563475776493805243,true,
peru_runoff,PER_2026,ACTIVE_RESULTS,0xa44b4a6a44a46dec47b4faafa8eadd8f7507a55d4b02d9b947ad2d5f67ee8415,1656585,PRESIDENTIAL_FIRST_ROUND,19146079744322526138512056516487125059262969631633211386671520280839992264707,36755328477973024458552421157346636748144248574145898470443122322280750198145,false,ACTIVE_RESULTS_NOT_USABLE
peru_runoff,PER_2026,ACTIVE_RESULTS,0xa61438a389267c7deafc9d04cd6d0dc597d70253eb94702c0f5be458d75719a2,947274,PRESIDENTIAL_RESULT,31366905060250352809933074814832465062746377846325454298457938183906229951978,58313658732966216375348509995594475587541642658522212146544390950518831262677,true,
peru_runoff,PER_2026,ACTIVE_RESULTS,0xa768375b7cc1b3e1164989b3cf5794c59bb901da4895eb72852b897ad7450986,947250,HOUSE_OR_LOWER_CHAMBER,36607004145052696763577577535097399257183097494145798150493796090313077730987,23199190709215337376785917864966704354505440355808695111428190550601826041447,false,ACTIVE_RESULTS_NOT_USABLE
peru_runoff,PER_2026,ACTIVE_RESULTS,0xa7b2c6bae0676769ab1d419eb3c0b2156d7a57104a3b735fb4f071b85c3de78b,1656648,PRESIDENTIAL_FIRST_ROUND,94959390391844360680415016332173740686210384968797549951540874540233104579774,51571572303119937878593891490597215034625428615435073653477474051349361362758,false,ACTIVE_RESULTS_NOT_USABLE
peru_runoff,PER_2026,ACTIVE_RESULTS,0xa85be4e7d08d6bfcf2222e842aaaae53100c24ef6ff27a00370836b361a71995,1656099,PRESIDENTIAL_FIRST_ROUND,45785443852042938755726284642969736353560439529164909831903697068515960419696,79146284023583434619105592802584756522962546623944019444111222829569563048767,false,ACTIVE_RESULTS_NOT_USABLE
peru_runoff,PER_2026,ACTIVE_RESULTS,0xa86d9a8bd89aeaa5c9811e3ec7df7f1cfef7ef051458102c81675ea9833a6017,947300,PRESIDENTIAL_RESULT,59154836693879455888153975881155818194488591184787303957648737523196630077827,39099591022798542229436995963714046055088149627170235369752657409150562797688,false,ACTIVE_RESULTS_NOT_USABLE
peru_runoff,PER_2026,ACTIVE_RESULTS,0xa8edfe55964eeff0d37f538b3ea25dabf77246ef939a34372c5e94f87723f144,2483768,PRESIDENTIAL_RUNOFF,12893854908051185570068288809703624587236188707472832147545254719362960657080,57362621961597627057940464582144968106892950722790052002061621258150779039689,false,ACTIVE_RESULTS_NOT_USABLE
peru_runoff,PER_2026,ACTIVE_RESULTS,0xaac611149128256883650fb703c24dcee3a2c3006d14b5f5f9e74acb46d5af36,1656657,PRESIDENTIAL_FIRST_ROUND,15538885939273101088219845483763949035816295406078351786451603255915083166705,17411284561196948581739667225696574665054724919651988025417012532845170682735,false,ACTIVE_RESULTS_NOT_USABLE
peru_runoff,PER_2026,ACTIVE_RESULTS,0xabe02ebad9fb7877998decbc2c5b34d0db8d28c236271e05fa77948a52e6ca2c,1656679,PRESIDENTIAL_FIRST_ROUND,53457361903698102256367304376172497737821723459756289951950432998367172952205,2511818357933258160942377612497424819509450510473866146378252398275008426926,false,ACTIVE_RESULTS_NOT_USABLE
peru_runoff,PER_2026,ACTIVE_RESULTS,0xace20e425294b55e50b6f0a1bff4c5bfdae2192886e006de161fbf5cbbcf7392,1656683,PRESIDENTIAL_FIRST_ROUND,22926419017393633230334080048689169121233493571626871033849752705764162270498,19753277579303136311462164196696552822647734433841494761127645246410392032424,false,ACTIVE_RESULTS_NOT_USABLE
peru_runoff,PER_2026,ACTIVE_RESULTS,0xae6d3d20bc8f742922dc40880cd8a8671c10385a9912fa7cd670fba0643dfe96,947268,PRESIDENTIAL_RESULT,91464516107556165907566387619157396733019262339196802152206657889196699256450,25945415793931624559794421130954173506522916582203134613102786444988212496867,true,
peru_runoff,PER_2026,ACTIVE_RESULTS,0xaf8ef6e8f71e7019a8918f5434b6733ff5cbec30e2ed2ecd050b4a8c1b2eae0d,947297,PRESIDENTIAL_RESULT,7499127960390188494581583623973520256130934937673017679049717147681771389244,77382194473649992598276798887109433667407944532823831514954974238601785232446,false,ACTIVE_RESULTS_NOT_USABLE
peru_runoff,PER_2026,ACTIVE_RESULTS,0xafd705682b311b6f65bf4a9610cfca2156ffe03c08cfe14106a1cb7b4d97bedb,1656502,PRESIDENTIAL_FIRST_ROUND,83569424471152470187050668086916894166241198094969309162593306540377507661843,81219124492410273916138308771127525500198453268008530121200038337404445543836,false,ACTIVE_RESULTS_NOT_USABLE
peru_runoff,PER_2026,ACTIVE_RESULTS,0xaffa1105c3edea739de24097256362916fa7f776070b54ef183d9dc64a122122,1656070,PRESIDENTIAL_FIRST_ROUND,113471315542367696914255759753979316530891306966705552842385732297475108230335,106792171343020133076202709341589458314443687402088858556416304979718778937015,false,ACTIVE_RESULTS_NOT_USABLE
peru_runoff,PER_2026,ACTIVE_RESULTS,0xb061aadaf93714d7d092233982bd4316e454734b4710ef10795f18787e8d33f3,1656111,PRESIDENTIAL_FIRST_ROUND,76431769741870922058286459131002679696348675442472432414890037234101134959078,61564268658360822820664163198538702814580440614021856394260002393997307446220,false,ACTIVE_RESULTS_NOT_USABLE
peru_runoff,PER_2026,ACTIVE_RESULTS,0xb06bd8cd9693172502d649f157283cf4d6b15dc6d595495eed33b70e94b6565e,947286,PRESIDENTIAL_RESULT,71309235606705427471164237240934647738660821324581969500721476070843942340004,27410837348419791135166490910686797212346907507240863707906587999545656096009,false,ACTIVE_RESULTS_NOT_USABLE
peru_runoff,PER_2026,ACTIVE_RESULTS,0xb0c54f1629581fb7c6e50613328ea11636853a581cc158d94c33681edfd3bfac,,,,,false,CANONICAL_YES_FAILED_CLOSED
peru_runoff,PER_2026,ACTIVE_RESULTS,0xb33d7915ed92398557e1e5479c79a2ad09949a8c7d37ae348471d981d67d2219,1656509,PRESIDENTIAL_FIRST_ROUND,40872800818599165271399779016075588873926268590845448987100983648327678279854,66719157446975530806866874577710384616272221180141036902458647265655328659656,false,ACTIVE_RESULTS_NOT_USABLE
peru_runoff,PER_2026,ACTIVE_RESULTS,0xb4697c399fe33072b2738e535e26142edce765497eb20424cc43e8a19bf48293,1656081,PRESIDENTIAL_FIRST_ROUND,32672079512210303693577214584517169257850122946956824230914460334034311356951,108202103821340449157006304204397936311454415596985732636968019824288355691572,false,ACTIVE_RESULTS_NOT_USABLE
peru_runoff,PER_2026,ACTIVE_RESULTS,0xb4e9927aa079fd09d5db095f284081cebbe4d1216f8c8982a29ccd8a33213add,1656083,PRESIDENTIAL_FIRST_ROUND,1271479036853795490387104219237632265476494936201737259577517328115251313927,2586302298670036831252550425306193484335773700855650415586902178061979064697,false,ACTIVE_RESULTS_NOT_USABLE
peru_runoff,PER_2026,ACTIVE_RESULTS,0xb4ea030a8092c6ad55991b626eb6df0911a29aa338366d9601c0106a1bed271a,1656528,PRESIDENTIAL_FIRST_ROUND,69729546243743258999676935103483278430319848512218722725017635129333869823683,1881221706647781256832050766505586268960662312446239288051109705998459346113,false,ACTIVE_RESULTS_NOT_USABLE
peru_runoff,PER_2026,ACTIVE_RESULTS,0xb77ed2ac22a81f7179a1fb97a198547ed52c658ccf31da7ed0690b1fe40e8461,947254,HOUSE_OR_LOWER_CHAMBER,101480419889743881306044690312614618349757255842444458866844395377323695020908,65959797332331599577100404131739595748844945121607705172812248881638378213156,false,ACTIVE_RESULTS_NOT_USABLE
peru_runoff,PER_2026,ACTIVE_RESULTS,0xbaca6ec0fd213cd34c664e85e8142cf8b3944dc9a83ec7e1fdfc8dddca0bcc0b,1656650,PRESIDENTIAL_FIRST_ROUND,112641039176789137137910166760880168883108281711640622679360549516033282602539,43187610880916152434386341539717308136812548024990763248464523308814230778674,false,ACTIVE_RESULTS_NOT_USABLE
peru_runoff,PER_2026,ACTIVE_RESULTS,0xbbada8e75f85c15b5aba430f687d20590c7cbc1eca0b608d6f59933097fc8b02,,,,,false,CANONICAL_YES_FAILED_CLOSED
peru_runoff,PER_2026,ACTIVE_RESULTS,0xbbddc666689792c0ff9b15c11e83ee1836ab7a7b0556220c96b2862dce5e1cf4,1656101,PRESIDENTIAL_FIRST_ROUND,40087824987903192832944283762407927664365837335021942880062043890063657528920,75436844820252411804929958569742432044670542859949764448477329916490191238630,false,ACTIVE_RESULTS_NOT_USABLE
peru_runoff,PER_2026,ACTIVE_RESULTS,0xbbf49facbdbcca98d7375491199d77f48a4b1eb09c0ffb40d2db720b80d74ba0,947230,SENATE_OR_UPPER_CHAMBER,59342937992282280342765858979482780514247175533021397702887991268764067849161,21104528498661810603880267286148253758791230697707733083672011338017467517410,false,ACTIVE_RESULTS_NOT_USABLE
peru_runoff,PER_2026,ACTIVE_RESULTS,0xbc5a5f0f3d0a423fe85c57c375aa574654820c13314dd7396fcd1bc91dcc9660,1656533,PRESIDENTIAL_FIRST_ROUND,13264520963567909611072511439264934060714641037803715757391915429955800188891,45193312713935096081405284068701653428314251168236510575473244766733195690707,false,ACTIVE_RESULTS_NOT_USABLE
peru_runoff,PER_2026,ACTIVE_RESULTS,0xbd2dc774207eeee3f7e2fe517f2b59a88618c52d80604bbe8f7c55d8717d22c2,947237,SENATE_OR_UPPER_CHAMBER,78405719453264842472073357555916720688273376596183254814554814527559829090937,91063480249959197504681034339266119580961962577283935437311053754945686797368,false,ACTIVE_RESULTS_NOT_USABLE
peru_runoff,PER_2026,ACTIVE_RESULTS,0xbd771e84e19abc18ed098672eed8dbb4871da4fc3a6fb360ffa2cf4b47be5295,1656531,PRESIDENTIAL_FIRST_ROUND,76349286835503501049529776444974905438448858554008373143589408159222546583818,52657948914149789600396690879690378253610634492361129433372132364581237490014,false,ACTIVE_RESULTS_NOT_USABLE
peru_runoff,PER_2026,ACTIVE_RESULTS,0xbe29f83c6537d99156d333e4f09e29309ad8476af35547e80e3a3091da5e0e3f,947302,PRESIDENTIAL_RESULT,91474417257743220852196528659661077880238049188663489035123582470330224687079,22032446622540683616698324569362738168298993276218084134247585230633503686590,false,ACTIVE_RESULTS_NOT_USABLE
peru_runoff,PER_2026,ACTIVE_RESULTS,0xc064c6f8b3d39f54d89151813b848f3606554a55839cdab1b106564a74e5c40c,947295,PRESIDENTIAL_RESULT,75699045963869660719509086375150742324925677978622468271400410708854955275859,81401953277486776642260027279693730580196350801865824181291904834812896471148,false,ACTIVE_RESULTS_NOT_USABLE
peru_runoff,PER_2026,ACTIVE_RESULTS,0xc1aea61ca23e47a112965f76005838360bc48cfe406469aaf4037d4be2cc8dda,947251,HOUSE_OR_LOWER_CHAMBER,48771195966410681339233042822508378893003341451084624540629797925273960243598,37563732434494446589496948339124408785099931200785195994325418938401665879583,false,ACTIVE_RESULTS_NOT_USABLE
peru_runoff,PER_2026,ACTIVE_RESULTS,0xc1b2a390837ab5e5060978b4e37917fac169772f23ef8ac7c6c1d8b849e80a80,1656113,PRESIDENTIAL_FIRST_ROUND,106275268977802313319959257436227570264877408795879104119824584490825226369671,57327670599341175909944638783348272374700320257313357409869453276265680795123,false,ACTIVE_RESULTS_NOT_USABLE
peru_runoff,PER_2026,ACTIVE_RESULTS,0xc3364f862936218846d59952b1794df4ed3720f8f62c23ca3f0a1e6481e94542,1656493,PRESIDENTIAL_FIRST_ROUND,53208843799664014402016508112605023501590605107448093603797288815396527184976,66572198699826158975720698914878998779926383884843191092696294261148707525090,false,ACTIVE_RESULTS_NOT_USABLE
peru_runoff,PER_2026,ACTIVE_RESULTS,0xc4a9db7a0c81b75bc0b2009481b4e498a63c21e6f24949b6f1758c3986c270eb,947225,SENATE_OR_UPPER_CHAMBER,111701950417305141513997863408442982759352929259590852621473333625180353072857,83228401122213155718451217534277093345493327933144801707341676181256461972846,false,ACTIVE_RESULTS_NOT_USABLE
peru_runoff,PER_2026,ACTIVE_RESULTS,0xc4c3dbcc37a957a817599b0bf9fb5bd6b62b19210b0f527fec57cb75c7ed150a,947269,PRESIDENTIAL_RESULT,64703998724474008677827057135436893758254552168142785204605792475717308499827,92827417009887627656279362525317849309821905918650547490799438436173703158107,true,
peru_runoff,PER_2026,ACTIVE_RESULTS,0xc551420275c24cd31d2efa28bf28d7445e58aa8ebdcc5b56fe440ea8ebcec3d4,1656061,PRESIDENTIAL_FIRST_ROUND,63762434079450166040994571380280569213982997914274023026895292347181421261712,52342047960757683620970068631427343695171727792388316790403962243263227967666,false,ACTIVE_RESULTS_NOT_USABLE
peru_runoff,PER_2026,ACTIVE_RESULTS,0xc7bbd51c1b62b1037ce3f43c0f140c9f5892b6c6257859cc90db3eefb09fbb2a,1656064,PRESIDENTIAL_FIRST_ROUND,24769725700546587329759219324340612529023810444316744206503743527198223624453,46970990842989483762866761554792381418187214890690179552521842494063683144036,false,ACTIVE_RESULTS_NOT_USABLE
peru_runoff,PER_2026,ACTIVE_RESULTS,0xc8d321534c01fb4674befe80221acb2994cd73218bd9b40f10c063223ac2b955,1656613,PRESIDENTIAL_FIRST_ROUND,95089233850824302725815252803691113357105193318941241955346213682404456927732,61615300822372297659701260948215177306816016642290773049931832701719763329467,false,ACTIVE_RESULTS_NOT_USABLE
peru_runoff,PER_2026,ACTIVE_RESULTS,0xc8ea4de614c306940955c67e37330e5ac41e1139c930495752ab492cb9ba2478,,,,,false,CANONICAL_YES_FAILED_CLOSED
peru_runoff,PER_2026,ACTIVE_RESULTS,0xc96dcf8329a31d6460c477a732839828e26f3881553fd0980b0c2be223f84228,1656684,PRESIDENTIAL_FIRST_ROUND,72889794016709261205556187632463808604655327769759896020550426871565901902628,110056797009356440958648367298747138064697262831036208181775625633006447290981,false,ACTIVE_RESULTS_NOT_USABLE
peru_runoff,PER_2026,ACTIVE_RESULTS,0xca0dcdf24e65b143c8049050bce0d6072edbef7a9de55973a94acba312d3fd39,1656672,PRESIDENTIAL_FIRST_ROUND,15214332035978919353336324622326100880368535831344926958945948989504285086906,62315949623935770124471385837156488460458355747811011899361685832882114204863,false,ACTIVE_RESULTS_NOT_USABLE
peru_runoff,PER_2026,ACTIVE_RESULTS,0xcc3915ef5fe49d2c6caac2f4b3d366d7a78fa9eaf82a7f5a17d690720761e20b,1656500,PRESIDENTIAL_FIRST_ROUND,111941676677991737714237751304793197117953084067535074409250068327064338543838,67836258641443779961961326141248480409956601311045126990926942983623283367572,false,ACTIVE_RESULTS_NOT_USABLE
peru_runoff,PER_2026,ACTIVE_RESULTS,0xccfae422e415525c804b9aaea27353aaf3c9717ca09edc28ac84c922d7d6fb39,1656645,PRESIDENTIAL_FIRST_ROUND,20631186390690053953207826909465618259468951775548171834293784363765172169369,30100497697926599373424876725362653930817090281120235777888202518500898535042,false,ACTIVE_RESULTS_NOT_USABLE
peru_runoff,PER_2026,ACTIVE_RESULTS,0xcd7a52625617073d3dc681cca27e68be86f51e0493c1c32fe34b788adae0153d,1656675,PRESIDENTIAL_FIRST_ROUND,56985499038939198203836068401260343770242740523964834801049704945945713400145,43859529457452226269219919830797983209966137425110930571369463130321315422685,false,ACTIVE_RESULTS_NOT_USABLE
peru_runoff,PER_2026,ACTIVE_RESULTS,0xcdda4bb5199a58a816054646d7d45cc3ffd513d21756e92392bdd28ee6496470,1656588,PRESIDENTIAL_FIRST_ROUND,3411545603636350139873405094000189128898907791896744670263032822347208640509,69920021489689521504508700669739228175887303657832918670789320204942290759905,false,ACTIVE_RESULTS_NOT_USABLE
peru_runoff,PER_2026,ACTIVE_RESULTS,0xcde3c15baa6087fd1458d2b1bad3d76120bd7d89af7aec5744631368730817f7,1656510,PRESIDENTIAL_FIRST_ROUND,86049621300568226139210786767848956466789853191791053036306398979164391329874,104085191533213624405773407587498722890669520043604386998741495925553683599869,false,ACTIVE_RESULTS_NOT_USABLE
peru_runoff,PER_2026,ACTIVE_RESULTS,0xce73e7ebf919c4f1e188d8004b756d538195642444df5837817103832d14ab62,1656058,PRESIDENTIAL_FIRST_ROUND,43454379308068201680923358297655710491100289250414634177674843006804769698999,53911621277580373581151955361091963156833876538084280760489241454293633436724,false,ACTIVE_RESULTS_NOT_USABLE
peru_runoff,PER_2026,ACTIVE_RESULTS,0xcec5039e455994c6f84662ffd78032e3473cc17deca5e2ccd58c46f99d7e5d9c,1656086,PRESIDENTIAL_FIRST_ROUND,94940838371277691070289167186723757004478349101401353884574648859423122955708,111608617583122296319718233930899384204190403432466866015432817309694492990382,false,ACTIVE_RESULTS_NOT_USABLE
peru_runoff,PER_2026,ACTIVE_RESULTS,0xcf8bae53088e784072732a728698988ea600eb40a898d77ca2b445fed2171e9a,1656062,PRESIDENTIAL_FIRST_ROUND,37921486406670289458237739998913449536824464003904236094881586707250372051038,86151845103542397499030290518190577866855650112869911131499617546383935861282,false,ACTIVE_RESULTS_NOT_USABLE
peru_runoff,PER_2026,ACTIVE_RESULTS,0xd00bb2c78080e92035f4e846fbb2319af057b851f0c4d811b1feebbedea4b313,1656581,PRESIDENTIAL_FIRST_ROUND,39253119316383734457119848214127768273834689932113255951234708647363257637095,35051589496300111282603086705727507025033077303798962782237351135830729066520,false,ACTIVE_RESULTS_NOT_USABLE
peru_runoff,PER_2026,ACTIVE_RESULTS,0xd02123c122ad6f5b83f50bcc62500be79fb6d9636fc5af7c9713e7e29cd16e27,1656599,PRESIDENTIAL_FIRST_ROUND,107522397237731903324803210332894807666130404202527685235213148475973821468278,83198051928031687057179676341715562354974313673193499837560839253924318737640,false,ACTIVE_RESULTS_NOT_USABLE
peru_runoff,PER_2026,ACTIVE_RESULTS,0xd0489819c1fd1c5e413102c3e9970e9bdfd2444afd3bb9f14e7fda3223f1ec79,1656594,PRESIDENTIAL_FIRST_ROUND,70569045332467798736936014228978941056355476543429219577981472081381053414553,106065403709584877348572820997339979306082818924047573325730198507277528795828,false,ACTIVE_RESULTS_NOT_USABLE
peru_runoff,PER_2026,ACTIVE_RESULTS,0xd0642efda91a4f5e2cb99d3ad613998e5ad4f9c8fd9e4d96ecaf8560d4196c48,,,,,false,CANONICAL_YES_FAILED_CLOSED
peru_runoff,PER_2026,ACTIVE_RESULTS,0xd10e996ef9f4197b80fb9746fdcbe5f7117ebdec47573dbbc22fea4b73d8d306,1656112,PRESIDENTIAL_FIRST_ROUND,11163169938718034804000557379070930309305658528779373951321472150415702230175,100941059831803585995072529592826488562657298197421847310280360190144585266245,false,ACTIVE_RESULTS_NOT_USABLE
peru_runoff,PER_2026,ACTIVE_RESULTS,0xd149b38c9da6bacbdc0068b579f8d255196f8c2ed6a5df67f5f3064dd00733e9,947278,PRESIDENTIAL_RESULT,88830008994939255030108226010888813127369861666100484617000813260227025912888,68640431911214316867430994968635027974911125987558780921553956425356957260157,true,
peru_runoff,PER_2026,ACTIVE_RESULTS,0xd3ec6c0792e500039e4d937cf33d5375a16bc44d0a997162968948b605c8b64e,1656105,PRESIDENTIAL_FIRST_ROUND,92582470918907903184394542870745113064062815273841613030818486476183852299248,60624880823038172397576634670374209532313422305959983393633762968067379362554,false,ACTIVE_RESULTS_NOT_USABLE
peru_runoff,PER_2026,ACTIVE_RESULTS,0xd45a86cd98be462bba39f8599e6bed08f0ae77ce7d7a7de23810976360b16f8b,1656542,PRESIDENTIAL_FIRST_ROUND,31132997260033426690019720935296290727328727786643206499606136077828566565744,4589693152610125060712339276684407402651126753390284245174763349968161596243,false,ACTIVE_RESULTS_NOT_USABLE
peru_runoff,PER_2026,ACTIVE_RESULTS,0xd5070d10de52247fc40d24115489e71f9a889d70ac80826fad537cffbba2fe8e,1656518,PRESIDENTIAL_FIRST_ROUND,84724713621227319101758470959714523673713461940176406876173637610698989748132,85102961186587620478110181082410113014186789661678751061908200702478873659972,false,ACTIVE_RESULTS_NOT_USABLE
peru_runoff,PER_2026,ACTIVE_RESULTS,0xd52c48980d9ccb236ebf5f09bfcf8d88392bebfde06afd8b0e11c259648fc8d5,,,,,false,CANONICAL_YES_FAILED_CLOSED
peru_runoff,PER_2026,ACTIVE_RESULTS,0xd56b8ed9520068e3b527864daf384338df8d8c6b7e2f0d87e50ab4bf34e527d0,1656682,PRESIDENTIAL_FIRST_ROUND,62286421093054597408982095161621471433317445826925089900679810800018990750775,72042274056207722347131323122647526773808517505342739367970186166375592700326,false,ACTIVE_RESULTS_NOT_USABLE
peru_runoff,PER_2026,ACTIVE_RESULTS,0xd591c5ed7b87640fef92d0828fbe4c04a830c76f8097a452ca990c72c0cda9fb,1656680,PRESIDENTIAL_FIRST_ROUND,96948702649764974339580309666319984067000290244761933509608059850719860793758,18314033519730938521288163621457273607019196876711670405054209644886580826141,false,ACTIVE_RESULTS_NOT_USABLE
peru_runoff,PER_2026,ACTIVE_RESULTS,0xd64c19eeace51247978518e1ca313d648b3dfe3a620cec8c497d89ecc0669a5b,,,,,false,CANONICAL_YES_FAILED_CLOSED
peru_runoff,PER_2026,ACTIVE_RESULTS,0xd6c7a46386c257185886116b4474cf90962d8990da265edfec5816142e1c3e42,1656102,PRESIDENTIAL_FIRST_ROUND,81095874218981436462055046428785221076543594898660093926267979870961055600606,50408785363415287052563316753068297370434772393455872235073033127381646889717,false,ACTIVE_RESULTS_NOT_USABLE
peru_runoff,PER_2026,ACTIVE_RESULTS,0xd91e8db1a3a135226e947353e440da73f0faed612ca31a6bd274a3fff78afd7c,1656580,PRESIDENTIAL_FIRST_ROUND,94751359556044982312002649973976812165377839436965388383075232048686728142977,105434667052956396908093023907810874844093922928582596999937993316708047995704,false,ACTIVE_RESULTS_NOT_USABLE
peru_runoff,PER_2026,ACTIVE_RESULTS,0xd990c978601d2574ea185e180a5104e189d5b0942d33a8549174b65b95c0e2b5,1656619,PRESIDENTIAL_FIRST_ROUND,65595948729512389955939254373732745417286331496482698866043132462070435613035,77456710325707901479273606200479394888268317192557896919326889729686817570178,false,ACTIVE_RESULTS_NOT_USABLE
peru_runoff,PER_2026,ACTIVE_RESULTS,0xd9df649870ba3fc517a6584cad46cd5f862a9297caddf1b53ea65ba1a36d8629,1656512,PRESIDENTIAL_FIRST_ROUND,20738431860264963887073621323269099641059649220662196156689150865335706334519,79048432249014894682463683115899063912176601120089322914574774154826854744727,false,ACTIVE_RESULTS_NOT_USABLE
peru_runoff,PER_2026,ACTIVE_RESULTS,0xdb9a31a15731bb3eaba3279db6d9d5f9ced4ca843397fca33e3586a93b671719,1656641,PRESIDENTIAL_FIRST_ROUND,13041338583297471956109455548021156613329967039176259556479047451026454738195,93208928217229852113180125719261724027047108389266147494426056098339456334687,false,ACTIVE_RESULTS_NOT_USABLE
peru_runoff,PER_2026,ACTIVE_RESULTS,0xdb9ba4520a9b0981d61464cede94a695b7c0a37d5df4f462f09a7fd7d93c2de5,,,,,false,CANONICAL_YES_FAILED_CLOSED
peru_runoff,PER_2026,ACTIVE_RESULTS,0xdecf03a5472d11e25d230c07c77783ec27281a243e89e4e0479630a8b687412d,,,,,false,CANONICAL_YES_FAILED_CLOSED
peru_runoff,PER_2026,ACTIVE_RESULTS,0xe04f2af37735f3437a84e253eb67bcf7c99b0af287cd09aaee2536928a3e3351,1656109,PRESIDENTIAL_FIRST_ROUND,39916852343044928083401627894499237315195903714013029141593269291466435539606,90639944525847645154221255639820113511977299452466007803057918722823325719051,false,ACTIVE_RESULTS_NOT_USABLE
peru_runoff,PER_2026,ACTIVE_RESULTS,0xe0cd1311e134e6efc4cfa1d4ae29129f2e24e5f2471c3f4dbeb3c57cccfb9d59,1656658,PRESIDENTIAL_FIRST_ROUND,24382858618770683581953140426169486676247229658237605682964351068440863558936,53932490308278070297403582749733042634609609876119855875211071300786699802037,false,ACTIVE_RESULTS_NOT_USABLE
peru_runoff,PER_2026,ACTIVE_RESULTS,0xe116526ae48797730b102d2d31ab97e8aa0bb95e0534ec0d9ebf11d6c54d2afd,1656098,PRESIDENTIAL_FIRST_ROUND,63411249628328628537282111878279217588800267161900723818029732692816059011581,110672951248787026951770472853936780410704093844378787280498299049043990967578,false,ACTIVE_RESULTS_NOT_USABLE
peru_runoff,PER_2026,ACTIVE_RESULTS,0xe126d7362772fa787af7c3467c0ebcacbaebcf80aa7bc2f1028d35e883e31711,,,,,false,CANONICAL_YES_FAILED_CLOSED
peru_runoff,PER_2026,ACTIVE_RESULTS,0xe18a1286c10eb4e5d6b67a81e0164425366e5dc08f9cf36e979c48d24eca569d,947291,PRESIDENTIAL_RESULT,37054672673240893716147212545578261558108422916710328334838178765603659455400,106079005172417711637793169595302923169474263707066496426477614121824032044602,false,ACTIVE_RESULTS_NOT_USABLE
peru_runoff,PER_2026,ACTIVE_RESULTS,0xe27ac37b05bb38fb3dac08bc729de436e883658b4a9e175423230a493b35876b,947315,PRESIDENTIAL_RESULT,85061842390195981842588019598418332689727631855536460661576405961217120511895,101745545075289706294835612865955117526770965773798849434535057828292086959175,false,ACTIVE_RESULTS_NOT_USABLE
peru_runoff,PER_2026,ACTIVE_RESULTS,0xe3b9d19488a84b5b9c4a03487595fd5bc70a04ce0ec6a30568bb5aba5803a9cb,1656646,PRESIDENTIAL_FIRST_ROUND,111227101002758441443601610898429320768731308881146639625009245911858503122268,37742644549369255655588752178983143025548478665790682919893340291811376720815,false,ACTIVE_RESULTS_NOT_USABLE
peru_runoff,PER_2026,ACTIVE_RESULTS,0xe8f8bc52bb22ad4c03e8bfc045a5dad8081df2ed58d8e8411b29b82d1797bccf,1656056,PRESIDENTIAL_FIRST_ROUND,36132077336828691860627869834053703428933999406725972355436911059125862745305,97002302699209027113350492821618309378118441722535035929077981735834133911250,false,ACTIVE_RESULTS_NOT_USABLE
peru_runoff,PER_2026,ACTIVE_RESULTS,0xe972a8ff16b672af0fcb4bad67b6185fb5c490fd6cf74c2768435e45c016274e,1656521,PRESIDENTIAL_FIRST_ROUND,29727794788496023794871708776302477673966876720513377965304085567351761690717,17419457934765910278971704761552149020218609570345455102915045188300104758127,false,ACTIVE_RESULTS_NOT_USABLE
peru_runoff,PER_2026,ACTIVE_RESULTS,0xe9db532205b7296d32b71eb3a24a4a748bb2a77475bcb1f208aa3ed8bc7685e8,947255,HOUSE_OR_LOWER_CHAMBER,100993176266349984213470704237875918357016544091343151189046801510111502938244,60016073023457946339060519468621452285973558751510637306268891360441161248173,false,ACTIVE_RESULTS_NOT_USABLE
peru_runoff,PER_2026,ACTIVE_RESULTS,0xeb0161bd6aa0da4e7a62799ad515888e436e36104e79510bb992c999a2981778,,,,,false,CANONICAL_YES_FAILED_CLOSED
peru_runoff,PER_2026,ACTIVE_RESULTS,0xeb0a6b44978e32089ebfc4a09e9c34e3669f4ccab988cb9db7a620aa87cf773d,1656084,PRESIDENTIAL_FIRST_ROUND,103025658404153563744518884955805954390283511979266943511001392952949627585960,57286409390752992519728862811488003458864625638631428876361397453487130708696,false,ACTIVE_RESULTS_NOT_USABLE
peru_runoff,PER_2026,ACTIVE_RESULTS,0xec0866bd4dc6295a55d7f5c6aa506bb1b6afd3acc9de6853aeabe89ace344fa4,1656663,PRESIDENTIAL_FIRST_ROUND,34707721501461973104498870903064824511826761900186294599634106945587321631480,71099812043807257519089920064162912595319242423729195688924962302499919324977,false,ACTIVE_RESULTS_NOT_USABLE
peru_runoff,PER_2026,ACTIVE_RESULTS,0xec23e573ed44f69d0b01c1d9de4e019452245f636f03d1d6f3f963694f2d7c1e,1656504,PRESIDENTIAL_FIRST_ROUND,91534439892105986741011253544757696197254221877672242864596556847710503091206,71102834302277171755428859510707879289960829050263777155999472180754869846371,false,ACTIVE_RESULTS_NOT_USABLE
peru_runoff,PER_2026,ACTIVE_RESULTS,0xed5b9cc405a18de33cc052fbe5f7c800850828057efaa55fbdf242b21d8f2be0,947253,HOUSE_OR_LOWER_CHAMBER,91481015014632243092562697676267278933815099899077251972026022265597791873816,104024101892116209436190363382006312126766477160579348301425507214714957592688,false,ACTIVE_RESULTS_NOT_USABLE
peru_runoff,PER_2026,ACTIVE_RESULTS,0xee7bc648dc809048ba5c9cee2497344ac72859c0cac0ef276c86e5744b52a6a7,947311,PRESIDENTIAL_RESULT,44712757105045591689338108615801731552024492498999025475604038297181499023223,112446116722733160209430333686105557006779526436994828502323710275733220698603,false,ACTIVE_RESULTS_NOT_USABLE
peru_runoff,PER_2026,ACTIVE_RESULTS,0xee98bde75e6b2ce8e496f6d2c107858290c6370a6306d2c2eceeae7a7dfdc3c5,1656610,PRESIDENTIAL_FIRST_ROUND,17289821388800663985124066983270947233124468876325593639674919944406315619937,100917948879862933493450426562556655853281376127714087683657817744717778656034,false,ACTIVE_RESULTS_NOT_USABLE
peru_runoff,PER_2026,ACTIVE_RESULTS,0xef41beca68ba75083e07d8f9ad8f9e62259eaac5b3e3b4c0902accd878f2c8d6,1656643,PRESIDENTIAL_FIRST_ROUND,15127459231704361163580805365214582489709332788784180889563211000091501703575,76715293813557892678684884837100621024512521565756691112082620572860925819921,false,ACTIVE_RESULTS_NOT_USABLE
peru_runoff,PER_2026,ACTIVE_RESULTS,0xef61cec575ac7260343e1f0c11900fee12a1f30b521b649eec7663ec5424242a,947272,PRESIDENTIAL_RESULT,50243762671512851167282517271037976718384543563492030616749604530990728402798,106437503449869126798318748561947971415320337579430634156444932448976881130687,true,
peru_runoff,PER_2026,ACTIVE_RESULTS,0xef6bd8e629dd6f51b02c9c57adc5c6e4251c8d427109eff08bebcdd3462e923b,947248,HOUSE_OR_LOWER_CHAMBER,56456803387650397845761837417809147583449071152814172522951904487087521090322,64523872069222310376176878209842081397064012149720732920739116468100201100500,false,ACTIVE_RESULTS_NOT_USABLE
peru_runoff,PER_2026,ACTIVE_RESULTS,0xf03acd991ff8a9dfeaced717628b4feb3e9991994d77c257f45db40a9f218ad9,1656519,PRESIDENTIAL_FIRST_ROUND,61452470266348853620877779611471860901427112142516189964930973270481084945767,11652301515948394262559016886045757695497068846866835441059888805811738696855,false,ACTIVE_RESULTS_NOT_USABLE
peru_runoff,PER_2026,ACTIVE_RESULTS,0xf07e529d8494022282bba5908e166e7f45183c91ccdc0cfc21fe1ffd758fb461,1656607,PRESIDENTIAL_FIRST_ROUND,26113897852597005860455242981829615084663343836652972058009917954461509279131,74497006541757297874061308307112855652111256796048502879291064710635166207698,false,ACTIVE_RESULTS_NOT_USABLE
peru_runoff,PER_2026,ACTIVE_RESULTS,0xf0d39ea3a73ddb89ecb1d7d576450662071b2ad1267e70180103f1a9e771d5e5,947232,SENATE_OR_UPPER_CHAMBER,7967030346269335047899630315279430183390020328524361210428571451060873899572,4488013281316569460602755037145835894244962570969659011962254786143369617988,false,ACTIVE_RESULTS_NOT_USABLE
peru_runoff,PER_2026,ACTIVE_RESULTS,0xf142b2b9bbe0c5d5c1bce843050bc399babf1690c611cd3c1e6f00901fc1e96b,1656652,PRESIDENTIAL_FIRST_ROUND,24559541494035337415514530563011532470979790430032951228793970627028540014645,109348852599288951895687775165648693416914873486367220166342318815379970030700,false,ACTIVE_RESULTS_NOT_USABLE
peru_runoff,PER_2026,ACTIVE_RESULTS,0xf39b33c106ce62d418a4de61393ca322ec026b5254af98691c7e4ee687ffee67,1656655,PRESIDENTIAL_FIRST_ROUND,78885319598457595048741940066175443119373530260735525626412833946145214314328,36504031934218863081218936908152586171029431277245788559468083383345575811831,false,ACTIVE_RESULTS_NOT_USABLE
peru_runoff,PER_2026,ACTIVE_RESULTS,0xf47be710ceb8ce77c77ab0e8b14399e4c8320aeb4334bd18206bc3021c07d0c5,1656106,PRESIDENTIAL_FIRST_ROUND,52411408480441641824574925348111557709091845308614258902062167001752888773509,95364624806881616367123070489007982362368334268948671416179891958425291027511,false,ACTIVE_RESULTS_NOT_USABLE
peru_runoff,PER_2026,ACTIVE_RESULTS,0xf4d34e226d47ade913696f094d770de9ee694278af8519ae993f5cb3807676bb,1656611,PRESIDENTIAL_FIRST_ROUND,102953299418599698896684670786001084225903796756639114001784002320590805555644,76965832567797114265453619401093339475730046289865498799159533063683994476247,false,ACTIVE_RESULTS_NOT_USABLE
peru_runoff,PER_2026,ACTIVE_RESULTS,0xf53b2b5e27bfd687d494d6b302fe8848c50523ad627535e242b99197f7b0bf6d,1656492,PRESIDENTIAL_FIRST_ROUND,68189374515748677337524561786627983726911731633563291538700689576557466820795,108360521854649244387507833660920715041435983527157357347152766733559282701514,false,ACTIVE_RESULTS_NOT_USABLE
peru_runoff,PER_2026,ACTIVE_RESULTS,0xf5d8106426faab18067c415c1677c1e08f5905200fe49f874cfd957da6787c90,1656601,PRESIDENTIAL_FIRST_ROUND,103894042733599424585812204654888170782011785900283941512221247318914369364622,26636482730650514007526200022316824947273442952839712762042736442210736909695,false,ACTIVE_RESULTS_NOT_USABLE
peru_runoff,PER_2026,ACTIVE_RESULTS,0xf6e83e768923d85ab2a8ba7b912c3c95d132276a6d7d63d592e35c754d87b7d5,1656516,PRESIDENTIAL_FIRST_ROUND,34278569887086069482900974745929802823175821627652293089836358065348614969998,67002154717076505206950347742803078190743465806389963870181461350685183087740,false,ACTIVE_RESULTS_NOT_USABLE
peru_runoff,PER_2026,ACTIVE_RESULTS,0xf73e2e231d324cb662ad80eefdd90bba5007fc4df45bc2c7bab90d83693cc4ee,947275,PRESIDENTIAL_RESULT,6200507252841835595951008504441149768354972632973075259527756928392759138736,112878248181235577893718476117848068375752867388876637354725020175995521912093,false,ACTIVE_RESULTS_NOT_USABLE
peru_runoff,PER_2026,ACTIVE_RESULTS,0xf742394d49961b0cc4766ee3c8229c5ec7cca7ec339f08b41f7c9bb28fc0e126,1656496,PRESIDENTIAL_FIRST_ROUND,71873695595277522842105786723702129593782292720689312674592785618644559034708,12305406897908389043036938553119183549216722036766103865021197329102816199480,false,ACTIVE_RESULTS_NOT_USABLE
peru_runoff,PER_2026,ACTIVE_RESULTS,0xf8b25fc66327161be0d3f2f65ba8e407f74e1fe763d49fecd477c81d1fd32dd4,,,,,false,CANONICAL_YES_FAILED_CLOSED
peru_runoff,PER_2026,ACTIVE_RESULTS,0xf8bff559fdb02c9d94b46153b781f20feaacdc5a5729130c64e2a4f1a6848cfa,1656539,PRESIDENTIAL_FIRST_ROUND,7445282112299481768703564190520530791841931525515311591385484981270209273992,44966780708986915822416822614009780778554359637697137739580934741916938923486,false,ACTIVE_RESULTS_NOT_USABLE
peru_runoff,PER_2026,ACTIVE_RESULTS,0xf925700da113bf5e9af4b5db9bcc0d211ff7525fde10012dc704e5eeca36527f,1656104,PRESIDENTIAL_FIRST_ROUND,69305344418246484736510389852010806993328149611616446069964794446409240350474,74708133207907221991624720891390444430164571773994562762643376300932731556980,false,ACTIVE_RESULTS_NOT_USABLE
peru_runoff,PER_2026,ACTIVE_RESULTS,0xf963a355c120619a5989cd570ca4d81db9ca1c0428057729ce39012441dafd07,1656092,PRESIDENTIAL_FIRST_ROUND,86019106265800181356168227029320405631864574463912867339830829817958461658030,23476721444407913146315023310289813392286693093127151770012427636822004496977,false,ACTIVE_RESULTS_NOT_USABLE
peru_runoff,PER_2026,ACTIVE_RESULTS,0xfa5b14bb102776c8a1be006d3568b215466bde3c18e5a3226841a0dc8144cbac,1656662,PRESIDENTIAL_FIRST_ROUND,8678026338004648207598474416242816178661894523547681060811757456447250520278,16575372560720191435288591939028890195134172954056828232289813815480062417697,false,ACTIVE_RESULTS_NOT_USABLE
peru_runoff,PER_2026,ACTIVE_RESULTS,0xfabb44349d9efae987031d3d1d29c72a10835c975229a22169b41da7337d4330,,,,,false,CANONICAL_YES_FAILED_CLOSED
peru_runoff,PER_2026,ACTIVE_RESULTS,0xfc9ee82e1ee613462e017f7b045336aa833fb539aaf955af522a00dacd5584fe,,,,,false,CANONICAL_YES_FAILED_CLOSED
peru_runoff,PER_2026,ACTIVE_RESULTS,0xfcfb4de7450796136ba9456f7001f97abfc7a2f38f4c41e3aca98bca50c94fbf,1656068,PRESIDENTIAL_FIRST_ROUND,1569034882987238301061171471814877252282058651984292522898316469131262384238,18810937144349075449915254601958654810999798503554373740384266031071554523285,false,ACTIVE_RESULTS_NOT_USABLE
peru_runoff,PER_2026,ACTIVE_RESULTS,0xfd65fcde6ffd88ac7be03616cf44556630bd1f7530d7a9682c45fe8b726ae342,947244,HOUSE_OR_LOWER_CHAMBER,59007735809419567406818128965357322201263386348705659746338440669272269771439,49331057809922116188753559442111718668872440082203031477967708760908895919338,false,ACTIVE_RESULTS_NOT_USABLE
peru_runoff,PER_2026,ACTIVE_RESULTS,0xff201c1ef5556c63141d367cd4b362163584e0d8fd3a86ac1d7420d28511f66b,1656649,PRESIDENTIAL_FIRST_ROUND,2616437442862187478870264717046956569028378235927066845214827441191751035453,24587901766003064266815367395020961858699469333823406923812643680020700691745,false,ACTIVE_RESULTS_NOT_USABLE
peru_runoff,PER_2026,ACTIVE_RESULTS,0xffe54246ee4a420004baafef5463000a8dd335d69aad69579dc1a4ff0cd7cf5e,947235,SENATE_OR_UPPER_CHAMBER,29552960598050897125399431759407039830551094150618789169821377729037136008568,11215188509591939055593666450665834010380326383564065632172816484965773618473,false,ACTIVE_RESULTS_NOT_USABLE
colombia_runoff,COL_2026,PRE_ELECTION,0x00a14a56bedb50c9fe1ba6a7439b867764144817bf9df2b4f8d5dc20a2cc8486,569683,PRESIDENTIAL_RESULT,62327952739423226724129205800593953439110252380391880894136295328277849923687,82697751914471515482975394698986811926531949849935219052904303789335138314053,false,PRE_ELECTION_NOT_USABLE
colombia_runoff,COL_2026,PRE_ELECTION,0x00dbeee0d75b64ac2fcbda9e0b228efd811f57891ec60597f94d704157e1cf0e,2037913,PRESIDENTIAL_FIRST_ROUND,67653359164066022037584214393317245900795445630715680215846687562858333665468,106669893920545988503595471454383796504893438254853457897294774712051839819641,false,PRE_ELECTION_NOT_USABLE
colombia_runoff,COL_2026,PRE_ELECTION,0x0106c99eee7a0649366815bec6cbdcbafc2629562d48fec7a0b54879deeb049e,2037936,PRESIDENTIAL_FIRST_ROUND,100703279858690959458190208526109876748745820218074829115667506342019730348958,6137108549751367824522720747871433599555029100103419795068096970439355080814,false,PRE_ELECTION_NOT_USABLE
colombia_runoff,COL_2026,PRE_ELECTION,0x017c92abb97f6a51eb6c3b57986f844a565b341e2202ddd85154438f56f597d6,2333982,PRESIDENTIAL_FIRST_ROUND,88420609021782927105180592896462097956812731216504672311014751928708191176194,1900083526703148128084802496536352193862401501135653340857945698750670633916,false,PRE_ELECTION_NOT_USABLE
colombia_runoff,COL_2026,PRE_ELECTION,0x01cdf8941ffd7b36d40b858d6d346610e28c47634a6eb69b341b6da40e181a2f,2333950,PRESIDENTIAL_FIRST_ROUND,49690112916489451949296667467909564012568297466401642896119638306683189782108,37857071945186714679861246249922637208884269467245056813717230291513237601012,false,PRE_ELECTION_NOT_USABLE
colombia_runoff,COL_2026,PRE_ELECTION,0x04ad247146c2e2c6b1240af1d6fcdbf6b893ad4af03558c73b85cf214dacdcb9,2037926,PRESIDENTIAL_FIRST_ROUND,92439600558413151279456702840942230272457188248761822216128378235592169953844,45865545533411841932559872267971561687270367301574371238982635738774821585900,false,PRE_ELECTION_NOT_USABLE
colombia_runoff,COL_2026,PRE_ELECTION,0x04e73caf81ef64ce0c612699049d295e18dfe9bdd60d898fd3d8a64cac723661,569342,PRESIDENTIAL_FIRST_ROUND,77948970922967013320765099624654609581945232484076127193275914408760472466885,44674753934222224973645551263585431199862484226841760360632158056570271014639,false,PRE_ELECTION_NOT_USABLE
colombia_runoff,COL_2026,PRE_ELECTION,0x0622b01925e56a091f248c42fb194d3b86d58165f6647d6bcb7afc6fb4638531,569367,PRESIDENTIAL_RESULT,100491958886776974191121583503513146470234388396360962605267069217658465802580,82503349357181056398149908255365503506981833559023213427675200732940959552735,false,PRE_ELECTION_NOT_USABLE
colombia_runoff,COL_2026,PRE_ELECTION,0x065c9c419b6e1efa736760d175f0bb544af3b06c908d2bdcf7a942092faec5a7,2446454,PRESIDENTIAL_RUNOFF,7842998641854640467498864847927196666887026414217538383618059089010287738821,73377810827384780824303947274695960562511250713318827027771148534840046107237,false,PRE_ELECTION_NOT_USABLE
colombia_runoff,COL_2026,PRE_ELECTION,0x066968a0782400de3de2361116a0b65a0f596f52541aa47b7141a24ca99d2c7a,2334016,PRESIDENTIAL_FIRST_ROUND,11781705372887088419510717222413316365659704221785840568892902962488478023870,30129847144254064992260751098606878832796611898324689556110935735579948046767,false,PRE_ELECTION_NOT_USABLE
colombia_runoff,COL_2026,PRE_ELECTION,0x06fd167abf1870e59a2cfa0993fcba313296445d800a2a796df349de4d453b1a,569351,PRESIDENTIAL_FIRST_ROUND,49717584418487044513717863276516405463966260892819520159064698592829653119144,38630829436467708561145688553877980393399758676690044755109421253879766025075,false,PRE_ELECTION_NOT_USABLE
colombia_runoff,COL_2026,PRE_ELECTION,0x079756094f8f3f2f1c27c3c81a222b2211a2d57a1de72f36afaddcee8692db5c,2037908,PRESIDENTIAL_FIRST_ROUND,26737880624473827032663360845894123316722347696680032251589703832735493100304,45421871262879598219487062236304156481950759351622300698091157652906301040611,false,PRE_ELECTION_NOT_USABLE
colombia_runoff,COL_2026,PRE_ELECTION,0x0800bd687e4028589e13ea87e9d999ae8495baf34b886cad9aeaca166273fa72,2333996,PRESIDENTIAL_FIRST_ROUND,77801891223987841891474930621248532092123386694399544698997121876709615623565,79774248936917677535786289214612350107249875033447978339913670987747541234371,false,PRE_ELECTION_NOT_USABLE
colombia_runoff,COL_2026,PRE_ELECTION,0x0d2496544913dd1efdc093d296e366b4de344adeecc45d84cb4ab26433f335d1,569348,PRESIDENTIAL_FIRST_ROUND,72774350053906879890006453324691552555097045786061116921411542398714774240040,25245826787224338410010088676982472331814131701235656578925446163384798724305,false,PRE_ELECTION_NOT_USABLE
colombia_runoff,COL_2026,PRE_ELECTION,0x0f8307d8ac0573ba6495eef430d494716afa6019bb9fe059409653cbf1fe3c26,2334006,PRESIDENTIAL_FIRST_ROUND,109396079339670134267026895477341251318298298810359408106350415412049883203994,5900216445606360244565092745250598981651924056364882335184389504782667595305,false,PRE_ELECTION_NOT_USABLE
colombia_runoff,COL_2026,PRE_ELECTION,0x0fb006e0c06caa4db12f7e30ec8c2483d658f83eb57b2ee8eb478e39beca3dfd,569368,PRESIDENTIAL_RESULT,62374557612691330043510053829591470998236327248924987579815802826988260253261,45225184915026490412090111842887484470550126139644389135401954155408710524398,true,
colombia_runoff,COL_2026,PRE_ELECTION,0x109985b203700a3201125daee47e511f6de4ff2cf138d66a3f2adb557c36c0eb,569372,PRESIDENTIAL_RESULT,54150466123374773726738402962617014073469969105711615831248994920187304132512,13078858863233902852171878057565223170342271482379627448610126588212958283632,false,PRE_ELECTION_NOT_USABLE
colombia_runoff,COL_2026,PRE_ELECTION,0x11557bc4108eb3a0c095cce4bdfe3aef3706d9a323468d4a3fdf34abbf031c61,2037941,PRESIDENTIAL_FIRST_ROUND,32509149864066409743918236029964748712437195867638555282675937116511182256138,79961504106196749925007563577577293162219935628795595694451830915360865260523,false,PRE_ELECTION_NOT_USABLE
colombia_runoff,COL_2026,PRE_ELECTION,0x13122f23a3ec3d047910eb1c806738135515a8cc7c73704b70df6816f3832d01,2334002,PRESIDENTIAL_FIRST_ROUND,94556209340454165880345312250734643981747440062393825117083360543833752783226,22200512612568968902623011778589006136021375383650276532998557240188966065128,false,PRE_ELECTION_NOT_USABLE
colombia_runoff,COL_2026,PRE_ELECTION,0x134558df204e69f48e65c4a78b8a2bdfb696edd1e32dcf374582d4172d46e480,2333876,PRESIDENTIAL_FIRST_ROUND,7253269161954403703332238123834606285309457866515861611962899377270993957034,106195663937235118001100116011519912903870205974990062985376025242606203122868,false,PRE_ELECTION_NOT_USABLE
colombia_runoff,COL_2026,PRE_ELECTION,0x13fdd4bd0d84295d0dce1a74f0aeb13c98d8cf742746fd70b22225a9a8b55bdc,2370376,PRESIDENTIAL_FIRST_ROUND,59263798627249653735139959425434434938525580867813565742566207804138725744398,106907883654432555669105797640433393860603468575290578144134062016861224644807,false,PRE_ELECTION_NOT_USABLE
colombia_runoff,COL_2026,PRE_ELECTION,0x140f399dfb1bcebb1a0a8b287b9582b56a8347f8263843062d4c7341d60f24bd,2333906,PRESIDENTIAL_FIRST_ROUND,19872350398921714127744586988634099423923686591421430630787622118952123734352,8788236363524947485861079686558881748305798325253847460913746823751794666044,false,PRE_ELECTION_NOT_USABLE
colombia_runoff,COL_2026,PRE_ELECTION,0x1487020a35d9222a0f53d7a432b59e52041ae61086a1ffbea94d723b84ae203f,2333904,PRESIDENTIAL_FIRST_ROUND,36911343263732025547434327913640862187300895675420273945247834963787649733036,34893683973991935828332308014334218695058850542179922726756230627982217050144,false,PRE_ELECTION_NOT_USABLE
colombia_runoff,COL_2026,PRE_ELECTION,0x15bac3fab3754ba57ba328d86b93b296778a1b90c12bafa51f07b3ea79996b4f,2370373,PRESIDENTIAL_FIRST_ROUND,106763230704343183453719408887359082927815236992232473300788515686612692073771,11618145140283274060200253187130030476847871423203649938570348046814275016199,false,PRE_ELECTION_NOT_USABLE
colombia_runoff,COL_2026,PRE_ELECTION,0x16442f96848b4442b335774cd10a47bc917ec541130226b45cdc4f26abfbb05a,2252528,RUNOFF_QUALIFICATION_OR_PAIR,69354691871414110693522807641531264544288172767412558619166842998812658601653,2744910169025435180867465822005734639824915857729809093127949443344738999140,false,PRE_ELECTION_NOT_USABLE
colombia_runoff,COL_2026,PRE_ELECTION,0x16735442b2bb8ccafb0d588e2c514a5e537710f29eef62b9aceb110927aa0b17,2370503,PRESIDENTIAL_FIRST_ROUND,14032565312204116543058042853830508215638603444086721905238406226915307335250,112056089362062494013086287319777463778590557555325123282491093562172424170419,false,PRE_ELECTION_NOT_USABLE
colombia_runoff,COL_2026,PRE_ELECTION,0x1701b80d6df629d7b30967c7abed55c62b553f8f1b653ee69bb1c2078ab1222a,2037923,PRESIDENTIAL_FIRST_ROUND,41152046852821706027739182697692490036748225025281658843268438477766746657620,34393477159277850446203391159737931012767707336058320832180008063876251323527,false,PRE_ELECTION_NOT_USABLE
colombia_runoff,COL_2026,PRE_ELECTION,0x192e9cdfdf73c5be0123885cf069cb30c74196e72f3bea981ea245907c584103,569375,PRESIDENTIAL_RESULT,15952309044564592061707548788230769719958492797769308291116294264840870699738,50248943920534936026560510175588177476394368593498716063735193505706494883399,false,PRE_ELECTION_NOT_USABLE
colombia_runoff,COL_2026,PRE_ELECTION,0x1b52ae0ad863224eb8f63d17a48a6962111ac91b5cd3bd34449c02b7129b6523,2037938,PRESIDENTIAL_FIRST_ROUND,81816373486469789635838968973862753367247327643189074297016045282206730563405,7390802298625925415689880929753760034654483570394113687070191004223187019573,false,PRE_ELECTION_NOT_USABLE
colombia_runoff,COL_2026,PRE_ELECTION,0x1dce2fb21c0caca2ff4a99f4dd50af35594b538f90b776fc02054c41a078d0b4,2333937,PRESIDENTIAL_FIRST_ROUND,78748489466052311097028383377840442653725417631344402385314615233352567983747,25576030760270949472535201484398537328198968697513174828599064799190324769670,false,PRE_ELECTION_NOT_USABLE
colombia_runoff,COL_2026,PRE_ELECTION,0x1df87f7e360bcf2a2df38a2ee1bde8d1bff411780fc7e475a4a09a94a9bd3899,2370375,PRESIDENTIAL_FIRST_ROUND,108974167068494983977501827601085425117902742141321372239296316608755852846077,109435389580424658150493785421168198466327994825138139108960099929552872167974,false,PRE_ELECTION_NOT_USABLE
colombia_runoff,COL_2026,PRE_ELECTION,0x1f65f4ac4769dce4ecc5fd5df132eb6e6e94fe1e84863fd55c3f4a858c7bb425,2333938,PRESIDENTIAL_FIRST_ROUND,75019948041757382065489462523916767035504985914156740906730564940516170614049,428081008950391192052001333300444267896857211222406099295769012803305510135,false,PRE_ELECTION_NOT_USABLE
colombia_runoff,COL_2026,PRE_ELECTION,0x1fb33c5b0e416bee0294346d5d255b50b9b1b64ebd9f5bfdb18c89aed6b0e40e,2370504,PRESIDENTIAL_FIRST_ROUND,95397713339867671620267750294638973576062800721731079271432384499852407789018,59577799598615041474525598766462222441775718236296469685245542779261212208618,false,PRE_ELECTION_NOT_USABLE
colombia_runoff,COL_2026,PRE_ELECTION,0x1ffa861140b3938290e913f1e8fc09a9402d92b5a77ae7ef04a1bf1984f47124,2333874,PRESIDENTIAL_FIRST_ROUND,73623722357385139155184248655502762857722717250404134489597392300966802164164,9817226365294261934726881912604722643229405313723567325987764862511927473556,false,PRE_ELECTION_NOT_USABLE
colombia_runoff,COL_2026,PRE_ELECTION,0x2016b5e71ce635ead2d9d57a7235c634d7d8b13701892cbdbb3461a9a2fae342,2446492,PRESIDENTIAL_RUNOFF,112323293761407449932638593473133795457880106836849108920917453782926381146085,107334393118155912715030788823887377098927087752221659734421204748971634393761,false,PRE_ELECTION_NOT_USABLE
colombia_runoff,COL_2026,PRE_ELECTION,0x202af343a370924358b0397efd5b812affec245fd60a9f7bdcadc914b6179a3d,569365,PRESIDENTIAL_RESULT,80201140209960826248352000586932595636659282485774269449093899277382388462647,110257447605175414142409437826201644413797605873205278809974239027558213454512,false,PRE_ELECTION_NOT_USABLE
colombia_runoff,COL_2026,PRE_ELECTION,0x20f7429a43b2cd9e85d5457b05dce090076101c4af2ebc87939e33fa5bbcb474,2333890,PRESIDENTIAL_FIRST_ROUND,1078478351008778866690037740299609888947648072547291962568627039600427590283,88384321750597173643728369378083181554832385402359916762417309734831615255978,false,PRE_ELECTION_NOT_USABLE
colombia_runoff,COL_2026,PRE_ELECTION,0x214e38b663643eb8428e7eebc73eada6fe580724ce6ad298e22b04b6ed2af0b9,2037914,PRESIDENTIAL_FIRST_ROUND,104120634170391766294745534923968074884644833335532494093680914844279537387792,51478817533267971727964893945813375824876637274065996714709315814131936570088,false,PRE_ELECTION_NOT_USABLE
colombia_runoff,COL_2026,PRE_ELECTION,0x2291649b1f3bbbd1348dcb7400a9d239fc403a88489ea6d2b523db272a4f5d15,2333883,PRESIDENTIAL_FIRST_ROUND,41677755529161538623285741830045706935631847977044006880022105582468945252017,19672903945844730210426597254715410372669041375450446930672691256532458942082,false,PRE_ELECTION_NOT_USABLE
colombia_runoff,COL_2026,PRE_ELECTION,0x26a0f0a0c39f06c80dcfa83ba8b9701973471e097529aadd791b61bada836c20,2370368,PRESIDENTIAL_FIRST_ROUND,25690840019062849976496566794963978141818728224461919092756328830681090169797,70711342151483937699561861579769525426595720303575710642911618019465212044891,false,PRE_ELECTION_NOT_USABLE
colombia_runoff,COL_2026,PRE_ELECTION,0x2890121a9277d619b936695405544bda9f80d184b05d9503fd8f173c52867365,569341,PRESIDENTIAL_FIRST_ROUND,91061986285111660506709592119475475293178445047267552942031473045846880257562,47634466547617839934032219229279945162541382502913745126666974137002716262684,false,PRE_ELECTION_NOT_USABLE
colombia_runoff,COL_2026,PRE_ELECTION,0x28ee5befbb4642b7fb682d904d96375fff2290ab924d77024586185d1b68530a,2333885,PRESIDENTIAL_FIRST_ROUND,26305959153302334489897721619801514327439942531863552746872334003234759235395,6468979929223138465593425154646016866970325298229487948093436692333676835217,false,PRE_ELECTION_NOT_USABLE
colombia_runoff,COL_2026,PRE_ELECTION,0x2a3914b6dd5c7cee95013706205721b7382eb58521f78c2f05aa27d66dbc98ab,2333998,PRESIDENTIAL_FIRST_ROUND,66381795846969032629901430810742945962626578004273330356466856194567141702541,40409767179656996491727443577129961128822452085512967205325220979407970324285,false,PRE_ELECTION_NOT_USABLE
colombia_runoff,COL_2026,PRE_ELECTION,0x2c00b43dfddc4e2ff16e00a2c4aaa59a75978e693651d454426ecbce7107664a,2333985,PRESIDENTIAL_FIRST_ROUND,90887057050804113519265420623412497183452839038060206558937974396477090101473,10175524752780470859813380426156901626697434676400789950907838320962547414835,false,PRE_ELECTION_NOT_USABLE
colombia_runoff,COL_2026,PRE_ELECTION,0x2e2125a3d313f17fe3d301b05685d939aaa7c1b0541183108e7a471541b1143a,2446461,PRESIDENTIAL_RUNOFF,90911638330815022745723177109126619053681521039738438662830585746510558614815,4164174185561595497823941618642956639869906996394235318393454589478231246770,false,PRE_ELECTION_NOT_USABLE
colombia_runoff,COL_2026,PRE_ELECTION,0x2f932d721e4f15f90c23488ca79167661d11cdf3f4e70b133c03a1dd40f5767b,2037909,PRESIDENTIAL_FIRST_ROUND,65801053936630475337253265637587750169980419433235190392847718276767934340006,78315262461738504589301281853980470907983972045284437433552488491405105855170,false,PRE_ELECTION_NOT_USABLE
colombia_runoff,COL_2026,PRE_ELECTION,0x30c832f25d94330ff3de64f5dc4dbfb18223120069cdd41c64badec23a651d1c,2334010,PRESIDENTIAL_FIRST_ROUND,89216459400416278970752549736182845674936683948150686940422944436972102599161,9846885350683254353720933894247170453773589259249512972752088088243713448428,false,PRE_ELECTION_NOT_USABLE
colombia_runoff,COL_2026,PRE_ELECTION,0x339df241ecdf5119d616e6a263411b36cc6265d66431f939429595ea3f25165c,569378,PRESIDENTIAL_RESULT,50904860313941056616337244037140417510300046769518001741853498208438107484878,54650874419190726488429331845837298890322423771237910031862078351950599869520,false,PRE_ELECTION_NOT_USABLE
colombia_runoff,COL_2026,PRE_ELECTION,0x33b9298257eac39553c008b882ac333d2538bd493689d6710d3986d890580033,569334,PRESIDENTIAL_FIRST_ROUND,12516303356363467179885576472702473520609540998008534980142053225514923736128,56392837461754577010918753297684469288092009718829208653365190771739352467707,false,PRE_ELECTION_NOT_USABLE
colombia_runoff,COL_2026,PRE_ELECTION,0x33d57c8656390946c46e608d0b2ed56b8f27d86bd7444a90c691dec4d81a09ba,2333888,PRESIDENTIAL_FIRST_ROUND,43594109551379622502089261633704395774795471425871617618226578487205946510029,45151676639365925805826073756726143239152343539658560368148033304484256679156,false,PRE_ELECTION_NOT_USABLE
colombia_runoff,COL_2026,PRE_ELECTION,0x358a4c706ce29a1847d26244857c6272e5359a17aad079f5672c8fb40d50d66c,569363,PRESIDENTIAL_RESULT,8068224814554540438878048752492562091284744204380091879028789889702206094159,16548553332971476957450072608969189877959572767258214935623579207865190962760,false,PRE_ELECTION_NOT_USABLE
colombia_runoff,COL_2026,PRE_ELECTION,0x35acd85a490ff9b0fbc97e545334a0c124b5f2a703d2090523a7fd8ff626ebc1,2333995,PRESIDENTIAL_FIRST_ROUND,105341950599762419402436652137823543294951876514711995548040653815338279081943,43821158281580462196087007766692176097808730041570269051883433897352919754627,false,PRE_ELECTION_NOT_USABLE
colombia_runoff,COL_2026,PRE_ELECTION,0x3605db298c2c3987326802df95a0c99985174c4323b1cac8941f02a0b84efb69,2333889,PRESIDENTIAL_FIRST_ROUND,1483867935326814451604802032734008601109939300874157392810420055852722805915,15250560151825477381637303467226811024776502005579949979438286031025192354041,false,PRE_ELECTION_NOT_USABLE
colombia_runoff,COL_2026,PRE_ELECTION,0x37eae0ea720d356202b6ea7a60cdfb01bec864732263d570e1b9d2cae2673dd5,569377,PRESIDENTIAL_RESULT,35576386648968576566688560536354233813249129897893663189690996601696599407931,96109665264862080475376393531955100987957944681847649669531300877467560053535,false,PRE_ELECTION_NOT_USABLE
colombia_runoff,COL_2026,PRE_ELECTION,0x39171df906a7d9b43ddf95b2ce7ab44e298a550725eb71dc8b11531aa42fe236,2370371,PRESIDENTIAL_FIRST_ROUND,102522220617940917640135349614659857674061664729122958690827267932184772834434,75514784963273890959399499713376488854370383075496325472954063346318094066231,false,PRE_ELECTION_NOT_USABLE
colombia_runoff,COL_2026,PRE_ELECTION,0x3af66859d08bf41ae115b1492c9b310bb46d90542a370a9519b8be57d6c98e85,2037931,PRESIDENTIAL_FIRST_ROUND,7661824453015520128804094464968738886264147068088724947746909918004220880782,86233090752301391913217963266284886376166918356609573777794451399638360613138,false,PRE_ELECTION_NOT_USABLE
colombia_runoff,COL_2026,PRE_ELECTION,0x3baca5b0070978e7518ec4fbaf7ac79e30eb8adc48534e0004780fca2a59a2f2,569335,PRESIDENTIAL_FIRST_ROUND,48659756136284565019223821348790383206344687947238147520094323320808293530767,41734055192506875703233086051416193321915697699493712397770194153998142718833,false,PRE_ELECTION_NOT_USABLE
colombia_runoff,COL_2026,PRE_ELECTION,0x3bb61959c0e73b68ea71933dc256f136929ed3fbd50d6670539266a9bcaba622,2334001,PRESIDENTIAL_FIRST_ROUND,105313164158348972746104289549133013429598578863021292722124253105017475313134,103878437342836445165759126640218652517109291505029792573004417700660602360208,false,PRE_ELECTION_NOT_USABLE
colombia_runoff,COL_2026,PRE_ELECTION,0x3d0365ae242cbde4034b3ea20e3b0a79f2890f9fb830fbe7e0c79b77dcd3aa69,2333947,PRESIDENTIAL_FIRST_ROUND,65350650080222031414651846750572761951589809609132231875659672907042741710065,39764462074217506973788820792223315818779454812083295273577545164012715674700,false,PRE_ELECTION_NOT_USABLE
colombia_runoff,COL_2026,PRE_ELECTION,0x3dce8adbc5aebb7d7bd60ff6fcab32ef0533e9e9475015120b0abab1d38b0909,2333991,PRESIDENTIAL_FIRST_ROUND,11352667427369571689839022369152424646478177302042848308849827998758857851210,16831389437893005955970490862856925979835807185217127931054156941741591805822,false,PRE_ELECTION_NOT_USABLE
colombia_runoff,COL_2026,PRE_ELECTION,0x40b8399d2b500f8b09da21f76739f58161ac24ccbb2c6aa5df3b3a71bd2128a2,2334011,PRESIDENTIAL_FIRST_ROUND,20608811740831745084777743211572799072737980712474618087083284606889984956657,62613009560964240273763218588168047196705130569258470410748637080831125528826,false,PRE_ELECTION_NOT_USABLE
colombia_runoff,COL_2026,PRE_ELECTION,0x45795a86fe0275182fe3466101b5255dcea67d323d0000f8b4d38513f7ebda64,2446489,PRESIDENTIAL_RUNOFF,94851948724629005472778191056598169532602024635153602269000577525895573713913,19342166706538371110301882523296985923053826328856416982415725431143168146121,false,PRE_ELECTION_NOT_USABLE
colombia_runoff,COL_2026,PRE_ELECTION,0x49e558a18adbc66d0e4157ba3387d34e14a3911b7e261728fac86c42d5c7133c,2333997,PRESIDENTIAL_FIRST_ROUND,9130297864546634016010618697205752332957366224492537595372007182042730147381,12766875175055860764160778665583608934306536119111793498520265084591438289376,false,PRE_ELECTION_NOT_USABLE
colombia_runoff,COL_2026,PRE_ELECTION,0x49ed66968bfb4058a43bcf7bc664cb879e93a3e51bd10d844e3f8662febe9fd4,569338,PRESIDENTIAL_FIRST_ROUND,109710008834411230337090857031488261059821089034726354248807420936018491444380,110944128767750526318450684005515594109905850132487212860536527315959904068270,false,PRE_ELECTION_NOT_USABLE
colombia_runoff,COL_2026,PRE_ELECTION,0x4aca3a9a1cf0bd2a5f0b26b2b677c1f68bd386411adbb1a6bb67937deca40c7c,2333925,PRESIDENTIAL_FIRST_ROUND,58902239124101708668608210519616138658999095812206021255543388621813357749660,108646943568922211235930346739970024469706840810459262069823144610088444634690,false,PRE_ELECTION_NOT_USABLE
colombia_runoff,COL_2026,PRE_ELECTION,0x4b4cbf5395b513b8fade88255533471727a0af51fe950054f93b2e0133f3d286,2037925,PRESIDENTIAL_FIRST_ROUND,53761725662687322223463092511809846719448449750472948909973299308108480174389,45054013742955105900382384033446478098222319254880444431026309617262564787138,false,PRE_ELECTION_NOT_USABLE
colombia_runoff,COL_2026,PRE_ELECTION,0x4c7e5139ca38b08d51ac7d5ab3d15a2ba77ec1f99ee206ca28cd2e160ff8c657,2334000,PRESIDENTIAL_FIRST_ROUND,84558917960422464502952129255871655078984864658860262766178279458450916297861,62111932535811317539346616869497390377875419271804579357828963108951375912744,false,PRE_ELECTION_NOT_USABLE
colombia_runoff,COL_2026,PRE_ELECTION,0x4c99c057d8c04802c654623c8c7fdc40fcc979a3599dff331c5e1aa20a382834,2037935,PRESIDENTIAL_FIRST_ROUND,57172221598532081764295448994534056723478965228523862284455540719534237523960,14259199111157075064382019708111347596578325071281975856847787733735294058032,false,PRE_ELECTION_NOT_USABLE
colombia_runoff,COL_2026,PRE_ELECTION,0x4e7ab14e108ea5a9155cec536b435c098b72702639598f0c28349c8bac946d94,2037919,PRESIDENTIAL_FIRST_ROUND,10647133337702892106263778573888138658570317713098443417452924210592766368406,102079623168623471273840290882862058479284336255106205460876708374644120043097,false,PRE_ELECTION_NOT_USABLE
colombia_runoff,COL_2026,PRE_ELECTION,0x4ea073c06f5bcc307cb4f351e08c5deffd69613f37c651775b2d2f4391b68990,2037915,PRESIDENTIAL_FIRST_ROUND,18743268952767029977873726300637995594341325813891053487160767721400543542361,114220989310925891771558225464740684305589081400589078124850438578778113902108,false,PRE_ELECTION_NOT_USABLE
colombia_runoff,COL_2026,PRE_ELECTION,0x4ec869aeebf64753b780bdb334d2377e99f381d4a5cc83469a6882a1fe336784,2446459,PRESIDENTIAL_RUNOFF,20677053970747892267275906445449479173373738971385900183747685029984688159677,70082181591084950244365636335964030067781194952832822466968105366770178443320,false,PRE_ELECTION_NOT_USABLE
colombia_runoff,COL_2026,PRE_ELECTION,0x4f62215eff94ab3f33405596b373eeccf65bf38a1f996730dc544f934522f076,2333954,PRESIDENTIAL_FIRST_ROUND,62301175332378592230515056834457664793940969911818973871393126855246014596501,83050978721057089796567497752074464462808607858951190314332183331641129306517,false,PRE_ELECTION_NOT_USABLE
colombia_runoff,COL_2026,PRE_ELECTION,0x5037195eafd98f9d50ef8d5700abcaaa7351cc53bfdb1df23fd28fd35eb94e9b,569349,PRESIDENTIAL_FIRST_ROUND,13029278070705688134577821030612277494815895676220866840087054352558704333924,3539761353871947758222904778438532904194418510639880694720927872335191948765,false,PRE_ELECTION_NOT_USABLE
colombia_runoff,COL_2026,PRE_ELECTION,0x53cc1ab913aa7e50c1baab8eebc513a868b854fb1c78781446c42e09dea81764,2333884,PRESIDENTIAL_FIRST_ROUND,50087352993243361968708897880768307880130828363273697884735769217952246350381,54159019525017821909362363264090508987876461534355590554567740118116619534249,false,PRE_ELECTION_NOT_USABLE
colombia_runoff,COL_2026,PRE_ELECTION,0x542631b537143a71ef5959dbfd7b9607a182fdd80bad2b60dc655381f1f429ce,2370507,PRESIDENTIAL_FIRST_ROUND,92815940510889839254932726913535851147944648711626474958748239873145633832341,90893386670177214273771810545673145228034466084452958126544077812398425014183,false,PRE_ELECTION_NOT_USABLE
colombia_runoff,COL_2026,PRE_ELECTION,0x5525bb24ae27c09792c6916b8965e379e877d3da8526183c41f75c510cf391cf,569376,PRESIDENTIAL_RESULT,89694553118673733656678168830633286324312515199800945171852589630303595592081,45947837297819623832751853070957796549644165438317730076415117509643335719678,false,PRE_ELECTION_NOT_USABLE
colombia_runoff,COL_2026,PRE_ELECTION,0x5553ac0f0f12152e074acffad5aa883ebbac57d4d56fb87ba44210a9ff1ef763,2370363,PRESIDENTIAL_FIRST_ROUND,80409343233913036431936767840187042078689044235273383609034963566697602886885,17771261931070273465412656574855359363377231545699136563559510097663300201862,false,PRE_ELECTION_NOT_USABLE
colombia_runoff,COL_2026,PRE_ELECTION,0x55eab99b65f18398a73395d38c50d0b93b2f6fdaedbfdbe7790a30fc073f6e60,2037916,PRESIDENTIAL_FIRST_ROUND,49961881732702835671103659041936946434233949332234829274061522102899378016289,99751667353675366875078820485258424108240560988546214537577783943322961392572,false,PRE_ELECTION_NOT_USABLE
colombia_runoff,COL_2026,PRE_ELECTION,0x566196aaed496a8454b0dd572e88dbc096f13631589b8401efb942bbd4e07cdf,569369,PRESIDENTIAL_RESULT,36553834009124167357981460132800746681781045509640776189348736916365216865880,84932927190840068977064610674468659068085725951047956935296135607430523036808,false,PRE_ELECTION_NOT_USABLE
colombia_runoff,COL_2026,PRE_ELECTION,0x56d3614b2a31f92909d6c8d9674b8a4b642ed8a84e54f44023327cb31c30a6fc,569347,PRESIDENTIAL_FIRST_ROUND,9923011246923572238814851524588176780015983689281865964356210838183555284870,84074974758210511873081721199244479422288283449071936927279030379789309265836,false,PRE_ELECTION_NOT_USABLE
colombia_runoff,COL_2026,PRE_ELECTION,0x570584e73bb6a809be11d2636c64bf4b74487b612fbf9a7782a32439caea1fe7,2333865,PRESIDENTIAL_FIRST_ROUND,30784107834155268010683747974007437163202797356150390767870748631058209969507,46054207991360818981200629995836876456353596967135559498033644278491911925403,false,PRE_ELECTION_NOT_USABLE
colombia_runoff,COL_2026,PRE_ELECTION,0x5843cca0c3640fa5a0abf2a8db4fdead6b2563e10b4f2e94f36bab5938659e72,2333880,PRESIDENTIAL_FIRST_ROUND,27214451748815883698436866174560173787279251220959100994539390887021427727063,1830569144856661066062626983622294651090421826238131365781299498352044270086,false,PRE_ELECTION_NOT_USABLE
colombia_runoff,COL_2026,PRE_ELECTION,0x5853f2059b09a3ad04599874fb206b8355650fd5a401a249766210ebc7ccca2d,2446485,PRESIDENTIAL_RUNOFF,32939935417416018152661570888260072137066204711577173091005618090382409196953,69612032745340316669657004700293121994034495226573808416433313199168458684663,false,PRE_ELECTION_NOT_USABLE
colombia_runoff,COL_2026,PRE_ELECTION,0x586372b81191e5bbb958a2b7a18f2f982be1e403b2ea0018d2376c400f9498ef,2333927,PRESIDENTIAL_FIRST_ROUND,22932168123652109108846786194536677841238341204033890641651923278173587224252,5984644885008498407475360081377241842505197090084470645147330151443009718029,false,PRE_ELECTION_NOT_USABLE
colombia_runoff,COL_2026,PRE_ELECTION,0x5a0d158a808f0a45b67c365842b70333c5f635794e1e5e429e2baa6c248897f9,2446490,PRESIDENTIAL_RUNOFF,95276622400222816458281111118707471184247849196074751637912327207991383475319,61597249738888741474720552609738101803134454641620895957513869429584646446764,false,PRE_ELECTION_NOT_USABLE
colombia_runoff,COL_2026,PRE_ELECTION,0x5da9a62d107fe1a40b695de4c6a2b4a084489a32b3817fa6af1723c6030fc7a4,2333936,PRESIDENTIAL_FIRST_ROUND,53298556313434663039344871389247069060956681971318099357157595542735524411998,68347339044506960669813427919419974078877002814378838984428444635372045170765,false,PRE_ELECTION_NOT_USABLE
colombia_runoff,COL_2026,PRE_ELECTION,0x5e415f07db360cd4dd71eafedb3e93863d6343b26416a9e3b6e58d876084960b,2333894,PRESIDENTIAL_FIRST_ROUND,20181848462410226439564525792176096351130630909797345060481734429103191822039,86196059661466793367678210623434415639683773948739631189399126279666437382016,false,PRE_ELECTION_NOT_USABLE
colombia_runoff,COL_2026,PRE_ELECTION,0x60084cd46b5b91797ad397f4c1ffb5d3fcec7c134b705d2796c0f571eedad3b7,569362,PRESIDENTIAL_RESULT,90597192178681015689649221295046634532475085163327739303111514887963871088190,12096880073482366155184747709735877109433940251536294092423818517825981404883,false,PRE_ELECTION_NOT_USABLE
colombia_runoff,COL_2026,PRE_ELECTION,0x62bce58b3b0ed9b3c4f87126578bd02005e0cdde4fb0ee1baf1c86b6ebaa278d,2333949,PRESIDENTIAL_FIRST_ROUND,90588697084819071042080393524262855090019602509424115878611677169238300233609,52286408964546455012082329720115695041605124501534438238759703559568997245597,false,PRE_ELECTION_NOT_USABLE
colombia_runoff,COL_2026,PRE_ELECTION,0x631603d3b238dcb3668e70e6bb8951d57d52c419fd9b5f3d63403ad68f264f65,2370369,PRESIDENTIAL_FIRST_ROUND,12226423288780599563011475613807642769097724889014707153307653850752788899885,20943589593491838109810906648757863845889162000752337520985198737303906129301,false,PRE_ELECTION_NOT_USABLE
colombia_runoff,COL_2026,PRE_ELECTION,0x6374771cfa8c750ae9b54bc2074ba9d7eefbe40acc2a726c1e23c3ed86ea6c1b,2333867,PRESIDENTIAL_FIRST_ROUND,74081466685547945903041555820647899495095268998251758792962208764411530866261,93971524882672103113944895823932969624766678743202850845754660516833936433425,false,PRE_ELECTION_NOT_USABLE
colombia_runoff,COL_2026,PRE_ELECTION,0x6419acec3e5111e2ebef300fbddd5aea62a9cebced2f54bf36460d43af845183,2037937,PRESIDENTIAL_FIRST_ROUND,65391964259760855699974928756361287949434802685966662084801580556068678363198,80412670826045734551836159123617977056106987429899656948727989292587758965349,false,PRE_ELECTION_NOT_USABLE
colombia_runoff,COL_2026,PRE_ELECTION,0x65762ee948d59d736b4f9afe5342952eee1ecfaf1a0f6b6c5fed3619ab46d256,2333987,PRESIDENTIAL_FIRST_ROUND,50516886031185726666190443153327706413025564300097218183538809638482175900778,31625653454924323217507868747419455695757944242036556169659634363446337388326,false,PRE_ELECTION_NOT_USABLE
colombia_runoff,COL_2026,PRE_ELECTION,0x65c68c23598d83ce911ab07dbff389ce34b2b353065433431ed9702b86c89446,2037922,PRESIDENTIAL_FIRST_ROUND,11802337274768352575849698254061068996020131052342372548979525368246415074812,79633727667236071326398953014157129853941509077805551801608825297620046004760,false,PRE_ELECTION_NOT_USABLE
colombia_runoff,COL_2026,PRE_ELECTION,0x676f1f848d78647c77f0bc952071cafe6c9bbeed19c7e9597a6cdf004e21f415,2037929,PRESIDENTIAL_FIRST_ROUND,106999260143163150591713457623943682746001421724813780030701779327685439290534,31666445195127050234559675685788567791954972757743062958584635541566604287884,false,PRE_ELECTION_NOT_USABLE
colombia_runoff,COL_2026,PRE_ELECTION,0x679ea1ec612697c2c552f6830a6c899d687b4f8c1c122084102a60aeac4ae0b0,2370506,PRESIDENTIAL_FIRST_ROUND,104806624275154607286616795725412753892582363039578754065961750788133732821204,23191703838808454225380460368556849724146928184516119103419008395321462649339,false,PRE_ELECTION_NOT_USABLE
colombia_runoff,COL_2026,PRE_ELECTION,0x680df8049d50778dc21840331788079dcf2f987057196799d77c820a8ecf4954,2333929,PRESIDENTIAL_FIRST_ROUND,21721004858927411564263202194256388606949363475485674470053507337544788873342,20039786102274790629687449439378774674320115339696514807542047988833616568572,false,PRE_ELECTION_NOT_USABLE
colombia_runoff,COL_2026,PRE_ELECTION,0x68539c2e807f807bcb330ff83ab020973e544ab4b377b7946339964d66148a8b,2333887,PRESIDENTIAL_FIRST_ROUND,99999473772810828853982592117593985277302342753733679108375835780647689539135,43349849544466366683484578295365996497107110629794846812216563102829517095353,false,PRE_ELECTION_NOT_USABLE
colombia_runoff,COL_2026,PRE_ELECTION,0x6aee7a669dd941b514661d64c55e7bd63ef7884d5e455c850f1835a8056e7a55,2333992,PRESIDENTIAL_FIRST_ROUND,7707882609877027151419445009151473858946466475327085396299308696610200951375,50192917843461008913980030770402312790825197108048084942311427385352595907357,false,PRE_ELECTION_NOT_USABLE
colombia_runoff,COL_2026,PRE_ELECTION,0x6b018aa0a63272c29ce48e9d662569be6f3115a05296b0268ab798c43fc61f84,2333879,PRESIDENTIAL_FIRST_ROUND,4799627587945218593459507050372147267382934962112054007657617310353679573876,82572190722812246422010883254419245050567443270539454954469261834828718992928,false,PRE_ELECTION_NOT_USABLE
colombia_runoff,COL_2026,PRE_ELECTION,0x6b98b6acf1dbf405c189176529f77ff5356b2dc9c2a5f15012c0e2df3f561d2b,569340,PRESIDENTIAL_FIRST_ROUND,34438409845535751191341828081530593695046286317271306160707054286296479165842,67014052427936754158975926764028330028925047597536858092189886153214819212250,false,PRE_ELECTION_NOT_USABLE
colombia_runoff,COL_2026,PRE_ELECTION,0x6cd7f5a003cad0da9b5c95517f2d64947502ab65c3e7c59f5e80306cbe466306,2333875,PRESIDENTIAL_FIRST_ROUND,104248572480405467465158820553794703819681317324427410345775817859278974206745,69544139795777944282556626010753973006617795326661974005953881135360318249864,false,PRE_ELECTION_NOT_USABLE
colombia_runoff,COL_2026,PRE_ELECTION,0x6e30592e839d340023578a8aaaf2b992230c325c876fefa899d4db22e5888b5f,2333891,PRESIDENTIAL_FIRST_ROUND,46313092681355734469888435582730152303074066748693088941913950550740056534548,5558344805037350974801151040275399166362682601965288401856525160383694416967,false,PRE_ELECTION_NOT_USABLE
colombia_runoff,COL_2026,PRE_ELECTION,0x725ebbec217503a2423d0407d0b6adcdd809530eb52c6bc7f10049fc256e435a,2252531,RUNOFF_QUALIFICATION_OR_PAIR,56353357200751108439804064918299989884298588881627270842017194206692181099973,31048542378510168403209628177033913027396144385984633758100247314026514613191,false,PRE_ELECTION_NOT_USABLE
colombia_runoff,COL_2026,PRE_ELECTION,0x7376a7afb937c4a38ac81ec7051d1e0e6fdffe5b97bf5ed7a2e12c1c5370c62f,569686,PRESIDENTIAL_RESULT,107203275994336680755362619429685368760341961297047164144282479976375180962769,107275340423664982104221867157381456551284001087268578844523243661762442257053,false,PRE_ELECTION_NOT_USABLE
colombia_runoff,COL_2026,PRE_ELECTION,0x7385bdc26ff171d5efebeebf1f8e9699a21877e3706c803341eabfb57fa1ee42,2370374,PRESIDENTIAL_FIRST_ROUND,104997868072009015624222294580678450931025984784809139537795507805369124252261,85852392956929507401323380500070148952293206277203636208052397393223287465901,false,PRE_ELECTION_NOT_USABLE
colombia_runoff,COL_2026,PRE_ELECTION,0x7574909ead279859db12d838f1e0476b0f23d153afedadae68df0c0e2ec8ec58,2446464,PRESIDENTIAL_RUNOFF,11274273763737538316872146622557302470817685997156433493407781286477705432333,108687425285203904787070519572148981571941531130497332012799390206624444674224,false,PRE_ELECTION_NOT_USABLE
colombia_runoff,COL_2026,PRE_ELECTION,0x77b1512402d2b2590f65d22f4fb1d2ce29f3fd2d6516429928f430ddfc2215b3,569339,PRESIDENTIAL_FIRST_ROUND,22771558623355089707681429633836704882116031403343361257897294847540582889503,107183232420594046830622467775492543003026301644990203406740060907014867972010,false,PRE_ELECTION_NOT_USABLE
colombia_runoff,COL_2026,PRE_ELECTION,0x77b97aa108a2ac6cc060a25b0b20c42abc17f2903ef6451a2aa67c32eb4984e0,569350,PRESIDENTIAL_FIRST_ROUND,113836288239785197682391524481339003867134526445368134944975045094673243345123,109256075227728709762370351672752038056874760557940148781327635649962539417803,false,PRE_ELECTION_NOT_USABLE
colombia_runoff,COL_2026,PRE_ELECTION,0x784279c516869c1bfc6ba83dddee6df1870892dd9ada86dd80cfdd751db65431,2333986,PRESIDENTIAL_FIRST_ROUND,45389051112814279310316854069508438461084655334506786053742840624511673670486,37300398761479688744380490886559509490208708266634187117971997547329233522668,false,PRE_ELECTION_NOT_USABLE
colombia_runoff,COL_2026,PRE_ELECTION,0x7972fa87842db321191effc7803ae758f5a8b944382a703316700c7dc036f8e5,2333924,PRESIDENTIAL_FIRST_ROUND,56959381062756020263119221303974588403214451335104099062265123230040615612899,101477488666927972610708720494736659549368515658969894921494071427062676717228,false,PRE_ELECTION_NOT_USABLE
colombia_runoff,COL_2026,PRE_ELECTION,0x799c5a37d34ca45f7241cf19fd64fa0ae3b40d76f3ea020f31538aecabc9a700,2037942,PRESIDENTIAL_FIRST_ROUND,41862162996749049618282724714983963639380035766878654964972757213646461374247,16564407659095389621217568504797942152874087858546695804280374435155386988932,false,PRE_ELECTION_NOT_USABLE
colombia_runoff,COL_2026,PRE_ELECTION,0x79cab4f38cf0f5f5ae6c9e844e29af1ff86505fd8ee7447b510fe899092ea8e2,2370367,PRESIDENTIAL_FIRST_ROUND,8697539857550986832137144276320607178265573681335770267502912415655085842861,21242654996158751286546527824285723411357590658494899997066056094795103168326,false,PRE_ELECTION_NOT_USABLE
colombia_runoff,COL_2026,PRE_ELECTION,0x7a9ae8397405ef2677c61dbd837eae56b16166a912300c7ea64c888c20f097e1,2446458,PRESIDENTIAL_RUNOFF,34499247694672682441715815336155601084968230854199054363173214152067717469184,36060178114704868363456329411507810874354258399508747190212373853421040620589,false,PRE_ELECTION_NOT_USABLE
colombia_runoff,COL_2026,PRE_ELECTION,0x7c3b10d67000c0f0589c262b0ee5fbd2b676a8a229efaa0d3860409eb58862e2,2333935,PRESIDENTIAL_FIRST_ROUND,86735141163492591036846248349906828108819230334754278893808647611772780632642,46844246682575196208464733368780337880618716847514611626420679186579665424957,false,PRE_ELECTION_NOT_USABLE
colombia_runoff,COL_2026,PRE_ELECTION,0x7c795144bf0351e82c85f844de81f29f482aaefc3b544eddeb8b7932887649e4,569332,PRESIDENTIAL_FIRST_ROUND,39801986283615413172004632209722689673630350670628652772852050084294532881656,86801759735305303057401841706783381396664997150506153743488239476725002518854,false,PRE_ELECTION_NOT_USABLE
colombia_runoff,COL_2026,PRE_ELECTION,0x7ce21332ecca3948da5ecf5e626b16938ba1487ce07d1579d869f25045002200,569346,PRESIDENTIAL_FIRST_ROUND,87678849706704552441529840256129995088714454521339794038868863045951701650099,47017405184502675981467508075775615441360798090463694595132629118753589748231,false,PRE_ELECTION_NOT_USABLE
colombia_runoff,COL_2026,PRE_ELECTION,0x7e6e88538d30ecef848f90bd65542e9aa79dcdf7efe62d93bdd2ee134c5697eb,2333934,PRESIDENTIAL_FIRST_ROUND,71129833067374070327860893385696970998086996721596884035239611096806214064870,32905779237899109335192805256416428787187638937657814376992827014384552656851,false,PRE_ELECTION_NOT_USABLE
colombia_runoff,COL_2026,PRE_ELECTION,0x7e9a46bacc3e728c91471981c12ce8f02e0a2a137e629dbf87fc407e030c2894,2446488,PRESIDENTIAL_RUNOFF,31951791421348148306261065506468191035597940333258356002176420113059149291334,73405993615498470700214341569373306548464124990807946283472006473375600682199,false,PRE_ELECTION_NOT_USABLE
colombia_runoff,COL_2026,PRE_ELECTION,0x801f7b19117136c24310006ce4de103f2393f9b7e193f5cd46979f789986d4e5,2370372,PRESIDENTIAL_FIRST_ROUND,31298869100124143495345080948613668059227369900192776063166867588510846016201,27569980540816126918913223009069103077803429013709621607972111434973870718622,false,PRE_ELECTION_NOT_USABLE
colombia_runoff,COL_2026,PRE_ELECTION,0x802be8c1af51ca1211e2c83c21302c986c3c88e1c6b32725fbbabd7aba215b6f,2037930,PRESIDENTIAL_FIRST_ROUND,29640882301506764333584337718624910877832813850860465342547044587081918064622,24872067212131170188095456446409532379798132110041576299337652781449842994966,false,PRE_ELECTION_NOT_USABLE
colombia_runoff,COL_2026,PRE_ELECTION,0x83cc31d5a91fe84ca3033fbed6d8fd4b632ce112b72430478c80cd99d1755944,2333952,PRESIDENTIAL_FIRST_ROUND,79684699678658186591236460503332216117484799022122854316237102780738225158821,75351774721290338044792972159278951514728501507297210166834989027740161610611,false,PRE_ELECTION_NOT_USABLE
colombia_runoff,COL_2026,PRE_ELECTION,0x83f95fa7915aa717bb25ac9fbe5d84b235d57459cae3610606e416515a3cb668,2037928,PRESIDENTIAL_FIRST_ROUND,75943551717686589015006159724056257193600392422316355038857081755055236481305,906837801242739762079085471415449500295959862576781914267022160188338702052,false,PRE_ELECTION_NOT_USABLE
colombia_runoff,COL_2026,PRE_ELECTION,0x842483006bc18b8d0fa3a78f066e1bf856a5f8cc7ad7b92d3e503c96441a7739,2333877,PRESIDENTIAL_FIRST_ROUND,63444021748205677899049091420386555452442526586716299375407040683515511382515,86263438694213483900662107518231415931796145787404151371087503372298659799323,false,PRE_ELECTION_NOT_USABLE
colombia_runoff,COL_2026,PRE_ELECTION,0x849a3e762977a9ad6b8e5f449ac7c8abb2756409a1b55759e00262e072bd81a7,569356,PRESIDENTIAL_RESULT,111233749945390693132335511891715724694881884819987764738034083584495542889312,96773893512589764869155803687774017846749249748001852862755144389935842815761,false,PRE_ELECTION_NOT_USABLE
colombia_runoff,COL_2026,PRE_ELECTION,0x84b22cea5084b002430bfe86853ea3145295e361915c6383266737055479bb0f,2333990,PRESIDENTIAL_FIRST_ROUND,1567949664927593775578009030058407452701579098616683744255259364807873171361,63365289289080620970078322061929754055139299260514599781579858404891629242800,false,PRE_ELECTION_NOT_USABLE
colombia_runoff,COL_2026,PRE_ELECTION,0x85530f4ac81f03b94a4573a42741a4a23686d691181b463d2dc1dbe2671b4032,2333956,PRESIDENTIAL_FIRST_ROUND,85166954989864940692711000540204017116302666260175436279239962388874358837799,64536742526170476726882458272417733053404519481455780543597512489736143390896,false,PRE_ELECTION_NOT_USABLE
colombia_runoff,COL_2026,PRE_ELECTION,0x8658223099a8577961ac12f2e19d37e455087e17ca59937888f4964cd0d1d160,2333943,PRESIDENTIAL_FIRST_ROUND,5351388601231175311752346989823704626607539048157156223217651698827659517062,60242354550432134776278017124266966233532105702778308349312231055122283647056,false,PRE_ELECTION_NOT_USABLE
colombia_runoff,COL_2026,PRE_ELECTION,0x872f86634b7690a5fee7e1972d694a40f2461d51dfe15aac152f837b2f6748f1,2370502,PRESIDENTIAL_FIRST_ROUND,28639130410533210543434466322077711630821817868891210659799702200300853393565,85737988484478023558924814362501719560385425453511632685275732412275213294949,false,PRE_ELECTION_NOT_USABLE
colombia_runoff,COL_2026,PRE_ELECTION,0x87559f42aec2607d25936d9f5c024e14698e06b9ba15a8985c43012c0cfdee01,2446463,PRESIDENTIAL_RUNOFF,65300986435015710236227490575382603986234449935565028764611587576069910101761,87177736184507303594974182283058504107049055184751080320867295771841508498167,false,PRE_ELECTION_NOT_USABLE
colombia_runoff,COL_2026,PRE_ELECTION,0x88735a48de2db72b4185afbea77b050b2295835af7786a0e165d3da51db78ad7,569354,PRESIDENTIAL_FIRST_ROUND,75440693400626017346428900378689692443986059485621824231993978727613057361900,12115216461080312954703153537759603145972427566218427458077342115574402688316,false,PRE_ELECTION_NOT_USABLE
colombia_runoff,COL_2026,PRE_ELECTION,0x88be7d8303a38d545170ae4e891de00dcdc6e888693dc77c009de08cbdaac6f4,2252529,RUNOFF_QUALIFICATION_OR_PAIR,6614587482222729078536160997578397454209802953686498630801497236274921400670,99913635931667522899500823881252137954914409253514892824010266246173173870853,false,PRE_ELECTION_NOT_USABLE
colombia_runoff,COL_2026,PRE_ELECTION,0x8ab5e6a6a76c64d4cba200b02bcbdd86e33db46c5b3eac9787d95243d29dc0b7,2333951,PRESIDENTIAL_FIRST_ROUND,57328563170401172191951336064880800049450442860438216375381038679993338808971,59277127668796662783420392366329812033220034268882251262513588768238952570868,false,PRE_ELECTION_NOT_USABLE
colombia_runoff,COL_2026,PRE_ELECTION,0x8b181f5d7c7a42f8fd613f18fa3fdb2f0a80c661c1a511503ef0ab4a37dc0b62,2446460,PRESIDENTIAL_RUNOFF,56815285048340797054707606253886132309427409405786254550087664615957546043839,37945546361543920646821916133138458379925765925703010528254534559513549763981,false,PRE_ELECTION_NOT_USABLE
colombia_runoff,COL_2026,PRE_ELECTION,0x8ba8a9286ae64d997c15b6cef795c93ab2798144cb71b5221fcf0efad164af25,2333878,PRESIDENTIAL_FIRST_ROUND,99879601252998909183137750993174425421009374698128579208175526311440515004551,100059462857423527489976071210807434985322908284781168559421899638118807588866,false,PRE_ELECTION_NOT_USABLE
colombia_runoff,COL_2026,PRE_ELECTION,0x906773d94ef5fd173005c701dae6b64f2884165cc86a02bcbb780bdacbdaf963,2370370,PRESIDENTIAL_FIRST_ROUND,52544124561027206712683706223708490358158212353354137585418430845021662856222,37325027615345403785229529689583734939336027375308624768477741594205185993426,false,PRE_ELECTION_NOT_USABLE
colombia_runoff,COL_2026,PRE_ELECTION,0x9177138d45eb5184588c3fe629fd4affbc7d64a8b15bc3a4f52053100138bd65,2333940,PRESIDENTIAL_FIRST_ROUND,73305113019306091504577664963669728071408890615285704881799110104820184203433,94171148972121240930511384526600021279974712083572963151420603181191725871204,false,PRE_ELECTION_NOT_USABLE
colombia_runoff,COL_2026,PRE_ELECTION,0x92d04b1675ac7f66f0020c0a1cbf1920c065bcfe69820df15ba6a5a46b92aad4,2333895,PRESIDENTIAL_FIRST_ROUND,97095507925616985956685599482852118534381496487417554970771497316702333082711,83430770885212196141270646373761519374581484917604993242183583309356194981204,false,PRE_ELECTION_NOT_USABLE
colombia_runoff,COL_2026,PRE_ELECTION,0x93e63b60beb5c033a468f2f508126d22af50fd8d8bf8828d0a272f9f4d07710a,2333928,PRESIDENTIAL_FIRST_ROUND,97906084535012614201244446760510819385087269650838623092787005207910405559071,50213213944120298033842619985226460160480149430245830900379963805244713667324,false,PRE_ELECTION_NOT_USABLE
colombia_runoff,COL_2026,PRE_ELECTION,0x963a9e1ddf572f82d03a9f2e82fd7e60986142c499e025f11794824870c928e5,2333868,PRESIDENTIAL_FIRST_ROUND,59845078879815002942002008123492015345826765830171817897479452396639162419603,2807055460932208725528057003040755300457645760054071472979600578096078116507,false,PRE_ELECTION_NOT_USABLE
colombia_runoff,COL_2026,PRE_ELECTION,0x96f228c948500afdd4eec4c7e5d708e774af29f6639e24136dc95d31cf850986,569688,PRESIDENTIAL_RESULT,57142653322482858174247839253798358956366114728998893785652245963209756040059,37130290494079829800363946232079553537040897546596165505492362826262485705186,false,PRE_ELECTION_NOT_USABLE
colombia_runoff,COL_2026,PRE_ELECTION,0x9714c7fe6abc381277370c4287f8b2d30dffddd040565266d0274e67028b5197,569358,PRESIDENTIAL_RESULT,8704105627729187158244464441676617275507746943882460083674867791526057508646,51657774144847449013019462609046133072861570692491359164131282566688013261172,false,PRE_ELECTION_NOT_USABLE
colombia_runoff,COL_2026,PRE_ELECTION,0x98b4635663a7526f7190d7cd871ab1c50488392c016f8cff115f23bdb87c8d7f,2334014,PRESIDENTIAL_FIRST_ROUND,31535650879141782941774911203760212593443871223990809243062530223149899053357,65459190584806451245417138677706320910311205167179997022205292243779319803504,false,PRE_ELECTION_NOT_USABLE
colombia_runoff,COL_2026,PRE_ELECTION,0x997e8046072e03ac736750e4e814c3761344230d4b797067051d40da9a81eeb3,2037932,PRESIDENTIAL_FIRST_ROUND,98455585905415700863503434319958688561396982968320442260979238749239741903790,70212737903311066598198846367829115718016533197847622253240746058775955977447,false,PRE_ELECTION_NOT_USABLE
colombia_runoff,COL_2026,PRE_ELECTION,0x9a42ccba956da0d54d9253c199d034a180ac96653b77073a1d221aa97b776a88,2370505,PRESIDENTIAL_FIRST_ROUND,15147161295972211963372390973852928690124020852463670631174162604331699622175,22834006312521616053233215075187785605410449836888045292121536062672403364546,false,PRE_ELECTION_NOT_USABLE
colombia_runoff,COL_2026,PRE_ELECTION,0x9b1e7d5697aa10204ccbf370d3ae010e9aa2c9397d7ad31b4834a2a923b3d731,2037921,PRESIDENTIAL_FIRST_ROUND,27240772368842340548393958038359200077022257197570320676979474039971830802302,33657678411548069412646838419011738363351964246263910293068444617014480555282,false,PRE_ELECTION_NOT_USABLE
colombia_runoff,COL_2026,PRE_ELECTION,0x9f631099f050f6b7097069b0266c0d20b3639ae8eb8517f9f46671670c430c84,2334005,PRESIDENTIAL_FIRST_ROUND,29445882123675015399300281333162053778313579091604411296276002334899721739987,57298231772520808650310387506481241734766593363014944214601916761811544915324,false,PRE_ELECTION_NOT_USABLE
colombia_runoff,COL_2026,PRE_ELECTION,0xa06998bb820a98f3d471f0773ba8382630eb7c9d6f46d3a1e464c25bf9ab1161,569353,PRESIDENTIAL_FIRST_ROUND,18427181292982332563056200989021608489201752516361707345627423463462795637055,84821959084452914284366723735989575912467746467267540760959046455259292079244,false,PRE_ELECTION_NOT_USABLE
colombia_runoff,COL_2026,PRE_ELECTION,0xa0ad535200b93734ad3f30c1c4647420d455547e976fc1fbb74d8d064746ecc3,2333993,PRESIDENTIAL_FIRST_ROUND,77550825999155528872052918100335738778028239767248882057114405371905628940971,25475812437646380052245134699845899337223501426743781535960514728954785311855,false,PRE_ELECTION_NOT_USABLE
colombia_runoff,COL_2026,PRE_ELECTION,0xa3e404ff4252d1338889447be6ba85ba49ad41847245c46486aa267844240883,2037911,PRESIDENTIAL_FIRST_ROUND,4448101913018627200032304165170255365008384991657752181048517595135568745465,111129161276072215036203105491663766428360453487151793397810467155437249621097,false,PRE_ELECTION_NOT_USABLE
colombia_runoff,COL_2026,PRE_ELECTION,0xa40838c5977d0e3cb4d124b2f3b996779c9a67261c8d25df820a971eac7aa14d,2252530,RUNOFF_QUALIFICATION_OR_PAIR,46594719975829147646247805639008469152513561987741072790632219260410445009819,89503311428451002545094447410862372630083055613010650452067008684684316221101,false,PRE_ELECTION_NOT_USABLE
colombia_runoff,COL_2026,PRE_ELECTION,0xa49b0ff03849e65874b48e3d6084ae0be798079fa1bd1562d28728b8bf7d4b17,2333900,PRESIDENTIAL_FIRST_ROUND,58275330276773712320868487273739123432011980555494591430069319950578156598441,20606821600806388655221953003564803075773547578501276434625379449391482223226,false,PRE_ELECTION_NOT_USABLE
colombia_runoff,COL_2026,PRE_ELECTION,0xa5b21a5fba9c9da91f62cedca9d28747816a514050140708a2300cdecef87f78,569333,PRESIDENTIAL_FIRST_ROUND,101472336359145774296027429436400506992904652049782535544126746198476695802182,55765847355741097780600930565608518744585604458569127909454911647199765501966,false,PRE_ELECTION_NOT_USABLE
colombia_runoff,COL_2026,PRE_ELECTION,0xa676cd0684d399b5821cf7a2046bc0a9df682dc17cfa83b8fe81e3ee2ec63b5b,2333988,PRESIDENTIAL_FIRST_ROUND,114584217876894592277478546613125943188812823467185101515514788799815993329313,85777159878520440113913468212404246387731151527117288350746564448878572740541,false,PRE_ELECTION_NOT_USABLE
colombia_runoff,COL_2026,PRE_ELECTION,0xa67adf5ccd4fe39cf878102bc8407c77010e2fae22bd05cedf492892a33db656,569336,PRESIDENTIAL_FIRST_ROUND,102456955097401421651876446896034115681794561141893258504967065325508688692283,103476391763139479627203990709117570439574688856799911163032565546117197493154,false,PRE_ELECTION_NOT_USABLE
colombia_runoff,COL_2026,PRE_ELECTION,0xa7b2cabe6466638637347bf3fac755dc0fa5ed6f31f4e59fef37496eb95dbb10,2446453,PRESIDENTIAL_RUNOFF,51986373652466077523760166908992553996156559541187887086591038114806922945350,47637365543602963920225948010612073178457366051413011063071015330636241156349,true,
colombia_runoff,COL_2026,PRE_ELECTION,0xa9077ebb8d839b7f02e20ff50bac3925c43b129bf8bbac46445f3a7b6b5a4113,2334008,PRESIDENTIAL_FIRST_ROUND,32005151994562299849835676181821303340881239584650224929261953583096174847532,17501655136084264612132352237381345578706030695551260857303521406107612210743,false,PRE_ELECTION_NOT_USABLE
colombia_runoff,COL_2026,PRE_ELECTION,0xa9f1a081579a933c38f2178d7da1e1dbb9cbc834a284821a528156e84a20147d,2334012,PRESIDENTIAL_FIRST_ROUND,103749737098689140420366006836347993787100030895303387941956122624994836757287,40021864105182582875024453427142175759355260271065322300427327164136204399906,false,PRE_ELECTION_NOT_USABLE
colombia_runoff,COL_2026,PRE_ELECTION,0xab6fb278f753c6c10479d71429d3ef53ed213ddd208b9f4381cecd8db393974c,569454,PRESIDENTIAL_FIRST_ROUND,112000997367369775705892760747740706713090189173150311174658104010356449962658,38866455815587878378722453945405800333983041821938932743625970338528647654130,false,PRE_ELECTION_NOT_USABLE
colombia_runoff,COL_2026,PRE_ELECTION,0xac414ed384106887b7727929c2ed21e3d99d48220c2a8c0c72f0dcc1c1103eda,2333948,PRESIDENTIAL_FIRST_ROUND,76868876473086108390359029084545768150554551401436485879235728876174855349977,4710256578451199321809560418412789136011536139649866152272665684468621309007,false,PRE_ELECTION_NOT_USABLE
colombia_runoff,COL_2026,PRE_ELECTION,0xaca9a00f4a6d0fa8705836a641b744e55592960f6f0ecb4597c8a5670bbb9049,2037939,PRESIDENTIAL_FIRST_ROUND,27672783335074468026746232675588840290608642460221432764882205114163997382480,24290731989718504980625865032553304098338082552895563004657911462142892728048,false,PRE_ELECTION_NOT_USABLE
colombia_runoff,COL_2026,PRE_ELECTION,0xacdc566e24af90711ae83e6a0873cb67b6a6a53069e3739864ad65d1e4120815,2446484,PRESIDENTIAL_RUNOFF,86819946350875288767324363215691582134081710623064650785287749383819250597038,112264785186588106018367505440311318454063544213217145608970534805652272816477,false,PRE_ELECTION_NOT_USABLE
colombia_runoff,COL_2026,PRE_ELECTION,0xacf132b0ed53795e183140cbdedf2f3eb7416212198e5fd0ae4bc03e1a63d1ed,2037912,PRESIDENTIAL_FIRST_ROUND,2855102624980567032665038318115666655140225068103927917328149625397242493118,73900162361398737417755245053292450499989326348589737850099205305971972593820,false,PRE_ELECTION_NOT_USABLE
colombia_runoff,COL_2026,PRE_ELECTION,0xb0606d2dd145dc9039ac47f30c5e18f695b74d0a144d78a4e70806b0345a491b,2037910,PRESIDENTIAL_FIRST_ROUND,106011884611905234636494454277815080908750869467580677883961052221936348791069,11260474094267709801125653908339478842218450969151437050979868779641234532887,false,PRE_ELECTION_NOT_USABLE
colombia_runoff,COL_2026,PRE_ELECTION,0xb08abbfff91741bf5fdadf8c68fac95052c7e55b5a4b56011f7c079359e3123c,2333893,PRESIDENTIAL_FIRST_ROUND,55282824914083178663753857296580259579007732128575019900606291420006071797603,42388174485401754647305191568903979768619133072300398684211560980135658897169,false,PRE_ELECTION_NOT_USABLE
colombia_runoff,COL_2026,PRE_ELECTION,0xb1d54104b9e56cf8f633b737d91bf1745bee4eff6009794cbc0ffd4640ae382e,2037940,PRESIDENTIAL_FIRST_ROUND,74633830455019974828323402319234894845454711148456411110105610883331743907944,52022620218579133445036791518042607457884519025307741117460122253023487053531,false,PRE_ELECTION_NOT_USABLE
colombia_runoff,COL_2026,PRE_ELECTION,0xb21bc2b511694c76f3ff6664836dd3561a916acf59b405b8f21f2ae8af7016fd,569364,PRESIDENTIAL_RESULT,75712298340810272859765060308006832993211601931382911468417184675550881103879,60355982308671943244417528557799286832639920129047623000841136522535665575022,false,PRE_ELECTION_NOT_USABLE
colombia_runoff,COL_2026,PRE_ELECTION,0xb2c2c26927127b5af69f5544b74de3d81c4e1fb46cc32b7fe060fa261819d5d2,2333926,PRESIDENTIAL_FIRST_ROUND,95273548887291096566407842151164110689501632351593733611095440302971208736726,65122701276482158197106704948592191934148120593710364187943747646757644823543,false,PRE_ELECTION_NOT_USABLE
colombia_runoff,COL_2026,PRE_ELECTION,0xb611b3a7173f69e412b55561ed265d849e36693c248ff620d0e981c5b3f2e325,569344,PRESIDENTIAL_FIRST_ROUND,33232052119491652564300969744259903933559547696830742958153653325470669042304,2485184219203170158934346318875050681929324146725920554316117645302722327248,false,PRE_ELECTION_NOT_USABLE
colombia_runoff,COL_2026,PRE_ELECTION,0xb6c30363d6a3becde03adef9a076af836bd998f60bb72b0706dc7b6386b037fe,2333933,PRESIDENTIAL_FIRST_ROUND,63954079515463041294994899851339167188067106197248161608831551392175893665055,35416177409516566096917588959062987776667559630484844564271719163619298141992,false,PRE_ELECTION_NOT_USABLE
colombia_runoff,COL_2026,PRE_ELECTION,0xb796aa213c72a50adc3eab3e107f05d2500e084f5245529048d25083b5ee58f6,2370366,PRESIDENTIAL_FIRST_ROUND,23532536587635768634392386965780230467726004893924047653522105374551220178823,34017516793255944315924905866075445469495510046839923057461503811107765793042,false,PRE_ELECTION_NOT_USABLE
colombia_runoff,COL_2026,PRE_ELECTION,0xb7c5a867df20d136c67ddcd0bed0d952fbd562e5328181779efa9a14a93257a0,2334007,PRESIDENTIAL_FIRST_ROUND,57115988639183639108549376444056313796137846128471770467225866566235598015798,36962996098407325291538284762291049104164828534768607547839123773791333398054,false,PRE_ELECTION_NOT_USABLE
colombia_runoff,COL_2026,PRE_ELECTION,0xb9ec914f1d342868f5880aedffbb37133f6c8c76d6b3b36c1cd94a88f75c13f9,2333939,PRESIDENTIAL_FIRST_ROUND,107858181144621396037280443838599748911676073053694372865615239559494743882760,90819971926649209700768286232674300752107277709413718868867219157741080174165,false,PRE_ELECTION_NOT_USABLE
colombia_runoff,COL_2026,PRE_ELECTION,0xba75e6ba41372e351ed4755f183c1cdb082bd7cf6182a6d80dc445869c09de10,569357,PRESIDENTIAL_RESULT,33053388922196452557261107683035649080682228011295662021241156014202987636793,33578657378897454999186968365859716253889818838582419902565051151084133472698,false,PRE_ELECTION_NOT_USABLE
colombia_runoff,COL_2026,PRE_ELECTION,0xbc0322e415e3dd9306989517dc63d0d06b8c996726c440b6f252930a397ccd36,2333983,PRESIDENTIAL_FIRST_ROUND,13330887217209005041575403843370179905989414009684861313539787121413263338246,112125581264682026135542043965469190027964624759966516385318079028909391155770,false,PRE_ELECTION_NOT_USABLE
colombia_runoff,COL_2026,PRE_ELECTION,0xbcc5d69da6da3977438f99affdcb38df4285ffe992c7597ea808834eed0d74c5,2333989,PRESIDENTIAL_FIRST_ROUND,21016944346934552296554189604021551026979888289087542427391012946004580396168,64795793834176922090372789509259985018489580542719013370094745110303195349564,false,PRE_ELECTION_NOT_USABLE
colombia_runoff,COL_2026,PRE_ELECTION,0xbd79bf08c536feb824f83d32b4513148bef7881279ef3f053e89bf66d85491d1,2037920,PRESIDENTIAL_FIRST_ROUND,77261445149870078829903865281527891117287249880386243756697303613873113475403,87149658367305168576754568870069924269601645434807263925298989927652912214569,false,PRE_ELECTION_NOT_USABLE
colombia_runoff,COL_2026,PRE_ELECTION,0xbe304f9a9d1a8f875f0408f7171f187ac23e0b1903b85d100db6ff18e0e3c4ed,2333930,PRESIDENTIAL_FIRST_ROUND,105679976022887382046079226558258421904411494459368718780524839700125136597016,9574670417588845982365786922211850001450041457801708904425765431825587980695,false,PRE_ELECTION_NOT_USABLE
colombia_runoff,COL_2026,PRE_ELECTION,0xc00920db6f5e84821a61bd31578499bbc9bd125949572b589b7a9e4b0f13bad3,569343,PRESIDENTIAL_FIRST_ROUND,97787606698093663746310161655083884268863593082956469376386743061399298825100,14091653123981696098149612128638596487728756364185780258208900432349579261611,false,PRE_ELECTION_NOT_USABLE
colombia_runoff,COL_2026,PRE_ELECTION,0xc300aabaeda58d414accb8138505854240bfd285beb083326920f24e44a0a672,2446462,PRESIDENTIAL_RUNOFF,24477892886547006396367923358300253458743244988635657616120499497967101321615,99624160788418750568158565525630583549782394175433890097017003258255472311904,false,PRE_ELECTION_NOT_USABLE
colombia_runoff,COL_2026,PRE_ELECTION,0xc36e1d4ed67ee6c42f2777cd5cce683518b390796dab144ec709e9a4f34384c3,2333864,PRESIDENTIAL_FIRST_ROUND,79166795039552586419110446193573290887281569896619088879448406528134277387293,67351153734012798134197684486955267903258625657960931313301724862712650260585,false,PRE_ELECTION_NOT_USABLE
colombia_runoff,COL_2026,PRE_ELECTION,0xc3f8668f0ccf6594dd5ef23daece312dc811d55490a4bad3dda12e90447eb874,2333892,PRESIDENTIAL_FIRST_ROUND,56440710290516486569358152484924349223231420327527010772513245988751261747476,84819475887087630005733934908549359948967431102488798784441371575319582969942,false,PRE_ELECTION_NOT_USABLE
colombia_runoff,COL_2026,PRE_ELECTION,0xc48f1e352e7ef08f2fda326efa7bc7c639cf2700d0a28344d1467bdccf76daa4,2333873,PRESIDENTIAL_FIRST_ROUND,109081106914132571114405581459213011502026754392738045472199649082947336083032,370970784103995528123242285439786657940311847460227096245702313515956207235,false,PRE_ELECTION_NOT_USABLE
colombia_runoff,COL_2026,PRE_ELECTION,0xc4dc02534496651129757e1d821e620fcc5473c666f727ce9112e430fcc934be,2334013,PRESIDENTIAL_FIRST_ROUND,43970210572307875375446776963380874673042057280164298465709660335911831763093,114571895952940326801827542074303880284620206219611141181825689264997515642754,false,PRE_ELECTION_NOT_USABLE
colombia_runoff,COL_2026,PRE_ELECTION,0xc5fde9e3301c3950e995c74a08defc97a53867e26003632ebe4bfcb88c5f5c78,2334015,PRESIDENTIAL_FIRST_ROUND,40871448141697274629230639237226576517103152649850878830548880194367507083559,2198719277079458610847712130972933522070732587807447317825325524030593597157,false,PRE_ELECTION_NOT_USABLE
colombia_runoff,COL_2026,PRE_ELECTION,0xc6f32ab8ecbbcfa4745316fcb9b21709b586c4b180c340f82103bc78d1b4795c,2446487,PRESIDENTIAL_RUNOFF,17264069370852303611374181458867624374152970026966161769875109130877749004806,100304088753402653369062261675798844435388317469115657893868316288530111528894,false,PRE_ELECTION_NOT_USABLE
colombia_runoff,COL_2026,PRE_ELECTION,0xc859fbe952c45f06a357a3b3c8be32b7b505cd81058cfcca09bfe33794f7c4bb,2333882,PRESIDENTIAL_FIRST_ROUND,106249814016877099833332801553405904753516453081639146648255363305223834572453,54127787718239746992181170517463418122035979404032352927062208656626950192242,false,PRE_ELECTION_NOT_USABLE
colombia_runoff,COL_2026,PRE_ELECTION,0xc8e76b10cf418f0a76fbfd25d84a729bbe77b9b27be80090c70673ead17b1bc3,2333957,PRESIDENTIAL_FIRST_ROUND,21082674982042453979674441464318916536811428791946087584560122628180754507013,73620428788512904883761131027051568882349005436442933410705163192561874350904,false,PRE_ELECTION_NOT_USABLE
colombia_runoff,COL_2026,PRE_ELECTION,0xc8ff297dc44f45dec9c6096fcda9da812275fa1e4d5ec398f11b201a6c2259a5,2370364,PRESIDENTIAL_FIRST_ROUND,37452048138941596601617293147716911929162338284100682320470600889093820004897,73690776259368379285362017139427460145564028354487674876100211783541829907730,false,PRE_ELECTION_NOT_USABLE
colombia_runoff,COL_2026,PRE_ELECTION,0xc921b0dff5e594362ebe5f05c51b0c8e26b90023bc393332491782e9315c1aba,2333932,PRESIDENTIAL_FIRST_ROUND,25812543173332541963668887579824563939480582015824149388239756947224546306125,94999326500639722392111479016647195055734197481015916245459286501203971802792,false,PRE_ELECTION_NOT_USABLE
colombia_runoff,COL_2026,PRE_ELECTION,0xd0282264ee769e9a77dc5e168cfe7966841955a4b3555485cfbddc6961198ae0,569370,PRESIDENTIAL_RESULT,89197674428783317925181961175064005674601073120281612991629461250109749011039,103084986467583599565059165186892712607361135369415200921705505694813670497163,false,PRE_ELECTION_NOT_USABLE
colombia_runoff,COL_2026,PRE_ELECTION,0xd06bc440907eabdafca44241579ad6b6ec58a4293d45547fa53cdfde10fdd417,2037933,PRESIDENTIAL_FIRST_ROUND,37852621666214120227666955058912089199157742105093705466713790070373784000032,36701893292533536489222940076754051946700208041785572593716595957914337824392,false,PRE_ELECTION_NOT_USABLE
colombia_runoff,COL_2026,PRE_ELECTION,0xd5316f1032d75854eaca7b48150223e5191d43231aa14ee7b2cb8a2186d681a6,2037918,PRESIDENTIAL_FIRST_ROUND,74625951734720996156139274995437961112167914312908354373606656149038667957546,90189960398592066420677355934235451748914482357280884620697709941573940637541,false,PRE_ELECTION_NOT_USABLE
colombia_runoff,COL_2026,PRE_ELECTION,0xd64a31a028387b640ca102f1398148dbe97775d7fad47c06e0cb0e52b61e0b5c,2333955,PRESIDENTIAL_FIRST_ROUND,62700108399671631625065627766431947016988861832474420611571550803072150126126,553288479436211980560999628160252761025350864656487474391185572979963238980,false,PRE_ELECTION_NOT_USABLE
colombia_runoff,COL_2026,PRE_ELECTION,0xd6591e966aebf061547ef34cdf3494ed318969887c8b7fb53f10ed5d5461a547,569373,PRESIDENTIAL_RESULT,62446510551119788095477835528576672715047217994292762496431912510269665561591,85033408490054356469224638555921276992969532989623124901223739012644529258496,false,PRE_ELECTION_NOT_USABLE
colombia_runoff,COL_2026,PRE_ELECTION,0xd6bd3fa5b04acc90c32f5da74a8c9c3ff941fe474eb0525f83306b97a3da195f,2334003,PRESIDENTIAL_FIRST_ROUND,29895125603758441006148322845132516764248737764621275910080383826706543942323,113761271336619183059398686864693018465812213162646300270280390930644342453987,false,PRE_ELECTION_NOT_USABLE
colombia_runoff,COL_2026,PRE_ELECTION,0xd6c879f9ce4481fb7f4ba7b5f497f039a969a028a42f122e02ca0c62f2add7f1,2333870,PRESIDENTIAL_FIRST_ROUND,46097487828487911398569875551656737358989790690694005757154950076342237735284,111171501390927871892810671698237187509554625817079387154067299543360179247136,false,PRE_ELECTION_NOT_USABLE
colombia_runoff,COL_2026,PRE_ELECTION,0xd6fe31c89d7cc81e2febbea48a36668aa3aaa2b11bd6835307acac27df279fa5,2446491,PRESIDENTIAL_RUNOFF,50006148771186996558060844193186109404560207046079026383587967284035134932360,2184546184920522476117703742555756891216247578661813323336180263758987947688,false,PRE_ELECTION_NOT_USABLE
colombia_runoff,COL_2026,PRE_ELECTION,0xd76ad771017061e6507a69b404580a340e87f7b5a9ee04caa9133342cc8da64e,569352,PRESIDENTIAL_FIRST_ROUND,88387532258279785609513298743212938636989211030702852463852027752010357947581,49893653644119849073329148614515672704213080200844437267150123145253082815555,false,PRE_ELECTION_NOT_USABLE
colombia_runoff,COL_2026,PRE_ELECTION,0xd7a21acaa97c34933ff1fa85692efd628a89c87092c7c907a16a626babfbd20f,2333958,PRESIDENTIAL_FIRST_ROUND,76137689055764312818627271714841996973825573678225548291288620800279445734592,106666234206259484833544512309466462133515614772514055065158293773104039343856,false,PRE_ELECTION_NOT_USABLE
colombia_runoff,COL_2026,PRE_ELECTION,0xd895ddeca6475c710507bdb2640e42bad884a0ab4f4feecd9d1deeb642c1018a,2333946,PRESIDENTIAL_FIRST_ROUND,42022163234176732806374481584493052985558189979141486437234794774605368551064,24404766892104326532337919629307820817287723961260878450960853740986574078814,false,PRE_ELECTION_NOT_USABLE
colombia_runoff,COL_2026,PRE_ELECTION,0xd8f77503edba0515f30d6c97da303e6d95f290ba52042d3553da5012df1c9fcb,569371,PRESIDENTIAL_RESULT,107683978284338345514269480869866022278445451292438352236628035370370763457098,17380112191702902708390407796057273077768301343386290992356300868784167383442,false,PRE_ELECTION_NOT_USABLE
colombia_runoff,COL_2026,PRE_ELECTION,0xd9a76977c8e2fcf15402feb8e74445b583aa1dba257841ba8305b08967ea2187,2333941,PRESIDENTIAL_FIRST_ROUND,69656473207448980247788794771894814809695531065081760650819147764093304251954,63977788395002491653542766075567709046389958805382461975926180324051240189527,false,PRE_ELECTION_NOT_USABLE
colombia_runoff,COL_2026,PRE_ELECTION,0xda4bfe444069a68d4777022299da268b7976b147ca7acd801a5bc80239065943,2333984,PRESIDENTIAL_FIRST_ROUND,60112749281637219441622323040056264849466489071605244592381750961165751329343,23820898870167806959289351742751408909674167965346263282259646556521574755080,false,PRE_ELECTION_NOT_USABLE
colombia_runoff,COL_2026,PRE_ELECTION,0xda907bc72ace0a6ee956394b022dd7a07e23dd7e1f2346ec1d6cef392e87e77d,2037917,PRESIDENTIAL_FIRST_ROUND,63853622151739517344845565070031879672648174564960271673236617995513310773183,40612471379175543257454686269876903661266624554019736329691040922411085126433,false,PRE_ELECTION_NOT_USABLE
colombia_runoff,COL_2026,PRE_ELECTION,0xdbe32090d1a0d13cc93c4ec5b67d3970f379ae348c5d3d7fac359958f84e287f,2333953,PRESIDENTIAL_FIRST_ROUND,90757829191821593850907959787862751867559466617788082800787215894943532405760,88734652745800878091696879847698753088875174942819391735881793589630702921929,false,PRE_ELECTION_NOT_USABLE
colombia_runoff,COL_2026,PRE_ELECTION,0xdc33419f4040b6041d44594098038513a12aa678a38043b919ebdf071a8dad14,2333871,PRESIDENTIAL_FIRST_ROUND,8567916000145508301912346279966292833255093250578527788113682837667278071288,47050080222618489036462214898554765801559988078518696945528218827508242893332,false,PRE_ELECTION_NOT_USABLE
colombia_runoff,COL_2026,PRE_ELECTION,0xde676a8e09cf2abef31b8f4c5a94e4853780c3625b152fdbe1740d6508903562,2446486,PRESIDENTIAL_RUNOFF,108311285461981798525402301649801906700902905168339811176085182392079444663806,88151914712744204214496578769752524885258626890712156600333903107507187758214,false,PRE_ELECTION_NOT_USABLE
colombia_runoff,COL_2026,PRE_ELECTION,0xdedef5719a21db8c17a43b9a53558b0ef775f03a1f8efe16960929556b90e29a,569374,PRESIDENTIAL_RESULT,21277635529916941493247806594681449972370468950858577155451325042563981647561,21143180283166516014556355841998657824661527943932031898882704168739181545926,false,PRE_ELECTION_NOT_USABLE
colombia_runoff,COL_2026,PRE_ELECTION,0xdee5fc2bd09ccddc33f20d513303b0e9388e3893d2b48263dfd93730c2a7a436,2333942,PRESIDENTIAL_FIRST_ROUND,105283938687540193833761808218810134659241584253046579544142797214379547922543,94281085599971550538677482904913037256997212105134694617177008589127121423831,false,PRE_ELECTION_NOT_USABLE
colombia_runoff,COL_2026,PRE_ELECTION,0xdf6ca172d9fe9ac8a04a637366ee8508c7ee414c4c8e157c43f1e9abb11ae182,2333994,PRESIDENTIAL_FIRST_ROUND,114658476795817041511501535056237620309154978413102092681898158788338387966720,4233926575371163656902848969301297645016832573517737606382669454257047581635,false,PRE_ELECTION_NOT_USABLE
colombia_runoff,COL_2026,PRE_ELECTION,0xe06ae046e1268167f4c2ef2f51f9d56f09f82a7df900b01798d4d4fd8b840e52,2333869,PRESIDENTIAL_FIRST_ROUND,103108530671272680907540468393824758474681079973076853121413098158786050853712,38221471346218877370369398073846702963962518332675922397669386041995365242177,false,PRE_ELECTION_NOT_USABLE
colombia_runoff,COL_2026,PRE_ELECTION,0xe2b687e0c71b100e0cd3cbe18a7c987e65b811ff8c5e46122ab4d09b798a17bf,2370508,PRESIDENTIAL_FIRST_ROUND,32180594845592797839525807733361182805850850061927389881162268757327005013494,74740360085827162061295593356487791652114990848076419475754671326159000121191,false,PRE_ELECTION_NOT_USABLE
colombia_runoff,COL_2026,PRE_ELECTION,0xe4b42b620dca78c3b2579b684f4e65088ce7532b96db3ecb00631b7ef35b4a77,2334009,PRESIDENTIAL_FIRST_ROUND,47897546945736600959927552390135648192696635732835315735486287940449785992161,24617512272086806124883324420908181972061163828967729589789943437238257897561,false,PRE_ELECTION_NOT_USABLE
colombia_runoff,COL_2026,PRE_ELECTION,0xe59f59145045f82f8408f1fc5041d33c2c2b1de8ffaf7a4c450c638f5b038079,569360,PRESIDENTIAL_RESULT,112555322065982091470513953234842603626356443236936103808494470812727562408795,17462248665475661730089152347530240415030558210901742597225360396397836807289,false,PRE_ELECTION_NOT_USABLE
colombia_runoff,COL_2026,PRE_ELECTION,0xe79972d28e543046c88cb43847a06f46fd85930a3ad0b71a1339fc5973e5a815,569361,PRESIDENTIAL_RESULT,69060624533458831267076172458605848920773380331333194595024649229425386165146,15487192675541459606401906861836353466424708956224441056848209225570558254344,false,PRE_ELECTION_NOT_USABLE
colombia_runoff,COL_2026,PRE_ELECTION,0xe8a896f18ae432d57e58e5ff10e6afc459c2aad377bdb054acdf7206a8d480ad,2252532,RUNOFF_QUALIFICATION_OR_PAIR,44935708904002444340516863159202577053258296462818212559658019744535471845726,71556542430738638576862351536576793576208285214879984576448214562761983040352,false,PRE_ELECTION_NOT_USABLE
colombia_runoff,COL_2026,PRE_ELECTION,0xea98756b85ccf017c644c63bf803d7756643176539c7004eb5413e08b48a5d50,2037934,PRESIDENTIAL_FIRST_ROUND,106795881863033826598771100081816542510146021998971946649001264066704087784521,9858460498396419228974309041049027985558518411183846099150893367042181205056,false,PRE_ELECTION_NOT_USABLE
colombia_runoff,COL_2026,PRE_ELECTION,0xeae8d09170bc56ee8ba9676b4a2f6d1a45c69084172ee7cc8a022197c2db191a,569345,PRESIDENTIAL_FIRST_ROUND,43406345570240507916710279610949015003758662253082068993250923591377249551960,102447579374170701068873021654048989952660764659006305952410860896511921232343,false,PRE_ELECTION_NOT_USABLE
colombia_runoff,COL_2026,PRE_ELECTION,0xecafba67d89b63e1b714cde74e247e811564c086d3f1f97d7896de1a47d8651e,2333999,PRESIDENTIAL_FIRST_ROUND,25207952510851483624031163054012162455762294831744832765870581510718171172945,94543039646232547098913723512896360507796255534321191663802551824994012860856,false,PRE_ELECTION_NOT_USABLE
colombia_runoff,COL_2026,PRE_ELECTION,0xef75ecbf6882759df055672c2a4136d7bdf8c97fe077bc8eae98d6b53af54cd3,569337,PRESIDENTIAL_FIRST_ROUND,45160140663506097504077183036117285299289312543403903721950916310809748446118,113804717603660968272462301400655115525330325661568497078154339615910486920045,false,PRE_ELECTION_NOT_USABLE
colombia_runoff,COL_2026,PRE_ELECTION,0xf21ddf2b752143a015baa6f248aa563e85a329593ce02b124453a445a1882c41,2333896,PRESIDENTIAL_FIRST_ROUND,4117929730748315182048867979753480239601475750178625855683950971707100457442,97550819452013695363842328344068891973521623167980723892907472496822838932304,false,PRE_ELECTION_NOT_USABLE
colombia_runoff,COL_2026,PRE_ELECTION,0xf24b5462262639b800f06204dbfc1dc3199b870d6d1a860cbc4a638f6cc3796d,2333945,PRESIDENTIAL_FIRST_ROUND,45371902856625202302357471983618910991858931640251988075642106700345904205855,55307234835744195203317971742466258884060743646695643348090192877567255549334,false,PRE_ELECTION_NOT_USABLE
colombia_runoff,COL_2026,PRE_ELECTION,0xf44ba6ae238db2cf052a5a496216cab7a8f8b5887d4b800fffcc842ff0a5656d,2370365,PRESIDENTIAL_FIRST_ROUND,32538940167097335646273051780361200206495497154660016962319641291380583656648,43569387240980032700972763270434139574832315937970976045877828496080251763118,false,PRE_ELECTION_NOT_USABLE
colombia_runoff,COL_2026,PRE_ELECTION,0xf50ca60f332eb790f6894cd790d048a4675713319d520ab5f09a3a3cdf3b792c,569461,PRESIDENTIAL_RESULT,77438090585410330640421443482029906935758023903362649354498953129763522752004,61585502197988158535084689180452867497542885295017861877121845766424136281562,false,PRE_ELECTION_NOT_USABLE
colombia_runoff,COL_2026,PRE_ELECTION,0xf547bd8a2933fe031e82ca4a3007cd7fe1c0f9ea350ca9d43e58796ab52609c9,2333931,PRESIDENTIAL_FIRST_ROUND,20033819847871707265444411946940223563470920586696284236275884271080028978375,23626703080388417272361238390502666118710107002105466314836581093884592316945,false,PRE_ELECTION_NOT_USABLE
colombia_runoff,COL_2026,PRE_ELECTION,0xf5c2044c6beca6d4c7dbc0b605ddb060e771b914abc90ed25c38d7e457e6af6b,2037927,PRESIDENTIAL_FIRST_ROUND,82461648641575087025989509433054418608876548663281542231147145157107584163643,62506019110560649552977561726060370226697399335090452817731419747655959188383,false,PRE_ELECTION_NOT_USABLE
colombia_runoff,COL_2026,PRE_ELECTION,0xf63b20e72086547c789e93d744f811c20d9c0b14be0501599cd4c1c5853c9bd5,569359,PRESIDENTIAL_RESULT,29634269883198564591373707667338539580309224908853967914175595169149205026965,113630684119636954008427466663789572421109143380566071176127696686852604518694,false,PRE_ELECTION_NOT_USABLE
colombia_runoff,COL_2026,PRE_ELECTION,0xf6c62a7b65eb3bc38a264376aa50167c842708da1dc68afeff33e0242598e6d2,2333944,PRESIDENTIAL_FIRST_ROUND,109583432058730231946631746664202734273451642905745508189261820630236387624344,46470148673985116821420156774865640461881934089373881555229435787132972483747,false,PRE_ELECTION_NOT_USABLE
colombia_runoff,COL_2026,PRE_ELECTION,0xf741224f35e68f564d92b471d2348e2827bc6ce053a425447eb5f8f623ccc82d,2333886,PRESIDENTIAL_FIRST_ROUND,4278126771908445150600376043825533380177025460164334111362445094195184689542,88232014330582837891082632632700605169540608950461057607463295899136051155240,false,PRE_ELECTION_NOT_USABLE
colombia_runoff,COL_2026,PRE_ELECTION,0xf7d6807b7ecb261ac1a276dd2f1df36c906939526ed3df0b5aa230a0d372ea8a,2333866,PRESIDENTIAL_FIRST_ROUND,76491974449817600762917650413926452501950521272868832463734807285601298780466,115752788042279252236120762560314677226034097843444874369828028226743336984445,false,PRE_ELECTION_NOT_USABLE
colombia_runoff,COL_2026,PRE_ELECTION,0xf89680a45564488c6c252c9ec4e5d0b00894b271105ba4fcb7d756a464da9559,2334004,PRESIDENTIAL_FIRST_ROUND,1157644991647249478870609515779411852869488466978346906522805667986694289127,94778143699538287173709751333002229544839387747308156887174694299645076677395,false,PRE_ELECTION_NOT_USABLE
colombia_runoff,COL_2026,PRE_ELECTION,0xfa380be4603f43fdfddc0c370bf1b0d04a5510b380b79acf875d9e84a20c053c,2037924,PRESIDENTIAL_FIRST_ROUND,115591228253857510463121359616151399251965220444534603253400483502757171946793,5947513206887020624164094363567117900347110739040532677516810832788930381530,false,PRE_ELECTION_NOT_USABLE
colombia_runoff,COL_2026,PRE_ELECTION,0xfa5ff0fd23ca119f93bafb9fa36f9a3433efb43257ec77f3005ac6302283d6c5,569687,PRESIDENTIAL_RESULT,77537635956562217433074459245188520320002811084784515839804431636217705533315,69329321831306718004014560153659304675741633375001337339869160312719980273626,false,PRE_ELECTION_NOT_USABLE
colombia_runoff,COL_2026,PRE_ELECTION,0xfbe85201ab2b4acff01cd5a3639039fc813d3448c64db081f70926bd9b9e74e9,569366,PRESIDENTIAL_RESULT,87037476560262355019736573472997730954875286944171789280729969665019434635807,93119283163420984666329627600000273753909488383271496422725436610044958733622,true,
colombia_runoff,COL_2026,PRE_ELECTION,0xfd7d39cf9788b0ad29d844a2ae65462dfcd57c1219df1669690271b884ba3b25,2333872,PRESIDENTIAL_FIRST_ROUND,51240833216424752022010197879036942714420218167069345597313573592369724572581,52100434294934360760432794880440901047643812139925612380366933735400975226710,false,PRE_ELECTION_NOT_USABLE
colombia_runoff,COL_2026,ACTIVE_RESULTS,0x00a14a56bedb50c9fe1ba6a7439b867764144817bf9df2b4f8d5dc20a2cc8486,569683,PRESIDENTIAL_RESULT,62327952739423226724129205800593953439110252380391880894136295328277849923687,82697751914471515482975394698986811926531949849935219052904303789335138314053,false,ACTIVE_RESULTS_NOT_USABLE
colombia_runoff,COL_2026,ACTIVE_RESULTS,0x00dbeee0d75b64ac2fcbda9e0b228efd811f57891ec60597f94d704157e1cf0e,2037913,PRESIDENTIAL_FIRST_ROUND,67653359164066022037584214393317245900795445630715680215846687562858333665468,106669893920545988503595471454383796504893438254853457897294774712051839819641,false,ACTIVE_RESULTS_NOT_USABLE
colombia_runoff,COL_2026,ACTIVE_RESULTS,0x0106c99eee7a0649366815bec6cbdcbafc2629562d48fec7a0b54879deeb049e,2037936,PRESIDENTIAL_FIRST_ROUND,100703279858690959458190208526109876748745820218074829115667506342019730348958,6137108549751367824522720747871433599555029100103419795068096970439355080814,false,ACTIVE_RESULTS_NOT_USABLE
colombia_runoff,COL_2026,ACTIVE_RESULTS,0x017c92abb97f6a51eb6c3b57986f844a565b341e2202ddd85154438f56f597d6,2333982,PRESIDENTIAL_FIRST_ROUND,88420609021782927105180592896462097956812731216504672311014751928708191176194,1900083526703148128084802496536352193862401501135653340857945698750670633916,false,ACTIVE_RESULTS_NOT_USABLE
colombia_runoff,COL_2026,ACTIVE_RESULTS,0x01cdf8941ffd7b36d40b858d6d346610e28c47634a6eb69b341b6da40e181a2f,2333950,PRESIDENTIAL_FIRST_ROUND,49690112916489451949296667467909564012568297466401642896119638306683189782108,37857071945186714679861246249922637208884269467245056813717230291513237601012,false,ACTIVE_RESULTS_NOT_USABLE
colombia_runoff,COL_2026,ACTIVE_RESULTS,0x04ad247146c2e2c6b1240af1d6fcdbf6b893ad4af03558c73b85cf214dacdcb9,2037926,PRESIDENTIAL_FIRST_ROUND,92439600558413151279456702840942230272457188248761822216128378235592169953844,45865545533411841932559872267971561687270367301574371238982635738774821585900,false,ACTIVE_RESULTS_NOT_USABLE
colombia_runoff,COL_2026,ACTIVE_RESULTS,0x04e73caf81ef64ce0c612699049d295e18dfe9bdd60d898fd3d8a64cac723661,569342,PRESIDENTIAL_FIRST_ROUND,77948970922967013320765099624654609581945232484076127193275914408760472466885,44674753934222224973645551263585431199862484226841760360632158056570271014639,false,ACTIVE_RESULTS_NOT_USABLE
colombia_runoff,COL_2026,ACTIVE_RESULTS,0x0622b01925e56a091f248c42fb194d3b86d58165f6647d6bcb7afc6fb4638531,569367,PRESIDENTIAL_RESULT,100491958886776974191121583503513146470234388396360962605267069217658465802580,82503349357181056398149908255365503506981833559023213427675200732940959552735,false,ACTIVE_RESULTS_NOT_USABLE
colombia_runoff,COL_2026,ACTIVE_RESULTS,0x065c9c419b6e1efa736760d175f0bb544af3b06c908d2bdcf7a942092faec5a7,2446454,PRESIDENTIAL_RUNOFF,7842998641854640467498864847927196666887026414217538383618059089010287738821,73377810827384780824303947274695960562511250713318827027771148534840046107237,true,
colombia_runoff,COL_2026,ACTIVE_RESULTS,0x066968a0782400de3de2361116a0b65a0f596f52541aa47b7141a24ca99d2c7a,2334016,PRESIDENTIAL_FIRST_ROUND,11781705372887088419510717222413316365659704221785840568892902962488478023870,30129847144254064992260751098606878832796611898324689556110935735579948046767,false,ACTIVE_RESULTS_NOT_USABLE
colombia_runoff,COL_2026,ACTIVE_RESULTS,0x06fd167abf1870e59a2cfa0993fcba313296445d800a2a796df349de4d453b1a,569351,PRESIDENTIAL_FIRST_ROUND,49717584418487044513717863276516405463966260892819520159064698592829653119144,38630829436467708561145688553877980393399758676690044755109421253879766025075,false,ACTIVE_RESULTS_NOT_USABLE
colombia_runoff,COL_2026,ACTIVE_RESULTS,0x079756094f8f3f2f1c27c3c81a222b2211a2d57a1de72f36afaddcee8692db5c,2037908,PRESIDENTIAL_FIRST_ROUND,26737880624473827032663360845894123316722347696680032251589703832735493100304,45421871262879598219487062236304156481950759351622300698091157652906301040611,false,ACTIVE_RESULTS_NOT_USABLE
colombia_runoff,COL_2026,ACTIVE_RESULTS,0x0800bd687e4028589e13ea87e9d999ae8495baf34b886cad9aeaca166273fa72,2333996,PRESIDENTIAL_FIRST_ROUND,77801891223987841891474930621248532092123386694399544698997121876709615623565,79774248936917677535786289214612350107249875033447978339913670987747541234371,false,ACTIVE_RESULTS_NOT_USABLE
colombia_runoff,COL_2026,ACTIVE_RESULTS,0x0d2496544913dd1efdc093d296e366b4de344adeecc45d84cb4ab26433f335d1,569348,PRESIDENTIAL_FIRST_ROUND,72774350053906879890006453324691552555097045786061116921411542398714774240040,25245826787224338410010088676982472331814131701235656578925446163384798724305,false,ACTIVE_RESULTS_NOT_USABLE
colombia_runoff,COL_2026,ACTIVE_RESULTS,0x0f8307d8ac0573ba6495eef430d494716afa6019bb9fe059409653cbf1fe3c26,2334006,PRESIDENTIAL_FIRST_ROUND,109396079339670134267026895477341251318298298810359408106350415412049883203994,5900216445606360244565092745250598981651924056364882335184389504782667595305,false,ACTIVE_RESULTS_NOT_USABLE
colombia_runoff,COL_2026,ACTIVE_RESULTS,0x0fb006e0c06caa4db12f7e30ec8c2483d658f83eb57b2ee8eb478e39beca3dfd,569368,PRESIDENTIAL_RESULT,62374557612691330043510053829591470998236327248924987579815802826988260253261,45225184915026490412090111842887484470550126139644389135401954155408710524398,true,
colombia_runoff,COL_2026,ACTIVE_RESULTS,0x109985b203700a3201125daee47e511f6de4ff2cf138d66a3f2adb557c36c0eb,569372,PRESIDENTIAL_RESULT,54150466123374773726738402962617014073469969105711615831248994920187304132512,13078858863233902852171878057565223170342271482379627448610126588212958283632,false,ACTIVE_RESULTS_NOT_USABLE
colombia_runoff,COL_2026,ACTIVE_RESULTS,0x11557bc4108eb3a0c095cce4bdfe3aef3706d9a323468d4a3fdf34abbf031c61,2037941,PRESIDENTIAL_FIRST_ROUND,32509149864066409743918236029964748712437195867638555282675937116511182256138,79961504106196749925007563577577293162219935628795595694451830915360865260523,false,ACTIVE_RESULTS_NOT_USABLE
colombia_runoff,COL_2026,ACTIVE_RESULTS,0x13122f23a3ec3d047910eb1c806738135515a8cc7c73704b70df6816f3832d01,2334002,PRESIDENTIAL_FIRST_ROUND,94556209340454165880345312250734643981747440062393825117083360543833752783226,22200512612568968902623011778589006136021375383650276532998557240188966065128,false,ACTIVE_RESULTS_NOT_USABLE
colombia_runoff,COL_2026,ACTIVE_RESULTS,0x134558df204e69f48e65c4a78b8a2bdfb696edd1e32dcf374582d4172d46e480,2333876,PRESIDENTIAL_FIRST_ROUND,7253269161954403703332238123834606285309457866515861611962899377270993957034,106195663937235118001100116011519912903870205974990062985376025242606203122868,false,ACTIVE_RESULTS_NOT_USABLE
colombia_runoff,COL_2026,ACTIVE_RESULTS,0x13fdd4bd0d84295d0dce1a74f0aeb13c98d8cf742746fd70b22225a9a8b55bdc,2370376,PRESIDENTIAL_FIRST_ROUND,59263798627249653735139959425434434938525580867813565742566207804138725744398,106907883654432555669105797640433393860603468575290578144134062016861224644807,false,ACTIVE_RESULTS_NOT_USABLE
colombia_runoff,COL_2026,ACTIVE_RESULTS,0x140f399dfb1bcebb1a0a8b287b9582b56a8347f8263843062d4c7341d60f24bd,2333906,PRESIDENTIAL_FIRST_ROUND,19872350398921714127744586988634099423923686591421430630787622118952123734352,8788236363524947485861079686558881748305798325253847460913746823751794666044,false,ACTIVE_RESULTS_NOT_USABLE
colombia_runoff,COL_2026,ACTIVE_RESULTS,0x1487020a35d9222a0f53d7a432b59e52041ae61086a1ffbea94d723b84ae203f,2333904,PRESIDENTIAL_FIRST_ROUND,36911343263732025547434327913640862187300895675420273945247834963787649733036,34893683973991935828332308014334218695058850542179922726756230627982217050144,false,ACTIVE_RESULTS_NOT_USABLE
colombia_runoff,COL_2026,ACTIVE_RESULTS,0x15bac3fab3754ba57ba328d86b93b296778a1b90c12bafa51f07b3ea79996b4f,2370373,PRESIDENTIAL_FIRST_ROUND,106763230704343183453719408887359082927815236992232473300788515686612692073771,11618145140283274060200253187130030476847871423203649938570348046814275016199,false,ACTIVE_RESULTS_NOT_USABLE
colombia_runoff,COL_2026,ACTIVE_RESULTS,0x16442f96848b4442b335774cd10a47bc917ec541130226b45cdc4f26abfbb05a,2252528,RUNOFF_QUALIFICATION_OR_PAIR,69354691871414110693522807641531264544288172767412558619166842998812658601653,2744910169025435180867465822005734639824915857729809093127949443344738999140,false,ACTIVE_RESULTS_NOT_USABLE
colombia_runoff,COL_2026,ACTIVE_RESULTS,0x16735442b2bb8ccafb0d588e2c514a5e537710f29eef62b9aceb110927aa0b17,2370503,PRESIDENTIAL_FIRST_ROUND,14032565312204116543058042853830508215638603444086721905238406226915307335250,112056089362062494013086287319777463778590557555325123282491093562172424170419,false,ACTIVE_RESULTS_NOT_USABLE
colombia_runoff,COL_2026,ACTIVE_RESULTS,0x1701b80d6df629d7b30967c7abed55c62b553f8f1b653ee69bb1c2078ab1222a,2037923,PRESIDENTIAL_FIRST_ROUND,41152046852821706027739182697692490036748225025281658843268438477766746657620,34393477159277850446203391159737931012767707336058320832180008063876251323527,false,ACTIVE_RESULTS_NOT_USABLE
colombia_runoff,COL_2026,ACTIVE_RESULTS,0x192e9cdfdf73c5be0123885cf069cb30c74196e72f3bea981ea245907c584103,569375,PRESIDENTIAL_RESULT,15952309044564592061707548788230769719958492797769308291116294264840870699738,50248943920534936026560510175588177476394368593498716063735193505706494883399,false,ACTIVE_RESULTS_NOT_USABLE
colombia_runoff,COL_2026,ACTIVE_RESULTS,0x1b52ae0ad863224eb8f63d17a48a6962111ac91b5cd3bd34449c02b7129b6523,2037938,PRESIDENTIAL_FIRST_ROUND,81816373486469789635838968973862753367247327643189074297016045282206730563405,7390802298625925415689880929753760034654483570394113687070191004223187019573,false,ACTIVE_RESULTS_NOT_USABLE
colombia_runoff,COL_2026,ACTIVE_RESULTS,0x1dce2fb21c0caca2ff4a99f4dd50af35594b538f90b776fc02054c41a078d0b4,2333937,PRESIDENTIAL_FIRST_ROUND,78748489466052311097028383377840442653725417631344402385314615233352567983747,25576030760270949472535201484398537328198968697513174828599064799190324769670,false,ACTIVE_RESULTS_NOT_USABLE
colombia_runoff,COL_2026,ACTIVE_RESULTS,0x1df87f7e360bcf2a2df38a2ee1bde8d1bff411780fc7e475a4a09a94a9bd3899,2370375,PRESIDENTIAL_FIRST_ROUND,108974167068494983977501827601085425117902742141321372239296316608755852846077,109435389580424658150493785421168198466327994825138139108960099929552872167974,false,ACTIVE_RESULTS_NOT_USABLE
colombia_runoff,COL_2026,ACTIVE_RESULTS,0x1f65f4ac4769dce4ecc5fd5df132eb6e6e94fe1e84863fd55c3f4a858c7bb425,2333938,PRESIDENTIAL_FIRST_ROUND,75019948041757382065489462523916767035504985914156740906730564940516170614049,428081008950391192052001333300444267896857211222406099295769012803305510135,false,ACTIVE_RESULTS_NOT_USABLE
colombia_runoff,COL_2026,ACTIVE_RESULTS,0x1fb33c5b0e416bee0294346d5d255b50b9b1b64ebd9f5bfdb18c89aed6b0e40e,2370504,PRESIDENTIAL_FIRST_ROUND,95397713339867671620267750294638973576062800721731079271432384499852407789018,59577799598615041474525598766462222441775718236296469685245542779261212208618,false,ACTIVE_RESULTS_NOT_USABLE
colombia_runoff,COL_2026,ACTIVE_RESULTS,0x1ffa861140b3938290e913f1e8fc09a9402d92b5a77ae7ef04a1bf1984f47124,2333874,PRESIDENTIAL_FIRST_ROUND,73623722357385139155184248655502762857722717250404134489597392300966802164164,9817226365294261934726881912604722643229405313723567325987764862511927473556,false,ACTIVE_RESULTS_NOT_USABLE
colombia_runoff,COL_2026,ACTIVE_RESULTS,0x2016b5e71ce635ead2d9d57a7235c634d7d8b13701892cbdbb3461a9a2fae342,2446492,PRESIDENTIAL_RUNOFF,112323293761407449932638593473133795457880106836849108920917453782926381146085,107334393118155912715030788823887377098927087752221659734421204748971634393761,false,ACTIVE_RESULTS_NOT_USABLE
colombia_runoff,COL_2026,ACTIVE_RESULTS,0x202af343a370924358b0397efd5b812affec245fd60a9f7bdcadc914b6179a3d,569365,PRESIDENTIAL_RESULT,80201140209960826248352000586932595636659282485774269449093899277382388462647,110257447605175414142409437826201644413797605873205278809974239027558213454512,false,ACTIVE_RESULTS_NOT_USABLE
colombia_runoff,COL_2026,ACTIVE_RESULTS,0x20f7429a43b2cd9e85d5457b05dce090076101c4af2ebc87939e33fa5bbcb474,2333890,PRESIDENTIAL_FIRST_ROUND,1078478351008778866690037740299609888947648072547291962568627039600427590283,88384321750597173643728369378083181554832385402359916762417309734831615255978,false,ACTIVE_RESULTS_NOT_USABLE
colombia_runoff,COL_2026,ACTIVE_RESULTS,0x214e38b663643eb8428e7eebc73eada6fe580724ce6ad298e22b04b6ed2af0b9,2037914,PRESIDENTIAL_FIRST_ROUND,104120634170391766294745534923968074884644833335532494093680914844279537387792,51478817533267971727964893945813375824876637274065996714709315814131936570088,false,ACTIVE_RESULTS_NOT_USABLE
colombia_runoff,COL_2026,ACTIVE_RESULTS,0x2291649b1f3bbbd1348dcb7400a9d239fc403a88489ea6d2b523db272a4f5d15,2333883,PRESIDENTIAL_FIRST_ROUND,41677755529161538623285741830045706935631847977044006880022105582468945252017,19672903945844730210426597254715410372669041375450446930672691256532458942082,false,ACTIVE_RESULTS_NOT_USABLE
colombia_runoff,COL_2026,ACTIVE_RESULTS,0x26a0f0a0c39f06c80dcfa83ba8b9701973471e097529aadd791b61bada836c20,2370368,PRESIDENTIAL_FIRST_ROUND,25690840019062849976496566794963978141818728224461919092756328830681090169797,70711342151483937699561861579769525426595720303575710642911618019465212044891,false,ACTIVE_RESULTS_NOT_USABLE
colombia_runoff,COL_2026,ACTIVE_RESULTS,0x2890121a9277d619b936695405544bda9f80d184b05d9503fd8f173c52867365,569341,PRESIDENTIAL_FIRST_ROUND,91061986285111660506709592119475475293178445047267552942031473045846880257562,47634466547617839934032219229279945162541382502913745126666974137002716262684,false,ACTIVE_RESULTS_NOT_USABLE
colombia_runoff,COL_2026,ACTIVE_RESULTS,0x28ee5befbb4642b7fb682d904d96375fff2290ab924d77024586185d1b68530a,2333885,PRESIDENTIAL_FIRST_ROUND,26305959153302334489897721619801514327439942531863552746872334003234759235395,6468979929223138465593425154646016866970325298229487948093436692333676835217,false,ACTIVE_RESULTS_NOT_USABLE
colombia_runoff,COL_2026,ACTIVE_RESULTS,0x2a3914b6dd5c7cee95013706205721b7382eb58521f78c2f05aa27d66dbc98ab,2333998,PRESIDENTIAL_FIRST_ROUND,66381795846969032629901430810742945962626578004273330356466856194567141702541,40409767179656996491727443577129961128822452085512967205325220979407970324285,false,ACTIVE_RESULTS_NOT_USABLE
colombia_runoff,COL_2026,ACTIVE_RESULTS,0x2c00b43dfddc4e2ff16e00a2c4aaa59a75978e693651d454426ecbce7107664a,2333985,PRESIDENTIAL_FIRST_ROUND,90887057050804113519265420623412497183452839038060206558937974396477090101473,10175524752780470859813380426156901626697434676400789950907838320962547414835,false,ACTIVE_RESULTS_NOT_USABLE
colombia_runoff,COL_2026,ACTIVE_RESULTS,0x2e2125a3d313f17fe3d301b05685d939aaa7c1b0541183108e7a471541b1143a,2446461,PRESIDENTIAL_RUNOFF,90911638330815022745723177109126619053681521039738438662830585746510558614815,4164174185561595497823941618642956639869906996394235318393454589478231246770,false,ACTIVE_RESULTS_NOT_USABLE
colombia_runoff,COL_2026,ACTIVE_RESULTS,0x2f932d721e4f15f90c23488ca79167661d11cdf3f4e70b133c03a1dd40f5767b,2037909,PRESIDENTIAL_FIRST_ROUND,65801053936630475337253265637587750169980419433235190392847718276767934340006,78315262461738504589301281853980470907983972045284437433552488491405105855170,false,ACTIVE_RESULTS_NOT_USABLE
colombia_runoff,COL_2026,ACTIVE_RESULTS,0x30c832f25d94330ff3de64f5dc4dbfb18223120069cdd41c64badec23a651d1c,2334010,PRESIDENTIAL_FIRST_ROUND,89216459400416278970752549736182845674936683948150686940422944436972102599161,9846885350683254353720933894247170453773589259249512972752088088243713448428,false,ACTIVE_RESULTS_NOT_USABLE
colombia_runoff,COL_2026,ACTIVE_RESULTS,0x339df241ecdf5119d616e6a263411b36cc6265d66431f939429595ea3f25165c,569378,PRESIDENTIAL_RESULT,50904860313941056616337244037140417510300046769518001741853498208438107484878,54650874419190726488429331845837298890322423771237910031862078351950599869520,false,ACTIVE_RESULTS_NOT_USABLE
colombia_runoff,COL_2026,ACTIVE_RESULTS,0x33b9298257eac39553c008b882ac333d2538bd493689d6710d3986d890580033,569334,PRESIDENTIAL_FIRST_ROUND,12516303356363467179885576472702473520609540998008534980142053225514923736128,56392837461754577010918753297684469288092009718829208653365190771739352467707,false,ACTIVE_RESULTS_NOT_USABLE
colombia_runoff,COL_2026,ACTIVE_RESULTS,0x33d57c8656390946c46e608d0b2ed56b8f27d86bd7444a90c691dec4d81a09ba,2333888,PRESIDENTIAL_FIRST_ROUND,43594109551379622502089261633704395774795471425871617618226578487205946510029,45151676639365925805826073756726143239152343539658560368148033304484256679156,false,ACTIVE_RESULTS_NOT_USABLE
colombia_runoff,COL_2026,ACTIVE_RESULTS,0x358a4c706ce29a1847d26244857c6272e5359a17aad079f5672c8fb40d50d66c,569363,PRESIDENTIAL_RESULT,8068224814554540438878048752492562091284744204380091879028789889702206094159,16548553332971476957450072608969189877959572767258214935623579207865190962760,false,ACTIVE_RESULTS_NOT_USABLE
colombia_runoff,COL_2026,ACTIVE_RESULTS,0x35acd85a490ff9b0fbc97e545334a0c124b5f2a703d2090523a7fd8ff626ebc1,2333995,PRESIDENTIAL_FIRST_ROUND,105341950599762419402436652137823543294951876514711995548040653815338279081943,43821158281580462196087007766692176097808730041570269051883433897352919754627,false,ACTIVE_RESULTS_NOT_USABLE
colombia_runoff,COL_2026,ACTIVE_RESULTS,0x3605db298c2c3987326802df95a0c99985174c4323b1cac8941f02a0b84efb69,2333889,PRESIDENTIAL_FIRST_ROUND,1483867935326814451604802032734008601109939300874157392810420055852722805915,15250560151825477381637303467226811024776502005579949979438286031025192354041,false,ACTIVE_RESULTS_NOT_USABLE
colombia_runoff,COL_2026,ACTIVE_RESULTS,0x37eae0ea720d356202b6ea7a60cdfb01bec864732263d570e1b9d2cae2673dd5,569377,PRESIDENTIAL_RESULT,35576386648968576566688560536354233813249129897893663189690996601696599407931,96109665264862080475376393531955100987957944681847649669531300877467560053535,false,ACTIVE_RESULTS_NOT_USABLE
colombia_runoff,COL_2026,ACTIVE_RESULTS,0x39171df906a7d9b43ddf95b2ce7ab44e298a550725eb71dc8b11531aa42fe236,2370371,PRESIDENTIAL_FIRST_ROUND,102522220617940917640135349614659857674061664729122958690827267932184772834434,75514784963273890959399499713376488854370383075496325472954063346318094066231,false,ACTIVE_RESULTS_NOT_USABLE
colombia_runoff,COL_2026,ACTIVE_RESULTS,0x3af66859d08bf41ae115b1492c9b310bb46d90542a370a9519b8be57d6c98e85,2037931,PRESIDENTIAL_FIRST_ROUND,7661824453015520128804094464968738886264147068088724947746909918004220880782,86233090752301391913217963266284886376166918356609573777794451399638360613138,false,ACTIVE_RESULTS_NOT_USABLE
colombia_runoff,COL_2026,ACTIVE_RESULTS,0x3baca5b0070978e7518ec4fbaf7ac79e30eb8adc48534e0004780fca2a59a2f2,569335,PRESIDENTIAL_FIRST_ROUND,48659756136284565019223821348790383206344687947238147520094323320808293530767,41734055192506875703233086051416193321915697699493712397770194153998142718833,false,ACTIVE_RESULTS_NOT_USABLE
colombia_runoff,COL_2026,ACTIVE_RESULTS,0x3bb61959c0e73b68ea71933dc256f136929ed3fbd50d6670539266a9bcaba622,2334001,PRESIDENTIAL_FIRST_ROUND,105313164158348972746104289549133013429598578863021292722124253105017475313134,103878437342836445165759126640218652517109291505029792573004417700660602360208,false,ACTIVE_RESULTS_NOT_USABLE
colombia_runoff,COL_2026,ACTIVE_RESULTS,0x3d0365ae242cbde4034b3ea20e3b0a79f2890f9fb830fbe7e0c79b77dcd3aa69,2333947,PRESIDENTIAL_FIRST_ROUND,65350650080222031414651846750572761951589809609132231875659672907042741710065,39764462074217506973788820792223315818779454812083295273577545164012715674700,false,ACTIVE_RESULTS_NOT_USABLE
colombia_runoff,COL_2026,ACTIVE_RESULTS,0x3dce8adbc5aebb7d7bd60ff6fcab32ef0533e9e9475015120b0abab1d38b0909,2333991,PRESIDENTIAL_FIRST_ROUND,11352667427369571689839022369152424646478177302042848308849827998758857851210,16831389437893005955970490862856925979835807185217127931054156941741591805822,false,ACTIVE_RESULTS_NOT_USABLE
colombia_runoff,COL_2026,ACTIVE_RESULTS,0x40b8399d2b500f8b09da21f76739f58161ac24ccbb2c6aa5df3b3a71bd2128a2,2334011,PRESIDENTIAL_FIRST_ROUND,20608811740831745084777743211572799072737980712474618087083284606889984956657,62613009560964240273763218588168047196705130569258470410748637080831125528826,false,ACTIVE_RESULTS_NOT_USABLE
colombia_runoff,COL_2026,ACTIVE_RESULTS,0x45795a86fe0275182fe3466101b5255dcea67d323d0000f8b4d38513f7ebda64,2446489,PRESIDENTIAL_RUNOFF,94851948724629005472778191056598169532602024635153602269000577525895573713913,19342166706538371110301882523296985923053826328856416982415725431143168146121,false,ACTIVE_RESULTS_NOT_USABLE
colombia_runoff,COL_2026,ACTIVE_RESULTS,0x49e558a18adbc66d0e4157ba3387d34e14a3911b7e261728fac86c42d5c7133c,2333997,PRESIDENTIAL_FIRST_ROUND,9130297864546634016010618697205752332957366224492537595372007182042730147381,12766875175055860764160778665583608934306536119111793498520265084591438289376,false,ACTIVE_RESULTS_NOT_USABLE
colombia_runoff,COL_2026,ACTIVE_RESULTS,0x49ed66968bfb4058a43bcf7bc664cb879e93a3e51bd10d844e3f8662febe9fd4,569338,PRESIDENTIAL_FIRST_ROUND,109710008834411230337090857031488261059821089034726354248807420936018491444380,110944128767750526318450684005515594109905850132487212860536527315959904068270,false,ACTIVE_RESULTS_NOT_USABLE
colombia_runoff,COL_2026,ACTIVE_RESULTS,0x4aca3a9a1cf0bd2a5f0b26b2b677c1f68bd386411adbb1a6bb67937deca40c7c,2333925,PRESIDENTIAL_FIRST_ROUND,58902239124101708668608210519616138658999095812206021255543388621813357749660,108646943568922211235930346739970024469706840810459262069823144610088444634690,false,ACTIVE_RESULTS_NOT_USABLE
colombia_runoff,COL_2026,ACTIVE_RESULTS,0x4b4cbf5395b513b8fade88255533471727a0af51fe950054f93b2e0133f3d286,2037925,PRESIDENTIAL_FIRST_ROUND,53761725662687322223463092511809846719448449750472948909973299308108480174389,45054013742955105900382384033446478098222319254880444431026309617262564787138,false,ACTIVE_RESULTS_NOT_USABLE
colombia_runoff,COL_2026,ACTIVE_RESULTS,0x4c7e5139ca38b08d51ac7d5ab3d15a2ba77ec1f99ee206ca28cd2e160ff8c657,2334000,PRESIDENTIAL_FIRST_ROUND,84558917960422464502952129255871655078984864658860262766178279458450916297861,62111932535811317539346616869497390377875419271804579357828963108951375912744,false,ACTIVE_RESULTS_NOT_USABLE
colombia_runoff,COL_2026,ACTIVE_RESULTS,0x4c99c057d8c04802c654623c8c7fdc40fcc979a3599dff331c5e1aa20a382834,2037935,PRESIDENTIAL_FIRST_ROUND,57172221598532081764295448994534056723478965228523862284455540719534237523960,14259199111157075064382019708111347596578325071281975856847787733735294058032,false,ACTIVE_RESULTS_NOT_USABLE
colombia_runoff,COL_2026,ACTIVE_RESULTS,0x4e7ab14e108ea5a9155cec536b435c098b72702639598f0c28349c8bac946d94,2037919,PRESIDENTIAL_FIRST_ROUND,10647133337702892106263778573888138658570317713098443417452924210592766368406,102079623168623471273840290882862058479284336255106205460876708374644120043097,false,ACTIVE_RESULTS_NOT_USABLE
colombia_runoff,COL_2026,ACTIVE_RESULTS,0x4ea073c06f5bcc307cb4f351e08c5deffd69613f37c651775b2d2f4391b68990,2037915,PRESIDENTIAL_FIRST_ROUND,18743268952767029977873726300637995594341325813891053487160767721400543542361,114220989310925891771558225464740684305589081400589078124850438578778113902108,false,ACTIVE_RESULTS_NOT_USABLE
colombia_runoff,COL_2026,ACTIVE_RESULTS,0x4ec869aeebf64753b780bdb334d2377e99f381d4a5cc83469a6882a1fe336784,2446459,PRESIDENTIAL_RUNOFF,20677053970747892267275906445449479173373738971385900183747685029984688159677,70082181591084950244365636335964030067781194952832822466968105366770178443320,false,ACTIVE_RESULTS_NOT_USABLE
colombia_runoff,COL_2026,ACTIVE_RESULTS,0x4f62215eff94ab3f33405596b373eeccf65bf38a1f996730dc544f934522f076,2333954,PRESIDENTIAL_FIRST_ROUND,62301175332378592230515056834457664793940969911818973871393126855246014596501,83050978721057089796567497752074464462808607858951190314332183331641129306517,false,ACTIVE_RESULTS_NOT_USABLE
colombia_runoff,COL_2026,ACTIVE_RESULTS,0x5037195eafd98f9d50ef8d5700abcaaa7351cc53bfdb1df23fd28fd35eb94e9b,569349,PRESIDENTIAL_FIRST_ROUND,13029278070705688134577821030612277494815895676220866840087054352558704333924,3539761353871947758222904778438532904194418510639880694720927872335191948765,false,ACTIVE_RESULTS_NOT_USABLE
colombia_runoff,COL_2026,ACTIVE_RESULTS,0x53cc1ab913aa7e50c1baab8eebc513a868b854fb1c78781446c42e09dea81764,2333884,PRESIDENTIAL_FIRST_ROUND,50087352993243361968708897880768307880130828363273697884735769217952246350381,54159019525017821909362363264090508987876461534355590554567740118116619534249,false,ACTIVE_RESULTS_NOT_USABLE
colombia_runoff,COL_2026,ACTIVE_RESULTS,0x542631b537143a71ef5959dbfd7b9607a182fdd80bad2b60dc655381f1f429ce,2370507,PRESIDENTIAL_FIRST_ROUND,92815940510889839254932726913535851147944648711626474958748239873145633832341,90893386670177214273771810545673145228034466084452958126544077812398425014183,false,ACTIVE_RESULTS_NOT_USABLE
colombia_runoff,COL_2026,ACTIVE_RESULTS,0x5525bb24ae27c09792c6916b8965e379e877d3da8526183c41f75c510cf391cf,569376,PRESIDENTIAL_RESULT,89694553118673733656678168830633286324312515199800945171852589630303595592081,45947837297819623832751853070957796549644165438317730076415117509643335719678,false,ACTIVE_RESULTS_NOT_USABLE
colombia_runoff,COL_2026,ACTIVE_RESULTS,0x5553ac0f0f12152e074acffad5aa883ebbac57d4d56fb87ba44210a9ff1ef763,2370363,PRESIDENTIAL_FIRST_ROUND,80409343233913036431936767840187042078689044235273383609034963566697602886885,17771261931070273465412656574855359363377231545699136563559510097663300201862,false,ACTIVE_RESULTS_NOT_USABLE
colombia_runoff,COL_2026,ACTIVE_RESULTS,0x55eab99b65f18398a73395d38c50d0b93b2f6fdaedbfdbe7790a30fc073f6e60,2037916,PRESIDENTIAL_FIRST_ROUND,49961881732702835671103659041936946434233949332234829274061522102899378016289,99751667353675366875078820485258424108240560988546214537577783943322961392572,false,ACTIVE_RESULTS_NOT_USABLE
colombia_runoff,COL_2026,ACTIVE_RESULTS,0x566196aaed496a8454b0dd572e88dbc096f13631589b8401efb942bbd4e07cdf,569369,PRESIDENTIAL_RESULT,36553834009124167357981460132800746681781045509640776189348736916365216865880,84932927190840068977064610674468659068085725951047956935296135607430523036808,false,ACTIVE_RESULTS_NOT_USABLE
colombia_runoff,COL_2026,ACTIVE_RESULTS,0x56d3614b2a31f92909d6c8d9674b8a4b642ed8a84e54f44023327cb31c30a6fc,569347,PRESIDENTIAL_FIRST_ROUND,9923011246923572238814851524588176780015983689281865964356210838183555284870,84074974758210511873081721199244479422288283449071936927279030379789309265836,false,ACTIVE_RESULTS_NOT_USABLE
colombia_runoff,COL_2026,ACTIVE_RESULTS,0x570584e73bb6a809be11d2636c64bf4b74487b612fbf9a7782a32439caea1fe7,2333865,PRESIDENTIAL_FIRST_ROUND,30784107834155268010683747974007437163202797356150390767870748631058209969507,46054207991360818981200629995836876456353596967135559498033644278491911925403,false,ACTIVE_RESULTS_NOT_USABLE
colombia_runoff,COL_2026,ACTIVE_RESULTS,0x5843cca0c3640fa5a0abf2a8db4fdead6b2563e10b4f2e94f36bab5938659e72,2333880,PRESIDENTIAL_FIRST_ROUND,27214451748815883698436866174560173787279251220959100994539390887021427727063,1830569144856661066062626983622294651090421826238131365781299498352044270086,false,ACTIVE_RESULTS_NOT_USABLE
colombia_runoff,COL_2026,ACTIVE_RESULTS,0x5853f2059b09a3ad04599874fb206b8355650fd5a401a249766210ebc7ccca2d,2446485,PRESIDENTIAL_RUNOFF,32939935417416018152661570888260072137066204711577173091005618090382409196953,69612032745340316669657004700293121994034495226573808416433313199168458684663,false,ACTIVE_RESULTS_NOT_USABLE
colombia_runoff,COL_2026,ACTIVE_RESULTS,0x586372b81191e5bbb958a2b7a18f2f982be1e403b2ea0018d2376c400f9498ef,2333927,PRESIDENTIAL_FIRST_ROUND,22932168123652109108846786194536677841238341204033890641651923278173587224252,5984644885008498407475360081377241842505197090084470645147330151443009718029,false,ACTIVE_RESULTS_NOT_USABLE
colombia_runoff,COL_2026,ACTIVE_RESULTS,0x5a0d158a808f0a45b67c365842b70333c5f635794e1e5e429e2baa6c248897f9,2446490,PRESIDENTIAL_RUNOFF,95276622400222816458281111118707471184247849196074751637912327207991383475319,61597249738888741474720552609738101803134454641620895957513869429584646446764,false,ACTIVE_RESULTS_NOT_USABLE
colombia_runoff,COL_2026,ACTIVE_RESULTS,0x5da9a62d107fe1a40b695de4c6a2b4a084489a32b3817fa6af1723c6030fc7a4,2333936,PRESIDENTIAL_FIRST_ROUND,53298556313434663039344871389247069060956681971318099357157595542735524411998,68347339044506960669813427919419974078877002814378838984428444635372045170765,false,ACTIVE_RESULTS_NOT_USABLE
colombia_runoff,COL_2026,ACTIVE_RESULTS,0x5e415f07db360cd4dd71eafedb3e93863d6343b26416a9e3b6e58d876084960b,2333894,PRESIDENTIAL_FIRST_ROUND,20181848462410226439564525792176096351130630909797345060481734429103191822039,86196059661466793367678210623434415639683773948739631189399126279666437382016,false,ACTIVE_RESULTS_NOT_USABLE
colombia_runoff,COL_2026,ACTIVE_RESULTS,0x60084cd46b5b91797ad397f4c1ffb5d3fcec7c134b705d2796c0f571eedad3b7,569362,PRESIDENTIAL_RESULT,90597192178681015689649221295046634532475085163327739303111514887963871088190,12096880073482366155184747709735877109433940251536294092423818517825981404883,false,ACTIVE_RESULTS_NOT_USABLE
colombia_runoff,COL_2026,ACTIVE_RESULTS,0x62bce58b3b0ed9b3c4f87126578bd02005e0cdde4fb0ee1baf1c86b6ebaa278d,2333949,PRESIDENTIAL_FIRST_ROUND,90588697084819071042080393524262855090019602509424115878611677169238300233609,52286408964546455012082329720115695041605124501534438238759703559568997245597,false,ACTIVE_RESULTS_NOT_USABLE
colombia_runoff,COL_2026,ACTIVE_RESULTS,0x631603d3b238dcb3668e70e6bb8951d57d52c419fd9b5f3d63403ad68f264f65,2370369,PRESIDENTIAL_FIRST_ROUND,12226423288780599563011475613807642769097724889014707153307653850752788899885,20943589593491838109810906648757863845889162000752337520985198737303906129301,false,ACTIVE_RESULTS_NOT_USABLE
colombia_runoff,COL_2026,ACTIVE_RESULTS,0x6374771cfa8c750ae9b54bc2074ba9d7eefbe40acc2a726c1e23c3ed86ea6c1b,2333867,PRESIDENTIAL_FIRST_ROUND,74081466685547945903041555820647899495095268998251758792962208764411530866261,93971524882672103113944895823932969624766678743202850845754660516833936433425,false,ACTIVE_RESULTS_NOT_USABLE
colombia_runoff,COL_2026,ACTIVE_RESULTS,0x6419acec3e5111e2ebef300fbddd5aea62a9cebced2f54bf36460d43af845183,2037937,PRESIDENTIAL_FIRST_ROUND,65391964259760855699974928756361287949434802685966662084801580556068678363198,80412670826045734551836159123617977056106987429899656948727989292587758965349,false,ACTIVE_RESULTS_NOT_USABLE
colombia_runoff,COL_2026,ACTIVE_RESULTS,0x65762ee948d59d736b4f9afe5342952eee1ecfaf1a0f6b6c5fed3619ab46d256,2333987,PRESIDENTIAL_FIRST_ROUND,50516886031185726666190443153327706413025564300097218183538809638482175900778,31625653454924323217507868747419455695757944242036556169659634363446337388326,false,ACTIVE_RESULTS_NOT_USABLE
colombia_runoff,COL_2026,ACTIVE_RESULTS,0x65c68c23598d83ce911ab07dbff389ce34b2b353065433431ed9702b86c89446,2037922,PRESIDENTIAL_FIRST_ROUND,11802337274768352575849698254061068996020131052342372548979525368246415074812,79633727667236071326398953014157129853941509077805551801608825297620046004760,false,ACTIVE_RESULTS_NOT_USABLE
colombia_runoff,COL_2026,ACTIVE_RESULTS,0x676f1f848d78647c77f0bc952071cafe6c9bbeed19c7e9597a6cdf004e21f415,2037929,PRESIDENTIAL_FIRST_ROUND,106999260143163150591713457623943682746001421724813780030701779327685439290534,31666445195127050234559675685788567791954972757743062958584635541566604287884,false,ACTIVE_RESULTS_NOT_USABLE
colombia_runoff,COL_2026,ACTIVE_RESULTS,0x679ea1ec612697c2c552f6830a6c899d687b4f8c1c122084102a60aeac4ae0b0,2370506,PRESIDENTIAL_FIRST_ROUND,104806624275154607286616795725412753892582363039578754065961750788133732821204,23191703838808454225380460368556849724146928184516119103419008395321462649339,false,ACTIVE_RESULTS_NOT_USABLE
colombia_runoff,COL_2026,ACTIVE_RESULTS,0x680df8049d50778dc21840331788079dcf2f987057196799d77c820a8ecf4954,2333929,PRESIDENTIAL_FIRST_ROUND,21721004858927411564263202194256388606949363475485674470053507337544788873342,20039786102274790629687449439378774674320115339696514807542047988833616568572,false,ACTIVE_RESULTS_NOT_USABLE
colombia_runoff,COL_2026,ACTIVE_RESULTS,0x68539c2e807f807bcb330ff83ab020973e544ab4b377b7946339964d66148a8b,2333887,PRESIDENTIAL_FIRST_ROUND,99999473772810828853982592117593985277302342753733679108375835780647689539135,43349849544466366683484578295365996497107110629794846812216563102829517095353,false,ACTIVE_RESULTS_NOT_USABLE
colombia_runoff,COL_2026,ACTIVE_RESULTS,0x6aee7a669dd941b514661d64c55e7bd63ef7884d5e455c850f1835a8056e7a55,2333992,PRESIDENTIAL_FIRST_ROUND,7707882609877027151419445009151473858946466475327085396299308696610200951375,50192917843461008913980030770402312790825197108048084942311427385352595907357,false,ACTIVE_RESULTS_NOT_USABLE
colombia_runoff,COL_2026,ACTIVE_RESULTS,0x6b018aa0a63272c29ce48e9d662569be6f3115a05296b0268ab798c43fc61f84,2333879,PRESIDENTIAL_FIRST_ROUND,4799627587945218593459507050372147267382934962112054007657617310353679573876,82572190722812246422010883254419245050567443270539454954469261834828718992928,false,ACTIVE_RESULTS_NOT_USABLE
colombia_runoff,COL_2026,ACTIVE_RESULTS,0x6b98b6acf1dbf405c189176529f77ff5356b2dc9c2a5f15012c0e2df3f561d2b,569340,PRESIDENTIAL_FIRST_ROUND,34438409845535751191341828081530593695046286317271306160707054286296479165842,67014052427936754158975926764028330028925047597536858092189886153214819212250,false,ACTIVE_RESULTS_NOT_USABLE
colombia_runoff,COL_2026,ACTIVE_RESULTS,0x6cd7f5a003cad0da9b5c95517f2d64947502ab65c3e7c59f5e80306cbe466306,2333875,PRESIDENTIAL_FIRST_ROUND,104248572480405467465158820553794703819681317324427410345775817859278974206745,69544139795777944282556626010753973006617795326661974005953881135360318249864,false,ACTIVE_RESULTS_NOT_USABLE
colombia_runoff,COL_2026,ACTIVE_RESULTS,0x6e30592e839d340023578a8aaaf2b992230c325c876fefa899d4db22e5888b5f,2333891,PRESIDENTIAL_FIRST_ROUND,46313092681355734469888435582730152303074066748693088941913950550740056534548,5558344805037350974801151040275399166362682601965288401856525160383694416967,false,ACTIVE_RESULTS_NOT_USABLE
colombia_runoff,COL_2026,ACTIVE_RESULTS,0x725ebbec217503a2423d0407d0b6adcdd809530eb52c6bc7f10049fc256e435a,2252531,RUNOFF_QUALIFICATION_OR_PAIR,56353357200751108439804064918299989884298588881627270842017194206692181099973,31048542378510168403209628177033913027396144385984633758100247314026514613191,false,ACTIVE_RESULTS_NOT_USABLE
colombia_runoff,COL_2026,ACTIVE_RESULTS,0x7376a7afb937c4a38ac81ec7051d1e0e6fdffe5b97bf5ed7a2e12c1c5370c62f,569686,PRESIDENTIAL_RESULT,107203275994336680755362619429685368760341961297047164144282479976375180962769,107275340423664982104221867157381456551284001087268578844523243661762442257053,false,ACTIVE_RESULTS_NOT_USABLE
colombia_runoff,COL_2026,ACTIVE_RESULTS,0x7385bdc26ff171d5efebeebf1f8e9699a21877e3706c803341eabfb57fa1ee42,2370374,PRESIDENTIAL_FIRST_ROUND,104997868072009015624222294580678450931025984784809139537795507805369124252261,85852392956929507401323380500070148952293206277203636208052397393223287465901,false,ACTIVE_RESULTS_NOT_USABLE
colombia_runoff,COL_2026,ACTIVE_RESULTS,0x7574909ead279859db12d838f1e0476b0f23d153afedadae68df0c0e2ec8ec58,2446464,PRESIDENTIAL_RUNOFF,11274273763737538316872146622557302470817685997156433493407781286477705432333,108687425285203904787070519572148981571941531130497332012799390206624444674224,false,ACTIVE_RESULTS_NOT_USABLE
colombia_runoff,COL_2026,ACTIVE_RESULTS,0x77b1512402d2b2590f65d22f4fb1d2ce29f3fd2d6516429928f430ddfc2215b3,569339,PRESIDENTIAL_FIRST_ROUND,22771558623355089707681429633836704882116031403343361257897294847540582889503,107183232420594046830622467775492543003026301644990203406740060907014867972010,false,ACTIVE_RESULTS_NOT_USABLE
colombia_runoff,COL_2026,ACTIVE_RESULTS,0x77b97aa108a2ac6cc060a25b0b20c42abc17f2903ef6451a2aa67c32eb4984e0,569350,PRESIDENTIAL_FIRST_ROUND,113836288239785197682391524481339003867134526445368134944975045094673243345123,109256075227728709762370351672752038056874760557940148781327635649962539417803,false,ACTIVE_RESULTS_NOT_USABLE
colombia_runoff,COL_2026,ACTIVE_RESULTS,0x784279c516869c1bfc6ba83dddee6df1870892dd9ada86dd80cfdd751db65431,2333986,PRESIDENTIAL_FIRST_ROUND,45389051112814279310316854069508438461084655334506786053742840624511673670486,37300398761479688744380490886559509490208708266634187117971997547329233522668,false,ACTIVE_RESULTS_NOT_USABLE
colombia_runoff,COL_2026,ACTIVE_RESULTS,0x7972fa87842db321191effc7803ae758f5a8b944382a703316700c7dc036f8e5,2333924,PRESIDENTIAL_FIRST_ROUND,56959381062756020263119221303974588403214451335104099062265123230040615612899,101477488666927972610708720494736659549368515658969894921494071427062676717228,false,ACTIVE_RESULTS_NOT_USABLE
colombia_runoff,COL_2026,ACTIVE_RESULTS,0x799c5a37d34ca45f7241cf19fd64fa0ae3b40d76f3ea020f31538aecabc9a700,2037942,PRESIDENTIAL_FIRST_ROUND,41862162996749049618282724714983963639380035766878654964972757213646461374247,16564407659095389621217568504797942152874087858546695804280374435155386988932,false,ACTIVE_RESULTS_NOT_USABLE
colombia_runoff,COL_2026,ACTIVE_RESULTS,0x79cab4f38cf0f5f5ae6c9e844e29af1ff86505fd8ee7447b510fe899092ea8e2,2370367,PRESIDENTIAL_FIRST_ROUND,8697539857550986832137144276320607178265573681335770267502912415655085842861,21242654996158751286546527824285723411357590658494899997066056094795103168326,false,ACTIVE_RESULTS_NOT_USABLE
colombia_runoff,COL_2026,ACTIVE_RESULTS,0x7a9ae8397405ef2677c61dbd837eae56b16166a912300c7ea64c888c20f097e1,2446458,PRESIDENTIAL_RUNOFF,34499247694672682441715815336155601084968230854199054363173214152067717469184,36060178114704868363456329411507810874354258399508747190212373853421040620589,false,ACTIVE_RESULTS_NOT_USABLE
colombia_runoff,COL_2026,ACTIVE_RESULTS,0x7c3b10d67000c0f0589c262b0ee5fbd2b676a8a229efaa0d3860409eb58862e2,2333935,PRESIDENTIAL_FIRST_ROUND,86735141163492591036846248349906828108819230334754278893808647611772780632642,46844246682575196208464733368780337880618716847514611626420679186579665424957,false,ACTIVE_RESULTS_NOT_USABLE
colombia_runoff,COL_2026,ACTIVE_RESULTS,0x7c795144bf0351e82c85f844de81f29f482aaefc3b544eddeb8b7932887649e4,569332,PRESIDENTIAL_FIRST_ROUND,39801986283615413172004632209722689673630350670628652772852050084294532881656,86801759735305303057401841706783381396664997150506153743488239476725002518854,false,ACTIVE_RESULTS_NOT_USABLE
colombia_runoff,COL_2026,ACTIVE_RESULTS,0x7ce21332ecca3948da5ecf5e626b16938ba1487ce07d1579d869f25045002200,569346,PRESIDENTIAL_FIRST_ROUND,87678849706704552441529840256129995088714454521339794038868863045951701650099,47017405184502675981467508075775615441360798090463694595132629118753589748231,false,ACTIVE_RESULTS_NOT_USABLE
colombia_runoff,COL_2026,ACTIVE_RESULTS,0x7e6e88538d30ecef848f90bd65542e9aa79dcdf7efe62d93bdd2ee134c5697eb,2333934,PRESIDENTIAL_FIRST_ROUND,71129833067374070327860893385696970998086996721596884035239611096806214064870,32905779237899109335192805256416428787187638937657814376992827014384552656851,false,ACTIVE_RESULTS_NOT_USABLE
colombia_runoff,COL_2026,ACTIVE_RESULTS,0x7e9a46bacc3e728c91471981c12ce8f02e0a2a137e629dbf87fc407e030c2894,2446488,PRESIDENTIAL_RUNOFF,31951791421348148306261065506468191035597940333258356002176420113059149291334,73405993615498470700214341569373306548464124990807946283472006473375600682199,false,ACTIVE_RESULTS_NOT_USABLE
colombia_runoff,COL_2026,ACTIVE_RESULTS,0x801f7b19117136c24310006ce4de103f2393f9b7e193f5cd46979f789986d4e5,2370372,PRESIDENTIAL_FIRST_ROUND,31298869100124143495345080948613668059227369900192776063166867588510846016201,27569980540816126918913223009069103077803429013709621607972111434973870718622,false,ACTIVE_RESULTS_NOT_USABLE
colombia_runoff,COL_2026,ACTIVE_RESULTS,0x802be8c1af51ca1211e2c83c21302c986c3c88e1c6b32725fbbabd7aba215b6f,2037930,PRESIDENTIAL_FIRST_ROUND,29640882301506764333584337718624910877832813850860465342547044587081918064622,24872067212131170188095456446409532379798132110041576299337652781449842994966,false,ACTIVE_RESULTS_NOT_USABLE
colombia_runoff,COL_2026,ACTIVE_RESULTS,0x83cc31d5a91fe84ca3033fbed6d8fd4b632ce112b72430478c80cd99d1755944,2333952,PRESIDENTIAL_FIRST_ROUND,79684699678658186591236460503332216117484799022122854316237102780738225158821,75351774721290338044792972159278951514728501507297210166834989027740161610611,false,ACTIVE_RESULTS_NOT_USABLE
colombia_runoff,COL_2026,ACTIVE_RESULTS,0x83f95fa7915aa717bb25ac9fbe5d84b235d57459cae3610606e416515a3cb668,2037928,PRESIDENTIAL_FIRST_ROUND,75943551717686589015006159724056257193600392422316355038857081755055236481305,906837801242739762079085471415449500295959862576781914267022160188338702052,false,ACTIVE_RESULTS_NOT_USABLE
colombia_runoff,COL_2026,ACTIVE_RESULTS,0x842483006bc18b8d0fa3a78f066e1bf856a5f8cc7ad7b92d3e503c96441a7739,2333877,PRESIDENTIAL_FIRST_ROUND,63444021748205677899049091420386555452442526586716299375407040683515511382515,86263438694213483900662107518231415931796145787404151371087503372298659799323,false,ACTIVE_RESULTS_NOT_USABLE
colombia_runoff,COL_2026,ACTIVE_RESULTS,0x849a3e762977a9ad6b8e5f449ac7c8abb2756409a1b55759e00262e072bd81a7,569356,PRESIDENTIAL_RESULT,111233749945390693132335511891715724694881884819987764738034083584495542889312,96773893512589764869155803687774017846749249748001852862755144389935842815761,false,ACTIVE_RESULTS_NOT_USABLE
colombia_runoff,COL_2026,ACTIVE_RESULTS,0x84b22cea5084b002430bfe86853ea3145295e361915c6383266737055479bb0f,2333990,PRESIDENTIAL_FIRST_ROUND,1567949664927593775578009030058407452701579098616683744255259364807873171361,63365289289080620970078322061929754055139299260514599781579858404891629242800,false,ACTIVE_RESULTS_NOT_USABLE
colombia_runoff,COL_2026,ACTIVE_RESULTS,0x85530f4ac81f03b94a4573a42741a4a23686d691181b463d2dc1dbe2671b4032,2333956,PRESIDENTIAL_FIRST_ROUND,85166954989864940692711000540204017116302666260175436279239962388874358837799,64536742526170476726882458272417733053404519481455780543597512489736143390896,false,ACTIVE_RESULTS_NOT_USABLE
colombia_runoff,COL_2026,ACTIVE_RESULTS,0x8658223099a8577961ac12f2e19d37e455087e17ca59937888f4964cd0d1d160,2333943,PRESIDENTIAL_FIRST_ROUND,5351388601231175311752346989823704626607539048157156223217651698827659517062,60242354550432134776278017124266966233532105702778308349312231055122283647056,false,ACTIVE_RESULTS_NOT_USABLE
colombia_runoff,COL_2026,ACTIVE_RESULTS,0x872f86634b7690a5fee7e1972d694a40f2461d51dfe15aac152f837b2f6748f1,2370502,PRESIDENTIAL_FIRST_ROUND,28639130410533210543434466322077711630821817868891210659799702200300853393565,85737988484478023558924814362501719560385425453511632685275732412275213294949,false,ACTIVE_RESULTS_NOT_USABLE
colombia_runoff,COL_2026,ACTIVE_RESULTS,0x87559f42aec2607d25936d9f5c024e14698e06b9ba15a8985c43012c0cfdee01,2446463,PRESIDENTIAL_RUNOFF,65300986435015710236227490575382603986234449935565028764611587576069910101761,87177736184507303594974182283058504107049055184751080320867295771841508498167,false,ACTIVE_RESULTS_NOT_USABLE
colombia_runoff,COL_2026,ACTIVE_RESULTS,0x88735a48de2db72b4185afbea77b050b2295835af7786a0e165d3da51db78ad7,569354,PRESIDENTIAL_FIRST_ROUND,75440693400626017346428900378689692443986059485621824231993978727613057361900,12115216461080312954703153537759603145972427566218427458077342115574402688316,false,ACTIVE_RESULTS_NOT_USABLE
colombia_runoff,COL_2026,ACTIVE_RESULTS,0x88be7d8303a38d545170ae4e891de00dcdc6e888693dc77c009de08cbdaac6f4,2252529,RUNOFF_QUALIFICATION_OR_PAIR,6614587482222729078536160997578397454209802953686498630801497236274921400670,99913635931667522899500823881252137954914409253514892824010266246173173870853,false,ACTIVE_RESULTS_NOT_USABLE
colombia_runoff,COL_2026,ACTIVE_RESULTS,0x8ab5e6a6a76c64d4cba200b02bcbdd86e33db46c5b3eac9787d95243d29dc0b7,2333951,PRESIDENTIAL_FIRST_ROUND,57328563170401172191951336064880800049450442860438216375381038679993338808971,59277127668796662783420392366329812033220034268882251262513588768238952570868,false,ACTIVE_RESULTS_NOT_USABLE
colombia_runoff,COL_2026,ACTIVE_RESULTS,0x8b181f5d7c7a42f8fd613f18fa3fdb2f0a80c661c1a511503ef0ab4a37dc0b62,2446460,PRESIDENTIAL_RUNOFF,56815285048340797054707606253886132309427409405786254550087664615957546043839,37945546361543920646821916133138458379925765925703010528254534559513549763981,false,ACTIVE_RESULTS_NOT_USABLE
colombia_runoff,COL_2026,ACTIVE_RESULTS,0x8ba8a9286ae64d997c15b6cef795c93ab2798144cb71b5221fcf0efad164af25,2333878,PRESIDENTIAL_FIRST_ROUND,99879601252998909183137750993174425421009374698128579208175526311440515004551,100059462857423527489976071210807434985322908284781168559421899638118807588866,false,ACTIVE_RESULTS_NOT_USABLE
colombia_runoff,COL_2026,ACTIVE_RESULTS,0x906773d94ef5fd173005c701dae6b64f2884165cc86a02bcbb780bdacbdaf963,2370370,PRESIDENTIAL_FIRST_ROUND,52544124561027206712683706223708490358158212353354137585418430845021662856222,37325027615345403785229529689583734939336027375308624768477741594205185993426,false,ACTIVE_RESULTS_NOT_USABLE
colombia_runoff,COL_2026,ACTIVE_RESULTS,0x9177138d45eb5184588c3fe629fd4affbc7d64a8b15bc3a4f52053100138bd65,2333940,PRESIDENTIAL_FIRST_ROUND,73305113019306091504577664963669728071408890615285704881799110104820184203433,94171148972121240930511384526600021279974712083572963151420603181191725871204,false,ACTIVE_RESULTS_NOT_USABLE
colombia_runoff,COL_2026,ACTIVE_RESULTS,0x92d04b1675ac7f66f0020c0a1cbf1920c065bcfe69820df15ba6a5a46b92aad4,2333895,PRESIDENTIAL_FIRST_ROUND,97095507925616985956685599482852118534381496487417554970771497316702333082711,83430770885212196141270646373761519374581484917604993242183583309356194981204,false,ACTIVE_RESULTS_NOT_USABLE
colombia_runoff,COL_2026,ACTIVE_RESULTS,0x93e63b60beb5c033a468f2f508126d22af50fd8d8bf8828d0a272f9f4d07710a,2333928,PRESIDENTIAL_FIRST_ROUND,97906084535012614201244446760510819385087269650838623092787005207910405559071,50213213944120298033842619985226460160480149430245830900379963805244713667324,false,ACTIVE_RESULTS_NOT_USABLE
colombia_runoff,COL_2026,ACTIVE_RESULTS,0x963a9e1ddf572f82d03a9f2e82fd7e60986142c499e025f11794824870c928e5,2333868,PRESIDENTIAL_FIRST_ROUND,59845078879815002942002008123492015345826765830171817897479452396639162419603,2807055460932208725528057003040755300457645760054071472979600578096078116507,false,ACTIVE_RESULTS_NOT_USABLE
colombia_runoff,COL_2026,ACTIVE_RESULTS,0x96f228c948500afdd4eec4c7e5d708e774af29f6639e24136dc95d31cf850986,569688,PRESIDENTIAL_RESULT,57142653322482858174247839253798358956366114728998893785652245963209756040059,37130290494079829800363946232079553537040897546596165505492362826262485705186,false,ACTIVE_RESULTS_NOT_USABLE
colombia_runoff,COL_2026,ACTIVE_RESULTS,0x9714c7fe6abc381277370c4287f8b2d30dffddd040565266d0274e67028b5197,569358,PRESIDENTIAL_RESULT,8704105627729187158244464441676617275507746943882460083674867791526057508646,51657774144847449013019462609046133072861570692491359164131282566688013261172,false,ACTIVE_RESULTS_NOT_USABLE
colombia_runoff,COL_2026,ACTIVE_RESULTS,0x98b4635663a7526f7190d7cd871ab1c50488392c016f8cff115f23bdb87c8d7f,2334014,PRESIDENTIAL_FIRST_ROUND,31535650879141782941774911203760212593443871223990809243062530223149899053357,65459190584806451245417138677706320910311205167179997022205292243779319803504,false,ACTIVE_RESULTS_NOT_USABLE
colombia_runoff,COL_2026,ACTIVE_RESULTS,0x997e8046072e03ac736750e4e814c3761344230d4b797067051d40da9a81eeb3,2037932,PRESIDENTIAL_FIRST_ROUND,98455585905415700863503434319958688561396982968320442260979238749239741903790,70212737903311066598198846367829115718016533197847622253240746058775955977447,false,ACTIVE_RESULTS_NOT_USABLE
colombia_runoff,COL_2026,ACTIVE_RESULTS,0x9a42ccba956da0d54d9253c199d034a180ac96653b77073a1d221aa97b776a88,2370505,PRESIDENTIAL_FIRST_ROUND,15147161295972211963372390973852928690124020852463670631174162604331699622175,22834006312521616053233215075187785605410449836888045292121536062672403364546,false,ACTIVE_RESULTS_NOT_USABLE
colombia_runoff,COL_2026,ACTIVE_RESULTS,0x9b1e7d5697aa10204ccbf370d3ae010e9aa2c9397d7ad31b4834a2a923b3d731,2037921,PRESIDENTIAL_FIRST_ROUND,27240772368842340548393958038359200077022257197570320676979474039971830802302,33657678411548069412646838419011738363351964246263910293068444617014480555282,false,ACTIVE_RESULTS_NOT_USABLE
colombia_runoff,COL_2026,ACTIVE_RESULTS,0x9f631099f050f6b7097069b0266c0d20b3639ae8eb8517f9f46671670c430c84,2334005,PRESIDENTIAL_FIRST_ROUND,29445882123675015399300281333162053778313579091604411296276002334899721739987,57298231772520808650310387506481241734766593363014944214601916761811544915324,false,ACTIVE_RESULTS_NOT_USABLE
colombia_runoff,COL_2026,ACTIVE_RESULTS,0xa06998bb820a98f3d471f0773ba8382630eb7c9d6f46d3a1e464c25bf9ab1161,569353,PRESIDENTIAL_FIRST_ROUND,18427181292982332563056200989021608489201752516361707345627423463462795637055,84821959084452914284366723735989575912467746467267540760959046455259292079244,false,ACTIVE_RESULTS_NOT_USABLE
colombia_runoff,COL_2026,ACTIVE_RESULTS,0xa0ad535200b93734ad3f30c1c4647420d455547e976fc1fbb74d8d064746ecc3,2333993,PRESIDENTIAL_FIRST_ROUND,77550825999155528872052918100335738778028239767248882057114405371905628940971,25475812437646380052245134699845899337223501426743781535960514728954785311855,false,ACTIVE_RESULTS_NOT_USABLE
colombia_runoff,COL_2026,ACTIVE_RESULTS,0xa3e404ff4252d1338889447be6ba85ba49ad41847245c46486aa267844240883,2037911,PRESIDENTIAL_FIRST_ROUND,4448101913018627200032304165170255365008384991657752181048517595135568745465,111129161276072215036203105491663766428360453487151793397810467155437249621097,false,ACTIVE_RESULTS_NOT_USABLE
colombia_runoff,COL_2026,ACTIVE_RESULTS,0xa40838c5977d0e3cb4d124b2f3b996779c9a67261c8d25df820a971eac7aa14d,2252530,RUNOFF_QUALIFICATION_OR_PAIR,46594719975829147646247805639008469152513561987741072790632219260410445009819,89503311428451002545094447410862372630083055613010650452067008684684316221101,false,ACTIVE_RESULTS_NOT_USABLE
colombia_runoff,COL_2026,ACTIVE_RESULTS,0xa49b0ff03849e65874b48e3d6084ae0be798079fa1bd1562d28728b8bf7d4b17,2333900,PRESIDENTIAL_FIRST_ROUND,58275330276773712320868487273739123432011980555494591430069319950578156598441,20606821600806388655221953003564803075773547578501276434625379449391482223226,false,ACTIVE_RESULTS_NOT_USABLE
colombia_runoff,COL_2026,ACTIVE_RESULTS,0xa5b21a5fba9c9da91f62cedca9d28747816a514050140708a2300cdecef87f78,569333,PRESIDENTIAL_FIRST_ROUND,101472336359145774296027429436400506992904652049782535544126746198476695802182,55765847355741097780600930565608518744585604458569127909454911647199765501966,false,ACTIVE_RESULTS_NOT_USABLE
colombia_runoff,COL_2026,ACTIVE_RESULTS,0xa676cd0684d399b5821cf7a2046bc0a9df682dc17cfa83b8fe81e3ee2ec63b5b,2333988,PRESIDENTIAL_FIRST_ROUND,114584217876894592277478546613125943188812823467185101515514788799815993329313,85777159878520440113913468212404246387731151527117288350746564448878572740541,false,ACTIVE_RESULTS_NOT_USABLE
colombia_runoff,COL_2026,ACTIVE_RESULTS,0xa67adf5ccd4fe39cf878102bc8407c77010e2fae22bd05cedf492892a33db656,569336,PRESIDENTIAL_FIRST_ROUND,102456955097401421651876446896034115681794561141893258504967065325508688692283,103476391763139479627203990709117570439574688856799911163032565546117197493154,false,ACTIVE_RESULTS_NOT_USABLE
colombia_runoff,COL_2026,ACTIVE_RESULTS,0xa7b2cabe6466638637347bf3fac755dc0fa5ed6f31f4e59fef37496eb95dbb10,2446453,PRESIDENTIAL_RUNOFF,51986373652466077523760166908992553996156559541187887086591038114806922945350,47637365543602963920225948010612073178457366051413011063071015330636241156349,true,
colombia_runoff,COL_2026,ACTIVE_RESULTS,0xa9077ebb8d839b7f02e20ff50bac3925c43b129bf8bbac46445f3a7b6b5a4113,2334008,PRESIDENTIAL_FIRST_ROUND,32005151994562299849835676181821303340881239584650224929261953583096174847532,17501655136084264612132352237381345578706030695551260857303521406107612210743,false,ACTIVE_RESULTS_NOT_USABLE
colombia_runoff,COL_2026,ACTIVE_RESULTS,0xa9f1a081579a933c38f2178d7da1e1dbb9cbc834a284821a528156e84a20147d,2334012,PRESIDENTIAL_FIRST_ROUND,103749737098689140420366006836347993787100030895303387941956122624994836757287,40021864105182582875024453427142175759355260271065322300427327164136204399906,false,ACTIVE_RESULTS_NOT_USABLE
colombia_runoff,COL_2026,ACTIVE_RESULTS,0xab6fb278f753c6c10479d71429d3ef53ed213ddd208b9f4381cecd8db393974c,569454,PRESIDENTIAL_FIRST_ROUND,112000997367369775705892760747740706713090189173150311174658104010356449962658,38866455815587878378722453945405800333983041821938932743625970338528647654130,false,ACTIVE_RESULTS_NOT_USABLE
colombia_runoff,COL_2026,ACTIVE_RESULTS,0xac414ed384106887b7727929c2ed21e3d99d48220c2a8c0c72f0dcc1c1103eda,2333948,PRESIDENTIAL_FIRST_ROUND,76868876473086108390359029084545768150554551401436485879235728876174855349977,4710256578451199321809560418412789136011536139649866152272665684468621309007,false,ACTIVE_RESULTS_NOT_USABLE
colombia_runoff,COL_2026,ACTIVE_RESULTS,0xaca9a00f4a6d0fa8705836a641b744e55592960f6f0ecb4597c8a5670bbb9049,2037939,PRESIDENTIAL_FIRST_ROUND,27672783335074468026746232675588840290608642460221432764882205114163997382480,24290731989718504980625865032553304098338082552895563004657911462142892728048,false,ACTIVE_RESULTS_NOT_USABLE
colombia_runoff,COL_2026,ACTIVE_RESULTS,0xacdc566e24af90711ae83e6a0873cb67b6a6a53069e3739864ad65d1e4120815,2446484,PRESIDENTIAL_RUNOFF,86819946350875288767324363215691582134081710623064650785287749383819250597038,112264785186588106018367505440311318454063544213217145608970534805652272816477,false,ACTIVE_RESULTS_NOT_USABLE
colombia_runoff,COL_2026,ACTIVE_RESULTS,0xacf132b0ed53795e183140cbdedf2f3eb7416212198e5fd0ae4bc03e1a63d1ed,2037912,PRESIDENTIAL_FIRST_ROUND,2855102624980567032665038318115666655140225068103927917328149625397242493118,73900162361398737417755245053292450499989326348589737850099205305971972593820,false,ACTIVE_RESULTS_NOT_USABLE
colombia_runoff,COL_2026,ACTIVE_RESULTS,0xb0606d2dd145dc9039ac47f30c5e18f695b74d0a144d78a4e70806b0345a491b,2037910,PRESIDENTIAL_FIRST_ROUND,106011884611905234636494454277815080908750869467580677883961052221936348791069,11260474094267709801125653908339478842218450969151437050979868779641234532887,false,ACTIVE_RESULTS_NOT_USABLE
colombia_runoff,COL_2026,ACTIVE_RESULTS,0xb08abbfff91741bf5fdadf8c68fac95052c7e55b5a4b56011f7c079359e3123c,2333893,PRESIDENTIAL_FIRST_ROUND,55282824914083178663753857296580259579007732128575019900606291420006071797603,42388174485401754647305191568903979768619133072300398684211560980135658897169,false,ACTIVE_RESULTS_NOT_USABLE
colombia_runoff,COL_2026,ACTIVE_RESULTS,0xb1d54104b9e56cf8f633b737d91bf1745bee4eff6009794cbc0ffd4640ae382e,2037940,PRESIDENTIAL_FIRST_ROUND,74633830455019974828323402319234894845454711148456411110105610883331743907944,52022620218579133445036791518042607457884519025307741117460122253023487053531,false,ACTIVE_RESULTS_NOT_USABLE
colombia_runoff,COL_2026,ACTIVE_RESULTS,0xb21bc2b511694c76f3ff6664836dd3561a916acf59b405b8f21f2ae8af7016fd,569364,PRESIDENTIAL_RESULT,75712298340810272859765060308006832993211601931382911468417184675550881103879,60355982308671943244417528557799286832639920129047623000841136522535665575022,false,ACTIVE_RESULTS_NOT_USABLE
colombia_runoff,COL_2026,ACTIVE_RESULTS,0xb2c2c26927127b5af69f5544b74de3d81c4e1fb46cc32b7fe060fa261819d5d2,2333926,PRESIDENTIAL_FIRST_ROUND,95273548887291096566407842151164110689501632351593733611095440302971208736726,65122701276482158197106704948592191934148120593710364187943747646757644823543,false,ACTIVE_RESULTS_NOT_USABLE
colombia_runoff,COL_2026,ACTIVE_RESULTS,0xb611b3a7173f69e412b55561ed265d849e36693c248ff620d0e981c5b3f2e325,569344,PRESIDENTIAL_FIRST_ROUND,33232052119491652564300969744259903933559547696830742958153653325470669042304,2485184219203170158934346318875050681929324146725920554316117645302722327248,false,ACTIVE_RESULTS_NOT_USABLE
colombia_runoff,COL_2026,ACTIVE_RESULTS,0xb6c30363d6a3becde03adef9a076af836bd998f60bb72b0706dc7b6386b037fe,2333933,PRESIDENTIAL_FIRST_ROUND,63954079515463041294994899851339167188067106197248161608831551392175893665055,35416177409516566096917588959062987776667559630484844564271719163619298141992,false,ACTIVE_RESULTS_NOT_USABLE
colombia_runoff,COL_2026,ACTIVE_RESULTS,0xb796aa213c72a50adc3eab3e107f05d2500e084f5245529048d25083b5ee58f6,2370366,PRESIDENTIAL_FIRST_ROUND,23532536587635768634392386965780230467726004893924047653522105374551220178823,34017516793255944315924905866075445469495510046839923057461503811107765793042,false,ACTIVE_RESULTS_NOT_USABLE
colombia_runoff,COL_2026,ACTIVE_RESULTS,0xb7c5a867df20d136c67ddcd0bed0d952fbd562e5328181779efa9a14a93257a0,2334007,PRESIDENTIAL_FIRST_ROUND,57115988639183639108549376444056313796137846128471770467225866566235598015798,36962996098407325291538284762291049104164828534768607547839123773791333398054,false,ACTIVE_RESULTS_NOT_USABLE
colombia_runoff,COL_2026,ACTIVE_RESULTS,0xb9ec914f1d342868f5880aedffbb37133f6c8c76d6b3b36c1cd94a88f75c13f9,2333939,PRESIDENTIAL_FIRST_ROUND,107858181144621396037280443838599748911676073053694372865615239559494743882760,90819971926649209700768286232674300752107277709413718868867219157741080174165,false,ACTIVE_RESULTS_NOT_USABLE
colombia_runoff,COL_2026,ACTIVE_RESULTS,0xba75e6ba41372e351ed4755f183c1cdb082bd7cf6182a6d80dc445869c09de10,569357,PRESIDENTIAL_RESULT,33053388922196452557261107683035649080682228011295662021241156014202987636793,33578657378897454999186968365859716253889818838582419902565051151084133472698,false,ACTIVE_RESULTS_NOT_USABLE
colombia_runoff,COL_2026,ACTIVE_RESULTS,0xbc0322e415e3dd9306989517dc63d0d06b8c996726c440b6f252930a397ccd36,2333983,PRESIDENTIAL_FIRST_ROUND,13330887217209005041575403843370179905989414009684861313539787121413263338246,112125581264682026135542043965469190027964624759966516385318079028909391155770,false,ACTIVE_RESULTS_NOT_USABLE
colombia_runoff,COL_2026,ACTIVE_RESULTS,0xbcc5d69da6da3977438f99affdcb38df4285ffe992c7597ea808834eed0d74c5,2333989,PRESIDENTIAL_FIRST_ROUND,21016944346934552296554189604021551026979888289087542427391012946004580396168,64795793834176922090372789509259985018489580542719013370094745110303195349564,false,ACTIVE_RESULTS_NOT_USABLE
colombia_runoff,COL_2026,ACTIVE_RESULTS,0xbd79bf08c536feb824f83d32b4513148bef7881279ef3f053e89bf66d85491d1,2037920,PRESIDENTIAL_FIRST_ROUND,77261445149870078829903865281527891117287249880386243756697303613873113475403,87149658367305168576754568870069924269601645434807263925298989927652912214569,false,ACTIVE_RESULTS_NOT_USABLE
colombia_runoff,COL_2026,ACTIVE_RESULTS,0xbe304f9a9d1a8f875f0408f7171f187ac23e0b1903b85d100db6ff18e0e3c4ed,2333930,PRESIDENTIAL_FIRST_ROUND,105679976022887382046079226558258421904411494459368718780524839700125136597016,9574670417588845982365786922211850001450041457801708904425765431825587980695,false,ACTIVE_RESULTS_NOT_USABLE
colombia_runoff,COL_2026,ACTIVE_RESULTS,0xc00920db6f5e84821a61bd31578499bbc9bd125949572b589b7a9e4b0f13bad3,569343,PRESIDENTIAL_FIRST_ROUND,97787606698093663746310161655083884268863593082956469376386743061399298825100,14091653123981696098149612128638596487728756364185780258208900432349579261611,false,ACTIVE_RESULTS_NOT_USABLE
colombia_runoff,COL_2026,ACTIVE_RESULTS,0xc300aabaeda58d414accb8138505854240bfd285beb083326920f24e44a0a672,2446462,PRESIDENTIAL_RUNOFF,24477892886547006396367923358300253458743244988635657616120499497967101321615,99624160788418750568158565525630583549782394175433890097017003258255472311904,false,ACTIVE_RESULTS_NOT_USABLE
colombia_runoff,COL_2026,ACTIVE_RESULTS,0xc36e1d4ed67ee6c42f2777cd5cce683518b390796dab144ec709e9a4f34384c3,2333864,PRESIDENTIAL_FIRST_ROUND,79166795039552586419110446193573290887281569896619088879448406528134277387293,67351153734012798134197684486955267903258625657960931313301724862712650260585,false,ACTIVE_RESULTS_NOT_USABLE
colombia_runoff,COL_2026,ACTIVE_RESULTS,0xc3f8668f0ccf6594dd5ef23daece312dc811d55490a4bad3dda12e90447eb874,2333892,PRESIDENTIAL_FIRST_ROUND,56440710290516486569358152484924349223231420327527010772513245988751261747476,84819475887087630005733934908549359948967431102488798784441371575319582969942,false,ACTIVE_RESULTS_NOT_USABLE
colombia_runoff,COL_2026,ACTIVE_RESULTS,0xc48f1e352e7ef08f2fda326efa7bc7c639cf2700d0a28344d1467bdccf76daa4,2333873,PRESIDENTIAL_FIRST_ROUND,109081106914132571114405581459213011502026754392738045472199649082947336083032,370970784103995528123242285439786657940311847460227096245702313515956207235,false,ACTIVE_RESULTS_NOT_USABLE
colombia_runoff,COL_2026,ACTIVE_RESULTS,0xc4dc02534496651129757e1d821e620fcc5473c666f727ce9112e430fcc934be,2334013,PRESIDENTIAL_FIRST_ROUND,43970210572307875375446776963380874673042057280164298465709660335911831763093,114571895952940326801827542074303880284620206219611141181825689264997515642754,false,ACTIVE_RESULTS_NOT_USABLE
colombia_runoff,COL_2026,ACTIVE_RESULTS,0xc5fde9e3301c3950e995c74a08defc97a53867e26003632ebe4bfcb88c5f5c78,2334015,PRESIDENTIAL_FIRST_ROUND,40871448141697274629230639237226576517103152649850878830548880194367507083559,2198719277079458610847712130972933522070732587807447317825325524030593597157,false,ACTIVE_RESULTS_NOT_USABLE
colombia_runoff,COL_2026,ACTIVE_RESULTS,0xc6f32ab8ecbbcfa4745316fcb9b21709b586c4b180c340f82103bc78d1b4795c,2446487,PRESIDENTIAL_RUNOFF,17264069370852303611374181458867624374152970026966161769875109130877749004806,100304088753402653369062261675798844435388317469115657893868316288530111528894,false,ACTIVE_RESULTS_NOT_USABLE
colombia_runoff,COL_2026,ACTIVE_RESULTS,0xc859fbe952c45f06a357a3b3c8be32b7b505cd81058cfcca09bfe33794f7c4bb,2333882,PRESIDENTIAL_FIRST_ROUND,106249814016877099833332801553405904753516453081639146648255363305223834572453,54127787718239746992181170517463418122035979404032352927062208656626950192242,false,ACTIVE_RESULTS_NOT_USABLE
colombia_runoff,COL_2026,ACTIVE_RESULTS,0xc8e76b10cf418f0a76fbfd25d84a729bbe77b9b27be80090c70673ead17b1bc3,2333957,PRESIDENTIAL_FIRST_ROUND,21082674982042453979674441464318916536811428791946087584560122628180754507013,73620428788512904883761131027051568882349005436442933410705163192561874350904,false,ACTIVE_RESULTS_NOT_USABLE
colombia_runoff,COL_2026,ACTIVE_RESULTS,0xc8ff297dc44f45dec9c6096fcda9da812275fa1e4d5ec398f11b201a6c2259a5,2370364,PRESIDENTIAL_FIRST_ROUND,37452048138941596601617293147716911929162338284100682320470600889093820004897,73690776259368379285362017139427460145564028354487674876100211783541829907730,false,ACTIVE_RESULTS_NOT_USABLE
colombia_runoff,COL_2026,ACTIVE_RESULTS,0xc921b0dff5e594362ebe5f05c51b0c8e26b90023bc393332491782e9315c1aba,2333932,PRESIDENTIAL_FIRST_ROUND,25812543173332541963668887579824563939480582015824149388239756947224546306125,94999326500639722392111479016647195055734197481015916245459286501203971802792,false,ACTIVE_RESULTS_NOT_USABLE
colombia_runoff,COL_2026,ACTIVE_RESULTS,0xd0282264ee769e9a77dc5e168cfe7966841955a4b3555485cfbddc6961198ae0,569370,PRESIDENTIAL_RESULT,89197674428783317925181961175064005674601073120281612991629461250109749011039,103084986467583599565059165186892712607361135369415200921705505694813670497163,false,ACTIVE_RESULTS_NOT_USABLE
colombia_runoff,COL_2026,ACTIVE_RESULTS,0xd06bc440907eabdafca44241579ad6b6ec58a4293d45547fa53cdfde10fdd417,2037933,PRESIDENTIAL_FIRST_ROUND,37852621666214120227666955058912089199157742105093705466713790070373784000032,36701893292533536489222940076754051946700208041785572593716595957914337824392,false,ACTIVE_RESULTS_NOT_USABLE
colombia_runoff,COL_2026,ACTIVE_RESULTS,0xd5316f1032d75854eaca7b48150223e5191d43231aa14ee7b2cb8a2186d681a6,2037918,PRESIDENTIAL_FIRST_ROUND,74625951734720996156139274995437961112167914312908354373606656149038667957546,90189960398592066420677355934235451748914482357280884620697709941573940637541,false,ACTIVE_RESULTS_NOT_USABLE
colombia_runoff,COL_2026,ACTIVE_RESULTS,0xd64a31a028387b640ca102f1398148dbe97775d7fad47c06e0cb0e52b61e0b5c,2333955,PRESIDENTIAL_FIRST_ROUND,62700108399671631625065627766431947016988861832474420611571550803072150126126,553288479436211980560999628160252761025350864656487474391185572979963238980,false,ACTIVE_RESULTS_NOT_USABLE
colombia_runoff,COL_2026,ACTIVE_RESULTS,0xd6591e966aebf061547ef34cdf3494ed318969887c8b7fb53f10ed5d5461a547,569373,PRESIDENTIAL_RESULT,62446510551119788095477835528576672715047217994292762496431912510269665561591,85033408490054356469224638555921276992969532989623124901223739012644529258496,false,ACTIVE_RESULTS_NOT_USABLE
colombia_runoff,COL_2026,ACTIVE_RESULTS,0xd6bd3fa5b04acc90c32f5da74a8c9c3ff941fe474eb0525f83306b97a3da195f,2334003,PRESIDENTIAL_FIRST_ROUND,29895125603758441006148322845132516764248737764621275910080383826706543942323,113761271336619183059398686864693018465812213162646300270280390930644342453987,false,ACTIVE_RESULTS_NOT_USABLE
colombia_runoff,COL_2026,ACTIVE_RESULTS,0xd6c879f9ce4481fb7f4ba7b5f497f039a969a028a42f122e02ca0c62f2add7f1,2333870,PRESIDENTIAL_FIRST_ROUND,46097487828487911398569875551656737358989790690694005757154950076342237735284,111171501390927871892810671698237187509554625817079387154067299543360179247136,false,ACTIVE_RESULTS_NOT_USABLE
colombia_runoff,COL_2026,ACTIVE_RESULTS,0xd6fe31c89d7cc81e2febbea48a36668aa3aaa2b11bd6835307acac27df279fa5,2446491,PRESIDENTIAL_RUNOFF,50006148771186996558060844193186109404560207046079026383587967284035134932360,2184546184920522476117703742555756891216247578661813323336180263758987947688,false,ACTIVE_RESULTS_NOT_USABLE
colombia_runoff,COL_2026,ACTIVE_RESULTS,0xd76ad771017061e6507a69b404580a340e87f7b5a9ee04caa9133342cc8da64e,569352,PRESIDENTIAL_FIRST_ROUND,88387532258279785609513298743212938636989211030702852463852027752010357947581,49893653644119849073329148614515672704213080200844437267150123145253082815555,false,ACTIVE_RESULTS_NOT_USABLE
colombia_runoff,COL_2026,ACTIVE_RESULTS,0xd7a21acaa97c34933ff1fa85692efd628a89c87092c7c907a16a626babfbd20f,2333958,PRESIDENTIAL_FIRST_ROUND,76137689055764312818627271714841996973825573678225548291288620800279445734592,106666234206259484833544512309466462133515614772514055065158293773104039343856,false,ACTIVE_RESULTS_NOT_USABLE
colombia_runoff,COL_2026,ACTIVE_RESULTS,0xd895ddeca6475c710507bdb2640e42bad884a0ab4f4feecd9d1deeb642c1018a,2333946,PRESIDENTIAL_FIRST_ROUND,42022163234176732806374481584493052985558189979141486437234794774605368551064,24404766892104326532337919629307820817287723961260878450960853740986574078814,false,ACTIVE_RESULTS_NOT_USABLE
colombia_runoff,COL_2026,ACTIVE_RESULTS,0xd8f77503edba0515f30d6c97da303e6d95f290ba52042d3553da5012df1c9fcb,569371,PRESIDENTIAL_RESULT,107683978284338345514269480869866022278445451292438352236628035370370763457098,17380112191702902708390407796057273077768301343386290992356300868784167383442,false,ACTIVE_RESULTS_NOT_USABLE
colombia_runoff,COL_2026,ACTIVE_RESULTS,0xd9a76977c8e2fcf15402feb8e74445b583aa1dba257841ba8305b08967ea2187,2333941,PRESIDENTIAL_FIRST_ROUND,69656473207448980247788794771894814809695531065081760650819147764093304251954,63977788395002491653542766075567709046389958805382461975926180324051240189527,false,ACTIVE_RESULTS_NOT_USABLE
colombia_runoff,COL_2026,ACTIVE_RESULTS,0xda4bfe444069a68d4777022299da268b7976b147ca7acd801a5bc80239065943,2333984,PRESIDENTIAL_FIRST_ROUND,60112749281637219441622323040056264849466489071605244592381750961165751329343,23820898870167806959289351742751408909674167965346263282259646556521574755080,false,ACTIVE_RESULTS_NOT_USABLE
colombia_runoff,COL_2026,ACTIVE_RESULTS,0xda907bc72ace0a6ee956394b022dd7a07e23dd7e1f2346ec1d6cef392e87e77d,2037917,PRESIDENTIAL_FIRST_ROUND,63853622151739517344845565070031879672648174564960271673236617995513310773183,40612471379175543257454686269876903661266624554019736329691040922411085126433,false,ACTIVE_RESULTS_NOT_USABLE
colombia_runoff,COL_2026,ACTIVE_RESULTS,0xdbe32090d1a0d13cc93c4ec5b67d3970f379ae348c5d3d7fac359958f84e287f,2333953,PRESIDENTIAL_FIRST_ROUND,90757829191821593850907959787862751867559466617788082800787215894943532405760,88734652745800878091696879847698753088875174942819391735881793589630702921929,false,ACTIVE_RESULTS_NOT_USABLE
colombia_runoff,COL_2026,ACTIVE_RESULTS,0xdc33419f4040b6041d44594098038513a12aa678a38043b919ebdf071a8dad14,2333871,PRESIDENTIAL_FIRST_ROUND,8567916000145508301912346279966292833255093250578527788113682837667278071288,47050080222618489036462214898554765801559988078518696945528218827508242893332,false,ACTIVE_RESULTS_NOT_USABLE
colombia_runoff,COL_2026,ACTIVE_RESULTS,0xde676a8e09cf2abef31b8f4c5a94e4853780c3625b152fdbe1740d6508903562,2446486,PRESIDENTIAL_RUNOFF,108311285461981798525402301649801906700902905168339811176085182392079444663806,88151914712744204214496578769752524885258626890712156600333903107507187758214,false,ACTIVE_RESULTS_NOT_USABLE
colombia_runoff,COL_2026,ACTIVE_RESULTS,0xdedef5719a21db8c17a43b9a53558b0ef775f03a1f8efe16960929556b90e29a,569374,PRESIDENTIAL_RESULT,21277635529916941493247806594681449972370468950858577155451325042563981647561,21143180283166516014556355841998657824661527943932031898882704168739181545926,false,ACTIVE_RESULTS_NOT_USABLE
colombia_runoff,COL_2026,ACTIVE_RESULTS,0xdee5fc2bd09ccddc33f20d513303b0e9388e3893d2b48263dfd93730c2a7a436,2333942,PRESIDENTIAL_FIRST_ROUND,105283938687540193833761808218810134659241584253046579544142797214379547922543,94281085599971550538677482904913037256997212105134694617177008589127121423831,false,ACTIVE_RESULTS_NOT_USABLE
colombia_runoff,COL_2026,ACTIVE_RESULTS,0xdf6ca172d9fe9ac8a04a637366ee8508c7ee414c4c8e157c43f1e9abb11ae182,2333994,PRESIDENTIAL_FIRST_ROUND,114658476795817041511501535056237620309154978413102092681898158788338387966720,4233926575371163656902848969301297645016832573517737606382669454257047581635,false,ACTIVE_RESULTS_NOT_USABLE
colombia_runoff,COL_2026,ACTIVE_RESULTS,0xe06ae046e1268167f4c2ef2f51f9d56f09f82a7df900b01798d4d4fd8b840e52,2333869,PRESIDENTIAL_FIRST_ROUND,103108530671272680907540468393824758474681079973076853121413098158786050853712,38221471346218877370369398073846702963962518332675922397669386041995365242177,false,ACTIVE_RESULTS_NOT_USABLE
colombia_runoff,COL_2026,ACTIVE_RESULTS,0xe2b687e0c71b100e0cd3cbe18a7c987e65b811ff8c5e46122ab4d09b798a17bf,2370508,PRESIDENTIAL_FIRST_ROUND,32180594845592797839525807733361182805850850061927389881162268757327005013494,74740360085827162061295593356487791652114990848076419475754671326159000121191,false,ACTIVE_RESULTS_NOT_USABLE
colombia_runoff,COL_2026,ACTIVE_RESULTS,0xe4b42b620dca78c3b2579b684f4e65088ce7532b96db3ecb00631b7ef35b4a77,2334009,PRESIDENTIAL_FIRST_ROUND,47897546945736600959927552390135648192696635732835315735486287940449785992161,24617512272086806124883324420908181972061163828967729589789943437238257897561,false,ACTIVE_RESULTS_NOT_USABLE
colombia_runoff,COL_2026,ACTIVE_RESULTS,0xe59f59145045f82f8408f1fc5041d33c2c2b1de8ffaf7a4c450c638f5b038079,569360,PRESIDENTIAL_RESULT,112555322065982091470513953234842603626356443236936103808494470812727562408795,17462248665475661730089152347530240415030558210901742597225360396397836807289,false,ACTIVE_RESULTS_NOT_USABLE
colombia_runoff,COL_2026,ACTIVE_RESULTS,0xe79972d28e543046c88cb43847a06f46fd85930a3ad0b71a1339fc5973e5a815,569361,PRESIDENTIAL_RESULT,69060624533458831267076172458605848920773380331333194595024649229425386165146,15487192675541459606401906861836353466424708956224441056848209225570558254344,false,ACTIVE_RESULTS_NOT_USABLE
colombia_runoff,COL_2026,ACTIVE_RESULTS,0xe8a896f18ae432d57e58e5ff10e6afc459c2aad377bdb054acdf7206a8d480ad,2252532,RUNOFF_QUALIFICATION_OR_PAIR,44935708904002444340516863159202577053258296462818212559658019744535471845726,71556542430738638576862351536576793576208285214879984576448214562761983040352,false,ACTIVE_RESULTS_NOT_USABLE
colombia_runoff,COL_2026,ACTIVE_RESULTS,0xea98756b85ccf017c644c63bf803d7756643176539c7004eb5413e08b48a5d50,2037934,PRESIDENTIAL_FIRST_ROUND,106795881863033826598771100081816542510146021998971946649001264066704087784521,9858460498396419228974309041049027985558518411183846099150893367042181205056,false,ACTIVE_RESULTS_NOT_USABLE
colombia_runoff,COL_2026,ACTIVE_RESULTS,0xeae8d09170bc56ee8ba9676b4a2f6d1a45c69084172ee7cc8a022197c2db191a,569345,PRESIDENTIAL_FIRST_ROUND,43406345570240507916710279610949015003758662253082068993250923591377249551960,102447579374170701068873021654048989952660764659006305952410860896511921232343,false,ACTIVE_RESULTS_NOT_USABLE
colombia_runoff,COL_2026,ACTIVE_RESULTS,0xecafba67d89b63e1b714cde74e247e811564c086d3f1f97d7896de1a47d8651e,2333999,PRESIDENTIAL_FIRST_ROUND,25207952510851483624031163054012162455762294831744832765870581510718171172945,94543039646232547098913723512896360507796255534321191663802551824994012860856,false,ACTIVE_RESULTS_NOT_USABLE
colombia_runoff,COL_2026,ACTIVE_RESULTS,0xef75ecbf6882759df055672c2a4136d7bdf8c97fe077bc8eae98d6b53af54cd3,569337,PRESIDENTIAL_FIRST_ROUND,45160140663506097504077183036117285299289312543403903721950916310809748446118,113804717603660968272462301400655115525330325661568497078154339615910486920045,false,ACTIVE_RESULTS_NOT_USABLE
colombia_runoff,COL_2026,ACTIVE_RESULTS,0xf21ddf2b752143a015baa6f248aa563e85a329593ce02b124453a445a1882c41,2333896,PRESIDENTIAL_FIRST_ROUND,4117929730748315182048867979753480239601475750178625855683950971707100457442,97550819452013695363842328344068891973521623167980723892907472496822838932304,false,ACTIVE_RESULTS_NOT_USABLE
colombia_runoff,COL_2026,ACTIVE_RESULTS,0xf24b5462262639b800f06204dbfc1dc3199b870d6d1a860cbc4a638f6cc3796d,2333945,PRESIDENTIAL_FIRST_ROUND,45371902856625202302357471983618910991858931640251988075642106700345904205855,55307234835744195203317971742466258884060743646695643348090192877567255549334,false,ACTIVE_RESULTS_NOT_USABLE
colombia_runoff,COL_2026,ACTIVE_RESULTS,0xf44ba6ae238db2cf052a5a496216cab7a8f8b5887d4b800fffcc842ff0a5656d,2370365,PRESIDENTIAL_FIRST_ROUND,32538940167097335646273051780361200206495497154660016962319641291380583656648,43569387240980032700972763270434139574832315937970976045877828496080251763118,false,ACTIVE_RESULTS_NOT_USABLE
colombia_runoff,COL_2026,ACTIVE_RESULTS,0xf50ca60f332eb790f6894cd790d048a4675713319d520ab5f09a3a3cdf3b792c,569461,PRESIDENTIAL_RESULT,77438090585410330640421443482029906935758023903362649354498953129763522752004,61585502197988158535084689180452867497542885295017861877121845766424136281562,false,ACTIVE_RESULTS_NOT_USABLE
colombia_runoff,COL_2026,ACTIVE_RESULTS,0xf547bd8a2933fe031e82ca4a3007cd7fe1c0f9ea350ca9d43e58796ab52609c9,2333931,PRESIDENTIAL_FIRST_ROUND,20033819847871707265444411946940223563470920586696284236275884271080028978375,23626703080388417272361238390502666118710107002105466314836581093884592316945,false,ACTIVE_RESULTS_NOT_USABLE
colombia_runoff,COL_2026,ACTIVE_RESULTS,0xf5c2044c6beca6d4c7dbc0b605ddb060e771b914abc90ed25c38d7e457e6af6b,2037927,PRESIDENTIAL_FIRST_ROUND,82461648641575087025989509433054418608876548663281542231147145157107584163643,62506019110560649552977561726060370226697399335090452817731419747655959188383,false,ACTIVE_RESULTS_NOT_USABLE
colombia_runoff,COL_2026,ACTIVE_RESULTS,0xf63b20e72086547c789e93d744f811c20d9c0b14be0501599cd4c1c5853c9bd5,569359,PRESIDENTIAL_RESULT,29634269883198564591373707667338539580309224908853967914175595169149205026965,113630684119636954008427466663789572421109143380566071176127696686852604518694,false,ACTIVE_RESULTS_NOT_USABLE
colombia_runoff,COL_2026,ACTIVE_RESULTS,0xf6c62a7b65eb3bc38a264376aa50167c842708da1dc68afeff33e0242598e6d2,2333944,PRESIDENTIAL_FIRST_ROUND,109583432058730231946631746664202734273451642905745508189261820630236387624344,46470148673985116821420156774865640461881934089373881555229435787132972483747,false,ACTIVE_RESULTS_NOT_USABLE
colombia_runoff,COL_2026,ACTIVE_RESULTS,0xf741224f35e68f564d92b471d2348e2827bc6ce053a425447eb5f8f623ccc82d,2333886,PRESIDENTIAL_FIRST_ROUND,4278126771908445150600376043825533380177025460164334111362445094195184689542,88232014330582837891082632632700605169540608950461057607463295899136051155240,false,ACTIVE_RESULTS_NOT_USABLE
colombia_runoff,COL_2026,ACTIVE_RESULTS,0xf7d6807b7ecb261ac1a276dd2f1df36c906939526ed3df0b5aa230a0d372ea8a,2333866,PRESIDENTIAL_FIRST_ROUND,76491974449817600762917650413926452501950521272868832463734807285601298780466,115752788042279252236120762560314677226034097843444874369828028226743336984445,false,ACTIVE_RESULTS_NOT_USABLE
colombia_runoff,COL_2026,ACTIVE_RESULTS,0xf89680a45564488c6c252c9ec4e5d0b00894b271105ba4fcb7d756a464da9559,2334004,PRESIDENTIAL_FIRST_ROUND,1157644991647249478870609515779411852869488466978346906522805667986694289127,94778143699538287173709751333002229544839387747308156887174694299645076677395,false,ACTIVE_RESULTS_NOT_USABLE
colombia_runoff,COL_2026,ACTIVE_RESULTS,0xfa380be4603f43fdfddc0c370bf1b0d04a5510b380b79acf875d9e84a20c053c,2037924,PRESIDENTIAL_FIRST_ROUND,115591228253857510463121359616151399251965220444534603253400483502757171946793,5947513206887020624164094363567117900347110739040532677516810832788930381530,false,ACTIVE_RESULTS_NOT_USABLE
colombia_runoff,COL_2026,ACTIVE_RESULTS,0xfa5ff0fd23ca119f93bafb9fa36f9a3433efb43257ec77f3005ac6302283d6c5,569687,PRESIDENTIAL_RESULT,77537635956562217433074459245188520320002811084784515839804431636217705533315,69329321831306718004014560153659304675741633375001337339869160312719980273626,false,ACTIVE_RESULTS_NOT_USABLE
colombia_runoff,COL_2026,ACTIVE_RESULTS,0xfbe85201ab2b4acff01cd5a3639039fc813d3448c64db081f70926bd9b9e74e9,569366,PRESIDENTIAL_RESULT,87037476560262355019736573472997730954875286944171789280729969665019434635807,93119283163420984666329627600000273753909488383271496422725436610044958733622,true,
colombia_runoff,COL_2026,ACTIVE_RESULTS,0xfd7d39cf9788b0ad29d844a2ae65462dfcd57c1219df1669690271b884ba3b25,2333872,PRESIDENTIAL_FIRST_ROUND,51240833216424752022010197879036942714420218167069345597313573592369724572581,52100434294934360760432794880440901047643812139925612380366933735400975226710,false,ACTIVE_RESULTS_NOT_USABLE