at,t,exchange_id,title,token_id,sig_bid,sig_ask,sig_mid,sig_spread,sig_age_s,pm_bid,pm_ask,pm_mid,pm_spread,pm_age_s,buy_edge,sell_edge,abs_residual,pm_bid1_size,pm_bid_depth5,pm_ask1_size,pm_ask_depth5,pm_depth_age_s,pm_mid_60s,sig_mid_60s,pm_mid_300s,sig_mid_300s
2026-10-01T16:48:00+00:00,1790873280,939,Will the Republican Party win the VA-02 House race?,10986108013063722112541718847525294234187960385441756998469502203421948473299,0.19,0.205,0.1975,0.014999999999999986,15.565869092941284,0.18,0.19,0.185,0.010000000000000009,5.2179999351501465,-0.01999999999999999,0.0050000000000000044,0.012500000000000011,7151.46,17874.11,3975.12,7901.89,5.2179999351501465,0.185,0.195,0.185,0.195
2026-10-01T16:49:00+00:00,1790873340,939,Will the Republican Party win the VA-02 House race?,10986108013063722112541718847525294234187960385441756998469502203421948473299,0.19,0.2,0.195,0.010000000000000009,17.62919306755066,0.18,0.19,0.185,0.010000000000000009,9.91599988937378,-0.015000000000000013,0.0050000000000000044,0.010000000000000009,7151.46,17874.11,3975.12,7901.89,65.21799993515015,0.185,0.195,0.185,0.195
2026-10-01T16:50:00+00:00,1790873400,939,Will the Republican Party win the VA-02 House race?,10986108013063722112541718847525294234187960385441756998469502203421948473299,0.19,0.2,0.195,0.010000000000000009,8.579324960708618,0.18,0.19,0.185,0.010000000000000009,0.10899996757507324,-0.015000000000000013,0.0050000000000000044,0.010000000000000009,7151.46,17874.11,3975.12,7743.29,53.592000007629395,0.185,0.195,0.185,0.1925
2026-10-01T16:51:00+00:00,1790873460,939,Will the Republican Party win the VA-02 House race?,10986108013063722112541718847525294234187960385441756998469502203421948473299,0.19,0.2,0.195,0.010000000000000009,21.058850049972534,0.18,0.19,0.185,0.010000000000000009,3.9070000648498535,-0.015000000000000013,0.0050000000000000044,0.010000000000000009,7151.46,17874.11,3975.12,7743.29,3.9070000648498535,0.185,0.195,0.185,0.1925
2026-10-01T16:52:00+00:00,1790873520,939,Will the Republican Party win the VA-02 House race?,10986108013063722112541718847525294234187960385441756998469502203421948473299,0.19,0.2,0.195,0.010000000000000009,9.070883989334106,0.18,0.19,0.185,0.010000000000000009,8.198999881744385,-0.015000000000000013,0.0050000000000000044,0.010000000000000009,7151.46,17874.11,3975.12,7743.29,8.198999881744385,0.185,0.195,0.185,0.1925
2026-10-01T16:53:00+00:00,1790873580,939,Will the Republican Party win the VA-02 House race?,10986108013063722112541718847525294234187960385441756998469502203421948473299,0.19,0.2,0.195,0.010000000000000009,17.475549936294556,0.18,0.19,0.185,0.010000000000000009,12.680000066757202,-0.015000000000000013,0.0050000000000000044,0.010000000000000009,7151.46,17874.11,3975.12,7743.29,68.19899988174438,0.185,0.195,0.185,0.1925
2026-10-01T16:54:00+00:00,1790873640,939,Will the Republican Party win the VA-02 House race?,10986108013063722112541718847525294234187960385441756998469502203421948473299,0.19,0.2,0.195,0.010000000000000009,7.297075986862183,0.18,0.19,0.185,0.010000000000000009,41.39299988746643,-0.015000000000000013,0.0050000000000000044,0.010000000000000009,7191.46,17914.11,4015.12,7823.29,41.39299988746643,0.185,0.1925,0.185,0.195
2026-10-01T16:55:00+00:00,1790873700,939,Will the Republican Party win the VA-02 House race?,10986108013063722112541718847525294234187960385441756998469502203421948473299,0.19,0.195,0.1925,0.0050000000000000044,6.2547080516815186,0.18,0.19,0.185,0.010000000000000009,0.20799994468688965,-0.010000000000000009,0.0050000000000000044,0.007500000000000007,7191.46,17914.11,4015.12,7823.29,45.6470000743866,0.185,0.1925,,
2026-10-01T16:56:00+00:00,1790873760,939,Will the Republican Party win the VA-02 House race?,10986108013063722112541718847525294234187960385441756998469502203421948473299,0.19,0.195,0.1925,0.0050000000000000044,24.895549058914185,0.18,0.19,0.185,0.010000000000000009,23.499000072479248,-0.010000000000000009,0.0050000000000000044,0.007500000000000007,7191.46,17254.11,4015.12,7863.29,59.579999923706055,0.185,0.1925,,
2026-10-01T16:57:00+00:00,1790873820,939,Will the Republican Party win the VA-02 House race?,10986108013063722112541718847525294234187960385441756998469502203421948473299,0.19,0.195,0.1925,0.0050000000000000044,28.78254008293152,0.18,0.19,0.185,0.010000000000000009,37.187999963760376,-0.010000000000000009,0.0050000000000000044,0.007500000000000007,7211.46,17274.11,4035.12,7883.29,37.187999963760376,0.185,0.1925,,
2026-10-01T16:58:00+00:00,1790873880,939,Will the Republican Party win the VA-02 House race?,10986108013063722112541718847525294234187960385441756998469502203421948473299,0.19,0.195,0.1925,0.0050000000000000044,16.677002906799316,0.18,0.19,0.185,0.010000000000000009,44.1800000667572,-0.010000000000000009,0.0050000000000000044,0.007500000000000007,7231.46,17294.11,4055.12,7903.29,44.1800000667572,0.185,0.195,,
2026-10-01T16:59:00+00:00,1790873940,939,Will the Republican Party win the VA-02 House race?,10986108013063722112541718847525294234187960385441756998469502203421948473299,0.19,0.2,0.195,0.010000000000000009,8.352503061294556,0.18,0.19,0.185,0.010000000000000009,1.9240000247955322,-0.015000000000000013,0.0050000000000000044,0.010000000000000009,7231.46,17294.11,4055.12,7903.29,1.9240000247955322,,,,
2026-10-01T17:00:00+00:00,1790874000,939,Will the Republican Party win the VA-02 House race?,10986108013063722112541718847525294234187960385441756998469502203421948473299,0.19,0.2,0.195,0.010000000000000009,4.83417010307312,0.18,0.19,0.185,0.010000000000000009,2.7239999771118164,-0.015000000000000013,0.0050000000000000044,0.010000000000000009,7231.46,17294.11,4055.12,7903.29,61.92400002479553,,,,
2026-10-01T16:31:00+00:00,1790872260,940,Will the Democratic Party win the VA-07 House race?,98075623222143547346037366837071572541450376316433615657989340175250414958486,0.925,0.955,0.94,0.029999999999999916,23.71093511581421,0.952,0.969,0.9604999999999999,0.017000000000000015,10.434000015258789,0.005499999999999949,-0.035499999999999865,0.020499999999999963,10.93,797.04,50.0,1167.0,10.434000015258789,0.9624999999999999,0.94,0.9624999999999999,0.945
2026-10-01T16:32:00+00:00,1790872320,940,Will the Democratic Party win the VA-07 House race?,98075623222143547346037366837071572541450376316433615657989340175250414958486,0.925,0.955,0.94,0.029999999999999916,11.408711910247803,0.952,0.973,0.9624999999999999,0.02100000000000002,3.4639999866485596,0.007499999999999951,-0.03749999999999987,0.022499999999999964,10.93,797.04,50.0,1157.0,3.4639999866485596,0.9624999999999999,0.94,0.9624999999999999,0.9475
2026-10-01T16:33:00+00:00,1790872380,940,Will the Democratic Party win the VA-07 House race?,98075623222143547346037366837071572541450376316433615657989340175250414958486,0.925,0.955,0.94,0.029999999999999916,9.566899061203003,0.952,0.973,0.9624999999999999,0.02100000000000002,12.030999898910522,0.007499999999999951,-0.03749999999999987,0.022499999999999964,10.93,797.04,50.0,1157.0,12.030999898910522,0.9624999999999999,0.945,0.9624999999999999,0.94
2026-10-01T16:34:00+00:00,1790872440,940,Will the Democratic Party win the VA-07 House race?,98075623222143547346037366837071572541450376316433615657989340175250414958486,0.94,0.95,0.945,0.010000000000000009,3.4191091060638428,0.952,0.973,0.9624999999999999,0.02100000000000002,16.766000032424927,0.012499999999999956,-0.022499999999999964,0.01749999999999996,10.93,797.04,50.0,1157.0,16.766000032424927,0.9624999999999999,0.945,0.9624999999999999,0.94
2026-10-01T16:35:00+00:00,1790872500,940,Will the Democratic Party win the VA-07 House race?,98075623222143547346037366837071572541450376316433615657989340175250414958486,0.94,0.95,0.945,0.010000000000000009,11.630949020385742,0.952,0.973,0.9624999999999999,0.02100000000000002,2.515000104904175,0.012499999999999956,-0.022499999999999964,0.01749999999999996,10.93,797.04,50.0,1157.0,2.515000104904175,0.9624999999999999,0.945,0.9624999999999999,0.94
2026-10-01T16:36:00+00:00,1790872560,940,Will the Democratic Party win the VA-07 House race?,98075623222143547346037366837071572541450376316433615657989340175250414958486,0.94,0.95,0.945,0.010000000000000009,6.830513000488281,0.952,0.973,0.9624999999999999,0.02100000000000002,6.811000108718872,0.012499999999999956,-0.022499999999999964,0.01749999999999996,10.93,797.04,50.0,1157.0,6.811000108718872,0.9624999999999999,0.9475,0.9624999999999999,0.9375
2026-10-01T16:37:00+00:00,1790872620,940,Will the Democratic Party win the VA-07 House race?,98075623222143547346037366837071572541450376316433615657989340175250414958486,0.94,0.955,0.9475,0.015000000000000013,13.205377101898193,0.952,0.973,0.9624999999999999,0.02100000000000002,11.203999996185303,0.007499999999999951,-0.022499999999999964,0.014999999999999902,10.93,797.04,50.0,1157.0,11.203999996185303,0.9624999999999999,0.94,0.9624999999999999,0.9375
2026-10-01T16:38:00+00:00,1790872680,940,Will the Democratic Party win the VA-07 House race?,98075623222143547346037366837071572541450376316433615657989340175250414958486,0.925,0.955,0.94,0.029999999999999916,16.316895961761475,0.952,0.973,0.9624999999999999,0.02100000000000002,9.128000020980835,0.007499999999999951,-0.03749999999999987,0.022499999999999964,10.93,797.04,50.0,1157.0,9.128000020980835,0.9624999999999999,0.94,0.9624999999999999,0.9375
2026-10-01T16:39:00+00:00,1790872740,940,Will the Democratic Party win the VA-07 House race?,98075623222143547346037366837071572541450376316433615657989340175250414958486,0.925,0.955,0.94,0.029999999999999916,14.67904806137085,0.952,0.973,0.9624999999999999,0.02100000000000002,13.433000087738037,0.007499999999999951,-0.03749999999999987,0.022499999999999964,10.93,797.04,50.0,1157.0,13.433000087738037,0.9624999999999999,0.94,0.9624999999999999,0.935
2026-10-01T16:40:00+00:00,1790872800,940,Will the Democratic Party win the VA-07 House race?,98075623222143547346037366837071572541450376316433615657989340175250414958486,0.925,0.955,0.94,0.029999999999999916,2.6969070434570312,0.952,0.973,0.9624999999999999,0.02100000000000002,17.984999895095825,0.007499999999999951,-0.03749999999999987,0.022499999999999964,10.93,797.04,50.0,1157.0,17.984999895095825,0.9624999999999999,0.9375,0.9624999999999999,0.9375
2026-10-01T16:41:00+00:00,1790872860,940,Will the Democratic Party win the VA-07 House race?,98075623222143547346037366837071572541450376316433615657989340175250414958486,0.925,0.95,0.9375,0.02499999999999991,9.860277891159058,0.952,0.973,0.9624999999999999,0.02100000000000002,36.75699996948242,0.012499999999999956,-0.03749999999999987,0.02499999999999991,10.93,797.04,50.0,1157.0,77.98499989509583,0.9624999999999999,0.9375,0.9624999999999999,0.94
2026-10-01T16:42:00+00:00,1790872920,940,Will the Democratic Party win the VA-07 House race?,98075623222143547346037366837071572541450376316433615657989340175250414958486,0.925,0.95,0.9375,0.02499999999999991,38.63783597946167,0.952,0.973,0.9624999999999999,0.02100000000000002,2.1019999980926514,0.012499999999999956,-0.03749999999999987,0.02499999999999991,10.93,797.04,50.0,1157.0,54.82299995422363,0.9624999999999999,0.9375,0.9624999999999999,0.94
2026-10-01T16:43:00+00:00,1790872980,940,Will the Democratic Party win the VA-07 House race?,98075623222143547346037366837071572541450376316433615657989340175250414958486,0.925,0.95,0.9375,0.02499999999999991,11.439251899719238,0.952,0.973,0.9624999999999999,0.02100000000000002,14.269000053405762,0.012499999999999956,-0.03749999999999987,0.02499999999999991,10.93,797.04,50.0,1157.0,46.00699996948242,0.9624999999999999,0.935,0.9624999999999999,0.94
2026-10-01T16:44:00+00:00,1790873040,940,Will the Democratic Party win the VA-07 House race?,98075623222143547346037366837071572541450376316433615657989340175250414958486,0.925,0.945,0.935,0.019999999999999907,22.920314073562622,0.952,0.973,0.9624999999999999,0.02100000000000002,26.301000118255615,0.01749999999999996,-0.03749999999999987,0.027499999999999858,10.93,797.04,50.0,1157.0,59.12599992752075,0.9624999999999999,0.9375,0.9624999999999999,0.9425
2026-10-01T16:45:00+00:00,1790873100,940,Will the Democratic Party win the VA-07 House race?,98075623222143547346037366837071572541450376316433615657989340175250414958486,0.925,0.95,0.9375,0.02499999999999991,10.873110055923462,0.952,0.973,0.9624999999999999,0.02100000000000002,53.76300001144409,0.012499999999999956,-0.03749999999999987,0.02499999999999991,10.93,797.04,50.0,1157.0,53.76300001144409,0.9624999999999999,0.94,0.9624999999999999,0.9425
2026-10-01T16:46:00+00:00,1790873160,940,Will the Democratic Party win the VA-07 House race?,98075623222143547346037366837071572541450376316433615657989340175250414958486,0.925,0.955,0.94,0.029999999999999916,9.245368003845215,0.952,0.973,0.9624999999999999,0.02100000000000002,1.2730000019073486,0.007499999999999951,-0.03749999999999987,0.022499999999999964,10.93,797.04,50.0,1157.0,1.2730000019073486,0.9624999999999999,0.94,0.9624999999999999,0.94
2026-10-01T16:47:00+00:00,1790873220,940,Will the Democratic Party win the VA-07 House race?,98075623222143547346037366837071572541450376316433615657989340175250414958486,0.925,0.955,0.94,0.029999999999999916,2.3287100791931152,0.952,0.973,0.9624999999999999,0.02100000000000002,5.6519999504089355,0.007499999999999951,-0.03749999999999987,0.022499999999999964,10.93,797.04,50.0,1157.0,61.27300000190735,0.9624999999999999,0.94,0.9624999999999999,0.94
2026-10-01T16:48:00+00:00,1790873280,940,Will the Democratic Party win the VA-07 House race?,98075623222143547346037366837071572541450376316433615657989340175250414958486,0.925,0.955,0.94,0.029999999999999916,15.565869092941284,0.952,0.973,0.9624999999999999,0.02100000000000002,18.956000089645386,0.007499999999999951,-0.03749999999999987,0.022499999999999964,10.93,797.04,50.0,1157.0,54.20099997520447,0.9624999999999999,0.9425,0.9624999999999999,0.94
2026-10-01T16:49:00+00:00,1790873340,940,Will the Democratic Party win the VA-07 House race?,98075623222143547346037366837071572541450376316433615657989340175250414958486,0.93,0.955,0.9425,0.02499999999999991,17.62919306755066,0.952,0.973,0.9624999999999999,0.02100000000000002,3.9210000038146973,0.007499999999999951,-0.03249999999999986,0.019999999999999907,10.93,797.04,50.0,1157.0,3.9210000038146973,0.9624999999999999,0.9425,0.9624999999999999,0.94
2026-10-01T16:50:00+00:00,1790873400,940,Will the Democratic Party win the VA-07 House race?,98075623222143547346037366837071572541450376316433615657989340175250414958486,0.93,0.955,0.9425,0.02499999999999991,8.579324960708618,0.952,0.973,0.9624999999999999,0.02100000000000002,0.06100010871887207,0.007499999999999951,-0.03249999999999986,0.019999999999999907,10.93,797.04,50.0,1157.0,63.9210000038147,0.9624999999999999,0.94,0.9624999999999999,0.9425
2026-10-01T16:51:00+00:00,1790873460,940,Will the Democratic Party win the VA-07 House race?,98075623222143547346037366837071572541450376316433615657989340175250414958486,0.93,0.95,0.94,0.019999999999999907,21.058850049972534,0.952,0.973,0.9624999999999999,0.02100000000000002,8.171000003814697,0.012499999999999956,-0.03249999999999986,0.022499999999999964,10.93,797.04,50.0,1157.0,54.06599998474121,0.9624999999999999,0.94,0.9624999999999999,0.9425
2026-10-01T16:52:00+00:00,1790873520,940,Will the Democratic Party win the VA-07 House race?,98075623222143547346037366837071572541450376316433615657989340175250414958486,0.93,0.95,0.94,0.019999999999999907,9.070883989334106,0.952,0.973,0.9624999999999999,0.02100000000000002,34.39100003242493,0.012499999999999956,-0.03249999999999986,0.022499999999999964,10.93,797.04,50.0,1157.0,58.47199988365173,0.9624999999999999,0.94,0.9624999999999999,0.9425
2026-10-01T16:53:00+00:00,1790873580,940,Will the Democratic Party win the VA-07 House race?,98075623222143547346037366837071572541450376316433615657989340175250414958486,0.93,0.95,0.94,0.019999999999999907,17.475549936294556,0.952,0.973,0.9624999999999999,0.02100000000000002,38.41700005531311,0.012499999999999956,-0.03249999999999986,0.022499999999999964,10.93,797.04,50.0,1157.0,38.41700005531311,0.9624999999999999,0.94,0.9624999999999999,0.9450000000000001
2026-10-01T16:54:00+00:00,1790873640,940,Will the Democratic Party win the VA-07 House race?,98075623222143547346037366837071572541450376316433615657989340175250414958486,0.93,0.95,0.94,0.019999999999999907,7.297075986862183,0.952,0.973,0.9624999999999999,0.02100000000000002,43.40000009536743,0.012499999999999956,-0.03249999999999986,0.022499999999999964,10.93,797.04,50.0,1157.0,43.40000009536743,0.9624999999999999,0.9425,0.9624999999999999,0.9450000000000001
2026-10-01T16:55:00+00:00,1790873700,940,Will the Democratic Party win the VA-07 House race?,98075623222143547346037366837071572541450376316433615657989340175250414958486,0.93,0.955,0.9425,0.02499999999999991,6.2547080516815186,0.952,0.973,0.9624999999999999,0.02100000000000002,43.95799994468689,0.007499999999999951,-0.03249999999999986,0.019999999999999907,10.93,797.04,50.0,1157.0,43.95799994468689,0.9624999999999999,0.9425,,
2026-10-01T16:56:00+00:00,1790873760,940,Will the Democratic Party win the VA-07 House race?,98075623222143547346037366837071572541450376316433615657989340175250414958486,0.93,0.955,0.9425,0.02499999999999991,24.895549058914185,0.952,0.973,0.9624999999999999,0.02100000000000002,48.23300004005432,0.007499999999999951,-0.03249999999999986,0.019999999999999907,10.93,797.04,50.0,1157.0,48.23300004005432,0.9624999999999999,0.9425,,
2026-10-01T16:57:00+00:00,1790873820,940,Will the Democratic Party win the VA-07 House race?,98075623222143547346037366837071572541450376316433615657989340175250414958486,0.93,0.955,0.9425,0.02499999999999991,28.78254008293152,0.952,0.973,0.9624999999999999,0.02100000000000002,9.624000072479248,0.007499999999999951,-0.03249999999999986,0.019999999999999907,10.93,797.04,50.0,1157.0,9.624000072479248,0.9624999999999999,0.9450000000000001,,
2026-10-01T16:58:00+00:00,1790873880,940,Will the Democratic Party win the VA-07 House race?,98075623222143547346037366837071572541450376316433615657989340175250414958486,0.93,0.96,0.9450000000000001,0.029999999999999916,16.677002906799316,0.952,0.973,0.9624999999999999,0.02100000000000002,3.559000015258789,0.0024999999999999467,-0.03249999999999986,0.01749999999999985,10.93,797.04,50.0,1157.0,3.559000015258789,0.9624999999999999,0.9450000000000001,,
2026-10-01T16:59:00+00:00,1790873940,940,Will the Democratic Party win the VA-07 House race?,98075623222143547346037366837071572541450376316433615657989340175250414958486,0.93,0.96,0.9450000000000001,0.029999999999999916,8.352503061294556,0.952,0.973,0.9624999999999999,0.02100000000000002,8.051000118255615,0.0024999999999999467,-0.03249999999999986,0.01749999999999985,10.93,797.04,50.0,1157.0,63.55900001525879,,,,
2026-10-01T17:00:00+00:00,1790874000,940,Will the Democratic Party win the VA-07 House race?,98075623222143547346037366837071572541450376316433615657989340175250414958486,0.93,0.96,0.9450000000000001,0.029999999999999916,4.83417010307312,0.952,0.973,0.9624999999999999,0.02100000000000002,12.680999994277954,0.0024999999999999467,-0.03249999999999986,0.01749999999999985,10.93,797.04,50.0,1157.0,30.723999977111816,,,,
2026-10-01T16:31:00+00:00,1790872260,941,Will the Democratic Party win the Alabama Senate?,112631815696760308015879207569232436560894777106252894238120648921534834095752,0.03,0.04,0.035,0.010000000000000002,23.71093511581421,0.007,0.016,0.0115,0.009000000000000001,11.121999979019165,-0.0285,0.0185,0.023500000000000004,100.1,2910.1,26.0,172.0,11.121999979019165,0.0115,0.035,0.0115,0.0275
2026-10-01T16:32:00+00:00,1790872320,941,Will the Democratic Party win the Alabama Senate?,112631815696760308015879207569232436560894777106252894238120648921534834095752,0.03,0.04,0.035,0.010000000000000002,11.408711910247803,0.007,0.016,0.0115,0.009000000000000001,56.92799997329712,-0.0285,0.0185,0.023500000000000004,100.1,2910.1,26.0,132.0,56.92799997329712,0.0115,0.045,0.0115,0.0275
2026-10-01T16:33:00+00:00,1790872380,941,Will the Democratic Party win the Alabama Senate?,112631815696760308015879207569232436560894777106252894238120648921534834095752,0.03,0.06,0.045,0.03,9.566899061203003,0.007,0.016,0.0115,0.009000000000000001,45.07100009918213,-0.0485,0.0185,0.0335,100.1,2910.1,26.0,132.0,45.07100009918213,0.0115,0.045,0.0115,0.0275
2026-10-01T16:34:00+00:00,1790872440,941,Will the Democratic Party win the Alabama Senate?,112631815696760308015879207569232436560894777106252894238120648921534834095752,0.03,0.06,0.045,0.03,3.4191091060638428,0.007,0.016,0.0115,0.009000000000000001,6.253000020980835,-0.0485,0.0185,0.0335,150.2,2960.2,26.0,90.0,6.253000020980835,0.0115,0.042499999999999996,0.0115,0.0275
2026-10-01T16:35:00+00:00,1790872500,941,Will the Democratic Party win the Alabama Senate?,112631815696760308015879207569232436560894777106252894238120648921534834095752,0.03,0.055,0.042499999999999996,0.025,11.630949020385742,0.007,0.016,0.0115,0.009000000000000001,2.4070000648498535,-0.0435,0.0185,0.030999999999999996,150.2,2960.2,26.0,90.0,2.4070000648498535,0.0115,0.0275,0.0115,0.0275
2026-10-01T16:36:00+00:00,1790872560,941,Will the Democratic Party win the Alabama Senate?,112631815696760308015879207569232436560894777106252894238120648921534834095752,0.025,0.03,0.0275,0.0049999999999999975,6.830513000488281,0.007,0.016,0.0115,0.009000000000000001,49.40599989891052,-0.0185,0.013500000000000002,0.016,150.2,2960.2,26.0,90.0,62.40700006484985,0.0115,0.0275,0.0115,0.0275
2026-10-01T16:37:00+00:00,1790872620,941,Will the Democratic Party win the Alabama Senate?,112631815696760308015879207569232436560894777106252894238120648921534834095752,0.025,0.03,0.0275,0.0049999999999999975,13.205377101898193,0.007,0.016,0.0115,0.009000000000000001,22.628999948501587,-0.0185,0.013500000000000002,0.016,150.2,2960.2,26.0,97.0,22.628999948501587,0.0115,0.0275,0.0115,0.0275
2026-10-01T16:38:00+00:00,1790872680,941,Will the Democratic Party win the Alabama Senate?,112631815696760308015879207569232436560894777106252894238120648921534834095752,0.025,0.03,0.0275,0.0049999999999999975,16.316895961761475,0.007,0.016,0.0115,0.009000000000000001,42.051000118255615,-0.0185,0.013500000000000002,0.016,150.2,2960.2,26.0,97.0,42.051000118255615,0.0115,0.0275,0.0115,0.0275
2026-10-01T16:39:00+00:00,1790872740,941,Will the Democratic Party win the Alabama Senate?,112631815696760308015879207569232436560894777106252894238120648921534834095752,0.025,0.03,0.0275,0.0049999999999999975,14.67904806137085,0.007,0.016,0.0115,0.009000000000000001,41.80200004577637,-0.0185,0.013500000000000002,0.016,150.2,2960.2,26.0,97.0,41.80200004577637,0.0115,0.0275,0.0115,0.0275
2026-10-01T16:40:00+00:00,1790872800,941,Will the Democratic Party win the Alabama Senate?,112631815696760308015879207569232436560894777106252894238120648921534834095752,0.025,0.03,0.0275,0.0049999999999999975,2.6969070434570312,0.007,0.016,0.0115,0.009000000000000001,28.34500002861023,-0.0185,0.013500000000000002,0.016,150.2,2960.2,26.0,97.0,28.34500002861023,0.0115,0.0275,0.0115,0.0275
2026-10-01T16:41:00+00:00,1790872860,941,Will the Democratic Party win the Alabama Senate?,112631815696760308015879207569232436560894777106252894238120648921534834095752,0.025,0.03,0.0275,0.0049999999999999975,9.860277891159058,0.007,0.016,0.0115,0.009000000000000001,18.668999910354614,-0.0185,0.013500000000000002,0.016,150.2,2960.2,26.0,97.0,88.34500002861023,0.0115,0.0275,0.0115,0.0275
2026-10-01T16:42:00+00:00,1790872920,941,Will the Democratic Party win the Alabama Senate?,112631815696760308015879207569232436560894777106252894238120648921534834095752,0.025,0.03,0.0275,0.0049999999999999975,38.63783597946167,0.007,0.016,0.0115,0.009000000000000001,6.927000045776367,-0.0185,0.013500000000000002,0.016,150.2,2960.2,26.0,92.0,50.03999996185303,0.0115,0.0275,0.0115,0.0275
2026-10-01T16:43:00+00:00,1790872980,941,Will the Democratic Party win the Alabama Senate?,112631815696760308015879207569232436560894777106252894238120648921534834095752,0.025,0.03,0.0275,0.0049999999999999975,11.439251899719238,0.007,0.016,0.0115,0.009000000000000001,13.533999919891357,-0.0185,0.013500000000000002,0.016,150.2,2960.2,26.0,142.0,13.533999919891357,0.0115,0.0275,0.0115,0.0275
2026-10-01T16:44:00+00:00,1790873040,941,Will the Democratic Party win the Alabama Senate?,112631815696760308015879207569232436560894777106252894238120648921534834095752,0.025,0.03,0.0275,0.0049999999999999975,22.920314073562622,0.007,0.016,0.0115,0.009000000000000001,23.831000089645386,-0.0185,0.013500000000000002,0.016,150.2,2960.2,26.0,142.0,23.831000089645386,0.0115,0.0275,0.0115,0.0275
2026-10-01T16:45:00+00:00,1790873100,941,Will the Democratic Party win the Alabama Senate?,112631815696760308015879207569232436560894777106252894238120648921534834095752,0.025,0.03,0.0275,0.0049999999999999975,10.873110055923462,0.007,0.016,0.0115,0.009000000000000001,8.259000062942505,-0.0185,0.013500000000000002,0.016,150.2,2960.2,26.0,142.0,8.259000062942505,0.0115,0.0275,0.0115,0.0275
2026-10-01T16:46:00+00:00,1790873160,941,Will the Democratic Party win the Alabama Senate?,112631815696760308015879207569232436560894777106252894238120648921534834095752,0.025,0.03,0.0275,0.0049999999999999975,9.245368003845215,0.007,0.016,0.0115,0.009000000000000001,68.2590000629425,-0.0185,0.013500000000000002,0.016,150.2,2960.2,26.0,142.0,68.2590000629425,0.0115,0.0275,0.0115,0.0275
2026-10-01T16:47:00+00:00,1790873220,941,Will the Democratic Party win the Alabama Senate?,112631815696760308015879207569232436560894777106252894238120648921534834095752,0.025,0.03,0.0275,0.0049999999999999975,2.3287100791931152,0.007,0.016,0.0115,0.009000000000000001,49.56599998474121,-0.0185,0.013500000000000002,0.016,150.2,2960.2,26.0,142.0,49.56599998474121,0.0115,0.0275,0.0115,0.0275
2026-10-01T16:48:00+00:00,1790873280,941,Will the Democratic Party win the Alabama Senate?,112631815696760308015879207569232436560894777106252894238120648921534834095752,0.025,0.03,0.0275,0.0049999999999999975,15.565869092941284,0.007,0.016,0.0115,0.009000000000000001,36.1949999332428,-0.0185,0.013500000000000002,0.016,150.2,2960.2,26.0,142.0,41.22000002861023,0.0115,0.0275,0.0115,0.0275
2026-10-01T16:49:00+00:00,1790873340,941,Will the Democratic Party win the Alabama Senate?,112631815696760308015879207569232436560894777106252894238120648921534834095752,0.025,0.03,0.0275,0.0049999999999999975,17.62919306755066,0.007,0.016,0.0115,0.009000000000000001,8.224999904632568,-0.0185,0.013500000000000002,0.016,150.2,2960.2,26.0,171.0,48.75399994850159,0.0115,0.0275,0.0115,0.0275
2026-10-01T16:50:00+00:00,1790873400,941,Will the Democratic Party win the Alabama Senate?,112631815696760308015879207569232436560894777106252894238120648921534834095752,0.025,0.03,0.0275,0.0049999999999999975,8.579324960708618,0.007,0.016,0.0115,0.009000000000000001,52.5220000743866,-0.0185,0.013500000000000002,0.016,150.2,2960.2,26.0,171.0,52.5220000743866,0.0115,0.0275,0.0115,0.0275
2026-10-01T16:51:00+00:00,1790873460,941,Will the Democratic Party win the Alabama Senate?,112631815696760308015879207569232436560894777106252894238120648921534834095752,0.025,0.03,0.0275,0.0049999999999999975,21.058850049972534,0.007,0.016,0.0115,0.009000000000000001,1.184000015258789,-0.0185,0.013500000000000002,0.016,150.2,2960.2,26.0,196.0,51.079999923706055,0.0115,0.0275,0.0115,0.0275
2026-10-01T16:52:00+00:00,1790873520,941,Will the Democratic Party win the Alabama Senate?,112631815696760308015879207569232436560894777106252894238120648921534834095752,0.025,0.03,0.0275,0.0049999999999999975,9.070883989334106,0.007,0.016,0.0115,0.009000000000000001,3.9200000762939453,-0.0185,0.013500000000000002,0.016,150.2,2960.2,26.0,211.0,50.145999908447266,0.0115,0.0275,0.0115,0.0275
2026-10-01T16:53:00+00:00,1790873580,941,Will the Democratic Party win the Alabama Senate?,112631815696760308015879207569232436560894777106252894238120648921534834095752,0.025,0.03,0.0275,0.0049999999999999975,17.475549936294556,0.007,0.016,0.0115,0.009000000000000001,5.461999893188477,-0.0185,0.013500000000000002,0.016,150.2,2960.2,26.0,153.44,5.461999893188477,0.0115,0.0275,0.0115,0.0275
2026-10-01T16:54:00+00:00,1790873640,941,Will the Democratic Party win the Alabama Senate?,112631815696760308015879207569232436560894777106252894238120648921534834095752,0.025,0.03,0.0275,0.0049999999999999975,7.297075986862183,0.007,0.016,0.0115,0.009000000000000001,65.46199989318848,-0.0185,0.013500000000000002,0.016,150.2,2960.2,26.0,153.44,65.46199989318848,0.0115,0.0275,0.0115,0.0625
2026-10-01T16:55:00+00:00,1790873700,941,Will the Democratic Party win the Alabama Senate?,112631815696760308015879207569232436560894777106252894238120648921534834095752,0.025,0.03,0.0275,0.0049999999999999975,6.2547080516815186,0.007,0.016,0.0115,0.009000000000000001,3.3329999446868896,-0.0185,0.013500000000000002,0.016,150.2,2960.2,26.0,153.44,125.46199989318848,0.0115,0.0275,,
2026-10-01T16:56:00+00:00,1790873760,941,Will the Democratic Party win the Alabama Senate?,112631815696760308015879207569232436560894777106252894238120648921534834095752,0.025,0.03,0.0275,0.0049999999999999975,24.895549058914185,0.007,0.016,0.0115,0.009000000000000001,11.306999921798706,-0.0185,0.013500000000000002,0.016,150.2,2960.2,26.0,163.0,11.306999921798706,0.0115,0.0275,,
2026-10-01T16:57:00+00:00,1790873820,941,Will the Democratic Party win the Alabama Senate?,112631815696760308015879207569232436560894777106252894238120648921534834095752,0.025,0.03,0.0275,0.0049999999999999975,28.78254008293152,0.007,0.016,0.0115,0.009000000000000001,15.288000106811523,-0.0185,0.013500000000000002,0.016,150.2,2960.2,26.0,163.0,15.288000106811523,0.0115,0.0275,,
2026-10-01T16:58:00+00:00,1790873880,941,Will the Democratic Party win the Alabama Senate?,112631815696760308015879207569232436560894777106252894238120648921534834095752,0.025,0.03,0.0275,0.0049999999999999975,16.677002906799316,0.007,0.016,0.0115,0.009000000000000001,75.28800010681152,-0.0185,0.013500000000000002,0.016,150.2,2960.2,26.0,163.0,75.28800010681152,0.0115,0.0625,,
2026-10-01T16:59:00+00:00,1790873940,941,Will the Democratic Party win the Alabama Senate?,112631815696760308015879207569232436560894777106252894238120648921534834095752,0.06,0.065,0.0625,0.0050000000000000044,8.352503061294556,0.007,0.016,0.0115,0.009000000000000001,135.28800010681152,-0.053500000000000006,0.0485,0.051000000000000004,150.2,2960.2,26.0,163.0,135.28800010681152,,,,
2026-10-01T17:00:00+00:00,1790874000,941,Will the Democratic Party win the Alabama Senate?,112631815696760308015879207569232436560894777106252894238120648921534834095752,0.025,0.06,0.042499999999999996,0.034999999999999996,4.83417010307312,0.007,0.016,0.0115,0.009000000000000001,42.66000008583069,-0.0485,0.013500000000000002,0.030999999999999996,150.2,2960.2,26.0,163.0,42.66000008583069,,,,
2026-10-01T16:31:00+00:00,1790872260,943,Will the Democratic Party win the Arkansas Senate?,72886985091553225261880008335633731330398834377716296897321179753246165638738,0.065,0.08,0.07250000000000001,0.015,23.71093511581421,0.045,0.046,0.0455,0.0010000000000000009,18.947999954223633,-0.0345,0.019500000000000003,0.02700000000000001,80.0,1022.5699999999999,12.0,382.0,18.947999954223633,0.0455,0.07,0.0455,0.06
2026-10-01T16:32:00+00:00,1790872320,943,Will the Democratic Party win the Arkansas Senate?,72886985091553225261880008335633731330398834377716296897321179753246165638738,0.065,0.075,0.07,0.009999999999999995,11.408711910247803,0.045,0.046,0.0455,0.0010000000000000009,7.545000076293945,-0.0295,0.019500000000000003,0.024500000000000008,80.0,1022.5699999999999,12.0,297.0,7.545000076293945,0.0455,0.07,0.0455,0.0625
2026-10-01T16:33:00+00:00,1790872380,943,Will the Democratic Party win the Arkansas Senate?,72886985091553225261880008335633731330398834377716296897321179753246165638738,0.065,0.075,0.07,0.009999999999999995,9.566899061203003,0.045,0.046,0.0455,0.0010000000000000009,40.76099991798401,-0.0295,0.019500000000000003,0.024500000000000008,80.0,1022.5699999999999,12.0,330.0,40.76099991798401,0.0455,0.0625,0.0455,0.0675
2026-10-01T16:34:00+00:00,1790872440,943,Will the Democratic Party win the Arkansas Senate?,72886985091553225261880008335633731330398834377716296897321179753246165638738,0.06,0.065,0.0625,0.0050000000000000044,3.4191091060638428,0.045,0.046,0.0455,0.0010000000000000009,47.30800008773804,-0.019500000000000003,0.014499999999999999,0.017,80.0,1022.5699999999999,12.0,330.0,47.30800008773804,0.0455,0.06,0.0455,0.0675
2026-10-01T16:35:00+00:00,1790872500,943,Will the Democratic Party win the Arkansas Senate?,72886985091553225261880008335633731330398834377716296897321179753246165638738,0.055,0.065,0.06,0.010000000000000002,11.630949020385742,0.045,0.046,0.0455,0.0010000000000000009,30.828999996185303,-0.019500000000000003,0.009500000000000001,0.014499999999999999,80.0,1022.5699999999999,12.0,520.0,30.828999996185303,0.0455,0.06,0.0455,0.0675
2026-10-01T16:36:00+00:00,1790872560,943,Will the Democratic Party win the Arkansas Senate?,72886985091553225261880008335633731330398834377716296897321179753246165638738,0.055,0.065,0.06,0.010000000000000002,6.830513000488281,0.045,0.046,0.0455,0.0010000000000000009,38.157999992370605,-0.019500000000000003,0.009500000000000001,0.014499999999999999,55.0,997.5699999999999,12.0,477.0,38.157999992370605,0.0455,0.0625,0.0455,0.0675
2026-10-01T16:37:00+00:00,1790872620,943,Will the Democratic Party win the Arkansas Senate?,72886985091553225261880008335633731330398834377716296897321179753246165638738,0.06,0.065,0.0625,0.0050000000000000044,13.205377101898193,0.045,0.046,0.0455,0.0010000000000000009,30.884999990463257,-0.019500000000000003,0.014499999999999999,0.017,55.0,997.5699999999999,12.0,477.0,30.884999990463257,0.0455,0.0675,0.0455,0.0675
2026-10-01T16:38:00+00:00,1790872680,943,Will the Democratic Party win the Arkansas Senate?,72886985091553225261880008335633731330398834377716296897321179753246165638738,0.06,0.075,0.0675,0.015,16.316895961761475,0.045,0.046,0.0455,0.0010000000000000009,5.253999948501587,-0.0295,0.014499999999999999,0.022000000000000006,55.0,997.5699999999999,12.0,373.0,5.253999948501587,0.0455,0.0675,0.0455,0.0675
2026-10-01T16:39:00+00:00,1790872740,943,Will the Democratic Party win the Arkansas Senate?,72886985091553225261880008335633731330398834377716296897321179753246165638738,0.06,0.075,0.0675,0.015,14.67904806137085,0.045,0.046,0.0455,0.0010000000000000009,4.440000057220459,-0.0295,0.014499999999999999,0.022000000000000006,55.0,997.5699999999999,12.0,373.0,4.440000057220459,0.0455,0.0675,0.0455,0.0675
2026-10-01T16:40:00+00:00,1790872800,943,Will the Democratic Party win the Arkansas Senate?,72886985091553225261880008335633731330398834377716296897321179753246165638738,0.06,0.075,0.0675,0.015,2.6969070434570312,0.045,0.046,0.0455,0.0010000000000000009,15.92199993133545,-0.0295,0.014499999999999999,0.022000000000000006,55.0,997.5699999999999,12.0,373.0,64.44000005722046,0.0455,0.0675,0.0455,0.0675
2026-10-01T16:41:00+00:00,1790872860,943,Will the Democratic Party win the Arkansas Senate?,72886985091553225261880008335633731330398834377716296897321179753246165638738,0.06,0.075,0.0675,0.015,9.860277891159058,0.045,0.046,0.0455,0.0010000000000000009,12.371000051498413,-0.0295,0.014499999999999999,0.022000000000000006,80.0,1022.5699999999999,12.0,342.0,12.371000051498413,0.0455,0.0675,0.0455,0.07
2026-10-01T16:42:00+00:00,1790872920,943,Will the Democratic Party win the Arkansas Senate?,72886985091553225261880008335633731330398834377716296897321179753246165638738,0.06,0.075,0.0675,0.015,38.63783597946167,0.045,0.046,0.0455,0.0010000000000000009,9.914999961853027,-0.0295,0.014499999999999999,0.022000000000000006,80.0,1022.5699999999999,12.0,342.0,72.37100005149841,0.0455,0.0675,0.0455,0.07
2026-10-01T16:43:00+00:00,1790872980,943,Will the Democratic Party win the Arkansas Senate?,72886985091553225261880008335633731330398834377716296897321179753246165638738,0.06,0.075,0.0675,0.015,11.439251899719238,0.045,0.046,0.0455,0.0010000000000000009,6.171999931335449,-0.0295,0.014499999999999999,0.022000000000000006,80.0,1022.5699999999999,12.0,297.0,6.171999931335449,0.0455,0.0675,0.0455,0.07
2026-10-01T16:44:00+00:00,1790873040,943,Will the Democratic Party win the Arkansas Senate?,72886985091553225261880008335633731330398834377716296897321179753246165638738,0.06,0.075,0.0675,0.015,22.920314073562622,0.045,0.046,0.0455,0.0010000000000000009,66.17199993133545,-0.0295,0.014499999999999999,0.022000000000000006,80.0,1022.5699999999999,12.0,297.0,66.17199993133545,0.0455,0.0675,0.0455,0.0675
2026-10-01T16:45:00+00:00,1790873100,943,Will the Democratic Party win the Arkansas Senate?,72886985091553225261880008335633731330398834377716296897321179753246165638738,0.06,0.075,0.0675,0.015,10.873110055923462,0.045,0.046,0.0455,0.0010000000000000009,7.365999937057495,-0.0295,0.014499999999999999,0.022000000000000006,80.0,1022.5699999999999,12.0,297.0,54.95099997520447,0.0455,0.07,0.0455,0.0675
2026-10-01T16:46:00+00:00,1790873160,943,Will the Democratic Party win the Arkansas Senate?,72886985091553225261880008335633731330398834377716296897321179753246165638738,0.06,0.08,0.07,0.020000000000000004,9.245368003845215,0.045,0.046,0.0455,0.0010000000000000009,3.4760000705718994,-0.0345,0.014499999999999999,0.024500000000000008,80.0,1022.5699999999999,12.0,347.0,53.86899995803833,0.0455,0.07,0.0455,0.0675
2026-10-01T16:47:00+00:00,1790873220,943,Will the Democratic Party win the Arkansas Senate?,72886985091553225261880008335633731330398834377716296897321179753246165638738,0.06,0.08,0.07,0.020000000000000004,2.3287100791931152,0.045,0.046,0.0455,0.0010000000000000009,1.3680000305175781,-0.0345,0.014499999999999999,0.024500000000000008,80.0,1022.5699999999999,12.0,349.0,49.49000000953674,0.0455,0.07,0.0455,0.0675
2026-10-01T16:48:00+00:00,1790873280,943,Will the Democratic Party win the Arkansas Senate?,72886985091553225261880008335633731330398834377716296897321179753246165638738,0.06,0.08,0.07,0.020000000000000004,15.565869092941284,0.045,0.046,0.0455,0.0010000000000000009,0.8190000057220459,-0.0345,0.014499999999999999,0.024500000000000008,80.0,1022.5699999999999,12.0,349.0,44.82299995422363,0.0455,0.0675,0.0455,0.0675
2026-10-01T16:49:00+00:00,1790873340,943,Will the Democratic Party win the Arkansas Senate?,72886985091553225261880008335633731330398834377716296897321179753246165638738,0.06,0.075,0.0675,0.015,17.62919306755066,0.045,0.046,0.0455,0.0010000000000000009,27.187000036239624,-0.0295,0.014499999999999999,0.022000000000000006,55.0,997.5699999999999,12.0,424.0,47.01200008392334,0.0455,0.0675,0.0455,0.0675
2026-10-01T16:50:00+00:00,1790873400,943,Will the Democratic Party win the Arkansas Senate?,72886985091553225261880008335633731330398834377716296897321179753246165638738,0.06,0.075,0.0675,0.015,8.579324960708618,0.045,0.046,0.0455,0.0010000000000000009,6.020999908447266,-0.0295,0.014499999999999999,0.022000000000000006,80.0,1022.5699999999999,12.0,297.0,46.57599997520447,0.0455,0.0675,0.0455,0.0675
2026-10-01T16:51:00+00:00,1790873460,943,Will the Democratic Party win the Arkansas Senate?,72886985091553225261880008335633731330398834377716296897321179753246165638738,0.06,0.075,0.0675,0.015,21.058850049972534,0.045,0.046,0.0455,0.0010000000000000009,52.98699998855591,-0.0295,0.014499999999999999,0.022000000000000006,80.0,1022.5699999999999,12.0,391.0,52.98699998855591,0.0455,0.0675,0.0455,0.0675
2026-10-01T16:52:00+00:00,1790873520,943,Will the Democratic Party win the Arkansas Senate?,72886985091553225261880008335633731330398834377716296897321179753246165638738,0.06,0.075,0.0675,0.015,9.070883989334106,0.045,0.046,0.0455,0.0010000000000000009,48.734999895095825,-0.0295,0.014499999999999999,0.022000000000000006,80.0,1022.5699999999999,12.0,297.0,48.734999895095825,0.0455,0.0675,0.0455,0.0675
2026-10-01T16:53:00+00:00,1790873580,943,Will the Democratic Party win the Arkansas Senate?,72886985091553225261880008335633731330398834377716296897321179753246165638738,0.06,0.075,0.0675,0.015,17.475549936294556,0.045,0.046,0.0455,0.0010000000000000009,45.1710000038147,-0.0295,0.014499999999999999,0.022000000000000006,80.0,1022.5699999999999,12.0,297.0,45.1710000038147,0.0455,0.0675,0.0455,0.0675
2026-10-01T16:54:00+00:00,1790873640,943,Will the Democratic Party win the Arkansas Senate?,72886985091553225261880008335633731330398834377716296897321179753246165638738,0.06,0.075,0.0675,0.015,7.297075986862183,0.045,0.046,0.0455,0.0010000000000000009,12.450000047683716,-0.0295,0.014499999999999999,0.022000000000000006,80.0,1022.5699999999999,12.0,297.0,42.61400008201599,0.0455,0.0675,0.0455,0.0675
2026-10-01T16:55:00+00:00,1790873700,943,Will the Democratic Party win the Arkansas Senate?,72886985091553225261880008335633731330398834377716296897321179753246165638738,0.06,0.075,0.0675,0.015,6.2547080516815186,0.045,0.046,0.0455,0.0010000000000000009,11.40499997138977,-0.0295,0.014499999999999999,0.022000000000000006,80.0,1022.5699999999999,12.0,297.0,36.51699995994568,0.0455,0.0675,,
2026-10-01T16:56:00+00:00,1790873760,943,Will the Democratic Party win the Arkansas Senate?,72886985091553225261880008335633731330398834377716296897321179753246165638738,0.06,0.075,0.0675,0.015,24.895549058914185,0.045,0.046,0.0455,0.0010000000000000009,34.138999938964844,-0.0295,0.014499999999999999,0.022000000000000006,80.0,1022.5699999999999,12.0,297.0,34.138999938964844,0.0455,0.0675,,
2026-10-01T16:57:00+00:00,1790873820,943,Will the Democratic Party win the Arkansas Senate?,72886985091553225261880008335633731330398834377716296897321179753246165638738,0.06,0.075,0.0675,0.015,28.78254008293152,0.045,0.046,0.0455,0.0010000000000000009,0.49900007247924805,-0.0295,0.014499999999999999,0.022000000000000006,80.0,1022.5699999999999,12.0,297.0,0.49900007247924805,0.0455,0.0675,,
2026-10-01T16:58:00+00:00,1790873880,943,Will the Democratic Party win the Arkansas Senate?,72886985091553225261880008335633731330398834377716296897321179753246165638738,0.06,0.075,0.0675,0.015,16.677002906799316,0.045,0.046,0.0455,0.0010000000000000009,12.841000080108643,-0.0295,0.014499999999999999,0.022000000000000006,80.0,1022.5699999999999,12.0,297.0,12.841000080108643,0.0455,0.0675,,
2026-10-01T16:59:00+00:00,1790873940,943,Will the Democratic Party win the Arkansas Senate?,72886985091553225261880008335633731330398834377716296897321179753246165638738,0.06,0.075,0.0675,0.015,8.352503061294556,0.045,0.046,0.0455,0.0010000000000000009,12.5,-0.0295,0.014499999999999999,0.022000000000000006,80.0,1022.5699999999999,12.0,297.0,12.5,,,,
2026-10-01T17:00:00+00:00,1790874000,943,Will the Democratic Party win the Arkansas Senate?,72886985091553225261880008335633731330398834377716296897321179753246165638738,0.06,0.075,0.0675,0.015,4.83417010307312,0.045,0.046,0.0455,0.0010000000000000009,3.559000015258789,-0.0295,0.014499999999999999,0.022000000000000006,80.0,1022.5699999999999,12.0,297.0,72.5,,,,
2026-10-01T16:31:00+00:00,1790872260,946,Will the Republican Party win the Colorado Senate?,107167253247959681278635375532372161757968896031306223139791203775393777541826,0.01,0.02,0.015,0.01,23.71093511581421,0.005,0.05,0.0275,0.045000000000000005,25.207000017166138,0.0075,-0.0175,0.0125,7.34,1710.1000000000001,5.16,209.5,25.207000017166138,0.0325,0.015,0.027999999999999997,0.015
2026-10-01T16:32:00+00:00,1790872320,946,Will the Republican Party win the Colorado Senate?,107167253247959681278635375532372161757968896031306223139791203775393777541826,0.01,0.02,0.015,0.01,11.408711910247803,0.005,0.06,0.0325,0.055,2.2230000495910645,0.0125,-0.0225,0.0175,7.34,1710.1000000000001,5.16,209.5,85.20700001716614,0.031,0.015,0.028999999999999998,0.015
2026-10-01T16:33:00+00:00,1790872380,946,Will the Republican Party win the Colorado Senate?,107167253247959681278635375532372161757968896031306223139791203775393777541826,0.01,0.02,0.015,0.01,9.566899061203003,0.005,0.057,0.031,0.052000000000000005,0.0409998893737793,0.011,-0.020999999999999998,0.016,7.34,1710.1000000000001,150.0,248.9,59.15400004386902,0.0275,0.015,0.022,0.015
2026-10-01T16:34:00+00:00,1790872440,946,Will the Republican Party win the Colorado Senate?,107167253247959681278635375532372161757968896031306223139791203775393777541826,0.01,0.02,0.015,0.01,3.4191091060638428,0.005,0.05,0.0275,0.045000000000000005,0.4309999942779541,0.0075,-0.0175,0.0125,7.34,1710.1000000000001,6.86,242.03,57.60599994659424,0.027,0.015,0.0265,0.015
2026-10-01T16:35:00+00:00,1790872500,946,Will the Republican Party win the Colorado Senate?,107167253247959681278635375532372161757968896031306223139791203775393777541826,0.01,0.02,0.015,0.01,11.630949020385742,0.005,0.049,0.027,0.044000000000000004,8.750999927520752,0.006999999999999999,-0.017,0.012,7.34,1710.1000000000001,150.0,208.22,8.750999927520752,0.027999999999999997,0.015,0.024499999999999997,0.015
2026-10-01T16:36:00+00:00,1790872560,946,Will the Republican Party win the Colorado Senate?,107167253247959681278635375532372161757968896031306223139791203775393777541826,0.01,0.02,0.015,0.01,6.830513000488281,0.005,0.051,0.027999999999999997,0.046,23.575999975204468,0.007999999999999997,-0.017999999999999995,0.012999999999999998,7.34,1710.1000000000001,13.74,209.5,23.575999975204468,0.028999999999999998,0.015,0.0265,0.015
2026-10-01T16:37:00+00:00,1790872620,946,Will the Republican Party win the Colorado Senate?,107167253247959681278635375532372161757968896031306223139791203775393777541826,0.01,0.02,0.015,0.01,13.205377101898193,0.005,0.053,0.028999999999999998,0.048,0.5220000743865967,0.008999999999999998,-0.018999999999999996,0.013999999999999999,7.34,1710.1000000000001,13.74,209.5,83.57599997520447,0.022,0.015,0.024999999999999998,0.015
2026-10-01T16:38:00+00:00,1790872680,946,Will the Republican Party win the Colorado Senate?,107167253247959681278635375532372161757968896031306223139791203775393777541826,0.01,0.02,0.015,0.01,16.316895961761475,0.005,0.039,0.022,0.034,0.11899995803833008,0.0019999999999999983,-0.011999999999999999,0.006999999999999999,7.34,1710.1000000000001,6.86,209.5,53.890000104904175,0.0265,0.015,0.020499999999999997,0.015
2026-10-01T16:39:00+00:00,1790872740,946,Will the Republican Party win the Colorado Senate?,107167253247959681278635375532372161757968896031306223139791203775393777541826,0.01,0.02,0.015,0.01,14.67904806137085,0.005,0.048,0.0265,0.043000000000000003,54.23399996757507,0.006499999999999999,-0.0165,0.0115,7.34,1710.1000000000001,20.6,260.5,54.23399996757507,0.024499999999999997,0.015,0.022,0.015
2026-10-01T16:40:00+00:00,1790872800,946,Will the Republican Party win the Colorado Senate?,107167253247959681278635375532372161757968896031306223139791203775393777541826,0.01,0.02,0.015,0.01,2.6969070434570312,0.005,0.044,0.024499999999999997,0.039,1.6119999885559082,0.004499999999999997,-0.014499999999999997,0.009499999999999998,7.34,1710.1000000000001,20.6,260.5,1.6119999885559082,0.0265,0.015,0.023,0.015
2026-10-01T16:41:00+00:00,1790872860,946,Will the Republican Party win the Colorado Senate?,107167253247959681278635375532372161757968896031306223139791203775393777541826,0.01,0.02,0.015,0.01,9.860277891159058,0.005,0.048,0.0265,0.043000000000000003,0.0969998836517334,0.006499999999999999,-0.0165,0.0115,7.34,1710.1000000000001,20.6,260.5,61.61199998855591,0.024999999999999998,0.015,0.0245,0.015
2026-10-01T16:42:00+00:00,1790872920,946,Will the Republican Party win the Colorado Senate?,107167253247959681278635375532372161757968896031306223139791203775393777541826,0.01,0.02,0.015,0.01,38.63783597946167,0.005,0.045,0.024999999999999998,0.04,0.5550000667572021,0.0049999999999999975,-0.014999999999999998,0.009999999999999998,7.34,1710.1000000000001,13.74,248.3,49.03399991989136,0.020499999999999997,0.015,0.024,0.0175
2026-10-01T16:43:00+00:00,1790872980,946,Will the Republican Party win the Colorado Senate?,107167253247959681278635375532372161757968896031306223139791203775393777541826,0.01,0.02,0.015,0.01,11.439251899719238,0.005,0.036,0.020499999999999997,0.030999999999999996,32.28600001335144,0.000499999999999997,-0.010499999999999997,0.005499999999999998,7.34,1710.1000000000001,13.74,253.64,45.94099998474121,0.022,0.015,0.026000000000000002,0.0175
2026-10-01T16:44:00+00:00,1790873040,946,Will the Republican Party win the Colorado Senate?,107167253247959681278635375532372161757968896031306223139791203775393777541826,0.01,0.02,0.015,0.01,22.920314073562622,0.005,0.039,0.022,0.034,15.484999895095825,0.0019999999999999983,-0.011999999999999999,0.006999999999999999,7.34,1710.1000000000001,150.0,248.3,15.484999895095825,0.023,0.015,0.0215,0.0175
2026-10-01T16:45:00+00:00,1790873100,946,Will the Republican Party win the Colorado Senate?,107167253247959681278635375532372161757968896031306223139791203775393777541826,0.01,0.02,0.015,0.01,10.873110055923462,0.005,0.041,0.023,0.036000000000000004,10.002000093460083,0.002999999999999999,-0.013,0.008,7.34,1710.1000000000001,150.0,248.3,75.48499989509583,0.0245,0.015,0.024499999999999997,0.0175
2026-10-01T16:46:00+00:00,1790873160,946,Will the Republican Party win the Colorado Senate?,107167253247959681278635375532372161757968896031306223139791203775393777541826,0.01,0.02,0.015,0.01,9.245368003845215,0.004,0.045,0.0245,0.040999999999999995,0.2839999198913574,0.0045000000000000005,-0.0145,0.009500000000000001,7.34,1710.1000000000001,150.0,221.59,52.97499990463257,0.024,0.0175,0.0255,0.015
2026-10-01T16:47:00+00:00,1790873220,946,Will the Republican Party win the Colorado Senate?,107167253247959681278635375532372161757968896031306223139791203775393777541826,0.015,0.02,0.0175,0.005000000000000001,2.3287100791931152,0.004,0.044,0.024,0.039999999999999994,22.365000009536743,0.004,-0.009000000000000001,0.006499999999999999,53.9,1702.76,20.59,260.49,22.365000009536743,0.026000000000000002,0.0175,0.0255,0.015
2026-10-01T16:48:00+00:00,1790873280,946,Will the Republican Party win the Colorado Senate?,107167253247959681278635375532372161757968896031306223139791203775393777541826,0.015,0.02,0.0175,0.005000000000000001,15.565869092941284,0.004,0.048,0.026000000000000002,0.044,2.7880001068115234,0.006000000000000002,-0.011000000000000003,0.0085,53.9,1702.76,20.59,260.49,82.36500000953674,0.0215,0.0175,0.0255,0.015
2026-10-01T16:49:00+00:00,1790873340,946,Will the Republican Party win the Colorado Senate?,107167253247959681278635375532372161757968896031306223139791203775393777541826,0.015,0.02,0.0175,0.005000000000000001,17.62919306755066,0.004,0.039,0.0215,0.035,0.7890000343322754,0.0014999999999999979,-0.006499999999999999,0.003999999999999997,53.9,1702.76,150.0,246.74,40.46000003814697,0.024499999999999997,0.0175,0.0215,0.015
2026-10-01T16:50:00+00:00,1790873400,946,Will the Republican Party win the Colorado Senate?,107167253247959681278635375532372161757968896031306223139791203775393777541826,0.015,0.02,0.0175,0.005000000000000001,8.579324960708618,0.005,0.044,0.024499999999999997,0.039,39.61199998855591,0.004499999999999997,-0.009499999999999998,0.006999999999999996,7.33,1710.1100000000001,20.6,260.5,39.61199998855591,0.0255,0.015,0.0215,0.015
2026-10-01T16:51:00+00:00,1790873460,946,Will the Republican Party win the Colorado Senate?,107167253247959681278635375532372161757968896031306223139791203775393777541826,0.01,0.02,0.015,0.01,21.058850049972534,0.005,0.046,0.0255,0.041,0.4869999885559082,0.005499999999999998,-0.015499999999999998,0.010499999999999999,7.33,1710.1100000000001,20.6,260.5,0.4869999885559082,0.0255,0.015,0.0255,0.015
2026-10-01T16:52:00+00:00,1790873520,946,Will the Republican Party win the Colorado Senate?,107167253247959681278635375532372161757968896031306223139791203775393777541826,0.01,0.02,0.015,0.01,9.070883989334106,0.005,0.046,0.0255,0.041,60.48699998855591,0.005499999999999998,-0.015499999999999998,0.010499999999999999,7.33,1710.1100000000001,20.6,260.5,60.48699998855591,0.0255,0.015,0.0235,0.015
2026-10-01T16:53:00+00:00,1790873580,946,Will the Republican Party win the Colorado Senate?,107167253247959681278635375532372161757968896031306223139791203775393777541826,0.01,0.02,0.015,0.01,17.475549936294556,0.005,0.046,0.0255,0.041,52.9760000705719,0.005499999999999998,-0.015499999999999998,0.010499999999999999,7.33,1710.1100000000001,20.6,260.5,52.9760000705719,0.0215,0.015,0.023999999999999997,0.015
2026-10-01T16:54:00+00:00,1790873640,946,Will the Republican Party win the Colorado Senate?,107167253247959681278635375532372161757968896031306223139791203775393777541826,0.01,0.02,0.015,0.01,7.297075986862183,0.005,0.038,0.0215,0.033,17.82200002670288,0.0014999999999999979,-0.011499999999999998,0.006499999999999999,7.33,1710.1100000000001,13.76,248.3,34.72499990463257,0.0215,0.015,0.020499999999999997,0.015
2026-10-01T16:55:00+00:00,1790873700,946,Will the Republican Party win the Colorado Senate?,107167253247959681278635375532372161757968896031306223139791203775393777541826,0.01,0.02,0.015,0.01,6.2547080516815186,0.005,0.038,0.0215,0.033,9.102999925613403,0.0014999999999999979,-0.011499999999999998,0.006499999999999999,7.33,1710.1100000000001,150.0,260.5,34.68300008773804,0.0255,0.015,,
2026-10-01T16:56:00+00:00,1790873760,946,Will the Republican Party win the Colorado Senate?,107167253247959681278635375532372161757968896031306223139791203775393777541826,0.01,0.02,0.015,0.01,24.895549058914185,0.005,0.046,0.0255,0.041,0.26600003242492676,0.005499999999999998,-0.015499999999999998,0.010499999999999999,7.33,1710.1100000000001,20.6,260.5,33.91499996185303,0.0235,0.015,,
2026-10-01T16:57:00+00:00,1790873820,946,Will the Republican Party win the Colorado Senate?,107167253247959681278635375532372161757968896031306223139791203775393777541826,0.01,0.02,0.015,0.01,28.78254008293152,0.005,0.042,0.0235,0.037000000000000005,0.01699995994567871,0.0034999999999999996,-0.0135,0.0085,7.33,1710.1100000000001,20.6,260.5,29.411999940872192,0.023999999999999997,0.015,,
2026-10-01T16:58:00+00:00,1790873880,946,Will the Republican Party win the Colorado Senate?,107167253247959681278635375532372161757968896031306223139791203775393777541826,0.01,0.02,0.015,0.01,16.677002906799316,0.005,0.043,0.023999999999999997,0.038,1.1089999675750732,0.003999999999999997,-0.013999999999999997,0.008999999999999998,7.33,1710.1100000000001,20.6,260.5,44.74499988555908,0.020499999999999997,0.015,,
2026-10-01T16:59:00+00:00,1790873940,946,Will the Republican Party win the Colorado Senate?,107167253247959681278635375532372161757968896031306223139791203775393777541826,0.01,0.02,0.015,0.01,8.352503061294556,0.005,0.036,0.020499999999999997,0.030999999999999996,1.2430000305175781,0.000499999999999997,-0.010499999999999997,0.005499999999999998,7.33,1710.1100000000001,20.59,260.49,29.532999992370605,,,,
2026-10-01T17:00:00+00:00,1790874000,946,Will the Republican Party win the Colorado Senate?,107167253247959681278635375532372161757968896031306223139791203775393777541826,0.01,0.02,0.015,0.01,4.83417010307312,0.005,0.036,0.020499999999999997,0.030999999999999996,13.532000064849854,0.000499999999999997,-0.010499999999999997,0.005499999999999998,7.33,1710.1100000000001,20.6,260.5,57.80399990081787,,,,
2026-10-01T16:31:00+00:00,1790872260,947,Will the Democratic Party win the Georgia Senate?,21024219148268989748704207701411444044468128261642675917026452687231462203167,0.95,0.965,0.9575,0.015000000000000013,23.71093511581421,0.965,0.976,0.9704999999999999,0.01100000000000001,15.842000007629395,0.005499999999999949,-0.020499999999999963,0.0129999999999999,191.99,15910.310000000001,48.0,2384.0,15.842000007629395,0.9704999999999999,0.9575,0.9704999999999999,0.9675
2026-10-01T16:32:00+00:00,1790872320,947,Will the Democratic Party win the Georgia Senate?,21024219148268989748704207701411444044468128261642675917026452687231462203167,0.95,0.965,0.9575,0.015000000000000013,11.408711910247803,0.965,0.976,0.9704999999999999,0.01100000000000001,33.86400008201599,0.005499999999999949,-0.020499999999999963,0.0129999999999999,191.99,15910.310000000001,48.0,2384.0,33.86400008201599,0.9704999999999999,0.9675,0.9704999999999999,0.9675
2026-10-01T16:33:00+00:00,1790872380,947,Will the Democratic Party win the Georgia Senate?,21024219148268989748704207701411444044468128261642675917026452687231462203167,0.965,0.97,0.9675,0.0050000000000000044,9.566899061203003,0.965,0.976,0.9704999999999999,0.01100000000000001,38.46399998664856,0.0004999999999999449,-0.005499999999999949,0.0029999999999998916,191.99,15910.310000000001,48.0,2384.0,38.46399998664856,0.9704999999999999,0.9675,0.9704999999999999,0.96
2026-10-01T16:34:00+00:00,1790872440,947,Will the Democratic Party win the Georgia Senate?,21024219148268989748704207701411444044468128261642675917026452687231462203167,0.965,0.97,0.9675,0.0050000000000000044,3.4191091060638428,0.965,0.976,0.9704999999999999,0.01100000000000001,43.092000007629395,0.0004999999999999449,-0.005499999999999949,0.0029999999999998916,191.99,15910.310000000001,48.0,2384.0,43.092000007629395,0.9704999999999999,0.9675,0.9704999999999999,0.96
2026-10-01T16:35:00+00:00,1790872500,947,Will the Democratic Party win the Georgia Senate?,21024219148268989748704207701411444044468128261642675917026452687231462203167,0.965,0.97,0.9675,0.0050000000000000044,11.630949020385742,0.965,0.976,0.9704999999999999,0.01100000000000001,12.46399998664856,0.0004999999999999449,-0.005499999999999949,0.0029999999999998916,191.99,15910.310000000001,48.0,2384.0,103.0920000076294,0.9704999999999999,0.9675,0.9704999999999999,0.9575
2026-10-01T16:36:00+00:00,1790872560,947,Will the Democratic Party win the Georgia Senate?,21024219148268989748704207701411444044468128261642675917026452687231462203167,0.965,0.97,0.9675,0.0050000000000000044,6.830513000488281,0.965,0.976,0.9704999999999999,0.01100000000000001,1.8829998970031738,0.0004999999999999449,-0.005499999999999949,0.0029999999999998916,191.99,15910.310000000001,48.0,2814.6,1.8829998970031738,0.9704999999999999,0.9675,0.9704999999999999,0.9575
2026-10-01T16:37:00+00:00,1790872620,947,Will the Democratic Party win the Georgia Senate?,21024219148268989748704207701411444044468128261642675917026452687231462203167,0.965,0.97,0.9675,0.0050000000000000044,13.205377101898193,0.965,0.976,0.9704999999999999,0.01100000000000001,6.4100000858306885,0.0004999999999999449,-0.005499999999999949,0.0029999999999998916,191.99,15910.310000000001,48.0,2814.6,6.4100000858306885,0.9704999999999999,0.96,0.9704999999999999,0.9575
2026-10-01T16:38:00+00:00,1790872680,947,Will the Democratic Party win the Georgia Senate?,21024219148268989748704207701411444044468128261642675917026452687231462203167,0.95,0.97,0.96,0.020000000000000018,16.316895961761475,0.965,0.976,0.9704999999999999,0.01100000000000001,11.121000051498413,0.0004999999999999449,-0.020499999999999963,0.010499999999999954,191.99,15910.310000000001,48.0,2814.6,11.121000051498413,0.9704999999999999,0.96,0.9704999999999999,0.9575
2026-10-01T16:39:00+00:00,1790872740,947,Will the Democratic Party win the Georgia Senate?,21024219148268989748704207701411444044468128261642675917026452687231462203167,0.95,0.97,0.96,0.020000000000000018,14.67904806137085,0.965,0.976,0.9704999999999999,0.01100000000000001,3.315999984741211,0.0004999999999999449,-0.020499999999999963,0.010499999999999954,191.99,15748.310000000001,48.0,1497.0,3.315999984741211,0.9704999999999999,0.9575,0.9704999999999999,0.9575
2026-10-01T16:40:00+00:00,1790872800,947,Will the Democratic Party win the Georgia Senate?,21024219148268989748704207701411444044468128261642675917026452687231462203167,0.95,0.965,0.9575,0.015000000000000013,2.6969070434570312,0.965,0.976,0.9704999999999999,0.01100000000000001,35.615999937057495,0.005499999999999949,-0.020499999999999963,0.0129999999999999,191.99,15748.310000000001,48.0,2814.6,35.615999937057495,0.9704999999999999,0.9575,0.9704999999999999,0.9575
2026-10-01T16:41:00+00:00,1790872860,947,Will the Democratic Party win the Georgia Senate?,21024219148268989748704207701411444044468128261642675917026452687231462203167,0.95,0.965,0.9575,0.015000000000000013,9.860277891159058,0.965,0.976,0.9704999999999999,0.01100000000000001,33.25399994850159,0.005499999999999949,-0.020499999999999963,0.0129999999999999,191.99,15748.310000000001,48.0,2814.6,33.25399994850159,0.9704999999999999,0.9575,0.9704999999999999,0.965
2026-10-01T16:42:00+00:00,1790872920,947,Will the Democratic Party win the Georgia Senate?,21024219148268989748704207701411444044468128261642675917026452687231462203167,0.95,0.965,0.9575,0.015000000000000013,38.63783597946167,0.965,0.976,0.9704999999999999,0.01100000000000001,44.67700004577637,0.005499999999999949,-0.020499999999999963,0.0129999999999999,191.99,15748.310000000001,48.0,2814.6,93.25399994850159,0.9704999999999999,0.9575,0.9704999999999999,0.96
2026-10-01T16:43:00+00:00,1790872980,947,Will the Democratic Party win the Georgia Senate?,21024219148268989748704207701411444044468128261642675917026452687231462203167,0.95,0.965,0.9575,0.015000000000000013,11.439251899719238,0.965,0.976,0.9704999999999999,0.01100000000000001,13.61899995803833,0.005499999999999949,-0.020499999999999963,0.0129999999999999,191.99,15748.310000000001,48.0,2814.6,49.200000047683716,0.9704999999999999,0.9575,0.9704999999999999,0.96
2026-10-01T16:44:00+00:00,1790873040,947,Will the Democratic Party win the Georgia Senate?,21024219148268989748704207701411444044468128261642675917026452687231462203167,0.95,0.965,0.9575,0.015000000000000013,22.920314073562622,0.965,0.976,0.9704999999999999,0.01100000000000001,27.79099988937378,0.005499999999999949,-0.020499999999999963,0.0129999999999999,191.99,15748.310000000001,48.0,2814.6,27.79099988937378,0.9704999999999999,0.9575,0.9704999999999999,0.9624999999999999
2026-10-01T16:45:00+00:00,1790873100,947,Will the Democratic Party win the Georgia Senate?,21024219148268989748704207701411444044468128261642675917026452687231462203167,0.95,0.965,0.9575,0.015000000000000013,10.873110055923462,0.965,0.976,0.9704999999999999,0.01100000000000001,24.10599994659424,0.005499999999999949,-0.020499999999999963,0.0129999999999999,191.99,15910.310000000001,48.0,2814.6,24.10599994659424,0.9704999999999999,0.965,0.9704999999999999,0.9624999999999999
2026-10-01T16:46:00+00:00,1790873160,947,Will the Democratic Party win the Georgia Senate?,21024219148268989748704207701411444044468128261642675917026452687231462203167,0.95,0.98,0.965,0.030000000000000027,9.245368003845215,0.965,0.976,0.9704999999999999,0.01100000000000001,28.526999950408936,-0.009500000000000064,-0.020499999999999963,0.005499999999999949,191.99,15910.310000000001,48.0,2814.6,28.526999950408936,0.9704999999999999,0.96,0.9704999999999999,0.9675
2026-10-01T16:47:00+00:00,1790873220,947,Will the Democratic Party win the Georgia Senate?,21024219148268989748704207701411444044468128261642675917026452687231462203167,0.95,0.97,0.96,0.020000000000000018,2.3287100791931152,0.965,0.976,0.9704999999999999,0.01100000000000001,11.897000074386597,0.0004999999999999449,-0.020499999999999963,0.010499999999999954,191.99,15910.310000000001,48.0,2814.6,88.52699995040894,0.9704999999999999,0.96,0.9704999999999999,0.9624999999999999
2026-10-01T16:48:00+00:00,1790873280,947,Will the Democratic Party win the Georgia Senate?,21024219148268989748704207701411444044468128261642675917026452687231462203167,0.95,0.97,0.96,0.020000000000000018,15.565869092941284,0.965,0.976,0.9704999999999999,0.01100000000000001,42.44600009918213,0.0004999999999999449,-0.020499999999999963,0.010499999999999954,191.99,15910.310000000001,48.0,2814.6,42.44600009918213,0.9704999999999999,0.9624999999999999,0.9704999999999999,0.9575
2026-10-01T16:49:00+00:00,1790873340,947,Will the Democratic Party win the Georgia Senate?,21024219148268989748704207701411444044468128261642675917026452687231462203167,0.95,0.975,0.9624999999999999,0.025000000000000022,17.62919306755066,0.965,0.976,0.9704999999999999,0.01100000000000001,46.91199994087219,-0.0045000000000000595,-0.020499999999999963,0.008000000000000007,191.99,15910.310000000001,48.0,2814.6,46.91199994087219,0.9704999999999999,0.9624999999999999,0.9704999999999999,0.9575
2026-10-01T16:50:00+00:00,1790873400,947,Will the Democratic Party win the Georgia Senate?,21024219148268989748704207701411444044468128261642675917026452687231462203167,0.95,0.975,0.9624999999999999,0.025000000000000022,8.579324960708618,0.965,0.976,0.9704999999999999,0.01100000000000001,33.86800003051758,-0.0045000000000000595,-0.020499999999999963,0.008000000000000007,191.99,15910.310000000001,48.0,2814.6,33.86800003051758,0.9704999999999999,0.9675,0.9704999999999999,0.96
2026-10-01T16:51:00+00:00,1790873460,947,Will the Democratic Party win the Georgia Senate?,21024219148268989748704207701411444044468128261642675917026452687231462203167,0.95,0.985,0.9675,0.03500000000000003,21.058850049972534,0.965,0.976,0.9704999999999999,0.01100000000000001,38.174999952316284,-0.014500000000000068,-0.020499999999999963,0.0029999999999998916,191.99,15910.310000000001,48.0,2814.6,93.86800003051758,0.9704999999999999,0.9624999999999999,0.9704999999999999,0.9624999999999999
2026-10-01T16:52:00+00:00,1790873520,947,Will the Democratic Party win the Georgia Senate?,21024219148268989748704207701411444044468128261642675917026452687231462203167,0.95,0.975,0.9624999999999999,0.025000000000000022,9.070883989334106,0.965,0.976,0.9704999999999999,0.01100000000000001,15.848999977111816,-0.0045000000000000595,-0.020499999999999963,0.008000000000000007,191.99,15910.310000000001,48.0,1497.0,45.30999994277954,0.9704999999999999,0.9575,0.9704999999999999,0.9624999999999999
2026-10-01T16:53:00+00:00,1790873580,947,Will the Democratic Party win the Georgia Senate?,21024219148268989748704207701411444044468128261642675917026452687231462203167,0.95,0.965,0.9575,0.015000000000000013,17.475549936294556,0.965,0.976,0.9704999999999999,0.01100000000000001,14.674999952316284,0.005499999999999949,-0.020499999999999963,0.0129999999999999,191.99,15910.310000000001,48.0,2814.6,42.61500000953674,0.9704999999999999,0.9575,0.9704999999999999,0.9624999999999999
2026-10-01T16:54:00+00:00,1790873640,947,Will the Democratic Party win the Georgia Senate?,21024219148268989748704207701411444044468128261642675917026452687231462203167,0.95,0.965,0.9575,0.015000000000000013,7.297075986862183,0.965,0.976,0.9704999999999999,0.01100000000000001,23.759999990463257,0.005499999999999949,-0.020499999999999963,0.0129999999999999,191.99,15721.310000000001,48.0,2814.6,41.687000036239624,0.9704999999999999,0.96,0.9704999999999999,0.9624999999999999
2026-10-01T16:55:00+00:00,1790873700,947,Will the Democratic Party win the Georgia Senate?,21024219148268989748704207701411444044468128261642675917026452687231462203167,0.95,0.97,0.96,0.020000000000000018,6.2547080516815186,0.965,0.976,0.9704999999999999,0.01100000000000001,12.79200005531311,0.0004999999999999449,-0.020499999999999963,0.010499999999999954,191.99,15883.310000000001,48.0,2814.6,32.859999895095825,0.9704999999999999,0.9624999999999999,,
2026-10-01T16:56:00+00:00,1790873760,947,Will the Democratic Party win the Georgia Senate?,21024219148268989748704207701411444044468128261642675917026452687231462203167,0.95,0.975,0.9624999999999999,0.025000000000000022,24.895549058914185,0.965,0.976,0.9704999999999999,0.01100000000000001,15.674000024795532,-0.0045000000000000595,-0.020499999999999963,0.008000000000000007,191.99,15883.310000000001,48.0,2385.0,35.687000036239624,0.9704999999999999,0.9624999999999999,,
2026-10-01T16:57:00+00:00,1790873820,947,Will the Democratic Party win the Georgia Senate?,21024219148268989748704207701411444044468128261642675917026452687231462203167,0.95,0.975,0.9624999999999999,0.025000000000000022,28.78254008293152,0.965,0.976,0.9704999999999999,0.01100000000000001,40.04299998283386,-0.0045000000000000595,-0.020499999999999963,0.008000000000000007,191.99,15883.310000000001,48.0,2814.6,40.04299998283386,0.9704999999999999,0.9624999999999999,,
2026-10-01T16:58:00+00:00,1790873880,947,Will the Democratic Party win the Georgia Senate?,21024219148268989748704207701411444044468128261642675917026452687231462203167,0.95,0.975,0.9624999999999999,0.025000000000000022,16.677002906799316,0.965,0.976,0.9704999999999999,0.01100000000000001,6.0,-0.0045000000000000595,-0.020499999999999963,0.008000000000000007,191.99,15883.310000000001,48.0,3061.0,31.842999935150146,0.9704999999999999,0.9624999999999999,,
2026-10-01T16:59:00+00:00,1790873940,947,Will the Democratic Party win the Georgia Senate?,21024219148268989748704207701411444044468128261642675917026452687231462203167,0.95,0.975,0.9624999999999999,0.025000000000000022,8.352503061294556,0.965,0.976,0.9704999999999999,0.01100000000000001,55.164000034332275,-0.0045000000000000595,-0.020499999999999963,0.008000000000000007,191.99,15883.310000000001,48.0,3061.0,55.164000034332275,,,,
2026-10-01T17:00:00+00:00,1790874000,947,Will the Democratic Party win the Georgia Senate?,21024219148268989748704207701411444044468128261642675917026452687231462203167,0.935,0.975,0.9550000000000001,0.039999999999999925,4.83417010307312,0.965,0.976,0.9704999999999999,0.01100000000000001,7.676000118255615,-0.0045000000000000595,-0.035499999999999865,0.015499999999999847,191.99,15883.310000000001,48.0,3142.0,30.816999912261963,,,,
2026-10-01T16:31:00+00:00,1790872260,948,Will the Republican Party win the Georgia Senate?,43777191461245536274027792855557351629362906569064322165760098912770293918104,0.03,0.065,0.0475,0.035,23.71093511581421,0.019,0.037,0.027999999999999997,0.018,1.940000057220459,-0.037000000000000005,0.0020000000000000018,0.019500000000000003,40.0,1568.05,420.39,1211.76,1.940000057220459,0.027999999999999997,0.0425,0.027999999999999997,0.05
2026-10-01T16:32:00+00:00,1790872320,948,Will the Republican Party win the Georgia Senate?,43777191461245536274027792855557351629362906569064322165760098912770293918104,0.035,0.05,0.0425,0.015,11.408711910247803,0.019,0.037,0.027999999999999997,0.018,18.069000005722046,-0.022000000000000006,0.007000000000000006,0.014500000000000006,40.0,1568.05,420.39,1211.76,18.069000005722046,0.027999999999999997,0.0425,0.027999999999999997,0.045
2026-10-01T16:33:00+00:00,1790872380,948,Will the Republican Party win the Georgia Senate?,43777191461245536274027792855557351629362906569064322165760098912770293918104,0.035,0.05,0.0425,0.015,9.566899061203003,0.019,0.037,0.027999999999999997,0.018,2.2639999389648438,-0.022000000000000006,0.007000000000000006,0.014500000000000006,40.0,1568.05,420.39,1211.76,2.2639999389648438,0.027999999999999997,0.05,0.027999999999999997,0.045
2026-10-01T16:34:00+00:00,1790872440,948,Will the Republican Party win the Georgia Senate?,43777191461245536274027792855557351629362906569064322165760098912770293918104,0.035,0.065,0.05,0.03,3.4191091060638428,0.019,0.037,0.027999999999999997,0.018,9.394999980926514,-0.037000000000000005,0.007000000000000006,0.022000000000000006,40.0,1568.05,420.39,1211.76,9.394999980926514,0.027999999999999997,0.05,0.027999999999999997,0.045
2026-10-01T16:35:00+00:00,1790872500,948,Will the Republican Party win the Georgia Senate?,43777191461245536274027792855557351629362906569064322165760098912770293918104,0.035,0.065,0.05,0.03,11.630949020385742,0.019,0.037,0.027999999999999997,0.018,43.92199993133545,-0.037000000000000005,0.007000000000000006,0.022000000000000006,40.0,1568.05,420.39,1211.76,69.39499998092651,0.027999999999999997,0.05,0.027999999999999997,0.0475
2026-10-01T16:36:00+00:00,1790872560,948,Will the Republican Party win the Georgia Senate?,43777191461245536274027792855557351629362906569064322165760098912770293918104,0.035,0.065,0.05,0.03,6.830513000488281,0.019,0.037,0.027999999999999997,0.018,3.0,-0.037000000000000005,0.007000000000000006,0.022000000000000006,40.0,1568.05,420.39,1208.43,58.1800000667572,0.027999999999999997,0.045,0.027999999999999997,0.0475
2026-10-01T16:37:00+00:00,1790872620,948,Will the Republican Party win the Georgia Senate?,43777191461245536274027792855557351629362906569064322165760098912770293918104,0.03,0.06,0.045,0.03,13.205377101898193,0.019,0.037,0.027999999999999997,0.018,1.0,-0.032,0.0020000000000000018,0.017,40.0,1568.05,420.39,1208.43,55.57299995422363,0.027999999999999997,0.045,0.027999999999999997,0.05
2026-10-01T16:38:00+00:00,1790872680,948,Will the Republican Party win the Georgia Senate?,43777191461245536274027792855557351629362906569064322165760098912770293918104,0.03,0.06,0.045,0.03,16.316895961761475,0.019,0.037,0.027999999999999997,0.018,1.440999984741211,-0.032,0.0020000000000000018,0.017,40.0,1568.05,420.39,1208.43,56.86500000953674,0.027999999999999997,0.045,0.027999999999999997,0.05
2026-10-01T16:39:00+00:00,1790872740,948,Will the Republican Party win the Georgia Senate?,43777191461245536274027792855557351629362906569064322165760098912770293918104,0.03,0.06,0.045,0.03,14.67904806137085,0.019,0.037,0.027999999999999997,0.018,23.18400001525879,-0.032,0.0020000000000000018,0.017,40.0,1568.05,420.39,1208.43,57.22099995613098,0.027999999999999997,0.0475,0.027999999999999997,0.0475
2026-10-01T16:40:00+00:00,1790872800,948,Will the Republican Party win the Georgia Senate?,43777191461245536274027792855557351629362906569064322165760098912770293918104,0.035,0.06,0.0475,0.024999999999999994,2.6969070434570312,0.019,0.037,0.027999999999999997,0.018,2.9179999828338623,-0.032,0.007000000000000006,0.019500000000000003,40.0,1568.05,240.39,1028.43,52.77999997138977,0.027999999999999997,0.0475,0.027999999999999997,0.055
2026-10-01T16:41:00+00:00,1790872860,948,Will the Republican Party win the Georgia Senate?,43777191461245536274027792855557351629362906569064322165760098912770293918104,0.035,0.06,0.0475,0.024999999999999994,9.860277891159058,0.019,0.037,0.027999999999999997,0.018,2.4760000705718994,-0.032,0.007000000000000006,0.019500000000000003,40.0,1568.05,240.39,1028.43,2.4760000705718994,0.027999999999999997,0.05,0.027999999999999997,0.5
2026-10-01T16:42:00+00:00,1790872920,948,Will the Republican Party win the Georgia Senate?,43777191461245536274027792855557351629362906569064322165760098912770293918104,0.035,0.065,0.05,0.03,38.63783597946167,0.019,0.037,0.027999999999999997,0.018,2.0,-0.037000000000000005,0.007000000000000006,0.022000000000000006,40.0,1568.05,240.39,1028.43,62.4760000705719,0.027999999999999997,0.05,0.027999999999999997,0.485
2026-10-01T16:43:00+00:00,1790872980,948,Will the Republican Party win the Georgia Senate?,43777191461245536274027792855557351629362906569064322165760098912770293918104,0.035,0.065,0.05,0.03,11.439251899719238,0.019,0.037,0.027999999999999997,0.018,0.35500001907348633,-0.037000000000000005,0.007000000000000006,0.022000000000000006,40.0,1568.05,240.39,1028.43,45.87400007247925,0.027999999999999997,0.0475,0.027999999999999997,0.485
2026-10-01T16:44:00+00:00,1790873040,948,Will the Republican Party win the Georgia Senate?,43777191461245536274027792855557351629362906569064322165760098912770293918104,0.035,0.06,0.0475,0.024999999999999994,22.920314073562622,0.019,0.037,0.027999999999999997,0.018,19.926000118255615,-0.032,0.007000000000000006,0.019500000000000003,40.0,1568.05,240.39,1028.43,45.996999979019165,0.027999999999999997,0.055,0.027999999999999997,0.485
2026-10-01T16:45:00+00:00,1790873100,948,Will the Republican Party win the Georgia Senate?,43777191461245536274027792855557351629362906569064322165760098912770293918104,0.035,0.075,0.055,0.039999999999999994,10.873110055923462,0.019,0.037,0.027999999999999997,0.018,3.0,-0.047,0.007000000000000006,0.027000000000000003,40.0,1568.05,240.39,1028.43,49.443000078201294,0.027999999999999997,0.5,0.027999999999999997,0.05500000000000001
2026-10-01T16:46:00+00:00,1790873160,948,Will the Republican Party win the Georgia Senate?,43777191461245536274027792855557351629362906569064322165760098912770293918104,0.03,0.97,0.5,0.94,9.245368003845215,0.019,0.037,0.027999999999999997,0.018,3.8580000400543213,-0.942,0.0020000000000000018,0.472,40.0,1568.05,420.39,1208.43,57.855000019073486,0.027999999999999997,0.485,0.027999999999999997,0.052500000000000005
2026-10-01T16:47:00+00:00,1790873220,948,Will the Republican Party win the Georgia Senate?,43777191461245536274027792855557351629362906569064322165760098912770293918104,0.005,0.965,0.485,0.96,2.3287100791931152,0.019,0.037,0.027999999999999997,0.018,1.9530000686645508,-0.9369999999999999,-0.022999999999999996,0.45699999999999996,40.0,1568.05,420.39,1208.43,42.39299988746643,0.027999999999999997,0.485,0.027999999999999997,0.0475
2026-10-01T16:48:00+00:00,1790873280,948,Will the Republican Party win the Georgia Senate?,43777191461245536274027792855557351629362906569064322165760098912770293918104,0.005,0.965,0.485,0.96,15.565869092941284,0.019,0.037,0.027999999999999997,0.018,20.979000091552734,-0.9369999999999999,-0.022999999999999996,0.45699999999999996,40.0,1568.05,420.39,1208.43,45.40899991989136,0.027999999999999997,0.485,0.027999999999999997,0.05
2026-10-01T16:49:00+00:00,1790873340,948,Will the Republican Party win the Georgia Senate?,43777191461245536274027792855557351629362906569064322165760098912770293918104,0.025,0.945,0.485,0.9199999999999999,17.62919306755066,0.019,0.037,0.027999999999999997,0.018,0.23600006103515625,-0.9169999999999999,-0.0029999999999999957,0.45699999999999996,40.0,1568.05,420.39,1208.43,41.85599994659424,0.027999999999999997,0.05500000000000001,0.027999999999999997,0.05
2026-10-01T16:50:00+00:00,1790873400,948,Will the Republican Party win the Georgia Senate?,43777191461245536274027792855557351629362906569064322165760098912770293918104,0.025,0.085,0.05500000000000001,0.060000000000000005,8.579324960708618,0.019,0.037,0.027999999999999997,0.018,0.1700000762939453,-0.05700000000000001,-0.0029999999999999957,0.02700000000000001,40.0,1568.05,390.0,1015.65,41.97199988365173,0.027999999999999997,0.052500000000000005,0.027999999999999997,0.0475
2026-10-01T16:51:00+00:00,1790873460,948,Will the Republican Party win the Georgia Senate?,43777191461245536274027792855557351629362906569064322165760098912770293918104,0.025,0.08,0.052500000000000005,0.055,21.058850049972534,0.019,0.037,0.027999999999999997,0.018,2.8589999675750732,-0.052000000000000005,-0.0029999999999999957,0.024500000000000008,40.0,1568.05,390.0,1208.24,44.44199991226196,0.027999999999999997,0.0475,0.027999999999999997,0.0475
2026-10-01T16:52:00+00:00,1790873520,948,Will the Republican Party win the Georgia Senate?,43777191461245536274027792855557351629362906569064322165760098912770293918104,0.03,0.065,0.0475,0.035,9.070883989334106,0.019,0.037,0.027999999999999997,0.018,31.796000003814697,-0.037000000000000005,0.0020000000000000018,0.019500000000000003,40.0,1568.05,390.0,1208.24,40.914000034332275,0.027999999999999997,0.05,0.027999999999999997,0.04
2026-10-01T16:53:00+00:00,1790873580,948,Will the Republican Party win the Georgia Senate?,43777191461245536274027792855557351629362906569064322165760098912770293918104,0.035,0.065,0.05,0.03,17.475549936294556,0.019,0.037,0.027999999999999997,0.018,2.888000011444092,-0.037000000000000005,0.007000000000000006,0.022000000000000006,40.0,1568.05,390.0,1208.24,38.61899995803833,0.027999999999999997,0.05,0.027999999999999997,0.0525
2026-10-01T16:54:00+00:00,1790873640,948,Will the Republican Party win the Georgia Senate?,43777191461245536274027792855557351629362906569064322165760098912770293918104,0.035,0.065,0.05,0.03,7.297075986862183,0.019,0.037,0.027999999999999997,0.018,3.0989999771118164,-0.037000000000000005,0.007000000000000006,0.022000000000000006,40.0,1568.05,210.0,1028.24,35.164000034332275,0.027999999999999997,0.0475,0.027999999999999997,0.0525
2026-10-01T16:55:00+00:00,1790873700,948,Will the Republican Party win the Georgia Senate?,43777191461245536274027792855557351629362906569064322165760098912770293918104,0.03,0.065,0.0475,0.035,6.2547080516815186,0.019,0.037,0.027999999999999997,0.018,4.010999917984009,-0.037000000000000005,0.0020000000000000018,0.019500000000000003,40.0,1568.05,390.0,1208.24,33.33999991416931,0.027999999999999997,0.0475,,
2026-10-01T16:56:00+00:00,1790873760,948,Will the Republican Party win the Georgia Senate?,43777191461245536274027792855557351629362906569064322165760098912770293918104,0.03,0.065,0.0475,0.035,24.895549058914185,0.019,0.037,0.027999999999999997,0.018,1.8610000610351562,-0.037000000000000005,0.0020000000000000018,0.019500000000000003,40.0,1568.05,390.0,1208.24,35.64800000190735,0.027999999999999997,0.04,,
2026-10-01T16:57:00+00:00,1790873820,948,Will the Republican Party win the Georgia Senate?,43777191461245536274027792855557351629362906569064322165760098912770293918104,0.03,0.05,0.04,0.020000000000000004,28.78254008293152,0.019,0.037,0.027999999999999997,0.018,19.41100001335144,-0.022000000000000006,0.0020000000000000018,0.012000000000000004,40.0,1568.05,390.0,1208.24,34.99900007247925,0.027999999999999997,0.0525,,
2026-10-01T16:58:00+00:00,1790873880,948,Will the Republican Party win the Georgia Senate?,43777191461245536274027792855557351629362906569064322165760098912770293918104,0.03,0.075,0.0525,0.045,16.677002906799316,0.019,0.037,0.027999999999999997,0.018,0.5209999084472656,-0.047,0.0020000000000000018,0.0245,40.0,1568.05,390.0,1211.57,29.90499997138977,0.027999999999999997,0.0525,,
2026-10-01T16:59:00+00:00,1790873940,948,Will the Republican Party win the Georgia Senate?,43777191461245536274027792855557351629362906569064322165760098912770293918104,0.03,0.075,0.0525,0.045,8.352503061294556,0.019,0.037,0.027999999999999997,0.018,1.9890000820159912,-0.047,0.0020000000000000018,0.0245,40.0,1568.05,390.0,1211.57,31.384999990463257,,,,
2026-10-01T17:00:00+00:00,1790874000,948,Will the Republican Party win the Georgia Senate?,43777191461245536274027792855557351629362906569064322165760098912770293918104,0.065,0.075,0.07,0.009999999999999995,4.83417010307312,0.019,0.037,0.027999999999999997,0.018,0.559999942779541,-0.047,0.037000000000000005,0.04200000000000001,40.0,1568.05,390.0,1211.57,33.319000005722046,,,,
2026-10-01T16:31:00+00:00,1790872260,951,Will the Democratic Party win the Idaho Senate?,26969987183147691459735958550527481658991321979903347263530424157323143990437,0.01,0.03,0.02,0.019999999999999997,23.71093511581421,0.01,0.059,0.034499999999999996,0.048999999999999995,30.072999954223633,0.004499999999999997,-0.024499999999999994,0.014499999999999996,150.0,230.81,8.27,165.62,30.072999954223633,0.034499999999999996,0.0225,0.033999999999999996,0.015000000000000001
2026-10-01T16:32:00+00:00,1790872320,951,Will the Democratic Party win the Idaho Senate?,26969987183147691459735958550527481658991321979903347263530424157323143990437,0.005,0.04,0.0225,0.035,11.408711910247803,0.01,0.059,0.034499999999999996,0.048999999999999995,48.38000011444092,-0.005500000000000005,-0.029499999999999995,0.011999999999999997,150.0,230.81,8.27,165.62,48.38000011444092,0.034499999999999996,0.017499999999999998,0.033999999999999996,0.0275
2026-10-01T16:33:00+00:00,1790872380,951,Will the Democratic Party win the Idaho Senate?,26969987183147691459735958550527481658991321979903347263530424157323143990437,0.005,0.03,0.017499999999999998,0.024999999999999998,9.566899061203003,0.01,0.059,0.034499999999999996,0.048999999999999995,46.34299993515015,0.004499999999999997,-0.029499999999999995,0.016999999999999998,150.0,230.81,8.27,165.62,46.34299993515015,0.033999999999999996,0.017499999999999998,0.034499999999999996,0.0175
2026-10-01T16:34:00+00:00,1790872440,951,Will the Democratic Party win the Idaho Senate?,26969987183147691459735958550527481658991321979903347263530424157323143990437,0.005,0.03,0.017499999999999998,0.024999999999999998,3.4191091060638428,0.009,0.059,0.033999999999999996,0.049999999999999996,27.216000080108643,0.003999999999999997,-0.028999999999999995,0.016499999999999997,9.92,294.02,8.27,184.62,27.216000080108643,0.033999999999999996,0.017499999999999998,0.034499999999999996,0.0175
2026-10-01T16:35:00+00:00,1790872500,951,Will the Democratic Party win the Idaho Senate?,26969987183147691459735958550527481658991321979903347263530424157323143990437,0.005,0.03,0.017499999999999998,0.024999999999999998,11.630949020385742,0.009,0.059,0.033999999999999996,0.049999999999999996,3.183000087738037,0.003999999999999997,-0.028999999999999995,0.016499999999999997,9.92,294.02,8.27,184.62,3.183000087738037,0.033999999999999996,0.015000000000000001,0.033,0.015000000000000001
2026-10-01T16:36:00+00:00,1790872560,951,Will the Democratic Party win the Idaho Senate?,26969987183147691459735958550527481658991321979903347263530424157323143990437,0.005,0.025,0.015000000000000001,0.02,6.830513000488281,0.009,0.059,0.033999999999999996,0.049999999999999996,20.861999988555908,0.008999999999999994,-0.028999999999999995,0.018999999999999996,9.92,294.02,8.27,184.62,20.861999988555908,0.033999999999999996,0.0275,0.033,0.0125
2026-10-01T16:37:00+00:00,1790872620,951,Will the Democratic Party win the Idaho Senate?,26969987183147691459735958550527481658991321979903347263530424157323143990437,0.025,0.03,0.0275,0.0049999999999999975,13.205377101898193,0.009,0.059,0.033999999999999996,0.049999999999999996,14.49399995803833,0.003999999999999997,-0.008999999999999994,0.006499999999999995,9.92,294.02,8.27,184.62,14.49399995803833,0.034499999999999996,0.0175,0.033,0.017499999999999998
2026-10-01T16:38:00+00:00,1790872680,951,Will the Democratic Party win the Idaho Senate?,26969987183147691459735958550527481658991321979903347263530424157323143990437,0.01,0.025,0.0175,0.015000000000000001,16.316895961761475,0.01,0.059,0.034499999999999996,0.048999999999999995,3.936000108718872,0.009499999999999995,-0.024499999999999994,0.016999999999999994,150.0,286.02,8.27,184.62,3.936000108718872,0.034499999999999996,0.0175,0.0325,0.015000000000000001
2026-10-01T16:39:00+00:00,1790872740,951,Will the Democratic Party win the Idaho Senate?,26969987183147691459735958550527481658991321979903347263530424157323143990437,0.01,0.025,0.0175,0.015000000000000001,14.67904806137085,0.01,0.059,0.034499999999999996,0.048999999999999995,30.85199999809265,0.009499999999999995,-0.024499999999999994,0.016999999999999994,150.0,286.02,8.27,184.62,30.85199999809265,0.033,0.015000000000000001,0.033999999999999996,0.015000000000000001
2026-10-01T16:40:00+00:00,1790872800,951,Will the Democratic Party win the Idaho Senate?,26969987183147691459735958550527481658991321979903347263530424157323143990437,0.005,0.025,0.015000000000000001,0.02,2.6969070434570312,0.007,0.059,0.033,0.052,15.275000095367432,0.008,-0.028,0.018000000000000002,10.15,488.12,8.27,145.62,15.275000095367432,0.033,0.0125,0.033999999999999996,0.017499999999999998
2026-10-01T16:41:00+00:00,1790872860,951,Will the Democratic Party win the Idaho Senate?,26969987183147691459735958550527481658991321979903347263530424157323143990437,0.005,0.02,0.0125,0.015,9.860277891159058,0.007,0.059,0.033,0.052,22.348999977111816,0.013000000000000001,-0.028,0.0205,10.15,488.12,8.27,145.62,22.348999977111816,0.033,0.017499999999999998,0.034499999999999996,0.0125
2026-10-01T16:42:00+00:00,1790872920,951,Will the Democratic Party win the Idaho Senate?,26969987183147691459735958550527481658991321979903347263530424157323143990437,0.005,0.03,0.017499999999999998,0.024999999999999998,38.63783597946167,0.007,0.059,0.033,0.052,22.158999919891357,0.0030000000000000027,-0.028,0.015500000000000003,10.15,488.12,8.27,165.62,22.158999919891357,0.0325,0.015000000000000001,0.034499999999999996,0.0125
2026-10-01T16:43:00+00:00,1790872980,951,Will the Democratic Party win the Idaho Senate?,26969987183147691459735958550527481658991321979903347263530424157323143990437,0.005,0.025,0.015000000000000001,0.02,11.439251899719238,0.006,0.059,0.0325,0.053,19.914999961853027,0.0075,-0.0275,0.0175,8.03,491.39,8.27,165.62,19.914999961853027,0.033999999999999996,0.015000000000000001,0.034499999999999996,0.0125
2026-10-01T16:44:00+00:00,1790873040,951,Will the Democratic Party win the Idaho Senate?,26969987183147691459735958550527481658991321979903347263530424157323143990437,0.005,0.025,0.015000000000000001,0.02,22.920314073562622,0.009,0.059,0.033999999999999996,0.049999999999999996,8.70799994468689,0.008999999999999994,-0.028999999999999995,0.018999999999999996,150.0,290.47,8.27,165.62,8.70799994468689,0.033999999999999996,0.017499999999999998,0.034499999999999996,0.017499999999999998
2026-10-01T16:45:00+00:00,1790873100,951,Will the Democratic Party win the Idaho Senate?,26969987183147691459735958550527481658991321979903347263530424157323143990437,0.005,0.03,0.017499999999999998,0.024999999999999998,10.873110055923462,0.009,0.059,0.033999999999999996,0.049999999999999996,1.503000020980835,0.003999999999999997,-0.028999999999999995,0.016499999999999997,150.0,290.47,8.27,165.62,68.70799994468689,0.034499999999999996,0.0125,0.034499999999999996,0.017499999999999998
2026-10-01T16:46:00+00:00,1790873160,951,Will the Democratic Party win the Idaho Senate?,26969987183147691459735958550527481658991321979903347263530424157323143990437,0.005,0.02,0.0125,0.015,9.245368003845215,0.01,0.059,0.034499999999999996,0.048999999999999995,1.5230000019073486,0.014499999999999996,-0.029499999999999995,0.021999999999999995,150.0,290.47,8.27,184.62,58.76799988746643,0.034499999999999996,0.0125,0.034499999999999996,0.022500000000000003
2026-10-01T16:47:00+00:00,1790873220,951,Will the Democratic Party win the Idaho Senate?,26969987183147691459735958550527481658991321979903347263530424157323143990437,0.005,0.02,0.0125,0.015,2.3287100791931152,0.01,0.059,0.034499999999999996,0.048999999999999995,51.51900005340576,0.014499999999999996,-0.029499999999999995,0.021999999999999995,150.0,234.38,8.27,184.62,51.51900005340576,0.034499999999999996,0.0125,0.034499999999999996,0.017499999999999998
2026-10-01T16:48:00+00:00,1790873280,951,Will the Democratic Party win the Idaho Senate?,26969987183147691459735958550527481658991321979903347263530424157323143990437,0.005,0.02,0.0125,0.015,15.565869092941284,0.01,0.059,0.034499999999999996,0.048999999999999995,111.51900005340576,0.014499999999999996,-0.029499999999999995,0.021999999999999995,150.0,234.38,8.27,184.62,111.51900005340576,0.034499999999999996,0.017499999999999998,0.034499999999999996,0.017499999999999998
2026-10-01T16:49:00+00:00,1790873340,951,Will the Democratic Party win the Idaho Senate?,26969987183147691459735958550527481658991321979903347263530424157323143990437,0.005,0.03,0.017499999999999998,0.024999999999999998,17.62919306755066,0.01,0.059,0.034499999999999996,0.048999999999999995,171.51900005340576,0.004499999999999997,-0.029499999999999995,0.016999999999999998,150.0,234.38,8.27,184.62,171.51900005340576,0.034499999999999996,0.017499999999999998,0.034499999999999996,0.024999999999999998
2026-10-01T16:50:00+00:00,1790873400,951,Will the Democratic Party win the Idaho Senate?,26969987183147691459735958550527481658991321979903347263530424157323143990437,0.005,0.03,0.017499999999999998,0.024999999999999998,8.579324960708618,0.01,0.059,0.034499999999999996,0.048999999999999995,231.51900005340576,0.004499999999999997,-0.029499999999999995,0.016999999999999998,150.0,234.38,8.27,184.62,231.51900005340576,0.034499999999999996,0.022500000000000003,0.034499999999999996,0.025
2026-10-01T16:51:00+00:00,1790873460,951,Will the Democratic Party win the Idaho Senate?,26969987183147691459735958550527481658991321979903347263530424157323143990437,0.01,0.035,0.022500000000000003,0.025,21.058850049972534,0.01,0.059,0.034499999999999996,0.048999999999999995,291.51900005340576,-0.0005000000000000074,-0.024499999999999994,0.011999999999999993,150.0,234.38,8.27,184.62,291.51900005340576,0.034499999999999996,0.017499999999999998,0.034499999999999996,0.025
2026-10-01T16:52:00+00:00,1790873520,951,Will the Democratic Party win the Idaho Senate?,26969987183147691459735958550527481658991321979903347263530424157323143990437,0.005,0.03,0.017499999999999998,0.024999999999999998,9.070883989334106,0.01,0.059,0.034499999999999996,0.048999999999999995,351.51900005340576,0.004499999999999997,-0.029499999999999995,0.016999999999999998,150.0,234.38,8.27,184.62,351.51900005340576,0.034499999999999996,0.017499999999999998,0.034499999999999996,0.025
2026-10-01T16:53:00+00:00,1790873580,951,Will the Democratic Party win the Idaho Senate?,26969987183147691459735958550527481658991321979903347263530424157323143990437,0.005,0.03,0.017499999999999998,0.024999999999999998,17.475549936294556,0.01,0.059,0.034499999999999996,0.048999999999999995,10.059999942779541,0.004499999999999997,-0.029499999999999995,0.016999999999999998,150.0,234.38,8.27,184.62,45.204999923706055,0.034499999999999996,0.024999999999999998,0.034499999999999996,0.02
2026-10-01T16:54:00+00:00,1790873640,951,Will the Democratic Party win the Idaho Senate?,26969987183147691459735958550527481658991321979903347263530424157323143990437,0.005,0.045,0.024999999999999998,0.04,7.297075986862183,0.01,0.059,0.034499999999999996,0.048999999999999995,14.891000032424927,-0.010500000000000002,-0.029499999999999995,0.009499999999999998,150.0,234.38,8.27,184.62,49.90599989891052,0.034499999999999996,0.025,0.034499999999999996,0.02
2026-10-01T16:55:00+00:00,1790873700,951,Will the Democratic Party win the Idaho Senate?,26969987183147691459735958550527481658991321979903347263530424157323143990437,0.01,0.04,0.025,0.03,6.2547080516815186,0.01,0.059,0.034499999999999996,0.048999999999999995,18.796000003814697,-0.005500000000000005,-0.024499999999999994,0.009499999999999995,150.0,234.38,8.27,204.62,47.55900001525879,0.034499999999999996,0.025,,
2026-10-01T16:56:00+00:00,1790873760,951,Will the Democratic Party win the Idaho Senate?,26969987183147691459735958550527481658991321979903347263530424157323143990437,0.01,0.04,0.025,0.03,24.895549058914185,0.01,0.059,0.034499999999999996,0.048999999999999995,1.9019999504089355,-0.005500000000000005,-0.024499999999999994,0.009499999999999995,150.0,234.38,8.27,184.62,59.776999950408936,0.034499999999999996,0.025,,
2026-10-01T16:57:00+00:00,1790873820,951,Will the Democratic Party win the Idaho Senate?,26969987183147691459735958550527481658991321979903347263530424157323143990437,0.01,0.04,0.025,0.03,28.78254008293152,0.01,0.059,0.034499999999999996,0.048999999999999995,2.677000045776367,-0.005500000000000005,-0.024499999999999994,0.009499999999999995,150.0,234.38,8.27,184.62,54.134000062942505,0.034499999999999996,0.02,,
2026-10-01T16:58:00+00:00,1790873880,951,Will the Democratic Party win the Idaho Senate?,26969987183147691459735958550527481658991321979903347263530424157323143990437,0.01,0.03,0.02,0.019999999999999997,16.677002906799316,0.01,0.059,0.034499999999999996,0.048999999999999995,1.4200000762939453,0.004499999999999997,-0.024499999999999994,0.014499999999999996,150.0,234.38,8.27,165.62,1.4200000762939453,0.034499999999999996,0.02,,
2026-10-01T16:59:00+00:00,1790873940,951,Will the Democratic Party win the Idaho Senate?,26969987183147691459735958550527481658991321979903347263530424157323143990437,0.01,0.03,0.02,0.019999999999999997,8.352503061294556,0.01,0.059,0.034499999999999996,0.048999999999999995,17.32100009918213,0.004499999999999997,-0.024499999999999994,0.014499999999999996,150.0,234.38,8.27,165.62,61.420000076293945,,,,
2026-10-01T17:00:00+00:00,1790874000,951,Will the Democratic Party win the Idaho Senate?,26969987183147691459735958550527481658991321979903347263530424157323143990437,0.005,0.03,0.017499999999999998,0.024999999999999998,4.83417010307312,0.01,0.059,0.034499999999999996,0.048999999999999995,13.555999994277954,0.004499999999999997,-0.029499999999999995,0.016999999999999998,150.0,234.38,8.27,184.62,33.7739999294281,,,,
2026-10-01T16:31:00+00:00,1790872260,954,Will the Republican Party win the Illinois Senate?,56765588204201084977296214813794816397795777146174349891684399699640242192062,0.005,0.025,0.015000000000000001,0.02,23.71093511581421,0.006,0.026,0.016,0.019999999999999997,32.569000005722046,-0.009000000000000001,-0.011,0.0009999999999999992,150.0,1084.99,5.99,200.99,32.569000005722046,0.016,0.0175,0.016,0.015000000000000001
2026-10-01T16:32:00+00:00,1790872320,954,Will the Republican Party win the Illinois Senate?,56765588204201084977296214813794816397795777146174349891684399699640242192062,0.01,0.025,0.0175,0.015000000000000001,11.408711910247803,0.006,0.026,0.016,0.019999999999999997,92.56900000572205,-0.009000000000000001,-0.006,0.0015000000000000013,150.0,1084.99,5.99,200.99,92.56900000572205,0.016,0.015000000000000001,0.016,0.0175
2026-10-01T16:33:00+00:00,1790872380,954,Will the Republican Party win the Illinois Senate?,56765588204201084977296214813794816397795777146174349891684399699640242192062,0.005,0.025,0.015000000000000001,0.02,9.566899061203003,0.006,0.026,0.016,0.019999999999999997,13.502000093460083,-0.009000000000000001,-0.011,0.0009999999999999992,150.0,1084.99,5.99,168.99,13.502000093460083,0.016,0.015000000000000001,0.016,0.0175
2026-10-01T16:34:00+00:00,1790872440,954,Will the Republican Party win the Illinois Senate?,56765588204201084977296214813794816397795777146174349891684399699640242192062,0.005,0.025,0.015000000000000001,0.02,3.4191091060638428,0.006,0.026,0.016,0.019999999999999997,38.83899998664856,-0.009000000000000001,-0.011,0.0009999999999999992,150.0,1084.99,5.99,168.99,38.83899998664856,0.016,0.015000000000000001,0.016,0.0175
2026-10-01T16:35:00+00:00,1790872500,954,Will the Republican Party win the Illinois Senate?,56765588204201084977296214813794816397795777146174349891684399699640242192062,0.005,0.025,0.015000000000000001,0.02,11.630949020385742,0.006,0.026,0.016,0.019999999999999997,39.289000034332275,-0.009000000000000001,-0.011,0.0009999999999999992,150.0,1084.99,5.99,165.99,39.289000034332275,0.016,0.015000000000000001,0.016,0.0175
2026-10-01T16:36:00+00:00,1790872560,954,Will the Republican Party win the Illinois Senate?,56765588204201084977296214813794816397795777146174349891684399699640242192062,0.005,0.025,0.015000000000000001,0.02,6.830513000488281,0.006,0.026,0.016,0.019999999999999997,33.21900010108948,-0.009000000000000001,-0.011,0.0009999999999999992,150.0,1084.99,5.99,165.99,33.21900010108948,0.016,0.0175,0.016,0.02
2026-10-01T16:37:00+00:00,1790872620,954,Will the Republican Party win the Illinois Senate?,56765588204201084977296214813794816397795777146174349891684399699640242192062,0.01,0.025,0.0175,0.015000000000000001,13.205377101898193,0.006,0.026,0.016,0.019999999999999997,93.21900010108948,-0.009000000000000001,-0.006,0.0015000000000000013,150.0,1084.99,5.99,165.99,93.21900010108948,0.016,0.0175,0.016,0.02
2026-10-01T16:38:00+00:00,1790872680,954,Will the Republican Party win the Illinois Senate?,56765588204201084977296214813794816397795777146174349891684399699640242192062,0.01,0.025,0.0175,0.015000000000000001,16.316895961761475,0.006,0.026,0.016,0.019999999999999997,20.33299994468689,-0.009000000000000001,-0.006,0.0015000000000000013,150.0,1084.99,5.99,165.99,20.33299994468689,0.016,0.0175,0.016,0.02
2026-10-01T16:39:00+00:00,1790872740,954,Will the Republican Party win the Illinois Senate?,56765588204201084977296214813794816397795777146174349891684399699640242192062,0.01,0.025,0.0175,0.015000000000000001,14.67904806137085,0.006,0.026,0.016,0.019999999999999997,51.67300009727478,-0.009000000000000001,-0.006,0.0015000000000000013,150.0,1084.99,5.99,360.99,51.67300009727478,0.016,0.0175,0.016,0.02
2026-10-01T16:40:00+00:00,1790872800,954,Will the Republican Party win the Illinois Senate?,56765588204201084977296214813794816397795777146174349891684399699640242192062,0.01,0.025,0.0175,0.015000000000000001,2.6969070434570312,0.006,0.026,0.016,0.019999999999999997,32.40499997138977,-0.009000000000000001,-0.006,0.0015000000000000013,150.0,1084.99,5.99,360.99,111.67300009727478,0.016,0.02,0.016,0.02
2026-10-01T16:41:00+00:00,1790872860,954,Will the Republican Party win the Illinois Senate?,56765588204201084977296214813794816397795777146174349891684399699640242192062,0.015,0.025,0.02,0.010000000000000002,9.860277891159058,0.006,0.026,0.016,0.019999999999999997,55.06500005722046,-0.009000000000000001,-0.0010000000000000009,0.004,150.0,1084.99,5.99,165.99,55.06500005722046,0.016,0.02,0.016,0.0175
2026-10-01T16:42:00+00:00,1790872920,954,Will the Republican Party win the Illinois Senate?,56765588204201084977296214813794816397795777146174349891684399699640242192062,0.015,0.025,0.02,0.010000000000000002,38.63783597946167,0.006,0.026,0.016,0.019999999999999997,6.006999969482422,-0.009000000000000001,-0.0010000000000000009,0.004,150.0,1084.99,5.99,165.99,115.06500005722046,0.016,0.02,0.016,0.0175
2026-10-01T16:43:00+00:00,1790872980,954,Will the Republican Party win the Illinois Senate?,56765588204201084977296214813794816397795777146174349891684399699640242192062,0.015,0.025,0.02,0.010000000000000002,11.439251899719238,0.006,0.026,0.016,0.019999999999999997,49.10700011253357,-0.009000000000000001,-0.0010000000000000009,0.004,150.0,1084.99,5.99,377.99,49.10700011253357,0.016,0.02,0.016,0.0175
2026-10-01T16:44:00+00:00,1790873040,954,Will the Republican Party win the Illinois Senate?,56765588204201084977296214813794816397795777146174349891684399699640242192062,0.015,0.025,0.02,0.010000000000000002,22.920314073562622,0.006,0.026,0.016,0.019999999999999997,47.71399998664856,-0.009000000000000001,-0.0010000000000000009,0.004,150.0,1084.99,5.99,165.99,47.71399998664856,0.016,0.02,0.016,0.0175
2026-10-01T16:45:00+00:00,1790873100,954,Will the Republican Party win the Illinois Senate?,56765588204201084977296214813794816397795777146174349891684399699640242192062,0.015,0.025,0.02,0.010000000000000002,10.873110055923462,0.006,0.026,0.016,0.019999999999999997,16.249000072479248,-0.009000000000000001,-0.0010000000000000009,0.004,150.0,1084.99,5.99,162.17000000000002,16.249000072479248,0.016,0.0175,0.016,0.0175
2026-10-01T16:46:00+00:00,1790873160,954,Will the Republican Party win the Illinois Senate?,56765588204201084977296214813794816397795777146174349891684399699640242192062,0.01,0.025,0.0175,0.015000000000000001,9.245368003845215,0.006,0.026,0.016,0.019999999999999997,34.63000011444092,-0.009000000000000001,-0.006,0.0015000000000000013,150.0,1084.99,5.99,137.17,34.63000011444092,0.016,0.0175,0.016,0.0175
2026-10-01T16:47:00+00:00,1790873220,954,Will the Republican Party win the Illinois Senate?,56765588204201084977296214813794816397795777146174349891684399699640242192062,0.01,0.025,0.0175,0.015000000000000001,2.3287100791931152,0.006,0.026,0.016,0.019999999999999997,0.502000093460083,-0.009000000000000001,-0.006,0.0015000000000000013,150.0,1084.99,5.99,154.27,0.502000093460083,0.016,0.0175,0.016,0.02
2026-10-01T16:48:00+00:00,1790873280,954,Will the Republican Party win the Illinois Senate?,56765588204201084977296214813794816397795777146174349891684399699640242192062,0.01,0.025,0.0175,0.015000000000000001,15.565869092941284,0.006,0.026,0.016,0.019999999999999997,14.635999917984009,-0.009000000000000001,-0.006,0.0015000000000000013,150.0,1084.99,5.99,154.27,14.635999917984009,0.016,0.0175,0.016,0.02
2026-10-01T16:49:00+00:00,1790873340,954,Will the Republican Party win the Illinois Senate?,56765588204201084977296214813794816397795777146174349891684399699640242192062,0.01,0.025,0.0175,0.015000000000000001,17.62919306755066,0.006,0.026,0.016,0.019999999999999997,24.71499991416931,-0.009000000000000001,-0.006,0.0015000000000000013,150.0,1084.99,5.99,154.27,74.63599991798401,0.016,0.0175,0.016,0.02
2026-10-01T16:50:00+00:00,1790873400,954,Will the Republican Party win the Illinois Senate?,56765588204201084977296214813794816397795777146174349891684399699640242192062,0.01,0.025,0.0175,0.015000000000000001,8.579324960708618,0.006,0.026,0.016,0.019999999999999997,37.48300004005432,-0.009000000000000001,-0.006,0.0015000000000000013,150.0,1084.99,5.99,154.27,40.69799995422363,0.016,0.0175,0.016,0.015000000000000001
2026-10-01T16:51:00+00:00,1790873460,954,Will the Republican Party win the Illinois Senate?,56765588204201084977296214813794816397795777146174349891684399699640242192062,0.01,0.025,0.0175,0.015000000000000001,21.058850049972534,0.006,0.026,0.016,0.019999999999999997,59.223000049591064,-0.009000000000000001,-0.006,0.0015000000000000013,150.0,1084.99,5.99,154.27,59.223000049591064,0.016,0.02,,0.0175
2026-10-01T16:52:00+00:00,1790873520,954,Will the Republican Party win the Illinois Senate?,56765588204201084977296214813794816397795777146174349891684399699640242192062,0.015,0.025,0.02,0.010000000000000002,9.070883989334106,0.006,0.026,0.016,0.019999999999999997,29.479000091552734,-0.009000000000000001,-0.0010000000000000009,0.004,150.0,1084.99,5.99,154.27,29.479000091552734,0.016,0.02,,0.0175
2026-10-01T16:53:00+00:00,1790873580,954,Will the Republican Party win the Illinois Senate?,56765588204201084977296214813794816397795777146174349891684399699640242192062,0.015,0.025,0.02,0.010000000000000002,17.475549936294556,0.006,0.026,0.016,0.019999999999999997,89.47900009155273,-0.009000000000000001,-0.0010000000000000009,0.004,150.0,1084.99,5.99,154.27,89.47900009155273,0.016,0.02,,0.0175
2026-10-01T16:54:00+00:00,1790873640,954,Will the Republican Party win the Illinois Senate?,56765588204201084977296214813794816397795777146174349891684399699640242192062,0.015,0.025,0.02,0.010000000000000002,7.297075986862183,0.006,0.026,0.016,0.019999999999999997,149.47900009155273,-0.009000000000000001,-0.0010000000000000009,0.004,150.0,1084.99,5.99,154.27,149.47900009155273,0.016,0.015000000000000001,,0.0175
2026-10-01T16:55:00+00:00,1790873700,954,Will the Republican Party win the Illinois Senate?,56765588204201084977296214813794816397795777146174349891684399699640242192062,0.005,0.025,0.015000000000000001,0.02,6.2547080516815186,0.006,0.026,0.016,0.019999999999999997,25.5,-0.009000000000000001,-0.011,0.0009999999999999992,150.0,1084.99,5.99,260.99,25.5,,0.0175,,
2026-10-01T16:56:00+00:00,1790873760,954,Will the Republican Party win the Illinois Senate?,56765588204201084977296214813794816397795777146174349891684399699640242192062,0.01,0.025,0.0175,0.015000000000000001,24.895549058914185,0.006,0.026,0.016,0.019999999999999997,22.457000017166138,-0.009000000000000001,-0.006,0.0015000000000000013,150.0,1084.99,5.99,154.27,22.457000017166138,,0.0175,,
2026-10-01T16:57:00+00:00,1790873820,954,Will the Republican Party win the Illinois Senate?,56765588204201084977296214813794816397795777146174349891684399699640242192062,0.01,0.025,0.0175,0.015000000000000001,28.78254008293152,0.006,0.026,0.016,0.019999999999999997,82.45700001716614,-0.009000000000000001,-0.006,0.0015000000000000013,150.0,1084.99,5.99,154.27,82.45700001716614,,0.0175,,
2026-10-01T16:58:00+00:00,1790873880,954,Will the Republican Party win the Illinois Senate?,56765588204201084977296214813794816397795777146174349891684399699640242192062,0.01,0.025,0.0175,0.015000000000000001,16.677002906799316,0.006,0.026,0.016,0.019999999999999997,142.45700001716614,-0.009000000000000001,-0.006,0.0015000000000000013,150.0,1084.99,5.99,154.27,142.45700001716614,,0.0175,,
2026-10-01T16:59:00+00:00,1790873940,954,Will the Republican Party win the Illinois Senate?,56765588204201084977296214813794816397795777146174349891684399699640242192062,0.01,0.025,0.0175,0.015000000000000001,8.352503061294556,0.006,0.026,0.016,0.019999999999999997,202.45700001716614,-0.009000000000000001,-0.006,0.0015000000000000013,150.0,1084.99,5.99,154.27,202.45700001716614,,,,
2026-10-01T17:00:00+00:00,1790874000,954,Will the Republican Party win the Illinois Senate?,56765588204201084977296214813794816397795777146174349891684399699640242192062,0.01,0.025,0.0175,0.015000000000000001,4.83417010307312,0.006,0.026,0.016,0.019999999999999997,262.45700001716614,-0.009000000000000001,-0.006,0.0015000000000000013,150.0,1084.99,5.99,154.27,262.45700001716614,,,,
2026-10-01T16:31:00+00:00,1790872260,955,Will the Democratic Party win the Kentucky Senate?,92135384965904991509310221180450749977918144194214948401037138387071762157764,0.04,0.07,0.05500000000000001,0.030000000000000006,23.71093511581421,0.005,0.027,0.016,0.022,46.83800005912781,-0.054000000000000006,0.024,0.03900000000000001,135.0,1010.33,20.88,138.37,46.83800005912781,0.016,0.05500000000000001,0.016,0.0475
2026-10-01T16:32:00+00:00,1790872320,955,Will the Democratic Party win the Kentucky Senate?,92135384965904991509310221180450749977918144194214948401037138387071762157764,0.04,0.07,0.05500000000000001,0.030000000000000006,11.408711910247803,0.005,0.027,0.016,0.022,44.575000047683716,-0.054000000000000006,0.024,0.03900000000000001,135.0,1010.33,20.88,138.37,44.575000047683716,0.016,0.5025,0.016,0.045
2026-10-01T16:33:00+00:00,1790872380,955,Will the Democratic Party win the Kentucky Senate?,92135384965904991509310221180450749977918144194214948401037138387071762157764,0.04,0.965,0.5025,0.9249999999999999,9.566899061203003,0.005,0.027,0.016,0.022,104.57500004768372,-0.949,0.024,0.48649999999999993,135.0,1010.33,20.88,138.37,104.57500004768372,0.016,0.4975,0.016,0.057499999999999996
2026-10-01T16:34:00+00:00,1790872440,955,Will the Democratic Party win the Kentucky Senate?,92135384965904991509310221180450749977918144194214948401037138387071762157764,0.04,0.955,0.4975,0.9149999999999999,3.4191091060638428,0.005,0.027,0.016,0.022,49.40499997138977,-0.939,0.024,0.4815,135.0,1010.33,20.88,138.37,49.40499997138977,0.016,0.045,0.016,0.505
2026-10-01T16:35:00+00:00,1790872500,955,Will the Democratic Party win the Kentucky Senate?,92135384965904991509310221180450749977918144194214948401037138387071762157764,0.04,0.05,0.045,0.010000000000000002,11.630949020385742,0.005,0.027,0.016,0.022,109.40499997138977,-0.034,0.024,0.028999999999999998,135.0,1010.33,20.88,138.37,109.40499997138977,0.016,0.0475,0.016,0.19
2026-10-01T16:36:00+00:00,1790872560,955,Will the Democratic Party win the Kentucky Senate?,92135384965904991509310221180450749977918144194214948401037138387071762157764,0.045,0.05,0.0475,0.0050000000000000044,6.830513000488281,0.005,0.027,0.016,0.022,21.104000091552734,-0.034,0.028999999999999998,0.0315,135.0,1010.33,20.88,138.37,21.104000091552734,0.016,0.045,0.016,0.1875
2026-10-01T16:37:00+00:00,1790872620,955,Will the Democratic Party win the Kentucky Senate?,92135384965904991509310221180450749977918144194214948401037138387071762157764,0.04,0.05,0.045,0.010000000000000002,13.205377101898193,0.005,0.027,0.016,0.022,4.117000102996826,-0.034,0.024,0.028999999999999998,135.0,1010.33,20.88,138.37,4.117000102996826,0.016,0.057499999999999996,0.016,0.1875
2026-10-01T16:38:00+00:00,1790872680,955,Will the Democratic Party win the Kentucky Senate?,92135384965904991509310221180450749977918144194214948401037138387071762157764,0.04,0.075,0.057499999999999996,0.034999999999999996,16.316895961761475,0.005,0.027,0.016,0.022,64.11700010299683,-0.059,0.024,0.041499999999999995,135.0,1010.33,20.88,138.37,64.11700010299683,0.016,0.505,0.016,0.1875
2026-10-01T16:39:00+00:00,1790872740,955,Will the Democratic Party win the Kentucky Senate?,92135384965904991509310221180450749977918144194214948401037138387071762157764,0.04,0.97,0.505,0.9299999999999999,14.67904806137085,0.005,0.027,0.016,0.022,4.63100004196167,-0.954,0.024,0.489,135.0,1010.33,20.88,138.37,4.63100004196167,0.016,0.19,0.016,0.18
2026-10-01T16:40:00+00:00,1790872800,955,Will the Democratic Party win the Kentucky Senate?,92135384965904991509310221180450749977918144194214948401037138387071762157764,0.04,0.34,0.19,0.30000000000000004,2.6969070434570312,0.005,0.027,0.016,0.022,24.55999994277954,-0.324,0.024,0.174,135.0,1010.33,20.88,138.37,64.63100004196167,0.016,0.1875,0.016,0.18
2026-10-01T16:41:00+00:00,1790872860,955,Will the Democratic Party win the Kentucky Senate?,92135384965904991509310221180450749977918144194214948401037138387071762157764,0.04,0.335,0.1875,0.29500000000000004,9.860277891159058,0.005,0.027,0.016,0.022,48.9210000038147,-0.319,0.024,0.17149999999999999,135.0,1010.33,20.88,138.37,48.9210000038147,0.016,0.1875,0.016,0.1775
2026-10-01T16:42:00+00:00,1790872920,955,Will the Democratic Party win the Kentucky Senate?,92135384965904991509310221180450749977918144194214948401037138387071762157764,0.04,0.335,0.1875,0.29500000000000004,38.63783597946167,0.005,0.027,0.016,0.022,10.335999965667725,-0.319,0.024,0.17149999999999999,135.0,1010.33,20.88,138.37,10.335999965667725,0.016,0.1875,0.016,0.0775
2026-10-01T16:43:00+00:00,1790872980,955,Will the Democratic Party win the Kentucky Senate?,92135384965904991509310221180450749977918144194214948401037138387071762157764,0.045,0.33,0.1875,0.28500000000000003,11.439251899719238,0.005,0.027,0.016,0.022,70.33599996566772,-0.314,0.028999999999999998,0.17149999999999999,135.0,1010.33,20.88,138.37,70.33599996566772,0.016,0.18,0.016,0.0725
2026-10-01T16:44:00+00:00,1790873040,955,Will the Democratic Party win the Kentucky Senate?,92135384965904991509310221180450749977918144194214948401037138387071762157764,0.04,0.32,0.18,0.28,22.920314073562622,0.005,0.027,0.016,0.022,130.33599996566772,-0.304,0.024,0.16399999999999998,135.0,1010.33,20.88,138.37,130.33599996566772,0.016,0.18,0.016,0.0725
2026-10-01T16:45:00+00:00,1790873100,955,Will the Democratic Party win the Kentucky Senate?,92135384965904991509310221180450749977918144194214948401037138387071762157764,0.045,0.315,0.18,0.27,10.873110055923462,0.005,0.027,0.016,0.022,8.730000019073486,-0.299,0.028999999999999998,0.16399999999999998,135.0,1010.33,20.88,138.37,8.730000019073486,0.016,0.1775,0.016,0.0625
2026-10-01T16:46:00+00:00,1790873160,955,Will the Democratic Party win the Kentucky Senate?,92135384965904991509310221180450749977918144194214948401037138387071762157764,0.045,0.31,0.1775,0.265,9.245368003845215,0.005,0.027,0.016,0.022,1.569000005722046,-0.294,0.028999999999999998,0.16149999999999998,135.0,1010.33,20.88,138.37,1.569000005722046,0.016,0.0775,0.016,0.06
2026-10-01T16:47:00+00:00,1790873220,955,Will the Democratic Party win the Kentucky Senate?,92135384965904991509310221180450749977918144194214948401037138387071762157764,0.045,0.11,0.0775,0.065,2.3287100791931152,0.005,0.027,0.016,0.022,61.569000005722046,-0.094,0.028999999999999998,0.0615,135.0,1010.33,20.88,138.37,61.569000005722046,0.016,0.0725,0.016,0.06
2026-10-01T16:48:00+00:00,1790873280,955,Will the Democratic Party win the Kentucky Senate?,92135384965904991509310221180450749977918144194214948401037138387071762157764,0.04,0.105,0.0725,0.065,15.565869092941284,0.005,0.027,0.016,0.022,45.31599998474121,-0.089,0.024,0.056499999999999995,135.0,1010.33,20.88,138.37,45.31599998474121,0.016,0.0725,0.016,0.057499999999999996
2026-10-01T16:49:00+00:00,1790873340,955,Will the Democratic Party win the Kentucky Senate?,92135384965904991509310221180450749977918144194214948401037138387071762157764,0.04,0.105,0.0725,0.065,17.62919306755066,0.005,0.027,0.016,0.022,105.31599998474121,-0.089,0.024,0.056499999999999995,135.0,1010.33,20.88,138.37,105.31599998474121,0.016,0.0625,0.016,0.057499999999999996
2026-10-01T16:50:00+00:00,1790873400,955,Will the Democratic Party win the Kentucky Senate?,92135384965904991509310221180450749977918144194214948401037138387071762157764,0.04,0.085,0.0625,0.045000000000000005,8.579324960708618,0.005,0.027,0.016,0.022,165.3159999847412,-0.069,0.024,0.0465,135.0,1010.33,20.88,138.37,165.3159999847412,0.016,0.06,0.016,0.057499999999999996
2026-10-01T16:51:00+00:00,1790873460,955,Will the Democratic Party win the Kentucky Senate?,92135384965904991509310221180450749977918144194214948401037138387071762157764,0.04,0.08,0.06,0.04,21.058850049972534,0.005,0.027,0.016,0.022,53.91300010681152,-0.064,0.024,0.044,135.0,1010.33,20.88,138.37,53.91300010681152,0.016,0.06,0.016,0.057499999999999996
2026-10-01T16:52:00+00:00,1790873520,955,Will the Democratic Party win the Kentucky Senate?,92135384965904991509310221180450749977918144194214948401037138387071762157764,0.04,0.08,0.06,0.04,9.070883989334106,0.005,0.027,0.016,0.022,113.91300010681152,-0.064,0.024,0.044,135.0,1010.33,20.88,138.37,113.91300010681152,0.016,0.057499999999999996,0.016,0.057499999999999996
2026-10-01T16:53:00+00:00,1790873580,955,Will the Democratic Party win the Kentucky Senate?,92135384965904991509310221180450749977918144194214948401037138387071762157764,0.04,0.075,0.057499999999999996,0.034999999999999996,17.475549936294556,0.005,0.027,0.016,0.022,5.421000003814697,-0.059,0.024,0.041499999999999995,135.0,1010.33,20.88,138.37,173.91300010681152,0.016,0.057499999999999996,0.016,0.057499999999999996
2026-10-01T16:54:00+00:00,1790873640,955,Will the Democratic Party win the Kentucky Senate?,92135384965904991509310221180450749977918144194214948401037138387071762157764,0.04,0.075,0.057499999999999996,0.034999999999999996,7.297075986862183,0.005,0.027,0.016,0.022,4.634999990463257,-0.059,0.024,0.041499999999999995,135.0,1010.33,20.88,138.37,46.65400004386902,0.016,0.057499999999999996,,0.057499999999999996
2026-10-01T16:55:00+00:00,1790873700,955,Will the Democratic Party win the Kentucky Senate?,92135384965904991509310221180450749977918144194214948401037138387071762157764,0.04,0.075,0.057499999999999996,0.034999999999999996,6.2547080516815186,0.005,0.027,0.016,0.022,44.28600001335144,-0.059,0.024,0.041499999999999995,135.0,1010.33,20.88,138.37,44.28600001335144,0.016,0.057499999999999996,,
2026-10-01T16:56:00+00:00,1790873760,955,Will the Democratic Party win the Kentucky Senate?,92135384965904991509310221180450749977918144194214948401037138387071762157764,0.04,0.075,0.057499999999999996,0.034999999999999996,24.895549058914185,0.005,0.027,0.016,0.022,24.471999883651733,-0.059,0.024,0.041499999999999995,135.0,1010.33,20.88,138.37,54.63700008392334,0.016,0.057499999999999996,,
2026-10-01T16:57:00+00:00,1790873820,955,Will the Democratic Party win the Kentucky Senate?,92135384965904991509310221180450749977918144194214948401037138387071762157764,0.04,0.075,0.057499999999999996,0.034999999999999996,28.78254008293152,0.005,0.027,0.016,0.022,24.569000005722046,-0.059,0.024,0.041499999999999995,135.0,1010.33,20.88,138.37,38.7279999256134,0.016,0.057499999999999996,,
2026-10-01T16:58:00+00:00,1790873880,955,Will the Democratic Party win the Kentucky Senate?,92135384965904991509310221180450749977918144194214948401037138387071762157764,0.04,0.075,0.057499999999999996,0.034999999999999996,16.677002906799316,0.005,0.027,0.016,0.022,32.96199989318848,-0.059,0.024,0.041499999999999995,135.0,1010.33,20.88,138.37,32.96199989318848,,0.057499999999999996,,
2026-10-01T16:59:00+00:00,1790873940,955,Will the Democratic Party win the Kentucky Senate?,92135384965904991509310221180450749977918144194214948401037138387071762157764,0.04,0.075,0.057499999999999996,0.034999999999999996,8.352503061294556,0.005,0.027,0.016,0.022,24.818000078201294,-0.059,0.024,0.041499999999999995,135.0,1010.33,20.88,138.37,24.818000078201294,,,,
2026-10-01T17:00:00+00:00,1790874000,955,Will the Democratic Party win the Kentucky Senate?,92135384965904991509310221180450749977918144194214948401037138387071762157764,0.04,0.075,0.057499999999999996,0.034999999999999996,4.83417010307312,0.005,0.027,0.016,0.022,84.8180000782013,-0.059,0.024,0.041499999999999995,135.0,1010.33,20.88,138.37,84.8180000782013,,,,
2026-10-01T16:31:00+00:00,1790872260,957,Will the Democratic Party win the Louisiana Senate?,80536528552003281640741026890878925456783654983296822683495274364289350034456,0.065,0.095,0.08,0.03,23.71093511581421,0.06,0.07,0.065,0.010000000000000009,3.882999897003174,-0.03,0.0,0.015,1108.99,24062.510000000002,908.96,19480.37,3.882999897003174,0.065,0.08499999999999999,0.065,0.065
2026-10-01T16:32:00+00:00,1790872320,957,Will the Democratic Party win the Louisiana Senate?,80536528552003281640741026890878925456783654983296822683495274364289350034456,0.075,0.095,0.08499999999999999,0.020000000000000004,11.408711910247803,0.06,0.07,0.065,0.010000000000000009,2.244999885559082,-0.03,0.009999999999999995,0.01999999999999999,1108.99,24062.510000000002,908.96,19480.37,2.244999885559082,0.065,0.0675,0.065,0.065
2026-10-01T16:33:00+00:00,1790872380,957,Will the Democratic Party win the Louisiana Senate?,80536528552003281640741026890878925456783654983296822683495274364289350034456,0.065,0.07,0.0675,0.0050000000000000044,9.566899061203003,0.06,0.07,0.065,0.010000000000000009,1.9600000381469727,-0.0050000000000000044,0.0,0.0025000000000000022,1088.99,23635.010000000002,888.96,19346.91,1.9600000381469727,0.065,0.08,0.065,0.0775
2026-10-01T16:34:00+00:00,1790872440,957,Will the Democratic Party win the Louisiana Senate?,80536528552003281640741026890878925456783654983296822683495274364289350034456,0.06,0.1,0.08,0.04000000000000001,3.4191091060638428,0.06,0.07,0.065,0.010000000000000009,5.882999897003174,-0.035,-0.0050000000000000044,0.015,1088.99,24105.010000000002,888.96,17399.43,5.882999897003174,0.065,0.07250000000000001,0.065,0.0775
2026-10-01T16:35:00+00:00,1790872500,957,Will the Democratic Party win the Louisiana Senate?,80536528552003281640741026890878925456783654983296822683495274364289350034456,0.06,0.085,0.07250000000000001,0.02500000000000001,11.630949020385742,0.06,0.07,0.065,0.010000000000000009,2.8929998874664307,-0.020000000000000004,-0.0050000000000000044,0.007500000000000007,1088.99,24145.010000000002,888.96,19194.43,2.8929998874664307,0.065,0.065,0.065,0.057499999999999996
2026-10-01T16:36:00+00:00,1790872560,957,Will the Democratic Party win the Louisiana Senate?,80536528552003281640741026890878925456783654983296822683495274364289350034456,0.06,0.07,0.065,0.010000000000000009,6.830513000488281,0.06,0.07,0.065,0.010000000000000009,6.9730000495910645,-0.0050000000000000044,-0.0050000000000000044,0.0,1088.99,24145.010000000002,888.96,19194.43,62.89299988746643,0.065,0.065,0.065,0.075
2026-10-01T16:37:00+00:00,1790872620,957,Will the Democratic Party win the Louisiana Senate?,80536528552003281640741026890878925456783654983296822683495274364289350034456,0.06,0.07,0.065,0.010000000000000009,13.205377101898193,0.06,0.07,0.065,0.010000000000000009,18.049000024795532,-0.0050000000000000044,-0.0050000000000000044,0.0,1108.99,25158.760000000002,908.96,17140.64,18.049000024795532,0.065,0.0775,0.065,0.0675
2026-10-01T16:38:00+00:00,1790872680,957,Will the Democratic Party win the Louisiana Senate?,80536528552003281640741026890878925456783654983296822683495274364289350034456,0.06,0.095,0.0775,0.035,16.316895961761475,0.06,0.07,0.065,0.010000000000000009,14.030999898910522,-0.03,-0.0050000000000000044,0.012499999999999997,1108.99,25158.760000000002,908.96,17210.64,14.030999898910522,0.065,0.0775,0.065,0.0725
2026-10-01T16:39:00+00:00,1790872740,957,Will the Democratic Party win the Louisiana Senate?,80536528552003281640741026890878925456783654983296822683495274364289350034456,0.06,0.095,0.0775,0.035,14.67904806137085,0.06,0.07,0.065,0.010000000000000009,1.8499999046325684,-0.03,-0.0050000000000000044,0.012499999999999997,1108.99,25158.760000000002,908.96,17210.64,74.03099989891052,0.065,0.057499999999999996,0.065,0.0475
2026-10-01T16:40:00+00:00,1790872800,957,Will the Democratic Party win the Louisiana Senate?,80536528552003281640741026890878925456783654983296822683495274364289350034456,0.055,0.06,0.057499999999999996,0.0049999999999999975,2.6969070434570312,0.06,0.07,0.065,0.010000000000000009,3.0450000762939453,0.0050000000000000044,-0.010000000000000002,0.007500000000000007,1108.99,24278.760000000002,908.96,16439.61,59.18600010871887,0.065,0.075,0.065,0.065
2026-10-01T16:41:00+00:00,1790872860,957,Will the Democratic Party win the Louisiana Senate?,80536528552003281640741026890878925456783654983296822683495274364289350034456,0.055,0.095,0.075,0.04,9.860277891159058,0.06,0.07,0.065,0.010000000000000009,3.5739998817443848,-0.03,-0.010000000000000002,0.009999999999999995,1108.99,23435.010000000002,908.96,17930.260000000002,3.5739998817443848,0.065,0.0675,0.065,0.065
2026-10-01T16:42:00+00:00,1790872920,957,Will the Democratic Party win the Louisiana Senate?,80536528552003281640741026890878925456783654983296822683495274364289350034456,0.055,0.08,0.0675,0.025,38.63783597946167,0.06,0.07,0.065,0.010000000000000009,1.2890000343322754,-0.015,-0.010000000000000002,0.0025000000000000022,1108.99,23435.010000000002,908.96,17930.260000000002,63.573999881744385,0.065,0.0725,0.065,0.065
2026-10-01T16:43:00+00:00,1790872980,957,Will the Democratic Party win the Louisiana Senate?,80536528552003281640741026890878925456783654983296822683495274364289350034456,0.055,0.09,0.0725,0.034999999999999996,11.439251899719238,0.06,0.07,0.065,0.010000000000000009,0.8640000820159912,-0.024999999999999994,-0.010000000000000002,0.007499999999999993,1108.99,23415.010000000002,908.96,16864.010000000002,0.8640000820159912,0.065,0.0475,0.065,0.065
2026-10-01T16:44:00+00:00,1790873040,957,Will the Democratic Party win the Louisiana Senate?,80536528552003281640741026890878925456783654983296822683495274364289350034456,0.005,0.09,0.0475,0.08499999999999999,22.920314073562622,0.06,0.07,0.065,0.010000000000000009,8.288000106811523,-0.024999999999999994,-0.060000000000000005,0.0175,1108.99,23415.010000000002,908.96,16864.010000000002,60.86400008201599,0.065,0.065,0.065,0.0725
2026-10-01T16:45:00+00:00,1790873100,957,Will the Democratic Party win the Louisiana Senate?,80536528552003281640741026890878925456783654983296822683495274364289350034456,0.045,0.085,0.065,0.04000000000000001,10.873110055923462,0.06,0.07,0.065,0.010000000000000009,4.63100004196167,-0.020000000000000004,-0.020000000000000004,0.0,1108.99,23815.010000000002,908.96,16554.44,4.63100004196167,0.065,0.065,0.065,0.0725
2026-10-01T16:46:00+00:00,1790873160,957,Will the Democratic Party win the Louisiana Senate?,80536528552003281640741026890878925456783654983296822683495274364289350034456,0.045,0.085,0.065,0.04000000000000001,9.245368003845215,0.06,0.07,0.065,0.010000000000000009,9.058000087738037,-0.020000000000000004,-0.020000000000000004,0.0,1108.99,23815.010000000002,908.96,16954.44,9.058000087738037,0.065,0.065,0.065,0.075
2026-10-01T16:47:00+00:00,1790873220,957,Will the Democratic Party win the Louisiana Senate?,80536528552003281640741026890878925456783654983296822683495274364289350034456,0.05,0.08,0.065,0.03,2.3287100791931152,0.06,0.07,0.065,0.010000000000000009,0.0,-0.015,-0.015,0.0,1108.99,23815.010000000002,908.96,16954.44,69.05800008773804,0.065,0.065,0.065,0.0725
2026-10-01T16:48:00+00:00,1790873280,957,Will the Democratic Party win the Louisiana Senate?,80536528552003281640741026890878925456783654983296822683495274364289350034456,0.05,0.08,0.065,0.03,15.565869092941284,0.06,0.07,0.065,0.010000000000000009,3.0899999141693115,-0.015,-0.015,0.0,1108.99,23815.010000000002,808.96,16854.44,3.0899999141693115,0.065,0.0725,0.065,0.0725
2026-10-01T16:49:00+00:00,1790873340,957,Will the Democratic Party win the Louisiana Senate?,80536528552003281640741026890878925456783654983296822683495274364289350034456,0.055,0.09,0.0725,0.034999999999999996,17.62919306755066,0.06,0.07,0.065,0.010000000000000009,2.947000026702881,-0.024999999999999994,-0.010000000000000002,0.007499999999999993,1108.99,23815.010000000002,808.96,16854.44,63.08999991416931,0.065,0.0725,0.065,0.07
2026-10-01T16:50:00+00:00,1790873400,957,Will the Democratic Party win the Louisiana Senate?,80536528552003281640741026890878925456783654983296822683495274364289350034456,0.055,0.09,0.0725,0.034999999999999996,8.579324960708618,0.06,0.07,0.065,0.010000000000000009,0.6119999885559082,-0.024999999999999994,-0.010000000000000002,0.007499999999999993,1108.99,23815.010000000002,808.96,16160.77,43.23900008201599,0.065,0.075,0.065,0.0775
2026-10-01T16:51:00+00:00,1790873460,957,Will the Democratic Party win the Louisiana Senate?,80536528552003281640741026890878925456783654983296822683495274364289350034456,0.06,0.09,0.075,0.03,21.058850049972534,0.06,0.07,0.065,0.010000000000000009,10.999000072479248,-0.024999999999999994,-0.0050000000000000044,0.009999999999999995,1108.99,24473.760000000002,808.96,15610.210000000001,45.17700004577637,0.065,0.0725,0.065,0.0775
2026-10-01T16:52:00+00:00,1790873520,957,Will the Democratic Party win the Louisiana Senate?,80536528552003281640741026890878925456783654983296822683495274364289350034456,0.055,0.09,0.0725,0.034999999999999996,9.070883989334106,0.06,0.07,0.065,0.010000000000000009,0.9309999942779541,-0.024999999999999994,-0.010000000000000002,0.007499999999999993,1108.99,24913.760000000002,808.96,16005.45,44.2720000743866,0.065,0.0725,0.065,0.0775
2026-10-01T16:53:00+00:00,1790873580,957,Will the Democratic Party win the Louisiana Senate?,80536528552003281640741026890878925456783654983296822683495274364289350034456,0.055,0.09,0.0725,0.034999999999999996,17.475549936294556,0.06,0.07,0.065,0.010000000000000009,26.710000038146973,-0.024999999999999994,-0.010000000000000002,0.007499999999999993,1108.99,24975.23,808.96,15611.980000000001,43.375,0.065,0.07,0.065,0.0775
2026-10-01T16:54:00+00:00,1790873640,957,Will the Democratic Party win the Louisiana Senate?,80536528552003281640741026890878925456783654983296822683495274364289350034456,0.06,0.08,0.07,0.020000000000000004,7.297075986862183,0.06,0.07,0.065,0.010000000000000009,14.628000020980835,-0.015,-0.0050000000000000044,0.0050000000000000044,1108.99,24975.23,808.96,15756.980000000001,45.240999937057495,0.065,0.0775,0.065,0.07500000000000001
2026-10-01T16:55:00+00:00,1790873700,957,Will the Democratic Party win the Louisiana Senate?,80536528552003281640741026890878925456783654983296822683495274364289350034456,0.065,0.09,0.0775,0.024999999999999994,6.2547080516815186,0.06,0.07,0.065,0.010000000000000009,1.5840001106262207,-0.024999999999999994,0.0,0.012499999999999997,1108.99,24975.23,808.96,15839.95,33.3989999294281,0.065,0.0775,,
2026-10-01T16:56:00+00:00,1790873760,957,Will the Democratic Party win the Louisiana Senate?,80536528552003281640741026890878925456783654983296822683495274364289350034456,0.065,0.09,0.0775,0.024999999999999994,24.895549058914185,0.06,0.07,0.065,0.010000000000000009,5.0,-0.024999999999999994,0.0,0.012499999999999997,1108.99,24975.23,808.96,15847.100000000002,35.26799988746643,0.065,0.0775,,
2026-10-01T16:57:00+00:00,1790873820,957,Will the Democratic Party win the Louisiana Senate?,80536528552003281640741026890878925456783654983296822683495274364289350034456,0.065,0.09,0.0775,0.024999999999999994,28.78254008293152,0.06,0.07,0.065,0.010000000000000009,24.772000074386597,-0.024999999999999994,0.0,0.012499999999999997,1108.99,24975.23,808.96,15787.100000000002,42.33500003814697,0.065,0.0775,,
2026-10-01T16:58:00+00:00,1790873880,957,Will the Democratic Party win the Louisiana Senate?,80536528552003281640741026890878925456783654983296822683495274364289350034456,0.065,0.09,0.0775,0.024999999999999994,16.677002906799316,0.06,0.07,0.065,0.010000000000000009,8.223999977111816,-0.024999999999999994,0.0,0.012499999999999997,1088.99,24805.23,788.96,15767.100000000002,39.0,0.065,0.07500000000000001,,
2026-10-01T16:59:00+00:00,1790873940,957,Will the Democratic Party win the Louisiana Senate?,80536528552003281640741026890878925456783654983296822683495274364289350034456,0.065,0.085,0.07500000000000001,0.020000000000000004,8.352503061294556,0.06,0.07,0.065,0.010000000000000009,19.842999935150146,-0.020000000000000004,0.0,0.010000000000000009,1088.99,24955.23,548.96,17677.58,43.42799997329712,,,,
2026-10-01T17:00:00+00:00,1790874000,957,Will the Democratic Party win the Louisiana Senate?,80536528552003281640741026890878925456783654983296822683495274364289350034456,0.065,0.09,0.0775,0.024999999999999994,4.83417010307312,0.06,0.07,0.065,0.010000000000000009,0.47499990463256836,-0.024999999999999994,0.0,0.012499999999999997,1088.99,24955.23,788.96,17917.58,56.85199999809265,,,,
2026-10-01T16:31:00+00:00,1790872260,958,Will the Republican Party win the Louisiana Senate?,79597156840177168343562124064866301094619106642263695929345529947536386203124,0.915,0.935,0.925,0.020000000000000018,23.71093511581421,0.93,0.94,0.935,0.009999999999999898,19.877000093460083,0.0,-0.020000000000000018,0.010000000000000009,145.0,12840.25,5122.54,38530.04,19.877000093460083,0.935,0.925,0.935,0.9424999999999999
2026-10-01T16:32:00+00:00,1790872320,958,Will the Republican Party win the Louisiana Senate?,79597156840177168343562124064866301094619106642263695929345529947536386203124,0.915,0.935,0.925,0.020000000000000018,11.408711910247803,0.93,0.94,0.935,0.009999999999999898,2.244999885559082,0.0,-0.020000000000000018,0.010000000000000009,145.0,12840.25,4622.54,37980.04,2.244999885559082,0.935,0.945,0.935,0.9424999999999999
2026-10-01T16:33:00+00:00,1790872380,958,Will the Republican Party win the Louisiana Senate?,79597156840177168343562124064866301094619106642263695929345529947536386203124,0.94,0.95,0.945,0.010000000000000009,9.566899061203003,0.93,0.94,0.935,0.009999999999999898,1.9300000667572021,-0.014999999999999902,0.004999999999999893,0.009999999999999898,145.0,12590.25,4622.54,38670.04,1.9300000667572021,0.935,0.9325,0.935,0.9299999999999999
2026-10-01T16:34:00+00:00,1790872440,958,Will the Republican Party win the Louisiana Senate?,79597156840177168343562124064866301094619106642263695929345529947536386203124,0.915,0.95,0.9325,0.03499999999999992,3.4191091060638428,0.93,0.94,0.935,0.009999999999999898,19.151000022888184,-0.014999999999999902,-0.020000000000000018,0.0025000000000000577,145.0,12840.25,4622.54,34637.86,19.151000022888184,0.935,0.9299999999999999,0.935,0.9299999999999999
2026-10-01T16:35:00+00:00,1790872500,958,Will the Republican Party win the Louisiana Senate?,79597156840177168343562124064866301094619106642263695929345529947536386203124,0.915,0.945,0.9299999999999999,0.029999999999999916,11.630949020385742,0.93,0.94,0.935,0.009999999999999898,9.0,-0.009999999999999898,-0.020000000000000018,0.0050000000000001155,145.0,12840.25,4622.54,34637.86,79.15100002288818,0.935,0.9424999999999999,0.935,0.9299999999999999
2026-10-01T16:36:00+00:00,1790872560,958,Will the Republican Party win the Louisiana Senate?,79597156840177168343562124064866301094619106642263695929345529947536386203124,0.94,0.945,0.9424999999999999,0.0050000000000000044,6.830513000488281,0.93,0.94,0.935,0.009999999999999898,9.111999988555908,-0.009999999999999898,0.004999999999999893,0.00749999999999984,5.0,12700.25,5022.54,35010.86,56.28399991989136,0.935,0.9424999999999999,0.935,0.9299999999999999
2026-10-01T16:37:00+00:00,1790872620,958,Will the Republican Party win the Louisiana Senate?,79597156840177168343562124064866301094619106642263695929345529947536386203124,0.94,0.945,0.9424999999999999,0.0050000000000000044,13.205377101898193,0.93,0.94,0.935,0.009999999999999898,22.032999992370605,-0.009999999999999898,0.004999999999999893,0.00749999999999984,5.0,11523.28,5022.54,35293.84,56.109999895095825,0.935,0.9299999999999999,0.935,0.9299999999999999
2026-10-01T16:38:00+00:00,1790872680,958,Will the Republican Party win the Louisiana Senate?,79597156840177168343562124064866301094619106642263695929345529947536386203124,0.915,0.945,0.9299999999999999,0.029999999999999916,16.316895961761475,0.93,0.94,0.935,0.009999999999999898,4.380000114440918,-0.009999999999999898,-0.020000000000000018,0.0050000000000001155,25.0,11534.93,4542.54,42602.85,4.380000114440918,0.935,0.9299999999999999,0.935,0.9299999999999999
2026-10-01T16:39:00+00:00,1790872740,958,Will the Republican Party win the Louisiana Senate?,79597156840177168343562124064866301094619106642263695929345529947536386203124,0.915,0.945,0.9299999999999999,0.029999999999999916,14.67904806137085,0.93,0.94,0.935,0.009999999999999898,13.049999952316284,-0.009999999999999898,-0.020000000000000018,0.0050000000000001155,25.0,11534.93,4542.54,42602.85,64.38000011444092,0.935,0.9299999999999999,0.935,0.9375
2026-10-01T16:40:00+00:00,1790872800,958,Will the Republican Party win the Louisiana Senate?,79597156840177168343562124064866301094619106642263695929345529947536386203124,0.915,0.945,0.9299999999999999,0.029999999999999916,2.6969070434570312,0.93,0.94,0.935,0.009999999999999898,30.77999997138977,-0.009999999999999898,-0.020000000000000018,0.0050000000000001155,125.0,11834.93,5142.54,29405.84,53.717000007629395,0.935,0.9299999999999999,0.935,0.935
2026-10-01T16:41:00+00:00,1790872860,958,Will the Republican Party win the Louisiana Senate?,79597156840177168343562124064866301094619106642263695929345529947536386203124,0.915,0.945,0.9299999999999999,0.029999999999999916,9.860277891159058,0.93,0.94,0.935,0.009999999999999898,15.891999959945679,-0.009999999999999898,-0.020000000000000018,0.0050000000000001155,5.0,12105.310000000001,5022.54,34849.1,49.4210000038147,0.935,0.9299999999999999,0.935,0.935
2026-10-01T16:42:00+00:00,1790872920,958,Will the Republican Party win the Louisiana Senate?,79597156840177168343562124064866301094619106642263695929345529947536386203124,0.915,0.945,0.9299999999999999,0.029999999999999916,38.63783597946167,0.93,0.94,0.935,0.009999999999999898,5.766000032424927,-0.009999999999999898,-0.020000000000000018,0.0050000000000001155,5.0,11880.310000000001,5022.54,33824.1,57.95900011062622,0.935,0.9299999999999999,0.935,0.9325
2026-10-01T16:43:00+00:00,1790872980,958,Will the Republican Party win the Louisiana Senate?,79597156840177168343562124064866301094619106642263695929345529947536386203124,0.915,0.945,0.9299999999999999,0.029999999999999916,11.439251899719238,0.93,0.94,0.935,0.009999999999999898,8.38700008392334,-0.009999999999999898,-0.020000000000000018,0.0050000000000001155,5.0,11729.900000000001,5022.54,39415.130000000005,45.86999988555908,0.935,0.9375,0.935,0.9424999999999999
2026-10-01T16:44:00+00:00,1790873040,958,Will the Republican Party win the Louisiana Senate?,79597156840177168343562124064866301094619106642263695929345529947536386203124,0.915,0.96,0.9375,0.04499999999999993,22.920314073562622,0.93,0.94,0.935,0.009999999999999898,8.33299994468689,-0.02499999999999991,-0.020000000000000018,0.0024999999999999467,5.0,11729.900000000001,5022.54,40101.130000000005,46.45900011062622,0.935,0.935,0.935,0.9225
2026-10-01T16:45:00+00:00,1790873100,958,Will the Republican Party win the Louisiana Senate?,79597156840177168343562124064866301094619106642263695929345529947536386203124,0.915,0.955,0.935,0.039999999999999925,10.873110055923462,0.93,0.94,0.935,0.009999999999999898,18.378000020980835,-0.019999999999999907,-0.020000000000000018,0.0,145.0,12123.35,5122.54,32303.1,18.378000020980835,0.935,0.935,0.935,0.9225
2026-10-01T16:46:00+00:00,1790873160,958,Will the Republican Party win the Louisiana Senate?,79597156840177168343562124064866301094619106642263695929345529947536386203124,0.915,0.955,0.935,0.039999999999999925,9.245368003845215,0.93,0.94,0.935,0.009999999999999898,22.01099991798401,-0.019999999999999907,-0.020000000000000018,0.0,145.0,12323.35,5122.54,32534.84,22.01099991798401,0.935,0.9325,0.935,0.9225
2026-10-01T16:47:00+00:00,1790873220,958,Will the Republican Party win the Louisiana Senate?,79597156840177168343562124064866301094619106642263695929345529947536386203124,0.915,0.95,0.9325,0.03499999999999992,2.3287100791931152,0.93,0.94,0.935,0.009999999999999898,10.54699993133545,-0.014999999999999902,-0.020000000000000018,0.0025000000000000577,145.0,12323.35,5122.54,32534.84,82.01099991798401,0.935,0.9424999999999999,0.935,0.9225
2026-10-01T16:48:00+00:00,1790873280,958,Will the Republican Party win the Louisiana Senate?,79597156840177168343562124064866301094619106642263695929345529947536386203124,0.94,0.945,0.9424999999999999,0.0050000000000000044,15.565869092941284,0.93,0.94,0.935,0.009999999999999898,3.7990000247955322,-0.009999999999999898,0.004999999999999893,0.00749999999999984,145.0,12323.35,5122.54,33155.84,52.64299988746643,0.935,0.9225,0.935,0.925
2026-10-01T16:49:00+00:00,1790873340,958,Will the Republican Party win the Louisiana Senate?,79597156840177168343562124064866301094619106642263695929345529947536386203124,0.9,0.945,0.9225,0.04499999999999993,17.62919306755066,0.93,0.94,0.935,0.009999999999999898,2.250999927520752,-0.009999999999999898,-0.03500000000000003,0.012500000000000067,145.0,12323.35,5022.54,33055.84,40.85599994659424,0.935,0.9225,0.935,0.92
2026-10-01T16:50:00+00:00,1790873400,958,Will the Republican Party win the Louisiana Senate?,79597156840177168343562124064866301094619106642263695929345529947536386203124,0.9,0.945,0.9225,0.04499999999999993,8.579324960708618,0.93,0.94,0.935,0.009999999999999898,2.884999990463257,-0.009999999999999898,-0.03500000000000003,0.012500000000000067,145.0,11903.57,5022.54,31566.85,42.382999897003174,0.935,0.9225,0.935,0.9225
2026-10-01T16:51:00+00:00,1790873460,958,Will the Republican Party win the Louisiana Senate?,79597156840177168343562124064866301094619106642263695929345529947536386203124,0.9,0.945,0.9225,0.04499999999999993,21.058850049972534,0.93,0.94,0.935,0.009999999999999898,7.5320000648498535,-0.009999999999999898,-0.03500000000000003,0.012500000000000067,145.0,12298.36,5022.54,31216.87,7.5320000648498535,0.935,0.9225,0.935,0.9225
2026-10-01T16:52:00+00:00,1790873520,958,Will the Republican Party win the Louisiana Senate?,79597156840177168343562124064866301094619106642263695929345529947536386203124,0.905,0.94,0.9225,0.03499999999999992,9.070883989334106,0.93,0.94,0.935,0.009999999999999898,3.7690000534057617,-0.004999999999999893,-0.030000000000000027,0.012500000000000067,145.0,12298.36,5022.54,31216.87,67.53200006484985,0.935,0.925,0.935,0.9225
2026-10-01T16:53:00+00:00,1790873580,958,Will the Republican Party win the Louisiana Senate?,79597156840177168343562124064866301094619106642263695929345529947536386203124,0.91,0.94,0.925,0.029999999999999916,17.475549936294556,0.93,0.94,0.935,0.009999999999999898,26.390000104904175,-0.004999999999999893,-0.025000000000000022,0.010000000000000009,385.0,12663.36,5262.54,31581.87,47.96900010108948,0.935,0.92,0.935,0.9275
2026-10-01T16:54:00+00:00,1790873640,958,Will the Republican Party win the Louisiana Senate?,79597156840177168343562124064866301094619106642263695929345529947536386203124,0.905,0.935,0.92,0.030000000000000027,7.297075986862183,0.93,0.94,0.935,0.009999999999999898,2.009999990463257,0.0,-0.030000000000000027,0.015000000000000013,145.0,12373.800000000001,5022.54,31499.87,34.72000002861023,0.935,0.9225,0.935,0.925
2026-10-01T16:55:00+00:00,1790873700,958,Will the Republican Party win the Louisiana Senate?,79597156840177168343562124064866301094619106642263695929345529947536386203124,0.905,0.94,0.9225,0.03499999999999992,6.2547080516815186,0.93,0.94,0.935,0.009999999999999898,5.170000076293945,-0.004999999999999893,-0.030000000000000027,0.012500000000000067,145.0,12373.800000000001,5022.54,31479.87,34.31399989128113,0.935,0.9225,,
2026-10-01T16:56:00+00:00,1790873760,958,Will the Republican Party win the Louisiana Senate?,79597156840177168343562124064866301094619106642263695929345529947536386203124,0.905,0.94,0.9225,0.03499999999999992,24.895549058914185,0.93,0.94,0.935,0.009999999999999898,2.003999948501587,-0.004999999999999893,-0.030000000000000027,0.012500000000000067,145.0,12336.12,5022.54,35011.86,35.42899990081787,0.935,0.9225,,
2026-10-01T16:57:00+00:00,1790873820,958,Will the Republican Party win the Louisiana Senate?,79597156840177168343562124064866301094619106642263695929345529947536386203124,0.905,0.94,0.9225,0.03499999999999992,28.78254008293152,0.93,0.94,0.935,0.009999999999999898,16.497999906539917,-0.004999999999999893,-0.030000000000000027,0.012500000000000067,145.0,12398.12,5022.54,34858.86,42.18600010871887,0.935,0.9275,,
2026-10-01T16:58:00+00:00,1790873880,958,Will the Republican Party win the Louisiana Senate?,79597156840177168343562124064866301094619106642263695929345529947536386203124,0.915,0.94,0.9275,0.02499999999999991,16.677002906799316,0.93,0.94,0.935,0.009999999999999898,8.223999977111816,-0.004999999999999893,-0.020000000000000018,0.007500000000000062,165.0,12418.12,5042.54,35078.86,33.59100008010864,0.935,0.925,,
2026-10-01T16:59:00+00:00,1790873940,958,Will the Republican Party win the Louisiana Senate?,79597156840177168343562124064866301094619106642263695929345529947536386203124,0.915,0.935,0.925,0.020000000000000018,8.352503061294556,0.93,0.94,0.935,0.009999999999999898,4.11299991607666,0.0,-0.020000000000000018,0.010000000000000009,165.0,12518.12,5042.54,38194.36,29.15400004386902,,,,
2026-10-01T17:00:00+00:00,1790874000,958,Will the Republican Party win the Louisiana Senate?,79597156840177168343562124064866301094619106642263695929345529947536386203124,0.94,0.945,0.9424999999999999,0.0050000000000000044,4.83417010307312,0.93,0.94,0.935,0.009999999999999898,0.43899989128112793,-0.009999999999999898,0.004999999999999893,0.00749999999999984,165.0,12518.12,5042.54,39009.85,44.71600008010864,,,,
2026-10-01T16:31:00+00:00,1790872260,959,Will the Democratic Party win the Maine Senate?,7589880081658059374445882095611024032084645048848237404312287942463647821549,0.58,0.6,0.59,0.020000000000000018,23.71093511581421,0.58,0.59,0.585,0.010000000000000009,4.255000114440918,-0.015000000000000013,-0.0050000000000000044,0.0050000000000000044,1984.04,18567.92,1000.63,68295.7,4.255000114440918,0.585,0.59,0.585,0.5874999999999999
2026-10-01T16:32:00+00:00,1790872320,959,Will the Democratic Party win the Maine Senate?,7589880081658059374445882095611024032084645048848237404312287942463647821549,0.58,0.6,0.59,0.020000000000000018,11.408711910247803,0.58,0.59,0.585,0.010000000000000009,0.6600000858306885,-0.015000000000000013,-0.0050000000000000044,0.0050000000000000044,1984.04,18726.92,1000.63,67845.7,0.6600000858306885,0.585,0.59,0.585,0.5825
2026-10-01T16:33:00+00:00,1790872380,959,Will the Democratic Party win the Maine Senate?,7589880081658059374445882095611024032084645048848237404312287942463647821549,0.58,0.6,0.59,0.020000000000000018,9.566899061203003,0.58,0.59,0.585,0.010000000000000009,1.9600000381469727,-0.015000000000000013,-0.0050000000000000044,0.0050000000000000044,1984.04,18726.92,1000.63,67845.7,60.66000008583069,0.585,0.59,0.585,0.5825
2026-10-01T16:34:00+00:00,1790872440,959,Will the Democratic Party win the Maine Senate?,7589880081658059374445882095611024032084645048848237404312287942463647821549,0.58,0.6,0.59,0.020000000000000018,3.4191091060638428,0.58,0.59,0.585,0.010000000000000009,0.07999992370605469,-0.015000000000000013,-0.0050000000000000044,0.0050000000000000044,1984.04,12302.14,1000.63,61469.92,56.848999977111816,0.585,0.59,0.585,0.5874999999999999
2026-10-01T16:35:00+00:00,1790872500,959,Will the Democratic Party win the Maine Senate?,7589880081658059374445882095611024032084645048848237404312287942463647821549,0.58,0.6,0.59,0.020000000000000018,11.630949020385742,0.58,0.59,0.585,0.010000000000000009,2.0269999504089355,-0.015000000000000013,-0.0050000000000000044,0.0050000000000000044,1984.04,13800.56,1000.63,62664.200000000004,57.56500005722046,0.585,0.5874999999999999,0.585,0.585
2026-10-01T16:36:00+00:00,1790872560,959,Will the Democratic Party win the Maine Senate?,7589880081658059374445882095611024032084645048848237404312287942463647821549,0.58,0.595,0.5874999999999999,0.015000000000000013,6.830513000488281,0.58,0.59,0.585,0.010000000000000009,7.194000005722046,-0.010000000000000009,-0.0050000000000000044,0.0024999999999999467,1984.04,10436.67,1000.63,61878.34,57.38000011444092,0.585,0.5825,0.585,0.585
2026-10-01T16:37:00+00:00,1790872620,959,Will the Democratic Party win the Maine Senate?,7589880081658059374445882095611024032084645048848237404312287942463647821549,0.575,0.59,0.5825,0.015000000000000013,13.205377101898193,0.58,0.59,0.585,0.010000000000000009,2.6700000762939453,-0.0050000000000000044,-0.010000000000000009,0.0024999999999999467,1984.04,15435.669999999998,1000.63,66103.34,54.407999992370605,0.585,0.5825,0.585,0.585
2026-10-01T16:38:00+00:00,1790872680,959,Will the Democratic Party win the Maine Senate?,7589880081658059374445882095611024032084645048848237404312287942463647821549,0.575,0.59,0.5825,0.015000000000000013,16.316895961761475,0.58,0.59,0.585,0.010000000000000009,6.286999940872192,-0.0050000000000000044,-0.010000000000000009,0.0024999999999999467,1984.04,14948.11,1000.63,65224.78,6.286999940872192,0.585,0.5874999999999999,0.585,0.5774999999999999
2026-10-01T16:39:00+00:00,1790872740,959,Will the Democratic Party win the Maine Senate?,7589880081658059374445882095611024032084645048848237404312287942463647821549,0.58,0.595,0.5874999999999999,0.015000000000000013,14.67904806137085,0.58,0.59,0.585,0.010000000000000009,5.13700008392334,-0.010000000000000009,-0.0050000000000000044,0.0024999999999999467,1984.04,14948.11,1000.63,65224.78,66.28699994087219,0.585,0.585,0.585,0.5774999999999999
2026-10-01T16:40:00+00:00,1790872800,959,Will the Democratic Party win the Maine Senate?,7589880081658059374445882095611024032084645048848237404312287942463647821549,0.58,0.59,0.585,0.010000000000000009,2.6969070434570312,0.58,0.59,0.585,0.010000000000000009,1.7109999656677246,-0.0050000000000000044,-0.0050000000000000044,0.0,1984.04,10448.11,1000.63,61539.78,52.782999992370605,0.585,0.585,0.585,0.575
2026-10-01T16:41:00+00:00,1790872860,959,Will the Democratic Party win the Maine Senate?,7589880081658059374445882095611024032084645048848237404312287942463647821549,0.58,0.59,0.585,0.010000000000000009,9.860277891159058,0.58,0.59,0.585,0.010000000000000009,2.4600000381469727,-0.0050000000000000044,-0.0050000000000000044,0.0,1984.04,10166.11,1000.63,61119.78,54.69199991226196,0.585,0.585,0.585,0.5925
2026-10-01T16:42:00+00:00,1790872920,959,Will the Democratic Party win the Maine Senate?,7589880081658059374445882095611024032084645048848237404312287942463647821549,0.58,0.59,0.585,0.010000000000000009,38.63783597946167,0.58,0.59,0.585,0.010000000000000009,8.151999950408936,-0.0050000000000000044,-0.0050000000000000044,0.0,1984.04,8944.0,1000.63,56550.64,50.40700006484985,0.585,0.5774999999999999,0.585,0.5825
2026-10-01T16:43:00+00:00,1790872980,959,Will the Democratic Party win the Maine Senate?,7589880081658059374445882095611024032084645048848237404312287942463647821549,0.575,0.58,0.5774999999999999,0.0050000000000000044,11.439251899719238,0.58,0.59,0.585,0.010000000000000009,10.01799988746643,0.0050000000000000044,-0.010000000000000009,0.007500000000000062,1984.04,9382.56,1000.63,56479.42,45.86999988555908,0.585,0.5774999999999999,0.585,0.585
2026-10-01T16:44:00+00:00,1790873040,959,Will the Democratic Party win the Maine Senate?,7589880081658059374445882095611024032084645048848237404312287942463647821549,0.575,0.58,0.5774999999999999,0.0050000000000000044,22.920314073562622,0.58,0.59,0.585,0.010000000000000009,4.727999925613403,0.0050000000000000044,-0.010000000000000009,0.007500000000000062,1984.04,9382.56,1000.63,56179.42,48.58999991416931,0.585,0.575,0.585,0.585
2026-10-01T16:45:00+00:00,1790873100,959,Will the Democratic Party win the Maine Senate?,7589880081658059374445882095611024032084645048848237404312287942463647821549,0.57,0.58,0.575,0.010000000000000009,10.873110055923462,0.58,0.59,0.585,0.010000000000000009,6.2809998989105225,0.0050000000000000044,-0.015000000000000013,0.010000000000000009,1984.04,14032.56,1000.63,60140.42,44.54699993133545,0.585,0.5925,0.585,0.6025
2026-10-01T16:46:00+00:00,1790873160,959,Will the Democratic Party win the Maine Senate?,7589880081658059374445882095611024032084645048848237404312287942463647821549,0.59,0.595,0.5925,0.0050000000000000044,9.245368003845215,0.58,0.59,0.585,0.010000000000000009,0.4289999008178711,-0.010000000000000009,0.0050000000000000044,0.007500000000000062,1984.04,14232.56,1000.63,60140.42,43.80800008773804,0.585,0.5825,0.585,0.6025
2026-10-01T16:47:00+00:00,1790873220,959,Will the Democratic Party win the Maine Senate?,7589880081658059374445882095611024032084645048848237404312287942463647821549,0.57,0.595,0.5825,0.025000000000000022,2.3287100791931152,0.58,0.59,0.585,0.010000000000000009,1.872999906539917,-0.010000000000000009,-0.015000000000000013,0.0024999999999999467,1984.04,20785.76,1000.63,72438.9,44.354000091552734,0.585,0.585,0.585,0.59
2026-10-01T16:48:00+00:00,1790873280,959,Will the Democratic Party win the Maine Senate?,7589880081658059374445882095611024032084645048848237404312287942463647821549,0.575,0.595,0.585,0.020000000000000018,15.565869092941284,0.58,0.59,0.585,0.010000000000000009,0.9270000457763672,-0.010000000000000009,-0.010000000000000009,0.0,1984.04,22967.98,1000.63,72398.9,42.98300004005432,0.585,0.585,0.585,0.59
2026-10-01T16:49:00+00:00,1790873340,959,Will the Democratic Party win the Maine Senate?,7589880081658059374445882095611024032084645048848237404312287942463647821549,0.575,0.595,0.585,0.020000000000000018,17.62919306755066,0.58,0.59,0.585,0.010000000000000009,0.18700003623962402,-0.010000000000000009,-0.010000000000000009,0.0,1984.04,22283.829999999998,1000.63,70594.75,41.27900004386902,0.585,0.6025,0.585,0.5825
2026-10-01T16:50:00+00:00,1790873400,959,Will the Democratic Party win the Maine Senate?,7589880081658059374445882095611024032084645048848237404312287942463647821549,0.6,0.605,0.6025,0.0050000000000000044,8.579324960708618,0.58,0.59,0.585,0.010000000000000009,2.130000114440918,-0.020000000000000018,0.015000000000000013,0.01750000000000007,1984.04,20036.41,1000.63,70525.05,47.91000008583069,0.585,0.6025,0.585,0.5825
2026-10-01T16:51:00+00:00,1790873460,959,Will the Democratic Party win the Maine Senate?,7589880081658059374445882095611024032084645048848237404312287942463647821549,0.6,0.605,0.6025,0.0050000000000000044,21.058850049972534,0.58,0.59,0.585,0.010000000000000009,1.2339999675750732,-0.020000000000000018,0.015000000000000013,0.01750000000000007,1984.04,19840.41,1000.63,70829.5,38.55999994277954,0.585,0.59,0.585,0.5825
2026-10-01T16:52:00+00:00,1790873520,959,Will the Democratic Party win the Maine Senate?,7589880081658059374445882095611024032084645048848237404312287942463647821549,0.575,0.605,0.59,0.030000000000000027,9.070883989334106,0.58,0.59,0.585,0.010000000000000009,5.180999994277954,-0.020000000000000018,-0.010000000000000009,0.0050000000000000044,1984.04,19840.41,1000.63,78017.0,43.12400007247925,0.585,0.59,0.585,0.5825
2026-10-01T16:53:00+00:00,1790873580,959,Will the Democratic Party win the Maine Senate?,7589880081658059374445882095611024032084645048848237404312287942463647821549,0.575,0.605,0.59,0.030000000000000027,17.475549936294556,0.58,0.59,0.585,0.010000000000000009,5.908999919891357,-0.020000000000000018,-0.010000000000000009,0.0050000000000000044,1984.04,19840.41,1000.63,78457.0,36.944000005722046,0.585,0.5825,0.585,0.5825
2026-10-01T16:54:00+00:00,1790873640,959,Will the Democratic Party win the Maine Senate?,7589880081658059374445882095611024032084645048848237404312287942463647821549,0.575,0.59,0.5825,0.015000000000000013,7.297075986862183,0.58,0.59,0.585,0.010000000000000009,0.5820000171661377,-0.0050000000000000044,-0.010000000000000009,0.0024999999999999467,1984.04,19780.41,1000.63,78457.0,38.47199988365173,0.585,0.5825,0.585,0.5925
2026-10-01T16:55:00+00:00,1790873700,959,Will the Democratic Party win the Maine Senate?,7589880081658059374445882095611024032084645048848237404312287942463647821549,0.58,0.585,0.5825,0.0050000000000000044,6.2547080516815186,0.58,0.59,0.585,0.010000000000000009,1.746999979019165,0.0,-0.0050000000000000044,0.0024999999999999467,1984.04,19646.809999999998,1000.63,66440.36,33.3529999256134,0.585,0.5825,,
2026-10-01T16:56:00+00:00,1790873760,959,Will the Democratic Party win the Maine Senate?,7589880081658059374445882095611024032084645048848237404312287942463647821549,0.58,0.585,0.5825,0.0050000000000000044,24.895549058914185,0.58,0.59,0.585,0.010000000000000009,3.505000114440918,0.0,-0.0050000000000000044,0.0024999999999999467,1984.04,19646.809999999998,1000.63,66440.36,37.575000047683716,0.585,0.5825,,
2026-10-01T16:57:00+00:00,1790873820,959,Will the Democratic Party win the Maine Senate?,7589880081658059374445882095611024032084645048848237404312287942463647821549,0.58,0.585,0.5825,0.0050000000000000044,28.78254008293152,0.58,0.59,0.585,0.010000000000000009,19.58299994468689,0.0,-0.0050000000000000044,0.0024999999999999467,1984.04,15371.81,1000.63,61165.36,30.295000076293945,0.585,0.5825,,
2026-10-01T16:58:00+00:00,1790873880,959,Will the Democratic Party win the Maine Senate?,7589880081658059374445882095611024032084645048848237404312287942463647821549,0.58,0.585,0.5825,0.0050000000000000044,16.677002906799316,0.58,0.59,0.585,0.010000000000000009,0.46700000762939453,0.0,-0.0050000000000000044,0.0024999999999999467,1984.04,15430.13,1000.63,61316.479999999996,29.0,0.585,0.5925,,
2026-10-01T16:59:00+00:00,1790873940,959,Will the Democratic Party win the Maine Senate?,7589880081658059374445882095611024032084645048848237404312287942463647821549,0.58,0.605,0.5925,0.025000000000000022,8.352503061294556,0.58,0.59,0.585,0.010000000000000009,1.7620000839233398,-0.020000000000000018,-0.0050000000000000044,0.007500000000000062,1984.04,9114.35,1000.63,56440.7,32.507999897003174,,,,
2026-10-01T17:00:00+00:00,1790874000,959,Will the Democratic Party win the Maine Senate?,7589880081658059374445882095611024032084645048848237404312287942463647821549,0.58,0.605,0.5925,0.025000000000000022,4.83417010307312,0.58,0.59,0.585,0.010000000000000009,9.448999881744385,-0.020000000000000018,-0.0050000000000000044,0.007500000000000062,1984.04,8624.77,1000.63,57003.96,33.301000118255615,,,,
2026-10-01T16:31:00+00:00,1790872260,960,Will the Republican Party win the Maine Senate?,2142948285506077695096498341598672159464223074468931276310105532825810210121,0.41,0.425,0.4175,0.015000000000000013,23.71093511581421,0.4,0.41,0.405,0.009999999999999953,4.073999881744385,-0.019999999999999962,0.004999999999999949,0.012499999999999956,9671.98,37656.44,5157.17,50991.1,4.073999881744385,0.405,0.415,0.405,0.4175
2026-10-01T16:32:00+00:00,1790872320,960,Will the Republican Party win the Maine Senate?,2142948285506077695096498341598672159464223074468931276310105532825810210121,0.41,0.42,0.415,0.010000000000000009,11.408711910247803,0.4,0.41,0.405,0.009999999999999953,7.233999967575073,-0.014999999999999958,0.004999999999999949,0.009999999999999953,9621.98,37705.16,5157.17,51429.82,7.233999967575073,0.405,0.4175,0.405,0.415
2026-10-01T16:33:00+00:00,1790872380,960,Will the Republican Party win the Maine Senate?,2142948285506077695096498341598672159464223074468931276310105532825810210121,0.41,0.425,0.4175,0.015000000000000013,9.566899061203003,0.4,0.41,0.405,0.009999999999999953,1.9600000381469727,-0.019999999999999962,0.004999999999999949,0.012499999999999956,9621.98,37705.16,5157.17,51179.82,1.9600000381469727,0.405,0.4175,0.405,0.4425
2026-10-01T16:34:00+00:00,1790872440,960,Will the Republican Party win the Maine Senate?,2142948285506077695096498341598672159464223074468931276310105532825810210121,0.41,0.425,0.4175,0.015000000000000013,3.4191091060638428,0.4,0.41,0.405,0.009999999999999953,19.045000076293945,-0.019999999999999962,0.004999999999999949,0.012499999999999956,9621.98,37705.16,5157.17,51179.82,61.96000003814697,0.405,0.4175,0.405,0.4225
2026-10-01T16:35:00+00:00,1790872500,960,Will the Republican Party win the Maine Senate?,2142948285506077695096498341598672159464223074468931276310105532825810210121,0.41,0.425,0.4175,0.015000000000000013,11.630949020385742,0.4,0.41,0.405,0.009999999999999953,23.35599994659424,-0.019999999999999962,0.004999999999999949,0.012499999999999956,9621.98,33490.16,5157.17,48137.92,23.35599994659424,0.405,0.4175,0.405,0.4225
2026-10-01T16:36:00+00:00,1790872560,960,Will the Republican Party win the Maine Senate?,2142948285506077695096498341598672159464223074468931276310105532825810210121,0.41,0.425,0.4175,0.015000000000000013,6.830513000488281,0.4,0.41,0.405,0.009999999999999953,16.06500005722046,-0.019999999999999962,0.004999999999999949,0.012499999999999956,9671.98,37915.16,5157.17,50420.61,16.06500005722046,0.405,0.415,0.405,0.4225
2026-10-01T16:37:00+00:00,1790872620,960,Will the Republican Party win the Maine Senate?,2142948285506077695096498341598672159464223074468931276310105532825810210121,0.41,0.42,0.415,0.010000000000000009,13.205377101898193,0.4,0.41,0.405,0.009999999999999953,9.479000091552734,-0.014999999999999958,0.004999999999999949,0.009999999999999953,9671.98,35822.85,5157.17,50420.61,9.479000091552734,0.405,0.4425,0.405,0.4225
2026-10-01T16:38:00+00:00,1790872680,960,Will the Republican Party win the Maine Senate?,2142948285506077695096498341598672159464223074468931276310105532825810210121,0.42,0.465,0.4425,0.04500000000000004,16.316895961761475,0.4,0.41,0.405,0.009999999999999953,24.562000036239624,-0.06,0.014999999999999958,0.03749999999999998,9671.98,36422.85,5157.17,51020.61,24.562000036239624,0.405,0.4225,0.405,0.4225
2026-10-01T16:39:00+00:00,1790872740,960,Will the Republican Party win the Maine Senate?,2142948285506077695096498341598672159464223074468931276310105532825810210121,0.42,0.425,0.4225,0.0050000000000000044,14.67904806137085,0.4,0.41,0.405,0.009999999999999953,5.138000011444092,-0.019999999999999962,0.014999999999999958,0.01749999999999996,9671.98,36422.85,5157.17,51020.61,84.56200003623962,0.405,0.4225,0.405,0.4225
2026-10-01T16:40:00+00:00,1790872800,960,Will the Republican Party win the Maine Senate?,2142948285506077695096498341598672159464223074468931276310105532825810210121,0.42,0.425,0.4225,0.0050000000000000044,2.6969070434570312,0.4,0.41,0.405,0.009999999999999953,44.0,-0.019999999999999962,0.014999999999999958,0.01749999999999996,9671.98,31765.85,5157.17,47128.61,52.0,0.405,0.4225,0.405,0.4225
2026-10-01T16:41:00+00:00,1790872860,960,Will the Republican Party win the Maine Senate?,2142948285506077695096498341598672159464223074468931276310105532825810210121,0.42,0.425,0.4225,0.0050000000000000044,9.860277891159058,0.4,0.41,0.405,0.009999999999999953,33.246999979019165,-0.019999999999999962,0.014999999999999958,0.01749999999999996,9671.98,31765.85,5157.17,43378.51,33.246999979019165,0.405,0.4225,0.405,0.4225
2026-10-01T16:42:00+00:00,1790872920,960,Will the Republican Party win the Maine Senate?,2142948285506077695096498341598672159464223074468931276310105532825810210121,0.42,0.425,0.4225,0.0050000000000000044,38.63783597946167,0.4,0.41,0.405,0.009999999999999953,25.0,-0.019999999999999962,0.014999999999999958,0.01749999999999996,9671.98,31765.85,5157.17,43378.51,93.24699997901917,0.405,0.4225,0.405,0.4225
2026-10-01T16:43:00+00:00,1790872980,960,Will the Republican Party win the Maine Senate?,2142948285506077695096498341598672159464223074468931276310105532825810210121,0.42,0.425,0.4225,0.0050000000000000044,11.439251899719238,0.4,0.41,0.405,0.009999999999999953,45.87100005149841,-0.019999999999999962,0.014999999999999958,0.01749999999999996,9621.98,31055.85,5157.17,43378.51,45.87100005149841,0.405,0.4225,0.405,0.4125
2026-10-01T16:44:00+00:00,1790873040,960,Will the Republican Party win the Maine Senate?,2142948285506077695096498341598672159464223074468931276310105532825810210121,0.42,0.425,0.4225,0.0050000000000000044,22.920314073562622,0.4,0.41,0.405,0.009999999999999953,11.469000101089478,-0.019999999999999962,0.014999999999999958,0.01749999999999996,9671.98,31045.85,5157.17,43318.51,59.48699998855591,0.405,0.4225,0.405,0.4225
2026-10-01T16:45:00+00:00,1790873100,960,Will the Republican Party win the Maine Senate?,2142948285506077695096498341598672159464223074468931276310105532825810210121,0.42,0.425,0.4225,0.0050000000000000044,10.873110055923462,0.4,0.41,0.405,0.009999999999999953,5.624000072479248,-0.019999999999999962,0.014999999999999958,0.01749999999999996,9671.98,33656.82,5157.17,46191.479999999996,43.73399996757507,0.405,0.4225,0.405,0.4125
2026-10-01T16:46:00+00:00,1790873160,960,Will the Republican Party win the Maine Senate?,2142948285506077695096498341598672159464223074468931276310105532825810210121,0.42,0.425,0.4225,0.0050000000000000044,9.245368003845215,0.4,0.41,0.405,0.009999999999999953,7.0,-0.019999999999999962,0.014999999999999958,0.01749999999999996,9671.98,38016.82,5157.17,49831.479999999996,47.75399994850159,0.405,0.4225,0.405,0.415
2026-10-01T16:47:00+00:00,1790873220,960,Will the Republican Party win the Maine Senate?,2142948285506077695096498341598672159464223074468931276310105532825810210121,0.42,0.425,0.4225,0.0050000000000000044,2.3287100791931152,0.4,0.41,0.405,0.009999999999999953,8.29200005531311,-0.019999999999999962,0.014999999999999958,0.01749999999999996,9621.98,37966.82,5157.17,48831.479999999996,52.16300010681152,0.405,0.4125,0.405,0.4
2026-10-01T16:48:00+00:00,1790873280,960,Will the Republican Party win the Maine Senate?,2142948285506077695096498341598672159464223074468931276310105532825810210121,0.4,0.425,0.4125,0.024999999999999967,15.565869092941284,0.4,0.41,0.405,0.009999999999999953,10.947999954223633,-0.019999999999999962,-0.0050000000000000044,0.007499999999999951,9671.98,38645.31,5037.17,54263.07,10.947999954223633,0.405,0.4225,0.405,0.40249999999999997
2026-10-01T16:49:00+00:00,1790873340,960,Will the Republican Party win the Maine Senate?,2142948285506077695096498341598672159464223074468931276310105532825810210121,0.42,0.425,0.4225,0.0050000000000000044,17.62919306755066,0.4,0.41,0.405,0.009999999999999953,0.6779999732971191,-0.019999999999999962,0.014999999999999958,0.01749999999999996,9671.98,38645.31,5037.17,54263.07,70.94799995422363,0.405,0.4125,0.405,0.41000000000000003
2026-10-01T16:50:00+00:00,1790873400,960,Will the Republican Party win the Maine Senate?,2142948285506077695096498341598672159464223074468931276310105532825810210121,0.405,0.42,0.4125,0.014999999999999958,8.579324960708618,0.4,0.41,0.405,0.009999999999999953,2.125999927520752,-0.014999999999999958,0.0,0.007499999999999951,9671.98,38645.31,5037.17,53858.49,48.79099988937378,0.405,0.415,0.405,0.4175
2026-10-01T16:51:00+00:00,1790873460,960,Will the Republican Party win the Maine Senate?,2142948285506077695096498341598672159464223074468931276310105532825810210121,0.41,0.42,0.415,0.010000000000000009,21.058850049972534,0.4,0.41,0.405,0.009999999999999953,6.661999940872192,-0.014999999999999958,0.004999999999999949,0.009999999999999953,9671.98,38645.31,5037.17,54162.979999999996,43.0,0.405,0.4,0.405,0.415
2026-10-01T16:52:00+00:00,1790873520,960,Will the Republican Party win the Maine Senate?,2142948285506077695096498341598672159464223074468931276310105532825810210121,0.39,0.41,0.4,0.019999999999999962,9.070883989334106,0.4,0.41,0.405,0.009999999999999953,27.920000076293945,-0.004999999999999949,-0.015000000000000013,0.0050000000000000044,9671.98,38953.38,5037.17,39918.95,38.937000036239624,0.405,0.40249999999999997,0.405,0.415
2026-10-01T16:53:00+00:00,1790873580,960,Will the Republican Party win the Maine Senate?,2142948285506077695096498341598672159464223074468931276310105532825810210121,0.395,0.41,0.40249999999999997,0.014999999999999958,17.475549936294556,0.4,0.41,0.405,0.009999999999999953,47.882999897003174,-0.004999999999999949,-0.010000000000000009,0.0025000000000000577,9671.98,38953.38,5037.17,50547.95,47.882999897003174,0.405,0.41000000000000003,0.405,0.415
2026-10-01T16:54:00+00:00,1790873640,960,Will the Republican Party win the Maine Senate?,2142948285506077695096498341598672159464223074468931276310105532825810210121,0.4,0.42,0.41000000000000003,0.019999999999999962,7.297075986862183,0.4,0.41,0.405,0.009999999999999953,19.591000080108643,-0.014999999999999958,-0.0050000000000000044,0.0050000000000000044,9671.98,38953.38,5037.17,50547.95,36.0,0.405,0.4175,0.405,0.415
2026-10-01T16:55:00+00:00,1790873700,960,Will the Republican Party win the Maine Senate?,2142948285506077695096498341598672159464223074468931276310105532825810210121,0.415,0.42,0.4175,0.0050000000000000044,6.2547080516815186,0.4,0.41,0.405,0.009999999999999953,2.0899999141693115,-0.014999999999999958,0.009999999999999953,0.012499999999999956,9671.98,38293.380000000005,5037.17,50547.95,35.15400004386902,0.405,0.415,,
2026-10-01T16:56:00+00:00,1790873760,960,Will the Republican Party win the Maine Senate?,2142948285506077695096498341598672159464223074468931276310105532825810210121,0.41,0.42,0.415,0.010000000000000009,24.895549058914185,0.4,0.41,0.405,0.009999999999999953,13.25,-0.014999999999999958,0.004999999999999949,0.009999999999999953,9671.98,38675.380000000005,5037.17,50465.95,53.87599992752075,0.405,0.415,,
2026-10-01T16:57:00+00:00,1790873820,960,Will the Republican Party win the Maine Senate?,2142948285506077695096498341598672159464223074468931276310105532825810210121,0.41,0.42,0.415,0.010000000000000009,28.78254008293152,0.4,0.41,0.405,0.009999999999999953,8.059000015258789,-0.014999999999999958,0.004999999999999949,0.009999999999999953,9671.98,33940.38,5037.17,45482.88,8.059000015258789,0.405,0.415,,
2026-10-01T16:58:00+00:00,1790873880,960,Will the Republican Party win the Maine Senate?,2142948285506077695096498341598672159464223074468931276310105532825810210121,0.41,0.42,0.415,0.010000000000000009,16.677002906799316,0.4,0.41,0.405,0.009999999999999953,6.0,-0.014999999999999958,0.004999999999999949,0.009999999999999953,9671.98,33940.38,5037.17,45482.88,68.05900001525879,0.405,0.415,,
2026-10-01T16:59:00+00:00,1790873940,960,Will the Republican Party win the Maine Senate?,2142948285506077695096498341598672159464223074468931276310105532825810210121,0.41,0.42,0.415,0.010000000000000009,8.352503061294556,0.4,0.41,0.405,0.009999999999999953,2.816999912261963,-0.014999999999999958,0.004999999999999949,0.009999999999999953,9671.98,33940.38,5037.17,49482.88,44.1949999332428,,,,
2026-10-01T17:00:00+00:00,1790874000,960,Will the Republican Party win the Maine Senate?,2142948285506077695096498341598672159464223074468931276310105532825810210121,0.42,0.425,0.4225,0.0050000000000000044,4.83417010307312,0.4,0.41,0.405,0.009999999999999953,21.210999965667725,-0.019999999999999962,0.014999999999999958,0.01749999999999996,9671.98,33063.82,5037.17,48854.39,30.744999885559082,,,,
2026-10-01T16:31:00+00:00,1790872260,961,Will the Democratic Party win the Mississippi Senate?,68480239794038361406143076899055856619190312116315511680595576676848260383579,0.08,0.11,0.095,0.03,23.71093511581421,0.065,0.07,0.0675,0.0050000000000000044,62.193000078201294,-0.042499999999999996,0.012499999999999997,0.027499999999999997,47.28,307.26,55.0,150.0,62.193000078201294,0.0675,0.095,0.0675,0.08499999999999999
2026-10-01T16:32:00+00:00,1790872320,961,Will the Democratic Party win the Mississippi Senate?,68480239794038361406143076899055856619190312116315511680595576676848260383579,0.08,0.11,0.095,0.03,11.408711910247803,0.065,0.07,0.0675,0.0050000000000000044,122.1930000782013,-0.042499999999999996,0.012499999999999997,0.027499999999999997,47.28,307.26,55.0,150.0,122.1930000782013,0.0675,0.08499999999999999,0.0675,0.0875
2026-10-01T16:33:00+00:00,1790872380,961,Will the Democratic Party win the Mississippi Senate?,68480239794038361406143076899055856619190312116315511680595576676848260383579,0.08,0.09,0.08499999999999999,0.009999999999999995,9.566899061203003,0.065,0.07,0.0675,0.0050000000000000044,47.54299998283386,-0.022499999999999992,0.012499999999999997,0.017499999999999988,47.28,307.26,55.0,170.0,47.54299998283386,0.0675,0.08499999999999999,0.0675,0.095
2026-10-01T16:34:00+00:00,1790872440,961,Will the Democratic Party win the Mississippi Senate?,68480239794038361406143076899055856619190312116315511680595576676848260383579,0.08,0.09,0.08499999999999999,0.009999999999999995,3.4191091060638428,0.065,0.07,0.0675,0.0050000000000000044,0.22900009155273438,-0.022499999999999992,0.012499999999999997,0.017499999999999988,47.28,307.26,55.0,170.0,107.54299998283386,0.0675,0.08499999999999999,0.0675,0.0925
2026-10-01T16:35:00+00:00,1790872500,961,Will the Democratic Party win the Mississippi Senate?,68480239794038361406143076899055856619190312116315511680595576676848260383579,0.08,0.09,0.08499999999999999,0.009999999999999995,11.630949020385742,0.065,0.07,0.0675,0.0050000000000000044,0.24699997901916504,-0.022499999999999992,0.012499999999999997,0.017499999999999988,47.28,307.26,55.0,172.0,57.05299997329712,0.0675,0.08499999999999999,0.0675,0.0925
2026-10-01T16:36:00+00:00,1790872560,961,Will the Democratic Party win the Mississippi Senate?,68480239794038361406143076899055856619190312116315511680595576676848260383579,0.08,0.09,0.08499999999999999,0.009999999999999995,6.830513000488281,0.065,0.07,0.0675,0.0050000000000000044,23.05900001525879,-0.022499999999999992,0.012499999999999997,0.017499999999999988,47.28,307.26,55.0,151.0,23.05900001525879,0.0675,0.0875,0.0675,0.0925
2026-10-01T16:37:00+00:00,1790872620,961,Will the Democratic Party win the Mississippi Senate?,68480239794038361406143076899055856619190312116315511680595576676848260383579,0.085,0.09,0.0875,0.0049999999999999906,13.205377101898193,0.065,0.07,0.0675,0.0050000000000000044,19.229000091552734,-0.022499999999999992,0.0175,0.01999999999999999,47.28,307.26,55.0,151.0,83.05900001525879,0.0675,0.095,0.0675,0.09
2026-10-01T16:38:00+00:00,1790872680,961,Will the Democratic Party win the Mississippi Senate?,68480239794038361406143076899055856619190312116315511680595576676848260383579,0.085,0.105,0.095,0.01999999999999999,16.316895961761475,0.065,0.07,0.0675,0.0050000000000000044,1.874000072479248,-0.03749999999999999,0.0175,0.027499999999999997,47.28,307.26,55.0,105.0,1.874000072479248,0.0675,0.0925,0.0675,0.09
2026-10-01T16:39:00+00:00,1790872740,961,Will the Democratic Party win the Mississippi Senate?,68480239794038361406143076899055856619190312116315511680595576676848260383579,0.085,0.1,0.0925,0.015,14.67904806137085,0.065,0.07,0.0675,0.0050000000000000044,6.415999889373779,-0.0325,0.0175,0.024999999999999994,47.28,307.26,55.0,105.0,61.87400007247925,0.0675,0.0925,0.0675,0.0925
2026-10-01T16:40:00+00:00,1790872800,961,Will the Democratic Party win the Mississippi Senate?,68480239794038361406143076899055856619190312116315511680595576676848260383579,0.085,0.1,0.0925,0.015,2.6969070434570312,0.065,0.07,0.0675,0.0050000000000000044,18.54200005531311,-0.0325,0.0175,0.024999999999999994,47.28,307.26,55.0,135.0,56.359999895095825,0.0675,0.0925,0.0675,0.0925
2026-10-01T16:41:00+00:00,1790872860,961,Will the Democratic Party win the Mississippi Senate?,68480239794038361406143076899055856619190312116315511680595576676848260383579,0.085,0.1,0.0925,0.015,9.860277891159058,0.065,0.07,0.0675,0.0050000000000000044,1.5810000896453857,-0.0325,0.0175,0.024999999999999994,47.28,307.26,55.0,120.0,50.98200011253357,0.0675,0.09,0.0675,0.0925
2026-10-01T16:42:00+00:00,1790872920,961,Will the Democratic Party win the Mississippi Senate?,68480239794038361406143076899055856619190312116315511680595576676848260383579,0.08,0.1,0.09,0.020000000000000004,38.63783597946167,0.065,0.07,0.0675,0.0050000000000000044,0.6419999599456787,-0.0325,0.012499999999999997,0.022499999999999992,47.28,307.26,55.0,120.0,0.6419999599456787,0.0675,0.09,0.0675,0.0925
2026-10-01T16:43:00+00:00,1790872980,961,Will the Democratic Party win the Mississippi Senate?,68480239794038361406143076899055856619190312116315511680595576676848260383579,0.08,0.1,0.09,0.020000000000000004,11.439251899719238,0.065,0.07,0.0675,0.0050000000000000044,18.401999950408936,-0.0325,0.012499999999999997,0.022499999999999992,47.28,307.26,55.0,120.0,60.64199995994568,0.0675,0.0925,0.0675,0.0925
2026-10-01T16:44:00+00:00,1790873040,961,Will the Democratic Party win the Mississippi Senate?,68480239794038361406143076899055856619190312116315511680595576676848260383579,0.085,0.1,0.0925,0.015,22.920314073562622,0.065,0.07,0.0675,0.0050000000000000044,26.424000024795532,-0.0325,0.0175,0.024999999999999994,47.28,307.26,55.0,106.0,54.24300003051758,0.0675,0.0925,0.0675,0.095
2026-10-01T16:45:00+00:00,1790873100,961,Will the Democratic Party win the Mississippi Senate?,68480239794038361406143076899055856619190312116315511680595576676848260383579,0.085,0.1,0.0925,0.015,10.873110055923462,0.065,0.07,0.0675,0.0050000000000000044,25.200000047683716,-0.0325,0.0175,0.024999999999999994,47.28,307.26,55.0,145.0,57.8970000743866,0.0675,0.0925,0.0675,0.0925
2026-10-01T16:46:00+00:00,1790873160,961,Will the Democratic Party win the Mississippi Senate?,68480239794038361406143076899055856619190312116315511680595576676848260383579,0.08,0.105,0.0925,0.024999999999999994,9.245368003845215,0.065,0.07,0.0675,0.0050000000000000044,12.04200005531311,-0.03749999999999999,0.012499999999999997,0.024999999999999994,47.28,307.26,55.0,145.0,49.91700005531311,0.0675,0.0925,0.0675,0.0925
2026-10-01T16:47:00+00:00,1790873220,961,Will the Democratic Party win the Mississippi Senate?,68480239794038361406143076899055856619190312116315511680595576676848260383579,0.08,0.105,0.0925,0.024999999999999994,2.3287100791931152,0.065,0.07,0.0675,0.0050000000000000044,20.505000114440918,-0.03749999999999999,0.012499999999999997,0.024999999999999994,47.28,307.26,55.0,150.0,51.61899995803833,0.0675,0.0925,0.0675,0.0925
2026-10-01T16:48:00+00:00,1790873280,961,Will the Democratic Party win the Mississippi Senate?,68480239794038361406143076899055856619190312116315511680595576676848260383579,0.08,0.105,0.0925,0.024999999999999994,15.565869092941284,0.065,0.07,0.0675,0.0050000000000000044,17.206000089645386,-0.03749999999999999,0.012499999999999997,0.024999999999999994,47.28,307.26,55.0,120.0,41.93300008773804,0.0675,0.095,0.0675,0.0925
2026-10-01T16:49:00+00:00,1790873340,961,Will the Democratic Party win the Mississippi Senate?,68480239794038361406143076899055856619190312116315511680595576676848260383579,0.085,0.105,0.095,0.01999999999999999,17.62919306755066,0.065,0.07,0.0675,0.0050000000000000044,2.183000087738037,-0.03749999999999999,0.0175,0.027499999999999997,47.28,307.26,55.0,169.0,2.183000087738037,0.0675,0.0925,0.0675,0.0925
2026-10-01T16:50:00+00:00,1790873400,961,Will the Democratic Party win the Mississippi Senate?,68480239794038361406143076899055856619190312116315511680595576676848260383579,0.085,0.1,0.0925,0.015,8.579324960708618,0.065,0.07,0.0675,0.0050000000000000044,3.003999948501587,-0.0325,0.0175,0.024999999999999994,47.28,307.26,55.0,169.0,62.18300008773804,0.0675,0.0925,0.0675,0.095
2026-10-01T16:51:00+00:00,1790873460,961,Will the Democratic Party win the Mississippi Senate?,68480239794038361406143076899055856619190312116315511680595576676848260383579,0.085,0.1,0.0925,0.015,21.058850049972534,0.065,0.07,0.0675,0.0050000000000000044,26.223000049591064,-0.0325,0.0175,0.024999999999999994,47.28,307.26,55.0,125.0,40.87299990653992,0.0675,0.0925,0.0675,0.095
2026-10-01T16:52:00+00:00,1790873520,961,Will the Democratic Party win the Mississippi Senate?,68480239794038361406143076899055856619190312116315511680595576676848260383579,0.085,0.1,0.0925,0.015,9.070883989334106,0.065,0.07,0.0675,0.0050000000000000044,35.25099992752075,-0.0325,0.0175,0.024999999999999994,47.28,307.26,55.0,165.0,40.86199998855591,0.0675,0.0925,0.0675,0.095
2026-10-01T16:53:00+00:00,1790873580,961,Will the Democratic Party win the Mississippi Senate?,68480239794038361406143076899055856619190312116315511680595576676848260383579,0.085,0.1,0.0925,0.015,17.475549936294556,0.065,0.07,0.0675,0.0050000000000000044,16.41599988937378,-0.0325,0.0175,0.024999999999999994,47.28,307.26,55.0,171.0,37.680999994277954,0.0675,0.0925,0.0675,0.095
2026-10-01T16:54:00+00:00,1790873640,961,Will the Democratic Party win the Mississippi Senate?,68480239794038361406143076899055856619190312116315511680595576676848260383579,0.085,0.1,0.0925,0.015,7.297075986862183,0.065,0.07,0.0675,0.0050000000000000044,8.90499997138977,-0.0325,0.0175,0.024999999999999994,47.28,307.26,55.0,145.0,47.55200004577637,0.0675,0.095,0.0675,0.095
2026-10-01T16:55:00+00:00,1790873700,961,Will the Democratic Party win the Mississippi Senate?,68480239794038361406143076899055856619190312116315511680595576676848260383579,0.085,0.105,0.095,0.01999999999999999,6.2547080516815186,0.065,0.07,0.0675,0.0050000000000000044,12.950000047683716,-0.03749999999999999,0.0175,0.027499999999999997,47.28,307.26,55.0,190.0,12.950000047683716,0.0675,0.095,,
2026-10-01T16:56:00+00:00,1790873760,961,Will the Democratic Party win the Mississippi Senate?,68480239794038361406143076899055856619190312116315511680595576676848260383579,0.085,0.105,0.095,0.01999999999999999,24.895549058914185,0.065,0.07,0.0675,0.0050000000000000044,10.901000022888184,-0.03749999999999999,0.0175,0.027499999999999997,47.28,307.26,55.0,190.0,72.95000004768372,0.0675,0.095,,
2026-10-01T16:57:00+00:00,1790873820,961,Will the Democratic Party win the Mississippi Senate?,68480239794038361406143076899055856619190312116315511680595576676848260383579,0.085,0.105,0.095,0.01999999999999999,28.78254008293152,0.065,0.07,0.0675,0.0050000000000000044,28.24399995803833,-0.03749999999999999,0.0175,0.027499999999999997,47.28,307.26,55.0,123.0,33.27900004386902,0.0675,0.095,,
2026-10-01T16:58:00+00:00,1790873880,961,Will the Democratic Party win the Mississippi Senate?,68480239794038361406143076899055856619190312116315511680595576676848260383579,0.085,0.105,0.095,0.01999999999999999,16.677002906799316,0.065,0.07,0.0675,0.0050000000000000044,26.668999910354614,-0.03749999999999999,0.0175,0.027499999999999997,47.28,307.26,55.0,123.0,39.16300010681152,0.0675,0.095,,
2026-10-01T16:59:00+00:00,1790873940,961,Will the Democratic Party win the Mississippi Senate?,68480239794038361406143076899055856619190312116315511680595576676848260383579,0.085,0.105,0.095,0.01999999999999999,8.352503061294556,0.065,0.07,0.0675,0.0050000000000000044,2.131999969482422,-0.03749999999999999,0.0175,0.027499999999999997,47.28,307.26,55.0,106.0,35.58200001716614,,,,
2026-10-01T17:00:00+00:00,1790874000,961,Will the Democratic Party win the Mississippi Senate?,68480239794038361406143076899055856619190312116315511680595576676848260383579,0.085,0.105,0.095,0.01999999999999999,4.83417010307312,0.065,0.07,0.0675,0.0050000000000000044,11.108000040054321,-0.03749999999999999,0.0175,0.027499999999999997,47.28,307.26,55.0,126.0,31.13599991798401,,,,
2026-10-01T16:31:00+00:00,1790872260,963,Will the Democratic Party win the Montana Senate?,5347927708564596277152237992853544331067082389396950570366105113556124265958,0.005,0.015,0.01,0.009999999999999998,19.039324045181274,0.002,0.007,0.0045000000000000005,0.005,37.7260000705719,-0.010499999999999999,0.0004999999999999996,0.0055,150.0,821.0,52.67,174.65,37.7260000705719,0.0045000000000000005,0.01,0.0045000000000000005,0.01
2026-10-01T16:32:00+00:00,1790872320,963,Will the Democratic Party win the Montana Senate?,5347927708564596277152237992853544331067082389396950570366105113556124265958,0.005,0.015,0.01,0.009999999999999998,10.67095398902893,0.002,0.007,0.0045000000000000005,0.005,16.263999938964844,-0.010499999999999999,0.0004999999999999996,0.0055,150.0,821.0,52.67,174.65,16.263999938964844,0.0045000000000000005,0.01,0.0045000000000000005,0.01
2026-10-01T16:33:00+00:00,1790872380,963,Will the Democratic Party win the Montana Senate?,5347927708564596277152237992853544331067082389396950570366105113556124265958,0.005,0.015,0.01,0.009999999999999998,9.304768085479736,0.002,0.007,0.0045000000000000005,0.005,19.740999937057495,-0.010499999999999999,0.0004999999999999996,0.0055,150.0,821.0,52.67,174.65,19.740999937057495,0.0045000000000000005,0.01,0.0045000000000000005,0.01
2026-10-01T16:34:00+00:00,1790872440,963,Will the Democratic Party win the Montana Senate?,5347927708564596277152237992853544331067082389396950570366105113556124265958,0.005,0.015,0.01,0.009999999999999998,1.1754701137542725,0.002,0.007,0.0045000000000000005,0.005,79.7409999370575,-0.010499999999999999,0.0004999999999999996,0.0055,150.0,821.0,52.67,174.65,79.7409999370575,0.0045000000000000005,0.01,0.0045000000000000005,0.01
2026-10-01T16:35:00+00:00,1790872500,963,Will the Democratic Party win the Montana Senate?,5347927708564596277152237992853544331067082389396950570366105113556124265958,0.005,0.015,0.01,0.009999999999999998,10.732901096343994,0.002,0.007,0.0045000000000000005,0.005,139.7409999370575,-0.010499999999999999,0.0004999999999999996,0.0055,150.0,821.0,52.67,174.65,139.7409999370575,0.0045000000000000005,0.01,0.0045000000000000005,0.01
2026-10-01T16:36:00+00:00,1790872560,963,Will the Democratic Party win the Montana Senate?,5347927708564596277152237992853544331067082389396950570366105113556124265958,0.005,0.015,0.01,0.009999999999999998,6.324510097503662,0.002,0.007,0.0045000000000000005,0.005,199.7409999370575,-0.010499999999999999,0.0004999999999999996,0.0055,150.0,821.0,52.67,174.65,199.7409999370575,0.0045000000000000005,0.01,0.0045000000000000005,0.01
2026-10-01T16:37:00+00:00,1790872620,963,Will the Democratic Party win the Montana Senate?,5347927708564596277152237992853544331067082389396950570366105113556124265958,0.005,0.015,0.01,0.009999999999999998,10.92114806175232,0.002,0.007,0.0045000000000000005,0.005,259.7409999370575,-0.010499999999999999,0.0004999999999999996,0.0055,150.0,821.0,52.67,174.65,259.7409999370575,0.0045000000000000005,0.01,0.0045000000000000005,0.01
2026-10-01T16:38:00+00:00,1790872680,963,Will the Democratic Party win the Montana Senate?,5347927708564596277152237992853544331067082389396950570366105113556124265958,0.005,0.015,0.01,0.009999999999999998,16.07640790939331,0.002,0.007,0.0045000000000000005,0.005,16.752000093460083,-0.010499999999999999,0.0004999999999999996,0.0055,150.0,821.0,52.67,174.65,16.752000093460083,0.0045000000000000005,0.01,0.0045000000000000005,0.01
2026-10-01T16:39:00+00:00,1790872740,963,Will the Democratic Party win the Montana Senate?,5347927708564596277152237992853544331067082389396950570366105113556124265958,0.005,0.015,0.01,0.009999999999999998,12.396759033203125,0.002,0.007,0.0045000000000000005,0.005,10.269000053405762,-0.010499999999999999,0.0004999999999999996,0.0055,150.0,821.0,52.67,174.65,10.269000053405762,0.0045000000000000005,0.01,0.0045000000000000005,0.01
2026-10-01T16:40:00+00:00,1790872800,963,Will the Democratic Party win the Montana Senate?,5347927708564596277152237992853544331067082389396950570366105113556124265958,0.005,0.015,0.01,0.009999999999999998,0.3437368869781494,0.002,0.007,0.0045000000000000005,0.005,70.26900005340576,-0.010499999999999999,0.0004999999999999996,0.0055,150.0,821.0,52.67,174.65,70.26900005340576,0.0045000000000000005,0.01,0.0045000000000000005,0.01
2026-10-01T16:41:00+00:00,1790872860,963,Will the Democratic Party win the Montana Senate?,5347927708564596277152237992853544331067082389396950570366105113556124265958,0.005,0.015,0.01,0.009999999999999998,9.688828945159912,0.002,0.007,0.0045000000000000005,0.005,130.26900005340576,-0.010499999999999999,0.0004999999999999996,0.0055,150.0,821.0,52.67,174.65,130.26900005340576,0.0045000000000000005,0.01,0.0045000000000000005,0.01
2026-10-01T16:42:00+00:00,1790872920,963,Will the Democratic Party win the Montana Senate?,5347927708564596277152237992853544331067082389396950570366105113556124265958,0.005,0.015,0.01,0.009999999999999998,33.99252510070801,0.002,0.007,0.0045000000000000005,0.005,10.346999883651733,-0.010499999999999999,0.0004999999999999996,0.0055,150.0,821.0,52.67,174.65,10.346999883651733,0.0045000000000000005,0.01,0.0045000000000000005,0.01
2026-10-01T16:43:00+00:00,1790872980,963,Will the Democratic Party win the Montana Senate?,5347927708564596277152237992853544331067082389396950570366105113556124265958,0.005,0.015,0.01,0.009999999999999998,11.245268106460571,0.002,0.007,0.0045000000000000005,0.005,70.34699988365173,-0.010499999999999999,0.0004999999999999996,0.0055,150.0,821.0,52.67,174.65,70.34699988365173,0.0045000000000000005,0.01,0.0045000000000000005,0.01
2026-10-01T16:44:00+00:00,1790873040,963,Will the Democratic Party win the Montana Senate?,5347927708564596277152237992853544331067082389396950570366105113556124265958,0.005,0.015,0.01,0.009999999999999998,16.648345947265625,0.002,0.007,0.0045000000000000005,0.005,54.930999994277954,-0.010499999999999999,0.0004999999999999996,0.0055,150.0,821.0,52.67,174.65,54.930999994277954,0.0045000000000000005,0.01,0.0045000000000000005,0.01
2026-10-01T16:45:00+00:00,1790873100,963,Will the Democratic Party win the Montana Senate?,5347927708564596277152237992853544331067082389396950570366105113556124265958,0.005,0.015,0.01,0.009999999999999998,10.288052082061768,0.002,0.007,0.0045000000000000005,0.005,12.503999948501587,-0.010499999999999999,0.0004999999999999996,0.0055,150.0,821.0,52.67,174.65,12.503999948501587,0.0045000000000000005,0.01,0.0045000000000000005,0.01
2026-10-01T16:46:00+00:00,1790873160,963,Will the Democratic Party win the Montana Senate?,5347927708564596277152237992853544331067082389396950570366105113556124265958,0.005,0.015,0.01,0.009999999999999998,8.813683032989502,0.002,0.007,0.0045000000000000005,0.005,11.698999881744385,-0.010499999999999999,0.0004999999999999996,0.0055,150.0,821.0,52.67,174.65,11.698999881744385,0.0045000000000000005,0.01,0.0045000000000000005,0.01
2026-10-01T16:47:00+00:00,1790873220,963,Will the Democratic Party win the Montana Senate?,5347927708564596277152237992853544331067082389396950570366105113556124265958,0.005,0.015,0.01,0.009999999999999998,2.003385066986084,0.002,0.007,0.0045000000000000005,0.005,35.223000049591064,-0.010499999999999999,0.0004999999999999996,0.0055,150.0,821.0,52.67,174.65,35.223000049591064,0.0045000000000000005,0.01,0.0045000000000000005,0.01
2026-10-01T16:48:00+00:00,1790873280,963,Will the Democratic Party win the Montana Senate?,5347927708564596277152237992853544331067082389396950570366105113556124265958,0.005,0.015,0.01,0.009999999999999998,15.119266033172607,0.002,0.007,0.0045000000000000005,0.005,31.20199990272522,-0.010499999999999999,0.0004999999999999996,0.0055,150.0,821.0,52.67,174.65,31.20199990272522,0.0045000000000000005,0.01,0.0045000000000000005,0.01
2026-10-01T16:49:00+00:00,1790873340,963,Will the Democratic Party win the Montana Senate?,5347927708564596277152237992853544331067082389396950570366105113556124265958,0.005,0.015,0.01,0.009999999999999998,13.340924978256226,0.002,0.007,0.0045000000000000005,0.005,91.20199990272522,-0.010499999999999999,0.0004999999999999996,0.0055,150.0,821.0,52.67,174.65,91.20199990272522,0.0045000000000000005,0.01,0.0045000000000000005,0.01
2026-10-01T16:50:00+00:00,1790873400,963,Will the Democratic Party win the Montana Senate?,5347927708564596277152237992853544331067082389396950570366105113556124265958,0.005,0.015,0.01,0.009999999999999998,7.910120010375977,0.002,0.007,0.0045000000000000005,0.005,151.20199990272522,-0.010499999999999999,0.0004999999999999996,0.0055,150.0,821.0,52.67,174.65,151.20199990272522,0.0045000000000000005,0.01,0.0045000000000000005,0.01
2026-10-01T16:51:00+00:00,1790873460,963,Will the Democratic Party win the Montana Senate?,5347927708564596277152237992853544331067082389396950570366105113556124265958,0.005,0.015,0.01,0.009999999999999998,20.403312921524048,0.002,0.007,0.0045000000000000005,0.005,211.20199990272522,-0.010499999999999999,0.0004999999999999996,0.0055,150.0,821.0,52.67,174.65,211.20199990272522,0.0045000000000000005,0.01,0.0045000000000000005,0.01
2026-10-01T16:52:00+00:00,1790873520,963,Will the Democratic Party win the Montana Senate?,5347927708564596277152237992853544331067082389396950570366105113556124265958,0.005,0.015,0.01,0.009999999999999998,8.60076904296875,0.002,0.007,0.0045000000000000005,0.005,271.2019999027252,-0.010499999999999999,0.0004999999999999996,0.0055,150.0,821.0,52.67,174.65,271.2019999027252,0.0045000000000000005,0.01,0.0045000000000000005,0.01
2026-10-01T16:53:00+00:00,1790873580,963,Will the Democratic Party win the Montana Senate?,5347927708564596277152237992853544331067082389396950570366105113556124265958,0.005,0.015,0.01,0.009999999999999998,14.247117042541504,0.002,0.007,0.0045000000000000005,0.005,331.2019999027252,-0.010499999999999999,0.0004999999999999996,0.0055,150.0,821.0,52.67,174.65,331.2019999027252,0.0045000000000000005,0.01,0.0045000000000000005,0.01
2026-10-01T16:54:00+00:00,1790873640,963,Will the Democratic Party win the Montana Senate?,5347927708564596277152237992853544331067082389396950570366105113556124265958,0.005,0.015,0.01,0.009999999999999998,4.325053930282593,0.002,0.007,0.0045000000000000005,0.005,391.2019999027252,-0.010499999999999999,0.0004999999999999996,0.0055,150.0,821.0,52.67,174.65,391.2019999027252,0.0045000000000000005,0.01,0.0045000000000000005,0.01
2026-10-01T16:55:00+00:00,1790873700,963,Will the Democratic Party win the Montana Senate?,5347927708564596277152237992853544331067082389396950570366105113556124265958,0.005,0.015,0.01,0.009999999999999998,5.84360408782959,0.002,0.007,0.0045000000000000005,0.005,451.2019999027252,-0.010499999999999999,0.0004999999999999996,0.0055,150.0,821.0,52.67,174.65,451.2019999027252,0.0045000000000000005,0.01,,
2026-10-01T16:56:00+00:00,1790873760,963,Will the Democratic Party win the Montana Senate?,5347927708564596277152237992853544331067082389396950570366105113556124265958,0.005,0.015,0.01,0.009999999999999998,24.504376888275146,0.002,0.007,0.0045000000000000005,0.005,511.2019999027252,-0.010499999999999999,0.0004999999999999996,0.0055,150.0,821.0,52.67,174.65,511.2019999027252,0.0045000000000000005,0.01,,
2026-10-01T16:57:00+00:00,1790873820,963,Will the Democratic Party win the Montana Senate?,5347927708564596277152237992853544331067082389396950570366105113556124265958,0.005,0.015,0.01,0.009999999999999998,27.757040977478027,0.002,0.007,0.0045000000000000005,0.005,571.2019999027252,-0.010499999999999999,0.0004999999999999996,0.0055,150.0,821.0,52.67,174.65,571.2019999027252,0.0045000000000000005,0.01,,
2026-10-01T16:58:00+00:00,1790873880,963,Will the Democratic Party win the Montana Senate?,5347927708564596277152237992853544331067082389396950570366105113556124265958,0.005,0.015,0.01,0.009999999999999998,9.900355100631714,0.002,0.007,0.0045000000000000005,0.005,631.2019999027252,-0.010499999999999999,0.0004999999999999996,0.0055,150.0,821.0,52.67,174.65,631.2019999027252,0.0045000000000000005,0.01,,
2026-10-01T16:59:00+00:00,1790873940,963,Will the Democratic Party win the Montana Senate?,5347927708564596277152237992853544331067082389396950570366105113556124265958,0.005,0.015,0.01,0.009999999999999998,8.071921110153198,0.002,0.007,0.0045000000000000005,0.005,40.4760000705719,-0.010499999999999999,0.0004999999999999996,0.0055,150.0,821.0,52.67,174.65,40.4760000705719,,,,
2026-10-01T17:00:00+00:00,1790874000,963,Will the Democratic Party win the Montana Senate?,5347927708564596277152237992853544331067082389396950570366105113556124265958,0.005,0.015,0.01,0.009999999999999998,4.207170009613037,0.002,0.007,0.0045000000000000005,0.005,36.81399989128113,-0.010499999999999999,0.0004999999999999996,0.0055,150.0,821.0,52.67,174.65,36.81399989128113,,,,
2026-10-01T16:31:00+00:00,1790872260,969,Will the Independent Party win the Nebraska Senate?,47975366268282823322598946778919483335780002591367838795894307024076579116518,0.27,0.295,0.2825,0.024999999999999967,19.039324045181274,0.3,0.31,0.305,0.010000000000000009,0.6319999694824219,0.010000000000000009,-0.034999999999999976,0.02250000000000002,3844.93,23333.73,61100.99,150890.33,0.6319999694824219,0.305,0.2825,0.305,0.27749999999999997
2026-10-01T16:32:00+00:00,1790872320,969,Will the Independent Party win the Nebraska Senate?,47975366268282823322598946778919483335780002591367838795894307024076579116518,0.27,0.295,0.2825,0.024999999999999967,10.67095398902893,0.3,0.31,0.305,0.010000000000000009,3.1559998989105225,0.010000000000000009,-0.034999999999999976,0.02250000000000002,3784.93,23273.73,61040.99,150830.33,3.1559998989105225,0.305,0.28,0.305,0.2825
2026-10-01T16:33:00+00:00,1790872380,969,Will the Independent Party win the Nebraska Senate?,47975366268282823322598946778919483335780002591367838795894307024076579116518,0.265,0.295,0.28,0.02999999999999997,9.304768085479736,0.3,0.31,0.305,0.010000000000000009,3.7060000896453857,0.010000000000000009,-0.03999999999999998,0.024999999999999967,3784.93,21713.73,61040.99,149270.33,3.7060000896453857,0.305,0.28,0.305,0.28
2026-10-01T16:34:00+00:00,1790872440,969,Will the Independent Party win the Nebraska Senate?,47975366268282823322598946778919483335780002591367838795894307024076579116518,0.27,0.29,0.28,0.019999999999999962,1.1754701137542725,0.3,0.31,0.305,0.010000000000000009,1.4110000133514404,0.015000000000000013,-0.034999999999999976,0.024999999999999967,3784.93,21713.73,61040.99,149270.33,63.706000089645386,0.305,0.27749999999999997,0.305,0.28
2026-10-01T16:35:00+00:00,1790872500,969,Will the Independent Party win the Nebraska Senate?,47975366268282823322598946778919483335780002591367838795894307024076579116518,0.27,0.285,0.27749999999999997,0.014999999999999958,10.732901096343994,0.3,0.31,0.305,0.010000000000000009,0.0,0.020000000000000018,-0.034999999999999976,0.027500000000000024,3784.93,23453.73,61040.99,153010.33,56.0,0.305,0.27749999999999997,0.305,0.275
2026-10-01T16:36:00+00:00,1790872560,969,Will the Independent Party win the Nebraska Senate?,47975366268282823322598946778919483335780002591367838795894307024076579116518,0.27,0.285,0.27749999999999997,0.014999999999999958,6.324510097503662,0.3,0.31,0.305,0.010000000000000009,0.440000057220459,0.020000000000000018,-0.034999999999999976,0.027500000000000024,3684.93,19694.23,58540.99,160891.71,59.92799997329712,0.305,0.2825,0.305,0.3
2026-10-01T16:37:00+00:00,1790872620,969,Will the Independent Party win the Nebraska Senate?,47975366268282823322598946778919483335780002591367838795894307024076579116518,0.275,0.29,0.2825,0.014999999999999958,10.92114806175232,0.3,0.31,0.305,0.010000000000000009,12.730000019073486,0.015000000000000013,-0.02999999999999997,0.02250000000000002,3904.93,25934.23,59560.99,166351.71,55.38000011444092,0.305,0.28,0.305,0.3
2026-10-01T16:38:00+00:00,1790872680,969,Will the Independent Party win the Nebraska Senate?,47975366268282823322598946778919483335780002591367838795894307024076579116518,0.275,0.285,0.28,0.009999999999999953,16.07640790939331,0.3,0.31,0.305,0.010000000000000009,3.5510001182556152,0.020000000000000018,-0.02999999999999997,0.024999999999999967,3904.93,29362.23,59660.99,169879.71,58.551000118255615,0.305,0.28,0.305,0.2875
2026-10-01T16:39:00+00:00,1790872740,969,Will the Independent Party win the Nebraska Senate?,47975366268282823322598946778919483335780002591367838795894307024076579116518,0.275,0.285,0.28,0.009999999999999953,12.396759033203125,0.3,0.31,0.305,0.010000000000000009,2.5439999103546143,0.020000000000000018,-0.02999999999999997,0.024999999999999967,3904.93,34328.23,59660.99,175138.71,57.0,0.305,0.275,0.305,0.3
2026-10-01T16:40:00+00:00,1790872800,969,Will the Independent Party win the Nebraska Senate?,47975366268282823322598946778919483335780002591367838795894307024076579116518,0.27,0.28,0.275,0.010000000000000009,0.3437368869781494,0.3,0.31,0.305,0.010000000000000009,1.4619998931884766,0.024999999999999967,-0.034999999999999976,0.02999999999999997,3784.93,20084.23,59660.99,162071.71,57.08699989318848,0.305,0.3,0.305,0.2825
2026-10-01T16:41:00+00:00,1790872860,969,Will the Independent Party win the Nebraska Senate?,47975366268282823322598946778919483335780002591367838795894307024076579116518,0.295,0.305,0.3,0.010000000000000009,9.688828945159912,0.3,0.31,0.305,0.010000000000000009,5.240999937057495,0.0,-0.010000000000000009,0.0050000000000000044,3784.93,21332.23,59660.99,148853.83,5.240999937057495,0.305,0.3,0.305,0.29000000000000004
2026-10-01T16:42:00+00:00,1790872920,969,Will the Independent Party win the Nebraska Senate?,47975366268282823322598946778919483335780002591367838795894307024076579116518,0.295,0.305,0.3,0.010000000000000009,33.99252510070801,0.3,0.31,0.305,0.010000000000000009,12.91599988937378,0.0,-0.010000000000000009,0.0050000000000000044,3784.93,21332.23,59660.99,148853.83,65.2409999370575,0.305,0.2875,0.305,0.28500000000000003
2026-10-01T16:43:00+00:00,1790872980,969,Will the Independent Party win the Nebraska Senate?,47975366268282823322598946778919483335780002591367838795894307024076579116518,0.28,0.295,0.2875,0.014999999999999958,11.245268106460571,0.3,0.31,0.305,0.010000000000000009,0.40599989891052246,0.010000000000000009,-0.024999999999999967,0.017500000000000016,3784.93,17668.23,59720.99,146109.83,0.40599989891052246,0.305,0.3,0.305,0.2825
2026-10-01T16:44:00+00:00,1790873040,969,Will the Independent Party win the Nebraska Senate?,47975366268282823322598946778919483335780002591367838795894307024076579116518,0.295,0.305,0.3,0.010000000000000009,16.648345947265625,0.3,0.31,0.305,0.010000000000000009,0.9769999980926514,0.0,-0.010000000000000009,0.0050000000000000044,3784.93,17668.23,59720.99,146109.83,60.40599989891052,0.305,0.2825,0.305,0.2825
2026-10-01T16:45:00+00:00,1790873100,969,Will the Independent Party win the Nebraska Senate?,47975366268282823322598946778919483335780002591367838795894307024076579116518,0.27,0.295,0.2825,0.024999999999999967,10.288052082061768,0.3,0.31,0.305,0.010000000000000009,8.657999992370605,0.010000000000000009,-0.034999999999999976,0.02250000000000002,3784.93,21487.73,59600.99,151852.83,8.657999992370605,0.305,0.29000000000000004,0.305,0.28500000000000003
2026-10-01T16:46:00+00:00,1790873160,969,Will the Independent Party win the Nebraska Senate?,47975366268282823322598946778919483335780002591367838795894307024076579116518,0.275,0.305,0.29000000000000004,0.02999999999999997,8.813683032989502,0.3,0.31,0.305,0.010000000000000009,5.0,0.0,-0.02999999999999997,0.014999999999999958,3784.93,21487.73,59600.99,151852.83,68.6579999923706,0.305,0.28500000000000003,0.305,0.2825
2026-10-01T16:47:00+00:00,1790873220,969,Will the Independent Party win the Nebraska Senate?,47975366268282823322598946778919483335780002591367838795894307024076579116518,0.28,0.29,0.28500000000000003,0.009999999999999953,2.003385066986084,0.3,0.31,0.305,0.010000000000000009,16.16000008583069,0.015000000000000013,-0.024999999999999967,0.019999999999999962,3784.93,28659.489999999998,59600.99,168551.71,48.34500002861023,0.305,0.2825,0.305,0.27749999999999997
2026-10-01T16:48:00+00:00,1790873280,969,Will the Independent Party win the Nebraska Senate?,47975366268282823322598946778919483335780002591367838795894307024076579116518,0.27,0.295,0.2825,0.024999999999999967,15.119266033172607,0.3,0.31,0.305,0.010000000000000009,0.38899993896484375,0.010000000000000009,-0.034999999999999976,0.02250000000000002,3684.93,29738.49,59600.99,169730.71,0.38899993896484375,0.305,0.2825,0.305,0.27749999999999997
2026-10-01T16:49:00+00:00,1790873340,969,Will the Independent Party win the Nebraska Senate?,47975366268282823322598946778919483335780002591367838795894307024076579116518,0.27,0.295,0.2825,0.024999999999999967,13.340924978256226,0.3,0.31,0.305,0.010000000000000009,0.7639999389648438,0.010000000000000009,-0.034999999999999976,0.02250000000000002,3684.93,29738.49,59600.99,169730.71,60.388999938964844,0.305,0.28500000000000003,0.305,0.2825
2026-10-01T16:50:00+00:00,1790873400,969,Will the Independent Party win the Nebraska Senate?,47975366268282823322598946778919483335780002591367838795894307024076579116518,0.275,0.295,0.28500000000000003,0.019999999999999962,7.910120010375977,0.3,0.31,0.305,0.010000000000000009,0.9560000896453857,0.010000000000000009,-0.02999999999999997,0.019999999999999962,3684.93,25731.14,59200.55,160400.27000000002,42.71000003814697,0.305,0.2825,0.305,0.28
2026-10-01T16:51:00+00:00,1790873460,969,Will the Independent Party win the Nebraska Senate?,47975366268282823322598946778919483335780002591367838795894307024076579116518,0.275,0.29,0.2825,0.014999999999999958,20.403312921524048,0.3,0.31,0.305,0.010000000000000009,0.20099997520446777,0.015000000000000013,-0.02999999999999997,0.02250000000000002,3284.93,26543.14,59721.01,161724.73,38.44199991226196,0.305,0.27749999999999997,0.305,0.27749999999999997
2026-10-01T16:52:00+00:00,1790873520,969,Will the Independent Party win the Nebraska Senate?,47975366268282823322598946778919483335780002591367838795894307024076579116518,0.27,0.285,0.27749999999999997,0.014999999999999958,8.60076904296875,0.3,0.31,0.305,0.010000000000000009,5.450000047683716,0.020000000000000018,-0.034999999999999976,0.027500000000000024,3284.93,27971.2,59721.01,165131.73,38.323999881744385,0.305,0.27749999999999997,0.305,0.27749999999999997
2026-10-01T16:53:00+00:00,1790873580,969,Will the Independent Party win the Nebraska Senate?,47975366268282823322598946778919483335780002591367838795894307024076579116518,0.27,0.285,0.27749999999999997,0.014999999999999958,14.247117042541504,0.3,0.31,0.305,0.010000000000000009,1.9179999828338623,0.020000000000000018,-0.034999999999999976,0.027500000000000024,3137.93,25586.74,59721.01,158830.23,37.170000076293945,0.305,0.2825,0.305,0.275
2026-10-01T16:54:00+00:00,1790873640,969,Will the Independent Party win the Nebraska Senate?,47975366268282823322598946778919483335780002591367838795894307024076579116518,0.28,0.285,0.2825,0.004999999999999949,4.325053930282593,0.3,0.31,0.305,0.010000000000000009,4.9709999561309814,0.020000000000000018,-0.024999999999999967,0.02250000000000002,3137.93,27266.74,59721.01,161171.35,36.11999988555908,0.305,0.28,0.305,0.28500000000000003
2026-10-01T16:55:00+00:00,1790873700,969,Will the Independent Party win the Nebraska Senate?,47975366268282823322598946778919483335780002591367838795894307024076579116518,0.265,0.295,0.28,0.02999999999999997,5.84360408782959,0.3,0.31,0.305,0.010000000000000009,1.8269999027252197,0.010000000000000009,-0.03999999999999998,0.024999999999999967,3137.93,20973.16,59721.01,142491.35,35.03600001335144,0.305,0.27749999999999997,,
2026-10-01T16:56:00+00:00,1790873760,969,Will the Independent Party win the Nebraska Senate?,47975366268282823322598946778919483335780002591367838795894307024076579116518,0.265,0.29,0.27749999999999997,0.024999999999999967,24.504376888275146,0.3,0.31,0.305,0.010000000000000009,1.5799999237060547,0.015000000000000013,-0.03999999999999998,0.027500000000000024,3137.93,22893.16,59721.01,149411.35,48.049999952316284,0.305,0.27749999999999997,,
2026-10-01T16:57:00+00:00,1790873820,969,Will the Independent Party win the Nebraska Senate?,47975366268282823322598946778919483335780002591367838795894307024076579116518,0.265,0.29,0.27749999999999997,0.024999999999999967,27.757040977478027,0.3,0.31,0.305,0.010000000000000009,2.697000026702881,0.015000000000000013,-0.03999999999999998,0.027500000000000024,3137.93,15244.16,59721.01,143276.35,34.31100010871887,0.305,0.275,,
2026-10-01T16:58:00+00:00,1790873880,969,Will the Independent Party win the Nebraska Senate?,47975366268282823322598946778919483335780002591367838795894307024076579116518,0.26,0.29,0.275,0.02999999999999997,9.900355100631714,0.3,0.31,0.305,0.010000000000000009,11.805000066757202,0.015000000000000013,-0.044999999999999984,0.02999999999999997,3137.93,17224.16,59321.01,144856.35,30.35700011253357,0.305,0.28500000000000003,,
2026-10-01T16:59:00+00:00,1790873940,969,Will the Independent Party win the Nebraska Senate?,47975366268282823322598946778919483335780002591367838795894307024076579116518,0.27,0.3,0.28500000000000003,0.02999999999999997,8.071921110153198,0.3,0.31,0.305,0.010000000000000009,9.624000072479248,0.0050000000000000044,-0.034999999999999976,0.019999999999999962,3137.93,17806.16,59867.1,145395.44,30.825999975204468,,,,
2026-10-01T17:00:00+00:00,1790874000,969,Will the Independent Party win the Nebraska Senate?,47975366268282823322598946778919483335780002591367838795894307024076579116518,0.27,0.285,0.27749999999999997,0.014999999999999958,4.207170009613037,0.3,0.31,0.305,0.010000000000000009,0.6480000019073486,0.020000000000000018,-0.034999999999999976,0.027500000000000024,3137.93,17986.16,59821.01,145896.35,37.99900007247925,,,,
2026-10-01T16:31:00+00:00,1790872260,970,Will the Republican Party win the Nebraska Senate?,92576281548134350814800877416860562553699794074017301653635964206220838638047,0.72,0.725,0.7224999999999999,0.0050000000000000044,19.039324045181274,0.7,0.71,0.705,0.010000000000000009,0.9590001106262207,-0.020000000000000018,0.015000000000000013,0.01749999999999996,10257.32,107256.56,3889.35,64923.89,0.9590001106262207,0.705,0.7224999999999999,0.705,0.705
2026-10-01T16:32:00+00:00,1790872320,970,Will the Republican Party win the Nebraska Senate?,92576281548134350814800877416860562553699794074017301653635964206220838638047,0.72,0.725,0.7224999999999999,0.0050000000000000044,10.67095398902893,0.7,0.71,0.705,0.010000000000000009,0.44499993324279785,-0.020000000000000018,0.015000000000000013,0.01749999999999996,10257.32,107256.56,3889.35,64923.89,60.95900011062622,0.705,0.7075,0.705,0.7075
2026-10-01T16:33:00+00:00,1790872380,970,Will the Republican Party win the Nebraska Senate?,92576281548134350814800877416860562553699794074017301653635964206220838638047,0.695,0.72,0.7075,0.025000000000000022,9.304768085479736,0.7,0.71,0.705,0.010000000000000009,5.020999908447266,-0.015000000000000013,-0.010000000000000009,0.0025000000000000577,10257.32,108261.56,3889.35,65868.89,59.72699999809265,0.705,0.7024999999999999,0.705,0.7075
2026-10-01T16:34:00+00:00,1790872440,970,Will the Republican Party win the Nebraska Senate?,92576281548134350814800877416860562553699794074017301653635964206220838638047,0.695,0.71,0.7024999999999999,0.015000000000000013,1.1754701137542725,0.7,0.71,0.705,0.010000000000000009,0.934999942779541,-0.0050000000000000044,-0.010000000000000009,0.0025000000000000577,10257.32,106101.56,3889.35,64383.89,59.9300000667572,0.705,0.705,0.705,0.705
2026-10-01T16:35:00+00:00,1790872500,970,Will the Republican Party win the Nebraska Senate?,92576281548134350814800877416860562553699794074017301653635964206220838638047,0.7,0.71,0.705,0.010000000000000009,10.732901096343994,0.7,0.71,0.705,0.010000000000000009,1.9619998931884766,-0.0050000000000000044,-0.0050000000000000044,0.0,8972.32,96084.56,3119.35,52196.71,56.14800000190735,0.705,0.705,0.705,0.7
2026-10-01T16:36:00+00:00,1790872560,970,Will the Republican Party win the Nebraska Senate?,92576281548134350814800877416860562553699794074017301653635964206220838638047,0.7,0.71,0.705,0.010000000000000009,6.324510097503662,0.7,0.71,0.705,0.010000000000000009,0.9660000801086426,-0.0050000000000000044,-0.0050000000000000044,0.0,10377.32,105155.95,2711.35,67233.48,57.87299990653992,0.705,0.7075,0.705,0.7024999999999999
2026-10-01T16:37:00+00:00,1790872620,970,Will the Republican Party win the Nebraska Senate?,92576281548134350814800877416860562553699794074017301653635964206220838638047,0.705,0.71,0.7075,0.0050000000000000044,10.92114806175232,0.7,0.71,0.705,0.010000000000000009,0.5799999237060547,-0.0050000000000000044,0.0,0.0025000000000000577,10377.32,107552.95,2416.35,69555.48,55.53399991989136,0.705,0.7075,0.705,0.7024999999999999