at,t,exchange_id,title,token_id,sig_bid,sig_ask,sig_mid,sig_spread,sig_age_s,pm_bid,pm_ask,pm_mid,pm_spread,pm_age_s,buy_edge,sell_edge,abs_residual,pm_bid1_size,pm_bid_depth5,pm_ask1_size,pm_ask_depth5,pm_depth_age_s,pm_mid_60s,sig_mid_60s,pm_mid_300s,sig_mid_300s
2026-10-01T16:53:00+00:00,1790873580,1029,Will the Democratic Party win the TN-05 House race?,21093900327085732156538279868500731871043932639237011371281062480462349465304,0.08,0.09,0.08499999999999999,0.009999999999999995,3.225053071975708,0.064,0.065,0.0645,0.0010000000000000009,14.480999946594238,-0.025499999999999995,0.0155,0.02049999999999999,90.0,448.0,133.0,1294.99,39.9300000667572,0.0645,0.08499999999999999,0.0645,0.0875
2026-10-01T16:54:00+00:00,1790873640,1029,Will the Democratic Party win the TN-05 House race?,21093900327085732156538279868500731871043932639237011371281062480462349465304,0.08,0.09,0.08499999999999999,0.009999999999999995,7.628271102905273,0.064,0.065,0.0645,0.0010000000000000009,0.25799989700317383,-0.025499999999999995,0.0155,0.02049999999999999,90.0,448.0,133.0,1294.99,44.26099991798401,0.0645,0.08499999999999999,0.0645,0.08499999999999999
2026-10-01T16:55:00+00:00,1790873700,1029,Will the Democratic Party win the TN-05 House race?,21093900327085732156538279868500731871043932639237011371281062480462349465304,0.075,0.095,0.08499999999999999,0.020000000000000004,6.943968057632446,0.064,0.065,0.0645,0.0010000000000000009,4.331000089645386,-0.0305,0.010499999999999995,0.02049999999999999,90.0,448.0,133.0,1294.99,54.769999980926514,0.0645,0.08499999999999999,,0.08499999999999999
2026-10-01T16:56:00+00:00,1790873760,1029,Will the Democratic Party win the TN-05 House race?,21093900327085732156538279868500731871043932639237011371281062480462349465304,0.075,0.095,0.08499999999999999,0.020000000000000004,3.9969050884246826,0.064,0.065,0.0645,0.0010000000000000009,20.38599991798401,-0.0305,0.010499999999999995,0.02049999999999999,90.0,448.0,133.0,1294.99,47.78600001335144,0.0645,0.08499999999999999,,
2026-10-01T16:57:00+00:00,1790873820,1029,Will the Democratic Party win the TN-05 House race?,21093900327085732156538279868500731871043932639237011371281062480462349465304,0.075,0.095,0.08499999999999999,0.020000000000000004,32.11371898651123,0.064,0.065,0.0645,0.0010000000000000009,3.5480000972747803,-0.0305,0.010499999999999995,0.02049999999999999,90.0,522.98,133.0,1274.99,3.5480000972747803,0.0645,0.0875,,
2026-10-01T16:58:00+00:00,1790873880,1029,Will the Democratic Party win the TN-05 House race?,21093900327085732156538279868500731871043932639237011371281062480462349465304,0.08,0.095,0.0875,0.015,17.044742107391357,0.064,0.065,0.0645,0.0010000000000000009,7.927000045776367,-0.0305,0.0155,0.022999999999999993,90.0,522.98,133.0,1274.99,63.54800009727478,0.0645,0.08499999999999999,,
2026-10-01T16:59:00+00:00,1790873940,1029,Will the Democratic Party win the TN-05 House race?,21093900327085732156538279868500731871043932639237011371281062480462349465304,0.08,0.09,0.08499999999999999,0.009999999999999995,13.210262060165405,0.064,0.065,0.0645,0.0010000000000000009,21.20300006866455,-0.025499999999999995,0.0155,0.02049999999999999,90.0,522.98,133.0,1274.99,36.94799995422363,,0.08499999999999999,,
2026-10-01T17:00:00+00:00,1790874000,1029,Will the Democratic Party win the TN-05 House race?,21093900327085732156538279868500731871043932639237011371281062480462349465304,0.08,0.09,0.08499999999999999,0.009999999999999995,5.3212010860443115,0.064,0.065,0.0645,0.0010000000000000009,5.132999897003174,-0.025499999999999995,0.0155,0.02049999999999999,90.0,522.98,133.0,1274.99,34.246999979019165,,,,
2026-10-01T16:30:00+00:00,1790872200,1030,Will the Republican Party win the TN-05 House race?,70611387410738959528084339484893630361746409691183277603893453160832832415748,0.895,0.915,0.905,0.020000000000000018,1.9356589317321777,0.91,0.92,0.915,0.010000000000000009,10.67799997329712,0.0,-0.020000000000000018,0.010000000000000009,669.24,3070.2,179.75,4513.26,10.67799997329712,0.915,0.9125000000000001,0.915,0.9125000000000001
2026-10-01T16:31:00+00:00,1790872260,1030,Will the Republican Party win the TN-05 House race?,70611387410738959528084339484893630361746409691183277603893453160832832415748,0.895,0.93,0.9125000000000001,0.03500000000000003,26.787092924118042,0.91,0.92,0.915,0.010000000000000009,0.0,-0.015000000000000013,-0.020000000000000018,0.0024999999999999467,669.24,3070.2,179.75,4649.01,6.57699990272522,0.915,0.915,0.915,0.91
2026-10-01T16:32:00+00:00,1790872320,1030,Will the Republican Party win the TN-05 House race?,70611387410738959528084339484893630361746409691183277603893453160832832415748,0.9,0.93,0.915,0.030000000000000027,11.947817087173462,0.91,0.92,0.915,0.010000000000000009,1.7769999504089355,-0.015000000000000013,-0.015000000000000013,0.0,582.24,2983.2,92.75,4647.01,1.7769999504089355,0.915,0.9125000000000001,0.915,0.915
2026-10-01T16:33:00+00:00,1790872380,1030,Will the Republican Party win the TN-05 House race?,70611387410738959528084339484893630361746409691183277603893453160832832415748,0.895,0.93,0.9125000000000001,0.03500000000000003,13.277174949645996,0.91,0.92,0.915,0.010000000000000009,5.601000070571899,-0.015000000000000013,-0.020000000000000018,0.0024999999999999467,582.24,2983.2,92.75,4647.01,61.776999950408936,0.915,0.9125000000000001,0.915,0.915
2026-10-01T16:34:00+00:00,1790872440,1030,Will the Republican Party win the TN-05 House race?,70611387410738959528084339484893630361746409691183277603893453160832832415748,0.9,0.925,0.9125000000000001,0.025000000000000022,3.746644973754883,0.91,0.92,0.915,0.010000000000000009,2.381999969482422,-0.010000000000000009,-0.015000000000000013,0.0024999999999999467,582.24,3059.31,92.75,3264.01,2.381999969482422,0.915,0.9125000000000001,0.915,0.915
2026-10-01T16:35:00+00:00,1790872500,1030,Will the Republican Party win the TN-05 House race?,70611387410738959528084339484893630361746409691183277603893453160832832415748,0.9,0.925,0.9125000000000001,0.025000000000000022,0.31102609634399414,0.91,0.92,0.915,0.010000000000000009,6.642999887466431,-0.010000000000000009,-0.015000000000000013,0.0024999999999999467,582.24,3059.31,92.75,3264.01,62.38199996948242,0.915,0.91,0.915,0.9125000000000001
2026-10-01T16:36:00+00:00,1790872560,1030,Will the Republican Party win the TN-05 House race?,70611387410738959528084339484893630361746409691183277603893453160832832415748,0.9,0.92,0.91,0.020000000000000018,7.302902936935425,0.91,0.92,0.915,0.010000000000000009,15.309000015258789,-0.0050000000000000044,-0.015000000000000013,0.0050000000000000044,542.24,2997.56,92.75,2887.16,57.30299997329712,0.915,0.915,0.915,0.9125000000000001
2026-10-01T16:37:00+00:00,1790872620,1030,Will the Republican Party win the TN-05 House race?,70611387410738959528084339484893630361746409691183277603893453160832832415748,0.9,0.93,0.915,0.030000000000000027,13.863194942474365,0.91,0.92,0.915,0.010000000000000009,0.8080000877380371,-0.015000000000000013,-0.015000000000000013,0.0,542.24,3011.68,92.75,3434.66,0.8080000877380371,0.915,0.915,0.915,0.9125000000000001
2026-10-01T16:38:00+00:00,1790872680,1030,Will the Republican Party win the TN-05 House race?,70611387410738959528084339484893630361746409691183277603893453160832832415748,0.9,0.93,0.915,0.030000000000000027,0.41014599800109863,0.91,0.92,0.915,0.010000000000000009,12.448999881744385,-0.015000000000000013,-0.015000000000000013,0.0,542.24,3011.68,92.75,3434.66,60.80800008773804,0.915,0.915,0.915,0.9125000000000001
2026-10-01T16:39:00+00:00,1790872740,1030,Will the Republican Party win the TN-05 House race?,70611387410738959528084339484893630361746409691183277603893453160832832415748,0.9,0.93,0.915,0.030000000000000027,1.9710490703582764,0.91,0.92,0.915,0.010000000000000009,13.111000061035156,-0.015000000000000013,-0.015000000000000013,0.0,542.24,3258.68,92.75,3766.66,54.55200004577637,0.915,0.9125000000000001,0.915,0.915
2026-10-01T16:40:00+00:00,1790872800,1030,Will the Republican Party win the TN-05 House race?,70611387410738959528084339484893630361746409691183277603893453160832832415748,0.9,0.925,0.9125000000000001,0.025000000000000022,6.200860977172852,0.91,0.92,0.915,0.010000000000000009,3.0450000762939453,-0.010000000000000009,-0.015000000000000013,0.0024999999999999467,542.24,2803.81,92.75,2804.7599999999998,52.91300010681152,0.915,0.9125000000000001,0.915,0.915
2026-10-01T16:41:00+00:00,1790872860,1030,Will the Republican Party win the TN-05 House race?,70611387410738959528084339484893630361746409691183277603893453160832832415748,0.9,0.925,0.9125000000000001,0.025000000000000022,14.08511996269226,0.91,0.92,0.915,0.010000000000000009,12.101999998092651,-0.010000000000000009,-0.015000000000000013,0.0024999999999999467,542.24,2803.81,92.75,2804.7599999999998,57.30399990081787,0.915,0.9125000000000001,0.915,0.915
2026-10-01T16:42:00+00:00,1790872920,1030,Will the Republican Party win the TN-05 House race?,70611387410738959528084339484893630361746409691183277603893453160832832415748,0.9,0.925,0.9125000000000001,0.025000000000000022,2.3234360218048096,0.91,0.92,0.915,0.010000000000000009,5.763999938964844,-0.010000000000000009,-0.015000000000000013,0.0024999999999999467,542.24,2803.81,92.75,2804.7599999999998,49.878000020980835,0.915,0.9125000000000001,0.915,0.915
2026-10-01T16:43:00+00:00,1790872980,1030,Will the Republican Party win the TN-05 House race?,70611387410738959528084339484893630361746409691183277603893453160832832415748,0.9,0.925,0.9125000000000001,0.025000000000000022,12.125925064086914,0.91,0.92,0.915,0.010000000000000009,7.960000038146973,-0.010000000000000009,-0.015000000000000013,0.0024999999999999467,542.24,2803.81,92.75,2658.7599999999998,49.93400001525879,0.915,0.915,0.915,0.915
2026-10-01T16:44:00+00:00,1790873040,1030,Will the Republican Party win the TN-05 House race?,70611387410738959528084339484893630361746409691183277603893453160832832415748,0.905,0.925,0.915,0.020000000000000018,4.685549020767212,0.91,0.92,0.915,0.010000000000000009,0.7560000419616699,-0.010000000000000009,-0.010000000000000009,0.0,542.24,2803.81,92.75,3134.7599999999998,46.30900001525879,0.915,0.915,0.915,0.915
2026-10-01T16:45:00+00:00,1790873100,1030,Will the Republican Party win the TN-05 House race?,70611387410738959528084339484893630361746409691183277603893453160832832415748,0.905,0.925,0.915,0.020000000000000018,11.333298921585083,0.91,0.92,0.915,0.010000000000000009,31.545000076293945,-0.010000000000000009,-0.010000000000000009,0.0,582.24,2692.3,92.75,3713.4700000000003,55.38000011444092,0.915,0.915,0.915,0.915
2026-10-01T16:46:00+00:00,1790873160,1030,Will the Republican Party win the TN-05 House race?,70611387410738959528084339484893630361746409691183277603893453160832832415748,0.905,0.925,0.915,0.020000000000000018,16.78393292427063,0.91,0.92,0.915,0.010000000000000009,24.068000078201294,-0.010000000000000009,-0.010000000000000009,0.0,582.24,2692.3,92.75,3753.4700000000003,44.831000089645386,0.915,0.915,0.915,0.915
2026-10-01T16:47:00+00:00,1790873220,1030,Will the Republican Party win the TN-05 House race?,70611387410738959528084339484893630361746409691183277603893453160832832415748,0.905,0.925,0.915,0.020000000000000018,6.322540044784546,0.91,0.92,0.915,0.010000000000000009,46.50699996948242,-0.010000000000000009,-0.010000000000000009,0.0,602.24,2607.26,112.75,3003.4700000000003,46.50699996948242,0.915,0.915,0.915,0.915
2026-10-01T16:48:00+00:00,1790873280,1030,Will the Republican Party win the TN-05 House race?,70611387410738959528084339484893630361746409691183277603893453160832832415748,0.905,0.925,0.915,0.020000000000000018,16.129640102386475,0.91,0.92,0.915,0.010000000000000009,16.592000007629395,-0.010000000000000009,-0.010000000000000009,0.0,602.24,2607.26,112.75,3203.47,57.43899989128113,0.915,0.915,0.915,0.9125000000000001
2026-10-01T16:49:00+00:00,1790873340,1030,Will the Republican Party win the TN-05 House race?,70611387410738959528084339484893630361746409691183277603893453160832832415748,0.905,0.925,0.915,0.020000000000000018,2.2553870677948,0.91,0.92,0.915,0.010000000000000009,0.8169999122619629,-0.010000000000000009,-0.010000000000000009,0.0,582.24,2429.02,92.75,3424.2599999999998,0.8169999122619629,0.915,0.915,0.915,0.9125000000000001
2026-10-01T16:50:00+00:00,1790873400,1030,Will the Republican Party win the TN-05 House race?,70611387410738959528084339484893630361746409691183277603893453160832832415748,0.905,0.925,0.915,0.020000000000000018,8.873982906341553,0.91,0.92,0.915,0.010000000000000009,0.1099998950958252,-0.010000000000000009,-0.010000000000000009,0.0,582.24,2429.02,92.75,3424.2599999999998,60.81699991226196,0.915,0.915,0.915,0.915
2026-10-01T16:51:00+00:00,1790873460,1030,Will the Republican Party win the TN-05 House race?,70611387410738959528084339484893630361746409691183277603893453160832832415748,0.905,0.925,0.915,0.020000000000000018,21.290581941604614,0.91,0.92,0.915,0.010000000000000009,24.039999961853027,-0.010000000000000009,-0.010000000000000009,0.0,506.24,2373.02,92.75,3184.2599999999998,40.157999992370605,0.915,0.915,0.915,0.915
2026-10-01T16:52:00+00:00,1790873520,1030,Will the Republican Party win the TN-05 House race?,70611387410738959528084339484893630361746409691183277603893453160832832415748,0.905,0.925,0.915,0.020000000000000018,25.642420053482056,0.91,0.92,0.915,0.010000000000000009,19.638999938964844,-0.010000000000000009,-0.010000000000000009,0.0,506.24,2386.02,92.75,2553.5099999999998,44.644999980926514,0.915,0.9125000000000001,0.915,0.915
2026-10-01T16:53:00+00:00,1790873580,1030,Will the Republican Party win the TN-05 House race?,70611387410738959528084339484893630361746409691183277603893453160832832415748,0.905,0.92,0.9125000000000001,0.015000000000000013,3.225053071975708,0.91,0.92,0.915,0.010000000000000009,43.96399998664856,-0.0050000000000000044,-0.010000000000000009,0.0024999999999999467,506.24,2386.02,92.75,2593.5099999999998,43.96399998664856,0.915,0.9125000000000001,0.915,0.9125000000000001
2026-10-01T16:54:00+00:00,1790873640,1030,Will the Republican Party win the TN-05 House race?,70611387410738959528084339484893630361746409691183277603893453160832832415748,0.905,0.92,0.9125000000000001,0.015000000000000013,7.628271102905273,0.91,0.92,0.915,0.010000000000000009,49.5,-0.0050000000000000044,-0.010000000000000009,0.0024999999999999467,506.24,2393.02,92.75,2600.5099999999998,49.5,0.915,0.915,0.915,0.9125000000000001
2026-10-01T16:55:00+00:00,1790873700,1030,Will the Republican Party win the TN-05 House race?,70611387410738959528084339484893630361746409691183277603893453160832832415748,0.905,0.925,0.915,0.020000000000000018,6.943968057632446,0.91,0.92,0.915,0.010000000000000009,3.427999973297119,-0.010000000000000009,-0.010000000000000009,0.0,506.24,2393.02,92.75,2600.5099999999998,34.819000005722046,0.915,0.915,,0.9125000000000001
2026-10-01T16:56:00+00:00,1790873760,1030,Will the Republican Party win the TN-05 House race?,70611387410738959528084339484893630361746409691183277603893453160832832415748,0.905,0.925,0.915,0.020000000000000018,3.9969050884246826,0.91,0.92,0.915,0.010000000000000009,20.88100004196167,-0.010000000000000009,-0.010000000000000009,0.0,506.24,2393.02,92.75,3269.23,39.24499988555908,0.915,0.915,,
2026-10-01T16:57:00+00:00,1790873820,1030,Will the Republican Party win the TN-05 House race?,70611387410738959528084339484893630361746409691183277603893453160832832415748,0.905,0.925,0.915,0.020000000000000018,32.11371898651123,0.91,0.92,0.915,0.010000000000000009,13.71399998664856,-0.010000000000000009,-0.010000000000000009,0.0,506.24,2572.96,92.75,3771.2799999999997,34.3289999961853,0.915,0.9125000000000001,,
2026-10-01T16:58:00+00:00,1790873880,1030,Will the Republican Party win the TN-05 House race?,70611387410738959528084339484893630361746409691183277603893453160832832415748,0.905,0.92,0.9125000000000001,0.015000000000000013,17.044742107391357,0.91,0.92,0.915,0.010000000000000009,11.563999891281128,-0.0050000000000000044,-0.010000000000000009,0.0024999999999999467,506.24,2402.4,92.75,4377.53,47.47699999809265,0.915,0.9125000000000001,,
2026-10-01T16:59:00+00:00,1790873940,1030,Will the Republican Party win the TN-05 House race?,70611387410738959528084339484893630361746409691183277603893453160832832415748,0.905,0.92,0.9125000000000001,0.015000000000000013,13.210262060165405,0.91,0.92,0.915,0.010000000000000009,19.617000102996826,-0.0050000000000000044,-0.010000000000000009,0.0024999999999999467,506.24,2422.4,92.75,4807.53,36.91100001335144,,0.9125000000000001,,
2026-10-01T17:00:00+00:00,1790874000,1030,Will the Republican Party win the TN-05 House race?,70611387410738959528084339484893630361746409691183277603893453160832832415748,0.905,0.92,0.9125000000000001,0.015000000000000013,5.3212010860443115,0.91,0.92,0.915,0.010000000000000009,9.984999895095825,-0.0050000000000000044,-0.010000000000000009,0.0024999999999999467,506.24,2568.96,92.75,4851.53,34.55900001525879,,,,
2026-10-01T16:30:00+00:00,1790872200,1031,Will the Democratic Party win the VA-01 House race?,88628412725357801969852238315853152041907755032296775468463465337049299853893,0.49,0.5,0.495,0.010000000000000009,1.9356589317321777,0.52,0.54,0.53,0.020000000000000018,1.13100004196167,0.030000000000000027,-0.040000000000000036,0.03500000000000003,1298.35,1982.62,107.5,3218.75,3.5199999809265137,0.53,0.5175000000000001,0.53,0.515
2026-10-01T16:31:00+00:00,1790872260,1031,Will the Democratic Party win the VA-01 House race?,88628412725357801969852238315853152041907755032296775468463465337049299853893,0.51,0.525,0.5175000000000001,0.015000000000000013,26.787092924118042,0.52,0.54,0.53,0.020000000000000018,1.0230000019073486,0.0050000000000000044,-0.020000000000000018,0.012499999999999956,1330.35,1935.55,107.5,3222.75,1.0230000019073486,0.53,0.515,0.53,0.515
2026-10-01T16:32:00+00:00,1790872320,1031,Will the Democratic Party win the VA-01 House race?,88628412725357801969852238315853152041907755032296775468463465337049299853893,0.51,0.52,0.515,0.010000000000000009,11.947817087173462,0.52,0.54,0.53,0.020000000000000018,0.34999990463256836,0.010000000000000009,-0.020000000000000018,0.015000000000000013,1330.35,1935.55,107.5,3222.75,0.34999990463256836,0.53,0.505,0.53,0.515
2026-10-01T16:33:00+00:00,1790872380,1031,Will the Democratic Party win the VA-01 House race?,88628412725357801969852238315853152041907755032296775468463465337049299853893,0.49,0.52,0.505,0.030000000000000027,13.277174949645996,0.52,0.54,0.53,0.020000000000000018,6.088000059127808,0.010000000000000009,-0.040000000000000036,0.025000000000000022,1330.35,1935.55,107.5,3222.75,60.34999990463257,0.53,0.5075000000000001,0.53,0.515
2026-10-01T16:34:00+00:00,1790872440,1031,Will the Democratic Party win the VA-01 House race?,88628412725357801969852238315853152041907755032296775468463465337049299853893,0.495,0.52,0.5075000000000001,0.025000000000000022,3.746644973754883,0.52,0.54,0.53,0.020000000000000018,0.0710000991821289,0.010000000000000009,-0.03500000000000003,0.022499999999999964,1330.35,1935.55,107.5,3222.75,57.98699998855591,0.53,0.515,0.53,0.515
2026-10-01T16:35:00+00:00,1790872500,1031,Will the Democratic Party win the VA-01 House race?,88628412725357801969852238315853152041907755032296775468463465337049299853893,0.5,0.53,0.515,0.030000000000000027,0.31102609634399414,0.52,0.54,0.53,0.020000000000000018,0.0,0.0,-0.030000000000000027,0.015000000000000013,1330.35,1935.55,107.5,3222.75,58.35199999809265,0.53,0.515,0.53,0.515
2026-10-01T16:36:00+00:00,1790872560,1031,Will the Democratic Party win the VA-01 House race?,88628412725357801969852238315853152041907755032296775468463465337049299853893,0.5,0.53,0.515,0.030000000000000027,7.302902936935425,0.52,0.54,0.53,0.020000000000000018,12.45199990272522,0.0,-0.030000000000000027,0.015000000000000013,1338.35,1943.55,147.5,3281.52,55.55200004577637,0.53,0.515,0.53,0.525
2026-10-01T16:37:00+00:00,1790872620,1031,Will the Democratic Party win the VA-01 House race?,88628412725357801969852238315853152041907755032296775468463465337049299853893,0.505,0.525,0.515,0.020000000000000018,13.863194942474365,0.52,0.54,0.53,0.020000000000000018,2.434000015258789,0.0050000000000000044,-0.025000000000000022,0.015000000000000013,1338.35,1943.55,147.5,3471.52,54.992000102996826,0.53,0.515,0.53,0.5175000000000001
2026-10-01T16:38:00+00:00,1790872680,1031,Will the Democratic Party win the VA-01 House race?,88628412725357801969852238315853152041907755032296775468463465337049299853893,0.51,0.52,0.515,0.010000000000000009,0.41014599800109863,0.52,0.54,0.53,0.020000000000000018,3.5139999389648438,0.010000000000000009,-0.020000000000000018,0.015000000000000013,1338.35,1943.55,147.5,3531.52,54.98099994659424,0.53,0.515,0.53,0.52
2026-10-01T16:39:00+00:00,1790872740,1031,Will the Democratic Party win the VA-01 House race?,88628412725357801969852238315853152041907755032296775468463465337049299853893,0.51,0.52,0.515,0.010000000000000009,1.9710490703582764,0.52,0.54,0.53,0.020000000000000018,2.4149999618530273,0.010000000000000009,-0.020000000000000018,0.015000000000000013,1338.35,1943.55,147.5,3531.52,53.23699998855591,0.53,0.515,0.53,0.52
2026-10-01T16:40:00+00:00,1790872800,1031,Will the Democratic Party win the VA-01 House race?,88628412725357801969852238315853152041907755032296775468463465337049299853893,0.51,0.52,0.515,0.010000000000000009,6.200860977172852,0.52,0.54,0.53,0.020000000000000018,0.1830000877380371,0.010000000000000009,-0.020000000000000018,0.015000000000000013,1338.35,1943.55,147.5,3731.52,51.56699991226196,0.53,0.525,0.53,0.52
2026-10-01T16:41:00+00:00,1790872860,1031,Will the Democratic Party win the VA-01 House race?,88628412725357801969852238315853152041907755032296775468463465337049299853893,0.51,0.54,0.525,0.030000000000000027,14.08511996269226,0.52,0.54,0.53,0.020000000000000018,1.0179998874664307,-0.010000000000000009,-0.020000000000000018,0.0050000000000000044,1338.35,1943.55,147.5,3931.52,50.206000089645386,0.53,0.5175000000000001,0.53,0.52
2026-10-01T16:42:00+00:00,1790872920,1031,Will the Democratic Party win the VA-01 House race?,88628412725357801969852238315853152041907755032296775468463465337049299853893,0.51,0.525,0.5175000000000001,0.015000000000000013,2.3234360218048096,0.52,0.54,0.53,0.020000000000000018,7.678999900817871,0.0050000000000000044,-0.020000000000000018,0.012499999999999956,1338.35,1943.55,147.5,3332.75,49.901999950408936,0.53,0.52,0.53,0.52
2026-10-01T16:43:00+00:00,1790872980,1031,Will the Democratic Party win the VA-01 House race?,88628412725357801969852238315853152041907755032296775468463465337049299853893,0.515,0.525,0.52,0.010000000000000009,12.125925064086914,0.52,0.54,0.53,0.020000000000000018,1.3619999885559082,0.0050000000000000044,-0.015000000000000013,0.010000000000000009,1298.35,1903.55,107.5,3292.75,46.06699991226196,0.53,0.52,0.53,0.52
2026-10-01T16:44:00+00:00,1790873040,1031,Will the Democratic Party win the VA-01 House race?,88628412725357801969852238315853152041907755032296775468463465337049299853893,0.515,0.525,0.52,0.010000000000000009,4.685549020767212,0.52,0.54,0.53,0.020000000000000018,0.6530001163482666,0.0050000000000000044,-0.015000000000000013,0.010000000000000009,1338.35,1943.55,192.5,3177.75,46.28600001335144,0.53,0.52,0.53,0.5175000000000001
2026-10-01T16:45:00+00:00,1790873100,1031,Will the Democratic Party win the VA-01 House race?,88628412725357801969852238315853152041907755032296775468463465337049299853893,0.515,0.525,0.52,0.010000000000000009,11.333298921585083,0.52,0.54,0.53,0.020000000000000018,4.334000110626221,0.0050000000000000044,-0.015000000000000013,0.010000000000000009,1298.35,1903.55,152.5,3337.75,46.496999979019165,0.53,0.52,0.53,0.5175000000000001
2026-10-01T16:46:00+00:00,1790873160,1031,Will the Democratic Party win the VA-01 House race?,88628412725357801969852238315853152041907755032296775468463465337049299853893,0.515,0.525,0.52,0.010000000000000009,16.78393292427063,0.52,0.54,0.53,0.020000000000000018,0.125,0.0050000000000000044,-0.015000000000000013,0.010000000000000009,1298.35,1903.55,152.5,3337.75,43.71600008010864,0.53,0.52,0.53,0.5175000000000001
2026-10-01T16:47:00+00:00,1790873220,1031,Will the Democratic Party win the VA-01 House race?,88628412725357801969852238315853152041907755032296775468463465337049299853893,0.515,0.525,0.52,0.010000000000000009,6.322540044784546,0.52,0.54,0.53,0.020000000000000018,10.513999938964844,0.0050000000000000044,-0.015000000000000013,0.010000000000000009,1298.35,1903.55,152.5,3911.77,42.365999937057495,0.53,0.52,0.525,0.5175000000000001
2026-10-01T16:48:00+00:00,1790873280,1031,Will the Democratic Party win the VA-01 House race?,88628412725357801969852238315853152041907755032296775468463465337049299853893,0.515,0.525,0.52,0.010000000000000009,16.129640102386475,0.52,0.54,0.53,0.020000000000000018,1.1129999160766602,0.0050000000000000044,-0.015000000000000013,0.010000000000000009,1298.35,1903.55,107.5,3866.77,43.44700002670288,0.53,0.5175000000000001,0.525,0.5175000000000001
2026-10-01T16:49:00+00:00,1790873340,1031,Will the Democratic Party win the VA-01 House race?,88628412725357801969852238315853152041907755032296775468463465337049299853893,0.515,0.52,0.5175000000000001,0.0050000000000000044,2.2553870677948,0.52,0.54,0.53,0.020000000000000018,0.039999961853027344,0.010000000000000009,-0.015000000000000013,0.012499999999999956,1298.35,1903.55,156.5,3931.77,41.269999980926514,0.53,0.5175000000000001,0.525,0.5175000000000001
2026-10-01T16:50:00+00:00,1790873400,1031,Will the Democratic Party win the VA-01 House race?,88628412725357801969852238315853152041907755032296775468463465337049299853893,0.515,0.52,0.5175000000000001,0.0050000000000000044,8.873982906341553,0.52,0.54,0.53,0.020000000000000018,1.6380000114440918,0.010000000000000009,-0.015000000000000013,0.012499999999999956,1298.35,1903.55,156.5,2498.7,39.49000000953674,0.53,0.5175000000000001,0.525,0.5175000000000001
2026-10-01T16:51:00+00:00,1790873460,1031,Will the Democratic Party win the VA-01 House race?,88628412725357801969852238315853152041907755032296775468463465337049299853893,0.515,0.52,0.5175000000000001,0.0050000000000000044,21.290581941604614,0.52,0.54,0.53,0.020000000000000018,1.2760000228881836,0.010000000000000009,-0.015000000000000013,0.012499999999999956,1338.35,1913.55,196.5,2993.08,43.37299990653992,0.525,0.5175000000000001,0.525,0.51
2026-10-01T16:52:00+00:00,1790873520,1031,Will the Democratic Party win the VA-01 House race?,88628412725357801969852238315853152041907755032296775468463465337049299853893,0.515,0.52,0.5175000000000001,0.0050000000000000044,25.642420053482056,0.52,0.53,0.525,0.010000000000000009,0.7400000095367432,0.0050000000000000044,-0.010000000000000009,0.007499999999999951,1338.35,1943.55,196.5,2993.08,45.40000009536743,0.525,0.5175000000000001,0.525,0.5175000000000001
2026-10-01T16:53:00+00:00,1790873580,1031,Will the Democratic Party win the VA-01 House race?,88628412725357801969852238315853152041907755032296775468463465337049299853893,0.515,0.52,0.5175000000000001,0.0050000000000000044,3.225053071975708,0.52,0.53,0.525,0.010000000000000009,1.00600004196167,0.0050000000000000044,-0.010000000000000009,0.007499999999999951,1027.35,1769.55,200.0,1773.09,36.62299990653992,0.525,0.5175000000000001,0.525,0.5075000000000001
2026-10-01T16:54:00+00:00,1790873640,1031,Will the Democratic Party win the VA-01 House race?,88628412725357801969852238315853152041907755032296775468463465337049299853893,0.515,0.52,0.5175000000000001,0.0050000000000000044,7.628271102905273,0.52,0.53,0.525,0.010000000000000009,0.7909998893737793,0.0050000000000000044,-0.010000000000000009,0.007499999999999951,1027.35,1769.55,18.0,2178.8599999999997,34.55399990081787,0.525,0.5175000000000001,0.525,0.5125
2026-10-01T16:55:00+00:00,1790873700,1031,Will the Democratic Party win the VA-01 House race?,88628412725357801969852238315853152041907755032296775468463465337049299853893,0.51,0.525,0.5175000000000001,0.015000000000000013,6.943968057632446,0.52,0.53,0.525,0.010000000000000009,1.3420000076293945,0.0,-0.015000000000000013,0.007499999999999951,1027.35,1769.55,18.0,1920.8,32.87899994850159,0.525,0.51,,0.51
2026-10-01T16:56:00+00:00,1790873760,1031,Will the Democratic Party win the VA-01 House race?,88628412725357801969852238315853152041907755032296775468463465337049299853893,0.495,0.525,0.51,0.030000000000000027,3.9969050884246826,0.52,0.53,0.525,0.010000000000000009,0.7430000305175781,0.0,-0.030000000000000027,0.015000000000000013,1027.35,1769.55,18.0,1920.8,34.77300000190735,0.525,0.5175000000000001,,
2026-10-01T16:57:00+00:00,1790873820,1031,Will the Democratic Party win the VA-01 House race?,88628412725357801969852238315853152041907755032296775468463465337049299853893,0.51,0.525,0.5175000000000001,0.015000000000000013,32.11371898651123,0.52,0.53,0.525,0.010000000000000009,0.5669999122619629,0.0,-0.015000000000000013,0.007499999999999951,1027.35,1769.55,18.0,1920.8,30.456000089645386,0.525,0.5075000000000001,,
2026-10-01T16:58:00+00:00,1790873880,1031,Will the Democratic Party win the VA-01 House race?,88628412725357801969852238315853152041907755032296775468463465337049299853893,0.5,0.515,0.5075000000000001,0.015000000000000013,17.044742107391357,0.52,0.53,0.525,0.010000000000000009,0.5230000019073486,0.010000000000000009,-0.025000000000000022,0.01749999999999996,1067.35,1779.55,42.19,2055.99,29.46399998664856,0.525,0.5125,,
2026-10-01T16:59:00+00:00,1790873940,1031,Will the Democratic Party win the VA-01 House race?,88628412725357801969852238315853152041907755032296775468463465337049299853893,0.5,0.525,0.5125,0.025000000000000022,13.210262060165405,0.52,0.53,0.525,0.010000000000000009,1.4930000305175781,0.0,-0.025000000000000022,0.012500000000000067,1067.35,1809.55,42.19,2055.99,29.424999952316284,,0.51,,
2026-10-01T17:00:00+00:00,1790874000,1031,Will the Democratic Party win the VA-01 House race?,88628412725357801969852238315853152041907755032296775468463465337049299853893,0.495,0.525,0.51,0.030000000000000027,5.3212010860443115,0.52,0.53,0.525,0.010000000000000009,0.25099992752075195,0.0,-0.030000000000000027,0.015000000000000013,1067.35,1809.55,42.19,2055.99,29.38700008392334,,,,
2026-10-01T16:30:00+00:00,1790872200,1032,Will the Democratic Party win the VA-02 House race?,113775721914358731979638137579752258137123447875996657512004068518320376669224,0.79,0.81,0.8,0.020000000000000018,1.9356589317321777,0.81,0.82,0.815,0.009999999999999898,47.924999952316284,0.004999999999999893,-0.02499999999999991,0.014999999999999902,599.99,1553.68,8129.04,20053.47,47.924999952316284,0.815,0.8,0.815,0.8
2026-10-01T16:31:00+00:00,1790872260,1032,Will the Democratic Party win the VA-02 House race?,113775721914358731979638137579752258137123447875996657512004068518320376669224,0.79,0.81,0.8,0.020000000000000018,26.787092924118042,0.81,0.82,0.815,0.009999999999999898,4.865000009536743,0.004999999999999893,-0.02499999999999991,0.014999999999999902,599.99,1553.68,8129.04,19053.47,4.865000009536743,0.815,0.8,0.815,0.8
2026-10-01T16:32:00+00:00,1790872320,1032,Will the Democratic Party win the VA-02 House race?,113775721914358731979638137579752258137123447875996657512004068518320376669224,0.79,0.81,0.8,0.020000000000000018,11.947817087173462,0.81,0.82,0.815,0.009999999999999898,41.82599997520447,0.004999999999999893,-0.02499999999999991,0.014999999999999902,619.99,1573.68,8149.04,19073.47,41.82599997520447,0.815,0.8,0.815,0.8
2026-10-01T16:33:00+00:00,1790872380,1032,Will the Democratic Party win the VA-02 House race?,113775721914358731979638137579752258137123447875996657512004068518320376669224,0.79,0.81,0.8,0.020000000000000018,13.277174949645996,0.81,0.82,0.815,0.009999999999999898,12.789999961853027,0.004999999999999893,-0.02499999999999991,0.014999999999999902,619.99,1573.68,8149.04,18982.41,12.789999961853027,0.815,0.8,0.815,0.8025
2026-10-01T16:34:00+00:00,1790872440,1032,Will the Democratic Party win the VA-02 House race?,113775721914358731979638137579752258137123447875996657512004068518320376669224,0.79,0.81,0.8,0.020000000000000018,3.746644973754883,0.81,0.82,0.815,0.009999999999999898,9.20900011062622,0.004999999999999893,-0.02499999999999991,0.014999999999999902,599.99,1553.68,8129.04,19053.47,9.20900011062622,0.815,0.8,0.815,0.8025
2026-10-01T16:35:00+00:00,1790872500,1032,Will the Democratic Party win the VA-02 House race?,113775721914358731979638137579752258137123447875996657512004068518320376669224,0.79,0.81,0.8,0.020000000000000018,0.31102609634399414,0.81,0.82,0.815,0.009999999999999898,3.941999912261963,0.004999999999999893,-0.02499999999999991,0.014999999999999902,599.99,1553.68,8129.04,19053.47,3.941999912261963,0.815,0.8,0.815,0.8025
2026-10-01T16:36:00+00:00,1790872560,1032,Will the Democratic Party win the VA-02 House race?,113775721914358731979638137579752258137123447875996657512004068518320376669224,0.79,0.81,0.8,0.020000000000000018,7.302902936935425,0.81,0.82,0.815,0.009999999999999898,8.29200005531311,0.004999999999999893,-0.02499999999999991,0.014999999999999902,599.99,1553.68,8129.04,19053.47,8.29200005531311,0.815,0.8,0.815,0.8025
2026-10-01T16:37:00+00:00,1790872620,1032,Will the Democratic Party win the VA-02 House race?,113775721914358731979638137579752258137123447875996657512004068518320376669224,0.79,0.81,0.8,0.020000000000000018,13.863194942474365,0.81,0.82,0.815,0.009999999999999898,13.006999969482422,0.004999999999999893,-0.02499999999999991,0.014999999999999902,599.99,1553.68,8129.04,19053.47,13.006999969482422,0.815,0.8025,0.815,0.8
2026-10-01T16:38:00+00:00,1790872680,1032,Will the Democratic Party win the VA-02 House race?,113775721914358731979638137579752258137123447875996657512004068518320376669224,0.79,0.815,0.8025,0.02499999999999991,0.41014599800109863,0.81,0.82,0.815,0.009999999999999898,11.661999940872192,0.0,-0.02499999999999991,0.012499999999999956,599.99,1553.68,8129.04,19962.41,11.661999940872192,0.815,0.8025,0.815,0.8
2026-10-01T16:39:00+00:00,1790872740,1032,Will the Democratic Party win the VA-02 House race?,113775721914358731979638137579752258137123447875996657512004068518320376669224,0.79,0.815,0.8025,0.02499999999999991,1.9710490703582764,0.81,0.82,0.815,0.009999999999999898,2.9079999923706055,0.0,-0.02499999999999991,0.012499999999999956,639.99,1593.68,8169.04,20093.47,2.9079999923706055,0.815,0.8025,0.815,0.8025
2026-10-01T16:40:00+00:00,1790872800,1032,Will the Democratic Party win the VA-02 House race?,113775721914358731979638137579752258137123447875996657512004068518320376669224,0.79,0.815,0.8025,0.02499999999999991,6.200860977172852,0.81,0.82,0.815,0.009999999999999898,31.096999883651733,0.0,-0.02499999999999991,0.012499999999999956,639.99,1593.68,8169.04,20093.47,31.096999883651733,0.815,0.8025,0.815,0.8025
2026-10-01T16:41:00+00:00,1790872860,1032,Will the Democratic Party win the VA-02 House race?,113775721914358731979638137579752258137123447875996657512004068518320376669224,0.79,0.815,0.8025,0.02499999999999991,14.08511996269226,0.81,0.82,0.815,0.009999999999999898,35.40700006484985,0.0,-0.02499999999999991,0.012499999999999956,639.99,1593.68,8169.04,20093.47,35.40700006484985,0.815,0.8,0.815,0.8025
2026-10-01T16:42:00+00:00,1790872920,1032,Will the Democratic Party win the VA-02 House race?,113775721914358731979638137579752258137123447875996657512004068518320376669224,0.79,0.81,0.8,0.020000000000000018,2.3234360218048096,0.81,0.82,0.815,0.009999999999999898,0.08500003814697266,0.004999999999999893,-0.02499999999999991,0.014999999999999902,599.99,1553.68,8129.04,20053.47,0.08500003814697266,0.815,0.8,0.815,0.8025
2026-10-01T16:43:00+00:00,1790872980,1032,Will the Democratic Party win the VA-02 House race?,113775721914358731979638137579752258137123447875996657512004068518320376669224,0.79,0.81,0.8,0.020000000000000018,12.125925064086914,0.81,0.82,0.815,0.009999999999999898,1.875999927520752,0.004999999999999893,-0.02499999999999991,0.014999999999999902,639.99,1593.68,8169.04,20002.41,1.875999927520752,0.815,0.8025,0.815,0.8025
2026-10-01T16:44:00+00:00,1790873040,1032,Will the Democratic Party win the VA-02 House race?,113775721914358731979638137579752258137123447875996657512004068518320376669224,0.795,0.81,0.8025,0.015000000000000013,4.685549020767212,0.81,0.82,0.815,0.009999999999999898,6.134999990463257,0.004999999999999893,-0.019999999999999907,0.012499999999999956,599.99,1466.19,8129.04,19962.41,6.134999990463257,0.815,0.8025,0.815,0.8025
2026-10-01T16:45:00+00:00,1790873100,1032,Will the Democratic Party win the VA-02 House race?,113775721914358731979638137579752258137123447875996657512004068518320376669224,0.795,0.81,0.8025,0.015000000000000013,11.333298921585083,0.81,0.82,0.815,0.009999999999999898,37.78600001335144,0.004999999999999893,-0.019999999999999907,0.012499999999999956,599.99,1466.19,8129.04,20053.47,37.78600001335144,0.815,0.8025,0.815,0.8025
2026-10-01T16:46:00+00:00,1790873160,1032,Will the Democratic Party win the VA-02 House race?,113775721914358731979638137579752258137123447875996657512004068518320376669224,0.795,0.81,0.8025,0.015000000000000013,16.78393292427063,0.81,0.82,0.815,0.009999999999999898,9.0,0.004999999999999893,-0.019999999999999907,0.012499999999999956,599.99,1466.19,8129.04,20053.47,97.78600001335144,0.815,0.8025,0.815,0.8025
2026-10-01T16:47:00+00:00,1790873220,1032,Will the Democratic Party win the VA-02 House race?,113775721914358731979638137579752258137123447875996657512004068518320376669224,0.795,0.81,0.8025,0.015000000000000013,6.322540044784546,0.81,0.82,0.815,0.009999999999999898,0.8880000114440918,0.004999999999999893,-0.019999999999999907,0.012499999999999956,599.99,1466.19,8129.04,20053.47,0.8880000114440918,0.815,0.8025,0.815,0.8025
2026-10-01T16:48:00+00:00,1790873280,1032,Will the Democratic Party win the VA-02 House race?,113775721914358731979638137579752258137123447875996657512004068518320376669224,0.795,0.81,0.8025,0.015000000000000013,16.129640102386475,0.81,0.82,0.815,0.009999999999999898,5.134000062942505,0.004999999999999893,-0.019999999999999907,0.012499999999999956,599.99,1466.19,8129.04,20053.47,60.88800001144409,0.815,0.8025,0.815,0.8025
2026-10-01T16:49:00+00:00,1790873340,1032,Will the Democratic Party win the VA-02 House race?,113775721914358731979638137579752258137123447875996657512004068518320376669224,0.795,0.81,0.8025,0.015000000000000013,2.2553870677948,0.81,0.82,0.815,0.009999999999999898,0.20799994468688965,0.004999999999999893,-0.019999999999999907,0.012499999999999956,599.99,1466.19,8129.04,19962.41,51.66199994087219,0.815,0.8025,0.815,0.8025
2026-10-01T16:50:00+00:00,1790873400,1032,Will the Democratic Party win the VA-02 House race?,113775721914358731979638137579752258137123447875996657512004068518320376669224,0.795,0.81,0.8025,0.015000000000000013,8.873982906341553,0.81,0.82,0.815,0.009999999999999898,0.03500008583068848,0.004999999999999893,-0.019999999999999907,0.012499999999999956,599.99,1466.19,8129.04,20053.47,0.03500008583068848,0.815,0.8025,0.815,0.805
2026-10-01T16:51:00+00:00,1790873460,1032,Will the Democratic Party win the VA-02 House race?,113775721914358731979638137579752258137123447875996657512004068518320376669224,0.795,0.81,0.8025,0.015000000000000013,21.290581941604614,0.81,0.82,0.815,0.009999999999999898,23.259000062942505,0.004999999999999893,-0.019999999999999907,0.012499999999999956,599.99,1466.19,8129.04,20053.47,60.03500008583069,0.815,0.8025,0.815,0.805
2026-10-01T16:52:00+00:00,1790873520,1032,Will the Democratic Party win the VA-02 House race?,113775721914358731979638137579752258137123447875996657512004068518320376669224,0.795,0.81,0.8025,0.015000000000000013,25.642420053482056,0.81,0.82,0.815,0.009999999999999898,2.437999963760376,0.004999999999999893,-0.019999999999999907,0.012499999999999956,639.99,1506.19,8169.04,20093.47,2.437999963760376,0.815,0.8025,0.815,0.805
2026-10-01T16:53:00+00:00,1790873580,1032,Will the Democratic Party win the VA-02 House race?,113775721914358731979638137579752258137123447875996657512004068518320376669224,0.795,0.81,0.8025,0.015000000000000013,3.225053071975708,0.81,0.82,0.815,0.009999999999999898,6.822999954223633,0.004999999999999893,-0.019999999999999907,0.012499999999999956,639.99,1506.19,8169.04,20093.47,62.437999963760376,0.815,0.8025,0.815,0.805
2026-10-01T16:54:00+00:00,1790873640,1032,Will the Democratic Party win the VA-02 House race?,113775721914358731979638137579752258137123447875996657512004068518320376669224,0.795,0.81,0.8025,0.015000000000000013,7.628271102905273,0.81,0.82,0.815,0.009999999999999898,45.420000076293945,0.004999999999999893,-0.019999999999999907,0.012499999999999956,639.99,1506.19,8169.04,20002.41,45.420000076293945,0.815,0.805,0.815,0.8075000000000001
2026-10-01T16:55:00+00:00,1790873700,1032,Will the Democratic Party win the VA-02 House race?,113775721914358731979638137579752258137123447875996657512004068518320376669224,0.8,0.81,0.805,0.010000000000000009,6.943968057632446,0.81,0.82,0.815,0.009999999999999898,0.22900009155273438,0.004999999999999893,-0.014999999999999902,0.009999999999999898,639.99,1506.19,8169.04,20002.41,49.79099988937378,0.815,0.805,,0.8075000000000001
2026-10-01T16:56:00+00:00,1790873760,1032,Will the Democratic Party win the VA-02 House race?,113775721914358731979638137579752258137123447875996657512004068518320376669224,0.8,0.81,0.805,0.010000000000000009,3.9969050884246826,0.81,0.82,0.815,0.009999999999999898,22.293999910354614,0.004999999999999893,-0.014999999999999902,0.009999999999999898,639.99,1506.19,8169.04,19093.47,22.293999910354614,0.815,0.805,,
2026-10-01T16:57:00+00:00,1790873820,1032,Will the Democratic Party win the VA-02 House race?,113775721914358731979638137579752258137123447875996657512004068518320376669224,0.8,0.81,0.805,0.010000000000000009,32.11371898651123,0.81,0.82,0.815,0.009999999999999898,26.686000108718872,0.004999999999999893,-0.014999999999999902,0.009999999999999898,639.99,1506.19,8169.04,19093.47,82.29399991035461,0.815,0.805,,
2026-10-01T16:58:00+00:00,1790873880,1032,Will the Democratic Party win the VA-02 House race?,113775721914358731979638137579752258137123447875996657512004068518320376669224,0.8,0.81,0.805,0.010000000000000009,17.044742107391357,0.81,0.82,0.815,0.009999999999999898,31.38100004196167,0.004999999999999893,-0.014999999999999902,0.009999999999999898,639.99,1506.19,8169.04,19093.47,31.38100004196167,0.815,0.8075000000000001,,
2026-10-01T16:59:00+00:00,1790873940,1032,Will the Democratic Party win the VA-02 House race?,113775721914358731979638137579752258137123447875996657512004068518320376669224,0.805,0.81,0.8075000000000001,0.0050000000000000044,13.210262060165405,0.81,0.82,0.815,0.009999999999999898,0.06399989128112793,0.004999999999999893,-0.009999999999999898,0.00749999999999984,639.99,1506.19,8169.04,19002.41,55.7279999256134,,0.8075000000000001,,
2026-10-01T17:00:00+00:00,1790874000,1032,Will the Democratic Party win the VA-02 House race?,113775721914358731979638137579752258137123447875996657512004068518320376669224,0.805,0.81,0.8075000000000001,0.0050000000000000044,5.3212010860443115,0.81,0.82,0.815,0.009999999999999898,6.457000017166138,0.004999999999999893,-0.009999999999999898,0.00749999999999984,639.99,1506.19,8169.04,19002.41,56.888999938964844,,,,
2026-10-01T16:30:00+00:00,1790872200,1033,Will the Democratic Party win the VA-05 House race?,30424541292784877350495001354252975055952568624850695789713995653053526735723,0.21,0.215,0.2125,0.0050000000000000044,1.9356589317321777,0.22,0.23,0.225,0.010000000000000009,41.293999910354614,0.010000000000000009,-0.015000000000000013,0.012500000000000011,200.09,5813.34,6660.45,13654.27,41.293999910354614,0.225,0.2125,0.225,0.2125
2026-10-01T16:31:00+00:00,1790872260,1033,Will the Democratic Party win the VA-05 House race?,30424541292784877350495001354252975055952568624850695789713995653053526735723,0.21,0.215,0.2125,0.0050000000000000044,26.787092924118042,0.22,0.23,0.225,0.010000000000000009,16.2739999294281,0.010000000000000009,-0.015000000000000013,0.012500000000000011,200.09,5813.34,6660.45,13654.27,16.2739999294281,0.225,0.2125,0.225,0.2125
2026-10-01T16:32:00+00:00,1790872320,1033,Will the Democratic Party win the VA-05 House race?,30424541292784877350495001354252975055952568624850695789713995653053526735723,0.21,0.215,0.2125,0.0050000000000000044,11.947817087173462,0.22,0.23,0.225,0.010000000000000009,14.121000051498413,0.010000000000000009,-0.015000000000000013,0.012500000000000011,180.09,5793.34,6145.45,13643.26,14.121000051498413,0.225,0.2125,0.225,0.2125
2026-10-01T16:33:00+00:00,1790872380,1033,Will the Democratic Party win the VA-05 House race?,30424541292784877350495001354252975055952568624850695789713995653053526735723,0.21,0.215,0.2125,0.0050000000000000044,13.277174949645996,0.22,0.23,0.225,0.010000000000000009,22.319999933242798,0.010000000000000009,-0.015000000000000013,0.012500000000000011,180.09,5793.34,6145.45,13643.26,22.319999933242798,0.225,0.2125,0.225,0.2125
2026-10-01T16:34:00+00:00,1790872440,1033,Will the Democratic Party win the VA-05 House race?,30424541292784877350495001354252975055952568624850695789713995653053526735723,0.21,0.215,0.2125,0.0050000000000000044,3.746644973754883,0.22,0.23,0.225,0.010000000000000009,9.950000047683716,0.010000000000000009,-0.015000000000000013,0.012500000000000011,180.09,5793.34,6145.45,13643.26,9.950000047683716,0.225,0.2125,0.225,0.2125
2026-10-01T16:35:00+00:00,1790872500,1033,Will the Democratic Party win the VA-05 House race?,30424541292784877350495001354252975055952568624850695789713995653053526735723,0.21,0.215,0.2125,0.0050000000000000044,0.31102609634399414,0.22,0.23,0.225,0.010000000000000009,8.661999940872192,0.010000000000000009,-0.015000000000000013,0.012500000000000011,180.09,5793.34,6043.38,10574.29,8.661999940872192,0.225,0.2125,0.225,0.2125
2026-10-01T16:36:00+00:00,1790872560,1033,Will the Democratic Party win the VA-05 House race?,30424541292784877350495001354252975055952568624850695789713995653053526735723,0.21,0.215,0.2125,0.0050000000000000044,7.302902936935425,0.22,0.23,0.225,0.010000000000000009,15.86899995803833,0.010000000000000009,-0.015000000000000013,0.012500000000000011,200.09,5813.34,5983.38,10317.22,15.86899995803833,0.225,0.2125,0.225,0.2125
2026-10-01T16:37:00+00:00,1790872620,1033,Will the Democratic Party win the VA-05 House race?,30424541292784877350495001354252975055952568624850695789713995653053526735723,0.21,0.215,0.2125,0.0050000000000000044,13.863194942474365,0.22,0.23,0.225,0.010000000000000009,20.164999961853027,0.010000000000000009,-0.015000000000000013,0.012500000000000011,200.09,5813.34,5983.38,10317.22,20.164999961853027,0.225,0.2125,0.225,0.215
2026-10-01T16:38:00+00:00,1790872680,1033,Will the Democratic Party win the VA-05 House race?,30424541292784877350495001354252975055952568624850695789713995653053526735723,0.21,0.215,0.2125,0.0050000000000000044,0.41014599800109863,0.22,0.23,0.225,0.010000000000000009,23.405999898910522,0.010000000000000009,-0.015000000000000013,0.012500000000000011,200.09,5813.34,5983.38,10504.19,23.405999898910522,0.225,0.2125,0.225,0.215
2026-10-01T16:39:00+00:00,1790872740,1033,Will the Democratic Party win the VA-05 House race?,30424541292784877350495001354252975055952568624850695789713995653053526735723,0.21,0.215,0.2125,0.0050000000000000044,1.9710490703582764,0.22,0.23,0.225,0.010000000000000009,30.069999933242798,0.010000000000000009,-0.015000000000000013,0.012500000000000011,200.09,5813.34,5983.38,10502.8,30.069999933242798,0.225,0.2125,0.225,0.2175
2026-10-01T16:40:00+00:00,1790872800,1033,Will the Democratic Party win the VA-05 House race?,30424541292784877350495001354252975055952568624850695789713995653053526735723,0.21,0.215,0.2125,0.0050000000000000044,6.200860977172852,0.22,0.23,0.225,0.010000000000000009,50.74600005149841,0.010000000000000009,-0.015000000000000013,0.012500000000000011,200.09,5813.34,5983.38,10502.8,90.0699999332428,0.225,0.2125,0.225,0.2175
2026-10-01T16:41:00+00:00,1790872860,1033,Will the Democratic Party win the VA-05 House race?,30424541292784877350495001354252975055952568624850695789713995653053526735723,0.21,0.215,0.2125,0.0050000000000000044,14.08511996269226,0.22,0.23,0.225,0.010000000000000009,14.378000020980835,0.010000000000000009,-0.015000000000000013,0.012500000000000011,200.09,5813.34,6083.38,10602.8,14.378000020980835,0.225,0.215,0.225,0.2175
2026-10-01T16:42:00+00:00,1790872920,1033,Will the Democratic Party win the VA-05 House race?,30424541292784877350495001354252975055952568624850695789713995653053526735723,0.21,0.22,0.215,0.010000000000000009,2.3234360218048096,0.22,0.23,0.225,0.010000000000000009,18.0,0.0050000000000000044,-0.015000000000000013,0.010000000000000009,200.09,5813.34,6083.38,10602.8,74.37800002098083,0.225,0.215,0.225,0.2175
2026-10-01T16:43:00+00:00,1790872980,1033,Will the Democratic Party win the VA-05 House race?,30424541292784877350495001354252975055952568624850695789713995653053526735723,0.21,0.22,0.215,0.010000000000000009,12.125925064086914,0.22,0.23,0.225,0.010000000000000009,24.83999991416931,0.0050000000000000044,-0.015000000000000013,0.010000000000000009,160.09,5773.34,6038.38,10557.8,58.76900005340576,0.225,0.2175,0.225,0.2225
2026-10-01T16:44:00+00:00,1790873040,1033,Will the Democratic Party win the VA-05 House race?,30424541292784877350495001354252975055952568624850695789713995653053526735723,0.215,0.22,0.2175,0.0050000000000000044,4.685549020767212,0.22,0.23,0.225,0.010000000000000009,9.569000005722046,0.0050000000000000044,-0.010000000000000009,0.007500000000000007,160.09,5773.34,6038.38,8557.8,9.569000005722046,0.225,0.2175,0.225,0.22
2026-10-01T16:45:00+00:00,1790873100,1033,Will the Democratic Party win the VA-05 House race?,30424541292784877350495001354252975055952568624850695789713995653053526735723,0.215,0.22,0.2175,0.0050000000000000044,11.333298921585083,0.22,0.23,0.225,0.010000000000000009,13.969000101089478,0.0050000000000000044,-0.010000000000000009,0.007500000000000007,160.09,5773.34,6038.38,8370.83,13.969000101089478,0.225,0.2175,0.225,0.2225
2026-10-01T16:46:00+00:00,1790873160,1033,Will the Democratic Party win the VA-05 House race?,30424541292784877350495001354252975055952568624850695789713995653053526735723,0.215,0.22,0.2175,0.0050000000000000044,16.78393292427063,0.22,0.23,0.225,0.010000000000000009,13.859999895095825,0.0050000000000000044,-0.010000000000000009,0.007500000000000007,160.09,5773.34,6038.38,8370.83,13.859999895095825,0.225,0.2175,0.225,0.2225
2026-10-01T16:47:00+00:00,1790873220,1033,Will the Democratic Party win the VA-05 House race?,30424541292784877350495001354252975055952568624850695789713995653053526735723,0.215,0.22,0.2175,0.0050000000000000044,6.322540044784546,0.22,0.23,0.225,0.010000000000000009,13.311000108718872,0.0050000000000000044,-0.010000000000000009,0.007500000000000007,160.09,5773.34,6038.38,8370.83,73.85999989509583,0.225,0.2225,0.225,0.2225
2026-10-01T16:48:00+00:00,1790873280,1033,Will the Democratic Party win the VA-05 House race?,30424541292784877350495001354252975055952568624850695789713995653053526735723,0.215,0.23,0.2225,0.015000000000000013,16.129640102386475,0.22,0.23,0.225,0.010000000000000009,14.0,-0.0050000000000000044,-0.010000000000000009,0.0025000000000000022,160.09,5773.34,6038.38,8410.83,48.84500002861023,0.225,0.22,0.225,0.2225
2026-10-01T16:49:00+00:00,1790873340,1033,Will the Democratic Party win the VA-05 House race?,30424541292784877350495001354252975055952568624850695789713995653053526735723,0.215,0.225,0.22,0.010000000000000009,2.2553870677948,0.22,0.23,0.225,0.010000000000000009,27.0,0.0,-0.010000000000000009,0.0050000000000000044,160.09,5773.34,5938.38,9810.83,53.246999979019165,0.225,0.2225,0.225,0.2225
2026-10-01T16:50:00+00:00,1790873400,1033,Will the Democratic Party win the VA-05 House race?,30424541292784877350495001354252975055952568624850695789713995653053526735723,0.215,0.23,0.2225,0.015000000000000013,8.873982906341553,0.22,0.23,0.225,0.010000000000000009,16.438999891281128,-0.0050000000000000044,-0.010000000000000009,0.0025000000000000022,160.09,5773.34,5938.38,9810.83,57.86199998855591,0.225,0.2225,0.225,0.2225
2026-10-01T16:51:00+00:00,1790873460,1033,Will the Democratic Party win the VA-05 House race?,30424541292784877350495001354252975055952568624850695789713995653053526735723,0.215,0.23,0.2225,0.015000000000000013,21.290581941604614,0.22,0.23,0.225,0.010000000000000009,12.865000009536743,-0.0050000000000000044,-0.010000000000000009,0.0025000000000000022,200.09,5813.34,5876.31,10248.76,55.414000034332275,0.225,0.2225,0.225,0.2225
2026-10-01T16:52:00+00:00,1790873520,1033,Will the Democratic Party win the VA-05 House race?,30424541292784877350495001354252975055952568624850695789713995653053526735723,0.215,0.23,0.2225,0.015000000000000013,25.642420053482056,0.22,0.23,0.225,0.010000000000000009,11.851999998092651,-0.0050000000000000044,-0.010000000000000009,0.0025000000000000022,200.09,5813.34,5876.31,10248.76,47.87299990653992,0.225,0.2225,0.225,0.2225
2026-10-01T16:53:00+00:00,1790873580,1033,Will the Democratic Party win the VA-05 House race?,30424541292784877350495001354252975055952568624850695789713995653053526735723,0.215,0.23,0.2225,0.015000000000000013,3.225053071975708,0.22,0.23,0.225,0.010000000000000009,5.920000076293945,-0.0050000000000000044,-0.010000000000000009,0.0025000000000000022,200.09,5813.34,6476.31,10848.76,5.920000076293945,0.225,0.2225,0.225,0.22
2026-10-01T16:54:00+00:00,1790873640,1033,Will the Democratic Party win the VA-05 House race?,30424541292784877350495001354252975055952568624850695789713995653053526735723,0.215,0.23,0.2225,0.015000000000000013,7.628271102905273,0.22,0.23,0.225,0.010000000000000009,10.20300006866455,-0.0050000000000000044,-0.010000000000000009,0.0025000000000000022,200.09,5813.34,6476.31,10848.76,10.20300006866455,0.225,0.2225,0.225,0.22
2026-10-01T16:55:00+00:00,1790873700,1033,Will the Democratic Party win the VA-05 House race?,30424541292784877350495001354252975055952568624850695789713995653053526735723,0.215,0.23,0.2225,0.015000000000000013,6.943968057632446,0.22,0.23,0.225,0.010000000000000009,7.0,-0.0050000000000000044,-0.010000000000000009,0.0025000000000000022,200.09,5813.34,6476.31,10848.76,70.20300006866455,0.225,0.2225,,0.22
2026-10-01T16:56:00+00:00,1790873760,1033,Will the Democratic Party win the VA-05 House race?,30424541292784877350495001354252975055952568624850695789713995653053526735723,0.215,0.23,0.2225,0.015000000000000013,3.9969050884246826,0.22,0.23,0.225,0.010000000000000009,11.86299991607666,-0.0050000000000000044,-0.010000000000000009,0.0025000000000000022,200.09,5813.34,6578.38,10950.83,11.86299991607666,0.225,0.2225,,
2026-10-01T16:57:00+00:00,1790873820,1033,Will the Democratic Party win the VA-05 House race?,30424541292784877350495001354252975055952568624850695789713995653053526735723,0.215,0.23,0.2225,0.015000000000000013,32.11371898651123,0.22,0.23,0.225,0.010000000000000009,16.289999961853027,-0.0050000000000000044,-0.010000000000000009,0.0025000000000000022,200.09,5813.34,6578.38,10950.83,71.86299991607666,0.225,0.22,,
2026-10-01T16:58:00+00:00,1790873880,1033,Will the Democratic Party win the VA-05 House race?,30424541292784877350495001354252975055952568624850695789713995653053526735723,0.215,0.225,0.22,0.010000000000000009,17.044742107391357,0.22,0.23,0.225,0.010000000000000009,12.0,0.0,-0.010000000000000009,0.0050000000000000044,200.09,5813.34,6578.38,10950.83,35.0,0.225,0.22,,
2026-10-01T16:59:00+00:00,1790873940,1033,Will the Democratic Party win the VA-05 House race?,30424541292784877350495001354252975055952568624850695789713995653053526735723,0.215,0.225,0.22,0.010000000000000009,13.210262060165405,0.22,0.23,0.225,0.010000000000000009,40.115999937057495,0.0,-0.010000000000000009,0.0050000000000000044,200.09,5813.34,6180.45,13523.22,40.115999937057495,,0.22,,
2026-10-01T17:00:00+00:00,1790874000,1033,Will the Democratic Party win the VA-05 House race?,30424541292784877350495001354252975055952568624850695789713995653053526735723,0.215,0.225,0.22,0.010000000000000009,5.3212010860443115,0.22,0.23,0.225,0.010000000000000009,13.42799997329712,0.0,-0.010000000000000009,0.0050000000000000044,200.09,5813.34,6180.45,13523.22,45.86299991607666,,,,
2026-10-01T16:30:00+00:00,1790872200,1034,Will the Republican Party win the VA-05 House race?,83253007588985953900662535978265304048199216427463571583210985764316132662845,0.785,0.82,0.8025,0.03499999999999992,1.9356589317321777,0.78,0.79,0.785,0.010000000000000009,41.35899996757507,-0.03499999999999992,0.0,0.01749999999999996,102.07,8901.71,1213.03,13367.800000000001,41.35899996757507,0.785,0.8025,0.785,0.8025
2026-10-01T16:31:00+00:00,1790872260,1034,Will the Republican Party win the VA-05 House race?,83253007588985953900662535978265304048199216427463571583210985764316132662845,0.785,0.82,0.8025,0.03499999999999992,26.787092924118042,0.78,0.79,0.785,0.010000000000000009,9.835999965667725,-0.03499999999999992,0.0,0.01749999999999996,102.07,8901.71,1273.03,11927.800000000001,9.835999965667725,0.785,0.8025,0.785,0.8025
2026-10-01T16:32:00+00:00,1790872320,1034,Will the Republican Party win the VA-05 House race?,83253007588985953900662535978265304048199216427463571583210985764316132662845,0.785,0.82,0.8025,0.03499999999999992,11.947817087173462,0.78,0.79,0.785,0.010000000000000009,13.924999952316284,-0.03499999999999992,0.0,0.01749999999999996,102.07,8401.71,1193.03,13347.800000000001,13.924999952316284,0.785,0.8,0.785,0.7975000000000001
2026-10-01T16:33:00+00:00,1790872380,1034,Will the Republican Party win the VA-05 House race?,83253007588985953900662535978265304048199216427463571583210985764316132662845,0.785,0.815,0.8,0.029999999999999916,13.277174949645996,0.78,0.79,0.785,0.010000000000000009,3.447000026702881,-0.029999999999999916,0.0,0.015000000000000013,102.07,8401.71,1173.03,11735.61,3.447000026702881,0.785,0.8075,0.785,0.7975000000000001
2026-10-01T16:34:00+00:00,1790872440,1034,Will the Republican Party win the VA-05 House race?,83253007588985953900662535978265304048199216427463571583210985764316132662845,0.795,0.82,0.8075,0.02499999999999991,3.746644973754883,0.78,0.79,0.785,0.010000000000000009,5.799999952316284,-0.03499999999999992,0.010000000000000009,0.022499999999999964,102.07,8401.71,1192.03,11702.59,5.799999952316284,0.785,0.8025,0.785,0.7975000000000001
2026-10-01T16:35:00+00:00,1790872500,1034,Will the Republican Party win the VA-05 House race?,83253007588985953900662535978265304048199216427463571583210985764316132662845,0.785,0.82,0.8025,0.03499999999999992,0.31102609634399414,0.78,0.79,0.785,0.010000000000000009,12.180000066757202,-0.03499999999999992,0.0,0.01749999999999996,102.07,8401.71,971.94,9900.16,12.180000066757202,0.785,0.8025,0.785,0.7975000000000001
2026-10-01T16:36:00+00:00,1790872560,1034,Will the Republican Party win the VA-05 House race?,83253007588985953900662535978265304048199216427463571583210985764316132662845,0.785,0.82,0.8025,0.03499999999999992,7.302902936935425,0.78,0.79,0.785,0.010000000000000009,3.486999988555908,-0.03499999999999992,0.0,0.01749999999999996,102.07,8401.71,971.94,9900.16,72.1800000667572,0.785,0.7975000000000001,0.785,0.7975000000000001
2026-10-01T16:37:00+00:00,1790872620,1034,Will the Republican Party win the VA-05 House race?,83253007588985953900662535978265304048199216427463571583210985764316132662845,0.785,0.81,0.7975000000000001,0.025000000000000022,13.863194942474365,0.78,0.79,0.785,0.010000000000000009,12.778000116348267,-0.025000000000000022,0.0,0.012500000000000067,102.07,8401.71,891.94,9860.11,12.778000116348267,0.785,0.7975000000000001,0.785,0.795
2026-10-01T16:38:00+00:00,1790872680,1034,Will the Republican Party win the VA-05 House race?,83253007588985953900662535978265304048199216427463571583210985764316132662845,0.785,0.81,0.7975000000000001,0.025000000000000022,0.41014599800109863,0.78,0.79,0.785,0.010000000000000009,17.10800004005432,-0.025000000000000022,0.0,0.012500000000000067,102.07,8401.71,891.94,9860.11,17.10800004005432,0.785,0.7975000000000001,0.785,0.8
2026-10-01T16:39:00+00:00,1790872740,1034,Will the Republican Party win the VA-05 House race?,83253007588985953900662535978265304048199216427463571583210985764316132662845,0.785,0.81,0.7975000000000001,0.025000000000000022,1.9710490703582764,0.78,0.79,0.785,0.010000000000000009,21.78500008583069,-0.025000000000000022,0.0,0.012500000000000067,102.07,8401.71,891.94,9860.11,21.78500008583069,0.785,0.7975000000000001,0.785,0.7975000000000001
2026-10-01T16:40:00+00:00,1790872800,1034,Will the Republican Party win the VA-05 House race?,83253007588985953900662535978265304048199216427463571583210985764316132662845,0.785,0.81,0.7975000000000001,0.025000000000000022,6.200860977172852,0.78,0.79,0.785,0.010000000000000009,48.91100001335144,-0.025000000000000022,0.0,0.012500000000000067,102.07,8401.71,891.94,9860.11,81.78500008583069,0.785,0.7975000000000001,0.785,0.7975000000000001
2026-10-01T16:41:00+00:00,1790872860,1034,Will the Republican Party win the VA-05 House race?,83253007588985953900662535978265304048199216427463571583210985764316132662845,0.785,0.81,0.7975000000000001,0.025000000000000022,14.08511996269226,0.78,0.79,0.785,0.010000000000000009,14.42199993133545,-0.025000000000000022,0.0,0.012500000000000067,102.07,8401.71,891.94,9860.11,14.42199993133545,0.785,0.795,0.785,0.7925
2026-10-01T16:42:00+00:00,1790872920,1034,Will the Republican Party win the VA-05 House race?,83253007588985953900662535978265304048199216427463571583210985764316132662845,0.78,0.81,0.795,0.030000000000000027,2.3234360218048096,0.78,0.79,0.785,0.010000000000000009,8.776999950408936,-0.025000000000000022,-0.0050000000000000044,0.010000000000000009,102.07,8401.71,891.94,9860.11,74.42199993133545,0.785,0.8,0.785,0.7925
2026-10-01T16:43:00+00:00,1790872980,1034,Will the Republican Party win the VA-05 House race?,83253007588985953900662535978265304048199216427463571583210985764316132662845,0.79,0.81,0.8,0.020000000000000018,12.125925064086914,0.78,0.79,0.785,0.010000000000000009,25.776000022888184,-0.025000000000000022,0.0050000000000000044,0.015000000000000013,102.07,8353.65,771.94,9691.92,45.87100005149841,0.785,0.7975000000000001,0.785,0.8
2026-10-01T16:44:00+00:00,1790873040,1034,Will the Republican Party win the VA-05 House race?,83253007588985953900662535978265304048199216427463571583210985764316132662845,0.79,0.805,0.7975000000000001,0.015000000000000013,4.685549020767212,0.78,0.79,0.785,0.010000000000000009,0.755000114440918,-0.020000000000000018,0.0050000000000000044,0.012500000000000067,102.07,8353.65,851.94,9771.92,47.920000076293945,0.785,0.7975000000000001,0.785,0.79
2026-10-01T16:45:00+00:00,1790873100,1034,Will the Republican Party win the VA-05 House race?,83253007588985953900662535978265304048199216427463571583210985764316132662845,0.79,0.805,0.7975000000000001,0.015000000000000013,11.333298921585083,0.78,0.79,0.785,0.010000000000000009,25.552000045776367,-0.020000000000000018,0.0050000000000000044,0.012500000000000067,102.07,8853.65,811.94,9731.92,55.306999921798706,0.785,0.7925,0.785,0.8
2026-10-01T16:46:00+00:00,1790873160,1034,Will the Republican Party win the VA-05 House race?,83253007588985953900662535978265304048199216427463571583210985764316132662845,0.78,0.805,0.7925,0.025000000000000022,16.78393292427063,0.78,0.79,0.785,0.010000000000000009,42.01699995994568,-0.020000000000000018,-0.0050000000000000044,0.007499999999999951,102.07,8632.5,811.94,9748.65,48.91499996185303,0.785,0.7925,0.785,0.7975
2026-10-01T16:47:00+00:00,1790873220,1034,Will the Republican Party win the VA-05 House race?,83253007588985953900662535978265304048199216427463571583210985764316132662845,0.78,0.805,0.7925,0.025000000000000022,6.322540044784546,0.78,0.79,0.785,0.010000000000000009,13.27999997138977,-0.020000000000000018,-0.0050000000000000044,0.007499999999999951,102.07,8768.039999999999,811.94,9339.56,42.49900007247925,0.785,0.8,0.785,0.7975
2026-10-01T16:48:00+00:00,1790873280,1034,Will the Republican Party win the VA-05 House race?,83253007588985953900662535978265304048199216427463571583210985764316132662845,0.78,0.82,0.8,0.039999999999999925,16.129640102386475,0.78,0.79,0.785,0.010000000000000009,46.9300000667572,-0.03499999999999992,-0.0050000000000000044,0.015000000000000013,102.07,8793.55,811.94,9748.65,46.9300000667572,0.785,0.79,0.785,0.79
2026-10-01T16:49:00+00:00,1790873340,1034,Will the Republican Party win the VA-05 House race?,83253007588985953900662535978265304048199216427463571583210985764316132662845,0.78,0.8,0.79,0.020000000000000018,2.2553870677948,0.78,0.79,0.785,0.010000000000000009,28.111000061035156,-0.015000000000000013,-0.0050000000000000044,0.0050000000000000044,102.07,8793.55,811.94,9748.65,51.19799995422363,0.785,0.8,0.785,0.8025
2026-10-01T16:50:00+00:00,1790873400,1034,Will the Republican Party win the VA-05 House race?,83253007588985953900662535978265304048199216427463571583210985764316132662845,0.78,0.82,0.8,0.039999999999999925,8.873982906341553,0.78,0.79,0.785,0.010000000000000009,16.092000007629395,-0.03499999999999992,-0.0050000000000000044,0.015000000000000013,102.07,8768.039999999999,811.94,9748.65,55.918999910354614,0.785,0.7975,0.785,0.79
2026-10-01T16:51:00+00:00,1790873460,1034,Will the Republican Party win the VA-05 House race?,83253007588985953900662535978265304048199216427463571583210985764316132662845,0.78,0.815,0.7975,0.03499999999999992,21.290581941604614,0.78,0.79,0.785,0.010000000000000009,21.157000064849854,-0.029999999999999916,-0.0050000000000000044,0.012499999999999956,102.07,8768.039999999999,561.85,9588.56,43.306999921798706,0.785,0.7975,0.785,0.795
2026-10-01T16:52:00+00:00,1790873520,1034,Will the Republican Party win the VA-05 House race?,83253007588985953900662535978265304048199216427463571583210985764316132662845,0.78,0.815,0.7975,0.03499999999999992,25.642420053482056,0.78,0.79,0.785,0.010000000000000009,14.448999881744385,-0.029999999999999916,-0.0050000000000000044,0.012499999999999956,102.07,8768.039999999999,561.85,9588.56,45.9210000038147,0.785,0.79,0.785,0.795
2026-10-01T16:53:00+00:00,1790873580,1034,Will the Republican Party win the VA-05 House race?,83253007588985953900662535978265304048199216427463571583210985764316132662845,0.78,0.8,0.79,0.020000000000000018,3.225053071975708,0.78,0.79,0.785,0.010000000000000009,8.94700002670288,-0.015000000000000013,-0.0050000000000000044,0.0050000000000000044,102.07,8768.039999999999,561.85,9655.47,56.818000078201294,0.785,0.8025,0.785,0.7975000000000001
2026-10-01T16:54:00+00:00,1790873640,1034,Will the Republican Party win the VA-05 House race?,83253007588985953900662535978265304048199216427463571583210985764316132662845,0.795,0.81,0.8025,0.015000000000000013,7.628271102905273,0.78,0.79,0.785,0.010000000000000009,2.505000114440918,-0.025000000000000022,0.010000000000000009,0.01749999999999996,102.07,7854.7,561.85,9655.47,43.28099989891052,0.785,0.79,0.785,0.79
2026-10-01T16:55:00+00:00,1790873700,1034,Will the Republican Party win the VA-05 House race?,83253007588985953900662535978265304048199216427463571583210985764316132662845,0.78,0.8,0.79,0.020000000000000018,6.943968057632446,0.78,0.79,0.785,0.010000000000000009,3.434999942779541,-0.015000000000000013,-0.0050000000000000044,0.0050000000000000044,102.07,8161.990000000001,561.85,9638.45,33.05800008773804,0.785,0.795,,0.7925
2026-10-01T16:56:00+00:00,1790873760,1034,Will the Republican Party win the VA-05 House race?,83253007588985953900662535978265304048199216427463571583210985764316132662845,0.78,0.81,0.795,0.030000000000000027,3.9969050884246826,0.78,0.79,0.785,0.010000000000000009,0.7969999313354492,-0.025000000000000022,-0.0050000000000000044,0.010000000000000009,102.07,8210.050000000001,811.94,9838.54,34.039000034332275,0.785,0.795,,
2026-10-01T16:57:00+00:00,1790873820,1034,Will the Republican Party win the VA-05 House race?,83253007588985953900662535978265304048199216427463571583210985764316132662845,0.78,0.81,0.795,0.030000000000000027,32.11371898651123,0.78,0.79,0.785,0.010000000000000009,16.16700005531311,-0.025000000000000022,-0.0050000000000000044,0.010000000000000009,102.07,8210.050000000001,1011.94,9942.54,47.68300008773804,0.785,0.7975000000000001,,
2026-10-01T16:58:00+00:00,1790873880,1034,Will the Republican Party win the VA-05 House race?,83253007588985953900662535978265304048199216427463571583210985764316132662845,0.79,0.805,0.7975000000000001,0.015000000000000013,17.044742107391357,0.78,0.79,0.785,0.010000000000000009,23.746999979019165,-0.020000000000000018,0.0050000000000000044,0.012500000000000067,102.07,8235.56,1051.94,9982.54,55.86899995803833,0.785,0.79,,
2026-10-01T16:59:00+00:00,1790873940,1034,Will the Republican Party win the VA-05 House race?,83253007588985953900662535978265304048199216427463571583210985764316132662845,0.78,0.8,0.79,0.020000000000000018,13.210262060165405,0.78,0.79,0.785,0.010000000000000009,40.049999952316284,-0.015000000000000013,-0.0050000000000000044,0.0050000000000000044,102.07,8235.56,1252.03,11795.880000000001,40.049999952316284,,0.7925,,
2026-10-01T17:00:00+00:00,1790874000,1034,Will the Republican Party win the VA-05 House race?,83253007588985953900662535978265304048199216427463571583210985764316132662845,0.78,0.805,0.7925,0.025000000000000022,5.3212010860443115,0.78,0.79,0.785,0.010000000000000009,13.391000032424927,-0.020000000000000018,-0.0050000000000000044,0.007499999999999951,102.07,8235.56,1252.03,11745.880000000001,28.933000087738037,,,,
2026-10-01T16:30:00+00:00,1790872200,1035,Will the Republican Party win the VA-07 House race?,13432621903631649165156306037190483686486704889711495381938238490251535633776,0.025,0.07,0.0475,0.045000000000000005,1.9356589317321777,0.021,0.05,0.035500000000000004,0.029,39.270999908447266,-0.0345,-0.010500000000000002,0.011999999999999997,50.0,1919.53,95.0,495.93,39.270999908447266,0.035500000000000004,0.04,0.035500000000000004,0.05
2026-10-01T16:31:00+00:00,1790872260,1035,Will the Republican Party win the VA-07 House race?,13432621903631649165156306037190483686486704889711495381938238490251535633776,0.01,0.07,0.04,0.060000000000000005,26.787092924118042,0.021,0.05,0.035500000000000004,0.029,43.99000000953674,-0.0345,-0.025500000000000002,0.004499999999999997,50.0,1919.53,95.0,495.93,43.99000000953674,0.035500000000000004,0.0475,0.035500000000000004,0.05
2026-10-01T16:32:00+00:00,1790872320,1035,Will the Republican Party win the VA-07 House race?,13432621903631649165156306037190483686486704889711495381938238490251535633776,0.03,0.065,0.0475,0.035,11.947817087173462,0.021,0.05,0.035500000000000004,0.029,7.621999979019165,-0.0295,-0.005500000000000005,0.011999999999999997,50.0,1919.53,90.0,490.93,7.621999979019165,0.035500000000000004,0.045,0.035500000000000004,0.05
2026-10-01T16:33:00+00:00,1790872380,1035,Will the Republican Party win the VA-07 House race?,13432621903631649165156306037190483686486704889711495381938238490251535633776,0.03,0.06,0.045,0.03,13.277174949645996,0.021,0.05,0.035500000000000004,0.029,11.869999885559082,-0.024499999999999994,-0.005500000000000005,0.009499999999999995,50.0,1919.53,90.0,490.93,11.869999885559082,0.035500000000000004,0.0475,0.035500000000000004,0.05
2026-10-01T16:34:00+00:00,1790872440,1035,Will the Republican Party win the VA-07 House race?,13432621903631649165156306037190483686486704889711495381938238490251535633776,0.03,0.065,0.0475,0.035,3.746644973754883,0.021,0.05,0.035500000000000004,0.029,16.588000059127808,-0.0295,-0.005500000000000005,0.011999999999999997,50.0,1919.53,90.0,490.93,16.588000059127808,0.035500000000000004,0.05,0.035500000000000004,0.052500000000000005
2026-10-01T16:35:00+00:00,1790872500,1035,Will the Republican Party win the VA-07 House race?,13432621903631649165156306037190483686486704889711495381938238490251535633776,0.035,0.065,0.05,0.03,0.31102609634399414,0.021,0.05,0.035500000000000004,0.029,2.484999895095825,-0.0295,-0.0005000000000000004,0.014499999999999999,50.0,1919.53,90.0,430.0,2.484999895095825,0.035500000000000004,0.05,0.035500000000000004,0.05
2026-10-01T16:36:00+00:00,1790872560,1035,Will the Republican Party win the VA-07 House race?,13432621903631649165156306037190483686486704889711495381938238490251535633776,0.035,0.065,0.05,0.03,7.302902936935425,0.021,0.05,0.035500000000000004,0.029,6.75,-0.0295,-0.0005000000000000004,0.014499999999999999,50.0,1919.53,90.0,430.0,6.75,0.035500000000000004,0.05,0.035500000000000004,0.05
2026-10-01T16:37:00+00:00,1790872620,1035,Will the Republican Party win the VA-07 House race?,13432621903631649165156306037190483686486704889711495381938238490251535633776,0.035,0.065,0.05,0.03,13.863194942474365,0.021,0.05,0.035500000000000004,0.029,11.32200002670288,-0.0295,-0.0005000000000000004,0.014499999999999999,50.0,1919.53,90.0,430.0,11.32200002670288,0.035500000000000004,0.05,0.035500000000000004,0.0475
2026-10-01T16:38:00+00:00,1790872680,1035,Will the Republican Party win the VA-07 House race?,13432621903631649165156306037190483686486704889711495381938238490251535633776,0.03,0.07,0.05,0.04000000000000001,0.41014599800109863,0.021,0.05,0.035500000000000004,0.029,9.105000019073486,-0.0345,-0.005500000000000005,0.014499999999999999,50.0,1919.53,90.0,430.0,9.105000019073486,0.035500000000000004,0.052500000000000005,0.035500000000000004,0.05
2026-10-01T16:39:00+00:00,1790872740,1035,Will the Republican Party win the VA-07 House race?,13432621903631649165156306037190483686486704889711495381938238490251535633776,0.035,0.07,0.052500000000000005,0.035,1.9710490703582764,0.021,0.05,0.035500000000000004,0.029,13.388000011444092,-0.0345,-0.0005000000000000004,0.017,50.0,1919.53,90.0,430.0,13.388000011444092,0.035500000000000004,0.05,0.035500000000000004,0.0475
2026-10-01T16:40:00+00:00,1790872800,1035,Will the Republican Party win the VA-07 House race?,13432621903631649165156306037190483686486704889711495381938238490251535633776,0.03,0.07,0.05,0.04000000000000001,6.200860977172852,0.021,0.05,0.035500000000000004,0.029,18.118000030517578,-0.0345,-0.005500000000000005,0.014499999999999999,50.0,1919.53,90.0,430.0,18.118000030517578,0.035500000000000004,0.05,0.035500000000000004,0.0475
2026-10-01T16:41:00+00:00,1790872860,1035,Will the Republican Party win the VA-07 House race?,13432621903631649165156306037190483686486704889711495381938238490251535633776,0.03,0.07,0.05,0.04000000000000001,14.08511996269226,0.021,0.05,0.035500000000000004,0.029,36.78999996185303,-0.0345,-0.005500000000000005,0.014499999999999999,50.0,1919.53,90.0,430.0,36.78999996185303,0.035500000000000004,0.0475,0.035500000000000004,0.0475
2026-10-01T16:42:00+00:00,1790872920,1035,Will the Republican Party win the VA-07 House race?,13432621903631649165156306037190483686486704889711495381938238490251535633776,0.025,0.07,0.0475,0.045000000000000005,2.3234360218048096,0.021,0.05,0.035500000000000004,0.029,15.70300006866455,-0.0345,-0.010500000000000002,0.011999999999999997,50.0,1919.53,90.0,430.0,96.78999996185303,0.035500000000000004,0.05,0.035500000000000004,0.0475
2026-10-01T16:43:00+00:00,1790872980,1035,Will the Republican Party win the VA-07 House race?,13432621903631649165156306037190483686486704889711495381938238490251535633776,0.03,0.07,0.05,0.04000000000000001,12.125925064086914,0.021,0.05,0.035500000000000004,0.029,14.17199993133545,-0.0345,-0.005500000000000005,0.014499999999999999,50.0,1919.53,90.0,430.0,46.007999897003174,0.035500000000000004,0.0475,0.035500000000000004,0.0475
2026-10-01T16:44:00+00:00,1790873040,1035,Will the Republican Party win the VA-07 House race?,13432621903631649165156306037190483686486704889711495381938238490251535633776,0.03,0.065,0.0475,0.035,4.685549020767212,0.021,0.05,0.035500000000000004,0.029,3.384999990463257,-0.0295,-0.005500000000000005,0.011999999999999997,50.0,1919.53,90.0,430.0,59.051000118255615,0.035500000000000004,0.0475,0.035500000000000004,0.0475
2026-10-01T16:45:00+00:00,1790873100,1035,Will the Republican Party win the VA-07 House race?,13432621903631649165156306037190483686486704889711495381938238490251535633776,0.03,0.065,0.0475,0.035,11.333298921585083,0.021,0.05,0.035500000000000004,0.029,53.69000005722046,-0.0295,-0.005500000000000005,0.011999999999999997,50.0,1919.53,90.0,430.0,53.69000005722046,0.035500000000000004,0.0475,0.035,0.0475
2026-10-01T16:46:00+00:00,1790873160,1035,Will the Republican Party win the VA-07 House race?,13432621903631649165156306037190483686486704889711495381938238490251535633776,0.03,0.065,0.0475,0.035,16.78393292427063,0.021,0.05,0.035500000000000004,0.029,21.674000024795532,-0.0295,-0.005500000000000005,0.011999999999999997,50.0,1919.53,90.0,430.0,21.674000024795532,0.035500000000000004,0.0475,0.035500000000000004,0.0475
2026-10-01T16:47:00+00:00,1790873220,1035,Will the Republican Party win the VA-07 House race?,13432621903631649165156306037190483686486704889711495381938238490251535633776,0.03,0.065,0.0475,0.035,6.322540044784546,0.021,0.05,0.035500000000000004,0.029,2.8469998836517334,-0.0295,-0.005500000000000005,0.011999999999999997,50.0,1919.53,90.0,430.0,81.67400002479553,0.035500000000000004,0.0475,0.035500000000000004,0.0475
2026-10-01T16:48:00+00:00,1790873280,1035,Will the Republican Party win the VA-07 House race?,13432621903631649165156306037190483686486704889711495381938238490251535633776,0.03,0.065,0.0475,0.035,16.129640102386475,0.021,0.05,0.035500000000000004,0.029,54.210999965667725,-0.0295,-0.005500000000000005,0.011999999999999997,50.0,1919.53,90.0,430.0,54.210999965667725,0.035500000000000004,0.0475,0.035500000000000004,0.05
2026-10-01T16:49:00+00:00,1790873340,1035,Will the Republican Party win the VA-07 House race?,13432621903631649165156306037190483686486704889711495381938238490251535633776,0.03,0.065,0.0475,0.035,2.2553870677948,0.021,0.05,0.035500000000000004,0.029,48.95099997520447,-0.0295,-0.005500000000000005,0.011999999999999997,50.0,1919.53,90.0,430.0,48.95099997520447,0.035,0.0475,0.035500000000000004,0.0475
2026-10-01T16:50:00+00:00,1790873400,1035,Will the Republican Party win the VA-07 House race?,13432621903631649165156306037190483686486704889711495381938238490251535633776,0.03,0.065,0.0475,0.035,8.873982906341553,0.02,0.05,0.035,0.030000000000000002,0.0009999275207519531,-0.03,-0.0050000000000000044,0.012499999999999997,50.0,1919.53,90.0,430.0,53.394999980926514,0.035500000000000004,0.0475,0.035500000000000004,0.0475
2026-10-01T16:51:00+00:00,1790873460,1035,Will the Republican Party win the VA-07 House race?,13432621903631649165156306037190483686486704889711495381938238490251535633776,0.03,0.065,0.0475,0.035,21.290581941604614,0.021,0.05,0.035500000000000004,0.029,54.03600001335144,-0.0295,-0.005500000000000005,0.011999999999999997,50.0,1919.53,90.0,430.0,54.03600001335144,0.035500000000000004,0.0475,0.035500000000000004,0.0475
2026-10-01T16:52:00+00:00,1790873520,1035,Will the Republican Party win the VA-07 House race?,13432621903631649165156306037190483686486704889711495381938238490251535633776,0.03,0.065,0.0475,0.035,25.642420053482056,0.021,0.05,0.035500000000000004,0.029,34.371999979019165,-0.0295,-0.005500000000000005,0.011999999999999997,50.0,1919.53,90.0,430.0,58.306999921798706,0.035500000000000004,0.05,0.035500000000000004,0.0475
2026-10-01T16:53:00+00:00,1790873580,1035,Will the Republican Party win the VA-07 House race?,13432621903631649165156306037190483686486704889711495381938238490251535633776,0.035,0.065,0.05,0.03,3.225053071975708,0.021,0.05,0.035500000000000004,0.029,38.75200009346008,-0.0295,-0.0005000000000000004,0.014499999999999999,50.0,1919.53,90.0,430.0,38.75200009346008,0.035500000000000004,0.0475,0.035500000000000004,0.0475
2026-10-01T16:54:00+00:00,1790873640,1035,Will the Republican Party win the VA-07 House race?,13432621903631649165156306037190483686486704889711495381938238490251535633776,0.03,0.065,0.0475,0.035,7.628271102905273,0.021,0.05,0.035500000000000004,0.029,43.47699999809265,-0.0295,-0.005500000000000005,0.011999999999999997,50.0,1919.53,90.0,430.0,43.47699999809265,0.035500000000000004,0.0475,0.035500000000000004,0.0475
2026-10-01T16:55:00+00:00,1790873700,1035,Will the Republican Party win the VA-07 House race?,13432621903631649165156306037190483686486704889711495381938238490251535633776,0.03,0.065,0.0475,0.035,6.943968057632446,0.021,0.05,0.035500000000000004,0.029,48.18400001525879,-0.0295,-0.005500000000000005,0.011999999999999997,50.0,1919.53,90.0,430.0,48.18400001525879,0.035500000000000004,0.0475,,0.0475
2026-10-01T16:56:00+00:00,1790873760,1035,Will the Republican Party win the VA-07 House race?,13432621903631649165156306037190483686486704889711495381938238490251535633776,0.03,0.065,0.0475,0.035,3.9969050884246826,0.021,0.05,0.035500000000000004,0.029,52.740999937057495,-0.0295,-0.005500000000000005,0.011999999999999997,50.0,1919.53,90.0,430.0,52.740999937057495,0.035500000000000004,0.0475,,
2026-10-01T16:57:00+00:00,1790873820,1035,Will the Republican Party win the VA-07 House race?,13432621903631649165156306037190483686486704889711495381938238490251535633776,0.03,0.065,0.0475,0.035,32.11371898651123,0.021,0.05,0.035500000000000004,0.029,2.0850000381469727,-0.0295,-0.005500000000000005,0.011999999999999997,50.0,1919.53,90.0,430.0,2.0850000381469727,0.035500000000000004,0.0475,,
2026-10-01T16:58:00+00:00,1790873880,1035,Will the Republican Party win the VA-07 House race?,13432621903631649165156306037190483686486704889711495381938238490251535633776,0.03,0.065,0.0475,0.035,17.044742107391357,0.021,0.05,0.035500000000000004,0.029,3.5899999141693115,-0.0295,-0.005500000000000005,0.011999999999999997,50.0,1919.53,90.0,490.93,3.5899999141693115,0.035500000000000004,0.0475,,
2026-10-01T16:59:00+00:00,1790873940,1035,Will the Republican Party win the VA-07 House race?,13432621903631649165156306037190483686486704889711495381938238490251535633776,0.03,0.065,0.0475,0.035,13.210262060165405,0.021,0.05,0.035500000000000004,0.029,8.009000062942505,-0.0295,-0.005500000000000005,0.011999999999999997,50.0,1919.53,90.0,490.93,8.009000062942505,,0.0475,,
2026-10-01T17:00:00+00:00,1790874000,1035,Will the Republican Party win the VA-07 House race?,13432621903631649165156306037190483686486704889711495381938238490251535633776,0.03,0.065,0.0475,0.035,5.3212010860443115,0.021,0.05,0.035500000000000004,0.029,12.503999948501587,-0.0295,-0.005500000000000005,0.011999999999999997,50.0,1919.53,90.0,490.93,68.0090000629425,,,,
2026-10-01T16:30:00+00:00,1790872200,1036,Will the Democratic Party win the WA-03 House race?,62003269433640683744291727761785528693342099533191419822618434570267086928393,0.89,0.9,0.895,0.010000000000000009,1.9356589317321777,0.9,0.91,0.905,0.010000000000000009,20.250999927520752,0.0050000000000000044,-0.015000000000000013,0.010000000000000009,4571.1,7847.64,11.0,18938.940000000002,20.250999927520752,0.905,0.9,0.905,0.9
2026-10-01T16:31:00+00:00,1790872260,1036,Will the Democratic Party win the WA-03 House race?,62003269433640683744291727761785528693342099533191419822618434570267086928393,0.89,0.91,0.9,0.020000000000000018,26.787092924118042,0.9,0.91,0.905,0.010000000000000009,3.8559999465942383,-0.0050000000000000044,-0.015000000000000013,0.0050000000000000044,4571.1,7847.64,11.0,19321.83,3.8559999465942383,0.905,0.9,0.905,0.9
2026-10-01T16:32:00+00:00,1790872320,1036,Will the Democratic Party win the WA-03 House race?,62003269433640683744291727761785528693342099533191419822618434570267086928393,0.89,0.91,0.9,0.020000000000000018,11.947817087173462,0.9,0.91,0.905,0.010000000000000009,5.0290000438690186,-0.0050000000000000044,-0.015000000000000013,0.0050000000000000044,4571.1,7847.64,11.0,19321.83,5.0290000438690186,0.905,0.9,0.905,0.9
2026-10-01T16:33:00+00:00,1790872380,1036,Will the Democratic Party win the WA-03 House race?,62003269433640683744291727761785528693342099533191419822618434570267086928393,0.89,0.91,0.9,0.020000000000000018,13.277174949645996,0.9,0.91,0.905,0.010000000000000009,19.953999996185303,-0.0050000000000000044,-0.015000000000000013,0.0050000000000000044,4571.1,7847.64,11.0,19217.08,19.953999996185303,0.905,0.905,0.905,0.9
2026-10-01T16:34:00+00:00,1790872440,1036,Will the Democratic Party win the WA-03 House race?,62003269433640683744291727761785528693342099533191419822618434570267086928393,0.9,0.91,0.905,0.010000000000000009,3.746644973754883,0.9,0.91,0.905,0.010000000000000009,5.190000057220459,-0.0050000000000000044,-0.0050000000000000044,0.0,4571.1,7847.64,11.0,19217.08,79.9539999961853,0.905,0.9,0.905,0.8975
2026-10-01T16:35:00+00:00,1790872500,1036,Will the Democratic Party win the WA-03 House race?,62003269433640683744291727761785528693342099533191419822618434570267086928393,0.89,0.91,0.9,0.020000000000000018,0.31102609634399414,0.9,0.91,0.905,0.010000000000000009,2.8580000400543213,-0.0050000000000000044,-0.015000000000000013,0.0050000000000000044,4571.1,7847.64,11.0,16888.16,2.8580000400543213,0.905,0.9,0.905,0.8975
2026-10-01T16:36:00+00:00,1790872560,1036,Will the Democratic Party win the WA-03 House race?,62003269433640683744291727761785528693342099533191419822618434570267086928393,0.89,0.91,0.9,0.020000000000000018,7.302902936935425,0.9,0.91,0.905,0.010000000000000009,1.444000005722046,-0.0050000000000000044,-0.015000000000000013,0.0050000000000000044,4611.1,7782.040000000001,11.0,14299.519999999999,1.444000005722046,0.905,0.9,0.905,0.8975
2026-10-01T16:37:00+00:00,1790872620,1036,Will the Democratic Party win the WA-03 House race?,62003269433640683744291727761785528693342099533191419822618434570267086928393,0.89,0.91,0.9,0.020000000000000018,13.863194942474365,0.9,0.91,0.905,0.010000000000000009,4.864000082015991,-0.0050000000000000044,-0.015000000000000013,0.0050000000000000044,4611.1,7782.040000000001,11.0,14339.519999999999,4.864000082015991,0.905,0.9,0.905,0.8925000000000001
2026-10-01T16:38:00+00:00,1790872680,1036,Will the Democratic Party win the WA-03 House race?,62003269433640683744291727761785528693342099533191419822618434570267086928393,0.89,0.91,0.9,0.020000000000000018,0.41014599800109863,0.9,0.91,0.905,0.010000000000000009,9.141999959945679,-0.0050000000000000044,-0.015000000000000013,0.0050000000000000044,4611.1,7782.040000000001,11.0,14159.519999999999,9.141999959945679,0.905,0.8975,0.905,0.9
2026-10-01T16:39:00+00:00,1790872740,1036,Will the Democratic Party win the WA-03 House race?,62003269433640683744291727761785528693342099533191419822618434570267086928393,0.89,0.905,0.8975,0.015000000000000013,1.9710490703582764,0.9,0.91,0.905,0.010000000000000009,1.8599998950958252,0.0,-0.015000000000000013,0.007500000000000062,4611.1,7782.040000000001,11.0,14159.519999999999,69.14199995994568,0.905,0.8975,0.905,0.9
2026-10-01T16:40:00+00:00,1790872800,1036,Will the Democratic Party win the WA-03 House race?,62003269433640683744291727761785528693342099533191419822618434570267086928393,0.89,0.905,0.8975,0.015000000000000013,6.200860977172852,0.9,0.91,0.905,0.010000000000000009,29.45199990272522,0.0,-0.015000000000000013,0.007500000000000062,4611.1,7562.040000000001,11.0,11960.73,29.45199990272522,0.905,0.8975,0.905,0.9
2026-10-01T16:41:00+00:00,1790872860,1036,Will the Democratic Party win the WA-03 House race?,62003269433640683744291727761785528693342099533191419822618434570267086928393,0.89,0.905,0.8975,0.015000000000000013,14.08511996269226,0.9,0.91,0.905,0.010000000000000009,33.859999895095825,0.0,-0.015000000000000013,0.007500000000000062,4611.1,7562.040000000001,11.0,11960.73,33.859999895095825,0.905,0.8925000000000001,0.905,0.9
2026-10-01T16:42:00+00:00,1790872920,1036,Will the Democratic Party win the WA-03 House race?,62003269433640683744291727761785528693342099533191419822618434570267086928393,0.88,0.905,0.8925000000000001,0.025000000000000022,2.3234360218048096,0.9,0.91,0.905,0.010000000000000009,0.0559999942779541,0.0,-0.025000000000000022,0.012499999999999956,4611.1,7562.040000000001,11.0,11960.73,93.85999989509583,0.905,0.9,0.905,0.9
2026-10-01T16:43:00+00:00,1790872980,1036,Will the Democratic Party win the WA-03 House race?,62003269433640683744291727761785528693342099533191419822618434570267086928393,0.895,0.905,0.9,0.010000000000000009,12.125925064086914,0.9,0.91,0.905,0.010000000000000009,0.8859999179840088,0.0,-0.010000000000000009,0.0050000000000000044,4611.1,7562.040000000001,11.0,11880.73,0.8859999179840088,0.905,0.9,0.905,0.8875
2026-10-01T16:44:00+00:00,1790873040,1036,Will the Democratic Party win the WA-03 House race?,62003269433640683744291727761785528693342099533191419822618434570267086928393,0.895,0.905,0.9,0.010000000000000009,4.685549020767212,0.9,0.91,0.905,0.010000000000000009,0.7560000419616699,0.0,-0.010000000000000009,0.0050000000000000044,4611.1,7562.040000000001,11.0,11880.73,60.88599991798401,0.905,0.9,0.905,0.8925000000000001
2026-10-01T16:45:00+00:00,1790873100,1036,Will the Democratic Party win the WA-03 House race?,62003269433640683744291727761785528693342099533191419822618434570267086928393,0.895,0.905,0.9,0.010000000000000009,11.333298921585083,0.9,0.91,0.905,0.010000000000000009,26.122999906539917,0.0,-0.010000000000000009,0.0050000000000000044,4571.1,7082.04,11.0,12950.19,26.122999906539917,0.905,0.9,0.905,0.89
2026-10-01T16:46:00+00:00,1790873160,1036,Will the Democratic Party win the WA-03 House race?,62003269433640683744291727761785528693342099533191419822618434570267086928393,0.895,0.905,0.9,0.010000000000000009,16.78393292427063,0.9,0.91,0.905,0.010000000000000009,32.2720000743866,0.0,-0.010000000000000009,0.0050000000000000044,4571.1,7082.04,11.0,13053.960000000001,32.2720000743866,0.905,0.9,0.905,0.8825000000000001
2026-10-01T16:47:00+00:00,1790873220,1036,Will the Democratic Party win the WA-03 House race?,62003269433640683744291727761785528693342099533191419822618434570267086928393,0.895,0.905,0.9,0.010000000000000009,6.322540044784546,0.9,0.91,0.905,0.010000000000000009,0.0,0.0,-0.010000000000000009,0.0050000000000000044,4571.1,7082.04,11.0,13053.960000000001,92.2720000743866,0.905,0.8875,0.905,0.885
2026-10-01T16:48:00+00:00,1790873280,1036,Will the Democratic Party win the WA-03 House race?,62003269433640683744291727761785528693342099533191419822618434570267086928393,0.88,0.895,0.8875,0.015000000000000013,16.129640102386475,0.9,0.91,0.905,0.010000000000000009,4.358000040054321,0.010000000000000009,-0.025000000000000022,0.01750000000000007,4571.1,7082.04,11.0,13567.47,4.358000040054321,0.905,0.8925000000000001,0.905,0.8875
2026-10-01T16:49:00+00:00,1790873340,1036,Will the Democratic Party win the WA-03 House race?,62003269433640683744291727761785528693342099533191419822618434570267086928393,0.88,0.905,0.8925000000000001,0.025000000000000022,2.2553870677948,0.9,0.91,0.905,0.010000000000000009,3.4179999828338623,0.0,-0.025000000000000022,0.012499999999999956,4571.1,7082.04,11.0,12910.47,3.4179999828338623,0.905,0.89,0.905,0.89
2026-10-01T16:50:00+00:00,1790873400,1036,Will the Democratic Party win the WA-03 House race?,62003269433640683744291727761785528693342099533191419822618434570267086928393,0.875,0.905,0.89,0.030000000000000027,8.873982906341553,0.9,0.91,0.905,0.010000000000000009,3.7130000591278076,0.0,-0.030000000000000027,0.015000000000000013,4571.1,7082.04,11.0,12910.47,63.41799998283386,0.905,0.8825000000000001,0.905,0.89
2026-10-01T16:51:00+00:00,1790873460,1036,Will the Democratic Party win the WA-03 House race?,62003269433640683744291727761785528693342099533191419822618434570267086928393,0.86,0.905,0.8825000000000001,0.04500000000000004,21.290581941604614,0.9,0.91,0.905,0.010000000000000009,17.86299991607666,0.0,-0.04500000000000004,0.022499999999999964,4611.1,7122.04,11.0,12846.47,43.48300004005432,0.905,0.885,0.905,0.89
2026-10-01T16:52:00+00:00,1790873520,1036,Will the Democratic Party win the WA-03 House race?,62003269433640683744291727761785528693342099533191419822618434570267086928393,0.865,0.905,0.885,0.040000000000000036,25.642420053482056,0.9,0.91,0.905,0.010000000000000009,2.0199999809265137,0.0,-0.040000000000000036,0.020000000000000018,4611.1,7122.04,11.0,12852.47,2.0199999809265137,0.905,0.8875,0.905,0.89
2026-10-01T16:53:00+00:00,1790873580,1036,Will the Democratic Party win the WA-03 House race?,62003269433640683744291727761785528693342099533191419822618434570267086928393,0.87,0.905,0.8875,0.03500000000000003,3.225053071975708,0.9,0.91,0.905,0.010000000000000009,6.427999973297119,0.0,-0.03500000000000003,0.01750000000000007,4611.1,7122.04,11.0,12852.47,62.019999980926514,0.905,0.89,0.905,0.8925000000000001
2026-10-01T16:54:00+00:00,1790873640,1036,Will the Democratic Party win the WA-03 House race?,62003269433640683744291727761785528693342099533191419822618434570267086928393,0.875,0.905,0.89,0.030000000000000027,7.628271102905273,0.9,0.91,0.905,0.010000000000000009,14.509000062942505,0.0,-0.030000000000000027,0.015000000000000013,4611.1,7122.04,11.0,12936.47,14.509000062942505,0.905,0.89,0.905,0.895
2026-10-01T16:55:00+00:00,1790873700,1036,Will the Democratic Party win the WA-03 House race?,62003269433640683744291727761785528693342099533191419822618434570267086928393,0.875,0.905,0.89,0.030000000000000027,6.943968057632446,0.9,0.91,0.905,0.010000000000000009,0.023999929428100586,0.0,-0.030000000000000027,0.015000000000000013,4611.1,7122.04,11.0,12936.47,74.5090000629425,0.905,0.89,,0.895
2026-10-01T16:56:00+00:00,1790873760,1036,Will the Democratic Party win the WA-03 House race?,62003269433640683744291727761785528693342099533191419822618434570267086928393,0.875,0.905,0.89,0.030000000000000027,3.9969050884246826,0.9,0.91,0.905,0.010000000000000009,0.48799991607666016,0.0,-0.030000000000000027,0.015000000000000013,4611.1,7122.04,11.0,12795.23,35.50399994850159,0.905,0.89,,
2026-10-01T16:57:00+00:00,1790873820,1036,Will the Democratic Party win the WA-03 House race?,62003269433640683744291727761785528693342099533191419822618434570267086928393,0.875,0.905,0.89,0.030000000000000027,32.11371898651123,0.9,0.91,0.905,0.010000000000000009,20.57800006866455,0.0,-0.030000000000000027,0.015000000000000013,4611.1,7065.72,11.0,12455.23,29.54099988937378,0.905,0.8925000000000001,,
2026-10-01T16:58:00+00:00,1790873880,1036,Will the Democratic Party win the WA-03 House race?,62003269433640683744291727761785528693342099533191419822618434570267086928393,0.88,0.905,0.8925000000000001,0.025000000000000022,17.044742107391357,0.9,0.91,0.905,0.010000000000000009,33.81100010871887,0.0,-0.025000000000000022,0.012499999999999956,4631.1,7085.72,31.0,14189.32,33.81100010871887,0.905,0.895,,
2026-10-01T16:59:00+00:00,1790873940,1036,Will the Democratic Party win the WA-03 House race?,62003269433640683744291727761785528693342099533191419822618434570267086928393,0.885,0.905,0.895,0.020000000000000018,13.210262060165405,0.9,0.91,0.905,0.010000000000000009,42.09500002861023,0.0,-0.020000000000000018,0.010000000000000009,4631.1,7396.68,31.0,9985.32,42.09500002861023,,0.895,,
2026-10-01T17:00:00+00:00,1790874000,1036,Will the Democratic Party win the WA-03 House race?,62003269433640683744291727761785528693342099533191419822618434570267086928393,0.885,0.905,0.895,0.020000000000000018,5.3212010860443115,0.9,0.91,0.905,0.010000000000000009,6.903000116348267,0.0,-0.020000000000000018,0.010000000000000009,4631.1,7396.68,31.0,9985.32,36.88199996948242,,,,
2026-10-01T16:30:00+00:00,1790872200,1037,Will the Republican Party win the WA-03 House race?,11450408400059654095752682163375174616927289912740528299907491682505834882757,0.075,0.1,0.0875,0.02500000000000001,1.9356589317321777,0.08,0.09,0.08499999999999999,0.009999999999999995,27.045000076293945,-0.015000000000000013,-0.009999999999999995,0.0025000000000000022,186.04,6018.55,7037.24,16959.739999999998,27.045000076293945,0.08499999999999999,0.0875,0.08499999999999999,0.095
2026-10-01T16:31:00+00:00,1790872260,1037,Will the Republican Party win the WA-03 House race?,11450408400059654095752682163375174616927289912740528299907491682505834882757,0.075,0.1,0.0875,0.02500000000000001,26.787092924118042,0.08,0.09,0.08499999999999999,0.009999999999999995,3.8919999599456787,-0.015000000000000013,-0.009999999999999995,0.0025000000000000022,186.04,6018.55,7037.24,16959.739999999998,3.8919999599456787,0.08499999999999999,0.09,0.08499999999999999,0.095
2026-10-01T16:32:00+00:00,1790872320,1037,Will the Republican Party win the WA-03 House race?,11450408400059654095752682163375174616927289912740528299907491682505834882757,0.08,0.1,0.09,0.020000000000000004,11.947817087173462,0.08,0.09,0.08499999999999999,0.009999999999999995,3.2019999027252197,-0.015000000000000013,-0.0049999999999999906,0.0050000000000000044,186.04,6018.55,7037.24,16959.739999999998,63.89199995994568,0.08499999999999999,0.095,0.08499999999999999,0.0975
2026-10-01T16:33:00+00:00,1790872380,1037,Will the Republican Party win the WA-03 House race?,11450408400059654095752682163375174616927289912740528299907491682505834882757,0.09,0.1,0.095,0.010000000000000009,13.277174949645996,0.08,0.09,0.08499999999999999,0.009999999999999995,14.0,-0.015000000000000013,0.0050000000000000044,0.010000000000000009,206.04,6038.55,7057.24,15759.74,14.0,0.08499999999999999,0.095,0.08499999999999999,0.0925
2026-10-01T16:34:00+00:00,1790872440,1037,Will the Republican Party win the WA-03 House race?,11450408400059654095752682163375174616927289912740528299907491682505834882757,0.09,0.1,0.095,0.010000000000000009,3.746644973754883,0.08,0.09,0.08499999999999999,0.009999999999999995,12.946000099182129,-0.015000000000000013,0.0050000000000000044,0.010000000000000009,206.04,6038.55,7057.24,15759.74,74.0,0.08499999999999999,0.095,0.08499999999999999,0.1
2026-10-01T16:35:00+00:00,1790872500,1037,Will the Republican Party win the WA-03 House race?,11450408400059654095752682163375174616927289912740528299907491682505834882757,0.09,0.1,0.095,0.010000000000000009,0.31102609634399414,0.08,0.09,0.08499999999999999,0.009999999999999995,0.03500008583068848,-0.015000000000000013,0.0050000000000000044,0.010000000000000009,206.04,6094.8,7057.24,16979.739999999998,56.16799998283386,0.08499999999999999,0.095,0.08499999999999999,0.1
2026-10-01T16:36:00+00:00,1790872560,1037,Will the Republican Party win the WA-03 House race?,11450408400059654095752682163375174616927289912740528299907491682505834882757,0.09,0.1,0.095,0.010000000000000009,7.302902936935425,0.08,0.09,0.08499999999999999,0.009999999999999995,11.57200002670288,-0.015000000000000013,0.0050000000000000044,0.010000000000000009,226.04,6166.3,7077.24,15568.74,11.57200002670288,0.08499999999999999,0.0975,0.08499999999999999,0.1
2026-10-01T16:37:00+00:00,1790872620,1037,Will the Republican Party win the WA-03 House race?,11450408400059654095752682163375174616927289912740528299907491682505834882757,0.085,0.11,0.0975,0.024999999999999994,13.863194942474365,0.08,0.09,0.08499999999999999,0.009999999999999995,14.184999942779541,-0.02500000000000001,1.3877787807814457e-17,0.012500000000000011,226.04,6166.3,7077.24,15568.74,14.184999942779541,0.08499999999999999,0.0925,0.08499999999999999,0.1
2026-10-01T16:38:00+00:00,1790872680,1037,Will the Republican Party win the WA-03 House race?,11450408400059654095752682163375174616927289912740528299907491682505834882757,0.075,0.11,0.0925,0.035,0.41014599800109863,0.08,0.09,0.08499999999999999,0.009999999999999995,18.558000087738037,-0.02500000000000001,-0.009999999999999995,0.007500000000000007,226.04,6166.3,7077.24,15568.74,74.18499994277954,0.08499999999999999,0.1,0.08499999999999999,0.0975
2026-10-01T16:39:00+00:00,1790872740,1037,Will the Republican Party win the WA-03 House race?,11450408400059654095752682163375174616927289912740528299907491682505834882757,0.09,0.11,0.1,0.020000000000000004,1.9710490703582764,0.08,0.09,0.08499999999999999,0.009999999999999995,3.1459999084472656,-0.02500000000000001,0.0050000000000000044,0.015000000000000013,226.04,6026.3,7077.24,15428.74,52.5699999332428,0.08499999999999999,0.1,0.08499999999999999,0.0975
2026-10-01T16:40:00+00:00,1790872800,1037,Will the Republican Party win the WA-03 House race?,11450408400059654095752682163375174616927289912740528299907491682505834882757,0.09,0.11,0.1,0.020000000000000004,6.200860977172852,0.08,0.09,0.08499999999999999,0.009999999999999995,32.87400007247925,-0.02500000000000001,0.0050000000000000044,0.015000000000000013,226.04,5329.83,7077.24,15348.74,32.87400007247925,0.08499999999999999,0.1,0.08499999999999999,0.0975
2026-10-01T16:41:00+00:00,1790872860,1037,Will the Republican Party win the WA-03 House race?,11450408400059654095752682163375174616927289912740528299907491682505834882757,0.09,0.11,0.1,0.020000000000000004,14.08511996269226,0.08,0.09,0.08499999999999999,0.009999999999999995,37.246999979019165,-0.02500000000000001,0.0050000000000000044,0.015000000000000013,226.04,5329.83,7077.24,15348.74,37.246999979019165,0.08499999999999999,0.1,0.08499999999999999,0.0975
2026-10-01T16:42:00+00:00,1790872920,1037,Will the Republican Party win the WA-03 House race?,11450408400059654095752682163375174616927289912740528299907491682505834882757,0.09,0.11,0.1,0.020000000000000004,2.3234360218048096,0.08,0.09,0.08499999999999999,0.009999999999999995,0.0840001106262207,-0.02500000000000001,0.0050000000000000044,0.015000000000000013,226.04,5329.83,7077.24,15348.74,97.24699997901917,0.08499999999999999,0.0975,0.08499999999999999,0.0975
2026-10-01T16:43:00+00:00,1790872980,1037,Will the Republican Party win the WA-03 House race?,11450408400059654095752682163375174616927289912740528299907491682505834882757,0.09,0.105,0.0975,0.015,12.125925064086914,0.08,0.09,0.08499999999999999,0.009999999999999995,32.72699999809265,-0.020000000000000004,0.0050000000000000044,0.012500000000000011,186.04,7004.0,7037.24,14308.74,45.867000102996826,0.08499999999999999,0.0975,0.08499999999999999,0.21999999999999997
2026-10-01T16:44:00+00:00,1790873040,1037,Will the Republican Party win the WA-03 House race?,11450408400059654095752682163375174616927289912740528299907491682505834882757,0.09,0.105,0.0975,0.015,4.685549020767212,0.08,0.09,0.08499999999999999,0.009999999999999995,21.77999997138977,-0.020000000000000004,0.0050000000000000044,0.012500000000000011,226.04,7044.0,7077.24,14348.74,49.901999950408936,0.08499999999999999,0.0975,0.08499999999999999,0.1
2026-10-01T16:45:00+00:00,1790873100,1037,Will the Republican Party win the WA-03 House race?,11450408400059654095752682163375174616927289912740528299907491682505834882757,0.09,0.105,0.0975,0.015,11.333298921585083,0.08,0.09,0.08499999999999999,0.009999999999999995,1.1670000553131104,-0.020000000000000004,0.0050000000000000044,0.012500000000000011,186.04,7004.0,7037.24,14308.74,45.22000002861023,0.08499999999999999,0.0975,0.08499999999999999,0.0975
2026-10-01T16:46:00+00:00,1790873160,1037,Will the Republican Party win the WA-03 House race?,11450408400059654095752682163375174616927289912740528299907491682505834882757,0.09,0.105,0.0975,0.015,16.78393292427063,0.08,0.09,0.08499999999999999,0.009999999999999995,16.78600001335144,-0.020000000000000004,0.0050000000000000044,0.012500000000000011,186.04,7112.49,7037.24,13868.74,16.78600001335144,0.08499999999999999,0.0975,0.08499999999999999,0.095
2026-10-01T16:47:00+00:00,1790873220,1037,Will the Republican Party win the WA-03 House race?,11450408400059654095752682163375174616927289912740528299907491682505834882757,0.09,0.105,0.0975,0.015,6.322540044784546,0.08,0.09,0.08499999999999999,0.009999999999999995,10.953999996185303,-0.020000000000000004,0.0050000000000000044,0.012500000000000011,186.04,7112.49,7037.24,13868.74,76.78600001335144,0.08499999999999999,0.21999999999999997,0.08499999999999999,0.095
2026-10-01T16:48:00+00:00,1790873280,1037,Will the Republican Party win the WA-03 House race?,11450408400059654095752682163375174616927289912740528299907491682505834882757,0.09,0.35,0.21999999999999997,0.26,16.129640102386475,0.08,0.09,0.08499999999999999,0.009999999999999995,4.546999931335449,-0.265,0.0050000000000000044,0.13499999999999998,186.04,7112.49,7037.24,13868.74,48.81699991226196,0.08499999999999999,0.1,0.08499999999999999,0.095
2026-10-01T16:49:00+00:00,1790873340,1037,Will the Republican Party win the WA-03 House race?,11450408400059654095752682163375174616927289912740528299907491682505834882757,0.09,0.11,0.1,0.020000000000000004,2.2553870677948,0.08,0.09,0.08499999999999999,0.009999999999999995,1.0,-0.02500000000000001,0.0050000000000000044,0.015000000000000013,66.04,6992.49,6917.24,13748.74,44.28800010681152,0.08499999999999999,0.0975,0.08499999999999999,0.105
2026-10-01T16:50:00+00:00,1790873400,1037,Will the Republican Party win the WA-03 House race?,11450408400059654095752682163375174616927289912740528299907491682505834882757,0.085,0.11,0.0975,0.024999999999999994,8.873982906341553,0.08,0.09,0.08499999999999999,0.009999999999999995,3.875,-0.02500000000000001,1.3877787807814457e-17,0.012500000000000011,106.04,6832.49,6957.24,14568.74,3.875,0.08499999999999999,0.095,0.08499999999999999,0.10250000000000001
2026-10-01T16:51:00+00:00,1790873460,1037,Will the Republican Party win the WA-03 House race?,11450408400059654095752682163375174616927289912740528299907491682505834882757,0.085,0.105,0.095,0.01999999999999999,21.290581941604614,0.08,0.09,0.08499999999999999,0.009999999999999995,16.871000051498413,-0.020000000000000004,1.3877787807814457e-17,0.010000000000000009,106.04,6832.49,6957.24,14568.74,63.875,0.08499999999999999,0.095,0.08499999999999999,0.105
2026-10-01T16:52:00+00:00,1790873520,1037,Will the Republican Party win the WA-03 House race?,11450408400059654095752682163375174616927289912740528299907491682505834882757,0.085,0.105,0.095,0.01999999999999999,25.642420053482056,0.08,0.09,0.08499999999999999,0.009999999999999995,2.180999994277954,-0.020000000000000004,1.3877787807814457e-17,0.010000000000000009,106.04,5543.35,6957.24,14733.68,2.180999994277954,0.08499999999999999,0.095,0.08499999999999999,0.10250000000000001
2026-10-01T16:53:00+00:00,1790873580,1037,Will the Republican Party win the WA-03 House race?,11450408400059654095752682163375174616927289912740528299907491682505834882757,0.09,0.1,0.095,0.010000000000000009,3.225053071975708,0.08,0.09,0.08499999999999999,0.009999999999999995,6.588000059127808,-0.015000000000000013,0.0050000000000000044,0.010000000000000009,106.04,5543.35,6957.24,14733.68,62.180999994277954,0.08499999999999999,0.105,0.08499999999999999,0.1
2026-10-01T16:54:00+00:00,1790873640,1037,Will the Republican Party win the WA-03 House race?,11450408400059654095752682163375174616927289912740528299907491682505834882757,0.09,0.12,0.105,0.03,7.628271102905273,0.08,0.09,0.08499999999999999,0.009999999999999995,32.86199998855591,-0.035,0.0050000000000000044,0.020000000000000004,106.04,5346.17,6957.24,14733.68,34.63100004196167,0.08499999999999999,0.10250000000000001,0.08499999999999999,0.1
2026-10-01T16:55:00+00:00,1790873700,1037,Will the Republican Party win the WA-03 House race?,11450408400059654095752682163375174616927289912740528299907491682505834882757,0.085,0.12,0.10250000000000001,0.03499999999999999,6.943968057632446,0.08,0.09,0.08499999999999999,0.009999999999999995,0.1809999942779541,-0.035,1.3877787807814457e-17,0.017500000000000016,106.04,5826.66,6957.24,14513.68,37.117000102996826,0.08499999999999999,0.105,,0.1
2026-10-01T16:56:00+00:00,1790873760,1037,Will the Republican Party win the WA-03 House race?,11450408400059654095752682163375174616927289912740528299907491682505834882757,0.09,0.12,0.105,0.03,3.9969050884246826,0.08,0.09,0.08499999999999999,0.009999999999999995,22.03600001335144,-0.035,0.0050000000000000044,0.020000000000000004,66.04,5540.150000000001,6917.24,14693.68,37.926000118255615,0.08499999999999999,0.10250000000000001,,
2026-10-01T16:57:00+00:00,1790873820,1037,Will the Republican Party win the WA-03 House race?,11450408400059654095752682163375174616927289912740528299907491682505834882757,0.09,0.115,0.10250000000000001,0.02500000000000001,32.11371898651123,0.08,0.09,0.08499999999999999,0.009999999999999995,1.0829999446868896,-0.030000000000000013,0.0050000000000000044,0.017500000000000016,106.04,5745.46,6957.24,14733.68,29.57699990272522,0.08499999999999999,0.1,,
2026-10-01T16:58:00+00:00,1790873880,1037,Will the Republican Party win the WA-03 House race?,11450408400059654095752682163375174616927289912740528299907491682505834882757,0.09,0.11,0.1,0.020000000000000004,17.044742107391357,0.08,0.09,0.08499999999999999,0.009999999999999995,26.555000066757202,-0.02500000000000001,0.0050000000000000044,0.015000000000000013,106.04,6058.71,6957.24,15948.31,31.206000089645386,0.08499999999999999,0.1,,
2026-10-01T16:59:00+00:00,1790873940,1037,Will the Republican Party win the WA-03 House race?,11450408400059654095752682163375174616927289912740528299907491682505834882757,0.09,0.11,0.1,0.020000000000000004,13.210262060165405,0.08,0.09,0.08499999999999999,0.009999999999999995,48.74900007247925,-0.02500000000000001,0.0050000000000000044,0.015000000000000013,106.04,6024.71,6957.24,15157.74,48.74900007247925,,0.1,,
2026-10-01T17:00:00+00:00,1790874000,1037,Will the Republican Party win the WA-03 House race?,11450408400059654095752682163375174616927289912740528299907491682505834882757,0.09,0.11,0.1,0.020000000000000004,5.3212010860443115,0.08,0.09,0.08499999999999999,0.009999999999999995,6.9700000286102295,-0.02500000000000001,0.0050000000000000044,0.015000000000000013,106.04,6024.71,6957.24,16353.95,33.44600009918213,,,,
2026-10-01T16:30:00+00:00,1790872200,1038,Will the Democratic Party win the WI-01 House race?,27864379735636967187061174592974985530606192477476602134082994654383977817622,0.33,0.34,0.335,0.010000000000000009,1.9356589317321777,0.33,0.34,0.335,0.010000000000000009,42.9300000667572,-0.0050000000000000044,-0.0050000000000000044,0.0,3750.7,28116.37,5078.19,32951.259999999995,42.9300000667572,0.335,0.335,0.335,0.335
2026-10-01T16:31:00+00:00,1790872260,1038,Will the Democratic Party win the WI-01 House race?,27864379735636967187061174592974985530606192477476602134082994654383977817622,0.33,0.34,0.335,0.010000000000000009,26.787092924118042,0.33,0.34,0.335,0.010000000000000009,47.3199999332428,-0.0050000000000000044,-0.0050000000000000044,0.0,3750.7,28116.37,5078.19,32951.259999999995,47.3199999332428,0.335,0.335,0.335,0.335
2026-10-01T16:32:00+00:00,1790872320,1038,Will the Democratic Party win the WI-01 House race?,27864379735636967187061174592974985530606192477476602134082994654383977817622,0.33,0.34,0.335,0.010000000000000009,11.947817087173462,0.33,0.34,0.335,0.010000000000000009,52.007999897003174,-0.0050000000000000044,-0.0050000000000000044,0.0,3750.7,28116.37,5078.19,32951.259999999995,52.007999897003174,0.335,0.335,0.335,0.335
2026-10-01T16:33:00+00:00,1790872380,1038,Will the Democratic Party win the WI-01 House race?,27864379735636967187061174592974985530606192477476602134082994654383977817622,0.33,0.34,0.335,0.010000000000000009,13.277174949645996,0.33,0.34,0.335,0.010000000000000009,13.490000009536743,-0.0050000000000000044,-0.0050000000000000044,0.0,3750.7,28116.37,5078.19,33341.259999999995,13.490000009536743,0.335,0.335,0.335,0.33
2026-10-01T16:34:00+00:00,1790872440,1038,Will the Democratic Party win the WI-01 House race?,27864379735636967187061174592974985530606192477476602134082994654383977817622,0.33,0.34,0.335,0.010000000000000009,3.746644973754883,0.33,0.34,0.335,0.010000000000000009,0.6400001049041748,-0.0050000000000000044,-0.0050000000000000044,0.0,3750.7,28116.37,5078.19,33341.259999999995,73.49000000953674,0.335,0.335,0.335,0.33
2026-10-01T16:35:00+00:00,1790872500,1038,Will the Democratic Party win the WI-01 House race?,27864379735636967187061174592974985530606192477476602134082994654383977817622,0.33,0.34,0.335,0.010000000000000009,0.31102609634399414,0.33,0.34,0.335,0.010000000000000009,5.1559998989105225,-0.0050000000000000044,-0.0050000000000000044,0.0,3750.7,24949.55,5078.19,30704.19,5.1559998989105225,0.335,0.335,0.335,0.33
2026-10-01T16:36:00+00:00,1790872560,1038,Will the Democratic Party win the WI-01 House race?,27864379735636967187061174592974985530606192477476602134082994654383977817622,0.33,0.34,0.335,0.010000000000000009,7.302902936935425,0.33,0.34,0.335,0.010000000000000009,18.30399990081787,-0.0050000000000000044,-0.0050000000000000044,0.0,3750.7,30324.55,5078.19,35559.84,18.30399990081787,0.335,0.335,0.335,0.33
2026-10-01T16:37:00+00:00,1790872620,1038,Will the Democratic Party win the WI-01 House race?,27864379735636967187061174592974985530606192477476602134082994654383977817622,0.33,0.34,0.335,0.010000000000000009,13.863194942474365,0.33,0.34,0.335,0.010000000000000009,22.653000116348267,-0.0050000000000000044,-0.0050000000000000044,0.0,3750.7,30324.55,5078.19,35559.84,22.653000116348267,0.335,0.33,0.335,0.33499999999999996
2026-10-01T16:38:00+00:00,1790872680,1038,Will the Democratic Party win the WI-01 House race?,27864379735636967187061174592974985530606192477476602134082994654383977817622,0.32,0.34,0.33,0.020000000000000018,0.41014599800109863,0.33,0.34,0.335,0.010000000000000009,27.221999883651733,-0.0050000000000000044,-0.015000000000000013,0.0050000000000000044,3750.7,30324.55,5078.19,35559.84,82.65300011634827,0.335,0.33,0.335,0.3325
2026-10-01T16:39:00+00:00,1790872740,1038,Will the Democratic Party win the WI-01 House race?,27864379735636967187061174592974985530606192477476602134082994654383977817622,0.32,0.34,0.33,0.020000000000000018,1.9710490703582764,0.33,0.34,0.335,0.010000000000000009,1.7190001010894775,-0.0050000000000000044,-0.015000000000000013,0.0050000000000000044,3750.7,24790.33,5078.19,30704.19,1.7190001010894775,0.335,0.33,0.335,0.33999999999999997
2026-10-01T16:40:00+00:00,1790872800,1038,Will the Democratic Party win the WI-01 House race?,27864379735636967187061174592974985530606192477476602134082994654383977817622,0.32,0.34,0.33,0.020000000000000018,6.200860977172852,0.33,0.34,0.335,0.010000000000000009,6.101000070571899,-0.0050000000000000044,-0.015000000000000013,0.0050000000000000044,3750.7,24790.33,5078.19,30704.19,6.101000070571899,0.335,0.33,0.335,0.3375
2026-10-01T16:41:00+00:00,1790872860,1038,Will the Democratic Party win the WI-01 House race?,27864379735636967187061174592974985530606192477476602134082994654383977817622,0.32,0.34,0.33,0.020000000000000018,14.08511996269226,0.33,0.34,0.335,0.010000000000000009,10.230000019073486,-0.0050000000000000044,-0.015000000000000013,0.0050000000000000044,3750.7,24790.33,5078.19,30704.19,10.230000019073486,0.335,0.33499999999999996,0.335,0.33999999999999997
2026-10-01T16:42:00+00:00,1790872920,1038,Will the Democratic Party win the WI-01 House race?,27864379735636967187061174592974985530606192477476602134082994654383977817622,0.32,0.35,0.33499999999999996,0.02999999999999997,2.3234360218048096,0.33,0.34,0.335,0.010000000000000009,3.0739998817443848,-0.014999999999999958,-0.015000000000000013,5.551115123125783e-17,3750.7,24790.33,5078.19,30704.19,3.0739998817443848,0.335,0.3325,0.335,0.33499999999999996
2026-10-01T16:43:00+00:00,1790872980,1038,Will the Democratic Party win the WI-01 House race?,27864379735636967187061174592974985530606192477476602134082994654383977817622,0.325,0.34,0.3325,0.015000000000000013,12.125925064086914,0.33,0.34,0.335,0.010000000000000009,1.5,-0.0050000000000000044,-0.010000000000000009,0.0025000000000000022,3750.7,24790.33,5078.19,30704.19,63.073999881744385,0.335,0.33999999999999997,0.335,0.3325
2026-10-01T16:44:00+00:00,1790873040,1038,Will the Democratic Party win the WI-01 House race?,27864379735636967187061174592974985530606192477476602134082994654383977817622,0.325,0.355,0.33999999999999997,0.02999999999999997,4.685549020767212,0.33,0.34,0.335,0.010000000000000009,51.99300003051758,-0.019999999999999962,-0.010000000000000009,0.004999999999999949,3750.7,24790.33,5078.19,25713.19,51.99300003051758,0.335,0.3375,0.335,0.3325
2026-10-01T16:45:00+00:00,1790873100,1038,Will the Democratic Party win the WI-01 House race?,27864379735636967187061174592974985530606192477476602134082994654383977817622,0.325,0.35,0.3375,0.024999999999999967,11.333298921585083,0.33,0.34,0.335,0.010000000000000009,10.723999977111816,-0.014999999999999958,-0.010000000000000009,0.0025000000000000022,3750.7,24849.55,5078.19,26713.19,10.723999977111816,0.335,0.33999999999999997,0.335,0.3325
2026-10-01T16:46:00+00:00,1790873160,1038,Will the Democratic Party win the WI-01 House race?,27864379735636967187061174592974985530606192477476602134082994654383977817622,0.325,0.355,0.33999999999999997,0.02999999999999997,16.78393292427063,0.33,0.34,0.335,0.010000000000000009,15.127000093460083,-0.019999999999999962,-0.010000000000000009,0.004999999999999949,3750.7,24849.55,5078.19,26713.19,15.127000093460083,0.335,0.33499999999999996,0.335,0.3325
2026-10-01T16:47:00+00:00,1790873220,1038,Will the Democratic Party win the WI-01 House race?,27864379735636967187061174592974985530606192477476602134082994654383977817622,0.325,0.345,0.33499999999999996,0.019999999999999962,6.322540044784546,0.33,0.34,0.335,0.010000000000000009,19.854000091552734,-0.009999999999999953,-0.010000000000000009,5.551115123125783e-17,3750.7,24849.55,5078.19,26713.19,75.12700009346008,0.335,0.3325,0.335,0.3325
2026-10-01T16:48:00+00:00,1790873280,1038,Will the Democratic Party win the WI-01 House race?,27864379735636967187061174592974985530606192477476602134082994654383977817622,0.325,0.34,0.3325,0.015000000000000013,16.129640102386475,0.33,0.34,0.335,0.010000000000000009,42.437999963760376,-0.0050000000000000044,-0.010000000000000009,0.0025000000000000022,3750.7,24899.55,5078.19,26763.19,42.437999963760376,0.335,0.3325,0.335,0.3275
2026-10-01T16:49:00+00:00,1790873340,1038,Will the Democratic Party win the WI-01 House race?,27864379735636967187061174592974985530606192477476602134082994654383977817622,0.325,0.34,0.3325,0.015000000000000013,2.2553870677948,0.33,0.34,0.335,0.010000000000000009,9.996999979019165,-0.0050000000000000044,-0.010000000000000009,0.0025000000000000022,3750.7,24899.55,5078.19,26763.19,46.730000019073486,0.335,0.3325,0.335,0.3275
2026-10-01T16:50:00+00:00,1790873400,1038,Will the Democratic Party win the WI-01 House race?,27864379735636967187061174592974985530606192477476602134082994654383977817622,0.325,0.34,0.3325,0.015000000000000013,8.873982906341553,0.33,0.34,0.335,0.010000000000000009,39.42300009727478,-0.0050000000000000044,-0.010000000000000009,0.0025000000000000022,3750.7,24840.33,5078.19,26763.19,51.1800000667572,0.335,0.3325,0.335,0.3275
2026-10-01T16:51:00+00:00,1790873460,1038,Will the Democratic Party win the WI-01 House race?,27864379735636967187061174592974985530606192477476602134082994654383977817622,0.325,0.34,0.3325,0.015000000000000013,21.290581941604614,0.33,0.34,0.335,0.010000000000000009,52.609999895095825,-0.0050000000000000044,-0.010000000000000009,0.0025000000000000022,3750.7,24849.55,5078.19,26713.19,52.609999895095825,0.335,0.3325,0.335,0.3275
2026-10-01T16:52:00+00:00,1790873520,1038,Will the Democratic Party win the WI-01 House race?,27864379735636967187061174592974985530606192477476602134082994654383977817622,0.325,0.34,0.3325,0.015000000000000013,25.642420053482056,0.33,0.34,0.335,0.010000000000000009,30.890000104904175,-0.0050000000000000044,-0.010000000000000009,0.0025000000000000022,3750.7,26785.02,5078.19,27951.89,30.890000104904175,0.335,0.3275,0.335,0.3275
2026-10-01T16:53:00+00:00,1790873580,1038,Will the Democratic Party win the WI-01 House race?,27864379735636967187061174592974985530606192477476602134082994654383977817622,0.325,0.33,0.3275,0.0050000000000000044,3.225053071975708,0.33,0.34,0.335,0.010000000000000009,20.999000072479248,0.0050000000000000044,-0.010000000000000009,0.007500000000000007,3750.7,26785.02,5078.19,27951.89,90.89000010490417,0.335,0.3275,0.335,0.325
2026-10-01T16:54:00+00:00,1790873640,1038,Will the Democratic Party win the WI-01 House race?,27864379735636967187061174592974985530606192477476602134082994654383977817622,0.325,0.33,0.3275,0.0050000000000000044,7.628271102905273,0.33,0.34,0.335,0.010000000000000009,52.53800010681152,0.0050000000000000044,-0.010000000000000009,0.007500000000000007,3750.7,25171.02,5078.19,27561.89,52.53800010681152,0.335,0.3275,0.335,0.325
2026-10-01T16:55:00+00:00,1790873700,1038,Will the Democratic Party win the WI-01 House race?,27864379735636967187061174592974985530606192477476602134082994654383977817622,0.325,0.33,0.3275,0.0050000000000000044,6.943968057632446,0.33,0.34,0.335,0.010000000000000009,0.999000072479248,0.0050000000000000044,-0.010000000000000009,0.007500000000000007,3750.7,25111.8,5078.19,27561.89,51.99900007247925,0.335,0.3275,,0.325
2026-10-01T16:56:00+00:00,1790873760,1038,Will the Democratic Party win the WI-01 House race?,27864379735636967187061174592974985530606192477476602134082994654383977817622,0.325,0.33,0.3275,0.0050000000000000044,3.9969050884246826,0.33,0.34,0.335,0.010000000000000009,38.187000036239624,0.0050000000000000044,-0.010000000000000009,0.007500000000000007,3750.7,25271.02,5178.19,27661.89,38.187000036239624,0.335,0.3275,,
2026-10-01T16:57:00+00:00,1790873820,1038,Will the Democratic Party win the WI-01 House race?,27864379735636967187061174592974985530606192477476602134082994654383977817622,0.325,0.33,0.3275,0.0050000000000000044,32.11371898651123,0.33,0.34,0.335,0.010000000000000009,38.15000009536743,0.0050000000000000044,-0.010000000000000009,0.007500000000000007,3750.7,25271.02,5078.19,27561.89,38.15000009536743,0.335,0.325,,
2026-10-01T16:58:00+00:00,1790873880,1038,Will the Democratic Party win the WI-01 House race?,27864379735636967187061174592974985530606192477476602134082994654383977817622,0.32,0.33,0.325,0.010000000000000009,17.044742107391357,0.33,0.34,0.335,0.010000000000000009,7.183000087738037,0.0050000000000000044,-0.015000000000000013,0.010000000000000009,3750.7,23752.27,5078.19,27561.89,47.30399990081787,0.335,0.325,,
2026-10-01T16:59:00+00:00,1790873940,1038,Will the Democratic Party win the WI-01 House race?,27864379735636967187061174592974985530606192477476602134082994654383977817622,0.32,0.33,0.325,0.010000000000000009,13.210262060165405,0.33,0.34,0.335,0.010000000000000009,51.026000022888184,0.0050000000000000044,-0.015000000000000013,0.010000000000000009,3750.7,23752.27,5078.19,26589.89,51.026000022888184,,0.325,,
2026-10-01T17:00:00+00:00,1790874000,1038,Will the Democratic Party win the WI-01 House race?,27864379735636967187061174592974985530606192477476602134082994654383977817622,0.32,0.33,0.325,0.010000000000000009,5.3212010860443115,0.33,0.34,0.335,0.010000000000000009,0.21900010108947754,0.0050000000000000044,-0.015000000000000013,0.010000000000000009,3750.7,23693.05,5078.19,26589.89,37.99799990653992,,,,
2026-10-01T16:30:00+00:00,1790872200,1039,Will the Republican Party win the WI-01 House race?,89691692433810708662044713280560196245651593280559985593960312638148344324296,0.66,0.675,0.6675,0.015000000000000013,1.9356589317321777,0.66,0.67,0.665,0.010000000000000009,0.0559999942779541,-0.010000000000000009,-0.0050000000000000044,0.0024999999999999467,6898.75,16680.95,890.04,28535.18,5.516000032424927,0.665,0.6725000000000001,0.665,0.6799999999999999
2026-10-01T16:31:00+00:00,1790872260,1039,Will the Republican Party win the WI-01 House race?,89691692433810708662044713280560196245651593280559985593960312638148344324296,0.67,0.675,0.6725000000000001,0.0050000000000000044,26.787092924118042,0.66,0.67,0.665,0.010000000000000009,4.378999948501587,-0.010000000000000009,0.0050000000000000044,0.007500000000000062,6898.75,16680.95,990.04,28635.18,4.378999948501587,0.665,0.6825,0.665,0.6799999999999999
2026-10-01T16:32:00+00:00,1790872320,1039,Will the Republican Party win the WI-01 House race?,89691692433810708662044713280560196245651593280559985593960312638148344324296,0.67,0.695,0.6825,0.02499999999999991,11.947817087173462,0.66,0.67,0.665,0.010000000000000009,23.954999923706055,-0.029999999999999916,0.0050000000000000044,0.01749999999999996,6898.75,16730.95,990.04,28685.18,23.954999923706055,0.665,0.6799999999999999,0.665,0.6799999999999999
2026-10-01T16:33:00+00:00,1790872380,1039,Will the Republican Party win the WI-01 House race?,89691692433810708662044713280560196245651593280559985593960312638148344324296,0.67,0.69,0.6799999999999999,0.019999999999999907,13.277174949645996,0.66,0.67,0.665,0.010000000000000009,26.002000093460083,-0.02499999999999991,0.0050000000000000044,0.014999999999999902,6898.75,16730.95,990.04,28435.18,26.002000093460083,0.665,0.6799999999999999,0.665,0.6799999999999999
2026-10-01T16:34:00+00:00,1790872440,1039,Will the Republican Party win the WI-01 House race?,89691692433810708662044713280560196245651593280559985593960312638148344324296,0.67,0.69,0.6799999999999999,0.019999999999999907,3.746644973754883,0.66,0.67,0.665,0.010000000000000009,14.766000032424927,-0.02499999999999991,0.0050000000000000044,0.014999999999999902,6898.75,16730.95,990.04,28560.18,14.766000032424927,0.665,0.6799999999999999,0.665,0.675
2026-10-01T16:35:00+00:00,1790872500,1039,Will the Republican Party win the WI-01 House race?,89691692433810708662044713280560196245651593280559985593960312638148344324296,0.67,0.69,0.6799999999999999,0.019999999999999907,0.31102609634399414,0.66,0.67,0.665,0.010000000000000009,17.694999933242798,-0.02499999999999991,0.0050000000000000044,0.014999999999999902,6898.75,16730.95,990.04,21409.18,17.694999933242798,0.665,0.6799999999999999,0.665,0.67
2026-10-01T16:36:00+00:00,1790872560,1039,Will the Republican Party win the WI-01 House race?,89691692433810708662044713280560196245651593280559985593960312638148344324296,0.67,0.69,0.6799999999999999,0.019999999999999907,7.302902936935425,0.66,0.67,0.665,0.010000000000000009,19.801000118255615,-0.02499999999999991,0.0050000000000000044,0.014999999999999902,6898.75,16630.95,990.04,28534.18,19.801000118255615,0.665,0.6799999999999999,0.665,0.67
2026-10-01T16:37:00+00:00,1790872620,1039,Will the Republican Party win the WI-01 House race?,89691692433810708662044713280560196245651593280559985593960312638148344324296,0.67,0.69,0.6799999999999999,0.019999999999999907,13.863194942474365,0.66,0.67,0.665,0.010000000000000009,1.752000093460083,-0.02499999999999991,0.0050000000000000044,0.014999999999999902,6898.75,16630.95,1090.04,27759.18,1.752000093460083,0.665,0.6799999999999999,0.665,0.67
2026-10-01T16:38:00+00:00,1790872680,1039,Will the Republican Party win the WI-01 House race?,89691692433810708662044713280560196245651593280559985593960312638148344324296,0.67,0.69,0.6799999999999999,0.019999999999999907,0.41014599800109863,0.66,0.67,0.665,0.010000000000000009,41.64299988746643,-0.02499999999999991,0.0050000000000000044,0.014999999999999902,6898.75,16630.95,1144.04,27403.18,41.64299988746643,0.665,0.675,0.665,0.6675
2026-10-01T16:39:00+00:00,1790872740,1039,Will the Republican Party win the WI-01 House race?,89691692433810708662044713280560196245651593280559985593960312638148344324296,0.66,0.69,0.675,0.029999999999999916,1.9710490703582764,0.66,0.67,0.665,0.010000000000000009,2.565000057220459,-0.02499999999999991,-0.0050000000000000044,0.010000000000000009,6898.75,17630.95,990.04,21537.18,2.565000057220459,0.665,0.67,0.665,0.6675
2026-10-01T16:40:00+00:00,1790872800,1039,Will the Republican Party win the WI-01 House race?,89691692433810708662044713280560196245651593280559985593960312638148344324296,0.66,0.68,0.67,0.020000000000000018,6.200860977172852,0.66,0.67,0.665,0.010000000000000009,13.154000043869019,-0.015000000000000013,-0.0050000000000000044,0.0050000000000000044,6898.75,17636.84,990.04,21343.5,13.154000043869019,0.665,0.67,0.665,0.665
2026-10-01T16:41:00+00:00,1790872860,1039,Will the Republican Party win the WI-01 House race?,89691692433810708662044713280560196245651593280559985593960312638148344324296,0.66,0.68,0.67,0.020000000000000018,14.08511996269226,0.66,0.67,0.665,0.010000000000000009,17.598000049591064,-0.015000000000000013,-0.0050000000000000044,0.0050000000000000044,6898.75,17636.84,990.04,21343.5,17.598000049591064,0.665,0.67,0.665,0.6675
2026-10-01T16:42:00+00:00,1790872920,1039,Will the Republican Party win the WI-01 House race?,89691692433810708662044713280560196245651593280559985593960312638148344324296,0.66,0.68,0.67,0.020000000000000018,2.3234360218048096,0.66,0.67,0.665,0.010000000000000009,3.684000015258789,-0.015000000000000013,-0.0050000000000000044,0.0050000000000000044,6898.75,17636.84,990.04,21468.5,3.684000015258789,0.665,0.6675,0.665,0.6675
2026-10-01T16:43:00+00:00,1790872980,1039,Will the Republican Party win the WI-01 House race?,89691692433810708662044713280560196245651593280559985593960312638148344324296,0.66,0.675,0.6675,0.015000000000000013,12.125925064086914,0.66,0.67,0.665,0.010000000000000009,10.986999988555908,-0.010000000000000009,-0.0050000000000000044,0.0024999999999999467,6898.75,26475.58,990.04,30018.5,10.986999988555908,0.665,0.6675,0.665,0.6675
2026-10-01T16:44:00+00:00,1790873040,1039,Will the Republican Party win the WI-01 House race?,89691692433810708662044713280560196245651593280559985593960312638148344324296,0.66,0.675,0.6675,0.015000000000000013,4.685549020767212,0.66,0.67,0.665,0.010000000000000009,0.29200005531311035,-0.010000000000000009,-0.0050000000000000044,0.0024999999999999467,6898.75,24475.58,990.04,21768.5,0.29200005531311035,0.665,0.665,0.665,0.6675
2026-10-01T16:45:00+00:00,1790873100,1039,Will the Republican Party win the WI-01 House race?,89691692433810708662044713280560196245651593280559985593960312638148344324296,0.66,0.67,0.665,0.010000000000000009,11.333298921585083,0.66,0.67,0.665,0.010000000000000009,0.30699992179870605,-0.0050000000000000044,-0.0050000000000000044,0.0,6898.75,24475.58,990.04,21768.5,60.29200005531311,0.665,0.6675,0.665,0.665
2026-10-01T16:46:00+00:00,1790873160,1039,Will the Republican Party win the WI-01 House race?,89691692433810708662044713280560196245651593280559985593960312638148344324296,0.66,0.675,0.6675,0.015000000000000013,16.78393292427063,0.66,0.67,0.665,0.010000000000000009,10.200999975204468,-0.010000000000000009,-0.0050000000000000044,0.0024999999999999467,6898.75,16726.84,1144.04,19461.5,46.217000007629395,0.665,0.6675,0.665,0.665
2026-10-01T16:47:00+00:00,1790873220,1039,Will the Republican Party win the WI-01 House race?,89691692433810708662044713280560196245651593280559985593960312638148344324296,0.66,0.675,0.6675,0.015000000000000013,6.322540044784546,0.66,0.67,0.665,0.010000000000000009,26.75,-0.010000000000000009,-0.0050000000000000044,0.0024999999999999467,6898.75,16641.84,990.04,20884.5,26.75,0.665,0.6675,0.665,0.6725000000000001
2026-10-01T16:48:00+00:00,1790873280,1039,Will the Republican Party win the WI-01 House race?,89691692433810708662044713280560196245651593280559985593960312638148344324296,0.66,0.675,0.6675,0.015000000000000013,16.129640102386475,0.66,0.67,0.665,0.010000000000000009,16.171000003814697,-0.010000000000000009,-0.0050000000000000044,0.0024999999999999467,6898.75,16641.84,870.04,20764.5,16.171000003814697,0.665,0.6675,0.665,0.6725000000000001
2026-10-01T16:49:00+00:00,1790873340,1039,Will the Republican Party win the WI-01 House race?,89691692433810708662044713280560196245651593280559985593960312638148344324296,0.66,0.675,0.6675,0.015000000000000013,2.2553870677948,0.66,0.67,0.665,0.010000000000000009,35.609999895095825,-0.010000000000000009,-0.0050000000000000044,0.0024999999999999467,6898.75,16641.84,870.04,20764.5,76.1710000038147,0.665,0.665,0.665,0.6725000000000001
2026-10-01T16:50:00+00:00,1790873400,1039,Will the Republican Party win the WI-01 House race?,89691692433810708662044713280560196245651593280559985593960312638148344324296,0.66,0.67,0.665,0.010000000000000009,8.873982906341553,0.66,0.67,0.665,0.010000000000000009,26.647000074386597,-0.0050000000000000044,-0.0050000000000000044,0.0,6898.75,16641.84,870.04,20789.5,26.647000074386597,0.665,0.665,0.665,0.6725000000000001
2026-10-01T16:51:00+00:00,1790873460,1039,Will the Republican Party win the WI-01 House race?,89691692433810708662044713280560196245651593280559985593960312638148344324296,0.66,0.67,0.665,0.010000000000000009,21.290581941604614,0.66,0.67,0.665,0.010000000000000009,0.5429999828338623,-0.0050000000000000044,-0.0050000000000000044,0.0,6898.75,16641.84,870.04,20789.5,86.6470000743866,0.665,0.6725000000000001,0.665,0.6725000000000001
2026-10-01T16:52:00+00:00,1790873520,1039,Will the Republican Party win the WI-01 House race?,89691692433810708662044713280560196245651593280559985593960312638148344324296,0.67,0.675,0.6725000000000001,0.0050000000000000044,25.642420053482056,0.66,0.67,0.665,0.010000000000000009,21.167999982833862,-0.010000000000000009,0.0050000000000000044,0.007500000000000062,6898.75,16557.6,870.04,20632.88,21.167999982833862,0.665,0.6725000000000001,0.665,0.6725000000000001
2026-10-01T16:53:00+00:00,1790873580,1039,Will the Republican Party win the WI-01 House race?,89691692433810708662044713280560196245651593280559985593960312638148344324296,0.67,0.675,0.6725000000000001,0.0050000000000000044,3.225053071975708,0.66,0.67,0.665,0.010000000000000009,4.766999959945679,-0.010000000000000009,0.0050000000000000044,0.007500000000000062,6898.75,16557.6,870.04,19076.88,4.766999959945679,0.665,0.6725000000000001,0.665,0.675
2026-10-01T16:54:00+00:00,1790873640,1039,Will the Republican Party win the WI-01 House race?,89691692433810708662044713280560196245651593280559985593960312638148344324296,0.67,0.675,0.6725000000000001,0.0050000000000000044,7.628271102905273,0.66,0.67,0.665,0.010000000000000009,9.50600004196167,-0.010000000000000009,0.0050000000000000044,0.007500000000000062,6898.75,16657.6,870.04,19155.88,9.50600004196167,0.665,0.6725000000000001,0.665,0.675
2026-10-01T16:55:00+00:00,1790873700,1039,Will the Republican Party win the WI-01 House race?,89691692433810708662044713280560196245651593280559985593960312638148344324296,0.67,0.675,0.6725000000000001,0.0050000000000000044,6.943968057632446,0.66,0.67,0.665,0.010000000000000009,30.903000116348267,-0.010000000000000009,0.0050000000000000044,0.007500000000000062,6898.75,16657.6,870.04,19155.88,69.50600004196167,0.665,0.6725000000000001,,0.675
2026-10-01T16:56:00+00:00,1790873760,1039,Will the Republican Party win the WI-01 House race?,89691692433810708662044713280560196245651593280559985593960312638148344324296,0.67,0.675,0.6725000000000001,0.0050000000000000044,3.9969050884246826,0.66,0.67,0.665,0.010000000000000009,23.381999969482422,-0.010000000000000009,0.0050000000000000044,0.007500000000000062,6898.75,16657.6,870.04,19480.88,23.381999969482422,0.665,0.6725000000000001,,
2026-10-01T16:57:00+00:00,1790873820,1039,Will the Republican Party win the WI-01 House race?,89691692433810708662044713280560196245651593280559985593960312638148344324296,0.67,0.675,0.6725000000000001,0.0050000000000000044,32.11371898651123,0.66,0.67,0.665,0.010000000000000009,6.319999933242798,-0.010000000000000009,0.0050000000000000044,0.007500000000000062,6898.75,16657.6,870.04,19470.88,6.319999933242798,0.665,0.675,,
2026-10-01T16:58:00+00:00,1790873880,1039,Will the Republican Party win the WI-01 House race?,89691692433810708662044713280560196245651593280559985593960312638148344324296,0.67,0.68,0.675,0.010000000000000009,17.044742107391357,0.66,0.67,0.665,0.010000000000000009,10.648000001907349,-0.015000000000000013,0.0050000000000000044,0.010000000000000009,6898.75,16657.6,870.04,19470.88,66.3199999332428,0.665,0.675,,
2026-10-01T16:59:00+00:00,1790873940,1039,Will the Republican Party win the WI-01 House race?,89691692433810708662044713280560196245651593280559985593960312638148344324296,0.67,0.68,0.675,0.010000000000000009,13.210262060165405,0.66,0.67,0.665,0.010000000000000009,15.265000104904175,-0.015000000000000013,0.0050000000000000044,0.010000000000000009,6898.75,16657.6,870.04,19480.88,15.265000104904175,,0.675,,
2026-10-01T17:00:00+00:00,1790874000,1039,Will the Republican Party win the WI-01 House race?,89691692433810708662044713280560196245651593280559985593960312638148344324296,0.67,0.68,0.675,0.010000000000000009,5.3212010860443115,0.66,0.67,0.665,0.010000000000000009,9.644000053405762,-0.015000000000000013,0.0050000000000000044,0.010000000000000009,6898.75,16657.6,870.04,19480.88,75.26500010490417,,,,
2026-10-01T16:30:00+00:00,1790872200,1040,Will the Democratic Party win the WI-03 House race?,98533340650340151055858210214498969967462170000657407829633743183238896087456,0.715,0.745,0.73,0.030000000000000027,1.9356589317321777,0.72,0.73,0.725,0.010000000000000009,1.2579998970031738,-0.020000000000000018,-0.010000000000000009,0.0050000000000000044,866.84,1247.23,611.84,1922.93,6.190000057220459,0.725,0.73,0.725,0.73
2026-10-01T16:31:00+00:00,1790872260,1040,Will the Democratic Party win the WI-03 House race?,98533340650340151055858210214498969967462170000657407829633743183238896087456,0.715,0.745,0.73,0.030000000000000027,26.787092924118042,0.72,0.73,0.725,0.010000000000000009,9.198999881744385,-0.020000000000000018,-0.010000000000000009,0.0050000000000000044,785.84,1167.6200000000001,530.84,2149.7200000000003,9.198999881744385,0.725,0.73,0.725,0.73
2026-10-01T16:32:00+00:00,1790872320,1040,Will the Democratic Party win the WI-03 House race?,98533340650340151055858210214498969967462170000657407829633743183238896087456,0.715,0.745,0.73,0.030000000000000027,11.947817087173462,0.72,0.73,0.725,0.010000000000000009,1.2579998970031738,-0.020000000000000018,-0.010000000000000009,0.0050000000000000044,785.84,1167.6200000000001,530.84,2249.7200000000003,1.2579998970031738,0.725,0.73,0.725,0.73
2026-10-01T16:33:00+00:00,1790872380,1040,Will the Democratic Party win the WI-03 House race?,98533340650340151055858210214498969967462170000657407829633743183238896087456,0.72,0.74,0.73,0.020000000000000018,13.277174949645996,0.72,0.73,0.725,0.010000000000000009,0.2390000820159912,-0.015000000000000013,-0.0050000000000000044,0.0050000000000000044,831.84,1193.6200000000001,536.84,2095.7200000000003,0.2390000820159912,0.725,0.73,0.725,0.7324999999999999
2026-10-01T16:34:00+00:00,1790872440,1040,Will the Democratic Party win the WI-03 House race?,98533340650340151055858210214498969967462170000657407829633743183238896087456,0.72,0.74,0.73,0.020000000000000018,3.746644973754883,0.72,0.73,0.725,0.010000000000000009,26.2260000705719,-0.015000000000000013,-0.0050000000000000044,0.0050000000000000044,831.84,1193.6200000000001,576.84,2125.7200000000003,26.2260000705719,0.725,0.73,0.725,0.7324999999999999
2026-10-01T16:35:00+00:00,1790872500,1040,Will the Democratic Party win the WI-03 House race?,98533340650340151055858210214498969967462170000657407829633743183238896087456,0.72,0.74,0.73,0.020000000000000018,0.31102609634399414,0.72,0.73,0.725,0.010000000000000009,8.319000005722046,-0.015000000000000013,-0.0050000000000000044,0.0050000000000000044,871.84,1233.6200000000001,616.84,1957.93,8.319000005722046,0.725,0.73,0.725,0.7324999999999999
2026-10-01T16:36:00+00:00,1790872560,1040,Will the Democratic Party win the WI-03 House race?,98533340650340151055858210214498969967462170000657407829633743183238896087456,0.72,0.74,0.73,0.020000000000000018,7.302902936935425,0.72,0.73,0.725,0.010000000000000009,16.710000038146973,-0.015000000000000013,-0.0050000000000000044,0.0050000000000000044,871.84,1233.6200000000001,616.84,1937.93,16.710000038146973,0.725,0.73,0.725,0.7324999999999999
2026-10-01T16:37:00+00:00,1790872620,1040,Will the Democratic Party win the WI-03 House race?,98533340650340151055858210214498969967462170000657407829633743183238896087456,0.715,0.745,0.73,0.030000000000000027,13.863194942474365,0.72,0.73,0.725,0.010000000000000009,1.2000000476837158,-0.020000000000000018,-0.010000000000000009,0.0050000000000000044,871.84,1253.6200000000001,616.84,2056.9300000000003,1.2000000476837158,0.725,0.7324999999999999,0.725,0.7324999999999999
2026-10-01T16:38:00+00:00,1790872680,1040,Will the Democratic Party win the WI-03 House race?,98533340650340151055858210214498969967462170000657407829633743183238896087456,0.72,0.745,0.7324999999999999,0.025000000000000022,0.41014599800109863,0.72,0.73,0.725,0.010000000000000009,26.08299994468689,-0.020000000000000018,-0.0050000000000000044,0.007499999999999951,871.84,1253.6200000000001,616.84,2056.9300000000003,26.08299994468689,0.725,0.7324999999999999,0.725,0.735
2026-10-01T16:39:00+00:00,1790872740,1040,Will the Democratic Party win the WI-03 House race?,98533340650340151055858210214498969967462170000657407829633743183238896087456,0.72,0.745,0.7324999999999999,0.025000000000000022,1.9710490703582764,0.72,0.73,0.725,0.010000000000000009,30.342000007629395,-0.020000000000000018,-0.0050000000000000044,0.007499999999999951,871.84,1253.6200000000001,616.84,2056.9300000000003,30.342000007629395,0.725,0.7324999999999999,0.725,0.73
2026-10-01T16:40:00+00:00,1790872800,1040,Will the Democratic Party win the WI-03 House race?,98533340650340151055858210214498969967462170000657407829633743183238896087456,0.72,0.745,0.7324999999999999,0.025000000000000022,6.200860977172852,0.72,0.73,0.725,0.010000000000000009,34.91000008583069,-0.020000000000000018,-0.0050000000000000044,0.007499999999999951,871.84,1253.6200000000001,616.84,2056.9300000000003,34.91000008583069,0.725,0.7324999999999999,0.725,0.73
2026-10-01T16:41:00+00:00,1790872860,1040,Will the Democratic Party win the WI-03 House race?,98533340650340151055858210214498969967462170000657407829633743183238896087456,0.72,0.745,0.7324999999999999,0.025000000000000022,14.08511996269226,0.72,0.73,0.725,0.010000000000000009,2.3469998836517334,-0.020000000000000018,-0.0050000000000000044,0.007499999999999951,871.84,1253.6200000000001,616.84,2056.9300000000003,2.3469998836517334,0.725,0.7324999999999999,0.725,0.7275
2026-10-01T16:42:00+00:00,1790872920,1040,Will the Democratic Party win the WI-03 House race?,98533340650340151055858210214498969967462170000657407829633743183238896087456,0.72,0.745,0.7324999999999999,0.025000000000000022,2.3234360218048096,0.72,0.73,0.725,0.010000000000000009,12.243000030517578,-0.020000000000000018,-0.0050000000000000044,0.007499999999999951,831.84,1213.6200000000001,576.84,2016.93,12.243000030517578,0.725,0.735,0.725,0.7275
2026-10-01T16:43:00+00:00,1790872980,1040,Will the Democratic Party win the WI-03 House race?,98533340650340151055858210214498969967462170000657407829633743183238896087456,0.72,0.75,0.735,0.030000000000000027,12.125925064086914,0.72,0.73,0.725,0.010000000000000009,16.755000114440918,-0.025000000000000022,-0.0050000000000000044,0.010000000000000009,871.84,1253.6200000000001,616.84,2056.9300000000003,16.755000114440918,0.725,0.73,0.725,0.7275
2026-10-01T16:44:00+00:00,1790873040,1040,Will the Democratic Party win the WI-03 House race?,98533340650340151055858210214498969967462170000657407829633743183238896087456,0.72,0.74,0.73,0.020000000000000018,4.685549020767212,0.72,0.73,0.725,0.010000000000000009,25.990999937057495,-0.015000000000000013,-0.0050000000000000044,0.0050000000000000044,871.84,1253.6200000000001,616.84,2056.9300000000003,76.75500011444092,0.725,0.73,0.725,0.7275
2026-10-01T16:45:00+00:00,1790873100,1040,Will the Democratic Party win the WI-03 House race?,98533340650340151055858210214498969967462170000657407829633743183238896087456,0.72,0.74,0.73,0.020000000000000018,11.333298921585083,0.72,0.73,0.725,0.010000000000000009,25.377000093460083,-0.015000000000000013,-0.0050000000000000044,0.0050000000000000044,543.84,1025.62,363.84,1752.37,25.377000093460083,0.725,0.7275,0.725,0.7275
2026-10-01T16:46:00+00:00,1790873160,1040,Will the Democratic Party win the WI-03 House race?,98533340650340151055858210214498969967462170000657407829633743183238896087456,0.715,0.74,0.7275,0.025000000000000022,16.78393292427063,0.72,0.73,0.725,0.010000000000000009,31.01799988746643,-0.015000000000000013,-0.010000000000000009,0.0025000000000000577,831.84,1238.6200000000001,576.84,1965.37,31.01799988746643,0.725,0.7275,0.725,0.7275
2026-10-01T16:47:00+00:00,1790873220,1040,Will the Democratic Party win the WI-03 House race?,98533340650340151055858210214498969967462170000657407829633743183238896087456,0.715,0.74,0.7275,0.025000000000000022,6.322540044784546,0.72,0.73,0.725,0.010000000000000009,35.509000062942505,-0.015000000000000013,-0.010000000000000009,0.0025000000000000577,831.84,1238.6200000000001,576.84,1965.37,35.509000062942505,0.725,0.7275,0.725,0.73
2026-10-01T16:48:00+00:00,1790873280,1040,Will the Democratic Party win the WI-03 House race?,98533340650340151055858210214498969967462170000657407829633743183238896087456,0.715,0.74,0.7275,0.025000000000000022,16.129640102386475,0.72,0.73,0.725,0.010000000000000009,12.861999988555908,-0.015000000000000013,-0.010000000000000009,0.0025000000000000577,543.84,1025.62,243.84,1592.37,12.861999988555908,0.725,0.7275,0.725,0.73
2026-10-01T16:49:00+00:00,1790873340,1040,Will the Democratic Party win the WI-03 House race?,98533340650340151055858210214498969967462170000657407829633743183238896087456,0.715,0.74,0.7275,0.025000000000000022,2.2553870677948,0.72,0.73,0.725,0.010000000000000009,6.382999897003174,-0.015000000000000013,-0.010000000000000009,0.0025000000000000577,543.84,1025.62,243.84,1632.37,6.382999897003174,0.725,0.7275,0.725,0.73
2026-10-01T16:50:00+00:00,1790873400,1040,Will the Democratic Party win the WI-03 House race?,98533340650340151055858210214498969967462170000657407829633743183238896087456,0.715,0.74,0.7275,0.025000000000000022,8.873982906341553,0.72,0.73,0.725,0.010000000000000009,10.17799997329712,-0.015000000000000013,-0.010000000000000009,0.0025000000000000577,583.84,1065.62,283.84,1265.58,10.17799997329712,0.725,0.7275,0.725,0.73
2026-10-01T16:51:00+00:00,1790873460,1040,Will the Democratic Party win the WI-03 House race?,98533340650340151055858210214498969967462170000657407829633743183238896087456,0.715,0.74,0.7275,0.025000000000000022,21.290581941604614,0.72,0.73,0.725,0.010000000000000009,15.476999998092651,-0.015000000000000013,-0.010000000000000009,0.0025000000000000577,583.84,1065.62,283.84,1265.58,15.476999998092651,0.725,0.73,0.725,0.73
2026-10-01T16:52:00+00:00,1790873520,1040,Will the Democratic Party win the WI-03 House race?,98533340650340151055858210214498969967462170000657407829633743183238896087456,0.72,0.74,0.73,0.020000000000000018,25.642420053482056,0.72,0.73,0.725,0.010000000000000009,8.536999940872192,-0.015000000000000013,-0.0050000000000000044,0.0050000000000000044,583.84,1065.62,283.84,1665.58,8.536999940872192,0.725,0.73,0.725,0.73
2026-10-01T16:53:00+00:00,1790873580,1040,Will the Democratic Party win the WI-03 House race?,98533340650340151055858210214498969967462170000657407829633743183238896087456,0.72,0.74,0.73,0.020000000000000018,3.225053071975708,0.72,0.73,0.725,0.010000000000000009,12.92199993133545,-0.015000000000000013,-0.0050000000000000044,0.0050000000000000044,583.84,1065.62,283.84,1665.58,12.92199993133545,0.725,0.73,0.725,0.73
2026-10-01T16:54:00+00:00,1790873640,1040,Will the Democratic Party win the WI-03 House race?,98533340650340151055858210214498969967462170000657407829633743183238896087456,0.72,0.74,0.73,0.020000000000000018,7.628271102905273,0.72,0.73,0.725,0.010000000000000009,16.707000017166138,-0.015000000000000013,-0.0050000000000000044,0.0050000000000000044,583.84,1065.62,283.84,1665.58,16.707000017166138,0.725,0.73,0.725,0.73
2026-10-01T16:55:00+00:00,1790873700,1040,Will the Democratic Party win the WI-03 House race?,98533340650340151055858210214498969967462170000657407829633743183238896087456,0.72,0.74,0.73,0.020000000000000018,6.943968057632446,0.72,0.73,0.725,0.010000000000000009,5.638999938964844,-0.015000000000000013,-0.0050000000000000044,0.0050000000000000044,583.84,1065.62,283.84,1665.58,76.70700001716614,0.725,0.73,,0.73
2026-10-01T16:56:00+00:00,1790873760,1040,Will the Democratic Party win the WI-03 House race?,98533340650340151055858210214498969967462170000657407829633743183238896087456,0.72,0.74,0.73,0.020000000000000018,3.9969050884246826,0.72,0.73,0.725,0.010000000000000009,11.86899995803833,-0.015000000000000013,-0.0050000000000000044,0.0050000000000000044,543.84,1025.62,243.84,1632.37,40.009000062942505,0.725,0.73,,
2026-10-01T16:57:00+00:00,1790873820,1040,Will the Democratic Party win the WI-03 House race?,98533340650340151055858210214498969967462170000657407829633743183238896087456,0.72,0.74,0.73,0.020000000000000018,32.11371898651123,0.72,0.73,0.725,0.010000000000000009,19.30299997329712,-0.015000000000000013,-0.0050000000000000044,0.0050000000000000044,636.84,1118.62,336.84,1680.37,19.30299997329712,0.725,0.73,,
2026-10-01T16:58:00+00:00,1790873880,1040,Will the Democratic Party win the WI-03 House race?,98533340650340151055858210214498969967462170000657407829633743183238896087456,0.72,0.74,0.73,0.020000000000000018,17.044742107391357,0.72,0.73,0.725,0.010000000000000009,15.937000036239624,-0.015000000000000013,-0.0050000000000000044,0.0050000000000000044,636.84,1118.62,336.84,1656.37,15.937000036239624,0.725,0.73,,
2026-10-01T16:59:00+00:00,1790873940,1040,Will the Democratic Party win the WI-03 House race?,98533340650340151055858210214498969967462170000657407829633743183238896087456,0.72,0.74,0.73,0.020000000000000018,13.210262060165405,0.72,0.73,0.725,0.010000000000000009,19.61299991607666,-0.015000000000000013,-0.0050000000000000044,0.0050000000000000044,636.84,1118.62,336.84,1656.37,75.93700003623962,,0.73,,
2026-10-01T17:00:00+00:00,1790874000,1040,Will the Democratic Party win the WI-03 House race?,98533340650340151055858210214498969967462170000657407829633743183238896087456,0.72,0.74,0.73,0.020000000000000018,5.3212010860443115,0.72,0.73,0.725,0.010000000000000009,1.9790000915527344,-0.015000000000000013,-0.0050000000000000044,0.0050000000000000044,636.84,1118.62,336.84,2182.16,29.931999921798706,,,,
2026-10-01T16:30:00+00:00,1790872200,1041,Will the Republican Party win the WI-03 House race?,83772236231104306836754599890295414817047560410380925946355605231115771621017,0.255,0.28,0.2675,0.025000000000000022,1.9356589317321777,0.25,0.26,0.255,0.010000000000000009,0.9089999198913574,-0.025000000000000022,0.0,0.012500000000000011,287.79,1176.17,341.11,4889.65,6.354000091552734,0.255,0.2675,0.255,0.27
2026-10-01T16:31:00+00:00,1790872260,1041,Will the Republican Party win the WI-03 House race?,83772236231104306836754599890295414817047560410380925946355605231115771621017,0.255,0.28,0.2675,0.025000000000000022,26.787092924118042,0.25,0.26,0.255,0.010000000000000009,9.249000072479248,-0.025000000000000022,0.0,0.012500000000000011,307.79,996.87,321.11,3066.2,9.249000072479248,0.255,0.27,0.255,0.27
2026-10-01T16:32:00+00:00,1790872320,1041,Will the Republican Party win the WI-03 House race?,83772236231104306836754599890295414817047560410380925946355605231115771621017,0.26,0.28,0.27,0.020000000000000018,11.947817087173462,0.25,0.26,0.255,0.010000000000000009,1.249000072479248,-0.025000000000000022,0.0050000000000000044,0.015000000000000013,307.79,996.87,321.11,3569.04,1.249000072479248,0.255,0.27,0.255,0.27
2026-10-01T16:33:00+00:00,1790872380,1041,Will the Republican Party win the WI-03 House race?,83772236231104306836754599890295414817047560410380925946355605231115771621017,0.26,0.28,0.27,0.020000000000000018,13.277174949645996,0.25,0.26,0.255,0.010000000000000009,0.2669999599456787,-0.025000000000000022,0.0050000000000000044,0.015000000000000013,267.79,1093.8700000000001,321.11,3474.74,0.2669999599456787,0.255,0.27,0.255,0.2725
2026-10-01T16:34:00+00:00,1790872440,1041,Will the Republican Party win the WI-03 House race?,83772236231104306836754599890295414817047560410380925946355605231115771621017,0.26,0.28,0.27,0.020000000000000018,3.746644973754883,0.25,0.26,0.255,0.010000000000000009,26.145999908447266,-0.025000000000000022,0.0050000000000000044,0.015000000000000013,307.79,1133.8700000000001,321.11,2945.9,26.145999908447266,0.255,0.27,0.255,0.2725
2026-10-01T16:35:00+00:00,1790872500,1041,Will the Republican Party win the WI-03 House race?,83772236231104306836754599890295414817047560410380925946355605231115771621017,0.26,0.28,0.27,0.020000000000000018,0.31102609634399414,0.25,0.26,0.255,0.010000000000000009,14.506999969482422,-0.025000000000000022,0.0050000000000000044,0.015000000000000013,307.79,1133.8700000000001,321.11,2351.12,14.506999969482422,0.255,0.27,0.255,0.2725
2026-10-01T16:36:00+00:00,1790872560,1041,Will the Republican Party win the WI-03 House race?,83772236231104306836754599890295414817047560410380925946355605231115771621017,0.26,0.28,0.27,0.020000000000000018,7.302902936935425,0.25,0.26,0.255,0.010000000000000009,15.969000101089478,-0.025000000000000022,0.0050000000000000044,0.015000000000000013,406.79,1232.8700000000001,420.11,2450.12,15.969000101089478,0.255,0.27,0.255,0.2725
2026-10-01T16:37:00+00:00,1790872620,1041,Will the Republican Party win the WI-03 House race?,83772236231104306836754599890295414817047560410380925946355605231115771621017,0.26,0.28,0.27,0.020000000000000018,13.863194942474365,0.25,0.26,0.255,0.010000000000000009,0.0,-0.025000000000000022,0.0050000000000000044,0.015000000000000013,406.79,1232.8700000000001,420.11,2450.12,75.96900010108948,0.255,0.2725,0.255,0.63
2026-10-01T16:38:00+00:00,1790872680,1041,Will the Republican Party win the WI-03 House race?,83772236231104306836754599890295414817047560410380925946355605231115771621017,0.265,0.28,0.2725,0.015000000000000013,0.41014599800109863,0.25,0.26,0.255,0.010000000000000009,25.963000059127808,-0.025000000000000022,0.010000000000000009,0.017500000000000016,406.79,1232.8700000000001,420.11,2490.12,25.963000059127808,0.255,0.2725,0.255,0.275
2026-10-01T16:39:00+00:00,1790872740,1041,Will the Republican Party win the WI-03 House race?,83772236231104306836754599890295414817047560410380925946355605231115771621017,0.265,0.28,0.2725,0.015000000000000013,1.9710490703582764,0.25,0.26,0.255,0.010000000000000009,30.39199995994568,-0.025000000000000022,0.010000000000000009,0.017500000000000016,406.79,1232.8700000000001,420.11,2490.12,30.39199995994568,0.255,0.2725,0.255,0.2725
2026-10-01T16:40:00+00:00,1790872800,1041,Will the Republican Party win the WI-03 House race?,83772236231104306836754599890295414817047560410380925946355605231115771621017,0.265,0.28,0.2725,0.015000000000000013,6.200860977172852,0.25,0.26,0.255,0.010000000000000009,35.11299991607666,-0.025000000000000022,0.010000000000000009,0.017500000000000016,406.79,1232.8700000000001,420.11,2490.12,35.11299991607666,0.255,0.2725,0.255,0.2725
2026-10-01T16:41:00+00:00,1790872860,1041,Will the Republican Party win the WI-03 House race?,83772236231104306836754599890295414817047560410380925946355605231115771621017,0.265,0.28,0.2725,0.015000000000000013,14.08511996269226,0.25,0.26,0.255,0.010000000000000009,2.884000062942505,-0.025000000000000022,0.010000000000000009,0.017500000000000016,406.79,1232.8700000000001,420.11,2490.12,95.11299991607666,0.255,0.63,0.255,0.27249999999999996
2026-10-01T16:42:00+00:00,1790872920,1041,Will the Republican Party win the WI-03 House race?,83772236231104306836754599890295414817047560410380925946355605231115771621017,0.265,0.995,0.63,0.73,2.3234360218048096,0.25,0.26,0.255,0.010000000000000009,12.257999897003174,-0.74,0.010000000000000009,0.375,406.79,1232.8700000000001,420.11,2450.12,12.257999897003174,0.255,0.275,0.255,0.27249999999999996
2026-10-01T16:43:00+00:00,1790872980,1041,Will the Republican Party win the WI-03 House race?,83772236231104306836754599890295414817047560410380925946355605231115771621017,0.265,0.285,0.275,0.019999999999999962,12.125925064086914,0.25,0.26,0.255,0.010000000000000009,16.611000061035156,-0.02999999999999997,0.010000000000000009,0.020000000000000018,406.79,1232.8700000000001,420.11,2490.12,16.611000061035156,0.255,0.2725,0.255,0.27249999999999996
2026-10-01T16:44:00+00:00,1790873040,1041,Will the Republican Party win the WI-03 House race?,83772236231104306836754599890295414817047560410380925946355605231115771621017,0.265,0.28,0.2725,0.015000000000000013,4.685549020767212,0.25,0.26,0.255,0.010000000000000009,25.871999979019165,-0.025000000000000022,0.010000000000000009,0.017500000000000016,406.79,1232.8700000000001,420.11,2162.12,25.871999979019165,0.255,0.2725,0.255,0.27
2026-10-01T16:45:00+00:00,1790873100,1041,Will the Republican Party win the WI-03 House race?,83772236231104306836754599890295414817047560410380925946355605231115771621017,0.265,0.28,0.2725,0.015000000000000013,11.333298921585083,0.25,0.26,0.255,0.010000000000000009,30.289999961853027,-0.025000000000000022,0.010000000000000009,0.017500000000000016,406.79,1232.8700000000001,420.11,2162.12,85.87199997901917,0.255,0.27249999999999996,0.255,0.27
2026-10-01T16:46:00+00:00,1790873160,1041,Will the Republican Party win the WI-03 House race?,83772236231104306836754599890295414817047560410380925946355605231115771621017,0.26,0.285,0.27249999999999996,0.024999999999999967,16.78393292427063,0.25,0.26,0.255,0.010000000000000009,11.927000045776367,-0.02999999999999997,0.0050000000000000044,0.01749999999999996,406.79,1232.8700000000001,420.11,2470.4500000000003,11.927000045776367,0.255,0.27249999999999996,0.255,0.27
2026-10-01T16:47:00+00:00,1790873220,1041,Will the Republican Party win the WI-03 House race?,83772236231104306836754599890295414817047560410380925946355605231115771621017,0.26,0.285,0.27249999999999996,0.024999999999999967,6.322540044784546,0.25,0.26,0.255,0.010000000000000009,16.278000116348267,-0.02999999999999997,0.0050000000000000044,0.01749999999999996,406.79,1232.8700000000001,420.11,2470.4500000000003,16.278000116348267,0.255,0.27249999999999996,0.255,0.27
2026-10-01T16:48:00+00:00,1790873280,1041,Will the Republican Party win the WI-03 House race?,83772236231104306836754599890295414817047560410380925946355605231115771621017,0.26,0.285,0.27249999999999996,0.024999999999999967,16.129640102386475,0.25,0.26,0.255,0.010000000000000009,13.171000003814697,-0.02999999999999997,0.0050000000000000044,0.01749999999999996,406.79,1232.8700000000001,300.11,2042.45,13.171000003814697,0.255,0.27,0.255,0.27
2026-10-01T16:49:00+00:00,1790873340,1041,Will the Republican Party win the WI-03 House race?,83772236231104306836754599890295414817047560410380925946355605231115771621017,0.26,0.28,0.27,0.020000000000000018,2.2553870677948,0.25,0.26,0.255,0.010000000000000009,17.436000108718872,-0.025000000000000022,0.0050000000000000044,0.015000000000000013,406.79,1232.8700000000001,300.11,2062.4500000000003,17.436000108718872,0.255,0.27,0.255,0.2725
2026-10-01T16:50:00+00:00,1790873400,1041,Will the Republican Party win the WI-03 House race?,83772236231104306836754599890295414817047560410380925946355605231115771621017,0.26,0.28,0.27,0.020000000000000018,8.873982906341553,0.25,0.26,0.255,0.010000000000000009,10.960999965667725,-0.025000000000000022,0.0050000000000000044,0.015000000000000013,406.79,1232.8700000000001,300.11,1518.61,10.960999965667725,0.255,0.27,0.255,0.2775
2026-10-01T16:51:00+00:00,1790873460,1041,Will the Republican Party win the WI-03 House race?,83772236231104306836754599890295414817047560410380925946355605231115771621017,0.26,0.28,0.27,0.020000000000000018,21.290581941604614,0.25,0.26,0.255,0.010000000000000009,15.29099988937378,-0.025000000000000022,0.0050000000000000044,0.015000000000000013,406.79,1232.8700000000001,300.11,1518.61,15.29099988937378,0.255,0.27,0.255,0.2725
2026-10-01T16:52:00+00:00,1790873520,1041,Will the Republican Party win the WI-03 House race?,83772236231104306836754599890295414817047560410380925946355605231115771621017,0.26,0.28,0.27,0.020000000000000018,25.642420053482056,0.25,0.26,0.255,0.010000000000000009,23.27999997138977,-0.025000000000000022,0.0050000000000000044,0.015000000000000013,406.79,1232.8700000000001,300.11,1518.61,23.27999997138977,0.255,0.27,0.255,0.2725
2026-10-01T16:53:00+00:00,1790873580,1041,Will the Republican Party win the WI-03 House race?,83772236231104306836754599890295414817047560410380925946355605231115771621017,0.265,0.275,0.27,0.010000000000000009,3.225053071975708,0.25,0.26,0.255,0.010000000000000009,27.585000038146973,-0.020000000000000018,0.010000000000000009,0.015000000000000013,406.79,1232.8700000000001,300.11,1518.61,27.585000038146973,0.255,0.2725,0.255,0.2725
2026-10-01T16:54:00+00:00,1790873640,1041,Will the Republican Party win the WI-03 House race?,83772236231104306836754599890295414817047560410380925946355605231115771621017,0.265,0.28,0.2725,0.015000000000000013,7.628271102905273,0.25,0.26,0.255,0.010000000000000009,21.95900011062622,-0.025000000000000022,0.010000000000000009,0.017500000000000016,406.79,1232.8700000000001,300.11,1518.61,21.95900011062622,0.255,0.2775,0.255,0.2725
2026-10-01T16:55:00+00:00,1790873700,1041,Will the Republican Party win the WI-03 House race?,83772236231104306836754599890295414817047560410380925946355605231115771621017,0.275,0.28,0.2775,0.0050000000000000044,6.943968057632446,0.25,0.26,0.255,0.010000000000000009,5.671999931335449,-0.025000000000000022,0.020000000000000018,0.02250000000000002,406.79,1232.8700000000001,300.11,2082.4500000000003,5.671999931335449,0.255,0.2725,,0.2725
2026-10-01T16:56:00+00:00,1790873760,1041,Will the Republican Party win the WI-03 House race?,83772236231104306836754599890295414817047560410380925946355605231115771621017,0.27,0.275,0.2725,0.0050000000000000044,3.9969050884246826,0.25,0.26,0.255,0.010000000000000009,11.86899995803833,-0.020000000000000018,0.015000000000000013,0.017500000000000016,361.79,1187.8700000000001,255.11,2077.4500000000003,11.86899995803833,0.255,0.2725,,
2026-10-01T16:57:00+00:00,1790873820,1041,Will the Republican Party win the WI-03 House race?,83772236231104306836754599890295414817047560410380925946355605231115771621017,0.27,0.275,0.2725,0.0050000000000000044,32.11371898651123,0.25,0.26,0.255,0.010000000000000009,21.211999893188477,-0.020000000000000018,0.015000000000000013,0.017500000000000016,361.79,1187.8700000000001,255.11,2057.4500000000003,21.211999893188477,0.255,0.2725,,
2026-10-01T16:58:00+00:00,1790873880,1041,Will the Republican Party win the WI-03 House race?,83772236231104306836754599890295414817047560410380925946355605231115771621017,0.27,0.275,0.2725,0.0050000000000000044,17.044742107391357,0.25,0.26,0.255,0.010000000000000009,20.95300006866455,-0.020000000000000018,0.015000000000000013,0.017500000000000016,406.79,1232.8700000000001,300.11,3769.07,20.95300006866455,0.255,0.2725,,
2026-10-01T16:59:00+00:00,1790873940,1041,Will the Republican Party win the WI-03 House race?,83772236231104306836754599890295414817047560410380925946355605231115771621017,0.27,0.275,0.2725,0.0050000000000000044,13.210262060165405,0.25,0.26,0.255,0.010000000000000009,19.647000074386597,-0.020000000000000018,0.015000000000000013,0.017500000000000016,406.79,1232.8700000000001,300.11,3769.07,80.95300006866455,,0.2725,,
2026-10-01T17:00:00+00:00,1790874000,1041,Will the Republican Party win the WI-03 House race?,83772236231104306836754599890295414817047560410380925946355605231115771621017,0.27,0.275,0.2725,0.0050000000000000044,5.3212010860443115,0.25,0.26,0.255,0.010000000000000009,1.8670001029968262,-0.020000000000000018,0.015000000000000013,0.017500000000000016,406.79,1232.8700000000001,300.11,3819.07,29.91700005531311,,,,
2026-10-01T16:30:00+00:00,1790872200,1045,Will the Democratic Party win the Kansas Senate?,112865931018535043924604877802427749327024008755764693656162236690266569063025,0.29,0.295,0.2925,0.0050000000000000044,1.9356589317321777,0.3,0.31,0.305,0.010000000000000009,23.83400011062622,0.010000000000000009,-0.015000000000000013,0.012500000000000011,129.34,848.79,152.66,872.74,23.83400011062622,0.305,0.2925,0.305,0.3025
2026-10-01T16:31:00+00:00,1790872260,1045,Will the Democratic Party win the Kansas Senate?,112865931018535043924604877802427749327024008755764693656162236690266569063025,0.29,0.295,0.2925,0.0050000000000000044,26.787092924118042,0.3,0.31,0.305,0.010000000000000009,25.44600009918213,0.010000000000000009,-0.015000000000000013,0.012500000000000011,129.34,848.79,152.66,872.74,25.44600009918213,0.305,0.2925,0.305,0.3025
2026-10-01T16:32:00+00:00,1790872320,1045,Will the Democratic Party win the Kansas Senate?,112865931018535043924604877802427749327024008755764693656162236690266569063025,0.29,0.295,0.2925,0.0050000000000000044,11.947817087173462,0.3,0.31,0.305,0.010000000000000009,2.2660000324249268,0.010000000000000009,-0.015000000000000013,0.012500000000000011,129.34,848.79,152.66,872.74,2.2660000324249268,0.305,0.3025,0.305,0.3025
2026-10-01T16:33:00+00:00,1790872380,1045,Will the Democratic Party win the Kansas Senate?,112865931018535043924604877802427749327024008755764693656162236690266569063025,0.3,0.305,0.3025,0.0050000000000000044,13.277174949645996,0.3,0.31,0.305,0.010000000000000009,6.372999906539917,0.0,-0.0050000000000000044,0.0025000000000000022,129.34,848.79,152.66,872.74,6.372999906539917,0.305,0.3025,0.305,0.305
2026-10-01T16:34:00+00:00,1790872440,1045,Will the Democratic Party win the Kansas Senate?,112865931018535043924604877802427749327024008755764693656162236690266569063025,0.3,0.305,0.3025,0.0050000000000000044,3.746644973754883,0.3,0.31,0.305,0.010000000000000009,66.37299990653992,0.0,-0.0050000000000000044,0.0025000000000000022,129.34,848.79,152.66,872.74,66.37299990653992,0.305,0.3025,0.305,0.305
2026-10-01T16:35:00+00:00,1790872500,1045,Will the Democratic Party win the Kansas Senate?,112865931018535043924604877802427749327024008755764693656162236690266569063025,0.3,0.305,0.3025,0.0050000000000000044,0.31102609634399414,0.3,0.31,0.305,0.010000000000000009,2.7980000972747803,0.0,-0.0050000000000000044,0.0025000000000000022,164.34,883.79,152.66,872.74,2.7980000972747803,0.305,0.3025,0.305,0.305
2026-10-01T16:36:00+00:00,1790872560,1045,Will the Democratic Party win the Kansas Senate?,112865931018535043924604877802427749327024008755764693656162236690266569063025,0.3,0.305,0.3025,0.0050000000000000044,7.302902936935425,0.3,0.31,0.305,0.010000000000000009,0.6700000762939453,0.0,-0.0050000000000000044,0.0025000000000000022,164.34,903.69,152.66,852.64,0.6700000762939453,0.305,0.3025,0.305,0.305
2026-10-01T16:37:00+00:00,1790872620,1045,Will the Democratic Party win the Kansas Senate?,112865931018535043924604877802427749327024008755764693656162236690266569063025,0.3,0.305,0.3025,0.0050000000000000044,13.863194942474365,0.3,0.31,0.305,0.010000000000000009,32.081000089645386,0.0,-0.0050000000000000044,0.0025000000000000022,164.34,903.69,172.66,872.64,32.081000089645386,0.305,0.305,0.305,0.3125
2026-10-01T16:38:00+00:00,1790872680,1045,Will the Democratic Party win the Kansas Senate?,112865931018535043924604877802427749327024008755764693656162236690266569063025,0.3,0.31,0.305,0.010000000000000009,0.41014599800109863,0.3,0.31,0.305,0.010000000000000009,8.163000106811523,-0.0050000000000000044,-0.0050000000000000044,0.0,164.34,903.69,172.66,872.64,92.08100008964539,0.305,0.305,0.305,0.3025
2026-10-01T16:39:00+00:00,1790872740,1045,Will the Democratic Party win the Kansas Senate?,112865931018535043924604877802427749327024008755764693656162236690266569063025,0.3,0.31,0.305,0.010000000000000009,1.9710490703582764,0.3,0.31,0.305,0.010000000000000009,6.357000112533569,-0.0050000000000000044,-0.0050000000000000044,0.0,164.34,883.69,172.66,872.64,58.84500002861023,0.305,0.305,0.305,0.3025
2026-10-01T16:40:00+00:00,1790872800,1045,Will the Democratic Party win the Kansas Senate?,112865931018535043924604877802427749327024008755764693656162236690266569063025,0.3,0.31,0.305,0.010000000000000009,6.200860977172852,0.3,0.31,0.305,0.010000000000000009,54.92899990081787,-0.0050000000000000044,-0.0050000000000000044,0.0,164.34,883.69,172.66,872.64,54.92899990081787,0.305,0.305,0.305,0.3025
2026-10-01T16:41:00+00:00,1790872860,1045,Will the Democratic Party win the Kansas Senate?,112865931018535043924604877802427749327024008755764693656162236690266569063025,0.3,0.31,0.305,0.010000000000000009,14.08511996269226,0.3,0.31,0.305,0.010000000000000009,38.74399995803833,-0.0050000000000000044,-0.0050000000000000044,0.0,164.34,883.69,172.66,872.64,114.92899990081787,0.305,0.3125,0.305,0.3025
2026-10-01T16:42:00+00:00,1790872920,1045,Will the Democratic Party win the Kansas Senate?,112865931018535043924604877802427749327024008755764693656162236690266569063025,0.3,0.325,0.3125,0.025000000000000022,2.3234360218048096,0.3,0.31,0.305,0.010000000000000009,7.3450000286102295,-0.020000000000000018,-0.0050000000000000044,0.007500000000000007,164.34,883.69,172.66,872.64,53.27800011634827,0.305,0.3025,0.305,0.3025
2026-10-01T16:43:00+00:00,1790872980,1045,Will the Democratic Party win the Kansas Senate?,112865931018535043924604877802427749327024008755764693656162236690266569063025,0.3,0.305,0.3025,0.0050000000000000044,12.125925064086914,0.3,0.31,0.305,0.010000000000000009,5.382999897003174,0.0,-0.0050000000000000044,0.0025000000000000022,129.34,848.69,167.66,867.64,54.73399996757507,0.305,0.3025,0.305,0.3025
2026-10-01T16:44:00+00:00,1790873040,1045,Will the Democratic Party win the Kansas Senate?,112865931018535043924604877802427749327024008755764693656162236690266569063025,0.3,0.305,0.3025,0.0050000000000000044,4.685549020767212,0.3,0.31,0.305,0.010000000000000009,11.371000051498413,0.0,-0.0050000000000000044,0.0025000000000000022,164.34,883.69,172.66,872.64,52.66100001335144,0.305,0.3025,0.305,0.3025
2026-10-01T16:45:00+00:00,1790873100,1045,Will the Democratic Party win the Kansas Senate?,112865931018535043924604877802427749327024008755764693656162236690266569063025,0.3,0.305,0.3025,0.0050000000000000044,11.333298921585083,0.3,0.31,0.305,0.010000000000000009,24.789000034332275,0.0,-0.0050000000000000044,0.0025000000000000022,129.34,848.79,172.66,892.74,24.789000034332275,0.305,0.3025,0.305,0.3025
2026-10-01T16:46:00+00:00,1790873160,1045,Will the Democratic Party win the Kansas Senate?,112865931018535043924604877802427749327024008755764693656162236690266569063025,0.3,0.305,0.3025,0.0050000000000000044,16.78393292427063,0.3,0.31,0.305,0.010000000000000009,18.671000003814697,0.0,-0.0050000000000000044,0.0025000000000000022,129.34,848.79,172.66,892.74,84.78900003433228,0.305,0.3025,0.305,0.3025
2026-10-01T16:47:00+00:00,1790873220,1045,Will the Democratic Party win the Kansas Senate?,112865931018535043924604877802427749327024008755764693656162236690266569063025,0.3,0.305,0.3025,0.0050000000000000044,6.322540044784546,0.3,0.31,0.305,0.010000000000000009,10.811000108718872,0.0,-0.0050000000000000044,0.0025000000000000022,149.34,868.79,192.66,912.74,46.85700011253357,0.305,0.3025,0.305,0.2925
2026-10-01T16:48:00+00:00,1790873280,1045,Will the Democratic Party win the Kansas Senate?,112865931018535043924604877802427749327024008755764693656162236690266569063025,0.3,0.305,0.3025,0.0050000000000000044,16.129640102386475,0.3,0.31,0.305,0.010000000000000009,2.2139999866485596,0.0,-0.0050000000000000044,0.0025000000000000022,109.34,828.69,192.66,892.64,2.2139999866485596,0.305,0.3025,0.305,0.3125
2026-10-01T16:49:00+00:00,1790873340,1045,Will the Democratic Party win the Kansas Senate?,112865931018535043924604877802427749327024008755764693656162236690266569063025,0.3,0.305,0.3025,0.0050000000000000044,2.2553870677948,0.3,0.31,0.305,0.010000000000000009,7.999000072479248,0.0,-0.0050000000000000044,0.0025000000000000022,109.34,828.69,192.66,892.64,62.21399998664856,0.305,0.3025,0.305,0.315
2026-10-01T16:50:00+00:00,1790873400,1045,Will the Democratic Party win the Kansas Senate?,112865931018535043924604877802427749327024008755764693656162236690266569063025,0.3,0.305,0.3025,0.0050000000000000044,8.873982906341553,0.3,0.31,0.305,0.010000000000000009,2.2820000648498535,0.0,-0.0050000000000000044,0.0025000000000000022,89.34,808.79,172.66,892.74,51.55999994277954,0.305,0.3025,0.305,0.2975
2026-10-01T16:51:00+00:00,1790873460,1045,Will the Democratic Party win the Kansas Senate?,112865931018535043924604877802427749327024008755764693656162236690266569063025,0.3,0.305,0.3025,0.0050000000000000044,21.290581941604614,0.3,0.31,0.305,0.010000000000000009,5.503000020980835,0.0,-0.0050000000000000044,0.0025000000000000022,124.34,843.79,172.66,892.74,5.503000020980835,0.305,0.2925,0.305,0.3
2026-10-01T16:52:00+00:00,1790873520,1045,Will the Democratic Party win the Kansas Senate?,112865931018535043924604877802427749327024008755764693656162236690266569063025,0.285,0.3,0.2925,0.015000000000000013,25.642420053482056,0.3,0.31,0.305,0.010000000000000009,2.8570001125335693,0.0050000000000000044,-0.020000000000000018,0.012500000000000011,124.34,843.79,172.66,892.74,65.50300002098083,0.305,0.3125,0.305,0.2975
2026-10-01T16:53:00+00:00,1790873580,1045,Will the Democratic Party win the Kansas Senate?,112865931018535043924604877802427749327024008755764693656162236690266569063025,0.3,0.325,0.3125,0.025000000000000022,3.225053071975708,0.3,0.31,0.305,0.010000000000000009,53.104000091552734,-0.020000000000000018,-0.0050000000000000044,0.007500000000000007,124.34,843.79,172.66,892.74,53.104000091552734,0.305,0.315,0.305,0.315
2026-10-01T16:54:00+00:00,1790873640,1045,Will the Democratic Party win the Kansas Senate?,112865931018535043924604877802427749327024008755764693656162236690266569063025,0.3,0.33,0.315,0.030000000000000027,7.628271102905273,0.3,0.31,0.305,0.010000000000000009,11.325000047683716,-0.025000000000000022,-0.0050000000000000044,0.010000000000000009,124.34,843.79,172.66,892.74,11.325000047683716,0.305,0.2975,0.305,0.295
2026-10-01T16:55:00+00:00,1790873700,1045,Will the Democratic Party win the Kansas Senate?,112865931018535043924604877802427749327024008755764693656162236690266569063025,0.29,0.305,0.2975,0.015000000000000013,6.943968057632446,0.3,0.31,0.305,0.010000000000000009,12.07699990272522,0.0,-0.015000000000000013,0.007500000000000007,124.34,843.79,172.66,892.74,71.32500004768372,0.305,0.3,,0.2975
2026-10-01T16:56:00+00:00,1790873760,1045,Will the Democratic Party win the Kansas Senate?,112865931018535043924604877802427749327024008755764693656162236690266569063025,0.295,0.305,0.3,0.010000000000000009,3.9969050884246826,0.3,0.31,0.305,0.010000000000000009,22.763000011444092,0.0,-0.010000000000000009,0.0050000000000000044,124.34,843.79,172.66,892.74,22.763000011444092,0.305,0.2975,,
2026-10-01T16:57:00+00:00,1790873820,1045,Will the Democratic Party win the Kansas Senate?,112865931018535043924604877802427749327024008755764693656162236690266569063025,0.295,0.3,0.2975,0.0050000000000000044,32.11371898651123,0.3,0.31,0.305,0.010000000000000009,18.01200008392334,0.0050000000000000044,-0.010000000000000009,0.007500000000000007,124.34,843.79,172.66,892.74,82.76300001144409,0.305,0.315,,
2026-10-01T16:58:00+00:00,1790873880,1045,Will the Democratic Party win the Kansas Senate?,112865931018535043924604877802427749327024008755764693656162236690266569063025,0.295,0.335,0.315,0.040000000000000036,17.044742107391357,0.3,0.31,0.305,0.010000000000000009,9.457000017166138,-0.030000000000000027,-0.010000000000000009,0.010000000000000009,124.34,836.54,152.66,894.74,47.812999963760376,0.305,0.295,,
2026-10-01T16:59:00+00:00,1790873940,1045,Will the Democratic Party win the Kansas Senate?,112865931018535043924604877802427749327024008755764693656162236690266569063025,0.285,0.305,0.295,0.020000000000000018,13.210262060165405,0.3,0.31,0.305,0.010000000000000009,44.52800011634827,0.0,-0.020000000000000018,0.010000000000000009,124.34,865.79,152.66,894.74,44.52800011634827,,0.2975,,
2026-10-01T17:00:00+00:00,1790874000,1045,Will the Democratic Party win the Kansas Senate?,112865931018535043924604877802427749327024008755764693656162236690266569063025,0.29,0.305,0.2975,0.015000000000000013,5.3212010860443115,0.3,0.31,0.305,0.010000000000000009,7.503000020980835,0.0,-0.015000000000000013,0.007500000000000007,124.34,880.79,152.66,909.74,37.49300003051758,,,,
2026-10-01T16:31:00+00:00,1790872260,1051,Will the Democratic Party win the Tennessee Senate?,32832180976319820233770784594777532825515834160906037910741389521155405934640,0.02,0.055,0.0375,0.035,26.787092924118042,0.051,0.095,0.073,0.044000000000000004,9.033999919891357,0.017999999999999995,-0.05299999999999999,0.0355,50.0,608.97,19.97,238.97,9.033999919891357,0.073,0.3875,0.073,0.0325
2026-10-01T16:32:00+00:00,1790872320,1051,Will the Democratic Party win the Tennessee Senate?,32832180976319820233770784594777532825515834160906037910741389521155405934640,0.02,0.755,0.3875,0.735,11.947817087173462,0.051,0.095,0.073,0.044000000000000004,7.602999925613403,-0.682,-0.05299999999999999,0.3145,50.0,608.97,19.97,238.97,7.602999925613403,0.073,0.035,0.073,0.0375
2026-10-01T16:33:00+00:00,1790872380,1051,Will the Democratic Party win the Tennessee Senate?,32832180976319820233770784594777532825515834160906037910741389521155405934640,0.02,0.05,0.035,0.030000000000000002,13.277174949645996,0.051,0.095,0.073,0.044000000000000004,51.20799994468689,0.022999999999999993,-0.05299999999999999,0.03799999999999999,50.0,608.97,19.97,238.97,51.20799994468689,0.073,0.0325,0.073,0.03
2026-10-01T16:34:00+00:00,1790872440,1051,Will the Democratic Party win the Tennessee Senate?,32832180976319820233770784594777532825515834160906037910741389521155405934640,0.02,0.045,0.0325,0.024999999999999998,3.746644973754883,0.051,0.095,0.073,0.044000000000000004,111.20799994468689,0.027999999999999997,-0.05299999999999999,0.040499999999999994,50.0,608.97,19.97,238.97,111.20799994468689,0.073,0.0325,0.073,0.03
2026-10-01T16:35:00+00:00,1790872500,1051,Will the Democratic Party win the Tennessee Senate?,32832180976319820233770784594777532825515834160906037910741389521155405934640,0.02,0.045,0.0325,0.024999999999999998,0.31102609634399414,0.051,0.095,0.073,0.044000000000000004,171.2079999446869,0.027999999999999997,-0.05299999999999999,0.040499999999999994,50.0,608.97,19.97,238.97,171.2079999446869,0.073,0.0325,0.073,0.027500000000000004
2026-10-01T16:36:00+00:00,1790872560,1051,Will the Democratic Party win the Tennessee Senate?,32832180976319820233770784594777532825515834160906037910741389521155405934640,0.02,0.045,0.0325,0.024999999999999998,7.302902936935425,0.051,0.095,0.073,0.044000000000000004,231.2079999446869,0.027999999999999997,-0.05299999999999999,0.040499999999999994,50.0,608.97,19.97,238.97,231.2079999446869,0.073,0.0375,0.073,0.027500000000000004
2026-10-01T16:37:00+00:00,1790872620,1051,Will the Democratic Party win the Tennessee Senate?,32832180976319820233770784594777532825515834160906037910741389521155405934640,0.02,0.055,0.0375,0.035,13.863194942474365,0.051,0.095,0.073,0.044000000000000004,291.2079999446869,0.017999999999999995,-0.05299999999999999,0.0355,50.0,608.97,19.97,238.97,291.2079999446869,0.073,0.03,0.073,0.027500000000000004
2026-10-01T16:38:00+00:00,1790872680,1051,Will the Democratic Party win the Tennessee Senate?,32832180976319820233770784594777532825515834160906037910741389521155405934640,0.02,0.04,0.03,0.02,0.41014599800109863,0.051,0.095,0.073,0.044000000000000004,351.2079999446869,0.032999999999999995,-0.05299999999999999,0.043,50.0,608.97,19.97,238.97,351.2079999446869,0.073,0.03,0.073,0.0425
2026-10-01T16:39:00+00:00,1790872740,1051,Will the Democratic Party win the Tennessee Senate?,32832180976319820233770784594777532825515834160906037910741389521155405934640,0.02,0.04,0.03,0.02,1.9710490703582764,0.051,0.095,0.073,0.044000000000000004,55.27900004386902,0.032999999999999995,-0.05299999999999999,0.043,50.0,608.97,19.97,238.97,55.27900004386902,0.073,0.027500000000000004,0.073,0.0775
2026-10-01T16:40:00+00:00,1790872800,1051,Will the Democratic Party win the Tennessee Senate?,32832180976319820233770784594777532825515834160906037910741389521155405934640,0.02,0.035,0.027500000000000004,0.015000000000000003,6.200860977172852,0.051,0.095,0.073,0.044000000000000004,20.984999895095825,0.03799999999999999,-0.05299999999999999,0.04549999999999999,50.0,608.97,19.97,238.97,20.984999895095825,0.073,0.027500000000000004,0.073,0.0375
2026-10-01T16:41:00+00:00,1790872860,1051,Will the Democratic Party win the Tennessee Senate?,32832180976319820233770784594777532825515834160906037910741389521155405934640,0.02,0.035,0.027500000000000004,0.015000000000000003,14.08511996269226,0.051,0.095,0.073,0.044000000000000004,80.98499989509583,0.03799999999999999,-0.05299999999999999,0.04549999999999999,50.0,608.97,19.97,238.97,80.98499989509583,0.073,0.027500000000000004,0.073,0.0375
2026-10-01T16:42:00+00:00,1790872920,1051,Will the Democratic Party win the Tennessee Senate?,32832180976319820233770784594777532825515834160906037910741389521155405934640,0.02,0.035,0.027500000000000004,0.015000000000000003,2.3234360218048096,0.051,0.095,0.073,0.044000000000000004,140.98499989509583,0.03799999999999999,-0.05299999999999999,0.04549999999999999,50.0,608.97,19.97,238.97,140.98499989509583,0.073,0.0425,0.073,0.0375
2026-10-01T16:43:00+00:00,1790872980,1051,Will the Democratic Party win the Tennessee Senate?,32832180976319820233770784594777532825515834160906037910741389521155405934640,0.02,0.065,0.0425,0.045,12.125925064086914,0.051,0.095,0.073,0.044000000000000004,4.140000104904175,0.007999999999999993,-0.05299999999999999,0.030499999999999992,50.0,608.97,19.97,238.97,4.140000104904175,0.073,0.0775,0.073,0.03
2026-10-01T16:44:00+00:00,1790873040,1051,Will the Democratic Party win the Tennessee Senate?,32832180976319820233770784594777532825515834160906037910741389521155405934640,0.02,0.135,0.0775,0.115,4.685549020767212,0.051,0.095,0.073,0.044000000000000004,35.361000061035156,-0.06200000000000001,-0.05299999999999999,0.004500000000000004,50.0,608.97,19.97,238.97,64.14000010490417,0.073,0.0375,0.073,0.03
2026-10-01T16:45:00+00:00,1790873100,1051,Will the Democratic Party win the Tennessee Senate?,32832180976319820233770784594777532825515834160906037910741389521155405934640,0.02,0.055,0.0375,0.035,11.333298921585083,0.051,0.095,0.073,0.044000000000000004,3.140000104904175,0.017999999999999995,-0.05299999999999999,0.0355,50.0,608.97,19.97,238.97,3.140000104904175,0.073,0.0375,0.073,0.03
2026-10-01T16:46:00+00:00,1790873160,1051,Will the Democratic Party win the Tennessee Senate?,32832180976319820233770784594777532825515834160906037910741389521155405934640,0.02,0.055,0.0375,0.035,16.78393292427063,0.051,0.095,0.073,0.044000000000000004,22.926000118255615,0.017999999999999995,-0.05299999999999999,0.0355,50.0,608.97,19.97,238.97,22.926000118255615,0.073,0.0375,0.073,0.027500000000000004
2026-10-01T16:47:00+00:00,1790873220,1051,Will the Democratic Party win the Tennessee Senate?,32832180976319820233770784594777532825515834160906037910741389521155405934640,0.02,0.055,0.0375,0.035,6.322540044784546,0.051,0.095,0.073,0.044000000000000004,17.973000049591064,0.017999999999999995,-0.05299999999999999,0.0355,50.0,608.97,19.97,238.97,17.973000049591064,0.073,0.03,0.073,0.027500000000000004
2026-10-01T16:48:00+00:00,1790873280,1051,Will the Democratic Party win the Tennessee Senate?,32832180976319820233770784594777532825515834160906037910741389521155405934640,0.02,0.04,0.03,0.02,16.129640102386475,0.051,0.095,0.073,0.044000000000000004,16.563999891281128,0.032999999999999995,-0.05299999999999999,0.043,50.0,608.97,19.97,238.97,16.563999891281128,0.073,0.03,0.073,0.027500000000000004
2026-10-01T16:49:00+00:00,1790873340,1051,Will the Democratic Party win the Tennessee Senate?,32832180976319820233770784594777532825515834160906037910741389521155405934640,0.02,0.04,0.03,0.02,2.2553870677948,0.051,0.095,0.073,0.044000000000000004,15.141999959945679,0.032999999999999995,-0.05299999999999999,0.043,50.0,608.97,19.97,238.97,76.56399989128113,0.073,0.03,0.073,0.035
2026-10-01T16:50:00+00:00,1790873400,1051,Will the Democratic Party win the Tennessee Senate?,32832180976319820233770784594777532825515834160906037910741389521155405934640,0.02,0.04,0.03,0.02,8.873982906341553,0.051,0.095,0.073,0.044000000000000004,9.855000019073486,0.032999999999999995,-0.05299999999999999,0.043,50.0,608.97,19.97,238.97,9.855000019073486,0.073,0.027500000000000004,0.073,0.035
2026-10-01T16:51:00+00:00,1790873460,1051,Will the Democratic Party win the Tennessee Senate?,32832180976319820233770784594777532825515834160906037910741389521155405934640,0.02,0.035,0.027500000000000004,0.015000000000000003,21.290581941604614,0.051,0.095,0.073,0.044000000000000004,18.013000011444092,0.03799999999999999,-0.05299999999999999,0.04549999999999999,50.0,608.97,19.97,238.97,69.85500001907349,0.073,0.027500000000000004,0.073,0.035
2026-10-01T16:52:00+00:00,1790873520,1051,Will the Democratic Party win the Tennessee Senate?,32832180976319820233770784594777532825515834160906037910741389521155405934640,0.02,0.035,0.027500000000000004,0.015000000000000003,25.642420053482056,0.051,0.095,0.073,0.044000000000000004,16.907999992370605,0.03799999999999999,-0.05299999999999999,0.04549999999999999,50.0,608.97,19.97,238.97,47.8050000667572,0.073,0.027500000000000004,,0.0375
2026-10-01T16:53:00+00:00,1790873580,1051,Will the Democratic Party win the Tennessee Senate?,32832180976319820233770784594777532825515834160906037910741389521155405934640,0.02,0.035,0.027500000000000004,0.015000000000000003,3.225053071975708,0.051,0.095,0.073,0.044000000000000004,45.75,0.03799999999999999,-0.05299999999999999,0.04549999999999999,50.0,608.97,19.97,238.97,45.75,0.073,0.035,,0.0375
2026-10-01T16:54:00+00:00,1790873640,1051,Will the Democratic Party win the Tennessee Senate?,32832180976319820233770784594777532825515834160906037910741389521155405934640,0.02,0.05,0.035,0.030000000000000002,7.628271102905273,0.051,0.095,0.073,0.044000000000000004,105.75,0.022999999999999993,-0.05299999999999999,0.03799999999999999,50.0,608.97,19.97,238.97,105.75,0.073,0.035,,0.035
2026-10-01T16:55:00+00:00,1790873700,1051,Will the Democratic Party win the Tennessee Senate?,32832180976319820233770784594777532825515834160906037910741389521155405934640,0.02,0.05,0.035,0.030000000000000002,6.943968057632446,0.051,0.095,0.073,0.044000000000000004,165.75,0.022999999999999993,-0.05299999999999999,0.03799999999999999,50.0,608.97,19.97,238.97,165.75,0.073,0.035,,0.035
2026-10-01T16:56:00+00:00,1790873760,1051,Will the Democratic Party win the Tennessee Senate?,32832180976319820233770784594777532825515834160906037910741389521155405934640,0.02,0.05,0.035,0.030000000000000002,3.9969050884246826,0.051,0.095,0.073,0.044000000000000004,26.954999923706055,0.022999999999999993,-0.05299999999999999,0.03799999999999999,50.0,608.97,19.97,238.97,26.954999923706055,,0.0375,,
2026-10-01T16:57:00+00:00,1790873820,1051,Will the Democratic Party win the Tennessee Senate?,32832180976319820233770784594777532825515834160906037910741389521155405934640,0.02,0.055,0.0375,0.035,32.11371898651123,0.051,0.095,0.073,0.044000000000000004,23.713000059127808,0.017999999999999995,-0.05299999999999999,0.0355,50.0,608.97,19.97,238.97,23.713000059127808,,0.0375,,
2026-10-01T16:58:00+00:00,1790873880,1051,Will the Democratic Party win the Tennessee Senate?,32832180976319820233770784594777532825515834160906037910741389521155405934640,0.02,0.055,0.0375,0.035,17.044742107391357,0.051,0.095,0.073,0.044000000000000004,83.71300005912781,0.017999999999999995,-0.05299999999999999,0.0355,50.0,608.97,19.97,238.97,83.71300005912781,,0.035,,
2026-10-01T16:59:00+00:00,1790873940,1051,Will the Democratic Party win the Tennessee Senate?,32832180976319820233770784594777532825515834160906037910741389521155405934640,0.02,0.05,0.035,0.030000000000000002,13.210262060165405,0.051,0.095,0.073,0.044000000000000004,143.7130000591278,0.022999999999999993,-0.05299999999999999,0.03799999999999999,50.0,608.97,19.97,238.97,143.7130000591278,,0.035,,
2026-10-01T17:00:00+00:00,1790874000,1051,Will the Democratic Party win the Tennessee Senate?,32832180976319820233770784594777532825515834160906037910741389521155405934640,0.02,0.05,0.035,0.030000000000000002,5.3212010860443115,0.051,0.095,0.073,0.044000000000000004,203.7130000591278,0.022999999999999993,-0.05299999999999999,0.03799999999999999,50.0,608.97,19.97,238.97,203.7130000591278,,,,
2026-10-01T16:30:00+00:00,1790872200,1054,Will the Democratic Party win the Wyoming Senate?,27404948209862839323844430001109403958819859044996868930478464247467785332053,0.02,0.055,0.0375,0.035,1.9356589317321777,0.002,0.003,0.0025,0.001,37.38000011444092,-0.0525,0.0175,0.034999999999999996,525.0,811.01,5.0,151.95000000000002,37.38000011444092,0.0025,0.0375,0.0025,0.025
2026-10-01T16:31:00+00:00,1790872260,1054,Will the Democratic Party win the Wyoming Senate?,27404948209862839323844430001109403958819859044996868930478464247467785332053,0.02,0.055,0.0375,0.035,26.787092924118042,0.002,0.003,0.0025,0.001,9.009999990463257,-0.0525,0.0175,0.034999999999999996,525.0,811.01,5.0,151.95000000000002,9.009999990463257,0.0025,0.0375,0.002,0.025
2026-10-01T16:32:00+00:00,1790872320,1054,Will the Democratic Party win the Wyoming Senate?,27404948209862839323844430001109403958819859044996868930478464247467785332053,0.02,0.055,0.0375,0.035,11.947817087173462,0.002,0.003,0.0025,0.001,0.375,-0.0525,0.0175,0.034999999999999996,525.0,811.01,5.0,151.95000000000002,69.00999999046326,0.0025,0.025,0.002,0.025
2026-10-01T16:33:00+00:00,1790872380,1054,Will the Democratic Party win the Wyoming Senate?,27404948209862839323844430001109403958819859044996868930478464247467785332053,0.02,0.03,0.025,0.009999999999999998,13.277174949645996,0.002,0.003,0.0025,0.001,25.59999990463257,-0.0275,0.0175,0.022500000000000003,525.0,811.01,5.0,151.95000000000002,59.16000008583069,0.0025,0.025,0.002,0.030000000000000002
2026-10-01T16:34:00+00:00,1790872440,1054,Will the Democratic Party win the Wyoming Senate?,27404948209862839323844430001109403958819859044996868930478464247467785332053,0.02,0.03,0.025,0.009999999999999998,3.746644973754883,0.002,0.003,0.0025,0.001,59.371999979019165,-0.0275,0.0175,0.022500000000000003,525.0,811.01,5.0,151.95000000000002,59.371999979019165,0.0025,0.025,0.002,0.030000000000000002
2026-10-01T16:35:00+00:00,1790872500,1054,Will the Democratic Party win the Wyoming Senate?,27404948209862839323844430001109403958819859044996868930478464247467785332053,0.02,0.03,0.025,0.009999999999999998,0.31102609634399414,0.002,0.003,0.0025,0.001,0.22799992561340332,-0.0275,0.0175,0.022500000000000003,525.0,811.01,5.0,151.95000000000002,58.33800005912781,0.002,0.025,0.0025,0.030000000000000002
2026-10-01T16:36:00+00:00,1790872560,1054,Will the Democratic Party win the Wyoming Senate?,27404948209862839323844430001109403958819859044996868930478464247467785332053,0.02,0.03,0.025,0.009999999999999998,7.302902936935425,0.001,0.003,0.002,0.002,4.134000062942505,-0.027999999999999997,0.018000000000000002,0.023,286.01,286.01,5.0,151.95000000000002,4.134000062942505,0.002,0.025,0.0025,0.030000000000000002
2026-10-01T16:37:00+00:00,1790872620,1054,Will the Democratic Party win the Wyoming Senate?,27404948209862839323844430001109403958819859044996868930478464247467785332053,0.02,0.03,0.025,0.009999999999999998,13.863194942474365,0.001,0.003,0.002,0.002,3.3949999809265137,-0.027999999999999997,0.018000000000000002,0.023,286.01,286.01,5.0,151.95000000000002,3.3949999809265137,0.002,0.030000000000000002,0.0025,0.030000000000000002
2026-10-01T16:38:00+00:00,1790872680,1054,Will the Democratic Party win the Wyoming Senate?,27404948209862839323844430001109403958819859044996868930478464247467785332053,0.025,0.035,0.030000000000000002,0.010000000000000002,0.41014599800109863,0.001,0.003,0.002,0.002,16.842999935150146,-0.033,0.023,0.028000000000000004,286.01,286.01,5.0,151.95000000000002,16.842999935150146,0.002,0.030000000000000002,0.0025,0.030000000000000002
2026-10-01T16:39:00+00:00,1790872740,1054,Will the Democratic Party win the Wyoming Senate?,27404948209862839323844430001109403958819859044996868930478464247467785332053,0.025,0.035,0.030000000000000002,0.010000000000000002,1.9710490703582764,0.001,0.003,0.002,0.002,2.378999948501587,-0.033,0.023,0.028000000000000004,286.01,286.01,5.0,151.95000000000002,76.84299993515015,0.0025,0.030000000000000002,0.0025,0.030000000000000002
2026-10-01T16:40:00+00:00,1790872800,1054,Will the Democratic Party win the Wyoming Senate?,27404948209862839323844430001109403958819859044996868930478464247467785332053,0.025,0.035,0.030000000000000002,0.010000000000000002,6.200860977172852,0.002,0.003,0.0025,0.001,1.6559998989105225,-0.0325,0.022500000000000003,0.027500000000000004,286.01,286.01,5.0,151.95000000000002,53.848999977111816,0.0025,0.030000000000000002,0.0025,0.030000000000000002
2026-10-01T16:41:00+00:00,1790872860,1054,Will the Democratic Party win the Wyoming Senate?,27404948209862839323844430001109403958819859044996868930478464247467785332053,0.025,0.035,0.030000000000000002,0.010000000000000002,14.08511996269226,0.002,0.003,0.0025,0.001,13.625999927520752,-0.0325,0.022500000000000003,0.027500000000000004,25.0,311.01,5.0,80.96,51.36500000953674,0.0025,0.030000000000000002,0.0025,0.042499999999999996
2026-10-01T16:42:00+00:00,1790872920,1054,Will the Democratic Party win the Wyoming Senate?,27404948209862839323844430001109403958819859044996868930478464247467785332053,0.025,0.035,0.030000000000000002,0.010000000000000002,2.3234360218048096,0.002,0.003,0.0025,0.001,13.351999998092651,-0.0325,0.022500000000000003,0.027500000000000004,25.0,311.01,5.0,81.97,52.25999999046326,0.0025,0.030000000000000002,0.0025,0.030000000000000002
2026-10-01T16:43:00+00:00,1790872980,1054,Will the Democratic Party win the Wyoming Senate?,27404948209862839323844430001109403958819859044996868930478464247467785332053,0.025,0.035,0.030000000000000002,0.010000000000000002,12.125925064086914,0.002,0.003,0.0025,0.001,9.440999984741211,-0.0325,0.022500000000000003,0.027500000000000004,525.0,811.01,5.0,81.97,9.440999984741211,0.0025,0.030000000000000002,0.0025,0.030000000000000002
2026-10-01T16:44:00+00:00,1790873040,1054,Will the Democratic Party win the Wyoming Senate?,27404948209862839323844430001109403958819859044996868930478464247467785332053,0.025,0.035,0.030000000000000002,0.010000000000000002,4.685549020767212,0.002,0.003,0.0025,0.001,15.878999948501587,-0.0325,0.022500000000000003,0.027500000000000004,525.0,811.01,5.0,81.97,69.44099998474121,0.0025,0.030000000000000002,0.0025,0.030000000000000002
2026-10-01T16:45:00+00:00,1790873100,1054,Will the Democratic Party win the Wyoming Senate?,27404948209862839323844430001109403958819859044996868930478464247467785332053,0.025,0.035,0.030000000000000002,0.010000000000000002,11.333298921585083,0.002,0.003,0.0025,0.001,11.010999917984009,-0.0325,0.022500000000000003,0.027500000000000004,525.0,811.01,5.0,81.97,46.770999908447266,0.0025,0.042499999999999996,0.0025,0.030000000000000002
2026-10-01T16:46:00+00:00,1790873160,1054,Will the Democratic Party win the Wyoming Senate?,27404948209862839323844430001109403958819859044996868930478464247467785332053,0.025,0.06,0.042499999999999996,0.034999999999999996,16.78393292427063,0.002,0.003,0.0025,0.001,19.276000022888184,-0.057499999999999996,0.022500000000000003,0.039999999999999994,525.0,811.01,5.0,159.54000000000002,43.01799988746643,0.0025,0.030000000000000002,0.0025,0.030000000000000002
2026-10-01T16:47:00+00:00,1790873220,1054,Will the Democratic Party win the Wyoming Senate?,27404948209862839323844430001109403958819859044996868930478464247467785332053,0.025,0.035,0.030000000000000002,0.010000000000000002,6.322540044784546,0.002,0.003,0.0025,0.001,21.02500009536743,-0.0325,0.022500000000000003,0.027500000000000004,525.0,811.01,5.0,81.97,53.11999988555908,0.0025,0.030000000000000002,0.0025,0.035
2026-10-01T16:48:00+00:00,1790873280,1054,Will the Democratic Party win the Wyoming Senate?,27404948209862839323844430001109403958819859044996868930478464247467785332053,0.025,0.035,0.030000000000000002,0.010000000000000002,16.129640102386475,0.002,0.003,0.0025,0.001,7.476999998092651,-0.0325,0.022500000000000003,0.027500000000000004,525.0,811.01,5.0,81.97,56.08800005912781,0.0025,0.030000000000000002,0.0025,0.035
2026-10-01T16:49:00+00:00,1790873340,1054,Will the Democratic Party win the Wyoming Senate?,27404948209862839323844430001109403958819859044996868930478464247467785332053,0.025,0.035,0.030000000000000002,0.010000000000000002,2.2553870677948,0.002,0.003,0.0025,0.001,0.6429998874664307,-0.0325,0.022500000000000003,0.027500000000000004,525.0,811.01,5.0,151.95000000000002,0.6429998874664307,0.0025,0.030000000000000002,0.0025,0.035
2026-10-01T16:50:00+00:00,1790873400,1054,Will the Democratic Party win the Wyoming Senate?,27404948209862839323844430001109403958819859044996868930478464247467785332053,0.025,0.035,0.030000000000000002,0.010000000000000002,8.873982906341553,0.002,0.003,0.0025,0.001,10.624000072479248,-0.0325,0.022500000000000003,0.027500000000000004,525.0,811.01,5.0,151.95000000000002,60.64299988746643,0.0025,0.030000000000000002,0.0025,0.037500000000000006
2026-10-01T16:51:00+00:00,1790873460,1054,Will the Democratic Party win the Wyoming Senate?,27404948209862839323844430001109403958819859044996868930478464247467785332053,0.025,0.035,0.030000000000000002,0.010000000000000002,21.290581941604614,0.002,0.003,0.0025,0.001,13.404000043869019,-0.0325,0.022500000000000003,0.027500000000000004,525.0,811.01,5.0,151.95000000000002,41.40000009536743,0.0025,0.035,0.0025,0.035
2026-10-01T16:52:00+00:00,1790873520,1054,Will the Democratic Party win the Wyoming Senate?,27404948209862839323844430001109403958819859044996868930478464247467785332053,0.025,0.045,0.035,0.019999999999999997,25.642420053482056,0.002,0.003,0.0025,0.001,16.430999994277954,-0.042499999999999996,0.022500000000000003,0.0325,525.0,811.01,5.0,151.95000000000002,41.22699999809265,0.0025,0.035,0.0025,0.035
2026-10-01T16:53:00+00:00,1790873580,1054,Will the Democratic Party win the Wyoming Senate?,27404948209862839323844430001109403958819859044996868930478464247467785332053,0.025,0.045,0.035,0.019999999999999997,3.225053071975708,0.002,0.003,0.0025,0.001,16.328999996185303,-0.042499999999999996,0.022500000000000003,0.0325,525.0,811.01,5.0,151.95000000000002,44.276999950408936,0.0025,0.035,0.0025,0.0325
2026-10-01T16:54:00+00:00,1790873640,1054,Will the Democratic Party win the Wyoming Senate?,27404948209862839323844430001109403958819859044996868930478464247467785332053,0.025,0.045,0.035,0.019999999999999997,7.628271102905273,0.002,0.003,0.0025,0.001,24.44000005722046,-0.042499999999999996,0.022500000000000003,0.0325,525.0,811.01,5.0,151.95000000000002,46.13199996948242,0.0025,0.037500000000000006,0.0025,0.0325
2026-10-01T16:55:00+00:00,1790873700,1054,Will the Democratic Party win the Wyoming Senate?,27404948209862839323844430001109403958819859044996868930478464247467785332053,0.025,0.05,0.037500000000000006,0.025,6.943968057632446,0.002,0.003,0.0025,0.001,3.5309998989105225,-0.0475,0.022500000000000003,0.035,525.0,811.01,5.0,151.95000000000002,34.704999923706055,0.0025,0.035,,0.0325
2026-10-01T16:56:00+00:00,1790873760,1054,Will the Democratic Party win the Wyoming Senate?,27404948209862839323844430001109403958819859044996868930478464247467785332053,0.025,0.045,0.035,0.019999999999999997,3.9969050884246826,0.002,0.003,0.0025,0.001,0.5450000762939453,-0.042499999999999996,0.022500000000000003,0.0325,525.0,811.01,5.0,151.95000000000002,37.26300001144409,0.0025,0.035,,
2026-10-01T16:57:00+00:00,1790873820,1054,Will the Democratic Party win the Wyoming Senate?,27404948209862839323844430001109403958819859044996868930478464247467785332053,0.025,0.045,0.035,0.019999999999999997,32.11371898651123,0.002,0.003,0.0025,0.001,9.0,-0.042499999999999996,0.022500000000000003,0.0325,525.0,811.01,5.0,151.95000000000002,37.04800009727478,0.0025,0.0325,,
2026-10-01T16:58:00+00:00,1790873880,1054,Will the Democratic Party win the Wyoming Senate?,27404948209862839323844430001109403958819859044996868930478464247467785332053,0.025,0.04,0.0325,0.015,17.044742107391357,0.002,0.003,0.0025,0.001,24.76699995994568,-0.0375,0.022500000000000003,0.030000000000000002,25.0,311.01,5.0,151.95000000000002,36.609999895095825,0.0025,0.0325,,
2026-10-01T16:59:00+00:00,1790873940,1054,Will the Democratic Party win the Wyoming Senate?,27404948209862839323844430001109403958819859044996868930478464247467785332053,0.025,0.04,0.0325,0.015,13.210262060165405,0.002,0.003,0.0025,0.001,4.378000020980835,-0.0375,0.022500000000000003,0.030000000000000002,25.0,311.01,5.0,151.95000000000002,33.77500009536743,,0.0325,,
2026-10-01T17:00:00+00:00,1790874000,1054,Will the Democratic Party win the Wyoming Senate?,27404948209862839323844430001109403958819859044996868930478464247467785332053,0.025,0.04,0.0325,0.015,5.3212010860443115,0.002,0.003,0.0025,0.001,2.062000036239624,-0.0375,0.022500000000000003,0.030000000000000002,25.0,311.01,5.0,151.95000000000002,57.53200006484985,,,,
2026-10-01T16:30:00+00:00,1790872200,1060,Will the Republican Party win the Massachusetts Governor?,14326922722563448875565448072878801541030837097509186235755385779520510145451,0.035,0.055,0.045,0.019999999999999997,1.9356589317321777,0.013,0.014,0.0135,0.0010000000000000009,3.069000005722046,-0.0415,0.021500000000000005,0.0315,25.0,624.74,11.0,383.9,3.069000005722046,0.0135,0.045,0.0135,0.0475
2026-10-01T16:31:00+00:00,1790872260,1060,Will the Republican Party win the Massachusetts Governor?,14326922722563448875565448072878801541030837097509186235755385779520510145451,0.035,0.055,0.045,0.019999999999999997,26.787092924118042,0.013,0.014,0.0135,0.0010000000000000009,35.89400005340576,-0.0415,0.021500000000000005,0.0315,25.0,624.74,11.0,309.04,35.89400005340576,0.0135,0.06,0.013000000000000001,0.0475
2026-10-01T16:32:00+00:00,1790872320,1060,Will the Republican Party win the Massachusetts Governor?,14326922722563448875565448072878801541030837097509186235755385779520510145451,0.055,0.065,0.06,0.010000000000000002,11.947817087173462,0.013,0.014,0.0135,0.0010000000000000009,29.424000024795532,-0.051500000000000004,0.0415,0.0465,25.0,624.74,11.0,309.04,29.424000024795532,0.0135,0.0475,0.0095,0.045
2026-10-01T16:33:00+00:00,1790872380,1060,Will the Republican Party win the Massachusetts Governor?,14326922722563448875565448072878801541030837097509186235755385779520510145451,0.04,0.055,0.0475,0.015,13.277174949645996,0.013,0.014,0.0135,0.0010000000000000009,0.009999990463256836,-0.0415,0.026500000000000003,0.034,25.0,624.74,11.0,309.04,89.42400002479553,0.0135,0.045,0.0095,0.045
2026-10-01T16:34:00+00:00,1790872440,1060,Will the Republican Party win the Massachusetts Governor?,14326922722563448875565448072878801541030837097509186235755385779520510145451,0.04,0.05,0.045,0.010000000000000002,3.746644973754883,0.013,0.014,0.0135,0.0010000000000000009,47.306999921798706,-0.036500000000000005,0.026500000000000003,0.0315,25.0,624.74,11.0,309.04,57.6489999294281,0.0135,0.0475,0.0095,0.045
2026-10-01T16:35:00+00:00,1790872500,1060,Will the Republican Party win the Massachusetts Governor?,14326922722563448875565448072878801541030837097509186235755385779520510145451,0.04,0.055,0.0475,0.015,0.31102609634399414,0.013,0.014,0.0135,0.0010000000000000009,54.01699995994568,-0.0415,0.026500000000000003,0.034,25.0,624.74,11.0,309.04,54.01699995994568,0.013000000000000001,0.0475,0.0135,0.045
2026-10-01T16:36:00+00:00,1790872560,1060,Will the Republican Party win the Massachusetts Governor?,14326922722563448875565448072878801541030837097509186235755385779520510145451,0.04,0.055,0.0475,0.015,7.302902936935425,0.012,0.014,0.013000000000000001,0.002,19.301000118255615,-0.041999999999999996,0.027,0.0345,95.84,749.74,11.0,209.04,19.301000118255615,0.0095,0.045,0.0135,0.045
2026-10-01T16:37:00+00:00,1790872620,1060,Will the Republican Party win the Massachusetts Governor?,14326922722563448875565448072878801541030837097509186235755385779520510145451,0.035,0.055,0.045,0.019999999999999997,13.863194942474365,0.005,0.014,0.0095,0.009000000000000001,13.572999954223633,-0.0455,0.025500000000000002,0.0355,350.0,887.29,11.0,309.04,13.572999954223633,0.0095,0.045,0.0135,0.045
2026-10-01T16:38:00+00:00,1790872680,1060,Will the Republican Party win the Massachusetts Governor?,14326922722563448875565448072878801541030837097509186235755385779520510145451,0.035,0.055,0.045,0.019999999999999997,0.41014599800109863,0.005,0.014,0.0095,0.009000000000000001,0.6489999294281006,-0.0455,0.025500000000000002,0.0355,350.0,887.29,11.0,309.04,0.6489999294281006,0.0095,0.045,0.0135,0.045
2026-10-01T16:39:00+00:00,1790872740,1060,Will the Republican Party win the Massachusetts Governor?,14326922722563448875565448072878801541030837097509186235755385779520510145451,0.04,0.05,0.045,0.010000000000000002,1.9710490703582764,0.005,0.014,0.0095,0.009000000000000001,0.11299991607666016,-0.0405,0.0305,0.0355,350.0,887.29,11.0,309.04,60.6489999294281,0.0135,0.045,0.0135,0.045
2026-10-01T16:40:00+00:00,1790872800,1060,Will the Republican Party win the Massachusetts Governor?,14326922722563448875565448072878801541030837097509186235755385779520510145451,0.04,0.05,0.045,0.010000000000000002,6.200860977172852,0.013,0.014,0.0135,0.0010000000000000009,6.127000093460083,-0.036500000000000005,0.026500000000000003,0.0315,350.0,887.29,11.0,309.04,58.02900004386902,0.0135,0.045,0.0135,0.045
2026-10-01T16:41:00+00:00,1790872860,1060,Will the Republican Party win the Massachusetts Governor?,14326922722563448875565448072878801541030837097509186235755385779520510145451,0.04,0.05,0.045,0.010000000000000002,14.08511996269226,0.013,0.014,0.0135,0.0010000000000000009,54.80399990081787,-0.036500000000000005,0.026500000000000003,0.0315,101.93,755.83,11.0,309.04,54.80399990081787,0.0135,0.045,0.0135,0.045
2026-10-01T16:42:00+00:00,1790872920,1060,Will the Republican Party win the Massachusetts Governor?,14326922722563448875565448072878801541030837097509186235755385779520510145451,0.04,0.05,0.045,0.010000000000000002,2.3234360218048096,0.013,0.014,0.0135,0.0010000000000000009,1.8610000610351562,-0.036500000000000005,0.026500000000000003,0.0315,101.93,755.83,11.0,309.04,51.41799998283386,0.0135,0.045,0.0135,0.045
2026-10-01T16:43:00+00:00,1790872980,1060,Will the Republican Party win the Massachusetts Governor?,14326922722563448875565448072878801541030837097509186235755385779520510145451,0.04,0.05,0.045,0.010000000000000002,12.125925064086914,0.013,0.014,0.0135,0.0010000000000000009,44.99600005149841,-0.036500000000000005,0.026500000000000003,0.0315,101.93,755.83,11.0,309.04,44.99600005149841,0.0135,0.045,0.0135,0.045
2026-10-01T16:44:00+00:00,1790873040,1060,Will the Republican Party win the Massachusetts Governor?,14326922722563448875565448072878801541030837097509186235755385779520510145451,0.04,0.05,0.045,0.010000000000000002,4.685549020767212,0.013,0.014,0.0135,0.0010000000000000009,35.00699996948242,-0.036500000000000005,0.026500000000000003,0.0315,101.93,755.83,11.0,309.04,35.00699996948242,0.0135,0.045,0.0135,0.045
2026-10-01T16:45:00+00:00,1790873100,1060,Will the Republican Party win the Massachusetts Governor?,14326922722563448875565448072878801541030837097509186235755385779520510145451,0.04,0.05,0.045,0.010000000000000002,11.333298921585083,0.013,0.014,0.0135,0.0010000000000000009,29.69000005722046,-0.036500000000000005,0.026500000000000003,0.0315,101.93,755.83,11.0,353.0,29.69000005722046,0.0135,0.045,0.0135,0.045
2026-10-01T16:46:00+00:00,1790873160,1060,Will the Republican Party win the Massachusetts Governor?,14326922722563448875565448072878801541030837097509186235755385779520510145451,0.03,0.06,0.045,0.03,16.78393292427063,0.013,0.014,0.0135,0.0010000000000000009,30.967999935150146,-0.0465,0.0165,0.0315,101.93,755.83,11.0,432.0,30.967999935150146,0.0135,0.045,0.011,0.045
2026-10-01T16:47:00+00:00,1790873220,1060,Will the Republican Party win the Massachusetts Governor?,14326922722563448875565448072878801541030837097509186235755385779520510145451,0.035,0.055,0.045,0.019999999999999997,6.322540044784546,0.013,0.014,0.0135,0.0010000000000000009,17.341000080108643,-0.0415,0.021500000000000005,0.0315,101.93,755.83,11.0,432.0,90.96799993515015,0.0135,0.045,0.0135,0.045
2026-10-01T16:48:00+00:00,1790873280,1060,Will the Republican Party win the Massachusetts Governor?,14326922722563448875565448072878801541030837097509186235755385779520510145451,0.035,0.055,0.045,0.019999999999999997,16.129640102386475,0.013,0.014,0.0135,0.0010000000000000009,3.86899995803833,-0.0415,0.021500000000000005,0.0315,101.93,755.83,11.0,459.1,43.109999895095825,0.0135,0.045,0.0135,0.045
2026-10-01T16:49:00+00:00,1790873340,1060,Will the Republican Party win the Massachusetts Governor?,14326922722563448875565448072878801541030837097509186235755385779520510145451,0.035,0.055,0.045,0.019999999999999997,2.2553870677948,0.013,0.014,0.0135,0.0010000000000000009,5.188999891281128,-0.0415,0.021500000000000005,0.0315,101.93,364.43,11.0,212.62,52.20300006866455,0.0135,0.045,0.0135,0.045
2026-10-01T16:50:00+00:00,1790873400,1060,Will the Republican Party win the Massachusetts Governor?,14326922722563448875565448072878801541030837097509186235755385779520510145451,0.04,0.05,0.045,0.010000000000000002,8.873982906341553,0.013,0.014,0.0135,0.0010000000000000009,6.946000099182129,-0.036500000000000005,0.026500000000000003,0.0315,101.93,364.43,11.0,312.62,42.95700001716614,0.011,0.045,0.0135,0.045
2026-10-01T16:51:00+00:00,1790873460,1060,Will the Republican Party win the Massachusetts Governor?,14326922722563448875565448072878801541030837097509186235755385779520510145451,0.04,0.05,0.045,0.010000000000000002,21.290581941604614,0.008,0.014,0.011,0.006,1.7390000820159912,-0.03900000000000001,0.029,0.034,101.93,629.4300000000001,11.0,485.0,52.24600005149841,0.0135,0.045,0.0135,0.042499999999999996
2026-10-01T16:52:00+00:00,1790873520,1060,Will the Republican Party win the Massachusetts Governor?,14326922722563448875565448072878801541030837097509186235755385779520510145451,0.04,0.05,0.045,0.010000000000000002,25.642420053482056,0.013,0.014,0.0135,0.0010000000000000009,0.8190000057220459,-0.036500000000000005,0.026500000000000003,0.0315,101.93,629.4300000000001,11.0,312.62,49.99900007247925,0.0135,0.045,0.0135,0.042499999999999996
2026-10-01T16:53:00+00:00,1790873580,1060,Will the Republican Party win the Massachusetts Governor?,14326922722563448875565448072878801541030837097509186235755385779520510145451,0.04,0.05,0.045,0.010000000000000002,3.225053071975708,0.013,0.014,0.0135,0.0010000000000000009,3.7039999961853027,-0.036500000000000005,0.026500000000000003,0.0315,101.93,629.4300000000001,11.0,312.62,59.384000062942505,0.0135,0.045,0.0135,0.042499999999999996
2026-10-01T16:54:00+00:00,1790873640,1060,Will the Republican Party win the Massachusetts Governor?,14326922722563448875565448072878801541030837097509186235755385779520510145451,0.04,0.05,0.045,0.010000000000000002,7.628271102905273,0.013,0.014,0.0135,0.0010000000000000009,56.96399998664856,-0.036500000000000005,0.026500000000000003,0.0315,101.93,629.4300000000001,11.0,312.62,56.96399998664856,0.0135,0.045,0.0135,0.042499999999999996
2026-10-01T16:55:00+00:00,1790873700,1060,Will the Republican Party win the Massachusetts Governor?,14326922722563448875565448072878801541030837097509186235755385779520510145451,0.04,0.05,0.045,0.010000000000000002,6.943968057632446,0.013,0.014,0.0135,0.0010000000000000009,8.755000114440918,-0.036500000000000005,0.026500000000000003,0.0315,101.93,629.4300000000001,11.0,500.0,37.66499996185303,0.0135,0.042499999999999996,,0.042499999999999996
2026-10-01T16:56:00+00:00,1790873760,1060,Will the Republican Party win the Massachusetts Governor?,14326922722563448875565448072878801541030837097509186235755385779520510145451,0.04,0.045,0.042499999999999996,0.0049999999999999975,3.9969050884246826,0.013,0.014,0.0135,0.0010000000000000009,45.01099991798401,-0.0315,0.026500000000000003,0.028999999999999998,101.93,629.4300000000001,11.0,312.62,45.01099991798401,0.0135,0.042499999999999996,,
2026-10-01T16:57:00+00:00,1790873820,1060,Will the Republican Party win the Massachusetts Governor?,14326922722563448875565448072878801541030837097509186235755385779520510145451,0.04,0.045,0.042499999999999996,0.0049999999999999975,32.11371898651123,0.013,0.014,0.0135,0.0010000000000000009,18.2739999294281,-0.0315,0.026500000000000003,0.028999999999999998,101.93,629.4300000000001,11.0,312.62,105.01099991798401,0.0135,0.042499999999999996,,