executed_at,t,exchange_id,title,token_id,price,quantity,notional,taker_side,maker_sign,sig_bid,sig_ask,sig_mid,sig_spread,sig_bbo_age_s,pm_bid,pm_ask,pm_mid,pm_spread,pm_age_s,sig_residual,maker_edge,pm_bid1_size,pm_bid_depth5,pm_ask1_size,pm_ask_depth5,pm_depth_age_s,pm_mid_-60s,pm_mid_-15s,pm_mid_-5s,pm_mid_-1s,pm_mid_1s,pm_mid_5s,pm_mid_15s,pm_mid_30s,pm_mid_60s,pm_mid_300s,sig_mid_15s,sig_mid_60s,sig_mid_300s,maker_m1,maker_m5,maker_m15,maker_m30,maker_m60,maker_m300,pre_move_against_maker,prior60_count,prior60_notional,prior60_signed_qty
2026-10-01T16:49:39.334902+00:00,1790873379.334902,960,Will the Republican Party win the Maine Senate?,2142948285506077695096498341598672159464223074468931276310105532825810210121,0.38,14.0,5.32,SELL,1.0,0.41,0.42,0.415,0.010000000000000009,3.0001649856567383,0.4,0.41,0.405,0.009999999999999953,2.7859020233154297,0.009999999999999953,0.025000000000000022,9671.98,38645.31,5037.17,53858.49,28.12590193748474,0.405,0.405,0.405,0.405,0.405,0.405,0.405,0.405,0.405,0.405,0.4125,0.415,0.4175,0.025000000000000022,0.025000000000000022,0.025000000000000022,0.025000000000000022,0.025000000000000022,0.025000000000000022,-0.0,11,1254.18,-3085.0
2026-10-01T16:49:39.334902+00:00,1790873379.334902,960,Will the Republican Party win the Maine Senate?,2142948285506077695096498341598672159464223074468931276310105532825810210121,0.375,56.0,21.0,SELL,1.0,0.41,0.42,0.415,0.010000000000000009,3.0001649856567383,0.4,0.41,0.405,0.009999999999999953,2.7859020233154297,0.009999999999999953,0.030000000000000027,9671.98,38645.31,5037.17,53858.49,28.12590193748474,0.405,0.405,0.405,0.405,0.405,0.405,0.405,0.405,0.405,0.405,0.4125,0.415,0.4175,0.030000000000000027,0.030000000000000027,0.030000000000000027,0.030000000000000027,0.030000000000000027,0.030000000000000027,-0.0,12,1259.5,-3099.0
2026-10-01T16:49:43.785907+00:00,1790873383.785907,959,Will the Democratic Party win the Maine Senate?,7589880081658059374445882095611024032084645048848237404312287942463647821549,0.605,150.0,90.75,BUY,-1.0,0.6,0.605,0.6025,0.0050000000000000044,7.451169967651367,0.58,0.59,0.585,0.010000000000000009,5.6129069328308105,0.01750000000000007,0.020000000000000018,1984.04,20036.41,1000.63,70525.05,31.69590711593628,0.585,0.585,0.585,0.585,0.585,0.585,0.585,0.585,0.585,0.585,0.6025,0.6025,0.5825,0.020000000000000018,0.020000000000000018,0.020000000000000018,0.020000000000000018,0.020000000000000018,0.020000000000000018,0.0,12,3866.2299999999996,-918.0
2026-10-01T16:49:43.795625+00:00,1790873383.795625,980,Will the Democratic Party win the South Dakota Senate?,67967023811721834738685695249992484419619114809767608640505747182577663027691,0.045,1.0,0.045,BUY,-1.0,0.005,0.045,0.024999999999999998,0.04,6.9981279373168945,0.001,0.002,0.0015,0.001,5.515625,0.023499999999999997,0.0435,13472.26,13472.26,1824.98,2256.34,26.447624921798706,0.0015,0.0015,0.0015,0.0015,0.0015,0.0015,0.0015,0.0015,0.0015,0.0015,0.024999999999999998,0.025,0.017499999999999998,0.0435,0.0435,0.0435,0.0435,0.0435,0.0435,0.0,0,0,0
2026-10-01T16:49:44.484529+00:00,1790873384.484529,959,Will the Democratic Party win the Maine Senate?,7589880081658059374445882095611024032084645048848237404312287942463647821549,0.6,211.0,126.6,SELL,1.0,0.6,0.605,0.6025,0.0050000000000000044,8.149791955947876,0.58,0.59,0.585,0.010000000000000009,6.311528921127319,0.01750000000000007,-0.015000000000000013,1984.04,20036.41,1000.63,70525.05,32.39452910423279,0.585,0.585,0.585,0.585,0.585,0.585,0.585,0.585,0.585,0.585,0.6025,0.6025,0.5825,-0.015000000000000013,-0.015000000000000013,-0.015000000000000013,-0.015000000000000013,-0.015000000000000013,-0.015000000000000013,-0.0,13,3956.9799999999996,-768.0
2026-10-01T16:49:45.193996+00:00,1790873385.193996,959,Will the Democratic Party win the Maine Senate?,7589880081658059374445882095611024032084645048848237404312287942463647821549,0.6,1000.0,600.0,SELL,1.0,0.6,0.605,0.6025,0.0050000000000000044,8.859258890151978,0.58,0.59,0.585,0.010000000000000009,0.47699594497680664,0.01750000000000007,-0.015000000000000013,1984.04,20036.41,1000.63,70525.05,33.10399603843689,0.585,0.585,0.585,0.585,0.585,0.585,0.585,0.585,0.585,0.585,0.6025,0.6025,0.5825,-0.015000000000000013,-0.015000000000000013,-0.015000000000000013,-0.015000000000000013,-0.015000000000000013,-0.015000000000000013,-0.0,14,4083.58,-979.0
2026-10-01T16:49:46.358582+00:00,1790873386.358582,980,Will the Democratic Party win the South Dakota Senate?,67967023811721834738685695249992484419619114809767608640505747182577663027691,0.045,50.0,2.25,BUY,-1.0,0.005,0.045,0.024999999999999998,0.04,9.561084985733032,0.001,0.002,0.0015,0.001,8.078582048416138,0.023499999999999997,0.0435,13472.26,13472.26,1824.98,2256.34,29.010581970214844,0.0015,0.0015,0.0015,0.0015,0.0015,0.0015,0.0015,0.0015,0.0015,0.0015,0.024999999999999998,0.025,0.017499999999999998,0.0435,0.0435,0.0435,0.0435,0.0435,0.0435,0.0,1,0.045,1.0
2026-10-01T16:49:47.327356+00:00,1790873387.327356,959,Will the Democratic Party win the Maine Senate?,7589880081658059374445882095611024032084645048848237404312287942463647821549,0.6,673.0,403.8,SELL,1.0,0.6,0.605,0.6025,0.0050000000000000044,10.992619037628174,0.58,0.59,0.585,0.010000000000000009,0.7383561134338379,0.01750000000000007,-0.015000000000000013,1984.04,20036.41,1000.63,70525.05,35.237356185913086,0.585,0.585,0.585,0.585,0.585,0.585,0.585,0.585,0.585,0.585,0.6025,0.6025,0.5825,-0.015000000000000013,-0.015000000000000013,-0.015000000000000013,-0.015000000000000013,-0.015000000000000013,-0.015000000000000013,-0.0,15,4683.58,-1979.0
2026-10-01T16:49:51.304458+00:00,1790873391.304458,932,Will the Democratic Party win the TX-15 House race?,6584875983046678011286869107197719818123093254495444235544680527373303971994,0.775,350.0,271.25,SELL,1.0,0.775,0.785,0.78,0.010000000000000009,14.969720840454102,0.79,0.81,0.8,0.020000000000000018,3.3494579792022705,-0.020000000000000018,0.025000000000000022,165.66,7453.67,220.23,11183.85,33.80345797538757,0.8,0.8,0.8,0.8,0.8,0.8,0.8,0.8,0.8,0.805,0.7775000000000001,0.7775000000000001,0.7825,0.025000000000000022,0.025000000000000022,0.025000000000000022,0.025000000000000022,0.025000000000000022,0.030000000000000027,-0.0,1,1.57,2.0
2026-10-01T16:49:51.304458+00:00,1790873391.304458,932,Will the Democratic Party win the TX-15 House race?,6584875983046678011286869107197719818123093254495444235544680527373303971994,0.775,48.0,37.2,SELL,1.0,0.775,0.785,0.78,0.010000000000000009,14.969720840454102,0.79,0.81,0.8,0.020000000000000018,3.3494579792022705,-0.020000000000000018,0.025000000000000022,165.66,7453.67,220.23,11183.85,33.80345797538757,0.8,0.8,0.8,0.8,0.8,0.8,0.8,0.8,0.8,0.805,0.7775000000000001,0.7775000000000001,0.7825,0.025000000000000022,0.025000000000000022,0.025000000000000022,0.025000000000000022,0.025000000000000022,0.030000000000000027,-0.0,2,272.82,-348.0
2026-10-01T16:49:53.515501+00:00,1790873393.515501,1072,Will the Democratic Party win the Oklahoma Senate?,6307834485558435215808626904255859755441792356631836236470061805834871616531,0.03,752.0,22.56,BUY,-1.0,0.02,0.03,0.025,0.009999999999999998,2.38948392868042,0.003,0.014,0.0085,0.011,19.02950096130371,0.0165,0.0215,150.0,1155.0,11.0,222.84,45.07750105857849,0.0085,0.0085,0.0085,0.0085,0.0085,0.0085,0.0085,0.0085,0.0085,0.0085,0.505,0.04,0.04,0.0215,0.0215,0.0215,0.0215,0.0215,0.0215,0.0,0,0,0
2026-10-01T16:49:53.515501+00:00,1790873393.515501,1072,Will the Democratic Party win the Oklahoma Senate?,6307834485558435215808626904255859755441792356631836236470061805834871616531,0.04,2982.0,119.28,BUY,-1.0,0.02,0.03,0.025,0.009999999999999998,2.38948392868042,0.003,0.014,0.0085,0.011,19.02950096130371,0.0165,0.0315,150.0,1155.0,11.0,222.84,45.07750105857849,0.0085,0.0085,0.0085,0.0085,0.0085,0.0085,0.0085,0.0085,0.0085,0.0085,0.505,0.04,0.04,0.0315,0.0315,0.0315,0.0315,0.0315,0.0315,0.0,1,22.56,752.0
2026-10-01T16:49:53.515501+00:00,1790873393.515501,1072,Will the Democratic Party win the Oklahoma Senate?,6307834485558435215808626904255859755441792356631836236470061805834871616531,0.05,100.0,5.0,BUY,-1.0,0.02,0.03,0.025,0.009999999999999998,2.38948392868042,0.003,0.014,0.0085,0.011,19.02950096130371,0.0165,0.0415,150.0,1155.0,11.0,222.84,45.07750105857849,0.0085,0.0085,0.0085,0.0085,0.0085,0.0085,0.0085,0.0085,0.0085,0.0085,0.505,0.04,0.04,0.0415,0.0415,0.0415,0.0415,0.0415,0.0415,0.0,2,141.84,3734.0
2026-10-01T16:49:53.515501+00:00,1790873393.515501,1072,Will the Democratic Party win the Oklahoma Senate?,6307834485558435215808626904255859755441792356631836236470061805834871616531,0.06,1000.0,60.0,BUY,-1.0,0.02,0.03,0.025,0.009999999999999998,2.38948392868042,0.003,0.014,0.0085,0.011,19.02950096130371,0.0165,0.0515,150.0,1155.0,11.0,222.84,45.07750105857849,0.0085,0.0085,0.0085,0.0085,0.0085,0.0085,0.0085,0.0085,0.0085,0.0085,0.505,0.04,0.04,0.0515,0.0515,0.0515,0.0515,0.0515,0.0515,0.0,3,146.84,3834.0
2026-10-01T16:49:53.515501+00:00,1790873393.515501,1072,Will the Democratic Party win the Oklahoma Senate?,6307834485558435215808626904255859755441792356631836236470061805834871616531,0.175,74.0,12.95,BUY,-1.0,0.02,0.03,0.025,0.009999999999999998,2.38948392868042,0.003,0.014,0.0085,0.011,19.02950096130371,0.0165,0.16649999999999998,150.0,1155.0,11.0,222.84,45.07750105857849,0.0085,0.0085,0.0085,0.0085,0.0085,0.0085,0.0085,0.0085,0.0085,0.0085,0.505,0.04,0.04,0.16649999999999998,0.16649999999999998,0.16649999999999998,0.16649999999999998,0.16649999999999998,0.16649999999999998,0.0,4,206.84,4834.0
2026-10-01T16:49:53.515501+00:00,1790873393.515501,1072,Will the Democratic Party win the Oklahoma Senate?,6307834485558435215808626904255859755441792356631836236470061805834871616531,0.325,74.0,24.05,BUY,-1.0,0.02,0.03,0.025,0.009999999999999998,2.38948392868042,0.003,0.014,0.0085,0.011,19.02950096130371,0.0165,0.3165,150.0,1155.0,11.0,222.84,45.07750105857849,0.0085,0.0085,0.0085,0.0085,0.0085,0.0085,0.0085,0.0085,0.0085,0.0085,0.505,0.04,0.04,0.3165,0.3165,0.3165,0.3165,0.3165,0.3165,0.0,5,219.79,4908.0
2026-10-01T16:49:53.515501+00:00,1790873393.515501,1072,Will the Democratic Party win the Oklahoma Senate?,6307834485558435215808626904255859755441792356631836236470061805834871616531,0.475,74.0,35.15,BUY,-1.0,0.02,0.03,0.025,0.009999999999999998,2.38948392868042,0.003,0.014,0.0085,0.011,19.02950096130371,0.0165,0.46649999999999997,150.0,1155.0,11.0,222.84,45.07750105857849,0.0085,0.0085,0.0085,0.0085,0.0085,0.0085,0.0085,0.0085,0.0085,0.0085,0.505,0.04,0.04,0.46649999999999997,0.46649999999999997,0.46649999999999997,0.46649999999999997,0.46649999999999997,0.46649999999999997,0.0,6,243.84,4982.0
2026-10-01T16:49:53.515501+00:00,1790873393.515501,1072,Will the Democratic Party win the Oklahoma Senate?,6307834485558435215808626904255859755441792356631836236470061805834871616531,0.755,2448.0,1848.24,BUY,-1.0,0.02,0.03,0.025,0.009999999999999998,2.38948392868042,0.003,0.014,0.0085,0.011,19.02950096130371,0.0165,0.7465,150.0,1155.0,11.0,222.84,45.07750105857849,0.0085,0.0085,0.0085,0.0085,0.0085,0.0085,0.0085,0.0085,0.0085,0.0085,0.505,0.04,0.04,0.7465,0.7465,0.7465,0.7465,0.7465,0.7465,0.0,7,278.99,5056.0
2026-10-01T16:49:53.515501+00:00,1790873393.515501,1072,Will the Democratic Party win the Oklahoma Senate?,6307834485558435215808626904255859755441792356631836236470061805834871616531,0.99,50000.0,49500.0,BUY,-1.0,0.02,0.03,0.025,0.009999999999999998,2.38948392868042,0.003,0.014,0.0085,0.011,19.02950096130371,0.0165,0.9815,150.0,1155.0,11.0,222.84,45.07750105857849,0.0085,0.0085,0.0085,0.0085,0.0085,0.0085,0.0085,0.0085,0.0085,0.0085,0.505,0.04,0.04,0.9815,0.9815,0.9815,0.9815,0.9815,0.9815,0.0,8,2127.23,7504.0
2026-10-01T16:49:53.515501+00:00,1790873393.515501,1072,Will the Democratic Party win the Oklahoma Senate?,6307834485558435215808626904255859755441792356631836236470061805834871616531,0.99,47229.0,46756.71,BUY,-1.0,0.02,0.03,0.025,0.009999999999999998,2.38948392868042,0.003,0.014,0.0085,0.011,19.02950096130371,0.0165,0.9815,150.0,1155.0,11.0,222.84,45.07750105857849,0.0085,0.0085,0.0085,0.0085,0.0085,0.0085,0.0085,0.0085,0.0085,0.0085,0.505,0.04,0.04,0.9815,0.9815,0.9815,0.9815,0.9815,0.9815,0.0,9,51627.23,57504.0
2026-10-01T16:49:59.932127+00:00,1790873399.932127,980,Will the Democratic Party win the South Dakota Senate?,67967023811721834738685695249992484419619114809767608640505747182577663027691,0.045,149.0,6.705,BUY,-1.0,0.005,0.045,0.024999999999999998,0.04,7.842247009277344,0.001,0.002,0.0015,0.001,2.8501269817352295,0.023499999999999997,0.0435,13472.26,13472.26,1824.98,2256.34,2.8501269817352295,0.0015,0.0015,0.0015,0.0015,0.0015,0.0015,0.0015,0.0015,0.0015,0.0015,0.0225,0.025,0.0275,0.0435,0.0435,0.0435,0.0435,0.0435,0.0435,0.0,2,2.295,51.0
2026-10-01T16:50:09.057724+00:00,1790873409.057724,844,Will the Democratic Party win the Alabama Governor?,112432943070684544837529617086045733232789214714632527644673344797017293426776,0.085,326.0,27.71,SELL,1.0,0.085,0.09,0.0875,0.0049999999999999906,5.4897449016571045,0.029,0.108,0.0685,0.079,0.4797239303588867,0.01899999999999999,-0.0165,68.11,165.05,25.0,206.64,50.30172395706177,0.08,0.079,0.0695,0.0685,0.0685,0.069,0.075,0.0795,0.0775,0.0655,0.08499999999999999,0.08499999999999999,0.08499999999999999,-0.0165,-0.016,-0.010000000000000009,-0.005500000000000005,-0.007500000000000007,-0.019500000000000003,0.0010000000000000009,0,0,0
2026-10-01T16:50:13.709755+00:00,1790873413.709755,1077,Will the Republican Party win the Rhode Island Senate?,34189052194715415717712638492295939369730261135279818111658380308037908103272,0.040000000000000036,5.0,0.20000000000000018,UNKNOWN,nan,0.005,0.37,0.1875,0.365,37.79983401298523,0.003,0.012,0.0075,0.009000000000000001,12.906754970550537,0.18,,140.0,653.0,10.0,174.0,71.5377550125122,0.0075,0.0075,0.0075,0.0075,0.0075,0.0075,0.0075,0.0075,0.0075,0.0075,0.1875,0.0225,0.0175,,,,,,,,4,183.47500000000002,-21695.0
2026-10-01T16:50:14.842945+00:00,1790873414.842945,1011,Will the Republican Party win the FL-09 House race?,14535768089815400273847771354088826502078939671987391994275253603566532191654,0.695,9.0,6.255,SELL,1.0,0.695,0.7,0.6975,0.0050000000000000044,11.27496600151062,0.68,0.69,0.685,0.009999999999999898,3.96594500541687,0.012499999999999956,-0.009999999999999898,8060.52,17535.81,1768.85,23109.170000000002,57.957945108413696,0.685,0.685,0.685,0.685,0.685,0.685,0.685,0.685,0.685,0.685,0.6975,0.6975,0.6975,-0.009999999999999898,-0.009999999999999898,-0.009999999999999898,-0.009999999999999898,-0.009999999999999898,-0.009999999999999898,-0.0,0,0,0
2026-10-01T16:50:17.702880+00:00,1790873417.70288,1077,Will the Republican Party win the Rhode Island Senate?,34189052194715415717712638492295939369730261135279818111658380308037908103272,0.040000000000000036,59.0,2.360000000000002,UNKNOWN,nan,0.005,0.37,0.1875,0.365,41.79295897483826,0.003,0.012,0.0075,0.009000000000000001,16.899879932403564,0.18,,140.0,653.0,10.0,174.0,75.53087997436523,0.0075,0.0075,0.0075,0.0075,0.0075,0.0075,0.0075,0.0075,0.0075,0.0075,0.1875,0.0225,0.0175,,,,,,,,4,83.68,-1696.0
2026-10-01T16:50:20.201106+00:00,1790873420.201106,889,Will the Republican Party win the AZ-06 House race?,91134056361940201893494305153220998213627095877115808251230716593928688430751,0.165,9.0,1.485,BUY,-1.0,0.155,0.165,0.16,0.010000000000000009,11.880475044250488,0.17,0.18,0.175,0.009999999999999981,20.246106147766113,-0.014999999999999986,-0.009999999999999981,1085.05,2911.76,5326.19,12933.3,20.246106147766113,0.175,0.175,0.175,0.175,0.175,0.175,0.175,0.175,0.175,0.175,0.16,0.16,0.16,-0.009999999999999981,-0.009999999999999981,-0.009999999999999981,-0.009999999999999981,-0.009999999999999981,-0.009999999999999981,0.0,1,8.25,50.0
2026-10-01T16:50:20.568873+00:00,1790873420.568873,1007,Will the Democratic Party win the AL-02 House race?,13189761649035136014216228195645475511361901020555722779072382901094466765019,0.275,200.0,55.00000000000001,BUY,-1.0,0.245,0.275,0.26,0.030000000000000027,17.00089383125305,0.26,0.27,0.265,0.010000000000000009,21.181872844696045,-0.0050000000000000044,0.010000000000000009,367.6,11361.81,10022.11,34461.09,63.47787284851074,0.265,0.265,0.265,0.265,0.265,0.265,0.265,0.265,0.265,0.265,0.265,0.2625,0.26,0.010000000000000009,0.010000000000000009,0.010000000000000009,0.010000000000000009,0.010000000000000009,0.010000000000000009,0.0,1,66.25,250.0
2026-10-01T16:50:22.059213+00:00,1790873422.059213,932,Will the Democratic Party win the TX-15 House race?,6584875983046678011286869107197719818123093254495444235544680527373303971994,0.785,1.0,0.785,BUY,-1.0,0.77,0.785,0.7775000000000001,0.015000000000000013,13.738581895828247,0.79,0.81,0.8,0.020000000000000018,0.5312128067016602,-0.022499999999999964,-0.015000000000000013,341.66,7499.07,320.23,11491.86,0.5312128067016602,0.8,0.8,0.8,0.8,0.8,0.8,0.8,0.8,0.8,0.805,0.7775000000000001,0.78,0.7775000000000001,-0.015000000000000013,-0.015000000000000013,-0.015000000000000013,-0.015000000000000013,-0.015000000000000013,-0.020000000000000018,0.0,2,308.45,-398.0
2026-10-01T16:50:24.872896+00:00,1790873424.872896,1065,Will the Republican Party win the NH-01 House race?,91186816975424134991471599978287903711550131664584931108307233067509874308550,0.06,250.0,15.0,BUY,-1.0,0.015,0.06,0.0375,0.045,2.7388100624084473,0.015,0.036,0.0255,0.020999999999999998,4.3258960247039795,0.012,0.0345,40.0,1965.0,30.0,344.0,4.3258960247039795,0.0255,0.0255,0.0255,0.0255,0.0255,0.0255,0.0255,0.0255,0.0255,0.0255,0.0425,0.0425,0.0375,0.0345,0.0345,0.0345,0.0345,0.0345,0.0345,0.0,0,0,0
2026-10-01T16:50:24.872896+00:00,1790873424.872896,1065,Will the Republican Party win the NH-01 House race?,91186816975424134991471599978287903711550131664584931108307233067509874308550,0.065,63.0,4.095,BUY,-1.0,0.015,0.06,0.0375,0.045,2.7388100624084473,0.015,0.036,0.0255,0.020999999999999998,4.3258960247039795,0.012,0.03950000000000001,40.0,1965.0,30.0,344.0,4.3258960247039795,0.0255,0.0255,0.0255,0.0255,0.0255,0.0255,0.0255,0.0255,0.0255,0.0255,0.0425,0.0425,0.0375,0.03950000000000001,0.03950000000000001,0.03950000000000001,0.03950000000000001,0.03950000000000001,0.03950000000000001,0.0,1,15.0,250.0
2026-10-01T16:50:27.537245+00:00,1790873427.537245,969,Will the Independent Party win the Nebraska Senate?,47975366268282823322598946778919483335780002591367838795894307024076579116518,0.29,22.0,6.38,BUY,-1.0,0.275,0.29,0.2825,0.014999999999999958,16.25084114074707,0.3,0.31,0.305,0.010000000000000009,5.979244947433472,-0.02250000000000002,-0.015000000000000013,3284.93,26543.14,59721.01,161724.73,5.979244947433472,0.305,0.305,0.305,0.305,0.305,0.305,0.305,0.305,0.305,0.305,0.2825,0.28,0.28,-0.015000000000000013,-0.015000000000000013,-0.015000000000000013,-0.015000000000000013,-0.015000000000000013,-0.015000000000000013,0.0,1,10.62,36.0
2026-10-01T16:50:27.679714+00:00,1790873427.679714,959,Will the Democratic Party win the Maine Senate?,7589880081658059374445882095611024032084645048848237404312287942463647821549,0.6,250.0,150.0,SELL,1.0,0.6,0.605,0.6025,0.0050000000000000044,0.3099939823150635,0.58,0.59,0.585,0.010000000000000009,3.080713987350464,0.01750000000000007,-0.015000000000000013,1984.04,19840.41,1000.63,70829.5,6.239713907241821,0.585,0.585,0.585,0.585,0.585,0.585,0.585,0.585,0.585,0.585,0.6025,0.5874999999999999,0.5825,-0.015000000000000013,-0.015000000000000013,-0.015000000000000013,-0.015000000000000013,-0.015000000000000013,-0.015000000000000013,-0.0,11,3283.95,-5172.0
2026-10-01T16:50:32.461724+00:00,1790873432.461724,889,Will the Republican Party win the AZ-06 House race?,91134056361940201893494305153220998213627095877115808251230716593928688430751,0.165,3.0,0.495,BUY,-1.0,0.155,0.165,0.16,0.010000000000000009,5.092004060745239,0.17,0.18,0.175,0.009999999999999981,32.5067241191864,-0.014999999999999986,-0.009999999999999981,1085.05,2911.76,5326.19,12933.3,32.5067241191864,0.175,0.175,0.175,0.175,0.175,0.175,0.175,0.175,0.175,0.175,0.16,0.16,0.16,-0.009999999999999981,-0.009999999999999981,-0.009999999999999981,-0.009999999999999981,-0.009999999999999981,-0.009999999999999981,0.0,1,1.485,9.0
2026-10-01T16:50:34.139734+00:00,1790873434.139734,1074,Will the Republican Party win the Rhode Island Governor?,20754254139035614694374518757343678468946299461021566299562376905544253104084,0.025000000000000022,26.0,0.6500000000000006,UNKNOWN,nan,0.005,0.04,0.0225,0.035,12.005648136138916,0.018,0.019,0.0185,0.0010000000000000009,0.4537339210510254,0.004,,21.0,430.1,67.96,242.06,28.69973397254944,0.0185,0.0185,0.0185,0.0185,0.0185,0.0185,0.0185,0.0185,0.0185,0.0185,0.0325,0.0225,0.037500000000000006,,,,,,,,0,0,0
2026-10-01T16:50:34.847425+00:00,1790873434.847425,889,Will the Republican Party win the AZ-06 House race?,91134056361940201893494305153220998213627095877115808251230716593928688430751,0.165,354.0,58.410000000000004,BUY,-1.0,0.155,0.165,0.16,0.010000000000000009,7.477705001831055,0.17,0.18,0.175,0.009999999999999981,34.89242506027222,-0.014999999999999986,-0.009999999999999981,1085.05,2911.76,5326.19,12933.3,34.89242506027222,0.175,0.175,0.175,0.175,0.175,0.175,0.175,0.175,0.175,0.175,0.16,0.16,0.16,-0.009999999999999981,-0.009999999999999981,-0.009999999999999981,-0.009999999999999981,-0.009999999999999981,-0.009999999999999981,0.0,2,1.98,12.0
2026-10-01T16:50:35.389537+00:00,1790873435.389537,959,Will the Democratic Party win the Maine Senate?,7589880081658059374445882095611024032084645048848237404312287942463647821549,0.6,10.0,6.0,SELL,1.0,0.6,0.605,0.6025,0.0050000000000000044,8.019817113876343,0.58,0.59,0.585,0.010000000000000009,2.3455371856689453,0.01750000000000007,-0.015000000000000013,1984.04,19840.41,1000.63,70829.5,13.9495370388031,0.585,0.585,0.585,0.585,0.585,0.585,0.585,0.585,0.585,0.585,0.6025,0.5874999999999999,0.5825,-0.015000000000000013,-0.015000000000000013,-0.015000000000000013,-0.015000000000000013,-0.015000000000000013,-0.015000000000000013,-0.0,7,2897.5499999999997,-4528.0
2026-10-01T16:50:35.389537+00:00,1790873435.389537,960,Will the Republican Party win the Maine Senate?,2142948285506077695096498341598672159464223074468931276310105532825810210121,0.41000000000000003,10.0,4.1000000000000005,SELL,1.0,0.41,0.42,0.415,0.010000000000000009,8.019817113876343,0.4,0.41,0.405,0.009999999999999953,8.00353717803955,0.009999999999999953,-0.0050000000000000044,9671.98,38645.31,5037.17,54162.979999999996,18.38953709602356,0.405,0.405,0.405,0.405,0.405,0.405,0.405,0.405,0.405,0.405,0.415,0.3875,0.415,-0.0050000000000000044,-0.0050000000000000044,-0.0050000000000000044,-0.0050000000000000044,-0.0050000000000000044,-0.0050000000000000044,-0.0,11,981.88,-2444.0
2026-10-01T16:50:40.287266+00:00,1790873440.287266,959,Will the Democratic Party win the Maine Senate?,7589880081658059374445882095611024032084645048848237404312287942463647821549,0.6,5088.0,3052.7999999999997,SELL,1.0,0.6,0.605,0.6025,0.0050000000000000044,1.346116065979004,0.58,0.59,0.585,0.010000000000000009,1.3622660636901855,0.01750000000000007,-0.015000000000000013,1984.04,19840.41,1000.63,70829.5,18.84726595878601,0.585,0.585,0.585,0.585,0.585,0.585,0.585,0.585,0.585,0.585,0.6025,0.5874999999999999,0.5825,-0.015000000000000013,-0.015000000000000013,-0.015000000000000013,-0.015000000000000013,-0.015000000000000013,-0.015000000000000013,-0.0,6,1377.15,-1994.0
2026-10-01T16:50:42.811086+00:00,1790873442.811086,932,Will the Democratic Party win the TX-15 House race?,6584875983046678011286869107197719818123093254495444235544680527373303971994,0.785,500.0,392.5,BUY,-1.0,0.77,0.785,0.7775000000000001,0.015000000000000013,3.869935989379883,0.79,0.81,0.8,0.020000000000000018,20.05708599090576,-0.022499999999999964,-0.015000000000000013,341.66,7499.07,320.23,11491.86,21.283085823059082,0.8,0.8,0.8,0.8,0.8,0.8,0.8,0.8,0.8,0.805,0.7775000000000001,0.78,0.7775000000000001,-0.015000000000000013,-0.015000000000000013,-0.015000000000000013,-0.015000000000000013,-0.015000000000000013,-0.020000000000000018,0.0,3,309.235,-397.0
2026-10-01T16:50:46.813541+00:00,1790873446.813541,959,Will the Democratic Party win the Maine Senate?,7589880081658059374445882095611024032084645048848237404312287942463647821549,0.6,2976.0,1785.6,SELL,1.0,0.6,0.605,0.6025,0.0050000000000000044,7.872390985488892,0.58,0.59,0.585,0.010000000000000009,4.524540901184082,0.01750000000000007,-0.015000000000000013,1984.04,19840.41,1000.63,70829.5,25.3735408782959,0.585,0.585,0.585,0.585,0.585,0.585,0.585,0.585,0.585,0.585,0.6025,0.5874999999999999,0.5825,-0.015000000000000013,-0.015000000000000013,-0.015000000000000013,-0.015000000000000013,-0.015000000000000013,-0.015000000000000013,-0.0,4,3612.6,-6021.0
2026-10-01T16:50:46.813541+00:00,1790873446.813541,960,Will the Republican Party win the Maine Senate?,2142948285506077695096498341598672159464223074468931276310105532825810210121,0.405,604.0,244.62,SELL,1.0,0.41,0.42,0.415,0.010000000000000009,7.872390985488892,0.4,0.41,0.405,0.009999999999999953,5.616540908813477,0.009999999999999953,0.0,9671.98,38645.31,5037.17,54162.979999999996,29.813540935516357,0.405,0.405,0.405,0.405,0.405,0.405,0.405,0.405,0.405,0.405,0.415,0.3875,0.415,0.0,0.0,0.0,0.0,0.0,0.0,-0.0,1,4.1000000000000005,-10.0
2026-10-01T16:50:46.813541+00:00,1790873446.813541,960,Will the Republican Party win the Maine Senate?,2142948285506077695096498341598672159464223074468931276310105532825810210121,0.4,200.0,80.0,SELL,1.0,0.41,0.42,0.415,0.010000000000000009,7.872390985488892,0.4,0.41,0.405,0.009999999999999953,5.616540908813477,0.009999999999999953,0.0050000000000000044,9671.98,38645.31,5037.17,54162.979999999996,29.813540935516357,0.405,0.405,0.405,0.405,0.405,0.405,0.405,0.405,0.405,0.405,0.415,0.3875,0.415,0.0050000000000000044,0.0050000000000000044,0.0050000000000000044,0.0050000000000000044,0.0050000000000000044,0.0050000000000000044,-0.0,2,248.72,-614.0
2026-10-01T16:50:46.813541+00:00,1790873446.813541,960,Will the Republican Party win the Maine Senate?,2142948285506077695096498341598672159464223074468931276310105532825810210121,0.395,1000.0,395.0,SELL,1.0,0.41,0.42,0.415,0.010000000000000009,7.872390985488892,0.4,0.41,0.405,0.009999999999999953,5.616540908813477,0.009999999999999953,0.010000000000000009,9671.98,38645.31,5037.17,54162.979999999996,29.813540935516357,0.405,0.405,0.405,0.405,0.405,0.405,0.405,0.405,0.405,0.405,0.415,0.3875,0.415,0.010000000000000009,0.010000000000000009,0.010000000000000009,0.010000000000000009,0.010000000000000009,0.010000000000000009,-0.0,3,328.72,-814.0
2026-10-01T16:50:46.813541+00:00,1790873446.813541,960,Will the Republican Party win the Maine Senate?,2142948285506077695096498341598672159464223074468931276310105532825810210121,0.39,150.0,58.5,SELL,1.0,0.41,0.42,0.415,0.010000000000000009,7.872390985488892,0.4,0.41,0.405,0.009999999999999953,5.616540908813477,0.009999999999999953,0.015000000000000013,9671.98,38645.31,5037.17,54162.979999999996,29.813540935516357,0.405,0.405,0.405,0.405,0.405,0.405,0.405,0.405,0.405,0.405,0.415,0.3875,0.415,0.015000000000000013,0.015000000000000013,0.015000000000000013,0.015000000000000013,0.015000000000000013,0.015000000000000013,-0.0,4,723.72,-1814.0
2026-10-01T16:50:46.813541+00:00,1790873446.813541,960,Will the Republican Party win the Maine Senate?,2142948285506077695096498341598672159464223074468931276310105532825810210121,0.39,150.0,58.5,SELL,1.0,0.41,0.42,0.415,0.010000000000000009,7.872390985488892,0.4,0.41,0.405,0.009999999999999953,5.616540908813477,0.009999999999999953,0.015000000000000013,9671.98,38645.31,5037.17,54162.979999999996,29.813540935516357,0.405,0.405,0.405,0.405,0.405,0.405,0.405,0.405,0.405,0.405,0.415,0.3875,0.415,0.015000000000000013,0.015000000000000013,0.015000000000000013,0.015000000000000013,0.015000000000000013,0.015000000000000013,-0.0,5,782.22,-1964.0
2026-10-01T16:50:49.117671+00:00,1790873449.117671,960,Will the Republican Party win the Maine Senate?,2142948285506077695096498341598672159464223074468931276310105532825810210121,0.39,100.0,39.0,SELL,1.0,0.41,0.42,0.415,0.010000000000000009,10.176521062850952,0.4,0.41,0.405,0.009999999999999953,7.920670986175537,0.009999999999999953,0.015000000000000013,9671.98,38645.31,5037.17,54162.979999999996,32.11767101287842,0.405,0.405,0.405,0.405,0.405,0.405,0.405,0.405,0.405,0.405,0.415,0.3875,0.415,0.015000000000000013,0.015000000000000013,0.015000000000000013,0.015000000000000013,0.015000000000000013,0.015000000000000013,-0.0,6,840.72,-2114.0
2026-10-01T16:50:49.588574+00:00,1790873449.588574,951,Will the Democratic Party win the Idaho Senate?,26969987183147691459735958550527481658991321979903347263530424157323143990437,0.035,581.0,20.335,BUY,-1.0,0.01,0.035,0.022500000000000003,0.025,10.64742398262024,0.01,0.059,0.034499999999999996,0.048999999999999995,281.10757398605347,-0.011999999999999993,0.0005000000000000074,150.0,234.38,8.27,184.62,281.10757398605347,0.034499999999999996,0.034499999999999996,0.034499999999999996,0.034499999999999996,0.034499999999999996,0.034499999999999996,0.034499999999999996,0.034499999999999996,0.034499999999999996,0.034499999999999996,0.022500000000000003,0.0225,0.025,0.0005000000000000074,0.0005000000000000074,0.0005000000000000074,0.0005000000000000074,0.0005000000000000074,0.0005000000000000074,0.0,0,0,0
2026-10-01T16:50:51.669275+00:00,1790873451.669275,980,Will the Democratic Party win the South Dakota Senate?,67967023811721834738685695249992484419619114809767608640505747182577663027691,0.04,67.0,2.68,BUY,-1.0,0.01,0.04,0.025,0.03,12.072587966918945,0.001,0.002,0.0015,0.001,54.58727502822876,0.0235,0.0385,13472.26,13472.26,1824.98,2256.34,54.58727502822876,0.0015,0.0015,0.0015,0.0015,0.0015,0.0015,0.0015,0.0015,0.0015,0.0015,0.025,0.024999999999999998,0.0275,0.0385,0.0385,0.0385,0.0385,0.0385,0.0385,0.0,1,6.705,149.0
2026-10-01T16:50:52.304801+00:00,1790873452.304801,960,Will the Republican Party win the Maine Senate?,2142948285506077695096498341598672159464223074468931276310105532825810210121,0.39,250.0,97.5,SELL,1.0,0.41,0.42,0.415,0.010000000000000009,13.363651037216187,0.4,0.41,0.405,0.009999999999999953,11.107800960540771,0.009999999999999953,0.015000000000000013,9671.98,38645.31,5037.17,54162.979999999996,35.30480098724365,0.405,0.405,0.405,0.405,0.405,0.405,0.405,0.405,0.405,0.405,0.415,0.4,0.415,0.015000000000000013,0.015000000000000013,0.015000000000000013,0.015000000000000013,0.015000000000000013,0.015000000000000013,-0.0,7,879.72,-2214.0
2026-10-01T16:50:53.491021+00:00,1790873453.491021,959,Will the Democratic Party win the Maine Senate?,7589880081658059374445882095611024032084645048848237404312287942463647821549,0.6,1512.0,907.1999999999999,SELL,1.0,0.6,0.605,0.6025,0.0050000000000000044,14.54987096786499,0.58,0.59,0.585,0.010000000000000009,0.2600209712982178,0.01750000000000007,-0.015000000000000013,1984.04,19840.41,1000.63,70829.5,32.051020860672,0.585,0.585,0.585,0.585,0.585,0.585,0.585,0.585,0.585,0.585,0.6025,0.59,0.5825,-0.015000000000000013,-0.015000000000000013,-0.015000000000000013,-0.015000000000000013,-0.015000000000000013,-0.015000000000000013,-0.0,4,4994.4,-8324.0
2026-10-01T16:50:53.506969+00:00,1790873453.506969,895,Will the Republican Party win the CO-03 House race?,50051241364929222895693566081605692346197807854055532008099278772035698770870,0.71,50.0,35.5,SELL,1.0,0.71,0.73,0.72,0.020000000000000018,14.565819025039673,0.73,0.75,0.74,0.020000000000000018,3.2559690475463867,-0.020000000000000018,0.030000000000000027,663.0,12431.66,468.0,9859.94,32.54896903038025,0.74,0.74,0.745,0.74,0.74,0.74,0.74,0.74,0.74,0.74,0.72,0.7175,0.715,0.030000000000000027,0.030000000000000027,0.030000000000000027,0.030000000000000027,0.030000000000000027,0.030000000000000027,0.0050000000000000044,0,0,0
2026-10-01T16:50:53.506969+00:00,1790873453.506969,895,Will the Republican Party win the CO-03 House race?,50051241364929222895693566081605692346197807854055532008099278772035698770870,0.705,140.0,98.69999999999999,SELL,1.0,0.71,0.73,0.72,0.020000000000000018,14.565819025039673,0.73,0.75,0.74,0.020000000000000018,3.2559690475463867,-0.020000000000000018,0.03500000000000003,663.0,12431.66,468.0,9859.94,32.54896903038025,0.74,0.74,0.745,0.74,0.74,0.74,0.74,0.74,0.74,0.74,0.72,0.7175,0.715,0.03500000000000003,0.03500000000000003,0.03500000000000003,0.03500000000000003,0.03500000000000003,0.03500000000000003,0.0050000000000000044,1,35.5,-50.0
2026-10-01T16:50:53.604165+00:00,1790873453.604165,932,Will the Democratic Party win the TX-15 House race?,6584875983046678011286869107197719818123093254495444235544680527373303971994,0.785,382.0,299.87,BUY,-1.0,0.77,0.785,0.7775000000000001,0.015000000000000013,14.663015127182007,0.79,0.81,0.8,0.020000000000000018,6.272165060043335,-0.022499999999999964,-0.015000000000000013,341.66,7499.07,320.23,11491.86,32.076164960861206,0.8,0.8,0.8,0.8,0.8,0.8,0.8,0.8,0.8,0.805,0.7775000000000001,0.78,0.7775000000000001,-0.015000000000000013,-0.015000000000000013,-0.015000000000000013,-0.015000000000000013,-0.015000000000000013,-0.020000000000000018,0.0,2,393.285,501.0
2026-10-01T16:50:53.839630+00:00,1790873453.83963,951,Will the Democratic Party win the Idaho Senate?,26969987183147691459735958550527481658991321979903347263530424157323143990437,0.035,335.0,11.725000000000001,BUY,-1.0,0.01,0.035,0.022500000000000003,0.025,14.89847993850708,0.01,0.059,0.034499999999999996,0.048999999999999995,285.3586299419403,-0.011999999999999993,0.0005000000000000074,150.0,234.38,8.27,184.62,285.3586299419403,0.034499999999999996,0.034499999999999996,0.034499999999999996,0.034499999999999996,0.034499999999999996,0.034499999999999996,0.034499999999999996,0.034499999999999996,0.034499999999999996,0.034499999999999996,0.022500000000000003,0.017499999999999998,0.025,0.0005000000000000074,0.0005000000000000074,0.0005000000000000074,0.0005000000000000074,0.0005000000000000074,0.0005000000000000074,0.0,1,20.335,581.0
2026-10-01T16:50:56.478632+00:00,1790873456.478632,960,Will the Republican Party win the Maine Senate?,2142948285506077695096498341598672159464223074468931276310105532825810210121,0.385,50.0,19.25,SELL,1.0,0.41,0.42,0.415,0.010000000000000009,17.537482023239136,0.4,0.41,0.405,0.009999999999999953,3.140631914138794,0.009999999999999953,0.020000000000000018,9671.98,38645.31,5037.17,54162.979999999996,39.4786319732666,0.405,0.405,0.405,0.405,0.405,0.405,0.405,0.405,0.405,0.405,0.415,0.4,0.415,0.020000000000000018,0.020000000000000018,0.020000000000000018,0.020000000000000018,0.020000000000000018,0.020000000000000018,-0.0,8,977.22,-2464.0
2026-10-01T16:50:56.478632+00:00,1790873456.478632,960,Will the Republican Party win the Maine Senate?,2142948285506077695096498341598672159464223074468931276310105532825810210121,0.385,180.0,69.3,SELL,1.0,0.41,0.42,0.415,0.010000000000000009,17.537482023239136,0.4,0.41,0.405,0.009999999999999953,3.140631914138794,0.009999999999999953,0.020000000000000018,9671.98,38645.31,5037.17,54162.979999999996,39.4786319732666,0.405,0.405,0.405,0.405,0.405,0.405,0.405,0.405,0.405,0.405,0.415,0.4,0.415,0.020000000000000018,0.020000000000000018,0.020000000000000018,0.020000000000000018,0.020000000000000018,0.020000000000000018,-0.0,9,996.47,-2514.0
2026-10-01T16:50:56.534451+00:00,1790873456.534451,960,Will the Republican Party win the Maine Senate?,2142948285506077695096498341598672159464223074468931276310105532825810210121,0.39,250.0,97.5,SELL,1.0,0.41,0.42,0.415,0.010000000000000009,17.59330105781555,0.4,0.41,0.405,0.009999999999999953,3.19645094871521,0.009999999999999953,0.015000000000000013,9671.98,38645.31,5037.17,54162.979999999996,39.53445100784302,0.405,0.405,0.405,0.405,0.405,0.405,0.405,0.405,0.405,0.405,0.415,0.4,0.415,0.015000000000000013,0.015000000000000013,0.015000000000000013,0.015000000000000013,0.015000000000000013,0.015000000000000013,-0.0,10,1065.77,-2694.0
2026-10-01T16:50:58.078562+00:00,1790873458.078562,980,Will the Democratic Party win the South Dakota Senate?,67967023811721834738685695249992484419619114809767608640505747182577663027691,0.04,1.0,0.04,BUY,-1.0,0.01,0.04,0.025,0.03,18.48187494277954,0.001,0.002,0.0015,0.001,5.324562072753906,0.0235,0.0385,13472.26,13472.26,1824.98,2256.34,60.996562004089355,0.0015,0.0015,0.0015,0.0015,0.0015,0.0015,0.0015,0.0015,0.0015,0.0015,0.025,0.024999999999999998,0.0275,0.0385,0.0385,0.0385,0.0385,0.0385,0.0385,0.0,2,9.385,216.0
2026-10-01T16:50:59.867503+00:00,1790873459.867503,960,Will the Republican Party win the Maine Senate?,2142948285506077695096498341598672159464223074468931276310105532825810210121,0.39,250.0,97.5,SELL,1.0,0.41,0.42,0.415,0.010000000000000009,20.926352977752686,0.4,0.41,0.405,0.009999999999999953,6.529502868652344,0.009999999999999953,0.015000000000000013,9671.98,38645.31,5037.17,54162.979999999996,42.86750292778015,0.405,0.405,0.405,0.405,0.405,0.405,0.405,0.405,0.405,0.405,0.415,0.4,0.415,0.015000000000000013,0.015000000000000013,0.015000000000000013,0.015000000000000013,0.015000000000000013,0.015000000000000013,-0.0,11,1163.27,-2944.0
2026-10-01T16:51:00.114010+00:00,1790873460.11401,951,Will the Democratic Party win the Idaho Senate?,26969987183147691459735958550527481658991321979903347263530424157323143990437,0.035,246.0,8.610000000000001,BUY,-1.0,0.01,0.035,0.022500000000000003,0.025,21.172860145568848,0.01,0.059,0.034499999999999996,0.048999999999999995,291.6330101490021,-0.011999999999999993,0.0005000000000000074,150.0,234.38,8.27,184.62,291.6330101490021,0.034499999999999996,0.034499999999999996,0.034499999999999996,0.034499999999999996,0.034499999999999996,0.034499999999999996,0.034499999999999996,0.034499999999999996,0.034499999999999996,0.034499999999999996,0.022500000000000003,0.017499999999999998,0.025,0.0005000000000000074,0.0005000000000000074,0.0005000000000000074,0.0005000000000000074,0.0005000000000000074,0.0005000000000000074,0.0,2,32.06,916.0
2026-10-01T16:51:00.838292+00:00,1790873460.838292,1077,Will the Republican Party win the Rhode Island Senate?,34189052194715415717712638492295939369730261135279818111658380308037908103272,0.025,50.0,1.25,UNKNOWN,nan,0.015,0.04,0.0275,0.025,22.128873825073242,0.003,0.012,0.0075,0.009000000000000001,5.086291790008545,0.02,,140.0,653.0,10.0,152.7,39.65329194068909,0.0075,0.0075,0.0075,0.0075,0.0075,0.0075,0.0075,0.0075,0.0075,0.0075,0.0225,0.017499999999999998,0.0175,,,,,,,,2,2.5600000000000023,0
2026-10-01T16:51:00.838292+00:00,1790873460.838292,1077,Will the Republican Party win the Rhode Island Senate?,34189052194715415717712638492295939369730261135279818111658380308037908103272,0.045,86.0,3.8699999999999997,BUY,-1.0,0.015,0.04,0.0275,0.025,22.128873825073242,0.003,0.012,0.0075,0.009000000000000001,5.086291790008545,0.02,0.0375,140.0,653.0,10.0,152.7,39.65329194068909,0.0075,0.0075,0.0075,0.0075,0.0075,0.0075,0.0075,0.0075,0.0075,0.0075,0.0225,0.017499999999999998,0.0175,0.0375,0.0375,0.0375,0.0375,0.0375,0.0375,0.0,3,3.8100000000000023,0
2026-10-01T16:51:00.838292+00:00,1790873460.838292,1077,Will the Republican Party win the Rhode Island Senate?,34189052194715415717712638492295939369730261135279818111658380308037908103272,0.075,172.0,12.9,BUY,-1.0,0.015,0.04,0.0275,0.025,22.128873825073242,0.003,0.012,0.0075,0.009000000000000001,5.086291790008545,0.02,0.0675,140.0,653.0,10.0,152.7,39.65329194068909,0.0075,0.0075,0.0075,0.0075,0.0075,0.0075,0.0075,0.0075,0.0075,0.0075,0.0225,0.017499999999999998,0.0175,0.0675,0.0675,0.0675,0.0675,0.0675,0.0675,0.0,4,7.6800000000000015,86.0
2026-10-01T16:51:00.838292+00:00,1790873460.838292,1077,Will the Republican Party win the Rhode Island Senate?,34189052194715415717712638492295939369730261135279818111658380308037908103272,0.115,209.0,24.035,BUY,-1.0,0.015,0.04,0.0275,0.025,22.128873825073242,0.003,0.012,0.0075,0.009000000000000001,5.086291790008545,0.02,0.10750000000000001,140.0,653.0,10.0,152.7,39.65329194068909,0.0075,0.0075,0.0075,0.0075,0.0075,0.0075,0.0075,0.0075,0.0075,0.0075,0.0225,0.017499999999999998,0.0175,0.10750000000000001,0.10750000000000001,0.10750000000000001,0.10750000000000001,0.10750000000000001,0.10750000000000001,0.0,5,20.580000000000002,258.0
2026-10-01T16:51:00.838292+00:00,1790873460.838292,1077,Will the Republican Party win the Rhode Island Senate?,34189052194715415717712638492295939369730261135279818111658380308037908103272,0.26,23.0,5.98,BUY,-1.0,0.015,0.04,0.0275,0.025,22.128873825073242,0.003,0.012,0.0075,0.009000000000000001,5.086291790008545,0.02,0.2525,140.0,653.0,10.0,152.7,39.65329194068909,0.0075,0.0075,0.0075,0.0075,0.0075,0.0075,0.0075,0.0075,0.0075,0.0075,0.0225,0.017499999999999998,0.0175,0.2525,0.2525,0.2525,0.2525,0.2525,0.2525,0.0,6,44.615,467.0
2026-10-01T16:51:05.299612+00:00,1790873465.299612,1077,Will the Republican Party win the Rhode Island Senate?,34189052194715415717712638492295939369730261135279818111658380308037908103272,0.040000000000000036,2.0,0.08000000000000007,BUY,-1.0,0.015,0.04,0.0275,0.025,26.5901939868927,0.003,0.012,0.0075,0.009000000000000001,9.547611951828003,0.02,0.032500000000000036,140.0,653.0,10.0,152.7,44.114612102508545,0.0075,0.0075,0.0075,0.0075,0.0075,0.0075,0.0075,0.0075,0.0075,0.0075,0.0225,0.017499999999999998,0.0175,0.032500000000000036,0.032500000000000036,0.032500000000000036,0.032500000000000036,0.032500000000000036,0.032500000000000036,0.0,7,50.595000000000006,490.0
2026-10-01T16:51:05.525732+00:00,1790873465.525732,1041,Will the Republican Party win the WI-03 House race?,83772236231104306836754599890295414817047560410380925946355605231115771621017,0.275,100.0,27.500000000000004,BUY,-1.0,0.26,0.28,0.27,0.020000000000000018,26.816313982009888,0.25,0.26,0.255,0.010000000000000009,20.816731929779053,0.015000000000000013,0.020000000000000018,406.79,1232.8700000000001,300.11,1518.61,20.816731929779053,0.255,0.255,0.255,0.255,0.255,0.255,0.255,0.255,0.255,0.255,0.27,0.2675,0.2725,0.020000000000000018,0.020000000000000018,0.020000000000000018,0.020000000000000018,0.020000000000000018,0.020000000000000018,0.0,0,0,0
2026-10-01T16:51:08.494910+00:00,1790873468.49491,960,Will the Republican Party win the Maine Senate?,2142948285506077695096498341598672159464223074468931276310105532825810210121,0.39,304.0,118.56,SELL,1.0,0.41,0.42,0.415,0.010000000000000009,29.553760051727295,0.4,0.41,0.405,0.009999999999999953,15.156909942626953,0.009999999999999953,0.015000000000000013,9671.98,38645.31,5037.17,54162.979999999996,51.49491000175476,0.405,0.405,0.405,0.405,0.405,0.405,0.405,0.405,0.405,0.405,0.3875,0.4,0.4125,0.015000000000000013,0.015000000000000013,0.015000000000000013,0.015000000000000013,0.015000000000000013,0.015000000000000013,-0.0,12,1260.77,-3194.0
2026-10-01T16:51:09.134502+00:00,1790873469.134502,932,Will the Democratic Party win the TX-15 House race?,6584875983046678011286869107197719818123093254495444235544680527373303971994,0.785,382.0,299.87,BUY,-1.0,0.77,0.785,0.7775000000000001,0.015000000000000013,30.193351984024048,0.79,0.81,0.8,0.020000000000000018,2.1365020275115967,-0.022499999999999964,-0.015000000000000013,341.66,7499.07,320.23,11491.86,47.60650181770325,0.8,0.8,0.8,0.8,0.8,0.8,0.8,0.8,0.8,0.8,0.78,0.78,0.7775000000000001,-0.015000000000000013,-0.015000000000000013,-0.015000000000000013,-0.015000000000000013,-0.015000000000000013,-0.015000000000000013,0.0,3,693.155,883.0
2026-10-01T16:51:10.339485+00:00,1790873470.339485,980,Will the Democratic Party win the South Dakota Senate?,67967023811721834738685695249992484419619114809767608640505747182577663027691,0.04,1.0,0.04,BUY,-1.0,0.01,0.04,0.025,0.03,30.7427978515625,0.001,0.002,0.0015,0.001,11.014484882354736,0.0235,0.0385,13472.26,13472.26,1824.98,2256.34,11.014484882354736,0.0015,0.0015,0.0015,0.0015,0.0015,0.0015,0.0015,0.0015,0.0015,0.0015,0.024999999999999998,0.024999999999999998,0.0275,0.0385,0.0385,0.0385,0.0385,0.0385,0.0385,0.0,2,2.72,68.0
2026-10-01T16:51:11.793580+00:00,1790873471.79358,960,Will the Republican Party win the Maine Senate?,2142948285506077695096498341598672159464223074468931276310105532825810210121,0.39,1119.0,436.41,SELL,1.0,0.41,0.42,0.415,0.010000000000000009,32.85243010520935,0.4,0.41,0.405,0.009999999999999953,18.45557999610901,0.009999999999999953,0.015000000000000013,9671.98,38645.31,5037.17,54162.979999999996,54.793580055236816,0.405,0.405,0.405,0.405,0.405,0.405,0.405,0.405,0.405,0.405,0.3875,0.40249999999999997,0.4125,0.015000000000000013,0.015000000000000013,0.015000000000000013,0.015000000000000013,0.015000000000000013,0.015000000000000013,-0.0,13,1379.33,-3498.0
2026-10-01T16:51:13.726636+00:00,1790873473.726636,932,Will the Democratic Party win the TX-15 House race?,6584875983046678011286869107197719818123093254495444235544680527373303971994,0.785,1.0,0.785,BUY,-1.0,0.77,0.785,0.7775000000000001,0.015000000000000013,34.7854859828949,0.79,0.81,0.8,0.020000000000000018,2.680635929107666,-0.022499999999999964,-0.015000000000000013,341.66,7499.07,320.23,11557.56,2.680635929107666,0.8,0.8,0.8,0.8,0.8,0.8,0.8,0.8,0.8,0.8,0.78,0.7775000000000001,0.7775000000000001,-0.015000000000000013,-0.015000000000000013,-0.015000000000000013,-0.015000000000000013,-0.015000000000000013,-0.015000000000000013,0.0,4,993.025,1265.0
2026-10-01T16:51:15.884760+00:00,1790873475.88476,960,Will the Republican Party win the Maine Senate?,2142948285506077695096498341598672159464223074468931276310105532825810210121,0.39,304.0,118.56,SELL,1.0,0.41,0.42,0.415,0.010000000000000009,36.943609952926636,0.4,0.41,0.405,0.009999999999999953,22.546759843826294,0.009999999999999953,0.015000000000000013,9671.98,38645.31,5037.17,54162.979999999996,58.8847599029541,0.405,0.405,0.405,0.405,0.405,0.405,0.405,0.405,0.405,0.405,0.3875,0.40249999999999997,0.4125,0.015000000000000013,0.015000000000000013,0.015000000000000013,0.015000000000000013,0.015000000000000013,0.015000000000000013,-0.0,14,1815.74,-4617.0
2026-10-01T16:51:16.566564+00:00,1790873476.566564,932,Will the Democratic Party win the TX-15 House race?,6584875983046678011286869107197719818123093254495444235544680527373303971994,0.785,382.0,299.87,BUY,-1.0,0.775,0.785,0.78,0.010000000000000009,0.19624805450439453,0.79,0.81,0.8,0.020000000000000018,5.520564079284668,-0.020000000000000018,-0.015000000000000013,341.66,7499.07,320.23,11557.56,5.520564079284668,0.8,0.8,0.8,0.8,0.8,0.8,0.8,0.8,0.8,0.8,0.78,0.7775000000000001,0.7775000000000001,-0.015000000000000013,-0.015000000000000013,-0.015000000000000013,-0.015000000000000013,-0.015000000000000013,-0.015000000000000013,0.0,5,993.8100000000001,1266.0
2026-10-01T16:51:16.817809+00:00,1790873476.817809,1045,Will the Democratic Party win the Kansas Senate?,112865931018535043924604877802427749327024008755764693656162236690266569063025,0.3,262.0,78.6,SELL,1.0,0.3,0.305,0.3025,0.0050000000000000044,8.933264017105103,0.3,0.31,0.305,0.010000000000000009,22.32080912590027,-0.0025000000000000022,0.0050000000000000044,124.34,843.79,172.66,892.74,22.32080912590027,0.305,0.305,0.305,0.305,0.305,0.305,0.305,0.305,0.305,0.305,0.3025,0.295,0.3,0.0050000000000000044,0.0050000000000000044,0.0050000000000000044,0.0050000000000000044,0.0050000000000000044,0.0050000000000000044,-0.0,0,0,0
2026-10-01T16:51:17.003439+00:00,1790873477.003439,1007,Will the Democratic Party win the AL-02 House race?,13189761649035136014216228195645475511361901020555722779072382901094466765019,0.28,200.0,56.00000000000001,BUY,-1.0,0.245,0.28,0.2625,0.03500000000000003,9.11889386177063,0.26,0.27,0.265,0.010000000000000009,18.03843903541565,-0.0025000000000000022,0.015000000000000013,467.6,12990.95,10522.48,36560.21,18.03843903541565,0.265,0.265,0.265,0.265,0.265,0.265,0.265,0.265,0.265,0.265,0.2625,0.3225,0.26,0.015000000000000013,0.015000000000000013,0.015000000000000013,0.015000000000000013,0.015000000000000013,0.015000000000000013,0.0,1,55.00000000000001,200.0
2026-10-01T16:51:17.003439+00:00,1790873477.003439,1007,Will the Democratic Party win the AL-02 House race?,13189761649035136014216228195645475511361901020555722779072382901094466765019,0.285,1000.0,285.0,BUY,-1.0,0.245,0.28,0.2625,0.03500000000000003,9.11889386177063,0.26,0.27,0.265,0.010000000000000009,18.03843903541565,-0.0025000000000000022,0.019999999999999962,467.6,12990.95,10522.48,36560.21,18.03843903541565,0.265,0.265,0.265,0.265,0.265,0.265,0.265,0.265,0.265,0.265,0.2625,0.3225,0.26,0.019999999999999962,0.019999999999999962,0.019999999999999962,0.019999999999999962,0.019999999999999962,0.019999999999999962,0.0,2,111.00000000000001,400.0
2026-10-01T16:51:17.003439+00:00,1790873477.003439,1007,Will the Democratic Party win the AL-02 House race?,13189761649035136014216228195645475511361901020555722779072382901094466765019,0.285,100.0,28.499999999999996,BUY,-1.0,0.245,0.28,0.2625,0.03500000000000003,9.11889386177063,0.26,0.27,0.265,0.010000000000000009,18.03843903541565,-0.0025000000000000022,0.019999999999999962,467.6,12990.95,10522.48,36560.21,18.03843903541565,0.265,0.265,0.265,0.265,0.265,0.265,0.265,0.265,0.265,0.265,0.2625,0.3225,0.26,0.019999999999999962,0.019999999999999962,0.019999999999999962,0.019999999999999962,0.019999999999999962,0.019999999999999962,0.0,3,396.0,1400.0
2026-10-01T16:51:17.571055+00:00,1790873477.571055,960,Will the Republican Party win the Maine Senate?,2142948285506077695096498341598672159464223074468931276310105532825810210121,0.385,533.0,205.205,SELL,1.0,0.385,0.39,0.3875,0.0050000000000000044,1.2007389068603516,0.4,0.41,0.405,0.009999999999999953,24.233054876327515,-0.017500000000000016,0.020000000000000018,9671.98,38645.31,5037.17,54162.979999999996,60.57105493545532,0.405,0.405,0.405,0.405,0.405,0.405,0.405,0.405,0.405,0.405,0.3875,0.40249999999999997,0.4125,0.020000000000000018,0.020000000000000018,0.020000000000000018,0.020000000000000018,0.020000000000000018,0.020000000000000018,-0.0,15,1934.3,-4921.0
2026-10-01T16:51:17.571055+00:00,1790873477.571055,960,Will the Republican Party win the Maine Senate?,2142948285506077695096498341598672159464223074468931276310105532825810210121,0.385,411.0,158.235,SELL,1.0,0.385,0.39,0.3875,0.0050000000000000044,1.2007389068603516,0.4,0.41,0.405,0.009999999999999953,24.233054876327515,-0.017500000000000016,0.020000000000000018,9671.98,38645.31,5037.17,54162.979999999996,60.57105493545532,0.405,0.405,0.405,0.405,0.405,0.405,0.405,0.405,0.405,0.405,0.3875,0.40249999999999997,0.4125,0.020000000000000018,0.020000000000000018,0.020000000000000018,0.020000000000000018,0.020000000000000018,0.020000000000000018,-0.0,16,2139.505,-5454.0
2026-10-01T16:51:19.222872+00:00,1790873479.222872,960,Will the Republican Party win the Maine Senate?,2142948285506077695096498341598672159464223074468931276310105532825810210121,0.39,2000.0,780.0,BUY,-1.0,0.385,0.39,0.3875,0.0050000000000000044,2.852555990219116,0.4,0.41,0.405,0.009999999999999953,25.88487195968628,-0.017500000000000016,-0.015000000000000013,9671.98,38645.31,5037.17,54162.979999999996,62.22287201881409,0.405,0.405,0.405,0.405,0.405,0.405,0.405,0.405,0.405,0.405,0.3875,0.40249999999999997,0.4125,-0.015000000000000013,-0.015000000000000013,-0.015000000000000013,-0.015000000000000013,-0.015000000000000013,-0.015000000000000013,0.0,17,2297.7400000000002,-5865.0
2026-10-01T16:51:21.624957+00:00,1790873481.624957,1034,Will the Republican Party win the VA-05 House race?,83253007588985953900662535978265304048199216427463571583210985764316132662845,0.8,100.0,80.0,BUY,-1.0,0.78,0.8,0.79,0.020000000000000018,13.74041199684143,0.78,0.79,0.785,0.010000000000000009,7.545957088470459,0.0050000000000000044,0.015000000000000013,102.07,8768.039999999999,561.85,9588.56,7.545957088470459,0.785,0.785,0.785,0.785,0.785,0.785,0.785,0.785,0.785,0.785,0.7975,0.795,0.795,0.015000000000000013,0.015000000000000013,0.015000000000000013,0.015000000000000013,0.015000000000000013,0.015000000000000013,0.0,0,0,0
2026-10-01T16:51:21.746053+00:00,1790873481.746053,960,Will the Republican Party win the Maine Senate?,2142948285506077695096498341598672159464223074468931276310105532825810210121,0.39,358.0,139.62,BUY,-1.0,0.385,0.39,0.3875,0.0050000000000000044,5.375736951828003,0.4,0.41,0.405,0.009999999999999953,0.6830530166625977,-0.017500000000000016,-0.015000000000000013,9671.98,38953.38,5037.17,39918.95,0.6830530166625977,0.405,0.405,0.405,0.405,0.405,0.405,0.405,0.405,0.405,0.405,0.3875,0.40249999999999997,0.4125,-0.015000000000000013,-0.015000000000000013,-0.015000000000000013,-0.015000000000000013,-0.015000000000000013,-0.015000000000000013,0.0,18,3077.7400000000002,-3865.0
2026-10-01T16:51:22.778072+00:00,1790873482.778072,932,Will the Democratic Party win the TX-15 House race?,6584875983046678011286869107197719818123093254495444235544680527373303971994,0.775,200.0,155.0,SELL,1.0,0.775,0.785,0.78,0.010000000000000009,6.407756090164185,0.79,0.81,0.8,0.020000000000000018,11.732072114944458,-0.020000000000000018,0.025000000000000022,341.66,7499.07,320.23,11557.56,11.732072114944458,0.8,0.8,0.8,0.8,0.8,0.8,0.8,0.8,0.8,0.8,0.78,0.7775000000000001,0.7775000000000001,0.025000000000000022,0.025000000000000022,0.025000000000000022,0.025000000000000022,0.025000000000000022,0.025000000000000022,-0.0,5,1292.895,1647.0
2026-10-01T16:51:24.734815+00:00,1790873484.734815,960,Will the Republican Party win the Maine Senate?,2142948285506077695096498341598672159464223074468931276310105532825810210121,0.405,170.0,68.85000000000001,BUY,-1.0,0.385,0.39,0.3875,0.0050000000000000044,8.364498853683472,0.4,0.41,0.405,0.009999999999999953,3.6718149185180664,-0.017500000000000016,-0.0,9671.98,38953.38,5037.17,39918.95,3.6718149185180664,0.405,0.405,0.405,0.405,0.405,0.405,0.405,0.405,0.405,0.405,0.3875,0.40249999999999997,0.4125,-0.0,-0.0,-0.0,-0.0,-0.0,-0.0,0.0,19,3217.36,-3507.0
2026-10-01T16:51:26.855411+00:00,1790873486.855411,932,Will the Democratic Party win the TX-15 House race?,6584875983046678011286869107197719818123093254495444235544680527373303971994,0.775,198.0,153.45000000000002,SELL,1.0,0.775,0.785,0.78,0.010000000000000009,10.485095024108887,0.79,0.81,0.8,0.020000000000000018,15.80941104888916,-0.020000000000000018,0.025000000000000022,341.66,7499.07,320.23,11557.56,15.80941104888916,0.8,0.8,0.8,0.8,0.8,0.8,0.8,0.8,0.8,0.8,0.78,0.7775000000000001,0.7775000000000001,0.025000000000000022,0.025000000000000022,0.025000000000000022,0.025000000000000022,0.025000000000000022,0.025000000000000022,-0.0,6,1447.895,1447.0
2026-10-01T16:51:30.825667+00:00,1790873490.825667,933,Will the Republican Party win the TX-15 House race?,288881405005644701938669382130096221659404307173045178355284864479406728774,0.21,382.0,80.22,BUY,-1.0,0.2,0.21,0.20500000000000002,0.009999999999999981,14.455350875854492,0.18,0.2,0.19,0.020000000000000018,16.17566680908203,0.015000000000000013,0.01999999999999999,262.87,3494.3199999999997,341.1,9630.91,16.17566680908203,0.19,0.19,0.19,0.19,0.19,0.19,0.19,0.19,0.19,0.185,0.20500000000000002,0.20750000000000002,0.20500000000000002,0.01999999999999999,0.01999999999999999,0.01999999999999999,0.01999999999999999,0.01999999999999999,0.024999999999999994,0.0,0,0,0
2026-10-01T16:51:32.463454+00:00,1790873492.463454,924,Will the Democratic Party win the PA-07 House race?,37713776886536763857380242322222367371582682723176215910322979366716585040762,0.835,53.0,44.254999999999995,SELL,1.0,0.835,0.85,0.8425,0.015000000000000013,16.093137979507446,0.84,0.85,0.845,0.010000000000000009,1.9214539527893066,-0.0024999999999999467,0.010000000000000009,126.17,628.83,100.84,3212.96,22.401453971862793,0.845,0.845,0.845,0.845,0.845,0.845,0.845,0.845,0.845,0.845,0.8425,0.8425,0.845,0.010000000000000009,0.010000000000000009,0.010000000000000009,0.010000000000000009,0.010000000000000009,0.010000000000000009,-0.0,0,0,0
2026-10-01T16:51:32.547956+00:00,1790873492.547956,1039,Will the Republican Party win the WI-01 House race?,89691692433810708662044713280560196245651593280559985593960312638148344324296,0.67,42.0,28.14,BUY,-1.0,0.66,0.67,0.665,0.010000000000000009,24.663410902023315,0.66,0.67,0.665,0.010000000000000009,30.415956020355225,0.0,0.0050000000000000044,6898.75,16557.6,870.04,20632.88,30.415956020355225,0.665,0.665,0.665,0.665,0.665,0.665,0.665,0.665,0.665,0.665,0.6725000000000001,0.6725000000000001,0.6725000000000001,0.0050000000000000044,0.0050000000000000044,0.0050000000000000044,0.0050000000000000044,0.0050000000000000044,0.0050000000000000044,0.0,0,0,0
2026-10-01T16:51:40.929081+00:00,1790873500.929081,960,Will the Republican Party win the Maine Senate?,2142948285506077695096498341598672159464223074468931276310105532825810210121,0.395,936.0,369.72,BUY,-1.0,0.385,0.39,0.3875,0.0050000000000000044,24.558764934539795,0.4,0.41,0.405,0.009999999999999953,8.849081039428711,-0.017500000000000016,-0.010000000000000009,9671.98,38953.38,5037.17,39918.95,19.86608099937439,0.405,0.405,0.405,0.405,0.405,0.405,0.405,0.405,0.405,0.405,0.4,0.40249999999999997,0.415,-0.010000000000000009,-0.010000000000000009,-0.010000000000000009,-0.010000000000000009,-0.010000000000000009,-0.010000000000000009,0.0,19,3282.11,-3327.0
2026-10-01T16:51:40.929081+00:00,1790873500.929081,960,Will the Republican Party win the Maine Senate?,2142948285506077695096498341598672159464223074468931276310105532825810210121,0.39,2000.0,780.0,BUY,-1.0,0.385,0.39,0.3875,0.0050000000000000044,24.558764934539795,0.4,0.41,0.405,0.009999999999999953,8.849081039428711,-0.017500000000000016,-0.015000000000000013,9671.98,38953.38,5037.17,39918.95,19.86608099937439,0.405,0.405,0.405,0.405,0.405,0.405,0.405,0.405,0.405,0.405,0.4,0.40249999999999997,0.415,-0.015000000000000013,-0.015000000000000013,-0.015000000000000013,-0.015000000000000013,-0.015000000000000013,-0.015000000000000013,0.0,20,3651.83,-2391.0
2026-10-01T16:51:40.929081+00:00,1790873500.929081,960,Will the Republican Party win the Maine Senate?,2142948285506077695096498341598672159464223074468931276310105532825810210121,0.39,2000.0,780.0,BUY,-1.0,0.385,0.39,0.3875,0.0050000000000000044,24.558764934539795,0.4,0.41,0.405,0.009999999999999953,8.849081039428711,-0.017500000000000016,-0.015000000000000013,9671.98,38953.38,5037.17,39918.95,19.86608099937439,0.405,0.405,0.405,0.405,0.405,0.405,0.405,0.405,0.405,0.405,0.4,0.40249999999999997,0.415,-0.015000000000000013,-0.015000000000000013,-0.015000000000000013,-0.015000000000000013,-0.015000000000000013,-0.015000000000000013,0.0,21,4431.83,-391.0
2026-10-01T16:51:40.929081+00:00,1790873500.929081,960,Will the Republican Party win the Maine Senate?,2142948285506077695096498341598672159464223074468931276310105532825810210121,0.39,150.0,58.5,BUY,-1.0,0.385,0.39,0.3875,0.0050000000000000044,24.558764934539795,0.4,0.41,0.405,0.009999999999999953,8.849081039428711,-0.017500000000000016,-0.015000000000000013,9671.98,38953.38,5037.17,39918.95,19.86608099937439,0.405,0.405,0.405,0.405,0.405,0.405,0.405,0.405,0.405,0.405,0.4,0.40249999999999997,0.415,-0.015000000000000013,-0.015000000000000013,-0.015000000000000013,-0.015000000000000013,-0.015000000000000013,-0.015000000000000013,0.0,22,5211.83,1609.0
2026-10-01T16:51:40.929081+00:00,1790873500.929081,960,Will the Republican Party win the Maine Senate?,2142948285506077695096498341598672159464223074468931276310105532825810210121,0.385,627.0,241.395,SELL,1.0,0.385,0.39,0.3875,0.0050000000000000044,24.558764934539795,0.4,0.41,0.405,0.009999999999999953,8.849081039428711,-0.017500000000000016,0.020000000000000018,9671.98,38953.38,5037.17,39918.95,19.86608099937439,0.405,0.405,0.405,0.405,0.405,0.405,0.405,0.405,0.405,0.405,0.4,0.40249999999999997,0.415,0.020000000000000018,0.020000000000000018,0.020000000000000018,0.020000000000000018,0.020000000000000018,0.020000000000000018,-0.0,23,5270.33,1759.0
2026-10-01T16:51:40.929081+00:00,1790873500.929081,960,Will the Republican Party win the Maine Senate?,2142948285506077695096498341598672159464223074468931276310105532825810210121,0.385,125.0,48.125,SELL,1.0,0.385,0.39,0.3875,0.0050000000000000044,24.558764934539795,0.4,0.41,0.405,0.009999999999999953,8.849081039428711,-0.017500000000000016,0.020000000000000018,9671.98,38953.38,5037.17,39918.95,19.86608099937439,0.405,0.405,0.405,0.405,0.405,0.405,0.405,0.405,0.405,0.405,0.4,0.40249999999999997,0.415,0.020000000000000018,0.020000000000000018,0.020000000000000018,0.020000000000000018,0.020000000000000018,0.020000000000000018,-0.0,24,5511.725,1132.0
2026-10-01T16:51:40.929081+00:00,1790873500.929081,960,Will the Republican Party win the Maine Senate?,2142948285506077695096498341598672159464223074468931276310105532825810210121,0.375,944.0,354.0,SELL,1.0,0.385,0.39,0.3875,0.0050000000000000044,24.558764934539795,0.4,0.41,0.405,0.009999999999999953,8.849081039428711,-0.017500000000000016,0.030000000000000027,9671.98,38953.38,5037.17,39918.95,19.86608099937439,0.405,0.405,0.405,0.405,0.405,0.405,0.405,0.405,0.405,0.405,0.4,0.40249999999999997,0.415,0.030000000000000027,0.030000000000000027,0.030000000000000027,0.030000000000000027,0.030000000000000027,0.030000000000000027,-0.0,25,5559.85,1007.0
2026-10-01T16:51:40.929081+00:00,1790873500.929081,960,Will the Republican Party win the Maine Senate?,2142948285506077695096498341598672159464223074468931276310105532825810210121,0.37,137.0,50.69,SELL,1.0,0.385,0.39,0.3875,0.0050000000000000044,24.558764934539795,0.4,0.41,0.405,0.009999999999999953,8.849081039428711,-0.017500000000000016,0.03500000000000003,9671.98,38953.38,5037.17,39918.95,19.86608099937439,0.405,0.405,0.405,0.405,0.405,0.405,0.405,0.405,0.405,0.405,0.4,0.40249999999999997,0.415,0.03500000000000003,0.03500000000000003,0.03500000000000003,0.03500000000000003,0.03500000000000003,0.03500000000000003,-0.0,26,5913.85,63.0
2026-10-01T16:51:40.929081+00:00,1790873500.929081,960,Will the Republican Party win the Maine Senate?,2142948285506077695096498341598672159464223074468931276310105532825810210121,0.37,33.0,12.209999999999999,SELL,1.0,0.385,0.39,0.3875,0.0050000000000000044,24.558764934539795,0.4,0.41,0.405,0.009999999999999953,8.849081039428711,-0.017500000000000016,0.03500000000000003,9671.98,38953.38,5037.17,39918.95,19.86608099937439,0.405,0.405,0.405,0.405,0.405,0.405,0.405,0.405,0.405,0.405,0.4,0.40249999999999997,0.415,0.03500000000000003,0.03500000000000003,0.03500000000000003,0.03500000000000003,0.03500000000000003,0.03500000000000003,-0.0,27,5964.54,-74.0
2026-10-01T16:51:40.929081+00:00,1790873500.929081,960,Will the Republican Party win the Maine Senate?,2142948285506077695096498341598672159464223074468931276310105532825810210121,0.36,7499.0,2699.64,SELL,1.0,0.385,0.39,0.3875,0.0050000000000000044,24.558764934539795,0.4,0.41,0.405,0.009999999999999953,8.849081039428711,-0.017500000000000016,0.04500000000000004,9671.98,38953.38,5037.17,39918.95,19.86608099937439,0.405,0.405,0.405,0.405,0.405,0.405,0.405,0.405,0.405,0.405,0.4,0.40249999999999997,0.415,0.04500000000000004,0.04500000000000004,0.04500000000000004,0.04500000000000004,0.04500000000000004,0.04500000000000004,-0.0,28,5976.75,-107.0
2026-10-01T16:51:43.368194+00:00,1790873503.368194,923,Will the Republican Party win the PA-01 House race?,108230243496498344855407302843123554399616537057761543327780472018667198839068,0.64,533.0,341.12,SELL,1.0,0.64,0.655,0.6475,0.015000000000000013,26.997878074645996,0.65,0.66,0.655,0.010000000000000009,3.106194019317627,-0.007500000000000062,0.015000000000000013,809.21,18886.629999999997,702.21,12984.85,38.283194065093994,0.655,0.655,0.655,0.655,0.655,0.655,0.655,0.655,0.655,0.655,0.6475,0.6475,0.6475,0.015000000000000013,0.015000000000000013,0.015000000000000013,0.015000000000000013,0.015000000000000013,0.015000000000000013,-0.0,0,0,0
2026-10-01T16:51:43.368194+00:00,1790873503.368194,923,Will the Republican Party win the PA-01 House race?,108230243496498344855407302843123554399616537057761543327780472018667198839068,0.64,25.0,16.0,SELL,1.0,0.64,0.655,0.6475,0.015000000000000013,26.997878074645996,0.65,0.66,0.655,0.010000000000000009,3.106194019317627,-0.007500000000000062,0.015000000000000013,809.21,18886.629999999997,702.21,12984.85,38.283194065093994,0.655,0.655,0.655,0.655,0.655,0.655,0.655,0.655,0.655,0.655,0.6475,0.6475,0.6475,0.015000000000000013,0.015000000000000013,0.015000000000000013,0.015000000000000013,0.015000000000000013,0.015000000000000013,-0.0,1,341.12,-533.0
2026-10-01T16:51:44.323402+00:00,1790873504.323402,960,Will the Republican Party win the Maine Senate?,2142948285506077695096498341598672159464223074468931276310105532825810210121,0.41,312.0,127.91999999999999,BUY,-1.0,0.385,0.39,0.3875,0.0050000000000000044,27.953085899353027,0.4,0.41,0.405,0.009999999999999953,12.243402004241943,-0.017500000000000016,0.004999999999999949,9671.98,38953.38,5037.17,39918.95,23.260401964187622,0.405,0.405,0.405,0.405,0.405,0.405,0.405,0.405,0.405,0.405,0.4,0.40249999999999997,0.415,0.004999999999999949,0.004999999999999949,0.004999999999999949,0.004999999999999949,0.004999999999999949,0.004999999999999949,0.0,29,8676.39,-7606.0
2026-10-01T16:51:47.097372+00:00,1790873507.097372,959,Will the Democratic Party win the Maine Senate?,7589880081658059374445882095611024032084645048848237404312287942463647821549,0.595,125.0,74.375,BUY,-1.0,0.575,0.6,0.5874999999999999,0.025000000000000022,30.72705602645874,0.58,0.59,0.585,0.010000000000000009,2.5033719539642334,0.0024999999999999467,0.010000000000000009,1984.04,19840.41,1000.63,78017.0,30.22137212753296,0.585,0.585,0.585,0.585,0.585,0.585,0.585,0.585,0.585,0.585,0.59,0.59,0.5825,0.010000000000000009,0.010000000000000009,0.010000000000000009,0.010000000000000009,0.010000000000000009,0.010000000000000009,0.0,1,907.1999999999999,-1512.0
2026-10-01T16:51:47.097372+00:00,1790873507.097372,959,Will the Democratic Party win the Maine Senate?,7589880081658059374445882095611024032084645048848237404312287942463647821549,0.6,2551.0,1530.6,BUY,-1.0,0.575,0.6,0.5874999999999999,0.025000000000000022,30.72705602645874,0.58,0.59,0.585,0.010000000000000009,2.5033719539642334,0.0024999999999999467,0.015000000000000013,1984.04,19840.41,1000.63,78017.0,30.22137212753296,0.585,0.585,0.585,0.585,0.585,0.585,0.585,0.585,0.585,0.585,0.59,0.59,0.5825,0.015000000000000013,0.015000000000000013,0.015000000000000013,0.015000000000000013,0.015000000000000013,0.015000000000000013,0.0,2,981.5749999999999,-1387.0
2026-10-01T16:51:47.097372+00:00,1790873507.097372,959,Will the Democratic Party win the Maine Senate?,7589880081658059374445882095611024032084645048848237404312287942463647821549,0.6,100.0,60.0,BUY,-1.0,0.575,0.6,0.5874999999999999,0.025000000000000022,30.72705602645874,0.58,0.59,0.585,0.010000000000000009,2.5033719539642334,0.0024999999999999467,0.015000000000000013,1984.04,19840.41,1000.63,78017.0,30.22137212753296,0.585,0.585,0.585,0.585,0.585,0.585,0.585,0.585,0.585,0.585,0.59,0.59,0.5825,0.015000000000000013,0.015000000000000013,0.015000000000000013,0.015000000000000013,0.015000000000000013,0.015000000000000013,0.0,3,2512.1749999999997,1164.0
2026-10-01T16:51:47.097372+00:00,1790873507.097372,959,Will the Democratic Party win the Maine Senate?,7589880081658059374445882095611024032084645048848237404312287942463647821549,0.605,200.0,121.0,BUY,-1.0,0.575,0.6,0.5874999999999999,0.025000000000000022,30.72705602645874,0.58,0.59,0.585,0.010000000000000009,2.5033719539642334,0.0024999999999999467,0.020000000000000018,1984.04,19840.41,1000.63,78017.0,30.22137212753296,0.585,0.585,0.585,0.585,0.585,0.585,0.585,0.585,0.585,0.585,0.59,0.59,0.5825,0.020000000000000018,0.020000000000000018,0.020000000000000018,0.020000000000000018,0.020000000000000018,0.020000000000000018,0.0,4,2572.1749999999997,1264.0
2026-10-01T16:51:47.097372+00:00,1790873507.097372,959,Will the Democratic Party win the Maine Senate?,7589880081658059374445882095611024032084645048848237404312287942463647821549,0.605,1109.0,670.9449999999999,BUY,-1.0,0.575,0.6,0.5874999999999999,0.025000000000000022,30.72705602645874,0.58,0.59,0.585,0.010000000000000009,2.5033719539642334,0.0024999999999999467,0.020000000000000018,1984.04,19840.41,1000.63,78017.0,30.22137212753296,0.585,0.585,0.585,0.585,0.585,0.585,0.585,0.585,0.585,0.585,0.59,0.59,0.5825,0.020000000000000018,0.020000000000000018,0.020000000000000018,0.020000000000000018,0.020000000000000018,0.020000000000000018,0.0,5,2693.1749999999997,1464.0
2026-10-01T16:51:53.144942+00:00,1790873513.144942,932,Will the Democratic Party win the TX-15 House race?,6584875983046678011286869107197719818123093254495444235544680527373303971994,0.775,100.0,77.5,SELL,1.0,0.775,0.785,0.78,0.010000000000000009,2.2158260345458984,0.79,0.81,0.8,0.020000000000000018,3.7489421367645264,-0.020000000000000018,0.025000000000000022,341.66,7499.07,320.23,11557.56,42.098942041397095,0.8,0.8,0.8,0.8,0.8,0.8,0.8,0.8,0.8,0.8,0.78,0.7775000000000001,0.775,0.025000000000000022,0.025000000000000022,0.025000000000000022,0.025000000000000022,0.025000000000000022,0.025000000000000022,-0.0,6,1208.845,749.0
2026-10-01T16:51:53.144942+00:00,1790873513.144942,932,Will the Democratic Party win the TX-15 House race?,6584875983046678011286869107197719818123093254495444235544680527373303971994,0.775,129.0,99.97500000000001,SELL,1.0,0.775,0.785,0.78,0.010000000000000009,2.2158260345458984,0.79,0.81,0.8,0.020000000000000018,3.7489421367645264,-0.020000000000000018,0.025000000000000022,341.66,7499.07,320.23,11557.56,42.098942041397095,0.8,0.8,0.8,0.8,0.8,0.8,0.8,0.8,0.8,0.8,0.78,0.7775000000000001,0.775,0.025000000000000022,0.025000000000000022,0.025000000000000022,0.025000000000000022,0.025000000000000022,0.025000000000000022,-0.0,7,1286.345,649.0
2026-10-01T16:51:53.144942+00:00,1790873513.144942,932,Will the Democratic Party win the TX-15 House race?,6584875983046678011286869107197719818123093254495444235544680527373303971994,0.77,271.0,208.67000000000002,SELL,1.0,0.775,0.785,0.78,0.010000000000000009,2.2158260345458984,0.79,0.81,0.8,0.020000000000000018,3.7489421367645264,-0.020000000000000018,0.030000000000000027,341.66,7499.07,320.23,11557.56,42.098942041397095,0.8,0.8,0.8,0.8,0.8,0.8,0.8,0.8,0.8,0.8,0.78,0.7775000000000001,0.775,0.030000000000000027,0.030000000000000027,0.030000000000000027,0.030000000000000027,0.030000000000000027,0.030000000000000027,-0.0,8,1386.32,520.0
2026-10-01T16:51:54.120757+00:00,1790873514.120757,889,Will the Republican Party win the AZ-06 House race?,91134056361940201893494305153220998213627095877115808251230716593928688430751,0.165,23.0,3.7950000000000004,BUY,-1.0,0.155,0.165,0.16,0.010000000000000009,3.191641092300415,0.17,0.18,0.175,0.009999999999999981,19.154757022857666,-0.014999999999999986,-0.009999999999999981,1125.05,2951.76,5366.19,13147.69,45.78775715827942,0.175,0.175,0.175,0.175,0.175,0.175,0.175,0.175,0.175,0.175,0.16,0.1625,0.1675,-0.009999999999999981,-0.009999999999999981,-0.009999999999999981,-0.009999999999999981,-0.009999999999999981,-0.009999999999999981,0.0,0,0,0
2026-10-01T16:51:56.352183+00:00,1790873516.352183,1019,Will the Democratic Party win the MI-07 House race?,28428563408232158641020832230598845099279456308678642815367173717175353290703,0.59,102.0,60.18,BUY,-1.0,0.575,0.59,0.5825,0.015000000000000013,21.994603157043457,0.56,0.57,0.565,0.009999999999999898,8.78018307685852,0.01750000000000007,0.025000000000000022,769.28,4176.09,6269.27,22928.14,72.3521831035614,0.565,0.565,0.565,0.565,0.565,0.565,0.565,0.565,0.565,0.565,0.5874999999999999,0.585,0.575,0.025000000000000022,0.025000000000000022,0.025000000000000022,0.025000000000000022,0.025000000000000022,0.025000000000000022,0.0,0,0,0
2026-10-01T16:51:56.352183+00:00,1790873516.352183,1019,Will the Democratic Party win the MI-07 House race?,28428563408232158641020832230598845099279456308678642815367173717175353290703,0.595,50.0,29.75,BUY,-1.0,0.575,0.59,0.5825,0.015000000000000013,21.994603157043457,0.56,0.57,0.565,0.009999999999999898,8.78018307685852,0.01750000000000007,0.030000000000000027,769.28,4176.09,6269.27,22928.14,72.3521831035614,0.565,0.565,0.565,0.565,0.565,0.565,0.565,0.565,0.565,0.565,0.5874999999999999,0.585,0.575,0.030000000000000027,0.030000000000000027,0.030000000000000027,0.030000000000000027,0.030000000000000027,0.030000000000000027,0.0,1,60.18,102.0
2026-10-01T16:51:56.352183+00:00,1790873516.352183,1019,Will the Democratic Party win the MI-07 House race?,28428563408232158641020832230598845099279456308678642815367173717175353290703,0.595,200.0,119.0,BUY,-1.0,0.575,0.59,0.5825,0.015000000000000013,21.994603157043457,0.56,0.57,0.565,0.009999999999999898,8.78018307685852,0.01750000000000007,0.030000000000000027,769.28,4176.09,6269.27,22928.14,72.3521831035614,0.565,0.565,0.565,0.565,0.565,0.565,0.565,0.565,0.565,0.565,0.5874999999999999,0.585,0.575,0.030000000000000027,0.030000000000000027,0.030000000000000027,0.030000000000000027,0.030000000000000027,0.030000000000000027,0.0,2,89.93,152.0
2026-10-01T16:51:56.352183+00:00,1790873516.352183,1019,Will the Democratic Party win the MI-07 House race?,28428563408232158641020832230598845099279456308678642815367173717175353290703,0.595,200.0,119.0,BUY,-1.0,0.575,0.59,0.5825,0.015000000000000013,21.994603157043457,0.56,0.57,0.565,0.009999999999999898,8.78018307685852,0.01750000000000007,0.030000000000000027,769.28,4176.09,6269.27,22928.14,72.3521831035614,0.565,0.565,0.565,0.565,0.565,0.565,0.565,0.565,0.565,0.565,0.5874999999999999,0.585,0.575,0.030000000000000027,0.030000000000000027,0.030000000000000027,0.030000000000000027,0.030000000000000027,0.030000000000000027,0.0,3,208.93,352.0
2026-10-01T16:51:56.352183+00:00,1790873516.352183,1019,Will the Democratic Party win the MI-07 House race?,28428563408232158641020832230598845099279456308678642815367173717175353290703,0.605,115.0,69.575,BUY,-1.0,0.575,0.59,0.5825,0.015000000000000013,21.994603157043457,0.56,0.57,0.565,0.009999999999999898,8.78018307685852,0.01750000000000007,0.040000000000000036,769.28,4176.09,6269.27,22928.14,72.3521831035614,0.565,0.565,0.565,0.565,0.565,0.565,0.565,0.565,0.565,0.565,0.5874999999999999,0.585,0.575,0.040000000000000036,0.040000000000000036,0.040000000000000036,0.040000000000000036,0.040000000000000036,0.040000000000000036,0.0,4,327.93,552.0
2026-10-01T16:51:58.611982+00:00,1790873518.611982,1037,Will the Republican Party win the WA-03 House race?,11450408400059654095752682163375174616927289912740528299907491682505834882757,0.10499999999999998,343.0,36.01499999999999,BUY,-1.0,0.085,0.105,0.095,0.01999999999999999,24.25440216064453,0.08,0.09,0.08499999999999999,0.009999999999999995,0.7929821014404297,0.010000000000000009,0.01999999999999999,106.04,5543.35,6957.24,14733.68,0.7929821014404297,0.08499999999999999,0.08499999999999999,0.08499999999999999,0.08499999999999999,0.08499999999999999,0.08499999999999999,0.08499999999999999,0.08499999999999999,0.08499999999999999,0.08499999999999999,0.1,0.095,0.10250000000000001,0.01999999999999999,0.01999999999999999,0.01999999999999999,0.01999999999999999,0.01999999999999999,0.01999999999999999,0.0,0,0,0
2026-10-01T16:51:59.383817+00:00,1790873519.383817,932,Will the Democratic Party win the TX-15 House race?,6584875983046678011286869107197719818123093254495444235544680527373303971994,0.785,500.0,392.5,BUY,-1.0,0.775,0.785,0.78,0.010000000000000009,8.454700946807861,0.79,0.81,0.8,0.020000000000000018,1.3838169574737549,-0.020000000000000018,-0.015000000000000013,341.66,7499.07,320.23,11557.56,48.33781695365906,0.8,0.8,0.8,0.8,0.8,0.8,0.8,0.8,0.8,0.8,0.7775000000000001,0.7775000000000001,0.775,-0.015000000000000013,-0.015000000000000013,-0.015000000000000013,-0.015000000000000013,-0.015000000000000013,-0.015000000000000013,0.0,8,1295.1200000000001,-133.0
2026-10-01T16:52:01.973198+00:00,1790873521.973198,932,Will the Democratic Party win the TX-15 House race?,6584875983046678011286869107197719818123093254495444235544680527373303971994,0.785,129.0,101.265,BUY,-1.0,0.775,0.785,0.78,0.010000000000000009,11.044081926345825,0.79,0.81,0.8,0.020000000000000018,3.9731979370117188,-0.020000000000000018,-0.015000000000000013,341.66,7499.07,320.23,11557.56,50.92719793319702,0.8,0.8,0.8,0.8,0.8,0.8,0.8,0.8,0.8,0.8,0.7775000000000001,0.7775000000000001,0.775,-0.015000000000000013,-0.015000000000000013,-0.015000000000000013,-0.015000000000000013,-0.015000000000000013,-0.015000000000000013,0.0,9,1687.6200000000001,367.0
2026-10-01T16:52:02.511457+00:00,1790873522.511457,960,Will the Republican Party win the Maine Senate?,2142948285506077695096498341598672159464223074468931276310105532825810210121,0.395,25.0,9.875,SELL,1.0,0.39,0.41,0.4,0.019999999999999962,11.582340955734253,0.4,0.41,0.405,0.009999999999999953,30.431457042694092,-0.0050000000000000044,0.010000000000000009,9671.98,38953.38,5037.17,39918.95,41.44845700263977,0.405,0.405,0.405,0.405,0.405,0.405,0.405,0.405,0.405,0.405,0.40249999999999997,0.40249999999999997,0.415,0.010000000000000009,0.010000000000000009,0.010000000000000009,0.010000000000000009,0.010000000000000009,0.010000000000000009,-0.0,19,7547.64,-4110.0
2026-10-01T16:52:04.506441+00:00,1790873524.506441,932,Will the Democratic Party win the TX-15 House race?,6584875983046678011286869107197719818123093254495444235544680527373303971994,0.785,129.0,101.265,BUY,-1.0,0.775,0.785,0.78,0.010000000000000009,13.577325105667114,0.79,0.81,0.8,0.020000000000000018,6.506441116333008,-0.020000000000000018,-0.015000000000000013,341.66,7499.07,320.23,11557.56,53.46044111251831,0.8,0.8,0.8,0.8,0.8,0.8,0.8,0.8,0.8,0.8,0.7775000000000001,0.7825,0.775,-0.015000000000000013,-0.015000000000000013,-0.015000000000000013,-0.015000000000000013,-0.015000000000000013,-0.015000000000000013,0.0,10,1788.885,496.0
2026-10-01T16:52:06.014343+00:00,1790873526.014343,969,Will the Independent Party win the Nebraska Senate?,47975366268282823322598946778919483335780002591367838795894307024076579116518,0.285,3.0,0.855,BUY,-1.0,0.27,0.285,0.27749999999999997,0.014999999999999958,14.615112066268921,0.3,0.31,0.305,0.010000000000000009,0.2773430347442627,-0.027500000000000024,-0.020000000000000018,3284.93,27971.2,59721.01,165131.73,44.338342905044556,0.305,0.305,0.305,0.305,0.305,0.305,0.305,0.305,0.305,0.305,0.27749999999999997,0.27749999999999997,0.27749999999999997,-0.020000000000000018,-0.020000000000000018,-0.020000000000000018,-0.020000000000000018,-0.020000000000000018,-0.020000000000000018,0.0,0,0,0
2026-10-01T16:52:06.476679+00:00,1790873526.476679,889,Will the Republican Party win the AZ-06 House race?,91134056361940201893494305153220998213627095877115808251230716593928688430751,0.165,3.0,0.495,BUY,-1.0,0.155,0.165,0.16,0.010000000000000009,15.547563076019287,0.17,0.18,0.175,0.009999999999999981,2.5586791038513184,-0.014999999999999986,-0.009999999999999981,1085.05,2911.76,5326.19,13107.69,2.5586791038513184,0.175,0.175,0.175,0.175,0.175,0.175,0.175,0.175,0.175,0.175,0.16,0.1625,0.165,-0.009999999999999981,-0.009999999999999981,-0.009999999999999981,-0.009999999999999981,-0.009999999999999981,-0.009999999999999981,0.0,1,3.7950000000000004,23.0
2026-10-01T16:52:07.639200+00:00,1790873527.6392,1021,Will the Democratic Party win the MI-10 House race?,75685534826787951976275953631896177236439299709473517876953614908104349066066,0.655,21.0,13.755,SELL,1.0,0.655,0.66,0.6575,0.0050000000000000044,5.341233015060425,0.65,0.66,0.655,0.010000000000000009,29.78119993209839,0.0024999999999999467,0.0,1483.7,5935.280000000001,1771.07,22781.45,29.78119993209839,0.655,0.655,0.655,0.655,0.655,0.655,0.655,0.655,0.655,0.655,0.6575,0.6575,0.65,0.0,0.0,0.0,0.0,0.0,0.0,-0.0,0,0,0
2026-10-01T16:52:10.129747+00:00,1790873530.129747,1033,Will the Democratic Party win the VA-05 House race?,30424541292784877350495001354252975055952568624850695789713995653053526735723,0.215,100.0,21.5,SELL,1.0,0.215,0.23,0.2225,0.015000000000000013,7.831779956817627,0.22,0.23,0.225,0.010000000000000009,3.4977469444274902,-0.0025000000000000022,0.010000000000000009,200.09,5813.34,6476.31,10848.76,3.4977469444274902,0.225,0.225,0.225,0.225,0.225,0.225,0.225,0.225,0.225,0.225,0.2225,0.2225,0.22,0.010000000000000009,0.010000000000000009,0.010000000000000009,0.010000000000000009,0.010000000000000009,0.010000000000000009,-0.0,0,0,0
2026-10-01T16:52:10.437816+00:00,1790873530.437816,1038,Will the Democratic Party win the WI-01 House race?,27864379735636967187061174592974985530606192477476602134082994654383977817622,0.32999999999999996,200.0,65.99999999999999,BUY,-1.0,0.325,0.33,0.3275,0.0050000000000000044,8.139848947525024,0.33,0.34,0.335,0.010000000000000009,41.327816009521484,-0.007500000000000007,-0.00500000000000006,3750.7,26785.02,5078.19,27951.89,41.327816009521484,0.335,0.335,0.335,0.335,0.335,0.335,0.335,0.335,0.335,0.335,0.3275,0.3275,0.3275,-0.00500000000000006,-0.00500000000000006,-0.00500000000000006,-0.00500000000000006,-0.00500000000000006,-0.00500000000000006,0.0,0,0,0
2026-10-01T16:52:10.522718+00:00,1790873530.522718,932,Will the Democratic Party win the TX-15 House race?,6584875983046678011286869107197719818123093254495444235544680527373303971994,0.785,129.0,101.265,BUY,-1.0,0.775,0.785,0.78,0.010000000000000009,19.593601942062378,0.79,0.81,0.8,0.020000000000000018,0.9417178630828857,-0.020000000000000018,-0.015000000000000013,341.66,7499.07,320.23,11557.56,59.476717948913574,0.8,0.8,0.8,0.8,0.8,0.8,0.8,0.8,0.8,0.8,0.7775000000000001,0.7825,0.775,-0.015000000000000013,-0.015000000000000013,-0.015000000000000013,-0.015000000000000013,-0.015000000000000013,-0.015000000000000013,0.0,10,1590.28,243.0
2026-10-01T16:52:11.768839+00:00,1790873531.768839,895,Will the Republican Party win the CO-03 House race?,50051241364929222895693566081605692346197807854055532008099278772035698770870,0.705,500.0,352.5,SELL,1.0,0.705,0.73,0.7175,0.025000000000000022,1.0550498962402344,0.73,0.75,0.74,0.020000000000000018,0.8268389701843262,-0.022499999999999964,0.03500000000000003,490.0,12752.82,468.0,12629.76,50.96683883666992,0.74,0.74,0.74,0.74,0.74,0.74,0.74,0.74,0.74,0.74,0.7175,0.715,0.7124999999999999,0.03500000000000003,0.03500000000000003,0.03500000000000003,0.03500000000000003,0.03500000000000003,0.03500000000000003,-0.0,0,0,0
2026-10-01T16:52:11.971436+00:00,1790873531.971436,1077,Will the Republican Party win the Rhode Island Senate?,34189052194715415717712638492295939369730261135279818111658380308037908103272,0.030000000000000027,50.0,1.5000000000000013,BUY,-1.0,0.005,0.03,0.017499999999999998,0.024999999999999998,9.673469066619873,0.003,0.012,0.0075,0.009000000000000001,5.932435989379883,0.009999999999999998,0.022500000000000027,140.0,653.0,25.1,202.9,53.92343592643738,0.0075,0.0075,0.0075,0.0075,0.0075,0.0075,0.0075,0.0075,0.0075,0.0075,0.017499999999999998,0.017499999999999998,0.0175,0.022500000000000027,0.022500000000000027,0.022500000000000027,0.022500000000000027,0.022500000000000027,0.022500000000000027,0.0,0,0,0
2026-10-01T16:52:14.700050+00:00,1790873534.70005,932,Will the Democratic Party win the TX-15 House race?,6584875983046678011286869107197719818123093254495444235544680527373303971994,0.785,382.0,299.87,BUY,-1.0,0.77,0.785,0.7775000000000001,0.015000000000000013,3.9862611293792725,0.79,0.81,0.8,0.020000000000000018,5.119050025939941,-0.022499999999999964,-0.015000000000000013,341.66,7499.07,320.23,11557.56,63.65405011177063,0.8,0.8,0.8,0.8,0.8,0.8,0.8,0.8,0.8,0.8,0.7775000000000001,0.7825,0.775,-0.015000000000000013,-0.015000000000000013,-0.015000000000000013,-0.015000000000000013,-0.015000000000000013,-0.015000000000000013,0.0,10,1690.76,371.0
2026-10-01T16:52:16.548515+00:00,1790873536.548515,960,Will the Republican Party win the Maine Senate?,2142948285506077695096498341598672159464223074468931276310105532825810210121,0.395,278.0,109.81,SELL,1.0,0.395,0.41,0.40249999999999997,0.014999999999999958,5.834726095199585,0.4,0.41,0.405,0.009999999999999953,4.4315149784088135,-0.0025000000000000577,0.010000000000000009,9671.98,38953.38,5037.17,50547.95,4.4315149784088135,0.405,0.405,0.405,0.405,0.405,0.405,0.405,0.405,0.405,0.405,0.40249999999999997,0.40249999999999997,0.415,0.010000000000000009,0.010000000000000009,0.010000000000000009,0.010000000000000009,0.010000000000000009,0.010000000000000009,-0.0,17,6883.985,-2408.0
2026-10-01T16:52:24.089982+00:00,1790873544.089982,980,Will the Democratic Party win the South Dakota Senate?,67967023811721834738685695249992484419619114809767608640505747182577663027691,0.045,297.0,13.365,BUY,-1.0,0.005,0.045,0.024999999999999998,0.04,32.69075107574463,0.001,0.002,0.0015,0.001,53.022982120513916,0.023499999999999997,0.0435,13472.26,13472.26,1824.98,2256.34,53.022982120513916,0.0015,0.0015,0.0015,0.0015,0.0015,0.0015,0.0015,0.0015,0.0015,0.0015,0.017499999999999998,0.017499999999999998,0.015,0.0435,0.0435,0.0435,0.0435,0.0435,0.0435,0.0,0,0,0
2026-10-01T16:52:25.664548+00:00,1790873545.664548,960,Will the Republican Party win the Maine Senate?,2142948285506077695096498341598672159464223074468931276310105532825810210121,0.395,600.0,237.0,SELL,1.0,0.395,0.41,0.40249999999999997,0.014999999999999958,14.950758934020996,0.4,0.41,0.405,0.009999999999999953,13.547547817230225,-0.0025000000000000577,0.010000000000000009,9671.98,38953.38,5037.17,50547.95,13.547547817230225,0.405,0.405,0.405,0.405,0.405,0.405,0.405,0.405,0.405,0.405,0.40249999999999997,0.4075,0.415,0.010000000000000009,0.010000000000000009,0.010000000000000009,0.010000000000000009,0.010000000000000009,0.010000000000000009,-0.0,13,5641.885,-4270.0
2026-10-01T16:52:26.516114+00:00,1790873546.516114,1039,Will the Republican Party win the WI-01 House race?,89691692433810708662044713280560196245651593280559985593960312638148344324296,0.675,1.0,0.675,BUY,-1.0,0.67,0.675,0.6725000000000001,0.0050000000000000044,24.218147039413452,0.66,0.67,0.665,0.010000000000000009,47.6841139793396,0.007500000000000062,0.010000000000000009,6898.75,16557.6,870.04,20632.88,47.6841139793396,0.665,0.665,0.665,0.665,0.665,0.665,0.665,0.665,0.665,0.665,0.6725000000000001,0.6725000000000001,0.6799999999999999,0.010000000000000009,0.010000000000000009,0.010000000000000009,0.010000000000000009,0.010000000000000009,0.010000000000000009,0.0,1,28.14,42.0
2026-10-01T16:52:26.516114+00:00,1790873546.516114,1038,Will the Democratic Party win the WI-01 House race?,27864379735636967187061174592974985530606192477476602134082994654383977817622,0.33,1.0,0.33,BUY,-1.0,0.325,0.33,0.3275,0.0050000000000000044,24.218147039413452,0.33,0.34,0.335,0.010000000000000009,1.5721139907836914,-0.007500000000000007,-0.0050000000000000044,3750.7,26785.02,5078.19,27951.89,57.40611410140991,0.335,0.335,0.335,0.335,0.335,0.335,0.335,0.335,0.335,0.335,0.3275,0.3275,0.3275,-0.0050000000000000044,-0.0050000000000000044,-0.0050000000000000044,-0.0050000000000000044,-0.0050000000000000044,-0.0050000000000000044,0.0,1,65.99999999999999,200.0
2026-10-01T16:52:34.247886+00:00,1790873554.247886,932,Will the Democratic Party win the TX-15 House race?,6584875983046678011286869107197719818123093254495444235544680527373303971994,0.785,129.0,101.265,BUY,-1.0,0.77,0.785,0.7775000000000001,0.015000000000000013,23.53409695625305,0.79,0.81,0.8,0.020000000000000018,14.264885902404785,-0.022499999999999964,-0.015000000000000013,382.66,7511.0599999999995,320.23,11486.83,14.264885902404785,0.8,0.8,0.8,0.8,0.8,0.8,0.8,0.8,0.8,0.8,0.7775000000000001,0.7825,0.7775000000000001,-0.015000000000000013,-0.015000000000000013,-0.015000000000000013,-0.015000000000000013,-0.015000000000000013,-0.015000000000000013,0.0,8,1382.31,769.0
2026-10-01T16:52:36.822518+00:00,1790873556.822518,1031,Will the Democratic Party win the VA-01 House race?,88628412725357801969852238315853152041907755032296775468463465337049299853893,0.515,25.0,12.875,SELL,1.0,0.515,0.52,0.5175000000000001,0.0050000000000000044,34.52455115318298,0.52,0.53,0.525,0.010000000000000009,0.980518102645874,-0.007499999999999951,0.010000000000000009,1027.35,1769.55,200.0,1773.09,13.445518016815186,0.53,0.525,0.525,0.525,0.525,0.525,0.525,0.525,0.525,0.525,0.5175000000000001,0.5175000000000001,0.505,0.010000000000000009,0.010000000000000009,0.010000000000000009,0.010000000000000009,0.010000000000000009,0.010000000000000009,-0.0,0,0,0
2026-10-01T16:52:39.042871+00:00,1790873559.042871,895,Will the Republican Party win the CO-03 House race?,50051241364929222895693566081605692346197807854055532008099278772035698770870,0.705,26.0,18.33,SELL,1.0,0.705,0.73,0.7175,0.025000000000000022,28.329082012176514,0.73,0.75,0.74,0.020000000000000018,0.18287110328674316,-0.022499999999999964,0.03500000000000003,390.0,12644.82,468.0,11828.96,17.49587106704712,0.74,0.74,0.74,0.74,0.74,0.74,0.74,0.74,0.74,0.74,0.7024999999999999,0.715,0.7124999999999999,0.03500000000000003,0.03500000000000003,0.03500000000000003,0.03500000000000003,0.03500000000000003,0.03500000000000003,-0.0,1,352.5,-500.0
2026-10-01T16:52:40.197123+00:00,1790873560.197123,1077,Will the Republican Party win the Rhode Island Senate?,34189052194715415717712638492295939369730261135279818111658380308037908103272,0.005,50.0,0.25,SELL,1.0,0.005,0.03,0.017499999999999998,0.024999999999999998,37.89915609359741,0.003,0.012,0.0075,0.009000000000000001,16.89012312889099,0.009999999999999998,0.0024999999999999996,140.0,653.0,25.1,237.9,16.89012312889099,0.0075,0.0075,0.0075,0.0075,0.0075,0.0075,0.0075,0.0075,0.0075,0.0075,0.017499999999999998,0.017499999999999998,0.0175,0.0024999999999999996,0.0024999999999999996,0.0024999999999999996,0.0024999999999999996,0.0024999999999999996,0.0024999999999999996,-0.0,1,1.5000000000000013,50.0
2026-10-01T16:52:40.197123+00:00,1790873560.197123,1077,Will the Republican Party win the Rhode Island Senate?,34189052194715415717712638492295939369730261135279818111658380308037908103272,0.005,50.0,0.25,SELL,1.0,0.005,0.03,0.017499999999999998,0.024999999999999998,37.89915609359741,0.003,0.012,0.0075,0.009000000000000001,16.89012312889099,0.009999999999999998,0.0024999999999999996,140.0,653.0,25.1,237.9,16.89012312889099,0.0075,0.0075,0.0075,0.0075,0.0075,0.0075,0.0075,0.0075,0.0075,0.0075,0.017499999999999998,0.017499999999999998,0.0175,0.0024999999999999996,0.0024999999999999996,0.0024999999999999996,0.0024999999999999996,0.0024999999999999996,0.0024999999999999996,-0.0,2,1.7500000000000013,0.0
2026-10-01T16:52:43.132579+00:00,1790873563.132579,1045,Will the Democratic Party win the Kansas Senate?,112865931018535043924604877802427749327024008755764693656162236690266569063025,0.305,50.0,15.25,BUY,-1.0,0.3,0.305,0.3025,0.0050000000000000044,1.3415050506591797,0.3,0.31,0.305,0.010000000000000009,36.236579179763794,-0.0025000000000000022,-0.0,124.34,843.79,172.66,892.74,36.236579179763794,0.305,0.305,0.305,0.305,0.305,0.305,0.305,0.305,0.305,0.305,0.3125,0.32,0.315,-0.0,-0.0,-0.0,-0.0,-0.0,-0.0,0.0,0,0,0
2026-10-01T16:52:45.967708+00:00,1790873565.967708,1045,Will the Democratic Party win the Kansas Senate?,112865931018535043924604877802427749327024008755764693656162236690266569063025,0.31,50.0,15.5,BUY,-1.0,0.3,0.305,0.3025,0.0050000000000000044,4.176634073257446,0.3,0.31,0.305,0.010000000000000009,39.07170820236206,-0.0025000000000000022,0.0050000000000000044,124.34,843.79,172.66,892.74,39.07170820236206,0.305,0.305,0.305,0.305,0.305,0.305,0.305,0.305,0.305,0.305,0.3125,0.32,0.315,0.0050000000000000044,0.0050000000000000044,0.0050000000000000044,0.0050000000000000044,0.0050000000000000044,0.0050000000000000044,0.0,1,15.25,50.0
2026-10-01T16:52:45.967708+00:00,1790873565.967708,1045,Will the Democratic Party win the Kansas Senate?,112865931018535043924604877802427749327024008755764693656162236690266569063025,0.31,50.0,15.5,BUY,-1.0,0.3,0.305,0.3025,0.0050000000000000044,4.176634073257446,0.3,0.31,0.305,0.010000000000000009,39.07170820236206,-0.0025000000000000022,0.0050000000000000044,124.34,843.79,172.66,892.74,39.07170820236206,0.305,0.305,0.305,0.305,0.305,0.305,0.305,0.305,0.305,0.305,0.3125,0.32,0.315,0.0050000000000000044,0.0050000000000000044,0.0050000000000000044,0.0050000000000000044,0.0050000000000000044,0.0050000000000000044,0.0,2,30.75,100.0
2026-10-01T16:52:45.967708+00:00,1790873565.967708,1045,Will the Democratic Party win the Kansas Senate?,112865931018535043924604877802427749327024008755764693656162236690266569063025,0.31,200.0,62.0,BUY,-1.0,0.3,0.305,0.3025,0.0050000000000000044,4.176634073257446,0.3,0.31,0.305,0.010000000000000009,39.07170820236206,-0.0025000000000000022,0.0050000000000000044,124.34,843.79,172.66,892.74,39.07170820236206,0.305,0.305,0.305,0.305,0.305,0.305,0.305,0.305,0.305,0.305,0.3125,0.32,0.315,0.0050000000000000044,0.0050000000000000044,0.0050000000000000044,0.0050000000000000044,0.0050000000000000044,0.0050000000000000044,0.0,3,46.25,150.0
2026-10-01T16:52:45.967708+00:00,1790873565.967708,1045,Will the Democratic Party win the Kansas Senate?,112865931018535043924604877802427749327024008755764693656162236690266569063025,0.31,698.0,216.38,BUY,-1.0,0.3,0.305,0.3025,0.0050000000000000044,4.176634073257446,0.3,0.31,0.305,0.010000000000000009,39.07170820236206,-0.0025000000000000022,0.0050000000000000044,124.34,843.79,172.66,892.74,39.07170820236206,0.305,0.305,0.305,0.305,0.305,0.305,0.305,0.305,0.305,0.305,0.3125,0.32,0.315,0.0050000000000000044,0.0050000000000000044,0.0050000000000000044,0.0050000000000000044,0.0050000000000000044,0.0050000000000000044,0.0,4,108.25,350.0
2026-10-01T16:52:46.280597+00:00,1790873566.280597,980,Will the Democratic Party win the South Dakota Senate?,67967023811721834738685695249992484419619114809767608640505747182577663027691,0.03,50.0,1.5,BUY,-1.0,0.005,0.03,0.017499999999999998,0.024999999999999998,0.5277140140533447,0.001,0.002,0.0015,0.001,19.52959704399109,0.015999999999999997,0.028499999999999998,13472.26,13472.26,1824.98,2256.34,75.21359705924988,0.0015,0.0015,0.0015,0.0015,0.0015,0.0015,0.0015,0.0015,0.0015,0.0015,0.017499999999999998,0.017499999999999998,0.015,0.028499999999999998,0.028499999999999998,0.028499999999999998,0.028499999999999998,0.028499999999999998,0.028499999999999998,0.0,1,13.365,297.0
2026-10-01T16:52:46.999811+00:00,1790873566.999811,980,Will the Democratic Party win the South Dakota Senate?,67967023811721834738685695249992484419619114809767608640505747182577663027691,0.03,297.0,8.91,BUY,-1.0,0.005,0.03,0.017499999999999998,0.024999999999999998,1.2469279766082764,0.001,0.002,0.0015,0.001,20.24881100654602,0.015999999999999997,0.028499999999999998,13472.26,13472.26,1824.98,2256.34,75.93281102180481,0.0015,0.0015,0.0015,0.0015,0.0015,0.0015,0.0015,0.0015,0.0015,0.0015,0.017499999999999998,0.017499999999999998,0.015,0.028499999999999998,0.028499999999999998,0.028499999999999998,0.028499999999999998,0.028499999999999998,0.028499999999999998,0.0,2,14.865,347.0
2026-10-01T16:52:50.586246+00:00,1790873570.586246,1077,Will the Republican Party win the Rhode Island Senate?,34189052194715415717712638492295939369730261135279818111658380308037908103272,0.040000000000000036,1.0,0.040000000000000036,BUY,-1.0,0.005,0.03,0.017499999999999998,0.024999999999999998,48.28827905654907,0.003,0.012,0.0075,0.009000000000000001,8.334245920181274,0.009999999999999998,0.032500000000000036,140.0,653.0,25.1,237.9,27.27924609184265,0.0075,0.0075,0.0075,0.0075,0.0075,0.0075,0.0075,0.0075,0.0075,0.0075,0.017499999999999998,0.017499999999999998,0.027500000000000004,0.032500000000000036,0.032500000000000036,0.032500000000000036,0.032500000000000036,0.032500000000000036,0.032500000000000036,0.0,3,2.0000000000000013,-50.0
2026-10-01T16:52:50.723607+00:00,1790873570.723607,1074,Will the Republican Party win the Rhode Island Governor?,20754254139035614694374518757343678468946299461021566299562376905544253104084,0.005,100.0,0.5,SELL,1.0,0.005,0.04,0.0225,0.035,8.932533025741577,0.018,0.019,0.0185,0.0010000000000000009,101.60760712623596,0.004,0.013499999999999998,21.0,430.1,67.96,258.86,101.60760712623596,0.0185,0.0185,0.0185,0.0185,0.0185,0.0185,0.0185,0.0185,0.0185,0.0185,0.0225,0.0225,0.030000000000000002,0.013499999999999998,0.013499999999999998,0.013499999999999998,0.013499999999999998,0.013499999999999998,0.013499999999999998,-0.0,0,0,0
2026-10-01T16:52:51.676722+00:00,1790873571.676722,932,Will the Democratic Party win the TX-15 House race?,6584875983046678011286869107197719818123093254495444235544680527373303971994,0.785,250.0,196.25,BUY,-1.0,0.77,0.785,0.7775000000000001,0.015000000000000013,9.15227198600769,0.79,0.81,0.8,0.020000000000000018,6.897722005844116,-0.022499999999999964,-0.015000000000000013,382.66,7511.0599999999995,320.23,11486.83,31.693722009658813,0.8,0.8,0.8,0.8,0.8,0.8,0.8,0.8,0.8,0.8,0.7825,0.7825,0.775,-0.015000000000000013,-0.015000000000000013,-0.015000000000000013,-0.015000000000000013,-0.015000000000000013,-0.015000000000000013,0.0,9,1483.575,898.0
2026-10-01T16:52:53.732235+00:00,1790873573.732235,1039,Will the Republican Party win the WI-01 House race?,89691692433810708662044713280560196245651593280559985593960312638148344324296,0.67,1.0,0.67,SELL,1.0,0.67,0.675,0.6725000000000001,0.0050000000000000044,11.941160917282104,0.66,0.67,0.665,0.010000000000000009,4.523234844207764,0.007500000000000062,-0.0050000000000000044,6898.75,16557.6,870.04,20632.88,74.90023493766785,0.665,0.665,0.665,0.665,0.665,0.665,0.665,0.665,0.665,0.665,0.6725000000000001,0.6725000000000001,0.675,-0.0050000000000000044,-0.0050000000000000044,-0.0050000000000000044,-0.0050000000000000044,-0.0050000000000000044,-0.0050000000000000044,-0.0,1,0.675,1.0
2026-10-01T16:52:53.732235+00:00,1790873573.732235,1038,Will the Democratic Party win the WI-01 House race?,27864379735636967187061174592974985530606192477476602134082994654383977817622,0.325,1.0,0.325,SELL,1.0,0.325,0.33,0.3275,0.0050000000000000044,11.941160917282104,0.33,0.34,0.335,0.010000000000000009,14.731235027313232,-0.007500000000000007,0.010000000000000009,3750.7,26785.02,5078.19,27951.89,84.62223505973816,0.335,0.335,0.335,0.335,0.335,0.335,0.335,0.335,0.335,0.335,0.3275,0.3275,0.325,0.010000000000000009,0.010000000000000009,0.010000000000000009,0.010000000000000009,0.010000000000000009,0.010000000000000009,-0.0,2,66.32999999999998,201.0
2026-10-01T16:52:54.251565+00:00,1790873574.251565,1045,Will the Democratic Party win the Kansas Senate?,112865931018535043924604877802427749327024008755764693656162236690266569063025,0.3,5.0,1.5,SELL,1.0,0.3,0.305,0.3025,0.0050000000000000044,12.460490942001343,0.3,0.31,0.305,0.010000000000000009,47.35556507110596,-0.0025000000000000022,0.0050000000000000044,124.34,843.79,172.66,892.74,47.35556507110596,0.305,0.305,0.305,0.305,0.305,0.305,0.305,0.305,0.305,0.305,0.3125,0.315,0.315,0.0050000000000000044,0.0050000000000000044,0.0050000000000000044,0.0050000000000000044,0.0050000000000000044,0.0050000000000000044,-0.0,5,324.63,1048.0
2026-10-01T16:52:54.267428+00:00,1790873574.267428,1045,Will the Democratic Party win the Kansas Senate?,112865931018535043924604877802427749327024008755764693656162236690266569063025,0.315,316.0,99.54,BUY,-1.0,0.3,0.305,0.3025,0.0050000000000000044,12.476353883743286,0.3,0.31,0.305,0.010000000000000009,47.3714280128479,-0.0025000000000000022,0.010000000000000009,124.34,843.79,172.66,892.74,47.3714280128479,0.305,0.305,0.305,0.305,0.305,0.305,0.305,0.305,0.305,0.305,0.3125,0.315,0.315,0.010000000000000009,0.010000000000000009,0.010000000000000009,0.010000000000000009,0.010000000000000009,0.010000000000000009,0.0,6,326.13,1043.0
2026-10-01T16:52:57.989842+00:00,1790873577.989842,886,Will the Democratic Party win the AZ-01 House race?,67501795419284092111663134279812910460154992630407078593989658098590262577673,0.775,42.0,32.550000000000004,SELL,1.0,0.775,0.8,0.7875000000000001,0.025000000000000022,15.465391874313354,0.79,0.8,0.795,0.010000000000000009,45.32584190368652,-0.007499999999999951,0.020000000000000018,805.0,3181.51,7856.61,14254.66,45.32584190368652,0.795,0.795,0.795,0.795,0.795,0.795,0.795,0.795,0.795,0.795,0.7875000000000001,0.785,0.7875000000000001,0.020000000000000018,0.020000000000000018,0.020000000000000018,0.020000000000000018,0.020000000000000018,0.020000000000000018,-0.0,0,0,0
2026-10-01T16:52:58.912998+00:00,1790873578.912998,980,Will the Democratic Party win the South Dakota Senate?,67967023811721834738685695249992484419619114809767608640505747182577663027691,0.03,1.0,0.03,BUY,-1.0,0.005,0.03,0.017499999999999998,0.024999999999999998,13.160115003585815,0.001,0.002,0.0015,0.001,32.16199803352356,0.015999999999999997,0.028499999999999998,13472.26,13472.26,1824.98,2256.34,87.84599804878235,0.0015,0.0015,0.0015,0.0015,0.0015,0.0015,0.0015,0.0015,0.0015,0.0015,0.017499999999999998,0.017499999999999998,0.037500000000000006,0.028499999999999998,0.028499999999999998,0.028499999999999998,0.028499999999999998,0.028499999999999998,0.028499999999999998,0.0,3,23.775,644.0
2026-10-01T16:52:59.580916+00:00,1790873579.580916,938,Will the Republican Party win the VA-01 House race?,19527325130044660074684336011478717458899906478875219180396447156299505391740,0.47,16.0,7.52,SELL,1.0,0.47,0.485,0.4775,0.015000000000000013,17.05646586418152,0.45,0.46,0.455,0.010000000000000009,1.079916000366211,0.022499999999999964,-0.014999999999999958,520.0,761.59,243.1,3167.75,41.38191604614258,0.455,0.455,0.455,0.455,0.455,0.455,0.455,0.455,0.455,0.455,0.4775,0.48,0.4825,-0.014999999999999958,-0.014999999999999958,-0.014999999999999958,-0.014999999999999958,-0.014999999999999958,-0.014999999999999958,-0.0,0,0,0
2026-10-01T16:53:03.925402+00:00,1790873583.925402,1045,Will the Democratic Party win the Kansas Senate?,112865931018535043924604877802427749327024008755764693656162236690266569063025,0.3,129.0,38.699999999999996,SELL,1.0,0.3,0.325,0.3125,0.025000000000000022,7.150454998016357,0.3,0.31,0.305,0.010000000000000009,57.029402017593384,0.007500000000000007,0.0050000000000000044,124.34,843.79,172.66,892.74,57.029402017593384,0.305,0.305,0.305,0.305,0.305,0.305,0.305,0.305,0.305,0.305,0.3125,0.315,0.315,0.0050000000000000044,0.0050000000000000044,0.0050000000000000044,0.0050000000000000044,0.0050000000000000044,0.0050000000000000044,-0.0,7,425.67,1359.0
2026-10-01T16:53:04.432236+00:00,1790873584.432236,980,Will the Democratic Party win the South Dakota Senate?,67967023811721834738685695249992484419619114809767608640505747182577663027691,0.005,1.0,0.005,SELL,1.0,0.005,0.03,0.017499999999999998,0.024999999999999998,18.67935299873352,0.001,0.002,0.0015,0.001,37.681236028671265,0.015999999999999997,-0.0035,13472.26,13472.26,1824.98,2256.34,93.36523604393005,0.0015,0.0015,0.0015,0.0015,0.0015,0.0015,0.0015,0.0015,0.0015,0.0015,0.017499999999999998,0.017499999999999998,0.037500000000000006,-0.0035,-0.0035,-0.0035,-0.0035,-0.0035,-0.0035,-0.0,4,23.805,645.0
2026-10-01T16:53:09.524577+00:00,1790873589.524577,1021,Will the Democratic Party win the MI-10 House race?,75685534826787951976275953631896177236439299709473517876953614908104349066066,0.655,500.0,327.5,SELL,1.0,0.655,0.66,0.6575,0.0050000000000000044,12.749629974365234,0.65,0.66,0.655,0.010000000000000009,22.49057698249817,0.0024999999999999467,0.0,1483.7,5935.280000000001,1771.07,22781.45,91.6665768623352,0.655,0.655,0.655,0.655,0.655,0.655,0.655,0.655,0.655,0.655,0.6575,0.6575,0.65,0.0,0.0,0.0,0.0,0.0,0.0,-0.0,0,0,0
2026-10-01T16:53:12.272291+00:00,1790873592.272291,932,Will the Democratic Party win the TX-15 House race?,6584875983046678011286869107197719818123093254495444235544680527373303971994,0.785,250.0,196.25,BUY,-1.0,0.78,0.785,0.7825,0.0050000000000000044,9.230456829071045,0.79,0.81,0.8,0.020000000000000018,27.493290901184082,-0.01750000000000007,-0.015000000000000013,382.66,7511.0599999999995,320.23,11486.83,52.28929090499878,0.8,0.8,0.8,0.8,0.8,0.8,0.8,0.8,0.8,0.8,0.7825,0.7775000000000001,0.775,-0.015000000000000013,-0.015000000000000013,-0.015000000000000013,-0.015000000000000013,-0.015000000000000013,-0.015000000000000013,0.0,3,597.385,761.0
2026-10-01T16:53:14.214433+00:00,1790873594.214433,1020,Will the Republican Party win the MI-07 House race?,90239537120799856559379339880905629013239262905922873444067766874892362837014,0.42,50.0,21.0,SELL,1.0,0.42,0.435,0.4275,0.015000000000000013,17.439486026763916,0.43,0.44,0.435,0.010000000000000009,35.13843297958374,-0.007500000000000007,0.015000000000000013,8053.12,20050.2,2466.14,12145.06,90.74043297767639,0.435,0.435,0.435,0.435,0.435,0.435,0.435,0.435,0.435,0.435,0.41000000000000003,0.41500000000000004,0.425,0.015000000000000013,0.015000000000000013,0.015000000000000013,0.015000000000000013,0.015000000000000013,0.015000000000000013,-0.0,0,0,0
2026-10-01T16:53:14.214433+00:00,1790873594.214433,1020,Will the Republican Party win the MI-07 House race?,90239537120799856559379339880905629013239262905922873444067766874892362837014,0.415,100.0,41.5,SELL,1.0,0.42,0.435,0.4275,0.015000000000000013,17.439486026763916,0.43,0.44,0.435,0.010000000000000009,35.13843297958374,-0.007500000000000007,0.020000000000000018,8053.12,20050.2,2466.14,12145.06,90.74043297767639,0.435,0.435,0.435,0.435,0.435,0.435,0.435,0.435,0.435,0.435,0.41000000000000003,0.41500000000000004,0.425,0.020000000000000018,0.020000000000000018,0.020000000000000018,0.020000000000000018,0.020000000000000018,0.020000000000000018,-0.0,1,21.0,-50.0
2026-10-01T16:53:14.214433+00:00,1790873594.214433,1020,Will the Republican Party win the MI-07 House race?,90239537120799856559379339880905629013239262905922873444067766874892362837014,0.41,200.0,82.0,SELL,1.0,0.42,0.435,0.4275,0.015000000000000013,17.439486026763916,0.43,0.44,0.435,0.010000000000000009,35.13843297958374,-0.007500000000000007,0.025000000000000022,8053.12,20050.2,2466.14,12145.06,90.74043297767639,0.435,0.435,0.435,0.435,0.435,0.435,0.435,0.435,0.435,0.435,0.41000000000000003,0.41500000000000004,0.425,0.025000000000000022,0.025000000000000022,0.025000000000000022,0.025000000000000022,0.025000000000000022,0.025000000000000022,-0.0,2,62.5,-150.0
2026-10-01T16:53:14.214433+00:00,1790873594.214433,1020,Will the Republican Party win the MI-07 House race?,90239537120799856559379339880905629013239262905922873444067766874892362837014,0.405,431.0,174.555,SELL,1.0,0.42,0.435,0.4275,0.015000000000000013,17.439486026763916,0.43,0.44,0.435,0.010000000000000009,35.13843297958374,-0.007500000000000007,0.02999999999999997,8053.12,20050.2,2466.14,12145.06,90.74043297767639,0.435,0.435,0.435,0.435,0.435,0.435,0.435,0.435,0.435,0.435,0.41000000000000003,0.41500000000000004,0.425,0.02999999999999997,0.02999999999999997,0.02999999999999997,0.02999999999999997,0.02999999999999997,0.02999999999999997,-0.0,3,144.5,-350.0
2026-10-01T16:53:14.214433+00:00,1790873594.214433,1020,Will the Republican Party win the MI-07 House race?,90239537120799856559379339880905629013239262905922873444067766874892362837014,0.4,256.0,102.4,SELL,1.0,0.42,0.435,0.4275,0.015000000000000013,17.439486026763916,0.43,0.44,0.435,0.010000000000000009,35.13843297958374,-0.007500000000000007,0.034999999999999976,8053.12,20050.2,2466.14,12145.06,90.74043297767639,0.435,0.435,0.435,0.435,0.435,0.435,0.435,0.435,0.435,0.435,0.41000000000000003,0.41500000000000004,0.425,0.034999999999999976,0.034999999999999976,0.034999999999999976,0.034999999999999976,0.034999999999999976,0.034999999999999976,-0.0,4,319.055,-781.0
2026-10-01T16:53:14.214433+00:00,1790873594.214433,1020,Will the Republican Party win the MI-07 House race?,90239537120799856559379339880905629013239262905922873444067766874892362837014,0.4,199.0,79.60000000000001,SELL,1.0,0.42,0.435,0.4275,0.015000000000000013,17.439486026763916,0.43,0.44,0.435,0.010000000000000009,35.13843297958374,-0.007500000000000007,0.034999999999999976,8053.12,20050.2,2466.14,12145.06,90.74043297767639,0.435,0.435,0.435,0.435,0.435,0.435,0.435,0.435,0.435,0.435,0.41000000000000003,0.41500000000000004,0.425,0.034999999999999976,0.034999999999999976,0.034999999999999976,0.034999999999999976,0.034999999999999976,0.034999999999999976,-0.0,5,421.45500000000004,-1037.0
2026-10-01T16:53:14.214433+00:00,1790873594.214433,1020,Will the Republican Party win the MI-07 House race?,90239537120799856559379339880905629013239262905922873444067766874892362837014,0.395,218.0,86.11,SELL,1.0,0.42,0.435,0.4275,0.015000000000000013,17.439486026763916,0.43,0.44,0.435,0.010000000000000009,35.13843297958374,-0.007500000000000007,0.03999999999999998,8053.12,20050.2,2466.14,12145.06,90.74043297767639,0.435,0.435,0.435,0.435,0.435,0.435,0.435,0.435,0.435,0.435,0.41000000000000003,0.41500000000000004,0.425,0.03999999999999998,0.03999999999999998,0.03999999999999998,0.03999999999999998,0.03999999999999998,0.03999999999999998,-0.0,6,501.055,-1236.0
2026-10-01T16:53:14.214433+00:00,1790873594.214433,1020,Will the Republican Party win the MI-07 House race?,90239537120799856559379339880905629013239262905922873444067766874892362837014,0.385,216.0,83.16,SELL,1.0,0.42,0.435,0.4275,0.015000000000000013,17.439486026763916,0.43,0.44,0.435,0.010000000000000009,35.13843297958374,-0.007500000000000007,0.04999999999999999,8053.12,20050.2,2466.14,12145.06,90.74043297767639,0.435,0.435,0.435,0.435,0.435,0.435,0.435,0.435,0.435,0.435,0.41000000000000003,0.41500000000000004,0.425,0.04999999999999999,0.04999999999999999,0.04999999999999999,0.04999999999999999,0.04999999999999999,0.04999999999999999,-0.0,7,587.165,-1454.0
2026-10-01T16:53:15.007597+00:00,1790873595.007597,1045,Will the Democratic Party win the Kansas Senate?,112865931018535043924604877802427749327024008755764693656162236690266569063025,0.31,50.0,15.5,UNKNOWN,nan,0.3,0.325,0.3125,0.025000000000000022,18.2326500415802,0.3,0.31,0.305,0.010000000000000009,68.11159706115723,0.007500000000000007,,124.34,843.79,172.66,892.74,68.11159706115723,0.305,0.305,0.305,0.305,0.305,0.305,0.305,0.305,0.305,0.305,0.3125,0.295,0.3,,,,,,,,8,464.37,1230.0
2026-10-01T16:53:15.007597+00:00,1790873595.007597,1045,Will the Democratic Party win the Kansas Senate?,112865931018535043924604877802427749327024008755764693656162236690266569063025,0.325,549.0,178.425,BUY,-1.0,0.3,0.325,0.3125,0.025000000000000022,18.2326500415802,0.3,0.31,0.305,0.010000000000000009,68.11159706115723,0.007500000000000007,0.020000000000000018,124.34,843.79,172.66,892.74,68.11159706115723,0.305,0.305,0.305,0.305,0.305,0.305,0.305,0.305,0.305,0.305,0.3125,0.295,0.3,0.020000000000000018,0.020000000000000018,0.020000000000000018,0.020000000000000018,0.020000000000000018,0.020000000000000018,0.0,9,479.87,1230.0
2026-10-01T16:53:19.584537+00:00,1790873599.584537,1077,Will the Republican Party win the Rhode Island Senate?,34189052194715415717712638492295939369730261135279818111658380308037908103272,0.005,100.0,0.5,SELL,1.0,0.005,0.03,0.017499999999999998,0.024999999999999998,0.3032670021057129,0.003,0.012,0.0075,0.009000000000000001,8.96053695678711,0.009999999999999998,0.0024999999999999996,140.0,653.0,25.1,202.9,8.96053695678711,0.0075,0.0075,0.0075,0.0075,0.0075,0.0075,0.0075,0.0075,0.0075,0.0075,0.017499999999999998,0.0225,0.027500000000000004,0.0024999999999999996,0.0024999999999999996,0.0024999999999999996,0.0024999999999999996,0.0024999999999999996,0.0024999999999999996,-0.0,3,0.54,-99.0
2026-10-01T16:53:20.458248+00:00,1790873600.458248,1045,Will the Democratic Party win the Kansas Senate?,112865931018535043924604877802427749327024008755764693656162236690266569063025,0.325,50.0,16.25,BUY,-1.0,0.3,0.325,0.3125,0.025000000000000022,1.1769778728485107,0.3,0.31,0.305,0.010000000000000009,73.56224799156189,0.007500000000000007,0.020000000000000018,124.34,843.79,172.66,892.74,73.56224799156189,0.305,0.305,0.305,0.305,0.305,0.305,0.305,0.305,0.305,0.305,0.32,0.295,0.3,0.020000000000000018,0.020000000000000018,0.020000000000000018,0.020000000000000018,0.020000000000000018,0.020000000000000018,0.0,10,658.295,1779.0
2026-10-01T16:53:20.458248+00:00,1790873600.458248,1045,Will the Democratic Party win the Kansas Senate?,112865931018535043924604877802427749327024008755764693656162236690266569063025,0.325,100.0,32.5,BUY,-1.0,0.3,0.325,0.3125,0.025000000000000022,1.1769778728485107,0.3,0.31,0.305,0.010000000000000009,73.56224799156189,0.007500000000000007,0.020000000000000018,124.34,843.79,172.66,892.74,73.56224799156189,0.305,0.305,0.305,0.305,0.305,0.305,0.305,0.305,0.305,0.305,0.32,0.295,0.3,0.020000000000000018,0.020000000000000018,0.020000000000000018,0.020000000000000018,0.020000000000000018,0.020000000000000018,0.0,11,674.545,1829.0
2026-10-01T16:53:20.458248+00:00,1790873600.458248,1045,Will the Democratic Party win the Kansas Senate?,112865931018535043924604877802427749327024008755764693656162236690266569063025,0.33,67.0,22.11,BUY,-1.0,0.3,0.325,0.3125,0.025000000000000022,1.1769778728485107,0.3,0.31,0.305,0.010000000000000009,73.56224799156189,0.007500000000000007,0.025000000000000022,124.34,843.79,172.66,892.74,73.56224799156189,0.305,0.305,0.305,0.305,0.305,0.305,0.305,0.305,0.305,0.305,0.32,0.295,0.3,0.025000000000000022,0.025000000000000022,0.025000000000000022,0.025000000000000022,0.025000000000000022,0.025000000000000022,0.0,12,707.045,1929.0
2026-10-01T16:53:23.468369+00:00,1790873603.468369,1045,Will the Democratic Party win the Kansas Senate?,112865931018535043924604877802427749327024008755764693656162236690266569063025,0.33,138.0,45.54,BUY,-1.0,0.3,0.325,0.3125,0.025000000000000022,4.187098979949951,0.3,0.31,0.305,0.010000000000000009,76.57236909866333,0.007500000000000007,0.025000000000000022,124.34,843.79,172.66,892.74,76.57236909866333,0.305,0.305,0.305,0.305,0.305,0.305,0.305,0.305,0.305,0.305,0.32,0.295,0.3,0.025000000000000022,0.025000000000000022,0.025000000000000022,0.025000000000000022,0.025000000000000022,0.025000000000000022,0.0,13,729.155,1996.0
2026-10-01T16:53:24.059729+00:00,1790873604.059729,1072,Will the Democratic Party win the Oklahoma Senate?,6307834485558435215808626904255859755441792356631836236470061805834871616531,0.055,220.0,12.1,BUY,-1.0,0.02,0.055,0.0375,0.035,4.778459072113037,0.003,0.014,0.0085,0.011,0.014729022979736328,0.028999999999999998,0.0465,150.0,1155.0,11.0,242.84,0.014729022979736328,0.0085,0.0085,0.0085,0.0085,0.0085,0.0085,0.0085,0.0085,0.0085,0.0085,0.0425,0.05,0.042499999999999996,0.0465,0.0465,0.0465,0.0465,0.0465,0.0465,0.0,0,0,0
2026-10-01T16:53:24.059729+00:00,1790873604.059729,1072,Will the Democratic Party win the Oklahoma Senate?,6307834485558435215808626904255859755441792356631836236470061805834871616531,0.065,583.0,37.895,BUY,-1.0,0.02,0.055,0.0375,0.035,4.778459072113037,0.003,0.014,0.0085,0.011,0.014729022979736328,0.028999999999999998,0.0565,150.0,1155.0,11.0,242.84,0.014729022979736328,0.0085,0.0085,0.0085,0.0085,0.0085,0.0085,0.0085,0.0085,0.0085,0.0085,0.0425,0.05,0.042499999999999996,0.0565,0.0565,0.0565,0.0565,0.0565,0.0565,0.0,1,12.1,220.0
2026-10-01T16:53:25.157647+00:00,1790873605.157647,1077,Will the Republican Party win the Rhode Island Senate?,34189052194715415717712638492295939369730261135279818111658380308037908103272,0.005,3527.0,17.635,SELL,1.0,0.005,0.03,0.017499999999999998,0.024999999999999998,5.8763768672943115,0.003,0.012,0.0075,0.009000000000000001,14.533646821975708,0.009999999999999998,0.0024999999999999996,140.0,653.0,25.1,202.9,14.533646821975708,0.0075,0.0075,0.0075,0.0075,0.0075,0.0075,0.0075,0.0075,0.0075,0.0075,0.017499999999999998,0.0225,0.027500000000000004,0.0024999999999999996,0.0024999999999999996,0.0024999999999999996,0.0024999999999999996,0.0024999999999999996,0.0024999999999999996,-0.0,4,1.04,-199.0
2026-10-01T16:53:26.253931+00:00,1790873606.253931,1045,Will the Democratic Party win the Kansas Senate?,112865931018535043924604877802427749327024008755764693656162236690266569063025,0.31,50.0,15.5,UNKNOWN,nan,0.3,0.325,0.3125,0.025000000000000022,6.972661018371582,0.3,0.31,0.305,0.010000000000000009,79.35793113708496,0.007500000000000007,,124.34,843.79,172.66,892.74,79.35793113708496,0.305,0.305,0.305,0.305,0.305,0.305,0.305,0.305,0.305,0.305,0.32,0.295,0.3,,,,,,,,14,774.695,2134.0
2026-10-01T16:53:26.253931+00:00,1790873606.253931,1045,Will the Democratic Party win the Kansas Senate?,112865931018535043924604877802427749327024008755764693656162236690266569063025,0.33,12.0,3.96,BUY,-1.0,0.3,0.325,0.3125,0.025000000000000022,6.972661018371582,0.3,0.31,0.305,0.010000000000000009,79.35793113708496,0.007500000000000007,0.025000000000000022,124.34,843.79,172.66,892.74,79.35793113708496,0.305,0.305,0.305,0.305,0.305,0.305,0.305,0.305,0.305,0.305,0.32,0.295,0.3,0.025000000000000022,0.025000000000000022,0.025000000000000022,0.025000000000000022,0.025000000000000022,0.025000000000000022,0.0,15,790.195,2134.0
2026-10-01T16:53:26.253931+00:00,1790873606.253931,1045,Will the Democratic Party win the Kansas Senate?,112865931018535043924604877802427749327024008755764693656162236690266569063025,0.34,11.0,3.74,BUY,-1.0,0.3,0.325,0.3125,0.025000000000000022,6.972661018371582,0.3,0.31,0.305,0.010000000000000009,79.35793113708496,0.007500000000000007,0.03500000000000003,124.34,843.79,172.66,892.74,79.35793113708496,0.305,0.305,0.305,0.305,0.305,0.305,0.305,0.305,0.305,0.305,0.32,0.295,0.3,0.03500000000000003,0.03500000000000003,0.03500000000000003,0.03500000000000003,0.03500000000000003,0.03500000000000003,0.0,16,794.155,2146.0
2026-10-01T16:53:29.441959+00:00,1790873609.441959,932,Will the Democratic Party win the TX-15 House race?,6584875983046678011286869107197719818123093254495444235544680527373303971994,0.785,594.0,466.29,BUY,-1.0,0.78,0.785,0.7825,0.0050000000000000044,9.608845949172974,0.79,0.81,0.8,0.020000000000000018,0.09995889663696289,-0.01750000000000007,-0.015000000000000013,469.66,7453.06,320.23,12039.13,4.330958843231201,0.8,0.8,0.805,0.8,0.8,0.8,0.8,0.8,0.8,0.8,0.7825,0.7775000000000001,0.7775000000000001,-0.015000000000000013,-0.015000000000000013,-0.015000000000000013,-0.015000000000000013,-0.015000000000000013,-0.015000000000000013,-0.0050000000000000044,3,493.765,629.0
2026-10-01T16:53:29.498546+00:00,1790873609.498546,1077,Will the Republican Party win the Rhode Island Senate?,34189052194715415717712638492295939369730261135279818111658380308037908103272,0.005,37.0,0.185,SELL,1.0,0.005,0.03,0.017499999999999998,0.024999999999999998,10.217275857925415,0.003,0.012,0.0075,0.009000000000000001,18.87454581260681,0.009999999999999998,0.0024999999999999996,140.0,653.0,25.1,202.9,18.87454581260681,0.0075,0.0075,0.0075,0.0075,0.0075,0.0075,0.0075,0.0075,0.0075,0.0075,0.017499999999999998,0.0225,0.027500000000000004,0.0024999999999999996,0.0024999999999999996,0.0024999999999999996,0.0024999999999999996,0.0024999999999999996,0.0024999999999999996,-0.0,5,18.675,-3726.0
2026-10-01T16:53:30.038273+00:00,1790873610.038273,1077,Will the Republican Party win the Rhode Island Senate?,34189052194715415717712638492295939369730261135279818111658380308037908103272,0.005,50.0,0.25,SELL,1.0,0.005,0.03,0.017499999999999998,0.024999999999999998,10.75700306892395,0.003,0.012,0.0075,0.009000000000000001,19.414273023605347,0.009999999999999998,0.0024999999999999996,140.0,653.0,25.1,202.9,19.414273023605347,0.0075,0.0075,0.0075,0.0075,0.0075,0.0075,0.0075,0.0075,0.0075,0.0075,0.017499999999999998,0.0225,0.027500000000000004,0.0024999999999999996,0.0024999999999999996,0.0024999999999999996,0.0024999999999999996,0.0024999999999999996,0.0024999999999999996,-0.0,6,18.860000000000003,-3763.0
2026-10-01T16:53:32.127286+00:00,1790873612.127286,895,Will the Republican Party win the CO-03 House race?,50051241364929222895693566081605692346197807854055532008099278772035698770870,0.73,24.0,17.52,BUY,-1.0,0.7,0.73,0.715,0.030000000000000027,12.294173002243042,0.73,0.75,0.74,0.020000000000000018,2.3832859992980957,-0.025000000000000022,-0.010000000000000009,490.0,12507.89,468.0,11355.21,6.790286064147949,0.74,0.74,0.74,0.74,0.74,0.74,0.74,0.74,0.74,0.74,0.715,0.715,0.715,-0.010000000000000009,-0.010000000000000009,-0.010000000000000009,-0.010000000000000009,-0.010000000000000009,-0.010000000000000009,0.0,1,18.33,-26.0
2026-10-01T16:53:32.414531+00:00,1790873612.414531,1077,Will the Republican Party win the Rhode Island Senate?,34189052194715415717712638492295939369730261135279818111658380308037908103272,0.005,1546.0,7.73,SELL,1.0,0.005,0.03,0.017499999999999998,0.024999999999999998,13.13326096534729,0.003,0.012,0.0075,0.009000000000000001,21.790530920028687,0.009999999999999998,0.0024999999999999996,140.0,653.0,25.1,202.9,21.790530920028687,0.0075,0.0075,0.0075,0.0075,0.0075,0.0075,0.0075,0.0075,0.0075,0.0075,0.017499999999999998,0.0225,0.027500000000000004,0.0024999999999999996,0.0024999999999999996,0.0024999999999999996,0.0024999999999999996,0.0024999999999999996,0.0024999999999999996,-0.0,7,19.110000000000003,-3813.0
2026-10-01T16:53:34.401615+00:00,1790873614.401615,1014,Will the Republican Party win the FL-16 House race?,15056064872112675856476546973246733011825608647719006314444015066456521530341,0.84,63.0,52.919999999999995,BUY,-1.0,0.82,0.84,0.83,0.020000000000000018,3.081937789916992,0.82,0.83,0.825,0.010000000000000009,13.117614984512329,0.0050000000000000044,0.015000000000000013,6672.0,10865.95,60.0,2290.08,13.117614984512329,0.825,0.825,0.825,0.825,0.825,0.825,0.825,0.825,0.825,0.825,0.83,0.825,0.83,0.015000000000000013,0.015000000000000013,0.015000000000000013,0.015000000000000013,0.015000000000000013,0.015000000000000013,0.0,0,0,0
2026-10-01T16:53:34.631460+00:00,1790873614.63146,1037,Will the Republican Party win the WA-03 House race?,11450408400059654095752682163375174616927289912740528299907491682505834882757,0.09999999999999998,50.0,4.999999999999999,BUY,-1.0,0.09,0.1,0.095,0.010000000000000009,3.3117828369140625,0.08,0.09,0.08499999999999999,0.009999999999999995,7.493459939956665,0.010000000000000009,0.014999999999999986,106.04,5346.17,6957.24,14733.68,9.262459993362427,0.08499999999999999,0.08499999999999999,0.08499999999999999,0.08499999999999999,0.08499999999999999,0.08499999999999999,0.08499999999999999,0.08499999999999999,0.08499999999999999,0.08499999999999999,0.095,0.10250000000000001,0.1,0.014999999999999986,0.014999999999999986,0.014999999999999986,0.014999999999999986,0.014999999999999986,0.014999999999999986,0.0,0,0,0
2026-10-01T16:53:35.094003+00:00,1790873615.094003,1077,Will the Republican Party win the Rhode Island Senate?,34189052194715415717712638492295939369730261135279818111658380308037908103272,0.005,1546.0,7.73,SELL,1.0,0.005,0.03,0.017499999999999998,0.024999999999999998,15.812732934951782,0.003,0.012,0.0075,0.009000000000000001,24.47000288963318,0.009999999999999998,0.0024999999999999996,140.0,653.0,25.1,202.9,24.47000288963318,0.0075,0.0075,0.0075,0.0075,0.0075,0.0075,0.0075,0.0075,0.0075,0.0075,0.017499999999999998,0.0225,0.027500000000000004,0.0024999999999999996,0.0024999999999999996,0.0024999999999999996,0.0024999999999999996,0.0024999999999999996,0.0024999999999999996,-0.0,8,26.840000000000003,-5359.0
2026-10-01T16:53:35.422048+00:00,1790873615.422048,1045,Will the Democratic Party win the Kansas Senate?,112865931018535043924604877802427749327024008755764693656162236690266569063025,0.34,62.0,21.080000000000002,BUY,-1.0,0.3,0.34,0.32,0.040000000000000036,4.102370977401733,0.3,0.31,0.305,0.010000000000000009,88.52604818344116,0.015000000000000013,0.03500000000000003,124.34,843.79,172.66,892.74,88.52604818344116,0.305,0.305,0.305,0.305,0.305,0.305,0.305,0.305,0.305,0.305,0.32,0.295,0.3,0.03500000000000003,0.03500000000000003,0.03500000000000003,0.03500000000000003,0.03500000000000003,0.03500000000000003,0.0,17,797.895,2157.0
2026-10-01T16:53:35.422048+00:00,1790873615.422048,1045,Will the Democratic Party win the Kansas Senate?,112865931018535043924604877802427749327024008755764693656162236690266569063025,0.345,98.0,33.809999999999995,BUY,-1.0,0.3,0.34,0.32,0.040000000000000036,4.102370977401733,0.3,0.31,0.305,0.010000000000000009,88.52604818344116,0.015000000000000013,0.03999999999999998,124.34,843.79,172.66,892.74,88.52604818344116,0.305,0.305,0.305,0.305,0.305,0.305,0.305,0.305,0.305,0.305,0.32,0.295,0.3,0.03999999999999998,0.03999999999999998,0.03999999999999998,0.03999999999999998,0.03999999999999998,0.03999999999999998,0.0,18,818.975,2219.0
2026-10-01T16:53:35.422048+00:00,1790873615.422048,1045,Will the Democratic Party win the Kansas Senate?,112865931018535043924604877802427749327024008755764693656162236690266569063025,0.345,938.0,323.60999999999996,BUY,-1.0,0.3,0.34,0.32,0.040000000000000036,4.102370977401733,0.3,0.31,0.305,0.010000000000000009,88.52604818344116,0.015000000000000013,0.03999999999999998,124.34,843.79,172.66,892.74,88.52604818344116,0.305,0.305,0.305,0.305,0.305,0.305,0.305,0.305,0.305,0.305,0.32,0.295,0.3,0.03999999999999998,0.03999999999999998,0.03999999999999998,0.03999999999999998,0.03999999999999998,0.03999999999999998,0.0,19,852.785,2317.0
2026-10-01T16:53:35.572372+00:00,1790873615.572372,1045,Will the Democratic Party win the Kansas Senate?,112865931018535043924604877802427749327024008755764693656162236690266569063025,0.3,128.0,38.4,SELL,1.0,0.3,0.34,0.32,0.040000000000000036,4.252694845199585,0.3,0.31,0.305,0.010000000000000009,88.67637205123901,0.015000000000000013,0.0050000000000000044,124.34,843.79,172.66,892.74,88.67637205123901,0.305,0.305,0.305,0.305,0.305,0.305,0.305,0.305,0.305,0.305,0.32,0.295,0.3,0.0050000000000000044,0.0050000000000000044,0.0050000000000000044,0.0050000000000000044,0.0050000000000000044,0.0050000000000000044,-0.0,20,1176.395,3255.0
2026-10-01T16:53:35.905548+00:00,1790873615.905548,1077,Will the Republican Party win the Rhode Island Senate?,34189052194715415717712638492295939369730261135279818111658380308037908103272,0.005,28.0,0.14,SELL,1.0,0.005,0.03,0.017499999999999998,0.024999999999999998,16.62427806854248,0.003,0.012,0.0075,0.009000000000000001,25.281548023223877,0.009999999999999998,0.0024999999999999996,140.0,653.0,25.1,202.9,25.281548023223877,0.0075,0.0075,0.0075,0.0075,0.0075,0.0075,0.0075,0.0075,0.0075,0.0075,0.017499999999999998,0.0225,0.027500000000000004,0.0024999999999999996,0.0024999999999999996,0.0024999999999999996,0.0024999999999999996,0.0024999999999999996,0.0024999999999999996,-0.0,9,34.57,-6905.0
2026-10-01T16:53:36.639577+00:00,1790873616.639577,938,Will the Republican Party win the VA-01 House race?,19527325130044660074684336011478717458899906478875219180396447156299505391740,0.485,50.0,24.25,BUY,-1.0,0.47,0.485,0.4775,0.015000000000000013,4.449563980102539,0.45,0.46,0.455,0.010000000000000009,0.9375770092010498,0.022499999999999964,0.02999999999999997,288.0,488.22,243.1,3124.75,11.225576877593994,0.455,0.455,0.455,0.455,0.455,0.455,0.455,0.455,0.455,0.455,0.4775,0.47750000000000004,0.48,0.02999999999999997,0.02999999999999997,0.02999999999999997,0.02999999999999997,0.02999999999999997,0.02999999999999997,0.0,1,7.52,-16.0
2026-10-01T16:53:38.255209+00:00,1790873618.255209,1072,Will the Democratic Party win the Oklahoma Senate?,6307834485558435215808626904255859755441792356631836236470061805834871616531,0.065,417.0,27.105,BUY,-1.0,0.02,0.065,0.0425,0.045,6.935531854629517,0.003,0.014,0.0085,0.011,14.210208892822266,0.034,0.0565,150.0,1155.0,11.0,242.84,14.210208892822266,0.0085,0.0085,0.0085,0.0085,0.0085,0.0085,0.0085,0.0085,0.0085,0.0085,0.052500000000000005,0.035,0.042499999999999996,0.0565,0.0565,0.0565,0.0565,0.0565,0.0565,0.0,2,49.995000000000005,803.0
2026-10-01T16:53:38.255209+00:00,1790873618.255209,1072,Will the Democratic Party win the Oklahoma Senate?,6307834485558435215808626904255859755441792356631836236470061805834871616531,0.07,327.0,22.89,BUY,-1.0,0.02,0.065,0.0425,0.045,6.935531854629517,0.003,0.014,0.0085,0.011,14.210208892822266,0.034,0.061500000000000006,150.0,1155.0,11.0,242.84,14.210208892822266,0.0085,0.0085,0.0085,0.0085,0.0085,0.0085,0.0085,0.0085,0.0085,0.0085,0.052500000000000005,0.035,0.042499999999999996,0.061500000000000006,0.061500000000000006,0.061500000000000006,0.061500000000000006,0.061500000000000006,0.061500000000000006,0.0,3,77.10000000000001,1220.0
2026-10-01T16:53:40.055638+00:00,1790873620.055638,1033,Will the Democratic Party win the VA-05 House race?,30424541292784877350495001354252975055952568624850695789713995653053526735723,0.215,250.0,53.75,SELL,1.0,0.215,0.23,0.2225,0.015000000000000013,8.735960960388184,0.22,0.23,0.225,0.010000000000000009,45.97563815116882,-0.0025000000000000022,0.010000000000000009,200.09,5813.34,6476.31,10848.76,45.97563815116882,0.225,0.225,0.225,0.225,0.225,0.225,0.225,0.225,0.225,0.225,0.2225,0.2225,0.22,0.010000000000000009,0.010000000000000009,0.010000000000000009,0.010000000000000009,0.010000000000000009,0.010000000000000009,-0.0,0,0,0
2026-10-01T16:53:40.143862+00:00,1790873620.143862,1077,Will the Republican Party win the Rhode Island Senate?,34189052194715415717712638492295939369730261135279818111658380308037908103272,0.0050000000000000044,56.0,0.28000000000000025,SELL,1.0,0.005,0.03,0.017499999999999998,0.024999999999999998,20.862591981887817,0.003,0.012,0.0075,0.009000000000000001,29.519861936569214,0.009999999999999998,0.0024999999999999953,140.0,653.0,25.1,202.9,29.519861936569214,0.0075,0.0075,0.0075,0.0075,0.0075,0.0075,0.0075,0.0075,0.0075,0.0075,0.017499999999999998,0.0225,0.027500000000000004,0.0024999999999999953,0.0024999999999999953,0.0024999999999999953,0.0024999999999999953,0.0024999999999999953,0.0024999999999999953,-0.0,10,34.71,-6933.0
2026-10-01T16:53:40.599040+00:00,1790873620.59904,1065,Will the Republican Party win the NH-01 House race?,91186816975424134991471599978287903711550131664584931108307233067509874308550,0.025,132.0,3.3000000000000003,SELL,1.0,0.025,0.07,0.0475,0.045000000000000005,9.279362916946411,0.015,0.036,0.0255,0.020999999999999998,17.130039930343628,0.022000000000000002,0.000499999999999997,40.0,1965.0,30.0,344.0,17.130039930343628,0.0255,0.0255,0.0255,0.0255,0.0255,0.0255,0.0255,0.0255,0.0255,0.0255,0.0475,0.0375,0.0375,0.000499999999999997,0.000499999999999997,0.000499999999999997,0.000499999999999997,0.000499999999999997,0.000499999999999997,-0.0,0,0,0
2026-10-01T16:53:40.599040+00:00,1790873620.59904,1065,Will the Republican Party win the NH-01 House race?,91186816975424134991471599978287903711550131664584931108307233067509874308550,0.015,250.0,3.75,SELL,1.0,0.025,0.07,0.0475,0.045000000000000005,9.279362916946411,0.015,0.036,0.0255,0.020999999999999998,17.130039930343628,0.022000000000000002,0.010499999999999999,40.0,1965.0,30.0,344.0,17.130039930343628,0.0255,0.0255,0.0255,0.0255,0.0255,0.0255,0.0255,0.0255,0.0255,0.0255,0.0475,0.0375,0.0375,0.010499999999999999,0.010499999999999999,0.010499999999999999,0.010499999999999999,0.010499999999999999,0.010499999999999999,-0.0,1,3.3000000000000003,-132.0
2026-10-01T16:53:40.599040+00:00,1790873620.59904,1065,Will the Republican Party win the NH-01 House race?,91186816975424134991471599978287903711550131664584931108307233067509874308550,0.01,63.0,0.63,SELL,1.0,0.025,0.07,0.0475,0.045000000000000005,9.279362916946411,0.015,0.036,0.0255,0.020999999999999998,17.130039930343628,0.022000000000000002,0.015499999999999998,40.0,1965.0,30.0,344.0,17.130039930343628,0.0255,0.0255,0.0255,0.0255,0.0255,0.0255,0.0255,0.0255,0.0255,0.0255,0.0475,0.0375,0.0375,0.015499999999999998,0.015499999999999998,0.015499999999999998,0.015499999999999998,0.015499999999999998,0.015499999999999998,-0.0,2,7.050000000000001,-382.0
2026-10-01T16:53:40.599040+00:00,1790873620.59904,1065,Will the Republican Party win the NH-01 House race?,91186816975424134991471599978287903711550131664584931108307233067509874308550,0.005,10000.0,50.0,SELL,1.0,0.025,0.07,0.0475,0.045000000000000005,9.279362916946411,0.015,0.036,0.0255,0.020999999999999998,17.130039930343628,0.022000000000000002,0.020499999999999997,40.0,1965.0,30.0,344.0,17.130039930343628,0.0255,0.0255,0.0255,0.0255,0.0255,0.0255,0.0255,0.0255,0.0255,0.0255,0.0475,0.0375,0.0375,0.020499999999999997,0.020499999999999997,0.020499999999999997,0.020499999999999997,0.020499999999999997,0.020499999999999997,-0.0,3,7.680000000000001,-445.0
2026-10-01T16:53:40.599040+00:00,1790873620.59904,1065,Will the Republican Party win the NH-01 House race?,91186816975424134991471599978287903711550131664584931108307233067509874308550,0.005,3000.0,15.0,SELL,1.0,0.025,0.07,0.0475,0.045000000000000005,9.279362916946411,0.015,0.036,0.0255,0.020999999999999998,17.130039930343628,0.022000000000000002,0.020499999999999997,40.0,1965.0,30.0,344.0,17.130039930343628,0.0255,0.0255,0.0255,0.0255,0.0255,0.0255,0.0255,0.0255,0.0255,0.0255,0.0475,0.0375,0.0375,0.020499999999999997,0.020499999999999997,0.020499999999999997,0.020499999999999997,0.020499999999999997,0.020499999999999997,-0.0,4,57.68,-10445.0
2026-10-01T16:53:42.128559+00:00,1790873622.128559,1041,Will the Republican Party win the WI-03 House race?,83772236231104306836754599890295414817047560410380925946355605231115771621017,0.275,50.0,13.750000000000002,BUY,-1.0,0.265,0.275,0.27,0.010000000000000009,10.808881998062134,0.25,0.26,0.255,0.010000000000000009,4.087559223175049,0.015000000000000013,0.020000000000000018,406.79,1232.8700000000001,300.11,1518.61,4.087559223175049,0.255,0.255,0.255,0.255,0.255,0.255,0.255,0.255,0.255,0.255,0.2725,0.275,0.2725,0.020000000000000018,0.020000000000000018,0.020000000000000018,0.020000000000000018,0.020000000000000018,0.020000000000000018,0.0,0,0,0
2026-10-01T16:53:42.550601+00:00,1790873622.550601,1077,Will the Republican Party win the Rhode Island Senate?,34189052194715415717712638492295939369730261135279818111658380308037908103272,0.005,19565.0,97.825,SELL,1.0,0.005,0.03,0.017499999999999998,0.024999999999999998,23.269330978393555,0.003,0.012,0.0075,0.009000000000000001,2.2216010093688965,0.009999999999999998,0.0024999999999999996,140.0,653.0,25.1,202.9,31.92660093307495,0.0075,0.0075,0.0075,0.0075,0.0075,0.0075,0.0075,0.0075,0.0075,0.0075,0.017499999999999998,0.0225,0.027500000000000004,0.0024999999999999996,0.0024999999999999996,0.0024999999999999996,0.0024999999999999996,0.0024999999999999996,0.0024999999999999996,-0.0,9,34.49,-6889.0
2026-10-01T16:53:43.589011+00:00,1790873623.589011,980,Will the Democratic Party win the South Dakota Senate?,67967023811721834738685695249992484419619114809767608640505747182577663027691,0.03,1.0,0.03,BUY,-1.0,0.005,0.03,0.017499999999999998,0.024999999999999998,4.055459976196289,0.001,0.002,0.0015,0.001,25.487010955810547,0.015999999999999997,0.028499999999999998,13472.26,13472.26,1824.98,2256.34,25.487010955810547,0.0015,0.0015,0.0015,0.0015,0.0015,0.0015,0.0015,0.0015,0.0015,0.0015,0.017499999999999998,0.017499999999999998,0.04,0.028499999999999998,0.028499999999999998,0.028499999999999998,0.028499999999999998,0.028499999999999998,0.028499999999999998,0.0,4,10.445,347.0
2026-10-01T16:53:47.799765+00:00,1790873627.799765,1077,Will the Republican Party win the Rhode Island Senate?,34189052194715415717712638492295939369730261135279818111658380308037908103272,0.005,243.0,1.215,SELL,1.0,0.005,0.03,0.017499999999999998,0.024999999999999998,28.518495082855225,0.003,0.012,0.0075,0.009000000000000001,7.470765113830566,0.009999999999999998,0.0024999999999999996,140.0,653.0,25.1,202.9,37.17576503753662,0.0075,0.0075,0.0075,0.0075,0.0075,0.0075,0.0075,0.0075,0.0075,0.0075,0.017499999999999998,0.0225,0.027500000000000004,0.0024999999999999996,0.0024999999999999996,0.0024999999999999996,0.0024999999999999996,0.0024999999999999996,0.0024999999999999996,-0.0,10,132.315,-26454.0
2026-10-01T16:53:48.070505+00:00,1790873628.070505,1033,Will the Democratic Party win the VA-05 House race?,30424541292784877350495001354252975055952568624850695789713995653053526735723,0.215,125.0,26.875,SELL,1.0,0.215,0.23,0.2225,0.015000000000000013,16.75082778930664,0.22,0.23,0.225,0.010000000000000009,53.99050498008728,-0.0025000000000000022,0.010000000000000009,200.09,5813.34,6476.31,10848.76,53.99050498008728,0.225,0.225,0.225,0.225,0.225,0.225,0.225,0.225,0.225,0.225,0.2225,0.2225,0.22,0.010000000000000009,0.010000000000000009,0.010000000000000009,0.010000000000000009,0.010000000000000009,0.010000000000000009,-0.0,1,53.75,-250.0
2026-10-01T16:53:48.070505+00:00,1790873628.070505,1034,Will the Republican Party win the VA-05 House race?,83253007588985953900662535978265304048199216427463571583210985764316132662845,0.795,125.0,99.375,SELL,1.0,0.795,0.81,0.8025,0.015000000000000013,16.75082778930664,0.78,0.79,0.785,0.010000000000000009,4.028504848480225,0.01749999999999996,-0.010000000000000009,102.07,7854.7,561.85,9655.47,31.351504802703857,0.785,0.785,0.785,0.785,0.785,0.785,0.785,0.785,0.785,0.785,0.8025,0.8025,0.79,-0.010000000000000009,-0.010000000000000009,-0.010000000000000009,-0.010000000000000009,-0.010000000000000009,-0.010000000000000009,-0.0,0,0,0
2026-10-01T16:53:51.887777+00:00,1790873631.887777,932,Will the Democratic Party win the TX-15 House race?,6584875983046678011286869107197719818123093254495444235544680527373303971994,0.78,150.0,117.0,SELL,1.0,0.78,0.785,0.7825,0.0050000000000000044,19.6977641582489,0.79,0.81,0.8,0.020000000000000018,3.497776985168457,-0.01750000000000007,0.020000000000000018,469.66,7453.06,320.23,12039.13,26.776777029037476,0.8,0.8,0.8,0.8,0.8,0.8,0.8,0.8,0.805,0.8,0.7775000000000001,0.7825,0.78,0.020000000000000018,0.020000000000000018,0.020000000000000018,0.020000000000000018,0.025000000000000022,0.020000000000000018,-0.0,2,662.54,844.0
2026-10-01T16:53:51.887777+00:00,1790873631.887777,932,Will the Democratic Party win the TX-15 House race?,6584875983046678011286869107197719818123093254495444235544680527373303971994,0.78,125.0,97.5,SELL,1.0,0.78,0.785,0.7825,0.0050000000000000044,19.6977641582489,0.79,0.81,0.8,0.020000000000000018,3.497776985168457,-0.01750000000000007,0.020000000000000018,469.66,7453.06,320.23,12039.13,26.776777029037476,0.8,0.8,0.8,0.8,0.8,0.8,0.8,0.8,0.805,0.8,0.7775000000000001,0.7825,0.78,0.020000000000000018,0.020000000000000018,0.020000000000000018,0.020000000000000018,0.025000000000000022,0.020000000000000018,-0.0,3,779.54,694.0
2026-10-01T16:53:51.887777+00:00,1790873631.887777,932,Will the Democratic Party win the TX-15 House race?,6584875983046678011286869107197719818123093254495444235544680527373303971994,0.77,32.0,24.64,SELL,1.0,0.78,0.785,0.7825,0.0050000000000000044,19.6977641582489,0.79,0.81,0.8,0.020000000000000018,3.497776985168457,-0.01750000000000007,0.030000000000000027,469.66,7453.06,320.23,12039.13,26.776777029037476,0.8,0.8,0.8,0.8,0.8,0.8,0.8,0.8,0.805,0.8,0.7775000000000001,0.7825,0.78,0.030000000000000027,0.030000000000000027,0.030000000000000027,0.030000000000000027,0.03500000000000003,0.030000000000000027,-0.0,4,877.04,569.0
2026-10-01T16:53:51.887777+00:00,1790873631.887777,932,Will the Democratic Party win the TX-15 House race?,6584875983046678011286869107197719818123093254495444235544680527373303971994,0.77,193.0,148.61,SELL,1.0,0.78,0.785,0.7825,0.0050000000000000044,19.6977641582489,0.79,0.81,0.8,0.020000000000000018,3.497776985168457,-0.01750000000000007,0.030000000000000027,469.66,7453.06,320.23,12039.13,26.776777029037476,0.8,0.8,0.8,0.8,0.8,0.8,0.8,0.8,0.805,0.8,0.7775000000000001,0.7825,0.78,0.030000000000000027,0.030000000000000027,0.030000000000000027,0.030000000000000027,0.03500000000000003,0.030000000000000027,-0.0,5,901.6800000000001,537.0
2026-10-01T16:53:55.434575+00:00,1790873635.434575,938,Will the Republican Party win the VA-01 House race?,19527325130044660074684336011478717458899906478875219180396447156299505391740,0.47,136.0,63.919999999999995,SELL,1.0,0.47,0.49,0.48,0.020000000000000018,2.7316510677337646,0.45,0.46,0.455,0.010000000000000009,1.4695751667022705,0.024999999999999967,-0.014999999999999958,288.0,488.22,243.1,3124.75,30.020575046539307,0.455,0.455,0.455,0.455,0.455,0.455,0.455,0.455,0.455,0.455,0.47750000000000004,0.48,0.4925,-0.014999999999999958,-0.014999999999999958,-0.014999999999999958,-0.014999999999999958,-0.014999999999999958,-0.014999999999999958,-0.0,2,31.77,34.0
2026-10-01T16:53:56.465731+00:00,1790873636.465731,969,Will the Independent Party win the Nebraska Senate?,47975366268282823322598946778919483335780002591367838795894307024076579116518,0.28,50.0,14.000000000000002,SELL,1.0,0.28,0.285,0.2825,0.004999999999999949,0.7907848358154297,0.3,0.31,0.305,0.010000000000000009,1.4367308616638184,-0.02250000000000002,0.024999999999999967,3137.93,27266.74,59721.01,161171.35,32.58573079109192,0.305,0.305,0.305,0.305,0.305,0.305,0.305,0.305,0.305,0.305,0.28,0.28,0.28500000000000003,0.024999999999999967,0.024999999999999967,0.024999999999999967,0.024999999999999967,0.024999999999999967,0.024999999999999967,-0.0,0,0,0
2026-10-01T16:53:56.465731+00:00,1790873636.465731,969,Will the Independent Party win the Nebraska Senate?,47975366268282823322598946778919483335780002591367838795894307024076579116518,0.27,543.0,146.61,SELL,1.0,0.28,0.285,0.2825,0.004999999999999949,0.7907848358154297,0.3,0.31,0.305,0.010000000000000009,1.4367308616638184,-0.02250000000000002,0.034999999999999976,3137.93,27266.74,59721.01,161171.35,32.58573079109192,0.305,0.305,0.305,0.305,0.305,0.305,0.305,0.305,0.305,0.305,0.28,0.28,0.28500000000000003,0.034999999999999976,0.034999999999999976,0.034999999999999976,0.034999999999999976,0.034999999999999976,0.034999999999999976,-0.0,1,14.000000000000002,-50.0
2026-10-01T16:53:56.465731+00:00,1790873636.465731,970,Will the Republican Party win the Nebraska Senate?,92576281548134350814800877416860562553699794074017301653635964206220838638047,0.705,593.0,418.065,SELL,1.0,0.705,0.72,0.7124999999999999,0.015000000000000013,0.7907848358154297,0.7,0.71,0.705,0.010000000000000009,0.008730888366699219,0.007499999999999951,0.0,10257.32,104432.95,2159.58,50867.21,34.18373084068298,0.705,0.705,0.705,0.705,0.705,0.705,0.705,0.705,0.705,0.705,0.7124999999999999,0.71,0.6975,0.0,0.0,0.0,0.0,0.0,0.0,-0.0,0,0,0
2026-10-01T16:53:56.907541+00:00,1790873636.907541,1033,Will the Democratic Party win the VA-05 House race?,30424541292784877350495001354252975055952568624850695789713995653053526735723,0.22999999999999998,150.0,34.5,BUY,-1.0,0.215,0.23,0.2225,0.015000000000000013,4.535812139511108,0.22,0.23,0.225,0.010000000000000009,7.110541105270386,-0.0025000000000000022,0.004999999999999977,200.09,5813.34,6476.31,10848.76,7.110541105270386,0.225,0.225,0.225,0.225,0.225,0.225,0.225,0.225,0.225,0.225,0.22499999999999998,0.2225,0.22,0.004999999999999977,0.004999999999999977,0.004999999999999977,0.004999999999999977,0.004999999999999977,0.004999999999999977,0.0,2,80.625,-375.0
2026-10-01T16:53:58.368958+00:00,1790873638.368958,1077,Will the Republican Party win the Rhode Island Senate?,34189052194715415717712638492295939369730261135279818111658380308037908103272,0.03,100.0,3.0,BUY,-1.0,0.005,0.03,0.017499999999999998,0.024999999999999998,5.997229099273682,0.003,0.012,0.0075,0.009000000000000001,18.039958000183105,0.009999999999999998,0.0225,140.0,653.0,25.1,202.9,47.74495792388916,0.0075,0.0075,0.0075,0.0075,0.0075,0.0075,0.0075,0.0075,0.0075,0.0075,0.0225,0.0125,0.027500000000000004,0.0225,0.0225,0.0225,0.0225,0.0225,0.0225,0.0,10,133.49,-26698.0
2026-10-01T16:53:58.425446+00:00,1790873638.425446,1077,Will the Republican Party win the Rhode Island Senate?,34189052194715415717712638492295939369730261135279818111658380308037908103272,0.040000000000000036,1.0,0.040000000000000036,BUY,-1.0,0.005,0.03,0.017499999999999998,0.024999999999999998,6.053717136383057,0.003,0.012,0.0075,0.009000000000000001,18.09644603729248,0.009999999999999998,0.032500000000000036,140.0,653.0,25.1,202.9,47.801445960998535,0.0075,0.0075,0.0075,0.0075,0.0075,0.0075,0.0075,0.0075,0.0075,0.0075,0.0225,0.0125,0.027500000000000004,0.032500000000000036,0.032500000000000036,0.032500000000000036,0.032500000000000036,0.032500000000000036,0.032500000000000036,0.0,11,136.49,-26598.0
2026-10-01T16:53:58.693293+00:00,1790873638.693293,1034,Will the Republican Party win the VA-05 House race?,83253007588985953900662535978265304048199216427463571583210985764316132662845,0.795,100.0,79.5,SELL,1.0,0.795,0.81,0.8025,0.015000000000000013,6.321564197540283,0.78,0.79,0.785,0.010000000000000009,1.1982932090759277,0.01749999999999996,-0.010000000000000009,102.07,7854.7,561.85,9655.47,41.97429299354553,0.785,0.785,0.785,0.785,0.785,0.785,0.785,0.785,0.785,0.785,0.7975,0.79,0.79,-0.010000000000000009,-0.010000000000000009,-0.010000000000000009,-0.010000000000000009,-0.010000000000000009,-0.010000000000000009,-0.0,1,99.375,-125.0
2026-10-01T16:53:59.108447+00:00,1790873639.108447,922,Will the Democratic Party win the PA-01 House race?,90438836256571410927299008367228796312209722771624666597034907143954367060240,0.345,79.0,27.255,SELL,1.0,0.345,0.35,0.3475,0.0050000000000000044,6.405523061752319,0.33,0.34,0.335,0.010000000000000009,3.101447105407715,0.012499999999999956,-0.009999999999999953,1646.51,18081.37,7882.94,30359.6,3.101447105407715,0.335,0.335,0.335,0.335,0.335,0.335,0.335,0.335,0.335,0.335,0.3475,0.35,0.3475,-0.009999999999999953,-0.009999999999999953,-0.009999999999999953,-0.009999999999999953,-0.009999999999999953,-0.009999999999999953,-0.0,0,0,0
2026-10-01T16:53:59.108447+00:00,1790873639.108447,922,Will the Democratic Party win the PA-01 House race?,90438836256571410927299008367228796312209722771624666597034907143954367060240,0.345,16.0,5.52,SELL,1.0,0.345,0.35,0.3475,0.0050000000000000044,6.405523061752319,0.33,0.34,0.335,0.010000000000000009,3.101447105407715,0.012499999999999956,-0.009999999999999953,1646.51,18081.37,7882.94,30359.6,3.101447105407715,0.335,0.335,0.335,0.335,0.335,0.335,0.335,0.335,0.335,0.335,0.3475,0.35,0.3475,-0.009999999999999953,-0.009999999999999953,-0.009999999999999953,-0.009999999999999953,-0.009999999999999953,-0.009999999999999953,-0.0,1,27.255,-79.0
2026-10-01T16:54:00.579950+00:00,1790873640.57995,980,Will the Democratic Party win the South Dakota Senate?,67967023811721834738685695249992484419619114809767608640505747182577663027691,0.03,199.0,5.97,BUY,-1.0,0.005,0.03,0.017499999999999998,0.024999999999999998,4.905004024505615,0.001,0.002,0.0015,0.001,14.508949995040894,0.015999999999999997,0.028499999999999998,13472.26,13472.26,1824.98,2256.34,42.47795009613037,0.0015,0.0015,0.0015,0.0015,0.0015,0.0015,0.0015,0.0015,0.0015,0.0015,0.017499999999999998,0.0275,0.045000000000000005,0.028499999999999998,0.028499999999999998,0.028499999999999998,0.028499999999999998,0.028499999999999998,0.028499999999999998,0.0,2,0.034999999999999996,0.0
2026-10-01T16:54:03.824424+00:00,1790873643.824424,932,Will the Democratic Party win the TX-15 House race?,6584875983046678011286869107197719818123093254495444235544680527373303971994,0.785,500.0,392.5,BUY,-1.0,0.77,0.785,0.7775000000000001,0.015000000000000013,11.121500015258789,0.79,0.81,0.8,0.020000000000000018,15.434423923492432,-0.022499999999999964,-0.015000000000000013,469.66,7453.06,320.23,12039.13,38.71342396736145,0.8,0.8,0.8,0.8,0.8,0.8,0.8,0.8,0.805,0.8,0.7775000000000001,0.78,0.78,-0.015000000000000013,-0.015000000000000013,-0.015000000000000013,-0.015000000000000013,-0.020000000000000018,-0.015000000000000013,0.0,6,1050.29,344.0
2026-10-01T16:54:05.148701+00:00,1790873645.148701,1033,Will the Democratic Party win the VA-05 House race?,30424541292784877350495001354252975055952568624850695789713995653053526735723,0.215,25.0,5.375,SELL,1.0,0.215,0.23,0.2225,0.015000000000000013,12.77697205543518,0.22,0.23,0.225,0.010000000000000009,15.351701021194458,-0.0025000000000000022,0.010000000000000009,200.09,5813.34,6476.31,10848.76,15.351701021194458,0.225,0.225,0.225,0.225,0.225,0.225,0.225,0.225,0.225,0.225,0.22499999999999998,0.2225,0.22,0.010000000000000009,0.010000000000000009,0.010000000000000009,0.010000000000000009,0.010000000000000009,0.010000000000000009,-0.0,3,115.125,-225.0
2026-10-01T16:54:05.148701+00:00,1790873645.148701,1034,Will the Republican Party win the VA-05 House race?,83253007588985953900662535978265304048199216427463571583210985764316132662845,0.795,25.0,19.875,SELL,1.0,0.795,0.81,0.8025,0.015000000000000013,12.77697205543518,0.78,0.79,0.785,0.010000000000000009,7.653701066970825,0.01749999999999996,-0.010000000000000009,102.07,7854.7,561.85,9655.47,48.42970085144043,0.785,0.785,0.785,0.785,0.785,0.785,0.785,0.785,0.785,0.785,0.8025,0.79,0.79,-0.010000000000000009,-0.010000000000000009,-0.010000000000000009,-0.010000000000000009,-0.010000000000000009,-0.010000000000000009,-0.0,2,178.875,-225.0
2026-10-01T16:54:06.058421+00:00,1790873646.058421,1007,Will the Democratic Party win the AL-02 House race?,13189761649035136014216228195645475511361901020555722779072382901094466765019,0.265,618.0,163.77,BUY,-1.0,0.245,0.265,0.255,0.020000000000000018,13.686691999435425,0.26,0.27,0.265,0.010000000000000009,0.6114208698272705,-0.010000000000000009,-0.0,367.6,13140.95,10434.48,35454.11,43.43742084503174,0.265,0.265,0.265,0.265,0.265,0.265,0.265,0.265,0.265,0.265,0.26,0.26,0.25,-0.0,-0.0,-0.0,-0.0,-0.0,-0.0,0.0,0,0,0
2026-10-01T16:54:06.633034+00:00,1790873646.633034,1033,Will the Democratic Party win the VA-05 House race?,30424541292784877350495001354252975055952568624850695789713995653053526735723,0.215,25.0,5.375,SELL,1.0,0.215,0.23,0.2225,0.015000000000000013,14.261305093765259,0.22,0.23,0.225,0.010000000000000009,16.836034059524536,-0.0025000000000000022,0.010000000000000009,200.09,5813.34,6476.31,10848.76,16.836034059524536,0.225,0.225,0.225,0.225,0.225,0.225,0.225,0.225,0.225,0.225,0.22499999999999998,0.2225,0.22,0.010000000000000009,0.010000000000000009,0.010000000000000009,0.010000000000000009,0.010000000000000009,0.010000000000000009,-0.0,4,120.5,-250.0
2026-10-01T16:54:09.529483+00:00,1790873649.529483,1031,Will the Democratic Party win the VA-01 House race?,88628412725357801969852238315853152041907755032296775468463465337049299853893,0.515,25.0,12.875,SELL,1.0,0.515,0.525,0.52,0.010000000000000009,2.8949151039123535,0.52,0.53,0.525,0.010000000000000009,0.04548311233520508,-0.0050000000000000044,0.010000000000000009,1027.35,1769.55,18.0,2178.8599999999997,44.08348298072815,0.525,0.525,0.525,0.525,0.525,0.525,0.525,0.525,0.525,0.525,0.5075000000000001,0.5025,0.5125,0.010000000000000009,0.010000000000000009,0.010000000000000009,0.010000000000000009,0.010000000000000009,0.010000000000000009,-0.0,0,0,0
2026-10-01T16:54:09.529483+00:00,1790873649.529483,1031,Will the Democratic Party win the VA-01 House race?,88628412725357801969852238315853152041907755032296775468463465337049299853893,0.515,133.0,68.495,SELL,1.0,0.515,0.525,0.52,0.010000000000000009,2.8949151039123535,0.52,0.53,0.525,0.010000000000000009,0.04548311233520508,-0.0050000000000000044,0.010000000000000009,1027.35,1769.55,18.0,2178.8599999999997,44.08348298072815,0.525,0.525,0.525,0.525,0.525,0.525,0.525,0.525,0.525,0.525,0.5075000000000001,0.5025,0.5125,0.010000000000000009,0.010000000000000009,0.010000000000000009,0.010000000000000009,0.010000000000000009,0.010000000000000009,-0.0,1,12.875,-25.0
2026-10-01T16:54:09.568637+00:00,1790873649.568637,1021,Will the Democratic Party win the MI-10 House race?,75685534826787951976275953631896177236439299709473517876953614908104349066066,0.655,12.0,7.86,SELL,1.0,0.655,0.66,0.6575,0.0050000000000000044,2.9340689182281494,0.65,0.66,0.655,0.010000000000000009,16.54763698577881,0.0024999999999999467,0.0,1483.7,7257.280000000001,1771.07,24006.45,48.07863688468933,0.655,0.655,0.655,0.655,0.655,0.655,0.655,0.655,0.655,0.655,0.65,0.6525000000000001,0.65,0.0,0.0,0.0,0.0,0.0,0.0,-0.0,0,0,0
2026-10-01T16:54:10.447173+00:00,1790873650.447173,912,Will the Democratic Party win the MT-01 House race?,94033987553817825990709512567031751048276730850154145976615728913102874968691,0.32,300.0,96.0,BUY,-1.0,0.31,0.32,0.315,0.010000000000000009,3.558960199356079,0.32,0.33,0.325,0.010000000000000009,40.44717311859131,-0.010000000000000009,-0.0050000000000000044,1097.77,4687.51,9578.2,24635.41,52.653173208236694,0.325,0.325,0.325,0.325,0.325,0.325,0.325,0.325,0.325,0.325,0.33,0.325,0.3275,-0.0050000000000000044,-0.0050000000000000044,-0.0050000000000000044,-0.0050000000000000044,-0.0050000000000000044,-0.0050000000000000044,0.0,0,0,0
2026-10-01T16:54:10.791556+00:00,1790873650.791556,932,Will the Democratic Party win the TX-15 House race?,6584875983046678011286869107197719818123093254495444235544680527373303971994,0.785,100.0,78.5,BUY,-1.0,0.77,0.785,0.7775000000000001,0.015000000000000013,3.9033429622650146,0.79,0.81,0.8,0.020000000000000018,22.40155577659607,-0.022499999999999964,-0.015000000000000013,469.66,7453.06,320.23,12039.13,45.68055582046509,0.8,0.8,0.8,0.8,0.8,0.8,0.8,0.8,0.805,0.8,0.7775000000000001,0.7775000000000001,0.78,-0.015000000000000013,-0.015000000000000013,-0.015000000000000013,-0.015000000000000013,-0.020000000000000018,-0.015000000000000013,0.0,7,1442.79,844.0
2026-10-01T16:54:11.395909+00:00,1790873651.395909,1075,Will the Republican Party win the Delaware Senate?,87168139162038142124325281596428703628651393008967709292675786182583009487326,0.005,8509.0,42.545,SELL,1.0,0.005,0.04,0.0225,0.035,4.761341094970703,0.011,0.05,0.0305,0.03900000000000001,2.692909002304077,-0.008,0.0255,97.29,182.77,73.37,218.57000000000002,46.19390916824341,0.028499999999999998,0.027499999999999997,0.0315,0.0305,0.0305,0.0295,0.027499999999999997,0.0325,0.0315,0.027499999999999997,0.0225,0.0225,0.035,0.0255,0.024499999999999997,0.022499999999999996,0.0275,0.0265,0.022499999999999996,0.0010000000000000009,0,0,0
2026-10-01T16:54:11.395909+00:00,1790873651.395909,1075,Will the Republican Party win the Delaware Senate?,87168139162038142124325281596428703628651393008967709292675786182583009487326,0.005,300.0,1.5,SELL,1.0,0.005,0.04,0.0225,0.035,4.761341094970703,0.011,0.05,0.0305,0.03900000000000001,2.692909002304077,-0.008,0.0255,97.29,182.77,73.37,218.57000000000002,46.19390916824341,0.028499999999999998,0.027499999999999997,0.0315,0.0305,0.0305,0.0295,0.027499999999999997,0.0325,0.0315,0.027499999999999997,0.0225,0.0225,0.035,0.0255,0.024499999999999997,0.022499999999999996,0.0275,0.0265,0.022499999999999996,0.0010000000000000009,1,42.545,-8509.0
2026-10-01T16:54:11.395909+00:00,1790873651.395909,1075,Will the Republican Party win the Delaware Senate?,87168139162038142124325281596428703628651393008967709292675786182583009487326,0.005,50.0,0.25,SELL,1.0,0.005,0.04,0.0225,0.035,4.761341094970703,0.011,0.05,0.0305,0.03900000000000001,2.692909002304077,-0.008,0.0255,97.29,182.77,73.37,218.57000000000002,46.19390916824341,0.028499999999999998,0.027499999999999997,0.0315,0.0305,0.0305,0.0295,0.027499999999999997,0.0325,0.0315,0.027499999999999997,0.0225,0.0225,0.035,0.0255,0.024499999999999997,0.022499999999999996,0.0275,0.0265,0.022499999999999996,0.0010000000000000009,2,44.045,-8809.0
2026-10-01T16:54:11.654873+00:00,1790873651.654873,932,Will the Democratic Party win the TX-15 House race?,6584875983046678011286869107197719818123093254495444235544680527373303971994,0.785,250.0,196.25,BUY,-1.0,0.77,0.785,0.7775000000000001,0.015000000000000013,4.76665997505188,0.79,0.81,0.8,0.020000000000000018,23.264872789382935,-0.022499999999999964,-0.015000000000000013,469.66,7453.06,320.23,12039.13,46.54387283325195,0.8,0.8,0.8,0.8,0.8,0.8,0.8,0.8,0.805,0.8,0.7775000000000001,0.7775000000000001,0.78,-0.015000000000000013,-0.015000000000000013,-0.015000000000000013,-0.015000000000000013,-0.020000000000000018,-0.015000000000000013,0.0,8,1521.29,944.0
2026-10-01T16:54:13.262508+00:00,1790873653.262508,922,Will the Democratic Party win the PA-01 House race?,90438836256571410927299008367228796312209722771624666597034907143954367060240,0.35,50.0,17.5,BUY,-1.0,0.345,0.35,0.3475,0.0050000000000000044,6.374294996261597,0.33,0.34,0.335,0.010000000000000009,17.255507946014404,0.012499999999999956,0.014999999999999958,1646.51,18081.37,7882.94,30359.6,17.255507946014404,0.335,0.335,0.335,0.335,0.335,0.335,0.335,0.335,0.335,0.335,0.35,0.35,0.3475,0.014999999999999958,0.014999999999999958,0.014999999999999958,0.014999999999999958,0.014999999999999958,0.014999999999999958,0.0,2,32.775,-95.0
2026-10-01T16:54:15.473473+00:00,1790873655.473473,1074,Will the Republican Party win the Rhode Island Governor?,20754254139035614694374518757343678468946299461021566299562376905544253104084,0.005,88.0,0.44,SELL,1.0,0.005,0.045,0.024999999999999998,0.04,8.838905096054077,0.018,0.019,0.0185,0.0010000000000000009,11.499473094940186,0.006499999999999999,0.013499999999999998,21.0,430.1,67.96,242.06,11.499473094940186,0.0185,0.0185,0.0185,0.0185,0.0185,0.0185,0.0185,0.0185,0.0185,,0.0225,0.037500000000000006,0.030000000000000002,0.013499999999999998,0.013499999999999998,0.013499999999999998,0.013499999999999998,0.013499999999999998,,-0.0,0,0,0
2026-10-01T16:54:15.990824+00:00,1790873655.990824,1031,Will the Democratic Party win the VA-01 House race?,88628412725357801969852238315853152041907755032296775468463465337049299853893,0.51,350.0,178.5,SELL,1.0,0.515,0.525,0.52,0.010000000000000009,9.356256008148193,0.52,0.53,0.525,0.010000000000000009,1.4678239822387695,-0.0050000000000000044,0.015000000000000013,1027.35,1769.55,18.0,2178.8599999999997,50.54482388496399,0.525,0.525,0.525,0.525,0.525,0.525,0.525,0.525,0.525,0.525,0.5075000000000001,0.5025,0.5125,0.015000000000000013,0.015000000000000013,0.015000000000000013,0.015000000000000013,0.015000000000000013,0.015000000000000013,-0.0,2,81.37,-158.0
2026-10-01T16:54:19.874835+00:00,1790873659.874835,1031,Will the Democratic Party win the VA-01 House race?,88628412725357801969852238315853152041907755032296775468463465337049299853893,0.5,200.0,100.0,SELL,1.0,0.5,0.515,0.5075000000000001,0.015000000000000013,1.198167085647583,0.52,0.53,0.525,0.010000000000000009,0.25383496284484863,-0.01749999999999996,0.025000000000000022,1027.35,1769.55,18.0,2178.8599999999997,54.42883491516113,0.525,0.525,0.525,0.525,0.525,0.525,0.525,0.525,0.525,0.525,0.5075000000000001,0.5025,0.5125,0.025000000000000022,0.025000000000000022,0.025000000000000022,0.025000000000000022,0.025000000000000022,0.025000000000000022,-0.0,3,259.87,-508.0
2026-10-01T16:54:19.874835+00:00,1790873659.874835,1031,Will the Democratic Party win the VA-01 House race?,88628412725357801969852238315853152041907755032296775468463465337049299853893,0.495,345.0,170.775,SELL,1.0,0.5,0.515,0.5075000000000001,0.015000000000000013,1.198167085647583,0.52,0.53,0.525,0.010000000000000009,0.25383496284484863,-0.01749999999999996,0.030000000000000027,1027.35,1769.55,18.0,2178.8599999999997,54.42883491516113,0.525,0.525,0.525,0.525,0.525,0.525,0.525,0.525,0.525,0.525,0.5075000000000001,0.5025,0.5125,0.030000000000000027,0.030000000000000027,0.030000000000000027,0.030000000000000027,0.030000000000000027,0.030000000000000027,-0.0,4,359.87,-708.0
2026-10-01T16:54:19.874835+00:00,1790873659.874835,1031,Will the Democratic Party win the VA-01 House race?,88628412725357801969852238315853152041907755032296775468463465337049299853893,0.49,500.0,245.0,SELL,1.0,0.5,0.515,0.5075000000000001,0.015000000000000013,1.198167085647583,0.52,0.53,0.525,0.010000000000000009,0.25383496284484863,-0.01749999999999996,0.03500000000000003,1027.35,1769.55,18.0,2178.8599999999997,54.42883491516113,0.525,0.525,0.525,0.525,0.525,0.525,0.525,0.525,0.525,0.525,0.5075000000000001,0.5025,0.5125,0.03500000000000003,0.03500000000000003,0.03500000000000003,0.03500000000000003,0.03500000000000003,0.03500000000000003,-0.0,5,530.645,-1053.0
2026-10-01T16:54:19.874835+00:00,1790873659.874835,1031,Will the Democratic Party win the VA-01 House race?,88628412725357801969852238315853152041907755032296775468463465337049299853893,0.485,100.0,48.5,SELL,1.0,0.5,0.515,0.5075000000000001,0.015000000000000013,1.198167085647583,0.52,0.53,0.525,0.010000000000000009,0.25383496284484863,-0.01749999999999996,0.040000000000000036,1027.35,1769.55,18.0,2178.8599999999997,54.42883491516113,0.525,0.525,0.525,0.525,0.525,0.525,0.525,0.525,0.525,0.525,0.5075000000000001,0.5025,0.5125,0.040000000000000036,0.040000000000000036,0.040000000000000036,0.040000000000000036,0.040000000000000036,0.040000000000000036,-0.0,6,775.645,-1553.0
2026-10-01T16:54:19.874835+00:00,1790873659.874835,1031,Will the Democratic Party win the VA-01 House race?,88628412725357801969852238315853152041907755032296775468463465337049299853893,0.485,180.0,87.3,SELL,1.0,0.5,0.515,0.5075000000000001,0.015000000000000013,1.198167085647583,0.52,0.53,0.525,0.010000000000000009,0.25383496284484863,-0.01749999999999996,0.040000000000000036,1027.35,1769.55,18.0,2178.8599999999997,54.42883491516113,0.525,0.525,0.525,0.525,0.525,0.525,0.525,0.525,0.525,0.525,0.5075000000000001,0.5025,0.5125,0.040000000000000036,0.040000000000000036,0.040000000000000036,0.040000000000000036,0.040000000000000036,0.040000000000000036,-0.0,7,824.145,-1653.0
2026-10-01T16:54:19.874835+00:00,1790873659.874835,1031,Will the Democratic Party win the VA-01 House race?,88628412725357801969852238315853152041907755032296775468463465337049299853893,0.48,65.0,31.2,SELL,1.0,0.5,0.515,0.5075000000000001,0.015000000000000013,1.198167085647583,0.52,0.53,0.525,0.010000000000000009,0.25383496284484863,-0.01749999999999996,0.04500000000000004,1027.35,1769.55,18.0,2178.8599999999997,54.42883491516113,0.525,0.525,0.525,0.525,0.525,0.525,0.525,0.525,0.525,0.525,0.5075000000000001,0.5025,0.5125,0.04500000000000004,0.04500000000000004,0.04500000000000004,0.04500000000000004,0.04500000000000004,0.04500000000000004,-0.0,8,911.445,-1833.0
2026-10-01T16:54:19.874835+00:00,1790873659.874835,1031,Will the Democratic Party win the VA-01 House race?,88628412725357801969852238315853152041907755032296775468463465337049299853893,0.47,114.0,53.58,SELL,1.0,0.5,0.515,0.5075000000000001,0.015000000000000013,1.198167085647583,0.52,0.53,0.525,0.010000000000000009,0.25383496284484863,-0.01749999999999996,0.05500000000000005,1027.35,1769.55,18.0,2178.8599999999997,54.42883491516113,0.525,0.525,0.525,0.525,0.525,0.525,0.525,0.525,0.525,0.525,0.5075000000000001,0.5025,0.5125,0.05500000000000005,0.05500000000000005,0.05500000000000005,0.05500000000000005,0.05500000000000005,0.05500000000000005,-0.0,9,942.645,-1898.0
2026-10-01T16:54:19.874835+00:00,1790873659.874835,1031,Will the Democratic Party win the VA-01 House race?,88628412725357801969852238315853152041907755032296775468463465337049299853893,0.46,671.0,308.66,SELL,1.0,0.5,0.515,0.5075000000000001,0.015000000000000013,1.198167085647583,0.52,0.53,0.525,0.010000000000000009,0.25383496284484863,-0.01749999999999996,0.065,1027.35,1769.55,18.0,2178.8599999999997,54.42883491516113,0.525,0.525,0.525,0.525,0.525,0.525,0.525,0.525,0.525,0.525,0.5075000000000001,0.5025,0.5125,0.065,0.065,0.065,0.065,0.065,0.065,-0.0,10,996.225,-2012.0
2026-10-01T16:54:20.123942+00:00,1790873660.123942,969,Will the Independent Party win the Nebraska Senate?,47975366268282823322598946778919483335780002591367838795894307024076579116518,0.275,600.0,165.0,SELL,1.0,0.275,0.295,0.28500000000000003,0.019999999999999962,0.47954392433166504,0.3,0.31,0.305,0.010000000000000009,8.08394193649292,-0.019999999999999962,0.02999999999999997,3137.93,27266.74,59721.01,161171.35,56.24394178390503,0.305,0.305,0.305,0.305,0.305,0.305,0.305,0.305,0.305,0.305,0.28500000000000003,0.28,0.28500000000000003,0.02999999999999997,0.02999999999999997,0.02999999999999997,0.02999999999999997,0.02999999999999997,0.02999999999999997,-0.0,2,160.61,-593.0
2026-10-01T16:54:20.123942+00:00,1790873660.123942,970,Will the Republican Party win the Nebraska Senate?,92576281548134350814800877416860562553699794074017301653635964206220838638047,0.705,165.0,116.32499999999999,SELL,1.0,0.705,0.715,0.71,0.010000000000000009,0.47954392433166504,0.7,0.71,0.705,0.010000000000000009,0.8949418067932129,0.0050000000000000044,0.0,10257.32,104432.95,2159.58,50867.21,57.841941833496094,0.705,0.705,0.705,0.705,0.705,0.705,0.705,0.705,0.705,0.705,0.71,0.71,0.6975,0.0,0.0,0.0,0.0,0.0,0.0,-0.0,1,418.065,-593.0
2026-10-01T16:54:20.123942+00:00,1790873660.123942,970,Will the Republican Party win the Nebraska Senate?,92576281548134350814800877416860562553699794074017301653635964206220838638047,0.705,50.0,35.25,SELL,1.0,0.705,0.715,0.71,0.010000000000000009,0.47954392433166504,0.7,0.71,0.705,0.010000000000000009,0.8949418067932129,0.0050000000000000044,0.0,10257.32,104432.95,2159.58,50867.21,57.841941833496094,0.705,0.705,0.705,0.705,0.705,0.705,0.705,0.705,0.705,0.705,0.71,0.71,0.6975,0.0,0.0,0.0,0.0,0.0,0.0,-0.0,2,534.39,-758.0
2026-10-01T16:54:20.123942+00:00,1790873660.123942,970,Will the Republican Party win the Nebraska Senate?,92576281548134350814800877416860562553699794074017301653635964206220838638047,0.7,328.0,229.6,SELL,1.0,0.705,0.715,0.71,0.010000000000000009,0.47954392433166504,0.7,0.71,0.705,0.010000000000000009,0.8949418067932129,0.0050000000000000044,0.0050000000000000044,10257.32,104432.95,2159.58,50867.21,57.841941833496094,0.705,0.705,0.705,0.705,0.705,0.705,0.705,0.705,0.705,0.705,0.71,0.71,0.6975,0.0050000000000000044,0.0050000000000000044,0.0050000000000000044,0.0050000000000000044,0.0050000000000000044,0.0050000000000000044,-0.0,3,569.64,-808.0
2026-10-01T16:54:20.123942+00:00,1790873660.123942,970,Will the Republican Party win the Nebraska Senate?,92576281548134350814800877416860562553699794074017301653635964206220838638047,0.695,57.0,39.614999999999995,SELL,1.0,0.705,0.715,0.71,0.010000000000000009,0.47954392433166504,0.7,0.71,0.705,0.010000000000000009,0.8949418067932129,0.0050000000000000044,0.010000000000000009,10257.32,104432.95,2159.58,50867.21,57.841941833496094,0.705,0.705,0.705,0.705,0.705,0.705,0.705,0.705,0.705,0.705,0.71,0.71,0.6975,0.010000000000000009,0.010000000000000009,0.010000000000000009,0.010000000000000009,0.010000000000000009,0.010000000000000009,-0.0,4,799.24,-1136.0
2026-10-01T16:54:21.295710+00:00,1790873661.29571,1033,Will the Democratic Party win the VA-05 House race?,30424541292784877350495001354252975055952568624850695789713995653053526735723,0.215,125.0,26.875,SELL,1.0,0.215,0.235,0.22499999999999998,0.01999999999999999,2.619042158126831,0.22,0.23,0.225,0.010000000000000009,31.49871015548706,-2.7755575615628914e-17,0.010000000000000009,200.09,5813.34,6476.31,10848.76,31.49871015548706,0.225,0.225,0.225,0.225,0.225,0.225,0.225,0.225,0.225,0.225,0.22499999999999998,0.2225,0.22,0.010000000000000009,0.010000000000000009,0.010000000000000009,0.010000000000000009,0.010000000000000009,0.010000000000000009,-0.0,5,125.875,-275.0
2026-10-01T16:54:22.020531+00:00,1790873662.020531,1060,Will the Republican Party win the Massachusetts Governor?,14326922722563448875565448072878801541030837097509186235755385779520510145451,0.04,350.0,14.0,SELL,1.0,0.04,0.05,0.045,0.010000000000000002,3.343863010406494,0.013,0.014,0.0135,0.0010000000000000009,0.06153082847595215,0.0315,-0.026500000000000003,101.93,629.4300000000001,11.0,312.62,78.98453092575073,0.0135,0.0135,0.0135,0.0135,0.0135,0.0135,0.0135,0.0135,0.0135,0.0135,0.0275,0.042499999999999996,0.042499999999999996,-0.026500000000000003,-0.026500000000000003,-0.026500000000000003,-0.026500000000000003,-0.026500000000000003,-0.026500000000000003,-0.0,0,0,0
2026-10-01T16:54:22.020531+00:00,1790873662.020531,1060,Will the Republican Party win the Massachusetts Governor?,14326922722563448875565448072878801541030837097509186235755385779520510145451,0.035,490.0,17.150000000000002,SELL,1.0,0.04,0.05,0.045,0.010000000000000002,3.343863010406494,0.013,0.014,0.0135,0.0010000000000000009,0.06153082847595215,0.0315,-0.021500000000000005,101.93,629.4300000000001,11.0,312.62,78.98453092575073,0.0135,0.0135,0.0135,0.0135,0.0135,0.0135,0.0135,0.0135,0.0135,0.0135,0.0275,0.042499999999999996,0.042499999999999996,-0.021500000000000005,-0.021500000000000005,-0.021500000000000005,-0.021500000000000005,-0.021500000000000005,-0.021500000000000005,-0.0,1,14.0,-350.0
2026-10-01T16:54:22.020531+00:00,1790873662.020531,1060,Will the Republican Party win the Massachusetts Governor?,14326922722563448875565448072878801541030837097509186235755385779520510145451,0.03,100.0,3.0,SELL,1.0,0.04,0.05,0.045,0.010000000000000002,3.343863010406494,0.013,0.014,0.0135,0.0010000000000000009,0.06153082847595215,0.0315,-0.0165,101.93,629.4300000000001,11.0,312.62,78.98453092575073,0.0135,0.0135,0.0135,0.0135,0.0135,0.0135,0.0135,0.0135,0.0135,0.0135,0.0275,0.042499999999999996,0.042499999999999996,-0.0165,-0.0165,-0.0165,-0.0165,-0.0165,-0.0165,-0.0,2,31.150000000000002,-840.0
2026-10-01T16:54:22.020531+00:00,1790873662.020531,1060,Will the Republican Party win the Massachusetts Governor?,14326922722563448875565448072878801541030837097509186235755385779520510145451,0.005,94.0,0.47000000000000003,SELL,1.0,0.04,0.05,0.045,0.010000000000000002,3.343863010406494,0.013,0.014,0.0135,0.0010000000000000009,0.06153082847595215,0.0315,0.0085,101.93,629.4300000000001,11.0,312.62,78.98453092575073,0.0135,0.0135,0.0135,0.0135,0.0135,0.0135,0.0135,0.0135,0.0135,0.0135,0.0275,0.042499999999999996,0.042499999999999996,0.0085,0.0085,0.0085,0.0085,0.0085,0.0085,-0.0,3,34.150000000000006,-940.0
2026-10-01T16:54:23.916488+00:00,1790873663.916488,1072,Will the Democratic Party win the Oklahoma Senate?,6307834485558435215808626904255859755441792356631836236470061805834871616531,0.02,102.0,2.04,SELL,1.0,0.02,0.08,0.05,0.06,5.2398200035095215,0.003,0.014,0.0085,0.011,0.0974879264831543,0.0415,-0.0115,150.0,1155.0,11.0,242.84,0.0974879264831543,0.0085,0.0085,0.0085,0.0085,0.0085,0.0085,0.0085,0.0085,0.0085,0.0085,0.035,0.04,0.0375,-0.0115,-0.0115,-0.0115,-0.0115,-0.0115,-0.0115,-0.0,4,99.99000000000001,1547.0
2026-10-01T16:54:25.918309+00:00,1790873665.918309,1034,Will the Republican Party win the VA-05 House race?,83253007588985953900662535978265304048199216427463571583210985764316132662845,0.795,125.0,99.375,SELL,1.0,0.79,0.815,0.8025,0.02499999999999991,7.241641044616699,0.78,0.79,0.785,0.010000000000000009,3.09830904006958,0.01749999999999996,-0.010000000000000009,102.07,7854.7,561.85,9655.47,69.1993088722229,0.785,0.785,0.785,0.785,0.785,0.785,0.785,0.785,0.785,0.785,0.8025,0.7975,0.7925,-0.010000000000000009,-0.010000000000000009,-0.010000000000000009,-0.010000000000000009,-0.010000000000000009,-0.010000000000000009,-0.0,3,198.75,-250.0
2026-10-01T16:54:31.605239+00:00,1790873671.605239,932,Will the Democratic Party win the TX-15 House race?,6584875983046678011286869107197719818123093254495444235544680527373303971994,0.78,150.0,117.0,BUY,-1.0,0.77,0.785,0.7775000000000001,0.015000000000000013,12.566665887832642,0.79,0.81,0.8,0.020000000000000018,2.61923885345459,-0.022499999999999964,-0.020000000000000018,419.66,7415.0599999999995,320.23,12244.83,6.782238960266113,0.8,0.8,0.8,0.8,0.8,0.8,0.8,0.8,0.805,0.8,0.7825,0.7775000000000001,0.78,-0.020000000000000018,-0.020000000000000018,-0.020000000000000018,-0.020000000000000018,-0.025000000000000022,-0.020000000000000018,0.0,7,1055.0,350.0
2026-10-01T16:54:31.605239+00:00,1790873671.605239,932,Will the Democratic Party win the TX-15 House race?,6584875983046678011286869107197719818123093254495444235544680527373303971994,0.77,350.0,269.5,SELL,1.0,0.77,0.785,0.7775000000000001,0.015000000000000013,12.566665887832642,0.79,0.81,0.8,0.020000000000000018,2.61923885345459,-0.022499999999999964,0.030000000000000027,419.66,7415.0599999999995,320.23,12244.83,6.782238960266113,0.8,0.8,0.8,0.8,0.8,0.8,0.8,0.8,0.805,0.8,0.7825,0.7775000000000001,0.78,0.030000000000000027,0.030000000000000027,0.030000000000000027,0.030000000000000027,0.03500000000000003,0.030000000000000027,-0.0,8,1172.0,500.0
2026-10-01T16:54:32.394374+00:00,1790873672.394374,932,Will the Democratic Party win the TX-15 House race?,6584875983046678011286869107197719818123093254495444235544680527373303971994,0.785,250.0,196.25,BUY,-1.0,0.77,0.785,0.7775000000000001,0.015000000000000013,13.355800867080688,0.79,0.81,0.8,0.020000000000000018,3.4083738327026367,-0.022499999999999964,-0.015000000000000013,419.66,7415.0599999999995,320.23,12244.83,7.57137393951416,0.8,0.8,0.8,0.8,0.8,0.8,0.8,0.805,0.805,0.8,0.7825,0.7775000000000001,0.78,-0.015000000000000013,-0.015000000000000013,-0.015000000000000013,-0.020000000000000018,-0.020000000000000018,-0.015000000000000013,0.0,9,1441.5,150.0
2026-10-01T16:54:32.915073+00:00,1790873672.915073,960,Will the Republican Party win the Maine Senate?,2142948285506077695096498341598672159464223074468931276310105532825810210121,0.415,50.0,20.75,BUY,-1.0,0.405,0.415,0.41000000000000003,0.009999999999999953,13.876499891281128,0.4,0.41,0.405,0.009999999999999953,4.453073024749756,0.0050000000000000044,0.009999999999999953,9671.98,38293.380000000005,5037.17,50547.95,8.069072961807251,0.405,0.405,0.405,0.405,0.405,0.405,0.405,0.405,0.405,0.405,0.4175,0.4175,0.4125,0.009999999999999953,0.009999999999999953,0.009999999999999953,0.009999999999999953,0.009999999999999953,0.009999999999999953,0.0,0,0,0
2026-10-01T16:54:35.050537+00:00,1790873675.050537,1037,Will the Republican Party win the WA-03 House race?,11450408400059654095752682163375174616927289912740528299907491682505834882757,0.12,238.0,28.56,BUY,-1.0,0.085,0.12,0.10250000000000001,0.03499999999999999,16.37386918067932,0.08,0.09,0.08499999999999999,0.009999999999999995,3.3935370445251465,0.017500000000000016,0.035,106.04,5826.66,6957.24,14513.68,12.167537212371826,0.08499999999999999,0.08499999999999999,0.08499999999999999,0.08499999999999999,0.08499999999999999,0.08499999999999999,0.08499999999999999,0.08499999999999999,0.08499999999999999,0.08499999999999999,0.10250000000000001,0.105,0.1,0.035,0.035,0.035,0.035,0.035,0.035,0.0,0,0,0
2026-10-01T16:54:35.342010+00:00,1790873675.34201,1077,Will the Republican Party win the Rhode Island Senate?,34189052194715415717712638492295939369730261135279818111658380308037908103272,0.005,81475.0,407.375,SELL,1.0,0.005,0.04,0.0225,0.035,16.665342092514038,0.003,0.012,0.0075,0.009000000000000001,2.9970099925994873,0.015,0.0024999999999999996,140.0,653.0,25.1,237.9,18.806010007858276,0.0075,0.0075,0.0075,0.0075,0.0075,0.0075,0.0075,0.0075,0.0075,0.0075,0.0225,0.0175,0.017499999999999998,0.0024999999999999996,0.0024999999999999996,0.0024999999999999996,0.0024999999999999996,0.0024999999999999996,0.0024999999999999996,-0.0,6,102.5,-19791.0
2026-10-01T16:54:36.975101+00:00,1790873676.975101,980,Will the Democratic Party win the South Dakota Senate?,67967023811721834738685695249992484419619114809767608640505747182577663027691,0.03,26.0,0.78,BUY,-1.0,0.005,0.03,0.017499999999999998,0.024999999999999998,17.330703020095825,0.001,0.002,0.0015,0.001,5.551100969314575,0.015999999999999997,0.028499999999999998,13472.26,13472.26,1824.98,2256.34,12.132101058959961,0.0015,0.0015,0.0015,0.0015,0.0015,0.0015,0.0015,0.0015,0.0015,,0.017499999999999998,0.0275,0.037500000000000006,0.028499999999999998,0.028499999999999998,0.028499999999999998,0.028499999999999998,0.028499999999999998,,0.0,2,6.0,200.0
2026-10-01T16:54:37.828100+00:00,1790873677.8281,951,Will the Democratic Party win the Idaho Senate?,26969987183147691459735958550527481658991321979903347263530424157323143990437,0.035,8.0,0.28,BUY,-1.0,0.005,0.035,0.02,0.030000000000000002,0.9550559520721436,0.01,0.059,0.034499999999999996,0.048999999999999995,25.387099981307983,-0.014499999999999996,0.0005000000000000074,150.0,234.38,8.27,204.62,25.387099981307983,0.034499999999999996,0.034499999999999996,0.034499999999999996,0.034499999999999996,0.034499999999999996,0.034499999999999996,0.034499999999999996,0.034499999999999996,0.034499999999999996,0.034499999999999996,0.02,0.025,0.017499999999999998,0.0005000000000000074,0.0005000000000000074,0.0005000000000000074,0.0005000000000000074,0.0005000000000000074,0.0005000000000000074,0.0,0,0,0
2026-10-01T16:54:37.903221+00:00,1790873677.903221,1010,Will the Republican Party win the FL-07 House race?,28134558928888227948813381987057565018866784201189850460618625875753502909061,0.67,200.0,134.0,SELL,1.0,0.67,0.675,0.6725000000000001,0.0050000000000000044,1.3259727954864502,0.66,0.67,0.665,0.010000000000000009,24.2342209815979,0.007500000000000062,-0.0050000000000000044,7726.94,14062.97,1752.7,26000.33,24.2342209815979,0.665,0.665,0.665,0.665,0.665,0.665,0.665,0.665,0.665,0.665,0.6725000000000001,0.67,0.67,-0.0050000000000000044,-0.0050000000000000044,-0.0050000000000000044,-0.0050000000000000044,-0.0050000000000000044,-0.0050000000000000044,-0.0,0,0,0
2026-10-01T16:54:37.903221+00:00,1790873677.903221,1010,Will the Republican Party win the FL-07 House race?,28134558928888227948813381987057565018866784201189850460618625875753502909061,0.67,48.0,32.160000000000004,SELL,1.0,0.67,0.675,0.6725000000000001,0.0050000000000000044,1.3259727954864502,0.66,0.67,0.665,0.010000000000000009,24.2342209815979,0.007500000000000062,-0.0050000000000000044,7726.94,14062.97,1752.7,26000.33,24.2342209815979,0.665,0.665,0.665,0.665,0.665,0.665,0.665,0.665,0.665,0.665,0.6725000000000001,0.67,0.67,-0.0050000000000000044,-0.0050000000000000044,-0.0050000000000000044,-0.0050000000000000044,-0.0050000000000000044,-0.0050000000000000044,-0.0,1,134.0,-200.0
2026-10-01T16:54:38.745731+00:00,1790873678.745731,969,Will the Independent Party win the Nebraska Senate?,47975366268282823322598946778919483335780002591367838795894307024076579116518,0.275,629.0,172.97500000000002,SELL,1.0,0.275,0.295,0.28500000000000003,0.019999999999999962,19.101333141326904,0.3,0.31,0.305,0.010000000000000009,0.14373111724853516,-0.019999999999999962,0.02999999999999997,3137.93,20973.16,59721.01,142491.35,13.781731128692627,0.305,0.305,0.305,0.305,0.305,0.305,0.305,0.305,0.305,0.305,0.27749999999999997,0.27749999999999997,0.27749999999999997,0.02999999999999997,0.02999999999999997,0.02999999999999997,0.02999999999999997,0.02999999999999997,0.02999999999999997,-0.0,3,325.61,-1193.0
2026-10-01T16:54:38.745731+00:00,1790873678.745731,970,Will the Republican Party win the Nebraska Senate?,92576281548134350814800877416860562553699794074017301653635964206220838638047,0.705,100.0,70.5,SELL,1.0,0.705,0.715,0.71,0.010000000000000009,19.101333141326904,0.7,0.71,0.705,0.010000000000000009,0.20573115348815918,0.0050000000000000044,0.0,10257.32,112586.95,2158.58,59625.21,11.889731168746948,0.705,0.705,0.705,0.705,0.705,0.705,0.705,0.705,0.705,0.705,0.7,0.71,0.6975,0.0,0.0,0.0,0.0,0.0,0.0,-0.0,5,838.855,-1193.0
2026-10-01T16:54:39.678731+00:00,1790873679.678731,1014,Will the Republican Party win the FL-16 House race?,15056064872112675856476546973246733011825608647719006314444015066456521530341,0.84,9.0,7.56,BUY,-1.0,0.815,0.84,0.8274999999999999,0.025000000000000022,3.10148286819458,0.82,0.83,0.825,0.010000000000000009,8.109730958938599,0.0024999999999999467,0.015000000000000013,6672.0,10865.95,60.0,2290.08,14.75973105430603,0.825,0.825,0.825,0.825,0.825,0.825,0.825,0.825,0.825,0.825,0.8274999999999999,0.8274999999999999,0.83,0.015000000000000013,0.015000000000000013,0.015000000000000013,0.015000000000000013,0.015000000000000013,0.015000000000000013,0.0,0,0,0
2026-10-01T16:54:40.975874+00:00,1790873680.975874,970,Will the Republican Party win the Nebraska Senate?,92576281548134350814800877416860562553699794074017301653635964206220838638047,0.705,336.0,236.88,SELL,1.0,0.705,0.715,0.71,0.010000000000000009,21.331475973129272,0.7,0.71,0.705,0.010000000000000009,2.4358739852905273,0.0050000000000000044,0.0,10257.32,112586.95,2158.58,59625.21,14.119874000549316,0.705,0.705,0.705,0.705,0.705,0.705,0.705,0.705,0.705,0.705,0.71,0.71,0.6975,0.0,0.0,0.0,0.0,0.0,0.0,-0.0,6,909.355,-1293.0
2026-10-01T16:54:42.378396+00:00,1790873682.378396,980,Will the Democratic Party win the South Dakota Senate?,67967023811721834738685695249992484419619114809767608640505747182577663027691,0.03,100.0,3.0,BUY,-1.0,0.005,0.03,0.017499999999999998,0.024999999999999998,0.16229891777038574,0.001,0.002,0.0015,0.001,10.95439600944519,0.015999999999999997,0.028499999999999998,13472.26,13472.26,1824.98,2256.34,17.535396099090576,0.0015,0.0015,0.0015,0.0015,0.0015,0.0015,0.0015,0.0015,0.0015,,0.0275,0.0275,0.037500000000000006,0.028499999999999998,0.028499999999999998,0.028499999999999998,0.028499999999999998,0.028499999999999998,,0.0,3,6.779999999999999,226.0
2026-10-01T16:54:42.481791+00:00,1790873682.481791,938,Will the Republican Party win the VA-01 House race?,19527325130044660074684336011478717458899906478875219180396447156299505391740,0.47,50.0,23.5,SELL,1.0,0.47,0.49,0.48,0.020000000000000018,5.6087470054626465,0.45,0.46,0.455,0.010000000000000009,1.2847909927368164,0.024999999999999967,-0.014999999999999958,288.0,538.22,243.1,3159.57,15.378791093826294,0.455,0.455,0.455,0.455,0.455,0.455,0.455,0.455,0.455,0.455,0.48,0.48,0.4775,-0.014999999999999958,-0.014999999999999958,-0.014999999999999958,-0.014999999999999958,-0.014999999999999958,-0.014999999999999958,-0.0,1,63.919999999999995,-136.0
2026-10-01T16:54:42.858002+00:00,1790873682.858002,922,Will the Democratic Party win the PA-01 House race?,90438836256571410927299008367228796312209722771624666597034907143954367060240,0.345,35.0,12.075,SELL,1.0,0.345,0.355,0.35,0.010000000000000009,5.984957933425903,0.33,0.34,0.335,0.010000000000000009,0.7590019702911377,0.014999999999999958,-0.009999999999999953,1646.51,18081.37,7882.94,30359.6,46.85100197792053,0.335,0.335,0.335,0.335,0.335,0.335,0.335,0.335,0.335,0.335,0.35,0.35,0.3475,-0.009999999999999953,-0.009999999999999953,-0.009999999999999953,-0.009999999999999953,-0.009999999999999953,-0.009999999999999953,-0.0,3,50.275,-45.0
2026-10-01T16:54:45.040308+00:00,1790873685.040308,1077,Will the Republican Party win the Rhode Island Senate?,34189052194715415717712638492295939369730261135279818111658380308037908103272,0.02,1.0,0.02,UNKNOWN,nan,0.005,0.04,0.0225,0.035,8.463059902191162,0.003,0.012,0.0075,0.009000000000000001,12.695307970046997,0.015,,140.0,653.0,25.1,237.9,28.504307985305786,0.0075,0.0075,0.0075,0.0075,0.0075,0.0075,0.0075,0.0075,0.0075,0.0075,0.0125,0.0175,0.01,,,,,,,,4,411.63,-81617.0
2026-10-01T16:54:45.492413+00:00,1790873685.492413,969,Will the Independent Party win the Nebraska Senate?,47975366268282823322598946778919483335780002591367838795894307024076579116518,0.29,3.0,0.8699999999999999,BUY,-1.0,0.265,0.29,0.27749999999999997,0.024999999999999967,3.276315927505493,0.3,0.31,0.305,0.010000000000000009,1.9044129848480225,-0.027500000000000024,-0.015000000000000013,3137.93,20973.16,59721.01,142491.35,20.52841305732727,0.305,0.305,0.305,0.305,0.305,0.305,0.305,0.305,0.305,0.305,0.28,0.27749999999999997,0.27749999999999997,-0.015000000000000013,-0.015000000000000013,-0.015000000000000013,-0.015000000000000013,-0.015000000000000013,-0.015000000000000013,0.0,4,498.58500000000004,-1822.0
2026-10-01T16:54:45.519288+00:00,1790873685.519288,932,Will the Democratic Party win the TX-15 House race?,6584875983046678011286869107197719818123093254495444235544680527373303971994,0.785,250.0,196.25,BUY,-1.0,0.78,0.785,0.7825,0.0050000000000000044,8.646244049072266,0.79,0.81,0.8,0.020000000000000018,1.5702881813049316,-0.01750000000000007,-0.015000000000000013,419.66,7415.0599999999995,320.23,12244.83,20.696288108825684,0.8,0.8,0.8,0.8,0.8,0.805,0.8,0.805,0.805,0.8,0.78,0.7775000000000001,0.78,-0.015000000000000013,-0.020000000000000018,-0.015000000000000013,-0.020000000000000018,-0.020000000000000018,-0.015000000000000013,0.0,10,1637.75,400.0
2026-10-01T16:54:45.553928+00:00,1790873685.553928,889,Will the Republican Party win the AZ-06 House race?,91134056361940201893494305153220998213627095877115808251230716593928688430751,0.165,2.0,0.33,BUY,-1.0,0.155,0.165,0.16,0.010000000000000009,8.680883884429932,0.17,0.18,0.175,0.009999999999999981,50.84992790222168,-0.014999999999999986,-0.009999999999999981,1085.05,2911.76,5326.19,13107.69,50.84992790222168,0.175,0.175,0.175,0.175,0.175,0.175,0.175,0.175,0.175,0.175,0.16,0.1625,0.1625,-0.009999999999999981,-0.009999999999999981,-0.009999999999999981,-0.009999999999999981,-0.009999999999999981,-0.009999999999999981,0.0,0,0,0
2026-10-01T16:54:45.655777+00:00,1790873685.655777,970,Will the Republican Party win the Nebraska Senate?,92576281548134350814800877416860562553699794074017301653635964206220838638047,0.705,193.0,136.065,BUY,-1.0,0.695,0.705,0.7,0.010000000000000009,3.4396798610687256,0.7,0.71,0.705,0.010000000000000009,0.11377692222595215,-0.0050000000000000044,-0.0,10257.32,112586.95,2158.58,59625.21,18.799777030944824,0.705,0.705,0.705,0.705,0.705,0.705,0.705,0.705,0.705,0.705,0.71,0.71,0.6975,-0.0,-0.0,-0.0,-0.0,-0.0,-0.0,0.0,7,1146.235,-1629.0
2026-10-01T16:54:45.948985+00:00,1790873685.948985,1041,Will the Republican Party win the WI-03 House race?,83772236231104306836754599890295414817047560410380925946355605231115771621017,0.275,100.0,27.500000000000004,SELL,1.0,0.27,0.28,0.275,0.010000000000000009,9.371737003326416,0.25,0.26,0.255,0.010000000000000009,12.348985195159912,0.020000000000000018,-0.020000000000000018,406.79,1232.8700000000001,300.11,1518.61,67.9079852104187,0.255,0.255,0.255,0.255,0.255,0.255,0.255,0.255,0.255,0.255,0.2775,0.275,0.2725,-0.020000000000000018,-0.020000000000000018,-0.020000000000000018,-0.020000000000000018,-0.020000000000000018,-0.020000000000000018,-0.0,0,0,0
2026-10-01T16:54:46.052151+00:00,1790873686.052151,980,Will the Democratic Party win the South Dakota Senate?,67967023811721834738685695249992484419619114809767608640505747182577663027691,0.03,19.0,0.57,BUY,-1.0,0.005,0.03,0.017499999999999998,0.024999999999999998,3.8360538482666016,0.001,0.002,0.0015,0.001,14.628150939941406,0.015999999999999997,0.028499999999999998,13472.26,13472.26,1824.98,2256.34,21.209151029586792,0.0015,0.0015,0.0015,0.0015,0.0015,0.0015,0.0015,0.0015,0.0015,,0.0275,0.0275,0.037500000000000006,0.028499999999999998,0.028499999999999998,0.028499999999999998,0.028499999999999998,0.028499999999999998,,0.0,3,9.75,325.0
2026-10-01T16:54:47.438674+00:00,1790873687.438674,969,Will the Independent Party win the Nebraska Senate?,47975366268282823322598946778919483335780002591367838795894307024076579116518,0.29,122.0,35.379999999999995,BUY,-1.0,0.265,0.29,0.27749999999999997,0.024999999999999967,5.222576856613159,0.3,0.31,0.305,0.010000000000000009,1.4836740493774414,-0.027500000000000024,-0.015000000000000013,3137.93,20973.16,59721.01,142491.35,22.474673986434937,0.305,0.305,0.305,0.305,0.305,0.305,0.305,0.305,0.305,0.305,0.28,0.27749999999999997,0.27749999999999997,-0.015000000000000013,-0.015000000000000013,-0.015000000000000013,-0.015000000000000013,-0.015000000000000013,-0.015000000000000013,0.0,5,499.45500000000004,-1819.0
2026-10-01T16:54:47.438674+00:00,1790873687.438674,969,Will the Independent Party win the Nebraska Senate?,47975366268282823322598946778919483335780002591367838795894307024076579116518,0.295,71.0,20.945,BUY,-1.0,0.265,0.29,0.27749999999999997,0.024999999999999967,5.222576856613159,0.3,0.31,0.305,0.010000000000000009,1.4836740493774414,-0.027500000000000024,-0.010000000000000009,3137.93,20973.16,59721.01,142491.35,22.474673986434937,0.305,0.305,0.305,0.305,0.305,0.305,0.305,0.305,0.305,0.305,0.28,0.27749999999999997,0.27749999999999997,-0.010000000000000009,-0.010000000000000009,-0.010000000000000009,-0.010000000000000009,-0.010000000000000009,-0.010000000000000009,0.0,6,534.835,-1697.0
2026-10-01T16:54:47.853568+00:00,1790873687.853568,889,Will the Republican Party win the AZ-06 House race?,91134056361940201893494305153220998213627095877115808251230716593928688430751,0.165,597.0,98.50500000000001,BUY,-1.0,0.155,0.165,0.16,0.010000000000000009,10.980524063110352,0.17,0.18,0.175,0.009999999999999981,53.1495680809021,-0.014999999999999986,-0.009999999999999981,1085.05,2911.76,5326.19,13107.69,53.1495680809021,0.175,0.175,0.175,0.175,0.175,0.175,0.175,0.175,0.175,0.175,0.16,0.1625,0.1625,-0.009999999999999981,-0.009999999999999981,-0.009999999999999981,-0.009999999999999981,-0.009999999999999981,-0.009999999999999981,0.0,1,0.33,2.0
2026-10-01T16:54:49.301020+00:00,1790873689.30102,969,Will the Independent Party win the Nebraska Senate?,47975366268282823322598946778919483335780002591367838795894307024076579116518,0.295,254.0,74.92999999999999,BUY,-1.0,0.265,0.29,0.27749999999999997,0.024999999999999967,7.084922790527344,0.3,0.31,0.305,0.010000000000000009,0.023019790649414062,-0.027500000000000024,-0.010000000000000009,3137.93,20973.16,59721.01,142491.35,24.33701992034912,0.305,0.305,0.305,0.305,0.305,0.305,0.305,0.305,0.305,0.305,0.28,0.27749999999999997,0.27749999999999997,-0.010000000000000009,-0.010000000000000009,-0.010000000000000009,-0.010000000000000009,-0.010000000000000009,-0.010000000000000009,0.0,7,555.7800000000001,-1626.0
2026-10-01T16:54:51.370523+00:00,1790873691.370523,938,Will the Republican Party win the VA-01 House race?,19527325130044660074684336011478717458899906478875219180396447156299505391740,0.49,100.0,49.0,BUY,-1.0,0.47,0.49,0.48,0.020000000000000018,14.49747896194458,0.45,0.46,0.455,0.010000000000000009,5.074522972106934,0.024999999999999967,0.034999999999999976,288.0,538.22,243.1,3159.57,24.267523050308228,0.455,0.455,0.455,0.455,0.455,0.455,0.455,0.455,0.455,0.455,0.48,0.48,0.47750000000000004,0.034999999999999976,0.034999999999999976,0.034999999999999976,0.034999999999999976,0.034999999999999976,0.034999999999999976,0.0,2,87.41999999999999,-186.0
2026-10-01T16:54:51.370523+00:00,1790873691.370523,1031,Will the Democratic Party win the VA-01 House race?,88628412725357801969852238315853152041907755032296775468463465337049299853893,0.51,100.0,51.0,BUY,-1.0,0.49,0.515,0.5025,0.025000000000000022,14.793274879455566,0.52,0.53,0.525,0.010000000000000009,6.119523048400879,-0.022500000000000075,-0.015000000000000013,1027.35,1769.55,18.0,1920.8,24.249522924423218,0.525,0.525,0.525,0.525,0.525,0.525,0.525,0.525,0.525,0.525,0.5175000000000001,0.51,0.51,-0.015000000000000013,-0.015000000000000013,-0.015000000000000013,-0.015000000000000013,-0.015000000000000013,-0.015000000000000013,0.0,11,1304.885,-2683.0
2026-10-01T16:54:52.555642+00:00,1790873692.555642,980,Will the Democratic Party win the South Dakota Senate?,67967023811721834738685695249992484419619114809767608640505747182577663027691,0.03,31.0,0.9299999999999999,BUY,-1.0,0.005,0.03,0.017499999999999998,0.024999999999999998,10.339544773101807,0.001,0.002,0.0015,0.001,21.13164186477661,0.015999999999999997,0.028499999999999998,13472.26,13472.26,1824.98,2256.34,27.712641954421997,0.0015,0.0015,0.0015,0.0015,0.0015,0.0015,0.0015,0.0015,0.0015,,0.0275,0.0275,0.037500000000000006,0.028499999999999998,0.028499999999999998,0.028499999999999998,0.028499999999999998,0.028499999999999998,,0.0,4,10.32,344.0
2026-10-01T16:54:52.555642+00:00,1790873692.555642,980,Will the Democratic Party win the South Dakota Senate?,67967023811721834738685695249992484419619114809767608640505747182577663027691,0.005,19.0,0.095,SELL,1.0,0.005,0.03,0.017499999999999998,0.024999999999999998,10.339544773101807,0.001,0.002,0.0015,0.001,21.13164186477661,0.015999999999999997,-0.0035,13472.26,13472.26,1824.98,2256.34,27.712641954421997,0.0015,0.0015,0.0015,0.0015,0.0015,0.0015,0.0015,0.0015,0.0015,,0.0275,0.0275,0.037500000000000006,-0.0035,-0.0035,-0.0035,-0.0035,-0.0035,,-0.0,5,11.25,375.0
2026-10-01T16:54:52.629432+00:00,1790873692.629432,1007,Will the Democratic Party win the AL-02 House race?,13189761649035136014216228195645475511361901020555722779072382901094466765019,0.26,100.0,26.0,UNKNOWN,nan,0.245,0.27,0.2575,0.025000000000000022,16.052183866500854,0.26,0.27,0.265,0.010000000000000009,0.7554318904876709,-0.007500000000000007,,367.6,13290.95,10453.48,36283.11,27.806432008743286,0.265,0.265,0.265,0.265,0.265,0.265,0.265,0.265,0.265,0.265,0.26,0.26,0.25,,,,,,,,1,163.77,618.0
2026-10-01T16:54:52.629432+00:00,1790873692.629432,1007,Will the Democratic Party win the AL-02 House race?,13189761649035136014216228195645475511361901020555722779072382901094466765019,0.27,100.0,27.0,BUY,-1.0,0.245,0.27,0.2575,0.025000000000000022,16.052183866500854,0.26,0.27,0.265,0.010000000000000009,0.7554318904876709,-0.007500000000000007,0.0050000000000000044,367.6,13290.95,10453.48,36283.11,27.806432008743286,0.265,0.265,0.265,0.265,0.265,0.265,0.265,0.265,0.265,0.265,0.26,0.26,0.25,0.0050000000000000044,0.0050000000000000044,0.0050000000000000044,0.0050000000000000044,0.0050000000000000044,0.0050000000000000044,0.0,2,189.77,618.0
2026-10-01T16:54:52.895090+00:00,1790873692.89509,938,Will the Republican Party win the VA-01 House race?,19527325130044660074684336011478717458899906478875219180396447156299505391740,0.49,100.0,49.0,BUY,-1.0,0.47,0.49,0.48,0.020000000000000018,16.022046089172363,0.45,0.46,0.455,0.010000000000000009,0.525090217590332,0.024999999999999967,0.034999999999999976,288.0,538.22,243.1,3159.57,25.79209017753601,0.455,0.455,0.455,0.455,0.455,0.455,0.455,0.455,0.455,0.455,0.48,0.48,0.47750000000000004,0.034999999999999976,0.034999999999999976,0.034999999999999976,0.034999999999999976,0.034999999999999976,0.034999999999999976,0.0,3,136.42,-86.0
2026-10-01T16:54:55.980926+00:00,1790873695.980926,1034,Will the Republican Party win the VA-05 House race?,83253007588985953900662535978265304048199216427463571583210985764316132662845,0.8,100.0,80.0,BUY,-1.0,0.78,0.8,0.79,0.020000000000000018,2.924894094467163,0.78,0.79,0.785,0.010000000000000009,4.284925937652588,0.0050000000000000044,0.015000000000000013,102.07,8161.990000000001,561.85,9638.45,29.038926124572754,0.785,0.785,0.785,0.785,0.785,0.785,0.785,0.785,0.785,,0.7975,0.7975,0.7925,0.015000000000000013,0.015000000000000013,0.015000000000000013,0.015000000000000013,0.015000000000000013,,0.0,3,198.75,-250.0
2026-10-01T16:54:56.474063+00:00,1790873696.474063,938,Will the Republican Party win the VA-01 House race?,19527325130044660074684336011478717458899906478875219180396447156299505391740,0.49,100.0,49.0,BUY,-1.0,0.47,0.49,0.48,0.020000000000000018,2.7287709712982178,0.45,0.46,0.455,0.010000000000000009,0.09606289863586426,0.024999999999999967,0.034999999999999976,288.0,538.22,243.1,3159.57,29.371062994003296,0.455,0.455,0.455,0.455,0.455,0.455,0.455,0.455,0.455,0.455,0.48,0.48,,0.034999999999999976,0.034999999999999976,0.034999999999999976,0.034999999999999976,0.034999999999999976,0.034999999999999976,0.0,3,121.5,150.0
2026-10-01T16:54:56.501114+00:00,1790873696.501114,932,Will the Democratic Party win the TX-15 House race?,6584875983046678011286869107197719818123093254495444235544680527373303971994,0.77,500.0,385.0,SELL,1.0,0.775,0.785,0.78,0.010000000000000009,2.755821943283081,0.79,0.81,0.8,0.020000000000000018,1.3191139698028564,-0.020000000000000018,0.030000000000000027,419.66,7415.0599999999995,320.23,12244.83,31.67811393737793,0.8,0.8,0.805,0.8,0.8,0.8,0.805,0.805,0.805,0.8,0.7775000000000001,0.7775000000000001,,0.030000000000000027,0.030000000000000027,0.03500000000000003,0.03500000000000003,0.03500000000000003,0.030000000000000027,0.0050000000000000044,7,1446.25,1150.0
2026-10-01T16:54:57.243617+00:00,1790873697.243617,933,Will the Republican Party win the TX-15 House race?,288881405005644701938669382130096221659404307173045178355284864479406728774,0.21,125.0,26.25,BUY,-1.0,0.2,0.21,0.20500000000000002,0.009999999999999981,3.4983251094818115,0.18,0.2,0.19,0.020000000000000018,0.20961713790893555,0.015000000000000013,0.01999999999999999,262.87,3129.48,341.1,10011.12,30.26561713218689,0.19,0.19,0.185,0.19,0.19,0.19,0.19,0.19,0.19,0.185,0.20750000000000002,0.20750000000000002,,0.01999999999999999,0.01999999999999999,0.01999999999999999,0.01999999999999999,0.01999999999999999,0.024999999999999994,0.0050000000000000044,0,0,0
2026-10-01T16:55:03.807311+00:00,1790873703.807311,918,Will the Democratic Party win the NY-13 House race?,58170582826434624369183137827470621458750832571934268895241793899476487858088,0.95,15.0,14.25,SELL,1.0,0.95,0.98,0.965,0.030000000000000027,10.062019109725952,0.972,0.973,0.9724999999999999,0.0010000000000000009,13.949311017990112,-0.007499999999999951,0.022499999999999964,211.39,1077.68,111.42,4059.42,13.949311017990112,0.9724999999999999,0.9724999999999999,0.9724999999999999,0.9724999999999999,0.9724999999999999,0.9724999999999999,0.9724999999999999,0.9724999999999999,0.9724999999999999,,0.515,0.925,,0.022499999999999964,0.022499999999999964,0.022499999999999964,0.022499999999999964,0.022499999999999964,,-0.0,0,0,0
2026-10-01T16:55:03.807311+00:00,1790873703.807311,918,Will the Democratic Party win the NY-13 House race?,58170582826434624369183137827470621458750832571934268895241793899476487858088,0.945,100.0,94.5,SELL,1.0,0.95,0.98,0.965,0.030000000000000027,10.062019109725952,0.972,0.973,0.9724999999999999,0.0010000000000000009,13.949311017990112,-0.007499999999999951,0.02749999999999997,211.39,1077.68,111.42,4059.42,13.949311017990112,0.9724999999999999,0.9724999999999999,0.9724999999999999,0.9724999999999999,0.9724999999999999,0.9724999999999999,0.9724999999999999,0.9724999999999999,0.9724999999999999,,0.515,0.925,,0.02749999999999997,0.02749999999999997,0.02749999999999997,0.02749999999999997,0.02749999999999997,,-0.0,1,14.25,-15.0
2026-10-01T16:55:03.807311+00:00,1790873703.807311,918,Will the Democratic Party win the NY-13 House race?,58170582826434624369183137827470621458750832571934268895241793899476487858088,0.94,15.0,14.1,SELL,1.0,0.95,0.98,0.965,0.030000000000000027,10.062019109725952,0.972,0.973,0.9724999999999999,0.0010000000000000009,13.949311017990112,-0.007499999999999951,0.03249999999999997,211.39,1077.68,111.42,4059.42,13.949311017990112,0.9724999999999999,0.9724999999999999,0.9724999999999999,0.9724999999999999,0.9724999999999999,0.9724999999999999,0.9724999999999999,0.9724999999999999,0.9724999999999999,,0.515,0.925,,0.03249999999999997,0.03249999999999997,0.03249999999999997,0.03249999999999997,0.03249999999999997,,-0.0,2,108.75,-115.0
2026-10-01T16:55:03.807311+00:00,1790873703.807311,918,Will the Democratic Party win the NY-13 House race?,58170582826434624369183137827470621458750832571934268895241793899476487858088,0.935,24.0,22.44,SELL,1.0,0.95,0.98,0.965,0.030000000000000027,10.062019109725952,0.972,0.973,0.9724999999999999,0.0010000000000000009,13.949311017990112,-0.007499999999999951,0.03749999999999987,211.39,1077.68,111.42,4059.42,13.949311017990112,0.9724999999999999,0.9724999999999999,0.9724999999999999,0.9724999999999999,0.9724999999999999,0.9724999999999999,0.9724999999999999,0.9724999999999999,0.9724999999999999,,0.515,0.925,,0.03749999999999987,0.03749999999999987,0.03749999999999987,0.03749999999999987,0.03749999999999987,,-0.0,3,122.85,-130.0
2026-10-01T16:55:03.807311+00:00,1790873703.807311,918,Will the Democratic Party win the NY-13 House race?,58170582826434624369183137827470621458750832571934268895241793899476487858088,0.925,36.0,33.300000000000004,SELL,1.0,0.95,0.98,0.965,0.030000000000000027,10.062019109725952,0.972,0.973,0.9724999999999999,0.0010000000000000009,13.949311017990112,-0.007499999999999951,0.047499999999999876,211.39,1077.68,111.42,4059.42,13.949311017990112,0.9724999999999999,0.9724999999999999,0.9724999999999999,0.9724999999999999,0.9724999999999999,0.9724999999999999,0.9724999999999999,0.9724999999999999,0.9724999999999999,,0.515,0.925,,0.047499999999999876,0.047499999999999876,0.047499999999999876,0.047499999999999876,0.047499999999999876,,-0.0,4,145.29,-154.0
2026-10-01T16:55:03.807311+00:00,1790873703.807311,918,Will the Democratic Party win the NY-13 House race?,58170582826434624369183137827470621458750832571934268895241793899476487858088,0.92,100.0,92.0,SELL,1.0,0.95,0.98,0.965,0.030000000000000027,10.062019109725952,0.972,0.973,0.9724999999999999,0.0010000000000000009,13.949311017990112,-0.007499999999999951,0.05249999999999988,211.39,1077.68,111.42,4059.42,13.949311017990112,0.9724999999999999,0.9724999999999999,0.9724999999999999,0.9724999999999999,0.9724999999999999,0.9724999999999999,0.9724999999999999,0.9724999999999999,0.9724999999999999,,0.515,0.925,,0.05249999999999988,0.05249999999999988,0.05249999999999988,0.05249999999999988,0.05249999999999988,,-0.0,5,178.59,-190.0
2026-10-01T16:55:08.746626+00:00,1790873708.746626,938,Will the Republican Party win the VA-01 House race?,19527325130044660074684336011478717458899906478875219180396447156299505391740,0.49,100.0,49.0,BUY,-1.0,0.47,0.49,0.48,0.020000000000000018,1.4636549949645996,0.45,0.46,0.455,0.010000000000000009,2.601625919342041,0.024999999999999967,0.034999999999999976,288.0,538.22,243.1,3159.57,41.64362597465515,0.455,0.455,0.455,0.455,0.455,0.455,0.455,0.455,0.455,,0.48,0.48,,0.034999999999999976,0.034999999999999976,0.034999999999999976,0.034999999999999976,0.034999999999999976,,0.0,4,170.5,250.0
2026-10-01T16:55:08.746626+00:00,1790873708.746626,1031,Will the Democratic Party win the VA-01 House race?,88628412725357801969852238315853152041907755032296775468463465337049299853893,0.51,100.0,51.0,BUY,-1.0,0.495,0.51,0.5025,0.015000000000000013,1.819267988204956,0.52,0.53,0.525,0.010000000000000009,4.453625917434692,-0.022500000000000075,-0.015000000000000013,1027.35,1769.55,18.0,1920.8,41.62562584877014,0.525,0.525,0.525,0.525,0.525,0.525,0.525,0.525,0.525,,0.51,0.51,,-0.015000000000000013,-0.015000000000000013,-0.015000000000000013,-0.015000000000000013,-0.015000000000000013,,0.0,12,1355.885,-2583.0
2026-10-01T16:55:11.214489+00:00,1790873711.214489,951,Will the Democratic Party win the Idaho Senate?,26969987183147691459735958550527481658991321979903347263530424157323143990437,0.04,1.0,0.04,BUY,-1.0,0.01,0.04,0.025,0.03,3.931518077850342,0.01,0.059,0.034499999999999996,0.048999999999999995,10.991488933563232,-0.009499999999999995,0.005500000000000005,150.0,234.38,8.27,184.62,10.991488933563232,0.034499999999999996,0.034499999999999996,0.034499999999999996,0.034499999999999996,0.034499999999999996,0.034499999999999996,0.034499999999999996,0.034499999999999996,0.034499999999999996,,0.025,0.0225,,0.005500000000000005,0.005500000000000005,0.005500000000000005,0.005500000000000005,0.005500000000000005,,0.0,1,0.28,8.0
2026-10-01T16:55:17.466144+00:00,1790873717.466144,970,Will the Republican Party win the Nebraska Senate?,92576281548134350814800877416860562553699794074017301653635964206220838638047,0.715,2046.0,1462.8899999999999,BUY,-1.0,0.705,0.715,0.71,0.010000000000000009,9.894000053405762,0.7,0.71,0.705,0.010000000000000009,0.7871441841125488,0.0050000000000000044,0.010000000000000009,10257.32,112586.95,2158.58,59625.21,50.61014413833618,0.705,0.705,0.705,0.705,0.705,0.705,0.705,0.705,0.705,,0.71,0.6975,,0.010000000000000009,0.010000000000000009,0.010000000000000009,0.010000000000000009,0.010000000000000009,,0.0,7,864.235,-843.0
2026-10-01T16:55:17.644158+00:00,1790873717.644158,1045,Will the Democratic Party win the Kansas Senate?,112865931018535043924604877802427749327024008755764693656162236690266569063025,0.305,128.0,39.04,BUY,-1.0,0.29,0.305,0.2975,0.015000000000000013,10.716799974441528,0.3,0.31,0.305,0.010000000000000009,2.2401578426361084,-0.007500000000000007,-0.0,124.34,843.79,172.66,892.74,88.96915793418884,0.305,0.305,0.305,0.305,0.305,0.305,0.305,0.305,0.305,,0.2975,0.3,,-0.0,-0.0,-0.0,-0.0,-0.0,,0.0,0,0,0
2026-10-01T16:55:19.473124+00:00,1790873719.473124,1031,Will the Democratic Party win the VA-01 House race?,88628412725357801969852238315853152041907755032296775468463465337049299853893,0.515,100.0,51.5,BUY,-1.0,0.495,0.51,0.5025,0.015000000000000013,12.545766115188599,0.52,0.53,0.525,0.010000000000000009,0.19712400436401367,-0.022500000000000075,-0.010000000000000009,1027.35,1769.55,18.0,1920.8,52.352123975753784,0.525,0.525,0.525,0.525,0.525,0.525,0.525,0.525,0.525,,0.51,0.51,,-0.010000000000000009,-0.010000000000000009,-0.010000000000000009,-0.010000000000000009,-0.010000000000000009,,0.0,10,1147.015,-1975.0
2026-10-01T16:55:20.343090+00:00,1790873720.34309,951,Will the Democratic Party win the Idaho Senate?,26969987183147691459735958550527481658991321979903347263530424157323143990437,0.04,4.0,0.16,BUY,-1.0,0.01,0.04,0.025,0.03,0.1098179817199707,0.01,0.059,0.034499999999999996,0.048999999999999995,20.120090007781982,-0.009499999999999995,0.005500000000000005,150.0,234.38,8.27,184.62,20.120090007781982,0.034499999999999996,0.034499999999999996,0.034499999999999996,0.034499999999999996,0.034499999999999996,0.034499999999999996,0.034499999999999996,0.034499999999999996,0.034499999999999996,,0.025,0.0225,,0.005500000000000005,0.005500000000000005,0.005500000000000005,0.005500000000000005,0.005500000000000005,,0.0,2,0.32,9.0
2026-10-01T16:55:21.627355+00:00,1790873721.627355,980,Will the Democratic Party win the South Dakota Senate?,67967023811721834738685695249992484419619114809767608640505747182577663027691,0.03,503.0,15.09,BUY,-1.0,0.01,0.03,0.02,0.019999999999999997,14.055211067199707,0.001,0.002,0.0015,0.001,4.626355171203613,0.0185,0.028499999999999998,13472.26,13472.26,1824.98,2256.34,56.78435516357422,0.0015,0.0015,0.0015,0.0015,0.0015,0.0015,0.0015,0.0015,0.0015,,0.0275,0.02,,0.028499999999999998,0.028499999999999998,0.028499999999999998,0.028499999999999998,0.028499999999999998,,0.0,5,5.375,157.0
2026-10-01T16:55:26.939553+00:00,1790873726.939553,960,Will the Republican Party win the Maine Senate?,2142948285506077695096498341598672159464223074468931276310105532825810210121,0.415,1950.0,809.25,SELL,1.0,0.415,0.42,0.4175,0.0050000000000000044,6.706280946731567,0.4,0.41,0.405,0.009999999999999953,20.815552949905396,0.012499999999999956,-0.009999999999999953,9671.98,38675.380000000005,5037.17,50465.95,20.815552949905396,0.405,0.405,0.405,0.405,0.405,0.405,0.405,0.405,0.405,,0.415,0.4125,,-0.009999999999999953,-0.009999999999999953,-0.009999999999999953,-0.009999999999999953,-0.009999999999999953,,-0.0,1,20.75,50.0
2026-10-01T16:55:26.939553+00:00,1790873726.939553,960,Will the Republican Party win the Maine Senate?,2142948285506077695096498341598672159464223074468931276310105532825810210121,0.41,50.0,20.5,SELL,1.0,0.415,0.42,0.4175,0.0050000000000000044,6.706280946731567,0.4,0.41,0.405,0.009999999999999953,20.815552949905396,0.012499999999999956,-0.004999999999999949,9671.98,38675.380000000005,5037.17,50465.95,20.815552949905396,0.405,0.405,0.405,0.405,0.405,0.405,0.405,0.405,0.405,,0.415,0.4125,,-0.004999999999999949,-0.004999999999999949,-0.004999999999999949,-0.004999999999999949,-0.004999999999999949,,-0.0,2,830.0,-1900.0
2026-10-01T16:55:28.149415+00:00,1790873728.149415,932,Will the Democratic Party win the TX-15 House race?,6584875983046678011286869107197719818123093254495444235544680527373303971994,0.775,500.0,387.5,SELL,1.0,0.77,0.785,0.7775000000000001,0.015000000000000013,7.91614294052124,0.8,0.81,0.805,0.010000000000000009,4.053415060043335,-0.02749999999999997,0.030000000000000027,71.59,7270.51,225.0,12502.33,4.053415060043335,0.8,0.805,0.805,0.805,0.805,0.805,0.805,0.805,0.8,,0.7775000000000001,0.7775000000000001,,0.030000000000000027,0.030000000000000027,0.030000000000000027,0.030000000000000027,0.025000000000000022,,-0.0,5,1164.0,-200.0
2026-10-01T16:55:29.817300+00:00,1790873729.8173,933,Will the Republican Party win the TX-15 House race?,288881405005644701938669382130096221659404307173045178355284864479406728774,0.21,125.0,26.25,BUY,-1.0,0.2,0.215,0.20750000000000002,0.014999999999999986,9.584028005599976,0.18,0.2,0.19,0.020000000000000018,0.27830004692077637,0.017500000000000016,0.01999999999999999,262.87,3086.48,341.1,8110.22,1.8152999877929688,0.19,0.19,0.19,0.19,0.19,0.19,0.19,0.19,0.185,,0.20750000000000002,0.20500000000000002,,0.01999999999999999,0.01999999999999999,0.01999999999999999,0.01999999999999999,0.024999999999999994,,0.0,1,26.25,125.0
2026-10-01T16:55:34.839706+00:00,1790873734.839706,932,Will the Democratic Party win the TX-15 House race?,6584875983046678011286869107197719818123093254495444235544680527373303971994,0.785,150.0,117.75,BUY,-1.0,0.77,0.785,0.7775000000000001,0.015000000000000013,14.606433868408203,0.8,0.81,0.805,0.010000000000000009,10.743705987930298,-0.02749999999999997,-0.020000000000000018,71.59,7270.51,225.0,12502.33,10.743705987930298,0.8,0.805,0.805,0.805,0.805,0.805,0.805,0.8,0.8,,0.7775000000000001,0.775,,-0.020000000000000018,-0.020000000000000018,-0.020000000000000018,-0.015000000000000013,-0.015000000000000013,,0.0,3,968.75,-750.0
2026-10-01T16:55:34.938681+00:00,1790873734.938681,1010,Will the Republican Party win the FL-07 House race?,28134558928888227948813381987057565018866784201189850460618625875753502909061,0.665,104.0,69.16,SELL,1.0,0.665,0.675,0.67,0.010000000000000009,0.8763158321380615,0.66,0.67,0.665,0.010000000000000009,10.776680946350098,0.0050000000000000044,0.0,7726.94,13713.97,1752.7,26651.33,10.776680946350098,0.665,0.665,0.665,0.665,0.665,0.665,0.665,0.665,0.665,,0.67,0.67,,0.0,0.0,0.0,0.0,0.0,,-0.0,2,166.16,-248.0
2026-10-01T16:55:34.938681+00:00,1790873734.938681,1010,Will the Republican Party win the FL-07 House race?,28134558928888227948813381987057565018866784201189850460618625875753502909061,0.665,144.0,95.76,SELL,1.0,0.665,0.675,0.67,0.010000000000000009,0.8763158321380615,0.66,0.67,0.665,0.010000000000000009,10.776680946350098,0.0050000000000000044,0.0,7726.94,13713.97,1752.7,26651.33,10.776680946350098,0.665,0.665,0.665,0.665,0.665,0.665,0.665,0.665,0.665,,0.67,0.67,,0.0,0.0,0.0,0.0,0.0,,-0.0,3,235.32,-352.0
2026-10-01T16:55:36.425930+00:00,1790873736.42593,1033,Will the Democratic Party win the VA-05 House race?,30424541292784877350495001354252975055952568624850695789713995653053526735723,0.215,125.0,26.875,SELL,1.0,0.215,0.23,0.2225,0.015000000000000013,2.363564968109131,0.22,0.23,0.225,0.010000000000000009,23.311929941177368,-0.0025000000000000022,0.010000000000000009,200.09,5813.34,6578.38,10950.83,23.311929941177368,0.225,0.225,0.225,0.225,0.225,0.225,0.225,0.225,0.225,,0.2225,0.2225,,0.010000000000000009,0.010000000000000009,0.010000000000000009,0.010000000000000009,0.010000000000000009,,-0.0,0,0,0
2026-10-01T16:55:40.641514+00:00,1790873740.641514,933,Will the Republican Party win the TX-15 House race?,288881405005644701938669382130096221659404307173045178355284864479406728774,0.21,250.0,52.5,BUY,-1.0,0.2,0.215,0.20750000000000002,0.014999999999999986,5.537063121795654,0.18,0.2,0.19,0.020000000000000018,5.037513971328735,0.017500000000000016,0.01999999999999999,262.87,3086.48,341.1,8110.22,12.639513969421387,0.19,0.19,0.19,0.19,0.19,0.19,0.19,0.19,0.185,,0.20750000000000002,0.20500000000000002,,0.01999999999999999,0.01999999999999999,0.01999999999999999,0.01999999999999999,0.024999999999999994,,0.0,2,52.5,250.0
2026-10-01T16:55:40.816452+00:00,1790873740.816452,1010,Will the Republican Party win the FL-07 House race?,28134558928888227948813381987057565018866784201189850460618625875753502909061,0.665,500.0,332.5,SELL,1.0,0.665,0.675,0.67,0.010000000000000009,6.754086971282959,0.66,0.67,0.665,0.010000000000000009,4.146451950073242,0.0050000000000000044,0.0,7726.94,13713.97,1752.7,26651.33,16.654452085494995,0.665,0.665,0.665,0.665,0.665,0.665,0.665,0.665,0.665,,0.67,0.67,,0.0,0.0,0.0,0.0,0.0,,-0.0,2,164.92000000000002,-248.0
2026-10-01T16:55:43.796012+00:00,1790873743.796012,933,Will the Republican Party win the TX-15 House race?,288881405005644701938669382130096221659404307173045178355284864479406728774,0.21,132.0,27.72,BUY,-1.0,0.2,0.215,0.20750000000000002,0.014999999999999986,8.691560983657837,0.18,0.2,0.19,0.020000000000000018,2.709012031555176,0.017500000000000016,0.01999999999999999,262.87,3086.48,341.1,8110.22,15.79401183128357,0.19,0.19,0.19,0.19,0.19,0.19,0.19,0.19,0.185,,0.20750000000000002,0.20500000000000002,,0.01999999999999999,0.01999999999999999,0.01999999999999999,0.01999999999999999,0.024999999999999994,,0.0,3,105.0,500.0
2026-10-01T16:59:31.024463+00:00,1790873971.024463,960,Will the Republican Party win the Maine Senate?,2142948285506077695096498341598672159464223074468931276310105532825810210121,0.42,211.0,88.61999999999999,BUY,-1.0,0.405,0.42,0.4125,0.014999999999999958,9.168606042861938,0.4,0.41,0.405,0.009999999999999953,1.7694628238677979,0.007499999999999951,0.014999999999999958,9671.98,33063.82,5037.17,48854.39,1.7694628238677979,0.405,0.405,0.405,0.405,0.405,0.405,,,,,0.4225,,,0.014999999999999958,0.014999999999999958,,,,,0.0,0,0,0
2026-10-01T16:59:31.024463+00:00,1790873971.024463,960,Will the Republican Party win the Maine Senate?,2142948285506077695096498341598672159464223074468931276310105532825810210121,0.42,917.0,385.14,BUY,-1.0,0.405,0.42,0.4125,0.014999999999999958,9.168606042861938,0.4,0.41,0.405,0.009999999999999953,1.7694628238677979,0.007499999999999951,0.014999999999999958,9671.98,33063.82,5037.17,48854.39,1.7694628238677979,0.405,0.405,0.405,0.405,0.405,0.405,,,,,0.4225,,,0.014999999999999958,0.014999999999999958,,,,,0.0,1,88.61999999999999,211.0
2026-10-01T16:59:31.024463+00:00,1790873971.024463,960,Will the Republican Party win the Maine Senate?,2142948285506077695096498341598672159464223074468931276310105532825810210121,0.42,1200.0,504.0,BUY,-1.0,0.405,0.42,0.4125,0.014999999999999958,9.168606042861938,0.4,0.41,0.405,0.009999999999999953,1.7694628238677979,0.007499999999999951,0.014999999999999958,9671.98,33063.82,5037.17,48854.39,1.7694628238677979,0.405,0.405,0.405,0.405,0.405,0.405,,,,,0.4225,,,0.014999999999999958,0.014999999999999958,,,,,0.0,2,473.76,1128.0
2026-10-01T16:59:31.024463+00:00,1790873971.024463,960,Will the Republican Party win the Maine Senate?,2142948285506077695096498341598672159464223074468931276310105532825810210121,0.42,50.0,21.0,BUY,-1.0,0.405,0.42,0.4125,0.014999999999999958,9.168606042861938,0.4,0.41,0.405,0.009999999999999953,1.7694628238677979,0.007499999999999951,0.014999999999999958,9671.98,33063.82,5037.17,48854.39,1.7694628238677979,0.405,0.405,0.405,0.405,0.405,0.405,,,,,0.4225,,,0.014999999999999958,0.014999999999999958,,,,,0.0,3,977.76,2328.0
2026-10-01T16:59:32.560248+00:00,1790873972.560248,948,Will the Republican Party win the Georgia Senate?,43777191461245536274027792855557351629362906569064322165760098912770293918104,0.065,3936.0,255.84,SELL,1.0,0.065,0.075,0.07,0.009999999999999995,10.70439100265503,0.019,0.037,0.027999999999999997,0.018,5.8792479038238525,0.04200000000000001,-0.037000000000000005,40.0,1568.05,390.0,1211.57,5.8792479038238525,0.027999999999999997,0.027999999999999997,0.027999999999999997,0.027999999999999997,0.027999999999999997,0.027999999999999997,0.027999999999999997,,,,0.07,,,-0.037000000000000005,-0.037000000000000005,-0.037000000000000005,,,,-0.0,0,0,0
2026-10-01T16:59:32.740737+00:00,1790873972.740737,1077,Will the Republican Party win the Rhode Island Senate?,34189052194715415717712638492295939369730261135279818111658380308037908103272,0.03,1.0,0.03,BUY,-1.0,0.005,0.03,0.017499999999999998,0.024999999999999998,11.433230876922607,0.003,0.012,0.0075,0.009000000000000001,62.97973704338074,0.009999999999999998,0.0225,140.0,653.0,25.1,202.9,62.97973704338074,0.0075,0.0075,0.0075,0.0075,0.0075,0.0075,0.0075,,,,0.01,,,0.0225,0.0225,0.0225,,,,0.0,0,0,0
2026-10-01T16:59:33.455278+00:00,1790873973.455278,1075,Will the Republican Party win the Delaware Senate?,87168139162038142124325281596428703628651393008967709292675786182583009487326,0.03,1.0,0.03,SELL,1.0,0.03,0.035,0.0325,0.0050000000000000044,12.147771835327148,0.011,0.049,0.03,0.038000000000000006,0.6922779083251953,0.0025000000000000022,0.0,97.29,182.77,88.7,286.6,0.6922779083251953,0.028499999999999998,0.0325,0.0305,0.03,0.03,0.028999999999999998,0.027499999999999997,,,,0.02,,,0.0,-0.0010000000000000009,-0.0025000000000000022,,,,0.0005000000000000004,0,0,0
2026-10-01T16:59:37.946531+00:00,1790873977.946531,1075,Will the Republican Party win the Delaware Senate?,87168139162038142124325281596428703628651393008967709292675786182583009487326,0.03,500.0,15.0,SELL,1.0,0.03,0.035,0.0325,0.0050000000000000044,16.63902497291565,0.011,0.047,0.028999999999999998,0.036000000000000004,0.08653116226196289,0.003500000000000003,-0.0010000000000000009,97.29,182.77,88.7,286.6,5.183531045913696,0.027499999999999997,0.032,0.03,0.0295,0.028999999999999998,0.028499999999999998,0.0325,,,,0.02,,,-0.0010000000000000009,-0.0015000000000000013,0.0025000000000000022,,,,0.0010000000000000009,1,0.03,-1.0
2026-10-01T16:59:43.349776+00:00,1790873983.349776,1077,Will the Republican Party win the Rhode Island Senate?,34189052194715415717712638492295939369730261135279818111658380308037908103272,0.015,50.0,0.75,BUY,-1.0,0.005,0.015,0.01,0.009999999999999998,0.9267609119415283,0.003,0.012,0.0075,0.009000000000000001,9.494776010513306,0.0025000000000000005,0.0075,140.0,653.0,25.1,202.9,73.58877611160278,0.0075,0.0075,0.0075,0.0075,0.0075,0.0075,0.0075,,,,0.02,,,0.0075,0.0075,0.0075,,,,0.0,1,0.03,1.0
2026-10-01T16:59:43.349776+00:00,1790873983.349776,1077,Will the Republican Party win the Rhode Island Senate?,34189052194715415717712638492295939369730261135279818111658380308037908103272,0.03,5.0,0.15,BUY,-1.0,0.005,0.015,0.01,0.009999999999999998,0.9267609119415283,0.003,0.012,0.0075,0.009000000000000001,9.494776010513306,0.0025000000000000005,0.0225,140.0,653.0,25.1,202.9,73.58877611160278,0.0075,0.0075,0.0075,0.0075,0.0075,0.0075,0.0075,,,,0.02,,,0.0225,0.0225,0.0225,,,,0.0,2,0.78,51.0
2026-10-01T16:59:45.619182+00:00,1790873985.619182,1051,Will the Democratic Party win the Tennessee Senate?,32832180976319820233770784594777532825515834160906037910741389521155405934640,0.02,699.0,13.98,SELL,1.0,0.02,0.05,0.035,0.030000000000000002,3.1961669921875,0.051,0.095,0.073,0.044000000000000004,189.33218216896057,-0.03799999999999999,0.05299999999999999,50.0,608.97,19.97,238.97,189.33218216896057,0.073,0.073,0.073,0.073,,,,,,,0.035,,,,,,,,,-0.0,0,0,0
2026-10-01T16:59:49.212612+00:00,1790873989.212612,933,Will the Republican Party win the TX-15 House race?,288881405005644701938669382130096221659404307173045178355284864479406728774,0.21,250.0,52.5,SELL,1.0,0.2,0.23,0.21500000000000002,0.03,6.419559955596924,0.18,0.19,0.185,0.010000000000000009,2.7436118125915527,0.030000000000000027,-0.024999999999999994,262.87,2924.48,210.11,9239.74,18.58661198616028,0.185,0.185,0.185,0.185,0.185,0.185,,,,,,,,-0.024999999999999994,-0.024999999999999994,,,,,-0.0,0,0,0
2026-10-01T16:59:49.212612+00:00,1790873989.212612,933,Will the Republican Party win the TX-15 House race?,288881405005644701938669382130096221659404307173045178355284864479406728774,0.23,29.0,6.67,BUY,-1.0,0.2,0.23,0.21500000000000002,0.03,6.419559955596924,0.18,0.19,0.185,0.010000000000000009,2.7436118125915527,0.030000000000000027,0.04500000000000001,262.87,2924.48,210.11,9239.74,18.58661198616028,0.185,0.185,0.185,0.185,0.185,0.185,,,,,,,,0.04500000000000001,0.04500000000000001,,,,,0.0,1,52.5,-250.0
2026-10-01T16:59:49.212612+00:00,1790873989.212612,933,Will the Republican Party win the TX-15 House race?,288881405005644701938669382130096221659404307173045178355284864479406728774,0.23,1000.0,230.0,BUY,-1.0,0.2,0.23,0.21500000000000002,0.03,6.419559955596924,0.18,0.19,0.185,0.010000000000000009,2.7436118125915527,0.030000000000000027,0.04500000000000001,262.87,2924.48,210.11,9239.74,18.58661198616028,0.185,0.185,0.185,0.185,0.185,0.185,,,,,,,,0.04500000000000001,0.04500000000000001,,,,,0.0,2,59.17,-221.0
2026-10-01T16:59:49.212612+00:00,1790873989.212612,933,Will the Republican Party win the TX-15 House race?,288881405005644701938669382130096221659404307173045178355284864479406728774,0.23,87.0,20.01,BUY,-1.0,0.2,0.23,0.21500000000000002,0.03,6.419559955596924,0.18,0.19,0.185,0.010000000000000009,2.7436118125915527,0.030000000000000027,0.04500000000000001,262.87,2924.48,210.11,9239.74,18.58661198616028,0.185,0.185,0.185,0.185,0.185,0.185,,,,,,,,0.04500000000000001,0.04500000000000001,,,,,0.0,3,289.17,779.0
2026-10-01T16:59:49.212612+00:00,1790873989.212612,933,Will the Republican Party win the TX-15 House race?,288881405005644701938669382130096221659404307173045178355284864479406728774,0.24,6.0,1.44,BUY,-1.0,0.2,0.23,0.21500000000000002,0.03,6.419559955596924,0.18,0.19,0.185,0.010000000000000009,2.7436118125915527,0.030000000000000027,0.05499999999999999,262.87,2924.48,210.11,9239.74,18.58661198616028,0.185,0.185,0.185,0.185,0.185,0.185,,,,,,,,0.05499999999999999,0.05499999999999999,,,,,0.0,4,309.18,866.0
2026-10-01T16:59:49.417523+00:00,1790873989.417523,951,Will the Democratic Party win the Idaho Senate?,26969987183147691459735958550527481658991321979903347263530424157323143990437,0.03,339.0,10.17,BUY,-1.0,0.005,0.03,0.017499999999999998,0.024999999999999998,6.624470949172974,0.01,0.059,0.034499999999999996,0.048999999999999995,2.973522901535034,-0.016999999999999998,-0.004499999999999997,150.0,234.38,8.27,184.62,23.19152283668518,0.034499999999999996,0.034499999999999996,0.034499999999999996,0.034499999999999996,,,,,,,,,,,,,,,,0.0,0,0,0
2026-10-01T16:59:49.597056+00:00,1790873989.597056,948,Will the Republican Party win the Georgia Senate?,43777191461245536274027792855557351629362906569064322165760098912770293918104,0.065,3936.0,255.84,SELL,1.0,0.065,0.075,0.07,0.009999999999999995,6.804003953933716,0.019,0.037,0.027999999999999997,0.018,3.610055923461914,0.04200000000000001,-0.037000000000000005,40.0,1568.05,390.0,1211.57,22.916055917739868,0.027999999999999997,0.027999999999999997,0.027999999999999997,0.027999999999999997,0.027999999999999997,0.027999999999999997,,,,,,,,-0.037000000000000005,-0.037000000000000005,,,,,-0.0,1,255.84,-3936.0
2026-10-01T16:59:49.932272+00:00,1790873989.932272,958,Will the Republican Party win the Louisiana Senate?,79597156840177168343562124064866301094619106642263695929345529947536386203124,0.94,200.0,188.0,SELL,1.0,0.94,0.945,0.9424999999999999,0.0050000000000000044,7.1392199993133545,0.93,0.94,0.935,0.009999999999999898,12.802271842956543,0.00749999999999984,-0.004999999999999893,165.0,12518.12,5042.54,39009.85,34.6482720375061,0.935,0.935,0.935,0.935,0.935,0.935,,,,,,,,-0.004999999999999893,-0.004999999999999893,,,,,-0.0,0,0,0
2026-10-01T16:59:50.063556+00:00,1790873990.063556,948,Will the Republican Party win the Georgia Senate?,43777191461245536274027792855557351629362906569064322165760098912770293918104,0.065,250.0,16.25,SELL,1.0,0.065,0.075,0.07,0.009999999999999995,7.270503997802734,0.019,0.037,0.027999999999999997,0.018,4.076555967330933,0.04200000000000001,-0.037000000000000005,40.0,1568.05,390.0,1211.57,23.382555961608887,0.027999999999999997,0.027999999999999997,0.027999999999999997,0.027999999999999997,0.027999999999999997,0.027999999999999997,,,,,,,,-0.037000000000000005,-0.037000000000000005,,,,,-0.0,2,511.68,-7872.0
2026-10-01T16:59:51.102462+00:00,1790873991.102462,1069,Will the Republican Party win the Massachusetts Senate?,52178324110389695602675502049040070314896672216017803310891522866815977262616,0.03,21.0,0.63,BUY,-1.0,0.01,0.03,0.02,0.019999999999999997,8.679446935653687,0.005,0.01,0.0075,0.005,44.652462005615234,0.0125,0.0225,6.68,965.78,74.0,314.0,44.652462005615234,0.0075,0.0075,0.0075,0.0075,,,,,,,0.022500000000000003,,,,,,,,,0.0,0,0,0
2026-10-01T16:59:51.108251+00:00,1790873991.108251,951,Will the Democratic Party win the Idaho Senate?,26969987183147691459735958550527481658991321979903347263530424157323143990437,0.03,5.0,0.15,BUY,-1.0,0.005,0.03,0.017499999999999998,0.024999999999999998,8.315199136734009,0.01,0.059,0.034499999999999996,0.048999999999999995,4.664251089096069,-0.016999999999999998,-0.004499999999999997,150.0,234.38,8.27,184.62,24.882251024246216,0.034499999999999996,0.034499999999999996,0.034499999999999996,0.034499999999999996,,,,,,,,,,,,,,,,0.0,1,10.17,339.0
2026-10-01T16:59:52.585747+00:00,1790873992.585747,951,Will the Democratic Party win the Idaho Senate?,26969987183147691459735958550527481658991321979903347263530424157323143990437,0.005,5.0,0.025,SELL,1.0,0.005,0.03,0.017499999999999998,0.024999999999999998,9.792695045471191,0.01,0.059,0.034499999999999996,0.048999999999999995,6.141746997833252,-0.016999999999999998,0.029499999999999995,150.0,234.38,8.27,184.62,26.3597469329834,0.034499999999999996,0.034499999999999996,0.034499999999999996,0.034499999999999996,,,,,,,,,,,,,,,,-0.0,2,10.32,344.0
2026-10-01T16:59:55.783741+00:00,1790873995.783741,932,Will the Democratic Party win the TX-15 House race?,6584875983046678011286869107197719818123093254495444235544680527373303971994,0.785,100.0,78.5,BUY,-1.0,0.775,0.785,0.78,0.010000000000000009,0.6179111003875732,0.79,0.81,0.8,0.020000000000000018,6.824740886688232,-0.020000000000000018,-0.015000000000000013,532.66,6832.87,225.0,15138.1,30.38974094390869,0.8,0.8,0.8,0.8,0.8,,,,,,,,,-0.015000000000000013,,,,,,0.0,0,0,0
2026-10-01T16:59:55.864096+00:00,1790873995.864096,948,Will the Republican Party win the Georgia Senate?,43777191461245536274027792855557351629362906569064322165760098912770293918104,0.065,350.0,22.75,SELL,1.0,0.065,0.075,0.07,0.009999999999999995,0.6982660293579102,0.019,0.037,0.027999999999999997,0.018,5.594095945358276,0.04200000000000001,-0.037000000000000005,40.0,1568.05,390.0,1211.57,29.183095932006836,0.027999999999999997,0.027999999999999997,0.027999999999999997,0.027999999999999997,0.027999999999999997,,,,,,,,,-0.037000000000000005,,,,,,-0.0,3,527.9300000000001,-8122.0
2026-10-01T16:59:56.265466+00:00,1790873996.265466,948,Will the Republican Party win the Georgia Senate?,43777191461245536274027792855557351629362906569064322165760098912770293918104,0.065,2807.0,182.455,SELL,1.0,0.065,0.075,0.07,0.009999999999999995,1.0996360778808594,0.019,0.037,0.027999999999999997,0.018,5.995465993881226,0.04200000000000001,-0.037000000000000005,40.0,1568.05,390.0,1211.57,29.584465980529785,0.027999999999999997,0.027999999999999997,0.027999999999999997,0.027999999999999997,0.027999999999999997,,,,,,,,,-0.037000000000000005,,,,,,-0.0,4,550.6800000000001,-8472.0
2026-10-01T16:59:58.027966+00:00,1790873998.027966,895,Will the Republican Party win the CO-03 House race?,50051241364929222895693566081605692346197807854055532008099278772035698770870,0.725,100.0,72.5,BUY,-1.0,0.705,0.725,0.715,0.020000000000000018,2.862136125564575,0.73,0.75,0.74,0.020000000000000018,3.3609659671783447,-0.025000000000000022,-0.015000000000000013,593.0,13233.51,671.0,15377.21,26.027966022491455,0.74,0.74,0.74,0.74,0.74,,,,,,,,,-0.015000000000000013,,,,,,0.0,0,0,0
2026-10-01T17:00:04.177638+00:00,1790874004.177638,969,Will the Independent Party win the Nebraska Senate?,47975366268282823322598946778919483335780002591367838795894307024076579116518,0.285,123.0,35.055,BUY,-1.0,0.27,0.285,0.27749999999999997,0.014999999999999958,8.38480806350708,0.3,0.31,0.305,0.010000000000000009,4.825638055801392,-0.027500000000000024,-0.020000000000000018,3137.93,17986.16,59821.01,145896.35,42.17663812637329,0.305,0.305,0.305,0.305,,,,,,,,,,,,,,,,0.0,0,0,0
2026-10-01T17:00:05.982068+00:00,1790874005.982068,948,Will the Republican Party win the Georgia Senate?,43777191461245536274027792855557351629362906569064322165760098912770293918104,0.065,731.0,47.515,SELL,1.0,0.065,0.075,0.07,0.009999999999999995,10.816238164901733,0.019,0.037,0.027999999999999997,0.018,6.542068004608154,0.04200000000000001,-0.037000000000000005,40.0,1568.05,390.0,1211.57,39.30106806755066,0.027999999999999997,0.027999999999999997,0.027999999999999997,0.027999999999999997,,,,,,,,,,,,,,,,-0.0,5,733.135,-11279.0
2026-10-01T17:00:06.708069+00:00,1790874006.708069,948,Will the Republican Party win the Georgia Senate?,43777191461245536274027792855557351629362906569064322165760098912770293918104,0.065,250.0,16.25,SELL,1.0,0.065,0.075,0.07,0.009999999999999995,11.54223918914795,0.019,0.037,0.027999999999999997,0.018,7.26806902885437,0.04200000000000001,-0.037000000000000005,40.0,1568.05,390.0,1211.57,40.027069091796875,0.027999999999999997,0.027999999999999997,0.027999999999999997,0.027999999999999997,,,,,,,,,,,,,,,,-0.0,6,780.65,-12010.0
2026-10-01T17:00:07.245279+00:00,1790874007.245279,933,Will the Republican Party win the TX-15 House race?,288881405005644701938669382130096221659404307173045178355284864479406728774,0.2,500.0,100.0,SELL,1.0,0.2,0.21,0.20500000000000002,0.009999999999999981,12.07944917678833,0.18,0.19,0.185,0.010000000000000009,7.544279098510742,0.020000000000000018,-0.015000000000000013,262.87,2924.48,210.11,9239.74,36.61927914619446,0.185,0.185,0.185,0.185,,,,,,,,,,,,,,,,-0.0,5,310.62,872.0
2026-10-01T17:00:08.007114+00:00,1790874008.007114,960,Will the Republican Party win the Maine Senate?,2142948285506077695096498341598672159464223074468931276310105532825810210121,0.42,1795.0,753.9,SELL,1.0,0.42,0.425,0.4225,0.0050000000000000044,12.841284036636353,0.4,0.41,0.405,0.009999999999999953,29.218113899230957,0.01749999999999996,-0.014999999999999958,9671.98,33063.82,5037.17,48854.39,38.752113819122314,0.405,0.405,0.405,0.405,,,,,,,,,,,,,,,,-0.0,4,998.76,2378.0