event,regime,source_condition_id,source_token_id,target_condition_id,target_token_id,relationship_class,semantic_basis
colombia_first_round,ACTIVE_RESULTS,0x0800bd687e4028589e13ea87e9d999ae8495baf34b886cad9aeaca166273fa72,77801891223987841891474930621248532092123386694399544698997121876709615623565,0x1ffa861140b3938290e913f1e8fc09a9402d92b5a77ae7ef04a1bf1984f47124,73623722357385139155184248655502762857722717250404134489597392300966802164164,SAME_FAMILY:PRESIDENTIAL_FIRST_ROUND,frozen market_family metadata
colombia_first_round,ACTIVE_RESULTS,0x0800bd687e4028589e13ea87e9d999ae8495baf34b886cad9aeaca166273fa72,77801891223987841891474930621248532092123386694399544698997121876709615623565,0x26a0f0a0c39f06c80dcfa83ba8b9701973471e097529aadd791b61bada836c20,25690840019062849976496566794963978141818728224461919092756328830681090169797,SAME_FAMILY:PRESIDENTIAL_FIRST_ROUND,frozen market_family metadata
colombia_first_round,ACTIVE_RESULTS,0x0800bd687e4028589e13ea87e9d999ae8495baf34b886cad9aeaca166273fa72,77801891223987841891474930621248532092123386694399544698997121876709615623565,0x4e7ab14e108ea5a9155cec536b435c098b72702639598f0c28349c8bac946d94,10647133337702892106263778573888138658570317713098443417452924210592766368406,SAME_FAMILY:PRESIDENTIAL_FIRST_ROUND,frozen market_family metadata
colombia_first_round,ACTIVE_RESULTS,0x0800bd687e4028589e13ea87e9d999ae8495baf34b886cad9aeaca166273fa72,77801891223987841891474930621248532092123386694399544698997121876709615623565,0x6aee7a669dd941b514661d64c55e7bd63ef7884d5e455c850f1835a8056e7a55,7707882609877027151419445009151473858946466475327085396299308696610200951375,SAME_FAMILY:PRESIDENTIAL_FIRST_ROUND,frozen market_family metadata
colombia_first_round,ACTIVE_RESULTS,0x0800bd687e4028589e13ea87e9d999ae8495baf34b886cad9aeaca166273fa72,77801891223987841891474930621248532092123386694399544698997121876709615623565,0x6cd7f5a003cad0da9b5c95517f2d64947502ab65c3e7c59f5e80306cbe466306,104248572480405467465158820553794703819681317324427410345775817859278974206745,SAME_FAMILY:PRESIDENTIAL_FIRST_ROUND,frozen market_family metadata
colombia_first_round,ACTIVE_RESULTS,0x0800bd687e4028589e13ea87e9d999ae8495baf34b886cad9aeaca166273fa72,77801891223987841891474930621248532092123386694399544698997121876709615623565,0x7385bdc26ff171d5efebeebf1f8e9699a21877e3706c803341eabfb57fa1ee42,104997868072009015624222294580678450931025984784809139537795507805369124252261,SAME_FAMILY:PRESIDENTIAL_FIRST_ROUND,frozen market_family metadata
colombia_first_round,ACTIVE_RESULTS,0x0800bd687e4028589e13ea87e9d999ae8495baf34b886cad9aeaca166273fa72,77801891223987841891474930621248532092123386694399544698997121876709615623565,0x801f7b19117136c24310006ce4de103f2393f9b7e193f5cd46979f789986d4e5,31298869100124143495345080948613668059227369900192776063166867588510846016201,SAME_FAMILY:PRESIDENTIAL_FIRST_ROUND,frozen market_family metadata
colombia_first_round,ACTIVE_RESULTS,0x0800bd687e4028589e13ea87e9d999ae8495baf34b886cad9aeaca166273fa72,77801891223987841891474930621248532092123386694399544698997121876709615623565,0xab6fb278f753c6c10479d71429d3ef53ed213ddd208b9f4381cecd8db393974c,112000997367369775705892760747740706713090189173150311174658104010356449962658,SAME_FAMILY:PRESIDENTIAL_FIRST_ROUND,frozen market_family metadata
colombia_first_round,ACTIVE_RESULTS,0x0800bd687e4028589e13ea87e9d999ae8495baf34b886cad9aeaca166273fa72,77801891223987841891474930621248532092123386694399544698997121876709615623565,0xb611b3a7173f69e412b55561ed265d849e36693c248ff620d0e981c5b3f2e325,33232052119491652564300969744259903933559547696830742958153653325470669042304,SAME_FAMILY:PRESIDENTIAL_FIRST_ROUND,frozen market_family metadata
colombia_first_round,ACTIVE_RESULTS,0x0800bd687e4028589e13ea87e9d999ae8495baf34b886cad9aeaca166273fa72,77801891223987841891474930621248532092123386694399544698997121876709615623565,0xb796aa213c72a50adc3eab3e107f05d2500e084f5245529048d25083b5ee58f6,23532536587635768634392386965780230467726004893924047653522105374551220178823,SAME_FAMILY:PRESIDENTIAL_FIRST_ROUND,frozen market_family metadata
colombia_first_round,ACTIVE_RESULTS,0x0800bd687e4028589e13ea87e9d999ae8495baf34b886cad9aeaca166273fa72,77801891223987841891474930621248532092123386694399544698997121876709615623565,0xc00920db6f5e84821a61bd31578499bbc9bd125949572b589b7a9e4b0f13bad3,97787606698093663746310161655083884268863593082956469376386743061399298825100,SAME_FAMILY:PRESIDENTIAL_FIRST_ROUND,frozen market_family metadata
colombia_first_round,ACTIVE_RESULTS,0x0800bd687e4028589e13ea87e9d999ae8495baf34b886cad9aeaca166273fa72,77801891223987841891474930621248532092123386694399544698997121876709615623565,0xc48f1e352e7ef08f2fda326efa7bc7c639cf2700d0a28344d1467bdccf76daa4,109081106914132571114405581459213011502026754392738045472199649082947336083032,SAME_FAMILY:PRESIDENTIAL_FIRST_ROUND,frozen market_family metadata
colombia_first_round,ACTIVE_RESULTS,0x0800bd687e4028589e13ea87e9d999ae8495baf34b886cad9aeaca166273fa72,77801891223987841891474930621248532092123386694399544698997121876709615623565,0xd5316f1032d75854eaca7b48150223e5191d43231aa14ee7b2cb8a2186d681a6,74625951734720996156139274995437961112167914312908354373606656149038667957546,SAME_FAMILY:PRESIDENTIAL_FIRST_ROUND,frozen market_family metadata
colombia_first_round,ACTIVE_RESULTS,0x0800bd687e4028589e13ea87e9d999ae8495baf34b886cad9aeaca166273fa72,77801891223987841891474930621248532092123386694399544698997121876709615623565,0xd6c879f9ce4481fb7f4ba7b5f497f039a969a028a42f122e02ca0c62f2add7f1,46097487828487911398569875551656737358989790690694005757154950076342237735284,SAME_FAMILY:PRESIDENTIAL_FIRST_ROUND,frozen market_family metadata
colombia_first_round,ACTIVE_RESULTS,0x0800bd687e4028589e13ea87e9d999ae8495baf34b886cad9aeaca166273fa72,77801891223987841891474930621248532092123386694399544698997121876709615623565,0xda907bc72ace0a6ee956394b022dd7a07e23dd7e1f2346ec1d6cef392e87e77d,63853622151739517344845565070031879672648174564960271673236617995513310773183,SAME_FAMILY:PRESIDENTIAL_FIRST_ROUND,frozen market_family metadata
colombia_first_round,ACTIVE_RESULTS,0x0800bd687e4028589e13ea87e9d999ae8495baf34b886cad9aeaca166273fa72,77801891223987841891474930621248532092123386694399544698997121876709615623565,0xf44ba6ae238db2cf052a5a496216cab7a8f8b5887d4b800fffcc842ff0a5656d,32538940167097335646273051780361200206495497154660016962319641291380583656648,SAME_FAMILY:PRESIDENTIAL_FIRST_ROUND,frozen market_family metadata
colombia_first_round,ACTIVE_RESULTS,0x1ffa861140b3938290e913f1e8fc09a9402d92b5a77ae7ef04a1bf1984f47124,73623722357385139155184248655502762857722717250404134489597392300966802164164,0x0800bd687e4028589e13ea87e9d999ae8495baf34b886cad9aeaca166273fa72,77801891223987841891474930621248532092123386694399544698997121876709615623565,SAME_FAMILY:PRESIDENTIAL_FIRST_ROUND,frozen market_family metadata
colombia_first_round,ACTIVE_RESULTS,0x1ffa861140b3938290e913f1e8fc09a9402d92b5a77ae7ef04a1bf1984f47124,73623722357385139155184248655502762857722717250404134489597392300966802164164,0x26a0f0a0c39f06c80dcfa83ba8b9701973471e097529aadd791b61bada836c20,25690840019062849976496566794963978141818728224461919092756328830681090169797,SAME_FAMILY:PRESIDENTIAL_FIRST_ROUND,frozen market_family metadata
colombia_first_round,ACTIVE_RESULTS,0x1ffa861140b3938290e913f1e8fc09a9402d92b5a77ae7ef04a1bf1984f47124,73623722357385139155184248655502762857722717250404134489597392300966802164164,0x4e7ab14e108ea5a9155cec536b435c098b72702639598f0c28349c8bac946d94,10647133337702892106263778573888138658570317713098443417452924210592766368406,SAME_FAMILY:PRESIDENTIAL_FIRST_ROUND,frozen market_family metadata
colombia_first_round,ACTIVE_RESULTS,0x1ffa861140b3938290e913f1e8fc09a9402d92b5a77ae7ef04a1bf1984f47124,73623722357385139155184248655502762857722717250404134489597392300966802164164,0x6aee7a669dd941b514661d64c55e7bd63ef7884d5e455c850f1835a8056e7a55,7707882609877027151419445009151473858946466475327085396299308696610200951375,SAME_FAMILY:PRESIDENTIAL_FIRST_ROUND,frozen market_family metadata
colombia_first_round,ACTIVE_RESULTS,0x1ffa861140b3938290e913f1e8fc09a9402d92b5a77ae7ef04a1bf1984f47124,73623722357385139155184248655502762857722717250404134489597392300966802164164,0x6cd7f5a003cad0da9b5c95517f2d64947502ab65c3e7c59f5e80306cbe466306,104248572480405467465158820553794703819681317324427410345775817859278974206745,SAME_FAMILY:PRESIDENTIAL_FIRST_ROUND,frozen market_family metadata
colombia_first_round,ACTIVE_RESULTS,0x1ffa861140b3938290e913f1e8fc09a9402d92b5a77ae7ef04a1bf1984f47124,73623722357385139155184248655502762857722717250404134489597392300966802164164,0x7385bdc26ff171d5efebeebf1f8e9699a21877e3706c803341eabfb57fa1ee42,104997868072009015624222294580678450931025984784809139537795507805369124252261,SAME_FAMILY:PRESIDENTIAL_FIRST_ROUND,frozen market_family metadata
colombia_first_round,ACTIVE_RESULTS,0x1ffa861140b3938290e913f1e8fc09a9402d92b5a77ae7ef04a1bf1984f47124,73623722357385139155184248655502762857722717250404134489597392300966802164164,0x801f7b19117136c24310006ce4de103f2393f9b7e193f5cd46979f789986d4e5,31298869100124143495345080948613668059227369900192776063166867588510846016201,SAME_FAMILY:PRESIDENTIAL_FIRST_ROUND,frozen market_family metadata
colombia_first_round,ACTIVE_RESULTS,0x1ffa861140b3938290e913f1e8fc09a9402d92b5a77ae7ef04a1bf1984f47124,73623722357385139155184248655502762857722717250404134489597392300966802164164,0xab6fb278f753c6c10479d71429d3ef53ed213ddd208b9f4381cecd8db393974c,112000997367369775705892760747740706713090189173150311174658104010356449962658,SAME_FAMILY:PRESIDENTIAL_FIRST_ROUND,frozen market_family metadata
colombia_first_round,ACTIVE_RESULTS,0x1ffa861140b3938290e913f1e8fc09a9402d92b5a77ae7ef04a1bf1984f47124,73623722357385139155184248655502762857722717250404134489597392300966802164164,0xb611b3a7173f69e412b55561ed265d849e36693c248ff620d0e981c5b3f2e325,33232052119491652564300969744259903933559547696830742958153653325470669042304,SAME_FAMILY:PRESIDENTIAL_FIRST_ROUND,frozen market_family metadata
colombia_first_round,ACTIVE_RESULTS,0x1ffa861140b3938290e913f1e8fc09a9402d92b5a77ae7ef04a1bf1984f47124,73623722357385139155184248655502762857722717250404134489597392300966802164164,0xb796aa213c72a50adc3eab3e107f05d2500e084f5245529048d25083b5ee58f6,23532536587635768634392386965780230467726004893924047653522105374551220178823,SAME_FAMILY:PRESIDENTIAL_FIRST_ROUND,frozen market_family metadata
colombia_first_round,ACTIVE_RESULTS,0x1ffa861140b3938290e913f1e8fc09a9402d92b5a77ae7ef04a1bf1984f47124,73623722357385139155184248655502762857722717250404134489597392300966802164164,0xc00920db6f5e84821a61bd31578499bbc9bd125949572b589b7a9e4b0f13bad3,97787606698093663746310161655083884268863593082956469376386743061399298825100,SAME_FAMILY:PRESIDENTIAL_FIRST_ROUND,frozen market_family metadata
colombia_first_round,ACTIVE_RESULTS,0x1ffa861140b3938290e913f1e8fc09a9402d92b5a77ae7ef04a1bf1984f47124,73623722357385139155184248655502762857722717250404134489597392300966802164164,0xc48f1e352e7ef08f2fda326efa7bc7c639cf2700d0a28344d1467bdccf76daa4,109081106914132571114405581459213011502026754392738045472199649082947336083032,SAME_FAMILY:PRESIDENTIAL_FIRST_ROUND,frozen market_family metadata
colombia_first_round,ACTIVE_RESULTS,0x1ffa861140b3938290e913f1e8fc09a9402d92b5a77ae7ef04a1bf1984f47124,73623722357385139155184248655502762857722717250404134489597392300966802164164,0xd5316f1032d75854eaca7b48150223e5191d43231aa14ee7b2cb8a2186d681a6,74625951734720996156139274995437961112167914312908354373606656149038667957546,SAME_FAMILY:PRESIDENTIAL_FIRST_ROUND,frozen market_family metadata
colombia_first_round,ACTIVE_RESULTS,0x1ffa861140b3938290e913f1e8fc09a9402d92b5a77ae7ef04a1bf1984f47124,73623722357385139155184248655502762857722717250404134489597392300966802164164,0xd6c879f9ce4481fb7f4ba7b5f497f039a969a028a42f122e02ca0c62f2add7f1,46097487828487911398569875551656737358989790690694005757154950076342237735284,SAME_FAMILY:PRESIDENTIAL_FIRST_ROUND,frozen market_family metadata
colombia_first_round,ACTIVE_RESULTS,0x1ffa861140b3938290e913f1e8fc09a9402d92b5a77ae7ef04a1bf1984f47124,73623722357385139155184248655502762857722717250404134489597392300966802164164,0xda907bc72ace0a6ee956394b022dd7a07e23dd7e1f2346ec1d6cef392e87e77d,63853622151739517344845565070031879672648174564960271673236617995513310773183,SAME_FAMILY:PRESIDENTIAL_FIRST_ROUND,frozen market_family metadata
colombia_first_round,ACTIVE_RESULTS,0x1ffa861140b3938290e913f1e8fc09a9402d92b5a77ae7ef04a1bf1984f47124,73623722357385139155184248655502762857722717250404134489597392300966802164164,0xf44ba6ae238db2cf052a5a496216cab7a8f8b5887d4b800fffcc842ff0a5656d,32538940167097335646273051780361200206495497154660016962319641291380583656648,SAME_FAMILY:PRESIDENTIAL_FIRST_ROUND,frozen market_family metadata
colombia_first_round,ACTIVE_RESULTS,0x26a0f0a0c39f06c80dcfa83ba8b9701973471e097529aadd791b61bada836c20,25690840019062849976496566794963978141818728224461919092756328830681090169797,0x0800bd687e4028589e13ea87e9d999ae8495baf34b886cad9aeaca166273fa72,77801891223987841891474930621248532092123386694399544698997121876709615623565,SAME_FAMILY:PRESIDENTIAL_FIRST_ROUND,frozen market_family metadata
colombia_first_round,ACTIVE_RESULTS,0x26a0f0a0c39f06c80dcfa83ba8b9701973471e097529aadd791b61bada836c20,25690840019062849976496566794963978141818728224461919092756328830681090169797,0x1ffa861140b3938290e913f1e8fc09a9402d92b5a77ae7ef04a1bf1984f47124,73623722357385139155184248655502762857722717250404134489597392300966802164164,SAME_FAMILY:PRESIDENTIAL_FIRST_ROUND,frozen market_family metadata
colombia_first_round,ACTIVE_RESULTS,0x26a0f0a0c39f06c80dcfa83ba8b9701973471e097529aadd791b61bada836c20,25690840019062849976496566794963978141818728224461919092756328830681090169797,0x4e7ab14e108ea5a9155cec536b435c098b72702639598f0c28349c8bac946d94,10647133337702892106263778573888138658570317713098443417452924210592766368406,SAME_FAMILY:PRESIDENTIAL_FIRST_ROUND,frozen market_family metadata
colombia_first_round,ACTIVE_RESULTS,0x26a0f0a0c39f06c80dcfa83ba8b9701973471e097529aadd791b61bada836c20,25690840019062849976496566794963978141818728224461919092756328830681090169797,0x6aee7a669dd941b514661d64c55e7bd63ef7884d5e455c850f1835a8056e7a55,7707882609877027151419445009151473858946466475327085396299308696610200951375,SAME_FAMILY:PRESIDENTIAL_FIRST_ROUND,frozen market_family metadata
colombia_first_round,ACTIVE_RESULTS,0x26a0f0a0c39f06c80dcfa83ba8b9701973471e097529aadd791b61bada836c20,25690840019062849976496566794963978141818728224461919092756328830681090169797,0x6cd7f5a003cad0da9b5c95517f2d64947502ab65c3e7c59f5e80306cbe466306,104248572480405467465158820553794703819681317324427410345775817859278974206745,SAME_FAMILY:PRESIDENTIAL_FIRST_ROUND,frozen market_family metadata
colombia_first_round,ACTIVE_RESULTS,0x26a0f0a0c39f06c80dcfa83ba8b9701973471e097529aadd791b61bada836c20,25690840019062849976496566794963978141818728224461919092756328830681090169797,0x7385bdc26ff171d5efebeebf1f8e9699a21877e3706c803341eabfb57fa1ee42,104997868072009015624222294580678450931025984784809139537795507805369124252261,SAME_FAMILY:PRESIDENTIAL_FIRST_ROUND,frozen market_family metadata
colombia_first_round,ACTIVE_RESULTS,0x26a0f0a0c39f06c80dcfa83ba8b9701973471e097529aadd791b61bada836c20,25690840019062849976496566794963978141818728224461919092756328830681090169797,0x801f7b19117136c24310006ce4de103f2393f9b7e193f5cd46979f789986d4e5,31298869100124143495345080948613668059227369900192776063166867588510846016201,SAME_FAMILY:PRESIDENTIAL_FIRST_ROUND,frozen market_family metadata
colombia_first_round,ACTIVE_RESULTS,0x26a0f0a0c39f06c80dcfa83ba8b9701973471e097529aadd791b61bada836c20,25690840019062849976496566794963978141818728224461919092756328830681090169797,0xab6fb278f753c6c10479d71429d3ef53ed213ddd208b9f4381cecd8db393974c,112000997367369775705892760747740706713090189173150311174658104010356449962658,SAME_FAMILY:PRESIDENTIAL_FIRST_ROUND,frozen market_family metadata
colombia_first_round,ACTIVE_RESULTS,0x26a0f0a0c39f06c80dcfa83ba8b9701973471e097529aadd791b61bada836c20,25690840019062849976496566794963978141818728224461919092756328830681090169797,0xb611b3a7173f69e412b55561ed265d849e36693c248ff620d0e981c5b3f2e325,33232052119491652564300969744259903933559547696830742958153653325470669042304,SAME_FAMILY:PRESIDENTIAL_FIRST_ROUND,frozen market_family metadata
colombia_first_round,ACTIVE_RESULTS,0x26a0f0a0c39f06c80dcfa83ba8b9701973471e097529aadd791b61bada836c20,25690840019062849976496566794963978141818728224461919092756328830681090169797,0xb796aa213c72a50adc3eab3e107f05d2500e084f5245529048d25083b5ee58f6,23532536587635768634392386965780230467726004893924047653522105374551220178823,SAME_FAMILY:PRESIDENTIAL_FIRST_ROUND,frozen market_family metadata
colombia_first_round,ACTIVE_RESULTS,0x26a0f0a0c39f06c80dcfa83ba8b9701973471e097529aadd791b61bada836c20,25690840019062849976496566794963978141818728224461919092756328830681090169797,0xc00920db6f5e84821a61bd31578499bbc9bd125949572b589b7a9e4b0f13bad3,97787606698093663746310161655083884268863593082956469376386743061399298825100,SAME_FAMILY:PRESIDENTIAL_FIRST_ROUND,frozen market_family metadata
colombia_first_round,ACTIVE_RESULTS,0x26a0f0a0c39f06c80dcfa83ba8b9701973471e097529aadd791b61bada836c20,25690840019062849976496566794963978141818728224461919092756328830681090169797,0xc48f1e352e7ef08f2fda326efa7bc7c639cf2700d0a28344d1467bdccf76daa4,109081106914132571114405581459213011502026754392738045472199649082947336083032,SAME_FAMILY:PRESIDENTIAL_FIRST_ROUND,frozen market_family metadata
colombia_first_round,ACTIVE_RESULTS,0x26a0f0a0c39f06c80dcfa83ba8b9701973471e097529aadd791b61bada836c20,25690840019062849976496566794963978141818728224461919092756328830681090169797,0xd5316f1032d75854eaca7b48150223e5191d43231aa14ee7b2cb8a2186d681a6,74625951734720996156139274995437961112167914312908354373606656149038667957546,SAME_FAMILY:PRESIDENTIAL_FIRST_ROUND,frozen market_family metadata
colombia_first_round,ACTIVE_RESULTS,0x26a0f0a0c39f06c80dcfa83ba8b9701973471e097529aadd791b61bada836c20,25690840019062849976496566794963978141818728224461919092756328830681090169797,0xd6c879f9ce4481fb7f4ba7b5f497f039a969a028a42f122e02ca0c62f2add7f1,46097487828487911398569875551656737358989790690694005757154950076342237735284,SAME_FAMILY:PRESIDENTIAL_FIRST_ROUND,frozen market_family metadata
colombia_first_round,ACTIVE_RESULTS,0x26a0f0a0c39f06c80dcfa83ba8b9701973471e097529aadd791b61bada836c20,25690840019062849976496566794963978141818728224461919092756328830681090169797,0xda907bc72ace0a6ee956394b022dd7a07e23dd7e1f2346ec1d6cef392e87e77d,63853622151739517344845565070031879672648174564960271673236617995513310773183,SAME_FAMILY:PRESIDENTIAL_FIRST_ROUND,frozen market_family metadata
colombia_first_round,ACTIVE_RESULTS,0x26a0f0a0c39f06c80dcfa83ba8b9701973471e097529aadd791b61bada836c20,25690840019062849976496566794963978141818728224461919092756328830681090169797,0xf44ba6ae238db2cf052a5a496216cab7a8f8b5887d4b800fffcc842ff0a5656d,32538940167097335646273051780361200206495497154660016962319641291380583656648,SAME_FAMILY:PRESIDENTIAL_FIRST_ROUND,frozen market_family metadata
colombia_first_round,ACTIVE_RESULTS,0x4e7ab14e108ea5a9155cec536b435c098b72702639598f0c28349c8bac946d94,10647133337702892106263778573888138658570317713098443417452924210592766368406,0x0800bd687e4028589e13ea87e9d999ae8495baf34b886cad9aeaca166273fa72,77801891223987841891474930621248532092123386694399544698997121876709615623565,SAME_FAMILY:PRESIDENTIAL_FIRST_ROUND,frozen market_family metadata
colombia_first_round,ACTIVE_RESULTS,0x4e7ab14e108ea5a9155cec536b435c098b72702639598f0c28349c8bac946d94,10647133337702892106263778573888138658570317713098443417452924210592766368406,0x1ffa861140b3938290e913f1e8fc09a9402d92b5a77ae7ef04a1bf1984f47124,73623722357385139155184248655502762857722717250404134489597392300966802164164,SAME_FAMILY:PRESIDENTIAL_FIRST_ROUND,frozen market_family metadata
colombia_first_round,ACTIVE_RESULTS,0x4e7ab14e108ea5a9155cec536b435c098b72702639598f0c28349c8bac946d94,10647133337702892106263778573888138658570317713098443417452924210592766368406,0x26a0f0a0c39f06c80dcfa83ba8b9701973471e097529aadd791b61bada836c20,25690840019062849976496566794963978141818728224461919092756328830681090169797,SAME_FAMILY:PRESIDENTIAL_FIRST_ROUND,frozen market_family metadata
colombia_first_round,ACTIVE_RESULTS,0x4e7ab14e108ea5a9155cec536b435c098b72702639598f0c28349c8bac946d94,10647133337702892106263778573888138658570317713098443417452924210592766368406,0x6aee7a669dd941b514661d64c55e7bd63ef7884d5e455c850f1835a8056e7a55,7707882609877027151419445009151473858946466475327085396299308696610200951375,SAME_FAMILY:PRESIDENTIAL_FIRST_ROUND,frozen market_family metadata
colombia_first_round,ACTIVE_RESULTS,0x4e7ab14e108ea5a9155cec536b435c098b72702639598f0c28349c8bac946d94,10647133337702892106263778573888138658570317713098443417452924210592766368406,0x6cd7f5a003cad0da9b5c95517f2d64947502ab65c3e7c59f5e80306cbe466306,104248572480405467465158820553794703819681317324427410345775817859278974206745,SAME_FAMILY:PRESIDENTIAL_FIRST_ROUND,frozen market_family metadata
colombia_first_round,ACTIVE_RESULTS,0x4e7ab14e108ea5a9155cec536b435c098b72702639598f0c28349c8bac946d94,10647133337702892106263778573888138658570317713098443417452924210592766368406,0x7385bdc26ff171d5efebeebf1f8e9699a21877e3706c803341eabfb57fa1ee42,104997868072009015624222294580678450931025984784809139537795507805369124252261,SAME_FAMILY:PRESIDENTIAL_FIRST_ROUND,frozen market_family metadata
colombia_first_round,ACTIVE_RESULTS,0x4e7ab14e108ea5a9155cec536b435c098b72702639598f0c28349c8bac946d94,10647133337702892106263778573888138658570317713098443417452924210592766368406,0x801f7b19117136c24310006ce4de103f2393f9b7e193f5cd46979f789986d4e5,31298869100124143495345080948613668059227369900192776063166867588510846016201,SAME_FAMILY:PRESIDENTIAL_FIRST_ROUND,frozen market_family metadata
colombia_first_round,ACTIVE_RESULTS,0x4e7ab14e108ea5a9155cec536b435c098b72702639598f0c28349c8bac946d94,10647133337702892106263778573888138658570317713098443417452924210592766368406,0xab6fb278f753c6c10479d71429d3ef53ed213ddd208b9f4381cecd8db393974c,112000997367369775705892760747740706713090189173150311174658104010356449962658,SAME_FAMILY:PRESIDENTIAL_FIRST_ROUND,frozen market_family metadata
colombia_first_round,ACTIVE_RESULTS,0x4e7ab14e108ea5a9155cec536b435c098b72702639598f0c28349c8bac946d94,10647133337702892106263778573888138658570317713098443417452924210592766368406,0xb611b3a7173f69e412b55561ed265d849e36693c248ff620d0e981c5b3f2e325,33232052119491652564300969744259903933559547696830742958153653325470669042304,SAME_FAMILY:PRESIDENTIAL_FIRST_ROUND,frozen market_family metadata
colombia_first_round,ACTIVE_RESULTS,0x4e7ab14e108ea5a9155cec536b435c098b72702639598f0c28349c8bac946d94,10647133337702892106263778573888138658570317713098443417452924210592766368406,0xb796aa213c72a50adc3eab3e107f05d2500e084f5245529048d25083b5ee58f6,23532536587635768634392386965780230467726004893924047653522105374551220178823,SAME_FAMILY:PRESIDENTIAL_FIRST_ROUND,frozen market_family metadata
colombia_first_round,ACTIVE_RESULTS,0x4e7ab14e108ea5a9155cec536b435c098b72702639598f0c28349c8bac946d94,10647133337702892106263778573888138658570317713098443417452924210592766368406,0xc00920db6f5e84821a61bd31578499bbc9bd125949572b589b7a9e4b0f13bad3,97787606698093663746310161655083884268863593082956469376386743061399298825100,SAME_FAMILY:PRESIDENTIAL_FIRST_ROUND,frozen market_family metadata
colombia_first_round,ACTIVE_RESULTS,0x4e7ab14e108ea5a9155cec536b435c098b72702639598f0c28349c8bac946d94,10647133337702892106263778573888138658570317713098443417452924210592766368406,0xc48f1e352e7ef08f2fda326efa7bc7c639cf2700d0a28344d1467bdccf76daa4,109081106914132571114405581459213011502026754392738045472199649082947336083032,SAME_FAMILY:PRESIDENTIAL_FIRST_ROUND,frozen market_family metadata
colombia_first_round,ACTIVE_RESULTS,0x4e7ab14e108ea5a9155cec536b435c098b72702639598f0c28349c8bac946d94,10647133337702892106263778573888138658570317713098443417452924210592766368406,0xd5316f1032d75854eaca7b48150223e5191d43231aa14ee7b2cb8a2186d681a6,74625951734720996156139274995437961112167914312908354373606656149038667957546,SAME_FAMILY:PRESIDENTIAL_FIRST_ROUND,frozen market_family metadata
colombia_first_round,ACTIVE_RESULTS,0x4e7ab14e108ea5a9155cec536b435c098b72702639598f0c28349c8bac946d94,10647133337702892106263778573888138658570317713098443417452924210592766368406,0xd6c879f9ce4481fb7f4ba7b5f497f039a969a028a42f122e02ca0c62f2add7f1,46097487828487911398569875551656737358989790690694005757154950076342237735284,SAME_FAMILY:PRESIDENTIAL_FIRST_ROUND,frozen market_family metadata
colombia_first_round,ACTIVE_RESULTS,0x4e7ab14e108ea5a9155cec536b435c098b72702639598f0c28349c8bac946d94,10647133337702892106263778573888138658570317713098443417452924210592766368406,0xda907bc72ace0a6ee956394b022dd7a07e23dd7e1f2346ec1d6cef392e87e77d,63853622151739517344845565070031879672648174564960271673236617995513310773183,SAME_FAMILY:PRESIDENTIAL_FIRST_ROUND,frozen market_family metadata
colombia_first_round,ACTIVE_RESULTS,0x4e7ab14e108ea5a9155cec536b435c098b72702639598f0c28349c8bac946d94,10647133337702892106263778573888138658570317713098443417452924210592766368406,0xf44ba6ae238db2cf052a5a496216cab7a8f8b5887d4b800fffcc842ff0a5656d,32538940167097335646273051780361200206495497154660016962319641291380583656648,SAME_FAMILY:PRESIDENTIAL_FIRST_ROUND,frozen market_family metadata
colombia_first_round,ACTIVE_RESULTS,0x6aee7a669dd941b514661d64c55e7bd63ef7884d5e455c850f1835a8056e7a55,7707882609877027151419445009151473858946466475327085396299308696610200951375,0x0800bd687e4028589e13ea87e9d999ae8495baf34b886cad9aeaca166273fa72,77801891223987841891474930621248532092123386694399544698997121876709615623565,SAME_FAMILY:PRESIDENTIAL_FIRST_ROUND,frozen market_family metadata
colombia_first_round,ACTIVE_RESULTS,0x6aee7a669dd941b514661d64c55e7bd63ef7884d5e455c850f1835a8056e7a55,7707882609877027151419445009151473858946466475327085396299308696610200951375,0x1ffa861140b3938290e913f1e8fc09a9402d92b5a77ae7ef04a1bf1984f47124,73623722357385139155184248655502762857722717250404134489597392300966802164164,SAME_FAMILY:PRESIDENTIAL_FIRST_ROUND,frozen market_family metadata
colombia_first_round,ACTIVE_RESULTS,0x6aee7a669dd941b514661d64c55e7bd63ef7884d5e455c850f1835a8056e7a55,7707882609877027151419445009151473858946466475327085396299308696610200951375,0x26a0f0a0c39f06c80dcfa83ba8b9701973471e097529aadd791b61bada836c20,25690840019062849976496566794963978141818728224461919092756328830681090169797,SAME_FAMILY:PRESIDENTIAL_FIRST_ROUND,frozen market_family metadata
colombia_first_round,ACTIVE_RESULTS,0x6aee7a669dd941b514661d64c55e7bd63ef7884d5e455c850f1835a8056e7a55,7707882609877027151419445009151473858946466475327085396299308696610200951375,0x4e7ab14e108ea5a9155cec536b435c098b72702639598f0c28349c8bac946d94,10647133337702892106263778573888138658570317713098443417452924210592766368406,SAME_FAMILY:PRESIDENTIAL_FIRST_ROUND,frozen market_family metadata
colombia_first_round,ACTIVE_RESULTS,0x6aee7a669dd941b514661d64c55e7bd63ef7884d5e455c850f1835a8056e7a55,7707882609877027151419445009151473858946466475327085396299308696610200951375,0x6cd7f5a003cad0da9b5c95517f2d64947502ab65c3e7c59f5e80306cbe466306,104248572480405467465158820553794703819681317324427410345775817859278974206745,SAME_FAMILY:PRESIDENTIAL_FIRST_ROUND,frozen market_family metadata
colombia_first_round,ACTIVE_RESULTS,0x6aee7a669dd941b514661d64c55e7bd63ef7884d5e455c850f1835a8056e7a55,7707882609877027151419445009151473858946466475327085396299308696610200951375,0x7385bdc26ff171d5efebeebf1f8e9699a21877e3706c803341eabfb57fa1ee42,104997868072009015624222294580678450931025984784809139537795507805369124252261,SAME_FAMILY:PRESIDENTIAL_FIRST_ROUND,frozen market_family metadata
colombia_first_round,ACTIVE_RESULTS,0x6aee7a669dd941b514661d64c55e7bd63ef7884d5e455c850f1835a8056e7a55,7707882609877027151419445009151473858946466475327085396299308696610200951375,0x801f7b19117136c24310006ce4de103f2393f9b7e193f5cd46979f789986d4e5,31298869100124143495345080948613668059227369900192776063166867588510846016201,SAME_FAMILY:PRESIDENTIAL_FIRST_ROUND,frozen market_family metadata
colombia_first_round,ACTIVE_RESULTS,0x6aee7a669dd941b514661d64c55e7bd63ef7884d5e455c850f1835a8056e7a55,7707882609877027151419445009151473858946466475327085396299308696610200951375,0xab6fb278f753c6c10479d71429d3ef53ed213ddd208b9f4381cecd8db393974c,112000997367369775705892760747740706713090189173150311174658104010356449962658,SAME_FAMILY:PRESIDENTIAL_FIRST_ROUND,frozen market_family metadata
colombia_first_round,ACTIVE_RESULTS,0x6aee7a669dd941b514661d64c55e7bd63ef7884d5e455c850f1835a8056e7a55,7707882609877027151419445009151473858946466475327085396299308696610200951375,0xb611b3a7173f69e412b55561ed265d849e36693c248ff620d0e981c5b3f2e325,33232052119491652564300969744259903933559547696830742958153653325470669042304,SAME_FAMILY:PRESIDENTIAL_FIRST_ROUND,frozen market_family metadata
colombia_first_round,ACTIVE_RESULTS,0x6aee7a669dd941b514661d64c55e7bd63ef7884d5e455c850f1835a8056e7a55,7707882609877027151419445009151473858946466475327085396299308696610200951375,0xb796aa213c72a50adc3eab3e107f05d2500e084f5245529048d25083b5ee58f6,23532536587635768634392386965780230467726004893924047653522105374551220178823,SAME_FAMILY:PRESIDENTIAL_FIRST_ROUND,frozen market_family metadata
colombia_first_round,ACTIVE_RESULTS,0x6aee7a669dd941b514661d64c55e7bd63ef7884d5e455c850f1835a8056e7a55,7707882609877027151419445009151473858946466475327085396299308696610200951375,0xc00920db6f5e84821a61bd31578499bbc9bd125949572b589b7a9e4b0f13bad3,97787606698093663746310161655083884268863593082956469376386743061399298825100,SAME_FAMILY:PRESIDENTIAL_FIRST_ROUND,frozen market_family metadata
colombia_first_round,ACTIVE_RESULTS,0x6aee7a669dd941b514661d64c55e7bd63ef7884d5e455c850f1835a8056e7a55,7707882609877027151419445009151473858946466475327085396299308696610200951375,0xc48f1e352e7ef08f2fda326efa7bc7c639cf2700d0a28344d1467bdccf76daa4,109081106914132571114405581459213011502026754392738045472199649082947336083032,SAME_FAMILY:PRESIDENTIAL_FIRST_ROUND,frozen market_family metadata
colombia_first_round,ACTIVE_RESULTS,0x6aee7a669dd941b514661d64c55e7bd63ef7884d5e455c850f1835a8056e7a55,7707882609877027151419445009151473858946466475327085396299308696610200951375,0xd5316f1032d75854eaca7b48150223e5191d43231aa14ee7b2cb8a2186d681a6,74625951734720996156139274995437961112167914312908354373606656149038667957546,SAME_FAMILY:PRESIDENTIAL_FIRST_ROUND,frozen market_family metadata
colombia_first_round,ACTIVE_RESULTS,0x6aee7a669dd941b514661d64c55e7bd63ef7884d5e455c850f1835a8056e7a55,7707882609877027151419445009151473858946466475327085396299308696610200951375,0xd6c879f9ce4481fb7f4ba7b5f497f039a969a028a42f122e02ca0c62f2add7f1,46097487828487911398569875551656737358989790690694005757154950076342237735284,SAME_FAMILY:PRESIDENTIAL_FIRST_ROUND,frozen market_family metadata
colombia_first_round,ACTIVE_RESULTS,0x6aee7a669dd941b514661d64c55e7bd63ef7884d5e455c850f1835a8056e7a55,7707882609877027151419445009151473858946466475327085396299308696610200951375,0xda907bc72ace0a6ee956394b022dd7a07e23dd7e1f2346ec1d6cef392e87e77d,63853622151739517344845565070031879672648174564960271673236617995513310773183,SAME_FAMILY:PRESIDENTIAL_FIRST_ROUND,frozen market_family metadata
colombia_first_round,ACTIVE_RESULTS,0x6aee7a669dd941b514661d64c55e7bd63ef7884d5e455c850f1835a8056e7a55,7707882609877027151419445009151473858946466475327085396299308696610200951375,0xf44ba6ae238db2cf052a5a496216cab7a8f8b5887d4b800fffcc842ff0a5656d,32538940167097335646273051780361200206495497154660016962319641291380583656648,SAME_FAMILY:PRESIDENTIAL_FIRST_ROUND,frozen market_family metadata
colombia_first_round,ACTIVE_RESULTS,0x6cd7f5a003cad0da9b5c95517f2d64947502ab65c3e7c59f5e80306cbe466306,104248572480405467465158820553794703819681317324427410345775817859278974206745,0x0800bd687e4028589e13ea87e9d999ae8495baf34b886cad9aeaca166273fa72,77801891223987841891474930621248532092123386694399544698997121876709615623565,SAME_FAMILY:PRESIDENTIAL_FIRST_ROUND,frozen market_family metadata
colombia_first_round,ACTIVE_RESULTS,0x6cd7f5a003cad0da9b5c95517f2d64947502ab65c3e7c59f5e80306cbe466306,104248572480405467465158820553794703819681317324427410345775817859278974206745,0x1ffa861140b3938290e913f1e8fc09a9402d92b5a77ae7ef04a1bf1984f47124,73623722357385139155184248655502762857722717250404134489597392300966802164164,SAME_FAMILY:PRESIDENTIAL_FIRST_ROUND,frozen market_family metadata
colombia_first_round,ACTIVE_RESULTS,0x6cd7f5a003cad0da9b5c95517f2d64947502ab65c3e7c59f5e80306cbe466306,104248572480405467465158820553794703819681317324427410345775817859278974206745,0x26a0f0a0c39f06c80dcfa83ba8b9701973471e097529aadd791b61bada836c20,25690840019062849976496566794963978141818728224461919092756328830681090169797,SAME_FAMILY:PRESIDENTIAL_FIRST_ROUND,frozen market_family metadata
colombia_first_round,ACTIVE_RESULTS,0x6cd7f5a003cad0da9b5c95517f2d64947502ab65c3e7c59f5e80306cbe466306,104248572480405467465158820553794703819681317324427410345775817859278974206745,0x4e7ab14e108ea5a9155cec536b435c098b72702639598f0c28349c8bac946d94,10647133337702892106263778573888138658570317713098443417452924210592766368406,SAME_FAMILY:PRESIDENTIAL_FIRST_ROUND,frozen market_family metadata
colombia_first_round,ACTIVE_RESULTS,0x6cd7f5a003cad0da9b5c95517f2d64947502ab65c3e7c59f5e80306cbe466306,104248572480405467465158820553794703819681317324427410345775817859278974206745,0x6aee7a669dd941b514661d64c55e7bd63ef7884d5e455c850f1835a8056e7a55,7707882609877027151419445009151473858946466475327085396299308696610200951375,SAME_FAMILY:PRESIDENTIAL_FIRST_ROUND,frozen market_family metadata
colombia_first_round,ACTIVE_RESULTS,0x6cd7f5a003cad0da9b5c95517f2d64947502ab65c3e7c59f5e80306cbe466306,104248572480405467465158820553794703819681317324427410345775817859278974206745,0x7385bdc26ff171d5efebeebf1f8e9699a21877e3706c803341eabfb57fa1ee42,104997868072009015624222294580678450931025984784809139537795507805369124252261,SAME_FAMILY:PRESIDENTIAL_FIRST_ROUND,frozen market_family metadata
colombia_first_round,ACTIVE_RESULTS,0x6cd7f5a003cad0da9b5c95517f2d64947502ab65c3e7c59f5e80306cbe466306,104248572480405467465158820553794703819681317324427410345775817859278974206745,0x801f7b19117136c24310006ce4de103f2393f9b7e193f5cd46979f789986d4e5,31298869100124143495345080948613668059227369900192776063166867588510846016201,SAME_FAMILY:PRESIDENTIAL_FIRST_ROUND,frozen market_family metadata
colombia_first_round,ACTIVE_RESULTS,0x6cd7f5a003cad0da9b5c95517f2d64947502ab65c3e7c59f5e80306cbe466306,104248572480405467465158820553794703819681317324427410345775817859278974206745,0xab6fb278f753c6c10479d71429d3ef53ed213ddd208b9f4381cecd8db393974c,112000997367369775705892760747740706713090189173150311174658104010356449962658,SAME_FAMILY:PRESIDENTIAL_FIRST_ROUND,frozen market_family metadata
colombia_first_round,ACTIVE_RESULTS,0x6cd7f5a003cad0da9b5c95517f2d64947502ab65c3e7c59f5e80306cbe466306,104248572480405467465158820553794703819681317324427410345775817859278974206745,0xb611b3a7173f69e412b55561ed265d849e36693c248ff620d0e981c5b3f2e325,33232052119491652564300969744259903933559547696830742958153653325470669042304,SAME_FAMILY:PRESIDENTIAL_FIRST_ROUND,frozen market_family metadata
colombia_first_round,ACTIVE_RESULTS,0x6cd7f5a003cad0da9b5c95517f2d64947502ab65c3e7c59f5e80306cbe466306,104248572480405467465158820553794703819681317324427410345775817859278974206745,0xb796aa213c72a50adc3eab3e107f05d2500e084f5245529048d25083b5ee58f6,23532536587635768634392386965780230467726004893924047653522105374551220178823,SAME_FAMILY:PRESIDENTIAL_FIRST_ROUND,frozen market_family metadata
colombia_first_round,ACTIVE_RESULTS,0x6cd7f5a003cad0da9b5c95517f2d64947502ab65c3e7c59f5e80306cbe466306,104248572480405467465158820553794703819681317324427410345775817859278974206745,0xc00920db6f5e84821a61bd31578499bbc9bd125949572b589b7a9e4b0f13bad3,97787606698093663746310161655083884268863593082956469376386743061399298825100,SAME_FAMILY:PRESIDENTIAL_FIRST_ROUND,frozen market_family metadata
colombia_first_round,ACTIVE_RESULTS,0x6cd7f5a003cad0da9b5c95517f2d64947502ab65c3e7c59f5e80306cbe466306,104248572480405467465158820553794703819681317324427410345775817859278974206745,0xc48f1e352e7ef08f2fda326efa7bc7c639cf2700d0a28344d1467bdccf76daa4,109081106914132571114405581459213011502026754392738045472199649082947336083032,SAME_FAMILY:PRESIDENTIAL_FIRST_ROUND,frozen market_family metadata
colombia_first_round,ACTIVE_RESULTS,0x6cd7f5a003cad0da9b5c95517f2d64947502ab65c3e7c59f5e80306cbe466306,104248572480405467465158820553794703819681317324427410345775817859278974206745,0xd5316f1032d75854eaca7b48150223e5191d43231aa14ee7b2cb8a2186d681a6,74625951734720996156139274995437961112167914312908354373606656149038667957546,SAME_FAMILY:PRESIDENTIAL_FIRST_ROUND,frozen market_family metadata
colombia_first_round,ACTIVE_RESULTS,0x6cd7f5a003cad0da9b5c95517f2d64947502ab65c3e7c59f5e80306cbe466306,104248572480405467465158820553794703819681317324427410345775817859278974206745,0xd6c879f9ce4481fb7f4ba7b5f497f039a969a028a42f122e02ca0c62f2add7f1,46097487828487911398569875551656737358989790690694005757154950076342237735284,SAME_FAMILY:PRESIDENTIAL_FIRST_ROUND,frozen market_family metadata
colombia_first_round,ACTIVE_RESULTS,0x6cd7f5a003cad0da9b5c95517f2d64947502ab65c3e7c59f5e80306cbe466306,104248572480405467465158820553794703819681317324427410345775817859278974206745,0xda907bc72ace0a6ee956394b022dd7a07e23dd7e1f2346ec1d6cef392e87e77d,63853622151739517344845565070031879672648174564960271673236617995513310773183,SAME_FAMILY:PRESIDENTIAL_FIRST_ROUND,frozen market_family metadata
colombia_first_round,ACTIVE_RESULTS,0x6cd7f5a003cad0da9b5c95517f2d64947502ab65c3e7c59f5e80306cbe466306,104248572480405467465158820553794703819681317324427410345775817859278974206745,0xf44ba6ae238db2cf052a5a496216cab7a8f8b5887d4b800fffcc842ff0a5656d,32538940167097335646273051780361200206495497154660016962319641291380583656648,SAME_FAMILY:PRESIDENTIAL_FIRST_ROUND,frozen market_family metadata
colombia_first_round,ACTIVE_RESULTS,0x7385bdc26ff171d5efebeebf1f8e9699a21877e3706c803341eabfb57fa1ee42,104997868072009015624222294580678450931025984784809139537795507805369124252261,0x0800bd687e4028589e13ea87e9d999ae8495baf34b886cad9aeaca166273fa72,77801891223987841891474930621248532092123386694399544698997121876709615623565,SAME_FAMILY:PRESIDENTIAL_FIRST_ROUND,frozen market_family metadata
colombia_first_round,ACTIVE_RESULTS,0x7385bdc26ff171d5efebeebf1f8e9699a21877e3706c803341eabfb57fa1ee42,104997868072009015624222294580678450931025984784809139537795507805369124252261,0x1ffa861140b3938290e913f1e8fc09a9402d92b5a77ae7ef04a1bf1984f47124,73623722357385139155184248655502762857722717250404134489597392300966802164164,SAME_FAMILY:PRESIDENTIAL_FIRST_ROUND,frozen market_family metadata
colombia_first_round,ACTIVE_RESULTS,0x7385bdc26ff171d5efebeebf1f8e9699a21877e3706c803341eabfb57fa1ee42,104997868072009015624222294580678450931025984784809139537795507805369124252261,0x26a0f0a0c39f06c80dcfa83ba8b9701973471e097529aadd791b61bada836c20,25690840019062849976496566794963978141818728224461919092756328830681090169797,SAME_FAMILY:PRESIDENTIAL_FIRST_ROUND,frozen market_family metadata
colombia_first_round,ACTIVE_RESULTS,0x7385bdc26ff171d5efebeebf1f8e9699a21877e3706c803341eabfb57fa1ee42,104997868072009015624222294580678450931025984784809139537795507805369124252261,0x4e7ab14e108ea5a9155cec536b435c098b72702639598f0c28349c8bac946d94,10647133337702892106263778573888138658570317713098443417452924210592766368406,SAME_FAMILY:PRESIDENTIAL_FIRST_ROUND,frozen market_family metadata
colombia_first_round,ACTIVE_RESULTS,0x7385bdc26ff171d5efebeebf1f8e9699a21877e3706c803341eabfb57fa1ee42,104997868072009015624222294580678450931025984784809139537795507805369124252261,0x6aee7a669dd941b514661d64c55e7bd63ef7884d5e455c850f1835a8056e7a55,7707882609877027151419445009151473858946466475327085396299308696610200951375,SAME_FAMILY:PRESIDENTIAL_FIRST_ROUND,frozen market_family metadata
colombia_first_round,ACTIVE_RESULTS,0x7385bdc26ff171d5efebeebf1f8e9699a21877e3706c803341eabfb57fa1ee42,104997868072009015624222294580678450931025984784809139537795507805369124252261,0x6cd7f5a003cad0da9b5c95517f2d64947502ab65c3e7c59f5e80306cbe466306,104248572480405467465158820553794703819681317324427410345775817859278974206745,SAME_FAMILY:PRESIDENTIAL_FIRST_ROUND,frozen market_family metadata
colombia_first_round,ACTIVE_RESULTS,0x7385bdc26ff171d5efebeebf1f8e9699a21877e3706c803341eabfb57fa1ee42,104997868072009015624222294580678450931025984784809139537795507805369124252261,0x801f7b19117136c24310006ce4de103f2393f9b7e193f5cd46979f789986d4e5,31298869100124143495345080948613668059227369900192776063166867588510846016201,SAME_FAMILY:PRESIDENTIAL_FIRST_ROUND,frozen market_family metadata
colombia_first_round,ACTIVE_RESULTS,0x7385bdc26ff171d5efebeebf1f8e9699a21877e3706c803341eabfb57fa1ee42,104997868072009015624222294580678450931025984784809139537795507805369124252261,0xab6fb278f753c6c10479d71429d3ef53ed213ddd208b9f4381cecd8db393974c,112000997367369775705892760747740706713090189173150311174658104010356449962658,SAME_FAMILY:PRESIDENTIAL_FIRST_ROUND,frozen market_family metadata
colombia_first_round,ACTIVE_RESULTS,0x7385bdc26ff171d5efebeebf1f8e9699a21877e3706c803341eabfb57fa1ee42,104997868072009015624222294580678450931025984784809139537795507805369124252261,0xb611b3a7173f69e412b55561ed265d849e36693c248ff620d0e981c5b3f2e325,33232052119491652564300969744259903933559547696830742958153653325470669042304,SAME_FAMILY:PRESIDENTIAL_FIRST_ROUND,frozen market_family metadata
colombia_first_round,ACTIVE_RESULTS,0x7385bdc26ff171d5efebeebf1f8e9699a21877e3706c803341eabfb57fa1ee42,104997868072009015624222294580678450931025984784809139537795507805369124252261,0xb796aa213c72a50adc3eab3e107f05d2500e084f5245529048d25083b5ee58f6,23532536587635768634392386965780230467726004893924047653522105374551220178823,SAME_FAMILY:PRESIDENTIAL_FIRST_ROUND,frozen market_family metadata
colombia_first_round,ACTIVE_RESULTS,0x7385bdc26ff171d5efebeebf1f8e9699a21877e3706c803341eabfb57fa1ee42,104997868072009015624222294580678450931025984784809139537795507805369124252261,0xc00920db6f5e84821a61bd31578499bbc9bd125949572b589b7a9e4b0f13bad3,97787606698093663746310161655083884268863593082956469376386743061399298825100,SAME_FAMILY:PRESIDENTIAL_FIRST_ROUND,frozen market_family metadata
colombia_first_round,ACTIVE_RESULTS,0x7385bdc26ff171d5efebeebf1f8e9699a21877e3706c803341eabfb57fa1ee42,104997868072009015624222294580678450931025984784809139537795507805369124252261,0xc48f1e352e7ef08f2fda326efa7bc7c639cf2700d0a28344d1467bdccf76daa4,109081106914132571114405581459213011502026754392738045472199649082947336083032,SAME_FAMILY:PRESIDENTIAL_FIRST_ROUND,frozen market_family metadata
colombia_first_round,ACTIVE_RESULTS,0x7385bdc26ff171d5efebeebf1f8e9699a21877e3706c803341eabfb57fa1ee42,104997868072009015624222294580678450931025984784809139537795507805369124252261,0xd5316f1032d75854eaca7b48150223e5191d43231aa14ee7b2cb8a2186d681a6,74625951734720996156139274995437961112167914312908354373606656149038667957546,SAME_FAMILY:PRESIDENTIAL_FIRST_ROUND,frozen market_family metadata
colombia_first_round,ACTIVE_RESULTS,0x7385bdc26ff171d5efebeebf1f8e9699a21877e3706c803341eabfb57fa1ee42,104997868072009015624222294580678450931025984784809139537795507805369124252261,0xd6c879f9ce4481fb7f4ba7b5f497f039a969a028a42f122e02ca0c62f2add7f1,46097487828487911398569875551656737358989790690694005757154950076342237735284,SAME_FAMILY:PRESIDENTIAL_FIRST_ROUND,frozen market_family metadata
colombia_first_round,ACTIVE_RESULTS,0x7385bdc26ff171d5efebeebf1f8e9699a21877e3706c803341eabfb57fa1ee42,104997868072009015624222294580678450931025984784809139537795507805369124252261,0xda907bc72ace0a6ee956394b022dd7a07e23dd7e1f2346ec1d6cef392e87e77d,63853622151739517344845565070031879672648174564960271673236617995513310773183,SAME_FAMILY:PRESIDENTIAL_FIRST_ROUND,frozen market_family metadata
colombia_first_round,ACTIVE_RESULTS,0x7385bdc26ff171d5efebeebf1f8e9699a21877e3706c803341eabfb57fa1ee42,104997868072009015624222294580678450931025984784809139537795507805369124252261,0xf44ba6ae238db2cf052a5a496216cab7a8f8b5887d4b800fffcc842ff0a5656d,32538940167097335646273051780361200206495497154660016962319641291380583656648,SAME_FAMILY:PRESIDENTIAL_FIRST_ROUND,frozen market_family metadata
colombia_first_round,ACTIVE_RESULTS,0x801f7b19117136c24310006ce4de103f2393f9b7e193f5cd46979f789986d4e5,31298869100124143495345080948613668059227369900192776063166867588510846016201,0x0800bd687e4028589e13ea87e9d999ae8495baf34b886cad9aeaca166273fa72,77801891223987841891474930621248532092123386694399544698997121876709615623565,SAME_FAMILY:PRESIDENTIAL_FIRST_ROUND,frozen market_family metadata
colombia_first_round,ACTIVE_RESULTS,0x801f7b19117136c24310006ce4de103f2393f9b7e193f5cd46979f789986d4e5,31298869100124143495345080948613668059227369900192776063166867588510846016201,0x1ffa861140b3938290e913f1e8fc09a9402d92b5a77ae7ef04a1bf1984f47124,73623722357385139155184248655502762857722717250404134489597392300966802164164,SAME_FAMILY:PRESIDENTIAL_FIRST_ROUND,frozen market_family metadata
colombia_first_round,ACTIVE_RESULTS,0x801f7b19117136c24310006ce4de103f2393f9b7e193f5cd46979f789986d4e5,31298869100124143495345080948613668059227369900192776063166867588510846016201,0x26a0f0a0c39f06c80dcfa83ba8b9701973471e097529aadd791b61bada836c20,25690840019062849976496566794963978141818728224461919092756328830681090169797,SAME_FAMILY:PRESIDENTIAL_FIRST_ROUND,frozen market_family metadata
colombia_first_round,ACTIVE_RESULTS,0x801f7b19117136c24310006ce4de103f2393f9b7e193f5cd46979f789986d4e5,31298869100124143495345080948613668059227369900192776063166867588510846016201,0x4e7ab14e108ea5a9155cec536b435c098b72702639598f0c28349c8bac946d94,10647133337702892106263778573888138658570317713098443417452924210592766368406,SAME_FAMILY:PRESIDENTIAL_FIRST_ROUND,frozen market_family metadata
colombia_first_round,ACTIVE_RESULTS,0x801f7b19117136c24310006ce4de103f2393f9b7e193f5cd46979f789986d4e5,31298869100124143495345080948613668059227369900192776063166867588510846016201,0x6aee7a669dd941b514661d64c55e7bd63ef7884d5e455c850f1835a8056e7a55,7707882609877027151419445009151473858946466475327085396299308696610200951375,SAME_FAMILY:PRESIDENTIAL_FIRST_ROUND,frozen market_family metadata
colombia_first_round,ACTIVE_RESULTS,0x801f7b19117136c24310006ce4de103f2393f9b7e193f5cd46979f789986d4e5,31298869100124143495345080948613668059227369900192776063166867588510846016201,0x6cd7f5a003cad0da9b5c95517f2d64947502ab65c3e7c59f5e80306cbe466306,104248572480405467465158820553794703819681317324427410345775817859278974206745,SAME_FAMILY:PRESIDENTIAL_FIRST_ROUND,frozen market_family metadata
colombia_first_round,ACTIVE_RESULTS,0x801f7b19117136c24310006ce4de103f2393f9b7e193f5cd46979f789986d4e5,31298869100124143495345080948613668059227369900192776063166867588510846016201,0x7385bdc26ff171d5efebeebf1f8e9699a21877e3706c803341eabfb57fa1ee42,104997868072009015624222294580678450931025984784809139537795507805369124252261,SAME_FAMILY:PRESIDENTIAL_FIRST_ROUND,frozen market_family metadata
colombia_first_round,ACTIVE_RESULTS,0x801f7b19117136c24310006ce4de103f2393f9b7e193f5cd46979f789986d4e5,31298869100124143495345080948613668059227369900192776063166867588510846016201,0xab6fb278f753c6c10479d71429d3ef53ed213ddd208b9f4381cecd8db393974c,112000997367369775705892760747740706713090189173150311174658104010356449962658,SAME_FAMILY:PRESIDENTIAL_FIRST_ROUND,frozen market_family metadata
colombia_first_round,ACTIVE_RESULTS,0x801f7b19117136c24310006ce4de103f2393f9b7e193f5cd46979f789986d4e5,31298869100124143495345080948613668059227369900192776063166867588510846016201,0xb611b3a7173f69e412b55561ed265d849e36693c248ff620d0e981c5b3f2e325,33232052119491652564300969744259903933559547696830742958153653325470669042304,SAME_FAMILY:PRESIDENTIAL_FIRST_ROUND,frozen market_family metadata
colombia_first_round,ACTIVE_RESULTS,0x801f7b19117136c24310006ce4de103f2393f9b7e193f5cd46979f789986d4e5,31298869100124143495345080948613668059227369900192776063166867588510846016201,0xb796aa213c72a50adc3eab3e107f05d2500e084f5245529048d25083b5ee58f6,23532536587635768634392386965780230467726004893924047653522105374551220178823,SAME_FAMILY:PRESIDENTIAL_FIRST_ROUND,frozen market_family metadata
colombia_first_round,ACTIVE_RESULTS,0x801f7b19117136c24310006ce4de103f2393f9b7e193f5cd46979f789986d4e5,31298869100124143495345080948613668059227369900192776063166867588510846016201,0xc00920db6f5e84821a61bd31578499bbc9bd125949572b589b7a9e4b0f13bad3,97787606698093663746310161655083884268863593082956469376386743061399298825100,SAME_FAMILY:PRESIDENTIAL_FIRST_ROUND,frozen market_family metadata
colombia_first_round,ACTIVE_RESULTS,0x801f7b19117136c24310006ce4de103f2393f9b7e193f5cd46979f789986d4e5,31298869100124143495345080948613668059227369900192776063166867588510846016201,0xc48f1e352e7ef08f2fda326efa7bc7c639cf2700d0a28344d1467bdccf76daa4,109081106914132571114405581459213011502026754392738045472199649082947336083032,SAME_FAMILY:PRESIDENTIAL_FIRST_ROUND,frozen market_family metadata
colombia_first_round,ACTIVE_RESULTS,0x801f7b19117136c24310006ce4de103f2393f9b7e193f5cd46979f789986d4e5,31298869100124143495345080948613668059227369900192776063166867588510846016201,0xd5316f1032d75854eaca7b48150223e5191d43231aa14ee7b2cb8a2186d681a6,74625951734720996156139274995437961112167914312908354373606656149038667957546,SAME_FAMILY:PRESIDENTIAL_FIRST_ROUND,frozen market_family metadata
colombia_first_round,ACTIVE_RESULTS,0x801f7b19117136c24310006ce4de103f2393f9b7e193f5cd46979f789986d4e5,31298869100124143495345080948613668059227369900192776063166867588510846016201,0xd6c879f9ce4481fb7f4ba7b5f497f039a969a028a42f122e02ca0c62f2add7f1,46097487828487911398569875551656737358989790690694005757154950076342237735284,SAME_FAMILY:PRESIDENTIAL_FIRST_ROUND,frozen market_family metadata
colombia_first_round,ACTIVE_RESULTS,0x801f7b19117136c24310006ce4de103f2393f9b7e193f5cd46979f789986d4e5,31298869100124143495345080948613668059227369900192776063166867588510846016201,0xda907bc72ace0a6ee956394b022dd7a07e23dd7e1f2346ec1d6cef392e87e77d,63853622151739517344845565070031879672648174564960271673236617995513310773183,SAME_FAMILY:PRESIDENTIAL_FIRST_ROUND,frozen market_family metadata
colombia_first_round,ACTIVE_RESULTS,0x801f7b19117136c24310006ce4de103f2393f9b7e193f5cd46979f789986d4e5,31298869100124143495345080948613668059227369900192776063166867588510846016201,0xf44ba6ae238db2cf052a5a496216cab7a8f8b5887d4b800fffcc842ff0a5656d,32538940167097335646273051780361200206495497154660016962319641291380583656648,SAME_FAMILY:PRESIDENTIAL_FIRST_ROUND,frozen market_family metadata
colombia_first_round,ACTIVE_RESULTS,0xab6fb278f753c6c10479d71429d3ef53ed213ddd208b9f4381cecd8db393974c,112000997367369775705892760747740706713090189173150311174658104010356449962658,0x0800bd687e4028589e13ea87e9d999ae8495baf34b886cad9aeaca166273fa72,77801891223987841891474930621248532092123386694399544698997121876709615623565,SAME_FAMILY:PRESIDENTIAL_FIRST_ROUND,frozen market_family metadata
colombia_first_round,ACTIVE_RESULTS,0xab6fb278f753c6c10479d71429d3ef53ed213ddd208b9f4381cecd8db393974c,112000997367369775705892760747740706713090189173150311174658104010356449962658,0x1ffa861140b3938290e913f1e8fc09a9402d92b5a77ae7ef04a1bf1984f47124,73623722357385139155184248655502762857722717250404134489597392300966802164164,SAME_FAMILY:PRESIDENTIAL_FIRST_ROUND,frozen market_family metadata
colombia_first_round,ACTIVE_RESULTS,0xab6fb278f753c6c10479d71429d3ef53ed213ddd208b9f4381cecd8db393974c,112000997367369775705892760747740706713090189173150311174658104010356449962658,0x26a0f0a0c39f06c80dcfa83ba8b9701973471e097529aadd791b61bada836c20,25690840019062849976496566794963978141818728224461919092756328830681090169797,SAME_FAMILY:PRESIDENTIAL_FIRST_ROUND,frozen market_family metadata
colombia_first_round,ACTIVE_RESULTS,0xab6fb278f753c6c10479d71429d3ef53ed213ddd208b9f4381cecd8db393974c,112000997367369775705892760747740706713090189173150311174658104010356449962658,0x4e7ab14e108ea5a9155cec536b435c098b72702639598f0c28349c8bac946d94,10647133337702892106263778573888138658570317713098443417452924210592766368406,SAME_FAMILY:PRESIDENTIAL_FIRST_ROUND,frozen market_family metadata
colombia_first_round,ACTIVE_RESULTS,0xab6fb278f753c6c10479d71429d3ef53ed213ddd208b9f4381cecd8db393974c,112000997367369775705892760747740706713090189173150311174658104010356449962658,0x6aee7a669dd941b514661d64c55e7bd63ef7884d5e455c850f1835a8056e7a55,7707882609877027151419445009151473858946466475327085396299308696610200951375,SAME_FAMILY:PRESIDENTIAL_FIRST_ROUND,frozen market_family metadata
colombia_first_round,ACTIVE_RESULTS,0xab6fb278f753c6c10479d71429d3ef53ed213ddd208b9f4381cecd8db393974c,112000997367369775705892760747740706713090189173150311174658104010356449962658,0x6cd7f5a003cad0da9b5c95517f2d64947502ab65c3e7c59f5e80306cbe466306,104248572480405467465158820553794703819681317324427410345775817859278974206745,SAME_FAMILY:PRESIDENTIAL_FIRST_ROUND,frozen market_family metadata
colombia_first_round,ACTIVE_RESULTS,0xab6fb278f753c6c10479d71429d3ef53ed213ddd208b9f4381cecd8db393974c,112000997367369775705892760747740706713090189173150311174658104010356449962658,0x7385bdc26ff171d5efebeebf1f8e9699a21877e3706c803341eabfb57fa1ee42,104997868072009015624222294580678450931025984784809139537795507805369124252261,SAME_FAMILY:PRESIDENTIAL_FIRST_ROUND,frozen market_family metadata
colombia_first_round,ACTIVE_RESULTS,0xab6fb278f753c6c10479d71429d3ef53ed213ddd208b9f4381cecd8db393974c,112000997367369775705892760747740706713090189173150311174658104010356449962658,0x801f7b19117136c24310006ce4de103f2393f9b7e193f5cd46979f789986d4e5,31298869100124143495345080948613668059227369900192776063166867588510846016201,SAME_FAMILY:PRESIDENTIAL_FIRST_ROUND,frozen market_family metadata
colombia_first_round,ACTIVE_RESULTS,0xab6fb278f753c6c10479d71429d3ef53ed213ddd208b9f4381cecd8db393974c,112000997367369775705892760747740706713090189173150311174658104010356449962658,0xb611b3a7173f69e412b55561ed265d849e36693c248ff620d0e981c5b3f2e325,33232052119491652564300969744259903933559547696830742958153653325470669042304,SAME_FAMILY:PRESIDENTIAL_FIRST_ROUND,frozen market_family metadata
colombia_first_round,ACTIVE_RESULTS,0xab6fb278f753c6c10479d71429d3ef53ed213ddd208b9f4381cecd8db393974c,112000997367369775705892760747740706713090189173150311174658104010356449962658,0xb796aa213c72a50adc3eab3e107f05d2500e084f5245529048d25083b5ee58f6,23532536587635768634392386965780230467726004893924047653522105374551220178823,SAME_FAMILY:PRESIDENTIAL_FIRST_ROUND,frozen market_family metadata
colombia_first_round,ACTIVE_RESULTS,0xab6fb278f753c6c10479d71429d3ef53ed213ddd208b9f4381cecd8db393974c,112000997367369775705892760747740706713090189173150311174658104010356449962658,0xc00920db6f5e84821a61bd31578499bbc9bd125949572b589b7a9e4b0f13bad3,97787606698093663746310161655083884268863593082956469376386743061399298825100,SAME_FAMILY:PRESIDENTIAL_FIRST_ROUND,frozen market_family metadata
colombia_first_round,ACTIVE_RESULTS,0xab6fb278f753c6c10479d71429d3ef53ed213ddd208b9f4381cecd8db393974c,112000997367369775705892760747740706713090189173150311174658104010356449962658,0xc48f1e352e7ef08f2fda326efa7bc7c639cf2700d0a28344d1467bdccf76daa4,109081106914132571114405581459213011502026754392738045472199649082947336083032,SAME_FAMILY:PRESIDENTIAL_FIRST_ROUND,frozen market_family metadata
colombia_first_round,ACTIVE_RESULTS,0xab6fb278f753c6c10479d71429d3ef53ed213ddd208b9f4381cecd8db393974c,112000997367369775705892760747740706713090189173150311174658104010356449962658,0xd5316f1032d75854eaca7b48150223e5191d43231aa14ee7b2cb8a2186d681a6,74625951734720996156139274995437961112167914312908354373606656149038667957546,SAME_FAMILY:PRESIDENTIAL_FIRST_ROUND,frozen market_family metadata
colombia_first_round,ACTIVE_RESULTS,0xab6fb278f753c6c10479d71429d3ef53ed213ddd208b9f4381cecd8db393974c,112000997367369775705892760747740706713090189173150311174658104010356449962658,0xd6c879f9ce4481fb7f4ba7b5f497f039a969a028a42f122e02ca0c62f2add7f1,46097487828487911398569875551656737358989790690694005757154950076342237735284,SAME_FAMILY:PRESIDENTIAL_FIRST_ROUND,frozen market_family metadata
colombia_first_round,ACTIVE_RESULTS,0xab6fb278f753c6c10479d71429d3ef53ed213ddd208b9f4381cecd8db393974c,112000997367369775705892760747740706713090189173150311174658104010356449962658,0xda907bc72ace0a6ee956394b022dd7a07e23dd7e1f2346ec1d6cef392e87e77d,63853622151739517344845565070031879672648174564960271673236617995513310773183,SAME_FAMILY:PRESIDENTIAL_FIRST_ROUND,frozen market_family metadata
colombia_first_round,ACTIVE_RESULTS,0xab6fb278f753c6c10479d71429d3ef53ed213ddd208b9f4381cecd8db393974c,112000997367369775705892760747740706713090189173150311174658104010356449962658,0xf44ba6ae238db2cf052a5a496216cab7a8f8b5887d4b800fffcc842ff0a5656d,32538940167097335646273051780361200206495497154660016962319641291380583656648,SAME_FAMILY:PRESIDENTIAL_FIRST_ROUND,frozen market_family metadata
colombia_first_round,ACTIVE_RESULTS,0xb611b3a7173f69e412b55561ed265d849e36693c248ff620d0e981c5b3f2e325,33232052119491652564300969744259903933559547696830742958153653325470669042304,0x0800bd687e4028589e13ea87e9d999ae8495baf34b886cad9aeaca166273fa72,77801891223987841891474930621248532092123386694399544698997121876709615623565,SAME_FAMILY:PRESIDENTIAL_FIRST_ROUND,frozen market_family metadata
colombia_first_round,ACTIVE_RESULTS,0xb611b3a7173f69e412b55561ed265d849e36693c248ff620d0e981c5b3f2e325,33232052119491652564300969744259903933559547696830742958153653325470669042304,0x1ffa861140b3938290e913f1e8fc09a9402d92b5a77ae7ef04a1bf1984f47124,73623722357385139155184248655502762857722717250404134489597392300966802164164,SAME_FAMILY:PRESIDENTIAL_FIRST_ROUND,frozen market_family metadata
colombia_first_round,ACTIVE_RESULTS,0xb611b3a7173f69e412b55561ed265d849e36693c248ff620d0e981c5b3f2e325,33232052119491652564300969744259903933559547696830742958153653325470669042304,0x26a0f0a0c39f06c80dcfa83ba8b9701973471e097529aadd791b61bada836c20,25690840019062849976496566794963978141818728224461919092756328830681090169797,SAME_FAMILY:PRESIDENTIAL_FIRST_ROUND,frozen market_family metadata
colombia_first_round,ACTIVE_RESULTS,0xb611b3a7173f69e412b55561ed265d849e36693c248ff620d0e981c5b3f2e325,33232052119491652564300969744259903933559547696830742958153653325470669042304,0x4e7ab14e108ea5a9155cec536b435c098b72702639598f0c28349c8bac946d94,10647133337702892106263778573888138658570317713098443417452924210592766368406,SAME_FAMILY:PRESIDENTIAL_FIRST_ROUND,frozen market_family metadata
colombia_first_round,ACTIVE_RESULTS,0xb611b3a7173f69e412b55561ed265d849e36693c248ff620d0e981c5b3f2e325,33232052119491652564300969744259903933559547696830742958153653325470669042304,0x6aee7a669dd941b514661d64c55e7bd63ef7884d5e455c850f1835a8056e7a55,7707882609877027151419445009151473858946466475327085396299308696610200951375,SAME_FAMILY:PRESIDENTIAL_FIRST_ROUND,frozen market_family metadata
colombia_first_round,ACTIVE_RESULTS,0xb611b3a7173f69e412b55561ed265d849e36693c248ff620d0e981c5b3f2e325,33232052119491652564300969744259903933559547696830742958153653325470669042304,0x6cd7f5a003cad0da9b5c95517f2d64947502ab65c3e7c59f5e80306cbe466306,104248572480405467465158820553794703819681317324427410345775817859278974206745,SAME_FAMILY:PRESIDENTIAL_FIRST_ROUND,frozen market_family metadata
colombia_first_round,ACTIVE_RESULTS,0xb611b3a7173f69e412b55561ed265d849e36693c248ff620d0e981c5b3f2e325,33232052119491652564300969744259903933559547696830742958153653325470669042304,0x7385bdc26ff171d5efebeebf1f8e9699a21877e3706c803341eabfb57fa1ee42,104997868072009015624222294580678450931025984784809139537795507805369124252261,SAME_FAMILY:PRESIDENTIAL_FIRST_ROUND,frozen market_family metadata
colombia_first_round,ACTIVE_RESULTS,0xb611b3a7173f69e412b55561ed265d849e36693c248ff620d0e981c5b3f2e325,33232052119491652564300969744259903933559547696830742958153653325470669042304,0x801f7b19117136c24310006ce4de103f2393f9b7e193f5cd46979f789986d4e5,31298869100124143495345080948613668059227369900192776063166867588510846016201,SAME_FAMILY:PRESIDENTIAL_FIRST_ROUND,frozen market_family metadata
colombia_first_round,ACTIVE_RESULTS,0xb611b3a7173f69e412b55561ed265d849e36693c248ff620d0e981c5b3f2e325,33232052119491652564300969744259903933559547696830742958153653325470669042304,0xab6fb278f753c6c10479d71429d3ef53ed213ddd208b9f4381cecd8db393974c,112000997367369775705892760747740706713090189173150311174658104010356449962658,SAME_FAMILY:PRESIDENTIAL_FIRST_ROUND,frozen market_family metadata
colombia_first_round,ACTIVE_RESULTS,0xb611b3a7173f69e412b55561ed265d849e36693c248ff620d0e981c5b3f2e325,33232052119491652564300969744259903933559547696830742958153653325470669042304,0xb796aa213c72a50adc3eab3e107f05d2500e084f5245529048d25083b5ee58f6,23532536587635768634392386965780230467726004893924047653522105374551220178823,SAME_FAMILY:PRESIDENTIAL_FIRST_ROUND,frozen market_family metadata
colombia_first_round,ACTIVE_RESULTS,0xb611b3a7173f69e412b55561ed265d849e36693c248ff620d0e981c5b3f2e325,33232052119491652564300969744259903933559547696830742958153653325470669042304,0xc00920db6f5e84821a61bd31578499bbc9bd125949572b589b7a9e4b0f13bad3,97787606698093663746310161655083884268863593082956469376386743061399298825100,SAME_FAMILY:PRESIDENTIAL_FIRST_ROUND,frozen market_family metadata
colombia_first_round,ACTIVE_RESULTS,0xb611b3a7173f69e412b55561ed265d849e36693c248ff620d0e981c5b3f2e325,33232052119491652564300969744259903933559547696830742958153653325470669042304,0xc48f1e352e7ef08f2fda326efa7bc7c639cf2700d0a28344d1467bdccf76daa4,109081106914132571114405581459213011502026754392738045472199649082947336083032,SAME_FAMILY:PRESIDENTIAL_FIRST_ROUND,frozen market_family metadata
colombia_first_round,ACTIVE_RESULTS,0xb611b3a7173f69e412b55561ed265d849e36693c248ff620d0e981c5b3f2e325,33232052119491652564300969744259903933559547696830742958153653325470669042304,0xd5316f1032d75854eaca7b48150223e5191d43231aa14ee7b2cb8a2186d681a6,74625951734720996156139274995437961112167914312908354373606656149038667957546,SAME_FAMILY:PRESIDENTIAL_FIRST_ROUND,frozen market_family metadata
colombia_first_round,ACTIVE_RESULTS,0xb611b3a7173f69e412b55561ed265d849e36693c248ff620d0e981c5b3f2e325,33232052119491652564300969744259903933559547696830742958153653325470669042304,0xd6c879f9ce4481fb7f4ba7b5f497f039a969a028a42f122e02ca0c62f2add7f1,46097487828487911398569875551656737358989790690694005757154950076342237735284,SAME_FAMILY:PRESIDENTIAL_FIRST_ROUND,frozen market_family metadata
colombia_first_round,ACTIVE_RESULTS,0xb611b3a7173f69e412b55561ed265d849e36693c248ff620d0e981c5b3f2e325,33232052119491652564300969744259903933559547696830742958153653325470669042304,0xda907bc72ace0a6ee956394b022dd7a07e23dd7e1f2346ec1d6cef392e87e77d,63853622151739517344845565070031879672648174564960271673236617995513310773183,SAME_FAMILY:PRESIDENTIAL_FIRST_ROUND,frozen market_family metadata
colombia_first_round,ACTIVE_RESULTS,0xb611b3a7173f69e412b55561ed265d849e36693c248ff620d0e981c5b3f2e325,33232052119491652564300969744259903933559547696830742958153653325470669042304,0xf44ba6ae238db2cf052a5a496216cab7a8f8b5887d4b800fffcc842ff0a5656d,32538940167097335646273051780361200206495497154660016962319641291380583656648,SAME_FAMILY:PRESIDENTIAL_FIRST_ROUND,frozen market_family metadata
colombia_first_round,ACTIVE_RESULTS,0xb796aa213c72a50adc3eab3e107f05d2500e084f5245529048d25083b5ee58f6,23532536587635768634392386965780230467726004893924047653522105374551220178823,0x0800bd687e4028589e13ea87e9d999ae8495baf34b886cad9aeaca166273fa72,77801891223987841891474930621248532092123386694399544698997121876709615623565,SAME_FAMILY:PRESIDENTIAL_FIRST_ROUND,frozen market_family metadata
colombia_first_round,ACTIVE_RESULTS,0xb796aa213c72a50adc3eab3e107f05d2500e084f5245529048d25083b5ee58f6,23532536587635768634392386965780230467726004893924047653522105374551220178823,0x1ffa861140b3938290e913f1e8fc09a9402d92b5a77ae7ef04a1bf1984f47124,73623722357385139155184248655502762857722717250404134489597392300966802164164,SAME_FAMILY:PRESIDENTIAL_FIRST_ROUND,frozen market_family metadata
colombia_first_round,ACTIVE_RESULTS,0xb796aa213c72a50adc3eab3e107f05d2500e084f5245529048d25083b5ee58f6,23532536587635768634392386965780230467726004893924047653522105374551220178823,0x26a0f0a0c39f06c80dcfa83ba8b9701973471e097529aadd791b61bada836c20,25690840019062849976496566794963978141818728224461919092756328830681090169797,SAME_FAMILY:PRESIDENTIAL_FIRST_ROUND,frozen market_family metadata
colombia_first_round,ACTIVE_RESULTS,0xb796aa213c72a50adc3eab3e107f05d2500e084f5245529048d25083b5ee58f6,23532536587635768634392386965780230467726004893924047653522105374551220178823,0x4e7ab14e108ea5a9155cec536b435c098b72702639598f0c28349c8bac946d94,10647133337702892106263778573888138658570317713098443417452924210592766368406,SAME_FAMILY:PRESIDENTIAL_FIRST_ROUND,frozen market_family metadata
colombia_first_round,ACTIVE_RESULTS,0xb796aa213c72a50adc3eab3e107f05d2500e084f5245529048d25083b5ee58f6,23532536587635768634392386965780230467726004893924047653522105374551220178823,0x6aee7a669dd941b514661d64c55e7bd63ef7884d5e455c850f1835a8056e7a55,7707882609877027151419445009151473858946466475327085396299308696610200951375,SAME_FAMILY:PRESIDENTIAL_FIRST_ROUND,frozen market_family metadata
colombia_first_round,ACTIVE_RESULTS,0xb796aa213c72a50adc3eab3e107f05d2500e084f5245529048d25083b5ee58f6,23532536587635768634392386965780230467726004893924047653522105374551220178823,0x6cd7f5a003cad0da9b5c95517f2d64947502ab65c3e7c59f5e80306cbe466306,104248572480405467465158820553794703819681317324427410345775817859278974206745,SAME_FAMILY:PRESIDENTIAL_FIRST_ROUND,frozen market_family metadata
colombia_first_round,ACTIVE_RESULTS,0xb796aa213c72a50adc3eab3e107f05d2500e084f5245529048d25083b5ee58f6,23532536587635768634392386965780230467726004893924047653522105374551220178823,0x7385bdc26ff171d5efebeebf1f8e9699a21877e3706c803341eabfb57fa1ee42,104997868072009015624222294580678450931025984784809139537795507805369124252261,SAME_FAMILY:PRESIDENTIAL_FIRST_ROUND,frozen market_family metadata
colombia_first_round,ACTIVE_RESULTS,0xb796aa213c72a50adc3eab3e107f05d2500e084f5245529048d25083b5ee58f6,23532536587635768634392386965780230467726004893924047653522105374551220178823,0x801f7b19117136c24310006ce4de103f2393f9b7e193f5cd46979f789986d4e5,31298869100124143495345080948613668059227369900192776063166867588510846016201,SAME_FAMILY:PRESIDENTIAL_FIRST_ROUND,frozen market_family metadata
colombia_first_round,ACTIVE_RESULTS,0xb796aa213c72a50adc3eab3e107f05d2500e084f5245529048d25083b5ee58f6,23532536587635768634392386965780230467726004893924047653522105374551220178823,0xab6fb278f753c6c10479d71429d3ef53ed213ddd208b9f4381cecd8db393974c,112000997367369775705892760747740706713090189173150311174658104010356449962658,SAME_FAMILY:PRESIDENTIAL_FIRST_ROUND,frozen market_family metadata
colombia_first_round,ACTIVE_RESULTS,0xb796aa213c72a50adc3eab3e107f05d2500e084f5245529048d25083b5ee58f6,23532536587635768634392386965780230467726004893924047653522105374551220178823,0xb611b3a7173f69e412b55561ed265d849e36693c248ff620d0e981c5b3f2e325,33232052119491652564300969744259903933559547696830742958153653325470669042304,SAME_FAMILY:PRESIDENTIAL_FIRST_ROUND,frozen market_family metadata
colombia_first_round,ACTIVE_RESULTS,0xb796aa213c72a50adc3eab3e107f05d2500e084f5245529048d25083b5ee58f6,23532536587635768634392386965780230467726004893924047653522105374551220178823,0xc00920db6f5e84821a61bd31578499bbc9bd125949572b589b7a9e4b0f13bad3,97787606698093663746310161655083884268863593082956469376386743061399298825100,SAME_FAMILY:PRESIDENTIAL_FIRST_ROUND,frozen market_family metadata
colombia_first_round,ACTIVE_RESULTS,0xb796aa213c72a50adc3eab3e107f05d2500e084f5245529048d25083b5ee58f6,23532536587635768634392386965780230467726004893924047653522105374551220178823,0xc48f1e352e7ef08f2fda326efa7bc7c639cf2700d0a28344d1467bdccf76daa4,109081106914132571114405581459213011502026754392738045472199649082947336083032,SAME_FAMILY:PRESIDENTIAL_FIRST_ROUND,frozen market_family metadata
colombia_first_round,ACTIVE_RESULTS,0xb796aa213c72a50adc3eab3e107f05d2500e084f5245529048d25083b5ee58f6,23532536587635768634392386965780230467726004893924047653522105374551220178823,0xd5316f1032d75854eaca7b48150223e5191d43231aa14ee7b2cb8a2186d681a6,74625951734720996156139274995437961112167914312908354373606656149038667957546,SAME_FAMILY:PRESIDENTIAL_FIRST_ROUND,frozen market_family metadata
colombia_first_round,ACTIVE_RESULTS,0xb796aa213c72a50adc3eab3e107f05d2500e084f5245529048d25083b5ee58f6,23532536587635768634392386965780230467726004893924047653522105374551220178823,0xd6c879f9ce4481fb7f4ba7b5f497f039a969a028a42f122e02ca0c62f2add7f1,46097487828487911398569875551656737358989790690694005757154950076342237735284,SAME_FAMILY:PRESIDENTIAL_FIRST_ROUND,frozen market_family metadata
colombia_first_round,ACTIVE_RESULTS,0xb796aa213c72a50adc3eab3e107f05d2500e084f5245529048d25083b5ee58f6,23532536587635768634392386965780230467726004893924047653522105374551220178823,0xda907bc72ace0a6ee956394b022dd7a07e23dd7e1f2346ec1d6cef392e87e77d,63853622151739517344845565070031879672648174564960271673236617995513310773183,SAME_FAMILY:PRESIDENTIAL_FIRST_ROUND,frozen market_family metadata
colombia_first_round,ACTIVE_RESULTS,0xb796aa213c72a50adc3eab3e107f05d2500e084f5245529048d25083b5ee58f6,23532536587635768634392386965780230467726004893924047653522105374551220178823,0xf44ba6ae238db2cf052a5a496216cab7a8f8b5887d4b800fffcc842ff0a5656d,32538940167097335646273051780361200206495497154660016962319641291380583656648,SAME_FAMILY:PRESIDENTIAL_FIRST_ROUND,frozen market_family metadata
colombia_first_round,ACTIVE_RESULTS,0xc00920db6f5e84821a61bd31578499bbc9bd125949572b589b7a9e4b0f13bad3,97787606698093663746310161655083884268863593082956469376386743061399298825100,0x0800bd687e4028589e13ea87e9d999ae8495baf34b886cad9aeaca166273fa72,77801891223987841891474930621248532092123386694399544698997121876709615623565,SAME_FAMILY:PRESIDENTIAL_FIRST_ROUND,frozen market_family metadata
colombia_first_round,ACTIVE_RESULTS,0xc00920db6f5e84821a61bd31578499bbc9bd125949572b589b7a9e4b0f13bad3,97787606698093663746310161655083884268863593082956469376386743061399298825100,0x1ffa861140b3938290e913f1e8fc09a9402d92b5a77ae7ef04a1bf1984f47124,73623722357385139155184248655502762857722717250404134489597392300966802164164,SAME_FAMILY:PRESIDENTIAL_FIRST_ROUND,frozen market_family metadata
colombia_first_round,ACTIVE_RESULTS,0xc00920db6f5e84821a61bd31578499bbc9bd125949572b589b7a9e4b0f13bad3,97787606698093663746310161655083884268863593082956469376386743061399298825100,0x26a0f0a0c39f06c80dcfa83ba8b9701973471e097529aadd791b61bada836c20,25690840019062849976496566794963978141818728224461919092756328830681090169797,SAME_FAMILY:PRESIDENTIAL_FIRST_ROUND,frozen market_family metadata
colombia_first_round,ACTIVE_RESULTS,0xc00920db6f5e84821a61bd31578499bbc9bd125949572b589b7a9e4b0f13bad3,97787606698093663746310161655083884268863593082956469376386743061399298825100,0x4e7ab14e108ea5a9155cec536b435c098b72702639598f0c28349c8bac946d94,10647133337702892106263778573888138658570317713098443417452924210592766368406,SAME_FAMILY:PRESIDENTIAL_FIRST_ROUND,frozen market_family metadata
colombia_first_round,ACTIVE_RESULTS,0xc00920db6f5e84821a61bd31578499bbc9bd125949572b589b7a9e4b0f13bad3,97787606698093663746310161655083884268863593082956469376386743061399298825100,0x6aee7a669dd941b514661d64c55e7bd63ef7884d5e455c850f1835a8056e7a55,7707882609877027151419445009151473858946466475327085396299308696610200951375,SAME_FAMILY:PRESIDENTIAL_FIRST_ROUND,frozen market_family metadata
colombia_first_round,ACTIVE_RESULTS,0xc00920db6f5e84821a61bd31578499bbc9bd125949572b589b7a9e4b0f13bad3,97787606698093663746310161655083884268863593082956469376386743061399298825100,0x6cd7f5a003cad0da9b5c95517f2d64947502ab65c3e7c59f5e80306cbe466306,104248572480405467465158820553794703819681317324427410345775817859278974206745,SAME_FAMILY:PRESIDENTIAL_FIRST_ROUND,frozen market_family metadata
colombia_first_round,ACTIVE_RESULTS,0xc00920db6f5e84821a61bd31578499bbc9bd125949572b589b7a9e4b0f13bad3,97787606698093663746310161655083884268863593082956469376386743061399298825100,0x7385bdc26ff171d5efebeebf1f8e9699a21877e3706c803341eabfb57fa1ee42,104997868072009015624222294580678450931025984784809139537795507805369124252261,SAME_FAMILY:PRESIDENTIAL_FIRST_ROUND,frozen market_family metadata
colombia_first_round,ACTIVE_RESULTS,0xc00920db6f5e84821a61bd31578499bbc9bd125949572b589b7a9e4b0f13bad3,97787606698093663746310161655083884268863593082956469376386743061399298825100,0x801f7b19117136c24310006ce4de103f2393f9b7e193f5cd46979f789986d4e5,31298869100124143495345080948613668059227369900192776063166867588510846016201,SAME_FAMILY:PRESIDENTIAL_FIRST_ROUND,frozen market_family metadata
colombia_first_round,ACTIVE_RESULTS,0xc00920db6f5e84821a61bd31578499bbc9bd125949572b589b7a9e4b0f13bad3,97787606698093663746310161655083884268863593082956469376386743061399298825100,0xab6fb278f753c6c10479d71429d3ef53ed213ddd208b9f4381cecd8db393974c,112000997367369775705892760747740706713090189173150311174658104010356449962658,SAME_FAMILY:PRESIDENTIAL_FIRST_ROUND,frozen market_family metadata
colombia_first_round,ACTIVE_RESULTS,0xc00920db6f5e84821a61bd31578499bbc9bd125949572b589b7a9e4b0f13bad3,97787606698093663746310161655083884268863593082956469376386743061399298825100,0xb611b3a7173f69e412b55561ed265d849e36693c248ff620d0e981c5b3f2e325,33232052119491652564300969744259903933559547696830742958153653325470669042304,SAME_FAMILY:PRESIDENTIAL_FIRST_ROUND,frozen market_family metadata
colombia_first_round,ACTIVE_RESULTS,0xc00920db6f5e84821a61bd31578499bbc9bd125949572b589b7a9e4b0f13bad3,97787606698093663746310161655083884268863593082956469376386743061399298825100,0xb796aa213c72a50adc3eab3e107f05d2500e084f5245529048d25083b5ee58f6,23532536587635768634392386965780230467726004893924047653522105374551220178823,SAME_FAMILY:PRESIDENTIAL_FIRST_ROUND,frozen market_family metadata
colombia_first_round,ACTIVE_RESULTS,0xc00920db6f5e84821a61bd31578499bbc9bd125949572b589b7a9e4b0f13bad3,97787606698093663746310161655083884268863593082956469376386743061399298825100,0xc48f1e352e7ef08f2fda326efa7bc7c639cf2700d0a28344d1467bdccf76daa4,109081106914132571114405581459213011502026754392738045472199649082947336083032,SAME_FAMILY:PRESIDENTIAL_FIRST_ROUND,frozen market_family metadata
colombia_first_round,ACTIVE_RESULTS,0xc00920db6f5e84821a61bd31578499bbc9bd125949572b589b7a9e4b0f13bad3,97787606698093663746310161655083884268863593082956469376386743061399298825100,0xd5316f1032d75854eaca7b48150223e5191d43231aa14ee7b2cb8a2186d681a6,74625951734720996156139274995437961112167914312908354373606656149038667957546,SAME_FAMILY:PRESIDENTIAL_FIRST_ROUND,frozen market_family metadata
colombia_first_round,ACTIVE_RESULTS,0xc00920db6f5e84821a61bd31578499bbc9bd125949572b589b7a9e4b0f13bad3,97787606698093663746310161655083884268863593082956469376386743061399298825100,0xd6c879f9ce4481fb7f4ba7b5f497f039a969a028a42f122e02ca0c62f2add7f1,46097487828487911398569875551656737358989790690694005757154950076342237735284,SAME_FAMILY:PRESIDENTIAL_FIRST_ROUND,frozen market_family metadata
colombia_first_round,ACTIVE_RESULTS,0xc00920db6f5e84821a61bd31578499bbc9bd125949572b589b7a9e4b0f13bad3,97787606698093663746310161655083884268863593082956469376386743061399298825100,0xda907bc72ace0a6ee956394b022dd7a07e23dd7e1f2346ec1d6cef392e87e77d,63853622151739517344845565070031879672648174564960271673236617995513310773183,SAME_FAMILY:PRESIDENTIAL_FIRST_ROUND,frozen market_family metadata
colombia_first_round,ACTIVE_RESULTS,0xc00920db6f5e84821a61bd31578499bbc9bd125949572b589b7a9e4b0f13bad3,97787606698093663746310161655083884268863593082956469376386743061399298825100,0xf44ba6ae238db2cf052a5a496216cab7a8f8b5887d4b800fffcc842ff0a5656d,32538940167097335646273051780361200206495497154660016962319641291380583656648,SAME_FAMILY:PRESIDENTIAL_FIRST_ROUND,frozen market_family metadata
colombia_first_round,ACTIVE_RESULTS,0xc48f1e352e7ef08f2fda326efa7bc7c639cf2700d0a28344d1467bdccf76daa4,109081106914132571114405581459213011502026754392738045472199649082947336083032,0x0800bd687e4028589e13ea87e9d999ae8495baf34b886cad9aeaca166273fa72,77801891223987841891474930621248532092123386694399544698997121876709615623565,SAME_FAMILY:PRESIDENTIAL_FIRST_ROUND,frozen market_family metadata
colombia_first_round,ACTIVE_RESULTS,0xc48f1e352e7ef08f2fda326efa7bc7c639cf2700d0a28344d1467bdccf76daa4,109081106914132571114405581459213011502026754392738045472199649082947336083032,0x1ffa861140b3938290e913f1e8fc09a9402d92b5a77ae7ef04a1bf1984f47124,73623722357385139155184248655502762857722717250404134489597392300966802164164,SAME_FAMILY:PRESIDENTIAL_FIRST_ROUND,frozen market_family metadata
colombia_first_round,ACTIVE_RESULTS,0xc48f1e352e7ef08f2fda326efa7bc7c639cf2700d0a28344d1467bdccf76daa4,109081106914132571114405581459213011502026754392738045472199649082947336083032,0x26a0f0a0c39f06c80dcfa83ba8b9701973471e097529aadd791b61bada836c20,25690840019062849976496566794963978141818728224461919092756328830681090169797,SAME_FAMILY:PRESIDENTIAL_FIRST_ROUND,frozen market_family metadata
colombia_first_round,ACTIVE_RESULTS,0xc48f1e352e7ef08f2fda326efa7bc7c639cf2700d0a28344d1467bdccf76daa4,109081106914132571114405581459213011502026754392738045472199649082947336083032,0x4e7ab14e108ea5a9155cec536b435c098b72702639598f0c28349c8bac946d94,10647133337702892106263778573888138658570317713098443417452924210592766368406,SAME_FAMILY:PRESIDENTIAL_FIRST_ROUND,frozen market_family metadata
colombia_first_round,ACTIVE_RESULTS,0xc48f1e352e7ef08f2fda326efa7bc7c639cf2700d0a28344d1467bdccf76daa4,109081106914132571114405581459213011502026754392738045472199649082947336083032,0x6aee7a669dd941b514661d64c55e7bd63ef7884d5e455c850f1835a8056e7a55,7707882609877027151419445009151473858946466475327085396299308696610200951375,SAME_FAMILY:PRESIDENTIAL_FIRST_ROUND,frozen market_family metadata
colombia_first_round,ACTIVE_RESULTS,0xc48f1e352e7ef08f2fda326efa7bc7c639cf2700d0a28344d1467bdccf76daa4,109081106914132571114405581459213011502026754392738045472199649082947336083032,0x6cd7f5a003cad0da9b5c95517f2d64947502ab65c3e7c59f5e80306cbe466306,104248572480405467465158820553794703819681317324427410345775817859278974206745,SAME_FAMILY:PRESIDENTIAL_FIRST_ROUND,frozen market_family metadata
colombia_first_round,ACTIVE_RESULTS,0xc48f1e352e7ef08f2fda326efa7bc7c639cf2700d0a28344d1467bdccf76daa4,109081106914132571114405581459213011502026754392738045472199649082947336083032,0x7385bdc26ff171d5efebeebf1f8e9699a21877e3706c803341eabfb57fa1ee42,104997868072009015624222294580678450931025984784809139537795507805369124252261,SAME_FAMILY:PRESIDENTIAL_FIRST_ROUND,frozen market_family metadata
colombia_first_round,ACTIVE_RESULTS,0xc48f1e352e7ef08f2fda326efa7bc7c639cf2700d0a28344d1467bdccf76daa4,109081106914132571114405581459213011502026754392738045472199649082947336083032,0x801f7b19117136c24310006ce4de103f2393f9b7e193f5cd46979f789986d4e5,31298869100124143495345080948613668059227369900192776063166867588510846016201,SAME_FAMILY:PRESIDENTIAL_FIRST_ROUND,frozen market_family metadata
colombia_first_round,ACTIVE_RESULTS,0xc48f1e352e7ef08f2fda326efa7bc7c639cf2700d0a28344d1467bdccf76daa4,109081106914132571114405581459213011502026754392738045472199649082947336083032,0xab6fb278f753c6c10479d71429d3ef53ed213ddd208b9f4381cecd8db393974c,112000997367369775705892760747740706713090189173150311174658104010356449962658,SAME_FAMILY:PRESIDENTIAL_FIRST_ROUND,frozen market_family metadata
colombia_first_round,ACTIVE_RESULTS,0xc48f1e352e7ef08f2fda326efa7bc7c639cf2700d0a28344d1467bdccf76daa4,109081106914132571114405581459213011502026754392738045472199649082947336083032,0xb611b3a7173f69e412b55561ed265d849e36693c248ff620d0e981c5b3f2e325,33232052119491652564300969744259903933559547696830742958153653325470669042304,SAME_FAMILY:PRESIDENTIAL_FIRST_ROUND,frozen market_family metadata
colombia_first_round,ACTIVE_RESULTS,0xc48f1e352e7ef08f2fda326efa7bc7c639cf2700d0a28344d1467bdccf76daa4,109081106914132571114405581459213011502026754392738045472199649082947336083032,0xb796aa213c72a50adc3eab3e107f05d2500e084f5245529048d25083b5ee58f6,23532536587635768634392386965780230467726004893924047653522105374551220178823,SAME_FAMILY:PRESIDENTIAL_FIRST_ROUND,frozen market_family metadata
colombia_first_round,ACTIVE_RESULTS,0xc48f1e352e7ef08f2fda326efa7bc7c639cf2700d0a28344d1467bdccf76daa4,109081106914132571114405581459213011502026754392738045472199649082947336083032,0xc00920db6f5e84821a61bd31578499bbc9bd125949572b589b7a9e4b0f13bad3,97787606698093663746310161655083884268863593082956469376386743061399298825100,SAME_FAMILY:PRESIDENTIAL_FIRST_ROUND,frozen market_family metadata
colombia_first_round,ACTIVE_RESULTS,0xc48f1e352e7ef08f2fda326efa7bc7c639cf2700d0a28344d1467bdccf76daa4,109081106914132571114405581459213011502026754392738045472199649082947336083032,0xd5316f1032d75854eaca7b48150223e5191d43231aa14ee7b2cb8a2186d681a6,74625951734720996156139274995437961112167914312908354373606656149038667957546,SAME_FAMILY:PRESIDENTIAL_FIRST_ROUND,frozen market_family metadata
colombia_first_round,ACTIVE_RESULTS,0xc48f1e352e7ef08f2fda326efa7bc7c639cf2700d0a28344d1467bdccf76daa4,109081106914132571114405581459213011502026754392738045472199649082947336083032,0xd6c879f9ce4481fb7f4ba7b5f497f039a969a028a42f122e02ca0c62f2add7f1,46097487828487911398569875551656737358989790690694005757154950076342237735284,SAME_FAMILY:PRESIDENTIAL_FIRST_ROUND,frozen market_family metadata
colombia_first_round,ACTIVE_RESULTS,0xc48f1e352e7ef08f2fda326efa7bc7c639cf2700d0a28344d1467bdccf76daa4,109081106914132571114405581459213011502026754392738045472199649082947336083032,0xda907bc72ace0a6ee956394b022dd7a07e23dd7e1f2346ec1d6cef392e87e77d,63853622151739517344845565070031879672648174564960271673236617995513310773183,SAME_FAMILY:PRESIDENTIAL_FIRST_ROUND,frozen market_family metadata
colombia_first_round,ACTIVE_RESULTS,0xc48f1e352e7ef08f2fda326efa7bc7c639cf2700d0a28344d1467bdccf76daa4,109081106914132571114405581459213011502026754392738045472199649082947336083032,0xf44ba6ae238db2cf052a5a496216cab7a8f8b5887d4b800fffcc842ff0a5656d,32538940167097335646273051780361200206495497154660016962319641291380583656648,SAME_FAMILY:PRESIDENTIAL_FIRST_ROUND,frozen market_family metadata
colombia_first_round,ACTIVE_RESULTS,0xd5316f1032d75854eaca7b48150223e5191d43231aa14ee7b2cb8a2186d681a6,74625951734720996156139274995437961112167914312908354373606656149038667957546,0x0800bd687e4028589e13ea87e9d999ae8495baf34b886cad9aeaca166273fa72,77801891223987841891474930621248532092123386694399544698997121876709615623565,SAME_FAMILY:PRESIDENTIAL_FIRST_ROUND,frozen market_family metadata
colombia_first_round,ACTIVE_RESULTS,0xd5316f1032d75854eaca7b48150223e5191d43231aa14ee7b2cb8a2186d681a6,74625951734720996156139274995437961112167914312908354373606656149038667957546,0x1ffa861140b3938290e913f1e8fc09a9402d92b5a77ae7ef04a1bf1984f47124,73623722357385139155184248655502762857722717250404134489597392300966802164164,SAME_FAMILY:PRESIDENTIAL_FIRST_ROUND,frozen market_family metadata
colombia_first_round,ACTIVE_RESULTS,0xd5316f1032d75854eaca7b48150223e5191d43231aa14ee7b2cb8a2186d681a6,74625951734720996156139274995437961112167914312908354373606656149038667957546,0x26a0f0a0c39f06c80dcfa83ba8b9701973471e097529aadd791b61bada836c20,25690840019062849976496566794963978141818728224461919092756328830681090169797,SAME_FAMILY:PRESIDENTIAL_FIRST_ROUND,frozen market_family metadata
colombia_first_round,ACTIVE_RESULTS,0xd5316f1032d75854eaca7b48150223e5191d43231aa14ee7b2cb8a2186d681a6,74625951734720996156139274995437961112167914312908354373606656149038667957546,0x4e7ab14e108ea5a9155cec536b435c098b72702639598f0c28349c8bac946d94,10647133337702892106263778573888138658570317713098443417452924210592766368406,SAME_FAMILY:PRESIDENTIAL_FIRST_ROUND,frozen market_family metadata
colombia_first_round,ACTIVE_RESULTS,0xd5316f1032d75854eaca7b48150223e5191d43231aa14ee7b2cb8a2186d681a6,74625951734720996156139274995437961112167914312908354373606656149038667957546,0x6aee7a669dd941b514661d64c55e7bd63ef7884d5e455c850f1835a8056e7a55,7707882609877027151419445009151473858946466475327085396299308696610200951375,SAME_FAMILY:PRESIDENTIAL_FIRST_ROUND,frozen market_family metadata
colombia_first_round,ACTIVE_RESULTS,0xd5316f1032d75854eaca7b48150223e5191d43231aa14ee7b2cb8a2186d681a6,74625951734720996156139274995437961112167914312908354373606656149038667957546,0x6cd7f5a003cad0da9b5c95517f2d64947502ab65c3e7c59f5e80306cbe466306,104248572480405467465158820553794703819681317324427410345775817859278974206745,SAME_FAMILY:PRESIDENTIAL_FIRST_ROUND,frozen market_family metadata
colombia_first_round,ACTIVE_RESULTS,0xd5316f1032d75854eaca7b48150223e5191d43231aa14ee7b2cb8a2186d681a6,74625951734720996156139274995437961112167914312908354373606656149038667957546,0x7385bdc26ff171d5efebeebf1f8e9699a21877e3706c803341eabfb57fa1ee42,104997868072009015624222294580678450931025984784809139537795507805369124252261,SAME_FAMILY:PRESIDENTIAL_FIRST_ROUND,frozen market_family metadata
colombia_first_round,ACTIVE_RESULTS,0xd5316f1032d75854eaca7b48150223e5191d43231aa14ee7b2cb8a2186d681a6,74625951734720996156139274995437961112167914312908354373606656149038667957546,0x801f7b19117136c24310006ce4de103f2393f9b7e193f5cd46979f789986d4e5,31298869100124143495345080948613668059227369900192776063166867588510846016201,SAME_FAMILY:PRESIDENTIAL_FIRST_ROUND,frozen market_family metadata
colombia_first_round,ACTIVE_RESULTS,0xd5316f1032d75854eaca7b48150223e5191d43231aa14ee7b2cb8a2186d681a6,74625951734720996156139274995437961112167914312908354373606656149038667957546,0xab6fb278f753c6c10479d71429d3ef53ed213ddd208b9f4381cecd8db393974c,112000997367369775705892760747740706713090189173150311174658104010356449962658,SAME_FAMILY:PRESIDENTIAL_FIRST_ROUND,frozen market_family metadata
colombia_first_round,ACTIVE_RESULTS,0xd5316f1032d75854eaca7b48150223e5191d43231aa14ee7b2cb8a2186d681a6,74625951734720996156139274995437961112167914312908354373606656149038667957546,0xb611b3a7173f69e412b55561ed265d849e36693c248ff620d0e981c5b3f2e325,33232052119491652564300969744259903933559547696830742958153653325470669042304,SAME_FAMILY:PRESIDENTIAL_FIRST_ROUND,frozen market_family metadata
colombia_first_round,ACTIVE_RESULTS,0xd5316f1032d75854eaca7b48150223e5191d43231aa14ee7b2cb8a2186d681a6,74625951734720996156139274995437961112167914312908354373606656149038667957546,0xb796aa213c72a50adc3eab3e107f05d2500e084f5245529048d25083b5ee58f6,23532536587635768634392386965780230467726004893924047653522105374551220178823,SAME_FAMILY:PRESIDENTIAL_FIRST_ROUND,frozen market_family metadata
colombia_first_round,ACTIVE_RESULTS,0xd5316f1032d75854eaca7b48150223e5191d43231aa14ee7b2cb8a2186d681a6,74625951734720996156139274995437961112167914312908354373606656149038667957546,0xc00920db6f5e84821a61bd31578499bbc9bd125949572b589b7a9e4b0f13bad3,97787606698093663746310161655083884268863593082956469376386743061399298825100,SAME_FAMILY:PRESIDENTIAL_FIRST_ROUND,frozen market_family metadata
colombia_first_round,ACTIVE_RESULTS,0xd5316f1032d75854eaca7b48150223e5191d43231aa14ee7b2cb8a2186d681a6,74625951734720996156139274995437961112167914312908354373606656149038667957546,0xc48f1e352e7ef08f2fda326efa7bc7c639cf2700d0a28344d1467bdccf76daa4,109081106914132571114405581459213011502026754392738045472199649082947336083032,SAME_FAMILY:PRESIDENTIAL_FIRST_ROUND,frozen market_family metadata
colombia_first_round,ACTIVE_RESULTS,0xd5316f1032d75854eaca7b48150223e5191d43231aa14ee7b2cb8a2186d681a6,74625951734720996156139274995437961112167914312908354373606656149038667957546,0xd6c879f9ce4481fb7f4ba7b5f497f039a969a028a42f122e02ca0c62f2add7f1,46097487828487911398569875551656737358989790690694005757154950076342237735284,SAME_FAMILY:PRESIDENTIAL_FIRST_ROUND,frozen market_family metadata
colombia_first_round,ACTIVE_RESULTS,0xd5316f1032d75854eaca7b48150223e5191d43231aa14ee7b2cb8a2186d681a6,74625951734720996156139274995437961112167914312908354373606656149038667957546,0xda907bc72ace0a6ee956394b022dd7a07e23dd7e1f2346ec1d6cef392e87e77d,63853622151739517344845565070031879672648174564960271673236617995513310773183,SAME_FAMILY:PRESIDENTIAL_FIRST_ROUND,frozen market_family metadata
colombia_first_round,ACTIVE_RESULTS,0xd5316f1032d75854eaca7b48150223e5191d43231aa14ee7b2cb8a2186d681a6,74625951734720996156139274995437961112167914312908354373606656149038667957546,0xf44ba6ae238db2cf052a5a496216cab7a8f8b5887d4b800fffcc842ff0a5656d,32538940167097335646273051780361200206495497154660016962319641291380583656648,SAME_FAMILY:PRESIDENTIAL_FIRST_ROUND,frozen market_family metadata
colombia_first_round,ACTIVE_RESULTS,0xd6c879f9ce4481fb7f4ba7b5f497f039a969a028a42f122e02ca0c62f2add7f1,46097487828487911398569875551656737358989790690694005757154950076342237735284,0x0800bd687e4028589e13ea87e9d999ae8495baf34b886cad9aeaca166273fa72,77801891223987841891474930621248532092123386694399544698997121876709615623565,SAME_FAMILY:PRESIDENTIAL_FIRST_ROUND,frozen market_family metadata
colombia_first_round,ACTIVE_RESULTS,0xd6c879f9ce4481fb7f4ba7b5f497f039a969a028a42f122e02ca0c62f2add7f1,46097487828487911398569875551656737358989790690694005757154950076342237735284,0x1ffa861140b3938290e913f1e8fc09a9402d92b5a77ae7ef04a1bf1984f47124,73623722357385139155184248655502762857722717250404134489597392300966802164164,SAME_FAMILY:PRESIDENTIAL_FIRST_ROUND,frozen market_family metadata
colombia_first_round,ACTIVE_RESULTS,0xd6c879f9ce4481fb7f4ba7b5f497f039a969a028a42f122e02ca0c62f2add7f1,46097487828487911398569875551656737358989790690694005757154950076342237735284,0x26a0f0a0c39f06c80dcfa83ba8b9701973471e097529aadd791b61bada836c20,25690840019062849976496566794963978141818728224461919092756328830681090169797,SAME_FAMILY:PRESIDENTIAL_FIRST_ROUND,frozen market_family metadata
colombia_first_round,ACTIVE_RESULTS,0xd6c879f9ce4481fb7f4ba7b5f497f039a969a028a42f122e02ca0c62f2add7f1,46097487828487911398569875551656737358989790690694005757154950076342237735284,0x4e7ab14e108ea5a9155cec536b435c098b72702639598f0c28349c8bac946d94,10647133337702892106263778573888138658570317713098443417452924210592766368406,SAME_FAMILY:PRESIDENTIAL_FIRST_ROUND,frozen market_family metadata
colombia_first_round,ACTIVE_RESULTS,0xd6c879f9ce4481fb7f4ba7b5f497f039a969a028a42f122e02ca0c62f2add7f1,46097487828487911398569875551656737358989790690694005757154950076342237735284,0x6aee7a669dd941b514661d64c55e7bd63ef7884d5e455c850f1835a8056e7a55,7707882609877027151419445009151473858946466475327085396299308696610200951375,SAME_FAMILY:PRESIDENTIAL_FIRST_ROUND,frozen market_family metadata
colombia_first_round,ACTIVE_RESULTS,0xd6c879f9ce4481fb7f4ba7b5f497f039a969a028a42f122e02ca0c62f2add7f1,46097487828487911398569875551656737358989790690694005757154950076342237735284,0x6cd7f5a003cad0da9b5c95517f2d64947502ab65c3e7c59f5e80306cbe466306,104248572480405467465158820553794703819681317324427410345775817859278974206745,SAME_FAMILY:PRESIDENTIAL_FIRST_ROUND,frozen market_family metadata
colombia_first_round,ACTIVE_RESULTS,0xd6c879f9ce4481fb7f4ba7b5f497f039a969a028a42f122e02ca0c62f2add7f1,46097487828487911398569875551656737358989790690694005757154950076342237735284,0x7385bdc26ff171d5efebeebf1f8e9699a21877e3706c803341eabfb57fa1ee42,104997868072009015624222294580678450931025984784809139537795507805369124252261,SAME_FAMILY:PRESIDENTIAL_FIRST_ROUND,frozen market_family metadata
colombia_first_round,ACTIVE_RESULTS,0xd6c879f9ce4481fb7f4ba7b5f497f039a969a028a42f122e02ca0c62f2add7f1,46097487828487911398569875551656737358989790690694005757154950076342237735284,0x801f7b19117136c24310006ce4de103f2393f9b7e193f5cd46979f789986d4e5,31298869100124143495345080948613668059227369900192776063166867588510846016201,SAME_FAMILY:PRESIDENTIAL_FIRST_ROUND,frozen market_family metadata
colombia_first_round,ACTIVE_RESULTS,0xd6c879f9ce4481fb7f4ba7b5f497f039a969a028a42f122e02ca0c62f2add7f1,46097487828487911398569875551656737358989790690694005757154950076342237735284,0xab6fb278f753c6c10479d71429d3ef53ed213ddd208b9f4381cecd8db393974c,112000997367369775705892760747740706713090189173150311174658104010356449962658,SAME_FAMILY:PRESIDENTIAL_FIRST_ROUND,frozen market_family metadata
colombia_first_round,ACTIVE_RESULTS,0xd6c879f9ce4481fb7f4ba7b5f497f039a969a028a42f122e02ca0c62f2add7f1,46097487828487911398569875551656737358989790690694005757154950076342237735284,0xb611b3a7173f69e412b55561ed265d849e36693c248ff620d0e981c5b3f2e325,33232052119491652564300969744259903933559547696830742958153653325470669042304,SAME_FAMILY:PRESIDENTIAL_FIRST_ROUND,frozen market_family metadata
colombia_first_round,ACTIVE_RESULTS,0xd6c879f9ce4481fb7f4ba7b5f497f039a969a028a42f122e02ca0c62f2add7f1,46097487828487911398569875551656737358989790690694005757154950076342237735284,0xb796aa213c72a50adc3eab3e107f05d2500e084f5245529048d25083b5ee58f6,23532536587635768634392386965780230467726004893924047653522105374551220178823,SAME_FAMILY:PRESIDENTIAL_FIRST_ROUND,frozen market_family metadata
colombia_first_round,ACTIVE_RESULTS,0xd6c879f9ce4481fb7f4ba7b5f497f039a969a028a42f122e02ca0c62f2add7f1,46097487828487911398569875551656737358989790690694005757154950076342237735284,0xc00920db6f5e84821a61bd31578499bbc9bd125949572b589b7a9e4b0f13bad3,97787606698093663746310161655083884268863593082956469376386743061399298825100,SAME_FAMILY:PRESIDENTIAL_FIRST_ROUND,frozen market_family metadata
colombia_first_round,ACTIVE_RESULTS,0xd6c879f9ce4481fb7f4ba7b5f497f039a969a028a42f122e02ca0c62f2add7f1,46097487828487911398569875551656737358989790690694005757154950076342237735284,0xc48f1e352e7ef08f2fda326efa7bc7c639cf2700d0a28344d1467bdccf76daa4,109081106914132571114405581459213011502026754392738045472199649082947336083032,SAME_FAMILY:PRESIDENTIAL_FIRST_ROUND,frozen market_family metadata
colombia_first_round,ACTIVE_RESULTS,0xd6c879f9ce4481fb7f4ba7b5f497f039a969a028a42f122e02ca0c62f2add7f1,46097487828487911398569875551656737358989790690694005757154950076342237735284,0xd5316f1032d75854eaca7b48150223e5191d43231aa14ee7b2cb8a2186d681a6,74625951734720996156139274995437961112167914312908354373606656149038667957546,SAME_FAMILY:PRESIDENTIAL_FIRST_ROUND,frozen market_family metadata
colombia_first_round,ACTIVE_RESULTS,0xd6c879f9ce4481fb7f4ba7b5f497f039a969a028a42f122e02ca0c62f2add7f1,46097487828487911398569875551656737358989790690694005757154950076342237735284,0xda907bc72ace0a6ee956394b022dd7a07e23dd7e1f2346ec1d6cef392e87e77d,63853622151739517344845565070031879672648174564960271673236617995513310773183,SAME_FAMILY:PRESIDENTIAL_FIRST_ROUND,frozen market_family metadata
colombia_first_round,ACTIVE_RESULTS,0xd6c879f9ce4481fb7f4ba7b5f497f039a969a028a42f122e02ca0c62f2add7f1,46097487828487911398569875551656737358989790690694005757154950076342237735284,0xf44ba6ae238db2cf052a5a496216cab7a8f8b5887d4b800fffcc842ff0a5656d,32538940167097335646273051780361200206495497154660016962319641291380583656648,SAME_FAMILY:PRESIDENTIAL_FIRST_ROUND,frozen market_family metadata
colombia_first_round,ACTIVE_RESULTS,0xda907bc72ace0a6ee956394b022dd7a07e23dd7e1f2346ec1d6cef392e87e77d,63853622151739517344845565070031879672648174564960271673236617995513310773183,0x0800bd687e4028589e13ea87e9d999ae8495baf34b886cad9aeaca166273fa72,77801891223987841891474930621248532092123386694399544698997121876709615623565,SAME_FAMILY:PRESIDENTIAL_FIRST_ROUND,frozen market_family metadata
colombia_first_round,ACTIVE_RESULTS,0xda907bc72ace0a6ee956394b022dd7a07e23dd7e1f2346ec1d6cef392e87e77d,63853622151739517344845565070031879672648174564960271673236617995513310773183,0x1ffa861140b3938290e913f1e8fc09a9402d92b5a77ae7ef04a1bf1984f47124,73623722357385139155184248655502762857722717250404134489597392300966802164164,SAME_FAMILY:PRESIDENTIAL_FIRST_ROUND,frozen market_family metadata
colombia_first_round,ACTIVE_RESULTS,0xda907bc72ace0a6ee956394b022dd7a07e23dd7e1f2346ec1d6cef392e87e77d,63853622151739517344845565070031879672648174564960271673236617995513310773183,0x26a0f0a0c39f06c80dcfa83ba8b9701973471e097529aadd791b61bada836c20,25690840019062849976496566794963978141818728224461919092756328830681090169797,SAME_FAMILY:PRESIDENTIAL_FIRST_ROUND,frozen market_family metadata
colombia_first_round,ACTIVE_RESULTS,0xda907bc72ace0a6ee956394b022dd7a07e23dd7e1f2346ec1d6cef392e87e77d,63853622151739517344845565070031879672648174564960271673236617995513310773183,0x4e7ab14e108ea5a9155cec536b435c098b72702639598f0c28349c8bac946d94,10647133337702892106263778573888138658570317713098443417452924210592766368406,SAME_FAMILY:PRESIDENTIAL_FIRST_ROUND,frozen market_family metadata
colombia_first_round,ACTIVE_RESULTS,0xda907bc72ace0a6ee956394b022dd7a07e23dd7e1f2346ec1d6cef392e87e77d,63853622151739517344845565070031879672648174564960271673236617995513310773183,0x6aee7a669dd941b514661d64c55e7bd63ef7884d5e455c850f1835a8056e7a55,7707882609877027151419445009151473858946466475327085396299308696610200951375,SAME_FAMILY:PRESIDENTIAL_FIRST_ROUND,frozen market_family metadata
colombia_first_round,ACTIVE_RESULTS,0xda907bc72ace0a6ee956394b022dd7a07e23dd7e1f2346ec1d6cef392e87e77d,63853622151739517344845565070031879672648174564960271673236617995513310773183,0x6cd7f5a003cad0da9b5c95517f2d64947502ab65c3e7c59f5e80306cbe466306,104248572480405467465158820553794703819681317324427410345775817859278974206745,SAME_FAMILY:PRESIDENTIAL_FIRST_ROUND,frozen market_family metadata
colombia_first_round,ACTIVE_RESULTS,0xda907bc72ace0a6ee956394b022dd7a07e23dd7e1f2346ec1d6cef392e87e77d,63853622151739517344845565070031879672648174564960271673236617995513310773183,0x7385bdc26ff171d5efebeebf1f8e9699a21877e3706c803341eabfb57fa1ee42,104997868072009015624222294580678450931025984784809139537795507805369124252261,SAME_FAMILY:PRESIDENTIAL_FIRST_ROUND,frozen market_family metadata
colombia_first_round,ACTIVE_RESULTS,0xda907bc72ace0a6ee956394b022dd7a07e23dd7e1f2346ec1d6cef392e87e77d,63853622151739517344845565070031879672648174564960271673236617995513310773183,0x801f7b19117136c24310006ce4de103f2393f9b7e193f5cd46979f789986d4e5,31298869100124143495345080948613668059227369900192776063166867588510846016201,SAME_FAMILY:PRESIDENTIAL_FIRST_ROUND,frozen market_family metadata
colombia_first_round,ACTIVE_RESULTS,0xda907bc72ace0a6ee956394b022dd7a07e23dd7e1f2346ec1d6cef392e87e77d,63853622151739517344845565070031879672648174564960271673236617995513310773183,0xab6fb278f753c6c10479d71429d3ef53ed213ddd208b9f4381cecd8db393974c,112000997367369775705892760747740706713090189173150311174658104010356449962658,SAME_FAMILY:PRESIDENTIAL_FIRST_ROUND,frozen market_family metadata
colombia_first_round,ACTIVE_RESULTS,0xda907bc72ace0a6ee956394b022dd7a07e23dd7e1f2346ec1d6cef392e87e77d,63853622151739517344845565070031879672648174564960271673236617995513310773183,0xb611b3a7173f69e412b55561ed265d849e36693c248ff620d0e981c5b3f2e325,33232052119491652564300969744259903933559547696830742958153653325470669042304,SAME_FAMILY:PRESIDENTIAL_FIRST_ROUND,frozen market_family metadata
colombia_first_round,ACTIVE_RESULTS,0xda907bc72ace0a6ee956394b022dd7a07e23dd7e1f2346ec1d6cef392e87e77d,63853622151739517344845565070031879672648174564960271673236617995513310773183,0xb796aa213c72a50adc3eab3e107f05d2500e084f5245529048d25083b5ee58f6,23532536587635768634392386965780230467726004893924047653522105374551220178823,SAME_FAMILY:PRESIDENTIAL_FIRST_ROUND,frozen market_family metadata
colombia_first_round,ACTIVE_RESULTS,0xda907bc72ace0a6ee956394b022dd7a07e23dd7e1f2346ec1d6cef392e87e77d,63853622151739517344845565070031879672648174564960271673236617995513310773183,0xc00920db6f5e84821a61bd31578499bbc9bd125949572b589b7a9e4b0f13bad3,97787606698093663746310161655083884268863593082956469376386743061399298825100,SAME_FAMILY:PRESIDENTIAL_FIRST_ROUND,frozen market_family metadata
colombia_first_round,ACTIVE_RESULTS,0xda907bc72ace0a6ee956394b022dd7a07e23dd7e1f2346ec1d6cef392e87e77d,63853622151739517344845565070031879672648174564960271673236617995513310773183,0xc48f1e352e7ef08f2fda326efa7bc7c639cf2700d0a28344d1467bdccf76daa4,109081106914132571114405581459213011502026754392738045472199649082947336083032,SAME_FAMILY:PRESIDENTIAL_FIRST_ROUND,frozen market_family metadata
colombia_first_round,ACTIVE_RESULTS,0xda907bc72ace0a6ee956394b022dd7a07e23dd7e1f2346ec1d6cef392e87e77d,63853622151739517344845565070031879672648174564960271673236617995513310773183,0xd5316f1032d75854eaca7b48150223e5191d43231aa14ee7b2cb8a2186d681a6,74625951734720996156139274995437961112167914312908354373606656149038667957546,SAME_FAMILY:PRESIDENTIAL_FIRST_ROUND,frozen market_family metadata
colombia_first_round,ACTIVE_RESULTS,0xda907bc72ace0a6ee956394b022dd7a07e23dd7e1f2346ec1d6cef392e87e77d,63853622151739517344845565070031879672648174564960271673236617995513310773183,0xd6c879f9ce4481fb7f4ba7b5f497f039a969a028a42f122e02ca0c62f2add7f1,46097487828487911398569875551656737358989790690694005757154950076342237735284,SAME_FAMILY:PRESIDENTIAL_FIRST_ROUND,frozen market_family metadata
colombia_first_round,ACTIVE_RESULTS,0xda907bc72ace0a6ee956394b022dd7a07e23dd7e1f2346ec1d6cef392e87e77d,63853622151739517344845565070031879672648174564960271673236617995513310773183,0xf44ba6ae238db2cf052a5a496216cab7a8f8b5887d4b800fffcc842ff0a5656d,32538940167097335646273051780361200206495497154660016962319641291380583656648,SAME_FAMILY:PRESIDENTIAL_FIRST_ROUND,frozen market_family metadata
colombia_first_round,ACTIVE_RESULTS,0xf44ba6ae238db2cf052a5a496216cab7a8f8b5887d4b800fffcc842ff0a5656d,32538940167097335646273051780361200206495497154660016962319641291380583656648,0x0800bd687e4028589e13ea87e9d999ae8495baf34b886cad9aeaca166273fa72,77801891223987841891474930621248532092123386694399544698997121876709615623565,SAME_FAMILY:PRESIDENTIAL_FIRST_ROUND,frozen market_family metadata
colombia_first_round,ACTIVE_RESULTS,0xf44ba6ae238db2cf052a5a496216cab7a8f8b5887d4b800fffcc842ff0a5656d,32538940167097335646273051780361200206495497154660016962319641291380583656648,0x1ffa861140b3938290e913f1e8fc09a9402d92b5a77ae7ef04a1bf1984f47124,73623722357385139155184248655502762857722717250404134489597392300966802164164,SAME_FAMILY:PRESIDENTIAL_FIRST_ROUND,frozen market_family metadata
colombia_first_round,ACTIVE_RESULTS,0xf44ba6ae238db2cf052a5a496216cab7a8f8b5887d4b800fffcc842ff0a5656d,32538940167097335646273051780361200206495497154660016962319641291380583656648,0x26a0f0a0c39f06c80dcfa83ba8b9701973471e097529aadd791b61bada836c20,25690840019062849976496566794963978141818728224461919092756328830681090169797,SAME_FAMILY:PRESIDENTIAL_FIRST_ROUND,frozen market_family metadata
colombia_first_round,ACTIVE_RESULTS,0xf44ba6ae238db2cf052a5a496216cab7a8f8b5887d4b800fffcc842ff0a5656d,32538940167097335646273051780361200206495497154660016962319641291380583656648,0x4e7ab14e108ea5a9155cec536b435c098b72702639598f0c28349c8bac946d94,10647133337702892106263778573888138658570317713098443417452924210592766368406,SAME_FAMILY:PRESIDENTIAL_FIRST_ROUND,frozen market_family metadata
colombia_first_round,ACTIVE_RESULTS,0xf44ba6ae238db2cf052a5a496216cab7a8f8b5887d4b800fffcc842ff0a5656d,32538940167097335646273051780361200206495497154660016962319641291380583656648,0x6aee7a669dd941b514661d64c55e7bd63ef7884d5e455c850f1835a8056e7a55,7707882609877027151419445009151473858946466475327085396299308696610200951375,SAME_FAMILY:PRESIDENTIAL_FIRST_ROUND,frozen market_family metadata
colombia_first_round,ACTIVE_RESULTS,0xf44ba6ae238db2cf052a5a496216cab7a8f8b5887d4b800fffcc842ff0a5656d,32538940167097335646273051780361200206495497154660016962319641291380583656648,0x6cd7f5a003cad0da9b5c95517f2d64947502ab65c3e7c59f5e80306cbe466306,104248572480405467465158820553794703819681317324427410345775817859278974206745,SAME_FAMILY:PRESIDENTIAL_FIRST_ROUND,frozen market_family metadata
colombia_first_round,ACTIVE_RESULTS,0xf44ba6ae238db2cf052a5a496216cab7a8f8b5887d4b800fffcc842ff0a5656d,32538940167097335646273051780361200206495497154660016962319641291380583656648,0x7385bdc26ff171d5efebeebf1f8e9699a21877e3706c803341eabfb57fa1ee42,104997868072009015624222294580678450931025984784809139537795507805369124252261,SAME_FAMILY:PRESIDENTIAL_FIRST_ROUND,frozen market_family metadata
colombia_first_round,ACTIVE_RESULTS,0xf44ba6ae238db2cf052a5a496216cab7a8f8b5887d4b800fffcc842ff0a5656d,32538940167097335646273051780361200206495497154660016962319641291380583656648,0x801f7b19117136c24310006ce4de103f2393f9b7e193f5cd46979f789986d4e5,31298869100124143495345080948613668059227369900192776063166867588510846016201,SAME_FAMILY:PRESIDENTIAL_FIRST_ROUND,frozen market_family metadata
colombia_first_round,ACTIVE_RESULTS,0xf44ba6ae238db2cf052a5a496216cab7a8f8b5887d4b800fffcc842ff0a5656d,32538940167097335646273051780361200206495497154660016962319641291380583656648,0xab6fb278f753c6c10479d71429d3ef53ed213ddd208b9f4381cecd8db393974c,112000997367369775705892760747740706713090189173150311174658104010356449962658,SAME_FAMILY:PRESIDENTIAL_FIRST_ROUND,frozen market_family metadata
colombia_first_round,ACTIVE_RESULTS,0xf44ba6ae238db2cf052a5a496216cab7a8f8b5887d4b800fffcc842ff0a5656d,32538940167097335646273051780361200206495497154660016962319641291380583656648,0xb611b3a7173f69e412b55561ed265d849e36693c248ff620d0e981c5b3f2e325,33232052119491652564300969744259903933559547696830742958153653325470669042304,SAME_FAMILY:PRESIDENTIAL_FIRST_ROUND,frozen market_family metadata
colombia_first_round,ACTIVE_RESULTS,0xf44ba6ae238db2cf052a5a496216cab7a8f8b5887d4b800fffcc842ff0a5656d,32538940167097335646273051780361200206495497154660016962319641291380583656648,0xb796aa213c72a50adc3eab3e107f05d2500e084f5245529048d25083b5ee58f6,23532536587635768634392386965780230467726004893924047653522105374551220178823,SAME_FAMILY:PRESIDENTIAL_FIRST_ROUND,frozen market_family metadata
colombia_first_round,ACTIVE_RESULTS,0xf44ba6ae238db2cf052a5a496216cab7a8f8b5887d4b800fffcc842ff0a5656d,32538940167097335646273051780361200206495497154660016962319641291380583656648,0xc00920db6f5e84821a61bd31578499bbc9bd125949572b589b7a9e4b0f13bad3,97787606698093663746310161655083884268863593082956469376386743061399298825100,SAME_FAMILY:PRESIDENTIAL_FIRST_ROUND,frozen market_family metadata
colombia_first_round,ACTIVE_RESULTS,0xf44ba6ae238db2cf052a5a496216cab7a8f8b5887d4b800fffcc842ff0a5656d,32538940167097335646273051780361200206495497154660016962319641291380583656648,0xc48f1e352e7ef08f2fda326efa7bc7c639cf2700d0a28344d1467bdccf76daa4,109081106914132571114405581459213011502026754392738045472199649082947336083032,SAME_FAMILY:PRESIDENTIAL_FIRST_ROUND,frozen market_family metadata
colombia_first_round,ACTIVE_RESULTS,0xf44ba6ae238db2cf052a5a496216cab7a8f8b5887d4b800fffcc842ff0a5656d,32538940167097335646273051780361200206495497154660016962319641291380583656648,0xd5316f1032d75854eaca7b48150223e5191d43231aa14ee7b2cb8a2186d681a6,74625951734720996156139274995437961112167914312908354373606656149038667957546,SAME_FAMILY:PRESIDENTIAL_FIRST_ROUND,frozen market_family metadata
colombia_first_round,ACTIVE_RESULTS,0xf44ba6ae238db2cf052a5a496216cab7a8f8b5887d4b800fffcc842ff0a5656d,32538940167097335646273051780361200206495497154660016962319641291380583656648,0xd6c879f9ce4481fb7f4ba7b5f497f039a969a028a42f122e02ca0c62f2add7f1,46097487828487911398569875551656737358989790690694005757154950076342237735284,SAME_FAMILY:PRESIDENTIAL_FIRST_ROUND,frozen market_family metadata
colombia_first_round,ACTIVE_RESULTS,0xf44ba6ae238db2cf052a5a496216cab7a8f8b5887d4b800fffcc842ff0a5656d,32538940167097335646273051780361200206495497154660016962319641291380583656648,0xda907bc72ace0a6ee956394b022dd7a07e23dd7e1f2346ec1d6cef392e87e77d,63853622151739517344845565070031879672648174564960271673236617995513310773183,SAME_FAMILY:PRESIDENTIAL_FIRST_ROUND,frozen market_family metadata
colombia_first_round,ACTIVE_RESULTS,0x0fb006e0c06caa4db12f7e30ec8c2483d658f83eb57b2ee8eb478e39beca3dfd,62374557612691330043510053829591470998236327248924987579815802826988260253261,0x358a4c706ce29a1847d26244857c6272e5359a17aad079f5672c8fb40d50d66c,8068224814554540438878048752492562091284744204380091879028789889702206094159,SAME_FAMILY:PRESIDENTIAL_RESULT,frozen market_family metadata
colombia_first_round,ACTIVE_RESULTS,0x0fb006e0c06caa4db12f7e30ec8c2483d658f83eb57b2ee8eb478e39beca3dfd,62374557612691330043510053829591470998236327248924987579815802826988260253261,0xd6591e966aebf061547ef34cdf3494ed318969887c8b7fb53f10ed5d5461a547,62446510551119788095477835528576672715047217994292762496431912510269665561591,SAME_FAMILY:PRESIDENTIAL_RESULT,frozen market_family metadata
colombia_first_round,ACTIVE_RESULTS,0x0fb006e0c06caa4db12f7e30ec8c2483d658f83eb57b2ee8eb478e39beca3dfd,62374557612691330043510053829591470998236327248924987579815802826988260253261,0xfbe85201ab2b4acff01cd5a3639039fc813d3448c64db081f70926bd9b9e74e9,87037476560262355019736573472997730954875286944171789280729969665019434635807,SAME_FAMILY:PRESIDENTIAL_RESULT,frozen market_family metadata
colombia_first_round,ACTIVE_RESULTS,0x358a4c706ce29a1847d26244857c6272e5359a17aad079f5672c8fb40d50d66c,8068224814554540438878048752492562091284744204380091879028789889702206094159,0x0fb006e0c06caa4db12f7e30ec8c2483d658f83eb57b2ee8eb478e39beca3dfd,62374557612691330043510053829591470998236327248924987579815802826988260253261,SAME_FAMILY:PRESIDENTIAL_RESULT,frozen market_family metadata
colombia_first_round,ACTIVE_RESULTS,0x358a4c706ce29a1847d26244857c6272e5359a17aad079f5672c8fb40d50d66c,8068224814554540438878048752492562091284744204380091879028789889702206094159,0xd6591e966aebf061547ef34cdf3494ed318969887c8b7fb53f10ed5d5461a547,62446510551119788095477835528576672715047217994292762496431912510269665561591,SAME_FAMILY:PRESIDENTIAL_RESULT,frozen market_family metadata
colombia_first_round,ACTIVE_RESULTS,0x358a4c706ce29a1847d26244857c6272e5359a17aad079f5672c8fb40d50d66c,8068224814554540438878048752492562091284744204380091879028789889702206094159,0xfbe85201ab2b4acff01cd5a3639039fc813d3448c64db081f70926bd9b9e74e9,87037476560262355019736573472997730954875286944171789280729969665019434635807,SAME_FAMILY:PRESIDENTIAL_RESULT,frozen market_family metadata
colombia_first_round,ACTIVE_RESULTS,0xd6591e966aebf061547ef34cdf3494ed318969887c8b7fb53f10ed5d5461a547,62446510551119788095477835528576672715047217994292762496431912510269665561591,0x0fb006e0c06caa4db12f7e30ec8c2483d658f83eb57b2ee8eb478e39beca3dfd,62374557612691330043510053829591470998236327248924987579815802826988260253261,SAME_FAMILY:PRESIDENTIAL_RESULT,frozen market_family metadata
colombia_first_round,ACTIVE_RESULTS,0xd6591e966aebf061547ef34cdf3494ed318969887c8b7fb53f10ed5d5461a547,62446510551119788095477835528576672715047217994292762496431912510269665561591,0x358a4c706ce29a1847d26244857c6272e5359a17aad079f5672c8fb40d50d66c,8068224814554540438878048752492562091284744204380091879028789889702206094159,SAME_FAMILY:PRESIDENTIAL_RESULT,frozen market_family metadata
colombia_first_round,ACTIVE_RESULTS,0xd6591e966aebf061547ef34cdf3494ed318969887c8b7fb53f10ed5d5461a547,62446510551119788095477835528576672715047217994292762496431912510269665561591,0xfbe85201ab2b4acff01cd5a3639039fc813d3448c64db081f70926bd9b9e74e9,87037476560262355019736573472997730954875286944171789280729969665019434635807,SAME_FAMILY:PRESIDENTIAL_RESULT,frozen market_family metadata
colombia_first_round,ACTIVE_RESULTS,0xfbe85201ab2b4acff01cd5a3639039fc813d3448c64db081f70926bd9b9e74e9,87037476560262355019736573472997730954875286944171789280729969665019434635807,0x0fb006e0c06caa4db12f7e30ec8c2483d658f83eb57b2ee8eb478e39beca3dfd,62374557612691330043510053829591470998236327248924987579815802826988260253261,SAME_FAMILY:PRESIDENTIAL_RESULT,frozen market_family metadata
colombia_first_round,ACTIVE_RESULTS,0xfbe85201ab2b4acff01cd5a3639039fc813d3448c64db081f70926bd9b9e74e9,87037476560262355019736573472997730954875286944171789280729969665019434635807,0x358a4c706ce29a1847d26244857c6272e5359a17aad079f5672c8fb40d50d66c,8068224814554540438878048752492562091284744204380091879028789889702206094159,SAME_FAMILY:PRESIDENTIAL_RESULT,frozen market_family metadata
colombia_first_round,ACTIVE_RESULTS,0xfbe85201ab2b4acff01cd5a3639039fc813d3448c64db081f70926bd9b9e74e9,87037476560262355019736573472997730954875286944171789280729969665019434635807,0xd6591e966aebf061547ef34cdf3494ed318969887c8b7fb53f10ed5d5461a547,62446510551119788095477835528576672715047217994292762496431912510269665561591,SAME_FAMILY:PRESIDENTIAL_RESULT,frozen market_family metadata
colombia_first_round,ACTIVE_RESULTS,0x88be7d8303a38d545170ae4e891de00dcdc6e888693dc77c009de08cbdaac6f4,6614587482222729078536160997578397454209802953686498630801497236274921400670,0xe8a896f18ae432d57e58e5ff10e6afc459c2aad377bdb054acdf7206a8d480ad,44935708904002444340516863159202577053258296462818212559658019744535471845726,SAME_FAMILY:RUNOFF_QUALIFICATION_OR_PAIR,frozen market_family metadata
colombia_first_round,ACTIVE_RESULTS,0xe8a896f18ae432d57e58e5ff10e6afc459c2aad377bdb054acdf7206a8d480ad,44935708904002444340516863159202577053258296462818212559658019744535471845726,0x88be7d8303a38d545170ae4e891de00dcdc6e888693dc77c009de08cbdaac6f4,6614587482222729078536160997578397454209802953686498630801497236274921400670,SAME_FAMILY:RUNOFF_QUALIFICATION_OR_PAIR,frozen market_family metadata
colombia_first_round,PRE_ELECTION,0x04e73caf81ef64ce0c612699049d295e18dfe9bdd60d898fd3d8a64cac723661,77948970922967013320765099624654609581945232484076127193275914408760472466885,0x5da9a62d107fe1a40b695de4c6a2b4a084489a32b3817fa6af1723c6030fc7a4,53298556313434663039344871389247069060956681971318099357157595542735524411998,SAME_FAMILY:PRESIDENTIAL_FIRST_ROUND,frozen market_family metadata
colombia_first_round,PRE_ELECTION,0x04e73caf81ef64ce0c612699049d295e18dfe9bdd60d898fd3d8a64cac723661,77948970922967013320765099624654609581945232484076127193275914408760472466885,0xab6fb278f753c6c10479d71429d3ef53ed213ddd208b9f4381cecd8db393974c,112000997367369775705892760747740706713090189173150311174658104010356449962658,SAME_FAMILY:PRESIDENTIAL_FIRST_ROUND,frozen market_family metadata
colombia_first_round,PRE_ELECTION,0x04e73caf81ef64ce0c612699049d295e18dfe9bdd60d898fd3d8a64cac723661,77948970922967013320765099624654609581945232484076127193275914408760472466885,0xb611b3a7173f69e412b55561ed265d849e36693c248ff620d0e981c5b3f2e325,33232052119491652564300969744259903933559547696830742958153653325470669042304,SAME_FAMILY:PRESIDENTIAL_FIRST_ROUND,frozen market_family metadata
colombia_first_round,PRE_ELECTION,0x04e73caf81ef64ce0c612699049d295e18dfe9bdd60d898fd3d8a64cac723661,77948970922967013320765099624654609581945232484076127193275914408760472466885,0xc00920db6f5e84821a61bd31578499bbc9bd125949572b589b7a9e4b0f13bad3,97787606698093663746310161655083884268863593082956469376386743061399298825100,SAME_FAMILY:PRESIDENTIAL_FIRST_ROUND,frozen market_family metadata
colombia_first_round,PRE_ELECTION,0x5da9a62d107fe1a40b695de4c6a2b4a084489a32b3817fa6af1723c6030fc7a4,53298556313434663039344871389247069060956681971318099357157595542735524411998,0x04e73caf81ef64ce0c612699049d295e18dfe9bdd60d898fd3d8a64cac723661,77948970922967013320765099624654609581945232484076127193275914408760472466885,SAME_FAMILY:PRESIDENTIAL_FIRST_ROUND,frozen market_family metadata
colombia_first_round,PRE_ELECTION,0x5da9a62d107fe1a40b695de4c6a2b4a084489a32b3817fa6af1723c6030fc7a4,53298556313434663039344871389247069060956681971318099357157595542735524411998,0xab6fb278f753c6c10479d71429d3ef53ed213ddd208b9f4381cecd8db393974c,112000997367369775705892760747740706713090189173150311174658104010356449962658,SAME_FAMILY:PRESIDENTIAL_FIRST_ROUND,frozen market_family metadata
colombia_first_round,PRE_ELECTION,0x5da9a62d107fe1a40b695de4c6a2b4a084489a32b3817fa6af1723c6030fc7a4,53298556313434663039344871389247069060956681971318099357157595542735524411998,0xb611b3a7173f69e412b55561ed265d849e36693c248ff620d0e981c5b3f2e325,33232052119491652564300969744259903933559547696830742958153653325470669042304,SAME_FAMILY:PRESIDENTIAL_FIRST_ROUND,frozen market_family metadata
colombia_first_round,PRE_ELECTION,0x5da9a62d107fe1a40b695de4c6a2b4a084489a32b3817fa6af1723c6030fc7a4,53298556313434663039344871389247069060956681971318099357157595542735524411998,0xc00920db6f5e84821a61bd31578499bbc9bd125949572b589b7a9e4b0f13bad3,97787606698093663746310161655083884268863593082956469376386743061399298825100,SAME_FAMILY:PRESIDENTIAL_FIRST_ROUND,frozen market_family metadata
colombia_first_round,PRE_ELECTION,0xab6fb278f753c6c10479d71429d3ef53ed213ddd208b9f4381cecd8db393974c,112000997367369775705892760747740706713090189173150311174658104010356449962658,0x04e73caf81ef64ce0c612699049d295e18dfe9bdd60d898fd3d8a64cac723661,77948970922967013320765099624654609581945232484076127193275914408760472466885,SAME_FAMILY:PRESIDENTIAL_FIRST_ROUND,frozen market_family metadata
colombia_first_round,PRE_ELECTION,0xab6fb278f753c6c10479d71429d3ef53ed213ddd208b9f4381cecd8db393974c,112000997367369775705892760747740706713090189173150311174658104010356449962658,0x5da9a62d107fe1a40b695de4c6a2b4a084489a32b3817fa6af1723c6030fc7a4,53298556313434663039344871389247069060956681971318099357157595542735524411998,SAME_FAMILY:PRESIDENTIAL_FIRST_ROUND,frozen market_family metadata
colombia_first_round,PRE_ELECTION,0xab6fb278f753c6c10479d71429d3ef53ed213ddd208b9f4381cecd8db393974c,112000997367369775705892760747740706713090189173150311174658104010356449962658,0xb611b3a7173f69e412b55561ed265d849e36693c248ff620d0e981c5b3f2e325,33232052119491652564300969744259903933559547696830742958153653325470669042304,SAME_FAMILY:PRESIDENTIAL_FIRST_ROUND,frozen market_family metadata
colombia_first_round,PRE_ELECTION,0xab6fb278f753c6c10479d71429d3ef53ed213ddd208b9f4381cecd8db393974c,112000997367369775705892760747740706713090189173150311174658104010356449962658,0xc00920db6f5e84821a61bd31578499bbc9bd125949572b589b7a9e4b0f13bad3,97787606698093663746310161655083884268863593082956469376386743061399298825100,SAME_FAMILY:PRESIDENTIAL_FIRST_ROUND,frozen market_family metadata
colombia_first_round,PRE_ELECTION,0xb611b3a7173f69e412b55561ed265d849e36693c248ff620d0e981c5b3f2e325,33232052119491652564300969744259903933559547696830742958153653325470669042304,0x04e73caf81ef64ce0c612699049d295e18dfe9bdd60d898fd3d8a64cac723661,77948970922967013320765099624654609581945232484076127193275914408760472466885,SAME_FAMILY:PRESIDENTIAL_FIRST_ROUND,frozen market_family metadata
colombia_first_round,PRE_ELECTION,0xb611b3a7173f69e412b55561ed265d849e36693c248ff620d0e981c5b3f2e325,33232052119491652564300969744259903933559547696830742958153653325470669042304,0x5da9a62d107fe1a40b695de4c6a2b4a084489a32b3817fa6af1723c6030fc7a4,53298556313434663039344871389247069060956681971318099357157595542735524411998,SAME_FAMILY:PRESIDENTIAL_FIRST_ROUND,frozen market_family metadata
colombia_first_round,PRE_ELECTION,0xb611b3a7173f69e412b55561ed265d849e36693c248ff620d0e981c5b3f2e325,33232052119491652564300969744259903933559547696830742958153653325470669042304,0xab6fb278f753c6c10479d71429d3ef53ed213ddd208b9f4381cecd8db393974c,112000997367369775705892760747740706713090189173150311174658104010356449962658,SAME_FAMILY:PRESIDENTIAL_FIRST_ROUND,frozen market_family metadata
colombia_first_round,PRE_ELECTION,0xb611b3a7173f69e412b55561ed265d849e36693c248ff620d0e981c5b3f2e325,33232052119491652564300969744259903933559547696830742958153653325470669042304,0xc00920db6f5e84821a61bd31578499bbc9bd125949572b589b7a9e4b0f13bad3,97787606698093663746310161655083884268863593082956469376386743061399298825100,SAME_FAMILY:PRESIDENTIAL_FIRST_ROUND,frozen market_family metadata
colombia_first_round,PRE_ELECTION,0xc00920db6f5e84821a61bd31578499bbc9bd125949572b589b7a9e4b0f13bad3,97787606698093663746310161655083884268863593082956469376386743061399298825100,0x04e73caf81ef64ce0c612699049d295e18dfe9bdd60d898fd3d8a64cac723661,77948970922967013320765099624654609581945232484076127193275914408760472466885,SAME_FAMILY:PRESIDENTIAL_FIRST_ROUND,frozen market_family metadata
colombia_first_round,PRE_ELECTION,0xc00920db6f5e84821a61bd31578499bbc9bd125949572b589b7a9e4b0f13bad3,97787606698093663746310161655083884268863593082956469376386743061399298825100,0x5da9a62d107fe1a40b695de4c6a2b4a084489a32b3817fa6af1723c6030fc7a4,53298556313434663039344871389247069060956681971318099357157595542735524411998,SAME_FAMILY:PRESIDENTIAL_FIRST_ROUND,frozen market_family metadata
colombia_first_round,PRE_ELECTION,0xc00920db6f5e84821a61bd31578499bbc9bd125949572b589b7a9e4b0f13bad3,97787606698093663746310161655083884268863593082956469376386743061399298825100,0xab6fb278f753c6c10479d71429d3ef53ed213ddd208b9f4381cecd8db393974c,112000997367369775705892760747740706713090189173150311174658104010356449962658,SAME_FAMILY:PRESIDENTIAL_FIRST_ROUND,frozen market_family metadata
colombia_first_round,PRE_ELECTION,0xc00920db6f5e84821a61bd31578499bbc9bd125949572b589b7a9e4b0f13bad3,97787606698093663746310161655083884268863593082956469376386743061399298825100,0xb611b3a7173f69e412b55561ed265d849e36693c248ff620d0e981c5b3f2e325,33232052119491652564300969744259903933559547696830742958153653325470669042304,SAME_FAMILY:PRESIDENTIAL_FIRST_ROUND,frozen market_family metadata
colombia_first_round,PRE_ELECTION,0x0fb006e0c06caa4db12f7e30ec8c2483d658f83eb57b2ee8eb478e39beca3dfd,62374557612691330043510053829591470998236327248924987579815802826988260253261,0x358a4c706ce29a1847d26244857c6272e5359a17aad079f5672c8fb40d50d66c,8068224814554540438878048752492562091284744204380091879028789889702206094159,SAME_FAMILY:PRESIDENTIAL_RESULT,frozen market_family metadata
colombia_first_round,PRE_ELECTION,0x0fb006e0c06caa4db12f7e30ec8c2483d658f83eb57b2ee8eb478e39beca3dfd,62374557612691330043510053829591470998236327248924987579815802826988260253261,0xd6591e966aebf061547ef34cdf3494ed318969887c8b7fb53f10ed5d5461a547,62446510551119788095477835528576672715047217994292762496431912510269665561591,SAME_FAMILY:PRESIDENTIAL_RESULT,frozen market_family metadata
colombia_first_round,PRE_ELECTION,0x0fb006e0c06caa4db12f7e30ec8c2483d658f83eb57b2ee8eb478e39beca3dfd,62374557612691330043510053829591470998236327248924987579815802826988260253261,0xfbe85201ab2b4acff01cd5a3639039fc813d3448c64db081f70926bd9b9e74e9,87037476560262355019736573472997730954875286944171789280729969665019434635807,SAME_FAMILY:PRESIDENTIAL_RESULT,frozen market_family metadata
colombia_first_round,PRE_ELECTION,0x358a4c706ce29a1847d26244857c6272e5359a17aad079f5672c8fb40d50d66c,8068224814554540438878048752492562091284744204380091879028789889702206094159,0x0fb006e0c06caa4db12f7e30ec8c2483d658f83eb57b2ee8eb478e39beca3dfd,62374557612691330043510053829591470998236327248924987579815802826988260253261,SAME_FAMILY:PRESIDENTIAL_RESULT,frozen market_family metadata
colombia_first_round,PRE_ELECTION,0x358a4c706ce29a1847d26244857c6272e5359a17aad079f5672c8fb40d50d66c,8068224814554540438878048752492562091284744204380091879028789889702206094159,0xd6591e966aebf061547ef34cdf3494ed318969887c8b7fb53f10ed5d5461a547,62446510551119788095477835528576672715047217994292762496431912510269665561591,SAME_FAMILY:PRESIDENTIAL_RESULT,frozen market_family metadata
colombia_first_round,PRE_ELECTION,0x358a4c706ce29a1847d26244857c6272e5359a17aad079f5672c8fb40d50d66c,8068224814554540438878048752492562091284744204380091879028789889702206094159,0xfbe85201ab2b4acff01cd5a3639039fc813d3448c64db081f70926bd9b9e74e9,87037476560262355019736573472997730954875286944171789280729969665019434635807,SAME_FAMILY:PRESIDENTIAL_RESULT,frozen market_family metadata
colombia_first_round,PRE_ELECTION,0xd6591e966aebf061547ef34cdf3494ed318969887c8b7fb53f10ed5d5461a547,62446510551119788095477835528576672715047217994292762496431912510269665561591,0x0fb006e0c06caa4db12f7e30ec8c2483d658f83eb57b2ee8eb478e39beca3dfd,62374557612691330043510053829591470998236327248924987579815802826988260253261,SAME_FAMILY:PRESIDENTIAL_RESULT,frozen market_family metadata
colombia_first_round,PRE_ELECTION,0xd6591e966aebf061547ef34cdf3494ed318969887c8b7fb53f10ed5d5461a547,62446510551119788095477835528576672715047217994292762496431912510269665561591,0x358a4c706ce29a1847d26244857c6272e5359a17aad079f5672c8fb40d50d66c,8068224814554540438878048752492562091284744204380091879028789889702206094159,SAME_FAMILY:PRESIDENTIAL_RESULT,frozen market_family metadata
colombia_first_round,PRE_ELECTION,0xd6591e966aebf061547ef34cdf3494ed318969887c8b7fb53f10ed5d5461a547,62446510551119788095477835528576672715047217994292762496431912510269665561591,0xfbe85201ab2b4acff01cd5a3639039fc813d3448c64db081f70926bd9b9e74e9,87037476560262355019736573472997730954875286944171789280729969665019434635807,SAME_FAMILY:PRESIDENTIAL_RESULT,frozen market_family metadata
colombia_first_round,PRE_ELECTION,0xfbe85201ab2b4acff01cd5a3639039fc813d3448c64db081f70926bd9b9e74e9,87037476560262355019736573472997730954875286944171789280729969665019434635807,0x0fb006e0c06caa4db12f7e30ec8c2483d658f83eb57b2ee8eb478e39beca3dfd,62374557612691330043510053829591470998236327248924987579815802826988260253261,SAME_FAMILY:PRESIDENTIAL_RESULT,frozen market_family metadata
colombia_first_round,PRE_ELECTION,0xfbe85201ab2b4acff01cd5a3639039fc813d3448c64db081f70926bd9b9e74e9,87037476560262355019736573472997730954875286944171789280729969665019434635807,0x358a4c706ce29a1847d26244857c6272e5359a17aad079f5672c8fb40d50d66c,8068224814554540438878048752492562091284744204380091879028789889702206094159,SAME_FAMILY:PRESIDENTIAL_RESULT,frozen market_family metadata
colombia_first_round,PRE_ELECTION,0xfbe85201ab2b4acff01cd5a3639039fc813d3448c64db081f70926bd9b9e74e9,87037476560262355019736573472997730954875286944171789280729969665019434635807,0xd6591e966aebf061547ef34cdf3494ed318969887c8b7fb53f10ed5d5461a547,62446510551119788095477835528576672715047217994292762496431912510269665561591,SAME_FAMILY:PRESIDENTIAL_RESULT,frozen market_family metadata
colombia_runoff,ACTIVE_RESULTS,0x0fb006e0c06caa4db12f7e30ec8c2483d658f83eb57b2ee8eb478e39beca3dfd,62374557612691330043510053829591470998236327248924987579815802826988260253261,0xfbe85201ab2b4acff01cd5a3639039fc813d3448c64db081f70926bd9b9e74e9,87037476560262355019736573472997730954875286944171789280729969665019434635807,SAME_FAMILY:PRESIDENTIAL_RESULT,frozen market_family metadata
colombia_runoff,ACTIVE_RESULTS,0xfbe85201ab2b4acff01cd5a3639039fc813d3448c64db081f70926bd9b9e74e9,87037476560262355019736573472997730954875286944171789280729969665019434635807,0x0fb006e0c06caa4db12f7e30ec8c2483d658f83eb57b2ee8eb478e39beca3dfd,62374557612691330043510053829591470998236327248924987579815802826988260253261,SAME_FAMILY:PRESIDENTIAL_RESULT,frozen market_family metadata
colombia_runoff,ACTIVE_RESULTS,0x065c9c419b6e1efa736760d175f0bb544af3b06c908d2bdcf7a942092faec5a7,7842998641854640467498864847927196666887026414217538383618059089010287738821,0xa7b2cabe6466638637347bf3fac755dc0fa5ed6f31f4e59fef37496eb95dbb10,51986373652466077523760166908992553996156559541187887086591038114806922945350,SAME_FAMILY:PRESIDENTIAL_RUNOFF,frozen market_family metadata
colombia_runoff,ACTIVE_RESULTS,0xa7b2cabe6466638637347bf3fac755dc0fa5ed6f31f4e59fef37496eb95dbb10,51986373652466077523760166908992553996156559541187887086591038114806922945350,0x065c9c419b6e1efa736760d175f0bb544af3b06c908d2bdcf7a942092faec5a7,7842998641854640467498864847927196666887026414217538383618059089010287738821,SAME_FAMILY:PRESIDENTIAL_RUNOFF,frozen market_family metadata
colombia_runoff,PRE_ELECTION,0x0fb006e0c06caa4db12f7e30ec8c2483d658f83eb57b2ee8eb478e39beca3dfd,62374557612691330043510053829591470998236327248924987579815802826988260253261,0xfbe85201ab2b4acff01cd5a3639039fc813d3448c64db081f70926bd9b9e74e9,87037476560262355019736573472997730954875286944171789280729969665019434635807,SAME_FAMILY:PRESIDENTIAL_RESULT,frozen market_family metadata
colombia_runoff,PRE_ELECTION,0xfbe85201ab2b4acff01cd5a3639039fc813d3448c64db081f70926bd9b9e74e9,87037476560262355019736573472997730954875286944171789280729969665019434635807,0x0fb006e0c06caa4db12f7e30ec8c2483d658f83eb57b2ee8eb478e39beca3dfd,62374557612691330043510053829591470998236327248924987579815802826988260253261,SAME_FAMILY:PRESIDENTIAL_RESULT,frozen market_family metadata
hungary_election,ACTIVE_RESULTS,0xa312499c150a1ca94b788c99f6ae721cbbdfda7679b5d25580fe79d514fdb930,81548019791840902517287112193384358135389303980460339107425376112037459333655,0xfcde02af15efe40e336d67f0ef9aa49e9d40c37b92961fb890afc4afdbfe54d6,61963573353880265694358880181512412652951688509792017552668784297365342759317,SAME_FAMILY:SEAT_COUNT_OR_RANK,frozen market_family metadata
hungary_election,ACTIVE_RESULTS,0xfcde02af15efe40e336d67f0ef9aa49e9d40c37b92961fb890afc4afdbfe54d6,61963573353880265694358880181512412652951688509792017552668784297365342759317,0xa312499c150a1ca94b788c99f6ae721cbbdfda7679b5d25580fe79d514fdb930,81548019791840902517287112193384358135389303980460339107425376112037459333655,SAME_FAMILY:SEAT_COUNT_OR_RANK,frozen market_family metadata
hungary_election,PRE_ELECTION,0xa312499c150a1ca94b788c99f6ae721cbbdfda7679b5d25580fe79d514fdb930,81548019791840902517287112193384358135389303980460339107425376112037459333655,0xfcde02af15efe40e336d67f0ef9aa49e9d40c37b92961fb890afc4afdbfe54d6,61963573353880265694358880181512412652951688509792017552668784297365342759317,SAME_FAMILY:SEAT_COUNT_OR_RANK,frozen market_family metadata
hungary_election,PRE_ELECTION,0xfcde02af15efe40e336d67f0ef9aa49e9d40c37b92961fb890afc4afdbfe54d6,61963573353880265694358880181512412652951688509792017552668784297365342759317,0xa312499c150a1ca94b788c99f6ae721cbbdfda7679b5d25580fe79d514fdb930,81548019791840902517287112193384358135389303980460339107425376112037459333655,SAME_FAMILY:SEAT_COUNT_OR_RANK,frozen market_family metadata
peru_first_round,ACTIVE_RESULTS,0x05347b99afe166460607383ff61a796cb5f413a5a15504874bc9f587a1d5fb12,13055152962610574593867994764467771836800261376951918221710397856946000291756,0x36c233eb5eeec3300332ee463027adb6a7bb521df9780d9e7e0c028c7f1d0b9d,18437570836798015508413588163545824725618221508204528541518274807911968426256,SAME_FAMILY:HOUSE_OR_LOWER_CHAMBER,frozen market_family metadata
peru_first_round,ACTIVE_RESULTS,0x05347b99afe166460607383ff61a796cb5f413a5a15504874bc9f587a1d5fb12,13055152962610574593867994764467771836800261376951918221710397856946000291756,0x40a7ea3a3be12c58027b38ad54e67d13e1470a08e2d90b4f755d8583d2e62586,4103584660849016261926899759260907804965204571034760636435809850834353581497,SAME_FAMILY:HOUSE_OR_LOWER_CHAMBER,frozen market_family metadata
peru_first_round,ACTIVE_RESULTS,0x05347b99afe166460607383ff61a796cb5f413a5a15504874bc9f587a1d5fb12,13055152962610574593867994764467771836800261376951918221710397856946000291756,0x41432f60cff78fa0e2da59012711172a6a356a7edb9a6384ca20d69bd26ea7ba,57042034049005848559977466041602099612634118358272974129997354272684145047793,SAME_FAMILY:HOUSE_OR_LOWER_CHAMBER,frozen market_family metadata
peru_first_round,ACTIVE_RESULTS,0x05347b99afe166460607383ff61a796cb5f413a5a15504874bc9f587a1d5fb12,13055152962610574593867994764467771836800261376951918221710397856946000291756,0x554542102403f12796b0f8b519adbcd966c12f7ec6652392ef78fb653de4f7bf,35032655183130812673570952719969467635956698944748396282601004870737609580612,SAME_FAMILY:HOUSE_OR_LOWER_CHAMBER,frozen market_family metadata
peru_first_round,ACTIVE_RESULTS,0x05347b99afe166460607383ff61a796cb5f413a5a15504874bc9f587a1d5fb12,13055152962610574593867994764467771836800261376951918221710397856946000291756,0x5ebc51061f4bc2bd1f50dcd736b43de3cc0e471de8b4d6e6b3951670a57d03eb,92630754815153019913281002984440535410880277334175699573101680610900343162129,SAME_FAMILY:HOUSE_OR_LOWER_CHAMBER,frozen market_family metadata
peru_first_round,ACTIVE_RESULTS,0x05347b99afe166460607383ff61a796cb5f413a5a15504874bc9f587a1d5fb12,13055152962610574593867994764467771836800261376951918221710397856946000291756,0x83b661c9e68dde865ac656f20a57572e7168239445bdbde65ea6665b7a4100e4,74500083728733584148299358961366660865158287035584890847432809281060790985243,SAME_FAMILY:HOUSE_OR_LOWER_CHAMBER,frozen market_family metadata
peru_first_round,ACTIVE_RESULTS,0x05347b99afe166460607383ff61a796cb5f413a5a15504874bc9f587a1d5fb12,13055152962610574593867994764467771836800261376951918221710397856946000291756,0xef6bd8e629dd6f51b02c9c57adc5c6e4251c8d427109eff08bebcdd3462e923b,56456803387650397845761837417809147583449071152814172522951904487087521090322,SAME_FAMILY:HOUSE_OR_LOWER_CHAMBER,frozen market_family metadata
peru_first_round,ACTIVE_RESULTS,0x05347b99afe166460607383ff61a796cb5f413a5a15504874bc9f587a1d5fb12,13055152962610574593867994764467771836800261376951918221710397856946000291756,0xfd65fcde6ffd88ac7be03616cf44556630bd1f7530d7a9682c45fe8b726ae342,59007735809419567406818128965357322201263386348705659746338440669272269771439,SAME_FAMILY:HOUSE_OR_LOWER_CHAMBER,frozen market_family metadata
peru_first_round,ACTIVE_RESULTS,0x36c233eb5eeec3300332ee463027adb6a7bb521df9780d9e7e0c028c7f1d0b9d,18437570836798015508413588163545824725618221508204528541518274807911968426256,0x05347b99afe166460607383ff61a796cb5f413a5a15504874bc9f587a1d5fb12,13055152962610574593867994764467771836800261376951918221710397856946000291756,SAME_FAMILY:HOUSE_OR_LOWER_CHAMBER,frozen market_family metadata
peru_first_round,ACTIVE_RESULTS,0x36c233eb5eeec3300332ee463027adb6a7bb521df9780d9e7e0c028c7f1d0b9d,18437570836798015508413588163545824725618221508204528541518274807911968426256,0x40a7ea3a3be12c58027b38ad54e67d13e1470a08e2d90b4f755d8583d2e62586,4103584660849016261926899759260907804965204571034760636435809850834353581497,SAME_FAMILY:HOUSE_OR_LOWER_CHAMBER,frozen market_family metadata
peru_first_round,ACTIVE_RESULTS,0x36c233eb5eeec3300332ee463027adb6a7bb521df9780d9e7e0c028c7f1d0b9d,18437570836798015508413588163545824725618221508204528541518274807911968426256,0x41432f60cff78fa0e2da59012711172a6a356a7edb9a6384ca20d69bd26ea7ba,57042034049005848559977466041602099612634118358272974129997354272684145047793,SAME_FAMILY:HOUSE_OR_LOWER_CHAMBER,frozen market_family metadata
peru_first_round,ACTIVE_RESULTS,0x36c233eb5eeec3300332ee463027adb6a7bb521df9780d9e7e0c028c7f1d0b9d,18437570836798015508413588163545824725618221508204528541518274807911968426256,0x554542102403f12796b0f8b519adbcd966c12f7ec6652392ef78fb653de4f7bf,35032655183130812673570952719969467635956698944748396282601004870737609580612,SAME_FAMILY:HOUSE_OR_LOWER_CHAMBER,frozen market_family metadata
peru_first_round,ACTIVE_RESULTS,0x36c233eb5eeec3300332ee463027adb6a7bb521df9780d9e7e0c028c7f1d0b9d,18437570836798015508413588163545824725618221508204528541518274807911968426256,0x5ebc51061f4bc2bd1f50dcd736b43de3cc0e471de8b4d6e6b3951670a57d03eb,92630754815153019913281002984440535410880277334175699573101680610900343162129,SAME_FAMILY:HOUSE_OR_LOWER_CHAMBER,frozen market_family metadata
peru_first_round,ACTIVE_RESULTS,0x36c233eb5eeec3300332ee463027adb6a7bb521df9780d9e7e0c028c7f1d0b9d,18437570836798015508413588163545824725618221508204528541518274807911968426256,0x83b661c9e68dde865ac656f20a57572e7168239445bdbde65ea6665b7a4100e4,74500083728733584148299358961366660865158287035584890847432809281060790985243,SAME_FAMILY:HOUSE_OR_LOWER_CHAMBER,frozen market_family metadata
peru_first_round,ACTIVE_RESULTS,0x36c233eb5eeec3300332ee463027adb6a7bb521df9780d9e7e0c028c7f1d0b9d,18437570836798015508413588163545824725618221508204528541518274807911968426256,0xef6bd8e629dd6f51b02c9c57adc5c6e4251c8d427109eff08bebcdd3462e923b,56456803387650397845761837417809147583449071152814172522951904487087521090322,SAME_FAMILY:HOUSE_OR_LOWER_CHAMBER,frozen market_family metadata
peru_first_round,ACTIVE_RESULTS,0x36c233eb5eeec3300332ee463027adb6a7bb521df9780d9e7e0c028c7f1d0b9d,18437570836798015508413588163545824725618221508204528541518274807911968426256,0xfd65fcde6ffd88ac7be03616cf44556630bd1f7530d7a9682c45fe8b726ae342,59007735809419567406818128965357322201263386348705659746338440669272269771439,SAME_FAMILY:HOUSE_OR_LOWER_CHAMBER,frozen market_family metadata
peru_first_round,ACTIVE_RESULTS,0x40a7ea3a3be12c58027b38ad54e67d13e1470a08e2d90b4f755d8583d2e62586,4103584660849016261926899759260907804965204571034760636435809850834353581497,0x05347b99afe166460607383ff61a796cb5f413a5a15504874bc9f587a1d5fb12,13055152962610574593867994764467771836800261376951918221710397856946000291756,SAME_FAMILY:HOUSE_OR_LOWER_CHAMBER,frozen market_family metadata
peru_first_round,ACTIVE_RESULTS,0x40a7ea3a3be12c58027b38ad54e67d13e1470a08e2d90b4f755d8583d2e62586,4103584660849016261926899759260907804965204571034760636435809850834353581497,0x36c233eb5eeec3300332ee463027adb6a7bb521df9780d9e7e0c028c7f1d0b9d,18437570836798015508413588163545824725618221508204528541518274807911968426256,SAME_FAMILY:HOUSE_OR_LOWER_CHAMBER,frozen market_family metadata
peru_first_round,ACTIVE_RESULTS,0x40a7ea3a3be12c58027b38ad54e67d13e1470a08e2d90b4f755d8583d2e62586,4103584660849016261926899759260907804965204571034760636435809850834353581497,0x41432f60cff78fa0e2da59012711172a6a356a7edb9a6384ca20d69bd26ea7ba,57042034049005848559977466041602099612634118358272974129997354272684145047793,SAME_FAMILY:HOUSE_OR_LOWER_CHAMBER,frozen market_family metadata
peru_first_round,ACTIVE_RESULTS,0x40a7ea3a3be12c58027b38ad54e67d13e1470a08e2d90b4f755d8583d2e62586,4103584660849016261926899759260907804965204571034760636435809850834353581497,0x554542102403f12796b0f8b519adbcd966c12f7ec6652392ef78fb653de4f7bf,35032655183130812673570952719969467635956698944748396282601004870737609580612,SAME_FAMILY:HOUSE_OR_LOWER_CHAMBER,frozen market_family metadata
peru_first_round,ACTIVE_RESULTS,0x40a7ea3a3be12c58027b38ad54e67d13e1470a08e2d90b4f755d8583d2e62586,4103584660849016261926899759260907804965204571034760636435809850834353581497,0x5ebc51061f4bc2bd1f50dcd736b43de3cc0e471de8b4d6e6b3951670a57d03eb,92630754815153019913281002984440535410880277334175699573101680610900343162129,SAME_FAMILY:HOUSE_OR_LOWER_CHAMBER,frozen market_family metadata
peru_first_round,ACTIVE_RESULTS,0x40a7ea3a3be12c58027b38ad54e67d13e1470a08e2d90b4f755d8583d2e62586,4103584660849016261926899759260907804965204571034760636435809850834353581497,0x83b661c9e68dde865ac656f20a57572e7168239445bdbde65ea6665b7a4100e4,74500083728733584148299358961366660865158287035584890847432809281060790985243,SAME_FAMILY:HOUSE_OR_LOWER_CHAMBER,frozen market_family metadata
peru_first_round,ACTIVE_RESULTS,0x40a7ea3a3be12c58027b38ad54e67d13e1470a08e2d90b4f755d8583d2e62586,4103584660849016261926899759260907804965204571034760636435809850834353581497,0xef6bd8e629dd6f51b02c9c57adc5c6e4251c8d427109eff08bebcdd3462e923b,56456803387650397845761837417809147583449071152814172522951904487087521090322,SAME_FAMILY:HOUSE_OR_LOWER_CHAMBER,frozen market_family metadata
peru_first_round,ACTIVE_RESULTS,0x40a7ea3a3be12c58027b38ad54e67d13e1470a08e2d90b4f755d8583d2e62586,4103584660849016261926899759260907804965204571034760636435809850834353581497,0xfd65fcde6ffd88ac7be03616cf44556630bd1f7530d7a9682c45fe8b726ae342,59007735809419567406818128965357322201263386348705659746338440669272269771439,SAME_FAMILY:HOUSE_OR_LOWER_CHAMBER,frozen market_family metadata
peru_first_round,ACTIVE_RESULTS,0x41432f60cff78fa0e2da59012711172a6a356a7edb9a6384ca20d69bd26ea7ba,57042034049005848559977466041602099612634118358272974129997354272684145047793,0x05347b99afe166460607383ff61a796cb5f413a5a15504874bc9f587a1d5fb12,13055152962610574593867994764467771836800261376951918221710397856946000291756,SAME_FAMILY:HOUSE_OR_LOWER_CHAMBER,frozen market_family metadata
peru_first_round,ACTIVE_RESULTS,0x41432f60cff78fa0e2da59012711172a6a356a7edb9a6384ca20d69bd26ea7ba,57042034049005848559977466041602099612634118358272974129997354272684145047793,0x36c233eb5eeec3300332ee463027adb6a7bb521df9780d9e7e0c028c7f1d0b9d,18437570836798015508413588163545824725618221508204528541518274807911968426256,SAME_FAMILY:HOUSE_OR_LOWER_CHAMBER,frozen market_family metadata
peru_first_round,ACTIVE_RESULTS,0x41432f60cff78fa0e2da59012711172a6a356a7edb9a6384ca20d69bd26ea7ba,57042034049005848559977466041602099612634118358272974129997354272684145047793,0x40a7ea3a3be12c58027b38ad54e67d13e1470a08e2d90b4f755d8583d2e62586,4103584660849016261926899759260907804965204571034760636435809850834353581497,SAME_FAMILY:HOUSE_OR_LOWER_CHAMBER,frozen market_family metadata
peru_first_round,ACTIVE_RESULTS,0x41432f60cff78fa0e2da59012711172a6a356a7edb9a6384ca20d69bd26ea7ba,57042034049005848559977466041602099612634118358272974129997354272684145047793,0x554542102403f12796b0f8b519adbcd966c12f7ec6652392ef78fb653de4f7bf,35032655183130812673570952719969467635956698944748396282601004870737609580612,SAME_FAMILY:HOUSE_OR_LOWER_CHAMBER,frozen market_family metadata
peru_first_round,ACTIVE_RESULTS,0x41432f60cff78fa0e2da59012711172a6a356a7edb9a6384ca20d69bd26ea7ba,57042034049005848559977466041602099612634118358272974129997354272684145047793,0x5ebc51061f4bc2bd1f50dcd736b43de3cc0e471de8b4d6e6b3951670a57d03eb,92630754815153019913281002984440535410880277334175699573101680610900343162129,SAME_FAMILY:HOUSE_OR_LOWER_CHAMBER,frozen market_family metadata
peru_first_round,ACTIVE_RESULTS,0x41432f60cff78fa0e2da59012711172a6a356a7edb9a6384ca20d69bd26ea7ba,57042034049005848559977466041602099612634118358272974129997354272684145047793,0x83b661c9e68dde865ac656f20a57572e7168239445bdbde65ea6665b7a4100e4,74500083728733584148299358961366660865158287035584890847432809281060790985243,SAME_FAMILY:HOUSE_OR_LOWER_CHAMBER,frozen market_family metadata
peru_first_round,ACTIVE_RESULTS,0x41432f60cff78fa0e2da59012711172a6a356a7edb9a6384ca20d69bd26ea7ba,57042034049005848559977466041602099612634118358272974129997354272684145047793,0xef6bd8e629dd6f51b02c9c57adc5c6e4251c8d427109eff08bebcdd3462e923b,56456803387650397845761837417809147583449071152814172522951904487087521090322,SAME_FAMILY:HOUSE_OR_LOWER_CHAMBER,frozen market_family metadata
peru_first_round,ACTIVE_RESULTS,0x41432f60cff78fa0e2da59012711172a6a356a7edb9a6384ca20d69bd26ea7ba,57042034049005848559977466041602099612634118358272974129997354272684145047793,0xfd65fcde6ffd88ac7be03616cf44556630bd1f7530d7a9682c45fe8b726ae342,59007735809419567406818128965357322201263386348705659746338440669272269771439,SAME_FAMILY:HOUSE_OR_LOWER_CHAMBER,frozen market_family metadata
peru_first_round,ACTIVE_RESULTS,0x554542102403f12796b0f8b519adbcd966c12f7ec6652392ef78fb653de4f7bf,35032655183130812673570952719969467635956698944748396282601004870737609580612,0x05347b99afe166460607383ff61a796cb5f413a5a15504874bc9f587a1d5fb12,13055152962610574593867994764467771836800261376951918221710397856946000291756,SAME_FAMILY:HOUSE_OR_LOWER_CHAMBER,frozen market_family metadata
peru_first_round,ACTIVE_RESULTS,0x554542102403f12796b0f8b519adbcd966c12f7ec6652392ef78fb653de4f7bf,35032655183130812673570952719969467635956698944748396282601004870737609580612,0x36c233eb5eeec3300332ee463027adb6a7bb521df9780d9e7e0c028c7f1d0b9d,18437570836798015508413588163545824725618221508204528541518274807911968426256,SAME_FAMILY:HOUSE_OR_LOWER_CHAMBER,frozen market_family metadata
peru_first_round,ACTIVE_RESULTS,0x554542102403f12796b0f8b519adbcd966c12f7ec6652392ef78fb653de4f7bf,35032655183130812673570952719969467635956698944748396282601004870737609580612,0x40a7ea3a3be12c58027b38ad54e67d13e1470a08e2d90b4f755d8583d2e62586,4103584660849016261926899759260907804965204571034760636435809850834353581497,SAME_FAMILY:HOUSE_OR_LOWER_CHAMBER,frozen market_family metadata
peru_first_round,ACTIVE_RESULTS,0x554542102403f12796b0f8b519adbcd966c12f7ec6652392ef78fb653de4f7bf,35032655183130812673570952719969467635956698944748396282601004870737609580612,0x41432f60cff78fa0e2da59012711172a6a356a7edb9a6384ca20d69bd26ea7ba,57042034049005848559977466041602099612634118358272974129997354272684145047793,SAME_FAMILY:HOUSE_OR_LOWER_CHAMBER,frozen market_family metadata
peru_first_round,ACTIVE_RESULTS,0x554542102403f12796b0f8b519adbcd966c12f7ec6652392ef78fb653de4f7bf,35032655183130812673570952719969467635956698944748396282601004870737609580612,0x5ebc51061f4bc2bd1f50dcd736b43de3cc0e471de8b4d6e6b3951670a57d03eb,92630754815153019913281002984440535410880277334175699573101680610900343162129,SAME_FAMILY:HOUSE_OR_LOWER_CHAMBER,frozen market_family metadata
peru_first_round,ACTIVE_RESULTS,0x554542102403f12796b0f8b519adbcd966c12f7ec6652392ef78fb653de4f7bf,35032655183130812673570952719969467635956698944748396282601004870737609580612,0x83b661c9e68dde865ac656f20a57572e7168239445bdbde65ea6665b7a4100e4,74500083728733584148299358961366660865158287035584890847432809281060790985243,SAME_FAMILY:HOUSE_OR_LOWER_CHAMBER,frozen market_family metadata
peru_first_round,ACTIVE_RESULTS,0x554542102403f12796b0f8b519adbcd966c12f7ec6652392ef78fb653de4f7bf,35032655183130812673570952719969467635956698944748396282601004870737609580612,0xef6bd8e629dd6f51b02c9c57adc5c6e4251c8d427109eff08bebcdd3462e923b,56456803387650397845761837417809147583449071152814172522951904487087521090322,SAME_FAMILY:HOUSE_OR_LOWER_CHAMBER,frozen market_family metadata
peru_first_round,ACTIVE_RESULTS,0x554542102403f12796b0f8b519adbcd966c12f7ec6652392ef78fb653de4f7bf,35032655183130812673570952719969467635956698944748396282601004870737609580612,0xfd65fcde6ffd88ac7be03616cf44556630bd1f7530d7a9682c45fe8b726ae342,59007735809419567406818128965357322201263386348705659746338440669272269771439,SAME_FAMILY:HOUSE_OR_LOWER_CHAMBER,frozen market_family metadata
peru_first_round,ACTIVE_RESULTS,0x5ebc51061f4bc2bd1f50dcd736b43de3cc0e471de8b4d6e6b3951670a57d03eb,92630754815153019913281002984440535410880277334175699573101680610900343162129,0x05347b99afe166460607383ff61a796cb5f413a5a15504874bc9f587a1d5fb12,13055152962610574593867994764467771836800261376951918221710397856946000291756,SAME_FAMILY:HOUSE_OR_LOWER_CHAMBER,frozen market_family metadata
peru_first_round,ACTIVE_RESULTS,0x5ebc51061f4bc2bd1f50dcd736b43de3cc0e471de8b4d6e6b3951670a57d03eb,92630754815153019913281002984440535410880277334175699573101680610900343162129,0x36c233eb5eeec3300332ee463027adb6a7bb521df9780d9e7e0c028c7f1d0b9d,18437570836798015508413588163545824725618221508204528541518274807911968426256,SAME_FAMILY:HOUSE_OR_LOWER_CHAMBER,frozen market_family metadata
peru_first_round,ACTIVE_RESULTS,0x5ebc51061f4bc2bd1f50dcd736b43de3cc0e471de8b4d6e6b3951670a57d03eb,92630754815153019913281002984440535410880277334175699573101680610900343162129,0x40a7ea3a3be12c58027b38ad54e67d13e1470a08e2d90b4f755d8583d2e62586,4103584660849016261926899759260907804965204571034760636435809850834353581497,SAME_FAMILY:HOUSE_OR_LOWER_CHAMBER,frozen market_family metadata
peru_first_round,ACTIVE_RESULTS,0x5ebc51061f4bc2bd1f50dcd736b43de3cc0e471de8b4d6e6b3951670a57d03eb,92630754815153019913281002984440535410880277334175699573101680610900343162129,0x41432f60cff78fa0e2da59012711172a6a356a7edb9a6384ca20d69bd26ea7ba,57042034049005848559977466041602099612634118358272974129997354272684145047793,SAME_FAMILY:HOUSE_OR_LOWER_CHAMBER,frozen market_family metadata
peru_first_round,ACTIVE_RESULTS,0x5ebc51061f4bc2bd1f50dcd736b43de3cc0e471de8b4d6e6b3951670a57d03eb,92630754815153019913281002984440535410880277334175699573101680610900343162129,0x554542102403f12796b0f8b519adbcd966c12f7ec6652392ef78fb653de4f7bf,35032655183130812673570952719969467635956698944748396282601004870737609580612,SAME_FAMILY:HOUSE_OR_LOWER_CHAMBER,frozen market_family metadata
peru_first_round,ACTIVE_RESULTS,0x5ebc51061f4bc2bd1f50dcd736b43de3cc0e471de8b4d6e6b3951670a57d03eb,92630754815153019913281002984440535410880277334175699573101680610900343162129,0x83b661c9e68dde865ac656f20a57572e7168239445bdbde65ea6665b7a4100e4,74500083728733584148299358961366660865158287035584890847432809281060790985243,SAME_FAMILY:HOUSE_OR_LOWER_CHAMBER,frozen market_family metadata
peru_first_round,ACTIVE_RESULTS,0x5ebc51061f4bc2bd1f50dcd736b43de3cc0e471de8b4d6e6b3951670a57d03eb,92630754815153019913281002984440535410880277334175699573101680610900343162129,0xef6bd8e629dd6f51b02c9c57adc5c6e4251c8d427109eff08bebcdd3462e923b,56456803387650397845761837417809147583449071152814172522951904487087521090322,SAME_FAMILY:HOUSE_OR_LOWER_CHAMBER,frozen market_family metadata
peru_first_round,ACTIVE_RESULTS,0x5ebc51061f4bc2bd1f50dcd736b43de3cc0e471de8b4d6e6b3951670a57d03eb,92630754815153019913281002984440535410880277334175699573101680610900343162129,0xfd65fcde6ffd88ac7be03616cf44556630bd1f7530d7a9682c45fe8b726ae342,59007735809419567406818128965357322201263386348705659746338440669272269771439,SAME_FAMILY:HOUSE_OR_LOWER_CHAMBER,frozen market_family metadata
peru_first_round,ACTIVE_RESULTS,0x83b661c9e68dde865ac656f20a57572e7168239445bdbde65ea6665b7a4100e4,74500083728733584148299358961366660865158287035584890847432809281060790985243,0x05347b99afe166460607383ff61a796cb5f413a5a15504874bc9f587a1d5fb12,13055152962610574593867994764467771836800261376951918221710397856946000291756,SAME_FAMILY:HOUSE_OR_LOWER_CHAMBER,frozen market_family metadata
peru_first_round,ACTIVE_RESULTS,0x83b661c9e68dde865ac656f20a57572e7168239445bdbde65ea6665b7a4100e4,74500083728733584148299358961366660865158287035584890847432809281060790985243,0x36c233eb5eeec3300332ee463027adb6a7bb521df9780d9e7e0c028c7f1d0b9d,18437570836798015508413588163545824725618221508204528541518274807911968426256,SAME_FAMILY:HOUSE_OR_LOWER_CHAMBER,frozen market_family metadata
peru_first_round,ACTIVE_RESULTS,0x83b661c9e68dde865ac656f20a57572e7168239445bdbde65ea6665b7a4100e4,74500083728733584148299358961366660865158287035584890847432809281060790985243,0x40a7ea3a3be12c58027b38ad54e67d13e1470a08e2d90b4f755d8583d2e62586,4103584660849016261926899759260907804965204571034760636435809850834353581497,SAME_FAMILY:HOUSE_OR_LOWER_CHAMBER,frozen market_family metadata
peru_first_round,ACTIVE_RESULTS,0x83b661c9e68dde865ac656f20a57572e7168239445bdbde65ea6665b7a4100e4,74500083728733584148299358961366660865158287035584890847432809281060790985243,0x41432f60cff78fa0e2da59012711172a6a356a7edb9a6384ca20d69bd26ea7ba,57042034049005848559977466041602099612634118358272974129997354272684145047793,SAME_FAMILY:HOUSE_OR_LOWER_CHAMBER,frozen market_family metadata
peru_first_round,ACTIVE_RESULTS,0x83b661c9e68dde865ac656f20a57572e7168239445bdbde65ea6665b7a4100e4,74500083728733584148299358961366660865158287035584890847432809281060790985243,0x554542102403f12796b0f8b519adbcd966c12f7ec6652392ef78fb653de4f7bf,35032655183130812673570952719969467635956698944748396282601004870737609580612,SAME_FAMILY:HOUSE_OR_LOWER_CHAMBER,frozen market_family metadata
peru_first_round,ACTIVE_RESULTS,0x83b661c9e68dde865ac656f20a57572e7168239445bdbde65ea6665b7a4100e4,74500083728733584148299358961366660865158287035584890847432809281060790985243,0x5ebc51061f4bc2bd1f50dcd736b43de3cc0e471de8b4d6e6b3951670a57d03eb,92630754815153019913281002984440535410880277334175699573101680610900343162129,SAME_FAMILY:HOUSE_OR_LOWER_CHAMBER,frozen market_family metadata
peru_first_round,ACTIVE_RESULTS,0x83b661c9e68dde865ac656f20a57572e7168239445bdbde65ea6665b7a4100e4,74500083728733584148299358961366660865158287035584890847432809281060790985243,0xef6bd8e629dd6f51b02c9c57adc5c6e4251c8d427109eff08bebcdd3462e923b,56456803387650397845761837417809147583449071152814172522951904487087521090322,SAME_FAMILY:HOUSE_OR_LOWER_CHAMBER,frozen market_family metadata
peru_first_round,ACTIVE_RESULTS,0x83b661c9e68dde865ac656f20a57572e7168239445bdbde65ea6665b7a4100e4,74500083728733584148299358961366660865158287035584890847432809281060790985243,0xfd65fcde6ffd88ac7be03616cf44556630bd1f7530d7a9682c45fe8b726ae342,59007735809419567406818128965357322201263386348705659746338440669272269771439,SAME_FAMILY:HOUSE_OR_LOWER_CHAMBER,frozen market_family metadata
peru_first_round,ACTIVE_RESULTS,0xef6bd8e629dd6f51b02c9c57adc5c6e4251c8d427109eff08bebcdd3462e923b,56456803387650397845761837417809147583449071152814172522951904487087521090322,0x05347b99afe166460607383ff61a796cb5f413a5a15504874bc9f587a1d5fb12,13055152962610574593867994764467771836800261376951918221710397856946000291756,SAME_FAMILY:HOUSE_OR_LOWER_CHAMBER,frozen market_family metadata
peru_first_round,ACTIVE_RESULTS,0xef6bd8e629dd6f51b02c9c57adc5c6e4251c8d427109eff08bebcdd3462e923b,56456803387650397845761837417809147583449071152814172522951904487087521090322,0x36c233eb5eeec3300332ee463027adb6a7bb521df9780d9e7e0c028c7f1d0b9d,18437570836798015508413588163545824725618221508204528541518274807911968426256,SAME_FAMILY:HOUSE_OR_LOWER_CHAMBER,frozen market_family metadata
peru_first_round,ACTIVE_RESULTS,0xef6bd8e629dd6f51b02c9c57adc5c6e4251c8d427109eff08bebcdd3462e923b,56456803387650397845761837417809147583449071152814172522951904487087521090322,0x40a7ea3a3be12c58027b38ad54e67d13e1470a08e2d90b4f755d8583d2e62586,4103584660849016261926899759260907804965204571034760636435809850834353581497,SAME_FAMILY:HOUSE_OR_LOWER_CHAMBER,frozen market_family metadata
peru_first_round,ACTIVE_RESULTS,0xef6bd8e629dd6f51b02c9c57adc5c6e4251c8d427109eff08bebcdd3462e923b,56456803387650397845761837417809147583449071152814172522951904487087521090322,0x41432f60cff78fa0e2da59012711172a6a356a7edb9a6384ca20d69bd26ea7ba,57042034049005848559977466041602099612634118358272974129997354272684145047793,SAME_FAMILY:HOUSE_OR_LOWER_CHAMBER,frozen market_family metadata
peru_first_round,ACTIVE_RESULTS,0xef6bd8e629dd6f51b02c9c57adc5c6e4251c8d427109eff08bebcdd3462e923b,56456803387650397845761837417809147583449071152814172522951904487087521090322,0x554542102403f12796b0f8b519adbcd966c12f7ec6652392ef78fb653de4f7bf,35032655183130812673570952719969467635956698944748396282601004870737609580612,SAME_FAMILY:HOUSE_OR_LOWER_CHAMBER,frozen market_family metadata
peru_first_round,ACTIVE_RESULTS,0xef6bd8e629dd6f51b02c9c57adc5c6e4251c8d427109eff08bebcdd3462e923b,56456803387650397845761837417809147583449071152814172522951904487087521090322,0x5ebc51061f4bc2bd1f50dcd736b43de3cc0e471de8b4d6e6b3951670a57d03eb,92630754815153019913281002984440535410880277334175699573101680610900343162129,SAME_FAMILY:HOUSE_OR_LOWER_CHAMBER,frozen market_family metadata
peru_first_round,ACTIVE_RESULTS,0xef6bd8e629dd6f51b02c9c57adc5c6e4251c8d427109eff08bebcdd3462e923b,56456803387650397845761837417809147583449071152814172522951904487087521090322,0x83b661c9e68dde865ac656f20a57572e7168239445bdbde65ea6665b7a4100e4,74500083728733584148299358961366660865158287035584890847432809281060790985243,SAME_FAMILY:HOUSE_OR_LOWER_CHAMBER,frozen market_family metadata
peru_first_round,ACTIVE_RESULTS,0xef6bd8e629dd6f51b02c9c57adc5c6e4251c8d427109eff08bebcdd3462e923b,56456803387650397845761837417809147583449071152814172522951904487087521090322,0xfd65fcde6ffd88ac7be03616cf44556630bd1f7530d7a9682c45fe8b726ae342,59007735809419567406818128965357322201263386348705659746338440669272269771439,SAME_FAMILY:HOUSE_OR_LOWER_CHAMBER,frozen market_family metadata
peru_first_round,ACTIVE_RESULTS,0xfd65fcde6ffd88ac7be03616cf44556630bd1f7530d7a9682c45fe8b726ae342,59007735809419567406818128965357322201263386348705659746338440669272269771439,0x05347b99afe166460607383ff61a796cb5f413a5a15504874bc9f587a1d5fb12,13055152962610574593867994764467771836800261376951918221710397856946000291756,SAME_FAMILY:HOUSE_OR_LOWER_CHAMBER,frozen market_family metadata
peru_first_round,ACTIVE_RESULTS,0xfd65fcde6ffd88ac7be03616cf44556630bd1f7530d7a9682c45fe8b726ae342,59007735809419567406818128965357322201263386348705659746338440669272269771439,0x36c233eb5eeec3300332ee463027adb6a7bb521df9780d9e7e0c028c7f1d0b9d,18437570836798015508413588163545824725618221508204528541518274807911968426256,SAME_FAMILY:HOUSE_OR_LOWER_CHAMBER,frozen market_family metadata
peru_first_round,ACTIVE_RESULTS,0xfd65fcde6ffd88ac7be03616cf44556630bd1f7530d7a9682c45fe8b726ae342,59007735809419567406818128965357322201263386348705659746338440669272269771439,0x40a7ea3a3be12c58027b38ad54e67d13e1470a08e2d90b4f755d8583d2e62586,4103584660849016261926899759260907804965204571034760636435809850834353581497,SAME_FAMILY:HOUSE_OR_LOWER_CHAMBER,frozen market_family metadata
peru_first_round,ACTIVE_RESULTS,0xfd65fcde6ffd88ac7be03616cf44556630bd1f7530d7a9682c45fe8b726ae342,59007735809419567406818128965357322201263386348705659746338440669272269771439,0x41432f60cff78fa0e2da59012711172a6a356a7edb9a6384ca20d69bd26ea7ba,57042034049005848559977466041602099612634118358272974129997354272684145047793,SAME_FAMILY:HOUSE_OR_LOWER_CHAMBER,frozen market_family metadata
peru_first_round,ACTIVE_RESULTS,0xfd65fcde6ffd88ac7be03616cf44556630bd1f7530d7a9682c45fe8b726ae342,59007735809419567406818128965357322201263386348705659746338440669272269771439,0x554542102403f12796b0f8b519adbcd966c12f7ec6652392ef78fb653de4f7bf,35032655183130812673570952719969467635956698944748396282601004870737609580612,SAME_FAMILY:HOUSE_OR_LOWER_CHAMBER,frozen market_family metadata
peru_first_round,ACTIVE_RESULTS,0xfd65fcde6ffd88ac7be03616cf44556630bd1f7530d7a9682c45fe8b726ae342,59007735809419567406818128965357322201263386348705659746338440669272269771439,0x5ebc51061f4bc2bd1f50dcd736b43de3cc0e471de8b4d6e6b3951670a57d03eb,92630754815153019913281002984440535410880277334175699573101680610900343162129,SAME_FAMILY:HOUSE_OR_LOWER_CHAMBER,frozen market_family metadata
peru_first_round,ACTIVE_RESULTS,0xfd65fcde6ffd88ac7be03616cf44556630bd1f7530d7a9682c45fe8b726ae342,59007735809419567406818128965357322201263386348705659746338440669272269771439,0x83b661c9e68dde865ac656f20a57572e7168239445bdbde65ea6665b7a4100e4,74500083728733584148299358961366660865158287035584890847432809281060790985243,SAME_FAMILY:HOUSE_OR_LOWER_CHAMBER,frozen market_family metadata
peru_first_round,ACTIVE_RESULTS,0xfd65fcde6ffd88ac7be03616cf44556630bd1f7530d7a9682c45fe8b726ae342,59007735809419567406818128965357322201263386348705659746338440669272269771439,0xef6bd8e629dd6f51b02c9c57adc5c6e4251c8d427109eff08bebcdd3462e923b,56456803387650397845761837417809147583449071152814172522951904487087521090322,SAME_FAMILY:HOUSE_OR_LOWER_CHAMBER,frozen market_family metadata
peru_first_round,ACTIVE_RESULTS,0x0a10ea4f5d42ac33a29d73b8562f4414f5ea2219afd9da74ba950f7aefe7c630,67856043091363573230826787438476899340717171261331542907088468980307686160535,0x0e7f0ffe845b05bdbd172958464fa20bcd9a048781d73e4090e07b03a4da254f,76647756421777021750296882729097877947244398058587662047702870166960832653622,SAME_FAMILY:PRESIDENTIAL_RESULT,frozen market_family metadata
peru_first_round,ACTIVE_RESULTS,0x0a10ea4f5d42ac33a29d73b8562f4414f5ea2219afd9da74ba950f7aefe7c630,67856043091363573230826787438476899340717171261331542907088468980307686160535,0x158fdaad572880f8de3d3f00e4d3c2fbbae77108d88c29deb800141928c1e040,4706104298728283330895721401335363991910630839383072913311253715556150302824,SAME_FAMILY:PRESIDENTIAL_RESULT,frozen market_family metadata
peru_first_round,ACTIVE_RESULTS,0x0a10ea4f5d42ac33a29d73b8562f4414f5ea2219afd9da74ba950f7aefe7c630,67856043091363573230826787438476899340717171261331542907088468980307686160535,0x24a454785cac9984fde7736d0d4b37929b7253d527d359f547c909eec89862b9,8379837610125291150489935717882363132642018085406636296823338050741934312045,SAME_FAMILY:PRESIDENTIAL_RESULT,frozen market_family metadata
peru_first_round,ACTIVE_RESULTS,0x0a10ea4f5d42ac33a29d73b8562f4414f5ea2219afd9da74ba950f7aefe7c630,67856043091363573230826787438476899340717171261331542907088468980307686160535,0x28d4cee5a4bb01e0a7b1a39f8a23b2af657d9cf06d1e0ed8443c6b09329b9be3,33676951557383894515546393450532412629166294904696420306881965128761881185587,SAME_FAMILY:PRESIDENTIAL_RESULT,frozen market_family metadata
peru_first_round,ACTIVE_RESULTS,0x0a10ea4f5d42ac33a29d73b8562f4414f5ea2219afd9da74ba950f7aefe7c630,67856043091363573230826787438476899340717171261331542907088468980307686160535,0x2cd24d17f5680dc6e7b7d67c712a223ae85550745597e81bd2d2b8d073443951,40073700561695212653451049120779209383948898865772011302940523990213422296817,SAME_FAMILY:PRESIDENTIAL_RESULT,frozen market_family metadata
peru_first_round,ACTIVE_RESULTS,0x0a10ea4f5d42ac33a29d73b8562f4414f5ea2219afd9da74ba950f7aefe7c630,67856043091363573230826787438476899340717171261331542907088468980307686160535,0x3aec41fee9edc59c2b98d439dba86debe339e35f62ac4cdc8de01ab1a5b93f21,16452855558136653776561048576768137577528096989756809438471103880971273573161,SAME_FAMILY:PRESIDENTIAL_RESULT,frozen market_family metadata
peru_first_round,ACTIVE_RESULTS,0x0a10ea4f5d42ac33a29d73b8562f4414f5ea2219afd9da74ba950f7aefe7c630,67856043091363573230826787438476899340717171261331542907088468980307686160535,0x5e7d3b7cf87325cee6ae6c7417d6e9d7250c4cc2dc912b18ce5cdafba4e6a647,13489012588233322368311367883402374394605806123068707609937025667605598991327,SAME_FAMILY:PRESIDENTIAL_RESULT,frozen market_family metadata
peru_first_round,ACTIVE_RESULTS,0x0a10ea4f5d42ac33a29d73b8562f4414f5ea2219afd9da74ba950f7aefe7c630,67856043091363573230826787438476899340717171261331542907088468980307686160535,0x6a58844c4dfdf677adb5e20bcefb851833cb335210e139ce37e63482e0679617,106149607129123969375875674066349472207365000320829658467476477807489090216657,SAME_FAMILY:PRESIDENTIAL_RESULT,frozen market_family metadata
peru_first_round,ACTIVE_RESULTS,0x0a10ea4f5d42ac33a29d73b8562f4414f5ea2219afd9da74ba950f7aefe7c630,67856043091363573230826787438476899340717171261331542907088468980307686160535,0x78f5630bafa15147941daa2fd2926b43febe6af1544cd9d8527b226914f3ca11,9682518067153576122489405729520126083014940106724522567955145436832495666332,SAME_FAMILY:PRESIDENTIAL_RESULT,frozen market_family metadata
peru_first_round,ACTIVE_RESULTS,0x0a10ea4f5d42ac33a29d73b8562f4414f5ea2219afd9da74ba950f7aefe7c630,67856043091363573230826787438476899340717171261331542907088468980307686160535,0x790d04324ceda5e7fd3b2e62cf043d45b74a9d88921b6b250212d0c9b8ba1afd,79792255824743933242473584104148817428360729889676194064736978155093841181512,SAME_FAMILY:PRESIDENTIAL_RESULT,frozen market_family metadata
peru_first_round,ACTIVE_RESULTS,0x0a10ea4f5d42ac33a29d73b8562f4414f5ea2219afd9da74ba950f7aefe7c630,67856043091363573230826787438476899340717171261331542907088468980307686160535,0x7965575591c9229a2c75c881555403f5e867cd5759545619d8ec061b2b08135f,78299862190151688660680397893688466572696604800286917240516494924076147885439,SAME_FAMILY:PRESIDENTIAL_RESULT,frozen market_family metadata
peru_first_round,ACTIVE_RESULTS,0x0a10ea4f5d42ac33a29d73b8562f4414f5ea2219afd9da74ba950f7aefe7c630,67856043091363573230826787438476899340717171261331542907088468980307686160535,0x82d5ffbcda5dc4cb5039bd59224c732c465dc6c052af3257f38055e8dc66b0bf,68553529382068345183582892420839184781828369905058541872190738963134845555492,SAME_FAMILY:PRESIDENTIAL_RESULT,frozen market_family metadata
peru_first_round,ACTIVE_RESULTS,0x0a10ea4f5d42ac33a29d73b8562f4414f5ea2219afd9da74ba950f7aefe7c630,67856043091363573230826787438476899340717171261331542907088468980307686160535,0x974dcbcce5e8186e0e273065a60675bc17617897c395eca60478d0c49f80718f,101000035200953616880452761567806635979587850958431667672433526557328036615568,SAME_FAMILY:PRESIDENTIAL_RESULT,frozen market_family metadata
peru_first_round,ACTIVE_RESULTS,0x0a10ea4f5d42ac33a29d73b8562f4414f5ea2219afd9da74ba950f7aefe7c630,67856043091363573230826787438476899340717171261331542907088468980307686160535,0x9b14ba5cc37a35c0db2c9849e631d98195670be4a0f91233a81529f22a7a5949,96778993542273611384637311499081700062825144626170214374801025348770797572532,SAME_FAMILY:PRESIDENTIAL_RESULT,frozen market_family metadata
peru_first_round,ACTIVE_RESULTS,0x0a10ea4f5d42ac33a29d73b8562f4414f5ea2219afd9da74ba950f7aefe7c630,67856043091363573230826787438476899340717171261331542907088468980307686160535,0xa61438a389267c7deafc9d04cd6d0dc597d70253eb94702c0f5be458d75719a2,31366905060250352809933074814832465062746377846325454298457938183906229951978,SAME_FAMILY:PRESIDENTIAL_RESULT,frozen market_family metadata
peru_first_round,ACTIVE_RESULTS,0x0a10ea4f5d42ac33a29d73b8562f4414f5ea2219afd9da74ba950f7aefe7c630,67856043091363573230826787438476899340717171261331542907088468980307686160535,0xae6d3d20bc8f742922dc40880cd8a8671c10385a9912fa7cd670fba0643dfe96,91464516107556165907566387619157396733019262339196802152206657889196699256450,SAME_FAMILY:PRESIDENTIAL_RESULT,frozen market_family metadata
peru_first_round,ACTIVE_RESULTS,0x0a10ea4f5d42ac33a29d73b8562f4414f5ea2219afd9da74ba950f7aefe7c630,67856043091363573230826787438476899340717171261331542907088468980307686160535,0xb06bd8cd9693172502d649f157283cf4d6b15dc6d595495eed33b70e94b6565e,71309235606705427471164237240934647738660821324581969500721476070843942340004,SAME_FAMILY:PRESIDENTIAL_RESULT,frozen market_family metadata
peru_first_round,ACTIVE_RESULTS,0x0a10ea4f5d42ac33a29d73b8562f4414f5ea2219afd9da74ba950f7aefe7c630,67856043091363573230826787438476899340717171261331542907088468980307686160535,0xc4c3dbcc37a957a817599b0bf9fb5bd6b62b19210b0f527fec57cb75c7ed150a,64703998724474008677827057135436893758254552168142785204605792475717308499827,SAME_FAMILY:PRESIDENTIAL_RESULT,frozen market_family metadata
peru_first_round,ACTIVE_RESULTS,0x0a10ea4f5d42ac33a29d73b8562f4414f5ea2219afd9da74ba950f7aefe7c630,67856043091363573230826787438476899340717171261331542907088468980307686160535,0xd149b38c9da6bacbdc0068b579f8d255196f8c2ed6a5df67f5f3064dd00733e9,88830008994939255030108226010888813127369861666100484617000813260227025912888,SAME_FAMILY:PRESIDENTIAL_RESULT,frozen market_family metadata
peru_first_round,ACTIVE_RESULTS,0x0a10ea4f5d42ac33a29d73b8562f4414f5ea2219afd9da74ba950f7aefe7c630,67856043091363573230826787438476899340717171261331542907088468980307686160535,0xef61cec575ac7260343e1f0c11900fee12a1f30b521b649eec7663ec5424242a,50243762671512851167282517271037976718384543563492030616749604530990728402798,SAME_FAMILY:PRESIDENTIAL_RESULT,frozen market_family metadata
peru_first_round,ACTIVE_RESULTS,0x0a10ea4f5d42ac33a29d73b8562f4414f5ea2219afd9da74ba950f7aefe7c630,67856043091363573230826787438476899340717171261331542907088468980307686160535,0xf73e2e231d324cb662ad80eefdd90bba5007fc4df45bc2c7bab90d83693cc4ee,6200507252841835595951008504441149768354972632973075259527756928392759138736,SAME_FAMILY:PRESIDENTIAL_RESULT,frozen market_family metadata
peru_first_round,ACTIVE_RESULTS,0x0e7f0ffe845b05bdbd172958464fa20bcd9a048781d73e4090e07b03a4da254f,76647756421777021750296882729097877947244398058587662047702870166960832653622,0x0a10ea4f5d42ac33a29d73b8562f4414f5ea2219afd9da74ba950f7aefe7c630,67856043091363573230826787438476899340717171261331542907088468980307686160535,SAME_FAMILY:PRESIDENTIAL_RESULT,frozen market_family metadata
peru_first_round,ACTIVE_RESULTS,0x0e7f0ffe845b05bdbd172958464fa20bcd9a048781d73e4090e07b03a4da254f,76647756421777021750296882729097877947244398058587662047702870166960832653622,0x158fdaad572880f8de3d3f00e4d3c2fbbae77108d88c29deb800141928c1e040,4706104298728283330895721401335363991910630839383072913311253715556150302824,SAME_FAMILY:PRESIDENTIAL_RESULT,frozen market_family metadata
peru_first_round,ACTIVE_RESULTS,0x0e7f0ffe845b05bdbd172958464fa20bcd9a048781d73e4090e07b03a4da254f,76647756421777021750296882729097877947244398058587662047702870166960832653622,0x24a454785cac9984fde7736d0d4b37929b7253d527d359f547c909eec89862b9,8379837610125291150489935717882363132642018085406636296823338050741934312045,SAME_FAMILY:PRESIDENTIAL_RESULT,frozen market_family metadata
peru_first_round,ACTIVE_RESULTS,0x0e7f0ffe845b05bdbd172958464fa20bcd9a048781d73e4090e07b03a4da254f,76647756421777021750296882729097877947244398058587662047702870166960832653622,0x28d4cee5a4bb01e0a7b1a39f8a23b2af657d9cf06d1e0ed8443c6b09329b9be3,33676951557383894515546393450532412629166294904696420306881965128761881185587,SAME_FAMILY:PRESIDENTIAL_RESULT,frozen market_family metadata
peru_first_round,ACTIVE_RESULTS,0x0e7f0ffe845b05bdbd172958464fa20bcd9a048781d73e4090e07b03a4da254f,76647756421777021750296882729097877947244398058587662047702870166960832653622,0x2cd24d17f5680dc6e7b7d67c712a223ae85550745597e81bd2d2b8d073443951,40073700561695212653451049120779209383948898865772011302940523990213422296817,SAME_FAMILY:PRESIDENTIAL_RESULT,frozen market_family metadata
peru_first_round,ACTIVE_RESULTS,0x0e7f0ffe845b05bdbd172958464fa20bcd9a048781d73e4090e07b03a4da254f,76647756421777021750296882729097877947244398058587662047702870166960832653622,0x3aec41fee9edc59c2b98d439dba86debe339e35f62ac4cdc8de01ab1a5b93f21,16452855558136653776561048576768137577528096989756809438471103880971273573161,SAME_FAMILY:PRESIDENTIAL_RESULT,frozen market_family metadata
peru_first_round,ACTIVE_RESULTS,0x0e7f0ffe845b05bdbd172958464fa20bcd9a048781d73e4090e07b03a4da254f,76647756421777021750296882729097877947244398058587662047702870166960832653622,0x5e7d3b7cf87325cee6ae6c7417d6e9d7250c4cc2dc912b18ce5cdafba4e6a647,13489012588233322368311367883402374394605806123068707609937025667605598991327,SAME_FAMILY:PRESIDENTIAL_RESULT,frozen market_family metadata
peru_first_round,ACTIVE_RESULTS,0x0e7f0ffe845b05bdbd172958464fa20bcd9a048781d73e4090e07b03a4da254f,76647756421777021750296882729097877947244398058587662047702870166960832653622,0x6a58844c4dfdf677adb5e20bcefb851833cb335210e139ce37e63482e0679617,106149607129123969375875674066349472207365000320829658467476477807489090216657,SAME_FAMILY:PRESIDENTIAL_RESULT,frozen market_family metadata
peru_first_round,ACTIVE_RESULTS,0x0e7f0ffe845b05bdbd172958464fa20bcd9a048781d73e4090e07b03a4da254f,76647756421777021750296882729097877947244398058587662047702870166960832653622,0x78f5630bafa15147941daa2fd2926b43febe6af1544cd9d8527b226914f3ca11,9682518067153576122489405729520126083014940106724522567955145436832495666332,SAME_FAMILY:PRESIDENTIAL_RESULT,frozen market_family metadata
peru_first_round,ACTIVE_RESULTS,0x0e7f0ffe845b05bdbd172958464fa20bcd9a048781d73e4090e07b03a4da254f,76647756421777021750296882729097877947244398058587662047702870166960832653622,0x790d04324ceda5e7fd3b2e62cf043d45b74a9d88921b6b250212d0c9b8ba1afd,79792255824743933242473584104148817428360729889676194064736978155093841181512,SAME_FAMILY:PRESIDENTIAL_RESULT,frozen market_family metadata
peru_first_round,ACTIVE_RESULTS,0x0e7f0ffe845b05bdbd172958464fa20bcd9a048781d73e4090e07b03a4da254f,76647756421777021750296882729097877947244398058587662047702870166960832653622,0x7965575591c9229a2c75c881555403f5e867cd5759545619d8ec061b2b08135f,78299862190151688660680397893688466572696604800286917240516494924076147885439,SAME_FAMILY:PRESIDENTIAL_RESULT,frozen market_family metadata
peru_first_round,ACTIVE_RESULTS,0x0e7f0ffe845b05bdbd172958464fa20bcd9a048781d73e4090e07b03a4da254f,76647756421777021750296882729097877947244398058587662047702870166960832653622,0x82d5ffbcda5dc4cb5039bd59224c732c465dc6c052af3257f38055e8dc66b0bf,68553529382068345183582892420839184781828369905058541872190738963134845555492,SAME_FAMILY:PRESIDENTIAL_RESULT,frozen market_family metadata
peru_first_round,ACTIVE_RESULTS,0x0e7f0ffe845b05bdbd172958464fa20bcd9a048781d73e4090e07b03a4da254f,76647756421777021750296882729097877947244398058587662047702870166960832653622,0x974dcbcce5e8186e0e273065a60675bc17617897c395eca60478d0c49f80718f,101000035200953616880452761567806635979587850958431667672433526557328036615568,SAME_FAMILY:PRESIDENTIAL_RESULT,frozen market_family metadata
peru_first_round,ACTIVE_RESULTS,0x0e7f0ffe845b05bdbd172958464fa20bcd9a048781d73e4090e07b03a4da254f,76647756421777021750296882729097877947244398058587662047702870166960832653622,0x9b14ba5cc37a35c0db2c9849e631d98195670be4a0f91233a81529f22a7a5949,96778993542273611384637311499081700062825144626170214374801025348770797572532,SAME_FAMILY:PRESIDENTIAL_RESULT,frozen market_family metadata
peru_first_round,ACTIVE_RESULTS,0x0e7f0ffe845b05bdbd172958464fa20bcd9a048781d73e4090e07b03a4da254f,76647756421777021750296882729097877947244398058587662047702870166960832653622,0xa61438a389267c7deafc9d04cd6d0dc597d70253eb94702c0f5be458d75719a2,31366905060250352809933074814832465062746377846325454298457938183906229951978,SAME_FAMILY:PRESIDENTIAL_RESULT,frozen market_family metadata
peru_first_round,ACTIVE_RESULTS,0x0e7f0ffe845b05bdbd172958464fa20bcd9a048781d73e4090e07b03a4da254f,76647756421777021750296882729097877947244398058587662047702870166960832653622,0xae6d3d20bc8f742922dc40880cd8a8671c10385a9912fa7cd670fba0643dfe96,91464516107556165907566387619157396733019262339196802152206657889196699256450,SAME_FAMILY:PRESIDENTIAL_RESULT,frozen market_family metadata
peru_first_round,ACTIVE_RESULTS,0x0e7f0ffe845b05bdbd172958464fa20bcd9a048781d73e4090e07b03a4da254f,76647756421777021750296882729097877947244398058587662047702870166960832653622,0xb06bd8cd9693172502d649f157283cf4d6b15dc6d595495eed33b70e94b6565e,71309235606705427471164237240934647738660821324581969500721476070843942340004,SAME_FAMILY:PRESIDENTIAL_RESULT,frozen market_family metadata
peru_first_round,ACTIVE_RESULTS,0x0e7f0ffe845b05bdbd172958464fa20bcd9a048781d73e4090e07b03a4da254f,76647756421777021750296882729097877947244398058587662047702870166960832653622,0xc4c3dbcc37a957a817599b0bf9fb5bd6b62b19210b0f527fec57cb75c7ed150a,64703998724474008677827057135436893758254552168142785204605792475717308499827,SAME_FAMILY:PRESIDENTIAL_RESULT,frozen market_family metadata
peru_first_round,ACTIVE_RESULTS,0x0e7f0ffe845b05bdbd172958464fa20bcd9a048781d73e4090e07b03a4da254f,76647756421777021750296882729097877947244398058587662047702870166960832653622,0xd149b38c9da6bacbdc0068b579f8d255196f8c2ed6a5df67f5f3064dd00733e9,88830008994939255030108226010888813127369861666100484617000813260227025912888,SAME_FAMILY:PRESIDENTIAL_RESULT,frozen market_family metadata
peru_first_round,ACTIVE_RESULTS,0x0e7f0ffe845b05bdbd172958464fa20bcd9a048781d73e4090e07b03a4da254f,76647756421777021750296882729097877947244398058587662047702870166960832653622,0xef61cec575ac7260343e1f0c11900fee12a1f30b521b649eec7663ec5424242a,50243762671512851167282517271037976718384543563492030616749604530990728402798,SAME_FAMILY:PRESIDENTIAL_RESULT,frozen market_family metadata
peru_first_round,ACTIVE_RESULTS,0x0e7f0ffe845b05bdbd172958464fa20bcd9a048781d73e4090e07b03a4da254f,76647756421777021750296882729097877947244398058587662047702870166960832653622,0xf73e2e231d324cb662ad80eefdd90bba5007fc4df45bc2c7bab90d83693cc4ee,6200507252841835595951008504441149768354972632973075259527756928392759138736,SAME_FAMILY:PRESIDENTIAL_RESULT,frozen market_family metadata
peru_first_round,ACTIVE_RESULTS,0x158fdaad572880f8de3d3f00e4d3c2fbbae77108d88c29deb800141928c1e040,4706104298728283330895721401335363991910630839383072913311253715556150302824,0x0a10ea4f5d42ac33a29d73b8562f4414f5ea2219afd9da74ba950f7aefe7c630,67856043091363573230826787438476899340717171261331542907088468980307686160535,SAME_FAMILY:PRESIDENTIAL_RESULT,frozen market_family metadata
peru_first_round,ACTIVE_RESULTS,0x158fdaad572880f8de3d3f00e4d3c2fbbae77108d88c29deb800141928c1e040,4706104298728283330895721401335363991910630839383072913311253715556150302824,0x0e7f0ffe845b05bdbd172958464fa20bcd9a048781d73e4090e07b03a4da254f,76647756421777021750296882729097877947244398058587662047702870166960832653622,SAME_FAMILY:PRESIDENTIAL_RESULT,frozen market_family metadata
peru_first_round,ACTIVE_RESULTS,0x158fdaad572880f8de3d3f00e4d3c2fbbae77108d88c29deb800141928c1e040,4706104298728283330895721401335363991910630839383072913311253715556150302824,0x24a454785cac9984fde7736d0d4b37929b7253d527d359f547c909eec89862b9,8379837610125291150489935717882363132642018085406636296823338050741934312045,SAME_FAMILY:PRESIDENTIAL_RESULT,frozen market_family metadata
peru_first_round,ACTIVE_RESULTS,0x158fdaad572880f8de3d3f00e4d3c2fbbae77108d88c29deb800141928c1e040,4706104298728283330895721401335363991910630839383072913311253715556150302824,0x28d4cee5a4bb01e0a7b1a39f8a23b2af657d9cf06d1e0ed8443c6b09329b9be3,33676951557383894515546393450532412629166294904696420306881965128761881185587,SAME_FAMILY:PRESIDENTIAL_RESULT,frozen market_family metadata
peru_first_round,ACTIVE_RESULTS,0x158fdaad572880f8de3d3f00e4d3c2fbbae77108d88c29deb800141928c1e040,4706104298728283330895721401335363991910630839383072913311253715556150302824,0x2cd24d17f5680dc6e7b7d67c712a223ae85550745597e81bd2d2b8d073443951,40073700561695212653451049120779209383948898865772011302940523990213422296817,SAME_FAMILY:PRESIDENTIAL_RESULT,frozen market_family metadata
peru_first_round,ACTIVE_RESULTS,0x158fdaad572880f8de3d3f00e4d3c2fbbae77108d88c29deb800141928c1e040,4706104298728283330895721401335363991910630839383072913311253715556150302824,0x3aec41fee9edc59c2b98d439dba86debe339e35f62ac4cdc8de01ab1a5b93f21,16452855558136653776561048576768137577528096989756809438471103880971273573161,SAME_FAMILY:PRESIDENTIAL_RESULT,frozen market_family metadata
peru_first_round,ACTIVE_RESULTS,0x158fdaad572880f8de3d3f00e4d3c2fbbae77108d88c29deb800141928c1e040,4706104298728283330895721401335363991910630839383072913311253715556150302824,0x5e7d3b7cf87325cee6ae6c7417d6e9d7250c4cc2dc912b18ce5cdafba4e6a647,13489012588233322368311367883402374394605806123068707609937025667605598991327,SAME_FAMILY:PRESIDENTIAL_RESULT,frozen market_family metadata
peru_first_round,ACTIVE_RESULTS,0x158fdaad572880f8de3d3f00e4d3c2fbbae77108d88c29deb800141928c1e040,4706104298728283330895721401335363991910630839383072913311253715556150302824,0x6a58844c4dfdf677adb5e20bcefb851833cb335210e139ce37e63482e0679617,106149607129123969375875674066349472207365000320829658467476477807489090216657,SAME_FAMILY:PRESIDENTIAL_RESULT,frozen market_family metadata
peru_first_round,ACTIVE_RESULTS,0x158fdaad572880f8de3d3f00e4d3c2fbbae77108d88c29deb800141928c1e040,4706104298728283330895721401335363991910630839383072913311253715556150302824,0x78f5630bafa15147941daa2fd2926b43febe6af1544cd9d8527b226914f3ca11,9682518067153576122489405729520126083014940106724522567955145436832495666332,SAME_FAMILY:PRESIDENTIAL_RESULT,frozen market_family metadata
peru_first_round,ACTIVE_RESULTS,0x158fdaad572880f8de3d3f00e4d3c2fbbae77108d88c29deb800141928c1e040,4706104298728283330895721401335363991910630839383072913311253715556150302824,0x790d04324ceda5e7fd3b2e62cf043d45b74a9d88921b6b250212d0c9b8ba1afd,79792255824743933242473584104148817428360729889676194064736978155093841181512,SAME_FAMILY:PRESIDENTIAL_RESULT,frozen market_family metadata
peru_first_round,ACTIVE_RESULTS,0x158fdaad572880f8de3d3f00e4d3c2fbbae77108d88c29deb800141928c1e040,4706104298728283330895721401335363991910630839383072913311253715556150302824,0x7965575591c9229a2c75c881555403f5e867cd5759545619d8ec061b2b08135f,78299862190151688660680397893688466572696604800286917240516494924076147885439,SAME_FAMILY:PRESIDENTIAL_RESULT,frozen market_family metadata
peru_first_round,ACTIVE_RESULTS,0x158fdaad572880f8de3d3f00e4d3c2fbbae77108d88c29deb800141928c1e040,4706104298728283330895721401335363991910630839383072913311253715556150302824,0x82d5ffbcda5dc4cb5039bd59224c732c465dc6c052af3257f38055e8dc66b0bf,68553529382068345183582892420839184781828369905058541872190738963134845555492,SAME_FAMILY:PRESIDENTIAL_RESULT,frozen market_family metadata
peru_first_round,ACTIVE_RESULTS,0x158fdaad572880f8de3d3f00e4d3c2fbbae77108d88c29deb800141928c1e040,4706104298728283330895721401335363991910630839383072913311253715556150302824,0x974dcbcce5e8186e0e273065a60675bc17617897c395eca60478d0c49f80718f,101000035200953616880452761567806635979587850958431667672433526557328036615568,SAME_FAMILY:PRESIDENTIAL_RESULT,frozen market_family metadata
peru_first_round,ACTIVE_RESULTS,0x158fdaad572880f8de3d3f00e4d3c2fbbae77108d88c29deb800141928c1e040,4706104298728283330895721401335363991910630839383072913311253715556150302824,0x9b14ba5cc37a35c0db2c9849e631d98195670be4a0f91233a81529f22a7a5949,96778993542273611384637311499081700062825144626170214374801025348770797572532,SAME_FAMILY:PRESIDENTIAL_RESULT,frozen market_family metadata
peru_first_round,ACTIVE_RESULTS,0x158fdaad572880f8de3d3f00e4d3c2fbbae77108d88c29deb800141928c1e040,4706104298728283330895721401335363991910630839383072913311253715556150302824,0xa61438a389267c7deafc9d04cd6d0dc597d70253eb94702c0f5be458d75719a2,31366905060250352809933074814832465062746377846325454298457938183906229951978,SAME_FAMILY:PRESIDENTIAL_RESULT,frozen market_family metadata
peru_first_round,ACTIVE_RESULTS,0x158fdaad572880f8de3d3f00e4d3c2fbbae77108d88c29deb800141928c1e040,4706104298728283330895721401335363991910630839383072913311253715556150302824,0xae6d3d20bc8f742922dc40880cd8a8671c10385a9912fa7cd670fba0643dfe96,91464516107556165907566387619157396733019262339196802152206657889196699256450,SAME_FAMILY:PRESIDENTIAL_RESULT,frozen market_family metadata
peru_first_round,ACTIVE_RESULTS,0x158fdaad572880f8de3d3f00e4d3c2fbbae77108d88c29deb800141928c1e040,4706104298728283330895721401335363991910630839383072913311253715556150302824,0xb06bd8cd9693172502d649f157283cf4d6b15dc6d595495eed33b70e94b6565e,71309235606705427471164237240934647738660821324581969500721476070843942340004,SAME_FAMILY:PRESIDENTIAL_RESULT,frozen market_family metadata
peru_first_round,ACTIVE_RESULTS,0x158fdaad572880f8de3d3f00e4d3c2fbbae77108d88c29deb800141928c1e040,4706104298728283330895721401335363991910630839383072913311253715556150302824,0xc4c3dbcc37a957a817599b0bf9fb5bd6b62b19210b0f527fec57cb75c7ed150a,64703998724474008677827057135436893758254552168142785204605792475717308499827,SAME_FAMILY:PRESIDENTIAL_RESULT,frozen market_family metadata
peru_first_round,ACTIVE_RESULTS,0x158fdaad572880f8de3d3f00e4d3c2fbbae77108d88c29deb800141928c1e040,4706104298728283330895721401335363991910630839383072913311253715556150302824,0xd149b38c9da6bacbdc0068b579f8d255196f8c2ed6a5df67f5f3064dd00733e9,88830008994939255030108226010888813127369861666100484617000813260227025912888,SAME_FAMILY:PRESIDENTIAL_RESULT,frozen market_family metadata
peru_first_round,ACTIVE_RESULTS,0x158fdaad572880f8de3d3f00e4d3c2fbbae77108d88c29deb800141928c1e040,4706104298728283330895721401335363991910630839383072913311253715556150302824,0xef61cec575ac7260343e1f0c11900fee12a1f30b521b649eec7663ec5424242a,50243762671512851167282517271037976718384543563492030616749604530990728402798,SAME_FAMILY:PRESIDENTIAL_RESULT,frozen market_family metadata
peru_first_round,ACTIVE_RESULTS,0x158fdaad572880f8de3d3f00e4d3c2fbbae77108d88c29deb800141928c1e040,4706104298728283330895721401335363991910630839383072913311253715556150302824,0xf73e2e231d324cb662ad80eefdd90bba5007fc4df45bc2c7bab90d83693cc4ee,6200507252841835595951008504441149768354972632973075259527756928392759138736,SAME_FAMILY:PRESIDENTIAL_RESULT,frozen market_family metadata
peru_first_round,ACTIVE_RESULTS,0x24a454785cac9984fde7736d0d4b37929b7253d527d359f547c909eec89862b9,8379837610125291150489935717882363132642018085406636296823338050741934312045,0x0a10ea4f5d42ac33a29d73b8562f4414f5ea2219afd9da74ba950f7aefe7c630,67856043091363573230826787438476899340717171261331542907088468980307686160535,SAME_FAMILY:PRESIDENTIAL_RESULT,frozen market_family metadata
peru_first_round,ACTIVE_RESULTS,0x24a454785cac9984fde7736d0d4b37929b7253d527d359f547c909eec89862b9,8379837610125291150489935717882363132642018085406636296823338050741934312045,0x0e7f0ffe845b05bdbd172958464fa20bcd9a048781d73e4090e07b03a4da254f,76647756421777021750296882729097877947244398058587662047702870166960832653622,SAME_FAMILY:PRESIDENTIAL_RESULT,frozen market_family metadata
peru_first_round,ACTIVE_RESULTS,0x24a454785cac9984fde7736d0d4b37929b7253d527d359f547c909eec89862b9,8379837610125291150489935717882363132642018085406636296823338050741934312045,0x158fdaad572880f8de3d3f00e4d3c2fbbae77108d88c29deb800141928c1e040,4706104298728283330895721401335363991910630839383072913311253715556150302824,SAME_FAMILY:PRESIDENTIAL_RESULT,frozen market_family metadata
peru_first_round,ACTIVE_RESULTS,0x24a454785cac9984fde7736d0d4b37929b7253d527d359f547c909eec89862b9,8379837610125291150489935717882363132642018085406636296823338050741934312045,0x28d4cee5a4bb01e0a7b1a39f8a23b2af657d9cf06d1e0ed8443c6b09329b9be3,33676951557383894515546393450532412629166294904696420306881965128761881185587,SAME_FAMILY:PRESIDENTIAL_RESULT,frozen market_family metadata
peru_first_round,ACTIVE_RESULTS,0x24a454785cac9984fde7736d0d4b37929b7253d527d359f547c909eec89862b9,8379837610125291150489935717882363132642018085406636296823338050741934312045,0x2cd24d17f5680dc6e7b7d67c712a223ae85550745597e81bd2d2b8d073443951,40073700561695212653451049120779209383948898865772011302940523990213422296817,SAME_FAMILY:PRESIDENTIAL_RESULT,frozen market_family metadata
peru_first_round,ACTIVE_RESULTS,0x24a454785cac9984fde7736d0d4b37929b7253d527d359f547c909eec89862b9,8379837610125291150489935717882363132642018085406636296823338050741934312045,0x3aec41fee9edc59c2b98d439dba86debe339e35f62ac4cdc8de01ab1a5b93f21,16452855558136653776561048576768137577528096989756809438471103880971273573161,SAME_FAMILY:PRESIDENTIAL_RESULT,frozen market_family metadata
peru_first_round,ACTIVE_RESULTS,0x24a454785cac9984fde7736d0d4b37929b7253d527d359f547c909eec89862b9,8379837610125291150489935717882363132642018085406636296823338050741934312045,0x5e7d3b7cf87325cee6ae6c7417d6e9d7250c4cc2dc912b18ce5cdafba4e6a647,13489012588233322368311367883402374394605806123068707609937025667605598991327,SAME_FAMILY:PRESIDENTIAL_RESULT,frozen market_family metadata
peru_first_round,ACTIVE_RESULTS,0x24a454785cac9984fde7736d0d4b37929b7253d527d359f547c909eec89862b9,8379837610125291150489935717882363132642018085406636296823338050741934312045,0x6a58844c4dfdf677adb5e20bcefb851833cb335210e139ce37e63482e0679617,106149607129123969375875674066349472207365000320829658467476477807489090216657,SAME_FAMILY:PRESIDENTIAL_RESULT,frozen market_family metadata
peru_first_round,ACTIVE_RESULTS,0x24a454785cac9984fde7736d0d4b37929b7253d527d359f547c909eec89862b9,8379837610125291150489935717882363132642018085406636296823338050741934312045,0x78f5630bafa15147941daa2fd2926b43febe6af1544cd9d8527b226914f3ca11,9682518067153576122489405729520126083014940106724522567955145436832495666332,SAME_FAMILY:PRESIDENTIAL_RESULT,frozen market_family metadata
peru_first_round,ACTIVE_RESULTS,0x24a454785cac9984fde7736d0d4b37929b7253d527d359f547c909eec89862b9,8379837610125291150489935717882363132642018085406636296823338050741934312045,0x790d04324ceda5e7fd3b2e62cf043d45b74a9d88921b6b250212d0c9b8ba1afd,79792255824743933242473584104148817428360729889676194064736978155093841181512,SAME_FAMILY:PRESIDENTIAL_RESULT,frozen market_family metadata
peru_first_round,ACTIVE_RESULTS,0x24a454785cac9984fde7736d0d4b37929b7253d527d359f547c909eec89862b9,8379837610125291150489935717882363132642018085406636296823338050741934312045,0x7965575591c9229a2c75c881555403f5e867cd5759545619d8ec061b2b08135f,78299862190151688660680397893688466572696604800286917240516494924076147885439,SAME_FAMILY:PRESIDENTIAL_RESULT,frozen market_family metadata
peru_first_round,ACTIVE_RESULTS,0x24a454785cac9984fde7736d0d4b37929b7253d527d359f547c909eec89862b9,8379837610125291150489935717882363132642018085406636296823338050741934312045,0x82d5ffbcda5dc4cb5039bd59224c732c465dc6c052af3257f38055e8dc66b0bf,68553529382068345183582892420839184781828369905058541872190738963134845555492,SAME_FAMILY:PRESIDENTIAL_RESULT,frozen market_family metadata
peru_first_round,ACTIVE_RESULTS,0x24a454785cac9984fde7736d0d4b37929b7253d527d359f547c909eec89862b9,8379837610125291150489935717882363132642018085406636296823338050741934312045,0x974dcbcce5e8186e0e273065a60675bc17617897c395eca60478d0c49f80718f,101000035200953616880452761567806635979587850958431667672433526557328036615568,SAME_FAMILY:PRESIDENTIAL_RESULT,frozen market_family metadata
peru_first_round,ACTIVE_RESULTS,0x24a454785cac9984fde7736d0d4b37929b7253d527d359f547c909eec89862b9,8379837610125291150489935717882363132642018085406636296823338050741934312045,0x9b14ba5cc37a35c0db2c9849e631d98195670be4a0f91233a81529f22a7a5949,96778993542273611384637311499081700062825144626170214374801025348770797572532,SAME_FAMILY:PRESIDENTIAL_RESULT,frozen market_family metadata
peru_first_round,ACTIVE_RESULTS,0x24a454785cac9984fde7736d0d4b37929b7253d527d359f547c909eec89862b9,8379837610125291150489935717882363132642018085406636296823338050741934312045,0xa61438a389267c7deafc9d04cd6d0dc597d70253eb94702c0f5be458d75719a2,31366905060250352809933074814832465062746377846325454298457938183906229951978,SAME_FAMILY:PRESIDENTIAL_RESULT,frozen market_family metadata
peru_first_round,ACTIVE_RESULTS,0x24a454785cac9984fde7736d0d4b37929b7253d527d359f547c909eec89862b9,8379837610125291150489935717882363132642018085406636296823338050741934312045,0xae6d3d20bc8f742922dc40880cd8a8671c10385a9912fa7cd670fba0643dfe96,91464516107556165907566387619157396733019262339196802152206657889196699256450,SAME_FAMILY:PRESIDENTIAL_RESULT,frozen market_family metadata
peru_first_round,ACTIVE_RESULTS,0x24a454785cac9984fde7736d0d4b37929b7253d527d359f547c909eec89862b9,8379837610125291150489935717882363132642018085406636296823338050741934312045,0xb06bd8cd9693172502d649f157283cf4d6b15dc6d595495eed33b70e94b6565e,71309235606705427471164237240934647738660821324581969500721476070843942340004,SAME_FAMILY:PRESIDENTIAL_RESULT,frozen market_family metadata
peru_first_round,ACTIVE_RESULTS,0x24a454785cac9984fde7736d0d4b37929b7253d527d359f547c909eec89862b9,8379837610125291150489935717882363132642018085406636296823338050741934312045,0xc4c3dbcc37a957a817599b0bf9fb5bd6b62b19210b0f527fec57cb75c7ed150a,64703998724474008677827057135436893758254552168142785204605792475717308499827,SAME_FAMILY:PRESIDENTIAL_RESULT,frozen market_family metadata
peru_first_round,ACTIVE_RESULTS,0x24a454785cac9984fde7736d0d4b37929b7253d527d359f547c909eec89862b9,8379837610125291150489935717882363132642018085406636296823338050741934312045,0xd149b38c9da6bacbdc0068b579f8d255196f8c2ed6a5df67f5f3064dd00733e9,88830008994939255030108226010888813127369861666100484617000813260227025912888,SAME_FAMILY:PRESIDENTIAL_RESULT,frozen market_family metadata
peru_first_round,ACTIVE_RESULTS,0x24a454785cac9984fde7736d0d4b37929b7253d527d359f547c909eec89862b9,8379837610125291150489935717882363132642018085406636296823338050741934312045,0xef61cec575ac7260343e1f0c11900fee12a1f30b521b649eec7663ec5424242a,50243762671512851167282517271037976718384543563492030616749604530990728402798,SAME_FAMILY:PRESIDENTIAL_RESULT,frozen market_family metadata
peru_first_round,ACTIVE_RESULTS,0x24a454785cac9984fde7736d0d4b37929b7253d527d359f547c909eec89862b9,8379837610125291150489935717882363132642018085406636296823338050741934312045,0xf73e2e231d324cb662ad80eefdd90bba5007fc4df45bc2c7bab90d83693cc4ee,6200507252841835595951008504441149768354972632973075259527756928392759138736,SAME_FAMILY:PRESIDENTIAL_RESULT,frozen market_family metadata
peru_first_round,ACTIVE_RESULTS,0x28d4cee5a4bb01e0a7b1a39f8a23b2af657d9cf06d1e0ed8443c6b09329b9be3,33676951557383894515546393450532412629166294904696420306881965128761881185587,0x0a10ea4f5d42ac33a29d73b8562f4414f5ea2219afd9da74ba950f7aefe7c630,67856043091363573230826787438476899340717171261331542907088468980307686160535,SAME_FAMILY:PRESIDENTIAL_RESULT,frozen market_family metadata
peru_first_round,ACTIVE_RESULTS,0x28d4cee5a4bb01e0a7b1a39f8a23b2af657d9cf06d1e0ed8443c6b09329b9be3,33676951557383894515546393450532412629166294904696420306881965128761881185587,0x0e7f0ffe845b05bdbd172958464fa20bcd9a048781d73e4090e07b03a4da254f,76647756421777021750296882729097877947244398058587662047702870166960832653622,SAME_FAMILY:PRESIDENTIAL_RESULT,frozen market_family metadata
peru_first_round,ACTIVE_RESULTS,0x28d4cee5a4bb01e0a7b1a39f8a23b2af657d9cf06d1e0ed8443c6b09329b9be3,33676951557383894515546393450532412629166294904696420306881965128761881185587,0x158fdaad572880f8de3d3f00e4d3c2fbbae77108d88c29deb800141928c1e040,4706104298728283330895721401335363991910630839383072913311253715556150302824,SAME_FAMILY:PRESIDENTIAL_RESULT,frozen market_family metadata
peru_first_round,ACTIVE_RESULTS,0x28d4cee5a4bb01e0a7b1a39f8a23b2af657d9cf06d1e0ed8443c6b09329b9be3,33676951557383894515546393450532412629166294904696420306881965128761881185587,0x24a454785cac9984fde7736d0d4b37929b7253d527d359f547c909eec89862b9,8379837610125291150489935717882363132642018085406636296823338050741934312045,SAME_FAMILY:PRESIDENTIAL_RESULT,frozen market_family metadata
peru_first_round,ACTIVE_RESULTS,0x28d4cee5a4bb01e0a7b1a39f8a23b2af657d9cf06d1e0ed8443c6b09329b9be3,33676951557383894515546393450532412629166294904696420306881965128761881185587,0x2cd24d17f5680dc6e7b7d67c712a223ae85550745597e81bd2d2b8d073443951,40073700561695212653451049120779209383948898865772011302940523990213422296817,SAME_FAMILY:PRESIDENTIAL_RESULT,frozen market_family metadata
peru_first_round,ACTIVE_RESULTS,0x28d4cee5a4bb01e0a7b1a39f8a23b2af657d9cf06d1e0ed8443c6b09329b9be3,33676951557383894515546393450532412629166294904696420306881965128761881185587,0x3aec41fee9edc59c2b98d439dba86debe339e35f62ac4cdc8de01ab1a5b93f21,16452855558136653776561048576768137577528096989756809438471103880971273573161,SAME_FAMILY:PRESIDENTIAL_RESULT,frozen market_family metadata
peru_first_round,ACTIVE_RESULTS,0x28d4cee5a4bb01e0a7b1a39f8a23b2af657d9cf06d1e0ed8443c6b09329b9be3,33676951557383894515546393450532412629166294904696420306881965128761881185587,0x5e7d3b7cf87325cee6ae6c7417d6e9d7250c4cc2dc912b18ce5cdafba4e6a647,13489012588233322368311367883402374394605806123068707609937025667605598991327,SAME_FAMILY:PRESIDENTIAL_RESULT,frozen market_family metadata
peru_first_round,ACTIVE_RESULTS,0x28d4cee5a4bb01e0a7b1a39f8a23b2af657d9cf06d1e0ed8443c6b09329b9be3,33676951557383894515546393450532412629166294904696420306881965128761881185587,0x6a58844c4dfdf677adb5e20bcefb851833cb335210e139ce37e63482e0679617,106149607129123969375875674066349472207365000320829658467476477807489090216657,SAME_FAMILY:PRESIDENTIAL_RESULT,frozen market_family metadata
peru_first_round,ACTIVE_RESULTS,0x28d4cee5a4bb01e0a7b1a39f8a23b2af657d9cf06d1e0ed8443c6b09329b9be3,33676951557383894515546393450532412629166294904696420306881965128761881185587,0x78f5630bafa15147941daa2fd2926b43febe6af1544cd9d8527b226914f3ca11,9682518067153576122489405729520126083014940106724522567955145436832495666332,SAME_FAMILY:PRESIDENTIAL_RESULT,frozen market_family metadata
peru_first_round,ACTIVE_RESULTS,0x28d4cee5a4bb01e0a7b1a39f8a23b2af657d9cf06d1e0ed8443c6b09329b9be3,33676951557383894515546393450532412629166294904696420306881965128761881185587,0x790d04324ceda5e7fd3b2e62cf043d45b74a9d88921b6b250212d0c9b8ba1afd,79792255824743933242473584104148817428360729889676194064736978155093841181512,SAME_FAMILY:PRESIDENTIAL_RESULT,frozen market_family metadata
peru_first_round,ACTIVE_RESULTS,0x28d4cee5a4bb01e0a7b1a39f8a23b2af657d9cf06d1e0ed8443c6b09329b9be3,33676951557383894515546393450532412629166294904696420306881965128761881185587,0x7965575591c9229a2c75c881555403f5e867cd5759545619d8ec061b2b08135f,78299862190151688660680397893688466572696604800286917240516494924076147885439,SAME_FAMILY:PRESIDENTIAL_RESULT,frozen market_family metadata
peru_first_round,ACTIVE_RESULTS,0x28d4cee5a4bb01e0a7b1a39f8a23b2af657d9cf06d1e0ed8443c6b09329b9be3,33676951557383894515546393450532412629166294904696420306881965128761881185587,0x82d5ffbcda5dc4cb5039bd59224c732c465dc6c052af3257f38055e8dc66b0bf,68553529382068345183582892420839184781828369905058541872190738963134845555492,SAME_FAMILY:PRESIDENTIAL_RESULT,frozen market_family metadata
peru_first_round,ACTIVE_RESULTS,0x28d4cee5a4bb01e0a7b1a39f8a23b2af657d9cf06d1e0ed8443c6b09329b9be3,33676951557383894515546393450532412629166294904696420306881965128761881185587,0x974dcbcce5e8186e0e273065a60675bc17617897c395eca60478d0c49f80718f,101000035200953616880452761567806635979587850958431667672433526557328036615568,SAME_FAMILY:PRESIDENTIAL_RESULT,frozen market_family metadata
peru_first_round,ACTIVE_RESULTS,0x28d4cee5a4bb01e0a7b1a39f8a23b2af657d9cf06d1e0ed8443c6b09329b9be3,33676951557383894515546393450532412629166294904696420306881965128761881185587,0x9b14ba5cc37a35c0db2c9849e631d98195670be4a0f91233a81529f22a7a5949,96778993542273611384637311499081700062825144626170214374801025348770797572532,SAME_FAMILY:PRESIDENTIAL_RESULT,frozen market_family metadata
peru_first_round,ACTIVE_RESULTS,0x28d4cee5a4bb01e0a7b1a39f8a23b2af657d9cf06d1e0ed8443c6b09329b9be3,33676951557383894515546393450532412629166294904696420306881965128761881185587,0xa61438a389267c7deafc9d04cd6d0dc597d70253eb94702c0f5be458d75719a2,31366905060250352809933074814832465062746377846325454298457938183906229951978,SAME_FAMILY:PRESIDENTIAL_RESULT,frozen market_family metadata
peru_first_round,ACTIVE_RESULTS,0x28d4cee5a4bb01e0a7b1a39f8a23b2af657d9cf06d1e0ed8443c6b09329b9be3,33676951557383894515546393450532412629166294904696420306881965128761881185587,0xae6d3d20bc8f742922dc40880cd8a8671c10385a9912fa7cd670fba0643dfe96,91464516107556165907566387619157396733019262339196802152206657889196699256450,SAME_FAMILY:PRESIDENTIAL_RESULT,frozen market_family metadata
peru_first_round,ACTIVE_RESULTS,0x28d4cee5a4bb01e0a7b1a39f8a23b2af657d9cf06d1e0ed8443c6b09329b9be3,33676951557383894515546393450532412629166294904696420306881965128761881185587,0xb06bd8cd9693172502d649f157283cf4d6b15dc6d595495eed33b70e94b6565e,71309235606705427471164237240934647738660821324581969500721476070843942340004,SAME_FAMILY:PRESIDENTIAL_RESULT,frozen market_family metadata
peru_first_round,ACTIVE_RESULTS,0x28d4cee5a4bb01e0a7b1a39f8a23b2af657d9cf06d1e0ed8443c6b09329b9be3,33676951557383894515546393450532412629166294904696420306881965128761881185587,0xc4c3dbcc37a957a817599b0bf9fb5bd6b62b19210b0f527fec57cb75c7ed150a,64703998724474008677827057135436893758254552168142785204605792475717308499827,SAME_FAMILY:PRESIDENTIAL_RESULT,frozen market_family metadata
peru_first_round,ACTIVE_RESULTS,0x28d4cee5a4bb01e0a7b1a39f8a23b2af657d9cf06d1e0ed8443c6b09329b9be3,33676951557383894515546393450532412629166294904696420306881965128761881185587,0xd149b38c9da6bacbdc0068b579f8d255196f8c2ed6a5df67f5f3064dd00733e9,88830008994939255030108226010888813127369861666100484617000813260227025912888,SAME_FAMILY:PRESIDENTIAL_RESULT,frozen market_family metadata
peru_first_round,ACTIVE_RESULTS,0x28d4cee5a4bb01e0a7b1a39f8a23b2af657d9cf06d1e0ed8443c6b09329b9be3,33676951557383894515546393450532412629166294904696420306881965128761881185587,0xef61cec575ac7260343e1f0c11900fee12a1f30b521b649eec7663ec5424242a,50243762671512851167282517271037976718384543563492030616749604530990728402798,SAME_FAMILY:PRESIDENTIAL_RESULT,frozen market_family metadata
peru_first_round,ACTIVE_RESULTS,0x28d4cee5a4bb01e0a7b1a39f8a23b2af657d9cf06d1e0ed8443c6b09329b9be3,33676951557383894515546393450532412629166294904696420306881965128761881185587,0xf73e2e231d324cb662ad80eefdd90bba5007fc4df45bc2c7bab90d83693cc4ee,6200507252841835595951008504441149768354972632973075259527756928392759138736,SAME_FAMILY:PRESIDENTIAL_RESULT,frozen market_family metadata
peru_first_round,ACTIVE_RESULTS,0x2cd24d17f5680dc6e7b7d67c712a223ae85550745597e81bd2d2b8d073443951,40073700561695212653451049120779209383948898865772011302940523990213422296817,0x0a10ea4f5d42ac33a29d73b8562f4414f5ea2219afd9da74ba950f7aefe7c630,67856043091363573230826787438476899340717171261331542907088468980307686160535,SAME_FAMILY:PRESIDENTIAL_RESULT,frozen market_family metadata
peru_first_round,ACTIVE_RESULTS,0x2cd24d17f5680dc6e7b7d67c712a223ae85550745597e81bd2d2b8d073443951,40073700561695212653451049120779209383948898865772011302940523990213422296817,0x0e7f0ffe845b05bdbd172958464fa20bcd9a048781d73e4090e07b03a4da254f,76647756421777021750296882729097877947244398058587662047702870166960832653622,SAME_FAMILY:PRESIDENTIAL_RESULT,frozen market_family metadata
peru_first_round,ACTIVE_RESULTS,0x2cd24d17f5680dc6e7b7d67c712a223ae85550745597e81bd2d2b8d073443951,40073700561695212653451049120779209383948898865772011302940523990213422296817,0x158fdaad572880f8de3d3f00e4d3c2fbbae77108d88c29deb800141928c1e040,4706104298728283330895721401335363991910630839383072913311253715556150302824,SAME_FAMILY:PRESIDENTIAL_RESULT,frozen market_family metadata
peru_first_round,ACTIVE_RESULTS,0x2cd24d17f5680dc6e7b7d67c712a223ae85550745597e81bd2d2b8d073443951,40073700561695212653451049120779209383948898865772011302940523990213422296817,0x24a454785cac9984fde7736d0d4b37929b7253d527d359f547c909eec89862b9,8379837610125291150489935717882363132642018085406636296823338050741934312045,SAME_FAMILY:PRESIDENTIAL_RESULT,frozen market_family metadata
peru_first_round,ACTIVE_RESULTS,0x2cd24d17f5680dc6e7b7d67c712a223ae85550745597e81bd2d2b8d073443951,40073700561695212653451049120779209383948898865772011302940523990213422296817,0x28d4cee5a4bb01e0a7b1a39f8a23b2af657d9cf06d1e0ed8443c6b09329b9be3,33676951557383894515546393450532412629166294904696420306881965128761881185587,SAME_FAMILY:PRESIDENTIAL_RESULT,frozen market_family metadata
peru_first_round,ACTIVE_RESULTS,0x2cd24d17f5680dc6e7b7d67c712a223ae85550745597e81bd2d2b8d073443951,40073700561695212653451049120779209383948898865772011302940523990213422296817,0x3aec41fee9edc59c2b98d439dba86debe339e35f62ac4cdc8de01ab1a5b93f21,16452855558136653776561048576768137577528096989756809438471103880971273573161,SAME_FAMILY:PRESIDENTIAL_RESULT,frozen market_family metadata
peru_first_round,ACTIVE_RESULTS,0x2cd24d17f5680dc6e7b7d67c712a223ae85550745597e81bd2d2b8d073443951,40073700561695212653451049120779209383948898865772011302940523990213422296817,0x5e7d3b7cf87325cee6ae6c7417d6e9d7250c4cc2dc912b18ce5cdafba4e6a647,13489012588233322368311367883402374394605806123068707609937025667605598991327,SAME_FAMILY:PRESIDENTIAL_RESULT,frozen market_family metadata
peru_first_round,ACTIVE_RESULTS,0x2cd24d17f5680dc6e7b7d67c712a223ae85550745597e81bd2d2b8d073443951,40073700561695212653451049120779209383948898865772011302940523990213422296817,0x6a58844c4dfdf677adb5e20bcefb851833cb335210e139ce37e63482e0679617,106149607129123969375875674066349472207365000320829658467476477807489090216657,SAME_FAMILY:PRESIDENTIAL_RESULT,frozen market_family metadata
peru_first_round,ACTIVE_RESULTS,0x2cd24d17f5680dc6e7b7d67c712a223ae85550745597e81bd2d2b8d073443951,40073700561695212653451049120779209383948898865772011302940523990213422296817,0x78f5630bafa15147941daa2fd2926b43febe6af1544cd9d8527b226914f3ca11,9682518067153576122489405729520126083014940106724522567955145436832495666332,SAME_FAMILY:PRESIDENTIAL_RESULT,frozen market_family metadata
peru_first_round,ACTIVE_RESULTS,0x2cd24d17f5680dc6e7b7d67c712a223ae85550745597e81bd2d2b8d073443951,40073700561695212653451049120779209383948898865772011302940523990213422296817,0x790d04324ceda5e7fd3b2e62cf043d45b74a9d88921b6b250212d0c9b8ba1afd,79792255824743933242473584104148817428360729889676194064736978155093841181512,SAME_FAMILY:PRESIDENTIAL_RESULT,frozen market_family metadata
peru_first_round,ACTIVE_RESULTS,0x2cd24d17f5680dc6e7b7d67c712a223ae85550745597e81bd2d2b8d073443951,40073700561695212653451049120779209383948898865772011302940523990213422296817,0x7965575591c9229a2c75c881555403f5e867cd5759545619d8ec061b2b08135f,78299862190151688660680397893688466572696604800286917240516494924076147885439,SAME_FAMILY:PRESIDENTIAL_RESULT,frozen market_family metadata
peru_first_round,ACTIVE_RESULTS,0x2cd24d17f5680dc6e7b7d67c712a223ae85550745597e81bd2d2b8d073443951,40073700561695212653451049120779209383948898865772011302940523990213422296817,0x82d5ffbcda5dc4cb5039bd59224c732c465dc6c052af3257f38055e8dc66b0bf,68553529382068345183582892420839184781828369905058541872190738963134845555492,SAME_FAMILY:PRESIDENTIAL_RESULT,frozen market_family metadata
peru_first_round,ACTIVE_RESULTS,0x2cd24d17f5680dc6e7b7d67c712a223ae85550745597e81bd2d2b8d073443951,40073700561695212653451049120779209383948898865772011302940523990213422296817,0x974dcbcce5e8186e0e273065a60675bc17617897c395eca60478d0c49f80718f,101000035200953616880452761567806635979587850958431667672433526557328036615568,SAME_FAMILY:PRESIDENTIAL_RESULT,frozen market_family metadata
peru_first_round,ACTIVE_RESULTS,0x2cd24d17f5680dc6e7b7d67c712a223ae85550745597e81bd2d2b8d073443951,40073700561695212653451049120779209383948898865772011302940523990213422296817,0x9b14ba5cc37a35c0db2c9849e631d98195670be4a0f91233a81529f22a7a5949,96778993542273611384637311499081700062825144626170214374801025348770797572532,SAME_FAMILY:PRESIDENTIAL_RESULT,frozen market_family metadata
peru_first_round,ACTIVE_RESULTS,0x2cd24d17f5680dc6e7b7d67c712a223ae85550745597e81bd2d2b8d073443951,40073700561695212653451049120779209383948898865772011302940523990213422296817,0xa61438a389267c7deafc9d04cd6d0dc597d70253eb94702c0f5be458d75719a2,31366905060250352809933074814832465062746377846325454298457938183906229951978,SAME_FAMILY:PRESIDENTIAL_RESULT,frozen market_family metadata
peru_first_round,ACTIVE_RESULTS,0x2cd24d17f5680dc6e7b7d67c712a223ae85550745597e81bd2d2b8d073443951,40073700561695212653451049120779209383948898865772011302940523990213422296817,0xae6d3d20bc8f742922dc40880cd8a8671c10385a9912fa7cd670fba0643dfe96,91464516107556165907566387619157396733019262339196802152206657889196699256450,SAME_FAMILY:PRESIDENTIAL_RESULT,frozen market_family metadata
peru_first_round,ACTIVE_RESULTS,0x2cd24d17f5680dc6e7b7d67c712a223ae85550745597e81bd2d2b8d073443951,40073700561695212653451049120779209383948898865772011302940523990213422296817,0xb06bd8cd9693172502d649f157283cf4d6b15dc6d595495eed33b70e94b6565e,71309235606705427471164237240934647738660821324581969500721476070843942340004,SAME_FAMILY:PRESIDENTIAL_RESULT,frozen market_family metadata
peru_first_round,ACTIVE_RESULTS,0x2cd24d17f5680dc6e7b7d67c712a223ae85550745597e81bd2d2b8d073443951,40073700561695212653451049120779209383948898865772011302940523990213422296817,0xc4c3dbcc37a957a817599b0bf9fb5bd6b62b19210b0f527fec57cb75c7ed150a,64703998724474008677827057135436893758254552168142785204605792475717308499827,SAME_FAMILY:PRESIDENTIAL_RESULT,frozen market_family metadata
peru_first_round,ACTIVE_RESULTS,0x2cd24d17f5680dc6e7b7d67c712a223ae85550745597e81bd2d2b8d073443951,40073700561695212653451049120779209383948898865772011302940523990213422296817,0xd149b38c9da6bacbdc0068b579f8d255196f8c2ed6a5df67f5f3064dd00733e9,88830008994939255030108226010888813127369861666100484617000813260227025912888,SAME_FAMILY:PRESIDENTIAL_RESULT,frozen market_family metadata
peru_first_round,ACTIVE_RESULTS,0x2cd24d17f5680dc6e7b7d67c712a223ae85550745597e81bd2d2b8d073443951,40073700561695212653451049120779209383948898865772011302940523990213422296817,0xef61cec575ac7260343e1f0c11900fee12a1f30b521b649eec7663ec5424242a,50243762671512851167282517271037976718384543563492030616749604530990728402798,SAME_FAMILY:PRESIDENTIAL_RESULT,frozen market_family metadata
peru_first_round,ACTIVE_RESULTS,0x2cd24d17f5680dc6e7b7d67c712a223ae85550745597e81bd2d2b8d073443951,40073700561695212653451049120779209383948898865772011302940523990213422296817,0xf73e2e231d324cb662ad80eefdd90bba5007fc4df45bc2c7bab90d83693cc4ee,6200507252841835595951008504441149768354972632973075259527756928392759138736,SAME_FAMILY:PRESIDENTIAL_RESULT,frozen market_family metadata
peru_first_round,ACTIVE_RESULTS,0x3aec41fee9edc59c2b98d439dba86debe339e35f62ac4cdc8de01ab1a5b93f21,16452855558136653776561048576768137577528096989756809438471103880971273573161,0x0a10ea4f5d42ac33a29d73b8562f4414f5ea2219afd9da74ba950f7aefe7c630,67856043091363573230826787438476899340717171261331542907088468980307686160535,SAME_FAMILY:PRESIDENTIAL_RESULT,frozen market_family metadata
peru_first_round,ACTIVE_RESULTS,0x3aec41fee9edc59c2b98d439dba86debe339e35f62ac4cdc8de01ab1a5b93f21,16452855558136653776561048576768137577528096989756809438471103880971273573161,0x0e7f0ffe845b05bdbd172958464fa20bcd9a048781d73e4090e07b03a4da254f,76647756421777021750296882729097877947244398058587662047702870166960832653622,SAME_FAMILY:PRESIDENTIAL_RESULT,frozen market_family metadata
peru_first_round,ACTIVE_RESULTS,0x3aec41fee9edc59c2b98d439dba86debe339e35f62ac4cdc8de01ab1a5b93f21,16452855558136653776561048576768137577528096989756809438471103880971273573161,0x158fdaad572880f8de3d3f00e4d3c2fbbae77108d88c29deb800141928c1e040,4706104298728283330895721401335363991910630839383072913311253715556150302824,SAME_FAMILY:PRESIDENTIAL_RESULT,frozen market_family metadata
peru_first_round,ACTIVE_RESULTS,0x3aec41fee9edc59c2b98d439dba86debe339e35f62ac4cdc8de01ab1a5b93f21,16452855558136653776561048576768137577528096989756809438471103880971273573161,0x24a454785cac9984fde7736d0d4b37929b7253d527d359f547c909eec89862b9,8379837610125291150489935717882363132642018085406636296823338050741934312045,SAME_FAMILY:PRESIDENTIAL_RESULT,frozen market_family metadata
peru_first_round,ACTIVE_RESULTS,0x3aec41fee9edc59c2b98d439dba86debe339e35f62ac4cdc8de01ab1a5b93f21,16452855558136653776561048576768137577528096989756809438471103880971273573161,0x28d4cee5a4bb01e0a7b1a39f8a23b2af657d9cf06d1e0ed8443c6b09329b9be3,33676951557383894515546393450532412629166294904696420306881965128761881185587,SAME_FAMILY:PRESIDENTIAL_RESULT,frozen market_family metadata
peru_first_round,ACTIVE_RESULTS,0x3aec41fee9edc59c2b98d439dba86debe339e35f62ac4cdc8de01ab1a5b93f21,16452855558136653776561048576768137577528096989756809438471103880971273573161,0x2cd24d17f5680dc6e7b7d67c712a223ae85550745597e81bd2d2b8d073443951,40073700561695212653451049120779209383948898865772011302940523990213422296817,SAME_FAMILY:PRESIDENTIAL_RESULT,frozen market_family metadata
peru_first_round,ACTIVE_RESULTS,0x3aec41fee9edc59c2b98d439dba86debe339e35f62ac4cdc8de01ab1a5b93f21,16452855558136653776561048576768137577528096989756809438471103880971273573161,0x5e7d3b7cf87325cee6ae6c7417d6e9d7250c4cc2dc912b18ce5cdafba4e6a647,13489012588233322368311367883402374394605806123068707609937025667605598991327,SAME_FAMILY:PRESIDENTIAL_RESULT,frozen market_family metadata
peru_first_round,ACTIVE_RESULTS,0x3aec41fee9edc59c2b98d439dba86debe339e35f62ac4cdc8de01ab1a5b93f21,16452855558136653776561048576768137577528096989756809438471103880971273573161,0x6a58844c4dfdf677adb5e20bcefb851833cb335210e139ce37e63482e0679617,106149607129123969375875674066349472207365000320829658467476477807489090216657,SAME_FAMILY:PRESIDENTIAL_RESULT,frozen market_family metadata
peru_first_round,ACTIVE_RESULTS,0x3aec41fee9edc59c2b98d439dba86debe339e35f62ac4cdc8de01ab1a5b93f21,16452855558136653776561048576768137577528096989756809438471103880971273573161,0x78f5630bafa15147941daa2fd2926b43febe6af1544cd9d8527b226914f3ca11,9682518067153576122489405729520126083014940106724522567955145436832495666332,SAME_FAMILY:PRESIDENTIAL_RESULT,frozen market_family metadata
peru_first_round,ACTIVE_RESULTS,0x3aec41fee9edc59c2b98d439dba86debe339e35f62ac4cdc8de01ab1a5b93f21,16452855558136653776561048576768137577528096989756809438471103880971273573161,0x790d04324ceda5e7fd3b2e62cf043d45b74a9d88921b6b250212d0c9b8ba1afd,79792255824743933242473584104148817428360729889676194064736978155093841181512,SAME_FAMILY:PRESIDENTIAL_RESULT,frozen market_family metadata
peru_first_round,ACTIVE_RESULTS,0x3aec41fee9edc59c2b98d439dba86debe339e35f62ac4cdc8de01ab1a5b93f21,16452855558136653776561048576768137577528096989756809438471103880971273573161,0x7965575591c9229a2c75c881555403f5e867cd5759545619d8ec061b2b08135f,78299862190151688660680397893688466572696604800286917240516494924076147885439,SAME_FAMILY:PRESIDENTIAL_RESULT,frozen market_family metadata
peru_first_round,ACTIVE_RESULTS,0x3aec41fee9edc59c2b98d439dba86debe339e35f62ac4cdc8de01ab1a5b93f21,16452855558136653776561048576768137577528096989756809438471103880971273573161,0x82d5ffbcda5dc4cb5039bd59224c732c465dc6c052af3257f38055e8dc66b0bf,68553529382068345183582892420839184781828369905058541872190738963134845555492,SAME_FAMILY:PRESIDENTIAL_RESULT,frozen market_family metadata
peru_first_round,ACTIVE_RESULTS,0x3aec41fee9edc59c2b98d439dba86debe339e35f62ac4cdc8de01ab1a5b93f21,16452855558136653776561048576768137577528096989756809438471103880971273573161,0x974dcbcce5e8186e0e273065a60675bc17617897c395eca60478d0c49f80718f,101000035200953616880452761567806635979587850958431667672433526557328036615568,SAME_FAMILY:PRESIDENTIAL_RESULT,frozen market_family metadata
peru_first_round,ACTIVE_RESULTS,0x3aec41fee9edc59c2b98d439dba86debe339e35f62ac4cdc8de01ab1a5b93f21,16452855558136653776561048576768137577528096989756809438471103880971273573161,0x9b14ba5cc37a35c0db2c9849e631d98195670be4a0f91233a81529f22a7a5949,96778993542273611384637311499081700062825144626170214374801025348770797572532,SAME_FAMILY:PRESIDENTIAL_RESULT,frozen market_family metadata
peru_first_round,ACTIVE_RESULTS,0x3aec41fee9edc59c2b98d439dba86debe339e35f62ac4cdc8de01ab1a5b93f21,16452855558136653776561048576768137577528096989756809438471103880971273573161,0xa61438a389267c7deafc9d04cd6d0dc597d70253eb94702c0f5be458d75719a2,31366905060250352809933074814832465062746377846325454298457938183906229951978,SAME_FAMILY:PRESIDENTIAL_RESULT,frozen market_family metadata
peru_first_round,ACTIVE_RESULTS,0x3aec41fee9edc59c2b98d439dba86debe339e35f62ac4cdc8de01ab1a5b93f21,16452855558136653776561048576768137577528096989756809438471103880971273573161,0xae6d3d20bc8f742922dc40880cd8a8671c10385a9912fa7cd670fba0643dfe96,91464516107556165907566387619157396733019262339196802152206657889196699256450,SAME_FAMILY:PRESIDENTIAL_RESULT,frozen market_family metadata
peru_first_round,ACTIVE_RESULTS,0x3aec41fee9edc59c2b98d439dba86debe339e35f62ac4cdc8de01ab1a5b93f21,16452855558136653776561048576768137577528096989756809438471103880971273573161,0xb06bd8cd9693172502d649f157283cf4d6b15dc6d595495eed33b70e94b6565e,71309235606705427471164237240934647738660821324581969500721476070843942340004,SAME_FAMILY:PRESIDENTIAL_RESULT,frozen market_family metadata
peru_first_round,ACTIVE_RESULTS,0x3aec41fee9edc59c2b98d439dba86debe339e35f62ac4cdc8de01ab1a5b93f21,16452855558136653776561048576768137577528096989756809438471103880971273573161,0xc4c3dbcc37a957a817599b0bf9fb5bd6b62b19210b0f527fec57cb75c7ed150a,64703998724474008677827057135436893758254552168142785204605792475717308499827,SAME_FAMILY:PRESIDENTIAL_RESULT,frozen market_family metadata
peru_first_round,ACTIVE_RESULTS,0x3aec41fee9edc59c2b98d439dba86debe339e35f62ac4cdc8de01ab1a5b93f21,16452855558136653776561048576768137577528096989756809438471103880971273573161,0xd149b38c9da6bacbdc0068b579f8d255196f8c2ed6a5df67f5f3064dd00733e9,88830008994939255030108226010888813127369861666100484617000813260227025912888,SAME_FAMILY:PRESIDENTIAL_RESULT,frozen market_family metadata
peru_first_round,ACTIVE_RESULTS,0x3aec41fee9edc59c2b98d439dba86debe339e35f62ac4cdc8de01ab1a5b93f21,16452855558136653776561048576768137577528096989756809438471103880971273573161,0xef61cec575ac7260343e1f0c11900fee12a1f30b521b649eec7663ec5424242a,50243762671512851167282517271037976718384543563492030616749604530990728402798,SAME_FAMILY:PRESIDENTIAL_RESULT,frozen market_family metadata
peru_first_round,ACTIVE_RESULTS,0x3aec41fee9edc59c2b98d439dba86debe339e35f62ac4cdc8de01ab1a5b93f21,16452855558136653776561048576768137577528096989756809438471103880971273573161,0xf73e2e231d324cb662ad80eefdd90bba5007fc4df45bc2c7bab90d83693cc4ee,6200507252841835595951008504441149768354972632973075259527756928392759138736,SAME_FAMILY:PRESIDENTIAL_RESULT,frozen market_family metadata
peru_first_round,ACTIVE_RESULTS,0x5e7d3b7cf87325cee6ae6c7417d6e9d7250c4cc2dc912b18ce5cdafba4e6a647,13489012588233322368311367883402374394605806123068707609937025667605598991327,0x0a10ea4f5d42ac33a29d73b8562f4414f5ea2219afd9da74ba950f7aefe7c630,67856043091363573230826787438476899340717171261331542907088468980307686160535,SAME_FAMILY:PRESIDENTIAL_RESULT,frozen market_family metadata
peru_first_round,ACTIVE_RESULTS,0x5e7d3b7cf87325cee6ae6c7417d6e9d7250c4cc2dc912b18ce5cdafba4e6a647,13489012588233322368311367883402374394605806123068707609937025667605598991327,0x0e7f0ffe845b05bdbd172958464fa20bcd9a048781d73e4090e07b03a4da254f,76647756421777021750296882729097877947244398058587662047702870166960832653622,SAME_FAMILY:PRESIDENTIAL_RESULT,frozen market_family metadata
peru_first_round,ACTIVE_RESULTS,0x5e7d3b7cf87325cee6ae6c7417d6e9d7250c4cc2dc912b18ce5cdafba4e6a647,13489012588233322368311367883402374394605806123068707609937025667605598991327,0x158fdaad572880f8de3d3f00e4d3c2fbbae77108d88c29deb800141928c1e040,4706104298728283330895721401335363991910630839383072913311253715556150302824,SAME_FAMILY:PRESIDENTIAL_RESULT,frozen market_family metadata
peru_first_round,ACTIVE_RESULTS,0x5e7d3b7cf87325cee6ae6c7417d6e9d7250c4cc2dc912b18ce5cdafba4e6a647,13489012588233322368311367883402374394605806123068707609937025667605598991327,0x24a454785cac9984fde7736d0d4b37929b7253d527d359f547c909eec89862b9,8379837610125291150489935717882363132642018085406636296823338050741934312045,SAME_FAMILY:PRESIDENTIAL_RESULT,frozen market_family metadata
peru_first_round,ACTIVE_RESULTS,0x5e7d3b7cf87325cee6ae6c7417d6e9d7250c4cc2dc912b18ce5cdafba4e6a647,13489012588233322368311367883402374394605806123068707609937025667605598991327,0x28d4cee5a4bb01e0a7b1a39f8a23b2af657d9cf06d1e0ed8443c6b09329b9be3,33676951557383894515546393450532412629166294904696420306881965128761881185587,SAME_FAMILY:PRESIDENTIAL_RESULT,frozen market_family metadata
peru_first_round,ACTIVE_RESULTS,0x5e7d3b7cf87325cee6ae6c7417d6e9d7250c4cc2dc912b18ce5cdafba4e6a647,13489012588233322368311367883402374394605806123068707609937025667605598991327,0x2cd24d17f5680dc6e7b7d67c712a223ae85550745597e81bd2d2b8d073443951,40073700561695212653451049120779209383948898865772011302940523990213422296817,SAME_FAMILY:PRESIDENTIAL_RESULT,frozen market_family metadata
peru_first_round,ACTIVE_RESULTS,0x5e7d3b7cf87325cee6ae6c7417d6e9d7250c4cc2dc912b18ce5cdafba4e6a647,13489012588233322368311367883402374394605806123068707609937025667605598991327,0x3aec41fee9edc59c2b98d439dba86debe339e35f62ac4cdc8de01ab1a5b93f21,16452855558136653776561048576768137577528096989756809438471103880971273573161,SAME_FAMILY:PRESIDENTIAL_RESULT,frozen market_family metadata
peru_first_round,ACTIVE_RESULTS,0x5e7d3b7cf87325cee6ae6c7417d6e9d7250c4cc2dc912b18ce5cdafba4e6a647,13489012588233322368311367883402374394605806123068707609937025667605598991327,0x6a58844c4dfdf677adb5e20bcefb851833cb335210e139ce37e63482e0679617,106149607129123969375875674066349472207365000320829658467476477807489090216657,SAME_FAMILY:PRESIDENTIAL_RESULT,frozen market_family metadata
peru_first_round,ACTIVE_RESULTS,0x5e7d3b7cf87325cee6ae6c7417d6e9d7250c4cc2dc912b18ce5cdafba4e6a647,13489012588233322368311367883402374394605806123068707609937025667605598991327,0x78f5630bafa15147941daa2fd2926b43febe6af1544cd9d8527b226914f3ca11,9682518067153576122489405729520126083014940106724522567955145436832495666332,SAME_FAMILY:PRESIDENTIAL_RESULT,frozen market_family metadata
peru_first_round,ACTIVE_RESULTS,0x5e7d3b7cf87325cee6ae6c7417d6e9d7250c4cc2dc912b18ce5cdafba4e6a647,13489012588233322368311367883402374394605806123068707609937025667605598991327,0x790d04324ceda5e7fd3b2e62cf043d45b74a9d88921b6b250212d0c9b8ba1afd,79792255824743933242473584104148817428360729889676194064736978155093841181512,SAME_FAMILY:PRESIDENTIAL_RESULT,frozen market_family metadata
peru_first_round,ACTIVE_RESULTS,0x5e7d3b7cf87325cee6ae6c7417d6e9d7250c4cc2dc912b18ce5cdafba4e6a647,13489012588233322368311367883402374394605806123068707609937025667605598991327,0x7965575591c9229a2c75c881555403f5e867cd5759545619d8ec061b2b08135f,78299862190151688660680397893688466572696604800286917240516494924076147885439,SAME_FAMILY:PRESIDENTIAL_RESULT,frozen market_family metadata
peru_first_round,ACTIVE_RESULTS,0x5e7d3b7cf87325cee6ae6c7417d6e9d7250c4cc2dc912b18ce5cdafba4e6a647,13489012588233322368311367883402374394605806123068707609937025667605598991327,0x82d5ffbcda5dc4cb5039bd59224c732c465dc6c052af3257f38055e8dc66b0bf,68553529382068345183582892420839184781828369905058541872190738963134845555492,SAME_FAMILY:PRESIDENTIAL_RESULT,frozen market_family metadata
peru_first_round,ACTIVE_RESULTS,0x5e7d3b7cf87325cee6ae6c7417d6e9d7250c4cc2dc912b18ce5cdafba4e6a647,13489012588233322368311367883402374394605806123068707609937025667605598991327,0x974dcbcce5e8186e0e273065a60675bc17617897c395eca60478d0c49f80718f,101000035200953616880452761567806635979587850958431667672433526557328036615568,SAME_FAMILY:PRESIDENTIAL_RESULT,frozen market_family metadata
peru_first_round,ACTIVE_RESULTS,0x5e7d3b7cf87325cee6ae6c7417d6e9d7250c4cc2dc912b18ce5cdafba4e6a647,13489012588233322368311367883402374394605806123068707609937025667605598991327,0x9b14ba5cc37a35c0db2c9849e631d98195670be4a0f91233a81529f22a7a5949,96778993542273611384637311499081700062825144626170214374801025348770797572532,SAME_FAMILY:PRESIDENTIAL_RESULT,frozen market_family metadata
peru_first_round,ACTIVE_RESULTS,0x5e7d3b7cf87325cee6ae6c7417d6e9d7250c4cc2dc912b18ce5cdafba4e6a647,13489012588233322368311367883402374394605806123068707609937025667605598991327,0xa61438a389267c7deafc9d04cd6d0dc597d70253eb94702c0f5be458d75719a2,31366905060250352809933074814832465062746377846325454298457938183906229951978,SAME_FAMILY:PRESIDENTIAL_RESULT,frozen market_family metadata
peru_first_round,ACTIVE_RESULTS,0x5e7d3b7cf87325cee6ae6c7417d6e9d7250c4cc2dc912b18ce5cdafba4e6a647,13489012588233322368311367883402374394605806123068707609937025667605598991327,0xae6d3d20bc8f742922dc40880cd8a8671c10385a9912fa7cd670fba0643dfe96,91464516107556165907566387619157396733019262339196802152206657889196699256450,SAME_FAMILY:PRESIDENTIAL_RESULT,frozen market_family metadata
peru_first_round,ACTIVE_RESULTS,0x5e7d3b7cf87325cee6ae6c7417d6e9d7250c4cc2dc912b18ce5cdafba4e6a647,13489012588233322368311367883402374394605806123068707609937025667605598991327,0xb06bd8cd9693172502d649f157283cf4d6b15dc6d595495eed33b70e94b6565e,71309235606705427471164237240934647738660821324581969500721476070843942340004,SAME_FAMILY:PRESIDENTIAL_RESULT,frozen market_family metadata
peru_first_round,ACTIVE_RESULTS,0x5e7d3b7cf87325cee6ae6c7417d6e9d7250c4cc2dc912b18ce5cdafba4e6a647,13489012588233322368311367883402374394605806123068707609937025667605598991327,0xc4c3dbcc37a957a817599b0bf9fb5bd6b62b19210b0f527fec57cb75c7ed150a,64703998724474008677827057135436893758254552168142785204605792475717308499827,SAME_FAMILY:PRESIDENTIAL_RESULT,frozen market_family metadata
peru_first_round,ACTIVE_RESULTS,0x5e7d3b7cf87325cee6ae6c7417d6e9d7250c4cc2dc912b18ce5cdafba4e6a647,13489012588233322368311367883402374394605806123068707609937025667605598991327,0xd149b38c9da6bacbdc0068b579f8d255196f8c2ed6a5df67f5f3064dd00733e9,88830008994939255030108226010888813127369861666100484617000813260227025912888,SAME_FAMILY:PRESIDENTIAL_RESULT,frozen market_family metadata
peru_first_round,ACTIVE_RESULTS,0x5e7d3b7cf87325cee6ae6c7417d6e9d7250c4cc2dc912b18ce5cdafba4e6a647,13489012588233322368311367883402374394605806123068707609937025667605598991327,0xef61cec575ac7260343e1f0c11900fee12a1f30b521b649eec7663ec5424242a,50243762671512851167282517271037976718384543563492030616749604530990728402798,SAME_FAMILY:PRESIDENTIAL_RESULT,frozen market_family metadata
peru_first_round,ACTIVE_RESULTS,0x5e7d3b7cf87325cee6ae6c7417d6e9d7250c4cc2dc912b18ce5cdafba4e6a647,13489012588233322368311367883402374394605806123068707609937025667605598991327,0xf73e2e231d324cb662ad80eefdd90bba5007fc4df45bc2c7bab90d83693cc4ee,6200507252841835595951008504441149768354972632973075259527756928392759138736,SAME_FAMILY:PRESIDENTIAL_RESULT,frozen market_family metadata
peru_first_round,ACTIVE_RESULTS,0x6a58844c4dfdf677adb5e20bcefb851833cb335210e139ce37e63482e0679617,106149607129123969375875674066349472207365000320829658467476477807489090216657,0x0a10ea4f5d42ac33a29d73b8562f4414f5ea2219afd9da74ba950f7aefe7c630,67856043091363573230826787438476899340717171261331542907088468980307686160535,SAME_FAMILY:PRESIDENTIAL_RESULT,frozen market_family metadata
peru_first_round,ACTIVE_RESULTS,0x6a58844c4dfdf677adb5e20bcefb851833cb335210e139ce37e63482e0679617,106149607129123969375875674066349472207365000320829658467476477807489090216657,0x0e7f0ffe845b05bdbd172958464fa20bcd9a048781d73e4090e07b03a4da254f,76647756421777021750296882729097877947244398058587662047702870166960832653622,SAME_FAMILY:PRESIDENTIAL_RESULT,frozen market_family metadata
peru_first_round,ACTIVE_RESULTS,0x6a58844c4dfdf677adb5e20bcefb851833cb335210e139ce37e63482e0679617,106149607129123969375875674066349472207365000320829658467476477807489090216657,0x158fdaad572880f8de3d3f00e4d3c2fbbae77108d88c29deb800141928c1e040,4706104298728283330895721401335363991910630839383072913311253715556150302824,SAME_FAMILY:PRESIDENTIAL_RESULT,frozen market_family metadata
peru_first_round,ACTIVE_RESULTS,0x6a58844c4dfdf677adb5e20bcefb851833cb335210e139ce37e63482e0679617,106149607129123969375875674066349472207365000320829658467476477807489090216657,0x24a454785cac9984fde7736d0d4b37929b7253d527d359f547c909eec89862b9,8379837610125291150489935717882363132642018085406636296823338050741934312045,SAME_FAMILY:PRESIDENTIAL_RESULT,frozen market_family metadata
peru_first_round,ACTIVE_RESULTS,0x6a58844c4dfdf677adb5e20bcefb851833cb335210e139ce37e63482e0679617,106149607129123969375875674066349472207365000320829658467476477807489090216657,0x28d4cee5a4bb01e0a7b1a39f8a23b2af657d9cf06d1e0ed8443c6b09329b9be3,33676951557383894515546393450532412629166294904696420306881965128761881185587,SAME_FAMILY:PRESIDENTIAL_RESULT,frozen market_family metadata
peru_first_round,ACTIVE_RESULTS,0x6a58844c4dfdf677adb5e20bcefb851833cb335210e139ce37e63482e0679617,106149607129123969375875674066349472207365000320829658467476477807489090216657,0x2cd24d17f5680dc6e7b7d67c712a223ae85550745597e81bd2d2b8d073443951,40073700561695212653451049120779209383948898865772011302940523990213422296817,SAME_FAMILY:PRESIDENTIAL_RESULT,frozen market_family metadata
peru_first_round,ACTIVE_RESULTS,0x6a58844c4dfdf677adb5e20bcefb851833cb335210e139ce37e63482e0679617,106149607129123969375875674066349472207365000320829658467476477807489090216657,0x3aec41fee9edc59c2b98d439dba86debe339e35f62ac4cdc8de01ab1a5b93f21,16452855558136653776561048576768137577528096989756809438471103880971273573161,SAME_FAMILY:PRESIDENTIAL_RESULT,frozen market_family metadata
peru_first_round,ACTIVE_RESULTS,0x6a58844c4dfdf677adb5e20bcefb851833cb335210e139ce37e63482e0679617,106149607129123969375875674066349472207365000320829658467476477807489090216657,0x5e7d3b7cf87325cee6ae6c7417d6e9d7250c4cc2dc912b18ce5cdafba4e6a647,13489012588233322368311367883402374394605806123068707609937025667605598991327,SAME_FAMILY:PRESIDENTIAL_RESULT,frozen market_family metadata
peru_first_round,ACTIVE_RESULTS,0x6a58844c4dfdf677adb5e20bcefb851833cb335210e139ce37e63482e0679617,106149607129123969375875674066349472207365000320829658467476477807489090216657,0x78f5630bafa15147941daa2fd2926b43febe6af1544cd9d8527b226914f3ca11,9682518067153576122489405729520126083014940106724522567955145436832495666332,SAME_FAMILY:PRESIDENTIAL_RESULT,frozen market_family metadata
peru_first_round,ACTIVE_RESULTS,0x6a58844c4dfdf677adb5e20bcefb851833cb335210e139ce37e63482e0679617,106149607129123969375875674066349472207365000320829658467476477807489090216657,0x790d04324ceda5e7fd3b2e62cf043d45b74a9d88921b6b250212d0c9b8ba1afd,79792255824743933242473584104148817428360729889676194064736978155093841181512,SAME_FAMILY:PRESIDENTIAL_RESULT,frozen market_family metadata
peru_first_round,ACTIVE_RESULTS,0x6a58844c4dfdf677adb5e20bcefb851833cb335210e139ce37e63482e0679617,106149607129123969375875674066349472207365000320829658467476477807489090216657,0x7965575591c9229a2c75c881555403f5e867cd5759545619d8ec061b2b08135f,78299862190151688660680397893688466572696604800286917240516494924076147885439,SAME_FAMILY:PRESIDENTIAL_RESULT,frozen market_family metadata
peru_first_round,ACTIVE_RESULTS,0x6a58844c4dfdf677adb5e20bcefb851833cb335210e139ce37e63482e0679617,106149607129123969375875674066349472207365000320829658467476477807489090216657,0x82d5ffbcda5dc4cb5039bd59224c732c465dc6c052af3257f38055e8dc66b0bf,68553529382068345183582892420839184781828369905058541872190738963134845555492,SAME_FAMILY:PRESIDENTIAL_RESULT,frozen market_family metadata
peru_first_round,ACTIVE_RESULTS,0x6a58844c4dfdf677adb5e20bcefb851833cb335210e139ce37e63482e0679617,106149607129123969375875674066349472207365000320829658467476477807489090216657,0x974dcbcce5e8186e0e273065a60675bc17617897c395eca60478d0c49f80718f,101000035200953616880452761567806635979587850958431667672433526557328036615568,SAME_FAMILY:PRESIDENTIAL_RESULT,frozen market_family metadata
peru_first_round,ACTIVE_RESULTS,0x6a58844c4dfdf677adb5e20bcefb851833cb335210e139ce37e63482e0679617,106149607129123969375875674066349472207365000320829658467476477807489090216657,0x9b14ba5cc37a35c0db2c9849e631d98195670be4a0f91233a81529f22a7a5949,96778993542273611384637311499081700062825144626170214374801025348770797572532,SAME_FAMILY:PRESIDENTIAL_RESULT,frozen market_family metadata
peru_first_round,ACTIVE_RESULTS,0x6a58844c4dfdf677adb5e20bcefb851833cb335210e139ce37e63482e0679617,106149607129123969375875674066349472207365000320829658467476477807489090216657,0xa61438a389267c7deafc9d04cd6d0dc597d70253eb94702c0f5be458d75719a2,31366905060250352809933074814832465062746377846325454298457938183906229951978,SAME_FAMILY:PRESIDENTIAL_RESULT,frozen market_family metadata
peru_first_round,ACTIVE_RESULTS,0x6a58844c4dfdf677adb5e20bcefb851833cb335210e139ce37e63482e0679617,106149607129123969375875674066349472207365000320829658467476477807489090216657,0xae6d3d20bc8f742922dc40880cd8a8671c10385a9912fa7cd670fba0643dfe96,91464516107556165907566387619157396733019262339196802152206657889196699256450,SAME_FAMILY:PRESIDENTIAL_RESULT,frozen market_family metadata
peru_first_round,ACTIVE_RESULTS,0x6a58844c4dfdf677adb5e20bcefb851833cb335210e139ce37e63482e0679617,106149607129123969375875674066349472207365000320829658467476477807489090216657,0xb06bd8cd9693172502d649f157283cf4d6b15dc6d595495eed33b70e94b6565e,71309235606705427471164237240934647738660821324581969500721476070843942340004,SAME_FAMILY:PRESIDENTIAL_RESULT,frozen market_family metadata
peru_first_round,ACTIVE_RESULTS,0x6a58844c4dfdf677adb5e20bcefb851833cb335210e139ce37e63482e0679617,106149607129123969375875674066349472207365000320829658467476477807489090216657,0xc4c3dbcc37a957a817599b0bf9fb5bd6b62b19210b0f527fec57cb75c7ed150a,64703998724474008677827057135436893758254552168142785204605792475717308499827,SAME_FAMILY:PRESIDENTIAL_RESULT,frozen market_family metadata
peru_first_round,ACTIVE_RESULTS,0x6a58844c4dfdf677adb5e20bcefb851833cb335210e139ce37e63482e0679617,106149607129123969375875674066349472207365000320829658467476477807489090216657,0xd149b38c9da6bacbdc0068b579f8d255196f8c2ed6a5df67f5f3064dd00733e9,88830008994939255030108226010888813127369861666100484617000813260227025912888,SAME_FAMILY:PRESIDENTIAL_RESULT,frozen market_family metadata
peru_first_round,ACTIVE_RESULTS,0x6a58844c4dfdf677adb5e20bcefb851833cb335210e139ce37e63482e0679617,106149607129123969375875674066349472207365000320829658467476477807489090216657,0xef61cec575ac7260343e1f0c11900fee12a1f30b521b649eec7663ec5424242a,50243762671512851167282517271037976718384543563492030616749604530990728402798,SAME_FAMILY:PRESIDENTIAL_RESULT,frozen market_family metadata
peru_first_round,ACTIVE_RESULTS,0x6a58844c4dfdf677adb5e20bcefb851833cb335210e139ce37e63482e0679617,106149607129123969375875674066349472207365000320829658467476477807489090216657,0xf73e2e231d324cb662ad80eefdd90bba5007fc4df45bc2c7bab90d83693cc4ee,6200507252841835595951008504441149768354972632973075259527756928392759138736,SAME_FAMILY:PRESIDENTIAL_RESULT,frozen market_family metadata
peru_first_round,ACTIVE_RESULTS,0x78f5630bafa15147941daa2fd2926b43febe6af1544cd9d8527b226914f3ca11,9682518067153576122489405729520126083014940106724522567955145436832495666332,0x0a10ea4f5d42ac33a29d73b8562f4414f5ea2219afd9da74ba950f7aefe7c630,67856043091363573230826787438476899340717171261331542907088468980307686160535,SAME_FAMILY:PRESIDENTIAL_RESULT,frozen market_family metadata
peru_first_round,ACTIVE_RESULTS,0x78f5630bafa15147941daa2fd2926b43febe6af1544cd9d8527b226914f3ca11,9682518067153576122489405729520126083014940106724522567955145436832495666332,0x0e7f0ffe845b05bdbd172958464fa20bcd9a048781d73e4090e07b03a4da254f,76647756421777021750296882729097877947244398058587662047702870166960832653622,SAME_FAMILY:PRESIDENTIAL_RESULT,frozen market_family metadata
peru_first_round,ACTIVE_RESULTS,0x78f5630bafa15147941daa2fd2926b43febe6af1544cd9d8527b226914f3ca11,9682518067153576122489405729520126083014940106724522567955145436832495666332,0x158fdaad572880f8de3d3f00e4d3c2fbbae77108d88c29deb800141928c1e040,4706104298728283330895721401335363991910630839383072913311253715556150302824,SAME_FAMILY:PRESIDENTIAL_RESULT,frozen market_family metadata
peru_first_round,ACTIVE_RESULTS,0x78f5630bafa15147941daa2fd2926b43febe6af1544cd9d8527b226914f3ca11,9682518067153576122489405729520126083014940106724522567955145436832495666332,0x24a454785cac9984fde7736d0d4b37929b7253d527d359f547c909eec89862b9,8379837610125291150489935717882363132642018085406636296823338050741934312045,SAME_FAMILY:PRESIDENTIAL_RESULT,frozen market_family metadata
peru_first_round,ACTIVE_RESULTS,0x78f5630bafa15147941daa2fd2926b43febe6af1544cd9d8527b226914f3ca11,9682518067153576122489405729520126083014940106724522567955145436832495666332,0x28d4cee5a4bb01e0a7b1a39f8a23b2af657d9cf06d1e0ed8443c6b09329b9be3,33676951557383894515546393450532412629166294904696420306881965128761881185587,SAME_FAMILY:PRESIDENTIAL_RESULT,frozen market_family metadata
peru_first_round,ACTIVE_RESULTS,0x78f5630bafa15147941daa2fd2926b43febe6af1544cd9d8527b226914f3ca11,9682518067153576122489405729520126083014940106724522567955145436832495666332,0x2cd24d17f5680dc6e7b7d67c712a223ae85550745597e81bd2d2b8d073443951,40073700561695212653451049120779209383948898865772011302940523990213422296817,SAME_FAMILY:PRESIDENTIAL_RESULT,frozen market_family metadata
peru_first_round,ACTIVE_RESULTS,0x78f5630bafa15147941daa2fd2926b43febe6af1544cd9d8527b226914f3ca11,9682518067153576122489405729520126083014940106724522567955145436832495666332,0x3aec41fee9edc59c2b98d439dba86debe339e35f62ac4cdc8de01ab1a5b93f21,16452855558136653776561048576768137577528096989756809438471103880971273573161,SAME_FAMILY:PRESIDENTIAL_RESULT,frozen market_family metadata
peru_first_round,ACTIVE_RESULTS,0x78f5630bafa15147941daa2fd2926b43febe6af1544cd9d8527b226914f3ca11,9682518067153576122489405729520126083014940106724522567955145436832495666332,0x5e7d3b7cf87325cee6ae6c7417d6e9d7250c4cc2dc912b18ce5cdafba4e6a647,13489012588233322368311367883402374394605806123068707609937025667605598991327,SAME_FAMILY:PRESIDENTIAL_RESULT,frozen market_family metadata
peru_first_round,ACTIVE_RESULTS,0x78f5630bafa15147941daa2fd2926b43febe6af1544cd9d8527b226914f3ca11,9682518067153576122489405729520126083014940106724522567955145436832495666332,0x6a58844c4dfdf677adb5e20bcefb851833cb335210e139ce37e63482e0679617,106149607129123969375875674066349472207365000320829658467476477807489090216657,SAME_FAMILY:PRESIDENTIAL_RESULT,frozen market_family metadata
peru_first_round,ACTIVE_RESULTS,0x78f5630bafa15147941daa2fd2926b43febe6af1544cd9d8527b226914f3ca11,9682518067153576122489405729520126083014940106724522567955145436832495666332,0x790d04324ceda5e7fd3b2e62cf043d45b74a9d88921b6b250212d0c9b8ba1afd,79792255824743933242473584104148817428360729889676194064736978155093841181512,SAME_FAMILY:PRESIDENTIAL_RESULT,frozen market_family metadata
peru_first_round,ACTIVE_RESULTS,0x78f5630bafa15147941daa2fd2926b43febe6af1544cd9d8527b226914f3ca11,9682518067153576122489405729520126083014940106724522567955145436832495666332,0x7965575591c9229a2c75c881555403f5e867cd5759545619d8ec061b2b08135f,78299862190151688660680397893688466572696604800286917240516494924076147885439,SAME_FAMILY:PRESIDENTIAL_RESULT,frozen market_family metadata
peru_first_round,ACTIVE_RESULTS,0x78f5630bafa15147941daa2fd2926b43febe6af1544cd9d8527b226914f3ca11,9682518067153576122489405729520126083014940106724522567955145436832495666332,0x82d5ffbcda5dc4cb5039bd59224c732c465dc6c052af3257f38055e8dc66b0bf,68553529382068345183582892420839184781828369905058541872190738963134845555492,SAME_FAMILY:PRESIDENTIAL_RESULT,frozen market_family metadata
peru_first_round,ACTIVE_RESULTS,0x78f5630bafa15147941daa2fd2926b43febe6af1544cd9d8527b226914f3ca11,9682518067153576122489405729520126083014940106724522567955145436832495666332,0x974dcbcce5e8186e0e273065a60675bc17617897c395eca60478d0c49f80718f,101000035200953616880452761567806635979587850958431667672433526557328036615568,SAME_FAMILY:PRESIDENTIAL_RESULT,frozen market_family metadata
peru_first_round,ACTIVE_RESULTS,0x78f5630bafa15147941daa2fd2926b43febe6af1544cd9d8527b226914f3ca11,9682518067153576122489405729520126083014940106724522567955145436832495666332,0x9b14ba5cc37a35c0db2c9849e631d98195670be4a0f91233a81529f22a7a5949,96778993542273611384637311499081700062825144626170214374801025348770797572532,SAME_FAMILY:PRESIDENTIAL_RESULT,frozen market_family metadata
peru_first_round,ACTIVE_RESULTS,0x78f5630bafa15147941daa2fd2926b43febe6af1544cd9d8527b226914f3ca11,9682518067153576122489405729520126083014940106724522567955145436832495666332,0xa61438a389267c7deafc9d04cd6d0dc597d70253eb94702c0f5be458d75719a2,31366905060250352809933074814832465062746377846325454298457938183906229951978,SAME_FAMILY:PRESIDENTIAL_RESULT,frozen market_family metadata
peru_first_round,ACTIVE_RESULTS,0x78f5630bafa15147941daa2fd2926b43febe6af1544cd9d8527b226914f3ca11,9682518067153576122489405729520126083014940106724522567955145436832495666332,0xae6d3d20bc8f742922dc40880cd8a8671c10385a9912fa7cd670fba0643dfe96,91464516107556165907566387619157396733019262339196802152206657889196699256450,SAME_FAMILY:PRESIDENTIAL_RESULT,frozen market_family metadata
peru_first_round,ACTIVE_RESULTS,0x78f5630bafa15147941daa2fd2926b43febe6af1544cd9d8527b226914f3ca11,9682518067153576122489405729520126083014940106724522567955145436832495666332,0xb06bd8cd9693172502d649f157283cf4d6b15dc6d595495eed33b70e94b6565e,71309235606705427471164237240934647738660821324581969500721476070843942340004,SAME_FAMILY:PRESIDENTIAL_RESULT,frozen market_family metadata
peru_first_round,ACTIVE_RESULTS,0x78f5630bafa15147941daa2fd2926b43febe6af1544cd9d8527b226914f3ca11,9682518067153576122489405729520126083014940106724522567955145436832495666332,0xc4c3dbcc37a957a817599b0bf9fb5bd6b62b19210b0f527fec57cb75c7ed150a,64703998724474008677827057135436893758254552168142785204605792475717308499827,SAME_FAMILY:PRESIDENTIAL_RESULT,frozen market_family metadata
peru_first_round,ACTIVE_RESULTS,0x78f5630bafa15147941daa2fd2926b43febe6af1544cd9d8527b226914f3ca11,9682518067153576122489405729520126083014940106724522567955145436832495666332,0xd149b38c9da6bacbdc0068b579f8d255196f8c2ed6a5df67f5f3064dd00733e9,88830008994939255030108226010888813127369861666100484617000813260227025912888,SAME_FAMILY:PRESIDENTIAL_RESULT,frozen market_family metadata
peru_first_round,ACTIVE_RESULTS,0x78f5630bafa15147941daa2fd2926b43febe6af1544cd9d8527b226914f3ca11,9682518067153576122489405729520126083014940106724522567955145436832495666332,0xef61cec575ac7260343e1f0c11900fee12a1f30b521b649eec7663ec5424242a,50243762671512851167282517271037976718384543563492030616749604530990728402798,SAME_FAMILY:PRESIDENTIAL_RESULT,frozen market_family metadata
peru_first_round,ACTIVE_RESULTS,0x78f5630bafa15147941daa2fd2926b43febe6af1544cd9d8527b226914f3ca11,9682518067153576122489405729520126083014940106724522567955145436832495666332,0xf73e2e231d324cb662ad80eefdd90bba5007fc4df45bc2c7bab90d83693cc4ee,6200507252841835595951008504441149768354972632973075259527756928392759138736,SAME_FAMILY:PRESIDENTIAL_RESULT,frozen market_family metadata
peru_first_round,ACTIVE_RESULTS,0x790d04324ceda5e7fd3b2e62cf043d45b74a9d88921b6b250212d0c9b8ba1afd,79792255824743933242473584104148817428360729889676194064736978155093841181512,0x0a10ea4f5d42ac33a29d73b8562f4414f5ea2219afd9da74ba950f7aefe7c630,67856043091363573230826787438476899340717171261331542907088468980307686160535,SAME_FAMILY:PRESIDENTIAL_RESULT,frozen market_family metadata
peru_first_round,ACTIVE_RESULTS,0x790d04324ceda5e7fd3b2e62cf043d45b74a9d88921b6b250212d0c9b8ba1afd,79792255824743933242473584104148817428360729889676194064736978155093841181512,0x0e7f0ffe845b05bdbd172958464fa20bcd9a048781d73e4090e07b03a4da254f,76647756421777021750296882729097877947244398058587662047702870166960832653622,SAME_FAMILY:PRESIDENTIAL_RESULT,frozen market_family metadata
peru_first_round,ACTIVE_RESULTS,0x790d04324ceda5e7fd3b2e62cf043d45b74a9d88921b6b250212d0c9b8ba1afd,79792255824743933242473584104148817428360729889676194064736978155093841181512,0x158fdaad572880f8de3d3f00e4d3c2fbbae77108d88c29deb800141928c1e040,4706104298728283330895721401335363991910630839383072913311253715556150302824,SAME_FAMILY:PRESIDENTIAL_RESULT,frozen market_family metadata
peru_first_round,ACTIVE_RESULTS,0x790d04324ceda5e7fd3b2e62cf043d45b74a9d88921b6b250212d0c9b8ba1afd,79792255824743933242473584104148817428360729889676194064736978155093841181512,0x24a454785cac9984fde7736d0d4b37929b7253d527d359f547c909eec89862b9,8379837610125291150489935717882363132642018085406636296823338050741934312045,SAME_FAMILY:PRESIDENTIAL_RESULT,frozen market_family metadata
peru_first_round,ACTIVE_RESULTS,0x790d04324ceda5e7fd3b2e62cf043d45b74a9d88921b6b250212d0c9b8ba1afd,79792255824743933242473584104148817428360729889676194064736978155093841181512,0x28d4cee5a4bb01e0a7b1a39f8a23b2af657d9cf06d1e0ed8443c6b09329b9be3,33676951557383894515546393450532412629166294904696420306881965128761881185587,SAME_FAMILY:PRESIDENTIAL_RESULT,frozen market_family metadata
peru_first_round,ACTIVE_RESULTS,0x790d04324ceda5e7fd3b2e62cf043d45b74a9d88921b6b250212d0c9b8ba1afd,79792255824743933242473584104148817428360729889676194064736978155093841181512,0x2cd24d17f5680dc6e7b7d67c712a223ae85550745597e81bd2d2b8d073443951,40073700561695212653451049120779209383948898865772011302940523990213422296817,SAME_FAMILY:PRESIDENTIAL_RESULT,frozen market_family metadata
peru_first_round,ACTIVE_RESULTS,0x790d04324ceda5e7fd3b2e62cf043d45b74a9d88921b6b250212d0c9b8ba1afd,79792255824743933242473584104148817428360729889676194064736978155093841181512,0x3aec41fee9edc59c2b98d439dba86debe339e35f62ac4cdc8de01ab1a5b93f21,16452855558136653776561048576768137577528096989756809438471103880971273573161,SAME_FAMILY:PRESIDENTIAL_RESULT,frozen market_family metadata
peru_first_round,ACTIVE_RESULTS,0x790d04324ceda5e7fd3b2e62cf043d45b74a9d88921b6b250212d0c9b8ba1afd,79792255824743933242473584104148817428360729889676194064736978155093841181512,0x5e7d3b7cf87325cee6ae6c7417d6e9d7250c4cc2dc912b18ce5cdafba4e6a647,13489012588233322368311367883402374394605806123068707609937025667605598991327,SAME_FAMILY:PRESIDENTIAL_RESULT,frozen market_family metadata
peru_first_round,ACTIVE_RESULTS,0x790d04324ceda5e7fd3b2e62cf043d45b74a9d88921b6b250212d0c9b8ba1afd,79792255824743933242473584104148817428360729889676194064736978155093841181512,0x6a58844c4dfdf677adb5e20bcefb851833cb335210e139ce37e63482e0679617,106149607129123969375875674066349472207365000320829658467476477807489090216657,SAME_FAMILY:PRESIDENTIAL_RESULT,frozen market_family metadata
peru_first_round,ACTIVE_RESULTS,0x790d04324ceda5e7fd3b2e62cf043d45b74a9d88921b6b250212d0c9b8ba1afd,79792255824743933242473584104148817428360729889676194064736978155093841181512,0x78f5630bafa15147941daa2fd2926b43febe6af1544cd9d8527b226914f3ca11,9682518067153576122489405729520126083014940106724522567955145436832495666332,SAME_FAMILY:PRESIDENTIAL_RESULT,frozen market_family metadata
peru_first_round,ACTIVE_RESULTS,0x790d04324ceda5e7fd3b2e62cf043d45b74a9d88921b6b250212d0c9b8ba1afd,79792255824743933242473584104148817428360729889676194064736978155093841181512,0x7965575591c9229a2c75c881555403f5e867cd5759545619d8ec061b2b08135f,78299862190151688660680397893688466572696604800286917240516494924076147885439,SAME_FAMILY:PRESIDENTIAL_RESULT,frozen market_family metadata
peru_first_round,ACTIVE_RESULTS,0x790d04324ceda5e7fd3b2e62cf043d45b74a9d88921b6b250212d0c9b8ba1afd,79792255824743933242473584104148817428360729889676194064736978155093841181512,0x82d5ffbcda5dc4cb5039bd59224c732c465dc6c052af3257f38055e8dc66b0bf,68553529382068345183582892420839184781828369905058541872190738963134845555492,SAME_FAMILY:PRESIDENTIAL_RESULT,frozen market_family metadata
peru_first_round,ACTIVE_RESULTS,0x790d04324ceda5e7fd3b2e62cf043d45b74a9d88921b6b250212d0c9b8ba1afd,79792255824743933242473584104148817428360729889676194064736978155093841181512,0x974dcbcce5e8186e0e273065a60675bc17617897c395eca60478d0c49f80718f,101000035200953616880452761567806635979587850958431667672433526557328036615568,SAME_FAMILY:PRESIDENTIAL_RESULT,frozen market_family metadata
peru_first_round,ACTIVE_RESULTS,0x790d04324ceda5e7fd3b2e62cf043d45b74a9d88921b6b250212d0c9b8ba1afd,79792255824743933242473584104148817428360729889676194064736978155093841181512,0x9b14ba5cc37a35c0db2c9849e631d98195670be4a0f91233a81529f22a7a5949,96778993542273611384637311499081700062825144626170214374801025348770797572532,SAME_FAMILY:PRESIDENTIAL_RESULT,frozen market_family metadata
peru_first_round,ACTIVE_RESULTS,0x790d04324ceda5e7fd3b2e62cf043d45b74a9d88921b6b250212d0c9b8ba1afd,79792255824743933242473584104148817428360729889676194064736978155093841181512,0xa61438a389267c7deafc9d04cd6d0dc597d70253eb94702c0f5be458d75719a2,31366905060250352809933074814832465062746377846325454298457938183906229951978,SAME_FAMILY:PRESIDENTIAL_RESULT,frozen market_family metadata
peru_first_round,ACTIVE_RESULTS,0x790d04324ceda5e7fd3b2e62cf043d45b74a9d88921b6b250212d0c9b8ba1afd,79792255824743933242473584104148817428360729889676194064736978155093841181512,0xae6d3d20bc8f742922dc40880cd8a8671c10385a9912fa7cd670fba0643dfe96,91464516107556165907566387619157396733019262339196802152206657889196699256450,SAME_FAMILY:PRESIDENTIAL_RESULT,frozen market_family metadata
peru_first_round,ACTIVE_RESULTS,0x790d04324ceda5e7fd3b2e62cf043d45b74a9d88921b6b250212d0c9b8ba1afd,79792255824743933242473584104148817428360729889676194064736978155093841181512,0xb06bd8cd9693172502d649f157283cf4d6b15dc6d595495eed33b70e94b6565e,71309235606705427471164237240934647738660821324581969500721476070843942340004,SAME_FAMILY:PRESIDENTIAL_RESULT,frozen market_family metadata
peru_first_round,ACTIVE_RESULTS,0x790d04324ceda5e7fd3b2e62cf043d45b74a9d88921b6b250212d0c9b8ba1afd,79792255824743933242473584104148817428360729889676194064736978155093841181512,0xc4c3dbcc37a957a817599b0bf9fb5bd6b62b19210b0f527fec57cb75c7ed150a,64703998724474008677827057135436893758254552168142785204605792475717308499827,SAME_FAMILY:PRESIDENTIAL_RESULT,frozen market_family metadata
peru_first_round,ACTIVE_RESULTS,0x790d04324ceda5e7fd3b2e62cf043d45b74a9d88921b6b250212d0c9b8ba1afd,79792255824743933242473584104148817428360729889676194064736978155093841181512,0xd149b38c9da6bacbdc0068b579f8d255196f8c2ed6a5df67f5f3064dd00733e9,88830008994939255030108226010888813127369861666100484617000813260227025912888,SAME_FAMILY:PRESIDENTIAL_RESULT,frozen market_family metadata
peru_first_round,ACTIVE_RESULTS,0x790d04324ceda5e7fd3b2e62cf043d45b74a9d88921b6b250212d0c9b8ba1afd,79792255824743933242473584104148817428360729889676194064736978155093841181512,0xef61cec575ac7260343e1f0c11900fee12a1f30b521b649eec7663ec5424242a,50243762671512851167282517271037976718384543563492030616749604530990728402798,SAME_FAMILY:PRESIDENTIAL_RESULT,frozen market_family metadata
peru_first_round,ACTIVE_RESULTS,0x790d04324ceda5e7fd3b2e62cf043d45b74a9d88921b6b250212d0c9b8ba1afd,79792255824743933242473584104148817428360729889676194064736978155093841181512,0xf73e2e231d324cb662ad80eefdd90bba5007fc4df45bc2c7bab90d83693cc4ee,6200507252841835595951008504441149768354972632973075259527756928392759138736,SAME_FAMILY:PRESIDENTIAL_RESULT,frozen market_family metadata
peru_first_round,ACTIVE_RESULTS,0x7965575591c9229a2c75c881555403f5e867cd5759545619d8ec061b2b08135f,78299862190151688660680397893688466572696604800286917240516494924076147885439,0x0a10ea4f5d42ac33a29d73b8562f4414f5ea2219afd9da74ba950f7aefe7c630,67856043091363573230826787438476899340717171261331542907088468980307686160535,SAME_FAMILY:PRESIDENTIAL_RESULT,frozen market_family metadata
peru_first_round,ACTIVE_RESULTS,0x7965575591c9229a2c75c881555403f5e867cd5759545619d8ec061b2b08135f,78299862190151688660680397893688466572696604800286917240516494924076147885439,0x0e7f0ffe845b05bdbd172958464fa20bcd9a048781d73e4090e07b03a4da254f,76647756421777021750296882729097877947244398058587662047702870166960832653622,SAME_FAMILY:PRESIDENTIAL_RESULT,frozen market_family metadata
peru_first_round,ACTIVE_RESULTS,0x7965575591c9229a2c75c881555403f5e867cd5759545619d8ec061b2b08135f,78299862190151688660680397893688466572696604800286917240516494924076147885439,0x158fdaad572880f8de3d3f00e4d3c2fbbae77108d88c29deb800141928c1e040,4706104298728283330895721401335363991910630839383072913311253715556150302824,SAME_FAMILY:PRESIDENTIAL_RESULT,frozen market_family metadata
peru_first_round,ACTIVE_RESULTS,0x7965575591c9229a2c75c881555403f5e867cd5759545619d8ec061b2b08135f,78299862190151688660680397893688466572696604800286917240516494924076147885439,0x24a454785cac9984fde7736d0d4b37929b7253d527d359f547c909eec89862b9,8379837610125291150489935717882363132642018085406636296823338050741934312045,SAME_FAMILY:PRESIDENTIAL_RESULT,frozen market_family metadata
peru_first_round,ACTIVE_RESULTS,0x7965575591c9229a2c75c881555403f5e867cd5759545619d8ec061b2b08135f,78299862190151688660680397893688466572696604800286917240516494924076147885439,0x28d4cee5a4bb01e0a7b1a39f8a23b2af657d9cf06d1e0ed8443c6b09329b9be3,33676951557383894515546393450532412629166294904696420306881965128761881185587,SAME_FAMILY:PRESIDENTIAL_RESULT,frozen market_family metadata
peru_first_round,ACTIVE_RESULTS,0x7965575591c9229a2c75c881555403f5e867cd5759545619d8ec061b2b08135f,78299862190151688660680397893688466572696604800286917240516494924076147885439,0x2cd24d17f5680dc6e7b7d67c712a223ae85550745597e81bd2d2b8d073443951,40073700561695212653451049120779209383948898865772011302940523990213422296817,SAME_FAMILY:PRESIDENTIAL_RESULT,frozen market_family metadata
peru_first_round,ACTIVE_RESULTS,0x7965575591c9229a2c75c881555403f5e867cd5759545619d8ec061b2b08135f,78299862190151688660680397893688466572696604800286917240516494924076147885439,0x3aec41fee9edc59c2b98d439dba86debe339e35f62ac4cdc8de01ab1a5b93f21,16452855558136653776561048576768137577528096989756809438471103880971273573161,SAME_FAMILY:PRESIDENTIAL_RESULT,frozen market_family metadata
peru_first_round,ACTIVE_RESULTS,0x7965575591c9229a2c75c881555403f5e867cd5759545619d8ec061b2b08135f,78299862190151688660680397893688466572696604800286917240516494924076147885439,0x5e7d3b7cf87325cee6ae6c7417d6e9d7250c4cc2dc912b18ce5cdafba4e6a647,13489012588233322368311367883402374394605806123068707609937025667605598991327,SAME_FAMILY:PRESIDENTIAL_RESULT,frozen market_family metadata
peru_first_round,ACTIVE_RESULTS,0x7965575591c9229a2c75c881555403f5e867cd5759545619d8ec061b2b08135f,78299862190151688660680397893688466572696604800286917240516494924076147885439,0x6a58844c4dfdf677adb5e20bcefb851833cb335210e139ce37e63482e0679617,106149607129123969375875674066349472207365000320829658467476477807489090216657,SAME_FAMILY:PRESIDENTIAL_RESULT,frozen market_family metadata
peru_first_round,ACTIVE_RESULTS,0x7965575591c9229a2c75c881555403f5e867cd5759545619d8ec061b2b08135f,78299862190151688660680397893688466572696604800286917240516494924076147885439,0x78f5630bafa15147941daa2fd2926b43febe6af1544cd9d8527b226914f3ca11,9682518067153576122489405729520126083014940106724522567955145436832495666332,SAME_FAMILY:PRESIDENTIAL_RESULT,frozen market_family metadata
peru_first_round,ACTIVE_RESULTS,0x7965575591c9229a2c75c881555403f5e867cd5759545619d8ec061b2b08135f,78299862190151688660680397893688466572696604800286917240516494924076147885439,0x790d04324ceda5e7fd3b2e62cf043d45b74a9d88921b6b250212d0c9b8ba1afd,79792255824743933242473584104148817428360729889676194064736978155093841181512,SAME_FAMILY:PRESIDENTIAL_RESULT,frozen market_family metadata
peru_first_round,ACTIVE_RESULTS,0x7965575591c9229a2c75c881555403f5e867cd5759545619d8ec061b2b08135f,78299862190151688660680397893688466572696604800286917240516494924076147885439,0x82d5ffbcda5dc4cb5039bd59224c732c465dc6c052af3257f38055e8dc66b0bf,68553529382068345183582892420839184781828369905058541872190738963134845555492,SAME_FAMILY:PRESIDENTIAL_RESULT,frozen market_family metadata
peru_first_round,ACTIVE_RESULTS,0x7965575591c9229a2c75c881555403f5e867cd5759545619d8ec061b2b08135f,78299862190151688660680397893688466572696604800286917240516494924076147885439,0x974dcbcce5e8186e0e273065a60675bc17617897c395eca60478d0c49f80718f,101000035200953616880452761567806635979587850958431667672433526557328036615568,SAME_FAMILY:PRESIDENTIAL_RESULT,frozen market_family metadata
peru_first_round,ACTIVE_RESULTS,0x7965575591c9229a2c75c881555403f5e867cd5759545619d8ec061b2b08135f,78299862190151688660680397893688466572696604800286917240516494924076147885439,0x9b14ba5cc37a35c0db2c9849e631d98195670be4a0f91233a81529f22a7a5949,96778993542273611384637311499081700062825144626170214374801025348770797572532,SAME_FAMILY:PRESIDENTIAL_RESULT,frozen market_family metadata
peru_first_round,ACTIVE_RESULTS,0x7965575591c9229a2c75c881555403f5e867cd5759545619d8ec061b2b08135f,78299862190151688660680397893688466572696604800286917240516494924076147885439,0xa61438a389267c7deafc9d04cd6d0dc597d70253eb94702c0f5be458d75719a2,31366905060250352809933074814832465062746377846325454298457938183906229951978,SAME_FAMILY:PRESIDENTIAL_RESULT,frozen market_family metadata
peru_first_round,ACTIVE_RESULTS,0x7965575591c9229a2c75c881555403f5e867cd5759545619d8ec061b2b08135f,78299862190151688660680397893688466572696604800286917240516494924076147885439,0xae6d3d20bc8f742922dc40880cd8a8671c10385a9912fa7cd670fba0643dfe96,91464516107556165907566387619157396733019262339196802152206657889196699256450,SAME_FAMILY:PRESIDENTIAL_RESULT,frozen market_family metadata
peru_first_round,ACTIVE_RESULTS,0x7965575591c9229a2c75c881555403f5e867cd5759545619d8ec061b2b08135f,78299862190151688660680397893688466572696604800286917240516494924076147885439,0xb06bd8cd9693172502d649f157283cf4d6b15dc6d595495eed33b70e94b6565e,71309235606705427471164237240934647738660821324581969500721476070843942340004,SAME_FAMILY:PRESIDENTIAL_RESULT,frozen market_family metadata
peru_first_round,ACTIVE_RESULTS,0x7965575591c9229a2c75c881555403f5e867cd5759545619d8ec061b2b08135f,78299862190151688660680397893688466572696604800286917240516494924076147885439,0xc4c3dbcc37a957a817599b0bf9fb5bd6b62b19210b0f527fec57cb75c7ed150a,64703998724474008677827057135436893758254552168142785204605792475717308499827,SAME_FAMILY:PRESIDENTIAL_RESULT,frozen market_family metadata
peru_first_round,ACTIVE_RESULTS,0x7965575591c9229a2c75c881555403f5e867cd5759545619d8ec061b2b08135f,78299862190151688660680397893688466572696604800286917240516494924076147885439,0xd149b38c9da6bacbdc0068b579f8d255196f8c2ed6a5df67f5f3064dd00733e9,88830008994939255030108226010888813127369861666100484617000813260227025912888,SAME_FAMILY:PRESIDENTIAL_RESULT,frozen market_family metadata
peru_first_round,ACTIVE_RESULTS,0x7965575591c9229a2c75c881555403f5e867cd5759545619d8ec061b2b08135f,78299862190151688660680397893688466572696604800286917240516494924076147885439,0xef61cec575ac7260343e1f0c11900fee12a1f30b521b649eec7663ec5424242a,50243762671512851167282517271037976718384543563492030616749604530990728402798,SAME_FAMILY:PRESIDENTIAL_RESULT,frozen market_family metadata
peru_first_round,ACTIVE_RESULTS,0x7965575591c9229a2c75c881555403f5e867cd5759545619d8ec061b2b08135f,78299862190151688660680397893688466572696604800286917240516494924076147885439,0xf73e2e231d324cb662ad80eefdd90bba5007fc4df45bc2c7bab90d83693cc4ee,6200507252841835595951008504441149768354972632973075259527756928392759138736,SAME_FAMILY:PRESIDENTIAL_RESULT,frozen market_family metadata
peru_first_round,ACTIVE_RESULTS,0x82d5ffbcda5dc4cb5039bd59224c732c465dc6c052af3257f38055e8dc66b0bf,68553529382068345183582892420839184781828369905058541872190738963134845555492,0x0a10ea4f5d42ac33a29d73b8562f4414f5ea2219afd9da74ba950f7aefe7c630,67856043091363573230826787438476899340717171261331542907088468980307686160535,SAME_FAMILY:PRESIDENTIAL_RESULT,frozen market_family metadata
peru_first_round,ACTIVE_RESULTS,0x82d5ffbcda5dc4cb5039bd59224c732c465dc6c052af3257f38055e8dc66b0bf,68553529382068345183582892420839184781828369905058541872190738963134845555492,0x0e7f0ffe845b05bdbd172958464fa20bcd9a048781d73e4090e07b03a4da254f,76647756421777021750296882729097877947244398058587662047702870166960832653622,SAME_FAMILY:PRESIDENTIAL_RESULT,frozen market_family metadata
peru_first_round,ACTIVE_RESULTS,0x82d5ffbcda5dc4cb5039bd59224c732c465dc6c052af3257f38055e8dc66b0bf,68553529382068345183582892420839184781828369905058541872190738963134845555492,0x158fdaad572880f8de3d3f00e4d3c2fbbae77108d88c29deb800141928c1e040,4706104298728283330895721401335363991910630839383072913311253715556150302824,SAME_FAMILY:PRESIDENTIAL_RESULT,frozen market_family metadata
peru_first_round,ACTIVE_RESULTS,0x82d5ffbcda5dc4cb5039bd59224c732c465dc6c052af3257f38055e8dc66b0bf,68553529382068345183582892420839184781828369905058541872190738963134845555492,0x24a454785cac9984fde7736d0d4b37929b7253d527d359f547c909eec89862b9,8379837610125291150489935717882363132642018085406636296823338050741934312045,SAME_FAMILY:PRESIDENTIAL_RESULT,frozen market_family metadata
peru_first_round,ACTIVE_RESULTS,0x82d5ffbcda5dc4cb5039bd59224c732c465dc6c052af3257f38055e8dc66b0bf,68553529382068345183582892420839184781828369905058541872190738963134845555492,0x28d4cee5a4bb01e0a7b1a39f8a23b2af657d9cf06d1e0ed8443c6b09329b9be3,33676951557383894515546393450532412629166294904696420306881965128761881185587,SAME_FAMILY:PRESIDENTIAL_RESULT,frozen market_family metadata
peru_first_round,ACTIVE_RESULTS,0x82d5ffbcda5dc4cb5039bd59224c732c465dc6c052af3257f38055e8dc66b0bf,68553529382068345183582892420839184781828369905058541872190738963134845555492,0x2cd24d17f5680dc6e7b7d67c712a223ae85550745597e81bd2d2b8d073443951,40073700561695212653451049120779209383948898865772011302940523990213422296817,SAME_FAMILY:PRESIDENTIAL_RESULT,frozen market_family metadata
peru_first_round,ACTIVE_RESULTS,0x82d5ffbcda5dc4cb5039bd59224c732c465dc6c052af3257f38055e8dc66b0bf,68553529382068345183582892420839184781828369905058541872190738963134845555492,0x3aec41fee9edc59c2b98d439dba86debe339e35f62ac4cdc8de01ab1a5b93f21,16452855558136653776561048576768137577528096989756809438471103880971273573161,SAME_FAMILY:PRESIDENTIAL_RESULT,frozen market_family metadata
peru_first_round,ACTIVE_RESULTS,0x82d5ffbcda5dc4cb5039bd59224c732c465dc6c052af3257f38055e8dc66b0bf,68553529382068345183582892420839184781828369905058541872190738963134845555492,0x5e7d3b7cf87325cee6ae6c7417d6e9d7250c4cc2dc912b18ce5cdafba4e6a647,13489012588233322368311367883402374394605806123068707609937025667605598991327,SAME_FAMILY:PRESIDENTIAL_RESULT,frozen market_family metadata
peru_first_round,ACTIVE_RESULTS,0x82d5ffbcda5dc4cb5039bd59224c732c465dc6c052af3257f38055e8dc66b0bf,68553529382068345183582892420839184781828369905058541872190738963134845555492,0x6a58844c4dfdf677adb5e20bcefb851833cb335210e139ce37e63482e0679617,106149607129123969375875674066349472207365000320829658467476477807489090216657,SAME_FAMILY:PRESIDENTIAL_RESULT,frozen market_family metadata
peru_first_round,ACTIVE_RESULTS,0x82d5ffbcda5dc4cb5039bd59224c732c465dc6c052af3257f38055e8dc66b0bf,68553529382068345183582892420839184781828369905058541872190738963134845555492,0x78f5630bafa15147941daa2fd2926b43febe6af1544cd9d8527b226914f3ca11,9682518067153576122489405729520126083014940106724522567955145436832495666332,SAME_FAMILY:PRESIDENTIAL_RESULT,frozen market_family metadata
peru_first_round,ACTIVE_RESULTS,0x82d5ffbcda5dc4cb5039bd59224c732c465dc6c052af3257f38055e8dc66b0bf,68553529382068345183582892420839184781828369905058541872190738963134845555492,0x790d04324ceda5e7fd3b2e62cf043d45b74a9d88921b6b250212d0c9b8ba1afd,79792255824743933242473584104148817428360729889676194064736978155093841181512,SAME_FAMILY:PRESIDENTIAL_RESULT,frozen market_family metadata
peru_first_round,ACTIVE_RESULTS,0x82d5ffbcda5dc4cb5039bd59224c732c465dc6c052af3257f38055e8dc66b0bf,68553529382068345183582892420839184781828369905058541872190738963134845555492,0x7965575591c9229a2c75c881555403f5e867cd5759545619d8ec061b2b08135f,78299862190151688660680397893688466572696604800286917240516494924076147885439,SAME_FAMILY:PRESIDENTIAL_RESULT,frozen market_family metadata
peru_first_round,ACTIVE_RESULTS,0x82d5ffbcda5dc4cb5039bd59224c732c465dc6c052af3257f38055e8dc66b0bf,68553529382068345183582892420839184781828369905058541872190738963134845555492,0x974dcbcce5e8186e0e273065a60675bc17617897c395eca60478d0c49f80718f,101000035200953616880452761567806635979587850958431667672433526557328036615568,SAME_FAMILY:PRESIDENTIAL_RESULT,frozen market_family metadata
peru_first_round,ACTIVE_RESULTS,0x82d5ffbcda5dc4cb5039bd59224c732c465dc6c052af3257f38055e8dc66b0bf,68553529382068345183582892420839184781828369905058541872190738963134845555492,0x9b14ba5cc37a35c0db2c9849e631d98195670be4a0f91233a81529f22a7a5949,96778993542273611384637311499081700062825144626170214374801025348770797572532,SAME_FAMILY:PRESIDENTIAL_RESULT,frozen market_family metadata
peru_first_round,ACTIVE_RESULTS,0x82d5ffbcda5dc4cb5039bd59224c732c465dc6c052af3257f38055e8dc66b0bf,68553529382068345183582892420839184781828369905058541872190738963134845555492,0xa61438a389267c7deafc9d04cd6d0dc597d70253eb94702c0f5be458d75719a2,31366905060250352809933074814832465062746377846325454298457938183906229951978,SAME_FAMILY:PRESIDENTIAL_RESULT,frozen market_family metadata
peru_first_round,ACTIVE_RESULTS,0x82d5ffbcda5dc4cb5039bd59224c732c465dc6c052af3257f38055e8dc66b0bf,68553529382068345183582892420839184781828369905058541872190738963134845555492,0xae6d3d20bc8f742922dc40880cd8a8671c10385a9912fa7cd670fba0643dfe96,91464516107556165907566387619157396733019262339196802152206657889196699256450,SAME_FAMILY:PRESIDENTIAL_RESULT,frozen market_family metadata
peru_first_round,ACTIVE_RESULTS,0x82d5ffbcda5dc4cb5039bd59224c732c465dc6c052af3257f38055e8dc66b0bf,68553529382068345183582892420839184781828369905058541872190738963134845555492,0xb06bd8cd9693172502d649f157283cf4d6b15dc6d595495eed33b70e94b6565e,71309235606705427471164237240934647738660821324581969500721476070843942340004,SAME_FAMILY:PRESIDENTIAL_RESULT,frozen market_family metadata
peru_first_round,ACTIVE_RESULTS,0x82d5ffbcda5dc4cb5039bd59224c732c465dc6c052af3257f38055e8dc66b0bf,68553529382068345183582892420839184781828369905058541872190738963134845555492,0xc4c3dbcc37a957a817599b0bf9fb5bd6b62b19210b0f527fec57cb75c7ed150a,64703998724474008677827057135436893758254552168142785204605792475717308499827,SAME_FAMILY:PRESIDENTIAL_RESULT,frozen market_family metadata
peru_first_round,ACTIVE_RESULTS,0x82d5ffbcda5dc4cb5039bd59224c732c465dc6c052af3257f38055e8dc66b0bf,68553529382068345183582892420839184781828369905058541872190738963134845555492,0xd149b38c9da6bacbdc0068b579f8d255196f8c2ed6a5df67f5f3064dd00733e9,88830008994939255030108226010888813127369861666100484617000813260227025912888,SAME_FAMILY:PRESIDENTIAL_RESULT,frozen market_family metadata
peru_first_round,ACTIVE_RESULTS,0x82d5ffbcda5dc4cb5039bd59224c732c465dc6c052af3257f38055e8dc66b0bf,68553529382068345183582892420839184781828369905058541872190738963134845555492,0xef61cec575ac7260343e1f0c11900fee12a1f30b521b649eec7663ec5424242a,50243762671512851167282517271037976718384543563492030616749604530990728402798,SAME_FAMILY:PRESIDENTIAL_RESULT,frozen market_family metadata
peru_first_round,ACTIVE_RESULTS,0x82d5ffbcda5dc4cb5039bd59224c732c465dc6c052af3257f38055e8dc66b0bf,68553529382068345183582892420839184781828369905058541872190738963134845555492,0xf73e2e231d324cb662ad80eefdd90bba5007fc4df45bc2c7bab90d83693cc4ee,6200507252841835595951008504441149768354972632973075259527756928392759138736,SAME_FAMILY:PRESIDENTIAL_RESULT,frozen market_family metadata
peru_first_round,ACTIVE_RESULTS,0x974dcbcce5e8186e0e273065a60675bc17617897c395eca60478d0c49f80718f,101000035200953616880452761567806635979587850958431667672433526557328036615568,0x0a10ea4f5d42ac33a29d73b8562f4414f5ea2219afd9da74ba950f7aefe7c630,67856043091363573230826787438476899340717171261331542907088468980307686160535,SAME_FAMILY:PRESIDENTIAL_RESULT,frozen market_family metadata
peru_first_round,ACTIVE_RESULTS,0x974dcbcce5e8186e0e273065a60675bc17617897c395eca60478d0c49f80718f,101000035200953616880452761567806635979587850958431667672433526557328036615568,0x0e7f0ffe845b05bdbd172958464fa20bcd9a048781d73e4090e07b03a4da254f,76647756421777021750296882729097877947244398058587662047702870166960832653622,SAME_FAMILY:PRESIDENTIAL_RESULT,frozen market_family metadata
peru_first_round,ACTIVE_RESULTS,0x974dcbcce5e8186e0e273065a60675bc17617897c395eca60478d0c49f80718f,101000035200953616880452761567806635979587850958431667672433526557328036615568,0x158fdaad572880f8de3d3f00e4d3c2fbbae77108d88c29deb800141928c1e040,4706104298728283330895721401335363991910630839383072913311253715556150302824,SAME_FAMILY:PRESIDENTIAL_RESULT,frozen market_family metadata
peru_first_round,ACTIVE_RESULTS,0x974dcbcce5e8186e0e273065a60675bc17617897c395eca60478d0c49f80718f,101000035200953616880452761567806635979587850958431667672433526557328036615568,0x24a454785cac9984fde7736d0d4b37929b7253d527d359f547c909eec89862b9,8379837610125291150489935717882363132642018085406636296823338050741934312045,SAME_FAMILY:PRESIDENTIAL_RESULT,frozen market_family metadata
peru_first_round,ACTIVE_RESULTS,0x974dcbcce5e8186e0e273065a60675bc17617897c395eca60478d0c49f80718f,101000035200953616880452761567806635979587850958431667672433526557328036615568,0x28d4cee5a4bb01e0a7b1a39f8a23b2af657d9cf06d1e0ed8443c6b09329b9be3,33676951557383894515546393450532412629166294904696420306881965128761881185587,SAME_FAMILY:PRESIDENTIAL_RESULT,frozen market_family metadata
peru_first_round,ACTIVE_RESULTS,0x974dcbcce5e8186e0e273065a60675bc17617897c395eca60478d0c49f80718f,101000035200953616880452761567806635979587850958431667672433526557328036615568,0x2cd24d17f5680dc6e7b7d67c712a223ae85550745597e81bd2d2b8d073443951,40073700561695212653451049120779209383948898865772011302940523990213422296817,SAME_FAMILY:PRESIDENTIAL_RESULT,frozen market_family metadata
peru_first_round,ACTIVE_RESULTS,0x974dcbcce5e8186e0e273065a60675bc17617897c395eca60478d0c49f80718f,101000035200953616880452761567806635979587850958431667672433526557328036615568,0x3aec41fee9edc59c2b98d439dba86debe339e35f62ac4cdc8de01ab1a5b93f21,16452855558136653776561048576768137577528096989756809438471103880971273573161,SAME_FAMILY:PRESIDENTIAL_RESULT,frozen market_family metadata
peru_first_round,ACTIVE_RESULTS,0x974dcbcce5e8186e0e273065a60675bc17617897c395eca60478d0c49f80718f,101000035200953616880452761567806635979587850958431667672433526557328036615568,0x5e7d3b7cf87325cee6ae6c7417d6e9d7250c4cc2dc912b18ce5cdafba4e6a647,13489012588233322368311367883402374394605806123068707609937025667605598991327,SAME_FAMILY:PRESIDENTIAL_RESULT,frozen market_family metadata
peru_first_round,ACTIVE_RESULTS,0x974dcbcce5e8186e0e273065a60675bc17617897c395eca60478d0c49f80718f,101000035200953616880452761567806635979587850958431667672433526557328036615568,0x6a58844c4dfdf677adb5e20bcefb851833cb335210e139ce37e63482e0679617,106149607129123969375875674066349472207365000320829658467476477807489090216657,SAME_FAMILY:PRESIDENTIAL_RESULT,frozen market_family metadata
peru_first_round,ACTIVE_RESULTS,0x974dcbcce5e8186e0e273065a60675bc17617897c395eca60478d0c49f80718f,101000035200953616880452761567806635979587850958431667672433526557328036615568,0x78f5630bafa15147941daa2fd2926b43febe6af1544cd9d8527b226914f3ca11,9682518067153576122489405729520126083014940106724522567955145436832495666332,SAME_FAMILY:PRESIDENTIAL_RESULT,frozen market_family metadata
peru_first_round,ACTIVE_RESULTS,0x974dcbcce5e8186e0e273065a60675bc17617897c395eca60478d0c49f80718f,101000035200953616880452761567806635979587850958431667672433526557328036615568,0x790d04324ceda5e7fd3b2e62cf043d45b74a9d88921b6b250212d0c9b8ba1afd,79792255824743933242473584104148817428360729889676194064736978155093841181512,SAME_FAMILY:PRESIDENTIAL_RESULT,frozen market_family metadata
peru_first_round,ACTIVE_RESULTS,0x974dcbcce5e8186e0e273065a60675bc17617897c395eca60478d0c49f80718f,101000035200953616880452761567806635979587850958431667672433526557328036615568,0x7965575591c9229a2c75c881555403f5e867cd5759545619d8ec061b2b08135f,78299862190151688660680397893688466572696604800286917240516494924076147885439,SAME_FAMILY:PRESIDENTIAL_RESULT,frozen market_family metadata
peru_first_round,ACTIVE_RESULTS,0x974dcbcce5e8186e0e273065a60675bc17617897c395eca60478d0c49f80718f,101000035200953616880452761567806635979587850958431667672433526557328036615568,0x82d5ffbcda5dc4cb5039bd59224c732c465dc6c052af3257f38055e8dc66b0bf,68553529382068345183582892420839184781828369905058541872190738963134845555492,SAME_FAMILY:PRESIDENTIAL_RESULT,frozen market_family metadata
peru_first_round,ACTIVE_RESULTS,0x974dcbcce5e8186e0e273065a60675bc17617897c395eca60478d0c49f80718f,101000035200953616880452761567806635979587850958431667672433526557328036615568,0x9b14ba5cc37a35c0db2c9849e631d98195670be4a0f91233a81529f22a7a5949,96778993542273611384637311499081700062825144626170214374801025348770797572532,SAME_FAMILY:PRESIDENTIAL_RESULT,frozen market_family metadata
peru_first_round,ACTIVE_RESULTS,0x974dcbcce5e8186e0e273065a60675bc17617897c395eca60478d0c49f80718f,101000035200953616880452761567806635979587850958431667672433526557328036615568,0xa61438a389267c7deafc9d04cd6d0dc597d70253eb94702c0f5be458d75719a2,31366905060250352809933074814832465062746377846325454298457938183906229951978,SAME_FAMILY:PRESIDENTIAL_RESULT,frozen market_family metadata
peru_first_round,ACTIVE_RESULTS,0x974dcbcce5e8186e0e273065a60675bc17617897c395eca60478d0c49f80718f,101000035200953616880452761567806635979587850958431667672433526557328036615568,0xae6d3d20bc8f742922dc40880cd8a8671c10385a9912fa7cd670fba0643dfe96,91464516107556165907566387619157396733019262339196802152206657889196699256450,SAME_FAMILY:PRESIDENTIAL_RESULT,frozen market_family metadata
peru_first_round,ACTIVE_RESULTS,0x974dcbcce5e8186e0e273065a60675bc17617897c395eca60478d0c49f80718f,101000035200953616880452761567806635979587850958431667672433526557328036615568,0xb06bd8cd9693172502d649f157283cf4d6b15dc6d595495eed33b70e94b6565e,71309235606705427471164237240934647738660821324581969500721476070843942340004,SAME_FAMILY:PRESIDENTIAL_RESULT,frozen market_family metadata
peru_first_round,ACTIVE_RESULTS,0x974dcbcce5e8186e0e273065a60675bc17617897c395eca60478d0c49f80718f,101000035200953616880452761567806635979587850958431667672433526557328036615568,0xc4c3dbcc37a957a817599b0bf9fb5bd6b62b19210b0f527fec57cb75c7ed150a,64703998724474008677827057135436893758254552168142785204605792475717308499827,SAME_FAMILY:PRESIDENTIAL_RESULT,frozen market_family metadata
peru_first_round,ACTIVE_RESULTS,0x974dcbcce5e8186e0e273065a60675bc17617897c395eca60478d0c49f80718f,101000035200953616880452761567806635979587850958431667672433526557328036615568,0xd149b38c9da6bacbdc0068b579f8d255196f8c2ed6a5df67f5f3064dd00733e9,88830008994939255030108226010888813127369861666100484617000813260227025912888,SAME_FAMILY:PRESIDENTIAL_RESULT,frozen market_family metadata
peru_first_round,ACTIVE_RESULTS,0x974dcbcce5e8186e0e273065a60675bc17617897c395eca60478d0c49f80718f,101000035200953616880452761567806635979587850958431667672433526557328036615568,0xef61cec575ac7260343e1f0c11900fee12a1f30b521b649eec7663ec5424242a,50243762671512851167282517271037976718384543563492030616749604530990728402798,SAME_FAMILY:PRESIDENTIAL_RESULT,frozen market_family metadata
peru_first_round,ACTIVE_RESULTS,0x974dcbcce5e8186e0e273065a60675bc17617897c395eca60478d0c49f80718f,101000035200953616880452761567806635979587850958431667672433526557328036615568,0xf73e2e231d324cb662ad80eefdd90bba5007fc4df45bc2c7bab90d83693cc4ee,6200507252841835595951008504441149768354972632973075259527756928392759138736,SAME_FAMILY:PRESIDENTIAL_RESULT,frozen market_family metadata
peru_first_round,ACTIVE_RESULTS,0x9b14ba5cc37a35c0db2c9849e631d98195670be4a0f91233a81529f22a7a5949,96778993542273611384637311499081700062825144626170214374801025348770797572532,0x0a10ea4f5d42ac33a29d73b8562f4414f5ea2219afd9da74ba950f7aefe7c630,67856043091363573230826787438476899340717171261331542907088468980307686160535,SAME_FAMILY:PRESIDENTIAL_RESULT,frozen market_family metadata
peru_first_round,ACTIVE_RESULTS,0x9b14ba5cc37a35c0db2c9849e631d98195670be4a0f91233a81529f22a7a5949,96778993542273611384637311499081700062825144626170214374801025348770797572532,0x0e7f0ffe845b05bdbd172958464fa20bcd9a048781d73e4090e07b03a4da254f,76647756421777021750296882729097877947244398058587662047702870166960832653622,SAME_FAMILY:PRESIDENTIAL_RESULT,frozen market_family metadata
peru_first_round,ACTIVE_RESULTS,0x9b14ba5cc37a35c0db2c9849e631d98195670be4a0f91233a81529f22a7a5949,96778993542273611384637311499081700062825144626170214374801025348770797572532,0x158fdaad572880f8de3d3f00e4d3c2fbbae77108d88c29deb800141928c1e040,4706104298728283330895721401335363991910630839383072913311253715556150302824,SAME_FAMILY:PRESIDENTIAL_RESULT,frozen market_family metadata
peru_first_round,ACTIVE_RESULTS,0x9b14ba5cc37a35c0db2c9849e631d98195670be4a0f91233a81529f22a7a5949,96778993542273611384637311499081700062825144626170214374801025348770797572532,0x24a454785cac9984fde7736d0d4b37929b7253d527d359f547c909eec89862b9,8379837610125291150489935717882363132642018085406636296823338050741934312045,SAME_FAMILY:PRESIDENTIAL_RESULT,frozen market_family metadata
peru_first_round,ACTIVE_RESULTS,0x9b14ba5cc37a35c0db2c9849e631d98195670be4a0f91233a81529f22a7a5949,96778993542273611384637311499081700062825144626170214374801025348770797572532,0x28d4cee5a4bb01e0a7b1a39f8a23b2af657d9cf06d1e0ed8443c6b09329b9be3,33676951557383894515546393450532412629166294904696420306881965128761881185587,SAME_FAMILY:PRESIDENTIAL_RESULT,frozen market_family metadata
peru_first_round,ACTIVE_RESULTS,0x9b14ba5cc37a35c0db2c9849e631d98195670be4a0f91233a81529f22a7a5949,96778993542273611384637311499081700062825144626170214374801025348770797572532,0x2cd24d17f5680dc6e7b7d67c712a223ae85550745597e81bd2d2b8d073443951,40073700561695212653451049120779209383948898865772011302940523990213422296817,SAME_FAMILY:PRESIDENTIAL_RESULT,frozen market_family metadata
peru_first_round,ACTIVE_RESULTS,0x9b14ba5cc37a35c0db2c9849e631d98195670be4a0f91233a81529f22a7a5949,96778993542273611384637311499081700062825144626170214374801025348770797572532,0x3aec41fee9edc59c2b98d439dba86debe339e35f62ac4cdc8de01ab1a5b93f21,16452855558136653776561048576768137577528096989756809438471103880971273573161,SAME_FAMILY:PRESIDENTIAL_RESULT,frozen market_family metadata
peru_first_round,ACTIVE_RESULTS,0x9b14ba5cc37a35c0db2c9849e631d98195670be4a0f91233a81529f22a7a5949,96778993542273611384637311499081700062825144626170214374801025348770797572532,0x5e7d3b7cf87325cee6ae6c7417d6e9d7250c4cc2dc912b18ce5cdafba4e6a647,13489012588233322368311367883402374394605806123068707609937025667605598991327,SAME_FAMILY:PRESIDENTIAL_RESULT,frozen market_family metadata
peru_first_round,ACTIVE_RESULTS,0x9b14ba5cc37a35c0db2c9849e631d98195670be4a0f91233a81529f22a7a5949,96778993542273611384637311499081700062825144626170214374801025348770797572532,0x6a58844c4dfdf677adb5e20bcefb851833cb335210e139ce37e63482e0679617,106149607129123969375875674066349472207365000320829658467476477807489090216657,SAME_FAMILY:PRESIDENTIAL_RESULT,frozen market_family metadata
peru_first_round,ACTIVE_RESULTS,0x9b14ba5cc37a35c0db2c9849e631d98195670be4a0f91233a81529f22a7a5949,96778993542273611384637311499081700062825144626170214374801025348770797572532,0x78f5630bafa15147941daa2fd2926b43febe6af1544cd9d8527b226914f3ca11,9682518067153576122489405729520126083014940106724522567955145436832495666332,SAME_FAMILY:PRESIDENTIAL_RESULT,frozen market_family metadata
peru_first_round,ACTIVE_RESULTS,0x9b14ba5cc37a35c0db2c9849e631d98195670be4a0f91233a81529f22a7a5949,96778993542273611384637311499081700062825144626170214374801025348770797572532,0x790d04324ceda5e7fd3b2e62cf043d45b74a9d88921b6b250212d0c9b8ba1afd,79792255824743933242473584104148817428360729889676194064736978155093841181512,SAME_FAMILY:PRESIDENTIAL_RESULT,frozen market_family metadata
peru_first_round,ACTIVE_RESULTS,0x9b14ba5cc37a35c0db2c9849e631d98195670be4a0f91233a81529f22a7a5949,96778993542273611384637311499081700062825144626170214374801025348770797572532,0x7965575591c9229a2c75c881555403f5e867cd5759545619d8ec061b2b08135f,78299862190151688660680397893688466572696604800286917240516494924076147885439,SAME_FAMILY:PRESIDENTIAL_RESULT,frozen market_family metadata
peru_first_round,ACTIVE_RESULTS,0x9b14ba5cc37a35c0db2c9849e631d98195670be4a0f91233a81529f22a7a5949,96778993542273611384637311499081700062825144626170214374801025348770797572532,0x82d5ffbcda5dc4cb5039bd59224c732c465dc6c052af3257f38055e8dc66b0bf,68553529382068345183582892420839184781828369905058541872190738963134845555492,SAME_FAMILY:PRESIDENTIAL_RESULT,frozen market_family metadata
peru_first_round,ACTIVE_RESULTS,0x9b14ba5cc37a35c0db2c9849e631d98195670be4a0f91233a81529f22a7a5949,96778993542273611384637311499081700062825144626170214374801025348770797572532,0x974dcbcce5e8186e0e273065a60675bc17617897c395eca60478d0c49f80718f,101000035200953616880452761567806635979587850958431667672433526557328036615568,SAME_FAMILY:PRESIDENTIAL_RESULT,frozen market_family metadata
peru_first_round,ACTIVE_RESULTS,0x9b14ba5cc37a35c0db2c9849e631d98195670be4a0f91233a81529f22a7a5949,96778993542273611384637311499081700062825144626170214374801025348770797572532,0xa61438a389267c7deafc9d04cd6d0dc597d70253eb94702c0f5be458d75719a2,31366905060250352809933074814832465062746377846325454298457938183906229951978,SAME_FAMILY:PRESIDENTIAL_RESULT,frozen market_family metadata
peru_first_round,ACTIVE_RESULTS,0x9b14ba5cc37a35c0db2c9849e631d98195670be4a0f91233a81529f22a7a5949,96778993542273611384637311499081700062825144626170214374801025348770797572532,0xae6d3d20bc8f742922dc40880cd8a8671c10385a9912fa7cd670fba0643dfe96,91464516107556165907566387619157396733019262339196802152206657889196699256450,SAME_FAMILY:PRESIDENTIAL_RESULT,frozen market_family metadata
peru_first_round,ACTIVE_RESULTS,0x9b14ba5cc37a35c0db2c9849e631d98195670be4a0f91233a81529f22a7a5949,96778993542273611384637311499081700062825144626170214374801025348770797572532,0xb06bd8cd9693172502d649f157283cf4d6b15dc6d595495eed33b70e94b6565e,71309235606705427471164237240934647738660821324581969500721476070843942340004,SAME_FAMILY:PRESIDENTIAL_RESULT,frozen market_family metadata
peru_first_round,ACTIVE_RESULTS,0x9b14ba5cc37a35c0db2c9849e631d98195670be4a0f91233a81529f22a7a5949,96778993542273611384637311499081700062825144626170214374801025348770797572532,0xc4c3dbcc37a957a817599b0bf9fb5bd6b62b19210b0f527fec57cb75c7ed150a,64703998724474008677827057135436893758254552168142785204605792475717308499827,SAME_FAMILY:PRESIDENTIAL_RESULT,frozen market_family metadata
peru_first_round,ACTIVE_RESULTS,0x9b14ba5cc37a35c0db2c9849e631d98195670be4a0f91233a81529f22a7a5949,96778993542273611384637311499081700062825144626170214374801025348770797572532,0xd149b38c9da6bacbdc0068b579f8d255196f8c2ed6a5df67f5f3064dd00733e9,88830008994939255030108226010888813127369861666100484617000813260227025912888,SAME_FAMILY:PRESIDENTIAL_RESULT,frozen market_family metadata
peru_first_round,ACTIVE_RESULTS,0x9b14ba5cc37a35c0db2c9849e631d98195670be4a0f91233a81529f22a7a5949,96778993542273611384637311499081700062825144626170214374801025348770797572532,0xef61cec575ac7260343e1f0c11900fee12a1f30b521b649eec7663ec5424242a,50243762671512851167282517271037976718384543563492030616749604530990728402798,SAME_FAMILY:PRESIDENTIAL_RESULT,frozen market_family metadata
peru_first_round,ACTIVE_RESULTS,0x9b14ba5cc37a35c0db2c9849e631d98195670be4a0f91233a81529f22a7a5949,96778993542273611384637311499081700062825144626170214374801025348770797572532,0xf73e2e231d324cb662ad80eefdd90bba5007fc4df45bc2c7bab90d83693cc4ee,6200507252841835595951008504441149768354972632973075259527756928392759138736,SAME_FAMILY:PRESIDENTIAL_RESULT,frozen market_family metadata
peru_first_round,ACTIVE_RESULTS,0xa61438a389267c7deafc9d04cd6d0dc597d70253eb94702c0f5be458d75719a2,31366905060250352809933074814832465062746377846325454298457938183906229951978,0x0a10ea4f5d42ac33a29d73b8562f4414f5ea2219afd9da74ba950f7aefe7c630,67856043091363573230826787438476899340717171261331542907088468980307686160535,SAME_FAMILY:PRESIDENTIAL_RESULT,frozen market_family metadata
peru_first_round,ACTIVE_RESULTS,0xa61438a389267c7deafc9d04cd6d0dc597d70253eb94702c0f5be458d75719a2,31366905060250352809933074814832465062746377846325454298457938183906229951978,0x0e7f0ffe845b05bdbd172958464fa20bcd9a048781d73e4090e07b03a4da254f,76647756421777021750296882729097877947244398058587662047702870166960832653622,SAME_FAMILY:PRESIDENTIAL_RESULT,frozen market_family metadata
peru_first_round,ACTIVE_RESULTS,0xa61438a389267c7deafc9d04cd6d0dc597d70253eb94702c0f5be458d75719a2,31366905060250352809933074814832465062746377846325454298457938183906229951978,0x158fdaad572880f8de3d3f00e4d3c2fbbae77108d88c29deb800141928c1e040,4706104298728283330895721401335363991910630839383072913311253715556150302824,SAME_FAMILY:PRESIDENTIAL_RESULT,frozen market_family metadata
peru_first_round,ACTIVE_RESULTS,0xa61438a389267c7deafc9d04cd6d0dc597d70253eb94702c0f5be458d75719a2,31366905060250352809933074814832465062746377846325454298457938183906229951978,0x24a454785cac9984fde7736d0d4b37929b7253d527d359f547c909eec89862b9,8379837610125291150489935717882363132642018085406636296823338050741934312045,SAME_FAMILY:PRESIDENTIAL_RESULT,frozen market_family metadata
peru_first_round,ACTIVE_RESULTS,0xa61438a389267c7deafc9d04cd6d0dc597d70253eb94702c0f5be458d75719a2,31366905060250352809933074814832465062746377846325454298457938183906229951978,0x28d4cee5a4bb01e0a7b1a39f8a23b2af657d9cf06d1e0ed8443c6b09329b9be3,33676951557383894515546393450532412629166294904696420306881965128761881185587,SAME_FAMILY:PRESIDENTIAL_RESULT,frozen market_family metadata
peru_first_round,ACTIVE_RESULTS,0xa61438a389267c7deafc9d04cd6d0dc597d70253eb94702c0f5be458d75719a2,31366905060250352809933074814832465062746377846325454298457938183906229951978,0x2cd24d17f5680dc6e7b7d67c712a223ae85550745597e81bd2d2b8d073443951,40073700561695212653451049120779209383948898865772011302940523990213422296817,SAME_FAMILY:PRESIDENTIAL_RESULT,frozen market_family metadata
peru_first_round,ACTIVE_RESULTS,0xa61438a389267c7deafc9d04cd6d0dc597d70253eb94702c0f5be458d75719a2,31366905060250352809933074814832465062746377846325454298457938183906229951978,0x3aec41fee9edc59c2b98d439dba86debe339e35f62ac4cdc8de01ab1a5b93f21,16452855558136653776561048576768137577528096989756809438471103880971273573161,SAME_FAMILY:PRESIDENTIAL_RESULT,frozen market_family metadata
peru_first_round,ACTIVE_RESULTS,0xa61438a389267c7deafc9d04cd6d0dc597d70253eb94702c0f5be458d75719a2,31366905060250352809933074814832465062746377846325454298457938183906229951978,0x5e7d3b7cf87325cee6ae6c7417d6e9d7250c4cc2dc912b18ce5cdafba4e6a647,13489012588233322368311367883402374394605806123068707609937025667605598991327,SAME_FAMILY:PRESIDENTIAL_RESULT,frozen market_family metadata
peru_first_round,ACTIVE_RESULTS,0xa61438a389267c7deafc9d04cd6d0dc597d70253eb94702c0f5be458d75719a2,31366905060250352809933074814832465062746377846325454298457938183906229951978,0x6a58844c4dfdf677adb5e20bcefb851833cb335210e139ce37e63482e0679617,106149607129123969375875674066349472207365000320829658467476477807489090216657,SAME_FAMILY:PRESIDENTIAL_RESULT,frozen market_family metadata
peru_first_round,ACTIVE_RESULTS,0xa61438a389267c7deafc9d04cd6d0dc597d70253eb94702c0f5be458d75719a2,31366905060250352809933074814832465062746377846325454298457938183906229951978,0x78f5630bafa15147941daa2fd2926b43febe6af1544cd9d8527b226914f3ca11,9682518067153576122489405729520126083014940106724522567955145436832495666332,SAME_FAMILY:PRESIDENTIAL_RESULT,frozen market_family metadata
peru_first_round,ACTIVE_RESULTS,0xa61438a389267c7deafc9d04cd6d0dc597d70253eb94702c0f5be458d75719a2,31366905060250352809933074814832465062746377846325454298457938183906229951978,0x790d04324ceda5e7fd3b2e62cf043d45b74a9d88921b6b250212d0c9b8ba1afd,79792255824743933242473584104148817428360729889676194064736978155093841181512,SAME_FAMILY:PRESIDENTIAL_RESULT,frozen market_family metadata
peru_first_round,ACTIVE_RESULTS,0xa61438a389267c7deafc9d04cd6d0dc597d70253eb94702c0f5be458d75719a2,31366905060250352809933074814832465062746377846325454298457938183906229951978,0x7965575591c9229a2c75c881555403f5e867cd5759545619d8ec061b2b08135f,78299862190151688660680397893688466572696604800286917240516494924076147885439,SAME_FAMILY:PRESIDENTIAL_RESULT,frozen market_family metadata
peru_first_round,ACTIVE_RESULTS,0xa61438a389267c7deafc9d04cd6d0dc597d70253eb94702c0f5be458d75719a2,31366905060250352809933074814832465062746377846325454298457938183906229951978,0x82d5ffbcda5dc4cb5039bd59224c732c465dc6c052af3257f38055e8dc66b0bf,68553529382068345183582892420839184781828369905058541872190738963134845555492,SAME_FAMILY:PRESIDENTIAL_RESULT,frozen market_family metadata
peru_first_round,ACTIVE_RESULTS,0xa61438a389267c7deafc9d04cd6d0dc597d70253eb94702c0f5be458d75719a2,31366905060250352809933074814832465062746377846325454298457938183906229951978,0x974dcbcce5e8186e0e273065a60675bc17617897c395eca60478d0c49f80718f,101000035200953616880452761567806635979587850958431667672433526557328036615568,SAME_FAMILY:PRESIDENTIAL_RESULT,frozen market_family metadata
peru_first_round,ACTIVE_RESULTS,0xa61438a389267c7deafc9d04cd6d0dc597d70253eb94702c0f5be458d75719a2,31366905060250352809933074814832465062746377846325454298457938183906229951978,0x9b14ba5cc37a35c0db2c9849e631d98195670be4a0f91233a81529f22a7a5949,96778993542273611384637311499081700062825144626170214374801025348770797572532,SAME_FAMILY:PRESIDENTIAL_RESULT,frozen market_family metadata
peru_first_round,ACTIVE_RESULTS,0xa61438a389267c7deafc9d04cd6d0dc597d70253eb94702c0f5be458d75719a2,31366905060250352809933074814832465062746377846325454298457938183906229951978,0xae6d3d20bc8f742922dc40880cd8a8671c10385a9912fa7cd670fba0643dfe96,91464516107556165907566387619157396733019262339196802152206657889196699256450,SAME_FAMILY:PRESIDENTIAL_RESULT,frozen market_family metadata
peru_first_round,ACTIVE_RESULTS,0xa61438a389267c7deafc9d04cd6d0dc597d70253eb94702c0f5be458d75719a2,31366905060250352809933074814832465062746377846325454298457938183906229951978,0xb06bd8cd9693172502d649f157283cf4d6b15dc6d595495eed33b70e94b6565e,71309235606705427471164237240934647738660821324581969500721476070843942340004,SAME_FAMILY:PRESIDENTIAL_RESULT,frozen market_family metadata
peru_first_round,ACTIVE_RESULTS,0xa61438a389267c7deafc9d04cd6d0dc597d70253eb94702c0f5be458d75719a2,31366905060250352809933074814832465062746377846325454298457938183906229951978,0xc4c3dbcc37a957a817599b0bf9fb5bd6b62b19210b0f527fec57cb75c7ed150a,64703998724474008677827057135436893758254552168142785204605792475717308499827,SAME_FAMILY:PRESIDENTIAL_RESULT,frozen market_family metadata
peru_first_round,ACTIVE_RESULTS,0xa61438a389267c7deafc9d04cd6d0dc597d70253eb94702c0f5be458d75719a2,31366905060250352809933074814832465062746377846325454298457938183906229951978,0xd149b38c9da6bacbdc0068b579f8d255196f8c2ed6a5df67f5f3064dd00733e9,88830008994939255030108226010888813127369861666100484617000813260227025912888,SAME_FAMILY:PRESIDENTIAL_RESULT,frozen market_family metadata
peru_first_round,ACTIVE_RESULTS,0xa61438a389267c7deafc9d04cd6d0dc597d70253eb94702c0f5be458d75719a2,31366905060250352809933074814832465062746377846325454298457938183906229951978,0xef61cec575ac7260343e1f0c11900fee12a1f30b521b649eec7663ec5424242a,50243762671512851167282517271037976718384543563492030616749604530990728402798,SAME_FAMILY:PRESIDENTIAL_RESULT,frozen market_family metadata
peru_first_round,ACTIVE_RESULTS,0xa61438a389267c7deafc9d04cd6d0dc597d70253eb94702c0f5be458d75719a2,31366905060250352809933074814832465062746377846325454298457938183906229951978,0xf73e2e231d324cb662ad80eefdd90bba5007fc4df45bc2c7bab90d83693cc4ee,6200507252841835595951008504441149768354972632973075259527756928392759138736,SAME_FAMILY:PRESIDENTIAL_RESULT,frozen market_family metadata
peru_first_round,ACTIVE_RESULTS,0xae6d3d20bc8f742922dc40880cd8a8671c10385a9912fa7cd670fba0643dfe96,91464516107556165907566387619157396733019262339196802152206657889196699256450,0x0a10ea4f5d42ac33a29d73b8562f4414f5ea2219afd9da74ba950f7aefe7c630,67856043091363573230826787438476899340717171261331542907088468980307686160535,SAME_FAMILY:PRESIDENTIAL_RESULT,frozen market_family metadata
peru_first_round,ACTIVE_RESULTS,0xae6d3d20bc8f742922dc40880cd8a8671c10385a9912fa7cd670fba0643dfe96,91464516107556165907566387619157396733019262339196802152206657889196699256450,0x0e7f0ffe845b05bdbd172958464fa20bcd9a048781d73e4090e07b03a4da254f,76647756421777021750296882729097877947244398058587662047702870166960832653622,SAME_FAMILY:PRESIDENTIAL_RESULT,frozen market_family metadata
peru_first_round,ACTIVE_RESULTS,0xae6d3d20bc8f742922dc40880cd8a8671c10385a9912fa7cd670fba0643dfe96,91464516107556165907566387619157396733019262339196802152206657889196699256450,0x158fdaad572880f8de3d3f00e4d3c2fbbae77108d88c29deb800141928c1e040,4706104298728283330895721401335363991910630839383072913311253715556150302824,SAME_FAMILY:PRESIDENTIAL_RESULT,frozen market_family metadata
peru_first_round,ACTIVE_RESULTS,0xae6d3d20bc8f742922dc40880cd8a8671c10385a9912fa7cd670fba0643dfe96,91464516107556165907566387619157396733019262339196802152206657889196699256450,0x24a454785cac9984fde7736d0d4b37929b7253d527d359f547c909eec89862b9,8379837610125291150489935717882363132642018085406636296823338050741934312045,SAME_FAMILY:PRESIDENTIAL_RESULT,frozen market_family metadata
peru_first_round,ACTIVE_RESULTS,0xae6d3d20bc8f742922dc40880cd8a8671c10385a9912fa7cd670fba0643dfe96,91464516107556165907566387619157396733019262339196802152206657889196699256450,0x28d4cee5a4bb01e0a7b1a39f8a23b2af657d9cf06d1e0ed8443c6b09329b9be3,33676951557383894515546393450532412629166294904696420306881965128761881185587,SAME_FAMILY:PRESIDENTIAL_RESULT,frozen market_family metadata
peru_first_round,ACTIVE_RESULTS,0xae6d3d20bc8f742922dc40880cd8a8671c10385a9912fa7cd670fba0643dfe96,91464516107556165907566387619157396733019262339196802152206657889196699256450,0x2cd24d17f5680dc6e7b7d67c712a223ae85550745597e81bd2d2b8d073443951,40073700561695212653451049120779209383948898865772011302940523990213422296817,SAME_FAMILY:PRESIDENTIAL_RESULT,frozen market_family metadata
peru_first_round,ACTIVE_RESULTS,0xae6d3d20bc8f742922dc40880cd8a8671c10385a9912fa7cd670fba0643dfe96,91464516107556165907566387619157396733019262339196802152206657889196699256450,0x3aec41fee9edc59c2b98d439dba86debe339e35f62ac4cdc8de01ab1a5b93f21,16452855558136653776561048576768137577528096989756809438471103880971273573161,SAME_FAMILY:PRESIDENTIAL_RESULT,frozen market_family metadata
peru_first_round,ACTIVE_RESULTS,0xae6d3d20bc8f742922dc40880cd8a8671c10385a9912fa7cd670fba0643dfe96,91464516107556165907566387619157396733019262339196802152206657889196699256450,0x5e7d3b7cf87325cee6ae6c7417d6e9d7250c4cc2dc912b18ce5cdafba4e6a647,13489012588233322368311367883402374394605806123068707609937025667605598991327,SAME_FAMILY:PRESIDENTIAL_RESULT,frozen market_family metadata
peru_first_round,ACTIVE_RESULTS,0xae6d3d20bc8f742922dc40880cd8a8671c10385a9912fa7cd670fba0643dfe96,91464516107556165907566387619157396733019262339196802152206657889196699256450,0x6a58844c4dfdf677adb5e20bcefb851833cb335210e139ce37e63482e0679617,106149607129123969375875674066349472207365000320829658467476477807489090216657,SAME_FAMILY:PRESIDENTIAL_RESULT,frozen market_family metadata
peru_first_round,ACTIVE_RESULTS,0xae6d3d20bc8f742922dc40880cd8a8671c10385a9912fa7cd670fba0643dfe96,91464516107556165907566387619157396733019262339196802152206657889196699256450,0x78f5630bafa15147941daa2fd2926b43febe6af1544cd9d8527b226914f3ca11,9682518067153576122489405729520126083014940106724522567955145436832495666332,SAME_FAMILY:PRESIDENTIAL_RESULT,frozen market_family metadata
peru_first_round,ACTIVE_RESULTS,0xae6d3d20bc8f742922dc40880cd8a8671c10385a9912fa7cd670fba0643dfe96,91464516107556165907566387619157396733019262339196802152206657889196699256450,0x790d04324ceda5e7fd3b2e62cf043d45b74a9d88921b6b250212d0c9b8ba1afd,79792255824743933242473584104148817428360729889676194064736978155093841181512,SAME_FAMILY:PRESIDENTIAL_RESULT,frozen market_family metadata
peru_first_round,ACTIVE_RESULTS,0xae6d3d20bc8f742922dc40880cd8a8671c10385a9912fa7cd670fba0643dfe96,91464516107556165907566387619157396733019262339196802152206657889196699256450,0x7965575591c9229a2c75c881555403f5e867cd5759545619d8ec061b2b08135f,78299862190151688660680397893688466572696604800286917240516494924076147885439,SAME_FAMILY:PRESIDENTIAL_RESULT,frozen market_family metadata
peru_first_round,ACTIVE_RESULTS,0xae6d3d20bc8f742922dc40880cd8a8671c10385a9912fa7cd670fba0643dfe96,91464516107556165907566387619157396733019262339196802152206657889196699256450,0x82d5ffbcda5dc4cb5039bd59224c732c465dc6c052af3257f38055e8dc66b0bf,68553529382068345183582892420839184781828369905058541872190738963134845555492,SAME_FAMILY:PRESIDENTIAL_RESULT,frozen market_family metadata
peru_first_round,ACTIVE_RESULTS,0xae6d3d20bc8f742922dc40880cd8a8671c10385a9912fa7cd670fba0643dfe96,91464516107556165907566387619157396733019262339196802152206657889196699256450,0x974dcbcce5e8186e0e273065a60675bc17617897c395eca60478d0c49f80718f,101000035200953616880452761567806635979587850958431667672433526557328036615568,SAME_FAMILY:PRESIDENTIAL_RESULT,frozen market_family metadata
peru_first_round,ACTIVE_RESULTS,0xae6d3d20bc8f742922dc40880cd8a8671c10385a9912fa7cd670fba0643dfe96,91464516107556165907566387619157396733019262339196802152206657889196699256450,0x9b14ba5cc37a35c0db2c9849e631d98195670be4a0f91233a81529f22a7a5949,96778993542273611384637311499081700062825144626170214374801025348770797572532,SAME_FAMILY:PRESIDENTIAL_RESULT,frozen market_family metadata
peru_first_round,ACTIVE_RESULTS,0xae6d3d20bc8f742922dc40880cd8a8671c10385a9912fa7cd670fba0643dfe96,91464516107556165907566387619157396733019262339196802152206657889196699256450,0xa61438a389267c7deafc9d04cd6d0dc597d70253eb94702c0f5be458d75719a2,31366905060250352809933074814832465062746377846325454298457938183906229951978,SAME_FAMILY:PRESIDENTIAL_RESULT,frozen market_family metadata
peru_first_round,ACTIVE_RESULTS,0xae6d3d20bc8f742922dc40880cd8a8671c10385a9912fa7cd670fba0643dfe96,91464516107556165907566387619157396733019262339196802152206657889196699256450,0xb06bd8cd9693172502d649f157283cf4d6b15dc6d595495eed33b70e94b6565e,71309235606705427471164237240934647738660821324581969500721476070843942340004,SAME_FAMILY:PRESIDENTIAL_RESULT,frozen market_family metadata
peru_first_round,ACTIVE_RESULTS,0xae6d3d20bc8f742922dc40880cd8a8671c10385a9912fa7cd670fba0643dfe96,91464516107556165907566387619157396733019262339196802152206657889196699256450,0xc4c3dbcc37a957a817599b0bf9fb5bd6b62b19210b0f527fec57cb75c7ed150a,64703998724474008677827057135436893758254552168142785204605792475717308499827,SAME_FAMILY:PRESIDENTIAL_RESULT,frozen market_family metadata
peru_first_round,ACTIVE_RESULTS,0xae6d3d20bc8f742922dc40880cd8a8671c10385a9912fa7cd670fba0643dfe96,91464516107556165907566387619157396733019262339196802152206657889196699256450,0xd149b38c9da6bacbdc0068b579f8d255196f8c2ed6a5df67f5f3064dd00733e9,88830008994939255030108226010888813127369861666100484617000813260227025912888,SAME_FAMILY:PRESIDENTIAL_RESULT,frozen market_family metadata
peru_first_round,ACTIVE_RESULTS,0xae6d3d20bc8f742922dc40880cd8a8671c10385a9912fa7cd670fba0643dfe96,91464516107556165907566387619157396733019262339196802152206657889196699256450,0xef61cec575ac7260343e1f0c11900fee12a1f30b521b649eec7663ec5424242a,50243762671512851167282517271037976718384543563492030616749604530990728402798,SAME_FAMILY:PRESIDENTIAL_RESULT,frozen market_family metadata
peru_first_round,ACTIVE_RESULTS,0xae6d3d20bc8f742922dc40880cd8a8671c10385a9912fa7cd670fba0643dfe96,91464516107556165907566387619157396733019262339196802152206657889196699256450,0xf73e2e231d324cb662ad80eefdd90bba5007fc4df45bc2c7bab90d83693cc4ee,6200507252841835595951008504441149768354972632973075259527756928392759138736,SAME_FAMILY:PRESIDENTIAL_RESULT,frozen market_family metadata
peru_first_round,ACTIVE_RESULTS,0xb06bd8cd9693172502d649f157283cf4d6b15dc6d595495eed33b70e94b6565e,71309235606705427471164237240934647738660821324581969500721476070843942340004,0x0a10ea4f5d42ac33a29d73b8562f4414f5ea2219afd9da74ba950f7aefe7c630,67856043091363573230826787438476899340717171261331542907088468980307686160535,SAME_FAMILY:PRESIDENTIAL_RESULT,frozen market_family metadata
peru_first_round,ACTIVE_RESULTS,0xb06bd8cd9693172502d649f157283cf4d6b15dc6d595495eed33b70e94b6565e,71309235606705427471164237240934647738660821324581969500721476070843942340004,0x0e7f0ffe845b05bdbd172958464fa20bcd9a048781d73e4090e07b03a4da254f,76647756421777021750296882729097877947244398058587662047702870166960832653622,SAME_FAMILY:PRESIDENTIAL_RESULT,frozen market_family metadata
peru_first_round,ACTIVE_RESULTS,0xb06bd8cd9693172502d649f157283cf4d6b15dc6d595495eed33b70e94b6565e,71309235606705427471164237240934647738660821324581969500721476070843942340004,0x158fdaad572880f8de3d3f00e4d3c2fbbae77108d88c29deb800141928c1e040,4706104298728283330895721401335363991910630839383072913311253715556150302824,SAME_FAMILY:PRESIDENTIAL_RESULT,frozen market_family metadata
peru_first_round,ACTIVE_RESULTS,0xb06bd8cd9693172502d649f157283cf4d6b15dc6d595495eed33b70e94b6565e,71309235606705427471164237240934647738660821324581969500721476070843942340004,0x24a454785cac9984fde7736d0d4b37929b7253d527d359f547c909eec89862b9,8379837610125291150489935717882363132642018085406636296823338050741934312045,SAME_FAMILY:PRESIDENTIAL_RESULT,frozen market_family metadata
peru_first_round,ACTIVE_RESULTS,0xb06bd8cd9693172502d649f157283cf4d6b15dc6d595495eed33b70e94b6565e,71309235606705427471164237240934647738660821324581969500721476070843942340004,0x28d4cee5a4bb01e0a7b1a39f8a23b2af657d9cf06d1e0ed8443c6b09329b9be3,33676951557383894515546393450532412629166294904696420306881965128761881185587,SAME_FAMILY:PRESIDENTIAL_RESULT,frozen market_family metadata
peru_first_round,ACTIVE_RESULTS,0xb06bd8cd9693172502d649f157283cf4d6b15dc6d595495eed33b70e94b6565e,71309235606705427471164237240934647738660821324581969500721476070843942340004,0x2cd24d17f5680dc6e7b7d67c712a223ae85550745597e81bd2d2b8d073443951,40073700561695212653451049120779209383948898865772011302940523990213422296817,SAME_FAMILY:PRESIDENTIAL_RESULT,frozen market_family metadata
peru_first_round,ACTIVE_RESULTS,0xb06bd8cd9693172502d649f157283cf4d6b15dc6d595495eed33b70e94b6565e,71309235606705427471164237240934647738660821324581969500721476070843942340004,0x3aec41fee9edc59c2b98d439dba86debe339e35f62ac4cdc8de01ab1a5b93f21,16452855558136653776561048576768137577528096989756809438471103880971273573161,SAME_FAMILY:PRESIDENTIAL_RESULT,frozen market_family metadata
peru_first_round,ACTIVE_RESULTS,0xb06bd8cd9693172502d649f157283cf4d6b15dc6d595495eed33b70e94b6565e,71309235606705427471164237240934647738660821324581969500721476070843942340004,0x5e7d3b7cf87325cee6ae6c7417d6e9d7250c4cc2dc912b18ce5cdafba4e6a647,13489012588233322368311367883402374394605806123068707609937025667605598991327,SAME_FAMILY:PRESIDENTIAL_RESULT,frozen market_family metadata
peru_first_round,ACTIVE_RESULTS,0xb06bd8cd9693172502d649f157283cf4d6b15dc6d595495eed33b70e94b6565e,71309235606705427471164237240934647738660821324581969500721476070843942340004,0x6a58844c4dfdf677adb5e20bcefb851833cb335210e139ce37e63482e0679617,106149607129123969375875674066349472207365000320829658467476477807489090216657,SAME_FAMILY:PRESIDENTIAL_RESULT,frozen market_family metadata
peru_first_round,ACTIVE_RESULTS,0xb06bd8cd9693172502d649f157283cf4d6b15dc6d595495eed33b70e94b6565e,71309235606705427471164237240934647738660821324581969500721476070843942340004,0x78f5630bafa15147941daa2fd2926b43febe6af1544cd9d8527b226914f3ca11,9682518067153576122489405729520126083014940106724522567955145436832495666332,SAME_FAMILY:PRESIDENTIAL_RESULT,frozen market_family metadata
peru_first_round,ACTIVE_RESULTS,0xb06bd8cd9693172502d649f157283cf4d6b15dc6d595495eed33b70e94b6565e,71309235606705427471164237240934647738660821324581969500721476070843942340004,0x790d04324ceda5e7fd3b2e62cf043d45b74a9d88921b6b250212d0c9b8ba1afd,79792255824743933242473584104148817428360729889676194064736978155093841181512,SAME_FAMILY:PRESIDENTIAL_RESULT,frozen market_family metadata
peru_first_round,ACTIVE_RESULTS,0xb06bd8cd9693172502d649f157283cf4d6b15dc6d595495eed33b70e94b6565e,71309235606705427471164237240934647738660821324581969500721476070843942340004,0x7965575591c9229a2c75c881555403f5e867cd5759545619d8ec061b2b08135f,78299862190151688660680397893688466572696604800286917240516494924076147885439,SAME_FAMILY:PRESIDENTIAL_RESULT,frozen market_family metadata
peru_first_round,ACTIVE_RESULTS,0xb06bd8cd9693172502d649f157283cf4d6b15dc6d595495eed33b70e94b6565e,71309235606705427471164237240934647738660821324581969500721476070843942340004,0x82d5ffbcda5dc4cb5039bd59224c732c465dc6c052af3257f38055e8dc66b0bf,68553529382068345183582892420839184781828369905058541872190738963134845555492,SAME_FAMILY:PRESIDENTIAL_RESULT,frozen market_family metadata
peru_first_round,ACTIVE_RESULTS,0xb06bd8cd9693172502d649f157283cf4d6b15dc6d595495eed33b70e94b6565e,71309235606705427471164237240934647738660821324581969500721476070843942340004,0x974dcbcce5e8186e0e273065a60675bc17617897c395eca60478d0c49f80718f,101000035200953616880452761567806635979587850958431667672433526557328036615568,SAME_FAMILY:PRESIDENTIAL_RESULT,frozen market_family metadata
peru_first_round,ACTIVE_RESULTS,0xb06bd8cd9693172502d649f157283cf4d6b15dc6d595495eed33b70e94b6565e,71309235606705427471164237240934647738660821324581969500721476070843942340004,0x9b14ba5cc37a35c0db2c9849e631d98195670be4a0f91233a81529f22a7a5949,96778993542273611384637311499081700062825144626170214374801025348770797572532,SAME_FAMILY:PRESIDENTIAL_RESULT,frozen market_family metadata
peru_first_round,ACTIVE_RESULTS,0xb06bd8cd9693172502d649f157283cf4d6b15dc6d595495eed33b70e94b6565e,71309235606705427471164237240934647738660821324581969500721476070843942340004,0xa61438a389267c7deafc9d04cd6d0dc597d70253eb94702c0f5be458d75719a2,31366905060250352809933074814832465062746377846325454298457938183906229951978,SAME_FAMILY:PRESIDENTIAL_RESULT,frozen market_family metadata
peru_first_round,ACTIVE_RESULTS,0xb06bd8cd9693172502d649f157283cf4d6b15dc6d595495eed33b70e94b6565e,71309235606705427471164237240934647738660821324581969500721476070843942340004,0xae6d3d20bc8f742922dc40880cd8a8671c10385a9912fa7cd670fba0643dfe96,91464516107556165907566387619157396733019262339196802152206657889196699256450,SAME_FAMILY:PRESIDENTIAL_RESULT,frozen market_family metadata
peru_first_round,ACTIVE_RESULTS,0xb06bd8cd9693172502d649f157283cf4d6b15dc6d595495eed33b70e94b6565e,71309235606705427471164237240934647738660821324581969500721476070843942340004,0xc4c3dbcc37a957a817599b0bf9fb5bd6b62b19210b0f527fec57cb75c7ed150a,64703998724474008677827057135436893758254552168142785204605792475717308499827,SAME_FAMILY:PRESIDENTIAL_RESULT,frozen market_family metadata
peru_first_round,ACTIVE_RESULTS,0xb06bd8cd9693172502d649f157283cf4d6b15dc6d595495eed33b70e94b6565e,71309235606705427471164237240934647738660821324581969500721476070843942340004,0xd149b38c9da6bacbdc0068b579f8d255196f8c2ed6a5df67f5f3064dd00733e9,88830008994939255030108226010888813127369861666100484617000813260227025912888,SAME_FAMILY:PRESIDENTIAL_RESULT,frozen market_family metadata
peru_first_round,ACTIVE_RESULTS,0xb06bd8cd9693172502d649f157283cf4d6b15dc6d595495eed33b70e94b6565e,71309235606705427471164237240934647738660821324581969500721476070843942340004,0xef61cec575ac7260343e1f0c11900fee12a1f30b521b649eec7663ec5424242a,50243762671512851167282517271037976718384543563492030616749604530990728402798,SAME_FAMILY:PRESIDENTIAL_RESULT,frozen market_family metadata
peru_first_round,ACTIVE_RESULTS,0xb06bd8cd9693172502d649f157283cf4d6b15dc6d595495eed33b70e94b6565e,71309235606705427471164237240934647738660821324581969500721476070843942340004,0xf73e2e231d324cb662ad80eefdd90bba5007fc4df45bc2c7bab90d83693cc4ee,6200507252841835595951008504441149768354972632973075259527756928392759138736,SAME_FAMILY:PRESIDENTIAL_RESULT,frozen market_family metadata
peru_first_round,ACTIVE_RESULTS,0xc4c3dbcc37a957a817599b0bf9fb5bd6b62b19210b0f527fec57cb75c7ed150a,64703998724474008677827057135436893758254552168142785204605792475717308499827,0x0a10ea4f5d42ac33a29d73b8562f4414f5ea2219afd9da74ba950f7aefe7c630,67856043091363573230826787438476899340717171261331542907088468980307686160535,SAME_FAMILY:PRESIDENTIAL_RESULT,frozen market_family metadata
peru_first_round,ACTIVE_RESULTS,0xc4c3dbcc37a957a817599b0bf9fb5bd6b62b19210b0f527fec57cb75c7ed150a,64703998724474008677827057135436893758254552168142785204605792475717308499827,0x0e7f0ffe845b05bdbd172958464fa20bcd9a048781d73e4090e07b03a4da254f,76647756421777021750296882729097877947244398058587662047702870166960832653622,SAME_FAMILY:PRESIDENTIAL_RESULT,frozen market_family metadata
peru_first_round,ACTIVE_RESULTS,0xc4c3dbcc37a957a817599b0bf9fb5bd6b62b19210b0f527fec57cb75c7ed150a,64703998724474008677827057135436893758254552168142785204605792475717308499827,0x158fdaad572880f8de3d3f00e4d3c2fbbae77108d88c29deb800141928c1e040,4706104298728283330895721401335363991910630839383072913311253715556150302824,SAME_FAMILY:PRESIDENTIAL_RESULT,frozen market_family metadata
peru_first_round,ACTIVE_RESULTS,0xc4c3dbcc37a957a817599b0bf9fb5bd6b62b19210b0f527fec57cb75c7ed150a,64703998724474008677827057135436893758254552168142785204605792475717308499827,0x24a454785cac9984fde7736d0d4b37929b7253d527d359f547c909eec89862b9,8379837610125291150489935717882363132642018085406636296823338050741934312045,SAME_FAMILY:PRESIDENTIAL_RESULT,frozen market_family metadata
peru_first_round,ACTIVE_RESULTS,0xc4c3dbcc37a957a817599b0bf9fb5bd6b62b19210b0f527fec57cb75c7ed150a,64703998724474008677827057135436893758254552168142785204605792475717308499827,0x28d4cee5a4bb01e0a7b1a39f8a23b2af657d9cf06d1e0ed8443c6b09329b9be3,33676951557383894515546393450532412629166294904696420306881965128761881185587,SAME_FAMILY:PRESIDENTIAL_RESULT,frozen market_family metadata
peru_first_round,ACTIVE_RESULTS,0xc4c3dbcc37a957a817599b0bf9fb5bd6b62b19210b0f527fec57cb75c7ed150a,64703998724474008677827057135436893758254552168142785204605792475717308499827,0x2cd24d17f5680dc6e7b7d67c712a223ae85550745597e81bd2d2b8d073443951,40073700561695212653451049120779209383948898865772011302940523990213422296817,SAME_FAMILY:PRESIDENTIAL_RESULT,frozen market_family metadata
peru_first_round,ACTIVE_RESULTS,0xc4c3dbcc37a957a817599b0bf9fb5bd6b62b19210b0f527fec57cb75c7ed150a,64703998724474008677827057135436893758254552168142785204605792475717308499827,0x3aec41fee9edc59c2b98d439dba86debe339e35f62ac4cdc8de01ab1a5b93f21,16452855558136653776561048576768137577528096989756809438471103880971273573161,SAME_FAMILY:PRESIDENTIAL_RESULT,frozen market_family metadata
peru_first_round,ACTIVE_RESULTS,0xc4c3dbcc37a957a817599b0bf9fb5bd6b62b19210b0f527fec57cb75c7ed150a,64703998724474008677827057135436893758254552168142785204605792475717308499827,0x5e7d3b7cf87325cee6ae6c7417d6e9d7250c4cc2dc912b18ce5cdafba4e6a647,13489012588233322368311367883402374394605806123068707609937025667605598991327,SAME_FAMILY:PRESIDENTIAL_RESULT,frozen market_family metadata
peru_first_round,ACTIVE_RESULTS,0xc4c3dbcc37a957a817599b0bf9fb5bd6b62b19210b0f527fec57cb75c7ed150a,64703998724474008677827057135436893758254552168142785204605792475717308499827,0x6a58844c4dfdf677adb5e20bcefb851833cb335210e139ce37e63482e0679617,106149607129123969375875674066349472207365000320829658467476477807489090216657,SAME_FAMILY:PRESIDENTIAL_RESULT,frozen market_family metadata
peru_first_round,ACTIVE_RESULTS,0xc4c3dbcc37a957a817599b0bf9fb5bd6b62b19210b0f527fec57cb75c7ed150a,64703998724474008677827057135436893758254552168142785204605792475717308499827,0x78f5630bafa15147941daa2fd2926b43febe6af1544cd9d8527b226914f3ca11,9682518067153576122489405729520126083014940106724522567955145436832495666332,SAME_FAMILY:PRESIDENTIAL_RESULT,frozen market_family metadata
peru_first_round,ACTIVE_RESULTS,0xc4c3dbcc37a957a817599b0bf9fb5bd6b62b19210b0f527fec57cb75c7ed150a,64703998724474008677827057135436893758254552168142785204605792475717308499827,0x790d04324ceda5e7fd3b2e62cf043d45b74a9d88921b6b250212d0c9b8ba1afd,79792255824743933242473584104148817428360729889676194064736978155093841181512,SAME_FAMILY:PRESIDENTIAL_RESULT,frozen market_family metadata
peru_first_round,ACTIVE_RESULTS,0xc4c3dbcc37a957a817599b0bf9fb5bd6b62b19210b0f527fec57cb75c7ed150a,64703998724474008677827057135436893758254552168142785204605792475717308499827,0x7965575591c9229a2c75c881555403f5e867cd5759545619d8ec061b2b08135f,78299862190151688660680397893688466572696604800286917240516494924076147885439,SAME_FAMILY:PRESIDENTIAL_RESULT,frozen market_family metadata
peru_first_round,ACTIVE_RESULTS,0xc4c3dbcc37a957a817599b0bf9fb5bd6b62b19210b0f527fec57cb75c7ed150a,64703998724474008677827057135436893758254552168142785204605792475717308499827,0x82d5ffbcda5dc4cb5039bd59224c732c465dc6c052af3257f38055e8dc66b0bf,68553529382068345183582892420839184781828369905058541872190738963134845555492,SAME_FAMILY:PRESIDENTIAL_RESULT,frozen market_family metadata
peru_first_round,ACTIVE_RESULTS,0xc4c3dbcc37a957a817599b0bf9fb5bd6b62b19210b0f527fec57cb75c7ed150a,64703998724474008677827057135436893758254552168142785204605792475717308499827,0x974dcbcce5e8186e0e273065a60675bc17617897c395eca60478d0c49f80718f,101000035200953616880452761567806635979587850958431667672433526557328036615568,SAME_FAMILY:PRESIDENTIAL_RESULT,frozen market_family metadata
peru_first_round,ACTIVE_RESULTS,0xc4c3dbcc37a957a817599b0bf9fb5bd6b62b19210b0f527fec57cb75c7ed150a,64703998724474008677827057135436893758254552168142785204605792475717308499827,0x9b14ba5cc37a35c0db2c9849e631d98195670be4a0f91233a81529f22a7a5949,96778993542273611384637311499081700062825144626170214374801025348770797572532,SAME_FAMILY:PRESIDENTIAL_RESULT,frozen market_family metadata
peru_first_round,ACTIVE_RESULTS,0xc4c3dbcc37a957a817599b0bf9fb5bd6b62b19210b0f527fec57cb75c7ed150a,64703998724474008677827057135436893758254552168142785204605792475717308499827,0xa61438a389267c7deafc9d04cd6d0dc597d70253eb94702c0f5be458d75719a2,31366905060250352809933074814832465062746377846325454298457938183906229951978,SAME_FAMILY:PRESIDENTIAL_RESULT,frozen market_family metadata
peru_first_round,ACTIVE_RESULTS,0xc4c3dbcc37a957a817599b0bf9fb5bd6b62b19210b0f527fec57cb75c7ed150a,64703998724474008677827057135436893758254552168142785204605792475717308499827,0xae6d3d20bc8f742922dc40880cd8a8671c10385a9912fa7cd670fba0643dfe96,91464516107556165907566387619157396733019262339196802152206657889196699256450,SAME_FAMILY:PRESIDENTIAL_RESULT,frozen market_family metadata
peru_first_round,ACTIVE_RESULTS,0xc4c3dbcc37a957a817599b0bf9fb5bd6b62b19210b0f527fec57cb75c7ed150a,64703998724474008677827057135436893758254552168142785204605792475717308499827,0xb06bd8cd9693172502d649f157283cf4d6b15dc6d595495eed33b70e94b6565e,71309235606705427471164237240934647738660821324581969500721476070843942340004,SAME_FAMILY:PRESIDENTIAL_RESULT,frozen market_family metadata
peru_first_round,ACTIVE_RESULTS,0xc4c3dbcc37a957a817599b0bf9fb5bd6b62b19210b0f527fec57cb75c7ed150a,64703998724474008677827057135436893758254552168142785204605792475717308499827,0xd149b38c9da6bacbdc0068b579f8d255196f8c2ed6a5df67f5f3064dd00733e9,88830008994939255030108226010888813127369861666100484617000813260227025912888,SAME_FAMILY:PRESIDENTIAL_RESULT,frozen market_family metadata
peru_first_round,ACTIVE_RESULTS,0xc4c3dbcc37a957a817599b0bf9fb5bd6b62b19210b0f527fec57cb75c7ed150a,64703998724474008677827057135436893758254552168142785204605792475717308499827,0xef61cec575ac7260343e1f0c11900fee12a1f30b521b649eec7663ec5424242a,50243762671512851167282517271037976718384543563492030616749604530990728402798,SAME_FAMILY:PRESIDENTIAL_RESULT,frozen market_family metadata
peru_first_round,ACTIVE_RESULTS,0xc4c3dbcc37a957a817599b0bf9fb5bd6b62b19210b0f527fec57cb75c7ed150a,64703998724474008677827057135436893758254552168142785204605792475717308499827,0xf73e2e231d324cb662ad80eefdd90bba5007fc4df45bc2c7bab90d83693cc4ee,6200507252841835595951008504441149768354972632973075259527756928392759138736,SAME_FAMILY:PRESIDENTIAL_RESULT,frozen market_family metadata
peru_first_round,ACTIVE_RESULTS,0xd149b38c9da6bacbdc0068b579f8d255196f8c2ed6a5df67f5f3064dd00733e9,88830008994939255030108226010888813127369861666100484617000813260227025912888,0x0a10ea4f5d42ac33a29d73b8562f4414f5ea2219afd9da74ba950f7aefe7c630,67856043091363573230826787438476899340717171261331542907088468980307686160535,SAME_FAMILY:PRESIDENTIAL_RESULT,frozen market_family metadata
peru_first_round,ACTIVE_RESULTS,0xd149b38c9da6bacbdc0068b579f8d255196f8c2ed6a5df67f5f3064dd00733e9,88830008994939255030108226010888813127369861666100484617000813260227025912888,0x0e7f0ffe845b05bdbd172958464fa20bcd9a048781d73e4090e07b03a4da254f,76647756421777021750296882729097877947244398058587662047702870166960832653622,SAME_FAMILY:PRESIDENTIAL_RESULT,frozen market_family metadata
peru_first_round,ACTIVE_RESULTS,0xd149b38c9da6bacbdc0068b579f8d255196f8c2ed6a5df67f5f3064dd00733e9,88830008994939255030108226010888813127369861666100484617000813260227025912888,0x158fdaad572880f8de3d3f00e4d3c2fbbae77108d88c29deb800141928c1e040,4706104298728283330895721401335363991910630839383072913311253715556150302824,SAME_FAMILY:PRESIDENTIAL_RESULT,frozen market_family metadata
peru_first_round,ACTIVE_RESULTS,0xd149b38c9da6bacbdc0068b579f8d255196f8c2ed6a5df67f5f3064dd00733e9,88830008994939255030108226010888813127369861666100484617000813260227025912888,0x24a454785cac9984fde7736d0d4b37929b7253d527d359f547c909eec89862b9,8379837610125291150489935717882363132642018085406636296823338050741934312045,SAME_FAMILY:PRESIDENTIAL_RESULT,frozen market_family metadata
peru_first_round,ACTIVE_RESULTS,0xd149b38c9da6bacbdc0068b579f8d255196f8c2ed6a5df67f5f3064dd00733e9,88830008994939255030108226010888813127369861666100484617000813260227025912888,0x28d4cee5a4bb01e0a7b1a39f8a23b2af657d9cf06d1e0ed8443c6b09329b9be3,33676951557383894515546393450532412629166294904696420306881965128761881185587,SAME_FAMILY:PRESIDENTIAL_RESULT,frozen market_family metadata
peru_first_round,ACTIVE_RESULTS,0xd149b38c9da6bacbdc0068b579f8d255196f8c2ed6a5df67f5f3064dd00733e9,88830008994939255030108226010888813127369861666100484617000813260227025912888,0x2cd24d17f5680dc6e7b7d67c712a223ae85550745597e81bd2d2b8d073443951,40073700561695212653451049120779209383948898865772011302940523990213422296817,SAME_FAMILY:PRESIDENTIAL_RESULT,frozen market_family metadata
peru_first_round,ACTIVE_RESULTS,0xd149b38c9da6bacbdc0068b579f8d255196f8c2ed6a5df67f5f3064dd00733e9,88830008994939255030108226010888813127369861666100484617000813260227025912888,0x3aec41fee9edc59c2b98d439dba86debe339e35f62ac4cdc8de01ab1a5b93f21,16452855558136653776561048576768137577528096989756809438471103880971273573161,SAME_FAMILY:PRESIDENTIAL_RESULT,frozen market_family metadata
peru_first_round,ACTIVE_RESULTS,0xd149b38c9da6bacbdc0068b579f8d255196f8c2ed6a5df67f5f3064dd00733e9,88830008994939255030108226010888813127369861666100484617000813260227025912888,0x5e7d3b7cf87325cee6ae6c7417d6e9d7250c4cc2dc912b18ce5cdafba4e6a647,13489012588233322368311367883402374394605806123068707609937025667605598991327,SAME_FAMILY:PRESIDENTIAL_RESULT,frozen market_family metadata
peru_first_round,ACTIVE_RESULTS,0xd149b38c9da6bacbdc0068b579f8d255196f8c2ed6a5df67f5f3064dd00733e9,88830008994939255030108226010888813127369861666100484617000813260227025912888,0x6a58844c4dfdf677adb5e20bcefb851833cb335210e139ce37e63482e0679617,106149607129123969375875674066349472207365000320829658467476477807489090216657,SAME_FAMILY:PRESIDENTIAL_RESULT,frozen market_family metadata
peru_first_round,ACTIVE_RESULTS,0xd149b38c9da6bacbdc0068b579f8d255196f8c2ed6a5df67f5f3064dd00733e9,88830008994939255030108226010888813127369861666100484617000813260227025912888,0x78f5630bafa15147941daa2fd2926b43febe6af1544cd9d8527b226914f3ca11,9682518067153576122489405729520126083014940106724522567955145436832495666332,SAME_FAMILY:PRESIDENTIAL_RESULT,frozen market_family metadata
peru_first_round,ACTIVE_RESULTS,0xd149b38c9da6bacbdc0068b579f8d255196f8c2ed6a5df67f5f3064dd00733e9,88830008994939255030108226010888813127369861666100484617000813260227025912888,0x790d04324ceda5e7fd3b2e62cf043d45b74a9d88921b6b250212d0c9b8ba1afd,79792255824743933242473584104148817428360729889676194064736978155093841181512,SAME_FAMILY:PRESIDENTIAL_RESULT,frozen market_family metadata
peru_first_round,ACTIVE_RESULTS,0xd149b38c9da6bacbdc0068b579f8d255196f8c2ed6a5df67f5f3064dd00733e9,88830008994939255030108226010888813127369861666100484617000813260227025912888,0x7965575591c9229a2c75c881555403f5e867cd5759545619d8ec061b2b08135f,78299862190151688660680397893688466572696604800286917240516494924076147885439,SAME_FAMILY:PRESIDENTIAL_RESULT,frozen market_family metadata
peru_first_round,ACTIVE_RESULTS,0xd149b38c9da6bacbdc0068b579f8d255196f8c2ed6a5df67f5f3064dd00733e9,88830008994939255030108226010888813127369861666100484617000813260227025912888,0x82d5ffbcda5dc4cb5039bd59224c732c465dc6c052af3257f38055e8dc66b0bf,68553529382068345183582892420839184781828369905058541872190738963134845555492,SAME_FAMILY:PRESIDENTIAL_RESULT,frozen market_family metadata
peru_first_round,ACTIVE_RESULTS,0xd149b38c9da6bacbdc0068b579f8d255196f8c2ed6a5df67f5f3064dd00733e9,88830008994939255030108226010888813127369861666100484617000813260227025912888,0x974dcbcce5e8186e0e273065a60675bc17617897c395eca60478d0c49f80718f,101000035200953616880452761567806635979587850958431667672433526557328036615568,SAME_FAMILY:PRESIDENTIAL_RESULT,frozen market_family metadata
peru_first_round,ACTIVE_RESULTS,0xd149b38c9da6bacbdc0068b579f8d255196f8c2ed6a5df67f5f3064dd00733e9,88830008994939255030108226010888813127369861666100484617000813260227025912888,0x9b14ba5cc37a35c0db2c9849e631d98195670be4a0f91233a81529f22a7a5949,96778993542273611384637311499081700062825144626170214374801025348770797572532,SAME_FAMILY:PRESIDENTIAL_RESULT,frozen market_family metadata
peru_first_round,ACTIVE_RESULTS,0xd149b38c9da6bacbdc0068b579f8d255196f8c2ed6a5df67f5f3064dd00733e9,88830008994939255030108226010888813127369861666100484617000813260227025912888,0xa61438a389267c7deafc9d04cd6d0dc597d70253eb94702c0f5be458d75719a2,31366905060250352809933074814832465062746377846325454298457938183906229951978,SAME_FAMILY:PRESIDENTIAL_RESULT,frozen market_family metadata
peru_first_round,ACTIVE_RESULTS,0xd149b38c9da6bacbdc0068b579f8d255196f8c2ed6a5df67f5f3064dd00733e9,88830008994939255030108226010888813127369861666100484617000813260227025912888,0xae6d3d20bc8f742922dc40880cd8a8671c10385a9912fa7cd670fba0643dfe96,91464516107556165907566387619157396733019262339196802152206657889196699256450,SAME_FAMILY:PRESIDENTIAL_RESULT,frozen market_family metadata
peru_first_round,ACTIVE_RESULTS,0xd149b38c9da6bacbdc0068b579f8d255196f8c2ed6a5df67f5f3064dd00733e9,88830008994939255030108226010888813127369861666100484617000813260227025912888,0xb06bd8cd9693172502d649f157283cf4d6b15dc6d595495eed33b70e94b6565e,71309235606705427471164237240934647738660821324581969500721476070843942340004,SAME_FAMILY:PRESIDENTIAL_RESULT,frozen market_family metadata
peru_first_round,ACTIVE_RESULTS,0xd149b38c9da6bacbdc0068b579f8d255196f8c2ed6a5df67f5f3064dd00733e9,88830008994939255030108226010888813127369861666100484617000813260227025912888,0xc4c3dbcc37a957a817599b0bf9fb5bd6b62b19210b0f527fec57cb75c7ed150a,64703998724474008677827057135436893758254552168142785204605792475717308499827,SAME_FAMILY:PRESIDENTIAL_RESULT,frozen market_family metadata
peru_first_round,ACTIVE_RESULTS,0xd149b38c9da6bacbdc0068b579f8d255196f8c2ed6a5df67f5f3064dd00733e9,88830008994939255030108226010888813127369861666100484617000813260227025912888,0xef61cec575ac7260343e1f0c11900fee12a1f30b521b649eec7663ec5424242a,50243762671512851167282517271037976718384543563492030616749604530990728402798,SAME_FAMILY:PRESIDENTIAL_RESULT,frozen market_family metadata
peru_first_round,ACTIVE_RESULTS,0xd149b38c9da6bacbdc0068b579f8d255196f8c2ed6a5df67f5f3064dd00733e9,88830008994939255030108226010888813127369861666100484617000813260227025912888,0xf73e2e231d324cb662ad80eefdd90bba5007fc4df45bc2c7bab90d83693cc4ee,6200507252841835595951008504441149768354972632973075259527756928392759138736,SAME_FAMILY:PRESIDENTIAL_RESULT,frozen market_family metadata
peru_first_round,ACTIVE_RESULTS,0xef61cec575ac7260343e1f0c11900fee12a1f30b521b649eec7663ec5424242a,50243762671512851167282517271037976718384543563492030616749604530990728402798,0x0a10ea4f5d42ac33a29d73b8562f4414f5ea2219afd9da74ba950f7aefe7c630,67856043091363573230826787438476899340717171261331542907088468980307686160535,SAME_FAMILY:PRESIDENTIAL_RESULT,frozen market_family metadata
peru_first_round,ACTIVE_RESULTS,0xef61cec575ac7260343e1f0c11900fee12a1f30b521b649eec7663ec5424242a,50243762671512851167282517271037976718384543563492030616749604530990728402798,0x0e7f0ffe845b05bdbd172958464fa20bcd9a048781d73e4090e07b03a4da254f,76647756421777021750296882729097877947244398058587662047702870166960832653622,SAME_FAMILY:PRESIDENTIAL_RESULT,frozen market_family metadata
peru_first_round,ACTIVE_RESULTS,0xef61cec575ac7260343e1f0c11900fee12a1f30b521b649eec7663ec5424242a,50243762671512851167282517271037976718384543563492030616749604530990728402798,0x158fdaad572880f8de3d3f00e4d3c2fbbae77108d88c29deb800141928c1e040,4706104298728283330895721401335363991910630839383072913311253715556150302824,SAME_FAMILY:PRESIDENTIAL_RESULT,frozen market_family metadata
peru_first_round,ACTIVE_RESULTS,0xef61cec575ac7260343e1f0c11900fee12a1f30b521b649eec7663ec5424242a,50243762671512851167282517271037976718384543563492030616749604530990728402798,0x24a454785cac9984fde7736d0d4b37929b7253d527d359f547c909eec89862b9,8379837610125291150489935717882363132642018085406636296823338050741934312045,SAME_FAMILY:PRESIDENTIAL_RESULT,frozen market_family metadata
peru_first_round,ACTIVE_RESULTS,0xef61cec575ac7260343e1f0c11900fee12a1f30b521b649eec7663ec5424242a,50243762671512851167282517271037976718384543563492030616749604530990728402798,0x28d4cee5a4bb01e0a7b1a39f8a23b2af657d9cf06d1e0ed8443c6b09329b9be3,33676951557383894515546393450532412629166294904696420306881965128761881185587,SAME_FAMILY:PRESIDENTIAL_RESULT,frozen market_family metadata
peru_first_round,ACTIVE_RESULTS,0xef61cec575ac7260343e1f0c11900fee12a1f30b521b649eec7663ec5424242a,50243762671512851167282517271037976718384543563492030616749604530990728402798,0x2cd24d17f5680dc6e7b7d67c712a223ae85550745597e81bd2d2b8d073443951,40073700561695212653451049120779209383948898865772011302940523990213422296817,SAME_FAMILY:PRESIDENTIAL_RESULT,frozen market_family metadata
peru_first_round,ACTIVE_RESULTS,0xef61cec575ac7260343e1f0c11900fee12a1f30b521b649eec7663ec5424242a,50243762671512851167282517271037976718384543563492030616749604530990728402798,0x3aec41fee9edc59c2b98d439dba86debe339e35f62ac4cdc8de01ab1a5b93f21,16452855558136653776561048576768137577528096989756809438471103880971273573161,SAME_FAMILY:PRESIDENTIAL_RESULT,frozen market_family metadata
peru_first_round,ACTIVE_RESULTS,0xef61cec575ac7260343e1f0c11900fee12a1f30b521b649eec7663ec5424242a,50243762671512851167282517271037976718384543563492030616749604530990728402798,0x5e7d3b7cf87325cee6ae6c7417d6e9d7250c4cc2dc912b18ce5cdafba4e6a647,13489012588233322368311367883402374394605806123068707609937025667605598991327,SAME_FAMILY:PRESIDENTIAL_RESULT,frozen market_family metadata
peru_first_round,ACTIVE_RESULTS,0xef61cec575ac7260343e1f0c11900fee12a1f30b521b649eec7663ec5424242a,50243762671512851167282517271037976718384543563492030616749604530990728402798,0x6a58844c4dfdf677adb5e20bcefb851833cb335210e139ce37e63482e0679617,106149607129123969375875674066349472207365000320829658467476477807489090216657,SAME_FAMILY:PRESIDENTIAL_RESULT,frozen market_family metadata
peru_first_round,ACTIVE_RESULTS,0xef61cec575ac7260343e1f0c11900fee12a1f30b521b649eec7663ec5424242a,50243762671512851167282517271037976718384543563492030616749604530990728402798,0x78f5630bafa15147941daa2fd2926b43febe6af1544cd9d8527b226914f3ca11,9682518067153576122489405729520126083014940106724522567955145436832495666332,SAME_FAMILY:PRESIDENTIAL_RESULT,frozen market_family metadata
peru_first_round,ACTIVE_RESULTS,0xef61cec575ac7260343e1f0c11900fee12a1f30b521b649eec7663ec5424242a,50243762671512851167282517271037976718384543563492030616749604530990728402798,0x790d04324ceda5e7fd3b2e62cf043d45b74a9d88921b6b250212d0c9b8ba1afd,79792255824743933242473584104148817428360729889676194064736978155093841181512,SAME_FAMILY:PRESIDENTIAL_RESULT,frozen market_family metadata
peru_first_round,ACTIVE_RESULTS,0xef61cec575ac7260343e1f0c11900fee12a1f30b521b649eec7663ec5424242a,50243762671512851167282517271037976718384543563492030616749604530990728402798,0x7965575591c9229a2c75c881555403f5e867cd5759545619d8ec061b2b08135f,78299862190151688660680397893688466572696604800286917240516494924076147885439,SAME_FAMILY:PRESIDENTIAL_RESULT,frozen market_family metadata
peru_first_round,ACTIVE_RESULTS,0xef61cec575ac7260343e1f0c11900fee12a1f30b521b649eec7663ec5424242a,50243762671512851167282517271037976718384543563492030616749604530990728402798,0x82d5ffbcda5dc4cb5039bd59224c732c465dc6c052af3257f38055e8dc66b0bf,68553529382068345183582892420839184781828369905058541872190738963134845555492,SAME_FAMILY:PRESIDENTIAL_RESULT,frozen market_family metadata
peru_first_round,ACTIVE_RESULTS,0xef61cec575ac7260343e1f0c11900fee12a1f30b521b649eec7663ec5424242a,50243762671512851167282517271037976718384543563492030616749604530990728402798,0x974dcbcce5e8186e0e273065a60675bc17617897c395eca60478d0c49f80718f,101000035200953616880452761567806635979587850958431667672433526557328036615568,SAME_FAMILY:PRESIDENTIAL_RESULT,frozen market_family metadata
peru_first_round,ACTIVE_RESULTS,0xef61cec575ac7260343e1f0c11900fee12a1f30b521b649eec7663ec5424242a,50243762671512851167282517271037976718384543563492030616749604530990728402798,0x9b14ba5cc37a35c0db2c9849e631d98195670be4a0f91233a81529f22a7a5949,96778993542273611384637311499081700062825144626170214374801025348770797572532,SAME_FAMILY:PRESIDENTIAL_RESULT,frozen market_family metadata
peru_first_round,ACTIVE_RESULTS,0xef61cec575ac7260343e1f0c11900fee12a1f30b521b649eec7663ec5424242a,50243762671512851167282517271037976718384543563492030616749604530990728402798,0xa61438a389267c7deafc9d04cd6d0dc597d70253eb94702c0f5be458d75719a2,31366905060250352809933074814832465062746377846325454298457938183906229951978,SAME_FAMILY:PRESIDENTIAL_RESULT,frozen market_family metadata
peru_first_round,ACTIVE_RESULTS,0xef61cec575ac7260343e1f0c11900fee12a1f30b521b649eec7663ec5424242a,50243762671512851167282517271037976718384543563492030616749604530990728402798,0xae6d3d20bc8f742922dc40880cd8a8671c10385a9912fa7cd670fba0643dfe96,91464516107556165907566387619157396733019262339196802152206657889196699256450,SAME_FAMILY:PRESIDENTIAL_RESULT,frozen market_family metadata
peru_first_round,ACTIVE_RESULTS,0xef61cec575ac7260343e1f0c11900fee12a1f30b521b649eec7663ec5424242a,50243762671512851167282517271037976718384543563492030616749604530990728402798,0xb06bd8cd9693172502d649f157283cf4d6b15dc6d595495eed33b70e94b6565e,71309235606705427471164237240934647738660821324581969500721476070843942340004,SAME_FAMILY:PRESIDENTIAL_RESULT,frozen market_family metadata
peru_first_round,ACTIVE_RESULTS,0xef61cec575ac7260343e1f0c11900fee12a1f30b521b649eec7663ec5424242a,50243762671512851167282517271037976718384543563492030616749604530990728402798,0xc4c3dbcc37a957a817599b0bf9fb5bd6b62b19210b0f527fec57cb75c7ed150a,64703998724474008677827057135436893758254552168142785204605792475717308499827,SAME_FAMILY:PRESIDENTIAL_RESULT,frozen market_family metadata
peru_first_round,ACTIVE_RESULTS,0xef61cec575ac7260343e1f0c11900fee12a1f30b521b649eec7663ec5424242a,50243762671512851167282517271037976718384543563492030616749604530990728402798,0xd149b38c9da6bacbdc0068b579f8d255196f8c2ed6a5df67f5f3064dd00733e9,88830008994939255030108226010888813127369861666100484617000813260227025912888,SAME_FAMILY:PRESIDENTIAL_RESULT,frozen market_family metadata
peru_first_round,ACTIVE_RESULTS,0xef61cec575ac7260343e1f0c11900fee12a1f30b521b649eec7663ec5424242a,50243762671512851167282517271037976718384543563492030616749604530990728402798,0xf73e2e231d324cb662ad80eefdd90bba5007fc4df45bc2c7bab90d83693cc4ee,6200507252841835595951008504441149768354972632973075259527756928392759138736,SAME_FAMILY:PRESIDENTIAL_RESULT,frozen market_family metadata
peru_first_round,ACTIVE_RESULTS,0xf73e2e231d324cb662ad80eefdd90bba5007fc4df45bc2c7bab90d83693cc4ee,6200507252841835595951008504441149768354972632973075259527756928392759138736,0x0a10ea4f5d42ac33a29d73b8562f4414f5ea2219afd9da74ba950f7aefe7c630,67856043091363573230826787438476899340717171261331542907088468980307686160535,SAME_FAMILY:PRESIDENTIAL_RESULT,frozen market_family metadata
peru_first_round,ACTIVE_RESULTS,0xf73e2e231d324cb662ad80eefdd90bba5007fc4df45bc2c7bab90d83693cc4ee,6200507252841835595951008504441149768354972632973075259527756928392759138736,0x0e7f0ffe845b05bdbd172958464fa20bcd9a048781d73e4090e07b03a4da254f,76647756421777021750296882729097877947244398058587662047702870166960832653622,SAME_FAMILY:PRESIDENTIAL_RESULT,frozen market_family metadata
peru_first_round,ACTIVE_RESULTS,0xf73e2e231d324cb662ad80eefdd90bba5007fc4df45bc2c7bab90d83693cc4ee,6200507252841835595951008504441149768354972632973075259527756928392759138736,0x158fdaad572880f8de3d3f00e4d3c2fbbae77108d88c29deb800141928c1e040,4706104298728283330895721401335363991910630839383072913311253715556150302824,SAME_FAMILY:PRESIDENTIAL_RESULT,frozen market_family metadata
peru_first_round,ACTIVE_RESULTS,0xf73e2e231d324cb662ad80eefdd90bba5007fc4df45bc2c7bab90d83693cc4ee,6200507252841835595951008504441149768354972632973075259527756928392759138736,0x24a454785cac9984fde7736d0d4b37929b7253d527d359f547c909eec89862b9,8379837610125291150489935717882363132642018085406636296823338050741934312045,SAME_FAMILY:PRESIDENTIAL_RESULT,frozen market_family metadata
peru_first_round,ACTIVE_RESULTS,0xf73e2e231d324cb662ad80eefdd90bba5007fc4df45bc2c7bab90d83693cc4ee,6200507252841835595951008504441149768354972632973075259527756928392759138736,0x28d4cee5a4bb01e0a7b1a39f8a23b2af657d9cf06d1e0ed8443c6b09329b9be3,33676951557383894515546393450532412629166294904696420306881965128761881185587,SAME_FAMILY:PRESIDENTIAL_RESULT,frozen market_family metadata
peru_first_round,ACTIVE_RESULTS,0xf73e2e231d324cb662ad80eefdd90bba5007fc4df45bc2c7bab90d83693cc4ee,6200507252841835595951008504441149768354972632973075259527756928392759138736,0x2cd24d17f5680dc6e7b7d67c712a223ae85550745597e81bd2d2b8d073443951,40073700561695212653451049120779209383948898865772011302940523990213422296817,SAME_FAMILY:PRESIDENTIAL_RESULT,frozen market_family metadata
peru_first_round,ACTIVE_RESULTS,0xf73e2e231d324cb662ad80eefdd90bba5007fc4df45bc2c7bab90d83693cc4ee,6200507252841835595951008504441149768354972632973075259527756928392759138736,0x3aec41fee9edc59c2b98d439dba86debe339e35f62ac4cdc8de01ab1a5b93f21,16452855558136653776561048576768137577528096989756809438471103880971273573161,SAME_FAMILY:PRESIDENTIAL_RESULT,frozen market_family metadata
peru_first_round,ACTIVE_RESULTS,0xf73e2e231d324cb662ad80eefdd90bba5007fc4df45bc2c7bab90d83693cc4ee,6200507252841835595951008504441149768354972632973075259527756928392759138736,0x5e7d3b7cf87325cee6ae6c7417d6e9d7250c4cc2dc912b18ce5cdafba4e6a647,13489012588233322368311367883402374394605806123068707609937025667605598991327,SAME_FAMILY:PRESIDENTIAL_RESULT,frozen market_family metadata
peru_first_round,ACTIVE_RESULTS,0xf73e2e231d324cb662ad80eefdd90bba5007fc4df45bc2c7bab90d83693cc4ee,6200507252841835595951008504441149768354972632973075259527756928392759138736,0x6a58844c4dfdf677adb5e20bcefb851833cb335210e139ce37e63482e0679617,106149607129123969375875674066349472207365000320829658467476477807489090216657,SAME_FAMILY:PRESIDENTIAL_RESULT,frozen market_family metadata
peru_first_round,ACTIVE_RESULTS,0xf73e2e231d324cb662ad80eefdd90bba5007fc4df45bc2c7bab90d83693cc4ee,6200507252841835595951008504441149768354972632973075259527756928392759138736,0x78f5630bafa15147941daa2fd2926b43febe6af1544cd9d8527b226914f3ca11,9682518067153576122489405729520126083014940106724522567955145436832495666332,SAME_FAMILY:PRESIDENTIAL_RESULT,frozen market_family metadata
peru_first_round,ACTIVE_RESULTS,0xf73e2e231d324cb662ad80eefdd90bba5007fc4df45bc2c7bab90d83693cc4ee,6200507252841835595951008504441149768354972632973075259527756928392759138736,0x790d04324ceda5e7fd3b2e62cf043d45b74a9d88921b6b250212d0c9b8ba1afd,79792255824743933242473584104148817428360729889676194064736978155093841181512,SAME_FAMILY:PRESIDENTIAL_RESULT,frozen market_family metadata
peru_first_round,ACTIVE_RESULTS,0xf73e2e231d324cb662ad80eefdd90bba5007fc4df45bc2c7bab90d83693cc4ee,6200507252841835595951008504441149768354972632973075259527756928392759138736,0x7965575591c9229a2c75c881555403f5e867cd5759545619d8ec061b2b08135f,78299862190151688660680397893688466572696604800286917240516494924076147885439,SAME_FAMILY:PRESIDENTIAL_RESULT,frozen market_family metadata
peru_first_round,ACTIVE_RESULTS,0xf73e2e231d324cb662ad80eefdd90bba5007fc4df45bc2c7bab90d83693cc4ee,6200507252841835595951008504441149768354972632973075259527756928392759138736,0x82d5ffbcda5dc4cb5039bd59224c732c465dc6c052af3257f38055e8dc66b0bf,68553529382068345183582892420839184781828369905058541872190738963134845555492,SAME_FAMILY:PRESIDENTIAL_RESULT,frozen market_family metadata
peru_first_round,ACTIVE_RESULTS,0xf73e2e231d324cb662ad80eefdd90bba5007fc4df45bc2c7bab90d83693cc4ee,6200507252841835595951008504441149768354972632973075259527756928392759138736,0x974dcbcce5e8186e0e273065a60675bc17617897c395eca60478d0c49f80718f,101000035200953616880452761567806635979587850958431667672433526557328036615568,SAME_FAMILY:PRESIDENTIAL_RESULT,frozen market_family metadata
peru_first_round,ACTIVE_RESULTS,0xf73e2e231d324cb662ad80eefdd90bba5007fc4df45bc2c7bab90d83693cc4ee,6200507252841835595951008504441149768354972632973075259527756928392759138736,0x9b14ba5cc37a35c0db2c9849e631d98195670be4a0f91233a81529f22a7a5949,96778993542273611384637311499081700062825144626170214374801025348770797572532,SAME_FAMILY:PRESIDENTIAL_RESULT,frozen market_family metadata
peru_first_round,ACTIVE_RESULTS,0xf73e2e231d324cb662ad80eefdd90bba5007fc4df45bc2c7bab90d83693cc4ee,6200507252841835595951008504441149768354972632973075259527756928392759138736,0xa61438a389267c7deafc9d04cd6d0dc597d70253eb94702c0f5be458d75719a2,31366905060250352809933074814832465062746377846325454298457938183906229951978,SAME_FAMILY:PRESIDENTIAL_RESULT,frozen market_family metadata
peru_first_round,ACTIVE_RESULTS,0xf73e2e231d324cb662ad80eefdd90bba5007fc4df45bc2c7bab90d83693cc4ee,6200507252841835595951008504441149768354972632973075259527756928392759138736,0xae6d3d20bc8f742922dc40880cd8a8671c10385a9912fa7cd670fba0643dfe96,91464516107556165907566387619157396733019262339196802152206657889196699256450,SAME_FAMILY:PRESIDENTIAL_RESULT,frozen market_family metadata
peru_first_round,ACTIVE_RESULTS,0xf73e2e231d324cb662ad80eefdd90bba5007fc4df45bc2c7bab90d83693cc4ee,6200507252841835595951008504441149768354972632973075259527756928392759138736,0xb06bd8cd9693172502d649f157283cf4d6b15dc6d595495eed33b70e94b6565e,71309235606705427471164237240934647738660821324581969500721476070843942340004,SAME_FAMILY:PRESIDENTIAL_RESULT,frozen market_family metadata
peru_first_round,ACTIVE_RESULTS,0xf73e2e231d324cb662ad80eefdd90bba5007fc4df45bc2c7bab90d83693cc4ee,6200507252841835595951008504441149768354972632973075259527756928392759138736,0xc4c3dbcc37a957a817599b0bf9fb5bd6b62b19210b0f527fec57cb75c7ed150a,64703998724474008677827057135436893758254552168142785204605792475717308499827,SAME_FAMILY:PRESIDENTIAL_RESULT,frozen market_family metadata
peru_first_round,ACTIVE_RESULTS,0xf73e2e231d324cb662ad80eefdd90bba5007fc4df45bc2c7bab90d83693cc4ee,6200507252841835595951008504441149768354972632973075259527756928392759138736,0xd149b38c9da6bacbdc0068b579f8d255196f8c2ed6a5df67f5f3064dd00733e9,88830008994939255030108226010888813127369861666100484617000813260227025912888,SAME_FAMILY:PRESIDENTIAL_RESULT,frozen market_family metadata
peru_first_round,ACTIVE_RESULTS,0xf73e2e231d324cb662ad80eefdd90bba5007fc4df45bc2c7bab90d83693cc4ee,6200507252841835595951008504441149768354972632973075259527756928392759138736,0xef61cec575ac7260343e1f0c11900fee12a1f30b521b649eec7663ec5424242a,50243762671512851167282517271037976718384543563492030616749604530990728402798,SAME_FAMILY:PRESIDENTIAL_RESULT,frozen market_family metadata
peru_first_round,ACTIVE_RESULTS,0x05b3c4a8779f467c490d05894d66634e7ed0bc982eed4463ca90fd1f59b78d1f,34253026330636554399852514066550450276013246568444914274205167845651811464790,0x12ad7d12be6be9f3822d978dfe51bb1a59d5208422bda6155616a992937a9b9d,34139372490421656658764743748855070175691399946264775613546219286350462486003,SAME_FAMILY:SENATE_OR_UPPER_CHAMBER,frozen market_family metadata
peru_first_round,ACTIVE_RESULTS,0x05b3c4a8779f467c490d05894d66634e7ed0bc982eed4463ca90fd1f59b78d1f,34253026330636554399852514066550450276013246568444914274205167845651811464790,0x132225a15f2d05b147a54a7096b3a4100f581eaad079fd64ce5df8082d4b6746,29605412168491604224400515758812221296055736048328687013279325446908697782986,SAME_FAMILY:SENATE_OR_UPPER_CHAMBER,frozen market_family metadata
peru_first_round,ACTIVE_RESULTS,0x05b3c4a8779f467c490d05894d66634e7ed0bc982eed4463ca90fd1f59b78d1f,34253026330636554399852514066550450276013246568444914274205167845651811464790,0x1ff90b3af55846972c3c264e02f0078a7c0821c864fc62cd4b98b17242296678,70028221582838046561445868277002018252780286287731811276738642910841587382392,SAME_FAMILY:SENATE_OR_UPPER_CHAMBER,frozen market_family metadata
peru_first_round,ACTIVE_RESULTS,0x05b3c4a8779f467c490d05894d66634e7ed0bc982eed4463ca90fd1f59b78d1f,34253026330636554399852514066550450276013246568444914274205167845651811464790,0x79879ec1f3baa9e40ec709b8cf80b2808f6f55920c31a6cd4fa249f6e9d5be36,8841508247493149090572045971327991291897288425911692193387659098920616934960,SAME_FAMILY:SENATE_OR_UPPER_CHAMBER,frozen market_family metadata
peru_first_round,ACTIVE_RESULTS,0x05b3c4a8779f467c490d05894d66634e7ed0bc982eed4463ca90fd1f59b78d1f,34253026330636554399852514066550450276013246568444914274205167845651811464790,0x7992be6bdda4f7ab2224831f9bd7cd3192ccb9c02640bcf61ff6c389f7cda056,21548267063852344197294411394442203429665465067575113504945752859692538216489,SAME_FAMILY:SENATE_OR_UPPER_CHAMBER,frozen market_family metadata
peru_first_round,ACTIVE_RESULTS,0x05b3c4a8779f467c490d05894d66634e7ed0bc982eed4463ca90fd1f59b78d1f,34253026330636554399852514066550450276013246568444914274205167845651811464790,0x94bd997304da0c9f10bab538756814a3a5ce26bd28cf72343a9a5058f58f4db2,108558721460657856931164500269543846812498772937130524933036124977877392070575,SAME_FAMILY:SENATE_OR_UPPER_CHAMBER,frozen market_family metadata
peru_first_round,ACTIVE_RESULTS,0x05b3c4a8779f467c490d05894d66634e7ed0bc982eed4463ca90fd1f59b78d1f,34253026330636554399852514066550450276013246568444914274205167845651811464790,0xa44566e684a257c0f0c2a6416edf100722472ca3ecab7ad3222db79bdbe9f3bc,112876813940775838985582641130448954435303590576774760274731014125978645124676,SAME_FAMILY:SENATE_OR_UPPER_CHAMBER,frozen market_family metadata
peru_first_round,ACTIVE_RESULTS,0x05b3c4a8779f467c490d05894d66634e7ed0bc982eed4463ca90fd1f59b78d1f,34253026330636554399852514066550450276013246568444914274205167845651811464790,0xc4a9db7a0c81b75bc0b2009481b4e498a63c21e6f24949b6f1758c3986c270eb,111701950417305141513997863408442982759352929259590852621473333625180353072857,SAME_FAMILY:SENATE_OR_UPPER_CHAMBER,frozen market_family metadata
peru_first_round,ACTIVE_RESULTS,0x12ad7d12be6be9f3822d978dfe51bb1a59d5208422bda6155616a992937a9b9d,34139372490421656658764743748855070175691399946264775613546219286350462486003,0x05b3c4a8779f467c490d05894d66634e7ed0bc982eed4463ca90fd1f59b78d1f,34253026330636554399852514066550450276013246568444914274205167845651811464790,SAME_FAMILY:SENATE_OR_UPPER_CHAMBER,frozen market_family metadata
peru_first_round,ACTIVE_RESULTS,0x12ad7d12be6be9f3822d978dfe51bb1a59d5208422bda6155616a992937a9b9d,34139372490421656658764743748855070175691399946264775613546219286350462486003,0x132225a15f2d05b147a54a7096b3a4100f581eaad079fd64ce5df8082d4b6746,29605412168491604224400515758812221296055736048328687013279325446908697782986,SAME_FAMILY:SENATE_OR_UPPER_CHAMBER,frozen market_family metadata
peru_first_round,ACTIVE_RESULTS,0x12ad7d12be6be9f3822d978dfe51bb1a59d5208422bda6155616a992937a9b9d,34139372490421656658764743748855070175691399946264775613546219286350462486003,0x1ff90b3af55846972c3c264e02f0078a7c0821c864fc62cd4b98b17242296678,70028221582838046561445868277002018252780286287731811276738642910841587382392,SAME_FAMILY:SENATE_OR_UPPER_CHAMBER,frozen market_family metadata
peru_first_round,ACTIVE_RESULTS,0x12ad7d12be6be9f3822d978dfe51bb1a59d5208422bda6155616a992937a9b9d,34139372490421656658764743748855070175691399946264775613546219286350462486003,0x79879ec1f3baa9e40ec709b8cf80b2808f6f55920c31a6cd4fa249f6e9d5be36,8841508247493149090572045971327991291897288425911692193387659098920616934960,SAME_FAMILY:SENATE_OR_UPPER_CHAMBER,frozen market_family metadata
peru_first_round,ACTIVE_RESULTS,0x12ad7d12be6be9f3822d978dfe51bb1a59d5208422bda6155616a992937a9b9d,34139372490421656658764743748855070175691399946264775613546219286350462486003,0x7992be6bdda4f7ab2224831f9bd7cd3192ccb9c02640bcf61ff6c389f7cda056,21548267063852344197294411394442203429665465067575113504945752859692538216489,SAME_FAMILY:SENATE_OR_UPPER_CHAMBER,frozen market_family metadata
peru_first_round,ACTIVE_RESULTS,0x12ad7d12be6be9f3822d978dfe51bb1a59d5208422bda6155616a992937a9b9d,34139372490421656658764743748855070175691399946264775613546219286350462486003,0x94bd997304da0c9f10bab538756814a3a5ce26bd28cf72343a9a5058f58f4db2,108558721460657856931164500269543846812498772937130524933036124977877392070575,SAME_FAMILY:SENATE_OR_UPPER_CHAMBER,frozen market_family metadata
peru_first_round,ACTIVE_RESULTS,0x12ad7d12be6be9f3822d978dfe51bb1a59d5208422bda6155616a992937a9b9d,34139372490421656658764743748855070175691399946264775613546219286350462486003,0xa44566e684a257c0f0c2a6416edf100722472ca3ecab7ad3222db79bdbe9f3bc,112876813940775838985582641130448954435303590576774760274731014125978645124676,SAME_FAMILY:SENATE_OR_UPPER_CHAMBER,frozen market_family metadata
peru_first_round,ACTIVE_RESULTS,0x12ad7d12be6be9f3822d978dfe51bb1a59d5208422bda6155616a992937a9b9d,34139372490421656658764743748855070175691399946264775613546219286350462486003,0xc4a9db7a0c81b75bc0b2009481b4e498a63c21e6f24949b6f1758c3986c270eb,111701950417305141513997863408442982759352929259590852621473333625180353072857,SAME_FAMILY:SENATE_OR_UPPER_CHAMBER,frozen market_family metadata
peru_first_round,ACTIVE_RESULTS,0x132225a15f2d05b147a54a7096b3a4100f581eaad079fd64ce5df8082d4b6746,29605412168491604224400515758812221296055736048328687013279325446908697782986,0x05b3c4a8779f467c490d05894d66634e7ed0bc982eed4463ca90fd1f59b78d1f,34253026330636554399852514066550450276013246568444914274205167845651811464790,SAME_FAMILY:SENATE_OR_UPPER_CHAMBER,frozen market_family metadata
peru_first_round,ACTIVE_RESULTS,0x132225a15f2d05b147a54a7096b3a4100f581eaad079fd64ce5df8082d4b6746,29605412168491604224400515758812221296055736048328687013279325446908697782986,0x12ad7d12be6be9f3822d978dfe51bb1a59d5208422bda6155616a992937a9b9d,34139372490421656658764743748855070175691399946264775613546219286350462486003,SAME_FAMILY:SENATE_OR_UPPER_CHAMBER,frozen market_family metadata
peru_first_round,ACTIVE_RESULTS,0x132225a15f2d05b147a54a7096b3a4100f581eaad079fd64ce5df8082d4b6746,29605412168491604224400515758812221296055736048328687013279325446908697782986,0x1ff90b3af55846972c3c264e02f0078a7c0821c864fc62cd4b98b17242296678,70028221582838046561445868277002018252780286287731811276738642910841587382392,SAME_FAMILY:SENATE_OR_UPPER_CHAMBER,frozen market_family metadata
peru_first_round,ACTIVE_RESULTS,0x132225a15f2d05b147a54a7096b3a4100f581eaad079fd64ce5df8082d4b6746,29605412168491604224400515758812221296055736048328687013279325446908697782986,0x79879ec1f3baa9e40ec709b8cf80b2808f6f55920c31a6cd4fa249f6e9d5be36,8841508247493149090572045971327991291897288425911692193387659098920616934960,SAME_FAMILY:SENATE_OR_UPPER_CHAMBER,frozen market_family metadata
peru_first_round,ACTIVE_RESULTS,0x132225a15f2d05b147a54a7096b3a4100f581eaad079fd64ce5df8082d4b6746,29605412168491604224400515758812221296055736048328687013279325446908697782986,0x7992be6bdda4f7ab2224831f9bd7cd3192ccb9c02640bcf61ff6c389f7cda056,21548267063852344197294411394442203429665465067575113504945752859692538216489,SAME_FAMILY:SENATE_OR_UPPER_CHAMBER,frozen market_family metadata
peru_first_round,ACTIVE_RESULTS,0x132225a15f2d05b147a54a7096b3a4100f581eaad079fd64ce5df8082d4b6746,29605412168491604224400515758812221296055736048328687013279325446908697782986,0x94bd997304da0c9f10bab538756814a3a5ce26bd28cf72343a9a5058f58f4db2,108558721460657856931164500269543846812498772937130524933036124977877392070575,SAME_FAMILY:SENATE_OR_UPPER_CHAMBER,frozen market_family metadata
peru_first_round,ACTIVE_RESULTS,0x132225a15f2d05b147a54a7096b3a4100f581eaad079fd64ce5df8082d4b6746,29605412168491604224400515758812221296055736048328687013279325446908697782986,0xa44566e684a257c0f0c2a6416edf100722472ca3ecab7ad3222db79bdbe9f3bc,112876813940775838985582641130448954435303590576774760274731014125978645124676,SAME_FAMILY:SENATE_OR_UPPER_CHAMBER,frozen market_family metadata
peru_first_round,ACTIVE_RESULTS,0x132225a15f2d05b147a54a7096b3a4100f581eaad079fd64ce5df8082d4b6746,29605412168491604224400515758812221296055736048328687013279325446908697782986,0xc4a9db7a0c81b75bc0b2009481b4e498a63c21e6f24949b6f1758c3986c270eb,111701950417305141513997863408442982759352929259590852621473333625180353072857,SAME_FAMILY:SENATE_OR_UPPER_CHAMBER,frozen market_family metadata
peru_first_round,ACTIVE_RESULTS,0x1ff90b3af55846972c3c264e02f0078a7c0821c864fc62cd4b98b17242296678,70028221582838046561445868277002018252780286287731811276738642910841587382392,0x05b3c4a8779f467c490d05894d66634e7ed0bc982eed4463ca90fd1f59b78d1f,34253026330636554399852514066550450276013246568444914274205167845651811464790,SAME_FAMILY:SENATE_OR_UPPER_CHAMBER,frozen market_family metadata
peru_first_round,ACTIVE_RESULTS,0x1ff90b3af55846972c3c264e02f0078a7c0821c864fc62cd4b98b17242296678,70028221582838046561445868277002018252780286287731811276738642910841587382392,0x12ad7d12be6be9f3822d978dfe51bb1a59d5208422bda6155616a992937a9b9d,34139372490421656658764743748855070175691399946264775613546219286350462486003,SAME_FAMILY:SENATE_OR_UPPER_CHAMBER,frozen market_family metadata
peru_first_round,ACTIVE_RESULTS,0x1ff90b3af55846972c3c264e02f0078a7c0821c864fc62cd4b98b17242296678,70028221582838046561445868277002018252780286287731811276738642910841587382392,0x132225a15f2d05b147a54a7096b3a4100f581eaad079fd64ce5df8082d4b6746,29605412168491604224400515758812221296055736048328687013279325446908697782986,SAME_FAMILY:SENATE_OR_UPPER_CHAMBER,frozen market_family metadata
peru_first_round,ACTIVE_RESULTS,0x1ff90b3af55846972c3c264e02f0078a7c0821c864fc62cd4b98b17242296678,70028221582838046561445868277002018252780286287731811276738642910841587382392,0x79879ec1f3baa9e40ec709b8cf80b2808f6f55920c31a6cd4fa249f6e9d5be36,8841508247493149090572045971327991291897288425911692193387659098920616934960,SAME_FAMILY:SENATE_OR_UPPER_CHAMBER,frozen market_family metadata
peru_first_round,ACTIVE_RESULTS,0x1ff90b3af55846972c3c264e02f0078a7c0821c864fc62cd4b98b17242296678,70028221582838046561445868277002018252780286287731811276738642910841587382392,0x7992be6bdda4f7ab2224831f9bd7cd3192ccb9c02640bcf61ff6c389f7cda056,21548267063852344197294411394442203429665465067575113504945752859692538216489,SAME_FAMILY:SENATE_OR_UPPER_CHAMBER,frozen market_family metadata
peru_first_round,ACTIVE_RESULTS,0x1ff90b3af55846972c3c264e02f0078a7c0821c864fc62cd4b98b17242296678,70028221582838046561445868277002018252780286287731811276738642910841587382392,0x94bd997304da0c9f10bab538756814a3a5ce26bd28cf72343a9a5058f58f4db2,108558721460657856931164500269543846812498772937130524933036124977877392070575,SAME_FAMILY:SENATE_OR_UPPER_CHAMBER,frozen market_family metadata
peru_first_round,ACTIVE_RESULTS,0x1ff90b3af55846972c3c264e02f0078a7c0821c864fc62cd4b98b17242296678,70028221582838046561445868277002018252780286287731811276738642910841587382392,0xa44566e684a257c0f0c2a6416edf100722472ca3ecab7ad3222db79bdbe9f3bc,112876813940775838985582641130448954435303590576774760274731014125978645124676,SAME_FAMILY:SENATE_OR_UPPER_CHAMBER,frozen market_family metadata
peru_first_round,ACTIVE_RESULTS,0x1ff90b3af55846972c3c264e02f0078a7c0821c864fc62cd4b98b17242296678,70028221582838046561445868277002018252780286287731811276738642910841587382392,0xc4a9db7a0c81b75bc0b2009481b4e498a63c21e6f24949b6f1758c3986c270eb,111701950417305141513997863408442982759352929259590852621473333625180353072857,SAME_FAMILY:SENATE_OR_UPPER_CHAMBER,frozen market_family metadata
peru_first_round,ACTIVE_RESULTS,0x79879ec1f3baa9e40ec709b8cf80b2808f6f55920c31a6cd4fa249f6e9d5be36,8841508247493149090572045971327991291897288425911692193387659098920616934960,0x05b3c4a8779f467c490d05894d66634e7ed0bc982eed4463ca90fd1f59b78d1f,34253026330636554399852514066550450276013246568444914274205167845651811464790,SAME_FAMILY:SENATE_OR_UPPER_CHAMBER,frozen market_family metadata
peru_first_round,ACTIVE_RESULTS,0x79879ec1f3baa9e40ec709b8cf80b2808f6f55920c31a6cd4fa249f6e9d5be36,8841508247493149090572045971327991291897288425911692193387659098920616934960,0x12ad7d12be6be9f3822d978dfe51bb1a59d5208422bda6155616a992937a9b9d,34139372490421656658764743748855070175691399946264775613546219286350462486003,SAME_FAMILY:SENATE_OR_UPPER_CHAMBER,frozen market_family metadata
peru_first_round,ACTIVE_RESULTS,0x79879ec1f3baa9e40ec709b8cf80b2808f6f55920c31a6cd4fa249f6e9d5be36,8841508247493149090572045971327991291897288425911692193387659098920616934960,0x132225a15f2d05b147a54a7096b3a4100f581eaad079fd64ce5df8082d4b6746,29605412168491604224400515758812221296055736048328687013279325446908697782986,SAME_FAMILY:SENATE_OR_UPPER_CHAMBER,frozen market_family metadata
peru_first_round,ACTIVE_RESULTS,0x79879ec1f3baa9e40ec709b8cf80b2808f6f55920c31a6cd4fa249f6e9d5be36,8841508247493149090572045971327991291897288425911692193387659098920616934960,0x1ff90b3af55846972c3c264e02f0078a7c0821c864fc62cd4b98b17242296678,70028221582838046561445868277002018252780286287731811276738642910841587382392,SAME_FAMILY:SENATE_OR_UPPER_CHAMBER,frozen market_family metadata
peru_first_round,ACTIVE_RESULTS,0x79879ec1f3baa9e40ec709b8cf80b2808f6f55920c31a6cd4fa249f6e9d5be36,8841508247493149090572045971327991291897288425911692193387659098920616934960,0x7992be6bdda4f7ab2224831f9bd7cd3192ccb9c02640bcf61ff6c389f7cda056,21548267063852344197294411394442203429665465067575113504945752859692538216489,SAME_FAMILY:SENATE_OR_UPPER_CHAMBER,frozen market_family metadata
peru_first_round,ACTIVE_RESULTS,0x79879ec1f3baa9e40ec709b8cf80b2808f6f55920c31a6cd4fa249f6e9d5be36,8841508247493149090572045971327991291897288425911692193387659098920616934960,0x94bd997304da0c9f10bab538756814a3a5ce26bd28cf72343a9a5058f58f4db2,108558721460657856931164500269543846812498772937130524933036124977877392070575,SAME_FAMILY:SENATE_OR_UPPER_CHAMBER,frozen market_family metadata
peru_first_round,ACTIVE_RESULTS,0x79879ec1f3baa9e40ec709b8cf80b2808f6f55920c31a6cd4fa249f6e9d5be36,8841508247493149090572045971327991291897288425911692193387659098920616934960,0xa44566e684a257c0f0c2a6416edf100722472ca3ecab7ad3222db79bdbe9f3bc,112876813940775838985582641130448954435303590576774760274731014125978645124676,SAME_FAMILY:SENATE_OR_UPPER_CHAMBER,frozen market_family metadata
peru_first_round,ACTIVE_RESULTS,0x79879ec1f3baa9e40ec709b8cf80b2808f6f55920c31a6cd4fa249f6e9d5be36,8841508247493149090572045971327991291897288425911692193387659098920616934960,0xc4a9db7a0c81b75bc0b2009481b4e498a63c21e6f24949b6f1758c3986c270eb,111701950417305141513997863408442982759352929259590852621473333625180353072857,SAME_FAMILY:SENATE_OR_UPPER_CHAMBER,frozen market_family metadata
peru_first_round,ACTIVE_RESULTS,0x7992be6bdda4f7ab2224831f9bd7cd3192ccb9c02640bcf61ff6c389f7cda056,21548267063852344197294411394442203429665465067575113504945752859692538216489,0x05b3c4a8779f467c490d05894d66634e7ed0bc982eed4463ca90fd1f59b78d1f,34253026330636554399852514066550450276013246568444914274205167845651811464790,SAME_FAMILY:SENATE_OR_UPPER_CHAMBER,frozen market_family metadata
peru_first_round,ACTIVE_RESULTS,0x7992be6bdda4f7ab2224831f9bd7cd3192ccb9c02640bcf61ff6c389f7cda056,21548267063852344197294411394442203429665465067575113504945752859692538216489,0x12ad7d12be6be9f3822d978dfe51bb1a59d5208422bda6155616a992937a9b9d,34139372490421656658764743748855070175691399946264775613546219286350462486003,SAME_FAMILY:SENATE_OR_UPPER_CHAMBER,frozen market_family metadata
peru_first_round,ACTIVE_RESULTS,0x7992be6bdda4f7ab2224831f9bd7cd3192ccb9c02640bcf61ff6c389f7cda056,21548267063852344197294411394442203429665465067575113504945752859692538216489,0x132225a15f2d05b147a54a7096b3a4100f581eaad079fd64ce5df8082d4b6746,29605412168491604224400515758812221296055736048328687013279325446908697782986,SAME_FAMILY:SENATE_OR_UPPER_CHAMBER,frozen market_family metadata
peru_first_round,ACTIVE_RESULTS,0x7992be6bdda4f7ab2224831f9bd7cd3192ccb9c02640bcf61ff6c389f7cda056,21548267063852344197294411394442203429665465067575113504945752859692538216489,0x1ff90b3af55846972c3c264e02f0078a7c0821c864fc62cd4b98b17242296678,70028221582838046561445868277002018252780286287731811276738642910841587382392,SAME_FAMILY:SENATE_OR_UPPER_CHAMBER,frozen market_family metadata
peru_first_round,ACTIVE_RESULTS,0x7992be6bdda4f7ab2224831f9bd7cd3192ccb9c02640bcf61ff6c389f7cda056,21548267063852344197294411394442203429665465067575113504945752859692538216489,0x79879ec1f3baa9e40ec709b8cf80b2808f6f55920c31a6cd4fa249f6e9d5be36,8841508247493149090572045971327991291897288425911692193387659098920616934960,SAME_FAMILY:SENATE_OR_UPPER_CHAMBER,frozen market_family metadata
peru_first_round,ACTIVE_RESULTS,0x7992be6bdda4f7ab2224831f9bd7cd3192ccb9c02640bcf61ff6c389f7cda056,21548267063852344197294411394442203429665465067575113504945752859692538216489,0x94bd997304da0c9f10bab538756814a3a5ce26bd28cf72343a9a5058f58f4db2,108558721460657856931164500269543846812498772937130524933036124977877392070575,SAME_FAMILY:SENATE_OR_UPPER_CHAMBER,frozen market_family metadata
peru_first_round,ACTIVE_RESULTS,0x7992be6bdda4f7ab2224831f9bd7cd3192ccb9c02640bcf61ff6c389f7cda056,21548267063852344197294411394442203429665465067575113504945752859692538216489,0xa44566e684a257c0f0c2a6416edf100722472ca3ecab7ad3222db79bdbe9f3bc,112876813940775838985582641130448954435303590576774760274731014125978645124676,SAME_FAMILY:SENATE_OR_UPPER_CHAMBER,frozen market_family metadata
peru_first_round,ACTIVE_RESULTS,0x7992be6bdda4f7ab2224831f9bd7cd3192ccb9c02640bcf61ff6c389f7cda056,21548267063852344197294411394442203429665465067575113504945752859692538216489,0xc4a9db7a0c81b75bc0b2009481b4e498a63c21e6f24949b6f1758c3986c270eb,111701950417305141513997863408442982759352929259590852621473333625180353072857,SAME_FAMILY:SENATE_OR_UPPER_CHAMBER,frozen market_family metadata
peru_first_round,ACTIVE_RESULTS,0x94bd997304da0c9f10bab538756814a3a5ce26bd28cf72343a9a5058f58f4db2,108558721460657856931164500269543846812498772937130524933036124977877392070575,0x05b3c4a8779f467c490d05894d66634e7ed0bc982eed4463ca90fd1f59b78d1f,34253026330636554399852514066550450276013246568444914274205167845651811464790,SAME_FAMILY:SENATE_OR_UPPER_CHAMBER,frozen market_family metadata
peru_first_round,ACTIVE_RESULTS,0x94bd997304da0c9f10bab538756814a3a5ce26bd28cf72343a9a5058f58f4db2,108558721460657856931164500269543846812498772937130524933036124977877392070575,0x12ad7d12be6be9f3822d978dfe51bb1a59d5208422bda6155616a992937a9b9d,34139372490421656658764743748855070175691399946264775613546219286350462486003,SAME_FAMILY:SENATE_OR_UPPER_CHAMBER,frozen market_family metadata
peru_first_round,ACTIVE_RESULTS,0x94bd997304da0c9f10bab538756814a3a5ce26bd28cf72343a9a5058f58f4db2,108558721460657856931164500269543846812498772937130524933036124977877392070575,0x132225a15f2d05b147a54a7096b3a4100f581eaad079fd64ce5df8082d4b6746,29605412168491604224400515758812221296055736048328687013279325446908697782986,SAME_FAMILY:SENATE_OR_UPPER_CHAMBER,frozen market_family metadata
peru_first_round,ACTIVE_RESULTS,0x94bd997304da0c9f10bab538756814a3a5ce26bd28cf72343a9a5058f58f4db2,108558721460657856931164500269543846812498772937130524933036124977877392070575,0x1ff90b3af55846972c3c264e02f0078a7c0821c864fc62cd4b98b17242296678,70028221582838046561445868277002018252780286287731811276738642910841587382392,SAME_FAMILY:SENATE_OR_UPPER_CHAMBER,frozen market_family metadata
peru_first_round,ACTIVE_RESULTS,0x94bd997304da0c9f10bab538756814a3a5ce26bd28cf72343a9a5058f58f4db2,108558721460657856931164500269543846812498772937130524933036124977877392070575,0x79879ec1f3baa9e40ec709b8cf80b2808f6f55920c31a6cd4fa249f6e9d5be36,8841508247493149090572045971327991291897288425911692193387659098920616934960,SAME_FAMILY:SENATE_OR_UPPER_CHAMBER,frozen market_family metadata
peru_first_round,ACTIVE_RESULTS,0x94bd997304da0c9f10bab538756814a3a5ce26bd28cf72343a9a5058f58f4db2,108558721460657856931164500269543846812498772937130524933036124977877392070575,0x7992be6bdda4f7ab2224831f9bd7cd3192ccb9c02640bcf61ff6c389f7cda056,21548267063852344197294411394442203429665465067575113504945752859692538216489,SAME_FAMILY:SENATE_OR_UPPER_CHAMBER,frozen market_family metadata
peru_first_round,ACTIVE_RESULTS,0x94bd997304da0c9f10bab538756814a3a5ce26bd28cf72343a9a5058f58f4db2,108558721460657856931164500269543846812498772937130524933036124977877392070575,0xa44566e684a257c0f0c2a6416edf100722472ca3ecab7ad3222db79bdbe9f3bc,112876813940775838985582641130448954435303590576774760274731014125978645124676,SAME_FAMILY:SENATE_OR_UPPER_CHAMBER,frozen market_family metadata
peru_first_round,ACTIVE_RESULTS,0x94bd997304da0c9f10bab538756814a3a5ce26bd28cf72343a9a5058f58f4db2,108558721460657856931164500269543846812498772937130524933036124977877392070575,0xc4a9db7a0c81b75bc0b2009481b4e498a63c21e6f24949b6f1758c3986c270eb,111701950417305141513997863408442982759352929259590852621473333625180353072857,SAME_FAMILY:SENATE_OR_UPPER_CHAMBER,frozen market_family metadata
peru_first_round,ACTIVE_RESULTS,0xa44566e684a257c0f0c2a6416edf100722472ca3ecab7ad3222db79bdbe9f3bc,112876813940775838985582641130448954435303590576774760274731014125978645124676,0x05b3c4a8779f467c490d05894d66634e7ed0bc982eed4463ca90fd1f59b78d1f,34253026330636554399852514066550450276013246568444914274205167845651811464790,SAME_FAMILY:SENATE_OR_UPPER_CHAMBER,frozen market_family metadata
peru_first_round,ACTIVE_RESULTS,0xa44566e684a257c0f0c2a6416edf100722472ca3ecab7ad3222db79bdbe9f3bc,112876813940775838985582641130448954435303590576774760274731014125978645124676,0x12ad7d12be6be9f3822d978dfe51bb1a59d5208422bda6155616a992937a9b9d,34139372490421656658764743748855070175691399946264775613546219286350462486003,SAME_FAMILY:SENATE_OR_UPPER_CHAMBER,frozen market_family metadata
peru_first_round,ACTIVE_RESULTS,0xa44566e684a257c0f0c2a6416edf100722472ca3ecab7ad3222db79bdbe9f3bc,112876813940775838985582641130448954435303590576774760274731014125978645124676,0x132225a15f2d05b147a54a7096b3a4100f581eaad079fd64ce5df8082d4b6746,29605412168491604224400515758812221296055736048328687013279325446908697782986,SAME_FAMILY:SENATE_OR_UPPER_CHAMBER,frozen market_family metadata
peru_first_round,ACTIVE_RESULTS,0xa44566e684a257c0f0c2a6416edf100722472ca3ecab7ad3222db79bdbe9f3bc,112876813940775838985582641130448954435303590576774760274731014125978645124676,0x1ff90b3af55846972c3c264e02f0078a7c0821c864fc62cd4b98b17242296678,70028221582838046561445868277002018252780286287731811276738642910841587382392,SAME_FAMILY:SENATE_OR_UPPER_CHAMBER,frozen market_family metadata
peru_first_round,ACTIVE_RESULTS,0xa44566e684a257c0f0c2a6416edf100722472ca3ecab7ad3222db79bdbe9f3bc,112876813940775838985582641130448954435303590576774760274731014125978645124676,0x79879ec1f3baa9e40ec709b8cf80b2808f6f55920c31a6cd4fa249f6e9d5be36,8841508247493149090572045971327991291897288425911692193387659098920616934960,SAME_FAMILY:SENATE_OR_UPPER_CHAMBER,frozen market_family metadata
peru_first_round,ACTIVE_RESULTS,0xa44566e684a257c0f0c2a6416edf100722472ca3ecab7ad3222db79bdbe9f3bc,112876813940775838985582641130448954435303590576774760274731014125978645124676,0x7992be6bdda4f7ab2224831f9bd7cd3192ccb9c02640bcf61ff6c389f7cda056,21548267063852344197294411394442203429665465067575113504945752859692538216489,SAME_FAMILY:SENATE_OR_UPPER_CHAMBER,frozen market_family metadata
peru_first_round,ACTIVE_RESULTS,0xa44566e684a257c0f0c2a6416edf100722472ca3ecab7ad3222db79bdbe9f3bc,112876813940775838985582641130448954435303590576774760274731014125978645124676,0x94bd997304da0c9f10bab538756814a3a5ce26bd28cf72343a9a5058f58f4db2,108558721460657856931164500269543846812498772937130524933036124977877392070575,SAME_FAMILY:SENATE_OR_UPPER_CHAMBER,frozen market_family metadata
peru_first_round,ACTIVE_RESULTS,0xa44566e684a257c0f0c2a6416edf100722472ca3ecab7ad3222db79bdbe9f3bc,112876813940775838985582641130448954435303590576774760274731014125978645124676,0xc4a9db7a0c81b75bc0b2009481b4e498a63c21e6f24949b6f1758c3986c270eb,111701950417305141513997863408442982759352929259590852621473333625180353072857,SAME_FAMILY:SENATE_OR_UPPER_CHAMBER,frozen market_family metadata
peru_first_round,ACTIVE_RESULTS,0xc4a9db7a0c81b75bc0b2009481b4e498a63c21e6f24949b6f1758c3986c270eb,111701950417305141513997863408442982759352929259590852621473333625180353072857,0x05b3c4a8779f467c490d05894d66634e7ed0bc982eed4463ca90fd1f59b78d1f,34253026330636554399852514066550450276013246568444914274205167845651811464790,SAME_FAMILY:SENATE_OR_UPPER_CHAMBER,frozen market_family metadata
peru_first_round,ACTIVE_RESULTS,0xc4a9db7a0c81b75bc0b2009481b4e498a63c21e6f24949b6f1758c3986c270eb,111701950417305141513997863408442982759352929259590852621473333625180353072857,0x12ad7d12be6be9f3822d978dfe51bb1a59d5208422bda6155616a992937a9b9d,34139372490421656658764743748855070175691399946264775613546219286350462486003,SAME_FAMILY:SENATE_OR_UPPER_CHAMBER,frozen market_family metadata
peru_first_round,ACTIVE_RESULTS,0xc4a9db7a0c81b75bc0b2009481b4e498a63c21e6f24949b6f1758c3986c270eb,111701950417305141513997863408442982759352929259590852621473333625180353072857,0x132225a15f2d05b147a54a7096b3a4100f581eaad079fd64ce5df8082d4b6746,29605412168491604224400515758812221296055736048328687013279325446908697782986,SAME_FAMILY:SENATE_OR_UPPER_CHAMBER,frozen market_family metadata
peru_first_round,ACTIVE_RESULTS,0xc4a9db7a0c81b75bc0b2009481b4e498a63c21e6f24949b6f1758c3986c270eb,111701950417305141513997863408442982759352929259590852621473333625180353072857,0x1ff90b3af55846972c3c264e02f0078a7c0821c864fc62cd4b98b17242296678,70028221582838046561445868277002018252780286287731811276738642910841587382392,SAME_FAMILY:SENATE_OR_UPPER_CHAMBER,frozen market_family metadata
peru_first_round,ACTIVE_RESULTS,0xc4a9db7a0c81b75bc0b2009481b4e498a63c21e6f24949b6f1758c3986c270eb,111701950417305141513997863408442982759352929259590852621473333625180353072857,0x79879ec1f3baa9e40ec709b8cf80b2808f6f55920c31a6cd4fa249f6e9d5be36,8841508247493149090572045971327991291897288425911692193387659098920616934960,SAME_FAMILY:SENATE_OR_UPPER_CHAMBER,frozen market_family metadata
peru_first_round,ACTIVE_RESULTS,0xc4a9db7a0c81b75bc0b2009481b4e498a63c21e6f24949b6f1758c3986c270eb,111701950417305141513997863408442982759352929259590852621473333625180353072857,0x7992be6bdda4f7ab2224831f9bd7cd3192ccb9c02640bcf61ff6c389f7cda056,21548267063852344197294411394442203429665465067575113504945752859692538216489,SAME_FAMILY:SENATE_OR_UPPER_CHAMBER,frozen market_family metadata
peru_first_round,ACTIVE_RESULTS,0xc4a9db7a0c81b75bc0b2009481b4e498a63c21e6f24949b6f1758c3986c270eb,111701950417305141513997863408442982759352929259590852621473333625180353072857,0x94bd997304da0c9f10bab538756814a3a5ce26bd28cf72343a9a5058f58f4db2,108558721460657856931164500269543846812498772937130524933036124977877392070575,SAME_FAMILY:SENATE_OR_UPPER_CHAMBER,frozen market_family metadata
peru_first_round,ACTIVE_RESULTS,0xc4a9db7a0c81b75bc0b2009481b4e498a63c21e6f24949b6f1758c3986c270eb,111701950417305141513997863408442982759352929259590852621473333625180353072857,0xa44566e684a257c0f0c2a6416edf100722472ca3ecab7ad3222db79bdbe9f3bc,112876813940775838985582641130448954435303590576774760274731014125978645124676,SAME_FAMILY:SENATE_OR_UPPER_CHAMBER,frozen market_family metadata
peru_first_round,PRE_ELECTION,0x0a10ea4f5d42ac33a29d73b8562f4414f5ea2219afd9da74ba950f7aefe7c630,67856043091363573230826787438476899340717171261331542907088468980307686160535,0x158fdaad572880f8de3d3f00e4d3c2fbbae77108d88c29deb800141928c1e040,4706104298728283330895721401335363991910630839383072913311253715556150302824,SAME_FAMILY:PRESIDENTIAL_RESULT,frozen market_family metadata
peru_first_round,PRE_ELECTION,0x0a10ea4f5d42ac33a29d73b8562f4414f5ea2219afd9da74ba950f7aefe7c630,67856043091363573230826787438476899340717171261331542907088468980307686160535,0x28d4cee5a4bb01e0a7b1a39f8a23b2af657d9cf06d1e0ed8443c6b09329b9be3,33676951557383894515546393450532412629166294904696420306881965128761881185587,SAME_FAMILY:PRESIDENTIAL_RESULT,frozen market_family metadata
peru_first_round,PRE_ELECTION,0x0a10ea4f5d42ac33a29d73b8562f4414f5ea2219afd9da74ba950f7aefe7c630,67856043091363573230826787438476899340717171261331542907088468980307686160535,0x2cd24d17f5680dc6e7b7d67c712a223ae85550745597e81bd2d2b8d073443951,40073700561695212653451049120779209383948898865772011302940523990213422296817,SAME_FAMILY:PRESIDENTIAL_RESULT,frozen market_family metadata
peru_first_round,PRE_ELECTION,0x0a10ea4f5d42ac33a29d73b8562f4414f5ea2219afd9da74ba950f7aefe7c630,67856043091363573230826787438476899340717171261331542907088468980307686160535,0x78f5630bafa15147941daa2fd2926b43febe6af1544cd9d8527b226914f3ca11,9682518067153576122489405729520126083014940106724522567955145436832495666332,SAME_FAMILY:PRESIDENTIAL_RESULT,frozen market_family metadata
peru_first_round,PRE_ELECTION,0x0a10ea4f5d42ac33a29d73b8562f4414f5ea2219afd9da74ba950f7aefe7c630,67856043091363573230826787438476899340717171261331542907088468980307686160535,0x9b14ba5cc37a35c0db2c9849e631d98195670be4a0f91233a81529f22a7a5949,96778993542273611384637311499081700062825144626170214374801025348770797572532,SAME_FAMILY:PRESIDENTIAL_RESULT,frozen market_family metadata
peru_first_round,PRE_ELECTION,0x0a10ea4f5d42ac33a29d73b8562f4414f5ea2219afd9da74ba950f7aefe7c630,67856043091363573230826787438476899340717171261331542907088468980307686160535,0xae6d3d20bc8f742922dc40880cd8a8671c10385a9912fa7cd670fba0643dfe96,91464516107556165907566387619157396733019262339196802152206657889196699256450,SAME_FAMILY:PRESIDENTIAL_RESULT,frozen market_family metadata
peru_first_round,PRE_ELECTION,0x0a10ea4f5d42ac33a29d73b8562f4414f5ea2219afd9da74ba950f7aefe7c630,67856043091363573230826787438476899340717171261331542907088468980307686160535,0xc4c3dbcc37a957a817599b0bf9fb5bd6b62b19210b0f527fec57cb75c7ed150a,64703998724474008677827057135436893758254552168142785204605792475717308499827,SAME_FAMILY:PRESIDENTIAL_RESULT,frozen market_family metadata
peru_first_round,PRE_ELECTION,0x0a10ea4f5d42ac33a29d73b8562f4414f5ea2219afd9da74ba950f7aefe7c630,67856043091363573230826787438476899340717171261331542907088468980307686160535,0xef61cec575ac7260343e1f0c11900fee12a1f30b521b649eec7663ec5424242a,50243762671512851167282517271037976718384543563492030616749604530990728402798,SAME_FAMILY:PRESIDENTIAL_RESULT,frozen market_family metadata
peru_first_round,PRE_ELECTION,0x158fdaad572880f8de3d3f00e4d3c2fbbae77108d88c29deb800141928c1e040,4706104298728283330895721401335363991910630839383072913311253715556150302824,0x0a10ea4f5d42ac33a29d73b8562f4414f5ea2219afd9da74ba950f7aefe7c630,67856043091363573230826787438476899340717171261331542907088468980307686160535,SAME_FAMILY:PRESIDENTIAL_RESULT,frozen market_family metadata
peru_first_round,PRE_ELECTION,0x158fdaad572880f8de3d3f00e4d3c2fbbae77108d88c29deb800141928c1e040,4706104298728283330895721401335363991910630839383072913311253715556150302824,0x28d4cee5a4bb01e0a7b1a39f8a23b2af657d9cf06d1e0ed8443c6b09329b9be3,33676951557383894515546393450532412629166294904696420306881965128761881185587,SAME_FAMILY:PRESIDENTIAL_RESULT,frozen market_family metadata
peru_first_round,PRE_ELECTION,0x158fdaad572880f8de3d3f00e4d3c2fbbae77108d88c29deb800141928c1e040,4706104298728283330895721401335363991910630839383072913311253715556150302824,0x2cd24d17f5680dc6e7b7d67c712a223ae85550745597e81bd2d2b8d073443951,40073700561695212653451049120779209383948898865772011302940523990213422296817,SAME_FAMILY:PRESIDENTIAL_RESULT,frozen market_family metadata
peru_first_round,PRE_ELECTION,0x158fdaad572880f8de3d3f00e4d3c2fbbae77108d88c29deb800141928c1e040,4706104298728283330895721401335363991910630839383072913311253715556150302824,0x78f5630bafa15147941daa2fd2926b43febe6af1544cd9d8527b226914f3ca11,9682518067153576122489405729520126083014940106724522567955145436832495666332,SAME_FAMILY:PRESIDENTIAL_RESULT,frozen market_family metadata
peru_first_round,PRE_ELECTION,0x158fdaad572880f8de3d3f00e4d3c2fbbae77108d88c29deb800141928c1e040,4706104298728283330895721401335363991910630839383072913311253715556150302824,0x9b14ba5cc37a35c0db2c9849e631d98195670be4a0f91233a81529f22a7a5949,96778993542273611384637311499081700062825144626170214374801025348770797572532,SAME_FAMILY:PRESIDENTIAL_RESULT,frozen market_family metadata
peru_first_round,PRE_ELECTION,0x158fdaad572880f8de3d3f00e4d3c2fbbae77108d88c29deb800141928c1e040,4706104298728283330895721401335363991910630839383072913311253715556150302824,0xae6d3d20bc8f742922dc40880cd8a8671c10385a9912fa7cd670fba0643dfe96,91464516107556165907566387619157396733019262339196802152206657889196699256450,SAME_FAMILY:PRESIDENTIAL_RESULT,frozen market_family metadata
peru_first_round,PRE_ELECTION,0x158fdaad572880f8de3d3f00e4d3c2fbbae77108d88c29deb800141928c1e040,4706104298728283330895721401335363991910630839383072913311253715556150302824,0xc4c3dbcc37a957a817599b0bf9fb5bd6b62b19210b0f527fec57cb75c7ed150a,64703998724474008677827057135436893758254552168142785204605792475717308499827,SAME_FAMILY:PRESIDENTIAL_RESULT,frozen market_family metadata
peru_first_round,PRE_ELECTION,0x158fdaad572880f8de3d3f00e4d3c2fbbae77108d88c29deb800141928c1e040,4706104298728283330895721401335363991910630839383072913311253715556150302824,0xef61cec575ac7260343e1f0c11900fee12a1f30b521b649eec7663ec5424242a,50243762671512851167282517271037976718384543563492030616749604530990728402798,SAME_FAMILY:PRESIDENTIAL_RESULT,frozen market_family metadata
peru_first_round,PRE_ELECTION,0x28d4cee5a4bb01e0a7b1a39f8a23b2af657d9cf06d1e0ed8443c6b09329b9be3,33676951557383894515546393450532412629166294904696420306881965128761881185587,0x0a10ea4f5d42ac33a29d73b8562f4414f5ea2219afd9da74ba950f7aefe7c630,67856043091363573230826787438476899340717171261331542907088468980307686160535,SAME_FAMILY:PRESIDENTIAL_RESULT,frozen market_family metadata
peru_first_round,PRE_ELECTION,0x28d4cee5a4bb01e0a7b1a39f8a23b2af657d9cf06d1e0ed8443c6b09329b9be3,33676951557383894515546393450532412629166294904696420306881965128761881185587,0x158fdaad572880f8de3d3f00e4d3c2fbbae77108d88c29deb800141928c1e040,4706104298728283330895721401335363991910630839383072913311253715556150302824,SAME_FAMILY:PRESIDENTIAL_RESULT,frozen market_family metadata
peru_first_round,PRE_ELECTION,0x28d4cee5a4bb01e0a7b1a39f8a23b2af657d9cf06d1e0ed8443c6b09329b9be3,33676951557383894515546393450532412629166294904696420306881965128761881185587,0x2cd24d17f5680dc6e7b7d67c712a223ae85550745597e81bd2d2b8d073443951,40073700561695212653451049120779209383948898865772011302940523990213422296817,SAME_FAMILY:PRESIDENTIAL_RESULT,frozen market_family metadata
peru_first_round,PRE_ELECTION,0x28d4cee5a4bb01e0a7b1a39f8a23b2af657d9cf06d1e0ed8443c6b09329b9be3,33676951557383894515546393450532412629166294904696420306881965128761881185587,0x78f5630bafa15147941daa2fd2926b43febe6af1544cd9d8527b226914f3ca11,9682518067153576122489405729520126083014940106724522567955145436832495666332,SAME_FAMILY:PRESIDENTIAL_RESULT,frozen market_family metadata
peru_first_round,PRE_ELECTION,0x28d4cee5a4bb01e0a7b1a39f8a23b2af657d9cf06d1e0ed8443c6b09329b9be3,33676951557383894515546393450532412629166294904696420306881965128761881185587,0x9b14ba5cc37a35c0db2c9849e631d98195670be4a0f91233a81529f22a7a5949,96778993542273611384637311499081700062825144626170214374801025348770797572532,SAME_FAMILY:PRESIDENTIAL_RESULT,frozen market_family metadata
peru_first_round,PRE_ELECTION,0x28d4cee5a4bb01e0a7b1a39f8a23b2af657d9cf06d1e0ed8443c6b09329b9be3,33676951557383894515546393450532412629166294904696420306881965128761881185587,0xae6d3d20bc8f742922dc40880cd8a8671c10385a9912fa7cd670fba0643dfe96,91464516107556165907566387619157396733019262339196802152206657889196699256450,SAME_FAMILY:PRESIDENTIAL_RESULT,frozen market_family metadata
peru_first_round,PRE_ELECTION,0x28d4cee5a4bb01e0a7b1a39f8a23b2af657d9cf06d1e0ed8443c6b09329b9be3,33676951557383894515546393450532412629166294904696420306881965128761881185587,0xc4c3dbcc37a957a817599b0bf9fb5bd6b62b19210b0f527fec57cb75c7ed150a,64703998724474008677827057135436893758254552168142785204605792475717308499827,SAME_FAMILY:PRESIDENTIAL_RESULT,frozen market_family metadata
peru_first_round,PRE_ELECTION,0x28d4cee5a4bb01e0a7b1a39f8a23b2af657d9cf06d1e0ed8443c6b09329b9be3,33676951557383894515546393450532412629166294904696420306881965128761881185587,0xef61cec575ac7260343e1f0c11900fee12a1f30b521b649eec7663ec5424242a,50243762671512851167282517271037976718384543563492030616749604530990728402798,SAME_FAMILY:PRESIDENTIAL_RESULT,frozen market_family metadata
peru_first_round,PRE_ELECTION,0x2cd24d17f5680dc6e7b7d67c712a223ae85550745597e81bd2d2b8d073443951,40073700561695212653451049120779209383948898865772011302940523990213422296817,0x0a10ea4f5d42ac33a29d73b8562f4414f5ea2219afd9da74ba950f7aefe7c630,67856043091363573230826787438476899340717171261331542907088468980307686160535,SAME_FAMILY:PRESIDENTIAL_RESULT,frozen market_family metadata
peru_first_round,PRE_ELECTION,0x2cd24d17f5680dc6e7b7d67c712a223ae85550745597e81bd2d2b8d073443951,40073700561695212653451049120779209383948898865772011302940523990213422296817,0x158fdaad572880f8de3d3f00e4d3c2fbbae77108d88c29deb800141928c1e040,4706104298728283330895721401335363991910630839383072913311253715556150302824,SAME_FAMILY:PRESIDENTIAL_RESULT,frozen market_family metadata
peru_first_round,PRE_ELECTION,0x2cd24d17f5680dc6e7b7d67c712a223ae85550745597e81bd2d2b8d073443951,40073700561695212653451049120779209383948898865772011302940523990213422296817,0x28d4cee5a4bb01e0a7b1a39f8a23b2af657d9cf06d1e0ed8443c6b09329b9be3,33676951557383894515546393450532412629166294904696420306881965128761881185587,SAME_FAMILY:PRESIDENTIAL_RESULT,frozen market_family metadata
peru_first_round,PRE_ELECTION,0x2cd24d17f5680dc6e7b7d67c712a223ae85550745597e81bd2d2b8d073443951,40073700561695212653451049120779209383948898865772011302940523990213422296817,0x78f5630bafa15147941daa2fd2926b43febe6af1544cd9d8527b226914f3ca11,9682518067153576122489405729520126083014940106724522567955145436832495666332,SAME_FAMILY:PRESIDENTIAL_RESULT,frozen market_family metadata
peru_first_round,PRE_ELECTION,0x2cd24d17f5680dc6e7b7d67c712a223ae85550745597e81bd2d2b8d073443951,40073700561695212653451049120779209383948898865772011302940523990213422296817,0x9b14ba5cc37a35c0db2c9849e631d98195670be4a0f91233a81529f22a7a5949,96778993542273611384637311499081700062825144626170214374801025348770797572532,SAME_FAMILY:PRESIDENTIAL_RESULT,frozen market_family metadata
peru_first_round,PRE_ELECTION,0x2cd24d17f5680dc6e7b7d67c712a223ae85550745597e81bd2d2b8d073443951,40073700561695212653451049120779209383948898865772011302940523990213422296817,0xae6d3d20bc8f742922dc40880cd8a8671c10385a9912fa7cd670fba0643dfe96,91464516107556165907566387619157396733019262339196802152206657889196699256450,SAME_FAMILY:PRESIDENTIAL_RESULT,frozen market_family metadata
peru_first_round,PRE_ELECTION,0x2cd24d17f5680dc6e7b7d67c712a223ae85550745597e81bd2d2b8d073443951,40073700561695212653451049120779209383948898865772011302940523990213422296817,0xc4c3dbcc37a957a817599b0bf9fb5bd6b62b19210b0f527fec57cb75c7ed150a,64703998724474008677827057135436893758254552168142785204605792475717308499827,SAME_FAMILY:PRESIDENTIAL_RESULT,frozen market_family metadata
peru_first_round,PRE_ELECTION,0x2cd24d17f5680dc6e7b7d67c712a223ae85550745597e81bd2d2b8d073443951,40073700561695212653451049120779209383948898865772011302940523990213422296817,0xef61cec575ac7260343e1f0c11900fee12a1f30b521b649eec7663ec5424242a,50243762671512851167282517271037976718384543563492030616749604530990728402798,SAME_FAMILY:PRESIDENTIAL_RESULT,frozen market_family metadata
peru_first_round,PRE_ELECTION,0x78f5630bafa15147941daa2fd2926b43febe6af1544cd9d8527b226914f3ca11,9682518067153576122489405729520126083014940106724522567955145436832495666332,0x0a10ea4f5d42ac33a29d73b8562f4414f5ea2219afd9da74ba950f7aefe7c630,67856043091363573230826787438476899340717171261331542907088468980307686160535,SAME_FAMILY:PRESIDENTIAL_RESULT,frozen market_family metadata
peru_first_round,PRE_ELECTION,0x78f5630bafa15147941daa2fd2926b43febe6af1544cd9d8527b226914f3ca11,9682518067153576122489405729520126083014940106724522567955145436832495666332,0x158fdaad572880f8de3d3f00e4d3c2fbbae77108d88c29deb800141928c1e040,4706104298728283330895721401335363991910630839383072913311253715556150302824,SAME_FAMILY:PRESIDENTIAL_RESULT,frozen market_family metadata
peru_first_round,PRE_ELECTION,0x78f5630bafa15147941daa2fd2926b43febe6af1544cd9d8527b226914f3ca11,9682518067153576122489405729520126083014940106724522567955145436832495666332,0x28d4cee5a4bb01e0a7b1a39f8a23b2af657d9cf06d1e0ed8443c6b09329b9be3,33676951557383894515546393450532412629166294904696420306881965128761881185587,SAME_FAMILY:PRESIDENTIAL_RESULT,frozen market_family metadata
peru_first_round,PRE_ELECTION,0x78f5630bafa15147941daa2fd2926b43febe6af1544cd9d8527b226914f3ca11,9682518067153576122489405729520126083014940106724522567955145436832495666332,0x2cd24d17f5680dc6e7b7d67c712a223ae85550745597e81bd2d2b8d073443951,40073700561695212653451049120779209383948898865772011302940523990213422296817,SAME_FAMILY:PRESIDENTIAL_RESULT,frozen market_family metadata
peru_first_round,PRE_ELECTION,0x78f5630bafa15147941daa2fd2926b43febe6af1544cd9d8527b226914f3ca11,9682518067153576122489405729520126083014940106724522567955145436832495666332,0x9b14ba5cc37a35c0db2c9849e631d98195670be4a0f91233a81529f22a7a5949,96778993542273611384637311499081700062825144626170214374801025348770797572532,SAME_FAMILY:PRESIDENTIAL_RESULT,frozen market_family metadata
peru_first_round,PRE_ELECTION,0x78f5630bafa15147941daa2fd2926b43febe6af1544cd9d8527b226914f3ca11,9682518067153576122489405729520126083014940106724522567955145436832495666332,0xae6d3d20bc8f742922dc40880cd8a8671c10385a9912fa7cd670fba0643dfe96,91464516107556165907566387619157396733019262339196802152206657889196699256450,SAME_FAMILY:PRESIDENTIAL_RESULT,frozen market_family metadata
peru_first_round,PRE_ELECTION,0x78f5630bafa15147941daa2fd2926b43febe6af1544cd9d8527b226914f3ca11,9682518067153576122489405729520126083014940106724522567955145436832495666332,0xc4c3dbcc37a957a817599b0bf9fb5bd6b62b19210b0f527fec57cb75c7ed150a,64703998724474008677827057135436893758254552168142785204605792475717308499827,SAME_FAMILY:PRESIDENTIAL_RESULT,frozen market_family metadata
peru_first_round,PRE_ELECTION,0x78f5630bafa15147941daa2fd2926b43febe6af1544cd9d8527b226914f3ca11,9682518067153576122489405729520126083014940106724522567955145436832495666332,0xef61cec575ac7260343e1f0c11900fee12a1f30b521b649eec7663ec5424242a,50243762671512851167282517271037976718384543563492030616749604530990728402798,SAME_FAMILY:PRESIDENTIAL_RESULT,frozen market_family metadata
peru_first_round,PRE_ELECTION,0x9b14ba5cc37a35c0db2c9849e631d98195670be4a0f91233a81529f22a7a5949,96778993542273611384637311499081700062825144626170214374801025348770797572532,0x0a10ea4f5d42ac33a29d73b8562f4414f5ea2219afd9da74ba950f7aefe7c630,67856043091363573230826787438476899340717171261331542907088468980307686160535,SAME_FAMILY:PRESIDENTIAL_RESULT,frozen market_family metadata
peru_first_round,PRE_ELECTION,0x9b14ba5cc37a35c0db2c9849e631d98195670be4a0f91233a81529f22a7a5949,96778993542273611384637311499081700062825144626170214374801025348770797572532,0x158fdaad572880f8de3d3f00e4d3c2fbbae77108d88c29deb800141928c1e040,4706104298728283330895721401335363991910630839383072913311253715556150302824,SAME_FAMILY:PRESIDENTIAL_RESULT,frozen market_family metadata
peru_first_round,PRE_ELECTION,0x9b14ba5cc37a35c0db2c9849e631d98195670be4a0f91233a81529f22a7a5949,96778993542273611384637311499081700062825144626170214374801025348770797572532,0x28d4cee5a4bb01e0a7b1a39f8a23b2af657d9cf06d1e0ed8443c6b09329b9be3,33676951557383894515546393450532412629166294904696420306881965128761881185587,SAME_FAMILY:PRESIDENTIAL_RESULT,frozen market_family metadata
peru_first_round,PRE_ELECTION,0x9b14ba5cc37a35c0db2c9849e631d98195670be4a0f91233a81529f22a7a5949,96778993542273611384637311499081700062825144626170214374801025348770797572532,0x2cd24d17f5680dc6e7b7d67c712a223ae85550745597e81bd2d2b8d073443951,40073700561695212653451049120779209383948898865772011302940523990213422296817,SAME_FAMILY:PRESIDENTIAL_RESULT,frozen market_family metadata
peru_first_round,PRE_ELECTION,0x9b14ba5cc37a35c0db2c9849e631d98195670be4a0f91233a81529f22a7a5949,96778993542273611384637311499081700062825144626170214374801025348770797572532,0x78f5630bafa15147941daa2fd2926b43febe6af1544cd9d8527b226914f3ca11,9682518067153576122489405729520126083014940106724522567955145436832495666332,SAME_FAMILY:PRESIDENTIAL_RESULT,frozen market_family metadata
peru_first_round,PRE_ELECTION,0x9b14ba5cc37a35c0db2c9849e631d98195670be4a0f91233a81529f22a7a5949,96778993542273611384637311499081700062825144626170214374801025348770797572532,0xae6d3d20bc8f742922dc40880cd8a8671c10385a9912fa7cd670fba0643dfe96,91464516107556165907566387619157396733019262339196802152206657889196699256450,SAME_FAMILY:PRESIDENTIAL_RESULT,frozen market_family metadata
peru_first_round,PRE_ELECTION,0x9b14ba5cc37a35c0db2c9849e631d98195670be4a0f91233a81529f22a7a5949,96778993542273611384637311499081700062825144626170214374801025348770797572532,0xc4c3dbcc37a957a817599b0bf9fb5bd6b62b19210b0f527fec57cb75c7ed150a,64703998724474008677827057135436893758254552168142785204605792475717308499827,SAME_FAMILY:PRESIDENTIAL_RESULT,frozen market_family metadata
peru_first_round,PRE_ELECTION,0x9b14ba5cc37a35c0db2c9849e631d98195670be4a0f91233a81529f22a7a5949,96778993542273611384637311499081700062825144626170214374801025348770797572532,0xef61cec575ac7260343e1f0c11900fee12a1f30b521b649eec7663ec5424242a,50243762671512851167282517271037976718384543563492030616749604530990728402798,SAME_FAMILY:PRESIDENTIAL_RESULT,frozen market_family metadata
peru_first_round,PRE_ELECTION,0xae6d3d20bc8f742922dc40880cd8a8671c10385a9912fa7cd670fba0643dfe96,91464516107556165907566387619157396733019262339196802152206657889196699256450,0x0a10ea4f5d42ac33a29d73b8562f4414f5ea2219afd9da74ba950f7aefe7c630,67856043091363573230826787438476899340717171261331542907088468980307686160535,SAME_FAMILY:PRESIDENTIAL_RESULT,frozen market_family metadata
peru_first_round,PRE_ELECTION,0xae6d3d20bc8f742922dc40880cd8a8671c10385a9912fa7cd670fba0643dfe96,91464516107556165907566387619157396733019262339196802152206657889196699256450,0x158fdaad572880f8de3d3f00e4d3c2fbbae77108d88c29deb800141928c1e040,4706104298728283330895721401335363991910630839383072913311253715556150302824,SAME_FAMILY:PRESIDENTIAL_RESULT,frozen market_family metadata
peru_first_round,PRE_ELECTION,0xae6d3d20bc8f742922dc40880cd8a8671c10385a9912fa7cd670fba0643dfe96,91464516107556165907566387619157396733019262339196802152206657889196699256450,0x28d4cee5a4bb01e0a7b1a39f8a23b2af657d9cf06d1e0ed8443c6b09329b9be3,33676951557383894515546393450532412629166294904696420306881965128761881185587,SAME_FAMILY:PRESIDENTIAL_RESULT,frozen market_family metadata
peru_first_round,PRE_ELECTION,0xae6d3d20bc8f742922dc40880cd8a8671c10385a9912fa7cd670fba0643dfe96,91464516107556165907566387619157396733019262339196802152206657889196699256450,0x2cd24d17f5680dc6e7b7d67c712a223ae85550745597e81bd2d2b8d073443951,40073700561695212653451049120779209383948898865772011302940523990213422296817,SAME_FAMILY:PRESIDENTIAL_RESULT,frozen market_family metadata
peru_first_round,PRE_ELECTION,0xae6d3d20bc8f742922dc40880cd8a8671c10385a9912fa7cd670fba0643dfe96,91464516107556165907566387619157396733019262339196802152206657889196699256450,0x78f5630bafa15147941daa2fd2926b43febe6af1544cd9d8527b226914f3ca11,9682518067153576122489405729520126083014940106724522567955145436832495666332,SAME_FAMILY:PRESIDENTIAL_RESULT,frozen market_family metadata
peru_first_round,PRE_ELECTION,0xae6d3d20bc8f742922dc40880cd8a8671c10385a9912fa7cd670fba0643dfe96,91464516107556165907566387619157396733019262339196802152206657889196699256450,0x9b14ba5cc37a35c0db2c9849e631d98195670be4a0f91233a81529f22a7a5949,96778993542273611384637311499081700062825144626170214374801025348770797572532,SAME_FAMILY:PRESIDENTIAL_RESULT,frozen market_family metadata
peru_first_round,PRE_ELECTION,0xae6d3d20bc8f742922dc40880cd8a8671c10385a9912fa7cd670fba0643dfe96,91464516107556165907566387619157396733019262339196802152206657889196699256450,0xc4c3dbcc37a957a817599b0bf9fb5bd6b62b19210b0f527fec57cb75c7ed150a,64703998724474008677827057135436893758254552168142785204605792475717308499827,SAME_FAMILY:PRESIDENTIAL_RESULT,frozen market_family metadata
peru_first_round,PRE_ELECTION,0xae6d3d20bc8f742922dc40880cd8a8671c10385a9912fa7cd670fba0643dfe96,91464516107556165907566387619157396733019262339196802152206657889196699256450,0xef61cec575ac7260343e1f0c11900fee12a1f30b521b649eec7663ec5424242a,50243762671512851167282517271037976718384543563492030616749604530990728402798,SAME_FAMILY:PRESIDENTIAL_RESULT,frozen market_family metadata
peru_first_round,PRE_ELECTION,0xc4c3dbcc37a957a817599b0bf9fb5bd6b62b19210b0f527fec57cb75c7ed150a,64703998724474008677827057135436893758254552168142785204605792475717308499827,0x0a10ea4f5d42ac33a29d73b8562f4414f5ea2219afd9da74ba950f7aefe7c630,67856043091363573230826787438476899340717171261331542907088468980307686160535,SAME_FAMILY:PRESIDENTIAL_RESULT,frozen market_family metadata
peru_first_round,PRE_ELECTION,0xc4c3dbcc37a957a817599b0bf9fb5bd6b62b19210b0f527fec57cb75c7ed150a,64703998724474008677827057135436893758254552168142785204605792475717308499827,0x158fdaad572880f8de3d3f00e4d3c2fbbae77108d88c29deb800141928c1e040,4706104298728283330895721401335363991910630839383072913311253715556150302824,SAME_FAMILY:PRESIDENTIAL_RESULT,frozen market_family metadata
peru_first_round,PRE_ELECTION,0xc4c3dbcc37a957a817599b0bf9fb5bd6b62b19210b0f527fec57cb75c7ed150a,64703998724474008677827057135436893758254552168142785204605792475717308499827,0x28d4cee5a4bb01e0a7b1a39f8a23b2af657d9cf06d1e0ed8443c6b09329b9be3,33676951557383894515546393450532412629166294904696420306881965128761881185587,SAME_FAMILY:PRESIDENTIAL_RESULT,frozen market_family metadata
peru_first_round,PRE_ELECTION,0xc4c3dbcc37a957a817599b0bf9fb5bd6b62b19210b0f527fec57cb75c7ed150a,64703998724474008677827057135436893758254552168142785204605792475717308499827,0x2cd24d17f5680dc6e7b7d67c712a223ae85550745597e81bd2d2b8d073443951,40073700561695212653451049120779209383948898865772011302940523990213422296817,SAME_FAMILY:PRESIDENTIAL_RESULT,frozen market_family metadata
peru_first_round,PRE_ELECTION,0xc4c3dbcc37a957a817599b0bf9fb5bd6b62b19210b0f527fec57cb75c7ed150a,64703998724474008677827057135436893758254552168142785204605792475717308499827,0x78f5630bafa15147941daa2fd2926b43febe6af1544cd9d8527b226914f3ca11,9682518067153576122489405729520126083014940106724522567955145436832495666332,SAME_FAMILY:PRESIDENTIAL_RESULT,frozen market_family metadata
peru_first_round,PRE_ELECTION,0xc4c3dbcc37a957a817599b0bf9fb5bd6b62b19210b0f527fec57cb75c7ed150a,64703998724474008677827057135436893758254552168142785204605792475717308499827,0x9b14ba5cc37a35c0db2c9849e631d98195670be4a0f91233a81529f22a7a5949,96778993542273611384637311499081700062825144626170214374801025348770797572532,SAME_FAMILY:PRESIDENTIAL_RESULT,frozen market_family metadata
peru_first_round,PRE_ELECTION,0xc4c3dbcc37a957a817599b0bf9fb5bd6b62b19210b0f527fec57cb75c7ed150a,64703998724474008677827057135436893758254552168142785204605792475717308499827,0xae6d3d20bc8f742922dc40880cd8a8671c10385a9912fa7cd670fba0643dfe96,91464516107556165907566387619157396733019262339196802152206657889196699256450,SAME_FAMILY:PRESIDENTIAL_RESULT,frozen market_family metadata
peru_first_round,PRE_ELECTION,0xc4c3dbcc37a957a817599b0bf9fb5bd6b62b19210b0f527fec57cb75c7ed150a,64703998724474008677827057135436893758254552168142785204605792475717308499827,0xef61cec575ac7260343e1f0c11900fee12a1f30b521b649eec7663ec5424242a,50243762671512851167282517271037976718384543563492030616749604530990728402798,SAME_FAMILY:PRESIDENTIAL_RESULT,frozen market_family metadata
peru_first_round,PRE_ELECTION,0xef61cec575ac7260343e1f0c11900fee12a1f30b521b649eec7663ec5424242a,50243762671512851167282517271037976718384543563492030616749604530990728402798,0x0a10ea4f5d42ac33a29d73b8562f4414f5ea2219afd9da74ba950f7aefe7c630,67856043091363573230826787438476899340717171261331542907088468980307686160535,SAME_FAMILY:PRESIDENTIAL_RESULT,frozen market_family metadata
peru_first_round,PRE_ELECTION,0xef61cec575ac7260343e1f0c11900fee12a1f30b521b649eec7663ec5424242a,50243762671512851167282517271037976718384543563492030616749604530990728402798,0x158fdaad572880f8de3d3f00e4d3c2fbbae77108d88c29deb800141928c1e040,4706104298728283330895721401335363991910630839383072913311253715556150302824,SAME_FAMILY:PRESIDENTIAL_RESULT,frozen market_family metadata
peru_first_round,PRE_ELECTION,0xef61cec575ac7260343e1f0c11900fee12a1f30b521b649eec7663ec5424242a,50243762671512851167282517271037976718384543563492030616749604530990728402798,0x28d4cee5a4bb01e0a7b1a39f8a23b2af657d9cf06d1e0ed8443c6b09329b9be3,33676951557383894515546393450532412629166294904696420306881965128761881185587,SAME_FAMILY:PRESIDENTIAL_RESULT,frozen market_family metadata
peru_first_round,PRE_ELECTION,0xef61cec575ac7260343e1f0c11900fee12a1f30b521b649eec7663ec5424242a,50243762671512851167282517271037976718384543563492030616749604530990728402798,0x2cd24d17f5680dc6e7b7d67c712a223ae85550745597e81bd2d2b8d073443951,40073700561695212653451049120779209383948898865772011302940523990213422296817,SAME_FAMILY:PRESIDENTIAL_RESULT,frozen market_family metadata
peru_first_round,PRE_ELECTION,0xef61cec575ac7260343e1f0c11900fee12a1f30b521b649eec7663ec5424242a,50243762671512851167282517271037976718384543563492030616749604530990728402798,0x78f5630bafa15147941daa2fd2926b43febe6af1544cd9d8527b226914f3ca11,9682518067153576122489405729520126083014940106724522567955145436832495666332,SAME_FAMILY:PRESIDENTIAL_RESULT,frozen market_family metadata
peru_first_round,PRE_ELECTION,0xef61cec575ac7260343e1f0c11900fee12a1f30b521b649eec7663ec5424242a,50243762671512851167282517271037976718384543563492030616749604530990728402798,0x9b14ba5cc37a35c0db2c9849e631d98195670be4a0f91233a81529f22a7a5949,96778993542273611384637311499081700062825144626170214374801025348770797572532,SAME_FAMILY:PRESIDENTIAL_RESULT,frozen market_family metadata
peru_first_round,PRE_ELECTION,0xef61cec575ac7260343e1f0c11900fee12a1f30b521b649eec7663ec5424242a,50243762671512851167282517271037976718384543563492030616749604530990728402798,0xae6d3d20bc8f742922dc40880cd8a8671c10385a9912fa7cd670fba0643dfe96,91464516107556165907566387619157396733019262339196802152206657889196699256450,SAME_FAMILY:PRESIDENTIAL_RESULT,frozen market_family metadata
peru_first_round,PRE_ELECTION,0xef61cec575ac7260343e1f0c11900fee12a1f30b521b649eec7663ec5424242a,50243762671512851167282517271037976718384543563492030616749604530990728402798,0xc4c3dbcc37a957a817599b0bf9fb5bd6b62b19210b0f527fec57cb75c7ed150a,64703998724474008677827057135436893758254552168142785204605792475717308499827,SAME_FAMILY:PRESIDENTIAL_RESULT,frozen market_family metadata
peru_runoff,ACTIVE_RESULTS,0x554542102403f12796b0f8b519adbcd966c12f7ec6652392ef78fb653de4f7bf,35032655183130812673570952719969467635956698944748396282601004870737609580612,0x83b661c9e68dde865ac656f20a57572e7168239445bdbde65ea6665b7a4100e4,74500083728733584148299358961366660865158287035584890847432809281060790985243,SAME_FAMILY:HOUSE_OR_LOWER_CHAMBER,frozen market_family metadata
peru_runoff,ACTIVE_RESULTS,0x83b661c9e68dde865ac656f20a57572e7168239445bdbde65ea6665b7a4100e4,74500083728733584148299358961366660865158287035584890847432809281060790985243,0x554542102403f12796b0f8b519adbcd966c12f7ec6652392ef78fb653de4f7bf,35032655183130812673570952719969467635956698944748396282601004870737609580612,SAME_FAMILY:HOUSE_OR_LOWER_CHAMBER,frozen market_family metadata
peru_runoff,ACTIVE_RESULTS,0x0a10ea4f5d42ac33a29d73b8562f4414f5ea2219afd9da74ba950f7aefe7c630,67856043091363573230826787438476899340717171261331542907088468980307686160535,0x158fdaad572880f8de3d3f00e4d3c2fbbae77108d88c29deb800141928c1e040,4706104298728283330895721401335363991910630839383072913311253715556150302824,SAME_FAMILY:PRESIDENTIAL_RESULT,frozen market_family metadata
peru_runoff,ACTIVE_RESULTS,0x0a10ea4f5d42ac33a29d73b8562f4414f5ea2219afd9da74ba950f7aefe7c630,67856043091363573230826787438476899340717171261331542907088468980307686160535,0x24a454785cac9984fde7736d0d4b37929b7253d527d359f547c909eec89862b9,8379837610125291150489935717882363132642018085406636296823338050741934312045,SAME_FAMILY:PRESIDENTIAL_RESULT,frozen market_family metadata
peru_runoff,ACTIVE_RESULTS,0x0a10ea4f5d42ac33a29d73b8562f4414f5ea2219afd9da74ba950f7aefe7c630,67856043091363573230826787438476899340717171261331542907088468980307686160535,0x28d4cee5a4bb01e0a7b1a39f8a23b2af657d9cf06d1e0ed8443c6b09329b9be3,33676951557383894515546393450532412629166294904696420306881965128761881185587,SAME_FAMILY:PRESIDENTIAL_RESULT,frozen market_family metadata
peru_runoff,ACTIVE_RESULTS,0x0a10ea4f5d42ac33a29d73b8562f4414f5ea2219afd9da74ba950f7aefe7c630,67856043091363573230826787438476899340717171261331542907088468980307686160535,0x2cd24d17f5680dc6e7b7d67c712a223ae85550745597e81bd2d2b8d073443951,40073700561695212653451049120779209383948898865772011302940523990213422296817,SAME_FAMILY:PRESIDENTIAL_RESULT,frozen market_family metadata
peru_runoff,ACTIVE_RESULTS,0x0a10ea4f5d42ac33a29d73b8562f4414f5ea2219afd9da74ba950f7aefe7c630,67856043091363573230826787438476899340717171261331542907088468980307686160535,0x3aec41fee9edc59c2b98d439dba86debe339e35f62ac4cdc8de01ab1a5b93f21,16452855558136653776561048576768137577528096989756809438471103880971273573161,SAME_FAMILY:PRESIDENTIAL_RESULT,frozen market_family metadata
peru_runoff,ACTIVE_RESULTS,0x0a10ea4f5d42ac33a29d73b8562f4414f5ea2219afd9da74ba950f7aefe7c630,67856043091363573230826787438476899340717171261331542907088468980307686160535,0x5e7d3b7cf87325cee6ae6c7417d6e9d7250c4cc2dc912b18ce5cdafba4e6a647,13489012588233322368311367883402374394605806123068707609937025667605598991327,SAME_FAMILY:PRESIDENTIAL_RESULT,frozen market_family metadata
peru_runoff,ACTIVE_RESULTS,0x0a10ea4f5d42ac33a29d73b8562f4414f5ea2219afd9da74ba950f7aefe7c630,67856043091363573230826787438476899340717171261331542907088468980307686160535,0x790d04324ceda5e7fd3b2e62cf043d45b74a9d88921b6b250212d0c9b8ba1afd,79792255824743933242473584104148817428360729889676194064736978155093841181512,SAME_FAMILY:PRESIDENTIAL_RESULT,frozen market_family metadata
peru_runoff,ACTIVE_RESULTS,0x0a10ea4f5d42ac33a29d73b8562f4414f5ea2219afd9da74ba950f7aefe7c630,67856043091363573230826787438476899340717171261331542907088468980307686160535,0x974dcbcce5e8186e0e273065a60675bc17617897c395eca60478d0c49f80718f,101000035200953616880452761567806635979587850958431667672433526557328036615568,SAME_FAMILY:PRESIDENTIAL_RESULT,frozen market_family metadata
peru_runoff,ACTIVE_RESULTS,0x0a10ea4f5d42ac33a29d73b8562f4414f5ea2219afd9da74ba950f7aefe7c630,67856043091363573230826787438476899340717171261331542907088468980307686160535,0x9b14ba5cc37a35c0db2c9849e631d98195670be4a0f91233a81529f22a7a5949,96778993542273611384637311499081700062825144626170214374801025348770797572532,SAME_FAMILY:PRESIDENTIAL_RESULT,frozen market_family metadata
peru_runoff,ACTIVE_RESULTS,0x0a10ea4f5d42ac33a29d73b8562f4414f5ea2219afd9da74ba950f7aefe7c630,67856043091363573230826787438476899340717171261331542907088468980307686160535,0xa61438a389267c7deafc9d04cd6d0dc597d70253eb94702c0f5be458d75719a2,31366905060250352809933074814832465062746377846325454298457938183906229951978,SAME_FAMILY:PRESIDENTIAL_RESULT,frozen market_family metadata
peru_runoff,ACTIVE_RESULTS,0x0a10ea4f5d42ac33a29d73b8562f4414f5ea2219afd9da74ba950f7aefe7c630,67856043091363573230826787438476899340717171261331542907088468980307686160535,0xae6d3d20bc8f742922dc40880cd8a8671c10385a9912fa7cd670fba0643dfe96,91464516107556165907566387619157396733019262339196802152206657889196699256450,SAME_FAMILY:PRESIDENTIAL_RESULT,frozen market_family metadata
peru_runoff,ACTIVE_RESULTS,0x0a10ea4f5d42ac33a29d73b8562f4414f5ea2219afd9da74ba950f7aefe7c630,67856043091363573230826787438476899340717171261331542907088468980307686160535,0xc4c3dbcc37a957a817599b0bf9fb5bd6b62b19210b0f527fec57cb75c7ed150a,64703998724474008677827057135436893758254552168142785204605792475717308499827,SAME_FAMILY:PRESIDENTIAL_RESULT,frozen market_family metadata
peru_runoff,ACTIVE_RESULTS,0x0a10ea4f5d42ac33a29d73b8562f4414f5ea2219afd9da74ba950f7aefe7c630,67856043091363573230826787438476899340717171261331542907088468980307686160535,0xd149b38c9da6bacbdc0068b579f8d255196f8c2ed6a5df67f5f3064dd00733e9,88830008994939255030108226010888813127369861666100484617000813260227025912888,SAME_FAMILY:PRESIDENTIAL_RESULT,frozen market_family metadata
peru_runoff,ACTIVE_RESULTS,0x0a10ea4f5d42ac33a29d73b8562f4414f5ea2219afd9da74ba950f7aefe7c630,67856043091363573230826787438476899340717171261331542907088468980307686160535,0xef61cec575ac7260343e1f0c11900fee12a1f30b521b649eec7663ec5424242a,50243762671512851167282517271037976718384543563492030616749604530990728402798,SAME_FAMILY:PRESIDENTIAL_RESULT,frozen market_family metadata
peru_runoff,ACTIVE_RESULTS,0x158fdaad572880f8de3d3f00e4d3c2fbbae77108d88c29deb800141928c1e040,4706104298728283330895721401335363991910630839383072913311253715556150302824,0x0a10ea4f5d42ac33a29d73b8562f4414f5ea2219afd9da74ba950f7aefe7c630,67856043091363573230826787438476899340717171261331542907088468980307686160535,SAME_FAMILY:PRESIDENTIAL_RESULT,frozen market_family metadata
peru_runoff,ACTIVE_RESULTS,0x158fdaad572880f8de3d3f00e4d3c2fbbae77108d88c29deb800141928c1e040,4706104298728283330895721401335363991910630839383072913311253715556150302824,0x24a454785cac9984fde7736d0d4b37929b7253d527d359f547c909eec89862b9,8379837610125291150489935717882363132642018085406636296823338050741934312045,SAME_FAMILY:PRESIDENTIAL_RESULT,frozen market_family metadata
peru_runoff,ACTIVE_RESULTS,0x158fdaad572880f8de3d3f00e4d3c2fbbae77108d88c29deb800141928c1e040,4706104298728283330895721401335363991910630839383072913311253715556150302824,0x28d4cee5a4bb01e0a7b1a39f8a23b2af657d9cf06d1e0ed8443c6b09329b9be3,33676951557383894515546393450532412629166294904696420306881965128761881185587,SAME_FAMILY:PRESIDENTIAL_RESULT,frozen market_family metadata
peru_runoff,ACTIVE_RESULTS,0x158fdaad572880f8de3d3f00e4d3c2fbbae77108d88c29deb800141928c1e040,4706104298728283330895721401335363991910630839383072913311253715556150302824,0x2cd24d17f5680dc6e7b7d67c712a223ae85550745597e81bd2d2b8d073443951,40073700561695212653451049120779209383948898865772011302940523990213422296817,SAME_FAMILY:PRESIDENTIAL_RESULT,frozen market_family metadata
peru_runoff,ACTIVE_RESULTS,0x158fdaad572880f8de3d3f00e4d3c2fbbae77108d88c29deb800141928c1e040,4706104298728283330895721401335363991910630839383072913311253715556150302824,0x3aec41fee9edc59c2b98d439dba86debe339e35f62ac4cdc8de01ab1a5b93f21,16452855558136653776561048576768137577528096989756809438471103880971273573161,SAME_FAMILY:PRESIDENTIAL_RESULT,frozen market_family metadata
peru_runoff,ACTIVE_RESULTS,0x158fdaad572880f8de3d3f00e4d3c2fbbae77108d88c29deb800141928c1e040,4706104298728283330895721401335363991910630839383072913311253715556150302824,0x5e7d3b7cf87325cee6ae6c7417d6e9d7250c4cc2dc912b18ce5cdafba4e6a647,13489012588233322368311367883402374394605806123068707609937025667605598991327,SAME_FAMILY:PRESIDENTIAL_RESULT,frozen market_family metadata
peru_runoff,ACTIVE_RESULTS,0x158fdaad572880f8de3d3f00e4d3c2fbbae77108d88c29deb800141928c1e040,4706104298728283330895721401335363991910630839383072913311253715556150302824,0x790d04324ceda5e7fd3b2e62cf043d45b74a9d88921b6b250212d0c9b8ba1afd,79792255824743933242473584104148817428360729889676194064736978155093841181512,SAME_FAMILY:PRESIDENTIAL_RESULT,frozen market_family metadata
peru_runoff,ACTIVE_RESULTS,0x158fdaad572880f8de3d3f00e4d3c2fbbae77108d88c29deb800141928c1e040,4706104298728283330895721401335363991910630839383072913311253715556150302824,0x974dcbcce5e8186e0e273065a60675bc17617897c395eca60478d0c49f80718f,101000035200953616880452761567806635979587850958431667672433526557328036615568,SAME_FAMILY:PRESIDENTIAL_RESULT,frozen market_family metadata
peru_runoff,ACTIVE_RESULTS,0x158fdaad572880f8de3d3f00e4d3c2fbbae77108d88c29deb800141928c1e040,4706104298728283330895721401335363991910630839383072913311253715556150302824,0x9b14ba5cc37a35c0db2c9849e631d98195670be4a0f91233a81529f22a7a5949,96778993542273611384637311499081700062825144626170214374801025348770797572532,SAME_FAMILY:PRESIDENTIAL_RESULT,frozen market_family metadata
peru_runoff,ACTIVE_RESULTS,0x158fdaad572880f8de3d3f00e4d3c2fbbae77108d88c29deb800141928c1e040,4706104298728283330895721401335363991910630839383072913311253715556150302824,0xa61438a389267c7deafc9d04cd6d0dc597d70253eb94702c0f5be458d75719a2,31366905060250352809933074814832465062746377846325454298457938183906229951978,SAME_FAMILY:PRESIDENTIAL_RESULT,frozen market_family metadata
peru_runoff,ACTIVE_RESULTS,0x158fdaad572880f8de3d3f00e4d3c2fbbae77108d88c29deb800141928c1e040,4706104298728283330895721401335363991910630839383072913311253715556150302824,0xae6d3d20bc8f742922dc40880cd8a8671c10385a9912fa7cd670fba0643dfe96,91464516107556165907566387619157396733019262339196802152206657889196699256450,SAME_FAMILY:PRESIDENTIAL_RESULT,frozen market_family metadata
peru_runoff,ACTIVE_RESULTS,0x158fdaad572880f8de3d3f00e4d3c2fbbae77108d88c29deb800141928c1e040,4706104298728283330895721401335363991910630839383072913311253715556150302824,0xc4c3dbcc37a957a817599b0bf9fb5bd6b62b19210b0f527fec57cb75c7ed150a,64703998724474008677827057135436893758254552168142785204605792475717308499827,SAME_FAMILY:PRESIDENTIAL_RESULT,frozen market_family metadata
peru_runoff,ACTIVE_RESULTS,0x158fdaad572880f8de3d3f00e4d3c2fbbae77108d88c29deb800141928c1e040,4706104298728283330895721401335363991910630839383072913311253715556150302824,0xd149b38c9da6bacbdc0068b579f8d255196f8c2ed6a5df67f5f3064dd00733e9,88830008994939255030108226010888813127369861666100484617000813260227025912888,SAME_FAMILY:PRESIDENTIAL_RESULT,frozen market_family metadata
peru_runoff,ACTIVE_RESULTS,0x158fdaad572880f8de3d3f00e4d3c2fbbae77108d88c29deb800141928c1e040,4706104298728283330895721401335363991910630839383072913311253715556150302824,0xef61cec575ac7260343e1f0c11900fee12a1f30b521b649eec7663ec5424242a,50243762671512851167282517271037976718384543563492030616749604530990728402798,SAME_FAMILY:PRESIDENTIAL_RESULT,frozen market_family metadata
peru_runoff,ACTIVE_RESULTS,0x24a454785cac9984fde7736d0d4b37929b7253d527d359f547c909eec89862b9,8379837610125291150489935717882363132642018085406636296823338050741934312045,0x0a10ea4f5d42ac33a29d73b8562f4414f5ea2219afd9da74ba950f7aefe7c630,67856043091363573230826787438476899340717171261331542907088468980307686160535,SAME_FAMILY:PRESIDENTIAL_RESULT,frozen market_family metadata
peru_runoff,ACTIVE_RESULTS,0x24a454785cac9984fde7736d0d4b37929b7253d527d359f547c909eec89862b9,8379837610125291150489935717882363132642018085406636296823338050741934312045,0x158fdaad572880f8de3d3f00e4d3c2fbbae77108d88c29deb800141928c1e040,4706104298728283330895721401335363991910630839383072913311253715556150302824,SAME_FAMILY:PRESIDENTIAL_RESULT,frozen market_family metadata
peru_runoff,ACTIVE_RESULTS,0x24a454785cac9984fde7736d0d4b37929b7253d527d359f547c909eec89862b9,8379837610125291150489935717882363132642018085406636296823338050741934312045,0x28d4cee5a4bb01e0a7b1a39f8a23b2af657d9cf06d1e0ed8443c6b09329b9be3,33676951557383894515546393450532412629166294904696420306881965128761881185587,SAME_FAMILY:PRESIDENTIAL_RESULT,frozen market_family metadata
peru_runoff,ACTIVE_RESULTS,0x24a454785cac9984fde7736d0d4b37929b7253d527d359f547c909eec89862b9,8379837610125291150489935717882363132642018085406636296823338050741934312045,0x2cd24d17f5680dc6e7b7d67c712a223ae85550745597e81bd2d2b8d073443951,40073700561695212653451049120779209383948898865772011302940523990213422296817,SAME_FAMILY:PRESIDENTIAL_RESULT,frozen market_family metadata
peru_runoff,ACTIVE_RESULTS,0x24a454785cac9984fde7736d0d4b37929b7253d527d359f547c909eec89862b9,8379837610125291150489935717882363132642018085406636296823338050741934312045,0x3aec41fee9edc59c2b98d439dba86debe339e35f62ac4cdc8de01ab1a5b93f21,16452855558136653776561048576768137577528096989756809438471103880971273573161,SAME_FAMILY:PRESIDENTIAL_RESULT,frozen market_family metadata
peru_runoff,ACTIVE_RESULTS,0x24a454785cac9984fde7736d0d4b37929b7253d527d359f547c909eec89862b9,8379837610125291150489935717882363132642018085406636296823338050741934312045,0x5e7d3b7cf87325cee6ae6c7417d6e9d7250c4cc2dc912b18ce5cdafba4e6a647,13489012588233322368311367883402374394605806123068707609937025667605598991327,SAME_FAMILY:PRESIDENTIAL_RESULT,frozen market_family metadata
peru_runoff,ACTIVE_RESULTS,0x24a454785cac9984fde7736d0d4b37929b7253d527d359f547c909eec89862b9,8379837610125291150489935717882363132642018085406636296823338050741934312045,0x790d04324ceda5e7fd3b2e62cf043d45b74a9d88921b6b250212d0c9b8ba1afd,79792255824743933242473584104148817428360729889676194064736978155093841181512,SAME_FAMILY:PRESIDENTIAL_RESULT,frozen market_family metadata
peru_runoff,ACTIVE_RESULTS,0x24a454785cac9984fde7736d0d4b37929b7253d527d359f547c909eec89862b9,8379837610125291150489935717882363132642018085406636296823338050741934312045,0x974dcbcce5e8186e0e273065a60675bc17617897c395eca60478d0c49f80718f,101000035200953616880452761567806635979587850958431667672433526557328036615568,SAME_FAMILY:PRESIDENTIAL_RESULT,frozen market_family metadata
peru_runoff,ACTIVE_RESULTS,0x24a454785cac9984fde7736d0d4b37929b7253d527d359f547c909eec89862b9,8379837610125291150489935717882363132642018085406636296823338050741934312045,0x9b14ba5cc37a35c0db2c9849e631d98195670be4a0f91233a81529f22a7a5949,96778993542273611384637311499081700062825144626170214374801025348770797572532,SAME_FAMILY:PRESIDENTIAL_RESULT,frozen market_family metadata
peru_runoff,ACTIVE_RESULTS,0x24a454785cac9984fde7736d0d4b37929b7253d527d359f547c909eec89862b9,8379837610125291150489935717882363132642018085406636296823338050741934312045,0xa61438a389267c7deafc9d04cd6d0dc597d70253eb94702c0f5be458d75719a2,31366905060250352809933074814832465062746377846325454298457938183906229951978,SAME_FAMILY:PRESIDENTIAL_RESULT,frozen market_family metadata
peru_runoff,ACTIVE_RESULTS,0x24a454785cac9984fde7736d0d4b37929b7253d527d359f547c909eec89862b9,8379837610125291150489935717882363132642018085406636296823338050741934312045,0xae6d3d20bc8f742922dc40880cd8a8671c10385a9912fa7cd670fba0643dfe96,91464516107556165907566387619157396733019262339196802152206657889196699256450,SAME_FAMILY:PRESIDENTIAL_RESULT,frozen market_family metadata
peru_runoff,ACTIVE_RESULTS,0x24a454785cac9984fde7736d0d4b37929b7253d527d359f547c909eec89862b9,8379837610125291150489935717882363132642018085406636296823338050741934312045,0xc4c3dbcc37a957a817599b0bf9fb5bd6b62b19210b0f527fec57cb75c7ed150a,64703998724474008677827057135436893758254552168142785204605792475717308499827,SAME_FAMILY:PRESIDENTIAL_RESULT,frozen market_family metadata
peru_runoff,ACTIVE_RESULTS,0x24a454785cac9984fde7736d0d4b37929b7253d527d359f547c909eec89862b9,8379837610125291150489935717882363132642018085406636296823338050741934312045,0xd149b38c9da6bacbdc0068b579f8d255196f8c2ed6a5df67f5f3064dd00733e9,88830008994939255030108226010888813127369861666100484617000813260227025912888,SAME_FAMILY:PRESIDENTIAL_RESULT,frozen market_family metadata
peru_runoff,ACTIVE_RESULTS,0x24a454785cac9984fde7736d0d4b37929b7253d527d359f547c909eec89862b9,8379837610125291150489935717882363132642018085406636296823338050741934312045,0xef61cec575ac7260343e1f0c11900fee12a1f30b521b649eec7663ec5424242a,50243762671512851167282517271037976718384543563492030616749604530990728402798,SAME_FAMILY:PRESIDENTIAL_RESULT,frozen market_family metadata
peru_runoff,ACTIVE_RESULTS,0x28d4cee5a4bb01e0a7b1a39f8a23b2af657d9cf06d1e0ed8443c6b09329b9be3,33676951557383894515546393450532412629166294904696420306881965128761881185587,0x0a10ea4f5d42ac33a29d73b8562f4414f5ea2219afd9da74ba950f7aefe7c630,67856043091363573230826787438476899340717171261331542907088468980307686160535,SAME_FAMILY:PRESIDENTIAL_RESULT,frozen market_family metadata
peru_runoff,ACTIVE_RESULTS,0x28d4cee5a4bb01e0a7b1a39f8a23b2af657d9cf06d1e0ed8443c6b09329b9be3,33676951557383894515546393450532412629166294904696420306881965128761881185587,0x158fdaad572880f8de3d3f00e4d3c2fbbae77108d88c29deb800141928c1e040,4706104298728283330895721401335363991910630839383072913311253715556150302824,SAME_FAMILY:PRESIDENTIAL_RESULT,frozen market_family metadata
peru_runoff,ACTIVE_RESULTS,0x28d4cee5a4bb01e0a7b1a39f8a23b2af657d9cf06d1e0ed8443c6b09329b9be3,33676951557383894515546393450532412629166294904696420306881965128761881185587,0x24a454785cac9984fde7736d0d4b37929b7253d527d359f547c909eec89862b9,8379837610125291150489935717882363132642018085406636296823338050741934312045,SAME_FAMILY:PRESIDENTIAL_RESULT,frozen market_family metadata
peru_runoff,ACTIVE_RESULTS,0x28d4cee5a4bb01e0a7b1a39f8a23b2af657d9cf06d1e0ed8443c6b09329b9be3,33676951557383894515546393450532412629166294904696420306881965128761881185587,0x2cd24d17f5680dc6e7b7d67c712a223ae85550745597e81bd2d2b8d073443951,40073700561695212653451049120779209383948898865772011302940523990213422296817,SAME_FAMILY:PRESIDENTIAL_RESULT,frozen market_family metadata
peru_runoff,ACTIVE_RESULTS,0x28d4cee5a4bb01e0a7b1a39f8a23b2af657d9cf06d1e0ed8443c6b09329b9be3,33676951557383894515546393450532412629166294904696420306881965128761881185587,0x3aec41fee9edc59c2b98d439dba86debe339e35f62ac4cdc8de01ab1a5b93f21,16452855558136653776561048576768137577528096989756809438471103880971273573161,SAME_FAMILY:PRESIDENTIAL_RESULT,frozen market_family metadata
peru_runoff,ACTIVE_RESULTS,0x28d4cee5a4bb01e0a7b1a39f8a23b2af657d9cf06d1e0ed8443c6b09329b9be3,33676951557383894515546393450532412629166294904696420306881965128761881185587,0x5e7d3b7cf87325cee6ae6c7417d6e9d7250c4cc2dc912b18ce5cdafba4e6a647,13489012588233322368311367883402374394605806123068707609937025667605598991327,SAME_FAMILY:PRESIDENTIAL_RESULT,frozen market_family metadata
peru_runoff,ACTIVE_RESULTS,0x28d4cee5a4bb01e0a7b1a39f8a23b2af657d9cf06d1e0ed8443c6b09329b9be3,33676951557383894515546393450532412629166294904696420306881965128761881185587,0x790d04324ceda5e7fd3b2e62cf043d45b74a9d88921b6b250212d0c9b8ba1afd,79792255824743933242473584104148817428360729889676194064736978155093841181512,SAME_FAMILY:PRESIDENTIAL_RESULT,frozen market_family metadata
peru_runoff,ACTIVE_RESULTS,0x28d4cee5a4bb01e0a7b1a39f8a23b2af657d9cf06d1e0ed8443c6b09329b9be3,33676951557383894515546393450532412629166294904696420306881965128761881185587,0x974dcbcce5e8186e0e273065a60675bc17617897c395eca60478d0c49f80718f,101000035200953616880452761567806635979587850958431667672433526557328036615568,SAME_FAMILY:PRESIDENTIAL_RESULT,frozen market_family metadata
peru_runoff,ACTIVE_RESULTS,0x28d4cee5a4bb01e0a7b1a39f8a23b2af657d9cf06d1e0ed8443c6b09329b9be3,33676951557383894515546393450532412629166294904696420306881965128761881185587,0x9b14ba5cc37a35c0db2c9849e631d98195670be4a0f91233a81529f22a7a5949,96778993542273611384637311499081700062825144626170214374801025348770797572532,SAME_FAMILY:PRESIDENTIAL_RESULT,frozen market_family metadata
peru_runoff,ACTIVE_RESULTS,0x28d4cee5a4bb01e0a7b1a39f8a23b2af657d9cf06d1e0ed8443c6b09329b9be3,33676951557383894515546393450532412629166294904696420306881965128761881185587,0xa61438a389267c7deafc9d04cd6d0dc597d70253eb94702c0f5be458d75719a2,31366905060250352809933074814832465062746377846325454298457938183906229951978,SAME_FAMILY:PRESIDENTIAL_RESULT,frozen market_family metadata
peru_runoff,ACTIVE_RESULTS,0x28d4cee5a4bb01e0a7b1a39f8a23b2af657d9cf06d1e0ed8443c6b09329b9be3,33676951557383894515546393450532412629166294904696420306881965128761881185587,0xae6d3d20bc8f742922dc40880cd8a8671c10385a9912fa7cd670fba0643dfe96,91464516107556165907566387619157396733019262339196802152206657889196699256450,SAME_FAMILY:PRESIDENTIAL_RESULT,frozen market_family metadata
peru_runoff,ACTIVE_RESULTS,0x28d4cee5a4bb01e0a7b1a39f8a23b2af657d9cf06d1e0ed8443c6b09329b9be3,33676951557383894515546393450532412629166294904696420306881965128761881185587,0xc4c3dbcc37a957a817599b0bf9fb5bd6b62b19210b0f527fec57cb75c7ed150a,64703998724474008677827057135436893758254552168142785204605792475717308499827,SAME_FAMILY:PRESIDENTIAL_RESULT,frozen market_family metadata
peru_runoff,ACTIVE_RESULTS,0x28d4cee5a4bb01e0a7b1a39f8a23b2af657d9cf06d1e0ed8443c6b09329b9be3,33676951557383894515546393450532412629166294904696420306881965128761881185587,0xd149b38c9da6bacbdc0068b579f8d255196f8c2ed6a5df67f5f3064dd00733e9,88830008994939255030108226010888813127369861666100484617000813260227025912888,SAME_FAMILY:PRESIDENTIAL_RESULT,frozen market_family metadata
peru_runoff,ACTIVE_RESULTS,0x28d4cee5a4bb01e0a7b1a39f8a23b2af657d9cf06d1e0ed8443c6b09329b9be3,33676951557383894515546393450532412629166294904696420306881965128761881185587,0xef61cec575ac7260343e1f0c11900fee12a1f30b521b649eec7663ec5424242a,50243762671512851167282517271037976718384543563492030616749604530990728402798,SAME_FAMILY:PRESIDENTIAL_RESULT,frozen market_family metadata
peru_runoff,ACTIVE_RESULTS,0x2cd24d17f5680dc6e7b7d67c712a223ae85550745597e81bd2d2b8d073443951,40073700561695212653451049120779209383948898865772011302940523990213422296817,0x0a10ea4f5d42ac33a29d73b8562f4414f5ea2219afd9da74ba950f7aefe7c630,67856043091363573230826787438476899340717171261331542907088468980307686160535,SAME_FAMILY:PRESIDENTIAL_RESULT,frozen market_family metadata
peru_runoff,ACTIVE_RESULTS,0x2cd24d17f5680dc6e7b7d67c712a223ae85550745597e81bd2d2b8d073443951,40073700561695212653451049120779209383948898865772011302940523990213422296817,0x158fdaad572880f8de3d3f00e4d3c2fbbae77108d88c29deb800141928c1e040,4706104298728283330895721401335363991910630839383072913311253715556150302824,SAME_FAMILY:PRESIDENTIAL_RESULT,frozen market_family metadata
peru_runoff,ACTIVE_RESULTS,0x2cd24d17f5680dc6e7b7d67c712a223ae85550745597e81bd2d2b8d073443951,40073700561695212653451049120779209383948898865772011302940523990213422296817,0x24a454785cac9984fde7736d0d4b37929b7253d527d359f547c909eec89862b9,8379837610125291150489935717882363132642018085406636296823338050741934312045,SAME_FAMILY:PRESIDENTIAL_RESULT,frozen market_family metadata
peru_runoff,ACTIVE_RESULTS,0x2cd24d17f5680dc6e7b7d67c712a223ae85550745597e81bd2d2b8d073443951,40073700561695212653451049120779209383948898865772011302940523990213422296817,0x28d4cee5a4bb01e0a7b1a39f8a23b2af657d9cf06d1e0ed8443c6b09329b9be3,33676951557383894515546393450532412629166294904696420306881965128761881185587,SAME_FAMILY:PRESIDENTIAL_RESULT,frozen market_family metadata
peru_runoff,ACTIVE_RESULTS,0x2cd24d17f5680dc6e7b7d67c712a223ae85550745597e81bd2d2b8d073443951,40073700561695212653451049120779209383948898865772011302940523990213422296817,0x3aec41fee9edc59c2b98d439dba86debe339e35f62ac4cdc8de01ab1a5b93f21,16452855558136653776561048576768137577528096989756809438471103880971273573161,SAME_FAMILY:PRESIDENTIAL_RESULT,frozen market_family metadata
peru_runoff,ACTIVE_RESULTS,0x2cd24d17f5680dc6e7b7d67c712a223ae85550745597e81bd2d2b8d073443951,40073700561695212653451049120779209383948898865772011302940523990213422296817,0x5e7d3b7cf87325cee6ae6c7417d6e9d7250c4cc2dc912b18ce5cdafba4e6a647,13489012588233322368311367883402374394605806123068707609937025667605598991327,SAME_FAMILY:PRESIDENTIAL_RESULT,frozen market_family metadata
peru_runoff,ACTIVE_RESULTS,0x2cd24d17f5680dc6e7b7d67c712a223ae85550745597e81bd2d2b8d073443951,40073700561695212653451049120779209383948898865772011302940523990213422296817,0x790d04324ceda5e7fd3b2e62cf043d45b74a9d88921b6b250212d0c9b8ba1afd,79792255824743933242473584104148817428360729889676194064736978155093841181512,SAME_FAMILY:PRESIDENTIAL_RESULT,frozen market_family metadata
peru_runoff,ACTIVE_RESULTS,0x2cd24d17f5680dc6e7b7d67c712a223ae85550745597e81bd2d2b8d073443951,40073700561695212653451049120779209383948898865772011302940523990213422296817,0x974dcbcce5e8186e0e273065a60675bc17617897c395eca60478d0c49f80718f,101000035200953616880452761567806635979587850958431667672433526557328036615568,SAME_FAMILY:PRESIDENTIAL_RESULT,frozen market_family metadata
peru_runoff,ACTIVE_RESULTS,0x2cd24d17f5680dc6e7b7d67c712a223ae85550745597e81bd2d2b8d073443951,40073700561695212653451049120779209383948898865772011302940523990213422296817,0x9b14ba5cc37a35c0db2c9849e631d98195670be4a0f91233a81529f22a7a5949,96778993542273611384637311499081700062825144626170214374801025348770797572532,SAME_FAMILY:PRESIDENTIAL_RESULT,frozen market_family metadata
peru_runoff,ACTIVE_RESULTS,0x2cd24d17f5680dc6e7b7d67c712a223ae85550745597e81bd2d2b8d073443951,40073700561695212653451049120779209383948898865772011302940523990213422296817,0xa61438a389267c7deafc9d04cd6d0dc597d70253eb94702c0f5be458d75719a2,31366905060250352809933074814832465062746377846325454298457938183906229951978,SAME_FAMILY:PRESIDENTIAL_RESULT,frozen market_family metadata
peru_runoff,ACTIVE_RESULTS,0x2cd24d17f5680dc6e7b7d67c712a223ae85550745597e81bd2d2b8d073443951,40073700561695212653451049120779209383948898865772011302940523990213422296817,0xae6d3d20bc8f742922dc40880cd8a8671c10385a9912fa7cd670fba0643dfe96,91464516107556165907566387619157396733019262339196802152206657889196699256450,SAME_FAMILY:PRESIDENTIAL_RESULT,frozen market_family metadata
peru_runoff,ACTIVE_RESULTS,0x2cd24d17f5680dc6e7b7d67c712a223ae85550745597e81bd2d2b8d073443951,40073700561695212653451049120779209383948898865772011302940523990213422296817,0xc4c3dbcc37a957a817599b0bf9fb5bd6b62b19210b0f527fec57cb75c7ed150a,64703998724474008677827057135436893758254552168142785204605792475717308499827,SAME_FAMILY:PRESIDENTIAL_RESULT,frozen market_family metadata
peru_runoff,ACTIVE_RESULTS,0x2cd24d17f5680dc6e7b7d67c712a223ae85550745597e81bd2d2b8d073443951,40073700561695212653451049120779209383948898865772011302940523990213422296817,0xd149b38c9da6bacbdc0068b579f8d255196f8c2ed6a5df67f5f3064dd00733e9,88830008994939255030108226010888813127369861666100484617000813260227025912888,SAME_FAMILY:PRESIDENTIAL_RESULT,frozen market_family metadata
peru_runoff,ACTIVE_RESULTS,0x2cd24d17f5680dc6e7b7d67c712a223ae85550745597e81bd2d2b8d073443951,40073700561695212653451049120779209383948898865772011302940523990213422296817,0xef61cec575ac7260343e1f0c11900fee12a1f30b521b649eec7663ec5424242a,50243762671512851167282517271037976718384543563492030616749604530990728402798,SAME_FAMILY:PRESIDENTIAL_RESULT,frozen market_family metadata
peru_runoff,ACTIVE_RESULTS,0x3aec41fee9edc59c2b98d439dba86debe339e35f62ac4cdc8de01ab1a5b93f21,16452855558136653776561048576768137577528096989756809438471103880971273573161,0x0a10ea4f5d42ac33a29d73b8562f4414f5ea2219afd9da74ba950f7aefe7c630,67856043091363573230826787438476899340717171261331542907088468980307686160535,SAME_FAMILY:PRESIDENTIAL_RESULT,frozen market_family metadata
peru_runoff,ACTIVE_RESULTS,0x3aec41fee9edc59c2b98d439dba86debe339e35f62ac4cdc8de01ab1a5b93f21,16452855558136653776561048576768137577528096989756809438471103880971273573161,0x158fdaad572880f8de3d3f00e4d3c2fbbae77108d88c29deb800141928c1e040,4706104298728283330895721401335363991910630839383072913311253715556150302824,SAME_FAMILY:PRESIDENTIAL_RESULT,frozen market_family metadata
peru_runoff,ACTIVE_RESULTS,0x3aec41fee9edc59c2b98d439dba86debe339e35f62ac4cdc8de01ab1a5b93f21,16452855558136653776561048576768137577528096989756809438471103880971273573161,0x24a454785cac9984fde7736d0d4b37929b7253d527d359f547c909eec89862b9,8379837610125291150489935717882363132642018085406636296823338050741934312045,SAME_FAMILY:PRESIDENTIAL_RESULT,frozen market_family metadata
peru_runoff,ACTIVE_RESULTS,0x3aec41fee9edc59c2b98d439dba86debe339e35f62ac4cdc8de01ab1a5b93f21,16452855558136653776561048576768137577528096989756809438471103880971273573161,0x28d4cee5a4bb01e0a7b1a39f8a23b2af657d9cf06d1e0ed8443c6b09329b9be3,33676951557383894515546393450532412629166294904696420306881965128761881185587,SAME_FAMILY:PRESIDENTIAL_RESULT,frozen market_family metadata
peru_runoff,ACTIVE_RESULTS,0x3aec41fee9edc59c2b98d439dba86debe339e35f62ac4cdc8de01ab1a5b93f21,16452855558136653776561048576768137577528096989756809438471103880971273573161,0x2cd24d17f5680dc6e7b7d67c712a223ae85550745597e81bd2d2b8d073443951,40073700561695212653451049120779209383948898865772011302940523990213422296817,SAME_FAMILY:PRESIDENTIAL_RESULT,frozen market_family metadata
peru_runoff,ACTIVE_RESULTS,0x3aec41fee9edc59c2b98d439dba86debe339e35f62ac4cdc8de01ab1a5b93f21,16452855558136653776561048576768137577528096989756809438471103880971273573161,0x5e7d3b7cf87325cee6ae6c7417d6e9d7250c4cc2dc912b18ce5cdafba4e6a647,13489012588233322368311367883402374394605806123068707609937025667605598991327,SAME_FAMILY:PRESIDENTIAL_RESULT,frozen market_family metadata
peru_runoff,ACTIVE_RESULTS,0x3aec41fee9edc59c2b98d439dba86debe339e35f62ac4cdc8de01ab1a5b93f21,16452855558136653776561048576768137577528096989756809438471103880971273573161,0x790d04324ceda5e7fd3b2e62cf043d45b74a9d88921b6b250212d0c9b8ba1afd,79792255824743933242473584104148817428360729889676194064736978155093841181512,SAME_FAMILY:PRESIDENTIAL_RESULT,frozen market_family metadata
peru_runoff,ACTIVE_RESULTS,0x3aec41fee9edc59c2b98d439dba86debe339e35f62ac4cdc8de01ab1a5b93f21,16452855558136653776561048576768137577528096989756809438471103880971273573161,0x974dcbcce5e8186e0e273065a60675bc17617897c395eca60478d0c49f80718f,101000035200953616880452761567806635979587850958431667672433526557328036615568,SAME_FAMILY:PRESIDENTIAL_RESULT,frozen market_family metadata
peru_runoff,ACTIVE_RESULTS,0x3aec41fee9edc59c2b98d439dba86debe339e35f62ac4cdc8de01ab1a5b93f21,16452855558136653776561048576768137577528096989756809438471103880971273573161,0x9b14ba5cc37a35c0db2c9849e631d98195670be4a0f91233a81529f22a7a5949,96778993542273611384637311499081700062825144626170214374801025348770797572532,SAME_FAMILY:PRESIDENTIAL_RESULT,frozen market_family metadata
peru_runoff,ACTIVE_RESULTS,0x3aec41fee9edc59c2b98d439dba86debe339e35f62ac4cdc8de01ab1a5b93f21,16452855558136653776561048576768137577528096989756809438471103880971273573161,0xa61438a389267c7deafc9d04cd6d0dc597d70253eb94702c0f5be458d75719a2,31366905060250352809933074814832465062746377846325454298457938183906229951978,SAME_FAMILY:PRESIDENTIAL_RESULT,frozen market_family metadata
peru_runoff,ACTIVE_RESULTS,0x3aec41fee9edc59c2b98d439dba86debe339e35f62ac4cdc8de01ab1a5b93f21,16452855558136653776561048576768137577528096989756809438471103880971273573161,0xae6d3d20bc8f742922dc40880cd8a8671c10385a9912fa7cd670fba0643dfe96,91464516107556165907566387619157396733019262339196802152206657889196699256450,SAME_FAMILY:PRESIDENTIAL_RESULT,frozen market_family metadata
peru_runoff,ACTIVE_RESULTS,0x3aec41fee9edc59c2b98d439dba86debe339e35f62ac4cdc8de01ab1a5b93f21,16452855558136653776561048576768137577528096989756809438471103880971273573161,0xc4c3dbcc37a957a817599b0bf9fb5bd6b62b19210b0f527fec57cb75c7ed150a,64703998724474008677827057135436893758254552168142785204605792475717308499827,SAME_FAMILY:PRESIDENTIAL_RESULT,frozen market_family metadata
peru_runoff,ACTIVE_RESULTS,0x3aec41fee9edc59c2b98d439dba86debe339e35f62ac4cdc8de01ab1a5b93f21,16452855558136653776561048576768137577528096989756809438471103880971273573161,0xd149b38c9da6bacbdc0068b579f8d255196f8c2ed6a5df67f5f3064dd00733e9,88830008994939255030108226010888813127369861666100484617000813260227025912888,SAME_FAMILY:PRESIDENTIAL_RESULT,frozen market_family metadata
peru_runoff,ACTIVE_RESULTS,0x3aec41fee9edc59c2b98d439dba86debe339e35f62ac4cdc8de01ab1a5b93f21,16452855558136653776561048576768137577528096989756809438471103880971273573161,0xef61cec575ac7260343e1f0c11900fee12a1f30b521b649eec7663ec5424242a,50243762671512851167282517271037976718384543563492030616749604530990728402798,SAME_FAMILY:PRESIDENTIAL_RESULT,frozen market_family metadata
peru_runoff,ACTIVE_RESULTS,0x5e7d3b7cf87325cee6ae6c7417d6e9d7250c4cc2dc912b18ce5cdafba4e6a647,13489012588233322368311367883402374394605806123068707609937025667605598991327,0x0a10ea4f5d42ac33a29d73b8562f4414f5ea2219afd9da74ba950f7aefe7c630,67856043091363573230826787438476899340717171261331542907088468980307686160535,SAME_FAMILY:PRESIDENTIAL_RESULT,frozen market_family metadata
peru_runoff,ACTIVE_RESULTS,0x5e7d3b7cf87325cee6ae6c7417d6e9d7250c4cc2dc912b18ce5cdafba4e6a647,13489012588233322368311367883402374394605806123068707609937025667605598991327,0x158fdaad572880f8de3d3f00e4d3c2fbbae77108d88c29deb800141928c1e040,4706104298728283330895721401335363991910630839383072913311253715556150302824,SAME_FAMILY:PRESIDENTIAL_RESULT,frozen market_family metadata
peru_runoff,ACTIVE_RESULTS,0x5e7d3b7cf87325cee6ae6c7417d6e9d7250c4cc2dc912b18ce5cdafba4e6a647,13489012588233322368311367883402374394605806123068707609937025667605598991327,0x24a454785cac9984fde7736d0d4b37929b7253d527d359f547c909eec89862b9,8379837610125291150489935717882363132642018085406636296823338050741934312045,SAME_FAMILY:PRESIDENTIAL_RESULT,frozen market_family metadata
peru_runoff,ACTIVE_RESULTS,0x5e7d3b7cf87325cee6ae6c7417d6e9d7250c4cc2dc912b18ce5cdafba4e6a647,13489012588233322368311367883402374394605806123068707609937025667605598991327,0x28d4cee5a4bb01e0a7b1a39f8a23b2af657d9cf06d1e0ed8443c6b09329b9be3,33676951557383894515546393450532412629166294904696420306881965128761881185587,SAME_FAMILY:PRESIDENTIAL_RESULT,frozen market_family metadata
peru_runoff,ACTIVE_RESULTS,0x5e7d3b7cf87325cee6ae6c7417d6e9d7250c4cc2dc912b18ce5cdafba4e6a647,13489012588233322368311367883402374394605806123068707609937025667605598991327,0x2cd24d17f5680dc6e7b7d67c712a223ae85550745597e81bd2d2b8d073443951,40073700561695212653451049120779209383948898865772011302940523990213422296817,SAME_FAMILY:PRESIDENTIAL_RESULT,frozen market_family metadata
peru_runoff,ACTIVE_RESULTS,0x5e7d3b7cf87325cee6ae6c7417d6e9d7250c4cc2dc912b18ce5cdafba4e6a647,13489012588233322368311367883402374394605806123068707609937025667605598991327,0x3aec41fee9edc59c2b98d439dba86debe339e35f62ac4cdc8de01ab1a5b93f21,16452855558136653776561048576768137577528096989756809438471103880971273573161,SAME_FAMILY:PRESIDENTIAL_RESULT,frozen market_family metadata
peru_runoff,ACTIVE_RESULTS,0x5e7d3b7cf87325cee6ae6c7417d6e9d7250c4cc2dc912b18ce5cdafba4e6a647,13489012588233322368311367883402374394605806123068707609937025667605598991327,0x790d04324ceda5e7fd3b2e62cf043d45b74a9d88921b6b250212d0c9b8ba1afd,79792255824743933242473584104148817428360729889676194064736978155093841181512,SAME_FAMILY:PRESIDENTIAL_RESULT,frozen market_family metadata
peru_runoff,ACTIVE_RESULTS,0x5e7d3b7cf87325cee6ae6c7417d6e9d7250c4cc2dc912b18ce5cdafba4e6a647,13489012588233322368311367883402374394605806123068707609937025667605598991327,0x974dcbcce5e8186e0e273065a60675bc17617897c395eca60478d0c49f80718f,101000035200953616880452761567806635979587850958431667672433526557328036615568,SAME_FAMILY:PRESIDENTIAL_RESULT,frozen market_family metadata
peru_runoff,ACTIVE_RESULTS,0x5e7d3b7cf87325cee6ae6c7417d6e9d7250c4cc2dc912b18ce5cdafba4e6a647,13489012588233322368311367883402374394605806123068707609937025667605598991327,0x9b14ba5cc37a35c0db2c9849e631d98195670be4a0f91233a81529f22a7a5949,96778993542273611384637311499081700062825144626170214374801025348770797572532,SAME_FAMILY:PRESIDENTIAL_RESULT,frozen market_family metadata
peru_runoff,ACTIVE_RESULTS,0x5e7d3b7cf87325cee6ae6c7417d6e9d7250c4cc2dc912b18ce5cdafba4e6a647,13489012588233322368311367883402374394605806123068707609937025667605598991327,0xa61438a389267c7deafc9d04cd6d0dc597d70253eb94702c0f5be458d75719a2,31366905060250352809933074814832465062746377846325454298457938183906229951978,SAME_FAMILY:PRESIDENTIAL_RESULT,frozen market_family metadata
peru_runoff,ACTIVE_RESULTS,0x5e7d3b7cf87325cee6ae6c7417d6e9d7250c4cc2dc912b18ce5cdafba4e6a647,13489012588233322368311367883402374394605806123068707609937025667605598991327,0xae6d3d20bc8f742922dc40880cd8a8671c10385a9912fa7cd670fba0643dfe96,91464516107556165907566387619157396733019262339196802152206657889196699256450,SAME_FAMILY:PRESIDENTIAL_RESULT,frozen market_family metadata
peru_runoff,ACTIVE_RESULTS,0x5e7d3b7cf87325cee6ae6c7417d6e9d7250c4cc2dc912b18ce5cdafba4e6a647,13489012588233322368311367883402374394605806123068707609937025667605598991327,0xc4c3dbcc37a957a817599b0bf9fb5bd6b62b19210b0f527fec57cb75c7ed150a,64703998724474008677827057135436893758254552168142785204605792475717308499827,SAME_FAMILY:PRESIDENTIAL_RESULT,frozen market_family metadata
peru_runoff,ACTIVE_RESULTS,0x5e7d3b7cf87325cee6ae6c7417d6e9d7250c4cc2dc912b18ce5cdafba4e6a647,13489012588233322368311367883402374394605806123068707609937025667605598991327,0xd149b38c9da6bacbdc0068b579f8d255196f8c2ed6a5df67f5f3064dd00733e9,88830008994939255030108226010888813127369861666100484617000813260227025912888,SAME_FAMILY:PRESIDENTIAL_RESULT,frozen market_family metadata
peru_runoff,ACTIVE_RESULTS,0x5e7d3b7cf87325cee6ae6c7417d6e9d7250c4cc2dc912b18ce5cdafba4e6a647,13489012588233322368311367883402374394605806123068707609937025667605598991327,0xef61cec575ac7260343e1f0c11900fee12a1f30b521b649eec7663ec5424242a,50243762671512851167282517271037976718384543563492030616749604530990728402798,SAME_FAMILY:PRESIDENTIAL_RESULT,frozen market_family metadata
peru_runoff,ACTIVE_RESULTS,0x790d04324ceda5e7fd3b2e62cf043d45b74a9d88921b6b250212d0c9b8ba1afd,79792255824743933242473584104148817428360729889676194064736978155093841181512,0x0a10ea4f5d42ac33a29d73b8562f4414f5ea2219afd9da74ba950f7aefe7c630,67856043091363573230826787438476899340717171261331542907088468980307686160535,SAME_FAMILY:PRESIDENTIAL_RESULT,frozen market_family metadata
peru_runoff,ACTIVE_RESULTS,0x790d04324ceda5e7fd3b2e62cf043d45b74a9d88921b6b250212d0c9b8ba1afd,79792255824743933242473584104148817428360729889676194064736978155093841181512,0x158fdaad572880f8de3d3f00e4d3c2fbbae77108d88c29deb800141928c1e040,4706104298728283330895721401335363991910630839383072913311253715556150302824,SAME_FAMILY:PRESIDENTIAL_RESULT,frozen market_family metadata
peru_runoff,ACTIVE_RESULTS,0x790d04324ceda5e7fd3b2e62cf043d45b74a9d88921b6b250212d0c9b8ba1afd,79792255824743933242473584104148817428360729889676194064736978155093841181512,0x24a454785cac9984fde7736d0d4b37929b7253d527d359f547c909eec89862b9,8379837610125291150489935717882363132642018085406636296823338050741934312045,SAME_FAMILY:PRESIDENTIAL_RESULT,frozen market_family metadata
peru_runoff,ACTIVE_RESULTS,0x790d04324ceda5e7fd3b2e62cf043d45b74a9d88921b6b250212d0c9b8ba1afd,79792255824743933242473584104148817428360729889676194064736978155093841181512,0x28d4cee5a4bb01e0a7b1a39f8a23b2af657d9cf06d1e0ed8443c6b09329b9be3,33676951557383894515546393450532412629166294904696420306881965128761881185587,SAME_FAMILY:PRESIDENTIAL_RESULT,frozen market_family metadata
peru_runoff,ACTIVE_RESULTS,0x790d04324ceda5e7fd3b2e62cf043d45b74a9d88921b6b250212d0c9b8ba1afd,79792255824743933242473584104148817428360729889676194064736978155093841181512,0x2cd24d17f5680dc6e7b7d67c712a223ae85550745597e81bd2d2b8d073443951,40073700561695212653451049120779209383948898865772011302940523990213422296817,SAME_FAMILY:PRESIDENTIAL_RESULT,frozen market_family metadata
peru_runoff,ACTIVE_RESULTS,0x790d04324ceda5e7fd3b2e62cf043d45b74a9d88921b6b250212d0c9b8ba1afd,79792255824743933242473584104148817428360729889676194064736978155093841181512,0x3aec41fee9edc59c2b98d439dba86debe339e35f62ac4cdc8de01ab1a5b93f21,16452855558136653776561048576768137577528096989756809438471103880971273573161,SAME_FAMILY:PRESIDENTIAL_RESULT,frozen market_family metadata
peru_runoff,ACTIVE_RESULTS,0x790d04324ceda5e7fd3b2e62cf043d45b74a9d88921b6b250212d0c9b8ba1afd,79792255824743933242473584104148817428360729889676194064736978155093841181512,0x5e7d3b7cf87325cee6ae6c7417d6e9d7250c4cc2dc912b18ce5cdafba4e6a647,13489012588233322368311367883402374394605806123068707609937025667605598991327,SAME_FAMILY:PRESIDENTIAL_RESULT,frozen market_family metadata
peru_runoff,ACTIVE_RESULTS,0x790d04324ceda5e7fd3b2e62cf043d45b74a9d88921b6b250212d0c9b8ba1afd,79792255824743933242473584104148817428360729889676194064736978155093841181512,0x974dcbcce5e8186e0e273065a60675bc17617897c395eca60478d0c49f80718f,101000035200953616880452761567806635979587850958431667672433526557328036615568,SAME_FAMILY:PRESIDENTIAL_RESULT,frozen market_family metadata
peru_runoff,ACTIVE_RESULTS,0x790d04324ceda5e7fd3b2e62cf043d45b74a9d88921b6b250212d0c9b8ba1afd,79792255824743933242473584104148817428360729889676194064736978155093841181512,0x9b14ba5cc37a35c0db2c9849e631d98195670be4a0f91233a81529f22a7a5949,96778993542273611384637311499081700062825144626170214374801025348770797572532,SAME_FAMILY:PRESIDENTIAL_RESULT,frozen market_family metadata
peru_runoff,ACTIVE_RESULTS,0x790d04324ceda5e7fd3b2e62cf043d45b74a9d88921b6b250212d0c9b8ba1afd,79792255824743933242473584104148817428360729889676194064736978155093841181512,0xa61438a389267c7deafc9d04cd6d0dc597d70253eb94702c0f5be458d75719a2,31366905060250352809933074814832465062746377846325454298457938183906229951978,SAME_FAMILY:PRESIDENTIAL_RESULT,frozen market_family metadata
peru_runoff,ACTIVE_RESULTS,0x790d04324ceda5e7fd3b2e62cf043d45b74a9d88921b6b250212d0c9b8ba1afd,79792255824743933242473584104148817428360729889676194064736978155093841181512,0xae6d3d20bc8f742922dc40880cd8a8671c10385a9912fa7cd670fba0643dfe96,91464516107556165907566387619157396733019262339196802152206657889196699256450,SAME_FAMILY:PRESIDENTIAL_RESULT,frozen market_family metadata
peru_runoff,ACTIVE_RESULTS,0x790d04324ceda5e7fd3b2e62cf043d45b74a9d88921b6b250212d0c9b8ba1afd,79792255824743933242473584104148817428360729889676194064736978155093841181512,0xc4c3dbcc37a957a817599b0bf9fb5bd6b62b19210b0f527fec57cb75c7ed150a,64703998724474008677827057135436893758254552168142785204605792475717308499827,SAME_FAMILY:PRESIDENTIAL_RESULT,frozen market_family metadata
peru_runoff,ACTIVE_RESULTS,0x790d04324ceda5e7fd3b2e62cf043d45b74a9d88921b6b250212d0c9b8ba1afd,79792255824743933242473584104148817428360729889676194064736978155093841181512,0xd149b38c9da6bacbdc0068b579f8d255196f8c2ed6a5df67f5f3064dd00733e9,88830008994939255030108226010888813127369861666100484617000813260227025912888,SAME_FAMILY:PRESIDENTIAL_RESULT,frozen market_family metadata
peru_runoff,ACTIVE_RESULTS,0x790d04324ceda5e7fd3b2e62cf043d45b74a9d88921b6b250212d0c9b8ba1afd,79792255824743933242473584104148817428360729889676194064736978155093841181512,0xef61cec575ac7260343e1f0c11900fee12a1f30b521b649eec7663ec5424242a,50243762671512851167282517271037976718384543563492030616749604530990728402798,SAME_FAMILY:PRESIDENTIAL_RESULT,frozen market_family metadata
peru_runoff,ACTIVE_RESULTS,0x974dcbcce5e8186e0e273065a60675bc17617897c395eca60478d0c49f80718f,101000035200953616880452761567806635979587850958431667672433526557328036615568,0x0a10ea4f5d42ac33a29d73b8562f4414f5ea2219afd9da74ba950f7aefe7c630,67856043091363573230826787438476899340717171261331542907088468980307686160535,SAME_FAMILY:PRESIDENTIAL_RESULT,frozen market_family metadata
peru_runoff,ACTIVE_RESULTS,0x974dcbcce5e8186e0e273065a60675bc17617897c395eca60478d0c49f80718f,101000035200953616880452761567806635979587850958431667672433526557328036615568,0x158fdaad572880f8de3d3f00e4d3c2fbbae77108d88c29deb800141928c1e040,4706104298728283330895721401335363991910630839383072913311253715556150302824,SAME_FAMILY:PRESIDENTIAL_RESULT,frozen market_family metadata
peru_runoff,ACTIVE_RESULTS,0x974dcbcce5e8186e0e273065a60675bc17617897c395eca60478d0c49f80718f,101000035200953616880452761567806635979587850958431667672433526557328036615568,0x24a454785cac9984fde7736d0d4b37929b7253d527d359f547c909eec89862b9,8379837610125291150489935717882363132642018085406636296823338050741934312045,SAME_FAMILY:PRESIDENTIAL_RESULT,frozen market_family metadata
peru_runoff,ACTIVE_RESULTS,0x974dcbcce5e8186e0e273065a60675bc17617897c395eca60478d0c49f80718f,101000035200953616880452761567806635979587850958431667672433526557328036615568,0x28d4cee5a4bb01e0a7b1a39f8a23b2af657d9cf06d1e0ed8443c6b09329b9be3,33676951557383894515546393450532412629166294904696420306881965128761881185587,SAME_FAMILY:PRESIDENTIAL_RESULT,frozen market_family metadata
peru_runoff,ACTIVE_RESULTS,0x974dcbcce5e8186e0e273065a60675bc17617897c395eca60478d0c49f80718f,101000035200953616880452761567806635979587850958431667672433526557328036615568,0x2cd24d17f5680dc6e7b7d67c712a223ae85550745597e81bd2d2b8d073443951,40073700561695212653451049120779209383948898865772011302940523990213422296817,SAME_FAMILY:PRESIDENTIAL_RESULT,frozen market_family metadata
peru_runoff,ACTIVE_RESULTS,0x974dcbcce5e8186e0e273065a60675bc17617897c395eca60478d0c49f80718f,101000035200953616880452761567806635979587850958431667672433526557328036615568,0x3aec41fee9edc59c2b98d439dba86debe339e35f62ac4cdc8de01ab1a5b93f21,16452855558136653776561048576768137577528096989756809438471103880971273573161,SAME_FAMILY:PRESIDENTIAL_RESULT,frozen market_family metadata
peru_runoff,ACTIVE_RESULTS,0x974dcbcce5e8186e0e273065a60675bc17617897c395eca60478d0c49f80718f,101000035200953616880452761567806635979587850958431667672433526557328036615568,0x5e7d3b7cf87325cee6ae6c7417d6e9d7250c4cc2dc912b18ce5cdafba4e6a647,13489012588233322368311367883402374394605806123068707609937025667605598991327,SAME_FAMILY:PRESIDENTIAL_RESULT,frozen market_family metadata
peru_runoff,ACTIVE_RESULTS,0x974dcbcce5e8186e0e273065a60675bc17617897c395eca60478d0c49f80718f,101000035200953616880452761567806635979587850958431667672433526557328036615568,0x790d04324ceda5e7fd3b2e62cf043d45b74a9d88921b6b250212d0c9b8ba1afd,79792255824743933242473584104148817428360729889676194064736978155093841181512,SAME_FAMILY:PRESIDENTIAL_RESULT,frozen market_family metadata
peru_runoff,ACTIVE_RESULTS,0x974dcbcce5e8186e0e273065a60675bc17617897c395eca60478d0c49f80718f,101000035200953616880452761567806635979587850958431667672433526557328036615568,0x9b14ba5cc37a35c0db2c9849e631d98195670be4a0f91233a81529f22a7a5949,96778993542273611384637311499081700062825144626170214374801025348770797572532,SAME_FAMILY:PRESIDENTIAL_RESULT,frozen market_family metadata
peru_runoff,ACTIVE_RESULTS,0x974dcbcce5e8186e0e273065a60675bc17617897c395eca60478d0c49f80718f,101000035200953616880452761567806635979587850958431667672433526557328036615568,0xa61438a389267c7deafc9d04cd6d0dc597d70253eb94702c0f5be458d75719a2,31366905060250352809933074814832465062746377846325454298457938183906229951978,SAME_FAMILY:PRESIDENTIAL_RESULT,frozen market_family metadata
peru_runoff,ACTIVE_RESULTS,0x974dcbcce5e8186e0e273065a60675bc17617897c395eca60478d0c49f80718f,101000035200953616880452761567806635979587850958431667672433526557328036615568,0xae6d3d20bc8f742922dc40880cd8a8671c10385a9912fa7cd670fba0643dfe96,91464516107556165907566387619157396733019262339196802152206657889196699256450,SAME_FAMILY:PRESIDENTIAL_RESULT,frozen market_family metadata
peru_runoff,ACTIVE_RESULTS,0x974dcbcce5e8186e0e273065a60675bc17617897c395eca60478d0c49f80718f,101000035200953616880452761567806635979587850958431667672433526557328036615568,0xc4c3dbcc37a957a817599b0bf9fb5bd6b62b19210b0f527fec57cb75c7ed150a,64703998724474008677827057135436893758254552168142785204605792475717308499827,SAME_FAMILY:PRESIDENTIAL_RESULT,frozen market_family metadata
peru_runoff,ACTIVE_RESULTS,0x974dcbcce5e8186e0e273065a60675bc17617897c395eca60478d0c49f80718f,101000035200953616880452761567806635979587850958431667672433526557328036615568,0xd149b38c9da6bacbdc0068b579f8d255196f8c2ed6a5df67f5f3064dd00733e9,88830008994939255030108226010888813127369861666100484617000813260227025912888,SAME_FAMILY:PRESIDENTIAL_RESULT,frozen market_family metadata
peru_runoff,ACTIVE_RESULTS,0x974dcbcce5e8186e0e273065a60675bc17617897c395eca60478d0c49f80718f,101000035200953616880452761567806635979587850958431667672433526557328036615568,0xef61cec575ac7260343e1f0c11900fee12a1f30b521b649eec7663ec5424242a,50243762671512851167282517271037976718384543563492030616749604530990728402798,SAME_FAMILY:PRESIDENTIAL_RESULT,frozen market_family metadata
peru_runoff,ACTIVE_RESULTS,0x9b14ba5cc37a35c0db2c9849e631d98195670be4a0f91233a81529f22a7a5949,96778993542273611384637311499081700062825144626170214374801025348770797572532,0x0a10ea4f5d42ac33a29d73b8562f4414f5ea2219afd9da74ba950f7aefe7c630,67856043091363573230826787438476899340717171261331542907088468980307686160535,SAME_FAMILY:PRESIDENTIAL_RESULT,frozen market_family metadata
peru_runoff,ACTIVE_RESULTS,0x9b14ba5cc37a35c0db2c9849e631d98195670be4a0f91233a81529f22a7a5949,96778993542273611384637311499081700062825144626170214374801025348770797572532,0x158fdaad572880f8de3d3f00e4d3c2fbbae77108d88c29deb800141928c1e040,4706104298728283330895721401335363991910630839383072913311253715556150302824,SAME_FAMILY:PRESIDENTIAL_RESULT,frozen market_family metadata
peru_runoff,ACTIVE_RESULTS,0x9b14ba5cc37a35c0db2c9849e631d98195670be4a0f91233a81529f22a7a5949,96778993542273611384637311499081700062825144626170214374801025348770797572532,0x24a454785cac9984fde7736d0d4b37929b7253d527d359f547c909eec89862b9,8379837610125291150489935717882363132642018085406636296823338050741934312045,SAME_FAMILY:PRESIDENTIAL_RESULT,frozen market_family metadata
peru_runoff,ACTIVE_RESULTS,0x9b14ba5cc37a35c0db2c9849e631d98195670be4a0f91233a81529f22a7a5949,96778993542273611384637311499081700062825144626170214374801025348770797572532,0x28d4cee5a4bb01e0a7b1a39f8a23b2af657d9cf06d1e0ed8443c6b09329b9be3,33676951557383894515546393450532412629166294904696420306881965128761881185587,SAME_FAMILY:PRESIDENTIAL_RESULT,frozen market_family metadata
peru_runoff,ACTIVE_RESULTS,0x9b14ba5cc37a35c0db2c9849e631d98195670be4a0f91233a81529f22a7a5949,96778993542273611384637311499081700062825144626170214374801025348770797572532,0x2cd24d17f5680dc6e7b7d67c712a223ae85550745597e81bd2d2b8d073443951,40073700561695212653451049120779209383948898865772011302940523990213422296817,SAME_FAMILY:PRESIDENTIAL_RESULT,frozen market_family metadata
peru_runoff,ACTIVE_RESULTS,0x9b14ba5cc37a35c0db2c9849e631d98195670be4a0f91233a81529f22a7a5949,96778993542273611384637311499081700062825144626170214374801025348770797572532,0x3aec41fee9edc59c2b98d439dba86debe339e35f62ac4cdc8de01ab1a5b93f21,16452855558136653776561048576768137577528096989756809438471103880971273573161,SAME_FAMILY:PRESIDENTIAL_RESULT,frozen market_family metadata
peru_runoff,ACTIVE_RESULTS,0x9b14ba5cc37a35c0db2c9849e631d98195670be4a0f91233a81529f22a7a5949,96778993542273611384637311499081700062825144626170214374801025348770797572532,0x5e7d3b7cf87325cee6ae6c7417d6e9d7250c4cc2dc912b18ce5cdafba4e6a647,13489012588233322368311367883402374394605806123068707609937025667605598991327,SAME_FAMILY:PRESIDENTIAL_RESULT,frozen market_family metadata
peru_runoff,ACTIVE_RESULTS,0x9b14ba5cc37a35c0db2c9849e631d98195670be4a0f91233a81529f22a7a5949,96778993542273611384637311499081700062825144626170214374801025348770797572532,0x790d04324ceda5e7fd3b2e62cf043d45b74a9d88921b6b250212d0c9b8ba1afd,79792255824743933242473584104148817428360729889676194064736978155093841181512,SAME_FAMILY:PRESIDENTIAL_RESULT,frozen market_family metadata
peru_runoff,ACTIVE_RESULTS,0x9b14ba5cc37a35c0db2c9849e631d98195670be4a0f91233a81529f22a7a5949,96778993542273611384637311499081700062825144626170214374801025348770797572532,0x974dcbcce5e8186e0e273065a60675bc17617897c395eca60478d0c49f80718f,101000035200953616880452761567806635979587850958431667672433526557328036615568,SAME_FAMILY:PRESIDENTIAL_RESULT,frozen market_family metadata
peru_runoff,ACTIVE_RESULTS,0x9b14ba5cc37a35c0db2c9849e631d98195670be4a0f91233a81529f22a7a5949,96778993542273611384637311499081700062825144626170214374801025348770797572532,0xa61438a389267c7deafc9d04cd6d0dc597d70253eb94702c0f5be458d75719a2,31366905060250352809933074814832465062746377846325454298457938183906229951978,SAME_FAMILY:PRESIDENTIAL_RESULT,frozen market_family metadata
peru_runoff,ACTIVE_RESULTS,0x9b14ba5cc37a35c0db2c9849e631d98195670be4a0f91233a81529f22a7a5949,96778993542273611384637311499081700062825144626170214374801025348770797572532,0xae6d3d20bc8f742922dc40880cd8a8671c10385a9912fa7cd670fba0643dfe96,91464516107556165907566387619157396733019262339196802152206657889196699256450,SAME_FAMILY:PRESIDENTIAL_RESULT,frozen market_family metadata
peru_runoff,ACTIVE_RESULTS,0x9b14ba5cc37a35c0db2c9849e631d98195670be4a0f91233a81529f22a7a5949,96778993542273611384637311499081700062825144626170214374801025348770797572532,0xc4c3dbcc37a957a817599b0bf9fb5bd6b62b19210b0f527fec57cb75c7ed150a,64703998724474008677827057135436893758254552168142785204605792475717308499827,SAME_FAMILY:PRESIDENTIAL_RESULT,frozen market_family metadata
peru_runoff,ACTIVE_RESULTS,0x9b14ba5cc37a35c0db2c9849e631d98195670be4a0f91233a81529f22a7a5949,96778993542273611384637311499081700062825144626170214374801025348770797572532,0xd149b38c9da6bacbdc0068b579f8d255196f8c2ed6a5df67f5f3064dd00733e9,88830008994939255030108226010888813127369861666100484617000813260227025912888,SAME_FAMILY:PRESIDENTIAL_RESULT,frozen market_family metadata
peru_runoff,ACTIVE_RESULTS,0x9b14ba5cc37a35c0db2c9849e631d98195670be4a0f91233a81529f22a7a5949,96778993542273611384637311499081700062825144626170214374801025348770797572532,0xef61cec575ac7260343e1f0c11900fee12a1f30b521b649eec7663ec5424242a,50243762671512851167282517271037976718384543563492030616749604530990728402798,SAME_FAMILY:PRESIDENTIAL_RESULT,frozen market_family metadata
peru_runoff,ACTIVE_RESULTS,0xa61438a389267c7deafc9d04cd6d0dc597d70253eb94702c0f5be458d75719a2,31366905060250352809933074814832465062746377846325454298457938183906229951978,0x0a10ea4f5d42ac33a29d73b8562f4414f5ea2219afd9da74ba950f7aefe7c630,67856043091363573230826787438476899340717171261331542907088468980307686160535,SAME_FAMILY:PRESIDENTIAL_RESULT,frozen market_family metadata
peru_runoff,ACTIVE_RESULTS,0xa61438a389267c7deafc9d04cd6d0dc597d70253eb94702c0f5be458d75719a2,31366905060250352809933074814832465062746377846325454298457938183906229951978,0x158fdaad572880f8de3d3f00e4d3c2fbbae77108d88c29deb800141928c1e040,4706104298728283330895721401335363991910630839383072913311253715556150302824,SAME_FAMILY:PRESIDENTIAL_RESULT,frozen market_family metadata
peru_runoff,ACTIVE_RESULTS,0xa61438a389267c7deafc9d04cd6d0dc597d70253eb94702c0f5be458d75719a2,31366905060250352809933074814832465062746377846325454298457938183906229951978,0x24a454785cac9984fde7736d0d4b37929b7253d527d359f547c909eec89862b9,8379837610125291150489935717882363132642018085406636296823338050741934312045,SAME_FAMILY:PRESIDENTIAL_RESULT,frozen market_family metadata
peru_runoff,ACTIVE_RESULTS,0xa61438a389267c7deafc9d04cd6d0dc597d70253eb94702c0f5be458d75719a2,31366905060250352809933074814832465062746377846325454298457938183906229951978,0x28d4cee5a4bb01e0a7b1a39f8a23b2af657d9cf06d1e0ed8443c6b09329b9be3,33676951557383894515546393450532412629166294904696420306881965128761881185587,SAME_FAMILY:PRESIDENTIAL_RESULT,frozen market_family metadata
peru_runoff,ACTIVE_RESULTS,0xa61438a389267c7deafc9d04cd6d0dc597d70253eb94702c0f5be458d75719a2,31366905060250352809933074814832465062746377846325454298457938183906229951978,0x2cd24d17f5680dc6e7b7d67c712a223ae85550745597e81bd2d2b8d073443951,40073700561695212653451049120779209383948898865772011302940523990213422296817,SAME_FAMILY:PRESIDENTIAL_RESULT,frozen market_family metadata
peru_runoff,ACTIVE_RESULTS,0xa61438a389267c7deafc9d04cd6d0dc597d70253eb94702c0f5be458d75719a2,31366905060250352809933074814832465062746377846325454298457938183906229951978,0x3aec41fee9edc59c2b98d439dba86debe339e35f62ac4cdc8de01ab1a5b93f21,16452855558136653776561048576768137577528096989756809438471103880971273573161,SAME_FAMILY:PRESIDENTIAL_RESULT,frozen market_family metadata
peru_runoff,ACTIVE_RESULTS,0xa61438a389267c7deafc9d04cd6d0dc597d70253eb94702c0f5be458d75719a2,31366905060250352809933074814832465062746377846325454298457938183906229951978,0x5e7d3b7cf87325cee6ae6c7417d6e9d7250c4cc2dc912b18ce5cdafba4e6a647,13489012588233322368311367883402374394605806123068707609937025667605598991327,SAME_FAMILY:PRESIDENTIAL_RESULT,frozen market_family metadata
peru_runoff,ACTIVE_RESULTS,0xa61438a389267c7deafc9d04cd6d0dc597d70253eb94702c0f5be458d75719a2,31366905060250352809933074814832465062746377846325454298457938183906229951978,0x790d04324ceda5e7fd3b2e62cf043d45b74a9d88921b6b250212d0c9b8ba1afd,79792255824743933242473584104148817428360729889676194064736978155093841181512,SAME_FAMILY:PRESIDENTIAL_RESULT,frozen market_family metadata
peru_runoff,ACTIVE_RESULTS,0xa61438a389267c7deafc9d04cd6d0dc597d70253eb94702c0f5be458d75719a2,31366905060250352809933074814832465062746377846325454298457938183906229951978,0x974dcbcce5e8186e0e273065a60675bc17617897c395eca60478d0c49f80718f,101000035200953616880452761567806635979587850958431667672433526557328036615568,SAME_FAMILY:PRESIDENTIAL_RESULT,frozen market_family metadata
peru_runoff,ACTIVE_RESULTS,0xa61438a389267c7deafc9d04cd6d0dc597d70253eb94702c0f5be458d75719a2,31366905060250352809933074814832465062746377846325454298457938183906229951978,0x9b14ba5cc37a35c0db2c9849e631d98195670be4a0f91233a81529f22a7a5949,96778993542273611384637311499081700062825144626170214374801025348770797572532,SAME_FAMILY:PRESIDENTIAL_RESULT,frozen market_family metadata
peru_runoff,ACTIVE_RESULTS,0xa61438a389267c7deafc9d04cd6d0dc597d70253eb94702c0f5be458d75719a2,31366905060250352809933074814832465062746377846325454298457938183906229951978,0xae6d3d20bc8f742922dc40880cd8a8671c10385a9912fa7cd670fba0643dfe96,91464516107556165907566387619157396733019262339196802152206657889196699256450,SAME_FAMILY:PRESIDENTIAL_RESULT,frozen market_family metadata
peru_runoff,ACTIVE_RESULTS,0xa61438a389267c7deafc9d04cd6d0dc597d70253eb94702c0f5be458d75719a2,31366905060250352809933074814832465062746377846325454298457938183906229951978,0xc4c3dbcc37a957a817599b0bf9fb5bd6b62b19210b0f527fec57cb75c7ed150a,64703998724474008677827057135436893758254552168142785204605792475717308499827,SAME_FAMILY:PRESIDENTIAL_RESULT,frozen market_family metadata
peru_runoff,ACTIVE_RESULTS,0xa61438a389267c7deafc9d04cd6d0dc597d70253eb94702c0f5be458d75719a2,31366905060250352809933074814832465062746377846325454298457938183906229951978,0xd149b38c9da6bacbdc0068b579f8d255196f8c2ed6a5df67f5f3064dd00733e9,88830008994939255030108226010888813127369861666100484617000813260227025912888,SAME_FAMILY:PRESIDENTIAL_RESULT,frozen market_family metadata
peru_runoff,ACTIVE_RESULTS,0xa61438a389267c7deafc9d04cd6d0dc597d70253eb94702c0f5be458d75719a2,31366905060250352809933074814832465062746377846325454298457938183906229951978,0xef61cec575ac7260343e1f0c11900fee12a1f30b521b649eec7663ec5424242a,50243762671512851167282517271037976718384543563492030616749604530990728402798,SAME_FAMILY:PRESIDENTIAL_RESULT,frozen market_family metadata
peru_runoff,ACTIVE_RESULTS,0xae6d3d20bc8f742922dc40880cd8a8671c10385a9912fa7cd670fba0643dfe96,91464516107556165907566387619157396733019262339196802152206657889196699256450,0x0a10ea4f5d42ac33a29d73b8562f4414f5ea2219afd9da74ba950f7aefe7c630,67856043091363573230826787438476899340717171261331542907088468980307686160535,SAME_FAMILY:PRESIDENTIAL_RESULT,frozen market_family metadata
peru_runoff,ACTIVE_RESULTS,0xae6d3d20bc8f742922dc40880cd8a8671c10385a9912fa7cd670fba0643dfe96,91464516107556165907566387619157396733019262339196802152206657889196699256450,0x158fdaad572880f8de3d3f00e4d3c2fbbae77108d88c29deb800141928c1e040,4706104298728283330895721401335363991910630839383072913311253715556150302824,SAME_FAMILY:PRESIDENTIAL_RESULT,frozen market_family metadata
peru_runoff,ACTIVE_RESULTS,0xae6d3d20bc8f742922dc40880cd8a8671c10385a9912fa7cd670fba0643dfe96,91464516107556165907566387619157396733019262339196802152206657889196699256450,0x24a454785cac9984fde7736d0d4b37929b7253d527d359f547c909eec89862b9,8379837610125291150489935717882363132642018085406636296823338050741934312045,SAME_FAMILY:PRESIDENTIAL_RESULT,frozen market_family metadata
peru_runoff,ACTIVE_RESULTS,0xae6d3d20bc8f742922dc40880cd8a8671c10385a9912fa7cd670fba0643dfe96,91464516107556165907566387619157396733019262339196802152206657889196699256450,0x28d4cee5a4bb01e0a7b1a39f8a23b2af657d9cf06d1e0ed8443c6b09329b9be3,33676951557383894515546393450532412629166294904696420306881965128761881185587,SAME_FAMILY:PRESIDENTIAL_RESULT,frozen market_family metadata
peru_runoff,ACTIVE_RESULTS,0xae6d3d20bc8f742922dc40880cd8a8671c10385a9912fa7cd670fba0643dfe96,91464516107556165907566387619157396733019262339196802152206657889196699256450,0x2cd24d17f5680dc6e7b7d67c712a223ae85550745597e81bd2d2b8d073443951,40073700561695212653451049120779209383948898865772011302940523990213422296817,SAME_FAMILY:PRESIDENTIAL_RESULT,frozen market_family metadata
peru_runoff,ACTIVE_RESULTS,0xae6d3d20bc8f742922dc40880cd8a8671c10385a9912fa7cd670fba0643dfe96,91464516107556165907566387619157396733019262339196802152206657889196699256450,0x3aec41fee9edc59c2b98d439dba86debe339e35f62ac4cdc8de01ab1a5b93f21,16452855558136653776561048576768137577528096989756809438471103880971273573161,SAME_FAMILY:PRESIDENTIAL_RESULT,frozen market_family metadata
peru_runoff,ACTIVE_RESULTS,0xae6d3d20bc8f742922dc40880cd8a8671c10385a9912fa7cd670fba0643dfe96,91464516107556165907566387619157396733019262339196802152206657889196699256450,0x5e7d3b7cf87325cee6ae6c7417d6e9d7250c4cc2dc912b18ce5cdafba4e6a647,13489012588233322368311367883402374394605806123068707609937025667605598991327,SAME_FAMILY:PRESIDENTIAL_RESULT,frozen market_family metadata
peru_runoff,ACTIVE_RESULTS,0xae6d3d20bc8f742922dc40880cd8a8671c10385a9912fa7cd670fba0643dfe96,91464516107556165907566387619157396733019262339196802152206657889196699256450,0x790d04324ceda5e7fd3b2e62cf043d45b74a9d88921b6b250212d0c9b8ba1afd,79792255824743933242473584104148817428360729889676194064736978155093841181512,SAME_FAMILY:PRESIDENTIAL_RESULT,frozen market_family metadata
peru_runoff,ACTIVE_RESULTS,0xae6d3d20bc8f742922dc40880cd8a8671c10385a9912fa7cd670fba0643dfe96,91464516107556165907566387619157396733019262339196802152206657889196699256450,0x974dcbcce5e8186e0e273065a60675bc17617897c395eca60478d0c49f80718f,101000035200953616880452761567806635979587850958431667672433526557328036615568,SAME_FAMILY:PRESIDENTIAL_RESULT,frozen market_family metadata
peru_runoff,ACTIVE_RESULTS,0xae6d3d20bc8f742922dc40880cd8a8671c10385a9912fa7cd670fba0643dfe96,91464516107556165907566387619157396733019262339196802152206657889196699256450,0x9b14ba5cc37a35c0db2c9849e631d98195670be4a0f91233a81529f22a7a5949,96778993542273611384637311499081700062825144626170214374801025348770797572532,SAME_FAMILY:PRESIDENTIAL_RESULT,frozen market_family metadata
peru_runoff,ACTIVE_RESULTS,0xae6d3d20bc8f742922dc40880cd8a8671c10385a9912fa7cd670fba0643dfe96,91464516107556165907566387619157396733019262339196802152206657889196699256450,0xa61438a389267c7deafc9d04cd6d0dc597d70253eb94702c0f5be458d75719a2,31366905060250352809933074814832465062746377846325454298457938183906229951978,SAME_FAMILY:PRESIDENTIAL_RESULT,frozen market_family metadata
peru_runoff,ACTIVE_RESULTS,0xae6d3d20bc8f742922dc40880cd8a8671c10385a9912fa7cd670fba0643dfe96,91464516107556165907566387619157396733019262339196802152206657889196699256450,0xc4c3dbcc37a957a817599b0bf9fb5bd6b62b19210b0f527fec57cb75c7ed150a,64703998724474008677827057135436893758254552168142785204605792475717308499827,SAME_FAMILY:PRESIDENTIAL_RESULT,frozen market_family metadata
peru_runoff,ACTIVE_RESULTS,0xae6d3d20bc8f742922dc40880cd8a8671c10385a9912fa7cd670fba0643dfe96,91464516107556165907566387619157396733019262339196802152206657889196699256450,0xd149b38c9da6bacbdc0068b579f8d255196f8c2ed6a5df67f5f3064dd00733e9,88830008994939255030108226010888813127369861666100484617000813260227025912888,SAME_FAMILY:PRESIDENTIAL_RESULT,frozen market_family metadata
peru_runoff,ACTIVE_RESULTS,0xae6d3d20bc8f742922dc40880cd8a8671c10385a9912fa7cd670fba0643dfe96,91464516107556165907566387619157396733019262339196802152206657889196699256450,0xef61cec575ac7260343e1f0c11900fee12a1f30b521b649eec7663ec5424242a,50243762671512851167282517271037976718384543563492030616749604530990728402798,SAME_FAMILY:PRESIDENTIAL_RESULT,frozen market_family metadata
peru_runoff,ACTIVE_RESULTS,0xc4c3dbcc37a957a817599b0bf9fb5bd6b62b19210b0f527fec57cb75c7ed150a,64703998724474008677827057135436893758254552168142785204605792475717308499827,0x0a10ea4f5d42ac33a29d73b8562f4414f5ea2219afd9da74ba950f7aefe7c630,67856043091363573230826787438476899340717171261331542907088468980307686160535,SAME_FAMILY:PRESIDENTIAL_RESULT,frozen market_family metadata
peru_runoff,ACTIVE_RESULTS,0xc4c3dbcc37a957a817599b0bf9fb5bd6b62b19210b0f527fec57cb75c7ed150a,64703998724474008677827057135436893758254552168142785204605792475717308499827,0x158fdaad572880f8de3d3f00e4d3c2fbbae77108d88c29deb800141928c1e040,4706104298728283330895721401335363991910630839383072913311253715556150302824,SAME_FAMILY:PRESIDENTIAL_RESULT,frozen market_family metadata
peru_runoff,ACTIVE_RESULTS,0xc4c3dbcc37a957a817599b0bf9fb5bd6b62b19210b0f527fec57cb75c7ed150a,64703998724474008677827057135436893758254552168142785204605792475717308499827,0x24a454785cac9984fde7736d0d4b37929b7253d527d359f547c909eec89862b9,8379837610125291150489935717882363132642018085406636296823338050741934312045,SAME_FAMILY:PRESIDENTIAL_RESULT,frozen market_family metadata
peru_runoff,ACTIVE_RESULTS,0xc4c3dbcc37a957a817599b0bf9fb5bd6b62b19210b0f527fec57cb75c7ed150a,64703998724474008677827057135436893758254552168142785204605792475717308499827,0x28d4cee5a4bb01e0a7b1a39f8a23b2af657d9cf06d1e0ed8443c6b09329b9be3,33676951557383894515546393450532412629166294904696420306881965128761881185587,SAME_FAMILY:PRESIDENTIAL_RESULT,frozen market_family metadata
peru_runoff,ACTIVE_RESULTS,0xc4c3dbcc37a957a817599b0bf9fb5bd6b62b19210b0f527fec57cb75c7ed150a,64703998724474008677827057135436893758254552168142785204605792475717308499827,0x2cd24d17f5680dc6e7b7d67c712a223ae85550745597e81bd2d2b8d073443951,40073700561695212653451049120779209383948898865772011302940523990213422296817,SAME_FAMILY:PRESIDENTIAL_RESULT,frozen market_family metadata
peru_runoff,ACTIVE_RESULTS,0xc4c3dbcc37a957a817599b0bf9fb5bd6b62b19210b0f527fec57cb75c7ed150a,64703998724474008677827057135436893758254552168142785204605792475717308499827,0x3aec41fee9edc59c2b98d439dba86debe339e35f62ac4cdc8de01ab1a5b93f21,16452855558136653776561048576768137577528096989756809438471103880971273573161,SAME_FAMILY:PRESIDENTIAL_RESULT,frozen market_family metadata
peru_runoff,ACTIVE_RESULTS,0xc4c3dbcc37a957a817599b0bf9fb5bd6b62b19210b0f527fec57cb75c7ed150a,64703998724474008677827057135436893758254552168142785204605792475717308499827,0x5e7d3b7cf87325cee6ae6c7417d6e9d7250c4cc2dc912b18ce5cdafba4e6a647,13489012588233322368311367883402374394605806123068707609937025667605598991327,SAME_FAMILY:PRESIDENTIAL_RESULT,frozen market_family metadata
peru_runoff,ACTIVE_RESULTS,0xc4c3dbcc37a957a817599b0bf9fb5bd6b62b19210b0f527fec57cb75c7ed150a,64703998724474008677827057135436893758254552168142785204605792475717308499827,0x790d04324ceda5e7fd3b2e62cf043d45b74a9d88921b6b250212d0c9b8ba1afd,79792255824743933242473584104148817428360729889676194064736978155093841181512,SAME_FAMILY:PRESIDENTIAL_RESULT,frozen market_family metadata
peru_runoff,ACTIVE_RESULTS,0xc4c3dbcc37a957a817599b0bf9fb5bd6b62b19210b0f527fec57cb75c7ed150a,64703998724474008677827057135436893758254552168142785204605792475717308499827,0x974dcbcce5e8186e0e273065a60675bc17617897c395eca60478d0c49f80718f,101000035200953616880452761567806635979587850958431667672433526557328036615568,SAME_FAMILY:PRESIDENTIAL_RESULT,frozen market_family metadata
peru_runoff,ACTIVE_RESULTS,0xc4c3dbcc37a957a817599b0bf9fb5bd6b62b19210b0f527fec57cb75c7ed150a,64703998724474008677827057135436893758254552168142785204605792475717308499827,0x9b14ba5cc37a35c0db2c9849e631d98195670be4a0f91233a81529f22a7a5949,96778993542273611384637311499081700062825144626170214374801025348770797572532,SAME_FAMILY:PRESIDENTIAL_RESULT,frozen market_family metadata
peru_runoff,ACTIVE_RESULTS,0xc4c3dbcc37a957a817599b0bf9fb5bd6b62b19210b0f527fec57cb75c7ed150a,64703998724474008677827057135436893758254552168142785204605792475717308499827,0xa61438a389267c7deafc9d04cd6d0dc597d70253eb94702c0f5be458d75719a2,31366905060250352809933074814832465062746377846325454298457938183906229951978,SAME_FAMILY:PRESIDENTIAL_RESULT,frozen market_family metadata
peru_runoff,ACTIVE_RESULTS,0xc4c3dbcc37a957a817599b0bf9fb5bd6b62b19210b0f527fec57cb75c7ed150a,64703998724474008677827057135436893758254552168142785204605792475717308499827,0xae6d3d20bc8f742922dc40880cd8a8671c10385a9912fa7cd670fba0643dfe96,91464516107556165907566387619157396733019262339196802152206657889196699256450,SAME_FAMILY:PRESIDENTIAL_RESULT,frozen market_family metadata
peru_runoff,ACTIVE_RESULTS,0xc4c3dbcc37a957a817599b0bf9fb5bd6b62b19210b0f527fec57cb75c7ed150a,64703998724474008677827057135436893758254552168142785204605792475717308499827,0xd149b38c9da6bacbdc0068b579f8d255196f8c2ed6a5df67f5f3064dd00733e9,88830008994939255030108226010888813127369861666100484617000813260227025912888,SAME_FAMILY:PRESIDENTIAL_RESULT,frozen market_family metadata
peru_runoff,ACTIVE_RESULTS,0xc4c3dbcc37a957a817599b0bf9fb5bd6b62b19210b0f527fec57cb75c7ed150a,64703998724474008677827057135436893758254552168142785204605792475717308499827,0xef61cec575ac7260343e1f0c11900fee12a1f30b521b649eec7663ec5424242a,50243762671512851167282517271037976718384543563492030616749604530990728402798,SAME_FAMILY:PRESIDENTIAL_RESULT,frozen market_family metadata
peru_runoff,ACTIVE_RESULTS,0xd149b38c9da6bacbdc0068b579f8d255196f8c2ed6a5df67f5f3064dd00733e9,88830008994939255030108226010888813127369861666100484617000813260227025912888,0x0a10ea4f5d42ac33a29d73b8562f4414f5ea2219afd9da74ba950f7aefe7c630,67856043091363573230826787438476899340717171261331542907088468980307686160535,SAME_FAMILY:PRESIDENTIAL_RESULT,frozen market_family metadata
peru_runoff,ACTIVE_RESULTS,0xd149b38c9da6bacbdc0068b579f8d255196f8c2ed6a5df67f5f3064dd00733e9,88830008994939255030108226010888813127369861666100484617000813260227025912888,0x158fdaad572880f8de3d3f00e4d3c2fbbae77108d88c29deb800141928c1e040,4706104298728283330895721401335363991910630839383072913311253715556150302824,SAME_FAMILY:PRESIDENTIAL_RESULT,frozen market_family metadata
peru_runoff,ACTIVE_RESULTS,0xd149b38c9da6bacbdc0068b579f8d255196f8c2ed6a5df67f5f3064dd00733e9,88830008994939255030108226010888813127369861666100484617000813260227025912888,0x24a454785cac9984fde7736d0d4b37929b7253d527d359f547c909eec89862b9,8379837610125291150489935717882363132642018085406636296823338050741934312045,SAME_FAMILY:PRESIDENTIAL_RESULT,frozen market_family metadata
peru_runoff,ACTIVE_RESULTS,0xd149b38c9da6bacbdc0068b579f8d255196f8c2ed6a5df67f5f3064dd00733e9,88830008994939255030108226010888813127369861666100484617000813260227025912888,0x28d4cee5a4bb01e0a7b1a39f8a23b2af657d9cf06d1e0ed8443c6b09329b9be3,33676951557383894515546393450532412629166294904696420306881965128761881185587,SAME_FAMILY:PRESIDENTIAL_RESULT,frozen market_family metadata
peru_runoff,ACTIVE_RESULTS,0xd149b38c9da6bacbdc0068b579f8d255196f8c2ed6a5df67f5f3064dd00733e9,88830008994939255030108226010888813127369861666100484617000813260227025912888,0x2cd24d17f5680dc6e7b7d67c712a223ae85550745597e81bd2d2b8d073443951,40073700561695212653451049120779209383948898865772011302940523990213422296817,SAME_FAMILY:PRESIDENTIAL_RESULT,frozen market_family metadata
peru_runoff,ACTIVE_RESULTS,0xd149b38c9da6bacbdc0068b579f8d255196f8c2ed6a5df67f5f3064dd00733e9,88830008994939255030108226010888813127369861666100484617000813260227025912888,0x3aec41fee9edc59c2b98d439dba86debe339e35f62ac4cdc8de01ab1a5b93f21,16452855558136653776561048576768137577528096989756809438471103880971273573161,SAME_FAMILY:PRESIDENTIAL_RESULT,frozen market_family metadata
peru_runoff,ACTIVE_RESULTS,0xd149b38c9da6bacbdc0068b579f8d255196f8c2ed6a5df67f5f3064dd00733e9,88830008994939255030108226010888813127369861666100484617000813260227025912888,0x5e7d3b7cf87325cee6ae6c7417d6e9d7250c4cc2dc912b18ce5cdafba4e6a647,13489012588233322368311367883402374394605806123068707609937025667605598991327,SAME_FAMILY:PRESIDENTIAL_RESULT,frozen market_family metadata
peru_runoff,ACTIVE_RESULTS,0xd149b38c9da6bacbdc0068b579f8d255196f8c2ed6a5df67f5f3064dd00733e9,88830008994939255030108226010888813127369861666100484617000813260227025912888,0x790d04324ceda5e7fd3b2e62cf043d45b74a9d88921b6b250212d0c9b8ba1afd,79792255824743933242473584104148817428360729889676194064736978155093841181512,SAME_FAMILY:PRESIDENTIAL_RESULT,frozen market_family metadata
peru_runoff,ACTIVE_RESULTS,0xd149b38c9da6bacbdc0068b579f8d255196f8c2ed6a5df67f5f3064dd00733e9,88830008994939255030108226010888813127369861666100484617000813260227025912888,0x974dcbcce5e8186e0e273065a60675bc17617897c395eca60478d0c49f80718f,101000035200953616880452761567806635979587850958431667672433526557328036615568,SAME_FAMILY:PRESIDENTIAL_RESULT,frozen market_family metadata
peru_runoff,ACTIVE_RESULTS,0xd149b38c9da6bacbdc0068b579f8d255196f8c2ed6a5df67f5f3064dd00733e9,88830008994939255030108226010888813127369861666100484617000813260227025912888,0x9b14ba5cc37a35c0db2c9849e631d98195670be4a0f91233a81529f22a7a5949,96778993542273611384637311499081700062825144626170214374801025348770797572532,SAME_FAMILY:PRESIDENTIAL_RESULT,frozen market_family metadata
peru_runoff,ACTIVE_RESULTS,0xd149b38c9da6bacbdc0068b579f8d255196f8c2ed6a5df67f5f3064dd00733e9,88830008994939255030108226010888813127369861666100484617000813260227025912888,0xa61438a389267c7deafc9d04cd6d0dc597d70253eb94702c0f5be458d75719a2,31366905060250352809933074814832465062746377846325454298457938183906229951978,SAME_FAMILY:PRESIDENTIAL_RESULT,frozen market_family metadata
peru_runoff,ACTIVE_RESULTS,0xd149b38c9da6bacbdc0068b579f8d255196f8c2ed6a5df67f5f3064dd00733e9,88830008994939255030108226010888813127369861666100484617000813260227025912888,0xae6d3d20bc8f742922dc40880cd8a8671c10385a9912fa7cd670fba0643dfe96,91464516107556165907566387619157396733019262339196802152206657889196699256450,SAME_FAMILY:PRESIDENTIAL_RESULT,frozen market_family metadata
peru_runoff,ACTIVE_RESULTS,0xd149b38c9da6bacbdc0068b579f8d255196f8c2ed6a5df67f5f3064dd00733e9,88830008994939255030108226010888813127369861666100484617000813260227025912888,0xc4c3dbcc37a957a817599b0bf9fb5bd6b62b19210b0f527fec57cb75c7ed150a,64703998724474008677827057135436893758254552168142785204605792475717308499827,SAME_FAMILY:PRESIDENTIAL_RESULT,frozen market_family metadata
peru_runoff,ACTIVE_RESULTS,0xd149b38c9da6bacbdc0068b579f8d255196f8c2ed6a5df67f5f3064dd00733e9,88830008994939255030108226010888813127369861666100484617000813260227025912888,0xef61cec575ac7260343e1f0c11900fee12a1f30b521b649eec7663ec5424242a,50243762671512851167282517271037976718384543563492030616749604530990728402798,SAME_FAMILY:PRESIDENTIAL_RESULT,frozen market_family metadata
peru_runoff,ACTIVE_RESULTS,0xef61cec575ac7260343e1f0c11900fee12a1f30b521b649eec7663ec5424242a,50243762671512851167282517271037976718384543563492030616749604530990728402798,0x0a10ea4f5d42ac33a29d73b8562f4414f5ea2219afd9da74ba950f7aefe7c630,67856043091363573230826787438476899340717171261331542907088468980307686160535,SAME_FAMILY:PRESIDENTIAL_RESULT,frozen market_family metadata
peru_runoff,ACTIVE_RESULTS,0xef61cec575ac7260343e1f0c11900fee12a1f30b521b649eec7663ec5424242a,50243762671512851167282517271037976718384543563492030616749604530990728402798,0x158fdaad572880f8de3d3f00e4d3c2fbbae77108d88c29deb800141928c1e040,4706104298728283330895721401335363991910630839383072913311253715556150302824,SAME_FAMILY:PRESIDENTIAL_RESULT,frozen market_family metadata
peru_runoff,ACTIVE_RESULTS,0xef61cec575ac7260343e1f0c11900fee12a1f30b521b649eec7663ec5424242a,50243762671512851167282517271037976718384543563492030616749604530990728402798,0x24a454785cac9984fde7736d0d4b37929b7253d527d359f547c909eec89862b9,8379837610125291150489935717882363132642018085406636296823338050741934312045,SAME_FAMILY:PRESIDENTIAL_RESULT,frozen market_family metadata
peru_runoff,ACTIVE_RESULTS,0xef61cec575ac7260343e1f0c11900fee12a1f30b521b649eec7663ec5424242a,50243762671512851167282517271037976718384543563492030616749604530990728402798,0x28d4cee5a4bb01e0a7b1a39f8a23b2af657d9cf06d1e0ed8443c6b09329b9be3,33676951557383894515546393450532412629166294904696420306881965128761881185587,SAME_FAMILY:PRESIDENTIAL_RESULT,frozen market_family metadata
peru_runoff,ACTIVE_RESULTS,0xef61cec575ac7260343e1f0c11900fee12a1f30b521b649eec7663ec5424242a,50243762671512851167282517271037976718384543563492030616749604530990728402798,0x2cd24d17f5680dc6e7b7d67c712a223ae85550745597e81bd2d2b8d073443951,40073700561695212653451049120779209383948898865772011302940523990213422296817,SAME_FAMILY:PRESIDENTIAL_RESULT,frozen market_family metadata
peru_runoff,ACTIVE_RESULTS,0xef61cec575ac7260343e1f0c11900fee12a1f30b521b649eec7663ec5424242a,50243762671512851167282517271037976718384543563492030616749604530990728402798,0x3aec41fee9edc59c2b98d439dba86debe339e35f62ac4cdc8de01ab1a5b93f21,16452855558136653776561048576768137577528096989756809438471103880971273573161,SAME_FAMILY:PRESIDENTIAL_RESULT,frozen market_family metadata
peru_runoff,ACTIVE_RESULTS,0xef61cec575ac7260343e1f0c11900fee12a1f30b521b649eec7663ec5424242a,50243762671512851167282517271037976718384543563492030616749604530990728402798,0x5e7d3b7cf87325cee6ae6c7417d6e9d7250c4cc2dc912b18ce5cdafba4e6a647,13489012588233322368311367883402374394605806123068707609937025667605598991327,SAME_FAMILY:PRESIDENTIAL_RESULT,frozen market_family metadata
peru_runoff,ACTIVE_RESULTS,0xef61cec575ac7260343e1f0c11900fee12a1f30b521b649eec7663ec5424242a,50243762671512851167282517271037976718384543563492030616749604530990728402798,0x790d04324ceda5e7fd3b2e62cf043d45b74a9d88921b6b250212d0c9b8ba1afd,79792255824743933242473584104148817428360729889676194064736978155093841181512,SAME_FAMILY:PRESIDENTIAL_RESULT,frozen market_family metadata
peru_runoff,ACTIVE_RESULTS,0xef61cec575ac7260343e1f0c11900fee12a1f30b521b649eec7663ec5424242a,50243762671512851167282517271037976718384543563492030616749604530990728402798,0x974dcbcce5e8186e0e273065a60675bc17617897c395eca60478d0c49f80718f,101000035200953616880452761567806635979587850958431667672433526557328036615568,SAME_FAMILY:PRESIDENTIAL_RESULT,frozen market_family metadata
peru_runoff,ACTIVE_RESULTS,0xef61cec575ac7260343e1f0c11900fee12a1f30b521b649eec7663ec5424242a,50243762671512851167282517271037976718384543563492030616749604530990728402798,0x9b14ba5cc37a35c0db2c9849e631d98195670be4a0f91233a81529f22a7a5949,96778993542273611384637311499081700062825144626170214374801025348770797572532,SAME_FAMILY:PRESIDENTIAL_RESULT,frozen market_family metadata
peru_runoff,ACTIVE_RESULTS,0xef61cec575ac7260343e1f0c11900fee12a1f30b521b649eec7663ec5424242a,50243762671512851167282517271037976718384543563492030616749604530990728402798,0xa61438a389267c7deafc9d04cd6d0dc597d70253eb94702c0f5be458d75719a2,31366905060250352809933074814832465062746377846325454298457938183906229951978,SAME_FAMILY:PRESIDENTIAL_RESULT,frozen market_family metadata
peru_runoff,ACTIVE_RESULTS,0xef61cec575ac7260343e1f0c11900fee12a1f30b521b649eec7663ec5424242a,50243762671512851167282517271037976718384543563492030616749604530990728402798,0xae6d3d20bc8f742922dc40880cd8a8671c10385a9912fa7cd670fba0643dfe96,91464516107556165907566387619157396733019262339196802152206657889196699256450,SAME_FAMILY:PRESIDENTIAL_RESULT,frozen market_family metadata
peru_runoff,ACTIVE_RESULTS,0xef61cec575ac7260343e1f0c11900fee12a1f30b521b649eec7663ec5424242a,50243762671512851167282517271037976718384543563492030616749604530990728402798,0xc4c3dbcc37a957a817599b0bf9fb5bd6b62b19210b0f527fec57cb75c7ed150a,64703998724474008677827057135436893758254552168142785204605792475717308499827,SAME_FAMILY:PRESIDENTIAL_RESULT,frozen market_family metadata
peru_runoff,ACTIVE_RESULTS,0xef61cec575ac7260343e1f0c11900fee12a1f30b521b649eec7663ec5424242a,50243762671512851167282517271037976718384543563492030616749604530990728402798,0xd149b38c9da6bacbdc0068b579f8d255196f8c2ed6a5df67f5f3064dd00733e9,88830008994939255030108226010888813127369861666100484617000813260227025912888,SAME_FAMILY:PRESIDENTIAL_RESULT,frozen market_family metadata
peru_runoff,ACTIVE_RESULTS,0x05b3c4a8779f467c490d05894d66634e7ed0bc982eed4463ca90fd1f59b78d1f,34253026330636554399852514066550450276013246568444914274205167845651811464790,0x132225a15f2d05b147a54a7096b3a4100f581eaad079fd64ce5df8082d4b6746,29605412168491604224400515758812221296055736048328687013279325446908697782986,SAME_FAMILY:SENATE_OR_UPPER_CHAMBER,frozen market_family metadata
peru_runoff,ACTIVE_RESULTS,0x05b3c4a8779f467c490d05894d66634e7ed0bc982eed4463ca90fd1f59b78d1f,34253026330636554399852514066550450276013246568444914274205167845651811464790,0x1ff90b3af55846972c3c264e02f0078a7c0821c864fc62cd4b98b17242296678,70028221582838046561445868277002018252780286287731811276738642910841587382392,SAME_FAMILY:SENATE_OR_UPPER_CHAMBER,frozen market_family metadata
peru_runoff,ACTIVE_RESULTS,0x05b3c4a8779f467c490d05894d66634e7ed0bc982eed4463ca90fd1f59b78d1f,34253026330636554399852514066550450276013246568444914274205167845651811464790,0x79879ec1f3baa9e40ec709b8cf80b2808f6f55920c31a6cd4fa249f6e9d5be36,8841508247493149090572045971327991291897288425911692193387659098920616934960,SAME_FAMILY:SENATE_OR_UPPER_CHAMBER,frozen market_family metadata
peru_runoff,ACTIVE_RESULTS,0x05b3c4a8779f467c490d05894d66634e7ed0bc982eed4463ca90fd1f59b78d1f,34253026330636554399852514066550450276013246568444914274205167845651811464790,0x7992be6bdda4f7ab2224831f9bd7cd3192ccb9c02640bcf61ff6c389f7cda056,21548267063852344197294411394442203429665465067575113504945752859692538216489,SAME_FAMILY:SENATE_OR_UPPER_CHAMBER,frozen market_family metadata
peru_runoff,ACTIVE_RESULTS,0x05b3c4a8779f467c490d05894d66634e7ed0bc982eed4463ca90fd1f59b78d1f,34253026330636554399852514066550450276013246568444914274205167845651811464790,0xa44566e684a257c0f0c2a6416edf100722472ca3ecab7ad3222db79bdbe9f3bc,112876813940775838985582641130448954435303590576774760274731014125978645124676,SAME_FAMILY:SENATE_OR_UPPER_CHAMBER,frozen market_family metadata
peru_runoff,ACTIVE_RESULTS,0x132225a15f2d05b147a54a7096b3a4100f581eaad079fd64ce5df8082d4b6746,29605412168491604224400515758812221296055736048328687013279325446908697782986,0x05b3c4a8779f467c490d05894d66634e7ed0bc982eed4463ca90fd1f59b78d1f,34253026330636554399852514066550450276013246568444914274205167845651811464790,SAME_FAMILY:SENATE_OR_UPPER_CHAMBER,frozen market_family metadata
peru_runoff,ACTIVE_RESULTS,0x132225a15f2d05b147a54a7096b3a4100f581eaad079fd64ce5df8082d4b6746,29605412168491604224400515758812221296055736048328687013279325446908697782986,0x1ff90b3af55846972c3c264e02f0078a7c0821c864fc62cd4b98b17242296678,70028221582838046561445868277002018252780286287731811276738642910841587382392,SAME_FAMILY:SENATE_OR_UPPER_CHAMBER,frozen market_family metadata
peru_runoff,ACTIVE_RESULTS,0x132225a15f2d05b147a54a7096b3a4100f581eaad079fd64ce5df8082d4b6746,29605412168491604224400515758812221296055736048328687013279325446908697782986,0x79879ec1f3baa9e40ec709b8cf80b2808f6f55920c31a6cd4fa249f6e9d5be36,8841508247493149090572045971327991291897288425911692193387659098920616934960,SAME_FAMILY:SENATE_OR_UPPER_CHAMBER,frozen market_family metadata
peru_runoff,ACTIVE_RESULTS,0x132225a15f2d05b147a54a7096b3a4100f581eaad079fd64ce5df8082d4b6746,29605412168491604224400515758812221296055736048328687013279325446908697782986,0x7992be6bdda4f7ab2224831f9bd7cd3192ccb9c02640bcf61ff6c389f7cda056,21548267063852344197294411394442203429665465067575113504945752859692538216489,SAME_FAMILY:SENATE_OR_UPPER_CHAMBER,frozen market_family metadata
peru_runoff,ACTIVE_RESULTS,0x132225a15f2d05b147a54a7096b3a4100f581eaad079fd64ce5df8082d4b6746,29605412168491604224400515758812221296055736048328687013279325446908697782986,0xa44566e684a257c0f0c2a6416edf100722472ca3ecab7ad3222db79bdbe9f3bc,112876813940775838985582641130448954435303590576774760274731014125978645124676,SAME_FAMILY:SENATE_OR_UPPER_CHAMBER,frozen market_family metadata
peru_runoff,ACTIVE_RESULTS,0x1ff90b3af55846972c3c264e02f0078a7c0821c864fc62cd4b98b17242296678,70028221582838046561445868277002018252780286287731811276738642910841587382392,0x05b3c4a8779f467c490d05894d66634e7ed0bc982eed4463ca90fd1f59b78d1f,34253026330636554399852514066550450276013246568444914274205167845651811464790,SAME_FAMILY:SENATE_OR_UPPER_CHAMBER,frozen market_family metadata
peru_runoff,ACTIVE_RESULTS,0x1ff90b3af55846972c3c264e02f0078a7c0821c864fc62cd4b98b17242296678,70028221582838046561445868277002018252780286287731811276738642910841587382392,0x132225a15f2d05b147a54a7096b3a4100f581eaad079fd64ce5df8082d4b6746,29605412168491604224400515758812221296055736048328687013279325446908697782986,SAME_FAMILY:SENATE_OR_UPPER_CHAMBER,frozen market_family metadata
peru_runoff,ACTIVE_RESULTS,0x1ff90b3af55846972c3c264e02f0078a7c0821c864fc62cd4b98b17242296678,70028221582838046561445868277002018252780286287731811276738642910841587382392,0x79879ec1f3baa9e40ec709b8cf80b2808f6f55920c31a6cd4fa249f6e9d5be36,8841508247493149090572045971327991291897288425911692193387659098920616934960,SAME_FAMILY:SENATE_OR_UPPER_CHAMBER,frozen market_family metadata
peru_runoff,ACTIVE_RESULTS,0x1ff90b3af55846972c3c264e02f0078a7c0821c864fc62cd4b98b17242296678,70028221582838046561445868277002018252780286287731811276738642910841587382392,0x7992be6bdda4f7ab2224831f9bd7cd3192ccb9c02640bcf61ff6c389f7cda056,21548267063852344197294411394442203429665465067575113504945752859692538216489,SAME_FAMILY:SENATE_OR_UPPER_CHAMBER,frozen market_family metadata
peru_runoff,ACTIVE_RESULTS,0x1ff90b3af55846972c3c264e02f0078a7c0821c864fc62cd4b98b17242296678,70028221582838046561445868277002018252780286287731811276738642910841587382392,0xa44566e684a257c0f0c2a6416edf100722472ca3ecab7ad3222db79bdbe9f3bc,112876813940775838985582641130448954435303590576774760274731014125978645124676,SAME_FAMILY:SENATE_OR_UPPER_CHAMBER,frozen market_family metadata
peru_runoff,ACTIVE_RESULTS,0x79879ec1f3baa9e40ec709b8cf80b2808f6f55920c31a6cd4fa249f6e9d5be36,8841508247493149090572045971327991291897288425911692193387659098920616934960,0x05b3c4a8779f467c490d05894d66634e7ed0bc982eed4463ca90fd1f59b78d1f,34253026330636554399852514066550450276013246568444914274205167845651811464790,SAME_FAMILY:SENATE_OR_UPPER_CHAMBER,frozen market_family metadata
peru_runoff,ACTIVE_RESULTS,0x79879ec1f3baa9e40ec709b8cf80b2808f6f55920c31a6cd4fa249f6e9d5be36,8841508247493149090572045971327991291897288425911692193387659098920616934960,0x132225a15f2d05b147a54a7096b3a4100f581eaad079fd64ce5df8082d4b6746,29605412168491604224400515758812221296055736048328687013279325446908697782986,SAME_FAMILY:SENATE_OR_UPPER_CHAMBER,frozen market_family metadata
peru_runoff,ACTIVE_RESULTS,0x79879ec1f3baa9e40ec709b8cf80b2808f6f55920c31a6cd4fa249f6e9d5be36,8841508247493149090572045971327991291897288425911692193387659098920616934960,0x1ff90b3af55846972c3c264e02f0078a7c0821c864fc62cd4b98b17242296678,70028221582838046561445868277002018252780286287731811276738642910841587382392,SAME_FAMILY:SENATE_OR_UPPER_CHAMBER,frozen market_family metadata
peru_runoff,ACTIVE_RESULTS,0x79879ec1f3baa9e40ec709b8cf80b2808f6f55920c31a6cd4fa249f6e9d5be36,8841508247493149090572045971327991291897288425911692193387659098920616934960,0x7992be6bdda4f7ab2224831f9bd7cd3192ccb9c02640bcf61ff6c389f7cda056,21548267063852344197294411394442203429665465067575113504945752859692538216489,SAME_FAMILY:SENATE_OR_UPPER_CHAMBER,frozen market_family metadata
peru_runoff,ACTIVE_RESULTS,0x79879ec1f3baa9e40ec709b8cf80b2808f6f55920c31a6cd4fa249f6e9d5be36,8841508247493149090572045971327991291897288425911692193387659098920616934960,0xa44566e684a257c0f0c2a6416edf100722472ca3ecab7ad3222db79bdbe9f3bc,112876813940775838985582641130448954435303590576774760274731014125978645124676,SAME_FAMILY:SENATE_OR_UPPER_CHAMBER,frozen market_family metadata
peru_runoff,ACTIVE_RESULTS,0x7992be6bdda4f7ab2224831f9bd7cd3192ccb9c02640bcf61ff6c389f7cda056,21548267063852344197294411394442203429665465067575113504945752859692538216489,0x05b3c4a8779f467c490d05894d66634e7ed0bc982eed4463ca90fd1f59b78d1f,34253026330636554399852514066550450276013246568444914274205167845651811464790,SAME_FAMILY:SENATE_OR_UPPER_CHAMBER,frozen market_family metadata
peru_runoff,ACTIVE_RESULTS,0x7992be6bdda4f7ab2224831f9bd7cd3192ccb9c02640bcf61ff6c389f7cda056,21548267063852344197294411394442203429665465067575113504945752859692538216489,0x132225a15f2d05b147a54a7096b3a4100f581eaad079fd64ce5df8082d4b6746,29605412168491604224400515758812221296055736048328687013279325446908697782986,SAME_FAMILY:SENATE_OR_UPPER_CHAMBER,frozen market_family metadata
peru_runoff,ACTIVE_RESULTS,0x7992be6bdda4f7ab2224831f9bd7cd3192ccb9c02640bcf61ff6c389f7cda056,21548267063852344197294411394442203429665465067575113504945752859692538216489,0x1ff90b3af55846972c3c264e02f0078a7c0821c864fc62cd4b98b17242296678,70028221582838046561445868277002018252780286287731811276738642910841587382392,SAME_FAMILY:SENATE_OR_UPPER_CHAMBER,frozen market_family metadata
peru_runoff,ACTIVE_RESULTS,0x7992be6bdda4f7ab2224831f9bd7cd3192ccb9c02640bcf61ff6c389f7cda056,21548267063852344197294411394442203429665465067575113504945752859692538216489,0x79879ec1f3baa9e40ec709b8cf80b2808f6f55920c31a6cd4fa249f6e9d5be36,8841508247493149090572045971327991291897288425911692193387659098920616934960,SAME_FAMILY:SENATE_OR_UPPER_CHAMBER,frozen market_family metadata
peru_runoff,ACTIVE_RESULTS,0x7992be6bdda4f7ab2224831f9bd7cd3192ccb9c02640bcf61ff6c389f7cda056,21548267063852344197294411394442203429665465067575113504945752859692538216489,0xa44566e684a257c0f0c2a6416edf100722472ca3ecab7ad3222db79bdbe9f3bc,112876813940775838985582641130448954435303590576774760274731014125978645124676,SAME_FAMILY:SENATE_OR_UPPER_CHAMBER,frozen market_family metadata
peru_runoff,ACTIVE_RESULTS,0xa44566e684a257c0f0c2a6416edf100722472ca3ecab7ad3222db79bdbe9f3bc,112876813940775838985582641130448954435303590576774760274731014125978645124676,0x05b3c4a8779f467c490d05894d66634e7ed0bc982eed4463ca90fd1f59b78d1f,34253026330636554399852514066550450276013246568444914274205167845651811464790,SAME_FAMILY:SENATE_OR_UPPER_CHAMBER,frozen market_family metadata
peru_runoff,ACTIVE_RESULTS,0xa44566e684a257c0f0c2a6416edf100722472ca3ecab7ad3222db79bdbe9f3bc,112876813940775838985582641130448954435303590576774760274731014125978645124676,0x132225a15f2d05b147a54a7096b3a4100f581eaad079fd64ce5df8082d4b6746,29605412168491604224400515758812221296055736048328687013279325446908697782986,SAME_FAMILY:SENATE_OR_UPPER_CHAMBER,frozen market_family metadata
peru_runoff,ACTIVE_RESULTS,0xa44566e684a257c0f0c2a6416edf100722472ca3ecab7ad3222db79bdbe9f3bc,112876813940775838985582641130448954435303590576774760274731014125978645124676,0x1ff90b3af55846972c3c264e02f0078a7c0821c864fc62cd4b98b17242296678,70028221582838046561445868277002018252780286287731811276738642910841587382392,SAME_FAMILY:SENATE_OR_UPPER_CHAMBER,frozen market_family metadata
peru_runoff,ACTIVE_RESULTS,0xa44566e684a257c0f0c2a6416edf100722472ca3ecab7ad3222db79bdbe9f3bc,112876813940775838985582641130448954435303590576774760274731014125978645124676,0x79879ec1f3baa9e40ec709b8cf80b2808f6f55920c31a6cd4fa249f6e9d5be36,8841508247493149090572045971327991291897288425911692193387659098920616934960,SAME_FAMILY:SENATE_OR_UPPER_CHAMBER,frozen market_family metadata
peru_runoff,ACTIVE_RESULTS,0xa44566e684a257c0f0c2a6416edf100722472ca3ecab7ad3222db79bdbe9f3bc,112876813940775838985582641130448954435303590576774760274731014125978645124676,0x7992be6bdda4f7ab2224831f9bd7cd3192ccb9c02640bcf61ff6c389f7cda056,21548267063852344197294411394442203429665465067575113504945752859692538216489,SAME_FAMILY:SENATE_OR_UPPER_CHAMBER,frozen market_family metadata
peru_runoff,PRE_ELECTION,0x2cd24d17f5680dc6e7b7d67c712a223ae85550745597e81bd2d2b8d073443951,40073700561695212653451049120779209383948898865772011302940523990213422296817,0x7965575591c9229a2c75c881555403f5e867cd5759545619d8ec061b2b08135f,78299862190151688660680397893688466572696604800286917240516494924076147885439,SAME_FAMILY:PRESIDENTIAL_RESULT,frozen market_family metadata
peru_runoff,PRE_ELECTION,0x2cd24d17f5680dc6e7b7d67c712a223ae85550745597e81bd2d2b8d073443951,40073700561695212653451049120779209383948898865772011302940523990213422296817,0x9b14ba5cc37a35c0db2c9849e631d98195670be4a0f91233a81529f22a7a5949,96778993542273611384637311499081700062825144626170214374801025348770797572532,SAME_FAMILY:PRESIDENTIAL_RESULT,frozen market_family metadata
peru_runoff,PRE_ELECTION,0x2cd24d17f5680dc6e7b7d67c712a223ae85550745597e81bd2d2b8d073443951,40073700561695212653451049120779209383948898865772011302940523990213422296817,0xae6d3d20bc8f742922dc40880cd8a8671c10385a9912fa7cd670fba0643dfe96,91464516107556165907566387619157396733019262339196802152206657889196699256450,SAME_FAMILY:PRESIDENTIAL_RESULT,frozen market_family metadata
peru_runoff,PRE_ELECTION,0x2cd24d17f5680dc6e7b7d67c712a223ae85550745597e81bd2d2b8d073443951,40073700561695212653451049120779209383948898865772011302940523990213422296817,0xc4c3dbcc37a957a817599b0bf9fb5bd6b62b19210b0f527fec57cb75c7ed150a,64703998724474008677827057135436893758254552168142785204605792475717308499827,SAME_FAMILY:PRESIDENTIAL_RESULT,frozen market_family metadata
peru_runoff,PRE_ELECTION,0x7965575591c9229a2c75c881555403f5e867cd5759545619d8ec061b2b08135f,78299862190151688660680397893688466572696604800286917240516494924076147885439,0x2cd24d17f5680dc6e7b7d67c712a223ae85550745597e81bd2d2b8d073443951,40073700561695212653451049120779209383948898865772011302940523990213422296817,SAME_FAMILY:PRESIDENTIAL_RESULT,frozen market_family metadata
peru_runoff,PRE_ELECTION,0x7965575591c9229a2c75c881555403f5e867cd5759545619d8ec061b2b08135f,78299862190151688660680397893688466572696604800286917240516494924076147885439,0x9b14ba5cc37a35c0db2c9849e631d98195670be4a0f91233a81529f22a7a5949,96778993542273611384637311499081700062825144626170214374801025348770797572532,SAME_FAMILY:PRESIDENTIAL_RESULT,frozen market_family metadata
peru_runoff,PRE_ELECTION,0x7965575591c9229a2c75c881555403f5e867cd5759545619d8ec061b2b08135f,78299862190151688660680397893688466572696604800286917240516494924076147885439,0xae6d3d20bc8f742922dc40880cd8a8671c10385a9912fa7cd670fba0643dfe96,91464516107556165907566387619157396733019262339196802152206657889196699256450,SAME_FAMILY:PRESIDENTIAL_RESULT,frozen market_family metadata
peru_runoff,PRE_ELECTION,0x7965575591c9229a2c75c881555403f5e867cd5759545619d8ec061b2b08135f,78299862190151688660680397893688466572696604800286917240516494924076147885439,0xc4c3dbcc37a957a817599b0bf9fb5bd6b62b19210b0f527fec57cb75c7ed150a,64703998724474008677827057135436893758254552168142785204605792475717308499827,SAME_FAMILY:PRESIDENTIAL_RESULT,frozen market_family metadata
peru_runoff,PRE_ELECTION,0x9b14ba5cc37a35c0db2c9849e631d98195670be4a0f91233a81529f22a7a5949,96778993542273611384637311499081700062825144626170214374801025348770797572532,0x2cd24d17f5680dc6e7b7d67c712a223ae85550745597e81bd2d2b8d073443951,40073700561695212653451049120779209383948898865772011302940523990213422296817,SAME_FAMILY:PRESIDENTIAL_RESULT,frozen market_family metadata
peru_runoff,PRE_ELECTION,0x9b14ba5cc37a35c0db2c9849e631d98195670be4a0f91233a81529f22a7a5949,96778993542273611384637311499081700062825144626170214374801025348770797572532,0x7965575591c9229a2c75c881555403f5e867cd5759545619d8ec061b2b08135f,78299862190151688660680397893688466572696604800286917240516494924076147885439,SAME_FAMILY:PRESIDENTIAL_RESULT,frozen market_family metadata
peru_runoff,PRE_ELECTION,0x9b14ba5cc37a35c0db2c9849e631d98195670be4a0f91233a81529f22a7a5949,96778993542273611384637311499081700062825144626170214374801025348770797572532,0xae6d3d20bc8f742922dc40880cd8a8671c10385a9912fa7cd670fba0643dfe96,91464516107556165907566387619157396733019262339196802152206657889196699256450,SAME_FAMILY:PRESIDENTIAL_RESULT,frozen market_family metadata
peru_runoff,PRE_ELECTION,0x9b14ba5cc37a35c0db2c9849e631d98195670be4a0f91233a81529f22a7a5949,96778993542273611384637311499081700062825144626170214374801025348770797572532,0xc4c3dbcc37a957a817599b0bf9fb5bd6b62b19210b0f527fec57cb75c7ed150a,64703998724474008677827057135436893758254552168142785204605792475717308499827,SAME_FAMILY:PRESIDENTIAL_RESULT,frozen market_family metadata
peru_runoff,PRE_ELECTION,0xae6d3d20bc8f742922dc40880cd8a8671c10385a9912fa7cd670fba0643dfe96,91464516107556165907566387619157396733019262339196802152206657889196699256450,0x2cd24d17f5680dc6e7b7d67c712a223ae85550745597e81bd2d2b8d073443951,40073700561695212653451049120779209383948898865772011302940523990213422296817,SAME_FAMILY:PRESIDENTIAL_RESULT,frozen market_family metadata
peru_runoff,PRE_ELECTION,0xae6d3d20bc8f742922dc40880cd8a8671c10385a9912fa7cd670fba0643dfe96,91464516107556165907566387619157396733019262339196802152206657889196699256450,0x7965575591c9229a2c75c881555403f5e867cd5759545619d8ec061b2b08135f,78299862190151688660680397893688466572696604800286917240516494924076147885439,SAME_FAMILY:PRESIDENTIAL_RESULT,frozen market_family metadata
peru_runoff,PRE_ELECTION,0xae6d3d20bc8f742922dc40880cd8a8671c10385a9912fa7cd670fba0643dfe96,91464516107556165907566387619157396733019262339196802152206657889196699256450,0x9b14ba5cc37a35c0db2c9849e631d98195670be4a0f91233a81529f22a7a5949,96778993542273611384637311499081700062825144626170214374801025348770797572532,SAME_FAMILY:PRESIDENTIAL_RESULT,frozen market_family metadata
peru_runoff,PRE_ELECTION,0xae6d3d20bc8f742922dc40880cd8a8671c10385a9912fa7cd670fba0643dfe96,91464516107556165907566387619157396733019262339196802152206657889196699256450,0xc4c3dbcc37a957a817599b0bf9fb5bd6b62b19210b0f527fec57cb75c7ed150a,64703998724474008677827057135436893758254552168142785204605792475717308499827,SAME_FAMILY:PRESIDENTIAL_RESULT,frozen market_family metadata
peru_runoff,PRE_ELECTION,0xc4c3dbcc37a957a817599b0bf9fb5bd6b62b19210b0f527fec57cb75c7ed150a,64703998724474008677827057135436893758254552168142785204605792475717308499827,0x2cd24d17f5680dc6e7b7d67c712a223ae85550745597e81bd2d2b8d073443951,40073700561695212653451049120779209383948898865772011302940523990213422296817,SAME_FAMILY:PRESIDENTIAL_RESULT,frozen market_family metadata
peru_runoff,PRE_ELECTION,0xc4c3dbcc37a957a817599b0bf9fb5bd6b62b19210b0f527fec57cb75c7ed150a,64703998724474008677827057135436893758254552168142785204605792475717308499827,0x7965575591c9229a2c75c881555403f5e867cd5759545619d8ec061b2b08135f,78299862190151688660680397893688466572696604800286917240516494924076147885439,SAME_FAMILY:PRESIDENTIAL_RESULT,frozen market_family metadata
peru_runoff,PRE_ELECTION,0xc4c3dbcc37a957a817599b0bf9fb5bd6b62b19210b0f527fec57cb75c7ed150a,64703998724474008677827057135436893758254552168142785204605792475717308499827,0x9b14ba5cc37a35c0db2c9849e631d98195670be4a0f91233a81529f22a7a5949,96778993542273611384637311499081700062825144626170214374801025348770797572532,SAME_FAMILY:PRESIDENTIAL_RESULT,frozen market_family metadata
peru_runoff,PRE_ELECTION,0xc4c3dbcc37a957a817599b0bf9fb5bd6b62b19210b0f527fec57cb75c7ed150a,64703998724474008677827057135436893758254552168142785204605792475717308499827,0xae6d3d20bc8f742922dc40880cd8a8671c10385a9912fa7cd670fba0643dfe96,91464516107556165907566387619157396733019262339196802152206657889196699256450,SAME_FAMILY:PRESIDENTIAL_RESULT,frozen market_family metadata
